# Wavefront OBJ file
# Exported by Maverick Model 3D 1.3.12
# Thu Apr 29 22:50:48 2021

mtllib 3dp_gary.mtl

# 1442 Vertices
v 0.527625 6.067692 -23.366261
v 11.909255 2.261253 -9.158067
v -1.432127 6.557628 13.567506
v -3.165752 6.783756 -19.522135
v -2.90194 5.464691 -5.200878
v -6.030004 5.464691 -5.200878
v 6.783752 10.137943 4.296377
v 5.61544 8.06513 -17.034758
v 5.615441 39.911083 3.128065
v 6.030002 5.464691 -5.200878
v 5.728501 8.555066 7.386753
v -7.085254 7.839005 -16.318696
v -6.783754 10.137943 4.296376
v -7.876691 39.496518 -13.793631
v -8.668131 1.582877 13.002192
v 9.648002 2.600439 13.002192
v -8.931943 3.391879 -15.94182
v -7.952068 31.28064 6.557629
v 5.615441 40.777897 -14.09513
v -1.24369 2.939626 21.783385
v -11.796194 2.336627 -0.753751
v 7.499815 19.069883 7.160628
v -5.615441 18.730697 -20.125133
v 8.328941 31.167575 15.037319
v 3.580314 39.195018 15.075009
v 10.401755 39.232707 14.999633
v 7.575191 18.655322 -19.069883
v 9.987191 3.391878 -15.941821
v -11.419318 37.235267 17.863884
v -4.56019 30.4892 17.826197
v -4.032565 37.838267 22.612511
v -4.786316 31.167575 15.037319
v -10.703256 34.521766 15.075008
v -1.432126 37.122203 14.999632
v -7.499817 19.069884 7.160628
v -2.901941 10.401755 7.72594
v 5.200877 10.213317 5.050126
v 0.527625 8.781193 -6.293816
v 4.183313 5.389314 15.791068
v 1.65825 37.235267 17.863884
v 6.36919 38.516642 22.612511
v 11.004754 31.921326 17.788508
v 5.61544 24.459198 8.743505
v -5.615441 24.459198 8.743504
v 12.851443 24.4592 -5.61544
v -12.851443 24.459199 -5.61544
v 5.690814 24.459199 -21.180385
v -5.690816 24.4592 -21.180385
v -0.0 41.757771 -14.434318
v -2.901939 44.282833 -5.200876
v 2.901938 41.230144 3.35419
v 2.901939 44.282833 -5.200876
v -10.854007 2.261253 -9.158066
v -0.000001 41.75777 3.391877
v 8.894253 5.389316 -10.17563
v 9.045002 0.0 7.311378
v -4.86169 40.476394 14.999632
v 7.952066 31.280639 6.557629
v -4.635565 41.192454 17.78851
v 2.374313 34.521766 15.075009
v -8.856567 5.803878 -0.414563
v 12.813755 2.336626 -0.753751
v -7.876691 33.654954 -18.542258
v 6.180752 30.677638 15.94182
v 7.725941 30.677638 18.052321
v 4.67325 8.743503 14.660443
v -1.959753 9.082692 15.150382
v -3.655691 8.743504 14.660443
v -6.821441 30.677638 16.054882
v 11.683129 34.59714 14.999632
v 2.977312 9.082691 15.150382
v 7.876692 33.654954 -18.542258
v 6.06769 5.992316 -0.263813
v 8.442004 41.192454 17.78851
v -9.497255 39.195018 15.075007
v 6.406877 33.165015 22.650198
v -0.0 44.622021 -5.200876
v -2.901939 41.531644 -14.321255
v 0.527624 4.221002 22.537135
v -6.256128 5.502378 -10.364068
v -5.615441 39.911083 3.128065
v 5.803877 31.167575 15.075007
v -5.050128 30.677638 17.939258
v -6.482254 4.371754 -20.388947
v -10.062569 0.829127 7.236002
v -7.273693 31.167575 15.075006
v -2.487378 8.743503 15.828757
v -10.590194 3.015003 -5.238566
v 7.085253 13.266007 -17.260883
v -7.00988 14.28357 5.841564
v 7.876692 39.496518 -13.79363
v -7.91438 38.328205 2.826564
v 6.633003 5.087816 -21.218073
v 3.504938 8.743503 15.828757
v 5.803877 24.760698 16.582508
v 8.17819 9.534942 5.841566
v 8.781189 0.979876 2.600439
v -5.61544 40.777898 -14.095131
v -3.128065 5.389315 15.791068
v -7.085254 13.266008 -17.260884
v -2.562752 32.48664 20.577385
v -7.876692 41.569332 -5.200877
v 3.655688 9.195753 13.944381
v 8.969629 37.800578 12.964507
v 5.389314 9.308818 -16.620196
v -5.389316 9.308818 -16.620196
v 0.527623 2.035126 10.251006
v 2.374313 37.009143 15.075009
v -7.575192 18.655323 -19.069883
v -8.328943 0.640689 -9.082693
v -5.351628 33.127326 13.002194
v -2.675814 39.232707 14.999632
v -9.949506 31.88364 17.863884
v 6.293815 33.127326 13.039881
v -9.12038 0.452251 -0.678376
v -6.444566 6.40688 -18.504572
v 7.009878 14.283569 5.841565
v -8.630443 6.708379 3.844126
v 8.969629 1.620565 -5.16319
v -2.60044 9.195754 13.944381
v -3.504941 8.894254 14.208194
v -4.032565 13.831319 14.961944
v 4.635563 8.592753 15.263444
v -1.394439 34.597141 14.999632
v 11.306253 1.884377 7.198316
v -8.931942 5.464691 -5.200878
v 8.63044 6.708378 3.844127
v 0.527625 2.788877 -15.48957
v 9.761067 36.594576 22.612511
v -8.743505 5.577754 -14.811195
v 0.527624 4.296377 19.333695
v 2.487374 6.557628 13.567506
v 3.203439 8.479692 -2.185877
v 3.128063 8.894253 15.602631
v 3.655689 32.373576 15.075007
v 10.47713 32.448951 15.03732
v -9.42188 32.373577 15.075006
v 11.645442 37.122203 14.999633
v -10.740943 37.009143 15.075007
v -2.638127 32.448951 15.037319
v 7.876692 24.459199 -19.974384
v 5.313938 14.358944 6.67069
v -8.66813 36.556891 22.650198
v -3.391878 8.517379 15.715693
v -7.047567 1.959753 -15.828757
v -8.328943 2.826565 9.911816
v 11.645441 3.015002 -5.238566
v 8.102816 1.959752 -15.828758
v 5.728502 40.438704 15.03732
v -2.713503 14.848881 7.349065
v -5.200878 10.213317 5.050126
v 2.864251 18.806074 -20.916572
v 3.090376 8.027442 -18.84376
v -7.349067 40.438705 15.03732
v 7.763627 0.904501 13.039881
v -7.914381 1.620565 -5.163191
v 9.384192 0.640689 -9.082693
v -0.678376 37.310641 17.750822
v 5.653127 30.451514 17.863882
v -3.128065 9.045003 13.982068
v 5.46469 19.14526 8.140504
v 8.93194 5.464691 -5.200878
v 6.444565 6.406879 -18.504571
v -8.178192 9.534942 5.841566
v 2.449688 34.559451 20.65276
v -5.728504 8.555066 7.386753
v 0.527625 6.633004 -15.564945
v -1.997439 8.555067 0.376874
v -1.99744 9.233442 14.547381
v -6.783754 9.120381 -15.979508
v 4.145625 9.045003 13.982068
v 4.032563 8.592753 15.866443
v 6.256127 3.693378 -18.617634
v 4.447126 8.517379 15.715693
v -2.977316 8.592753 15.866442
v -3.618003 8.592753 15.263442
v 3.203437 2.600438 20.954258
v -8.856568 3.693378 -12.851443
v -9.987193 24.459199 -16.808632
v 2.826562 8.781191 8.102816
v 3.015001 5.653129 -10.477131
v 8.743503 8.479691 -5.31394
v 3.241125 9.271128 14.09513
v 7.914378 38.328205 2.826565
v -2.185878 9.271129 14.09513
v 3.015 9.233442 14.547381
v 4.296376 13.831318 15.678008
v -4.484816 0.075377 7.42444
v -3.241128 6.06769 13.680567
v 0.527625 1.507501 -8.743504
v 0.527623 7.311378 12.851443
v 9.38419 2.826565 9.911816
v 0.527624 1.771315 2.788875
v -9.648004 6.519941 -5.238565
v 8.215878 40.47639 14.999633
v 2.901939 41.531643 -14.321255
v 11.193193 36.406139 -5.389314
v -2.90194 41.230144 3.35419
v 7.87669 30.677638 16.054882
v -4.748628 24.760698 16.582508
v -0.000001 34.446392 8.178192
v -5.577754 43.30296 -5.200876
v -5.653127 34.069518 -19.40907
v 7.876691 24.4592 7.650566
v -2.148189 39.798018 17.750821
v 2.90194 34.333329 -20.087447
v -2.072815 8.894254 15.602631
v -10.17563 2.562753 2.525063
v -7.839004 7.386754 -17.072445
v -5.690816 32.33589 7.386754
v -2.901941 6.06769 -0.301501
v -6.708379 0.904501 13.039881
v -1.658251 7.198316 -12.700694
v 11.19319 2.562752 2.525064
v -6.557629 4.861691 -18.730696
v -7.876693 24.4592 7.650566
v -5.464691 19.14526 8.140503
v 12.399193 37.310641 17.750823
v 5.653128 34.069516 -19.40907
v -2.901939 24.4592 -22.084886
v 4.334064 36.519206 13.039883
v 9.911816 3.693378 -12.851444
v 4.560188 8.894254 14.208194
v -5.163191 30.677638 15.941818
v 0.527625 4.522503 -20.841197
v 6.256127 5.502378 -10.364068
v 0.000001 34.446393 -20.426635
v -5.389315 38.516643 13.002194
v 5.577753 43.302959 -5.200876
v -8.743505 35.049388 13.039883
v -7.537503 41.192454 17.826197
v -3.655691 15.828757 15.150382
v 5.690814 32.335889 7.386755
v -5.502379 10.137943 5.577751
v 4.296375 6.06769 13.680568
v 2.7135 10.77863 5.728502
v 7.839003 7.386754 -17.072447
v 6.557628 5.728504 -15.414195
v 7.575189 1.09294 10.024879
v -5.879255 10.100255 6.934503
v -2.864252 13.642883 -18.655321
v 5.615441 18.730697 -20.125133
v 5.46469 13.416758 -18.05232
v 2.751188 24.459198 9.459566
v -5.200879 3.693377 -18.617635
v -6.821443 2.29894 -12.73838
v 2.713501 19.371384 8.818879
v -2.826564 33.730327 7.989754
v 0.527625 2.412002 -4.899377
v -1.319065 6.06769 15.678006
v 6.51994 30.677638 17.487009
v 7.349065 30.677638 17.524697
v 7.42444 30.677638 16.507134
v 6.557628 30.677638 16.469446
v -5.540066 30.677638 16.469446
v -6.369191 30.677638 16.507133
v -6.331504 30.677638 17.524696
v -5.464691 30.677638 17.487009
v 5.050126 13.831318 15.715694
v 5.502376 10.137942 5.577751
v -2.939627 8.404318 -17.600071
v -10.66557 37.046828 20.65276
v 7.612878 4.861692 -18.730696
v 5.803877 40.476393 20.577386
v 2.374312 6.067689 15.678006
v -6.030004 7.236003 4.447125
v -2.713503 10.77863 5.728501
v -8.894256 3.844129 -0.753751
v -8.743505 8.479692 -5.31394
v 7.876692 41.569332 -5.200876
v 9.949503 3.844128 -0.753751
v -6.708379 4.296379 -12.776068
v -4.786316 3.542626 16.959381
v 5.577752 41.192454 17.826197
v 9.648003 6.51994 -5.238565
v 6.746064 4.145625 12.964507
v 2.864251 9.648006 -17.110132
v -7.725943 0.979877 2.600437
v -7.952067 33.881076 22.650198
v 5.879251 10.100255 6.934503
v 6.030001 7.236003 4.447126
v 10.175629 0.45225 -0.678376
v -6.519942 1.09294 10.024879
v 0.527623 1.733626 13.077569
v -3.994879 13.831319 15.715693
v 7.575191 8.781192 -13.567506
v -6.067691 5.992316 -0.263814
v 7.311377 9.87413 4.710939
v 10.514817 32.48664 20.577383
v -9.384193 32.411264 20.652759
v 8.215878 6.067691 -17.487009
v -3.994877 33.918765 22.612511
v 0.527623 5.540063 17.072444
v -1.809003 7.876691 8.291254
v -4.145627 37.800578 12.964507
v 8.856565 5.803877 -0.414563
v 9.685691 35.124766 13.002194
v -10.251005 1.884377 7.198315
v -12.022319 24.459199 -0.678375
v 0.527625 9.007318 2.638126
v -8.894254 5.389316 -10.175631
v 11.720818 37.122202 20.539698
v -4.824002 40.514079 20.577385
v 0.527625 6.293818 -22.725573
v 3.090376 7.76363 -8.81888
v -3.241128 13.831319 15.678008
v 4.899376 2.223564 17.110131
v 7.763628 4.296379 -12.776069
v 12.022319 24.4592 -0.678375
v 3.165751 6.783756 -19.522135
v 7.876691 2.29894 -12.738381
v 4.409439 36.556891 22.650198
v -1.394438 37.122203 20.539698
v 0.527624 2.939626 18.542258
v 0.527624 1.281379 -0.527626
v -5.690817 4.145626 12.964507
v 5.653127 22.951698 15.678009
v 5.728502 3.80644 -21.105011
v 5.879251 31.167575 20.61507
v -4.673253 3.806441 -21.10501
v -6.708379 30.677638 18.05232
v 5.012438 3.429565 18.353819
v -6.143066 7.650567 -18.014634
v -6.557629 5.728504 -15.414196
v 4.334063 13.831318 14.924257
v 7.085253 7.839005 -16.318697
v -3.844128 2.223563 17.110131
v 3.090376 39.722644 17.826197
v -7.424441 30.451515 17.863884
v 3.165751 31.883639 17.863884
v 12.436881 34.446391 17.788508
v -0.640688 34.446391 17.788508
v 1.695938 34.333327 17.863884
v 10.929379 39.798018 17.750821
v -2.072814 31.921327 17.788507
v 8.555065 30.4892 17.826197
v -11.381631 34.333328 17.863884
v -9.987193 39.722644 17.826197
v -11.042443 31.58214 1.658251
v 11.042443 31.58214 1.658252
v 0.527625 4.40944 -18.391509
v -4.560191 5.012439 -18.693009
v -5.879254 26.645074 16.99707
v 3.015 7.989755 7.27369
v 8.102815 7.801317 6.180753
v 6.51994 6.519941 -0.753751
v 8.743504 5.577754 -14.811195
v -11.758506 18.165383 -5.577753
v 10.967067 32.750454 -13.454443
v -10.967068 32.750455 -13.454444
v 9.723377 1.582876 13.002192
v 2.901939 24.459199 -22.084886
v 7.688253 38.516643 13.002194
v -8.630444 2.600439 13.002192
v 7.537503 9.459567 2.261251
v -11.193194 36.406144 -5.389315
v 5.577752 5.012441 -18.693009
v 10.891689 1.733628 2.525064
v 0.527625 3.090377 -12.399193
v -11.532381 1.319065 -0.753751
v 7.085253 35.840826 23.366261
v -6.105378 35.803142 12.248444
v 6.746065 24.760698 16.054882
v -5.615441 8.065131 -17.034758
v -5.464691 13.416758 -18.052321
v -8.102817 7.801317 6.180753
v -5.992316 35.840827 23.36626
v 7.009878 35.803142 12.248444
v 2.412001 6.369191 -15.678008
v 11.758506 18.165385 -5.577753
v -2.826565 8.781191 8.102816
v -2.638128 4.334065 17.034756
v -1.168315 3.203439 20.388947
v 11.117817 0.829127 7.236003
v 5.087813 13.831318 14.961944
v 8.63044 3.542628 7.236003
v -0.000001 18.806074 -21.293447
v -8.027443 3.542629 2.56275
v -5.313942 14.358944 6.67069
v -0.000001 8.21588 -19.220635
v 6.06769 30.677638 17.939259
v -5.577754 5.087817 -21.218072
v 11.607754 1.394439 -9.158067
v -8.215879 6.067692 -17.487008
v 6.595313 24.760698 16.620195
v 1.469811 3.504939 22.386385
v 2.939625 7.424441 4.484814
v -2.864252 9.648006 -17.110134
v -3.20344 5.841567 -15.828759
v 3.241126 5.690817 -23.06476
v -1.356751 6.369191 -15.678008
v 3.693375 4.334064 17.034756
v -9.459567 39.232707 20.615072
v 8.291253 40.514079 20.577386
v -4.710941 31.205264 20.615072
v -2.75119 24.459198 9.459566
v 0.527623 1.017563 7.575191
v -5.615441 24.760698 15.828758
v -10.552507 1.394439 -9.158067
v -5.46469 6.519943 -0.753751
v 2.412001 37.046828 20.65276
v 7.236002 30.677638 18.240759
v 6.708378 30.677638 15.753384
v -6.331504 30.677638 15.791069
v -5.502378 30.677638 18.165384
v 5.690814 0.678377 -8.931943
v 6.143065 7.650567 -18.014633
v 12.549942 1.319064 -0.753751
v -4.824004 6.06769 7.273691
v -0.000002 10.514817 7.989753
v 9.082692 33.918765 22.612511
v -3.391877 35.124767 13.002194
v -6.746066 38.516642 22.612511
v -4.597879 22.951698 15.678009
v -7.989755 0.000002 7.311378
v -8.065129 37.762893 13.002194
v 9.082689 3.542628 2.562751
v 7.537503 4.371753 -20.388949
v 7.952065 30.677638 17.487009
v 5.992315 30.677638 16.507134
v -6.972192 30.677638 16.657883
v -4.899378 30.677638 17.336258
v -11.946944 24.459199 -11.155506
v -8.178192 1.922064 9.949503
v 2.223562 3.203439 20.388947
v -8.818879 2.675816 -15.904133
v -4.974754 2.788876 16.997069
v 9.874129 2.675815 -15.904133
v 4.67325 1.130627 10.137942
v -9.308816 6.557629 -9.987194
v -7.575192 8.781193 -13.567507
v 12.549943 30.263077 -5.540065
v 9.23344 1.922064 9.949504
v 5.351625 0.979876 2.675814
v -0.866814 6.030005 -21.594948
v -2.185877 5.690817 -23.064761
v -1.24369 2.562751 20.728134
v -1.24369 3.316501 21.594946
v -7.31138 9.87413 4.710938
v -3.429566 1.09294 13.077566
v -4.296379 0.979877 2.675813
v 5.01244 1.99744 -15.678008
v -4.635566 0.678377 -8.931943
v -5.728504 4.447129 9.949503
v -3.768753 2.336627 -12.58763
v 5.540063 0.075377 7.424441
v -3.95719 1.99744 -15.678007
v 5.879251 6.067692 7.27369
v -7.311379 40.476394 20.577385
v 8.366628 31.205264 20.615071
v 3.655689 39.232707 20.615073
v -10.66557 34.559451 20.652759
v -1.356751 34.634829 20.577385
v 3.693376 32.411265 20.65276
v 11.720816 34.634829 20.577383
v -7.236003 31.167575 20.615072
v -2.638127 39.270392 20.539698
v 10.439441 39.270392 20.539698
v -9.836443 1.733629 2.525063
v 9.421879 3.391878 -9.045004
v 0.527624 8.442004 8.291254
v 2.298937 3.316501 21.594948
v -5.125504 0.452251 -0.640689
v 11.155505 2.336626 -5.238566
v 9.987193 24.459199 -16.808631
v 6.180752 0.45225 -0.640688
v -7.876691 24.4592 -19.974382
v -4.183315 5.91694 -12.738381
v 5.91694 30.677638 17.336258
v -8.66813 3.015003 -12.813756
v 4.145626 5.389316 -21.142699
v 7.009878 4.334066 -15.828758
v 5.427001 1.658252 -5.050128
v 11.004754 18.278447 -10.77863
v 2.223562 6.293815 15.037318
v 2.261249 6.519941 14.170504
v 4.409438 5.540065 15.188067
v 4.447125 5.803876 14.321255
v -4.371753 1.658252 -5.050128
v -0.000002 11.117818 5.954627
v 5.954626 6.256129 2.600437
v 9.346505 18.504571 -16.054882
v 2.788875 10.590192 6.331502
v 6.030001 2.788877 16.997069
v -10.137943 2.336627 -5.238566
v -12.549943 30.263078 -5.540064
v -11.004754 18.391509 -0.829126
v 11.946944 24.4592 -11.155505
v -1.206002 6.519941 14.170504
v -1.168315 6.293816 15.037318
v -10.100255 24.4592 4.107938
v 4.748626 6.180754 9.911816
v -5.803879 4.484816 -21.180384
v -3.391878 5.803877 14.321255
v -3.354191 5.540066 15.188067
v -2.035126 7.76363 -8.81888
v -8.517381 3.429567 -7.801317
v -9.384193 18.768383 3.881813
v -3.618003 1.130627 10.137942
v -2.562753 5.502377 15.979506
v -1.84669 5.803877 15.941819
v -4.899379 19.409071 16.205632
v 2.298937 6.934503 12.663005
v 9.72338 3.015003 -12.813757
v -11.004754 18.278447 -10.778631
v -2.713503 6.256129 13.416754
v -1.99744 6.406878 13.379067
v -9.346505 18.504572 -16.054882
v 3.919501 3.731065 -18.54226
v -8.291254 8.894254 -1.507502
v 11.004754 18.391508 -0.829125
v 0.527624 3.241126 20.275883
v 6.859128 4.484815 -21.180386
v 3.052687 6.406877 13.379067
v 3.76875 6.256129 13.416755
v 4.484813 1.09294 13.077569
v 2.901937 5.803876 15.941819
v 3.618 5.502376 15.979506
v 0.000001 24.459199 -22.537135
v 2.298937 2.562751 20.728133
v 2.7135 14.848881 7.349065
v 2.901939 8.51738 1.432125
v -5.313942 22.951698 16.431758
v -2.60044 3.844128 -20.991948
v 4.824002 2.336627 -12.587631
v -2.864253 3.731064 -18.54226
v 0.527625 7.575191 -12.625319
v 9.384192 18.768383 3.881814
v -2.14819 2.600438 20.95426
v 6.444564 24.760698 15.715694
v 0.527625 6.256131 -21.481884
v 5.992314 19.40907 15.48957
v 2.713501 7.198316 -12.700694
v 7.612878 4.296379 -18.693009
v 10.100255 24.4592 4.107939
v 11.946942 2.826563 -3.731065
v 6.783752 9.120381 -15.97951
v 3.655689 3.844127 -20.991949
v -3.693379 6.180754 9.911816
v -0.000001 9.685693 -17.33626
v 11.117817 1.809001 -10.401755
v -11.080131 1.394439 0.376874
v -7.76363 1.922064 14.283568
v -3.467253 13.831319 15.753383
v 5.916939 19.40907 16.205633
v -6.557629 4.296378 -18.693009
v 2.298938 6.143066 -17.713133
v 11.306252 1.620566 1.394439
v -0.000001 6.972193 -19.974385
v -4.937065 19.409071 15.48957
v 8.065129 8.931942 2.600438
v 3.693376 4.635566 -22.386385
v -2.638127 4.635567 -22.386385
v -7.952068 1.055252 -10.326379
v 8.291252 8.555067 -9.421879
v 5.163189 33.881077 22.650198
v -8.027442 33.843391 13.039883
v 4.334064 35.049392 13.039883
v -3.316502 36.594577 22.612511
v 7.763628 33.127326 13.002194
v -5.238566 33.165015 22.650198
v 7.801316 38.554331 22.612511
v 9.007317 1.055252 -10.32638
v -7.612879 0.263815 8.328941
v 8.818877 1.922063 14.283568
v -2.713502 19.371384 8.818879
v -3.994878 3.429564 18.353819
v 8.668127 0.263813 8.328941
v 10.778629 2.14819 8.253567
v 0.527625 4.974753 -22.197947
v 2.411999 4.974752 17.034756
v 4.824001 13.831318 15.791068
v -10.590193 2.487379 1.35675
v 9.120378 7.349066 -5.276252
v -4.937065 5.841566 -10.213317
v 2.826563 33.730327 7.989754
v 5.46469 1.092939 -10.17563
v 12.399193 2.374314 0.376875
v 2.939625 2.374313 17.298569
v -8.81888 8.328943 3.542625
v 0.527623 1.997439 14.660445
v -3.693378 5.464691 -15.753382
v -6.030004 1.243689 14.396631
v -4.899378 6.25613 2.600437
v -4.409441 1.092939 -10.17563
v -3.768753 5.238565 -20.426634
v -4.710941 24.760698 16.017194
v -9.384193 7.122941 -0.678376
v -1.356752 4.974753 17.034756
v 8.705815 2.864251 14.283568
v 6.633003 6.444566 -2.185877
v 10.627878 1.09294 8.291254
v -6.180753 30.677638 18.240759
v -5.653128 30.677638 15.753384
v 6.557628 30.677638 18.165384
v 7.386753 30.677638 15.791069
v 7.085252 1.243689 14.396632
v -6.256129 4.974755 -20.426634
v -10.062568 1.809001 -10.401755
v -8.592754 6.85913 -14.472008
v -8.781193 0.565313 0.414562
v 1.281374 3.957189 21.858759
v -0.414564 3.504939 22.386383
v -7.00988 3.806441 8.291253
v -4.937065 30.677638 16.507133
v -6.896817 30.677638 17.487009
v 6.896814 4.258688 11.871568
v 6.256128 38.478953 13.002194
v 8.02744 30.677638 16.657883
v 4.5225 5.125501 15.376506
v -7.537505 9.459567 2.26125
v -3.05269 1.432127 14.547381
v 5.992314 26.645074 15.828758
v 9.158064 0.829127 1.432126
v 11.871567 2.412002 -7.876692
v -9.57263 1.09294 8.291253
v -3.542628 15.866444 15.602632
v -0.0 24.459198 9.648004
v -1.884377 2.374312 17.298569
v -4.258691 0.33919 8.366628
v 2.901938 10.401755 7.72594
v -2.148189 8.479693 -2.185877
v 5.200876 15.866444 15.112693
v -6.444567 4.371753 -13.869007
v 5.313937 0.33919 8.366628
v 2.939626 8.404318 -17.600069
v 0.527624 4.597877 18.579945
v -0.000001 8.479693 -17.826197
v -4.56019 22.951698 16.356384
v -5.690816 24.760698 16.054882
v 6.934502 26.645074 16.99707
v 5.916939 26.645074 16.921696
v -1.281377 6.972189 12.399192
v -3.090377 8.027443 -18.84376
v -0.226127 3.957189 21.858759
v 8.291252 8.894253 -1.507501
v -10.929382 2.826564 -3.731065
v -8.253568 3.128066 -16.884007
v 0.753749 6.783754 14.245881
v -8.291253 8.555067 -9.421879
v -1.243689 6.143066 -17.713133
v -9.723381 2.14819 8.253566
v 9.38419 3.80644 -16.884009
v 1.922063 6.030004 -21.594945
v 9.38419 7.12294 -0.678376
v -5.200878 3.731066 -20.35126
v 11.532379 2.072813 -3.731065
v 0.527625 1.922063 -9.987192
v -10.477131 2.072814 -3.731065
v -2.901939 34.333333 -20.087445
v 9.271129 1.319064 -3.65569
v -8.253568 1.319065 -3.65569
v 9.308816 3.128065 -16.884009
v -8.931943 3.429565 -14.961945
v 12.13538 1.394438 0.376875
v -10.288692 1.620565 1.394437
v -2.864251 18.806074 -20.91657
v 4.67325 15.866444 15.791068
v 4.710938 15.828757 15.150382
v 10.213316 2.525066 -11.645444
v 5.050127 5.803878 -13.793632
v -8.630444 2.638127 11.909254
v -6.595317 2.412003 -16.808633
v -10.81632 2.412002 -7.876692
v 0.527625 3.241126 -16.507134
v 11.38163 2.638126 -10.439442
v 5.879251 4.221001 14.283568
v -3.278816 13.831319 14.924256
v -0.0 19.522135 9.045003
v -6.180754 2.44969 15.640318
v 7.650566 2.412002 -16.808632
v 9.798754 35.162455 22.612511
v 5.992315 5.841567 -10.213318
v -7.989755 37.800578 22.650198
v -2.110503 2.412 19.672884
v -4.10794 33.88108 13.002194
v -8.66813 35.124766 22.650198
v -6.783754 33.127327 13.039881
v 9.007316 33.881078 13.002194
v -6.821441 38.478954 13.002194
v -8.781192 36.519207 13.039881
v -3.391877 36.556892 12.964506
v -6.708379 33.165015 22.650198
v 9.685691 36.556891 12.964507
v 5.012439 37.762893 13.002194
v 5.050127 33.843391 13.039881
v 7.839003 33.165015 22.650198
v 5.125502 37.800578 22.650198
v 4.409439 35.124766 22.650198
v -3.316502 35.162452 22.612511
v -5.313941 38.554328 22.612511
v 9.045004 37.838267 22.612511
v -4.447128 1.394439 -6.369191
v -8.668131 1.582877 9.082691
v 7.311378 4.974754 -20.426636
v -8.856568 3.844129 -2.185877
v -3.618004 15.866444 15.791068
v -1.432127 7.424441 10.703254
v 2.487374 7.424441 10.703254
v 6.406876 22.951698 15.715694
v -4.899379 0.565313 0.489937
v 4.710939 2.449689 -16.695571
v 8.818878 8.328942 3.542627
v 5.502376 1.394439 -6.369191
v -4.974754 19.409071 15.979507
v -0.000002 8.818879 8.366628
v 6.783751 4.447127 9.949504
v -7.650568 2.864252 14.283568
v 5.540064 0.866814 1.582876
v 0.527625 2.185876 -6.218441
v 7.462128 4.371753 -13.869008
v -9.158069 2.525066 -11.645444
v 4.710939 5.464691 -15.753382
v -3.580316 5.76619 12.474568
v -5.163191 26.645074 17.072445
v -4.296378 5.012442 -22.16026
v 5.351627 5.012442 -22.160261
v 0.527625 8.969631 -3.618003
v 5.841564 3.542627 16.959382
v 9.723377 1.582877 9.082691
v 0.527624 4.447126 21.632634
v -7.273692 4.40944 -17.826196
v 0.527623 2.600439 16.130257
v -8.178191 12.738383 -14.622757
v -3.65569 2.449689 -16.695571
v -2.939627 7.424441 4.484814
v 0.527624 1.545189 4.409439
v -0.489939 6.972189 13.379069
v -2.60044 5.690814 -19.59751
v 5.615438 22.951698 16.356384
v 7.198314 2.449689 15.640319
v -8.668128 7.349067 -9.610318
v 6.256127 3.731065 -20.351262
v 5.351625 19.40907 16.24332
v -9.384193 3.278816 -11.68313
v -5.351628 6.482254 0.376873
v 4.107937 1.432127 14.547381
v 2.675812 3.467252 19.446759
v -7.236005 1.809003 -11.570067
v 8.592754 6.85913 -14.472007
v -8.215881 0.866815 -7.801317
v 4.221 6.030003 12.738379
v 9.911816 2.562752 9.082691
v -3.994878 1.884378 -11.419317
v 9.271129 0.866815 -7.801317
v -1.620565 3.467252 19.446759
v 5.050127 1.884378 -11.419318
v 5.351627 15.904132 15.828758
v 8.291253 1.809003 -11.570068
v -10.439445 1.582878 -7.876692
v 6.708377 24.760698 16.39407
v -4.334067 15.866444 15.225757
v 9.723379 3.768753 0.376875
v 7.914378 7.499818 -13.831319
v 9.082692 1.356752 -6.519941
v -1.997439 5.916943 -22.838635
v 0.527625 2.675815 -11.193193
v -5.841567 4.258688 11.871567
v 3.052688 5.916943 -22.838635
v -8.027443 1.356752 -6.519941
v 9.68569 2.638127 11.909255
v 8.291253 4.40944 -17.826195
v 7.952064 0.791439 9.158067
v 9.308816 6.557629 -9.987193
v 3.354189 8.140504 -5.087815
v 5.61544 0.904502 -7.650567
v -6.896817 0.791439 9.158066
v 0.527625 6.293817 -21.896447
v 10.439441 3.278816 -11.683131
v 6.595315 4.522504 -16.808632
v 4.786313 5.954628 11.494693
v 12.210755 1.620564 -2.185876
v -9.12038 7.349066 -5.276252
v 3.090375 3.957189 18.278445
v 0.527624 1.582879 -1.99744
v 11.306254 2.072814 -6.595316
v -4.786316 1.84669 15.753382
v 8.253566 3.80644 -17.826195
v -8.592756 1.620564 11.909254
v -4.560191 0.904502 -7.650567
v 2.298937 2.939626 21.783387
v -11.343944 2.374315 0.376874
v -2.148189 5.65313 -21.670323
v 5.841564 1.846689 15.753382
v 1.695937 3.504939 21.029635
v -10.326381 2.638126 -10.439441
v 0.527624 4.258689 20.01207
v -11.494693 2.525066 -2.185877
v 6.105377 24.760698 15.678007
v 9.648002 1.620564 11.909255
v -3.165753 3.241126 -17.637759
v -7.236005 4.032566 -11.607755
v 0.527625 1.733627 -7.462129
v 3.618001 5.690816 -19.59751
v -2.110503 3.052688 20.765822
v -8.328943 3.806441 -16.884007
v 11.645439 2.487379 1.356751
v 9.798754 0.565312 0.414562
v 0.527625 9.045005 0.376874
v 0.527623 1.281376 8.479691
v 6.783752 3.165752 -17.750821
v 8.178192 12.738382 -14.622757
v -3.731066 5.954628 11.494692
v -1.846689 8.51738 1.432125
v 0.527625 3.957191 -17.487008
v 12.549942 2.525065 -2.185876
v -5.954629 4.334066 -15.828758
v -5.389317 24.760698 15.715694
v -3.919503 5.276251 14.283568
v 0.527624 2.901939 17.487008
v -3.65569 4.334063 15.678006
v -8.102817 0.829128 1.432125
v -4.296378 19.409071 16.24332
v -2.336627 2.035124 15.941819
v -0.000001 13.642883 -18.919134
v -7.198318 3.806439 -17.826196
v 3.391875 2.035126 15.941819
v -4.56019 1.356752 -3.580315
v 0.527623 1.771313 9.384192
v 4.899375 0.866814 9.271129
v -11.155506 1.620565 -2.185877
v -2.261251 8.027443 -6.369191
v 8.178191 13.454444 3.241125
v -0.0 15.112694 7.575191
v 3.16575 3.052688 20.76582
v -6.708379 0.904501 11.984629
v -6.896818 2.261253 -13.831318
v -8.856567 2.562752 9.082691
v 5.879251 26.645074 16.167946
v 5.238563 2.788877 18.391507
v -4.183316 2.788876 18.391506
v 5.163188 13.831318 15.188068
v 5.615438 1.356752 -3.580315
v -4.296378 15.904133 15.828757
v 9.987191 3.429565 -14.961945
v 5.916938 4.786313 13.190631
v -3.844128 0.866814 9.271129
v 4.221001 3.241128 -17.637759
v 4.258688 13.831318 15.150382
v -5.01244 19.409071 15.715694
v -9.723381 3.241128 -5.238566
v 6.595315 5.954629 -6.482254
v 11.494692 1.582878 -7.876692
v -4.786316 26.645074 16.582508
v 5.992314 0.791438 -2.072813
v 9.874129 0.791438 -2.148189
v -7.914378 7.499818 -13.831319
v 7.952066 2.261253 -13.831319
v 0.527624 2.110502 -3.467253
v 9.761067 2.977315 -13.906695
v -8.81888 0.791439 -2.148189
v -5.728504 3.16575 -17.750821
v -4.937067 0.791439 -2.072814
v 3.16575 2.412 19.672882
v -9.195754 12.097693 -9.987192
v -5.313942 24.760698 16.69557
v -0.640689 3.504939 21.029633
v 8.065129 1.99744 -14.848882
v 10.77863 3.090377 -6.557629
v 6.030002 24.760698 16.69557
v 0.527625 3.015003 -13.454444
v 6.03 19.40907 15.979507
v 6.633002 26.645074 17.110132
v 4.597875 15.866444 15.602632
v 5.125502 5.464692 -22.0472
v -5.577754 5.954627 -6.482253
v -3.542628 15.828757 15.338819
v -4.070253 5.464692 -22.047198
v -8.178192 13.454445 3.241124
v 6.369189 22.951698 16.431757
v -10.251007 2.072814 -6.595316
v 9.911816 3.844128 -2.185876
v -8.781192 2.713502 -14.924257
v 2.864251 13.642883 -18.655321
v -3.994877 5.803878 -13.793631
v -5.992317 3.278815 15.640318
v 9.195752 12.436881 -1.206001
v -7.009879 1.99744 -14.848882
v -8.668131 3.768754 0.376874
v 8.668127 7.349067 -9.610318
v -0.000001 5.766191 -10.514818
v 7.047564 3.278814 15.640319
v 8.291253 4.032566 -11.607756
v 11.08013 1.017565 5.76619
v 7.009877 26.645074 15.904133
v 8.969628 0.226126 5.803878
v 0.527625 6.482253 -16.620196
v -0.829127 2.675813 19.55982
v -4.786317 22.951698 16.469446
v -7.952067 0.226128 5.803877
v -5.540066 24.760698 16.620195
v 0.527625 8.404318 -8.705817
v -4.484815 22.951698 16.167945
v -6.030005 26.645074 16.69557
v 2.525063 6.595315 -14.698132
v 11.720816 2.788876 -6.595316
v 0.527623 7.650566 11.758506
v -4.070254 13.831319 15.48957
v -5.050129 4.748626 -17.788508
v 0.527624 3.655689 21.481884
v 11.306253 1.997441 5.728503
v -8.743505 7.914379 -1.243689
v 7.650564 1.055252 11.004756
v 5.540064 22.951698 15.866445
v -3.806441 2.261253 -13.680568
v -4.409441 0.301503 5.879252
v 4.899375 15.828757 15.112693
v -5.577754 6.444568 -2.185877
v -3.165753 2.600438 19.823633
v 0.527625 6.256131 -19.559821
v 5.728502 24.760698 16.318695
v 2.86425 7.876692 8.291253
v 4.221 13.831318 15.451883
v 4.07025 3.128063 19.672883
v 5.389313 0.716063 4.25869
v 1.95975 5.95463 -22.047196
v -3.015003 3.128064 19.672884
v -4.937067 26.645074 15.828758
v -10.17563 2.336627 4.070252
v -4.824003 22.951698 15.602634
v 1.394436 6.746066 14.245881
v -3.50494 1.09294 12.097693
v 8.743503 7.914378 -1.243688
v 4.635563 1.130627 11.117818
v -0.376877 3.731065 22.197945
v 2.072812 4.484815 18.165383
v 1.545186 6.972191 13.379069
v 4.560188 13.831318 14.848882
v 0.527624 5.050126 17.939257
v -3.467253 5.125502 15.376505
v 4.861688 13.831318 14.886569
v 9.911816 3.655691 -13.944382
v 5.125501 15.904132 15.904132
v 7.085252 26.645074 16.24332
v 2.901938 5.464691 -5.200878
v -8.06513 8.931942 2.600437
v 1.432124 3.203439 21.783385
v -4.145629 15.866444 15.112693
v -0.376877 3.203439 21.783383
v 11.230877 2.336626 4.070252
v -4.070254 15.904133 15.904132
v 2.901938 6.06769 -0.301501
v -8.856568 3.655691 -13.944382
v -4.899378 26.645074 16.921695
v 4.183313 2.600437 19.823632
v -3.165754 13.831319 15.451882
v -0.000002 10.854005 6.557628
v 5.954625 0.565312 0.489938
v 4.974752 2.072814 -14.698132
v -8.705818 2.977315 -13.906694
v -6.444566 4.974755 -19.59751
v 1.884374 2.675813 19.559819
v -4.070254 5.427 13.454444
v 0.527625 6.218441 -23.140135
v -3.881816 15.828757 15.112693
v 6.067688 19.40907 15.715694
v -4.484815 0.866815 1.582875
v 5.464688 0.301503 5.879252
v -7.91438 3.50494 4.107939
v -8.328943 1.84669 10.929379
v -5.954629 26.645074 15.904132
v 9.38419 1.84669 10.929379
v -3.203441 13.831319 15.150382
v -3.844128 13.831319 14.886569
v 8.856564 0.678376 4.145627
v -7.801317 0.678376 4.145626
v 0.527624 1.39444 0.602999
v -1.545189 6.934503 -13.755944
v 4.899377 5.577753 -14.811194
v -4.334066 0.716063 4.258688
v -9.87413 1.469814 4.070252
v -3.165753 5.540065 -17.750821
v 9.836442 2.713502 -14.924258
v 6.180753 6.369192 1.394437
v 5.200877 5.125503 -19.59751
v 5.502376 6.105379 8.291253
v 4.86169 2.261253 -13.680569
v -2.788878 10.590192 6.331502
v 0.527624 1.658253 1.695937
v -4.824004 4.221001 14.283568
v -3.128065 2.298939 18.429194
v 5.125501 13.831318 15.48957
v 5.540064 22.951698 16.167946
v -1.017564 4.484815 18.165381
v -6.557629 4.409441 -19.559823
v -10.251005 1.997439 5.728503
v 1.432124 3.731065 22.197947
v 0.527623 1.206002 6.030003
v -0.376877 2.901939 20.502009
v -10.024881 1.017563 5.76619
v 4.597875 15.828757 15.338819
v 6.444564 22.951698 16.205631
v 8.065128 3.806441 8.291254
v 4.221001 5.540067 -17.750821
v -10.66557 2.788877 -6.595316
v 7.763626 0.904503 11.984629
v 4.710938 4.334065 15.678006
v 11.343941 3.128065 -2.185876
v 3.090376 8.555066 -0.791439
v 9.384192 3.655692 1.394438
v 5.690813 19.40907 16.24332
v 0.527624 8.781191 5.841566
v -0.000001 5.879255 -15.979509
v 8.140503 4.070253 -16.884007
v -3.919502 2.072814 -14.698131
v -4.635566 19.409071 16.24332
v -4.484815 22.951698 15.866445
v -4.070254 19.409071 16.130258
v -3.768754 13.831319 15.791068
v -9.195754 12.436881 -1.206001
v 4.522501 13.831318 15.753383
v -7.575192 3.542628 7.236002
v 9.195752 12.097692 -9.987191
v 4.032563 6.06769 13.115256
v 9.572628 3.580313 -6.519941
v 7.499815 4.974754 -19.597512
v 1.092936 5.389314 17.072444
v -2.977315 6.06769 13.115256
v -4.447128 6.105378 8.291254
v 6.218439 26.645074 17.072445
v -5.238566 3.768754 -19.522135
v -1.809001 8.328943 4.145626
v -5.577754 26.645074 17.110132
v -1.507502 6.708378 13.115256
v -2.336628 3.278814 19.59751
v 6.293815 3.768753 -19.522137
v -2.072815 3.95719 18.278443
v -1.469814 2.449685 18.466883
v -5.427004 22.951698 16.205633
v 2.035124 3.391876 21.331135
v -0.979877 3.391876 21.331133
v 1.959749 3.881814 19.182946
v -1.507502 7.575191 9.911816
v 5.61544 5.879255 -11.532382
v 6.406877 6.482254 0.376874
v 7.27369 4.560192 -17.826195
v -3.881815 5.577753 -14.811194
v 2.826562 8.442006 2.600437
v -8.404318 2.788878 10.891692
v 4.183313 2.29894 18.429194
v 1.394436 6.21844 15.45188
v 9.459564 2.788878 10.891692
v 0.527625 5.690817 -23.064761
v 1.432124 2.901939 20.502007
v 7.27369 4.296379 -14.848882
v -4.56019 5.879253 -11.532381
v 5.389313 4.748627 14.283568
v -3.090378 11.607756 14.472007
v 4.447126 11.38163 15.791068
v 3.693375 11.570067 15.301131
v -6.595317 1.055252 11.004755
v -7.876693 3.655691 -10.326379
v -4.974753 24.760698 16.69557
v 6.369189 24.760698 16.69557
v -5.276253 26.645074 15.753383
v -3.165753 6.030003 12.738379
v -4.409442 15.866444 15.414193
v 5.389313 15.866444 15.225757
v 0.527625 2.864252 -14.509695
v 2.600438 6.934503 -13.755944
v 0.527625 7.876691 -11.381631
v 6.143063 22.951698 16.507131
v 5.653127 21.180385 15.48957
v 0.527624 3.052688 19.446759
v -1.922064 5.803879 -21.142697
v -3.731066 3.919501 16.997069
v 3.693375 11.645442 14.886569
v 5.087813 5.427002 13.454444
v -2.035126 8.555067 -0.791439
v 4.937063 5.276253 14.283568
v 10.929377 1.469813 4.070252
v 5.427001 15.904132 15.640319
v -4.409441 15.904133 15.640319
v 6.105377 4.748628 -17.788508
v -8.328943 3.655693 1.394437
v -3.806442 15.866444 15.904132
v 5.1255 19.40907 16.130258
v -4.334066 4.748625 14.283568
v 10.77863 3.241127 -5.238566
v 6.708377 26.645074 15.753382
v -8.555069 3.731065 -5.200878
v 1.130624 3.919502 20.577385
v -2.788878 11.645443 14.547381
v -0.075377 4.107938 21.444197
v 4.861688 15.866444 15.904132
v -2.675816 11.645443 14.886569
v 7.612878 4.40944 -19.559824
v 1.130624 4.107938 21.444197
v 3.203438 5.653129 -21.670325
v 7.311377 28.642512 17.44932
v 3.844125 11.645442 14.547382
v 5.841564 22.951698 16.469446
v -3.015003 11.419317 15.753383
v -5.125504 22.951698 15.640319
v 5.464688 15.866444 15.414195
v -3.467253 11.570068 14.472007
v 8.931938 3.50494 4.10794
v -5.087815 22.951698 16.507133
v -1.469814 6.595315 -14.698132
v -5.653128 24.760698 16.394069
v -0.376877 5.46469 16.846318
v -8.36663 3.391879 -9.045004
v 3.994875 5.050126 16.205632
v -2.638128 11.570068 15.301131
v 4.145625 11.607754 14.472007
v -5.125504 6.369192 1.394437
v 4.484814 5.50238 -16.770945
v 8.705816 3.768753 -15.904133
v -0.075377 3.919502 20.577383
v 4.07025 3.655691 18.316132
v 5.238564 5.91694 -12.738382
v 8.931941 3.655691 -10.32638
v -1.168314 6.105379 -18.693009
v -3.015003 3.655689 18.31613
v -4.673254 24.760698 16.318695
v 1.771313 6.105379 -21.105009
v -9.761068 11.796193 -5.46469
v 0.527625 6.896817 -14.622756
v -6.067691 26.645074 16.24332
v -1.394439 5.95463 -22.424073
v 4.635563 5.76619 12.474566
v 6.746064 4.409439 10.891692
v 7.085252 26.645074 16.69557
v -6.256129 4.296379 -14.848883
v -1.922064 7.575193 -10.137943
v -1.69594 3.090375 20.577383
v -4.974753 28.642513 17.373945
v -3.391878 11.38163 15.791068
v 4.07025 11.419317 15.753383
v -6.256129 28.642513 17.44932
v -2.977315 5.050127 16.205632
v -2.826565 3.768751 -19.409074
v 2.751187 3.090375 20.577382
v -7.349068 3.391877 11.871567
v 3.316501 8.291254 -3.65569
v 5.841564 26.645074 16.582508
v 3.203438 5.841567 -15.828759
v 3.76875 11.494692 15.602632
v -3.693379 11.343942 15.678006
v -1.959753 7.989754 7.273691
v 0.527624 8.630441 7.273691
v 4.748626 3.919502 16.997069
v -9.76107 2.864252 -7.839005
v -9.949506 3.241126 -3.731065
v -5.540066 4.522504 -16.808633
v -3.504941 13.831319 14.848882
v 4.522501 11.570067 14.472007
v -4.107941 13.831319 15.188067
v 2.449688 5.95463 -22.424071
v 6.030002 28.642512 17.373945
v 0.301498 6.783754 14.245881
v 5.728502 24.760698 16.017195
v 0.527624 4.409438 22.047196
v -0.904501 5.95463 -22.047198
v 0.527625 9.007317 -2.148189
v 6.482252 22.951698 15.941818
v -4.032566 6.143065 9.082692
v -4.861691 3.806441 15.678006
v -4.861692 4.786312 13.19063
v -3.015002 5.653129 -10.477131
v -1.771314 7.386753 -11.457006
v 0.527625 6.331504 -22.273321
v 4.710938 6.105378 10.740943
v 4.597875 4.748627 15.489569
v -0.339189 6.746066 14.245881
v -3.128065 5.389315 -21.142697
v -0.000002 7.424441 4.409439
v -6.218442 4.560189 -17.826195
v 11.004753 3.241125 -3.731065
v 6.670689 24.760698 15.828758
v -3.844129 11.38163 15.376506
v 6.406877 28.642512 17.600071
v 5.050125 19.40907 15.904132
v -5.879254 28.642513 17.637758
v 4.748626 11.343942 15.678006
v -2.713503 11.494692 15.602631
v 0.527623 1.959751 11.230879
v 6.595315 4.937066 -18.730696
v -3.542628 4.748627 15.489569
v -7.236005 3.467253 9.949503
v 10.137941 2.713503 5.766191
v 2.826563 7.386753 -11.457006
v 0.527625 7.236004 -13.680568
v 2.411999 7.236002 11.419318
v 2.525062 2.449687 18.466883
v 5.992314 21.180385 15.527258
v 0.527623 1.809 12.173068
v -5.351628 28.642513 17.600071
v -3.844129 11.419317 14.961943
v 4.560188 1.09294 12.097693
v 4.861688 11.38163 15.376506
v 6.934502 28.642512 17.637758
v 9.421879 3.618003 -11.645444
v -0.716063 6.10538 -21.105011
v 2.336625 6.21844 -16.69557
v -0.904502 3.881814 19.182946
v 3.052689 8.555067 0.376874
v -7.688256 3.768753 -15.904133
v 3.844126 3.768753 -20.2382
v 10.13794 2.864252 4.070252
v 8.291251 3.467253 9.949504
v 2.977314 7.575193 -10.137943
v -9.082693 2.864253 4.070252
v -4.824003 26.645074 16.167946
v -3.580316 1.130627 11.117817
v 0.226123 7.236004 13.039882
v 4.899376 11.419317 14.961944
v 5.841564 24.760698 15.753382
v -3.768753 11.494694 14.622756
v -7.198318 3.354189 12.964507
v -9.723381 3.090377 -6.557629
v -9.12038 2.713501 5.76619
v 0.527625 8.894256 -5.050128
v 8.253565 3.354189 12.964507
v 6.293815 5.80388 -8.931943
v 5.879251 3.80644 15.678006
v -2.261251 8.291255 -3.65569
v 5.087813 6.143067 9.082691
v -7.725942 3.957191 -13.906694
v 9.761065 11.796193 -5.46469
v -1.24369 6.934503 12.663005
v 10.213316 3.128063 -10.364068
v 2.977313 5.803878 -21.142699
v -2.826565 5.615441 -18.693009
v -5.351628 22.951698 15.715694
v -3.429566 5.502378 -16.770945
v -3.994878 19.409071 15.904132
v -3.655691 6.105378 10.740943
v -0.000001 5.464691 -5.200878
v -5.050129 24.760698 15.678007
v -5.427004 22.951698 15.94182
v -4.899378 6.180754 4.107938
v -5.238566 5.803878 -8.931942
v 5.916939 6.180754 4.107938
v 0.791436 6.143066 15.678004
v 8.856565 3.467253 5.766191
v -5.653128 26.645074 15.753381
v 0.527625 9.045005 1.432125
v 1.432124 5.46469 16.846318
v 6.293815 26.645074 15.753384
v 3.881814 3.768753 -19.409075
v 4.824001 11.494692 14.622758
v 8.856567 3.994878 -12.813757
v -4.786316 24.760698 15.753381
v -4.974754 5.087817 -20.464322
v -7.763629 3.768753 -14.924257
v -5.276254 5.050128 -19.597508
v 3.391875 3.278812 19.597508
v -8.36663 3.618003 -11.645443
v 7.311376 3.542628 14.283568
v 0.527625 6.218442 -21.105009
v 0.527624 8.065129 9.87413
v 8.404315 3.391877 11.871568
v -5.540066 4.937067 -18.730694
v -7.801318 3.994878 -12.813756
v 0.527624 4.371751 20.803511
v 1.507499 5.803876 16.356381
v 2.336624 6.972189 12.399192
v -1.771315 8.442006 2.600437
v -5.690817 4.409441 10.891692
v 8.743504 3.957191 -13.906695
v -0.037689 5.389314 17.072444
v 3.015 8.102818 5.803876
v 5.163188 17.637758 15.225757
v -7.801317 3.467253 5.766188
v 3.316501 8.027441 -6.369191
v -6.256129 4.183316 9.082691
v -6.256129 3.542628 14.283568
v 5.992314 6.067692 5.803876
v -9.158069 3.128063 -10.364068
v -1.281376 6.21844 -16.695571
v 6.708378 6.218441 -3.693377
v 2.223563 6.105379 -18.693009
v -10.288694 3.128066 -2.185877
v 1.055249 4.861688 18.052319
v 0.527625 9.045006 -0.791439
v -8.705818 3.80644 -3.731065
v 9.572628 3.429565 -7.801316
v 7.499814 28.642512 17.034758
v -2.788878 3.768754 -20.238198
v 7.386752 28.642512 15.979508
v -1.620565 7.725941 9.082692
v 10.703256 2.826566 -9.082693
v 0.527625 8.140505 -10.02488
v 2.562749 6.708378 13.115256
v -0.339189 6.21844 15.45188
v 6.105377 28.642512 15.904133
v -4.145629 17.637758 15.225757
v -6.369191 28.642513 15.979507
v 7.311376 4.183314 9.082691
v -1.356752 7.236003 11.419318
v 0.527624 7.876691 10.77863
v 4.786314 5.238565 -20.426634
v 4.145626 5.540065 -21.858761
v 6.482253 5.841567 -7.688255
v 8.818878 3.768753 -14.924258
v 5.087812 19.40907 15.640319
v -5.087816 28.642513 15.904133
v -4.032565 19.409071 15.640319
v -4.937065 6.06769 5.803878
v -7.725943 3.241127 9.082691
v 3.844125 4.673251 16.620194
v 3.881814 5.615442 -18.693009
v -9.648006 2.826564 -9.082693
v 5.879251 28.642512 16.921696
v 0.527624 4.070253 22.273322
v 0.263811 6.143066 15.678004
v -3.881817 17.637758 15.301131
v 2.675812 7.725942 9.082691
v 6.331502 5.050128 -19.59751
v -4.710941 19.409071 15.376506
v 5.427 21.180385 15.564945
v -6.444566 28.642513 17.034757
v -2.826565 4.673252 16.620194
v -2.148189 7.876693 -7.575192
v 11.457005 3.052691 -0.753751
v 0.527625 4.484816 -20.125134
v -0.000001 6.06769 -0.376876
v -4.861691 28.642513 16.921695
v 0.829124 7.236004 13.039882
v 9.723378 3.806439 -3.731065
v -4.145628 5.125504 -19.59751
v 3.203439 7.876692 -7.575191
v -7.236005 3.467253 10.891692
v -9.534942 3.052692 1.394437
v 10.175627 3.015002 2.525064
v 0.527624 8.894255 4.183313
v -0.075377 3.919502 19.71057
v 0.527625 4.447128 -19.29601
v -5.427003 5.841566 -7.688254
v -3.090377 5.540068 -21.858761
v 1.733624 3.542627 20.049759
v 8.781189 3.241127 9.082691
v -7.085254 4.070254 -16.884007
v -4.899378 28.642513 16.318695
v -5.653128 6.218442 -3.693377
v -1.017563 6.105379 -19.559823
v -2.298939 8.140506 -5.087816
v 0.527625 8.592756 -7.499817
v 8.253564 3.467253 10.891692
v -6.482255 28.642513 16.431757
v -0.000002 4.861688 18.052319
v 0.527625 6.406879 -17.713133
v 0.527623 6.783754 14.245881
v -1.959753 8.102817 5.803878
v 6.256127 21.180385 16.092569
v -4.371752 21.180385 15.564945
v 1.130624 4.258689 18.881445
v -9.12038 3.015003 2.525063
v 4.937063 17.637758 15.301132
v 6.030002 5.087816 -20.464323
v -4.710942 17.675445 15.828757
v 6.180752 22.951698 15.64032
v 0.226123 5.615439 16.846318
v -5.200878 21.180385 16.092571
v -8.517381 3.580316 -6.519941
v 7.537503 28.642512 16.431757
v -4.937065 21.180383 15.527257
v -10.401755 3.052692 -0.753751
v 5.766188 17.675445 15.828758
v 9.497252 2.90194 8.253566
v 10.590189 3.052693 1.394439
v -2.14819 5.276251 16.394068
v -8.969628 2.675816 7.236003
v 2.562749 7.575191 9.911817
v -0.678377 3.542627 20.049759
v 1.95975 6.067691 -20.35126
v -4.597879 21.180385 15.48957
v 9.610316 3.731064 -5.200878
v 5.464689 17.637758 15.263444
v 5.766188 17.637758 15.564945
v -5.238566 21.180385 15.828758
v -4.710942 17.637758 15.564944
v 2.86425 8.328943 4.145626
v 1.130624 3.919502 19.71057
v -2.374315 5.690814 -20.426634
v 6.293814 21.180385 15.828756
v 11.155503 3.015005 0.376876
v -10.100256 3.015005 0.376874
v 5.879251 22.951698 15.602634
v 6.708378 6.030003 -5.163191
v -0.904501 6.067692 -20.351262
v 2.713499 5.16319 16.733256
v -4.334066 5.238566 -21.180384
v 5.916939 28.642512 16.318695
v -4.258691 21.180385 15.753383
v -3.806442 17.637758 15.489568
v 0.527623 6.143066 15.753379
v -1.09294 5.577752 16.469443
v -0.075377 4.258689 18.881445
v 5.313938 21.180385 15.753383
v 10.816317 2.864252 -7.839005
v 4.861688 17.637758 15.48957
v 6.218438 21.180385 15.60263
v 3.16575 5.276253 16.394068
v 7.009877 28.642512 15.791069
v 6.519938 28.642512 15.753382
v -5.992316 28.642513 15.791069
v 5.163188 19.40907 15.414196
v 6.143063 21.180385 16.318695
v -1.658252 5.16319 16.733256
v -5.163191 21.180385 15.602634
v 5.690813 17.637758 15.376506
v 3.391876 5.690816 -20.426634
v 0.527624 8.291253 9.045005
v 0.829123 5.615439 16.846318
v -4.145628 19.409071 15.414195
v -4.258691 21.180385 16.054881
v -0.452252 5.803877 16.356381
v 5.313938 21.180385 16.054882
v 4.824002 17.637758 15.753383
v 10.024878 2.675814 7.236003
v 2.148186 5.577751 16.469443
v 2.072813 6.105379 -19.559822
v -5.087815 21.180385 16.318696
v -3.768754 17.637758 15.753381
v -5.464691 28.642513 15.753382
v -4.635566 17.637758 15.376506
v 5.916939 21.180385 16.356382
v 5.389314 21.180385 16.24332
v -4.334066 21.180385 16.24332
v -4.070254 17.637758 16.054881
v -5.653128 6.030002 -5.16319
v -4.56019 21.180385 16.356382
v 0.527624 4.296377 22.386385
v 4.899376 17.637758 15.979507
v 5.427 19.40907 15.376508
v -4.371754 17.675445 16.092569
v 0.527625 6.331504 -18.693007
v -4.597879 17.675445 16.017196
v -3.844128 17.637758 15.979507
v 5.389314 5.238565 -21.180384
v 5.653126 17.675445 16.017196
v -4.861691 21.180385 16.356384
v 0.527625 6.256131 -20.31357
v 5.427 17.675445 16.092571
v -8.442005 2.90194 8.253565
v 5.766188 19.40907 15.376506
v -4.371752 19.409071 15.376508
v 5.125501 17.637758 16.054882
v 5.615438 21.180385 16.356382
v -4.447129 17.637758 15.263444

# 8604 Texture Coordinates
vt 0.837496 0.282261
vt 0.837496 0.26593
vt 0.8756 0.276817
vt 0.864713 0.456452
vt 0.864713 0.48367
vt 0.886487 0.456452
vt 0.200609 0.298591
vt 0.287704 0.298591
vt 0.206052 0.298591
vt 0.276817 0.636087
vt 0.178835 0.636087
vt 0.238713 0.783061
vt 0.3748 0.293148
vt 0.287704 0.298591
vt 0.3748 0.293148
vt 0.3748 0.293148
vt 0.451009 0.304035
vt 0.3748 0.293148
vt 0.451009 0.304035
vt 0.3748 0.293148
vt 0.451009 0.304035
vt 0.451009 0.636087
vt 0.527217 0.636087
vt 0.489113 0.761287
vt 0.837496 0.663304
vt 0.837496 0.636087
vt 0.8756 0.657861
vt 0.793948 0.407461
vt 0.793948 0.434678
vt 0.815722 0.407461
vt 0.837496 0.331252
vt 0.837496 0.314922
vt 0.8756 0.331252
vt 0.891931 0.48367
vt 0.886487 0.456452
vt 0.864713 0.48367
vt 0.788504 0.293148
vt 0.788504 0.309478
vt 0.815722 0.293148
vt 0.864713 0.086295
vt 0.864713 0.097182
vt 0.837496 0.086295
vt 0.369356 0.842939
vt 0.369356 0.739513
vt 0.489113 0.761287
vt 0.233269 0.897374
vt 0.3748 0.935478
vt 0.369357 0.842939
vt 0.902818 0.652417
vt 0.913705 0.630643
vt 0.902818 0.646974
vt 0.744957 0.630643
vt 0.73407 0.614313
vt 0.728626 0.630643
vt 0.804835 0.48367
vt 0.804835 0.461896
vt 0.837496 0.48367
vt 0.761287 0.478226
vt 0.761287 0.505443
vt 0.788505 0.48367
vt 0.293148 0.418348
vt 0.282261 0.527217
vt 0.369356 0.412904
vt 0.151617 0.793948
vt 0.129843 0.636087
vt 0.178835 0.636087
vt 0.216939 0.146174
vt 0.216939 0.151617
vt 0.216939 0.146174
vt 0.282261 0.527217
vt 0.293148 0.418348
vt 0.195165 0.527217
vt 0.886487 0.260487
vt 0.886487 0.244156
vt 0.864713 0.260487
vt 0.870157 0.200609
vt 0.870157 0.216939
vt 0.837496 0.200609
vt 0.211496 0.064522
vt 0.162504 0.064522
vt 0.184278 0.080852
vt 0.042748 0.108069
vt 0.053635 0.108069
vt 0.053635 0.059078
vt 0.216939 0.146174
vt 0.216939 0.146174
vt 0.216939 0.146174
vt 0.445565 0.527217
vt 0.440122 0.423791
vt 0.527217 0.532661
vt 0.581652 0.385687
vt 0.592539 0.353026
vt 0.570765 0.380243
vt 0.881044 0.184278
vt 0.881044 0.173391
vt 0.85927 0.184278
vt 0.799391 0.135287
vt 0.799391 0.146174
vt 0.821165 0.135287
vt 0.837496 0.48367
vt 0.837496 0.505443
vt 0.864713 0.48367
vt 0.848383 0.630644
vt 0.848383 0.646974
vt 0.85927 0.6252
vt 0.042748 0.108069
vt 0.053635 0.108069
vt 0.053635 0.059078
vt 0.189722 0.020974
vt 0.184278 0.031861
vt 0.222382 0.059078
vt 0.603426 0.548991
vt 0.614313 0.641531
vt 0.603426 0.548991
vt 0.527217 0.636087
vt 0.451009 0.636087
vt 0.489113 0.761287
vt 0.527217 0.532661
vt 0.51633 0.440122
vt 0.445565 0.527217
vt 0.216939 0.429235
vt 0.195165 0.527217
vt 0.173391 0.440122
vt 0.369357 0.412904
vt 0.369356 0.521774
vt 0.293148 0.418348
vt 0.129843 0.821165
vt 0.097182 0.641531
vt 0.1244 0.821165
vt 0.35847 0.989913
vt 0.5 0.940922
vt 0.35847 0.98447
vt 0.837496 0.200609
vt 0.837496 0.189722
vt 0.870157 0.200609
vt 0.777618 0.146174
vt 0.777618 0.157061
vt 0.799391 0.146174
vt 0.587096 0.810278
vt 0.614313 0.641531
vt 0.592539 0.821165
vt 0.304035 0.353026
vt 0.3748 0.353026
vt 0.298591 0.331252
vt 0.940922 0.456452
vt 0.940922 0.478226
vt 0.908261 0.456452
vt 0.962696 0.630643
vt 0.946365 0.652417
vt 0.919148 0.636087
vt 0.216939 0.146174
vt 0.216939 0.146174
vt 0.216939 0.146174
vt 0.489113 0.761287
vt 0.369357 0.842939
vt 0.505444 0.881044
vt 0.14073 0.195165
vt 0.14073 0.157061
vt 0.097182 0.178835
vt 0.216939 0.146174
vt 0.216939 0.146174
vt 0.216939 0.146174
vt 0.51633 0.440122
vt 0.527217 0.532661
vt 0.440122 0.423791
vt 0.913705 0.380243
vt 0.913705 0.347583
vt 0.951809 0.3748
vt 0.908261 0.227826
vt 0.908261 0.244156
vt 0.919148 0.227826
vt 0.369356 0.739513
vt 0.369356 0.842939
vt 0.238713 0.783061
vt 0.848383 0.304035
vt 0.848383 0.304035
vt 0.842939 0.304035
vt 0.848383 0.304035
vt 0.848383 0.304035
vt 0.848383 0.304035
vt 0.826609 0.304035
vt 0.826609 0.304035
vt 0.832052 0.304035
vt 0.826609 0.293148
vt 0.826609 0.298591
vt 0.826609 0.293148
vt 0.216939 0.146174
vt 0.216939 0.146174
vt 0.216939 0.146174
vt 0.842939 0.304035
vt 0.842939 0.304035
vt 0.842939 0.304035
vt 0.842939 0.293148
vt 0.842939 0.298591
vt 0.842939 0.293148
vt 0.3748 0.935478
vt 0.233269 0.897374
vt 0.3748 0.968139
vt 0.451009 0.293148
vt 0.451009 0.314922
vt 0.521774 0.309478
vt 0.14073 0.206052
vt 0.14073 0.195165
vt 0.091739 0.195165
vt 0.216939 0.146174
vt 0.216939 0.146174
vt 0.216939 0.146174
vt 0.14073 0.020974
vt 0.14073 0.059078
vt 0.184278 0.031861
vt 0.14073 0.206052
vt 0.184278 0.178835
vt 0.14073 0.195165
vt 0.35847 0.989913
vt 0.206052 0.940922
vt 0.35847 0.98447
vt 0.930035 0.652417
vt 0.946365 0.630643
vt 0.919148 0.652417
vt 0.870157 0.690522
vt 0.864713 0.717739
vt 0.837496 0.690522
vt 0.216939 0.287704
vt 0.293148 0.287704
vt 0.216939 0.314922
vt 0.510887 0.908261
vt 0.3748 0.968139
vt 0.505444 0.881044
vt 0.216939 0.146174
vt 0.216939 0.146174
vt 0.216939 0.146174
vt 0.826609 0.309478
vt 0.826609 0.309478
vt 0.826609 0.309478
vt 0.826609 0.309478
vt 0.826609 0.309478
vt 0.826609 0.309478
vt 0.837496 0.189722
vt 0.837496 0.200609
vt 0.810278 0.189722
vt 0.804835 0.091739
vt 0.815722 0.086295
vt 0.793948 0.091739
vt 0.837496 0.636087
vt 0.837496 0.663304
vt 0.799391 0.636087
vt 0.755844 0.478226
vt 0.7504 0.505443
vt 0.761287 0.478226
vt 0.216939 0.146174
vt 0.216939 0.146174
vt 0.216939 0.146174
vt 0.826609 0.304035
vt 0.826609 0.304035
vt 0.826609 0.304035
vt 0.804835 0.331252
vt 0.804835 0.314922
vt 0.837496 0.331252
vt 0.793948 0.434678
vt 0.793948 0.407461
vt 0.772174 0.434678
vt 0.298591 0.331252
vt 0.227826 0.336696
vt 0.304035 0.353026
vt 0.559878 0.456452
vt 0.581652 0.538104
vt 0.51633 0.440122
vt 0.238713 0.783061
vt 0.233269 0.897374
vt 0.369357 0.842939
vt 0.489113 0.761287
vt 0.505444 0.881044
vt 0.369356 0.842939
vt 0.864713 0.14073
vt 0.870157 0.151617
vt 0.837496 0.14073
vt 0.902818 0.157061
vt 0.902818 0.146174
vt 0.881044 0.162504
vt 0.842939 0.304035
vt 0.842939 0.304035
vt 0.842939 0.304035
vt 0.848383 0.304035
vt 0.848383 0.304035
vt 0.848383 0.304035
vt 0.848383 0.320365
vt 0.848383 0.320365
vt 0.848383 0.314922
vt 0.451009 0.314922
vt 0.440122 0.342139
vt 0.521774 0.342139
vt 0.837496 0.510887
vt 0.837496 0.48367
vt 0.8756 0.505443
vt 0.908261 0.48367
vt 0.908261 0.456452
vt 0.940922 0.478226
vt 0.1244 0.821165
vt 0.091739 0.641531
vt 0.129843 0.821165
vt 0.837496 0.505443
vt 0.837496 0.48367
vt 0.810278 0.505443
vt 0.804835 0.64153
vt 0.799391 0.636087
vt 0.793948 0.64153
vt 0.129843 0.636087
vt 0.146174 0.532661
vt 0.178835 0.636087
vt 0.091739 0.020974
vt 0.064522 0.064522
vt 0.097182 0.031861
vt 0.222383 0.059078
vt 0.184278 0.031861
vt 0.211496 0.064522
vt 0.238713 0.783061
vt 0.369356 0.842939
vt 0.233269 0.897374
vt 0.842939 0.298591
vt 0.842939 0.298591
vt 0.842939 0.293148
vt 0.216939 0.146174
vt 0.216939 0.146174
vt 0.216939 0.146174
vt 0.178835 0.369356
vt 0.189722 0.363913
vt 0.157061 0.440122
vt 0.804835 0.565322
vt 0.810278 0.548991
vt 0.837496 0.565322
vt 0.837496 0.48367
vt 0.837496 0.510887
vt 0.804835 0.48367
vt 0.216939 0.146174
vt 0.216939 0.146174
vt 0.216939 0.151617
vt 0.146174 0.532661
vt 0.173391 0.440122
vt 0.195165 0.527217
vt 0.783061 0.200609
vt 0.777617 0.216939
vt 0.7504 0.195165
vt 0.772174 0.260487
vt 0.772174 0.276817
vt 0.73407 0.260487
vt 0.216939 0.146174
vt 0.216939 0.146174
vt 0.216939 0.146174
vt 0.216939 0.146174
vt 0.216939 0.146174
vt 0.216939 0.146174
vt 0.216939 0.146174
vt 0.216939 0.146174
vt 0.216939 0.146174
vt 0.222383 0.108069
vt 0.189722 0.108069
vt 0.211496 0.151617
vt 0.216939 0.146174
vt 0.216939 0.146174
vt 0.216939 0.146174
vt 0.216939 0.146174
vt 0.216939 0.146174
vt 0.216939 0.146174
vt 0.772174 0.456452
vt 0.772174 0.48367
vt 0.739513 0.456452
vt 0.728626 0.331252
vt 0.73407 0.309478
vt 0.766731 0.331252
vt 0.3748 0.293148
vt 0.287704 0.293148
vt 0.3748 0.293148
vt 0.51633 0.440122
vt 0.527217 0.532661
vt 0.559878 0.456452
vt 0.521774 0.309478
vt 0.521774 0.342139
vt 0.451009 0.293148
vt 0.8756 0.260487
vt 0.8756 0.276817
vt 0.837496 0.26593
vt 0.908261 0.276817
vt 0.908261 0.260487
vt 0.940922 0.276817
vt 0.826609 0.298591
vt 0.832052 0.298591
vt 0.826609 0.298591
vt 0.826609 0.298591
vt 0.826609 0.298591
vt 0.826609 0.298591
vt 0.826609 0.309478
vt 0.821165 0.309478
vt 0.826609 0.309478
vt 0.821165 0.309478
vt 0.821165 0.309478
vt 0.821165 0.309478
vt 0.842939 0.304035
vt 0.842939 0.298591
vt 0.842939 0.304035
vt 0.216939 0.146174
vt 0.216939 0.146174
vt 0.216939 0.146174
vt 0.924591 0.478226
vt 0.919148 0.456452
vt 0.913705 0.478226
vt 0.935478 0.51633
vt 0.930035 0.532661
vt 0.902818 0.521774
vt 0.451009 0.314922
vt 0.451009 0.293148
vt 0.521774 0.342139
vt 0.521774 0.342139
vt 0.521774 0.309478
vt 0.451009 0.314922
vt 0.162504 0.440122
vt 0.157061 0.440122
vt 0.189722 0.363913
vt 0.815722 0.086295
vt 0.837496 0.086295
vt 0.815722 0.097182
vt 0.810278 0.151617
vt 0.810278 0.14073
vt 0.837496 0.151617
vt 0.042748 0.108069
vt 0.064522 0.151617
vt 0.053635 0.108069
vt 0.14073 0.059078
vt 0.14073 0.108069
vt 0.162504 0.064522
vt 0.216939 0.314922
vt 0.173391 0.320365
vt 0.216939 0.287704
vt 0.799391 0.685078
vt 0.810278 0.712296
vt 0.821165 0.679635
vt 0.826609 0.744957
vt 0.815722 0.739513
vt 0.815722 0.7504
vt 0.908261 0.614313
vt 0.913705 0.597983
vt 0.897374 0.614313
vt 0.85927 0.614313
vt 0.85927 0.6252
vt 0.870157 0.614313
vt 0.505444 0.881044
vt 0.570765 0.755844
vt 0.510887 0.908261
vt 0.233269 0.897374
vt 0.151617 0.793948
vt 0.227826 0.924591
vt 0.864713 0.48367
vt 0.864713 0.456452
vt 0.837496 0.48367
vt 0.837496 0.216939
vt 0.837496 0.233269
vt 0.85927 0.216939
vt 0.842939 0.304035
vt 0.842939 0.304035
vt 0.842939 0.304035
vt 0.216939 0.146174
vt 0.216939 0.146174
vt 0.216939 0.146174
vt 0.216939 0.146174
vt 0.216939 0.146174
vt 0.216939 0.146174
vt 0.216939 0.146174
vt 0.216939 0.146174
vt 0.216939 0.146174
vt 0.216939 0.146174
vt 0.216939 0.146174
vt 0.216939 0.146174
vt 0.216939 0.146174
vt 0.216939 0.146174
vt 0.216939 0.151617
vt 0.216939 0.146174
vt 0.216939 0.146174
vt 0.216939 0.146174
vt 0.195165 0.527217
vt 0.178835 0.636087
vt 0.282261 0.527217
vt 0.532661 0.380243
vt 0.559878 0.456452
vt 0.543548 0.385687
vt 0.097182 0.080852
vt 0.14073 0.108069
vt 0.113513 0.064522
vt 0.064522 0.151617
vt 0.113513 0.151617
vt 0.097182 0.129843
vt 0.826609 0.304035
vt 0.826609 0.304035
vt 0.826609 0.304035
vt 0.783061 0.135287
vt 0.783061 0.146174
vt 0.755844 0.135287
vt 0.7504 0.184278
vt 0.7504 0.173391
vt 0.783061 0.184278
vt 0.766731 0.565322
vt 0.755844 0.576209
vt 0.73407 0.559878
vt 0.717739 0.614313
vt 0.728626 0.630643
vt 0.73407 0.614313
vt 0.886487 0.456452
vt 0.891931 0.48367
vt 0.913705 0.456452
vt 0.946365 0.309478
vt 0.951809 0.331252
vt 0.908261 0.314922
vt 0.924591 0.195165
vt 0.935478 0.211496
vt 0.897374 0.200609
vt 0.897374 0.146174
vt 0.891931 0.135287
vt 0.924591 0.146174
vt 0.581652 0.783061
vt 0.510887 0.924591
vt 0.587096 0.810278
vt 0.565322 0.456452
vt 0.592539 0.543548
vt 0.576209 0.461896
vt 0.216939 0.146174
vt 0.216939 0.151617
vt 0.216939 0.146174
vt 0.576209 0.461896
vt 0.554435 0.39113
vt 0.565322 0.456452
vt 0.554435 0.39113
vt 0.576209 0.461896
vt 0.554435 0.396574
vt 0.097182 0.641531
vt 0.113513 0.641531
vt 0.118956 0.538104
vt 0.151617 0.342139
vt 0.14073 0.314922
vt 0.162504 0.331252
vt 0.216939 0.146174
vt 0.216939 0.151617
vt 0.216939 0.146174
vt 0.881044 0.576209
vt 0.891931 0.592539
vt 0.837496 0.581652
vt 0.924591 0.576209
vt 0.908261 0.565322
vt 0.968139 0.576209
vt 0.766731 0.314922
vt 0.766731 0.331252
vt 0.73407 0.309478
vt 0.73407 0.276817
vt 0.73407 0.260487
vt 0.772174 0.276817
vt 0.216939 0.314922
vt 0.293148 0.309478
vt 0.216939 0.287704
vt 0.902818 0.216939
vt 0.897374 0.200609
vt 0.935478 0.211496
vt 0.946365 0.260487
vt 0.940922 0.276817
vt 0.908261 0.260487
vt 0.091739 0.020974
vt 0.097182 0.031861
vt 0.14073 0.010087
vt 0.238713 0.108069
vt 0.222382 0.108069
vt 0.222383 0.157061
vt 0.559878 0.456452
vt 0.581652 0.538104
vt 0.570765 0.456452
vt 0.826609 0.298591
vt 0.826609 0.293148
vt 0.826609 0.298591
vt 0.587096 0.636087
vt 0.570765 0.755844
vt 0.603426 0.636087
vt 0.293148 0.287704
vt 0.216939 0.287704
vt 0.293148 0.309478
vt 0.287704 0.298591
vt 0.200609 0.298591
vt 0.287704 0.293148
vt 0.521774 0.342139
vt 0.505443 0.363913
vt 0.451009 0.314922
vt 0.189722 0.108069
vt 0.14073 0.108069
vt 0.184278 0.129843
vt 0.238713 0.108069
vt 0.211496 0.064522
vt 0.222382 0.108069
vt 0.456452 0.304035
vt 0.3748 0.293148
vt 0.451009 0.304035
vt 0.891931 0.113513
vt 0.881044 0.102626
vt 0.870157 0.113513
vt 0.815722 0.151617
vt 0.815722 0.162504
vt 0.837496 0.151617
vt 0.815722 0.309478
vt 0.815722 0.293148
vt 0.788504 0.309478
vt 0.815722 0.48367
vt 0.810278 0.505443
vt 0.837496 0.48367
vt 0.832052 0.298591
vt 0.826609 0.298591
vt 0.832052 0.304035
vt 0.227826 0.336696
vt 0.298591 0.331252
vt 0.233269 0.35847
vt 0.842939 0.298591
vt 0.842939 0.293148
vt 0.842939 0.298591
vt 0.146174 0.532661
vt 0.1244 0.532661
vt 0.173391 0.440122
vt 0.842939 0.304035
vt 0.842939 0.304035
vt 0.842939 0.304035
vt 0.118956 0.538104
vt 0.129843 0.538104
vt 0.157061 0.440122
vt 0.919148 0.135287
vt 0.924591 0.146174
vt 0.891931 0.135287
vt 0.864713 0.086295
vt 0.886487 0.086295
vt 0.886487 0.091739
vt 0.842939 0.304035
vt 0.842939 0.304035
vt 0.842939 0.304035
vt 0.826609 0.304035
vt 0.832052 0.304035
vt 0.826609 0.304035
vt 0.826609 0.298591
vt 0.826609 0.304035
vt 0.826609 0.298591
vt 0.837496 0.755844
vt 0.837496 0.76673
vt 0.853826 0.761287
vt 0.837496 0.744957
vt 0.837496 0.717739
vt 0.85927 0.7504
vt 0.766731 0.244156
vt 0.772174 0.227826
vt 0.755844 0.244156
vt 0.739513 0.227826
vt 0.744957 0.211496
vt 0.772174 0.227826
vt 0.195165 0.527217
vt 0.216939 0.429235
vt 0.282261 0.527217
vt 0.178835 0.636087
vt 0.276817 0.636087
vt 0.238713 0.783061
vt 0.532661 0.331252
vt 0.592539 0.353026
vt 0.532661 0.325809
vt 0.200609 0.298591
vt 0.135287 0.320365
vt 0.200609 0.298591
vt 0.538104 0.380243
vt 0.559878 0.358469
vt 0.505443 0.363913
vt 0.440122 0.423791
vt 0.445565 0.527217
vt 0.51633 0.440122
vt 0.842939 0.293148
vt 0.842939 0.298591
vt 0.842939 0.293148
vt 0.369357 0.842939
vt 0.3748 0.935478
vt 0.505444 0.881044
vt 0.826609 0.298591
vt 0.826609 0.298591
vt 0.826609 0.298591
vt 0.842939 0.304035
vt 0.842939 0.304035
vt 0.842939 0.298591
vt 0.222383 0.951809
vt 0.129843 0.821165
vt 0.222383 0.957252
vt 0.842939 0.304035
vt 0.842939 0.304035
vt 0.842939 0.304035
vt 0.848383 0.309478
vt 0.848383 0.309478
vt 0.848383 0.304035
vt 0.7504 0.532661
vt 0.744957 0.51633
vt 0.777618 0.532661
vt 0.772174 0.48367
vt 0.772174 0.456452
vt 0.804835 0.48367
vt 0.7504 0.614313
vt 0.761287 0.630643
vt 0.761287 0.614313
vt 0.837496 0.26593
vt 0.837496 0.282261
vt 0.804835 0.260487
vt 0.804835 0.244156
vt 0.804835 0.233269
vt 0.837496 0.2496
vt 0.826609 0.630643
vt 0.826609 0.614313
vt 0.821165 0.6252
vt 0.810278 0.576209
vt 0.804835 0.592539
vt 0.837496 0.576209
vt 0.930035 0.630643
vt 0.919148 0.652417
vt 0.946365 0.630643
vt 0.946365 0.559878
vt 0.968139 0.576209
vt 0.908261 0.565322
vt 0.8756 0.347583
vt 0.8756 0.380243
vt 0.837496 0.353026
vt 0.870157 0.461896
vt 0.870157 0.48367
vt 0.837496 0.461896
vt 0.293148 0.287704
vt 0.3748 0.287704
vt 0.293148 0.309478
vt 0.451009 0.293148
vt 0.451009 0.314922
vt 0.3748 0.287704
vt 0.216939 0.146174
vt 0.216939 0.146174
vt 0.216939 0.146174
vt 0.206052 0.940922
vt 0.35847 0.989913
vt 0.206052 0.935478
vt 0.489113 0.761287
vt 0.451009 0.636087
vt 0.369356 0.739513
vt 0.238713 0.783061
vt 0.369356 0.739513
vt 0.276817 0.636087
vt 0.5 0.940922
vt 0.35847 0.989913
vt 0.494557 0.930035
vt 0.510887 0.946365
vt 0.587096 0.810278
vt 0.51633 0.957252
vt 0.848383 0.314922
vt 0.848383 0.320365
vt 0.848383 0.314922
vt 0.821165 0.314922
vt 0.821165 0.320365
vt 0.821165 0.314922
vt 0.821165 0.314922
vt 0.821165 0.314922
vt 0.821165 0.309478
vt 0.510887 0.946365
vt 0.587096 0.810278
vt 0.510887 0.924591
vt 0.3748 0.935478
vt 0.505444 0.881044
vt 0.3748 0.968139
vt 0.222383 0.951809
vt 0.129843 0.821165
vt 0.227826 0.940922
vt 0.527217 0.636087
vt 0.527217 0.532661
vt 0.451009 0.636087
vt 0.216939 0.146174
vt 0.216939 0.146174
vt 0.216939 0.146174
vt 0.216939 0.287704
vt 0.173391 0.298591
vt 0.216939 0.314922
vt 0.097182 0.641531
vt 0.129843 0.821165
vt 0.113513 0.641531
vt 0.826609 0.304035
vt 0.832052 0.304035
vt 0.826609 0.298591
vt 0.739513 0.434678
vt 0.73407 0.402017
vt 0.772174 0.434678
vt 0.739513 0.347583
vt 0.739513 0.3748
vt 0.7504 0.347583
vt 0.173391 0.320365
vt 0.216939 0.314922
vt 0.189722 0.342139
vt 0.178835 0.369356
vt 0.173391 0.347583
vt 0.189722 0.363913
vt 0.570765 0.755844
vt 0.587096 0.636087
vt 0.581652 0.772174
vt 0.532661 0.331252
vt 0.451009 0.304035
vt 0.532661 0.325809
vt 0.728626 0.652417
vt 0.712296 0.630643
vt 0.761287 0.657861
vt 0.712296 0.576209
vt 0.73407 0.559878
vt 0.755844 0.576209
vt 0.815722 0.293148
vt 0.815722 0.309478
vt 0.837496 0.293148
vt 0.837496 0.233269
vt 0.837496 0.216939
vt 0.815722 0.233269
vt 0.957252 0.347583
vt 0.951809 0.3748
vt 0.913705 0.347583
vt 0.924591 0.3748
vt 0.930035 0.347583
vt 0.913705 0.3748
vt 0.777618 0.157061
vt 0.777618 0.146174
vt 0.766731 0.157061
vt 0.755844 0.146174
vt 0.755844 0.135287
vt 0.783061 0.146174
vt 0.527217 0.532661
vt 0.527217 0.636087
vt 0.445565 0.527217
vt 0.587096 0.636087
vt 0.581652 0.538104
vt 0.603426 0.636087
vt 0.167948 0.347583
vt 0.178835 0.369356
vt 0.173391 0.347583
vt 0.565322 0.456452
vt 0.538104 0.380243
vt 0.576209 0.461896
vt 0.091739 0.020974
vt 0.064522 0.064522
vt 0.097182 0.031861
vt 0.151617 0.793948
vt 0.129843 0.636087
vt 0.135287 0.804835
vt 0.118956 0.538104
vt 0.129843 0.538104
vt 0.097182 0.641531
vt 0.216939 0.146174
vt 0.216939 0.146174
vt 0.216939 0.146174
vt 0.216939 0.146174
vt 0.216939 0.146174
vt 0.216939 0.146174
vt 0.902818 0.146174
vt 0.902818 0.157061
vt 0.908261 0.146174
vt 0.930035 0.173391
vt 0.930035 0.184278
vt 0.897374 0.173391
vt 0.842939 0.298591
vt 0.842939 0.304035
vt 0.842939 0.298591
vt 0.821165 0.304035
vt 0.821165 0.304035
vt 0.821165 0.304035
vt 0.837496 0.151617
vt 0.837496 0.14073
vt 0.870157 0.151617
vt 0.837496 0.14073
vt 0.837496 0.151617
vt 0.810278 0.14073
vt 0.3748 0.287704
vt 0.287704 0.287704
vt 0.3748 0.287704
vt 0.129843 0.821165
vt 0.222383 0.951809
vt 0.1244 0.821165
vt 0.233269 0.897374
vt 0.3748 0.935478
vt 0.227826 0.924591
vt 0.216939 0.146174
vt 0.216939 0.146174
vt 0.216939 0.146174
vt 0.227826 0.924591
vt 0.3748 0.968139
vt 0.233269 0.897374
vt 0.216939 0.146174
vt 0.216939 0.146174
vt 0.216939 0.146174
vt 0.216939 0.146174
vt 0.216939 0.146174
vt 0.216939 0.146174
vt 0.042748 0.108069
vt 0.064522 0.151617
vt 0.053635 0.108069
vt 0.064522 0.151617
vt 0.091739 0.195165
vt 0.053635 0.157061
vt 0.826609 0.304035
vt 0.826609 0.304035
vt 0.826609 0.304035
vt 0.826609 0.298591
vt 0.826609 0.298591
vt 0.826609 0.298591
vt 0.570765 0.755844
vt 0.505444 0.881044
vt 0.581652 0.772174
vt 0.538104 0.380243
vt 0.559878 0.358469
vt 0.554435 0.380243
vt 0.35847 0.98447
vt 0.206052 0.935478
vt 0.35847 0.989913
vt 0.85927 0.543548
vt 0.85927 0.532661
vt 0.837496 0.543548
vt 0.559878 0.385687
vt 0.581652 0.385687
vt 0.548991 0.380243
vt 0.565322 0.39113
vt 0.587096 0.385687
vt 0.559878 0.385687
vt 0.227826 0.336696
vt 0.298591 0.331252
vt 0.216939 0.314922
vt 0.8756 0.505443
vt 0.870157 0.521774
vt 0.837496 0.510887
vt 0.897374 0.548991
vt 0.897374 0.532661
vt 0.924591 0.543548
vt 0.559878 0.358469
vt 0.559878 0.325809
vt 0.576209 0.369356
vt 0.157061 0.440122
vt 0.162504 0.440122
vt 0.118956 0.538104
vt 0.151617 0.445565
vt 0.157061 0.440122
vt 0.113513 0.538104
vt 0.146174 0.532661
vt 0.1244 0.532661
vt 0.129843 0.636087
vt 0.581652 0.538104
vt 0.587096 0.636087
vt 0.597983 0.543548
vt 0.216939 0.146174
vt 0.216939 0.146174
vt 0.216939 0.146174
vt 0.135287 0.804835
vt 0.108069 0.636087
vt 0.151617 0.793948
vt 0.173391 0.440122
vt 0.162504 0.440122
vt 0.146174 0.532661
vt 0.587096 0.810278
vt 0.614313 0.641531
vt 0.581652 0.783061
vt 0.14073 0.314922
vt 0.200609 0.298591
vt 0.157061 0.309478
vt 0.815722 0.086295
vt 0.793948 0.091739
vt 0.793948 0.086295
vt 0.761287 0.1244
vt 0.766731 0.113513
vt 0.788504 0.1244
vt 0.810278 0.189722
vt 0.810278 0.173391
vt 0.837496 0.189722
vt 0.777618 0.173391
vt 0.783061 0.184278
vt 0.7504 0.173391
vt 0.576209 0.461896
vt 0.554435 0.39113
vt 0.581652 0.467339
vt 0.603426 0.548991
vt 0.576209 0.461896
vt 0.603426 0.548991
vt 0.614313 0.641531
vt 0.587096 0.810278
vt 0.603426 0.641531
vt 0.804835 0.276817
vt 0.804835 0.260487
vt 0.837496 0.282261
vt 0.837496 0.314922
vt 0.837496 0.331252
vt 0.804835 0.314922
vt 0.815722 0.597983
vt 0.815722 0.614313
vt 0.826609 0.592539
vt 0.951809 0.657861
vt 0.962696 0.657861
vt 0.946365 0.646974
vt 0.957252 0.646974
vt 0.946365 0.646974
vt 0.962696 0.657861
vt 0.73407 0.646974
vt 0.728626 0.646974
vt 0.728626 0.657861
vt 0.723183 0.657861
vt 0.728626 0.657861
vt 0.728626 0.646974
vt 0.178835 0.342139
vt 0.189722 0.363913
vt 0.173391 0.347583
vt 0.848383 0.309478
vt 0.848383 0.309478
vt 0.848383 0.309478
vt 0.848383 0.309478
vt 0.848383 0.309478
vt 0.848383 0.309478
vt 0.570765 0.456452
vt 0.543548 0.385687
vt 0.559878 0.456452
vt 0.173391 0.347583
vt 0.151617 0.342139
vt 0.178835 0.342139
vt 0.173391 0.347583
vt 0.151617 0.342139
vt 0.167948 0.347583
vt 0.14073 0.206052
vt 0.14073 0.195165
vt 0.091739 0.195165
vt 0.222383 0.157061
vt 0.211496 0.151617
vt 0.189722 0.195165
vt 0.881044 0.102626
vt 0.891931 0.113513
vt 0.891931 0.102626
vt 0.908261 0.091739
vt 0.908261 0.102626
vt 0.886487 0.091739
vt 0.113513 0.641531
vt 0.14073 0.815722
vt 0.097182 0.641531
vt 0.064522 0.151617
vt 0.097182 0.129843
vt 0.053635 0.108069
vt 0.14073 0.195165
vt 0.162504 0.151617
vt 0.14073 0.157061
vt 0.881044 0.636087
vt 0.870157 0.64153
vt 0.886487 0.636087
vt 0.532661 0.320365
vt 0.581652 0.342139
vt 0.521774 0.309478
vt 0.162504 0.440122
vt 0.173391 0.440122
vt 0.184278 0.369356
vt 0.581652 0.385687
vt 0.559878 0.385687
vt 0.570765 0.380243
vt 0.755844 0.260487
vt 0.755844 0.276817
vt 0.766731 0.260487
vt 0.755844 0.309478
vt 0.7504 0.331252
vt 0.766731 0.309478
vt 0.434678 0.35847
vt 0.440122 0.342139
vt 0.5 0.369356
vt 0.298591 0.331252
vt 0.3748 0.331252
vt 0.304035 0.353026
vt 0.216939 0.146174
vt 0.216939 0.146174
vt 0.216939 0.146174
vt 0.505444 0.881044
vt 0.3748 0.935478
vt 0.510887 0.908261
vt 0.924592 0.260487
vt 0.924591 0.244156
vt 0.913705 0.260487
vt 0.940922 0.347583
vt 0.935478 0.331252
vt 0.930035 0.347583
vt 0.761287 0.184278
vt 0.761287 0.195165
vt 0.766731 0.184278
vt 0.761287 0.227826
vt 0.766731 0.211496
vt 0.7504 0.227826
vt 0.581652 0.772174
vt 0.603426 0.636087
vt 0.570765 0.755844
vt 0.772174 0.685078
vt 0.783061 0.717739
vt 0.783061 0.685078
vt 0.777618 0.690522
vt 0.788504 0.717739
vt 0.744957 0.685078
vt 0.064522 0.151617
vt 0.091739 0.195165
vt 0.053635 0.157061
vt 0.091739 0.195165
vt 0.097182 0.178835
vt 0.053635 0.157061
vt 0.3748 0.287704
vt 0.293148 0.287704
vt 0.3748 0.309478
vt 0.3748 0.287704
vt 0.3748 0.309478
vt 0.451009 0.293148
vt 0.592539 0.353026
vt 0.532661 0.331252
vt 0.576209 0.347583
vt 0.951809 0.576209
vt 0.935478 0.559878
vt 0.940922 0.576209
vt 0.924591 0.559878
vt 0.908261 0.543548
vt 0.913705 0.559878
vt 0.162504 0.440122
vt 0.157061 0.440122
vt 0.129843 0.538104
vt 0.804835 0.380243
vt 0.799391 0.347583
vt 0.837496 0.380243
vt 0.772174 0.407461
vt 0.772174 0.434678
vt 0.73407 0.402017
vt 0.113513 0.151617
vt 0.14073 0.108069
vt 0.097182 0.129843
vt 0.211496 0.151617
vt 0.189722 0.108069
vt 0.184278 0.129843
vt 0.581652 0.342139
vt 0.532661 0.320365
vt 0.559878 0.325809
vt 0.8756 0.314922
vt 0.8756 0.331252
vt 0.837496 0.314922
vt 0.913705 0.331252
vt 0.908261 0.314922
vt 0.951809 0.331252
vt 0.151617 0.793948
vt 0.233269 0.897374
vt 0.135287 0.804835
vt 0.810278 0.548991
vt 0.810278 0.538104
vt 0.837496 0.548991
vt 0.777618 0.521774
vt 0.772174 0.505443
vt 0.804835 0.521774
vt 0.837496 0.581652
vt 0.837496 0.565322
vt 0.881044 0.576209
vt 0.837496 0.565322
vt 0.837496 0.581652
vt 0.804835 0.565322
vt 0.581652 0.783061
vt 0.603426 0.641531
vt 0.587096 0.810278
vt 0.614313 0.641531
vt 0.603426 0.548991
vt 0.603426 0.641531
vt 0.821165 0.304035
vt 0.821165 0.309478
vt 0.821165 0.309478
vt 0.826609 0.304035
vt 0.826609 0.298591
vt 0.826609 0.304035
vt 0.494557 0.902818
vt 0.35847 0.968139
vt 0.494557 0.930035
vt 0.173391 0.440122
vt 0.146174 0.532661
vt 0.216939 0.429235
vt 0.195165 0.363913
vt 0.173391 0.440122
vt 0.233269 0.35847
vt 0.35847 0.98447
vt 0.494557 0.930035
vt 0.35847 0.989913
vt 0.570765 0.380243
vt 0.548991 0.380243
vt 0.581652 0.385687
vt 0.3748 0.287704
vt 0.456452 0.298591
vt 0.3748 0.287704
vt 0.532661 0.380243
vt 0.538104 0.380243
vt 0.5 0.369356
vt 0.14073 0.815722
vt 0.113513 0.641531
vt 0.129843 0.821165
vt 0.091739 0.020974
vt 0.097182 0.031861
vt 0.14073 0.010087
vt 0.189722 0.020974
vt 0.14073 0.020974
vt 0.184278 0.031861
vt 0.222383 0.059078
vt 0.211496 0.064522
vt 0.238713 0.108069
vt 0.222383 0.157061
vt 0.222383 0.108069
vt 0.211496 0.151617
vt 0.3748 0.968139
vt 0.227826 0.924591
vt 0.3748 0.935478
vt 0.173391 0.298591
vt 0.216939 0.287704
vt 0.151617 0.304035
vt 0.35847 0.98447
vt 0.206052 0.935478
vt 0.35847 0.968139
vt 0.1244 0.821165
vt 0.222383 0.957252
vt 0.129843 0.821165
vt 0.35847 0.98447
vt 0.494557 0.930035
vt 0.35847 0.968139
vt 0.494557 0.930035
vt 0.35847 0.98447
vt 0.494557 0.902818
vt 0.184278 0.031861
vt 0.162504 0.064522
vt 0.211496 0.064522
vt 0.097182 0.031861
vt 0.097182 0.080852
vt 0.113513 0.064522
vt 0.3748 0.968139
vt 0.510887 0.908261
vt 0.3748 0.935478
vt 0.891931 0.717739
vt 0.908261 0.685078
vt 0.886487 0.717739
vt 0.826609 0.73407
vt 0.821165 0.706852
vt 0.815722 0.739513
vt 0.206052 0.935478
vt 0.35847 0.98447
vt 0.211496 0.919148
vt 0.211496 0.919148
vt 0.35847 0.968139
vt 0.206052 0.935478
vt 0.772174 0.592539
vt 0.783061 0.576209
vt 0.739513 0.592539
vt 0.804835 0.592539
vt 0.810278 0.576209
vt 0.772174 0.592539
vt 0.108069 0.636087
vt 0.135287 0.804835
vt 0.129843 0.636087
vt 0.521774 0.309478
vt 0.451009 0.293148
vt 0.532661 0.320365
vt 0.592539 0.821165
vt 0.51633 0.957252
vt 0.587096 0.810278
vt 0.216939 0.146174
vt 0.216939 0.146174
vt 0.216939 0.146174
vt 0.35847 0.968139
vt 0.211496 0.919148
vt 0.35847 0.98447
vt 0.3748 0.287704
vt 0.451009 0.293148
vt 0.3748 0.287704
vt 0.532661 0.320365
vt 0.456452 0.298591
vt 0.521774 0.309478
vt 0.216939 0.146174
vt 0.216939 0.146174
vt 0.216939 0.146174
vt 0.216939 0.146174
vt 0.216939 0.146174
vt 0.216939 0.146174
vt 0.744957 0.51633
vt 0.7504 0.532661
vt 0.7504 0.51633
vt 0.744957 0.478226
vt 0.7504 0.456452
vt 0.739513 0.478226
vt 0.369356 0.521774
vt 0.369357 0.412904
vt 0.445565 0.527217
vt 0.489113 0.761287
vt 0.369356 0.739513
vt 0.451009 0.636087
vt 0.603426 0.636087
vt 0.581652 0.772174
vt 0.587096 0.636087
vt 0.837496 0.331252
vt 0.837496 0.347583
vt 0.864713 0.331252
vt 0.837496 0.347583
vt 0.837496 0.331252
vt 0.815722 0.347583
vt 0.3748 0.287704
vt 0.293148 0.287704
vt 0.3748 0.287704
vt 0.053635 0.108069
vt 0.097182 0.129843
vt 0.091739 0.108069
vt 0.064522 0.064522
vt 0.097182 0.080852
vt 0.097182 0.031861
vt 0.35847 0.968139
vt 0.494557 0.902818
vt 0.35847 0.98447
vt 0.091739 0.195165
vt 0.097182 0.178835
vt 0.053635 0.157061
vt 0.091739 0.195165
vt 0.14073 0.195165
vt 0.097182 0.178835
vt 0.85927 0.075409
vt 0.853826 0.080852
vt 0.8756 0.086295
vt 0.821165 0.075409
vt 0.799391 0.086295
vt 0.826609 0.080852
vt 0.864713 0.293148
vt 0.864713 0.309478
vt 0.886487 0.293148
vt 0.864713 0.309478
vt 0.864713 0.293148
vt 0.837496 0.314922
vt 0.832052 0.304035
vt 0.832052 0.304035
vt 0.826609 0.304035
vt 0.832052 0.304035
vt 0.826609 0.304035
vt 0.832052 0.304035
vt 0.510887 0.908261
vt 0.581652 0.772174
vt 0.505444 0.881044
vt 0.886487 0.614313
vt 0.881044 0.636087
vt 0.837496 0.614313
vt 0.913705 0.657861
vt 0.919148 0.636087
vt 0.946365 0.652417
vt 0.451009 0.293148
vt 0.521774 0.309478
vt 0.456452 0.298591
vt 0.919148 0.184278
vt 0.919148 0.173391
vt 0.908261 0.184278
vt 0.919148 0.227826
vt 0.913705 0.211496
vt 0.908261 0.227826
vt 0.097182 0.178835
vt 0.091739 0.195165
vt 0.064522 0.151617
vt 0.097182 0.178835
vt 0.091739 0.195165
vt 0.064522 0.151617
vt 0.129843 0.821165
vt 0.222383 0.951809
vt 0.14073 0.815722
vt 0.227826 0.924591
vt 0.135287 0.804835
vt 0.233269 0.897374
vt 0.445565 0.527217
vt 0.440122 0.423791
vt 0.369356 0.521774
vt 0.451009 0.636087
vt 0.369356 0.636087
vt 0.369356 0.739513
vt 0.135287 0.320365
vt 0.146174 0.342139
vt 0.14073 0.314922
vt 0.14073 0.314922
vt 0.200609 0.298591
vt 0.135287 0.320365
vt 0.570765 0.380243
vt 0.576209 0.347583
vt 0.581652 0.385687
vt 0.870157 0.173391
vt 0.870157 0.189722
vt 0.837496 0.178835
vt 0.897374 0.184278
vt 0.897374 0.173391
vt 0.930035 0.184278
vt 0.1244 0.532661
vt 0.146174 0.532661
vt 0.108069 0.636087
vt 0.189722 0.195165
vt 0.211496 0.151617
vt 0.184278 0.178835
vt 0.211496 0.151617
vt 0.189722 0.108069
vt 0.184278 0.129843
vt 0.064522 0.151617
vt 0.097182 0.129843
vt 0.053635 0.108069
vt 0.064522 0.064522
vt 0.097182 0.080852
vt 0.097182 0.031861
vt 0.804835 0.690522
vt 0.815722 0.717739
vt 0.777618 0.690522
vt 0.837496 0.717739
vt 0.837496 0.744957
vt 0.815722 0.717739
vt 0.293148 0.287704
vt 0.216939 0.287704
vt 0.287704 0.287704
vt 0.837496 0.407461
vt 0.837496 0.380243
vt 0.8756 0.407461
vt 0.837496 0.380243
vt 0.837496 0.407461
vt 0.804835 0.380243
vt 0.135287 0.804835
vt 0.227826 0.924591
vt 0.151617 0.793948
vt 0.162504 0.331252
vt 0.157061 0.309478
vt 0.151617 0.342139
vt 0.581652 0.772174
vt 0.510887 0.908261
vt 0.570765 0.755844
vt 0.7504 0.51633
vt 0.755844 0.532661
vt 0.755844 0.51633
vt 0.723183 0.576209
vt 0.706852 0.592539
vt 0.739513 0.576209
vt 0.287704 0.287704
vt 0.200609 0.293148
vt 0.293148 0.287704
vt 0.456452 0.298591
vt 0.532661 0.320365
vt 0.451009 0.293148
vt 0.451009 0.293148
vt 0.3748 0.287704
vt 0.456452 0.298591
vt 0.848383 0.309478
vt 0.848383 0.314922
vt 0.848383 0.309478
vt 0.848383 0.309478
vt 0.853826 0.309478
vt 0.848383 0.309478
vt 0.521774 0.309478
vt 0.559878 0.325809
vt 0.532661 0.320365
vt 0.864713 0.108069
vt 0.864713 0.118956
vt 0.837496 0.108069
vt 0.886487 0.113513
vt 0.886487 0.102626
vt 0.913705 0.113513
vt 0.293148 0.287704
vt 0.3748 0.287704
vt 0.287704 0.287704
vt 0.184278 0.031861
vt 0.14073 0.059078
vt 0.162504 0.064522
vt 0.211496 0.064522
vt 0.184278 0.080852
vt 0.222382 0.108069
vt 0.815722 0.118956
vt 0.815722 0.108069
vt 0.837496 0.118956
vt 0.788504 0.113513
vt 0.788504 0.1244
vt 0.766731 0.113513
vt 0.821165 0.320365
vt 0.821165 0.320365
vt 0.821165 0.320365
vt 0.14073 0.314922
vt 0.151617 0.342139
vt 0.157061 0.309478
vt 0.891931 0.7504
vt 0.902818 0.717739
vt 0.881044 0.7504
vt 0.930035 0.685078
vt 0.913705 0.723183
vt 0.902818 0.690522
vt 0.151617 0.304035
vt 0.200609 0.293148
vt 0.173391 0.298591
vt 0.1244 0.532661
vt 0.146174 0.532661
vt 0.162504 0.440122
vt 0.200609 0.293148
vt 0.287704 0.287704
vt 0.216939 0.287704
vt 0.848383 0.304035
vt 0.842939 0.304035
vt 0.848383 0.309478
vt 0.842939 0.298591
vt 0.842939 0.298591
vt 0.842939 0.304035
vt 0.581652 0.538104
vt 0.559878 0.456452
vt 0.597983 0.543548
vt 0.592539 0.353026
vt 0.581652 0.385687
vt 0.576209 0.347583
vt 0.597983 0.543548
vt 0.570765 0.456452
vt 0.581652 0.538104
vt 0.195165 0.363913
vt 0.184278 0.369356
vt 0.173391 0.440122
vt 0.554435 0.39113
vt 0.576209 0.461896
vt 0.538104 0.380243
vt 0.799391 0.636087
vt 0.799391 0.657861
vt 0.755844 0.636087
vt 0.739513 0.592539
vt 0.7504 0.614313
vt 0.690522 0.592539
vt 0.216939 0.151617
vt 0.216939 0.151617
vt 0.216939 0.151617
vt 0.216939 0.146174
vt 0.216939 0.146174
vt 0.216939 0.146174
vt 0.216939 0.146174
vt 0.216939 0.146174
vt 0.216939 0.146174
vt 0.216939 0.146174
vt 0.216939 0.146174
vt 0.216939 0.146174
vt 0.216939 0.146174
vt 0.216939 0.151617
vt 0.216939 0.151617
vt 0.216939 0.146174
vt 0.216939 0.146174
vt 0.216939 0.146174
vt 0.216939 0.146174
vt 0.216939 0.146174
vt 0.216939 0.146174
vt 0.216939 0.146174
vt 0.216939 0.146174
vt 0.216939 0.151617
vt 0.216939 0.146174
vt 0.216939 0.146174
vt 0.216939 0.146174
vt 0.216939 0.146174
vt 0.216939 0.146174
vt 0.216939 0.146174
vt 0.216939 0.146174
vt 0.216939 0.146174
vt 0.216939 0.146174
vt 0.216939 0.146174
vt 0.216939 0.146174
vt 0.216939 0.146174
vt 0.216939 0.146174
vt 0.216939 0.146174
vt 0.216939 0.146174
vt 0.216939 0.146174
vt 0.216939 0.146174
vt 0.216939 0.146174
vt 0.216939 0.146174
vt 0.216939 0.146174
vt 0.216939 0.151617
vt 0.216939 0.146174
vt 0.216939 0.146174
vt 0.216939 0.146174
vt 0.216939 0.146174
vt 0.216939 0.151617
vt 0.216939 0.151617
vt 0.216939 0.146174
vt 0.216939 0.146174
vt 0.216939 0.146174
vt 0.216939 0.146174
vt 0.216939 0.146174
vt 0.216939 0.146174
vt 0.216939 0.146174
vt 0.216939 0.146174
vt 0.216939 0.146174
vt 0.216939 0.146174
vt 0.216939 0.146174
vt 0.216939 0.146174
vt 0.216939 0.151617
vt 0.216939 0.151617
vt 0.216939 0.151617
vt 0.570765 0.755844
vt 0.505444 0.881044
vt 0.489113 0.761287
vt 0.489113 0.761287
vt 0.527217 0.636087
vt 0.570765 0.755844
vt 0.505444 0.881044
vt 0.570765 0.755844
vt 0.489113 0.761287
vt 0.489113 0.761287
vt 0.570765 0.755844
vt 0.527217 0.636087
vt 0.837496 0.118956
vt 0.837496 0.108069
vt 0.864713 0.118956
vt 0.837496 0.108069
vt 0.837496 0.118956
vt 0.815722 0.108069
vt 0.788504 0.102626
vt 0.783061 0.113513
vt 0.799391 0.102626
vt 0.772174 0.135287
vt 0.76673 0.146174
vt 0.777618 0.135287
vt 0.826609 0.309478
vt 0.826609 0.309478
vt 0.821165 0.309478
vt 0.821165 0.314922
vt 0.821165 0.314922
vt 0.821165 0.320365
vt 0.216939 0.287704
vt 0.173391 0.298591
vt 0.200609 0.293148
vt 0.908261 0.592539
vt 0.897374 0.576209
vt 0.8756 0.592539
vt 0.897374 0.576209
vt 0.908261 0.592539
vt 0.924591 0.576209
vt 0.521774 0.309478
vt 0.521774 0.342139
vt 0.559878 0.325809
vt 0.559878 0.325809
vt 0.559878 0.358469
vt 0.581652 0.342139
vt 0.886487 0.244156
vt 0.886487 0.260487
vt 0.908261 0.244156
vt 0.913705 0.3748
vt 0.913705 0.347583
vt 0.886487 0.3748
vt 0.200609 0.293148
vt 0.151617 0.304035
vt 0.216939 0.287704
vt 0.282261 0.527217
vt 0.276817 0.636087
vt 0.195165 0.527217
vt 0.369356 0.636087
vt 0.369356 0.521774
vt 0.451009 0.636087
vt 0.151617 0.793948
vt 0.233269 0.897374
vt 0.238713 0.783061
vt 0.238713 0.783061
vt 0.178835 0.636087
vt 0.151617 0.793948
vt 0.233269 0.897374
vt 0.151617 0.793948
vt 0.238713 0.783061
vt 0.238713 0.783061
vt 0.151617 0.793948
vt 0.178835 0.636087
vt 0.946365 0.630643
vt 0.930035 0.652417
vt 0.962696 0.630643
vt 0.968139 0.576209
vt 0.946365 0.559878
vt 0.951809 0.576209
vt 0.603426 0.641531
vt 0.592539 0.543548
vt 0.614313 0.641531
vt 0.587096 0.810278
vt 0.510887 0.946365
vt 0.581652 0.783061
vt 0.091739 0.641531
vt 0.097182 0.641531
vt 0.113513 0.538104
vt 0.091739 0.641531
vt 0.1244 0.821165
vt 0.097182 0.641531
vt 0.216939 0.146174
vt 0.216939 0.146174
vt 0.216939 0.146174
vt 0.728626 0.630643
vt 0.717739 0.614313
vt 0.712296 0.630643
vt 0.706852 0.592539
vt 0.723183 0.576209
vt 0.690522 0.592539
vt 0.3748 0.331252
vt 0.3748 0.353026
vt 0.440122 0.342139
vt 0.369356 0.412904
vt 0.369356 0.521774
vt 0.440122 0.423791
vt 0.505444 0.881044
vt 0.3748 0.935478
vt 0.369356 0.842939
vt 0.369356 0.842939
vt 0.3748 0.935478
vt 0.233269 0.897374
vt 0.908261 0.146174
vt 0.908261 0.135287
vt 0.902818 0.146174
vt 0.908261 0.113513
vt 0.902818 0.102626
vt 0.897374 0.113513
vt 0.930035 0.402017
vt 0.930035 0.434678
vt 0.946365 0.402017
vt 0.930035 0.456452
vt 0.930035 0.478226
vt 0.940922 0.456452
vt 0.837496 0.233269
vt 0.837496 0.216939
vt 0.870157 0.233269
vt 0.837496 0.216939
vt 0.837496 0.233269
vt 0.810278 0.216939
vt 0.739513 0.3748
vt 0.739513 0.347583
vt 0.728626 0.3748
vt 0.739513 0.331252
vt 0.744957 0.309478
vt 0.728626 0.331252
vt 0.097182 0.129843
vt 0.14073 0.108069
vt 0.091739 0.108069
vt 0.162504 0.151617
vt 0.14073 0.108069
vt 0.14073 0.157061
vt 0.216939 0.146174
vt 0.216939 0.146174
vt 0.216939 0.146174
vt 0.216939 0.146174
vt 0.216939 0.146174
vt 0.216939 0.146174
vt 0.848383 0.304035
vt 0.848383 0.304035
vt 0.848383 0.309478
vt 0.853826 0.314922
vt 0.853826 0.314922
vt 0.848383 0.309478
vt 0.216939 0.146174
vt 0.216939 0.151617
vt 0.216939 0.151617
vt 0.216939 0.146174
vt 0.216939 0.146174
vt 0.216939 0.146174
vt 0.216939 0.146174
vt 0.216939 0.146174
vt 0.216939 0.146174
vt 0.216939 0.146174
vt 0.216939 0.151617
vt 0.216939 0.151617
vt 0.216939 0.146174
vt 0.216939 0.146174
vt 0.216939 0.146174
vt 0.216939 0.146174
vt 0.216939 0.146174
vt 0.216939 0.146174
vt 0.216939 0.146174
vt 0.216939 0.146174
vt 0.216939 0.146174
vt 0.216939 0.146174
vt 0.216939 0.146174
vt 0.216939 0.146174
vt 0.216939 0.146174
vt 0.216939 0.146174
vt 0.216939 0.146174
vt 0.216939 0.146174
vt 0.216939 0.146174
vt 0.216939 0.146174
vt 0.216939 0.146174
vt 0.216939 0.146174
vt 0.216939 0.146174
vt 0.216939 0.146174
vt 0.216939 0.146174
vt 0.216939 0.146174
vt 0.216939 0.146174
vt 0.216939 0.146174
vt 0.216939 0.146174
vt 0.216939 0.151617
vt 0.216939 0.151617
vt 0.216939 0.146174
vt 0.216939 0.151617
vt 0.216939 0.151617
vt 0.216939 0.146174
vt 0.216939 0.146174
vt 0.216939 0.146174
vt 0.216939 0.146174
vt 0.216939 0.146174
vt 0.216939 0.146174
vt 0.216939 0.146174
vt 0.216939 0.146174
vt 0.216939 0.146174
vt 0.216939 0.146174
vt 0.216939 0.146174
vt 0.216939 0.146174
vt 0.216939 0.146174
vt 0.216939 0.146174
vt 0.216939 0.146174
vt 0.216939 0.146174
vt 0.216939 0.146174
vt 0.216939 0.146174
vt 0.216939 0.146174
vt 0.184278 0.369356
vt 0.195165 0.363913
vt 0.162504 0.440122
vt 0.559878 0.325809
vt 0.559878 0.358469
vt 0.521774 0.309478
vt 0.559878 0.325809
vt 0.521774 0.309478
vt 0.581652 0.342139
vt 0.162504 0.064522
vt 0.14073 0.108069
vt 0.184278 0.080852
vt 0.189722 0.108069
vt 0.14073 0.108069
vt 0.184278 0.129843
vt 0.216939 0.146174
vt 0.216939 0.146174
vt 0.216939 0.146174
vt 0.216939 0.146174
vt 0.216939 0.146174
vt 0.216939 0.146174
vt 0.85927 0.200609
vt 0.85927 0.184278
vt 0.837496 0.200609
vt 0.837496 0.1244
vt 0.837496 0.135287
vt 0.85927 0.1244
vt 0.276817 0.636087
vt 0.282261 0.527217
vt 0.178835 0.636087
vt 0.369356 0.521774
vt 0.369356 0.636087
vt 0.445565 0.527217
vt 0.592539 0.353026
vt 0.532661 0.331252
vt 0.592539 0.353026
vt 0.592539 0.353026
vt 0.587096 0.385687
vt 0.592539 0.353026
vt 0.793948 0.64153
vt 0.793948 0.646974
vt 0.804835 0.64153
vt 0.766731 0.630643
vt 0.761287 0.614313
vt 0.761287 0.630643
vt 0.603426 0.641531
vt 0.581652 0.783061
vt 0.614313 0.641531
vt 0.189722 0.342139
vt 0.195165 0.363913
vt 0.178835 0.347583
vt 0.772174 0.717739
vt 0.788504 0.7504
vt 0.783061 0.717739
vt 0.788504 0.7504
vt 0.804835 0.761287
vt 0.793948 0.7504
vt 0.930035 0.532661
vt 0.935478 0.51633
vt 0.919148 0.532661
vt 0.940922 0.478226
vt 0.940922 0.456452
vt 0.930035 0.478226
vt 0.842939 0.298591
vt 0.842939 0.293148
vt 0.842939 0.298591
vt 0.842939 0.293148
vt 0.842939 0.298591
vt 0.842939 0.293148
vt 0.216939 0.287704
vt 0.293148 0.287704
vt 0.200609 0.293148
vt 0.902818 0.543548
vt 0.913705 0.559878
vt 0.908261 0.543548
vt 0.913705 0.559878
vt 0.902818 0.543548
vt 0.886487 0.559878
vt 0.113513 0.538104
vt 0.118956 0.538104
vt 0.151617 0.445565
vt 0.118956 0.538104
vt 0.113513 0.538104
vt 0.097182 0.641531
vt 0.766731 0.407461
vt 0.766731 0.3748
vt 0.755844 0.407461
vt 0.755844 0.456452
vt 0.755844 0.478226
vt 0.766731 0.456452
vt 0.570765 0.456452
vt 0.597983 0.543548
vt 0.559878 0.456452
vt 0.146174 0.342139
vt 0.167948 0.347583
vt 0.151617 0.342139
vt 0.151617 0.342139
vt 0.14073 0.314922
vt 0.146174 0.342139
vt 0.559878 0.456452
vt 0.532661 0.380243
vt 0.570765 0.456452
vt 0.848383 0.320365
vt 0.848383 0.320365
vt 0.848383 0.320365
vt 0.799391 0.086295
vt 0.821165 0.075409
vt 0.793948 0.086295
vt 0.772174 0.113513
vt 0.777618 0.102626
vt 0.766731 0.113513
vt 0.924591 0.211496
vt 0.930035 0.227826
vt 0.935478 0.211496
vt 0.935478 0.244156
vt 0.935478 0.260487
vt 0.946365 0.244156
vt 0.173391 0.298591
vt 0.216939 0.287704
vt 0.173391 0.320365
vt 0.173391 0.298591
vt 0.173391 0.320365
vt 0.151617 0.304035
vt 0.848383 0.314922
vt 0.848383 0.314922
vt 0.848383 0.320365
vt 0.848383 0.309478
vt 0.848383 0.309478
vt 0.848383 0.309478
vt 0.902818 0.717739
vt 0.891931 0.7504
vt 0.913705 0.723183
vt 0.85927 0.761287
vt 0.837496 0.755844
vt 0.85927 0.7504
vt 0.451009 0.304035
vt 0.532661 0.331252
vt 0.451009 0.304035
vt 0.451009 0.304035
vt 0.532661 0.331252
vt 0.456452 0.304035
vt 0.157061 0.440122
vt 0.151617 0.445565
vt 0.178835 0.369356
vt 0.178835 0.369356
vt 0.167948 0.347583
vt 0.178835 0.369356
vt 0.162504 0.440122
vt 0.173391 0.440122
vt 0.1244 0.532661
vt 0.287704 0.298591
vt 0.200609 0.298591
vt 0.287704 0.298591
vt 0.200609 0.298591
vt 0.287704 0.298591
vt 0.200609 0.298591
vt 0.837496 0.086295
vt 0.837496 0.075409
vt 0.864713 0.086295
vt 0.837496 0.069965
vt 0.837496 0.075409
vt 0.85927 0.075409
vt 0.173391 0.440122
vt 0.162504 0.440122
vt 0.195165 0.363913
vt 0.815722 0.173391
vt 0.815722 0.184278
vt 0.837496 0.173391
vt 0.815722 0.184278
vt 0.815722 0.173391
vt 0.799391 0.184278
vt 0.543548 0.385687
vt 0.570765 0.456452
vt 0.532661 0.380243
vt 0.853826 0.679635
vt 0.853826 0.706852
vt 0.8756 0.685078
vt 0.881044 0.646974
vt 0.886487 0.64153
vt 0.864713 0.646974
vt 0.14073 0.206052
vt 0.184278 0.178835
vt 0.14073 0.195165
vt 0.184278 0.178835
vt 0.162504 0.151617
vt 0.14073 0.195165
vt 0.053635 0.157061
vt 0.097182 0.178835
vt 0.064522 0.151617
vt 0.097182 0.178835
vt 0.113513 0.151617
vt 0.064522 0.151617
vt 0.189722 0.020974
vt 0.14073 0.020974
vt 0.184278 0.031861
vt 0.14073 0.020974
vt 0.14073 0.059078
vt 0.184278 0.031861
vt 0.222383 0.157061
vt 0.211496 0.151617
vt 0.189722 0.195165
vt 0.14073 0.010087
vt 0.14073 0.020974
vt 0.189722 0.020974
vt 0.614313 0.641531
vt 0.603426 0.548991
vt 0.614313 0.641531
vt 0.614313 0.641531
vt 0.592539 0.821165
vt 0.614313 0.641531
vt 0.837496 0.538104
vt 0.837496 0.521774
vt 0.870157 0.538104
vt 0.837496 0.521774
vt 0.837496 0.538104
vt 0.804835 0.521774
vt 0.821165 0.314922
vt 0.821165 0.314922
vt 0.821165 0.314922
vt 0.821165 0.309478
vt 0.821165 0.309478
vt 0.821165 0.304035
vt 0.216939 0.146174
vt 0.216939 0.146174
vt 0.216939 0.146174
vt 0.189722 0.363913
vt 0.178835 0.342139
vt 0.178835 0.369356
vt 0.7504 0.227826
vt 0.755844 0.211496
vt 0.739513 0.227826
vt 0.73407 0.260487
vt 0.73407 0.276817
vt 0.744957 0.260487
vt 0.788504 0.309478
vt 0.788504 0.293148
vt 0.766731 0.309478
vt 0.766731 0.3748
vt 0.766731 0.407461
vt 0.788504 0.3748
vt 0.211496 0.151617
vt 0.184278 0.129843
vt 0.184278 0.178835
vt 0.184278 0.178835
vt 0.162504 0.151617
vt 0.14073 0.195165
vt 0.108069 0.636087
vt 0.129843 0.636087
vt 0.1244 0.532661
vt 0.559878 0.358469
vt 0.538104 0.380243
vt 0.576209 0.369356
vt 0.962696 0.657861
vt 0.951809 0.657861
vt 0.973583 0.668748
vt 0.946365 0.646974
vt 0.957252 0.646974
vt 0.940922 0.636087
vt 0.728626 0.646974
vt 0.73407 0.646974
vt 0.728626 0.636087
vt 0.728626 0.657861
vt 0.723183 0.657861
vt 0.723183 0.668748
vt 0.870157 0.216939
vt 0.870157 0.200609
vt 0.902818 0.216939
vt 0.908261 0.260487
vt 0.908261 0.276817
vt 0.8756 0.260487
vt 0.173391 0.320365
vt 0.173391 0.298591
vt 0.162504 0.325809
vt 0.951809 0.3748
vt 0.957252 0.347583
vt 0.935478 0.3748
vt 0.935478 0.331252
vt 0.940922 0.347583
vt 0.951809 0.331252
vt 0.793948 0.532661
vt 0.788504 0.51633
vt 0.772174 0.532661
vt 0.810278 0.505443
vt 0.815722 0.48367
vt 0.783061 0.505443
vt 0.587096 0.385687
vt 0.565322 0.39113
vt 0.581652 0.385687
vt 0.581652 0.385687
vt 0.592539 0.353026
vt 0.587096 0.385687
vt 0.113513 0.641531
vt 0.097182 0.641531
vt 0.129843 0.538104
vt 0.097182 0.031861
vt 0.097182 0.080852
vt 0.113513 0.064522
vt 0.097182 0.080852
vt 0.14073 0.108069
vt 0.113513 0.064522
vt 0.216939 0.146174
vt 0.216939 0.146174
vt 0.216939 0.146174
vt 0.216939 0.146174
vt 0.216939 0.146174
vt 0.216939 0.146174
vt 0.14073 0.195165
vt 0.162504 0.151617
vt 0.14073 0.157061
vt 0.162504 0.151617
vt 0.14073 0.108069
vt 0.14073 0.157061
vt 0.826609 0.304035
vt 0.826609 0.304035
vt 0.826609 0.304035
vt 0.826609 0.304035
vt 0.826609 0.304035
vt 0.826609 0.304035
vt 0.739513 0.478226
vt 0.739513 0.456452
vt 0.772174 0.48367
vt 0.772174 0.505443
vt 0.777618 0.521774
vt 0.739513 0.505443
vt 0.576209 0.369356
vt 0.554435 0.380243
vt 0.559878 0.358469
vt 0.216939 0.146174
vt 0.216939 0.146174
vt 0.216939 0.146174
vt 0.216939 0.146174
vt 0.216939 0.146174
vt 0.216939 0.146174
vt 0.581652 0.342139
vt 0.576209 0.369356
vt 0.559878 0.325809
vt 0.913705 0.456452
vt 0.913705 0.478226
vt 0.919148 0.456452
vt 0.930035 0.434678
vt 0.930035 0.402017
vt 0.919148 0.434678
vt 0.913705 0.113513
vt 0.913705 0.1244
vt 0.886487 0.113513
vt 0.902818 0.102626
vt 0.908261 0.113513
vt 0.908261 0.102626
vt 0.962696 0.657861
vt 0.973583 0.657861
vt 0.957252 0.646974
vt 0.946365 0.646974
vt 0.935478 0.646974
vt 0.951809 0.657861
vt 0.728626 0.646974
vt 0.723183 0.646974
vt 0.723183 0.657861
vt 0.728626 0.657861
vt 0.73407 0.657861
vt 0.73407 0.646974
vt 0.216939 0.146174
vt 0.216939 0.146174
vt 0.216939 0.146174
vt 0.238713 0.783061
vt 0.276817 0.636087
vt 0.369356 0.739513
vt 0.276817 0.636087
vt 0.282261 0.527217
vt 0.369356 0.636087
vt 0.73407 0.559878
vt 0.712296 0.576209
vt 0.744957 0.559878
vt 0.755844 0.532661
vt 0.7504 0.51633
vt 0.7504 0.532661
vt 0.837496 0.706852
vt 0.837496 0.728626
vt 0.853826 0.706852
vt 0.864713 0.739513
vt 0.848383 0.73407
vt 0.848383 0.744957
vt 0.576209 0.347583
vt 0.532661 0.325809
vt 0.592539 0.353026
vt 0.603426 0.636087
vt 0.597983 0.543548
vt 0.587096 0.636087
vt 0.761287 0.146174
vt 0.766731 0.135287
vt 0.755844 0.146174
vt 0.7504 0.173391
vt 0.7504 0.184278
vt 0.761287 0.173391
vt 0.744957 0.685078
vt 0.761287 0.723183
vt 0.755844 0.685078
vt 0.712296 0.630643
vt 0.728626 0.652417
vt 0.728626 0.630643
vt 0.924591 0.146174
vt 0.919148 0.135287
vt 0.919148 0.146174
vt 0.919148 0.173391
vt 0.919148 0.184278
vt 0.930035 0.173391
vt 0.157061 0.309478
vt 0.162504 0.331252
vt 0.14073 0.314922
vt 0.897374 0.532661
vt 0.897374 0.548991
vt 0.870157 0.538104
vt 0.908261 0.565322
vt 0.924591 0.576209
vt 0.8756 0.565322
vt 0.3748 0.293148
vt 0.456452 0.304035
vt 0.3748 0.293148
vt 0.298591 0.331252
vt 0.227826 0.336696
vt 0.293148 0.309478
vt 0.3748 0.309478
vt 0.293148 0.309478
vt 0.3748 0.287704
vt 0.293148 0.418348
vt 0.282261 0.527217
vt 0.216939 0.429235
vt 0.233269 0.35847
vt 0.195165 0.363913
vt 0.227826 0.336696
vt 0.548991 0.380243
vt 0.570765 0.380243
vt 0.559878 0.385687
vt 0.369356 0.739513
vt 0.369357 0.842939
vt 0.489113 0.761287
vt 0.369357 0.842939
vt 0.369356 0.739513
vt 0.238713 0.783061
vt 0.919148 0.532661
vt 0.913705 0.543548
vt 0.930035 0.532661
vt 0.935478 0.559878
vt 0.951809 0.576209
vt 0.946365 0.559878
vt 0.8756 0.380243
vt 0.8756 0.347583
vt 0.913705 0.380243
vt 0.908261 0.456452
vt 0.908261 0.48367
vt 0.870157 0.461896
vt 0.837496 0.135287
vt 0.837496 0.1244
vt 0.821165 0.135287
vt 0.815722 0.086295
vt 0.804835 0.091739
vt 0.815722 0.091739
vt 0.173391 0.320365
vt 0.189722 0.342139
vt 0.162504 0.325809
vt 0.837496 0.075409
vt 0.837496 0.086295
vt 0.815722 0.086295
vt 0.837496 0.069965
vt 0.821165 0.075409
vt 0.837496 0.075409
vt 0.761287 0.723183
vt 0.744957 0.685078
vt 0.788504 0.717739
vt 0.821165 0.761287
vt 0.821165 0.7504
vt 0.837496 0.755844
vt 0.151617 0.304035
vt 0.162504 0.325809
vt 0.173391 0.298591
vt 0.554435 0.380243
vt 0.576209 0.369356
vt 0.538104 0.380243
vt 0.826609 0.761287
vt 0.837496 0.76673
vt 0.837496 0.755844
vt 0.821165 0.772174
vt 0.837496 0.777617
vt 0.821165 0.766731
vt 0.505443 0.363913
vt 0.5 0.369356
vt 0.440122 0.342139
vt 0.532661 0.380243
vt 0.538104 0.380243
vt 0.543548 0.385687
vt 0.7504 0.614313
vt 0.739513 0.592539
vt 0.793948 0.614313
vt 0.755844 0.576209
vt 0.766731 0.565322
vt 0.799391 0.576209
vt 0.804835 0.461896
vt 0.804835 0.48367
vt 0.772174 0.456452
vt 0.772174 0.434678
vt 0.772174 0.407461
vt 0.804835 0.434678
vt 0.870157 0.151617
vt 0.864713 0.14073
vt 0.897374 0.146174
vt 0.897374 0.173391
vt 0.897374 0.184278
vt 0.870157 0.173391
vt 0.804835 0.233269
vt 0.804835 0.244156
vt 0.772174 0.227826
vt 0.804835 0.260487
vt 0.804835 0.276817
vt 0.772174 0.260487
vt 0.7504 0.576209
vt 0.739513 0.592539
vt 0.783061 0.576209
vt 0.739513 0.592539
vt 0.7504 0.576209
vt 0.723183 0.592539
vt 0.777617 0.216939
vt 0.783061 0.200609
vt 0.810278 0.216939
vt 0.783061 0.184278
vt 0.777618 0.173391
vt 0.810278 0.189722
vt 0.870157 0.521774
vt 0.8756 0.505443
vt 0.902818 0.521774
vt 0.870157 0.48367
vt 0.870157 0.461896
vt 0.908261 0.48367
vt 0.783061 0.146174
vt 0.783061 0.135287
vt 0.810278 0.151617
vt 0.810278 0.173391
vt 0.810278 0.189722
vt 0.777618 0.173391
vt 0.178835 0.347583
vt 0.162504 0.325809
vt 0.189722 0.342139
vt 0.886487 0.51633
vt 0.886487 0.532661
vt 0.913705 0.51633
vt 0.913705 0.478226
vt 0.913705 0.456452
vt 0.891931 0.48367
vt 0.053635 0.157061
vt 0.097182 0.178835
vt 0.064522 0.151617
vt 0.097182 0.178835
vt 0.113513 0.151617
vt 0.064522 0.151617
vt 0.222382 0.059078
vt 0.184278 0.031861
vt 0.211496 0.064522
vt 0.184278 0.031861
vt 0.162504 0.064522
vt 0.211496 0.064522
vt 0.091739 0.195165
vt 0.14073 0.195165
vt 0.097182 0.178835
vt 0.14073 0.195165
vt 0.14073 0.157061
vt 0.097182 0.178835
vt 0.189722 0.195165
vt 0.211496 0.151617
vt 0.184278 0.178835
vt 0.211496 0.151617
vt 0.184278 0.129843
vt 0.184278 0.178835
vt 0.14073 0.010087
vt 0.097182 0.031861
vt 0.14073 0.020974
vt 0.097182 0.031861
vt 0.113513 0.064522
vt 0.14073 0.020974
vt 0.222383 0.157061
vt 0.222382 0.108069
vt 0.211496 0.151617
vt 0.222382 0.108069
vt 0.189722 0.108069
vt 0.211496 0.151617
vt 0.14073 0.010087
vt 0.097182 0.031861
vt 0.14073 0.020974
vt 0.097182 0.031861
vt 0.113513 0.064522
vt 0.14073 0.020974
vt 0.238713 0.108069
vt 0.211496 0.064522
vt 0.222383 0.108069
vt 0.211496 0.064522
vt 0.184278 0.080852
vt 0.222383 0.108069
vt 0.053635 0.059078
vt 0.053635 0.108069
vt 0.064522 0.064522
vt 0.053635 0.108069
vt 0.091739 0.108069
vt 0.064522 0.064522
vt 0.053635 0.059078
vt 0.053635 0.108069
vt 0.064522 0.064522
vt 0.053635 0.108069
vt 0.091739 0.108069
vt 0.064522 0.064522
vt 0.73407 0.402017
vt 0.739513 0.434678
vt 0.744957 0.402017
vt 0.739513 0.456452
vt 0.739513 0.478226
vt 0.7504 0.456452
vt 0.913705 0.293148
vt 0.913705 0.309478
vt 0.919148 0.293148
vt 0.913705 0.309478
vt 0.913705 0.293148
vt 0.886487 0.309478
vt 0.837496 0.543548
vt 0.837496 0.559878
vt 0.85927 0.543548
vt 0.837496 0.559878
vt 0.837496 0.543548
vt 0.815722 0.559878
vt 0.189722 0.342139
vt 0.173391 0.320365
vt 0.178835 0.347583
vt 0.897374 0.755844
vt 0.891931 0.7504
vt 0.8756 0.761287
vt 0.853826 0.766731
vt 0.85927 0.772174
vt 0.8756 0.761287
vt 0.766731 0.331252
vt 0.766731 0.314922
vt 0.804835 0.331252
vt 0.799391 0.347583
vt 0.804835 0.380243
vt 0.761287 0.347583
vt 0.162504 0.325809
vt 0.178835 0.347583
vt 0.173391 0.320365
vt 0.951809 0.331252
vt 0.946365 0.309478
vt 0.935478 0.331252
vt 0.940922 0.276817
vt 0.946365 0.260487
vt 0.930035 0.276817
vt 0.178835 0.636087
vt 0.195165 0.527217
vt 0.129843 0.636087
vt 0.178835 0.636087
vt 0.129843 0.636087
vt 0.151617 0.793948
vt 0.129843 0.538104
vt 0.118956 0.538104
vt 0.113513 0.641531
vt 0.597983 0.543548
vt 0.603426 0.636087
vt 0.581652 0.538104
vt 0.8756 0.331252
vt 0.8756 0.314922
vt 0.913705 0.331252
vt 0.913705 0.347583
vt 0.913705 0.380243
vt 0.8756 0.347583
vt 0.206052 0.298591
vt 0.157061 0.309478
vt 0.200609 0.298591
vt 0.129843 0.636087
vt 0.108069 0.636087
vt 0.146174 0.532661
vt 0.129843 0.636087
vt 0.151617 0.793948
vt 0.108069 0.636087
vt 0.576209 0.369356
vt 0.581652 0.342139
vt 0.559878 0.358469
vt 0.772174 0.227826
vt 0.766731 0.244156
vt 0.793948 0.227826
vt 0.799391 0.184278
vt 0.799391 0.173391
vt 0.777618 0.184278
vt 0.848383 0.309478
vt 0.848383 0.309478
vt 0.848383 0.314922
vt 0.576209 0.347583
vt 0.570765 0.380243
vt 0.592539 0.353026
vt 0.744957 0.211496
vt 0.739513 0.227826
vt 0.755844 0.211496
vt 0.761287 0.195165
vt 0.761287 0.184278
vt 0.7504 0.195165
vt 0.85927 0.091739
vt 0.864713 0.102626
vt 0.870157 0.091739
vt 0.870157 0.086295
vt 0.8756 0.086295
vt 0.853826 0.080852
vt 0.053635 0.157061
vt 0.064522 0.151617
vt 0.042748 0.108069
vt 0.189722 0.195165
vt 0.184278 0.178835
vt 0.14073 0.206052
vt 0.053635 0.059078
vt 0.064522 0.064522
vt 0.091739 0.020974
vt 0.14073 0.010087
vt 0.14073 0.020974
vt 0.189722 0.020974
vt 0.053635 0.157061
vt 0.064522 0.151617
vt 0.042748 0.108069
vt 0.238713 0.108069
vt 0.222383 0.108069
vt 0.222383 0.157061
vt 0.189722 0.195165
vt 0.184278 0.178835
vt 0.14073 0.206052
vt 0.053635 0.059078
vt 0.064522 0.064522
vt 0.091739 0.020974
vt 0.189722 0.020974
vt 0.184278 0.031861
vt 0.222383 0.059078
vt 0.222382 0.059078
vt 0.211496 0.064522
vt 0.238713 0.108069
vt 0.908261 0.184278
vt 0.908261 0.195165
vt 0.919148 0.184278
vt 0.902818 0.200609
vt 0.902818 0.184278
vt 0.881044 0.200609
vt 0.908261 0.314922
vt 0.913705 0.331252
vt 0.8756 0.314922
vt 0.8756 0.276817
vt 0.8756 0.260487
vt 0.908261 0.276817
vt 0.369356 0.521774
vt 0.369356 0.412904
vt 0.282261 0.527217
vt 0.282261 0.527217
vt 0.276817 0.636087
vt 0.369356 0.521774
vt 0.837496 0.298591
vt 0.842939 0.304035
vt 0.837496 0.293148
vt 0.842939 0.298591
vt 0.842939 0.298591
vt 0.842939 0.304035
vt 0.804835 0.314922
vt 0.804835 0.331252
vt 0.766731 0.314922
vt 0.772174 0.276817
vt 0.772174 0.260487
vt 0.804835 0.276817
vt 0.162504 0.325809
vt 0.151617 0.304035
vt 0.173391 0.320365
vt 0.559878 0.385687
vt 0.581652 0.385687
vt 0.565322 0.39113
vt 0.554435 0.396574
vt 0.581652 0.467339
vt 0.554435 0.39113
vt 0.886487 0.3748
vt 0.886487 0.407461
vt 0.913705 0.3748
vt 0.886487 0.407461
vt 0.886487 0.3748
vt 0.864713 0.407461
vt 0.195165 0.527217
vt 0.216939 0.429235
vt 0.146174 0.532661
vt 0.146174 0.532661
vt 0.129843 0.636087
vt 0.195165 0.527217
vt 0.554435 0.39113
vt 0.559878 0.385687
vt 0.538104 0.380243
vt 0.559878 0.385687
vt 0.554435 0.39113
vt 0.565322 0.39113
vt 0.946365 0.652417
vt 0.962696 0.630643
vt 0.930035 0.652417
vt 0.913705 0.723183
vt 0.930035 0.685078
vt 0.902818 0.717739
vt 0.73407 0.309478
vt 0.728626 0.331252
vt 0.744957 0.309478
vt 0.744957 0.276817
vt 0.744957 0.260487
vt 0.73407 0.276817
vt 0.369356 0.739513
vt 0.369356 0.636087
vt 0.451009 0.636087
vt 0.276817 0.636087
vt 0.369356 0.636087
vt 0.369356 0.739513
vt 0.451009 0.636087
vt 0.445565 0.527217
vt 0.527217 0.636087
vt 0.445565 0.527217
vt 0.451009 0.636087
vt 0.369356 0.521774
vt 0.369356 0.636087
vt 0.369356 0.521774
vt 0.276817 0.636087
vt 0.369356 0.739513
vt 0.369356 0.636087
vt 0.276817 0.636087
vt 0.832052 0.293148
vt 0.832052 0.298591
vt 0.832052 0.298591
vt 0.527217 0.636087
vt 0.527217 0.532661
vt 0.587096 0.636087
vt 0.527217 0.636087
vt 0.587096 0.636087
vt 0.570765 0.755844
vt 0.592539 0.543548
vt 0.603426 0.641531
vt 0.603426 0.548991
vt 0.85927 0.532661
vt 0.85927 0.543548
vt 0.886487 0.532661
vt 0.886487 0.532661
vt 0.886487 0.51633
vt 0.85927 0.532661
vt 0.772174 0.091739
vt 0.766731 0.102626
vt 0.783061 0.091739
vt 0.766731 0.102626
vt 0.772174 0.091739
vt 0.793948 0.102626
vt 0.826609 0.298591
vt 0.826609 0.298591
vt 0.826609 0.298591
vt 0.815722 0.216939
vt 0.815722 0.233269
vt 0.837496 0.216939
vt 0.815722 0.233269
vt 0.815722 0.216939
vt 0.793948 0.227826
vt 0.766731 0.276817
vt 0.766731 0.293148
vt 0.788504 0.276817
vt 0.766731 0.293148
vt 0.766731 0.276817
vt 0.755844 0.293148
vt 0.7504 0.597983
vt 0.761287 0.614313
vt 0.766731 0.597983
vt 0.842939 0.298591
vt 0.842939 0.304035
vt 0.842939 0.298591
vt 0.527217 0.532661
vt 0.51633 0.440122
vt 0.581652 0.538104
vt 0.581652 0.538104
vt 0.587096 0.636087
vt 0.527217 0.532661
vt 0.832052 0.304035
vt 0.832052 0.298591
vt 0.832052 0.298591
vt 0.810278 0.538104
vt 0.810278 0.548991
vt 0.777618 0.532661
vt 0.810278 0.548991
vt 0.804835 0.565322
vt 0.783061 0.548991
vt 0.826609 0.304035
vt 0.832052 0.304035
vt 0.826609 0.304035
vt 0.826609 0.304035
vt 0.826609 0.304035
vt 0.826609 0.304035
vt 0.826609 0.304035
vt 0.826609 0.309478
vt 0.826609 0.304035
vt 0.8756 0.592539
vt 0.881044 0.597983
vt 0.902818 0.592539
vt 0.85927 0.597983
vt 0.85927 0.614313
vt 0.870157 0.603426
vt 0.935478 0.211496
vt 0.924591 0.195165
vt 0.924591 0.211496
vt 0.930035 0.184278
vt 0.930035 0.173391
vt 0.919148 0.184278
vt 0.282261 0.527217
vt 0.293148 0.418348
vt 0.369356 0.521774
vt 0.369356 0.521774
vt 0.369356 0.636087
vt 0.282261 0.527217
vt 0.826609 0.293148
vt 0.826609 0.293148
vt 0.832052 0.293148
vt 0.178835 0.636087
vt 0.195165 0.527217
vt 0.276817 0.636087
vt 0.195165 0.527217
vt 0.178835 0.636087
vt 0.146174 0.532661
vt 0.891931 0.135287
vt 0.897374 0.146174
vt 0.864713 0.14073
vt 0.864713 0.118956
vt 0.864713 0.108069
vt 0.886487 0.113513
vt 0.440122 0.342139
vt 0.434678 0.35847
vt 0.3748 0.331252
vt 0.440122 0.423791
vt 0.445565 0.527217
vt 0.369357 0.412904
vt 0.445565 0.527217
vt 0.451009 0.636087
vt 0.527217 0.532661
vt 0.451009 0.636087
vt 0.445565 0.527217
vt 0.369356 0.636087
vt 0.837496 0.76673
vt 0.837496 0.755844
vt 0.85927 0.761287
vt 0.837496 0.755844
vt 0.837496 0.76673
vt 0.821165 0.761287
vt 0.157061 0.309478
vt 0.206052 0.298591
vt 0.14073 0.314922
vt 0.908261 0.102626
vt 0.908261 0.091739
vt 0.902818 0.102626
vt 0.8756 0.086295
vt 0.886487 0.086295
vt 0.85927 0.075409
vt 0.842939 0.293148
vt 0.842939 0.293148
vt 0.842939 0.293148
vt 0.881044 0.636087
vt 0.886487 0.614313
vt 0.919148 0.636087
vt 0.891931 0.592539
vt 0.881044 0.576209
vt 0.940922 0.592539
vt 0.842939 0.304035
vt 0.842939 0.304035
vt 0.842939 0.304035
vt 0.097182 0.641531
vt 0.091739 0.641531
vt 0.118956 0.538104
vt 0.097182 0.641531
vt 0.129843 0.821165
vt 0.091739 0.641531
vt 0.886487 0.717739
vt 0.902818 0.690522
vt 0.913705 0.723183
vt 0.8756 0.7504
vt 0.897374 0.755844
vt 0.8756 0.761287
vt 0.581652 0.467339
vt 0.603426 0.548991
vt 0.576209 0.461896
vt 0.603426 0.548991
vt 0.576209 0.461896
vt 0.592539 0.543548
vt 0.864713 0.347583
vt 0.864713 0.3748
vt 0.891931 0.347583
vt 0.864713 0.3748
vt 0.864713 0.347583
vt 0.837496 0.3748
vt 0.821165 0.309478
vt 0.826609 0.309478
vt 0.821165 0.309478
vt 0.821165 0.314922
vt 0.821165 0.314922
vt 0.821165 0.309478
vt 0.832052 0.304035
vt 0.826609 0.304035
vt 0.832052 0.304035
vt 0.842939 0.293148
vt 0.842939 0.293148
vt 0.842939 0.293148
vt 0.842939 0.298591
vt 0.842939 0.293148
vt 0.842939 0.298591
vt 0.815722 0.108069
vt 0.815722 0.118956
vt 0.793948 0.102626
vt 0.815722 0.097182
vt 0.793948 0.091739
vt 0.815722 0.086295
vt 0.538104 0.380243
vt 0.532661 0.380243
vt 0.554435 0.380243
vt 0.178835 0.347583
vt 0.184278 0.369356
vt 0.189722 0.342139
vt 0.870157 0.189722
vt 0.870157 0.173391
vt 0.897374 0.184278
vt 0.897374 0.200609
vt 0.902818 0.216939
vt 0.870157 0.200609
vt 0.837496 0.304035
vt 0.842939 0.304035
vt 0.837496 0.298591
vt 0.810278 0.14073
vt 0.810278 0.151617
vt 0.783061 0.135287
vt 0.788504 0.1244
vt 0.788504 0.113513
vt 0.815722 0.1244
vt 0.837496 0.173391
vt 0.837496 0.189722
vt 0.85927 0.173391
vt 0.837496 0.189722
vt 0.837496 0.173391
vt 0.815722 0.184278
vt 0.494557 0.930035
vt 0.35847 0.98447
vt 0.5 0.940922
vt 0.510887 0.924591
vt 0.581652 0.783061
vt 0.510887 0.946365
vt 0.581652 0.538104
vt 0.559878 0.456452
vt 0.527217 0.532661
vt 0.527217 0.532661
vt 0.527217 0.636087
vt 0.581652 0.538104
vt 0.788504 0.7504
vt 0.772174 0.717739
vt 0.783061 0.755844
vt 0.799391 0.761287
vt 0.783061 0.755844
vt 0.799391 0.7504
vt 0.826609 0.293148
vt 0.826609 0.298591
vt 0.826609 0.293148
vt 0.848383 0.304035
vt 0.848383 0.304035
vt 0.848383 0.309478
vt 0.848383 0.304035
vt 0.848383 0.304035
vt 0.848383 0.304035
vt 0.842939 0.304035
vt 0.842939 0.298591
vt 0.842939 0.304035
vt 0.832052 0.293148
vt 0.832052 0.293148
vt 0.832052 0.293148
vt 0.853826 0.113513
vt 0.853826 0.102626
vt 0.837496 0.113513
vt 0.826609 0.086295
vt 0.837496 0.086295
vt 0.826609 0.086295
vt 0.837496 0.293148
vt 0.842939 0.298591
vt 0.837496 0.293148
vt 0.848383 0.309478
vt 0.848383 0.309478
vt 0.848383 0.304035
vt 0.848383 0.309478
vt 0.848383 0.304035
vt 0.848383 0.309478
vt 0.85927 0.233269
vt 0.85927 0.216939
vt 0.837496 0.233269
vt 0.85927 0.216939
vt 0.85927 0.233269
vt 0.881044 0.216939
vt 0.913705 0.135287
vt 0.919148 0.146174
vt 0.919148 0.135287
vt 0.913705 0.1244
vt 0.913705 0.113513
vt 0.908261 0.1244
vt 0.151617 0.342139
vt 0.173391 0.347583
vt 0.162504 0.331252
vt 0.832052 0.298591
vt 0.832052 0.304035
vt 0.832052 0.304035
vt 0.587096 0.636087
vt 0.581652 0.538104
vt 0.527217 0.636087
vt 0.570765 0.755844
vt 0.587096 0.636087
vt 0.527217 0.636087
vt 0.924591 0.309478
vt 0.919148 0.293148
vt 0.913705 0.309478
vt 0.930035 0.293148
vt 0.935478 0.309478
vt 0.940922 0.293148
vt 0.195165 0.363913
vt 0.233269 0.35847
vt 0.189722 0.342139
vt 0.195165 0.363913
vt 0.189722 0.342139
vt 0.184278 0.369356
vt 0.832052 0.304035
vt 0.832052 0.304035
vt 0.832052 0.304035
vt 0.51633 0.957252
vt 0.592539 0.821165
vt 0.510887 0.946365
vt 0.886487 0.102626
vt 0.886487 0.113513
vt 0.864713 0.108069
vt 0.886487 0.091739
vt 0.864713 0.097182
vt 0.864713 0.086295
vt 0.826609 0.298591
vt 0.826609 0.304035
vt 0.826609 0.304035
vt 0.842939 0.298591
vt 0.837496 0.293148
vt 0.842939 0.304035
vt 0.826609 0.293148
vt 0.826609 0.293148
vt 0.826609 0.293148
vt 0.783061 0.576209
vt 0.772174 0.592539
vt 0.810278 0.576209
vt 0.788504 0.51633
vt 0.793948 0.532661
vt 0.815722 0.51633
vt 0.157061 0.440122
vt 0.151617 0.445565
vt 0.118956 0.538104
vt 0.178835 0.369356
vt 0.173391 0.347583
vt 0.178835 0.369356
vt 0.946365 0.244156
vt 0.940922 0.227826
vt 0.935478 0.244156
vt 0.940922 0.227826
vt 0.946365 0.244156
vt 0.908261 0.227826
vt 0.723183 0.347583
vt 0.728626 0.3748
vt 0.739513 0.347583
vt 0.728626 0.3748
vt 0.723183 0.347583
vt 0.766731 0.380243
vt 0.701409 0.614313
vt 0.690522 0.592539
vt 0.7504 0.614313
vt 0.690522 0.592539
vt 0.701409 0.614313
vt 0.706852 0.592539
vt 0.826609 0.309478
vt 0.826609 0.309478
vt 0.826609 0.309478
vt 0.826609 0.304035
vt 0.826609 0.304035
vt 0.832052 0.304035
vt 0.832052 0.293148
vt 0.826609 0.293148
vt 0.832052 0.293148
vt 0.837496 0.304035
vt 0.842939 0.304035
vt 0.842939 0.304035
vt 0.826609 0.304035
vt 0.826609 0.304035
vt 0.826609 0.304035
vt 0.848383 0.304035
vt 0.848383 0.304035
vt 0.848383 0.304035
vt 0.848383 0.309478
vt 0.848383 0.309478
vt 0.848383 0.309478
vt 0.842939 0.293148
vt 0.842939 0.293148
vt 0.842939 0.293148
vt 0.755844 0.135287
vt 0.755844 0.146174
vt 0.766731 0.135287
vt 0.766731 0.113513
vt 0.761287 0.1244
vt 0.772174 0.113513
vt 0.881044 0.135287
vt 0.881044 0.146174
vt 0.897374 0.135287
vt 0.85927 0.151617
vt 0.85927 0.135287
vt 0.837496 0.151617
vt 0.940922 0.434678
vt 0.946365 0.402017
vt 0.930035 0.434678
vt 0.946365 0.402017
vt 0.940922 0.434678
vt 0.908261 0.407461
vt 0.837496 0.293148
vt 0.842939 0.293148
vt 0.842939 0.293148
vt 0.815722 0.597983
vt 0.826609 0.592539
vt 0.799391 0.597983
vt 0.902818 0.603426
vt 0.913705 0.597983
vt 0.891931 0.603426
vt 0.842939 0.304035
vt 0.842939 0.304035
vt 0.842939 0.304035
vt 0.14073 0.314922
vt 0.151617 0.342139
vt 0.135287 0.320365
vt 0.135287 0.320365
vt 0.200609 0.298591
vt 0.14073 0.314922
vt 0.826609 0.304035
vt 0.826609 0.298591
vt 0.826609 0.298591
vt 0.826609 0.304035
vt 0.826609 0.304035
vt 0.826609 0.304035
vt 0.826609 0.304035
vt 0.826609 0.304035
vt 0.826609 0.304035
vt 0.434678 0.35847
vt 0.440122 0.342139
vt 0.3748 0.353026
vt 0.505443 0.363913
vt 0.5 0.369356
vt 0.538104 0.380243
vt 0.864713 0.075409
vt 0.886487 0.086295
vt 0.864713 0.086295
vt 0.864713 0.086295
vt 0.837496 0.075409
vt 0.864713 0.075409
vt 0.793948 0.086295
vt 0.815722 0.075409
vt 0.815722 0.086295
vt 0.815722 0.086295
vt 0.815722 0.075409
vt 0.837496 0.075409
vt 0.162504 0.331252
vt 0.178835 0.342139
vt 0.151617 0.342139
vt 0.766731 0.244156
vt 0.772174 0.227826
vt 0.804835 0.244156
vt 0.772174 0.227826
vt 0.766731 0.244156
vt 0.739513 0.227826
vt 0.216939 0.429235
vt 0.195165 0.527217
vt 0.293148 0.418348
vt 0.233269 0.35847
vt 0.304035 0.353026
vt 0.227826 0.336696
vt 0.826609 0.293148
vt 0.832052 0.293148
vt 0.826609 0.293148
vt 0.222382 0.108069
vt 0.184278 0.080852
vt 0.189722 0.108069
vt 0.184278 0.080852
vt 0.14073 0.108069
vt 0.189722 0.108069
vt 0.216939 0.146174
vt 0.216939 0.146174
vt 0.216939 0.146174
vt 0.216939 0.146174
vt 0.216939 0.146174
vt 0.216939 0.146174
vt 0.216939 0.146174
vt 0.216939 0.146174
vt 0.216939 0.146174
vt 0.216939 0.146174
vt 0.216939 0.146174
vt 0.216939 0.146174
vt 0.064522 0.064522
vt 0.091739 0.108069
vt 0.097182 0.080852
vt 0.091739 0.108069
vt 0.14073 0.108069
vt 0.097182 0.080852
vt 0.216939 0.146174
vt 0.216939 0.146174
vt 0.216939 0.146174
vt 0.216939 0.146174
vt 0.216939 0.146174
vt 0.216939 0.146174
vt 0.184278 0.031861
vt 0.14073 0.059078
vt 0.162504 0.064522
vt 0.14073 0.059078
vt 0.14073 0.108069
vt 0.162504 0.064522
vt 0.064522 0.151617
vt 0.113513 0.151617
vt 0.097182 0.129843
vt 0.113513 0.151617
vt 0.14073 0.108069
vt 0.097182 0.129843
vt 0.908261 0.227826
vt 0.908261 0.244156
vt 0.870157 0.233269
vt 0.908261 0.244156
vt 0.908261 0.227826
vt 0.946365 0.244156
vt 0.7504 0.597983
vt 0.766731 0.597983
vt 0.777618 0.592539
vt 0.783061 0.548991
vt 0.777618 0.532661
vt 0.810278 0.548991
vt 0.777618 0.532661
vt 0.783061 0.548991
vt 0.7504 0.532661
vt 0.842939 0.304035
vt 0.842939 0.304035
vt 0.842939 0.304035
vt 0.973583 0.614313
vt 0.989913 0.592539
vt 0.957252 0.614313
vt 0.989913 0.592539
vt 0.973583 0.614313
vt 0.940922 0.592539
vt 0.576209 0.461896
vt 0.603426 0.548991
vt 0.565322 0.456452
vt 0.603426 0.548991
vt 0.614313 0.641531
vt 0.592539 0.543548
vt 0.755844 0.652417
vt 0.772174 0.685078
vt 0.772174 0.652417
vt 0.755844 0.685078
vt 0.739513 0.652417
vt 0.744957 0.685078
vt 0.723183 0.646974
vt 0.728626 0.646974
vt 0.717739 0.641531
vt 0.73407 0.657861
vt 0.728626 0.657861
vt 0.723183 0.668748
vt 0.908261 0.505443
vt 0.902818 0.521774
vt 0.8756 0.505443
vt 0.902818 0.521774
vt 0.908261 0.505443
vt 0.935478 0.51633
vt 0.930035 0.51633
vt 0.935478 0.505443
vt 0.919148 0.51633
vt 0.935478 0.505443
vt 0.930035 0.51633
vt 0.940922 0.505443
vt 0.973583 0.657861
vt 0.962696 0.657861
vt 0.98447 0.668748
vt 0.935478 0.646974
vt 0.946365 0.646974
vt 0.930035 0.636087
vt 0.864713 0.097182
vt 0.837496 0.097182
vt 0.837496 0.086295
vt 0.837496 0.086295
vt 0.837496 0.097182
vt 0.815722 0.097182
vt 0.848383 0.309478
vt 0.848383 0.309478
vt 0.848383 0.309478
vt 0.842939 0.304035
vt 0.837496 0.298591
vt 0.842939 0.304035
vt 0.8756 0.685078
vt 0.870157 0.712296
vt 0.891931 0.685078
vt 0.902818 0.652417
vt 0.902818 0.646974
vt 0.881044 0.652417
vt 0.842939 0.293148
vt 0.842939 0.298591
vt 0.842939 0.293148
vt 0.848383 0.309478
vt 0.848383 0.309478
vt 0.848383 0.309478
vt 0.842939 0.304035
vt 0.842939 0.304035
vt 0.842939 0.304035
vt 0.761287 0.434678
vt 0.755844 0.407461
vt 0.7504 0.434678
vt 0.7504 0.434678
vt 0.744957 0.402017
vt 0.739513 0.434678
vt 0.440122 0.342139
vt 0.451009 0.314922
vt 0.3748 0.331252
vt 0.293148 0.309478
vt 0.216939 0.314922
vt 0.298591 0.331252
vt 0.793948 0.227826
vt 0.793948 0.216939
vt 0.772174 0.227826
vt 0.793948 0.216939
vt 0.793948 0.227826
vt 0.815722 0.216939
vt 0.587096 0.810278
vt 0.510887 0.946365
vt 0.592539 0.821165
vt 0.592539 0.821165
vt 0.614313 0.641531
vt 0.587096 0.810278
vt 0.832052 0.304035
vt 0.832052 0.304035
vt 0.832052 0.304035
vt 0.8756 0.244156
vt 0.870157 0.233269
vt 0.908261 0.244156
vt 0.870157 0.233269
vt 0.8756 0.244156
vt 0.837496 0.233269
vt 0.543548 0.385687
vt 0.554435 0.380243
vt 0.532661 0.380243
vt 0.930035 0.347583
vt 0.924591 0.3748
vt 0.940922 0.347583
vt 0.940922 0.347583
vt 0.935478 0.3748
vt 0.957252 0.347583
vt 0.842939 0.304035
vt 0.842939 0.304035
vt 0.842939 0.298591
vt 0.881044 0.636087
vt 0.8756 0.657861
vt 0.837496 0.636087
vt 0.902818 0.690522
vt 0.886487 0.717739
vt 0.870157 0.690522
vt 0.559878 0.358469
vt 0.538104 0.380243
vt 0.521774 0.342139
vt 0.521774 0.342139
vt 0.521774 0.309478
vt 0.559878 0.358469
vt 0.184278 0.369356
vt 0.178835 0.347583
vt 0.195165 0.363913
vt 0.826609 0.298591
vt 0.826609 0.293148
vt 0.826609 0.298591
vt 0.532661 0.325809
vt 0.576209 0.347583
vt 0.532661 0.331252
vt 0.837496 0.614313
vt 0.837496 0.592539
vt 0.886487 0.614313
vt 0.837496 0.592539
vt 0.837496 0.614313
vt 0.788504 0.592539
vt 0.799391 0.173391
vt 0.799391 0.184278
vt 0.815722 0.173391
vt 0.815722 0.162504
vt 0.815722 0.151617
vt 0.793948 0.162504
vt 0.842939 0.293148
vt 0.837496 0.293148
vt 0.842939 0.298591
vt 0.761287 0.657861
vt 0.755844 0.636087
vt 0.799391 0.657861
vt 0.755844 0.636087
vt 0.761287 0.657861
vt 0.712296 0.630643
vt 0.788505 0.48367
vt 0.788505 0.456452
vt 0.761287 0.478226
vt 0.788505 0.456452
vt 0.788505 0.48367
vt 0.815722 0.456452
vt 0.810278 0.200609
vt 0.810278 0.216939
vt 0.783061 0.200609
vt 0.810278 0.216939
vt 0.810278 0.200609
vt 0.837496 0.216939
vt 0.832052 0.298591
vt 0.832052 0.293148
vt 0.832052 0.293148
vt 0.799391 0.146174
vt 0.799391 0.135287
vt 0.777618 0.146174
vt 0.783061 0.113513
vt 0.772174 0.1244
vt 0.788504 0.113513
vt 0.826609 0.304035
vt 0.826609 0.304035
vt 0.826609 0.304035
vt 0.826609 0.304035
vt 0.826609 0.304035
vt 0.826609 0.309478
vt 0.440122 0.342139
vt 0.451009 0.314922
vt 0.505443 0.363913
vt 0.3748 0.309478
vt 0.3748 0.287704
vt 0.451009 0.314922
vt 0.832052 0.304035
vt 0.832052 0.304035
vt 0.832052 0.304035
vt 0.783061 0.685078
vt 0.793948 0.717739
vt 0.799391 0.685078
vt 0.777618 0.646974
vt 0.772174 0.652417
vt 0.793948 0.646974
vt 0.957252 0.614313
vt 0.973583 0.592539
vt 0.940922 0.614313
vt 0.973583 0.592539
vt 0.957252 0.614313
vt 0.989913 0.592539
vt 0.826609 0.293148
vt 0.826609 0.293148
vt 0.826609 0.293148
vt 0.891931 0.347583
vt 0.886487 0.331252
vt 0.864713 0.347583
vt 0.886487 0.331252
vt 0.891931 0.347583
vt 0.913705 0.331252
vt 0.826609 0.304035
vt 0.826609 0.304035
vt 0.826609 0.304035
vt 0.842939 0.293148
vt 0.842939 0.293148
vt 0.842939 0.293148
vt 0.940922 0.636087
vt 0.930035 0.636087
vt 0.946365 0.646974
vt 0.973583 0.668748
vt 0.98447 0.668748
vt 0.962696 0.657861
vt 0.935478 0.51633
vt 0.940922 0.505443
vt 0.930035 0.51633
vt 0.940922 0.505443
vt 0.935478 0.51633
vt 0.908261 0.505443
vt 0.728626 0.636087
vt 0.717739 0.641531
vt 0.728626 0.646974
vt 0.723183 0.668748
vt 0.723183 0.668748
vt 0.728626 0.657861
vt 0.723183 0.668748
vt 0.723183 0.668748
vt 0.723183 0.657861
vt 0.739513 0.636087
vt 0.728626 0.636087
vt 0.73407 0.646974
vt 0.832052 0.293148
vt 0.832052 0.293148
vt 0.826609 0.293148
vt 0.962696 0.668748
vt 0.973583 0.668748
vt 0.951809 0.657861
vt 0.951809 0.636087
vt 0.940922 0.636087
vt 0.957252 0.646974
vt 0.940922 0.592539
vt 0.930035 0.614313
vt 0.891931 0.592539
vt 0.930035 0.614313
vt 0.940922 0.592539
vt 0.973583 0.614313
vt 0.793948 0.091739
vt 0.788504 0.102626
vt 0.804835 0.091739
vt 0.777618 0.102626
vt 0.783061 0.091739
vt 0.766731 0.102626
vt 0.842939 0.304035
vt 0.842939 0.304035
vt 0.842939 0.304035
vt 0.739513 0.227826
vt 0.73407 0.244156
vt 0.7504 0.227826
vt 0.73407 0.244156
vt 0.739513 0.227826
vt 0.766731 0.244156
vt 0.293148 0.309478
vt 0.216939 0.314922
vt 0.293148 0.287704
vt 0.216939 0.314922
vt 0.293148 0.309478
vt 0.227826 0.336696
vt 0.287704 0.287704
vt 0.3748 0.287704
vt 0.293148 0.287704
vt 0.766731 0.380243
vt 0.761287 0.347583
vt 0.804835 0.380243
vt 0.761287 0.347583
vt 0.766731 0.380243
vt 0.723183 0.347583
vt 0.826609 0.304035
vt 0.826609 0.304035
vt 0.826609 0.304035
vt 0.864713 0.7504
vt 0.870157 0.755844
vt 0.8756 0.744957
vt 0.853826 0.761287
vt 0.853826 0.766731
vt 0.870157 0.755844
vt 0.821165 0.761287
vt 0.799391 0.761287
vt 0.799391 0.7504
vt 0.799391 0.761287
vt 0.821165 0.772174
vt 0.804835 0.761287
vt 0.821165 0.304035
vt 0.826609 0.304035
vt 0.821165 0.304035
vt 0.772174 0.532661
vt 0.777618 0.543548
vt 0.793948 0.532661
vt 0.777618 0.543548
vt 0.772174 0.532661
vt 0.772174 0.543548
vt 0.842939 0.304035
vt 0.842939 0.304035
vt 0.842939 0.304035
vt 0.739513 0.646974
vt 0.73407 0.646974
vt 0.73407 0.657861
vt 0.723183 0.657861
vt 0.723183 0.657861
vt 0.723183 0.646974
vt 0.842939 0.293148
vt 0.842939 0.293148
vt 0.842939 0.293148
vt 0.957252 0.592539
vt 0.940922 0.576209
vt 0.940922 0.592539
vt 0.940922 0.592539
vt 0.924591 0.576209
vt 0.908261 0.592539
vt 0.216939 0.146174
vt 0.216939 0.146174
vt 0.216939 0.146174
vt 0.216939 0.146174
vt 0.216939 0.146174
vt 0.216939 0.146174
vt 0.940922 0.657861
vt 0.951809 0.657861
vt 0.935478 0.646974
vt 0.968139 0.646974
vt 0.957252 0.646974
vt 0.973583 0.657861
vt 0.456452 0.298591
vt 0.3748 0.287704
vt 0.451009 0.293148
vt 0.919148 0.614313
vt 0.924591 0.597983
vt 0.908261 0.614313
vt 0.908261 0.630643
vt 0.902818 0.646974
vt 0.913705 0.630643
vt 0.5 0.369356
vt 0.505443 0.363913
vt 0.532661 0.380243
vt 0.532661 0.380243
vt 0.559878 0.456452
vt 0.5 0.369356
vt 0.788504 0.592539
vt 0.793948 0.614313
vt 0.739513 0.592539
vt 0.793948 0.614313
vt 0.788504 0.592539
vt 0.837496 0.614313
vt 0.848383 0.309478
vt 0.848383 0.309478
vt 0.848383 0.309478
vt 0.848383 0.304035
vt 0.848383 0.304035
vt 0.848383 0.304035
vt 0.908261 0.407461
vt 0.902818 0.434678
vt 0.8756 0.407461
vt 0.902818 0.434678
vt 0.908261 0.407461
vt 0.940922 0.434678
vt 0.924592 0.276817
vt 0.924592 0.260487
vt 0.913705 0.276817
vt 0.930035 0.276817
vt 0.930035 0.293148
vt 0.940922 0.276817
vt 0.739513 0.505443
vt 0.744957 0.51633
vt 0.744957 0.505443
vt 0.744957 0.51633
vt 0.739513 0.505443
vt 0.777618 0.521774
vt 0.532661 0.325809
vt 0.456452 0.304035
vt 0.532661 0.331252
vt 0.826609 0.304035
vt 0.826609 0.304035
vt 0.826609 0.304035
vt 0.826609 0.304035
vt 0.826609 0.304035
vt 0.826609 0.304035
vt 0.614313 0.641531
vt 0.603426 0.548991
vt 0.614313 0.641531
vt 0.614313 0.641531
vt 0.587096 0.810278
vt 0.614313 0.641531
vt 0.799391 0.657861
vt 0.799391 0.636087
vt 0.837496 0.663304
vt 0.815722 0.717739
vt 0.804835 0.690522
vt 0.837496 0.717739
vt 0.804835 0.505443
vt 0.804835 0.521774
vt 0.772174 0.505443
vt 0.804835 0.521774
vt 0.804835 0.505443
vt 0.837496 0.521774
vt 0.581652 0.385687
vt 0.559878 0.385687
vt 0.587096 0.385687
vt 0.587096 0.385687
vt 0.592539 0.353026
vt 0.581652 0.385687
vt 0.222383 0.957252
vt 0.1244 0.821165
vt 0.222383 0.951809
vt 0.815722 0.347583
vt 0.815722 0.331252
vt 0.788504 0.347583
vt 0.815722 0.331252
vt 0.815722 0.347583
vt 0.837496 0.331252
vt 0.842939 0.298591
vt 0.842939 0.298591
vt 0.848383 0.304035
vt 0.848383 0.304035
vt 0.848383 0.304035
vt 0.848383 0.304035
vt 0.766731 0.195165
vt 0.766731 0.184278
vt 0.761287 0.195165
vt 0.777618 0.184278
vt 0.777618 0.200609
vt 0.799391 0.184278
vt 0.864713 0.548991
vt 0.870157 0.538104
vt 0.897374 0.548991
vt 0.870157 0.538104
vt 0.864713 0.548991
vt 0.837496 0.538104
vt 0.173391 0.347583
vt 0.178835 0.369356
vt 0.178835 0.342139
vt 0.178835 0.342139
vt 0.162504 0.331252
vt 0.173391 0.347583
vt 0.85927 0.652417
vt 0.853826 0.679635
vt 0.881044 0.652417
vt 0.821165 0.679635
vt 0.815722 0.652417
vt 0.799391 0.685078
vt 0.167948 0.347583
vt 0.146174 0.342139
vt 0.173391 0.347583
vt 0.173391 0.347583
vt 0.178835 0.369356
vt 0.167948 0.347583
vt 0.826609 0.309478
vt 0.826609 0.309478
vt 0.826609 0.309478
vt 0.821165 0.309478
vt 0.821165 0.309478
vt 0.826609 0.309478
vt 0.821165 0.309478
vt 0.821165 0.309478
vt 0.821165 0.309478
vt 0.821165 0.309478
vt 0.821165 0.304035
vt 0.821165 0.304035
vt 0.227826 0.940922
vt 0.14073 0.815722
vt 0.222383 0.951809
vt 0.848383 0.314922
vt 0.848383 0.314922
vt 0.848383 0.309478
vt 0.848383 0.309478
vt 0.848383 0.309478
vt 0.848383 0.314922
vt 0.848383 0.309478
vt 0.848383 0.309478
vt 0.848383 0.309478
vt 0.848383 0.314922
vt 0.848383 0.309478
vt 0.848383 0.320365
vt 0.804835 0.592539
vt 0.799391 0.597983
vt 0.826609 0.592539
vt 0.799391 0.597983
vt 0.804835 0.592539
vt 0.783061 0.597983
vt 0.151617 0.342139
vt 0.173391 0.347583
vt 0.146174 0.342139
vt 0.146174 0.342139
vt 0.135287 0.320365
vt 0.151617 0.342139
vt 0.723183 0.657861
vt 0.723183 0.657861
vt 0.723183 0.668748
vt 0.73407 0.646974
vt 0.739513 0.646974
vt 0.739513 0.636087
vt 0.815722 0.7504
vt 0.804835 0.744957
vt 0.810278 0.755844
vt 0.821165 0.766731
vt 0.837496 0.772174
vt 0.826609 0.761287
vt 0.51633 0.440122
vt 0.5 0.369356
vt 0.440122 0.423791
vt 0.5 0.369356
vt 0.505443 0.363913
vt 0.434678 0.35847
vt 0.755844 0.293148
vt 0.755844 0.309478
vt 0.766731 0.293148
vt 0.744957 0.309478
vt 0.744957 0.293148
vt 0.73407 0.309478
vt 0.951809 0.657861
vt 0.940922 0.657861
vt 0.962696 0.668748
vt 0.957252 0.646974
vt 0.968139 0.646974
vt 0.951809 0.636087
vt 0.755844 0.146174
vt 0.7504 0.157061
vt 0.761287 0.146174
vt 0.7504 0.157061
vt 0.755844 0.146174
vt 0.777618 0.162504
vt 0.826609 0.614313
vt 0.826609 0.592539
vt 0.815722 0.614313
vt 0.848383 0.592539
vt 0.848383 0.614313
vt 0.85927 0.597983
vt 0.216939 0.429235
vt 0.233269 0.35847
vt 0.293148 0.418348
vt 0.304035 0.353026
vt 0.233269 0.35847
vt 0.298591 0.331252
vt 0.826609 0.102626
vt 0.821165 0.113513
vt 0.837496 0.102626
vt 0.821165 0.113513
vt 0.826609 0.102626
vt 0.804835 0.113513
vt 0.777618 0.646974
vt 0.766731 0.630643
vt 0.772174 0.652417
vt 0.554435 0.380243
vt 0.543548 0.385687
vt 0.538104 0.380243
vt 0.744957 0.505443
vt 0.7504 0.51633
vt 0.7504 0.505443
vt 0.7504 0.51633
vt 0.744957 0.505443
vt 0.744957 0.51633
vt 0.913705 0.157061
vt 0.908261 0.146174
vt 0.902818 0.157061
vt 0.919148 0.146174
vt 0.919148 0.157061
vt 0.924591 0.146174
vt 0.85927 0.086295
vt 0.848383 0.086295
vt 0.848383 0.086295
vt 0.848383 0.086295
vt 0.848383 0.086295
vt 0.837496 0.086295
vt 0.3748 0.309478
vt 0.3748 0.331252
vt 0.451009 0.314922
vt 0.451009 0.314922
vt 0.451009 0.293148
vt 0.3748 0.309478
vt 0.793948 0.102626
vt 0.793948 0.091739
vt 0.815722 0.108069
vt 0.793948 0.091739
vt 0.793948 0.102626
vt 0.772174 0.091739
vt 0.946365 0.309478
vt 0.940922 0.293148
vt 0.935478 0.309478
vt 0.940922 0.293148
vt 0.946365 0.309478
vt 0.908261 0.293148
vt 0.837496 0.2496
vt 0.837496 0.233269
vt 0.8756 0.244156
vt 0.837496 0.233269
vt 0.837496 0.2496
vt 0.804835 0.233269
vt 0.739513 0.293148
vt 0.73407 0.309478
vt 0.744957 0.293148
vt 0.73407 0.309478
vt 0.739513 0.293148
vt 0.766731 0.314922
vt 0.129843 0.821165
vt 0.097182 0.641531
vt 0.14073 0.815722
vt 0.14073 0.815722
vt 0.227826 0.940922
vt 0.129843 0.821165
vt 0.886487 0.64153
vt 0.881044 0.646974
vt 0.897374 0.64153
vt 0.821165 0.309478
vt 0.821165 0.309478
vt 0.821165 0.309478
vt 0.908261 0.293148
vt 0.908261 0.314922
vt 0.8756 0.293148
vt 0.908261 0.314922
vt 0.908261 0.293148
vt 0.946365 0.309478
vt 0.766731 0.314922
vt 0.772174 0.293148
vt 0.804835 0.314922
vt 0.772174 0.293148
vt 0.766731 0.314922
vt 0.739513 0.293148
vt 0.930035 0.157061
vt 0.924591 0.146174
vt 0.919148 0.157061
vt 0.924591 0.146174
vt 0.930035 0.157061
vt 0.897374 0.146174
vt 0.766731 0.157061
vt 0.76673 0.173391
vt 0.777618 0.157061
vt 0.761287 0.173391
vt 0.755844 0.157061
vt 0.7504 0.173391
vt 0.946365 0.402017
vt 0.951809 0.3748
vt 0.930035 0.402017
vt 0.951809 0.3748
vt 0.946365 0.402017
vt 0.913705 0.380243
vt 0.85927 0.641531
vt 0.85927 0.6252
vt 0.848383 0.646974
vt 0.728626 0.3748
vt 0.73407 0.402017
vt 0.739513 0.3748
vt 0.73407 0.402017
vt 0.728626 0.3748
vt 0.772174 0.407461
vt 0.118956 0.538104
vt 0.113513 0.538104
vt 0.157061 0.440122
vt 0.113513 0.538104
vt 0.118956 0.538104
vt 0.091739 0.641531
vt 0.85927 0.597983
vt 0.870157 0.603426
vt 0.881044 0.597983
vt 0.842939 0.304035
vt 0.842939 0.304035
vt 0.842939 0.304035
vt 0.842939 0.304035
vt 0.842939 0.304035
vt 0.842939 0.304035
vt 0.842939 0.304035
vt 0.842939 0.304035
vt 0.842939 0.304035
vt 0.842939 0.298591
vt 0.842939 0.304035
vt 0.842939 0.298591
vt 0.940922 0.227826
vt 0.935478 0.211496
vt 0.930035 0.227826
vt 0.935478 0.211496
vt 0.940922 0.227826
vt 0.902818 0.216939
vt 0.881044 0.216939
vt 0.881044 0.200609
vt 0.85927 0.216939
vt 0.85927 0.184278
vt 0.85927 0.200609
vt 0.881044 0.184278
vt 0.755844 0.559878
vt 0.772174 0.543548
vt 0.744957 0.559878
vt 0.744957 0.559878
vt 0.761287 0.543548
vt 0.73407 0.559878
vt 0.777618 0.162504
vt 0.783061 0.146174
vt 0.810278 0.162504
vt 0.783061 0.146174
vt 0.777618 0.162504
vt 0.755844 0.146174
vt 0.799391 0.636087
vt 0.804835 0.64153
vt 0.810278 0.630643
vt 0.755844 0.244156
vt 0.755844 0.260487
vt 0.766731 0.244156
vt 0.744957 0.260487
vt 0.744957 0.244156
vt 0.73407 0.260487
vt 0.837496 0.162504
vt 0.837496 0.151617
vt 0.870157 0.162504
vt 0.837496 0.151617
vt 0.837496 0.162504
vt 0.810278 0.151617
vt 0.924591 0.244156
vt 0.919148 0.227826
vt 0.908261 0.244156
vt 0.930035 0.227826
vt 0.935478 0.244156
vt 0.940922 0.227826
vt 0.206052 0.935478
vt 0.35847 0.98447
vt 0.206052 0.940922
vt 0.930035 0.614313
vt 0.940922 0.592539
vt 0.919148 0.614313
vt 0.940922 0.592539
vt 0.930035 0.614313
vt 0.957252 0.592539
vt 0.826609 0.298591
vt 0.826609 0.298591
vt 0.826609 0.304035
vt 0.826609 0.304035
vt 0.826609 0.304035
vt 0.826609 0.298591
vt 0.603426 0.548991
vt 0.581652 0.467339
vt 0.603426 0.548991
vt 0.603426 0.548991
vt 0.614313 0.641531
vt 0.603426 0.548991
vt 0.712296 0.630643
vt 0.701409 0.614313
vt 0.755844 0.636087
vt 0.701409 0.614313
vt 0.712296 0.630643
vt 0.717739 0.614313
vt 0.897374 0.146174
vt 0.897374 0.162504
vt 0.870157 0.151617
vt 0.897374 0.162504
vt 0.897374 0.146174
vt 0.930035 0.157061
vt 0.14073 0.020974
vt 0.113513 0.064522
vt 0.14073 0.059078
vt 0.113513 0.064522
vt 0.14073 0.108069
vt 0.14073 0.059078
vt 0.908261 0.244156
vt 0.908261 0.227826
vt 0.886487 0.244156
vt 0.881044 0.200609
vt 0.881044 0.216939
vt 0.902818 0.200609
vt 0.097182 0.178835
vt 0.14073 0.157061
vt 0.113513 0.151617
vt 0.14073 0.157061
vt 0.14073 0.108069
vt 0.113513 0.151617
vt 0.821165 0.7504
vt 0.815722 0.717739
vt 0.837496 0.744957
vt 0.788504 0.717739
vt 0.799391 0.7504
vt 0.761287 0.723183
vt 0.216939 0.146174
vt 0.216939 0.146174
vt 0.216939 0.146174
vt 0.216939 0.146174
vt 0.216939 0.146174
vt 0.216939 0.146174
vt 0.184278 0.178835
vt 0.184278 0.129843
vt 0.162504 0.151617
vt 0.184278 0.129843
vt 0.14073 0.108069
vt 0.162504 0.151617
vt 0.216939 0.146174
vt 0.216939 0.146174
vt 0.216939 0.146174
vt 0.216939 0.146174
vt 0.216939 0.146174
vt 0.216939 0.146174
vt 0.216939 0.146174
vt 0.216939 0.146174
vt 0.216939 0.146174
vt 0.216939 0.146174
vt 0.216939 0.146174
vt 0.216939 0.146174
vt 0.216939 0.146174
vt 0.216939 0.146174
vt 0.216939 0.146174
vt 0.216939 0.146174
vt 0.216939 0.151617
vt 0.216939 0.146174
vt 0.216939 0.146174
vt 0.216939 0.146174
vt 0.216939 0.146174
vt 0.216939 0.146174
vt 0.216939 0.146174
vt 0.216939 0.146174
vt 0.216939 0.146174
vt 0.216939 0.146174
vt 0.216939 0.146174
vt 0.216939 0.146174
vt 0.216939 0.146174
vt 0.216939 0.146174
vt 0.222383 0.108069
vt 0.184278 0.080852
vt 0.189722 0.108069
vt 0.184278 0.080852
vt 0.14073 0.108069
vt 0.189722 0.108069
vt 0.216939 0.146174
vt 0.216939 0.146174
vt 0.216939 0.146174
vt 0.216939 0.146174
vt 0.216939 0.146174
vt 0.216939 0.146174
vt 0.216939 0.146174
vt 0.216939 0.146174
vt 0.216939 0.146174
vt 0.216939 0.146174
vt 0.216939 0.146174
vt 0.216939 0.146174
vt 0.216939 0.146174
vt 0.216939 0.146174
vt 0.216939 0.146174
vt 0.216939 0.146174
vt 0.216939 0.146174
vt 0.216939 0.146174
vt 0.211496 0.064522
vt 0.162504 0.064522
vt 0.184278 0.080852
vt 0.162504 0.064522
vt 0.14073 0.108069
vt 0.184278 0.080852
vt 0.097182 0.178835
vt 0.14073 0.157061
vt 0.113513 0.151617
vt 0.14073 0.157061
vt 0.14073 0.108069
vt 0.113513 0.151617
vt 0.184278 0.178835
vt 0.184278 0.129843
vt 0.162504 0.151617
vt 0.184278 0.129843
vt 0.14073 0.108069
vt 0.162504 0.151617
vt 0.14073 0.020974
vt 0.113513 0.064522
vt 0.14073 0.059078
vt 0.113513 0.064522
vt 0.14073 0.108069
vt 0.14073 0.059078
vt 0.053635 0.108069
vt 0.097182 0.129843
vt 0.091739 0.108069
vt 0.097182 0.129843
vt 0.14073 0.108069
vt 0.091739 0.108069
vt 0.064522 0.064522
vt 0.091739 0.108069
vt 0.097182 0.080852
vt 0.091739 0.108069
vt 0.14073 0.108069
vt 0.097182 0.080852
vt 0.804835 0.276817
vt 0.804835 0.293148
vt 0.772174 0.276817
vt 0.804835 0.293148
vt 0.804835 0.276817
vt 0.837496 0.298591
vt 0.7504 0.532661
vt 0.755844 0.543548
vt 0.755844 0.532661
vt 0.755844 0.543548
vt 0.7504 0.532661
vt 0.783061 0.548991
vt 0.891931 0.102626
vt 0.897374 0.113513
vt 0.902818 0.102626
vt 0.897374 0.091739
vt 0.902818 0.102626
vt 0.908261 0.091739
vt 0.7504 0.331252
vt 0.7504 0.347583
vt 0.766731 0.331252
vt 0.766731 0.331252
vt 0.761287 0.347583
vt 0.788504 0.331252
vt 0.826609 0.309478
vt 0.826609 0.309478
vt 0.826609 0.309478
vt 0.826609 0.304035
vt 0.826609 0.304035
vt 0.826609 0.304035
vt 0.815722 0.51633
vt 0.815722 0.532661
vt 0.837496 0.51633
vt 0.815722 0.532661
vt 0.815722 0.51633
vt 0.793948 0.532661
vt 0.870157 0.576209
vt 0.8756 0.592539
vt 0.897374 0.576209
vt 0.8756 0.592539
vt 0.870157 0.576209
vt 0.837496 0.592539
vt 0.848383 0.304035
vt 0.848383 0.304035
vt 0.848383 0.304035
vt 0.848383 0.304035
vt 0.848383 0.304035
vt 0.848383 0.304035
vt 0.804835 0.407461
vt 0.804835 0.434678
vt 0.772174 0.407461
vt 0.804835 0.434678
vt 0.804835 0.407461
vt 0.837496 0.434678
vt 0.870157 0.162504
vt 0.870157 0.151617
vt 0.897374 0.162504
vt 0.870157 0.151617
vt 0.870157 0.162504
vt 0.837496 0.151617
vt 0.521774 0.342139
vt 0.505443 0.363913
vt 0.559878 0.358469
vt 0.559878 0.358469
vt 0.559878 0.325809
vt 0.521774 0.342139
vt 0.8756 0.293148
vt 0.8756 0.276817
vt 0.908261 0.293148
vt 0.8756 0.276817
vt 0.8756 0.293148
vt 0.837496 0.282261
vt 0.826609 0.309478
vt 0.826609 0.304035
vt 0.826609 0.309478
vt 0.821165 0.309478
vt 0.821165 0.309478
vt 0.826609 0.309478
vt 0.592539 0.353026
vt 0.532661 0.331252
vt 0.592539 0.353026
vt 0.592539 0.353026
vt 0.581652 0.385687
vt 0.592539 0.353026
vt 0.919148 0.505443
vt 0.913705 0.51633
vt 0.924591 0.505443
vt 0.913705 0.51633
vt 0.919148 0.505443
vt 0.886487 0.51633
vt 0.73407 0.614313
vt 0.723183 0.592539
vt 0.717739 0.614313
vt 0.717739 0.614313
vt 0.706852 0.592539
vt 0.701409 0.614313
vt 0.870157 0.434678
vt 0.8756 0.407461
vt 0.902818 0.434678
vt 0.8756 0.407461
vt 0.870157 0.434678
vt 0.837496 0.407461
vt 0.837496 0.298591
vt 0.837496 0.282261
vt 0.8756 0.293148
vt 0.837496 0.282261
vt 0.837496 0.298591
vt 0.804835 0.276817
vt 0.881044 0.173391
vt 0.881044 0.184278
vt 0.902818 0.173391
vt 0.902818 0.157061
vt 0.902818 0.173391
vt 0.913705 0.157061
vt 0.7504 0.195165
vt 0.744957 0.211496
vt 0.761287 0.195165
vt 0.744957 0.211496
vt 0.7504 0.195165
vt 0.777617 0.216939
vt 0.881044 0.173391
vt 0.881044 0.162504
vt 0.85927 0.173391
vt 0.881044 0.146174
vt 0.881044 0.135287
vt 0.85927 0.151617
vt 0.783061 0.597983
vt 0.777618 0.592539
vt 0.766731 0.597983
vt 0.777618 0.592539
vt 0.783061 0.597983
vt 0.804835 0.592539
vt 0.826609 0.320365
vt 0.821165 0.320365
vt 0.826609 0.314922
vt 0.821165 0.314922
vt 0.821165 0.314922
vt 0.821165 0.309478
vt 0.793948 0.086295
vt 0.772174 0.091739
vt 0.799391 0.086295
vt 0.793948 0.091739
vt 0.772174 0.091739
vt 0.793948 0.086295
vt 0.886487 0.086295
vt 0.8756 0.086295
vt 0.908261 0.091739
vt 0.886487 0.086295
vt 0.908261 0.091739
vt 0.886487 0.091739
vt 0.837496 0.293148
vt 0.837496 0.314922
vt 0.864713 0.293148
vt 0.837496 0.314922
vt 0.837496 0.293148
vt 0.815722 0.309478
vt 0.919148 0.685078
vt 0.930035 0.652417
vt 0.908261 0.685078
vt 0.930035 0.652417
vt 0.919148 0.685078
vt 0.946365 0.652417
vt 0.924591 0.543548
vt 0.930035 0.532661
vt 0.913705 0.543548
vt 0.930035 0.532661
vt 0.924591 0.543548
vt 0.897374 0.532661
vt 0.837496 0.772174
vt 0.837496 0.772174
vt 0.853826 0.761287
vt 0.837496 0.772174
vt 0.826609 0.761287
vt 0.837496 0.772174
vt 0.766731 0.1244
vt 0.766731 0.135287
vt 0.772174 0.1244
vt 0.766731 0.135287
vt 0.766731 0.1244
vt 0.755844 0.135287
vt 0.821165 0.320365
vt 0.821165 0.320365
vt 0.821165 0.320365
vt 0.837496 0.636087
vt 0.837496 0.614313
vt 0.881044 0.636087
vt 0.837496 0.614313
vt 0.837496 0.636087
vt 0.793948 0.614313
vt 0.233269 0.35847
vt 0.216939 0.429235
vt 0.195165 0.363913
vt 0.173391 0.440122
vt 0.195165 0.363913
vt 0.216939 0.429235
vt 0.810278 0.151617
vt 0.810278 0.162504
vt 0.783061 0.146174
vt 0.810278 0.162504
vt 0.810278 0.151617
vt 0.837496 0.162504
vt 0.532661 0.331252
vt 0.451009 0.304035
vt 0.532661 0.331252
vt 0.532661 0.331252
vt 0.592539 0.353026
vt 0.532661 0.331252
vt 0.837496 0.461896
vt 0.837496 0.434678
vt 0.870157 0.461896
vt 0.837496 0.434678
vt 0.837496 0.461896
vt 0.804835 0.434678
vt 0.815722 0.614313
vt 0.815722 0.597983
vt 0.810278 0.614313
vt 0.804835 0.603426
vt 0.815722 0.597983
vt 0.799391 0.603426
vt 0.821165 0.309478
vt 0.826609 0.309478
vt 0.821165 0.309478
vt 0.788504 0.113513
vt 0.777618 0.1244
vt 0.804835 0.113513
vt 0.810278 0.102626
vt 0.815722 0.091739
vt 0.799391 0.102626
vt 0.592539 0.543548
vt 0.565322 0.456452
vt 0.603426 0.548991
vt 0.848383 0.309478
vt 0.848383 0.309478
vt 0.848383 0.309478
vt 0.848383 0.309478
vt 0.848383 0.309478
vt 0.848383 0.309478
vt 0.962696 0.630643
vt 0.973583 0.614313
vt 0.946365 0.630643
vt 0.973583 0.614313
vt 0.962696 0.630643
vt 0.930035 0.614313
vt 0.3748 0.331252
vt 0.298591 0.331252
vt 0.3748 0.309478
vt 0.293148 0.309478
vt 0.3748 0.309478
vt 0.298591 0.331252
vt 0.848383 0.320365
vt 0.848383 0.314922
vt 0.853826 0.320365
vt 0.886487 0.091739
vt 0.886487 0.102626
vt 0.864713 0.097182
vt 0.886487 0.102626
vt 0.886487 0.091739
vt 0.908261 0.102626
vt 0.848383 0.309478
vt 0.842939 0.309478
vt 0.842939 0.304035
vt 0.842939 0.304035
vt 0.848383 0.304035
vt 0.848383 0.309478
vt 0.761287 0.195165
vt 0.755844 0.211496
vt 0.766731 0.195165
vt 0.755844 0.211496
vt 0.761287 0.195165
vt 0.744957 0.211496
vt 0.788504 0.347583
vt 0.788504 0.3748
vt 0.815722 0.347583
vt 0.788504 0.3748
vt 0.788504 0.347583
vt 0.766731 0.3748
vt 0.886487 0.614313
vt 0.891931 0.592539
vt 0.930035 0.614313
vt 0.891931 0.592539
vt 0.886487 0.614313
vt 0.837496 0.592539
vt 0.864713 0.739513
vt 0.870157 0.712296
vt 0.848383 0.73407
vt 0.886487 0.717739
vt 0.8756 0.744957
vt 0.891931 0.717739
vt 0.848383 0.320365
vt 0.848383 0.320365
vt 0.848383 0.320365
vt 0.777617 0.216939
vt 0.772174 0.227826
vt 0.744957 0.211496
vt 0.772174 0.227826
vt 0.777617 0.216939
vt 0.804835 0.233269
vt 0.793948 0.646974
vt 0.793948 0.64153
vt 0.777618 0.646974
vt 0.216939 0.314922
vt 0.173391 0.320365
vt 0.227826 0.336696
vt 0.173391 0.320365
vt 0.216939 0.314922
vt 0.173391 0.298591
vt 0.772174 0.260487
vt 0.766731 0.244156
vt 0.804835 0.260487
vt 0.766731 0.244156
vt 0.772174 0.260487
vt 0.73407 0.244156
vt 0.902818 0.592539
vt 0.897374 0.597983
vt 0.924591 0.597983
vt 0.897374 0.597983
vt 0.902818 0.592539
vt 0.881044 0.597983
vt 0.919148 0.51633
vt 0.913705 0.532661
vt 0.930035 0.51633
vt 0.930035 0.51633
vt 0.919148 0.532661
vt 0.935478 0.51633
vt 0.804835 0.233269
vt 0.810278 0.216939
vt 0.837496 0.233269
vt 0.810278 0.216939
vt 0.804835 0.233269
vt 0.777617 0.216939
vt 0.908261 0.244156
vt 0.908261 0.260487
vt 0.8756 0.244156
vt 0.908261 0.260487
vt 0.908261 0.244156
vt 0.946365 0.260487
vt 0.793948 0.7504
vt 0.783061 0.717739
vt 0.788504 0.7504
vt 0.810278 0.712296
vt 0.815722 0.739513
vt 0.821165 0.706852
vt 0.870157 0.216939
vt 0.870157 0.233269
vt 0.837496 0.216939
vt 0.870157 0.233269
vt 0.870157 0.216939
vt 0.908261 0.227826
vt 0.842939 0.304035
vt 0.842939 0.304035
vt 0.848383 0.304035
vt 0.848383 0.304035
vt 0.848383 0.304035
vt 0.848383 0.304035
vt 0.908261 0.227826
vt 0.902818 0.216939
vt 0.940922 0.227826
vt 0.902818 0.216939
vt 0.908261 0.227826
vt 0.870157 0.216939
vt 0.73407 0.244156
vt 0.73407 0.260487
vt 0.744957 0.244156
vt 0.73407 0.260487
vt 0.73407 0.244156
vt 0.772174 0.260487
vt 0.538104 0.380243
vt 0.565322 0.456452
vt 0.554435 0.39113
vt 0.848383 0.314922
vt 0.848383 0.309478
vt 0.848383 0.314922
vt 0.848383 0.304035
vt 0.848383 0.309478
vt 0.848383 0.304035
vt 0.826609 0.304035
vt 0.826609 0.304035
vt 0.826609 0.298591
vt 0.826609 0.298591
vt 0.826609 0.304035
vt 0.826609 0.304035
vt 0.908261 0.407461
vt 0.908261 0.434678
vt 0.919148 0.407461
vt 0.908261 0.434678
vt 0.908261 0.407461
vt 0.886487 0.434678
vt 0.189722 0.342139
vt 0.227826 0.336696
vt 0.173391 0.320365
vt 0.227826 0.336696
vt 0.189722 0.342139
vt 0.233269 0.35847
vt 0.908261 0.276817
vt 0.908261 0.293148
vt 0.8756 0.276817
vt 0.908261 0.293148
vt 0.908261 0.276817
vt 0.940922 0.293148
vt 0.815722 0.075409
vt 0.793948 0.086295
vt 0.821165 0.075409
vt 0.821165 0.075409
vt 0.837496 0.069965
vt 0.815722 0.075409
vt 0.837496 0.216939
vt 0.837496 0.200609
vt 0.870157 0.216939
vt 0.837496 0.200609
vt 0.837496 0.216939
vt 0.810278 0.200609
vt 0.772174 0.543548
vt 0.755844 0.559878
vt 0.777618 0.543548
vt 0.766731 0.559878
vt 0.7504 0.576209
vt 0.788504 0.559878
vt 0.864713 0.075409
vt 0.85927 0.075409
vt 0.886487 0.086295
vt 0.85927 0.075409
vt 0.864713 0.075409
vt 0.837496 0.069965
vt 0.772174 0.293148
vt 0.772174 0.276817
vt 0.804835 0.293148
vt 0.772174 0.276817
vt 0.772174 0.293148
vt 0.73407 0.276817
vt 0.940922 0.576209
vt 0.957252 0.592539
vt 0.951809 0.576209
vt 0.951809 0.576209
vt 0.973583 0.592539
vt 0.968139 0.576209
vt 0.902818 0.1244
vt 0.908261 0.135287
vt 0.908261 0.1244
vt 0.908261 0.1244
vt 0.913705 0.135287
vt 0.913705 0.1244
vt 0.744957 0.636087
vt 0.739513 0.636087
vt 0.739513 0.646974
vt 0.723183 0.668748
vt 0.723183 0.668748
vt 0.723183 0.657861
vt 0.897374 0.532661
vt 0.902818 0.521774
vt 0.930035 0.532661
vt 0.902818 0.521774
vt 0.897374 0.532661
vt 0.870157 0.521774
vt 0.3748 0.309478
vt 0.293148 0.309478
vt 0.3748 0.331252
vt 0.293148 0.309478
vt 0.3748 0.309478
vt 0.293148 0.287704
vt 0.864713 0.276817
vt 0.864713 0.260487
vt 0.837496 0.276817
vt 0.864713 0.260487
vt 0.864713 0.276817
vt 0.886487 0.260487
vt 0.8756 0.260487
vt 0.8756 0.244156
vt 0.908261 0.260487
vt 0.8756 0.244156
vt 0.8756 0.260487
vt 0.837496 0.2496
vt 0.951809 0.668748
vt 0.962696 0.668748
vt 0.940922 0.657861
vt 0.957252 0.641531
vt 0.951809 0.636087
vt 0.968139 0.646974
vt 0.777618 0.521774
vt 0.777618 0.532661
vt 0.744957 0.51633
vt 0.777618 0.532661
vt 0.777618 0.521774
vt 0.810278 0.538104
vt 0.837496 0.086295
vt 0.837496 0.091739
vt 0.848383 0.086295
vt 0.837496 0.091739
vt 0.837496 0.086295
vt 0.826609 0.086295
vt 0.897374 0.6252
vt 0.897374 0.636087
vt 0.902818 0.6252
vt 0.804835 0.603426
vt 0.810278 0.614313
vt 0.815722 0.597983
vt 0.908261 0.195165
vt 0.913705 0.211496
vt 0.919148 0.195165
vt 0.919148 0.195165
vt 0.924591 0.211496
vt 0.924591 0.195165
vt 0.908261 0.135287
vt 0.902818 0.1244
vt 0.897374 0.135287
vt 0.897374 0.135287
vt 0.897374 0.1244
vt 0.881044 0.135287
vt 0.886487 0.559878
vt 0.881044 0.543548
vt 0.864713 0.559878
vt 0.881044 0.543548
vt 0.886487 0.559878
vt 0.902818 0.543548
vt 0.957252 0.347583
vt 0.951809 0.331252
vt 0.940922 0.347583
vt 0.951809 0.331252
vt 0.957252 0.347583
vt 0.913705 0.331252
vt 0.3748 0.353026
vt 0.304035 0.353026
vt 0.3748 0.331252
vt 0.3748 0.353026
vt 0.3748 0.331252
vt 0.434678 0.35847
vt 0.919148 0.652417
vt 0.908261 0.685078
vt 0.930035 0.652417
vt 0.891931 0.685078
vt 0.902818 0.652417
vt 0.8756 0.685078
vt 0.837496 0.353026
vt 0.837496 0.331252
vt 0.8756 0.347583
vt 0.837496 0.331252
vt 0.837496 0.353026
vt 0.804835 0.331252
vt 0.870157 0.614313
vt 0.870157 0.603426
vt 0.85927 0.614313
vt 0.940922 0.293148
vt 0.940922 0.276817
vt 0.930035 0.293148
vt 0.940922 0.276817
vt 0.940922 0.293148
vt 0.908261 0.276817
vt 0.821165 0.309478
vt 0.821165 0.309478
vt 0.821165 0.309478
vt 0.870157 0.64153
vt 0.881044 0.636087
vt 0.85927 0.641531
vt 0.7504 0.614313
vt 0.755844 0.636087
vt 0.701409 0.614313
vt 0.755844 0.636087
vt 0.7504 0.614313
vt 0.799391 0.636087
vt 0.815722 0.614313
vt 0.821165 0.6252
vt 0.826609 0.614313
vt 0.919148 0.135287
vt 0.913705 0.1244
vt 0.913705 0.135287
vt 0.913705 0.1244
vt 0.919148 0.135287
vt 0.891931 0.1244
vt 0.712296 0.576209
vt 0.690522 0.592539
vt 0.723183 0.576209
vt 0.690522 0.592539
vt 0.712296 0.576209
vt 0.739513 0.592539
vt 0.804835 0.244156
vt 0.804835 0.260487
vt 0.766731 0.244156
vt 0.804835 0.260487
vt 0.804835 0.244156
vt 0.837496 0.26593
vt 0.85927 0.761287
vt 0.8756 0.7504
vt 0.8756 0.761287
vt 0.8756 0.761287
vt 0.8756 0.761287
vt 0.85927 0.772174
vt 0.744957 0.402017
vt 0.739513 0.3748
vt 0.73407 0.402017
vt 0.739513 0.3748
vt 0.744957 0.402017
vt 0.755844 0.3748
vt 0.826609 0.086295
vt 0.837496 0.080852
vt 0.826609 0.080852
vt 0.810278 0.086295
vt 0.826609 0.080852
vt 0.799391 0.086295
vt 0.919148 0.636087
vt 0.930035 0.614313
vt 0.962696 0.630643
vt 0.930035 0.614313
vt 0.919148 0.636087
vt 0.886487 0.614313
vt 0.848383 0.744957
vt 0.837496 0.755844
vt 0.853826 0.761287
vt 0.870157 0.755844
vt 0.864713 0.7504
vt 0.853826 0.761287
vt 0.7504 0.227826
vt 0.744957 0.244156
vt 0.761287 0.227826
vt 0.744957 0.244156
vt 0.7504 0.227826
vt 0.73407 0.244156
vt 0.826609 0.73407
vt 0.815722 0.739513
vt 0.826609 0.744957
vt 0.848383 0.744957
vt 0.848383 0.73407
vt 0.837496 0.744957
vt 0.7504 0.347583
vt 0.7504 0.331252
vt 0.739513 0.347583
vt 0.739513 0.347583
vt 0.739513 0.331252
vt 0.723183 0.347583
vt 0.848383 0.304035
vt 0.848383 0.304035
vt 0.848383 0.304035
vt 0.848383 0.309478
vt 0.848383 0.309478
vt 0.848383 0.304035
vt 0.989913 0.592539
vt 0.968139 0.576209
vt 0.973583 0.592539
vt 0.968139 0.576209
vt 0.989913 0.592539
vt 0.924591 0.576209
vt 0.815722 0.1244
vt 0.810278 0.14073
vt 0.788504 0.1244
vt 0.810278 0.14073
vt 0.815722 0.1244
vt 0.837496 0.14073
vt 0.777618 0.200609
vt 0.772174 0.211496
vt 0.799391 0.200609
vt 0.772174 0.211496
vt 0.777618 0.200609
vt 0.766731 0.211496
vt 0.837496 0.26593
vt 0.837496 0.2496
vt 0.8756 0.260487
vt 0.837496 0.2496
vt 0.837496 0.26593
vt 0.804835 0.244156
vt 0.85927 0.135287
vt 0.85927 0.151617
vt 0.881044 0.135287
vt 0.853826 0.102626
vt 0.853826 0.113513
vt 0.864713 0.102626
vt 0.783061 0.755844
vt 0.799391 0.761287
vt 0.788504 0.7504
vt 0.804835 0.761287
vt 0.788504 0.7504
vt 0.799391 0.761287
vt 0.76673 0.146174
vt 0.772174 0.135287
vt 0.761287 0.146174
vt 0.755844 0.157061
vt 0.761287 0.146174
vt 0.7504 0.157061
vt 0.919148 0.407461
vt 0.924591 0.3748
vt 0.908261 0.407461
vt 0.935478 0.3748
vt 0.930035 0.402017
vt 0.951809 0.3748
vt 0.908261 0.407461
vt 0.913705 0.380243
vt 0.946365 0.402017
vt 0.913705 0.380243
vt 0.908261 0.407461
vt 0.8756 0.380243
vt 0.837496 0.3748
vt 0.837496 0.407461
vt 0.864713 0.3748
vt 0.837496 0.407461
vt 0.837496 0.3748
vt 0.815722 0.407461
vt 0.837496 0.521774
vt 0.837496 0.510887
vt 0.870157 0.521774
vt 0.837496 0.510887
vt 0.837496 0.521774
vt 0.804835 0.505443
vt 0.891931 0.1244
vt 0.891931 0.135287
vt 0.864713 0.1244
vt 0.891931 0.135287
vt 0.891931 0.1244
vt 0.919148 0.135287
vt 0.233269 0.35847
vt 0.216939 0.429235
vt 0.304035 0.353026
vt 0.216939 0.429235
vt 0.233269 0.35847
vt 0.173391 0.440122
vt 0.799391 0.543548
vt 0.788504 0.559878
vt 0.821165 0.543548
vt 0.788504 0.559878
vt 0.799391 0.543548
vt 0.766731 0.559878
vt 0.815722 0.3748
vt 0.815722 0.407461
vt 0.837496 0.3748
vt 0.815722 0.407461
vt 0.815722 0.3748
vt 0.793948 0.407461
vt 0.837496 0.14073
vt 0.837496 0.129843
vt 0.864713 0.14073
vt 0.837496 0.129843
vt 0.837496 0.14073
vt 0.815722 0.1244
vt 0.924591 0.331252
vt 0.930035 0.347583
vt 0.935478 0.331252
vt 0.935478 0.309478
vt 0.935478 0.331252
vt 0.946365 0.309478
vt 0.777618 0.157061
vt 0.777618 0.173391
vt 0.793948 0.162504
vt 0.777618 0.173391
vt 0.777618 0.157061
vt 0.76673 0.173391
vt 0.821165 0.304035
vt 0.821165 0.309478
vt 0.821165 0.309478
vt 0.821165 0.304035
vt 0.821165 0.304035
vt 0.821165 0.304035
vt 0.766731 0.614313
vt 0.772174 0.6252
vt 0.777618 0.614313
vt 0.777618 0.614313
vt 0.777618 0.603426
vt 0.766731 0.614313
vt 0.837496 0.690522
vt 0.837496 0.663304
vt 0.870157 0.690522
vt 0.837496 0.663304
vt 0.837496 0.690522
vt 0.799391 0.657861
vt 0.761287 0.630643
vt 0.772174 0.652417
vt 0.766731 0.630643
vt 0.772174 0.652417
vt 0.761287 0.630643
vt 0.755844 0.652417
vt 0.766731 0.380243
vt 0.772174 0.407461
vt 0.728626 0.3748
vt 0.772174 0.407461
vt 0.766731 0.380243
vt 0.804835 0.407461
vt 0.826609 0.309478
vt 0.826609 0.309478
vt 0.826609 0.304035
vt 0.826609 0.309478
vt 0.826609 0.309478
vt 0.826609 0.309478
vt 0.799391 0.636087
vt 0.793948 0.614313
vt 0.837496 0.636087
vt 0.793948 0.614313
vt 0.799391 0.636087
vt 0.7504 0.614313
vt 0.151617 0.445565
vt 0.157061 0.440122
vt 0.178835 0.369356
vt 0.178835 0.369356
vt 0.178835 0.369356
vt 0.151617 0.445565
vt 0.761287 0.1244
vt 0.755844 0.135287
vt 0.766731 0.1244
vt 0.755844 0.135287
vt 0.761287 0.1244
vt 0.783061 0.135287
vt 0.8756 0.657861
vt 0.881044 0.636087
vt 0.913705 0.657861
vt 0.919148 0.636087
vt 0.913705 0.657861
vt 0.881044 0.636087
vt 0.804835 0.293148
vt 0.804835 0.314922
vt 0.772174 0.293148
vt 0.804835 0.314922
vt 0.804835 0.293148
vt 0.837496 0.314922
vt 0.837496 0.548991
vt 0.837496 0.538104
vt 0.864713 0.548991
vt 0.837496 0.538104
vt 0.837496 0.548991
vt 0.810278 0.538104
vt 0.870157 0.521774
vt 0.870157 0.538104
vt 0.837496 0.521774
vt 0.870157 0.538104
vt 0.870157 0.521774
vt 0.897374 0.532661
vt 0.728626 0.331252
vt 0.723183 0.347583
vt 0.739513 0.331252
vt 0.723183 0.347583
vt 0.728626 0.331252
vt 0.761287 0.347583
vt 0.815722 0.260487
vt 0.815722 0.276817
vt 0.837496 0.26593
vt 0.815722 0.276817
vt 0.815722 0.260487
vt 0.788504 0.276817
vt 0.5 0.369356
vt 0.51633 0.440122
vt 0.532661 0.380243
vt 0.559878 0.456452
vt 0.532661 0.380243
vt 0.51633 0.440122
vt 0.576209 0.461896
vt 0.603426 0.548991
vt 0.581652 0.467339
vt 0.581652 0.467339
vt 0.554435 0.396574
vt 0.576209 0.461896
vt 0.891931 0.7504
vt 0.881044 0.7504
vt 0.8756 0.761287
vt 0.8756 0.761287
vt 0.8756 0.761287
vt 0.891931 0.7504
vt 0.739513 0.592539
vt 0.755844 0.576209
vt 0.788504 0.592539
vt 0.755844 0.576209
vt 0.739513 0.592539
vt 0.712296 0.576209
vt 0.783061 0.200609
vt 0.783061 0.184278
vt 0.810278 0.200609
vt 0.783061 0.184278
vt 0.783061 0.200609
vt 0.7504 0.184278
vt 0.766731 0.532661
vt 0.772174 0.543548
vt 0.772174 0.532661
vt 0.761287 0.543548
vt 0.755844 0.532661
vt 0.755844 0.543548
vt 0.848383 0.304035
vt 0.848383 0.304035
vt 0.848383 0.309478
vt 0.848383 0.309478
vt 0.848383 0.309478
vt 0.848383 0.309478
vt 0.930035 0.685078
vt 0.946365 0.652417
vt 0.919148 0.685078
vt 0.946365 0.652417
vt 0.930035 0.685078
vt 0.913705 0.657861
vt 0.744957 0.685078
vt 0.728626 0.652417
vt 0.777618 0.690522
vt 0.728626 0.652417
vt 0.744957 0.685078
vt 0.739513 0.652417
vt 0.848383 0.304035
vt 0.848383 0.304035
vt 0.848383 0.304035
vt 0.842939 0.298591
vt 0.842939 0.298591
vt 0.842939 0.293148
vt 0.8756 0.314922
vt 0.8756 0.293148
vt 0.908261 0.314922
vt 0.8756 0.293148
vt 0.8756 0.314922
vt 0.837496 0.298591
vt 0.902818 0.603426
vt 0.897374 0.614313
vt 0.913705 0.597983
vt 0.826609 0.304035
vt 0.826609 0.304035
vt 0.826609 0.304035
vt 0.826609 0.309478
vt 0.826609 0.304035
vt 0.826609 0.309478
vt 0.913705 0.173391
vt 0.913705 0.157061
vt 0.902818 0.173391
vt 0.919148 0.157061
vt 0.919148 0.173391
vt 0.930035 0.157061
vt 0.924591 0.597983
vt 0.919148 0.614313
vt 0.940922 0.592539
vt 0.924591 0.597983
vt 0.940922 0.592539
vt 0.902818 0.592539
vt 0.810278 0.538104
vt 0.804835 0.521774
vt 0.837496 0.538104
vt 0.804835 0.521774
vt 0.810278 0.538104
vt 0.777618 0.521774
vt 0.864713 0.14073
vt 0.864713 0.1244
vt 0.891931 0.135287
vt 0.864713 0.1244
vt 0.864713 0.14073
vt 0.837496 0.129843
vt 0.842939 0.298591
vt 0.842939 0.293148
vt 0.842939 0.298591
vt 0.842939 0.304035
vt 0.842939 0.304035
vt 0.842939 0.298591
vt 0.826609 0.304035
vt 0.826609 0.304035
vt 0.826609 0.304035
vt 0.821165 0.304035
vt 0.821165 0.304035
vt 0.821165 0.304035
vt 0.755844 0.276817
vt 0.755844 0.260487
vt 0.744957 0.276817
vt 0.744957 0.293148
vt 0.744957 0.309478
vt 0.755844 0.293148
vt 0.886487 0.309478
vt 0.886487 0.293148
vt 0.864713 0.309478
vt 0.886487 0.293148
vt 0.886487 0.309478
vt 0.913705 0.293148
vt 0.946365 0.260487
vt 0.946365 0.244156
vt 0.935478 0.260487
vt 0.946365 0.244156
vt 0.946365 0.260487
vt 0.908261 0.244156
vt 0.826609 0.320365
vt 0.826609 0.314922
vt 0.821165 0.314922
vt 0.826609 0.309478
vt 0.826609 0.309478
vt 0.826609 0.309478
vt 0.8756 0.347583
vt 0.8756 0.331252
vt 0.913705 0.347583
vt 0.8756 0.331252
vt 0.8756 0.347583
vt 0.837496 0.331252
vt 0.821165 0.320365
vt 0.826609 0.320365
vt 0.821165 0.320365
vt 0.913705 0.331252
vt 0.913705 0.347583
vt 0.8756 0.331252
vt 0.913705 0.347583
vt 0.913705 0.331252
vt 0.957252 0.347583
vt 0.227826 0.336696
vt 0.189722 0.342139
vt 0.216939 0.314922
vt 0.189722 0.342139
vt 0.227826 0.336696
vt 0.195165 0.363913
vt 0.897374 0.184278
vt 0.897374 0.200609
vt 0.870157 0.189722
vt 0.897374 0.200609
vt 0.897374 0.184278
vt 0.924591 0.195165
vt 0.837496 0.314922
vt 0.837496 0.298591
vt 0.8756 0.314922
vt 0.837496 0.298591
vt 0.837496 0.314922
vt 0.804835 0.293148
vt 0.924591 0.195165
vt 0.930035 0.184278
vt 0.919148 0.195165
vt 0.930035 0.184278
vt 0.924591 0.195165
vt 0.897374 0.184278
vt 0.761287 0.347583
vt 0.766731 0.331252
vt 0.799391 0.347583
vt 0.766731 0.331252
vt 0.761287 0.347583
vt 0.728626 0.331252
vt 0.783061 0.135287
vt 0.788504 0.1244
vt 0.810278 0.14073
vt 0.788504 0.1244
vt 0.783061 0.135287
vt 0.761287 0.1244
vt 0.804835 0.331252
vt 0.799391 0.347583
vt 0.766731 0.331252
vt 0.799391 0.347583
vt 0.804835 0.331252
vt 0.837496 0.353026
vt 0.864713 0.717739
vt 0.870157 0.690522
vt 0.886487 0.717739
vt 0.8756 0.7504
vt 0.886487 0.717739
vt 0.897374 0.755844
vt 0.304035 0.353026
vt 0.293148 0.418348
vt 0.233269 0.35847
vt 0.293148 0.418348
vt 0.304035 0.353026
vt 0.369357 0.412904
vt 0.821165 0.320365
vt 0.821165 0.320365
vt 0.821165 0.314922
vt 0.821165 0.309478
vt 0.821165 0.309478
vt 0.821165 0.314922
vt 0.815722 0.7504
vt 0.826609 0.761287
vt 0.826609 0.744957
vt 0.810278 0.755844
vt 0.826609 0.761287
vt 0.815722 0.7504
vt 0.897374 0.162504
vt 0.897374 0.173391
vt 0.870157 0.162504
vt 0.897374 0.173391
vt 0.897374 0.162504
vt 0.930035 0.173391
vt 0.930035 0.293148
vt 0.930035 0.276817
vt 0.919148 0.293148
vt 0.919148 0.293148
vt 0.924591 0.309478
vt 0.930035 0.293148
vt 0.848383 0.320365
vt 0.848383 0.320365
vt 0.848383 0.314922
vt 0.848383 0.309478
vt 0.848383 0.309478
vt 0.848383 0.314922
vt 0.837496 0.178835
vt 0.837496 0.162504
vt 0.870157 0.173391
vt 0.837496 0.162504
vt 0.837496 0.178835
vt 0.810278 0.162504
vt 0.848383 0.309478
vt 0.848383 0.304035
vt 0.848383 0.309478
vt 0.848383 0.309478
vt 0.848383 0.309478
vt 0.848383 0.309478
vt 0.848383 0.320365
vt 0.848383 0.320365
vt 0.848383 0.320365
vt 0.848383 0.314922
vt 0.848383 0.314922
vt 0.848383 0.309478
vt 0.848383 0.309478
vt 0.848383 0.309478
vt 0.848383 0.309478
vt 0.842939 0.304035
vt 0.842939 0.304035
vt 0.842939 0.304035
vt 0.8756 0.086295
vt 0.870157 0.086295
vt 0.897374 0.091739
vt 0.897374 0.091739
vt 0.908261 0.091739
vt 0.8756 0.086295
vt 0.793948 0.244156
vt 0.788504 0.260487
vt 0.815722 0.2496
vt 0.788504 0.260487
vt 0.793948 0.244156
vt 0.766731 0.260487
vt 0.826609 0.304035
vt 0.826609 0.304035
vt 0.826609 0.309478
vt 0.826609 0.304035
vt 0.826609 0.304035
vt 0.826609 0.304035
vt 0.799391 0.086295
vt 0.783061 0.091739
vt 0.810278 0.086295
vt 0.783061 0.091739
vt 0.799391 0.086295
vt 0.772174 0.091739
vt 0.129843 0.538104
vt 0.118956 0.538104
vt 0.162504 0.440122
vt 0.5 0.369356
vt 0.51633 0.440122
vt 0.434678 0.35847
vt 0.51633 0.440122
vt 0.5 0.369356
vt 0.559878 0.456452
vt 0.848383 0.309478
vt 0.848383 0.309478
vt 0.848383 0.309478
vt 0.848383 0.309478
vt 0.848383 0.309478
vt 0.848383 0.309478
vt 0.73407 0.276817
vt 0.739513 0.293148
vt 0.744957 0.276817
vt 0.739513 0.293148
vt 0.73407 0.276817
vt 0.772174 0.293148
vt 0.913705 0.331252
vt 0.913705 0.347583
vt 0.924591 0.331252
vt 0.913705 0.347583
vt 0.913705 0.331252
vt 0.891931 0.347583
vt 0.7504 0.157061
vt 0.7504 0.173391
vt 0.755844 0.157061
vt 0.7504 0.173391
vt 0.7504 0.157061
vt 0.777618 0.173391
vt 0.157061 0.440122
vt 0.162504 0.440122
vt 0.178835 0.369356
vt 0.178835 0.369356
vt 0.178835 0.369356
vt 0.157061 0.440122
vt 0.799391 0.184278
vt 0.799391 0.200609
vt 0.815722 0.184278
vt 0.799391 0.200609
vt 0.799391 0.184278
vt 0.777618 0.200609
vt 0.728626 0.630643
vt 0.739513 0.652417
vt 0.744957 0.630643
vt 0.739513 0.652417
vt 0.728626 0.630643
vt 0.728626 0.652417
vt 0.434678 0.35847
vt 0.440122 0.423791
vt 0.5 0.369356
vt 0.440122 0.423791
vt 0.434678 0.35847
vt 0.369356 0.412904
vt 0.777618 0.173391
vt 0.777618 0.162504
vt 0.810278 0.173391
vt 0.777618 0.162504
vt 0.777618 0.173391
vt 0.7504 0.157061
vt 0.755844 0.3748
vt 0.7504 0.347583
vt 0.739513 0.3748
vt 0.761287 0.347583
vt 0.766731 0.3748
vt 0.788504 0.347583
vt 0.298591 0.331252
vt 0.3748 0.331252
vt 0.293148 0.309478
vt 0.3748 0.331252
vt 0.298591 0.331252
vt 0.3748 0.353026
vt 0.287704 0.298591
vt 0.200609 0.298591
vt 0.287704 0.298591
vt 0.287704 0.298591
vt 0.3748 0.293148
vt 0.287704 0.298591
vt 0.957252 0.614313
vt 0.946365 0.630643
vt 0.973583 0.614313
vt 0.946365 0.630643
vt 0.957252 0.614313
vt 0.930035 0.630643
vt 0.913705 0.211496
vt 0.908261 0.195165
vt 0.902818 0.211496
vt 0.902818 0.211496
vt 0.902818 0.200609
vt 0.881044 0.216939
vt 0.940922 0.505443
vt 0.940922 0.478226
vt 0.935478 0.505443
vt 0.940922 0.478226
vt 0.940922 0.505443
vt 0.908261 0.48367
vt 0.848383 0.309478
vt 0.848383 0.309478
vt 0.853826 0.314922
vt 0.848383 0.309478
vt 0.848383 0.309478
vt 0.853826 0.309478
vt 0.908261 0.48367
vt 0.908261 0.505443
vt 0.870157 0.48367
vt 0.908261 0.505443
vt 0.908261 0.48367
vt 0.940922 0.505443
vt 0.837496 0.151617
vt 0.837496 0.162504
vt 0.85927 0.151617
vt 0.837496 0.162504
vt 0.837496 0.151617
vt 0.815722 0.162504
vt 0.815722 0.717739
vt 0.821165 0.7504
vt 0.788504 0.717739
vt 0.788504 0.717739
vt 0.777618 0.690522
vt 0.815722 0.717739
vt 0.826609 0.309478
vt 0.826609 0.309478
vt 0.826609 0.309478
vt 0.826609 0.309478
vt 0.826609 0.309478
vt 0.821165 0.309478
vt 0.772174 0.505443
vt 0.772174 0.48367
vt 0.804835 0.505443
vt 0.772174 0.48367
vt 0.772174 0.505443
vt 0.739513 0.478226
vt 0.821165 0.309478
vt 0.821165 0.309478
vt 0.826609 0.309478
vt 0.821165 0.309478
vt 0.821165 0.309478
vt 0.821165 0.314922
vt 0.837496 0.2496
vt 0.837496 0.26593
vt 0.864713 0.2496
vt 0.837496 0.26593
vt 0.837496 0.2496
vt 0.815722 0.260487
vt 0.826609 0.309478
vt 0.826609 0.309478
vt 0.826609 0.304035
vt 0.826609 0.309478
vt 0.826609 0.309478
vt 0.826609 0.309478
vt 0.821165 0.314922
vt 0.821165 0.309478
vt 0.821165 0.309478
vt 0.821165 0.309478
vt 0.821165 0.314922
vt 0.821165 0.309478
vt 0.85927 0.162504
vt 0.85927 0.173391
vt 0.881044 0.162504
vt 0.85927 0.173391
vt 0.85927 0.162504
vt 0.837496 0.173391
vt 0.935478 0.260487
vt 0.930035 0.276817
vt 0.946365 0.260487
vt 0.930035 0.276817
vt 0.935478 0.260487
vt 0.924592 0.276817
vt 0.837496 0.576209
vt 0.837496 0.592539
vt 0.870157 0.576209
vt 0.837496 0.592539
vt 0.837496 0.576209
vt 0.804835 0.592539
vt 0.826609 0.304035
vt 0.826609 0.304035
vt 0.826609 0.304035
vt 0.826609 0.304035
vt 0.826609 0.304035
vt 0.826609 0.304035
vt 0.777618 0.1244
vt 0.777618 0.135287
vt 0.799391 0.1244
vt 0.777618 0.135287
vt 0.777618 0.1244
vt 0.772174 0.135287
vt 0.848383 0.309478
vt 0.848383 0.309478
vt 0.848383 0.309478
vt 0.837496 0.755844
vt 0.837496 0.744957
vt 0.85927 0.7504
vt 0.821165 0.7504
vt 0.837496 0.744957
vt 0.837496 0.755844
vt 0.924591 0.505443
vt 0.919148 0.51633
vt 0.935478 0.505443
vt 0.930035 0.478226
vt 0.935478 0.505443
vt 0.940922 0.478226
vt 0.451009 0.314922
vt 0.440122 0.342139
vt 0.3748 0.309478
vt 0.3748 0.331252
vt 0.3748 0.309478
vt 0.440122 0.342139
vt 0.897374 0.548991
vt 0.908261 0.565322
vt 0.864713 0.548991
vt 0.908261 0.565322
vt 0.897374 0.548991
vt 0.946365 0.559878
vt 0.848383 0.304035
vt 0.842939 0.304035
vt 0.848383 0.304035
vt 0.848383 0.309478
vt 0.848383 0.309478
vt 0.848383 0.304035
vt 0.810278 0.189722
vt 0.810278 0.200609
vt 0.783061 0.184278
vt 0.810278 0.200609
vt 0.810278 0.189722
vt 0.837496 0.200609
vt 0.804835 0.48367
vt 0.804835 0.505443
vt 0.772174 0.48367
vt 0.804835 0.505443
vt 0.804835 0.48367
vt 0.837496 0.510887
vt 0.848383 0.304035
vt 0.848383 0.304035
vt 0.848383 0.304035
vt 0.842939 0.304035
vt 0.848383 0.304035
vt 0.842939 0.298591
vt 0.788504 0.331252
vt 0.788504 0.347583
vt 0.815722 0.331252
vt 0.788504 0.347583
vt 0.788504 0.331252
vt 0.761287 0.347583
vt 0.287704 0.293148
vt 0.3748 0.293148
vt 0.287704 0.298591
vt 0.783061 0.755844
vt 0.761287 0.723183
vt 0.799391 0.7504
vt 0.761287 0.723183
vt 0.783061 0.755844
vt 0.772174 0.717739
vt 0.837496 0.091739
vt 0.837496 0.102626
vt 0.848383 0.091739
vt 0.837496 0.102626
vt 0.837496 0.091739
vt 0.826609 0.102626
vt 0.848383 0.309478
vt 0.848383 0.314922
vt 0.848383 0.309478
vt 0.848383 0.309478
vt 0.848383 0.309478
vt 0.848383 0.309478
vt 0.864713 0.505443
vt 0.864713 0.51633
vt 0.891931 0.505443
vt 0.864713 0.51633
vt 0.864713 0.505443
vt 0.837496 0.51633
vt 0.842939 0.304035
vt 0.842939 0.304035
vt 0.842939 0.304035
vt 0.842939 0.304035
vt 0.842939 0.304035
vt 0.842939 0.304035
vt 0.908261 0.685078
vt 0.891931 0.717739
vt 0.919148 0.685078
vt 0.919148 0.685078
vt 0.902818 0.717739
vt 0.930035 0.685078
vt 0.870157 0.461896
vt 0.870157 0.434678
vt 0.908261 0.456452
vt 0.870157 0.434678
vt 0.870157 0.461896
vt 0.837496 0.434678
vt 0.853826 0.080852
vt 0.85927 0.075409
vt 0.837496 0.075409
vt 0.837496 0.075409
vt 0.837496 0.080852
vt 0.853826 0.080852
vt 0.772174 0.685078
vt 0.755844 0.652417
vt 0.755844 0.685078
vt 0.772174 0.717739
vt 0.755844 0.685078
vt 0.761287 0.723183
vt 0.821165 0.309478
vt 0.821165 0.309478
vt 0.821165 0.309478
vt 0.821165 0.309478
vt 0.821165 0.309478
vt 0.821165 0.309478
vt 0.7504 0.434678
vt 0.7504 0.456452
vt 0.761287 0.434678
vt 0.7504 0.456452
vt 0.7504 0.434678
vt 0.739513 0.456452
vt 0.826609 0.304035
vt 0.821165 0.304035
vt 0.826609 0.304035
vt 0.826609 0.304035
vt 0.826609 0.304035
vt 0.826609 0.304035
vt 0.85927 0.6252
vt 0.85927 0.614313
vt 0.848383 0.630644
vt 0.85927 0.614313
vt 0.85927 0.597983
vt 0.848383 0.614313
vt 0.799391 0.576209
vt 0.788504 0.592539
vt 0.755844 0.576209
vt 0.788504 0.592539
vt 0.799391 0.576209
vt 0.837496 0.592539
vt 0.440122 0.342139
vt 0.434678 0.35847
vt 0.505443 0.363913
vt 0.505443 0.363913
vt 0.521774 0.342139
vt 0.440122 0.342139
vt 0.8756 0.565322
vt 0.864713 0.548991
vt 0.908261 0.565322
vt 0.864713 0.548991
vt 0.8756 0.565322
vt 0.837496 0.548991
vt 0.826609 0.761287
vt 0.810278 0.755844
vt 0.821165 0.766731
vt 0.821165 0.766731
vt 0.804835 0.761287
vt 0.821165 0.772174
vt 0.8756 0.685078
vt 0.881044 0.652417
vt 0.853826 0.679635
vt 0.881044 0.652417
vt 0.8756 0.685078
vt 0.902818 0.652417
vt 0.881044 0.597983
vt 0.8756 0.592539
vt 0.85927 0.597983
vt 0.848383 0.592539
vt 0.85927 0.597983
vt 0.8756 0.592539
vt 0.842939 0.298591
vt 0.842939 0.293148
vt 0.842939 0.298591
vt 0.842939 0.298591
vt 0.842939 0.298591
vt 0.842939 0.304035
vt 0.853826 0.706852
vt 0.853826 0.679635
vt 0.837496 0.706852
vt 0.821165 0.706852
vt 0.821165 0.679635
vt 0.810278 0.712296
vt 0.777618 0.6252
vt 0.777618 0.614313
vt 0.772174 0.6252
vt 0.772174 0.6252
vt 0.777618 0.64153
vt 0.777618 0.6252
vt 0.848383 0.304035
vt 0.848383 0.304035
vt 0.842939 0.298591
vt 0.842939 0.298591
vt 0.842939 0.293148
vt 0.842939 0.298591
vt 0.919148 0.195165
vt 0.919148 0.184278
vt 0.908261 0.195165
vt 0.919148 0.184278
vt 0.919148 0.195165
vt 0.930035 0.184278
vt 0.848383 0.309478
vt 0.848383 0.309478
vt 0.848383 0.309478
vt 0.848383 0.309478
vt 0.848383 0.304035
vt 0.842939 0.304035
vt 0.848383 0.309478
vt 0.848383 0.314922
vt 0.848383 0.309478
vt 0.848383 0.309478
vt 0.848383 0.304035
vt 0.848383 0.309478
vt 0.287704 0.298591
vt 0.3748 0.293148
vt 0.287704 0.298591
vt 0.3748 0.293148
vt 0.451009 0.304035
vt 0.3748 0.293148
vt 0.505443 0.363913
vt 0.521774 0.342139
vt 0.538104 0.380243
vt 0.538104 0.380243
vt 0.532661 0.380243
vt 0.505443 0.363913
vt 0.8756 0.761287
vt 0.85927 0.772174
vt 0.85927 0.761287
vt 0.85927 0.761287
vt 0.85927 0.772174
vt 0.837496 0.76673
vt 0.826609 0.304035
vt 0.826609 0.304035
vt 0.826609 0.304035
vt 0.826609 0.304035
vt 0.826609 0.304035
vt 0.826609 0.298591
vt 0.821165 0.772174
vt 0.799391 0.761287
vt 0.821165 0.761287
vt 0.821165 0.761287
vt 0.837496 0.76673
vt 0.821165 0.772174
vt 0.919148 0.434678
vt 0.919148 0.456452
vt 0.930035 0.434678
vt 0.930035 0.434678
vt 0.930035 0.456452
vt 0.940922 0.434678
vt 0.826609 0.304035
vt 0.826609 0.304035
vt 0.826609 0.304035
vt 0.826609 0.304035
vt 0.826609 0.304035
vt 0.826609 0.304035
vt 0.538104 0.380243
vt 0.548991 0.380243
vt 0.554435 0.39113
vt 0.451009 0.304035
vt 0.3748 0.293148
vt 0.456452 0.304035
vt 0.456452 0.304035
vt 0.532661 0.325809
vt 0.451009 0.304035
vt 0.287704 0.293148
vt 0.206052 0.298591
vt 0.287704 0.298591
vt 0.766731 0.184278
vt 0.76673 0.173391
vt 0.761287 0.184278
vt 0.761287 0.184278
vt 0.761287 0.173391
vt 0.7504 0.184278
vt 0.826609 0.314922
vt 0.826609 0.309478
vt 0.826609 0.309478
vt 0.826609 0.314922
vt 0.821165 0.314922
vt 0.826609 0.309478
vt 0.897374 0.755844
vt 0.913705 0.723183
vt 0.891931 0.7504
vt 0.913705 0.723183
vt 0.897374 0.755844
vt 0.886487 0.717739
vt 0.826609 0.304035
vt 0.832052 0.304035
vt 0.826609 0.304035
vt 0.826609 0.304035
vt 0.826609 0.304035
vt 0.826609 0.304035
vt 0.554435 0.396574
vt 0.565322 0.39113
vt 0.554435 0.39113
vt 0.565322 0.39113
vt 0.554435 0.396574
vt 0.559878 0.385687
vt 0.8756 0.380243
vt 0.8756 0.407461
vt 0.837496 0.380243
vt 0.8756 0.407461
vt 0.8756 0.380243
vt 0.908261 0.407461
vt 0.853826 0.320365
vt 0.848383 0.320365
vt 0.848383 0.320365
vt 0.870157 0.173391
vt 0.870157 0.162504
vt 0.897374 0.173391
vt 0.870157 0.162504
vt 0.870157 0.173391
vt 0.837496 0.162504
vt 0.7504 0.184278
vt 0.7504 0.195165
vt 0.761287 0.184278
vt 0.7504 0.195165
vt 0.7504 0.184278
vt 0.783061 0.200609
vt 0.772174 0.1244
vt 0.783061 0.113513
vt 0.766731 0.1244
vt 0.766731 0.1244
vt 0.772174 0.113513
vt 0.761287 0.1244
vt 0.864713 0.717739
vt 0.85927 0.7504
vt 0.837496 0.717739
vt 0.886487 0.717739
vt 0.8756 0.7504
vt 0.864713 0.717739
vt 0.766731 0.597983
vt 0.766731 0.614313
vt 0.777618 0.603426
vt 0.766731 0.597983
vt 0.777618 0.603426
vt 0.783061 0.597983
vt 0.837496 0.064522
vt 0.837496 0.069965
vt 0.864713 0.075409
vt 0.837496 0.064522
vt 0.815722 0.075409
vt 0.837496 0.069965
vt 0.826609 0.304035
vt 0.826609 0.304035
vt 0.826609 0.304035
vt 0.826609 0.304035
vt 0.826609 0.298591
vt 0.826609 0.298591
vt 0.848383 0.304035
vt 0.848383 0.304035
vt 0.848383 0.304035
vt 0.848383 0.304035
vt 0.848383 0.304035
vt 0.848383 0.304035
vt 0.804835 0.407461
vt 0.804835 0.380243
vt 0.837496 0.407461
vt 0.804835 0.380243
vt 0.804835 0.407461
vt 0.766731 0.380243
vt 0.8756 0.505443
vt 0.870157 0.48367
vt 0.908261 0.505443
vt 0.870157 0.48367
vt 0.8756 0.505443
vt 0.837496 0.48367
vt 0.772174 0.434678
vt 0.766731 0.456452
vt 0.793948 0.434678
vt 0.766731 0.456452
vt 0.772174 0.434678
vt 0.755844 0.456452
vt 0.755844 0.543548
vt 0.73407 0.559878
vt 0.761287 0.543548
vt 0.73407 0.559878
vt 0.755844 0.543548
vt 0.766731 0.565322
vt 0.821165 0.309478
vt 0.821165 0.304035
vt 0.821165 0.304035
vt 0.821165 0.304035
vt 0.821165 0.309478
vt 0.821165 0.309478
vt 0.946365 0.559878
vt 0.924591 0.543548
vt 0.935478 0.559878
vt 0.924591 0.543548
vt 0.946365 0.559878
vt 0.897374 0.548991
vt 0.826609 0.298591
vt 0.826609 0.298591
vt 0.826609 0.298591
vt 0.826609 0.298591
vt 0.826609 0.298591
vt 0.826609 0.304035
vt 0.826609 0.298591
vt 0.826609 0.298591
vt 0.826609 0.298591
vt 0.826609 0.298591
vt 0.826609 0.298591
vt 0.826609 0.304035
vt 0.821165 0.314922
vt 0.821165 0.314922
vt 0.826609 0.320365
vt 0.902818 0.434678
vt 0.908261 0.456452
vt 0.870157 0.434678
vt 0.908261 0.456452
vt 0.902818 0.434678
vt 0.940922 0.456452
vt 0.772174 0.456452
vt 0.772174 0.434678
vt 0.804835 0.461896
vt 0.772174 0.434678
vt 0.772174 0.456452
vt 0.739513 0.434678
vt 0.837496 0.380243
vt 0.837496 0.353026
vt 0.8756 0.380243
vt 0.837496 0.353026
vt 0.837496 0.380243
vt 0.799391 0.347583
vt 0.815722 0.200609
vt 0.815722 0.184278
vt 0.799391 0.200609
vt 0.815722 0.184278
vt 0.815722 0.200609
vt 0.837496 0.189722
vt 0.881044 0.162504
vt 0.881044 0.173391
vt 0.902818 0.157061
vt 0.902818 0.173391
vt 0.902818 0.157061
vt 0.881044 0.173391
vt 0.804835 0.434678
vt 0.804835 0.461896
vt 0.772174 0.434678
vt 0.804835 0.461896
vt 0.804835 0.434678
vt 0.837496 0.461896
vt 0.739513 0.434678
vt 0.739513 0.456452
vt 0.7504 0.434678
vt 0.739513 0.456452
vt 0.739513 0.434678
vt 0.772174 0.456452
vt 0.799391 0.1244
vt 0.799391 0.135287
vt 0.821165 0.1244
vt 0.799391 0.135287
vt 0.799391 0.1244
vt 0.777618 0.135287
vt 0.930035 0.173391
vt 0.930035 0.157061
vt 0.919148 0.173391
vt 0.930035 0.157061
vt 0.930035 0.173391
vt 0.897374 0.162504
vt 0.886487 0.434678
vt 0.886487 0.407461
vt 0.864713 0.434678
vt 0.886487 0.407461
vt 0.886487 0.434678
vt 0.908261 0.407461
vt 0.897374 0.113513
vt 0.902818 0.1244
vt 0.908261 0.113513
vt 0.897374 0.1244
vt 0.891931 0.113513
vt 0.881044 0.1244
vt 0.886487 0.51633
vt 0.891931 0.505443
vt 0.864713 0.51633
vt 0.891931 0.505443
vt 0.886487 0.51633
vt 0.919148 0.505443
vt 0.870157 0.200609
vt 0.870157 0.189722
vt 0.897374 0.200609
vt 0.870157 0.189722
vt 0.870157 0.200609
vt 0.837496 0.189722
vt 0.559878 0.385687
vt 0.554435 0.39113
vt 0.548991 0.380243
vt 0.554435 0.39113
vt 0.559878 0.385687
vt 0.554435 0.396574
vt 0.837496 0.434678
vt 0.837496 0.407461
vt 0.870157 0.434678
vt 0.837496 0.407461
vt 0.837496 0.434678
vt 0.804835 0.407461
vt 0.761287 0.614313
vt 0.7504 0.597983
vt 0.7504 0.614313
vt 0.723183 0.592539
vt 0.73407 0.614313
vt 0.739513 0.592539
vt 0.777618 0.690522
vt 0.761287 0.657861
vt 0.804835 0.690522
vt 0.761287 0.657861
vt 0.777618 0.690522
vt 0.728626 0.652417
vt 0.548991 0.380243
vt 0.538104 0.380243
vt 0.559878 0.385687
vt 0.842939 0.304035
vt 0.842939 0.304035
vt 0.842939 0.304035
vt 0.842939 0.304035
vt 0.848383 0.304035
vt 0.848383 0.309478
vt 0.848383 0.309478
vt 0.848383 0.309478
vt 0.848383 0.309478
vt 0.848383 0.309478
vt 0.848383 0.309478
vt 0.848383 0.309478
vt 0.793948 0.652417
vt 0.799391 0.685078
vt 0.815722 0.652417
vt 0.799391 0.685078
vt 0.793948 0.652417
vt 0.783061 0.685078
vt 0.766731 0.102626
vt 0.766731 0.113513
vt 0.777618 0.102626
vt 0.766731 0.113513
vt 0.766731 0.102626
vt 0.788504 0.113513
vt 0.7504 0.505443
vt 0.755844 0.478226
vt 0.744957 0.505443
vt 0.744957 0.505443
vt 0.744957 0.478226
vt 0.739513 0.505443
vt 0.853826 0.766731
vt 0.853826 0.761287
vt 0.837496 0.772174
vt 0.85927 0.772174
vt 0.853826 0.766731
vt 0.837496 0.777617
vt 0.837496 0.48367
vt 0.837496 0.461896
vt 0.870157 0.48367
vt 0.837496 0.461896
vt 0.837496 0.48367
vt 0.804835 0.461896
vt 0.799391 0.7504
vt 0.788504 0.717739
vt 0.821165 0.7504
vt 0.799391 0.7504
vt 0.821165 0.7504
vt 0.821165 0.761287
vt 0.739513 0.478226
vt 0.739513 0.505443
vt 0.744957 0.478226
vt 0.739513 0.505443
vt 0.739513 0.478226
vt 0.772174 0.505443
vt 0.842939 0.304035
vt 0.848383 0.304035
vt 0.842939 0.304035
vt 0.842939 0.298591
vt 0.842939 0.298591
vt 0.842939 0.304035
vt 0.848383 0.309478
vt 0.848383 0.309478
vt 0.848383 0.309478
vt 0.848383 0.309478
vt 0.848383 0.309478
vt 0.848383 0.309478
vt 0.908261 0.532661
vt 0.902818 0.543548
vt 0.913705 0.532661
vt 0.902818 0.543548
vt 0.908261 0.532661
vt 0.881044 0.543548
vt 0.881044 0.1244
vt 0.870157 0.113513
vt 0.85927 0.1244
vt 0.870157 0.113513
vt 0.881044 0.1244
vt 0.891931 0.113513
vt 0.744957 0.276817
vt 0.744957 0.293148
vt 0.755844 0.276817
vt 0.744957 0.293148
vt 0.744957 0.276817
vt 0.739513 0.293148
vt 0.924591 0.576209
vt 0.940922 0.592539
vt 0.881044 0.576209
vt 0.940922 0.592539
vt 0.924591 0.576209
vt 0.989913 0.592539
vt 0.940922 0.614313
vt 0.930035 0.630643
vt 0.957252 0.614313
vt 0.913705 0.630643
vt 0.930035 0.614313
vt 0.908261 0.630643
vt 0.821165 0.320365
vt 0.821165 0.314922
vt 0.821165 0.320365
vt 0.853826 0.309478
vt 0.853826 0.314922
vt 0.848383 0.309478
vt 0.935478 0.309478
vt 0.930035 0.293148
vt 0.924591 0.309478
vt 0.935478 0.331252
vt 0.935478 0.309478
vt 0.924591 0.331252
vt 0.864713 0.331252
vt 0.864713 0.347583
vt 0.886487 0.331252
vt 0.864713 0.347583
vt 0.864713 0.331252
vt 0.837496 0.347583
vt 0.913705 0.3748
vt 0.908261 0.407461
vt 0.924591 0.3748
vt 0.908261 0.407461
vt 0.913705 0.3748
vt 0.886487 0.407461
vt 0.189722 0.363913
vt 0.178835 0.369356
vt 0.162504 0.440122
vt 0.848383 0.309478
vt 0.848383 0.309478
vt 0.848383 0.309478
vt 0.848383 0.309478
vt 0.848383 0.309478
vt 0.848383 0.309478
vt 0.837496 0.434678
vt 0.837496 0.456452
vt 0.864713 0.434678
vt 0.837496 0.456452
vt 0.837496 0.434678
vt 0.815722 0.456452
vt 0.200609 0.298591
vt 0.287704 0.298591
vt 0.200609 0.298591
vt 0.200609 0.298591
vt 0.14073 0.314922
vt 0.200609 0.298591
vt 0.908261 0.146174
vt 0.913705 0.157061
vt 0.919148 0.146174
vt 0.919148 0.146174
vt 0.913705 0.135287
vt 0.908261 0.146174
vt 0.810278 0.162504
vt 0.810278 0.173391
vt 0.777618 0.162504
vt 0.810278 0.173391
vt 0.810278 0.162504
vt 0.837496 0.178835
vt 0.826609 0.309478
vt 0.826609 0.309478
vt 0.821165 0.309478
vt 0.826609 0.309478
vt 0.826609 0.309478
vt 0.826609 0.309478
vt 0.826609 0.309478
vt 0.826609 0.309478
vt 0.826609 0.309478
vt 0.826609 0.309478
vt 0.826609 0.309478
vt 0.826609 0.304035
vt 0.826609 0.309478
vt 0.826609 0.309478
vt 0.826609 0.309478
vt 0.826609 0.309478
vt 0.826609 0.309478
vt 0.826609 0.309478
vt 0.826609 0.304035
vt 0.826609 0.304035
vt 0.826609 0.304035
vt 0.826609 0.304035
vt 0.826609 0.304035
vt 0.826609 0.309478
vt 0.440122 0.423791
vt 0.434678 0.35847
vt 0.51633 0.440122
vt 0.434678 0.35847
vt 0.440122 0.423791
vt 0.3748 0.353026
vt 0.842939 0.304035
vt 0.842939 0.304035
vt 0.842939 0.304035
vt 0.842939 0.304035
vt 0.842939 0.304035
vt 0.842939 0.304035
vt 0.755844 0.51633
vt 0.7504 0.505443
vt 0.7504 0.51633
vt 0.761287 0.505443
vt 0.766731 0.51633
vt 0.783061 0.505443
vt 0.848383 0.309478
vt 0.848383 0.309478
vt 0.848383 0.309478
vt 0.293148 0.418348
vt 0.304035 0.353026
vt 0.216939 0.429235
vt 0.304035 0.353026
vt 0.293148 0.418348
vt 0.3748 0.353026
vt 0.891931 0.603426
vt 0.897374 0.597983
vt 0.881044 0.603426
vt 0.897374 0.597983
vt 0.891931 0.603426
vt 0.913705 0.597983
vt 0.913705 0.260487
vt 0.913705 0.276817
vt 0.924592 0.260487
vt 0.913705 0.276817
vt 0.913705 0.260487
vt 0.886487 0.276817
vt 0.908261 0.1244
vt 0.908261 0.113513
vt 0.902818 0.1244
vt 0.908261 0.113513
vt 0.908261 0.1244
vt 0.913705 0.113513
vt 0.85927 0.641531
vt 0.848383 0.646974
vt 0.870157 0.64153
vt 0.837496 0.652417
vt 0.837496 0.679635
vt 0.85927 0.652417
vt 0.783061 0.597983
vt 0.788504 0.603426
vt 0.799391 0.597983
vt 0.788504 0.603426
vt 0.783061 0.597983
vt 0.777618 0.603426
vt 0.783061 0.505443
vt 0.788504 0.51633
vt 0.810278 0.505443
vt 0.788504 0.51633
vt 0.783061 0.505443
vt 0.766731 0.51633
vt 0.848383 0.309478
vt 0.848383 0.309478
vt 0.848383 0.314922
vt 0.848383 0.314922
vt 0.848383 0.314922
vt 0.848383 0.309478
vt 0.793948 0.102626
vt 0.788504 0.113513
vt 0.766731 0.102626
vt 0.788504 0.113513
vt 0.793948 0.102626
vt 0.815722 0.118956
vt 0.815722 0.456452
vt 0.815722 0.434678
vt 0.788505 0.456452
vt 0.815722 0.434678
vt 0.815722 0.456452
vt 0.837496 0.434678
vt 0.821165 0.309478
vt 0.821165 0.309478
vt 0.821165 0.314922
vt 0.821165 0.314922
vt 0.821165 0.314922
vt 0.821165 0.309478
vt 0.799391 0.603426
vt 0.799391 0.597983
vt 0.788504 0.603426
vt 0.799391 0.597983
vt 0.799391 0.603426
vt 0.815722 0.597983
vt 0.793948 0.717739
vt 0.783061 0.685078
vt 0.783061 0.717739
vt 0.783061 0.717739
vt 0.793948 0.7504
vt 0.793948 0.717739
vt 0.886487 0.113513
vt 0.891931 0.1244
vt 0.864713 0.118956
vt 0.891931 0.1244
vt 0.886487 0.113513
vt 0.913705 0.1244
vt 0.772174 0.652417
vt 0.783061 0.685078
vt 0.793948 0.652417
vt 0.783061 0.685078
vt 0.772174 0.652417
vt 0.772174 0.685078
vt 0.799391 0.657861
vt 0.804835 0.690522
vt 0.761287 0.657861
vt 0.804835 0.690522
vt 0.799391 0.657861
vt 0.837496 0.690522
vt 0.821165 0.309478
vt 0.821165 0.304035
vt 0.826609 0.309478
vt 0.826609 0.309478
vt 0.826609 0.309478
vt 0.821165 0.309478
vt 0.870157 0.755844
vt 0.8756 0.761287
vt 0.881044 0.7504
vt 0.8756 0.761287
vt 0.870157 0.755844
vt 0.853826 0.766731
vt 0.810278 0.755844
vt 0.793948 0.7504
vt 0.804835 0.761287
vt 0.804835 0.761287
vt 0.821165 0.766731
vt 0.810278 0.755844
vt 0.886487 0.717739
vt 0.891931 0.685078
vt 0.870157 0.712296
vt 0.870157 0.712296
vt 0.864713 0.739513
vt 0.886487 0.717739
vt 0.815722 0.559878
vt 0.821165 0.543548
vt 0.788504 0.559878
vt 0.821165 0.543548
vt 0.815722 0.559878
vt 0.837496 0.543548
vt 0.881044 0.216939
vt 0.886487 0.227826
vt 0.902818 0.211496
vt 0.886487 0.227826
vt 0.881044 0.216939
vt 0.85927 0.233269
vt 0.886487 0.3748
vt 0.891931 0.347583
vt 0.864713 0.3748
vt 0.891931 0.347583
vt 0.886487 0.3748
vt 0.913705 0.347583
vt 0.913705 0.135287
vt 0.908261 0.1244
vt 0.908261 0.135287
vt 0.908261 0.135287
vt 0.908261 0.146174
vt 0.913705 0.135287
vt 0.793948 0.162504
vt 0.799391 0.173391
vt 0.815722 0.162504
vt 0.799391 0.173391
vt 0.793948 0.162504
vt 0.777618 0.173391
vt 0.864713 0.407461
vt 0.864713 0.434678
vt 0.886487 0.407461
vt 0.864713 0.434678
vt 0.864713 0.407461
vt 0.837496 0.434678
vt 0.723183 0.576209
vt 0.744957 0.559878
vt 0.712296 0.576209
vt 0.744957 0.559878
vt 0.723183 0.576209
vt 0.755844 0.559878
vt 0.913705 0.657861
vt 0.902818 0.690522
vt 0.8756 0.657861
vt 0.902818 0.690522
vt 0.913705 0.657861
vt 0.930035 0.685078
vt 0.870157 0.619757
vt 0.870157 0.614313
vt 0.85927 0.6252
vt 0.85927 0.6252
vt 0.85927 0.641531
vt 0.870157 0.619757
vt 0.924591 0.559878
vt 0.940922 0.576209
vt 0.935478 0.559878
vt 0.913705 0.543548
vt 0.935478 0.559878
vt 0.924591 0.543548
vt 0.837496 0.075409
vt 0.837496 0.064522
vt 0.864713 0.075409
vt 0.815722 0.075409
vt 0.837496 0.064522
vt 0.837496 0.075409
vt 0.85927 0.7504
vt 0.864713 0.717739
vt 0.8756 0.7504
vt 0.85927 0.7504
vt 0.8756 0.7504
vt 0.85927 0.761287
vt 0.902818 0.173391
vt 0.902818 0.184278
vt 0.913705 0.173391
vt 0.902818 0.184278
vt 0.902818 0.173391
vt 0.881044 0.184278
vt 0.799391 0.200609
vt 0.793948 0.216939
vt 0.815722 0.200609
vt 0.793948 0.216939
vt 0.799391 0.200609
vt 0.772174 0.211496
vt 0.919148 0.614313
vt 0.908261 0.630643
vt 0.930035 0.614313
vt 0.908261 0.614313
vt 0.902818 0.6252
vt 0.919148 0.614313
vt 0.826609 0.293148
vt 0.826609 0.298591
vt 0.832052 0.293148
vt 0.826609 0.298591
vt 0.826609 0.293148
vt 0.826609 0.298591
vt 0.842939 0.304035
vt 0.842939 0.304035
vt 0.842939 0.304035
vt 0.842939 0.304035
vt 0.842939 0.304035
vt 0.842939 0.304035
vt 0.842939 0.304035
vt 0.842939 0.304035
vt 0.842939 0.298591
vt 0.842939 0.304035
vt 0.842939 0.304035
vt 0.842939 0.304035
vt 0.766731 0.565322
vt 0.783061 0.548991
vt 0.804835 0.565322
vt 0.783061 0.548991
vt 0.766731 0.565322
vt 0.755844 0.543548
vt 0.761287 0.227826
vt 0.755844 0.244156
vt 0.772174 0.227826
vt 0.772174 0.211496
vt 0.772174 0.227826
vt 0.793948 0.216939
vt 0.821165 0.309478
vt 0.826609 0.309478
vt 0.821165 0.314922
vt 0.826609 0.309478
vt 0.821165 0.309478
vt 0.826609 0.309478
vt 0.848383 0.309478
vt 0.848383 0.309478
vt 0.848383 0.314922
vt 0.848383 0.309478
vt 0.848383 0.309478
vt 0.848383 0.309478
vt 0.821165 0.309478
vt 0.821165 0.309478
vt 0.821165 0.309478
vt 0.821165 0.309478
vt 0.821165 0.309478
vt 0.821165 0.309478
vt 0.772174 0.592539
vt 0.777618 0.592539
vt 0.804835 0.592539
vt 0.777618 0.592539
vt 0.772174 0.592539
vt 0.7504 0.597983
vt 0.826609 0.304035
vt 0.826609 0.304035
vt 0.826609 0.304035
vt 0.826609 0.304035
vt 0.826609 0.304035
vt 0.826609 0.304035
vt 0.848383 0.298591
vt 0.842939 0.298591
vt 0.848383 0.304035
vt 0.848383 0.304035
vt 0.848383 0.304035
vt 0.848383 0.298591
vt 0.837496 0.189722
vt 0.837496 0.178835
vt 0.870157 0.189722
vt 0.837496 0.178835
vt 0.837496 0.189722
vt 0.810278 0.173391
vt 0.85927 0.184278
vt 0.85927 0.173391
vt 0.837496 0.189722
vt 0.85927 0.173391
vt 0.85927 0.184278
vt 0.881044 0.173391
vt 0.837496 0.200609
vt 0.837496 0.216939
vt 0.85927 0.200609
vt 0.837496 0.216939
vt 0.837496 0.200609
vt 0.815722 0.216939
vt 0.848383 0.309478
vt 0.848383 0.309478
vt 0.848383 0.309478
vt 0.848383 0.309478
vt 0.848383 0.309478
vt 0.848383 0.309478
vt 0.848383 0.304035
vt 0.848383 0.304035
vt 0.848383 0.304035
vt 0.848383 0.304035
vt 0.848383 0.304035
vt 0.848383 0.304035
vt 0.837496 0.717739
vt 0.837496 0.690522
vt 0.864713 0.717739
vt 0.837496 0.690522
vt 0.837496 0.717739
vt 0.804835 0.690522
vt 0.815722 0.091739
vt 0.810278 0.102626
vt 0.826609 0.091739
vt 0.826609 0.086295
vt 0.815722 0.086295
vt 0.815722 0.091739
vt 0.755844 0.652417
vt 0.744957 0.630643
vt 0.739513 0.652417
vt 0.739513 0.652417
vt 0.755844 0.685078
vt 0.755844 0.652417
vt 0.842939 0.304035
vt 0.842939 0.298591
vt 0.842939 0.304035
vt 0.842939 0.298591
vt 0.842939 0.304035
vt 0.842939 0.298591
vt 0.913705 0.597983
vt 0.908261 0.614313
vt 0.924591 0.597983
vt 0.913705 0.597983
vt 0.924591 0.597983
vt 0.897374 0.597983
vt 0.815722 0.3748
vt 0.815722 0.347583
vt 0.788504 0.3748
vt 0.815722 0.347583
vt 0.815722 0.3748
vt 0.837496 0.347583
vt 0.902818 0.6252
vt 0.908261 0.614313
vt 0.897374 0.6252
vt 0.897374 0.614313
vt 0.897374 0.6252
vt 0.908261 0.614313
vt 0.940922 0.456452
vt 0.940922 0.434678
vt 0.930035 0.456452
vt 0.940922 0.434678
vt 0.940922 0.456452
vt 0.902818 0.434678
vt 0.848383 0.304035
vt 0.848383 0.309478
vt 0.848383 0.304035
vt 0.848383 0.304035
vt 0.848383 0.309478
vt 0.848383 0.304035
vt 0.826609 0.304035
vt 0.826609 0.309478
vt 0.826609 0.304035
vt 0.826609 0.309478
vt 0.826609 0.304035
vt 0.826609 0.304035
vt 0.897374 0.135287
vt 0.902818 0.146174
vt 0.908261 0.135287
vt 0.902818 0.146174
vt 0.897374 0.135287
vt 0.881044 0.146174
vt 0.755844 0.407461
vt 0.761287 0.434678
vt 0.766731 0.407461
vt 0.766731 0.407461
vt 0.772174 0.434678
vt 0.793948 0.407461
vt 0.826609 0.304035
vt 0.826609 0.304035
vt 0.826609 0.309478
vt 0.826609 0.304035
vt 0.826609 0.304035
vt 0.826609 0.304035
vt 0.842939 0.309478
vt 0.848383 0.309478
vt 0.842939 0.304035
vt 0.842939 0.309478
vt 0.848383 0.309478
vt 0.848383 0.309478
vt 0.766731 0.614313
vt 0.766731 0.597983
vt 0.761287 0.614313
vt 0.761287 0.614313
vt 0.766731 0.630643
vt 0.766731 0.614313
vt 0.924592 0.276817
vt 0.919148 0.293148
vt 0.930035 0.276817
vt 0.919148 0.293148
vt 0.924592 0.276817
vt 0.913705 0.293148
vt 0.848383 0.304035
vt 0.848383 0.304035
vt 0.848383 0.304035
vt 0.848383 0.304035
vt 0.848383 0.309478
vt 0.848383 0.304035
vt 0.766731 0.293148
vt 0.766731 0.309478
vt 0.788504 0.293148
vt 0.766731 0.309478
vt 0.766731 0.293148
vt 0.755844 0.309478
vt 0.853826 0.761287
vt 0.864713 0.7504
vt 0.848383 0.744957
vt 0.848383 0.744957
vt 0.864713 0.7504
vt 0.864713 0.739513
vt 0.826609 0.298591
vt 0.832052 0.293148
vt 0.826609 0.298591
vt 0.832052 0.293148
vt 0.826609 0.298591
vt 0.832052 0.298591
vt 0.826609 0.761287
vt 0.815722 0.7504
vt 0.826609 0.761287
vt 0.826609 0.761287
vt 0.837496 0.772174
vt 0.826609 0.761287
vt 0.848383 0.304035
vt 0.842939 0.304035
vt 0.842939 0.304035
vt 0.842939 0.304035
vt 0.842939 0.304035
vt 0.842939 0.304035
vt 0.826609 0.298591
vt 0.826609 0.304035
vt 0.826609 0.304035
vt 0.826609 0.304035
vt 0.826609 0.298591
vt 0.826609 0.298591
vt 0.913705 0.113513
vt 0.908261 0.102626
vt 0.908261 0.113513
vt 0.908261 0.102626
vt 0.913705 0.113513
vt 0.886487 0.102626
vt 0.853826 0.761287
vt 0.853826 0.761287
vt 0.864713 0.7504
vt 0.853826 0.761287
vt 0.853826 0.761287
vt 0.837496 0.772174
vt 0.886487 0.091739
vt 0.897374 0.091739
vt 0.870157 0.086295
vt 0.85927 0.091739
vt 0.870157 0.091739
vt 0.85927 0.086295
vt 0.848383 0.314922
vt 0.848383 0.314922
vt 0.848383 0.320365
vt 0.848383 0.320365
vt 0.848383 0.320365
vt 0.848383 0.314922
vt 0.842939 0.298591
vt 0.842939 0.298591
vt 0.842939 0.298591
vt 0.842939 0.298591
vt 0.842939 0.298591
vt 0.842939 0.304035
vt 0.848383 0.309478
vt 0.848383 0.309478
vt 0.848383 0.309478
vt 0.848383 0.309478
vt 0.848383 0.309478
vt 0.848383 0.309478
vt 0.826609 0.304035
vt 0.826609 0.304035
vt 0.826609 0.304035
vt 0.826609 0.304035
vt 0.826609 0.304035
vt 0.826609 0.304035
vt 0.821165 0.304035
vt 0.821165 0.304035
vt 0.821165 0.304035
vt 0.821165 0.304035
vt 0.821165 0.304035
vt 0.821165 0.304035
vt 0.848383 0.304035
vt 0.848383 0.304035
vt 0.848383 0.304035
vt 0.848383 0.304035
vt 0.848383 0.298591
vt 0.848383 0.304035
vt 0.826609 0.298591
vt 0.826609 0.298591
vt 0.826609 0.298591
vt 0.826609 0.298591
vt 0.826609 0.298591
vt 0.826609 0.298591
vt 0.919148 0.456452
vt 0.919148 0.434678
vt 0.913705 0.456452
vt 0.913705 0.456452
vt 0.908261 0.434678
vt 0.886487 0.456452
vt 0.821165 0.309478
vt 0.821165 0.309478
vt 0.821165 0.309478
vt 0.821165 0.309478
vt 0.821165 0.309478
vt 0.821165 0.309478
vt 0.815722 0.173391
vt 0.815722 0.162504
vt 0.799391 0.173391
vt 0.815722 0.162504
vt 0.815722 0.173391
vt 0.837496 0.162504
vt 0.821165 0.309478
vt 0.821165 0.309478
vt 0.821165 0.309478
vt 0.821165 0.309478
vt 0.821165 0.309478
vt 0.821165 0.309478
vt 0.815722 0.652417
vt 0.810278 0.646974
vt 0.793948 0.652417
vt 0.821165 0.641531
vt 0.810278 0.630643
vt 0.804835 0.64153
vt 0.766731 0.244156
vt 0.766731 0.260487
vt 0.793948 0.244156
vt 0.766731 0.260487
vt 0.766731 0.244156
vt 0.755844 0.260487
vt 0.897374 0.64153
vt 0.902818 0.6252
vt 0.897374 0.636087
vt 0.897374 0.64153
vt 0.897374 0.636087
vt 0.886487 0.64153
vt 0.826609 0.304035
vt 0.826609 0.304035
vt 0.826609 0.304035
vt 0.826609 0.304035
vt 0.826609 0.304035
vt 0.826609 0.304035
vt 0.842939 0.298591
vt 0.842939 0.298591
vt 0.842939 0.298591
vt 0.842939 0.298591
vt 0.842939 0.298591
vt 0.842939 0.298591
vt 0.793948 0.407461
vt 0.788504 0.3748
vt 0.766731 0.407461
vt 0.788504 0.3748
vt 0.793948 0.407461
vt 0.815722 0.3748
vt 0.881044 0.162504
vt 0.881044 0.146174
vt 0.85927 0.162504
vt 0.881044 0.146174
vt 0.881044 0.162504
vt 0.902818 0.146174
vt 0.919148 0.157061
vt 0.919148 0.146174
vt 0.913705 0.157061
vt 0.913705 0.157061
vt 0.913705 0.173391
vt 0.919148 0.157061
vt 0.826609 0.744957
vt 0.826609 0.761287
vt 0.837496 0.755844
vt 0.826609 0.744957
vt 0.837496 0.744957
vt 0.826609 0.73407
vt 0.891931 0.685078
vt 0.886487 0.717739
vt 0.908261 0.685078
vt 0.908261 0.685078
vt 0.919148 0.652417
vt 0.891931 0.685078
vt 0.881044 0.200609
vt 0.881044 0.184278
vt 0.85927 0.200609
vt 0.881044 0.184278
vt 0.881044 0.200609
vt 0.902818 0.184278
vt 0.902818 0.211496
vt 0.908261 0.227826
vt 0.913705 0.211496
vt 0.908261 0.227826
vt 0.902818 0.211496
vt 0.886487 0.227826
vt 0.821165 0.135287
vt 0.821165 0.1244
vt 0.799391 0.135287
vt 0.821165 0.1244
vt 0.821165 0.135287
vt 0.837496 0.1244
vt 0.783061 0.717739
vt 0.772174 0.685078
vt 0.772174 0.717739
vt 0.755844 0.685078
vt 0.772174 0.717739
vt 0.772174 0.685078
vt 0.826609 0.309478
vt 0.826609 0.309478
vt 0.826609 0.309478
vt 0.826609 0.309478
vt 0.826609 0.309478
vt 0.826609 0.309478
vt 0.864713 0.102626
vt 0.85927 0.091739
vt 0.853826 0.102626
vt 0.848383 0.086295
vt 0.837496 0.091739
vt 0.848383 0.091739
vt 0.369357 0.412904
vt 0.3748 0.353026
vt 0.440122 0.423791
vt 0.3748 0.353026
vt 0.369357 0.412904
vt 0.304035 0.353026
vt 0.837496 0.162504
vt 0.837496 0.173391
vt 0.85927 0.162504
vt 0.837496 0.173391
vt 0.837496 0.162504
vt 0.815722 0.173391
vt 0.821165 0.309478
vt 0.821165 0.309478
vt 0.821165 0.309478
vt 0.821165 0.309478
vt 0.821165 0.309478
vt 0.821165 0.309478
vt 0.826609 0.080852
vt 0.837496 0.075409
vt 0.821165 0.075409
vt 0.837496 0.075409
vt 0.826609 0.080852
vt 0.837496 0.080852
vt 0.902818 0.592539
vt 0.908261 0.592539
vt 0.8756 0.592539
vt 0.908261 0.592539
vt 0.902818 0.592539
vt 0.940922 0.592539
vt 0.913705 0.559878
vt 0.924591 0.576209
vt 0.924591 0.559878
vt 0.924591 0.576209
vt 0.913705 0.559878
vt 0.897374 0.576209
vt 0.848383 0.309478
vt 0.848383 0.309478
vt 0.848383 0.314922
vt 0.848383 0.314922
vt 0.848383 0.314922
vt 0.848383 0.309478
vt 0.76673 0.173391
vt 0.766731 0.184278
vt 0.777618 0.173391
vt 0.777618 0.173391
vt 0.777618 0.184278
vt 0.799391 0.173391
vt 0.815722 0.2496
vt 0.815722 0.233269
vt 0.793948 0.244156
vt 0.815722 0.233269
vt 0.815722 0.2496
vt 0.837496 0.233269
vt 0.804835 0.744957
vt 0.793948 0.717739
vt 0.793948 0.7504
vt 0.793948 0.7504
vt 0.810278 0.755844
vt 0.804835 0.744957
vt 0.821165 0.320365
vt 0.826609 0.320365
vt 0.821165 0.314922
vt 0.821165 0.320365
vt 0.821165 0.320365
vt 0.826609 0.320365
vt 0.826609 0.304035
vt 0.826609 0.304035
vt 0.826609 0.304035
vt 0.826609 0.304035
vt 0.826609 0.304035
vt 0.826609 0.304035
vt 0.842939 0.304035
vt 0.842939 0.304035
vt 0.842939 0.304035
vt 0.842939 0.304035
vt 0.842939 0.304035
vt 0.842939 0.304035
vt 0.821165 0.320365
vt 0.821165 0.314922
vt 0.821165 0.314922
vt 0.821165 0.314922
vt 0.821165 0.314922
vt 0.821165 0.320365
vt 0.777618 0.636087
vt 0.777618 0.6252
vt 0.777618 0.64153
vt 0.777618 0.636087
vt 0.777618 0.64153
vt 0.788504 0.636087
vt 0.815722 0.118956
vt 0.815722 0.1244
vt 0.788504 0.113513
vt 0.815722 0.1244
vt 0.815722 0.118956
vt 0.837496 0.129843
vt 0.881044 0.7504
vt 0.891931 0.717739
vt 0.8756 0.744957
vt 0.881044 0.7504
vt 0.8756 0.744957
vt 0.870157 0.755844
vt 0.7504 0.576209
vt 0.766731 0.559878
vt 0.739513 0.576209
vt 0.739513 0.576209
vt 0.723183 0.592539
vt 0.7504 0.576209
vt 0.864713 0.331252
vt 0.864713 0.309478
vt 0.837496 0.331252
vt 0.864713 0.309478
vt 0.864713 0.331252
vt 0.886487 0.309478
vt 0.848383 0.309478
vt 0.848383 0.309478
vt 0.848383 0.309478
vt 0.848383 0.309478
vt 0.848383 0.309478
vt 0.848383 0.314922
vt 0.200609 0.298591
vt 0.14073 0.314922
vt 0.206052 0.298591
vt 0.206052 0.298591
vt 0.287704 0.293148
vt 0.200609 0.298591
vt 0.842939 0.304035
vt 0.842939 0.304035
vt 0.842939 0.304035
vt 0.842939 0.304035
vt 0.842939 0.304035
vt 0.842939 0.304035
vt 0.826609 0.304035
vt 0.826609 0.304035
vt 0.826609 0.304035
vt 0.826609 0.304035
vt 0.826609 0.304035
vt 0.826609 0.304035
vt 0.815722 0.51633
vt 0.810278 0.505443
vt 0.788504 0.51633
vt 0.810278 0.505443
vt 0.815722 0.51633
vt 0.837496 0.505443
vt 0.837496 0.505443
vt 0.837496 0.51633
vt 0.864713 0.505443
vt 0.837496 0.51633
vt 0.837496 0.505443
vt 0.815722 0.51633
vt 0.919148 0.652417
vt 0.930035 0.630643
vt 0.902818 0.652417
vt 0.902818 0.652417
vt 0.891931 0.685078
vt 0.919148 0.652417
vt 0.755844 0.260487
vt 0.755844 0.244156
vt 0.744957 0.260487
vt 0.744957 0.260487
vt 0.744957 0.276817
vt 0.755844 0.260487
vt 0.755844 0.309478
vt 0.755844 0.293148
vt 0.744957 0.309478
vt 0.744957 0.309478
vt 0.739513 0.331252
vt 0.755844 0.309478
vt 0.777618 0.135287
vt 0.777618 0.146174
vt 0.799391 0.135287
vt 0.777618 0.146174
vt 0.777618 0.135287
vt 0.76673 0.146174
vt 0.826609 0.298591
vt 0.826609 0.298591
vt 0.826609 0.298591
vt 0.826609 0.298591
vt 0.826609 0.298591
vt 0.826609 0.298591
vt 0.842939 0.298591
vt 0.842939 0.298591
vt 0.842939 0.298591
vt 0.842939 0.298591
vt 0.842939 0.298591
vt 0.842939 0.298591
vt 0.826609 0.298591
vt 0.826609 0.304035
vt 0.826609 0.304035
vt 0.826609 0.304035
vt 0.826609 0.304035
vt 0.826609 0.304035
vt 0.853826 0.080852
vt 0.848383 0.086295
vt 0.870157 0.086295
vt 0.848383 0.086295
vt 0.853826 0.080852
vt 0.837496 0.080852
vt 0.848383 0.314922
vt 0.848383 0.320365
vt 0.848383 0.309478
vt 0.848383 0.314922
vt 0.848383 0.314922
vt 0.848383 0.320365
vt 0.837496 0.630644
vt 0.837496 0.614313
vt 0.826609 0.630643
vt 0.848383 0.614313
vt 0.848383 0.592539
vt 0.837496 0.614313
vt 0.848383 0.309478
vt 0.848383 0.309478
vt 0.848383 0.309478
vt 0.848383 0.309478
vt 0.848383 0.309478
vt 0.848383 0.304035
vt 0.837496 0.76673
vt 0.837496 0.772174
vt 0.853826 0.761287
vt 0.837496 0.76673
vt 0.826609 0.761287
vt 0.837496 0.772174
vt 0.826609 0.080852
vt 0.810278 0.086295
vt 0.826609 0.086295
vt 0.826609 0.086295
vt 0.815722 0.086295
vt 0.826609 0.086295
vt 0.837496 0.314922
vt 0.837496 0.331252
vt 0.864713 0.309478
vt 0.837496 0.331252
vt 0.837496 0.314922
vt 0.815722 0.331252
vt 0.848383 0.309478
vt 0.848383 0.309478
vt 0.848383 0.309478
vt 0.848383 0.309478
vt 0.848383 0.304035
vt 0.848383 0.309478
vt 0.793948 0.532661
vt 0.799391 0.543548
vt 0.815722 0.532661
vt 0.799391 0.543548
vt 0.793948 0.532661
vt 0.777618 0.543548
vt 0.761287 0.630643
vt 0.7504 0.614313
vt 0.744957 0.630643
vt 0.744957 0.630643
vt 0.755844 0.652417
vt 0.761287 0.630643
vt 0.739513 0.592539
vt 0.7504 0.614313
vt 0.7504 0.597983
vt 0.739513 0.592539
vt 0.7504 0.597983
vt 0.772174 0.592539
vt 0.287704 0.298591
vt 0.3748 0.293148
vt 0.287704 0.293148
vt 0.3748 0.293148
vt 0.287704 0.298591
vt 0.3748 0.293148
vt 0.815722 0.216939
vt 0.815722 0.200609
vt 0.793948 0.216939
vt 0.815722 0.200609
vt 0.815722 0.216939
vt 0.837496 0.200609
vt 0.848383 0.086295
vt 0.837496 0.080852
vt 0.837496 0.086295
vt 0.837496 0.086295
vt 0.837496 0.080852
vt 0.826609 0.086295
vt 0.886487 0.559878
vt 0.897374 0.576209
vt 0.913705 0.559878
vt 0.897374 0.576209
vt 0.886487 0.559878
vt 0.870157 0.576209
vt 0.902818 0.6252
vt 0.897374 0.64153
vt 0.908261 0.630643
vt 0.908261 0.630643
vt 0.919148 0.614313
vt 0.902818 0.6252
vt 0.821165 0.6252
vt 0.815722 0.614313
vt 0.810278 0.619757
vt 0.810278 0.614313
vt 0.810278 0.619757
vt 0.815722 0.614313
vt 0.804835 0.091739
vt 0.799391 0.102626
vt 0.815722 0.091739
vt 0.799391 0.102626
vt 0.804835 0.091739
vt 0.788504 0.102626
vt 0.532661 0.331252
vt 0.451009 0.304035
vt 0.532661 0.331252
vt 0.532661 0.331252
vt 0.592539 0.353026
vt 0.532661 0.331252
vt 0.772174 0.135287
vt 0.772174 0.1244
vt 0.766731 0.135287
vt 0.766731 0.135287
vt 0.761287 0.146174
vt 0.772174 0.135287
vt 0.924591 0.331252
vt 0.924591 0.309478
vt 0.913705 0.331252
vt 0.924591 0.309478
vt 0.924591 0.331252
vt 0.935478 0.309478
vt 0.848383 0.304035
vt 0.848383 0.304035
vt 0.848383 0.304035
vt 0.848383 0.304035
vt 0.848383 0.309478
vt 0.848383 0.304035
vt 0.826609 0.304035
vt 0.826609 0.304035
vt 0.826609 0.304035
vt 0.826609 0.304035
vt 0.826609 0.304035
vt 0.826609 0.304035
vt 0.848383 0.320365
vt 0.848383 0.320365
vt 0.848383 0.320365
vt 0.848383 0.320365
vt 0.848383 0.320365
vt 0.848383 0.320365
vt 0.842939 0.304035
vt 0.842939 0.304035
vt 0.842939 0.309478
vt 0.842939 0.304035
vt 0.842939 0.304035
vt 0.842939 0.304035
vt 0.821165 0.320365
vt 0.821165 0.320365
vt 0.821165 0.320365
vt 0.821165 0.320365
vt 0.821165 0.320365
vt 0.821165 0.320365
vt 0.842939 0.304035
vt 0.842939 0.304035
vt 0.842939 0.304035
vt 0.842939 0.304035
vt 0.842939 0.304035
vt 0.842939 0.304035
vt 0.826609 0.304035
vt 0.826609 0.304035
vt 0.826609 0.304035
vt 0.826609 0.304035
vt 0.826609 0.304035
vt 0.826609 0.304035
vt 0.837496 0.565322
vt 0.837496 0.548991
vt 0.8756 0.565322
vt 0.837496 0.548991
vt 0.837496 0.565322
vt 0.810278 0.548991
vt 0.902818 0.1244
vt 0.897374 0.113513
vt 0.897374 0.1244
vt 0.897374 0.1244
vt 0.897374 0.135287
vt 0.902818 0.1244
vt 0.766731 0.630643
vt 0.777618 0.646974
vt 0.772174 0.6252
vt 0.772174 0.6252
vt 0.766731 0.614313
vt 0.766731 0.630643
vt 0.772174 0.543548
vt 0.766731 0.532661
vt 0.761287 0.543548
vt 0.761287 0.543548
vt 0.744957 0.559878
vt 0.772174 0.543548
vt 0.924591 0.505443
vt 0.924591 0.478226
vt 0.919148 0.505443
vt 0.930035 0.478226
vt 0.930035 0.456452
vt 0.924591 0.478226
vt 0.85927 0.200609
vt 0.85927 0.216939
vt 0.881044 0.200609
vt 0.85927 0.216939
vt 0.85927 0.200609
vt 0.837496 0.216939
vt 0.837496 0.189722
vt 0.837496 0.200609
vt 0.85927 0.184278
vt 0.837496 0.200609
vt 0.837496 0.189722
vt 0.815722 0.200609
vt 0.870157 0.576209
vt 0.864713 0.559878
vt 0.837496 0.576209
vt 0.864713 0.559878
vt 0.870157 0.576209
vt 0.886487 0.559878
vt 0.870157 0.690522
vt 0.8756 0.657861
vt 0.902818 0.690522
vt 0.8756 0.657861
vt 0.870157 0.690522
vt 0.837496 0.663304
vt 0.848383 0.304035
vt 0.848383 0.304035
vt 0.848383 0.304035
vt 0.848383 0.304035
vt 0.848383 0.304035
vt 0.848383 0.304035
vt 0.837496 0.592539
vt 0.837496 0.581652
vt 0.891931 0.592539
vt 0.837496 0.581652
vt 0.837496 0.592539
vt 0.799391 0.576209
vt 0.821165 0.314922
vt 0.826609 0.314922
vt 0.821165 0.320365
vt 0.821165 0.320365
vt 0.821165 0.320365
vt 0.821165 0.314922
vt 0.826609 0.298591
vt 0.826609 0.298591
vt 0.826609 0.298591
vt 0.826609 0.304035
vt 0.826609 0.298591
vt 0.826609 0.298591
vt 0.8756 0.565322
vt 0.881044 0.576209
vt 0.837496 0.565322
vt 0.881044 0.576209
vt 0.8756 0.565322
vt 0.924591 0.576209
vt 0.842939 0.304035
vt 0.842939 0.298591
vt 0.848383 0.304035
vt 0.848383 0.304035
vt 0.842939 0.304035
vt 0.842939 0.304035
vt 0.848383 0.314922
vt 0.848383 0.314922
vt 0.848383 0.320365
vt 0.848383 0.320365
vt 0.848383 0.320365
vt 0.848383 0.314922
vt 0.924591 0.211496
vt 0.919148 0.195165
vt 0.913705 0.211496
vt 0.913705 0.211496
vt 0.919148 0.227826
vt 0.924591 0.211496
vt 0.815722 0.091739
vt 0.826609 0.091739
vt 0.826609 0.086295
vt 0.826609 0.086295
vt 0.826609 0.091739
vt 0.837496 0.091739
vt 0.85927 0.151617
vt 0.85927 0.162504
vt 0.881044 0.146174
vt 0.85927 0.162504
vt 0.85927 0.151617
vt 0.837496 0.162504
vt 0.810278 0.712296
vt 0.799391 0.685078
vt 0.793948 0.717739
vt 0.793948 0.717739
vt 0.804835 0.744957
vt 0.810278 0.712296
vt 0.864713 0.407461
vt 0.864713 0.3748
vt 0.837496 0.407461
vt 0.864713 0.3748
vt 0.864713 0.407461
vt 0.886487 0.3748
vt 0.76673 0.146174
vt 0.766731 0.157061
vt 0.777618 0.146174
vt 0.755844 0.157061
vt 0.761287 0.173391
vt 0.766731 0.157061
vt 0.864713 0.108069
vt 0.864713 0.097182
vt 0.886487 0.102626
vt 0.864713 0.097182
vt 0.864713 0.108069
vt 0.837496 0.097182
vt 0.930035 0.456452
vt 0.930035 0.434678
vt 0.919148 0.456452
vt 0.919148 0.456452
vt 0.924591 0.478226
vt 0.930035 0.456452
vt 0.908261 0.543548
vt 0.913705 0.532661
vt 0.902818 0.543548
vt 0.913705 0.543548
vt 0.919148 0.532661
vt 0.908261 0.543548
vt 0.85927 0.233269
vt 0.864713 0.2496
vt 0.886487 0.227826
vt 0.864713 0.2496
vt 0.85927 0.233269
vt 0.837496 0.2496
vt 0.755844 0.456452
vt 0.761287 0.434678
vt 0.7504 0.456452
vt 0.7504 0.456452
vt 0.744957 0.478226
vt 0.755844 0.456452
vt 0.826609 0.309478
vt 0.826609 0.309478
vt 0.826609 0.309478
vt 0.826609 0.309478
vt 0.826609 0.309478
vt 0.826609 0.304035
vt 0.799391 0.576209
vt 0.804835 0.565322
vt 0.837496 0.581652
vt 0.804835 0.565322
vt 0.799391 0.576209
vt 0.766731 0.565322
vt 0.826609 0.592539
vt 0.837496 0.592539
vt 0.804835 0.592539
vt 0.826609 0.592539
vt 0.826609 0.614313
vt 0.837496 0.592539
vt 0.848383 0.304035
vt 0.848383 0.304035
vt 0.842939 0.298591
vt 0.842939 0.298591
vt 0.842939 0.298591
vt 0.848383 0.304035
vt 0.848383 0.304035
vt 0.848383 0.304035
vt 0.848383 0.304035
vt 0.848383 0.304035
vt 0.848383 0.304035
vt 0.848383 0.309478
vt 0.826609 0.293148
vt 0.826609 0.298591
vt 0.826609 0.298591
vt 0.826609 0.293148
vt 0.826609 0.298591
vt 0.826609 0.293148
vt 0.723183 0.592539
vt 0.739513 0.576209
vt 0.706852 0.592539
vt 0.706852 0.592539
vt 0.717739 0.614313
vt 0.723183 0.592539
vt 0.755844 0.293148
vt 0.755844 0.276817
vt 0.744957 0.293148
vt 0.755844 0.276817
vt 0.755844 0.293148
vt 0.766731 0.276817
vt 0.744957 0.478226
vt 0.744957 0.505443
vt 0.755844 0.478226
vt 0.755844 0.478226
vt 0.755844 0.456452
vt 0.744957 0.478226
vt 0.837496 0.276817
vt 0.837496 0.293148
vt 0.864713 0.276817
vt 0.837496 0.293148
vt 0.837496 0.276817
vt 0.815722 0.293148
vt 0.973583 0.592539
vt 0.951809 0.576209
vt 0.957252 0.592539
vt 0.957252 0.592539
vt 0.940922 0.614313
vt 0.973583 0.592539
vt 0.886487 0.244156
vt 0.886487 0.227826
vt 0.864713 0.2496
vt 0.886487 0.227826
vt 0.886487 0.244156
vt 0.908261 0.227826
vt 0.930035 0.630643
vt 0.940922 0.614313
vt 0.913705 0.630643
vt 0.913705 0.630643
vt 0.902818 0.652417
vt 0.930035 0.630643
vt 0.815722 0.309478
vt 0.815722 0.331252
vt 0.837496 0.314922
vt 0.815722 0.331252
vt 0.815722 0.309478
vt 0.788504 0.331252
vt 0.881044 0.543548
vt 0.886487 0.532661
vt 0.85927 0.543548
vt 0.886487 0.532661
vt 0.881044 0.543548
vt 0.908261 0.532661
vt 0.777618 0.184278
vt 0.777618 0.173391
vt 0.766731 0.184278
vt 0.766731 0.184278
vt 0.766731 0.195165
vt 0.777618 0.184278
vt 0.3748 0.353026
vt 0.369356 0.412904
vt 0.434678 0.35847
vt 0.369356 0.412904
vt 0.3748 0.353026
vt 0.293148 0.418348
vt 0.804835 0.592539
vt 0.804835 0.592539
vt 0.777618 0.592539
vt 0.804835 0.592539
vt 0.804835 0.592539
vt 0.837496 0.592539
vt 0.919148 0.227826
vt 0.924591 0.244156
vt 0.930035 0.227826
vt 0.930035 0.227826
vt 0.924591 0.211496
vt 0.919148 0.227826
vt 0.848383 0.091739
vt 0.85927 0.091739
vt 0.848383 0.086295
vt 0.848383 0.086295
vt 0.85927 0.091739
vt 0.85927 0.086295
vt 0.804835 0.113513
vt 0.799391 0.1244
vt 0.821165 0.113513
vt 0.799391 0.1244
vt 0.804835 0.113513
vt 0.777618 0.1244
vt 0.821165 0.304035
vt 0.821165 0.304035
vt 0.821165 0.304035
vt 0.821165 0.304035
vt 0.821165 0.309478
vt 0.821165 0.304035
vt 0.799391 0.146174
vt 0.793948 0.162504
vt 0.815722 0.151617
vt 0.793948 0.162504
vt 0.799391 0.146174
vt 0.777618 0.157061
vt 0.826609 0.304035
vt 0.826609 0.304035
vt 0.826609 0.304035
vt 0.826609 0.304035
vt 0.826609 0.304035
vt 0.826609 0.304035
vt 0.783061 0.576209
vt 0.788504 0.559878
vt 0.7504 0.576209
vt 0.788504 0.559878
vt 0.783061 0.576209
vt 0.815722 0.559878
vt 0.3748 0.293148
vt 0.287704 0.298591
vt 0.3748 0.293148
vt 0.3748 0.293148
vt 0.451009 0.304035
vt 0.3748 0.293148
vt 0.826609 0.304035
vt 0.821165 0.304035
vt 0.821165 0.304035
vt 0.821165 0.304035
vt 0.826609 0.304035
vt 0.826609 0.304035
vt 0.821165 0.309478
vt 0.821165 0.309478
vt 0.821165 0.309478
vt 0.821165 0.309478
vt 0.821165 0.304035
vt 0.821165 0.309478
vt 0.793948 0.434678
vt 0.788505 0.456452
vt 0.815722 0.434678
vt 0.788505 0.456452
vt 0.793948 0.434678
vt 0.766731 0.456452
vt 0.793948 0.227826
vt 0.793948 0.244156
vt 0.815722 0.233269
vt 0.793948 0.244156
vt 0.793948 0.227826
vt 0.766731 0.244156
vt 0.886487 0.456452
vt 0.886487 0.434678
vt 0.864713 0.456452
vt 0.886487 0.434678
vt 0.886487 0.456452
vt 0.908261 0.434678
vt 0.837496 0.614313
vt 0.837496 0.630644
vt 0.848383 0.614313
vt 0.848383 0.614313
vt 0.848383 0.630644
vt 0.85927 0.614313
vt 0.913705 0.478226
vt 0.919148 0.505443
vt 0.924591 0.478226
vt 0.919148 0.505443
vt 0.913705 0.478226
vt 0.891931 0.505443
vt 0.821165 0.304035
vt 0.821165 0.304035
vt 0.821165 0.304035
vt 0.821165 0.304035
vt 0.821165 0.304035
vt 0.821165 0.304035
vt 0.837496 0.407461
vt 0.837496 0.434678
vt 0.864713 0.407461
vt 0.837496 0.434678
vt 0.837496 0.407461
vt 0.815722 0.434678
vt 0.864713 0.646974
vt 0.85927 0.652417
vt 0.881044 0.646974
vt 0.85927 0.652417
vt 0.864713 0.646974
vt 0.837496 0.652417
vt 0.848383 0.304035
vt 0.848383 0.304035
vt 0.848383 0.304035
vt 0.848383 0.304035
vt 0.848383 0.304035
vt 0.848383 0.304035
vt 0.864713 0.1244
vt 0.864713 0.118956
vt 0.891931 0.1244
vt 0.864713 0.118956
vt 0.864713 0.1244
vt 0.837496 0.118956
vt 0.848383 0.298591
vt 0.848383 0.304035
vt 0.842939 0.298591
vt 0.848383 0.298591
vt 0.842939 0.298591
vt 0.842939 0.298591
vt 0.908261 0.195165
vt 0.908261 0.184278
vt 0.902818 0.200609
vt 0.902818 0.200609
vt 0.902818 0.211496
vt 0.908261 0.195165
vt 0.826609 0.304035
vt 0.826609 0.304035
vt 0.826609 0.304035
vt 0.826609 0.304035
vt 0.826609 0.304035
vt 0.826609 0.309478
vt 0.788504 0.102626
vt 0.793948 0.091739
vt 0.777618 0.102626
vt 0.777618 0.102626
vt 0.772174 0.113513
vt 0.788504 0.102626
vt 0.76673 0.173391
vt 0.766731 0.157061
vt 0.761287 0.173391
vt 0.761287 0.173391
vt 0.761287 0.184278
vt 0.76673 0.173391
vt 0.772174 0.113513
vt 0.766731 0.1244
vt 0.783061 0.113513
vt 0.783061 0.113513
vt 0.788504 0.102626
vt 0.772174 0.113513
vt 0.891931 0.717739
vt 0.881044 0.7504
vt 0.902818 0.717739
vt 0.902818 0.717739
vt 0.919148 0.685078
vt 0.891931 0.717739
vt 0.766731 0.211496
vt 0.766731 0.195165
vt 0.755844 0.211496
vt 0.755844 0.211496
vt 0.7504 0.227826
vt 0.766731 0.211496
vt 0.930035 0.614313
vt 0.913705 0.630643
vt 0.940922 0.614313
vt 0.940922 0.614313
vt 0.957252 0.592539
vt 0.930035 0.614313
vt 0.837496 0.091739
vt 0.837496 0.091739
vt 0.848383 0.091739
vt 0.826609 0.091739
vt 0.837496 0.091739
vt 0.837496 0.091739
vt 0.837496 0.51633
vt 0.837496 0.532661
vt 0.864713 0.51633
vt 0.837496 0.532661
vt 0.837496 0.51633
vt 0.815722 0.532661
vt 0.940922 0.576209
vt 0.924591 0.559878
vt 0.924591 0.576209
vt 0.924591 0.576209
vt 0.940922 0.592539
vt 0.940922 0.576209
vt 0.777618 0.1244
vt 0.788504 0.113513
vt 0.772174 0.1244
vt 0.772174 0.1244
vt 0.772174 0.135287
vt 0.777618 0.1244
vt 0.777618 0.200609
vt 0.777618 0.184278
vt 0.766731 0.195165
vt 0.766731 0.195165
vt 0.766731 0.211496
vt 0.777618 0.200609
vt 0.837496 0.744957
vt 0.837496 0.755844
vt 0.848383 0.744957
vt 0.837496 0.755844
vt 0.837496 0.744957
vt 0.826609 0.744957
vt 0.870157 0.630644
vt 0.85927 0.641531
vt 0.881044 0.636087
vt 0.870157 0.630644
vt 0.870157 0.619757
vt 0.85927 0.641531
vt 0.8756 0.592539
vt 0.8756 0.592539
vt 0.908261 0.592539
vt 0.8756 0.592539
vt 0.8756 0.592539
vt 0.848383 0.592539
vt 0.815722 0.434678
vt 0.815722 0.407461
vt 0.793948 0.434678
vt 0.815722 0.407461
vt 0.815722 0.434678
vt 0.837496 0.407461
vt 0.777618 0.543548
vt 0.766731 0.559878
vt 0.799391 0.543548
vt 0.766731 0.559878
vt 0.777618 0.543548
vt 0.755844 0.559878
vt 0.908261 0.184278
vt 0.913705 0.173391
vt 0.902818 0.184278
vt 0.902818 0.184278
vt 0.902818 0.200609
vt 0.908261 0.184278
vt 0.810278 0.646974
vt 0.815722 0.652417
vt 0.826609 0.646974
vt 0.815722 0.652417
vt 0.821165 0.679635
vt 0.837496 0.652417
vt 0.864713 0.48367
vt 0.864713 0.505443
vt 0.891931 0.48367
vt 0.864713 0.505443
vt 0.864713 0.48367
vt 0.837496 0.505443
vt 0.842939 0.304035
vt 0.842939 0.298591
vt 0.848383 0.304035
vt 0.848383 0.304035
vt 0.848383 0.304035
vt 0.842939 0.304035
vt 0.766731 0.456452
vt 0.761287 0.478226
vt 0.788505 0.456452
vt 0.761287 0.478226
vt 0.766731 0.456452
vt 0.755844 0.478226
vt 0.864713 0.276817
vt 0.864713 0.293148
vt 0.886487 0.276817
vt 0.864713 0.293148
vt 0.864713 0.276817
vt 0.837496 0.293148
vt 0.766731 0.51633
vt 0.772174 0.532661
vt 0.788504 0.51633
vt 0.772174 0.532661
vt 0.766731 0.51633
vt 0.766731 0.532661
vt 0.73407 0.614313
vt 0.744957 0.630643
vt 0.7504 0.614313
vt 0.7504 0.614313
vt 0.739513 0.592539
vt 0.73407 0.614313
vt 0.891931 0.505443
vt 0.891931 0.48367
vt 0.864713 0.505443
vt 0.891931 0.48367
vt 0.891931 0.505443
vt 0.913705 0.478226
vt 0.766731 0.211496
vt 0.761287 0.227826
vt 0.772174 0.211496
vt 0.772174 0.227826
vt 0.772174 0.211496
vt 0.761287 0.227826
vt 0.821165 0.135287
vt 0.815722 0.151617
vt 0.837496 0.135287
vt 0.815722 0.151617
vt 0.821165 0.135287
vt 0.799391 0.146174
vt 0.886487 0.309478
vt 0.886487 0.331252
vt 0.913705 0.309478
vt 0.886487 0.331252
vt 0.886487 0.309478
vt 0.864713 0.331252
vt 0.85927 0.1244
vt 0.85927 0.135287
vt 0.881044 0.1244
vt 0.85927 0.135287
vt 0.85927 0.1244
vt 0.837496 0.135287
vt 0.739513 0.331252
vt 0.739513 0.347583
vt 0.7504 0.331252
vt 0.7504 0.331252
vt 0.755844 0.309478
vt 0.739513 0.331252
vt 0.837496 0.679635
vt 0.837496 0.706852
vt 0.853826 0.679635
vt 0.853826 0.679635
vt 0.85927 0.652417
vt 0.837496 0.679635
vt 0.837496 0.347583
vt 0.837496 0.3748
vt 0.864713 0.347583
vt 0.837496 0.3748
vt 0.837496 0.347583
vt 0.815722 0.3748
vt 0.766731 0.309478
vt 0.766731 0.331252
vt 0.788504 0.309478
vt 0.766731 0.331252
vt 0.766731 0.309478
vt 0.7504 0.331252
vt 0.908261 0.244156
vt 0.913705 0.260487
vt 0.924591 0.244156
vt 0.913705 0.260487
vt 0.908261 0.244156
vt 0.886487 0.260487
vt 0.848383 0.314922
vt 0.848383 0.309478
vt 0.853826 0.314922
vt 0.853826 0.314922
vt 0.853826 0.320365
vt 0.848383 0.314922
vt 0.815722 0.097182
vt 0.815722 0.108069
vt 0.793948 0.091739
vt 0.815722 0.108069
vt 0.815722 0.097182
vt 0.837496 0.108069
vt 0.848383 0.309478
vt 0.848383 0.304035
vt 0.848383 0.309478
vt 0.848383 0.309478
vt 0.848383 0.309478
vt 0.848383 0.309478
vt 0.821165 0.543548
vt 0.815722 0.532661
vt 0.799391 0.543548
vt 0.815722 0.532661
vt 0.821165 0.543548
vt 0.837496 0.532661
vt 0.935478 0.244156
vt 0.930035 0.227826
vt 0.924591 0.244156
vt 0.924591 0.244156
vt 0.924592 0.260487
vt 0.935478 0.244156
vt 0.837496 0.233269
vt 0.837496 0.2496
vt 0.85927 0.233269
vt 0.837496 0.2496
vt 0.837496 0.233269
vt 0.815722 0.2496
vt 0.881044 0.597983
vt 0.881044 0.603426
vt 0.897374 0.597983
vt 0.881044 0.603426
vt 0.881044 0.597983
vt 0.870157 0.603426
vt 0.821165 0.641531
vt 0.821165 0.6252
vt 0.810278 0.630643
vt 0.810278 0.619757
vt 0.810278 0.630643
vt 0.821165 0.6252
vt 0.848383 0.309478
vt 0.848383 0.309478
vt 0.848383 0.304035
vt 0.848383 0.309478
vt 0.848383 0.304035
vt 0.848383 0.309478
vt 0.826609 0.304035
vt 0.826609 0.304035
vt 0.826609 0.304035
vt 0.826609 0.304035
vt 0.826609 0.304035
vt 0.826609 0.304035
vt 0.821165 0.309478
vt 0.821165 0.309478
vt 0.821165 0.309478
vt 0.821165 0.309478
vt 0.821165 0.309478
vt 0.821165 0.309478
vt 0.913705 0.532661
vt 0.919148 0.51633
vt 0.908261 0.532661
vt 0.908261 0.532661
vt 0.913705 0.51633
vt 0.886487 0.532661
vt 0.815722 0.559878
vt 0.810278 0.576209
vt 0.837496 0.559878
vt 0.810278 0.576209
vt 0.815722 0.559878
vt 0.783061 0.576209
vt 0.837496 0.559878
vt 0.837496 0.576209
vt 0.864713 0.559878
vt 0.837496 0.576209
vt 0.837496 0.559878
vt 0.810278 0.576209
vt 0.891931 0.102626
vt 0.886487 0.091739
vt 0.881044 0.102626
vt 0.881044 0.102626
vt 0.870157 0.091739
vt 0.864713 0.102626
vt 0.85927 0.086295
vt 0.870157 0.086295
vt 0.848383 0.086295
vt 0.870157 0.086295
vt 0.85927 0.086295
vt 0.886487 0.091739
vt 0.886487 0.260487
vt 0.886487 0.276817
vt 0.913705 0.260487
vt 0.886487 0.276817
vt 0.886487 0.260487
vt 0.864713 0.276817
vt 0.919148 0.173391
vt 0.919148 0.157061
vt 0.913705 0.173391
vt 0.913705 0.173391
vt 0.908261 0.184278
vt 0.919148 0.173391
vt 0.848383 0.304035
vt 0.848383 0.309478
vt 0.848383 0.304035
vt 0.848383 0.309478
vt 0.848383 0.304035
vt 0.848383 0.309478
vt 0.826609 0.304035
vt 0.821165 0.304035
vt 0.821165 0.309478
vt 0.826609 0.304035
vt 0.821165 0.309478
vt 0.826609 0.309478
vt 0.826609 0.304035
vt 0.826609 0.304035
vt 0.826609 0.304035
vt 0.826609 0.304035
vt 0.826609 0.304035
vt 0.826609 0.304035
vt 0.788505 0.48367
vt 0.783061 0.505443
vt 0.815722 0.48367
vt 0.783061 0.505443
vt 0.788505 0.48367
vt 0.761287 0.505443
vt 0.755844 0.532661
vt 0.761287 0.543548
vt 0.766731 0.532661
vt 0.766731 0.532661
vt 0.755844 0.51633
vt 0.755844 0.532661
vt 0.902818 0.646974
vt 0.908261 0.630643
vt 0.897374 0.64153
vt 0.902818 0.646974
vt 0.897374 0.64153
vt 0.881044 0.646974
vt 0.881044 0.135287
vt 0.881044 0.1244
vt 0.85927 0.135287
vt 0.881044 0.1244
vt 0.881044 0.135287
vt 0.897374 0.1244
vt 0.755844 0.244156
vt 0.761287 0.227826
vt 0.744957 0.244156
vt 0.744957 0.244156
vt 0.744957 0.260487
vt 0.755844 0.244156
vt 0.848383 0.314922
vt 0.848383 0.314922
vt 0.848383 0.309478
vt 0.848383 0.314922
vt 0.848383 0.314922
vt 0.848383 0.320365
vt 0.85927 0.772174
vt 0.837496 0.777617
vt 0.837496 0.76673
vt 0.837496 0.76673
vt 0.837496 0.777617
vt 0.821165 0.772174
vt 0.821165 0.6252
vt 0.821165 0.641531
vt 0.826609 0.630643
vt 0.826609 0.630643
vt 0.826609 0.646974
vt 0.837496 0.630644
vt 0.826609 0.298591
vt 0.826609 0.304035
vt 0.826609 0.304035
vt 0.826609 0.298591
vt 0.826609 0.304035
vt 0.826609 0.304035
vt 0.85927 0.532661
vt 0.864713 0.51633
vt 0.837496 0.532661
vt 0.864713 0.51633
vt 0.85927 0.532661
vt 0.886487 0.51633
vt 0.897374 0.113513
vt 0.891931 0.102626
vt 0.891931 0.113513
vt 0.891931 0.113513
vt 0.897374 0.1244
vt 0.897374 0.113513
vt 0.826609 0.304035
vt 0.826609 0.304035
vt 0.826609 0.304035
vt 0.826609 0.304035
vt 0.826609 0.304035
vt 0.826609 0.304035
vt 0.848383 0.304035
vt 0.848383 0.304035
vt 0.848383 0.304035
vt 0.848383 0.304035
vt 0.848383 0.304035
vt 0.848383 0.309478
vt 0.821165 0.314922
vt 0.821165 0.314922
vt 0.821165 0.314922
vt 0.821165 0.314922
vt 0.821165 0.309478
vt 0.821165 0.314922
vt 0.777618 0.64153
vt 0.772174 0.6252
vt 0.777618 0.646974
vt 0.777618 0.64153
vt 0.777618 0.646974
vt 0.793948 0.64153
vt 0.815722 0.260487
vt 0.815722 0.2496
vt 0.788504 0.260487
vt 0.815722 0.2496
vt 0.815722 0.260487
vt 0.837496 0.2496
vt 0.930035 0.347583
vt 0.924591 0.331252
vt 0.913705 0.347583
vt 0.913705 0.347583
vt 0.913705 0.3748
vt 0.930035 0.347583
vt 0.837496 0.108069
vt 0.837496 0.097182
vt 0.864713 0.108069
vt 0.837496 0.097182
vt 0.837496 0.108069
vt 0.815722 0.097182
vt 0.451009 0.304035
vt 0.532661 0.331252
vt 0.451009 0.304035
vt 0.451009 0.304035
vt 0.3748 0.293148
vt 0.451009 0.304035
vt 0.826609 0.309478
vt 0.821165 0.314922
vt 0.826609 0.314922
vt 0.821165 0.314922
vt 0.826609 0.309478
vt 0.821165 0.309478
vt 0.837496 0.592539
vt 0.848383 0.592539
vt 0.8756 0.592539
vt 0.837496 0.592539
vt 0.837496 0.614313
vt 0.848383 0.592539
vt 0.913705 0.309478
vt 0.913705 0.331252
vt 0.924591 0.309478
vt 0.913705 0.331252
vt 0.913705 0.309478
vt 0.886487 0.331252
vt 0.799391 0.102626
vt 0.788504 0.113513
vt 0.810278 0.102626
vt 0.788504 0.113513
vt 0.799391 0.102626
vt 0.783061 0.113513
vt 0.864713 0.2496
vt 0.864713 0.260487
vt 0.886487 0.244156
vt 0.864713 0.260487
vt 0.864713 0.2496
vt 0.837496 0.26593
vt 0.755844 0.559878
vt 0.739513 0.576209
vt 0.766731 0.559878
vt 0.739513 0.576209
vt 0.755844 0.559878
vt 0.723183 0.576209
vt 0.744957 0.402017
vt 0.7504 0.434678
vt 0.755844 0.407461
vt 0.755844 0.407461
vt 0.755844 0.3748
vt 0.744957 0.402017
vt 0.919148 0.434678
vt 0.919148 0.407461
vt 0.908261 0.434678
vt 0.908261 0.434678
vt 0.913705 0.456452
vt 0.919148 0.434678
vt 0.837496 0.456452
vt 0.837496 0.48367
vt 0.864713 0.456452
vt 0.837496 0.48367
vt 0.837496 0.456452
vt 0.815722 0.48367
vt 0.837496 0.728626
vt 0.837496 0.706852
vt 0.826609 0.73407
vt 0.837496 0.744957
vt 0.837496 0.728626
vt 0.826609 0.73407
vt 0.837496 0.129843
vt 0.837496 0.118956
vt 0.864713 0.1244
vt 0.837496 0.118956
vt 0.837496 0.129843
vt 0.815722 0.118956
vt 0.788504 0.276817
vt 0.788504 0.260487
vt 0.766731 0.276817
vt 0.788504 0.260487
vt 0.788504 0.276817
vt 0.815722 0.260487
vt 0.815722 0.086295
vt 0.826609 0.086295
vt 0.810278 0.086295
vt 0.810278 0.086295
vt 0.793948 0.091739
vt 0.815722 0.086295
vt 0.8756 0.744957
vt 0.886487 0.717739
vt 0.864713 0.739513
vt 0.864713 0.7504
vt 0.8756 0.744957
vt 0.864713 0.739513
vt 0.913705 0.532661
vt 0.908261 0.543548
vt 0.919148 0.532661
vt 0.919148 0.532661
vt 0.930035 0.51633
vt 0.913705 0.532661
vt 0.766731 0.157061
vt 0.76673 0.146174
vt 0.755844 0.157061
vt 0.761287 0.146174
vt 0.755844 0.157061
vt 0.76673 0.146174
vt 0.821165 0.309478
vt 0.821165 0.309478
vt 0.821165 0.314922
vt 0.821165 0.309478
vt 0.821165 0.309478
vt 0.821165 0.309478
vt 0.788504 0.331252
vt 0.788504 0.309478
vt 0.766731 0.331252
vt 0.788504 0.309478
vt 0.788504 0.331252
vt 0.815722 0.309478
vt 0.821165 0.1244
vt 0.821165 0.113513
vt 0.799391 0.1244
vt 0.821165 0.113513
vt 0.821165 0.1244
vt 0.837496 0.113513
vt 0.815722 0.293148
vt 0.815722 0.276817
vt 0.788504 0.293148
vt 0.815722 0.276817
vt 0.815722 0.293148
vt 0.837496 0.276817
vt 0.837496 0.26593
vt 0.837496 0.276817
vt 0.864713 0.260487
vt 0.837496 0.276817
vt 0.837496 0.26593
vt 0.815722 0.276817
vt 0.908261 0.543548
vt 0.924591 0.559878
vt 0.913705 0.543548
vt 0.935478 0.559878
vt 0.913705 0.543548
vt 0.924591 0.559878
vt 0.821165 0.309478
vt 0.821165 0.314922
vt 0.821165 0.314922
vt 0.821165 0.314922
vt 0.821165 0.309478
vt 0.821165 0.309478
vt 0.821165 0.679635
vt 0.821165 0.706852
vt 0.837496 0.679635
vt 0.837496 0.679635
vt 0.837496 0.652417
vt 0.821165 0.679635
vt 0.837496 0.135287
vt 0.837496 0.151617
vt 0.85927 0.135287
vt 0.837496 0.151617
vt 0.837496 0.135287
vt 0.815722 0.151617
vt 0.826609 0.614313
vt 0.826609 0.630643
vt 0.837496 0.614313
vt 0.837496 0.614313
vt 0.837496 0.592539
vt 0.826609 0.614313
vt 0.815722 0.456452
vt 0.815722 0.48367
vt 0.837496 0.456452
vt 0.815722 0.48367
vt 0.815722 0.456452
vt 0.788505 0.48367
vt 0.848383 0.309478
vt 0.848383 0.309478
vt 0.848383 0.309478
vt 0.848383 0.309478
vt 0.848383 0.304035
vt 0.848383 0.309478
vt 0.826609 0.304035
vt 0.826609 0.304035
vt 0.826609 0.304035
vt 0.826609 0.304035
vt 0.826609 0.304035
vt 0.826609 0.304035
vt 0.853826 0.706852
vt 0.848383 0.73407
vt 0.870157 0.712296
vt 0.870157 0.712296
vt 0.8756 0.685078
vt 0.853826 0.706852
vt 0.772174 0.434678
vt 0.766731 0.407461
vt 0.761287 0.434678
vt 0.761287 0.434678
vt 0.755844 0.456452
vt 0.772174 0.434678
vt 0.842939 0.304035
vt 0.848383 0.304035
vt 0.842939 0.298591
vt 0.842939 0.304035
vt 0.842939 0.298591
vt 0.842939 0.304035
vt 0.886487 0.091739
vt 0.891931 0.102626
vt 0.897374 0.091739
vt 0.902818 0.102626
vt 0.897374 0.091739
vt 0.891931 0.102626
vt 0.826609 0.309478
vt 0.826609 0.304035
vt 0.826609 0.304035
vt 0.826609 0.304035
vt 0.826609 0.309478
vt 0.826609 0.309478
vt 0.848383 0.304035
vt 0.848383 0.304035
vt 0.848383 0.304035
vt 0.848383 0.304035
vt 0.848383 0.304035
vt 0.848383 0.304035
vt 0.837496 0.652417
vt 0.826609 0.646974
vt 0.815722 0.652417
vt 0.837496 0.652417
vt 0.837496 0.630644
vt 0.826609 0.646974
vt 0.821165 0.309478
vt 0.821165 0.309478
vt 0.821165 0.309478
vt 0.821165 0.309478
vt 0.821165 0.309478
vt 0.821165 0.309478
vt 0.766731 0.260487
vt 0.766731 0.276817
vt 0.788504 0.260487
vt 0.766731 0.276817
vt 0.766731 0.260487
vt 0.755844 0.276817
vt 0.848383 0.309478
vt 0.848383 0.309478
vt 0.848383 0.309478
vt 0.848383 0.309478
vt 0.848383 0.314922
vt 0.848383 0.309478
vt 0.826609 0.304035
vt 0.821165 0.304035
vt 0.821165 0.304035
vt 0.821165 0.304035
vt 0.826609 0.304035
vt 0.826609 0.304035
vt 0.761287 0.347583
vt 0.766731 0.331252
vt 0.7504 0.347583
vt 0.7504 0.347583
vt 0.755844 0.3748
vt 0.761287 0.347583
vt 0.848383 0.304035
vt 0.848383 0.304035
vt 0.848383 0.309478
vt 0.848383 0.309478
vt 0.848383 0.309478
vt 0.848383 0.304035
vt 0.913705 0.51633
vt 0.908261 0.532661
vt 0.919148 0.51633
vt 0.919148 0.51633
vt 0.924591 0.505443
vt 0.913705 0.51633
vt 0.919148 0.407461
vt 0.919148 0.434678
vt 0.930035 0.402017
vt 0.930035 0.402017
vt 0.935478 0.3748
vt 0.919148 0.407461
vt 0.788504 0.636087
vt 0.793948 0.64153
vt 0.799391 0.636087
vt 0.793948 0.64153
vt 0.788504 0.636087
vt 0.777618 0.64153
vt 0.761287 0.505443
vt 0.761287 0.478226
vt 0.7504 0.505443
vt 0.7504 0.505443
vt 0.755844 0.51633
vt 0.761287 0.505443
vt 0.85927 0.543548
vt 0.864713 0.559878
vt 0.881044 0.543548
vt 0.864713 0.559878
vt 0.85927 0.543548
vt 0.837496 0.559878
vt 0.815722 0.739513
vt 0.810278 0.712296
vt 0.804835 0.744957
vt 0.815722 0.739513
vt 0.804835 0.744957
vt 0.815722 0.7504
vt 0.848383 0.091739
vt 0.853826 0.102626
vt 0.85927 0.091739
vt 0.853826 0.102626
vt 0.848383 0.091739
vt 0.837496 0.102626
vt 0.826609 0.304035
vt 0.826609 0.304035
vt 0.826609 0.304035
vt 0.826609 0.304035
vt 0.826609 0.304035
vt 0.826609 0.304035
vt 0.913705 0.276817
vt 0.913705 0.293148
vt 0.924592 0.276817
vt 0.913705 0.293148
vt 0.913705 0.276817
vt 0.886487 0.293148
vt 0.848383 0.304035
vt 0.848383 0.304035
vt 0.848383 0.304035
vt 0.848383 0.304035
vt 0.842939 0.304035
vt 0.848383 0.304035
vt 0.848383 0.304035
vt 0.848383 0.309478
vt 0.848383 0.304035
vt 0.848383 0.304035
vt 0.848383 0.304035
vt 0.848383 0.304035
vt 0.826609 0.304035
vt 0.826609 0.309478
vt 0.821165 0.304035
vt 0.821165 0.304035
vt 0.821165 0.304035
vt 0.826609 0.304035
vt 0.826609 0.304035
vt 0.826609 0.304035
vt 0.826609 0.304035
vt 0.826609 0.304035
vt 0.826609 0.304035
vt 0.826609 0.304035
vt 0.864713 0.434678
vt 0.864713 0.456452
vt 0.886487 0.434678
vt 0.864713 0.456452
vt 0.864713 0.434678
vt 0.837496 0.456452
vt 0.848383 0.73407
vt 0.853826 0.706852
vt 0.837496 0.728626
vt 0.848383 0.73407
vt 0.837496 0.728626
vt 0.837496 0.744957
vt 0.804835 0.113513
vt 0.810278 0.102626
vt 0.788504 0.113513
vt 0.810278 0.102626
vt 0.804835 0.113513
vt 0.826609 0.102626
vt 0.848383 0.304035
vt 0.848383 0.304035
vt 0.848383 0.309478
vt 0.848383 0.309478
vt 0.848383 0.309478
vt 0.848383 0.304035
vt 0.935478 0.3748
vt 0.940922 0.347583
vt 0.924591 0.3748
vt 0.924591 0.3748
vt 0.919148 0.407461
vt 0.935478 0.3748
vt 0.755844 0.3748
vt 0.755844 0.407461
vt 0.766731 0.3748
vt 0.766731 0.3748
vt 0.761287 0.347583
vt 0.755844 0.3748
vt 0.848383 0.304035
vt 0.848383 0.304035
vt 0.848383 0.304035
vt 0.848383 0.304035
vt 0.848383 0.304035
vt 0.848383 0.304035
vt 0.886487 0.293148
vt 0.886487 0.276817
vt 0.864713 0.293148
vt 0.886487 0.276817
vt 0.886487 0.293148
vt 0.913705 0.276817
vt 0.826609 0.102626
vt 0.826609 0.091739
vt 0.810278 0.102626
vt 0.826609 0.091739
vt 0.826609 0.102626
vt 0.837496 0.091739
vt 0.881044 0.652417
vt 0.881044 0.646974
vt 0.85927 0.652417
vt 0.881044 0.646974
vt 0.881044 0.652417
vt 0.902818 0.646974
vt 0.793948 0.091739
vt 0.810278 0.086295
vt 0.783061 0.091739
vt 0.783061 0.091739
vt 0.777618 0.102626
vt 0.793948 0.091739
vt 0.848383 0.309478
vt 0.848383 0.309478
vt 0.848383 0.304035
vt 0.848383 0.309478
vt 0.848383 0.309478
vt 0.848383 0.314922
vt 0.826609 0.309478
vt 0.826609 0.304035
vt 0.826609 0.304035
vt 0.826609 0.304035
vt 0.826609 0.309478
vt 0.826609 0.309478
vt 0.826609 0.304035
vt 0.826609 0.304035
vt 0.826609 0.304035
vt 0.826609 0.304035
vt 0.826609 0.304035
vt 0.826609 0.304035
vt 0.848383 0.630644
vt 0.848383 0.614313
vt 0.837496 0.630644
vt 0.837496 0.630644
vt 0.837496 0.652417
vt 0.848383 0.630644
vt 0.804835 0.64153
vt 0.810278 0.646974
vt 0.821165 0.641531
vt 0.810278 0.646974
vt 0.804835 0.64153
vt 0.793948 0.646974
vt 0.837496 0.706852
vt 0.837496 0.679635
vt 0.821165 0.706852
vt 0.821165 0.706852
vt 0.826609 0.73407
vt 0.837496 0.706852
vt 0.848383 0.304035
vt 0.848383 0.304035
vt 0.848383 0.309478
vt 0.848383 0.304035
vt 0.848383 0.304035
vt 0.848383 0.304035
vt 0.935478 0.260487
vt 0.935478 0.244156
vt 0.924592 0.260487
vt 0.924592 0.260487
vt 0.924592 0.276817
vt 0.935478 0.260487
vt 0.842939 0.304035
vt 0.842939 0.304035
vt 0.842939 0.298591
vt 0.842939 0.304035
vt 0.842939 0.304035
vt 0.842939 0.304035
vt 0.848383 0.304035
vt 0.848383 0.304035
vt 0.848383 0.304035
vt 0.848383 0.304035
vt 0.848383 0.309478
vt 0.848383 0.304035
vt 0.886487 0.64153
vt 0.886487 0.636087
vt 0.870157 0.64153
vt 0.886487 0.636087
vt 0.886487 0.64153
vt 0.897374 0.636087
vt 0.848383 0.309478
vt 0.848383 0.309478
vt 0.848383 0.304035
vt 0.848383 0.304035
vt 0.848383 0.304035
vt 0.848383 0.309478
vt 0.848383 0.309478
vt 0.848383 0.309478
vt 0.848383 0.309478
vt 0.848383 0.309478
vt 0.848383 0.309478
vt 0.848383 0.309478
vt 0.821165 0.309478
vt 0.821165 0.309478
vt 0.821165 0.309478
vt 0.821165 0.309478
vt 0.821165 0.309478
vt 0.821165 0.309478
vt 0.848383 0.304035
vt 0.848383 0.304035
vt 0.848383 0.304035
vt 0.848383 0.304035
vt 0.848383 0.304035
vt 0.848383 0.304035
vt 0.848383 0.309478
vt 0.848383 0.309478
vt 0.848383 0.309478
vt 0.848383 0.309478
vt 0.848383 0.309478
vt 0.848383 0.309478
vt 0.793948 0.646974
vt 0.793948 0.652417
vt 0.810278 0.646974
vt 0.793948 0.652417
vt 0.793948 0.646974
vt 0.772174 0.652417
vt 0.821165 0.304035
vt 0.826609 0.304035
vt 0.826609 0.304035
vt 0.826609 0.304035
vt 0.826609 0.304035
vt 0.821165 0.304035
vt 0.848383 0.304035
vt 0.848383 0.304035
vt 0.848383 0.304035
vt 0.848383 0.304035
vt 0.848383 0.304035
vt 0.848383 0.304035
vt 0.864713 0.102626
vt 0.870157 0.113513
vt 0.881044 0.102626
vt 0.870157 0.113513
vt 0.864713 0.102626
vt 0.853826 0.113513
vt 0.837496 0.532661
vt 0.837496 0.543548
vt 0.85927 0.532661
vt 0.837496 0.543548
vt 0.837496 0.532661
vt 0.821165 0.543548
vt 0.848383 0.646974
vt 0.837496 0.652417
vt 0.864713 0.646974
vt 0.848383 0.646974
vt 0.848383 0.630644
vt 0.837496 0.652417
vt 0.826609 0.304035
vt 0.826609 0.304035
vt 0.826609 0.304035
vt 0.826609 0.304035
vt 0.826609 0.304035
vt 0.826609 0.304035
vt 0.826609 0.309478
vt 0.826609 0.309478
vt 0.826609 0.309478
vt 0.826609 0.309478
vt 0.826609 0.309478
vt 0.826609 0.309478
vt 0.826609 0.646974
vt 0.821165 0.641531
vt 0.810278 0.646974
vt 0.826609 0.646974
vt 0.826609 0.630643
vt 0.821165 0.641531
vt 0.848383 0.309478
vt 0.848383 0.309478
vt 0.848383 0.309478
vt 0.848383 0.309478
vt 0.848383 0.309478
vt 0.848383 0.304035
vt 0.842939 0.304035
vt 0.848383 0.309478
vt 0.842939 0.304035
vt 0.848383 0.309478
vt 0.842939 0.304035
vt 0.848383 0.309478
vt 0.935478 0.505443
vt 0.930035 0.478226
vt 0.924591 0.505443
vt 0.924591 0.478226
vt 0.924591 0.505443
vt 0.930035 0.478226
vt 0.864713 0.646974
vt 0.870157 0.64153
vt 0.848383 0.646974
vt 0.870157 0.64153
vt 0.864713 0.646974
vt 0.886487 0.64153
vt 0.853826 0.113513
vt 0.85927 0.1244
vt 0.870157 0.113513
vt 0.85927 0.1244
vt 0.853826 0.113513
vt 0.837496 0.1244
vt 0.821165 0.309478
vt 0.821165 0.309478
vt 0.821165 0.309478
vt 0.821165 0.309478
vt 0.826609 0.309478
vt 0.821165 0.309478
vt 0.826609 0.309478
vt 0.826609 0.304035
vt 0.826609 0.304035
vt 0.826609 0.304035
vt 0.826609 0.309478
vt 0.826609 0.309478
vt 0.821165 0.309478
vt 0.821165 0.309478
vt 0.821165 0.304035
vt 0.821165 0.304035
vt 0.821165 0.304035
vt 0.821165 0.309478
vt 0.826609 0.304035
vt 0.826609 0.304035
vt 0.826609 0.304035
vt 0.826609 0.304035
vt 0.826609 0.304035
vt 0.826609 0.304035
vt 0.848383 0.309478
vt 0.848383 0.309478
vt 0.848383 0.309478
vt 0.848383 0.309478
vt 0.848383 0.309478
vt 0.848383 0.309478
vt 0.848383 0.309478
vt 0.848383 0.309478
vt 0.848383 0.309478
vt 0.848383 0.309478
vt 0.848383 0.309478
vt 0.848383 0.309478
vt 0.826609 0.309478
vt 0.826609 0.309478
vt 0.826609 0.309478
vt 0.826609 0.309478
vt 0.826609 0.309478
vt 0.826609 0.309478
vt 0.826609 0.309478
vt 0.826609 0.309478
vt 0.826609 0.309478
vt 0.826609 0.309478
vt 0.826609 0.309478
vt 0.826609 0.309478
vt 0.788504 0.276817
vt 0.788504 0.293148
vt 0.815722 0.276817
vt 0.788504 0.293148
vt 0.788504 0.276817
vt 0.766731 0.293148
vt 0.826609 0.309478
vt 0.826609 0.309478
vt 0.826609 0.309478
vt 0.826609 0.309478
vt 0.821165 0.309478
vt 0.826609 0.309478
vt 0.837496 0.772174
vt 0.837496 0.777617
vt 0.853826 0.766731
vt 0.837496 0.772174
vt 0.821165 0.766731
vt 0.837496 0.777617
vt 0.842939 0.304035
vt 0.842939 0.309478
vt 0.842939 0.304035
vt 0.842939 0.304035
vt 0.842939 0.304035
vt 0.842939 0.309478
vt 0.848383 0.304035
vt 0.848383 0.304035
vt 0.848383 0.304035
vt 0.848383 0.304035
vt 0.842939 0.304035
vt 0.848383 0.304035
vt 0.826609 0.309478
vt 0.826609 0.309478
vt 0.826609 0.304035
vt 0.826609 0.304035
vt 0.826609 0.304035
vt 0.826609 0.309478
vt 0.837496 0.113513
vt 0.837496 0.1244
vt 0.853826 0.113513
vt 0.837496 0.1244
vt 0.837496 0.113513
vt 0.821165 0.1244
vt 0.826609 0.309478
vt 0.826609 0.309478
vt 0.826609 0.309478
vt 0.826609 0.309478
vt 0.826609 0.309478
vt 0.826609 0.309478
vt 0.826609 0.309478
vt 0.826609 0.304035
vt 0.826609 0.304035
vt 0.826609 0.309478
vt 0.826609 0.309478
vt 0.826609 0.304035
vt 0.870157 0.091739
vt 0.881044 0.102626
vt 0.886487 0.091739
vt 0.870157 0.091739
vt 0.886487 0.091739
vt 0.85927 0.086295
vt 0.848383 0.309478
vt 0.848383 0.304035
vt 0.848383 0.309478
vt 0.848383 0.309478
vt 0.848383 0.309478
vt 0.848383 0.309478
vt 0.826609 0.309478
vt 0.826609 0.309478
vt 0.826609 0.309478
vt 0.826609 0.309478
vt 0.821165 0.309478
vt 0.826609 0.309478
vt 0.837496 0.102626
vt 0.837496 0.113513
vt 0.853826 0.102626
vt 0.837496 0.113513
vt 0.837496 0.102626
vt 0.821165 0.113513
vt 0.848383 0.304035
vt 0.848383 0.309478
vt 0.848383 0.309478
vt 0.848383 0.309478
vt 0.848383 0.309478
vt 0.848383 0.304035
vt 0.755844 0.51633
vt 0.766731 0.532661
vt 0.766731 0.51633
vt 0.766731 0.51633
vt 0.761287 0.505443
vt 0.755844 0.51633
vt 0.848383 0.304035
vt 0.848383 0.304035
vt 0.848383 0.304035
vt 0.848383 0.304035
vt 0.848383 0.304035
vt 0.848383 0.304035
vt 0.826609 0.304035
vt 0.826609 0.304035
vt 0.826609 0.304035
vt 0.826609 0.304035
vt 0.826609 0.304035
vt 0.826609 0.304035
vt 0.848383 0.309478
vt 0.848383 0.309478
vt 0.848383 0.309478
vt 0.848383 0.309478
vt 0.848383 0.309478
vt 0.848383 0.309478
vt 0.848383 0.309478
vt 0.848383 0.309478
vt 0.848383 0.309478
vt 0.848383 0.309478
vt 0.848383 0.309478
vt 0.848383 0.309478
vt 0.826609 0.304035
vt 0.826609 0.304035
vt 0.826609 0.304035
vt 0.826609 0.304035
vt 0.826609 0.304035
vt 0.826609 0.304035

# 8604 Vertex Normals
vn -0.00086 -0.965518 0.260333
vn 0.002238 -0.966096 0.258173
vn -0.071531 -0.960162 0.270132
vn 0.416396 0.906673 0.06751
vn 0.419101 0.90496 0.073498
vn 0.616782 0.785525 0.050305
vn 0.019769 -0.990742 -0.134315
vn 0.03214 -0.998622 -0.041497
vn 0.036842 -0.991757 -0.122718
vn 0.974408 -0.058491 -0.217044
vn 0.900797 -0.04231 -0.432174
vn 0.932355 0.198057 -0.302469
vn -0.01038 -0.999258 0.037081
vn -0.029268 -0.999149 -0.029076
vn -0.017942 -0.999093 0.038608
vn 0.008079 -0.998802 0.048266
vn 0.011425 -0.980643 0.195468
vn 0.011203 -0.998385 0.05569
vn 0.011425 -0.980643 0.195468
vn 0.008079 -0.998802 0.048266
vn -0.001177 -0.98007 0.198649
vn -0.968826 -0.062573 0.239709
vn -0.892661 -0.044818 0.448495
vn -0.920775 0.17148 0.350381
vn -0.010354 -0.993586 0.112601
vn -0.00946 -0.958506 0.284917
vn -0.135028 -0.984708 0.110082
vn -0.585804 0.787732 0.190559
vn -0.60989 0.786044 0.100839
vn -0.387583 0.917678 0.087446
vn 0.000017 -0.963161 -0.268926
vn 0.002536 -0.964112 -0.265485
vn -0.073944 -0.957594 -0.27847
vn 0.616682 0.786054 0.042688
vn 0.616782 0.785525 0.050305
vn 0.419101 0.90496 0.073498
vn -0.573285 0.814007 -0.093471
vn -0.570605 0.816054 -0.092011
vn -0.395019 0.914012 -0.092422
vn 0.03067 -0.707061 -0.706487
vn -0.108636 -0.95975 -0.258994
vn -0.0 -0.871994 -0.489516
vn -0.921785 0.38648 0.030758
vn -0.993536 0.11307 0.010049
vn -0.920775 0.17148 0.350381
vn 0.715407 0.613245 -0.334848
vn 0.705153 0.701346 0.104275
vn 0.921785 0.38648 0.030758
vn 0.437364 0.775992 0.454477
vn 0.596137 0.67802 0.430011
vn 0.568249 0.515611 0.641279
vn -0.393791 0.887957 0.237615
vn -0.426373 0.875763 0.226374
vn -0.632259 0.587479 0.505091
vn 0.1039 -0.976101 -0.190873
vn 0.094144 -0.975185 -0.200379
vn -0.002818 -0.985186 -0.171465
vn -0.590376 0.805278 0.05462
vn -0.603324 0.793234 0.082335
vn -0.620921 0.782287 0.049833
vn 0.939677 -0.281096 -0.194918
vn 0.947158 -0.22733 -0.226302
vn 0.956843 -0.290438 0.009881
vn -0.664479 0.25241 -0.70339
vn -0.677202 -0.01736 -0.735592
vn -0.883942 -0.036535 -0.466167
vn -0.425446 0.346545 -0.836004
vn -0.627928 0.599125 -0.496745
vn -0.186776 0.516083 -0.835926
vn 0.947158 -0.22733 -0.226302
vn 0.939677 -0.281096 -0.194918
vn 0.890072 -0.212867 -0.403062
vn 0.565337 0.815806 -0.12188
vn 0.559932 0.821938 -0.104374
vn 0.389794 0.911344 -0.132336
vn -0.1012 -0.984028 -0.146449
vn -0.107969 -0.900117 -0.422058
vn -0.001887 -0.991288 -0.1317
vn -0.226796 -0.832517 0.50545
vn 0.117399 -0.527181 0.841604
vn -0.173489 -0.508124 0.84363
vn 0.700138 0.71392 -0.011153
vn 0.621284 0.609874 0.491997
vn 0.963059 0.269149 -0.008715
vn -0.544523 0.088347 -0.83408
vn -0.845614 0.202832 -0.493757
vn -0.422353 0.352887 -0.834918
vn -0.93999 -0.22535 0.256194
vn -0.935227 -0.272695 0.225803
vn -0.889517 -0.193182 0.414053
vn 0.166713 0.744539 0.646427
vn 0.142477 -0.477688 0.8669
vn 0.310954 0.750219 0.583506
vn 0.450936 0.866211 -0.215256
vn 0.417257 0.881413 -0.221379
vn 0.263212 0.918022 -0.296574
vn -0.345868 0.937335 -0.042174
vn -0.369024 0.92773 -0.056021
vn -0.223187 0.972619 -0.064803
vn -0.00226 0.996046 0.088809
vn 0.005339 0.991081 0.133151
vn 0.419101 0.90496 0.073498
vn 0.073585 0.91039 0.407155
vn 0.125102 0.860708 0.49349
vn 0.090733 0.920773 0.379401
vn 0.700977 0.71308 -0.012163
vn 0.622223 0.610686 0.489797
vn 0.962437 0.271197 -0.01295
vn 0.266958 -0.963699 0.004255
vn 0.231853 -0.833912 0.500834
vn -0.25002 -0.968222 0.005994
vn 0.00314 -0.219355 0.97564
vn 0.004465 0.013295 0.999902
vn -0.138633 -0.213895 0.966969
vn 0.878346 -0.035453 0.47671
vn 0.961617 -0.05646 0.268523
vn 0.920775 0.17148 0.350381
vn 0.887743 -0.191118 0.418791
vn 0.896903 -0.245144 0.368062
vn 0.944631 -0.224012 0.239773
vn -0.913766 -0.245363 -0.323772
vn -0.895367 -0.208157 -0.393686
vn -0.66921 -0.294357 -0.682284
vn -0.956288 -0.291775 0.019522
vn -0.97191 -0.235114 0.010619
vn -0.94493 -0.273418 -0.179863
vn 0.191736 0.416805 -0.888544
vn 0.197287 -0.003182 -0.980341
vn 0.012241 0.429983 -0.902754
vn -0.015388 0.999774 0.014668
vn -0.013889 0.786951 0.616859
vn 0.233608 0.97201 0.02498
vn -0.001887 -0.991288 -0.1317
vn -0.000656 -0.994051 0.108918
vn -0.1012 -0.984028 -0.146449
vn -0.352504 0.935301 0.030884
vn -0.377015 0.925443 -0.037606
vn -0.369024 0.92773 -0.056021
vn -0.22503 0.342519 0.912163
vn -0.160142 0.014454 0.986988
vn 0.006035 0.351282 0.93625
vn 0.986341 0.030591 -0.16185
vn 0.996355 0.079897 -0.029884
vn 0.851878 0.513724 -0.101939
vn 0.715209 -0.675357 -0.179912
vn 0.749181 -0.640862 -0.167404
vn 0.164987 -0.959253 -0.229376
vn 0.613712 -0.317509 0.722873
vn 0.746518 -0.323822 0.581249
vn 0.178198 -0.8709 0.458016
vn 0.509724 0.172523 -0.842863
vn 0.826798 0.239097 -0.509153
vn 0.529956 -0.108648 -0.841036
vn 0.920775 0.17148 0.350381
vn 0.921785 0.38648 0.030758
vn 0.704046 0.495353 0.508867
vn -0.607521 0.614656 0.503106
vn -0.34711 0.411361 0.842791
vn -0.211037 0.839491 0.500717
vn -0.545284 0.091151 -0.833281
vn -0.834433 -0.242788 -0.494748
vn -0.844672 0.20027 -0.496408
vn -0.89936 -0.239008 0.366097
vn -0.889517 -0.193182 0.414053
vn -0.935227 -0.272695 0.225803
vn 0.16476 -0.951317 0.260479
vn 0.17105 -0.984457 -0.039832
vn 0.628012 -0.63183 0.454305
vn 0.489447 0.872029 0.0026
vn 0.506453 0.861203 -0.042845
vn 0.378022 0.920022 0.103241
vn -0.993536 0.11307 0.010049
vn -0.921785 0.38648 0.030758
vn -0.932355 0.198057 -0.302469
vn -0.62791 0.139524 -0.765677
vn -0.081679 0.085439 -0.99299
vn -0.664116 0.142266 -0.733968
vn 0.241814 0.022619 -0.970059
vn 0.705374 -0.04649 -0.707309
vn 0.196466 0.047043 -0.979382
vn 0.273231 0.06476 0.959766
vn -0.128092 -0.005551 0.991747
vn 0.253568 0.086241 0.963466
vn -0.319277 0.138004 -0.937559
vn -0.247716 0.145174 -0.957894
vn 0.095741 0.223825 -0.969916
vn 0.51428 0.169508 -0.840704
vn 0.826798 0.239097 -0.509154
vn 0.532207 -0.104353 -0.840158
vn -0.240338 0.057842 0.968964
vn -0.735231 0.174801 0.654889
vn -0.259482 0.084003 0.962088
vn -0.073872 0.219959 -0.972708
vn -0.094404 0.204909 -0.974218
vn 0.301607 0.148573 -0.941785
vn 0.705153 0.701346 0.104275
vn 0.715407 0.613245 -0.334848
vn 0.481938 0.874809 0.049452
vn 0.515228 -0.846848 0.131865
vn 0.982007 0.181548 0.051989
vn 0.582975 -0.750256 0.311858
vn -0.710527 0.703663 0.003217
vn -0.601092 0.619264 0.505173
vn -0.264772 0.96431 -0.001112
vn -0.544523 0.088347 -0.83408
vn -0.83236 -0.24796 -0.495674
vn -0.845614 0.202832 -0.493757
vn 0.613237 -0.612218 0.499129
vn 0.37263 -0.402827 0.835989
vn 0.231853 -0.833912 0.500834
vn -0.710527 0.703663 0.003217
vn -0.827971 0.230762 0.51109
vn -0.601092 0.619264 0.505173
vn -0.015388 0.999774 0.014668
vn 0.000544 0.829209 -0.558939
vn -0.247171 0.968665 0.024366
vn 0.610885 0.642047 0.463245
vn 0.61321 0.583264 0.532707
vn 0.339146 0.896673 0.284531
vn -0.179576 -0.983099 0.035617
vn -0.261678 -0.963075 0.063328
vn -0.011208 -0.998127 0.060134
vn -0.969703 0.204682 -0.133347
vn -0.981988 -0.176209 -0.068196
vn -0.887855 0.446958 -0.109279
vn -0.441452 0.673209 0.593219
vn -0.468441 0.882671 0.038142
vn -0.716561 0.551339 0.427278
vn 0.41438 -0.348412 -0.840772
vn 0.834975 -0.201759 -0.511967
vn 0.624778 -0.596022 -0.504391
vn 0.985967 0.122737 0.113159
vn 0.976316 0.122405 0.178393
vn 0.74694 0.057807 0.662374
vn 0.250181 -0.030202 0.967728
vn -0.107721 -0.083908 0.990634
vn 0.206473 -0.051729 0.977084
vn -0.000656 -0.994051 0.108918
vn -0.001887 -0.991288 -0.1317
vn 0.083432 -0.987529 0.133513
vn -0.208302 0.97712 0.042984
vn -0.221426 0.974489 0.036617
vn -0.122278 0.981693 0.14604
vn -0.00946 -0.958506 0.284917
vn -0.010354 -0.993586 0.112601
vn 0.113241 -0.95257 0.282467
vn -0.511544 0.856707 0.066155
vn -0.51773 0.853035 0.065482
vn -0.590376 0.805278 0.05462
vn 0.410778 -0.353958 -0.840223
vn 0.833127 -0.208107 -0.512436
vn 0.621134 -0.597911 -0.506651
vn -0.972612 -0.08284 0.217173
vn -0.663937 -0.051115 0.746039
vn -0.965815 -0.096799 0.240484
vn 0.076466 -0.95898 -0.272964
vn 0.08057 -0.961401 -0.263092
vn 0.000017 -0.963161 -0.268926
vn -0.60989 0.786044 0.100839
vn -0.585804 0.787732 0.190559
vn -0.551312 0.822189 0.141634
vn 0.851878 0.513724 -0.101939
vn 0.806628 0.576586 -0.129996
vn 0.986341 0.030591 -0.16185
vn -0.673631 -0.27439 0.686245
vn -0.667796 -0.187975 0.720218
vn -0.89936 -0.239008 0.366097
vn 0.932355 0.198057 -0.302469
vn 0.715407 0.613245 -0.334848
vn 0.921785 0.38648 0.030758
vn -0.920775 0.17148 0.350381
vn -0.716561 0.551339 0.427278
vn -0.921785 0.38648 0.030758
vn -0.116347 -0.843489 -0.524394
vn -0.107183 -0.861256 -0.496739
vn 0.003262 -0.856283 -0.516497
vn 0.37914 0.924863 -0.029691
vn 0.338602 0.939004 0.060174
vn 0.398498 0.908643 -0.124767
vn 0.699099 -0.079403 0.710603
vn 0.122203 -0.004113 0.992497
vn 0.698782 -0.054588 0.713249
vn 0.976137 -0.149725 -0.157284
vn 0.938952 -0.187276 0.288611
vn 0.982727 -0.147841 -0.11131
vn -0.779133 -0.121288 0.615013
vn -0.769845 -0.147171 0.621031
vn -0.993697 -0.008223 0.111798
vn 0.982007 0.181548 0.051989
vn 0.847831 0.530266 -0.000515
vn 0.937447 0.341088 0.069665
vn -0.000117 -0.997526 0.070304
vn -0.002818 -0.985186 -0.171465
vn -0.102239 -0.993047 0.05835
vn 0.165326 -0.964598 -0.205471
vn 0.164987 -0.959253 -0.229376
vn 0.749181 -0.640862 -0.167404
vn 0.012241 0.429983 -0.902754
vn -0.042925 -0.003603 -0.999072
vn -0.191574 0.415998 -0.888957
vn 0.005339 0.991081 0.133151
vn -0.00226 0.996046 0.088809
vn -0.408071 0.904621 0.123041
vn -0.206926 0.769905 0.603679
vn -0.029979 0.45785 0.888524
vn -0.295459 0.681523 0.6695
vn -0.677202 -0.01736 -0.735592
vn -0.670687 -0.20293 -0.713441
vn -0.883942 -0.036535 -0.466167
vn 0.968281 -0.249804 -0.005457
vn 0.84139 0.224467 0.491607
vn 0.837949 -0.223832 0.497735
vn -0.247919 -0.968773 0.003945
vn 0.232028 -0.834441 0.499872
vn -0.226796 -0.832517 0.50545
vn -0.932355 0.198057 -0.302469
vn -0.921785 0.38648 0.030758
vn -0.688025 0.585455 -0.428793
vn -0.938803 0.29276 -0.181497
vn -0.938546 0.276087 -0.207142
vn -0.621301 0.301914 -0.723072
vn 0.51428 0.169508 -0.840704
vn 0.597081 0.622963 -0.505383
vn 0.826798 0.239097 -0.509154
vn -0.119945 0.004691 -0.992769
vn -0.280403 0.012954 -0.959795
vn -0.130383 -0.376015 -0.917395
vn 0.107027 -0.99306 -0.04876
vn 0.108438 -0.985462 0.130789
vn 0.00653 -0.996036 -0.088714
vn -0.002818 -0.985186 -0.171465
vn -0.000117 -0.997526 0.070304
vn 0.1039 -0.976101 -0.190873
vn -0.425446 0.346545 -0.836004
vn -0.844672 0.20027 -0.496408
vn -0.627928 0.599125 -0.496745
vn -0.670687 -0.20293 -0.713441
vn -0.66921 -0.294357 -0.682284
vn -0.895367 -0.208157 -0.393686
vn -0.167205 -0.968656 -0.183704
vn -0.125438 -0.857781 -0.498474
vn -0.72245 -0.64441 -0.250601
vn -0.157807 -0.948293 0.275386
vn -0.151717 -0.945127 0.289339
vn -0.66346 -0.702154 0.258458
vn -0.35929 -0.420609 -0.833066
vn -0.210981 -0.841967 -0.496567
vn -0.59821 -0.628921 -0.496592
vn -0.116214 -0.540823 -0.83307
vn 0.232571 -0.833856 -0.500594
vn -0.210981 -0.841967 -0.496567
vn 0.509724 0.172523 -0.842863
vn 0.594139 0.624177 -0.507348
vn 0.826798 0.239097 -0.509153
vn -0.6114 -0.605235 0.509786
vn -0.402058 -0.351067 0.845637
vn -0.831523 -0.216791 0.51144
vn -0.358635 -0.420062 -0.833624
vn -0.210965 -0.841971 -0.496566
vn -0.600061 -0.6292 -0.493997
vn -0.115773 -0.540523 -0.833325
vn 0.233961 -0.834005 -0.499698
vn -0.210965 -0.841971 -0.496566
vn -0.159835 -0.960749 -0.226747
vn -0.161061 -0.96394 -0.211846
vn -0.7003 -0.689036 -0.186573
vn -0.623069 -0.68547 -0.376718
vn -0.579182 -0.733251 -0.356218
vn -0.150277 -0.937519 -0.313808
vn 0.011203 -0.998385 0.05569
vn 0.037946 -0.99879 -0.031288
vn 0.008079 -0.998802 0.048266
vn 0.896903 -0.245144 0.368062
vn 0.887743 -0.191118 0.418791
vn 0.655709 -0.289035 0.697499
vn -0.750133 -0.540317 0.381257
vn -0.942411 0.332934 0.031889
vn -0.694194 -0.70023 0.166652
vn -0.072901 -0.962018 0.263073
vn -0.071531 -0.960162 0.270132
vn 0.002238 -0.966096 0.258173
vn 0.155765 -0.944681 0.288642
vn 0.151998 -0.947758 0.280448
vn 0.597763 -0.749465 0.284573
vn 0.949053 0.267424 -0.166684
vn 0.943349 0.290413 -0.160477
vn 0.645479 0.283367 -0.709267
vn -0.989084 -0.076781 -0.125765
vn -0.788623 0.01841 -0.614601
vn -0.98899 -0.065319 -0.13279
vn 0.971463 0.070039 -0.226614
vn 0.969934 0.046531 -0.238877
vn 0.993115 0.03146 0.112843
vn -0.943409 -0.187031 0.273859
vn -0.980192 -0.155495 -0.122661
vn -0.95875 -0.144047 0.245048
vn 0.976053 -0.0844 0.200493
vn 0.992668 -0.067119 -0.10052
vn 0.974269 -0.102595 0.200686
vn 0.529956 -0.108648 -0.841036
vn 0.826798 0.239097 -0.509153
vn 0.833127 -0.208107 -0.512436
vn 0.503288 0.860663 0.077207
vn 0.452726 0.887524 0.085672
vn 0.587163 0.807723 0.053131
vn 0.59379 -0.493277 0.635682
vn 0.583471 -0.441932 0.681364
vn 0.161481 -0.857411 0.488641
vn -0.989443 0.138759 0.041808
vn -0.55963 -0.8078 0.185131
vn -0.942411 0.332934 0.031889
vn 0.937447 0.341088 0.069665
vn 0.718976 -0.627312 0.299253
vn 0.982007 0.181548 0.051989
vn -0.293824 -0.340801 -0.893041
vn -0.130383 -0.376015 -0.917395
vn -0.280403 0.012954 -0.959795
vn -0.03067 -0.707061 -0.706487
vn -0.0 -0.871994 -0.489516
vn 0.141679 -0.956888 -0.25356
vn 0.10994 -0.859454 -0.499251
vn 0.112551 -0.839517 -0.531548
vn 0.000163 -0.870102 -0.492871
vn 0.700977 0.71308 -0.012163
vn 0.229955 0.838007 0.494839
vn 0.622223 0.610686 0.489797
vn 0.37263 -0.402827 0.835989
vn 0.006642 0.004105 0.99997
vn 0.117433 -0.527174 0.841604
vn -0.887855 0.446958 -0.109279
vn -0.705211 0.580841 -0.406573
vn -0.969703 0.204682 -0.133347
vn -0.296859 0.825425 0.480155
vn -0.265399 0.840376 0.472579
vn -0.210578 0.832205 0.512924
vn -0.563609 0.823315 -0.067063
vn -0.433232 0.874082 0.219753
vn -0.569925 0.819027 -0.066183
vn 0.729116 0.612483 0.305377
vn 0.620552 0.78411 -0.009306
vn 0.935872 0.342347 0.083317
vn 0.170033 0.931582 0.321315
vn 0.090733 0.920773 0.379401
vn 0.190455 0.94414 0.268937
vn -0.716561 0.551339 0.427278
vn -0.658361 0.250373 0.709841
vn -0.441452 0.673209 0.593219
vn 0.715407 0.613245 -0.334848
vn 0.656915 0.325274 -0.680191
vn 0.375621 0.769883 -0.515936
vn 0.419101 0.90496 0.073498
vn 0.416396 0.906673 0.06751
vn -0.00226 0.996046 0.088809
vn -0.00887 0.980227 -0.197675
vn -0.005493 0.983036 -0.183332
vn 0.335092 0.927533 -0.165519
vn -0.957126 0.237508 0.16583
vn -0.9487 0.253517 0.188939
vn -0.735231 0.174801 0.654889
vn -0.519427 -0.184292 -0.834405
vn -0.600061 -0.6292 -0.493997
vn -0.834433 -0.242788 -0.494748
vn 0.175156 -0.515024 -0.839089
vn 0.624778 -0.596022 -0.504391
vn 0.233961 -0.834005 -0.499698
vn -0.519101 -0.189731 -0.833388
vn -0.59821 -0.628921 -0.496592
vn -0.83236 -0.24796 -0.495674
vn 0.532207 -0.104353 -0.840158
vn 0.826798 0.239097 -0.509154
vn 0.834975 -0.201759 -0.511967
vn -0.422353 0.352887 -0.834918
vn -0.845614 0.202832 -0.493757
vn -0.626115 0.602566 -0.494868
vn 0.174931 -0.515091 -0.839095
vn 0.621134 -0.597911 -0.506651
vn 0.232571 -0.833856 -0.500594
vn 0.890072 -0.212867 -0.403062
vn 0.900797 -0.04231 -0.432174
vn 0.947158 -0.22733 -0.226302
vn 0.747829 -0.279716 0.602089
vn 0.655709 -0.289035 0.697499
vn 0.321623 -0.350915 0.879442
vn 0.541828 0.109022 0.833389
vn 0.006806 0.004114 0.999968
vn 0.520348 -0.172973 0.836253
vn 0.22763 0.838197 0.495591
vn -0.101538 0.537907 0.836867
vn 0.173676 0.521473 0.835406
vn -0.128092 -0.005551 0.991747
vn -0.683165 -0.07574 0.726325
vn -0.147142 0.011644 0.989047
vn -0.116077 -0.769122 -0.628472
vn -0.121917 -0.80484 -0.580835
vn -0.534453 -0.401624 -0.743679
vn -0.759896 -0.638528 0.12182
vn -0.770395 -0.621151 0.143742
vn -0.189457 -0.968615 0.160909
vn -0.195068 -0.975246 -0.104129
vn -0.155764 -0.98186 -0.108115
vn -0.781491 -0.584627 -0.217905
vn -0.650997 0.56164 0.510649
vn -0.632259 0.587479 0.505091
vn -0.426373 0.875763 0.226374
vn 0.616782 0.785525 0.050305
vn 0.616682 0.786054 0.042688
vn 0.566668 0.821804 0.059375
vn 0.603487 -0.710569 -0.361794
vn 0.659609 -0.653867 -0.370639
vn 0.140813 -0.943934 -0.298596
vn 0.704085 -0.667257 -0.242968
vn 0.558162 -0.573414 -0.599709
vn 0.161406 -0.966232 -0.20086
vn 0.127159 -0.8026 -0.582806
vn 0.109551 -0.775923 -0.621242
vn 0.559905 -0.432789 -0.706541
vn 0.371857 0.301628 0.87792
vn 0.470398 0.658574 0.587372
vn 0.226871 0.327408 0.917243
vn 0.293396 -0.323393 0.899631
vn 0.318447 -0.205036 0.925501
vn 0.114542 -0.33696 0.934525
vn -0.186776 0.516083 -0.835926
vn -0.627928 0.599125 -0.496745
vn -0.24907 0.82782 -0.502671
vn 0.114542 -0.33696 0.934525
vn 0.160754 -0.059549 0.985197
vn 0.293396 -0.323393 0.899631
vn 0.160754 -0.059549 0.985197
vn 0.114542 -0.33696 0.934525
vn 0.019105 0.190773 0.981448
vn 0.197287 -0.003182 -0.980341
vn 0.353783 -0.001984 -0.935325
vn 0.192745 -0.299151 -0.934536
vn -0.185716 0.772869 -0.606781
vn -0.250675 0.456521 -0.853669
vn -0.33131 0.738109 -0.587732
vn -0.186937 0.516359 -0.83572
vn -0.626115 0.602566 -0.494868
vn -0.249905 0.826945 -0.503695
vn -0.121398 -0.991581 -0.045047
vn -0.109896 -0.990194 0.086247
vn 0.006943 -0.995792 -0.091381
vn 0.148922 -0.986135 -0.073212
vn 0.183309 -0.974854 -0.126715
vn 0.81661 -0.55143 -0.170508
vn -0.141801 -0.944136 -0.297489
vn -0.150277 -0.937519 -0.313808
vn -0.579182 -0.733251 -0.356218
vn -0.622233 -0.736566 0.265134
vn -0.66346 -0.702154 0.258458
vn -0.151717 -0.945127 0.289339
vn 0.863156 0.489181 -0.125159
vn 0.965121 0.246853 -0.08721
vn 0.992637 -0.005643 -0.120999
vn 0.116682 -0.861678 -0.493858
vn 0.161406 -0.966232 -0.20086
vn 0.558162 -0.573414 -0.599709
vn 0.637994 -0.727303 0.25297
vn 0.597763 -0.749465 0.284573
vn 0.151998 -0.947758 0.280448
vn 0.968281 -0.249804 -0.005457
vn 0.837949 -0.223832 0.497735
vn 0.711747 -0.702427 -0.003568
vn -0.700069 -0.714009 0.009678
vn -0.610535 -0.604882 0.511238
vn -0.963224 -0.268506 0.010214
vn 0.655709 -0.289035 0.697499
vn 0.65884 -0.197013 0.726028
vn 0.293396 -0.323393 0.899631
vn -0.247716 0.145174 -0.957894
vn -0.319277 0.138004 -0.937559
vn -0.788623 0.01841 -0.614601
vn 0.622498 -0.024763 0.78223
vn 0.661179 0.19718 0.723853
vn 0.333689 0.01681 0.942533
vn 0.521425 -0.8525 -0.036874
vn 0.66487 -0.723298 -0.186515
vn 0.965121 0.246853 -0.08721
vn -0.029268 -0.999149 -0.029076
vn -0.017873 -0.988978 -0.146981
vn -0.033771 -0.99919 -0.021893
vn -0.942411 0.332934 0.031889
vn -0.693761 0.716776 -0.070202
vn -0.989443 0.138759 0.041808
vn -0.401236 -0.353368 0.845068
vn 0.006642 0.004105 0.99997
vn -0.524311 -0.107539 0.844709
vn -0.700069 -0.714009 0.009678
vn -0.225723 -0.832876 0.505338
vn -0.610535 -0.604882 0.511238
vn 0.03712 -0.983324 0.178036
vn 0.011203 -0.998385 0.05569
vn 0.011425 -0.980643 0.195468
vn 0.212432 0.977002 0.018432
vn 0.221602 0.975064 0.011938
vn 0.296598 0.954011 -0.04351
vn -0.235144 0.966876 -0.099284
vn -0.244292 0.951146 -0.188791
vn 0.003092 0.993988 -0.109444
vn -0.382767 0.919994 -0.084259
vn -0.395019 0.914012 -0.092422
vn -0.570605 0.816054 -0.092011
vn -0.413568 0.907723 0.070718
vn -0.408071 0.904621 0.123041
vn -0.00226 0.996046 0.088809
vn 0.943349 0.290413 -0.160477
vn 0.949053 0.267424 -0.166684
vn 0.952515 0.260005 0.158467
vn -0.833684 0.526937 -0.165253
vn -0.878619 0.464655 -0.110108
vn -0.973268 0.032867 -0.227309
vn 0.271582 0.135203 -0.952871
vn 0.301607 0.148573 -0.941785
vn -0.094404 0.204909 -0.974218
vn -0.670687 -0.20293 -0.713441
vn -0.353765 -0.262679 -0.897692
vn -0.66921 -0.294357 -0.682284
vn -0.259482 0.084003 0.962088
vn 0.13279 0.014939 0.991032
vn -0.240338 0.057842 0.968964
vn 0.192745 -0.299151 -0.934536
vn 0.349162 -0.268656 -0.897725
vn 0.141209 -0.373422 -0.916851
vn 0.523292 -0.409473 -0.747326
vn 0.559905 -0.432789 -0.706541
vn 0.109551 -0.775923 -0.621242
vn 0.03067 -0.707061 -0.706487
vn 0.405205 -0.176606 -0.897006
vn 0.230838 -0.820826 -0.522455
vn 0.698782 -0.054588 0.713249
vn 0.976053 -0.0844 0.200493
vn 0.699099 -0.079403 0.710603
vn -0.147142 0.011644 0.989047
vn 0.253568 0.086241 0.963466
vn -0.128092 -0.005551 0.991747
vn -0.98899 -0.065319 -0.13279
vn -0.972612 -0.08284 0.217173
vn -0.989084 -0.076781 -0.125765
vn 0.000001 0.989089 -0.147321
vn 0.0 0.999999 -0.001095
vn 0.581246 0.812719 -0.040501
vn 0.054299 -0.971782 0.229548
vn -0.027271 -0.989942 0.138824
vn -0.390589 -0.903488 0.176495
vn -0.507138 0.859423 -0.064838
vn -0.490519 0.871365 -0.010701
vn -0.404632 0.91441 -0.011284
vn -0.561964 -0.597257 -0.572259
vn -0.575511 -0.562999 -0.593144
vn -0.123756 -0.876726 -0.464796
vn -0.895367 -0.208157 -0.393686
vn -0.913766 -0.245363 -0.323772
vn -0.949895 -0.225425 -0.216526
vn -0.883942 -0.036535 -0.466167
vn -0.968393 -0.053775 -0.243564
vn -0.932355 0.198057 -0.302469
vn 0.021673 -0.951816 0.305903
vn -0.09617 -0.46894 0.877979
vn 0.062383 -0.947765 0.312809
vn -0.002678 -0.989721 -0.142987
vn -0.000537 -0.966076 -0.258258
vn -0.017873 -0.988978 -0.146981
vn 0.422473 0.906375 0.001279
vn 0.721688 0.588414 0.364602
vn 0.723248 0.687759 -0.062451
vn 0.939494 -0.269692 0.21123
vn 0.944631 -0.224012 0.239773
vn 0.896903 -0.245144 0.368062
vn -0.621301 0.301914 -0.723072
vn -0.626513 0.285514 -0.725234
vn -0.073872 0.219959 -0.972708
vn 0.921785 0.38648 0.030758
vn 0.705153 0.701346 0.104275
vn 0.704046 0.495353 0.508867
vn 0.094778 0.207323 -0.973671
vn 0.131677 0.171234 -0.976391
vn 0.645479 0.283367 -0.709267
vn -0.9487 0.253517 0.188939
vn -0.957126 0.237508 0.16583
vn -0.938803 0.29276 -0.181497
vn 0.18018 0.814234 -0.551867
vn 0.191736 0.416805 -0.888544
vn 0.000544 0.829209 -0.558939
vn 0.122203 -0.004113 0.992497
vn 0.699099 -0.079403 0.710603
vn 0.125415 -0.04984 0.990852
vn -0.98666 0.129037 0.09925
vn -0.978833 0.120467 0.165449
vn -0.966315 0.142837 -0.214086
vn -0.579225 -0.455938 0.675736
vn -0.621247 -0.451208 0.640674
vn -0.167579 -0.837064 0.520808
vn -0.161061 -0.96394 -0.211846
vn -0.159835 -0.960749 -0.226747
vn 0.1039 -0.976101 -0.190873
vn -0.539664 0.774495 0.330031
vn -0.564861 0.721696 0.400109
vn -0.705397 0.584943 0.400321
vn 0.002238 -0.966096 0.258173
vn -0.00086 -0.965518 0.260333
vn 0.072193 -0.962911 0.259982
vn 0.088349 -0.99372 -0.068674
vn 0.099478 -0.907267 -0.40862
vn 0.002871 -0.997546 -0.069952
vn -0.058295 0.912134 0.405725
vn -0.026928 0.92482 0.379451
vn -0.06123 0.918184 0.391393
vn -0.347857 0.901786 0.256471
vn -0.345422 0.922027 0.174784
vn -0.001731 0.963702 0.266976
vn 0.39804 0.880783 0.256485
vn 0.339146 0.896673 0.284531
vn 0.61321 0.583264 0.532707
vn 0.80109 -0.555048 -0.224002
vn 0.81661 -0.55143 -0.170508
vn 0.183309 -0.974854 -0.126715
vn -0.073005 -0.995408 -0.061905
vn -0.071586 -0.983216 0.167814
vn -0.001049 -0.998316 -0.057993
vn -0.094681 -0.974915 -0.201437
vn -0.102405 -0.977276 -0.185595
vn -0.003146 -0.983432 -0.181248
vn -0.62103 -0.782073 -0.051807
vn -0.583458 -0.810699 0.048415
vn -0.981116 0.170946 -0.090489
vn -0.55963 -0.8078 0.185131
vn -0.989443 0.138759 0.041808
vn -0.583458 -0.810699 0.048415
vn -0.186776 0.516083 -0.835926
vn -0.010081 -0.006276 -0.999929
vn -0.425446 0.346545 -0.836004
vn 0.000544 0.829209 -0.558939
vn -0.015388 0.999774 0.014668
vn 0.18018 0.814234 -0.551867
vn 0.920775 0.17148 0.350381
vn 0.961617 -0.05646 0.268523
vn 0.993536 0.11307 0.010049
vn 0.932355 0.198057 -0.302469
vn 0.993536 0.11307 0.010049
vn 0.974408 -0.058491 -0.217044
vn -0.013889 0.786951 0.616859
vn -0.015388 0.999774 0.014668
vn -0.271303 0.746705 0.607311
vn -0.271303 0.746705 0.607311
vn -0.22503 0.342519 0.912163
vn -0.013889 0.786951 0.616859
vn 0.943548 -0.251103 0.216018
vn 0.672589 -0.304907 0.674281
vn 0.944794 -0.229331 0.234034
vn -0.936895 -0.250598 0.24378
vn -0.685781 -0.308611 0.659139
vn -0.925085 -0.272006 0.265009
vn 0.699999 0.706427 0.104703
vn 0.994278 0.005505 0.106679
vn 0.681413 0.723347 -0.11156
vn 0.27156 0.743103 0.611598
vn 0.226871 0.327408 0.917243
vn 0.470398 0.658574 0.587372
vn -0.694473 0.719471 -0.008284
vn -0.716561 0.551339 0.427278
vn -0.468441 0.882671 0.038142
vn -0.196396 0.813264 -0.547751
vn -0.191574 0.415998 -0.888957
vn -0.39821 0.760592 -0.512765
vn 0.878346 -0.035453 0.47671
vn 0.887743 -0.191118 0.418791
vn 0.961617 -0.05646 0.268523
vn 0.594139 0.624177 -0.507348
vn 0.700138 0.71392 -0.011153
vn 0.826798 0.239097 -0.509153
vn 0.992637 -0.005643 -0.120999
vn 0.78474 0.348932 -0.512279
vn 0.863156 0.489181 -0.125159
vn 0.197287 -0.003182 -0.980341
vn 0.191736 0.416805 -0.888544
vn 0.353783 -0.001984 -0.935325
vn 0.964312 0.23708 0.11788
vn 0.952515 0.260005 0.158467
vn 0.949053 0.267424 -0.166684
vn -0.693752 -0.714281 0.092253
vn -0.623615 -0.629833 0.463049
vn -0.168308 -0.985722 0.005002
vn -0.892767 0.424092 0.152028
vn -0.791865 0.409213 0.453314
vn -0.456699 0.886244 0.077438
vn -0.705211 0.580841 -0.406573
vn -0.887855 0.446958 -0.109279
vn -0.572257 0.757376 -0.31449
vn -0.119945 0.004691 -0.992769
vn -0.159048 0.743687 -0.649333
vn -0.280403 0.012954 -0.959795
vn -0.658361 0.250373 0.709841
vn -0.666728 0.003806 0.745291
vn -0.387177 0.31086 0.868021
vn -0.019248 -0.946742 0.321418
vn -0.019503 -0.980538 0.195359
vn -0.074409 -0.940062 0.332785
vn -0.733656 -0.368008 0.571243
vn -0.606159 -0.336509 0.720648
vn -0.182654 -0.941159 0.284355
vn -0.787962 -0.587543 -0.184143
vn -0.781491 -0.584627 -0.217905
vn -0.155764 -0.98186 -0.108115
vn -0.395019 0.914012 -0.092422
vn -0.382767 0.919994 -0.084259
vn 0.00405 0.996793 -0.079924
vn -0.005493 0.983036 -0.183332
vn -0.00887 0.980227 -0.197675
vn -0.357966 0.920253 -0.158098
vn 0.733263 -0.679833 0.012375
vn 0.628012 -0.63183 0.454305
vn 0.17105 -0.984457 -0.039832
vn 0.452243 0.872335 0.185762
vn 0.461029 0.883344 0.084592
vn 0.542082 0.81451 0.206692
vn -0.377015 0.925443 -0.037606
vn -0.352504 0.935301 0.030884
vn -0.294476 0.955077 0.033334
vn -0.546211 -0.452613 -0.704837
vn -0.534453 -0.401624 -0.743679
vn -0.121917 -0.80484 -0.580835
vn -0.889517 -0.193182 0.414053
vn -0.892661 -0.044818 0.448495
vn -0.93999 -0.22535 0.256194
vn -0.666728 0.003806 0.745291
vn -0.667796 -0.187975 0.720218
vn -0.346109 0.019969 0.937982
vn 0.002151 0.762347 -0.647164
vn 0.029948 0.003495 -0.999545
vn 0.15022 0.731445 -0.665148
vn -0.296396 -0.322632 0.89892
vn -0.244043 -0.359441 0.900691
vn -0.112903 -0.338348 0.934224
vn 0.968193 -0.250138 -0.005743
vn 0.84152 0.223767 0.491703
vn 0.838788 -0.225279 0.495665
vn 0.656915 0.325274 -0.680191
vn 0.64299 -0.032424 -0.765188
vn 0.340148 0.389957 -0.855706
vn -0.182448 -0.295557 -0.937741
vn -0.353765 -0.262679 -0.897692
vn -0.24288 -0.002143 -0.970054
vn -0.519427 -0.184292 -0.834405
vn -0.010081 -0.006276 -0.999929
vn -0.358635 -0.420062 -0.833624
vn -0.358635 -0.420062 -0.833624
vn -0.600061 -0.6292 -0.493997
vn -0.519427 -0.184292 -0.834405
vn 0.338602 0.939004 0.060174
vn 0.37914 0.924863 -0.029691
vn 0.238797 0.946672 0.216307
vn 0.764122 -0.633408 0.122114
vn 0.755308 -0.63997 0.141236
vn 0.182813 -0.969813 0.161378
vn 0.993359 -0.088139 -0.073953
vn 0.974269 -0.102595 0.200686
vn 0.992668 -0.067119 -0.10052
vn 0.071247 0.047019 -0.99635
vn -0.242551 0.0019 -0.970137
vn 0.11732 0.033745 -0.992521
vn 0.000163 -0.870102 -0.492871
vn 0.003262 -0.856283 -0.516497
vn -0.107183 -0.861256 -0.496739
vn 0.003262 -0.856283 -0.516497
vn 0.000163 -0.870102 -0.492871
vn 0.112551 -0.839517 -0.531548
vn -0.017942 -0.999093 0.038608
vn -0.033771 -0.99919 -0.021893
vn 0.364172 -0.930841 0.030242
vn -0.191574 0.415998 -0.888957
vn -0.196396 0.813264 -0.547751
vn 0.012241 0.429983 -0.902754
vn -0.688025 0.585455 -0.428793
vn -0.694473 0.719471 -0.008284
vn -0.39821 0.760592 -0.512765
vn 0.340998 0.416287 -0.842868
vn 0.199785 0.838867 -0.506348
vn 0.594139 0.624177 -0.507348
vn 0.375621 0.769883 -0.515936
vn 0.481938 0.874809 0.049452
vn 0.715407 0.613245 -0.334848
vn 0.529956 -0.108648 -0.841036
vn -0.011378 -0.006701 -0.999913
vn 0.509724 0.172523 -0.842863
vn -0.116214 -0.540823 -0.83307
vn -0.210981 -0.841967 -0.496567
vn -0.35929 -0.420609 -0.833066
vn 0.700138 0.71392 -0.011153
vn 0.22763 0.838197 0.495591
vn 0.621284 0.609874 0.491997
vn 0.199785 0.838867 -0.506348
vn -0.266929 0.963711 -0.003217
vn 0.25099 0.967962 -0.007332
vn -0.239525 0.039667 -0.97008
vn 0.123062 0.082425 -0.98897
vn -0.260202 0.030123 -0.965084
vn 0.131677 0.171234 -0.976391
vn 0.094778 0.207323 -0.973671
vn -0.162306 0.118589 -0.979588
vn 0.661179 0.19718 0.723853
vn 0.704046 0.495353 0.508867
vn 0.371857 0.301628 0.87792
vn -0.420184 0.907429 0.004364
vn -0.743253 0.610337 0.273977
vn -0.202488 0.976955 0.067507
vn 0.233608 0.97201 0.02498
vn 0.18018 0.814234 -0.551867
vn -0.015388 0.999774 0.014668
vn 0.383538 0.900489 0.204985
vn 0.390991 0.887772 0.242871
vn 0.003144 0.974267 0.225377
vn 0.15486 0.972014 0.176655
vn 0.166713 0.744539 0.646427
vn 0.160979 0.983456 0.083065
vn 0.014986 0.959828 0.280188
vn 0.001595 0.714957 0.699167
vn 0.15486 0.972014 0.176655
vn 0.806628 0.576586 -0.129996
vn 0.851878 0.513724 -0.101939
vn 0.863156 0.489181 -0.125159
vn -0.102239 -0.993047 0.05835
vn -0.092868 -0.921269 0.377676
vn -0.000117 -0.997526 0.070304
vn 0.217718 -0.965041 0.145928
vn 0.184563 -0.836027 0.516716
vn 0.798848 -0.559552 0.22078
vn -0.743253 0.610337 0.273977
vn -0.606117 -0.183512 0.773915
vn -0.361917 0.738877 0.568399
vn -0.130383 -0.376015 -0.917395
vn -0.293824 -0.340801 -0.893041
vn -0.182448 -0.295557 -0.937741
vn 0.008493 -0.390139 -0.920717
vn -0.130383 -0.376015 -0.917395
vn 0.01122 -0.313542 -0.949508
vn 0.672189 -0.253866 -0.695496
vn 0.349162 -0.268656 -0.897725
vn 0.64299 -0.032424 -0.765188
vn 0.65884 -0.197013 0.726028
vn 0.622498 -0.024763 0.78223
vn 0.318447 -0.205036 0.925501
vn 0.083478 0.536102 -0.840015
vn -0.249905 0.826945 -0.503695
vn 0.199785 0.838867 -0.506348
vn -0.341318 0.392056 -0.85428
vn -0.408709 -0.004198 -0.912655
vn -0.664479 0.25241 -0.70339
vn 0.686171 -0.27934 -0.671668
vn 0.289111 -0.33886 -0.895315
vn 0.672189 -0.253866 -0.695496
vn 0.226871 0.327408 0.917243
vn 0.162834 0.01651 0.986515
vn 0.371857 0.301628 0.87792
vn 0.018081 -0.967399 -0.25261
vn 0.019769 -0.990742 -0.134315
vn 0.035462 -0.973879 -0.224281
vn -0.03067 -0.707061 -0.706487
vn -0.162187 -0.86887 -0.467718
vn -0.405206 -0.176606 -0.897005
vn -0.775934 -0.460757 -0.430847
vn -0.89686 -0.430601 -0.10112
vn -0.180457 -0.928526 -0.324462
vn 0.083432 -0.987529 0.133513
vn 0.091516 -0.989559 0.111344
vn -0.000656 -0.994051 0.108918
vn -0.187464 -0.971691 0.143785
vn -0.189457 -0.968615 0.160909
vn -0.770395 -0.621151 0.143742
vn -0.112903 -0.338348 0.934224
vn -0.079682 -0.370736 0.925314
vn 0.005218 -0.344061 0.938933
vn -0.138633 -0.213895 0.966969
vn -0.112903 -0.338348 0.934224
vn 0.00314 -0.219355 0.97564
vn -0.160142 0.014454 0.986988
vn -0.22503 0.342519 0.912163
vn -0.346109 0.019969 0.937982
vn 0.070954 -0.960318 0.269731
vn 0.072193 -0.962911 0.259982
vn -0.00086 -0.965518 0.260333
vn 0.002536 -0.964112 -0.265485
vn 0.000017 -0.963161 -0.268926
vn 0.08057 -0.961401 -0.263092
vn -0.298382 0.917123 0.264298
vn -0.162057 0.929672 0.33083
vn -0.1757 0.952255 0.249681
vn -0.0 1.0 0.000001
vn 0.0 1.0 0.0
vn 0.000001 1.0 0.000001
vn 0.000001 1.0 0.000001
vn 0.000001 1.0 0.000001
vn 0.0 1.0 0.0
vn 0.0 1.0 0.0
vn 0.0 1.0 0.0
vn 0.0 1.0 0.0
vn 0.0 1.0 0.0
vn 0.0 1.0 0.0
vn 0.0 1.0 0.0
vn -0.324702 0.710509 -0.624296
vn -0.280403 0.012954 -0.959795
vn -0.159048 0.743687 -0.649333
vn 0.609025 -0.131527 0.78217
vn 0.952931 -0.132168 0.272861
vn 0.682307 -0.144667 0.716609
vn -0.229872 -0.031113 0.972723
vn 0.06162 -0.078411 0.995015
vn -0.269676 -0.063351 0.960865
vn 0.293396 -0.323393 0.899631
vn 0.321623 -0.350915 0.879442
vn 0.655709 -0.289035 0.697499
vn -0.159048 0.743687 -0.649333
vn -0.185716 0.772869 -0.606781
vn -0.324702 0.710509 -0.624296
vn 0.15022 0.731445 -0.665148
vn 0.191596 0.775448 -0.60164
vn 0.002151 0.762347 -0.647164
vn -0.713751 0.700399 -0.000864
vn -0.607521 0.614656 0.503106
vn -0.266929 0.963711 -0.003217
vn -0.963059 -0.269118 0.009684
vn -0.831523 -0.216791 0.51144
vn -0.967359 0.25327 0.008467
vn 0.221602 0.975064 0.011938
vn 0.212432 0.977002 0.018432
vn 0.101296 0.992921 0.062021
vn 0.640587 -0.049685 -0.766276
vn 0.846706 -0.372951 -0.379469
vn 0.230838 -0.820826 -0.522455
vn -0.408709 -0.004198 -0.912655
vn -0.341318 0.392056 -0.85428
vn -0.24288 -0.002143 -0.970054
vn 0.229955 0.838007 0.494839
vn 0.176964 0.51958 0.835895
vn 0.622223 0.610686 0.489797
vn -0.601092 0.619264 0.505173
vn -0.506218 0.176968 0.844053
vn -0.3444 0.415137 0.842051
vn -0.058136 0.498229 0.865094
vn 0.220954 0.744166 0.630394
vn 0.198771 0.37675 0.904737
vn 0.062383 -0.947765 0.312809
vn -0.191928 -0.457857 0.868061
vn -0.446027 -0.811239 0.378088
vn 0.289111 -0.33886 -0.895315
vn 0.686171 -0.27934 -0.671668
vn 0.356187 0.01554 -0.934285
vn -0.182723 0.723942 0.665222
vn -0.149063 0.968953 0.197256
vn -0.361917 0.738877 0.568399
vn -0.381233 0.9164 -0.121955
vn -0.332465 0.934318 -0.128517
vn -0.506005 0.855826 -0.107336
vn -0.406373 0.912939 -0.037472
vn -0.443258 0.896304 -0.012704
vn -0.524046 0.848167 -0.077383
vn -0.985326 0.0813 0.150074
vn -0.82963 0.558297 0.004297
vn -0.949256 0.225135 0.219609
vn -0.878619 0.464655 -0.110108
vn -0.912028 0.409028 -0.030004
vn -0.990832 0.018603 -0.133816
vn 0.343746 0.415721 -0.84203
vn 0.198529 0.839583 -0.505655
vn 0.597081 0.622963 -0.505383
vn 0.704046 0.495353 0.508867
vn 0.705153 0.701346 0.104275
vn 0.470398 0.658574 0.587372
vn 0.397374 0.911543 -0.10575
vn 0.409954 0.912105 0.001537
vn 0.513534 0.852758 -0.095325
vn 0.914815 0.401998 0.038876
vn 0.82701 0.536742 -0.167221
vn 0.461029 0.883344 0.084592
vn -0.742787 0.66654 -0.063181
vn -0.270163 0.961924 0.041394
vn -0.284612 0.953421 -0.099921
vn -0.386174 0.917705 0.093205
vn -0.330921 0.932524 0.144537
vn -0.621469 0.783416 0.00587
vn 0.371857 0.301628 0.87792
vn 0.333689 0.01681 0.942533
vn 0.661179 0.19718 0.723853
vn -0.240456 0.901315 0.360295
vn -0.159156 0.934395 0.318709
vn -0.299718 0.850626 0.431977
vn -0.157515 -0.970996 0.179875
vn 0.004594 -0.994978 0.099991
vn -0.762954 -0.426631 0.485683
vn 0.198529 0.839583 -0.505655
vn -0.264772 0.96431 -0.001112
vn 0.251041 0.96794 -0.008383
vn -0.264772 0.96431 -0.001112
vn -0.211028 0.839477 0.500746
vn 0.251041 0.96794 -0.008383
vn 0.364172 -0.930841 0.030242
vn 0.521425 -0.8525 -0.036874
vn 0.990444 -0.13791 0.00138
vn 0.364172 -0.930841 0.030242
vn 0.990444 -0.13791 0.00138
vn 0.515228 -0.846848 0.131865
vn 0.142477 -0.477688 0.8669
vn -0.019248 -0.946742 0.321418
vn 0.237742 -0.477887 0.845638
vn 0.873562 0.48303 -0.059752
vn 0.886102 0.454004 -0.093292
vn 0.493168 0.868008 0.057849
vn 0.507597 0.86152 0.011294
vn 0.524037 0.850216 0.050174
vn 0.584111 0.810165 0.04946
vn 0.289111 -0.33886 -0.895315
vn 0.141209 -0.373422 -0.916851
vn 0.349162 -0.268656 -0.897725
vn 0.07227 -0.983692 0.164703
vn 0.075012 -0.994916 -0.067192
vn -0.000714 -0.987254 0.15915
vn -0.163628 -0.949509 0.267692
vn -0.168308 -0.985722 0.005002
vn -0.623615 -0.629833 0.463049
vn -0.101538 0.537907 0.836867
vn 0.006806 0.004114 0.999968
vn 0.173676 0.521473 0.835406
vn -0.831523 -0.216791 0.51144
vn -0.402058 -0.351067 0.845637
vn -0.52313 -0.100241 0.846337
vn 0.237742 -0.477887 0.845638
vn -0.074409 -0.940062 0.332785
vn 0.441562 -0.603153 0.664251
vn -0.08144 -0.961293 -0.263218
vn -0.073944 -0.957594 -0.27847
vn 0.002536 -0.964112 -0.265485
vn 0.154178 -0.936531 -0.314864
vn 0.140813 -0.943934 -0.298596
vn 0.659609 -0.653867 -0.370639
vn -0.664479 0.25241 -0.70339
vn -0.688025 0.585455 -0.428793
vn -0.341318 0.392056 -0.85428
vn 0.108438 -0.985462 0.130789
vn 0.099023 -0.917604 0.384964
vn -0.001211 -0.993682 0.112225
vn -0.169547 -0.869517 0.46389
vn -0.176954 -0.981164 0.077494
vn 0.09423 -0.927907 0.360707
vn 0.006943 -0.995792 -0.091381
vn 0.00653 -0.996036 -0.088714
vn -0.121398 -0.991581 -0.045047
vn 0.00653 -0.996036 -0.088714
vn 0.006943 -0.995792 -0.091381
vn 0.107027 -0.99306 -0.04876
vn -0.387177 0.31086 0.868021
vn -0.346109 0.019969 0.937982
vn -0.22503 0.342519 0.912163
vn 0.162834 0.01651 0.986515
vn 0.144513 -0.216937 0.96543
vn 0.333689 0.01681 0.942533
vn -0.989851 -0.110161 -0.089771
vn -0.959129 -0.131693 0.250455
vn -0.983514 -0.118898 -0.136246
vn -0.965815 -0.096799 0.240484
vn -0.989084 -0.076781 -0.125765
vn -0.972612 -0.08284 0.217173
vn 0.470398 0.658574 0.587372
vn 0.481938 0.874809 0.049452
vn 0.27156 0.743103 0.611598
vn 0.686171 -0.27934 -0.671668
vn 0.672189 -0.253866 -0.695496
vn 0.910104 -0.247267 -0.332521
vn 0.75206 0.040438 -0.657853
vn 0.686171 -0.27934 -0.671668
vn 0.9603 0.044561 -0.275387
vn -0.247171 0.968665 0.024366
vn -0.271303 0.746705 0.607311
vn -0.015388 0.999774 0.014668
vn 0.310954 0.750219 0.583506
vn 0.160979 0.983456 0.083065
vn 0.166713 0.744539 0.646427
vn 0.011203 -0.998385 0.05569
vn 0.03712 -0.983324 0.178036
vn -0.583458 -0.810699 0.048415
vn 0.710585 0.634109 0.304918
vn 0.422473 0.906375 0.001279
vn 0.937811 0.309933 0.15637
vn 0.340148 0.389957 -0.855706
vn 0.353783 -0.001984 -0.935325
vn 0.191736 0.416805 -0.888544
vn 0.968193 -0.250138 -0.005743
vn 0.838788 -0.225279 0.495665
vn 0.713341 -0.700817 -0.000412
vn 0.266958 -0.963699 0.004255
vn 0.613237 -0.612218 0.499129
vn 0.231853 -0.833912 0.500834
vn -0.247919 -0.968773 0.003945
vn -0.226796 -0.832517 0.50545
vn -0.701991 -0.712135 0.008563
vn -0.963059 -0.269118 0.009684
vn -0.6114 -0.605235 0.509786
vn -0.831523 -0.216791 0.51144
vn -0.468441 0.882671 0.038142
vn -0.39821 0.760592 -0.512765
vn -0.694473 0.719471 -0.008284
vn -0.095609 -0.982311 -0.161007
vn 0.229433 -0.964005 -0.134366
vn -0.050091 -0.979308 -0.19608
vn -0.247171 0.968665 0.024366
vn -0.196396 0.813264 -0.547751
vn -0.468441 0.882671 0.038142
vn 0.012241 0.429983 -0.902754
vn 0.000544 0.829209 -0.558939
vn 0.191736 0.416805 -0.888544
vn 0.233608 0.97201 0.02498
vn 0.27156 0.743103 0.611598
vn 0.481938 0.874809 0.049452
vn -0.271303 0.746705 0.607311
vn -0.247171 0.968665 0.024366
vn -0.441452 0.673209 0.593219
vn 0.232028 -0.834441 0.499872
vn 0.117399 -0.527181 0.841604
vn -0.226796 -0.832517 0.50545
vn 0.837949 -0.223832 0.497735
vn 0.541828 0.109022 0.833389
vn 0.520348 -0.172973 0.836253
vn 0.481938 0.874809 0.049452
vn 0.470398 0.658574 0.587372
vn 0.705153 0.701346 0.104275
vn 0.166599 0.930215 0.327025
vn 0.237762 0.908874 0.342662
vn 0.26002 0.876584 0.404957
vn -0.427185 0.884152 0.189177
vn -0.235357 0.847219 0.476264
vn -0.433232 0.874082 0.219753
vn 0.18018 0.814234 -0.551867
vn 0.233608 0.97201 0.02498
vn 0.375621 0.769883 -0.515936
vn -0.39821 0.760592 -0.512765
vn -0.468441 0.882671 0.038142
vn -0.196396 0.813264 -0.547751
vn -0.524097 0.844038 0.113679
vn -0.532596 0.82514 0.188375
vn -0.538332 0.819926 0.194729
vn -0.345422 0.922027 0.174784
vn -0.347857 0.901786 0.256471
vn -0.524097 0.844038 0.113679
vn 0.353783 -0.001984 -0.935325
vn 0.340148 0.389957 -0.855706
vn 0.64299 -0.032424 -0.765188
vn 0.108972 -0.935291 0.336685
vn -0.393709 -0.898681 0.193302
vn 0.062383 -0.947765 0.312809
vn 0.006035 0.351282 0.93625
vn -0.013889 0.786951 0.616859
vn -0.22503 0.342519 0.912163
vn 0.340998 0.416287 -0.842868
vn -0.011378 -0.006701 -0.999913
vn 0.083478 0.536102 -0.840015
vn 0.481938 0.874809 0.049452
vn 0.375621 0.769883 -0.515936
vn 0.233608 0.97201 0.02498
vn 0.364172 -0.930841 0.030242
vn 0.515228 -0.846848 0.131865
vn -0.017942 -0.999093 0.038608
vn -0.074409 -0.940062 0.332785
vn -0.050727 -0.983269 0.174951
vn 0.190418 -0.938093 0.289348
vn 0.175156 -0.515024 -0.839089
vn -0.010081 -0.006276 -0.999929
vn 0.41438 -0.348412 -0.840772
vn 0.41438 -0.348412 -0.840772
vn 0.624778 -0.596022 -0.504391
vn 0.175156 -0.515024 -0.839089
vn -0.621247 -0.451208 0.640674
vn -0.579225 -0.455938 0.675736
vn -0.760815 0.465778 0.451897
vn -0.915332 0.401776 0.027279
vn -0.91396 0.40535 0.019166
vn -0.73441 -0.659413 -0.160675
vn -0.97191 -0.235114 0.010619
vn -0.956288 -0.291775 0.019522
vn -0.93999 -0.22535 0.256194
vn -0.920775 0.17148 0.350381
vn -0.993536 0.11307 0.010049
vn -0.968826 -0.062573 0.239709
vn -0.346109 0.019969 0.937982
vn -0.387177 0.31086 0.868021
vn -0.666728 0.003806 0.745291
vn 0.007858 0.999047 -0.042938
vn 0.000421 0.999893 -0.01465
vn 0.35713 0.932143 -0.059726
vn 0.000421 0.999893 -0.01465
vn 0.007858 0.999047 -0.042938
vn -0.357802 0.933781 0.005533
vn -0.583458 -0.810699 0.048415
vn -0.442526 -0.895328 -0.050587
vn 0.011203 -0.998385 0.05569
vn 0.622223 0.610686 0.489797
vn 0.176964 0.51958 0.835895
vn 0.416646 0.363784 0.833107
vn 0.84152 0.223767 0.491703
vn 0.541011 0.11158 0.833581
vn 0.838788 -0.225279 0.495665
vn -0.468441 0.882671 0.038142
vn -0.441452 0.673209 0.593219
vn -0.247171 0.968665 0.024366
vn -0.266929 0.963711 -0.003217
vn -0.211037 0.839491 0.500717
vn 0.25099 0.967962 -0.007332
vn -0.266929 0.963711 -0.003217
vn -0.607521 0.614656 0.503106
vn -0.211037 0.839491 0.500717
vn 0.269027 0.905355 -0.328569
vn 0.167537 0.972164 0.163793
vn 0.410144 0.838343 -0.359113
vn -0.269027 0.905355 -0.328569
vn -0.410144 0.838343 -0.359115
vn -0.167537 0.972164 0.163792
vn 0.393809 0.915355 -0.083901
vn 0.376544 0.92278 -0.081802
vn 0.572533 0.814108 -0.097126
vn 0.376544 0.92278 -0.081802
vn 0.393809 0.915355 -0.083901
vn 0.011073 0.9981 -0.060613
vn 0.253568 0.086241 0.963466
vn 0.731797 0.19247 0.65378
vn 0.273231 0.06476 0.959766
vn 0.952515 0.260005 0.158467
vn 0.964312 0.23708 0.11788
vn 0.731797 0.19247 0.65378
vn 0.470398 0.658574 0.587372
vn 0.371857 0.301628 0.87792
vn 0.704046 0.495353 0.508867
vn -0.096458 -0.956374 0.275762
vn -0.104424 -0.951688 0.288764
vn -0.000553 -0.962794 0.270237
vn 0.193131 -0.945242 0.263093
vn 0.178198 -0.8709 0.458016
vn 0.746518 -0.323822 0.581249
vn 0.515228 -0.846848 0.131865
vn 0.582975 -0.750256 0.311858
vn -0.050727 -0.983269 0.174951
vn 0.739072 0.672174 -0.044212
vn 0.849554 0.525137 -0.049883
vn 0.272084 0.95631 -0.106966
vn 0.378022 0.920022 0.103241
vn 0.330727 0.932519 0.145009
vn 0.489447 0.872029 0.0026
vn -0.249905 0.826945 -0.503695
vn -0.266929 0.963711 -0.003217
vn 0.199785 0.838867 -0.506348
vn -0.24907 0.82782 -0.502671
vn -0.264772 0.96431 -0.001112
vn 0.198529 0.839583 -0.505655
vn 0.191736 0.416805 -0.888544
vn 0.18018 0.814234 -0.551867
vn 0.340148 0.389957 -0.855706
vn -0.39821 0.760592 -0.512765
vn -0.341318 0.392056 -0.85428
vn -0.688025 0.585455 -0.428793
vn 0.944631 -0.224012 0.239773
vn 0.939494 -0.269692 0.21123
vn 0.972243 -0.233833 0.008069
vn 0.961617 -0.05646 0.268523
vn 0.996018 -0.082027 0.034918
vn 0.993536 0.11307 0.010049
vn -0.04558 0.507101 -0.86068
vn 0.01869 0.809339 -0.587044
vn 0.199588 0.489256 -0.848996
vn -0.023583 -0.97156 -0.235617
vn -0.017873 -0.988978 -0.146981
vn -0.000537 -0.966076 -0.258258
vn -0.361917 0.738877 0.568399
vn -0.191928 -0.457857 0.868061
vn -0.182723 0.723942 0.665222
vn -0.089095 -0.986612 0.1366
vn -0.082928 -0.990601 0.108782
vn 0.001603 -0.993729 0.1118
vn 0.186778 -0.971889 0.143339
vn 0.182813 -0.969813 0.161378
vn 0.755308 -0.63997 0.141236
vn -0.353765 -0.262679 -0.897692
vn -0.670687 -0.20293 -0.713441
vn -0.408709 -0.004198 -0.912655
vn -0.96852 0.248858 0.006266
vn -0.830106 -0.219789 0.512461
vn -0.827971 0.230762 0.51109
vn -0.830106 -0.219789 0.512461
vn -0.401236 -0.353368 0.845068
vn -0.524311 -0.107539 0.844709
vn 0.22763 0.838197 0.495591
vn 0.173676 0.521473 0.835406
vn 0.621284 0.609874 0.491997
vn 0.84139 0.224467 0.491607
vn 0.541828 0.109022 0.833389
vn 0.837949 -0.223832 0.497735
vn 0.166075 -0.984481 0.056712
vn 0.23561 -0.967959 0.086849
vn -0.157515 -0.970996 0.179875
vn -0.027271 -0.989942 0.138824
vn 0.054299 -0.971782 0.229548
vn 0.23561 -0.967959 0.086849
vn -0.442526 -0.895328 -0.050587
vn 0.038326 -0.995376 -0.088073
vn 0.037946 -0.99879 -0.031288
vn -0.002751 -0.986929 0.161132
vn -0.000714 -0.987254 0.15915
vn -0.074641 -0.982578 0.170205
vn -0.000714 -0.987254 0.15915
vn -0.002751 -0.986929 0.161132
vn 0.07227 -0.983692 0.164703
vn 0.340148 0.389957 -0.855706
vn 0.375621 0.769883 -0.515936
vn 0.656915 0.325274 -0.680191
vn 0.352819 0.73256 -0.58213
vn 0.37165 0.436047 -0.819597
vn 0.191596 0.775448 -0.60164
vn -0.387177 0.31086 0.868021
vn -0.441452 0.673209 0.593219
vn -0.658361 0.250373 0.709841
vn -0.760815 0.465778 0.451897
vn -0.787044 0.444818 0.427432
vn -0.519281 0.849848 0.090033
vn -0.868215 0.494071 -0.045785
vn -0.789824 0.543331 0.28455
vn -0.498627 0.865447 0.048715
vn -0.033771 -0.99919 -0.021893
vn -0.030487 -0.990388 -0.134918
vn 0.521425 -0.8525 -0.036874
vn 0.03712 -0.983324 0.178036
vn 0.062383 -0.947765 0.312809
vn -0.55963 -0.8078 0.185131
vn -0.55963 -0.8078 0.185131
vn -0.583458 -0.810699 0.048415
vn 0.03712 -0.983324 0.178036
vn -0.994901 0.030287 0.096202
vn -0.993697 -0.008223 0.111798
vn -0.974959 0.063738 -0.213054
vn 0.205777 -0.036358 -0.977923
vn 0.67443 -0.137757 -0.725374
vn 0.259077 -0.036922 -0.965151
vn 0.582975 -0.750256 0.311858
vn 0.441562 -0.603153 0.664251
vn -0.074409 -0.940062 0.332785
vn -0.112426 -0.993404 -0.022548
vn -0.105701 -0.993863 -0.032627
vn 0.00272 -0.99925 -0.038628
vn 0.214626 -0.976142 -0.032906
vn 0.213972 -0.973299 -0.083097
vn 0.877828 -0.475095 -0.060844
vn 0.521425 -0.8525 -0.036874
vn 0.364172 -0.930841 0.030242
vn -0.033771 -0.99919 -0.021893
vn 0.231853 -0.833912 0.500834
vn 0.37263 -0.402827 0.835989
vn 0.117433 -0.527174 0.841604
vn -0.225723 -0.832876 0.505338
vn -0.172216 -0.508 0.843966
vn -0.610535 -0.604882 0.511238
vn 0.10225 -0.994703 -0.010579
vn 0.114081 -0.992524 -0.043369
vn 0.002249 -0.999444 -0.033251
vn -0.222936 -0.974626 -0.020081
vn -0.180457 -0.928526 -0.324462
vn -0.89686 -0.430601 -0.10112
vn 0.354909 -0.230835 0.905955
vn -0.049059 -0.287339 0.956572
vn 0.297977 -0.2272 0.927141
vn 0.199588 0.489256 -0.848996
vn 0.191596 0.775448 -0.60164
vn 0.37165 0.436047 -0.819597
vn 0.596871 0.640145 0.483693
vn 0.491914 0.725073 0.481965
vn 0.182873 0.981737 0.052445
vn 0.777667 -0.360942 0.514738
vn 0.694218 -0.44461 0.566024
vn 0.124903 -0.983942 0.127507
vn 0.035462 -0.973879 -0.224281
vn 0.036842 -0.991757 -0.122718
vn 0.042188 -0.980069 -0.194125
vn 0.349162 -0.268656 -0.897725
vn 0.672189 -0.253866 -0.695496
vn 0.289111 -0.33886 -0.895315
vn 0.036842 -0.991757 -0.122718
vn 0.037946 -0.99879 -0.031288
vn 0.038326 -0.995376 -0.088073
vn -0.966315 0.142837 -0.214086
vn -0.948153 0.149772 -0.28031
vn -0.98666 0.129037 0.09925
vn -0.938546 0.276087 -0.207142
vn -0.938803 0.29276 -0.181497
vn -0.957126 0.237508 0.16583
vn -0.667796 -0.187975 0.720218
vn -0.673631 -0.27439 0.686245
vn -0.323251 -0.203 0.924283
vn -0.09617 -0.46894 0.877979
vn -0.182723 0.723942 0.665222
vn -0.191928 -0.457857 0.868061
vn 0.318447 -0.205036 0.925501
vn 0.293396 -0.323393 0.899631
vn 0.65884 -0.197013 0.726028
vn 0.75206 0.040438 -0.657853
vn 0.356187 0.01554 -0.934285
vn 0.686171 -0.27934 -0.671668
vn -0.079682 -0.370736 0.925314
vn -0.112903 -0.338348 0.934224
vn -0.244043 -0.359441 0.900691
vn 0.113241 -0.95257 0.282467
vn 0.139485 -0.983531 0.114938
vn -0.155372 -0.879046 0.450709
vn -0.142692 -0.981352 0.128788
vn -0.145493 -0.89796 0.415331
vn -0.794846 -0.544283 0.268283
vn -0.627928 0.599125 -0.496745
vn -0.96852 0.248858 0.006266
vn -0.710527 0.703663 0.003217
vn -0.59821 -0.628921 -0.496592
vn -0.247919 -0.968773 0.003945
vn -0.701991 -0.712135 0.008563
vn -0.210981 -0.841967 -0.496567
vn 0.264927 -0.964264 0.002983
vn -0.247919 -0.968773 0.003945
vn -0.600061 -0.6292 -0.493997
vn -0.25002 -0.968222 0.005994
vn -0.700069 -0.714009 0.009678
vn -0.24907 0.82782 -0.502671
vn -0.710527 0.703663 0.003217
vn -0.264772 0.96431 -0.001112
vn 0.834975 -0.201759 -0.511967
vn 0.962437 0.271197 -0.01295
vn 0.968193 -0.250138 -0.005743
vn 0.833127 -0.208107 -0.512436
vn 0.963059 0.269149 -0.008715
vn 0.968281 -0.249804 -0.005457
vn -0.844672 0.20027 -0.496408
vn -0.963224 -0.268506 0.010214
vn -0.96852 0.248858 0.006266
vn 0.826798 0.239097 -0.509154
vn 0.700977 0.71308 -0.012163
vn 0.962437 0.271197 -0.01295
vn 0.232571 -0.833856 -0.500594
vn 0.711747 -0.702427 -0.003568
vn 0.264927 -0.964264 0.002983
vn 0.826798 0.239097 -0.509153
vn 0.700138 0.71392 -0.011153
vn 0.963059 0.269149 -0.008715
vn 0.233961 -0.834005 -0.499698
vn 0.713341 -0.700817 -0.000412
vn 0.266958 -0.963699 0.004255
vn -0.210965 -0.841971 -0.496566
vn 0.266958 -0.963699 0.004255
vn -0.25002 -0.968222 0.005994
vn 0.594139 0.624177 -0.507348
vn 0.25099 0.967962 -0.007332
vn 0.700138 0.71392 -0.011153
vn -0.845614 0.202832 -0.493757
vn -0.963059 -0.269118 0.009684
vn -0.967359 0.25327 0.008467
vn 0.621134 -0.597911 -0.506651
vn 0.968281 -0.249804 -0.005457
vn 0.711747 -0.702427 -0.003568
vn -0.249905 0.826945 -0.503695
vn -0.713751 0.700399 -0.000864
vn -0.266929 0.963711 -0.003217
vn 0.624778 -0.596022 -0.504391
vn 0.968193 -0.250138 -0.005743
vn 0.713341 -0.700817 -0.000412
vn 0.597081 0.622963 -0.505383
vn 0.251041 0.96794 -0.008383
vn 0.700977 0.71308 -0.012163
vn -0.834433 -0.242788 -0.494748
vn -0.700069 -0.714009 0.009678
vn -0.963224 -0.268506 0.010214
vn -0.83236 -0.24796 -0.495674
vn -0.701991 -0.712135 0.008563
vn -0.963059 -0.269118 0.009684
vn -0.626115 0.602566 -0.494868
vn -0.967359 0.25327 0.008467
vn -0.713751 0.700399 -0.000864
vn -0.658361 0.250373 0.709841
vn -0.716561 0.551339 0.427278
vn -0.920775 0.17148 0.350381
vn -0.920775 0.17148 0.350381
vn -0.892661 -0.044818 0.448495
vn -0.658361 0.250373 0.709841
vn 0.704046 0.495353 0.508867
vn 0.661179 0.19718 0.723853
vn 0.920775 0.17148 0.350381
vn 0.920775 0.17148 0.350381
vn 0.661179 0.19718 0.723853
vn 0.878346 -0.035453 0.47671
vn 0.002249 -0.999444 -0.033251
vn 0.00272 -0.99925 -0.038628
vn -0.105701 -0.993863 -0.032627
vn 0.00272 -0.99925 -0.038628
vn 0.002249 -0.999444 -0.033251
vn 0.114081 -0.992524 -0.043369
vn -0.102338 0.993278 0.054091
vn -0.076444 0.994071 0.077328
vn -0.211268 0.977387 0.008996
vn -0.145232 0.937985 0.314789
vn -0.23767 0.949058 0.206884
vn -0.288049 0.95113 0.111262
vn -0.107721 -0.083908 0.990634
vn 0.250181 -0.030202 0.967728
vn -0.118035 -0.1046 0.987485
vn -0.159021 -0.247967 0.955628
vn 0.284661 -0.188503 0.939912
vn -0.161901 -0.293857 0.942038
vn 0.038326 -0.995376 -0.088073
vn 0.042188 -0.980069 -0.194125
vn 0.036842 -0.991757 -0.122718
vn 0.519017 0.845769 0.123679
vn 0.53843 0.826402 0.164783
vn 0.341855 0.917862 0.201655
vn 0.53843 0.826402 0.164783
vn 0.519017 0.845769 0.123679
vn 0.553593 0.826256 0.104098
vn 0.718976 -0.627312 0.299253
vn 0.937447 0.341088 0.069665
vn 0.626671 -0.484488 0.610373
vn 0.626671 -0.484488 0.610373
vn 0.721688 0.588414 0.364602
vn 0.237742 -0.477887 0.845638
vn 0.559932 0.821938 -0.104374
vn 0.565337 0.815806 -0.12188
vn 0.506453 0.861203 -0.042845
vn 0.542082 0.81451 0.206692
vn 0.541285 0.838216 0.066367
vn 0.574954 0.804848 0.147129
vn -0.030487 -0.990388 -0.134918
vn -0.050091 -0.979308 -0.19608
vn 0.229433 -0.964005 -0.134366
vn -0.949895 -0.225425 -0.216526
vn -0.968393 -0.053775 -0.243564
vn -0.895367 -0.208157 -0.393686
vn -0.99639 -0.080234 -0.027756
vn -0.97191 -0.235114 0.010619
vn -0.968826 -0.062573 0.239709
vn 0.656915 0.325274 -0.680191
vn 0.715407 0.613245 -0.334848
vn 0.932355 0.198057 -0.302469
vn 0.932355 0.198057 -0.302469
vn 0.900797 -0.04231 -0.432174
vn 0.656915 0.325274 -0.680191
vn -0.688025 0.585455 -0.428793
vn -0.664479 0.25241 -0.70339
vn -0.932355 0.198057 -0.302469
vn -0.932355 0.198057 -0.302469
vn -0.664479 0.25241 -0.70339
vn -0.883942 -0.036535 -0.466167
vn 0.61321 0.583264 0.532707
vn 0.610885 0.642047 0.463245
vn 0.613712 -0.317509 0.722873
vn 0.81661 -0.55143 -0.170508
vn 0.80109 -0.555048 -0.224002
vn 0.873562 0.48303 -0.059752
vn -0.346109 0.019969 0.937982
vn -0.323251 -0.203 0.924283
vn -0.160142 0.014454 0.986988
vn -0.22503 0.342519 0.912163
vn -0.271303 0.746705 0.607311
vn -0.387177 0.31086 0.868021
vn -0.042925 -0.003603 -0.999072
vn 0.197287 -0.003182 -0.980341
vn 0.01122 -0.313542 -0.949508
vn -0.042925 -0.003603 -0.999072
vn 0.012241 0.429983 -0.902754
vn 0.197287 -0.003182 -0.980341
vn 0.081291 0.536882 -0.839732
vn -0.24907 0.82782 -0.502671
vn 0.198529 0.839583 -0.505655
vn -0.632259 0.587479 0.505091
vn -0.650997 0.56164 0.510649
vn -0.606159 -0.336509 0.720648
vn -0.789824 0.543331 0.28455
vn -0.868215 0.494071 -0.045785
vn -0.794846 -0.544283 0.268283
vn 0.864152 0.501785 -0.038118
vn 0.996355 0.079897 -0.029884
vn 0.847831 0.530266 -0.000515
vn 0.956843 -0.290438 0.009881
vn 0.972243 -0.233833 0.008069
vn 0.939494 -0.269692 0.21123
vn -0.716561 0.551339 0.427278
vn -0.694473 0.719471 -0.008284
vn -0.921785 0.38648 0.030758
vn -0.921785 0.38648 0.030758
vn -0.694473 0.719471 -0.008284
vn -0.688025 0.585455 -0.428793
vn 0.238797 0.946672 0.216307
vn 0.159337 0.94552 0.283908
vn 0.338602 0.939004 0.060174
vn 0.6398 0.767476 -0.040451
vn 0.549993 0.786278 -0.281557
vn 0.071083 0.995942 0.055189
vn 0.792791 0.392881 0.465968
vn 0.893641 0.392428 0.217731
vn 0.627589 -0.639719 0.443725
vn 0.931577 0.363028 0.01937
vn 0.929798 0.368069 0.000529
vn 0.715209 -0.675357 -0.179912
vn 0.002062 -0.90943 -0.415851
vn 0.002531 -0.905216 -0.424944
vn -0.097817 -0.906173 -0.411439
vn 0.002531 -0.905216 -0.424944
vn 0.002062 -0.90943 -0.415851
vn 0.104995 -0.894197 -0.435188
vn -0.791865 0.409213 0.453314
vn -0.892767 0.424092 0.152028
vn -0.651144 -0.610897 0.450352
vn -0.892623 0.40453 -0.198946
vn -0.932723 0.161988 -0.322161
vn -0.623069 -0.68547 -0.376718
vn 0.176964 0.51958 0.835895
vn 0.006642 0.004105 0.99997
vn 0.416646 0.363784 0.833107
vn -0.506218 0.176968 0.844053
vn 0.006642 0.004105 0.99997
vn -0.3444 0.415137 0.842051
vn -0.35929 -0.420609 -0.833066
vn -0.011378 -0.006701 -0.999913
vn -0.116214 -0.540823 -0.83307
vn -0.422353 0.352887 -0.834918
vn -0.011378 -0.006701 -0.999913
vn -0.544523 0.088347 -0.83408
vn 0.746916 -0.088381 -0.659018
vn 0.285349 -0.010502 -0.958366
vn 0.769425 -0.122146 -0.626949
vn 0.962919 -0.220471 -0.155495
vn 0.952594 -0.252232 0.170126
vn 0.971591 -0.211588 -0.106029
vn -0.844672 0.20027 -0.496408
vn -0.96852 0.248858 0.006266
vn -0.627928 0.599125 -0.496745
vn -0.600061 -0.6292 -0.493997
vn -0.700069 -0.714009 0.009678
vn -0.834433 -0.242788 -0.494748
vn 0.826798 0.239097 -0.509153
vn 0.963059 0.269149 -0.008715
vn 0.833127 -0.208107 -0.512436
vn -0.845614 0.202832 -0.493757
vn -0.967359 0.25327 0.008467
vn -0.626115 0.602566 -0.494868
vn -0.210965 -0.841971 -0.496566
vn -0.25002 -0.968222 0.005994
vn -0.600061 -0.6292 -0.493997
vn 0.233961 -0.834005 -0.499698
vn 0.266958 -0.963699 0.004255
vn -0.210965 -0.841971 -0.496566
vn -0.210981 -0.841967 -0.496567
vn -0.247919 -0.968773 0.003945
vn -0.59821 -0.628921 -0.496592
vn 0.826798 0.239097 -0.509154
vn 0.962437 0.271197 -0.01295
vn 0.834975 -0.201759 -0.511967
vn 0.199785 0.838867 -0.506348
vn 0.25099 0.967962 -0.007332
vn 0.594139 0.624177 -0.507348
vn 0.833127 -0.208107 -0.512436
vn 0.968281 -0.249804 -0.005457
vn 0.621134 -0.597911 -0.506651
vn -0.834433 -0.242788 -0.494748
vn -0.963224 -0.268506 0.010214
vn -0.844672 0.20027 -0.496408
vn -0.83236 -0.24796 -0.495674
vn -0.963059 -0.269118 0.009684
vn -0.845614 0.202832 -0.493757
vn 0.624778 -0.596022 -0.504391
vn 0.713341 -0.700817 -0.000412
vn 0.233961 -0.834005 -0.499698
vn -0.627928 0.599125 -0.496745
vn -0.710527 0.703663 0.003217
vn -0.24907 0.82782 -0.502671
vn -0.626115 0.602566 -0.494868
vn -0.713751 0.700399 -0.000864
vn -0.249905 0.826945 -0.503695
vn 0.198529 0.839583 -0.505655
vn 0.251041 0.96794 -0.008383
vn 0.597081 0.622963 -0.505383
vn 0.232571 -0.833856 -0.500594
vn 0.264927 -0.964264 0.002983
vn -0.210981 -0.841967 -0.496567
vn 0.834975 -0.201759 -0.511967
vn 0.968193 -0.250138 -0.005743
vn 0.624778 -0.596022 -0.504391
vn 0.621134 -0.597911 -0.506651
vn 0.711747 -0.702427 -0.003568
vn 0.232571 -0.833856 -0.500594
vn -0.59821 -0.628921 -0.496592
vn -0.701991 -0.712135 0.008563
vn -0.83236 -0.24796 -0.495674
vn 0.597081 0.622963 -0.505383
vn 0.700977 0.71308 -0.012163
vn 0.826798 0.239097 -0.509154
vn -0.280403 0.012954 -0.959795
vn -0.748848 0.033398 -0.6619
vn -0.293824 -0.340801 -0.893041
vn -0.69755 0.127731 0.70506
vn -0.743253 0.610337 0.273977
vn -0.978892 -0.052575 0.197499
vn -0.365803 -0.235788 0.900329
vn -0.446027 -0.811239 0.378088
vn -0.191928 -0.457857 0.868061
vn 0.117399 -0.527181 0.841604
vn 0.006806 0.004114 0.999968
vn -0.173489 -0.508124 0.84363
vn -0.402058 -0.351067 0.845637
vn 0.006806 0.004114 0.999968
vn -0.52313 -0.100241 0.846337
vn 0.532207 -0.104353 -0.840158
vn -0.010081 -0.006276 -0.999929
vn 0.51428 0.169508 -0.840704
vn 0.343746 0.415721 -0.84203
vn -0.010081 -0.006276 -0.999929
vn 0.081291 0.536882 -0.839732
vn 0.303423 0.928862 -0.212484
vn 0.263212 0.918022 -0.296574
vn -0.011844 0.967816 -0.251378
vn -0.008393 0.997755 -0.066441
vn -0.001525 0.997543 -0.070037
vn 0.206429 0.977537 -0.042531
vn 0.974408 -0.058491 -0.217044
vn 0.947158 -0.22733 -0.226302
vn 0.900797 -0.04231 -0.432174
vn 0.972243 -0.233833 0.008069
vn 0.996018 -0.082027 0.034918
vn 0.944631 -0.224012 0.239773
vn -0.09617 -0.46894 0.877979
vn 0.021673 -0.951816 0.305903
vn 0.023011 -0.482991 0.875323
vn 0.023011 -0.482991 0.875323
vn 0.001595 0.714957 0.699167
vn -0.09617 -0.46894 0.877979
vn -0.295459 0.681523 0.6695
vn -0.2836 0.683591 0.672513
vn -0.206926 0.769905 0.603679
vn -0.783279 0.374452 0.496247
vn -0.705397 0.584943 0.400321
vn -0.564861 0.721696 0.400109
vn 0.333689 0.01681 0.942533
vn 0.371857 0.301628 0.87792
vn 0.162834 0.01651 0.986515
vn -0.572257 0.757376 -0.31449
vn -0.748848 0.033398 -0.6619
vn -0.324702 0.710509 -0.624296
vn -0.488481 0.707839 0.510245
vn -0.487405 0.763319 0.424006
vn -0.159156 0.934395 0.318709
vn -0.487405 0.763319 0.424006
vn -0.556986 0.778279 0.289911
vn -0.174526 0.981645 0.076897
vn 0.583471 -0.441932 0.681364
vn 0.59379 -0.493277 0.635682
vn 0.749808 0.459579 0.475999
vn 0.749181 -0.640862 -0.167404
vn 0.715209 -0.675357 -0.179912
vn 0.929798 0.368069 0.000529
vn 0.992668 -0.067119 -0.10052
vn 0.794651 0.025557 -0.606528
vn 0.993359 -0.088139 -0.073953
vn 0.301607 0.148573 -0.941785
vn 0.271582 0.135203 -0.952871
vn 0.794651 0.025557 -0.606528
vn 0.229433 -0.964005 -0.134366
vn 0.521425 -0.8525 -0.036874
vn -0.030487 -0.990388 -0.134918
vn 0.592318 0.800818 0.0886
vn 0.584111 0.810165 0.04946
vn 0.524037 0.850216 0.050174
vn 0.584111 0.810165 0.04946
vn 0.592318 0.800818 0.0886
vn 0.566376 0.814655 0.124721
vn 0.01122 -0.313542 -0.949508
vn 0.192745 -0.299151 -0.934536
vn 0.008493 -0.390139 -0.920717
vn 0.192745 -0.299151 -0.934536
vn 0.01122 -0.313542 -0.949508
vn 0.197287 -0.003182 -0.980341
vn -0.532186 0.814823 0.229872
vn -0.535812 0.821646 0.194433
vn -0.442965 0.875281 0.194077
vn -0.466621 0.879772 0.090921
vn -0.511544 0.856707 0.066155
vn -0.576386 0.815154 0.057462
vn -0.296396 -0.322632 0.89892
vn -0.323251 -0.203 0.924283
vn -0.673631 -0.27439 0.686245
vn 0.01869 0.809339 -0.587044
vn 0.002151 0.762347 -0.647164
vn 0.191596 0.775448 -0.60164
vn 0.191596 0.775448 -0.60164
vn 0.199588 0.489256 -0.848996
vn 0.01869 0.809339 -0.587044
vn -0.673631 -0.27439 0.686245
vn -0.709942 0.207129 0.673112
vn -0.296396 -0.322632 0.89892
vn 0.225512 -0.313211 0.92252
vn -0.19725 -0.251893 0.94744
vn 0.162801 -0.284354 0.944796
vn -0.410144 0.838343 -0.359115
vn -0.269027 0.905355 -0.328569
vn -0.453329 0.006022 -0.891323
vn -0.684047 0.728128 -0.043681
vn -0.60976 0.775969 -0.161448
vn -0.89686 -0.430601 -0.10112
vn 0.801488 -0.26193 -0.537596
vn 0.849285 0.034302 -0.52682
vn 0.558162 -0.573414 -0.599709
vn 0.888189 0.413334 -0.200687
vn 0.980097 0.191785 0.051275
vn 0.686751 -0.708681 -0.161691
vn -0.788923 0.377735 -0.484683
vn -0.969703 0.204682 -0.133347
vn -0.705211 0.580841 -0.406573
vn -0.788923 0.377735 -0.484683
vn -0.705211 0.580841 -0.406573
vn -0.441091 0.408714 -0.798994
vn -0.26735 -0.192441 0.944188
vn 0.125774 -0.250484 0.959916
vn -0.280111 -0.233259 0.931197
vn 0.09236 -0.105926 0.990075
vn -0.269676 -0.063351 0.960865
vn 0.06162 -0.078411 0.995015
vn 0.491914 0.725073 0.481965
vn 0.596871 0.640145 0.483693
vn 0.788957 0.026409 0.613881
vn -0.412918 -0.846879 0.335103
vn -0.0 -0.940317 0.340299
vn -0.390589 -0.903488 0.176495
vn -0.001177 -0.98007 0.198649
vn 0.004178 -0.952081 0.305817
vn 0.011425 -0.980643 0.195468
vn 0.011425 -0.980643 0.195468
vn 0.021673 -0.951816 0.305903
vn 0.03712 -0.983324 0.178036
vn -0.130383 -0.376015 -0.917395
vn 0.008493 -0.390139 -0.920717
vn -0.119945 0.004691 -0.992769
vn 0.029948 0.003495 -0.999545
vn 0.002151 0.762347 -0.647164
vn -0.119945 0.004691 -0.992769
vn -0.293824 -0.340801 -0.893041
vn -0.66921 -0.294357 -0.682284
vn -0.353765 -0.262679 -0.897692
vn 0.03214 -0.998622 -0.041497
vn 0.019769 -0.990742 -0.134315
vn 0.001716 -0.999278 -0.037944
vn -0.017873 -0.988978 -0.146981
vn -0.029268 -0.999149 -0.029076
vn -0.002678 -0.989721 -0.142987
vn -0.0 -0.871994 -0.489516
vn -0.0 -0.650514 -0.759494
vn 0.03067 -0.707061 -0.706487
vn 0.0 0.884551 -0.466444
vn 0.0 0.99907 -0.043114
vn 0.269027 0.905355 -0.328569
vn -0.66921 -0.294357 -0.682284
vn -0.293824 -0.340801 -0.893041
vn -0.748848 0.033398 -0.6619
vn -0.253424 0.925258 -0.282265
vn -0.272793 0.917962 -0.287974
vn -0.000456 0.953612 -0.30104
vn -0.272793 0.917962 -0.287974
vn -0.253424 0.925258 -0.282265
vn -0.449944 0.868732 -0.207016
vn -0.29402 -0.047423 0.954622
vn -0.296396 -0.322632 0.89892
vn -0.709942 0.207129 0.673112
vn 0.219896 0.828718 0.514657
vn 0.252993 0.853086 0.456332
vn 0.304014 0.817463 0.489214
vn 0.287776 0.69511 0.658792
vn 0.296085 0.683068 0.667647
vn 0.22189 0.769503 0.598858
vn -0.713751 0.700399 -0.000864
vn -0.828412 0.231779 0.509914
vn -0.607521 0.614656 0.503106
vn -0.828412 0.231779 0.509914
vn -0.509116 0.17106 0.843528
vn -0.607521 0.614656 0.503106
vn 0.251041 0.96794 -0.008383
vn -0.211028 0.839477 0.500746
vn 0.229955 0.838007 0.494839
vn -0.211028 0.839477 0.500746
vn -0.101681 0.538135 0.836703
vn 0.229955 0.838007 0.494839
vn 0.264927 -0.964264 0.002983
vn 0.614185 -0.611083 0.499353
vn 0.232028 -0.834441 0.499872
vn 0.614185 -0.611083 0.499353
vn 0.375977 -0.39939 0.836139
vn 0.232028 -0.834441 0.499872
vn -0.963224 -0.268506 0.010214
vn -0.830106 -0.219789 0.512461
vn -0.96852 0.248858 0.006266
vn 0.711747 -0.702427 -0.003568
vn 0.614185 -0.611083 0.499353
vn 0.264927 -0.964264 0.002983
vn -0.160142 0.014454 0.986988
vn -0.138633 -0.213895 0.966969
vn 0.004465 0.013295 0.999902
vn 0.004465 0.013295 0.999902
vn 0.006035 0.351282 0.93625
vn -0.160142 0.014454 0.986988
vn -0.00623 -0.927947 0.372661
vn 0.000409 -0.930278 0.366856
vn -0.090254 -0.919968 0.381463
vn 0.000409 -0.930278 0.366856
vn -0.00623 -0.927947 0.372661
vn 0.09423 -0.927907 0.360707
vn -0.925085 -0.272006 0.265009
vn -0.973153 -0.228199 -0.029985
vn -0.936895 -0.250598 0.24378
vn -0.261407 -0.034254 -0.964621
vn 0.163501 0.016935 -0.986398
vn -0.241183 -0.020782 -0.970257
vn 0.083478 0.536102 -0.840015
vn 0.199785 0.838867 -0.506348
vn 0.340998 0.416287 -0.842868
vn 0.356187 0.01554 -0.934285
vn 0.304055 0.710217 -0.634935
vn 0.165396 0.007071 -0.986202
vn -0.808898 -0.282604 -0.515577
vn -0.754518 -0.259765 -0.602681
vn -0.561964 -0.597257 -0.572259
vn -0.66346 -0.702154 0.258458
vn -0.622233 -0.736566 0.265134
vn -0.878286 -0.434223 0.20016
vn -0.570605 0.816054 -0.092011
vn -0.573285 0.814007 -0.093471
vn -0.524046 0.848167 -0.077383
vn -0.535812 0.821646 0.194433
vn -0.532186 0.814823 0.229872
vn -0.57339 0.805254 0.150964
vn -0.830106 -0.219789 0.512461
vn -0.524311 -0.107539 0.844709
vn -0.827971 0.230762 0.51109
vn -0.827971 0.230762 0.51109
vn -0.506218 0.176968 0.844053
vn -0.601092 0.619264 0.505173
vn 0.353783 -0.001984 -0.935325
vn 0.64299 -0.032424 -0.765188
vn 0.349162 -0.268656 -0.897725
vn 0.721688 0.588414 0.364602
vn 0.422473 0.906375 0.001279
vn 0.310954 0.750219 0.583506
vn 0.0 1.0 0.0
vn -0.0 1.0 0.000001
vn 0.0 1.0 0.0
vn 0.000001 1.0 0.000001
vn 0.000001 1.0 0.000001
vn -0.185364 0.83731 -0.514347
vn 0.0 1.0 0.0
vn 0.0 1.0 0.0
vn 0.0 1.0 0.0
vn 0.0 1.0 0.0
vn 0.0 1.0 0.0
vn 0.0 1.0 0.0
vn -0.107969 -0.900117 -0.422058
vn -0.1012 -0.984028 -0.146449
vn 0.116682 -0.861678 -0.493858
vn 0.151998 -0.947758 0.280448
vn 0.155765 -0.944681 0.288642
vn -0.072901 -0.962018 0.263073
vn 0.572157 0.767054 -0.290283
vn 0.78474 0.348932 -0.512279
vn 0.352819 0.73256 -0.58213
vn 0.628012 -0.63183 0.454305
vn 0.733263 -0.679833 0.012375
vn 0.824735 0.399667 0.400099
vn 0.901175 0.363008 -0.236871
vn 0.914815 0.401998 0.038876
vn 0.659609 -0.653867 -0.370639
vn -0.588412 0.774017 0.233815
vn -0.596153 0.769378 0.229475
vn -0.594528 0.785904 0.169977
vn -0.408071 0.904621 0.123041
vn -0.413568 0.907723 0.070718
vn -0.613667 0.780222 0.121103
vn 0.001595 0.714957 0.699167
vn 0.014986 0.959828 0.280188
vn -0.182723 0.723942 0.665222
vn -0.182723 0.723942 0.665222
vn -0.09617 -0.46894 0.877979
vn 0.001595 0.714957 0.699167
vn -0.408709 -0.004198 -0.912655
vn -0.24288 -0.002143 -0.970054
vn -0.353765 -0.262679 -0.897692
vn 0.838788 -0.225279 0.495665
vn 0.541011 0.11158 0.833581
vn 0.521258 -0.17232 0.83582
vn 0.541011 0.11158 0.833581
vn 0.006642 0.004105 0.99997
vn 0.521258 -0.17232 0.83582
vn 0.174931 -0.515091 -0.839095
vn -0.011378 -0.006701 -0.999913
vn 0.410778 -0.353958 -0.840223
vn 0.410778 -0.353958 -0.840223
vn 0.621134 -0.597911 -0.506651
vn 0.174931 -0.515091 -0.839095
vn -0.607521 0.614656 0.503106
vn -0.509116 0.17106 0.843528
vn -0.34711 0.411361 0.842791
vn -0.509116 0.17106 0.843528
vn 0.006806 0.004114 0.999968
vn -0.34711 0.411361 0.842791
vn 0.087246 0.085073 -0.992548
vn -0.260202 0.030123 -0.965084
vn 0.123062 0.082425 -0.98897
vn 0.612475 0.143812 -0.777298
vn 0.609305 0.133145 -0.781677
vn 0.940787 0.143885 -0.306947
vn -0.73441 -0.659413 -0.160675
vn -0.7003 -0.689036 -0.186573
vn -0.161061 -0.96394 -0.211846
vn -0.176954 -0.981164 0.077494
vn -0.169547 -0.869517 0.46389
vn -0.763 -0.617198 0.192086
vn -0.361917 0.738877 0.568399
vn -0.202488 0.976955 0.067507
vn -0.743253 0.610337 0.273977
vn 0.083478 0.536102 -0.840015
vn -0.011378 -0.006701 -0.999913
vn -0.186937 0.516359 -0.83572
vn -0.186937 0.516359 -0.83572
vn -0.249905 0.826945 -0.503695
vn 0.083478 0.536102 -0.840015
vn -0.191928 -0.457857 0.868061
vn -0.361917 0.738877 0.568399
vn -0.606117 -0.183512 0.773915
vn 0.566668 0.821804 0.059375
vn 0.587163 0.807723 0.053131
vn 0.452726 0.887524 0.085672
vn 0.893641 0.392428 0.217731
vn 0.792791 0.392881 0.465968
vn 0.436412 0.891081 0.124574
vn 0.877828 -0.475095 -0.060844
vn 0.744961 -0.528308 -0.407337
vn 0.214626 -0.976142 -0.032906
vn 0.549993 0.786278 -0.281557
vn 0.6398 0.767476 -0.040451
vn 0.846706 -0.372951 -0.379469
vn 0.0 1.0 0.0
vn 0.0 1.0 0.0
vn 0.000001 1.0 0.000001
vn 0.000001 1.0 0.000001
vn -0.657989 0.728906 -0.189065
vn -0.0 1.0 0.000001
vn 0.0 1.0 0.0
vn 0.0 1.0 0.0
vn 0.0 1.0 0.0
vn 0.0 1.0 0.0
vn 0.313185 0.949586 -0.014235
vn 0.0 1.0 0.0
vn 0.081291 0.536882 -0.839732
vn 0.198529 0.839583 -0.505655
vn 0.343746 0.415721 -0.84203
vn -0.932355 0.198057 -0.302469
vn -0.968393 -0.053775 -0.243564
vn -0.993536 0.11307 0.010049
vn -0.968393 -0.053775 -0.243564
vn -0.949895 -0.225425 -0.216526
vn -0.99639 -0.080234 -0.027756
vn -0.781491 -0.584627 -0.217905
vn -0.787962 -0.587543 -0.184143
vn -0.875062 0.470831 -0.112177
vn -0.787044 0.444818 0.427432
vn -0.760815 0.465778 0.451897
vn -0.579225 -0.455938 0.675736
vn -0.027697 0.876527 0.480556
vn 0.069463 0.964133 0.25617
vn 0.252993 0.853086 0.456332
vn 0.443424 0.866831 0.227988
vn 0.413894 0.887599 0.202138
vn 0.563609 0.823315 -0.067063
vn -0.191928 -0.457857 0.868061
vn 0.062383 -0.947765 0.312809
vn -0.09617 -0.46894 0.877979
vn 0.333689 0.01681 0.942533
vn 0.318447 -0.205036 0.925501
vn 0.622498 -0.024763 0.78223
vn -0.768486 -0.108249 -0.630643
vn -0.67997 -0.082017 -0.728638
vn -0.546211 -0.452613 -0.704837
vn -0.770395 -0.621151 0.143742
vn -0.759896 -0.638528 0.12182
vn -0.858043 0.513578 0.00034
vn -0.807254 -0.231858 0.542755
vn -0.722031 0.337002 0.604235
vn -0.560138 0.675734 0.479196
vn -0.606159 -0.336509 0.720648
vn -0.733656 -0.368008 0.571243
vn -0.632259 0.587479 0.505091
vn 0.559905 -0.432789 -0.706541
vn 0.523292 -0.409473 -0.747326
vn 0.705388 -0.067923 -0.70556
vn 0.849554 0.525137 -0.049883
vn 0.852499 0.522661 -0.008386
vn 0.764122 -0.633408 0.122114
vn -0.441091 0.408714 -0.798994
vn -0.33131 0.738109 -0.587732
vn -0.250675 0.456521 -0.853669
vn 0.184563 -0.836027 0.516716
vn 0.217718 -0.965041 0.145928
vn -0.090254 -0.919968 0.381463
vn 0.183309 -0.974854 -0.126715
vn 0.148922 -0.986135 -0.073212
vn -0.121762 -0.991031 -0.055066
vn -0.017942 -0.999093 0.038608
vn -0.050727 -0.983269 0.174951
vn -0.01038 -0.999258 0.037081
vn -0.878619 0.464655 -0.110108
vn -0.833684 0.526937 -0.165253
vn -0.981116 0.170946 -0.090489
vn -0.970524 0.23998 -0.022186
vn -0.981116 0.170946 -0.090489
vn -0.583458 -0.810699 0.048415
vn -0.94493 -0.273418 -0.179863
vn -0.949895 -0.225425 -0.216526
vn -0.913766 -0.245363 -0.323772
vn -0.973268 0.032867 -0.227309
vn -0.748848 0.033398 -0.6619
vn -0.833684 0.526937 -0.165253
vn -0.202488 0.976955 0.067507
vn -0.361917 0.738877 0.568399
vn -0.149063 0.968953 0.197256
vn 0.993536 0.11307 0.010049
vn 0.921785 0.38648 0.030758
vn 0.920775 0.17148 0.350381
vn 0.921785 0.38648 0.030758
vn 0.993536 0.11307 0.010049
vn 0.932355 0.198057 -0.302469
vn 0.749808 0.459579 0.475999
vn 0.864682 0.449756 0.223706
vn 0.583471 -0.441932 0.681364
vn 0.886102 0.454004 -0.093292
vn 0.873562 0.48303 -0.059752
vn 0.80109 -0.555048 -0.224002
vn -0.071586 -0.983216 0.167814
vn -0.073005 -0.995408 -0.061905
vn 0.16476 -0.951317 0.260479
vn 0.164987 -0.959253 -0.229376
vn 0.165326 -0.964598 -0.205471
vn -0.094681 -0.974915 -0.201437
vn -0.001525 0.997543 -0.070037
vn -0.008393 0.997755 -0.066441
vn -0.223187 0.972619 -0.064803
vn -0.221426 0.974489 0.036617
vn -0.208302 0.97712 0.042984
vn -0.285032 0.954924 -0.082928
vn -0.705211 0.580841 -0.406573
vn -0.572257 0.757376 -0.31449
vn -0.33131 0.738109 -0.587732
vn -0.0 -0.650514 -0.759494
vn -0.0 -0.871994 -0.489516
vn -0.03067 -0.707061 -0.706487
vn 0.0 0.884551 -0.466444
vn -0.269027 0.905355 -0.328569
vn 0.0 0.99907 -0.043114
vn -0.116325 -0.988904 0.092395
vn -0.337514 -0.916307 0.21556
vn 0.004594 -0.994978 0.099991
vn 0.412918 -0.846879 0.335103
vn 0.371282 -0.919798 0.126969
vn -0.0 -0.940317 0.340299
vn 0.37165 0.436047 -0.819597
vn 0.352819 0.73256 -0.58213
vn 0.78474 0.348932 -0.512279
vn 0.160979 0.983456 0.083065
vn 0.310954 0.750219 0.583506
vn 0.422473 0.906375 0.001279
vn -0.581246 0.812719 -0.040501
vn 0.0 0.999999 -0.001095
vn 0.000001 0.989089 -0.147321
vn -0.630124 0.493365 0.599612
vn -0.162045 0.621511 0.766463
vn -0.575657 0.750634 0.324295
vn -0.693761 0.716776 -0.070202
vn -0.949256 0.225135 0.219609
vn -0.82963 0.558297 0.004297
vn -0.748805 0.376534 0.545447
vn -0.420184 0.907429 0.004364
vn -0.328288 0.848459 0.415145
vn -0.145493 -0.89796 0.415331
vn -0.142692 -0.981352 0.128788
vn 0.098326 -0.953978 0.283299
vn -0.155764 -0.98186 -0.108115
vn -0.195068 -0.975246 -0.104129
vn 0.110275 -0.992322 -0.055999
vn 0.094144 -0.975185 -0.200379
vn 0.1039 -0.976101 -0.190873
vn -0.159835 -0.960749 -0.226747
vn -0.168308 -0.985722 0.005002
vn -0.163628 -0.949509 0.267692
vn 0.084471 -0.996089 -0.025914
vn -0.107183 -0.861256 -0.496739
vn -0.116347 -0.843489 -0.524394
vn 0.127159 -0.8026 -0.582806
vn 0.182813 -0.969813 0.161378
vn 0.186778 -0.971889 0.143339
vn -0.089095 -0.986612 0.1366
vn 0.099478 -0.907267 -0.40862
vn 0.088349 -0.99372 -0.068674
vn -0.123756 -0.876726 -0.464796
vn 0.072193 -0.962911 0.259982
vn 0.070954 -0.960318 0.269731
vn -0.157807 -0.948293 0.275386
vn -0.553461 0.827038 0.098434
vn -0.538332 0.819926 0.194729
vn -0.532596 0.82514 0.188375
vn -0.538332 0.819926 0.194729
vn -0.553461 0.827038 0.098434
vn -0.460185 0.875122 0.149634
vn -0.125438 -0.857781 -0.498474
vn -0.167205 -0.968656 -0.183704
vn 0.104995 -0.894197 -0.435188
vn -0.189457 -0.968615 0.160909
vn -0.187464 -0.971691 0.143785
vn 0.083432 -0.987529 0.133513
vn -0.092868 -0.921269 0.377676
vn -0.102239 -0.993047 0.05835
vn 0.161481 -0.857411 0.488641
vn -0.102405 -0.977276 -0.185595
vn -0.094681 -0.974915 -0.201437
vn 0.165326 -0.964598 -0.205471
vn -0.121917 -0.80484 -0.580835
vn -0.116077 -0.769122 -0.628472
vn 0.10994 -0.859454 -0.499251
vn 0.091516 -0.989559 0.111344
vn 0.083432 -0.987529 0.133513
vn -0.187464 -0.971691 0.143785
vn -0.324702 0.710509 -0.624296
vn -0.33131 0.738109 -0.587732
vn -0.572257 0.757376 -0.31449
vn 0.597901 0.767589 0.230914
vn 0.587845 0.77266 0.239656
vn 0.592008 0.788255 0.167869
vn 0.587163 0.807723 0.053131
vn 0.566668 0.821804 0.059375
vn 0.616682 0.786054 0.042688
vn 0.25099 0.967962 -0.007332
vn -0.211037 0.839491 0.500717
vn 0.22763 0.838197 0.495591
vn -0.211037 0.839491 0.500717
vn -0.101538 0.537907 0.836867
vn 0.22763 0.838197 0.495591
vn -0.25002 -0.968222 0.005994
vn 0.231853 -0.833912 0.500834
vn -0.225723 -0.832876 0.505338
vn 0.231853 -0.833912 0.500834
vn 0.117433 -0.527174 0.841604
vn -0.225723 -0.832876 0.505338
vn -0.264772 0.96431 -0.001112
vn -0.601092 0.619264 0.505173
vn -0.211028 0.839477 0.500746
vn -0.601092 0.619264 0.505173
vn -0.3444 0.415137 0.842051
vn -0.211028 0.839477 0.500746
vn -0.967359 0.25327 0.008467
vn -0.831523 -0.216791 0.51144
vn -0.828412 0.231779 0.509914
vn -0.831523 -0.216791 0.51144
vn -0.52313 -0.100241 0.846337
vn -0.828412 0.231779 0.509914
vn 0.711747 -0.702427 -0.003568
vn 0.837949 -0.223832 0.497735
vn 0.614185 -0.611083 0.499353
vn 0.837949 -0.223832 0.497735
vn 0.520348 -0.172973 0.836253
vn 0.614185 -0.611083 0.499353
vn -0.963224 -0.268506 0.010214
vn -0.610535 -0.604882 0.511238
vn -0.830106 -0.219789 0.512461
vn -0.610535 -0.604882 0.511238
vn -0.401236 -0.353368 0.845068
vn -0.830106 -0.219789 0.512461
vn 0.713341 -0.700817 -0.000412
vn 0.838788 -0.225279 0.495665
vn 0.613237 -0.612218 0.499129
vn 0.838788 -0.225279 0.495665
vn 0.521258 -0.17232 0.83582
vn 0.613237 -0.612218 0.499129
vn -0.701991 -0.712135 0.008563
vn -0.226796 -0.832517 0.50545
vn -0.6114 -0.605235 0.509786
vn -0.226796 -0.832517 0.50545
vn -0.173489 -0.508124 0.84363
vn -0.6114 -0.605235 0.509786
vn 0.963059 0.269149 -0.008715
vn 0.621284 0.609874 0.491997
vn 0.84139 0.224467 0.491607
vn 0.621284 0.609874 0.491997
vn 0.417307 0.364925 0.832277
vn 0.84139 0.224467 0.491607
vn 0.962437 0.271197 -0.01295
vn 0.622223 0.610686 0.489797
vn 0.84152 0.223767 0.491703
vn 0.622223 0.610686 0.489797
vn 0.416646 0.363784 0.833107
vn 0.84152 0.223767 0.491703
vn -0.623615 -0.629833 0.463049
vn -0.693752 -0.714281 0.092253
vn -0.835599 0.36703 0.408734
vn -0.7003 -0.689036 -0.186573
vn -0.73441 -0.659413 -0.160675
vn -0.91396 0.40535 0.019166
vn 0.503454 0.858255 -0.099662
vn 0.512981 0.854655 -0.080097
vn 0.329128 0.940058 -0.089246
vn 0.512981 0.854655 -0.080097
vn 0.503454 0.858255 -0.099662
vn 0.568742 0.817286 -0.092606
vn 0.003144 0.974267 0.225377
vn -0.003434 0.974586 0.223989
vn 0.383538 0.900489 0.204985
vn -0.003434 0.974586 0.223989
vn 0.003144 0.974267 0.225377
vn -0.3592 0.908341 0.214224
vn 0.660944 0.58051 -0.475563
vn 0.572157 0.767054 -0.290283
vn 0.304055 0.710217 -0.634935
vn 0.709458 0.320619 0.627593
vn 0.596871 0.640145 0.483693
vn 0.699166 0.321256 0.638719
vn 0.575657 0.750634 0.324295
vn 0.630124 0.493365 0.599612
vn 0.556987 0.778279 0.289911
vn -0.150277 -0.937519 -0.313808
vn -0.141801 -0.944136 -0.297489
vn 0.076466 -0.95898 -0.272964
vn 0.075012 -0.994916 -0.067192
vn 0.07227 -0.983692 0.164703
vn -0.16793 -0.98372 -0.06399
vn 0.352819 0.73256 -0.58213
vn 0.304055 0.710217 -0.634935
vn 0.572157 0.767054 -0.290283
vn 0.659609 -0.653867 -0.370639
vn 0.603487 -0.710569 -0.361794
vn 0.901175 0.363008 -0.236871
vn 0.597763 -0.749465 0.284573
vn 0.637994 -0.727303 0.25297
vn 0.859805 -0.460847 0.219897
vn 0.900797 -0.04231 -0.432174
vn 0.890072 -0.212867 -0.403062
vn 0.64299 -0.032424 -0.765188
vn 0.900797 -0.04231 -0.432174
vn 0.64299 -0.032424 -0.765188
vn 0.656915 0.325274 -0.680191
vn 0.349162 -0.268656 -0.897725
vn 0.192745 -0.299151 -0.934536
vn 0.353783 -0.001984 -0.935325
vn -0.323251 -0.203 0.924283
vn -0.346109 0.019969 0.937982
vn -0.667796 -0.187975 0.720218
vn -0.073944 -0.957594 -0.27847
vn -0.08144 -0.961293 -0.263218
vn 0.154178 -0.936531 -0.314864
vn 0.17105 -0.984457 -0.039832
vn 0.16476 -0.951317 0.260479
vn -0.073005 -0.995408 -0.061905
vn 0.036842 -0.991757 -0.122718
vn 0.035462 -0.973879 -0.224281
vn 0.019769 -0.990742 -0.134315
vn -0.677202 -0.01736 -0.735592
vn -0.408709 -0.004198 -0.912655
vn -0.670687 -0.20293 -0.713441
vn -0.677202 -0.01736 -0.735592
vn -0.664479 0.25241 -0.70339
vn -0.408709 -0.004198 -0.912655
vn 0.310954 0.750219 0.583506
vn 0.237742 -0.477887 0.845638
vn 0.721688 0.588414 0.364602
vn -0.490519 0.871365 -0.010701
vn -0.507138 0.859423 -0.064838
vn -0.54101 0.832746 -0.117657
vn -0.449944 0.868732 -0.207016
vn -0.417534 0.883785 -0.211161
vn -0.391494 0.913831 -0.107912
vn -0.657989 0.728906 -0.189065
vn -0.97222 0.047391 -0.22922
vn -0.697131 0.716633 0.021094
vn 0.237742 -0.477887 0.845638
vn 0.310954 0.750219 0.583506
vn 0.142477 -0.477688 0.8669
vn -0.575511 -0.562999 -0.593144
vn -0.561964 -0.597257 -0.572259
vn -0.754518 -0.259765 -0.602681
vn -0.907005 -0.275121 -0.318827
vn -0.971416 -0.230613 0.056292
vn -0.72245 -0.64441 -0.250601
vn 0.279496 0.957731 -0.068065
vn 0.285369 0.956631 -0.058501
vn 0.24771 0.968574 0.02246
vn 0.141375 0.964453 0.223258
vn 0.342401 0.918266 -0.198868
vn 0.167537 0.972164 0.163793
vn 0.25099 0.967962 -0.007332
vn 0.22763 0.838197 0.495591
vn 0.700138 0.71392 -0.011153
vn -0.96852 0.248858 0.006266
vn -0.827971 0.230762 0.51109
vn -0.710527 0.703663 0.003217
vn 0.963059 0.269149 -0.008715
vn 0.84139 0.224467 0.491607
vn 0.968281 -0.249804 -0.005457
vn 0.713341 -0.700817 -0.000412
vn 0.613237 -0.612218 0.499129
vn 0.266958 -0.963699 0.004255
vn 0.251041 0.96794 -0.008383
vn 0.229955 0.838007 0.494839
vn 0.700977 0.71308 -0.012163
vn -0.701991 -0.712135 0.008563
vn -0.6114 -0.605235 0.509786
vn -0.963059 -0.269118 0.009684
vn -0.967359 0.25327 0.008467
vn -0.828412 0.231779 0.509914
vn -0.713751 0.700399 -0.000864
vn 0.962437 0.271197 -0.01295
vn 0.84152 0.223767 0.491703
vn 0.968193 -0.250138 -0.005743
vn 0.264927 -0.964264 0.002983
vn 0.232028 -0.834441 0.499872
vn -0.247919 -0.968773 0.003945
vn -0.25002 -0.968222 0.005994
vn -0.225723 -0.832876 0.505338
vn -0.700069 -0.714009 0.009678
vn 0.272084 0.95631 -0.106966
vn 0.280399 0.958991 0.04139
vn 0.852499 0.522661 -0.008386
vn 0.4181 0.907127 -0.048096
vn 0.412816 0.902386 -0.123624
vn 0.488233 0.860347 -0.146395
vn 0.140813 -0.943934 -0.298596
vn 0.154178 -0.936531 -0.314864
vn -0.08144 -0.961293 -0.263218
vn -0.071531 -0.960162 0.270132
vn -0.072901 -0.962018 0.263073
vn 0.155765 -0.944681 0.288642
vn 0.972243 -0.233833 0.008069
vn 0.956843 -0.290438 0.009881
vn 0.947158 -0.22733 -0.226302
vn 0.947158 -0.22733 -0.226302
vn 0.974408 -0.058491 -0.217044
vn 0.972243 -0.233833 0.008069
vn -0.556162 0.748469 0.361218
vn -0.9487 0.253517 0.188939
vn -0.842006 0.539375 -0.010032
vn 0.926099 0.218616 0.307487
vn 0.935872 0.342347 0.083317
vn 0.976053 -0.0844 0.200493
vn 0.08057 -0.961401 -0.263092
vn 0.076466 -0.95898 -0.272964
vn -0.141801 -0.944136 -0.297489
vn -0.151717 -0.945127 0.289339
vn -0.157807 -0.948293 0.275386
vn 0.070954 -0.960318 0.269731
vn -0.33131 0.738109 -0.587732
vn -0.441091 0.408714 -0.798994
vn -0.705211 0.580841 -0.406573
vn -0.149063 0.968953 0.197256
vn -0.182723 0.723942 0.665222
vn 0.014986 0.959828 0.280188
vn 0.019105 0.190773 0.981448
vn 0.005218 -0.344061 0.938933
vn -0.079682 -0.370736 0.925314
vn 0.574954 0.804848 0.147129
vn 0.588335 0.784251 0.197011
vn 0.542082 0.81451 0.206692
vn 0.588335 0.784251 0.197011
vn 0.574954 0.804848 0.147129
vn 0.386227 0.917187 0.097962
vn 0.890072 -0.212867 -0.403062
vn 0.910104 -0.247267 -0.332521
vn 0.672189 -0.253866 -0.695496
vn 0.672189 -0.253866 -0.695496
vn 0.64299 -0.032424 -0.765188
vn 0.890072 -0.212867 -0.403062
vn 0.180562 0.932468 0.312891
vn 0.15486 0.972014 0.176655
vn 0.183104 0.974554 0.129296
vn 0.15486 0.972014 0.176655
vn 0.180562 0.932468 0.312891
vn 0.014986 0.959828 0.280188
vn 0.746518 -0.323822 0.581249
vn 0.613712 -0.317509 0.722873
vn 0.610885 0.642047 0.463245
vn 0.788957 0.026409 0.613881
vn 0.777667 -0.360942 0.514738
vn 0.491914 0.725073 0.481965
vn -0.579182 -0.733251 -0.356218
vn -0.623069 -0.68547 -0.376718
vn -0.824728 -0.429381 -0.368042
vn -0.840258 -0.510598 0.182363
vn -0.878286 -0.434223 0.20016
vn -0.622233 -0.736566 0.265134
vn -0.993536 0.11307 0.010049
vn -0.99639 -0.080234 -0.027756
vn -0.968826 -0.062573 0.239709
vn -0.968393 -0.053775 -0.243564
vn -0.99639 -0.080234 -0.027756
vn -0.993536 0.11307 0.010049
vn -0.968826 -0.062573 0.239709
vn -0.93999 -0.22535 0.256194
vn -0.892661 -0.044818 0.448495
vn -0.93999 -0.22535 0.256194
vn -0.968826 -0.062573 0.239709
vn -0.97191 -0.235114 0.010619
vn 0.996018 -0.082027 0.034918
vn 0.972243 -0.233833 0.008069
vn 0.974408 -0.058491 -0.217044
vn 0.993536 0.11307 0.010049
vn 0.996018 -0.082027 0.034918
vn 0.974408 -0.058491 -0.217044
vn 0.928984 0.302346 -0.213483
vn 0.943349 0.290413 -0.160477
vn 0.680686 0.680527 0.2712
vn -0.892661 -0.044818 0.448495
vn -0.889517 -0.193182 0.414053
vn -0.666728 0.003806 0.745291
vn -0.892661 -0.044818 0.448495
vn -0.666728 0.003806 0.745291
vn -0.658361 0.250373 0.709841
vn 0.318447 -0.205036 0.925501
vn 0.333689 0.01681 0.942533
vn 0.144513 -0.216937 0.96543
vn 0.390991 0.887772 0.242871
vn 0.383538 0.900489 0.204985
vn 0.587845 0.77266 0.239656
vn 0.587845 0.77266 0.239656
vn 0.597901 0.767589 0.230914
vn 0.390991 0.887772 0.242871
vn -0.601206 -0.269558 -0.752256
vn -0.831071 -0.395139 -0.391391
vn -0.519704 0.778436 -0.352059
vn -0.831071 -0.395139 -0.391391
vn -0.601206 -0.269558 -0.752256
vn -0.220412 -0.963535 -0.15172
vn -0.962108 0.272406 0.011954
vn -0.967456 0.086718 0.237718
vn -0.98899 -0.065319 -0.13279
vn -0.33425 0.92678 -0.171334
vn -0.357966 0.920253 -0.158098
vn -0.00887 0.980227 -0.197675
vn -0.357966 0.920253 -0.158098
vn -0.33425 0.92678 -0.171334
vn -0.54101 0.832746 -0.117657
vn -0.501504 0.857585 -0.1142
vn -0.51075 0.854706 -0.092802
vn -0.572506 0.811225 -0.118956
vn -0.51075 0.854706 -0.092802
vn -0.501504 0.857585 -0.1142
vn -0.33948 0.938427 -0.0641
vn -0.640542 0.746925 0.178353
vn -0.705397 0.584943 0.400321
vn -0.631657 0.76771 0.107845
vn 0.992668 -0.067119 -0.10052
vn 0.976053 -0.0844 0.200493
vn 0.935872 0.342347 0.083317
vn -0.889517 -0.193182 0.414053
vn -0.89936 -0.239008 0.366097
vn -0.667796 -0.187975 0.720218
vn -0.667796 -0.187975 0.720218
vn -0.666728 0.003806 0.745291
vn -0.889517 -0.193182 0.414053
vn 0.952515 0.260005 0.158467
vn 0.680686 0.680527 0.2712
vn 0.943349 0.290413 -0.160477
vn 0.099023 -0.917604 0.384964
vn 0.108438 -0.985462 0.130789
vn -0.167579 -0.837064 0.520808
vn 0.108438 -0.985462 0.130789
vn 0.107027 -0.99306 -0.04876
vn -0.209712 -0.954791 0.210702
vn -0.28415 0.369213 0.88484
vn -0.029979 0.45785 0.888524
vn -0.147142 0.011644 0.989047
vn -0.954656 -0.175742 0.240305
vn -0.976875 -0.143332 -0.158654
vn -0.964687 -0.137523 0.224648
vn -0.142828 -0.105709 0.984086
vn -0.616416 -0.158418 0.77132
vn -0.102449 -0.041175 0.993886
vn 0.352768 0.924897 0.141848
vn 0.362282 0.893948 0.263835
vn 0.502033 0.862798 0.059517
vn 0.241081 0.925409 0.2924
vn 0.170033 0.931582 0.321315
vn 0.317426 0.903673 0.28743
vn 0.558162 -0.573414 -0.599709
vn 0.704085 -0.667257 -0.242968
vn 0.801488 -0.26193 -0.537596
vn 0.755308 -0.63997 0.141236
vn 0.764122 -0.633408 0.122114
vn 0.93418 0.354228 0.042769
vn -0.949895 -0.225425 -0.216526
vn -0.94493 -0.273418 -0.179863
vn -0.97191 -0.235114 0.010619
vn -0.97191 -0.235114 0.010619
vn -0.99639 -0.080234 -0.027756
vn -0.949895 -0.225425 -0.216526
vn -0.450515 0.513209 -0.730515
vn -0.319277 0.138004 -0.937559
vn 0.012877 0.203304 -0.979031
vn -0.883942 -0.036535 -0.466167
vn -0.895367 -0.208157 -0.393686
vn -0.968393 -0.053775 -0.243564
vn -0.895367 -0.208157 -0.393686
vn -0.883942 -0.036535 -0.466167
vn -0.670687 -0.20293 -0.713441
vn 0.109551 -0.775923 -0.621242
vn 0.127159 -0.8026 -0.582806
vn -0.116347 -0.843489 -0.524394
vn -0.105701 -0.993863 -0.032627
vn -0.112426 -0.993404 -0.022548
vn 0.214626 -0.976142 -0.032906
vn -0.82963 0.558297 0.004297
vn -0.985326 0.0813 0.150074
vn -0.912028 0.409028 -0.030004
vn -0.935227 -0.272695 0.225803
vn -0.93999 -0.22535 0.256194
vn -0.956288 -0.291775 0.019522
vn 0.944631 -0.224012 0.239773
vn 0.961617 -0.05646 0.268523
vn 0.887743 -0.191118 0.418791
vn 0.961617 -0.05646 0.268523
vn 0.944631 -0.224012 0.239773
vn 0.996018 -0.082027 0.034918
vn -0.000001 -0.877881 0.478878
vn -0.0 -0.940317 0.340299
vn -0.412918 -0.846879 0.335103
vn -0.0 -0.940317 0.340299
vn -0.000001 -0.877881 0.478878
vn 0.412918 -0.846879 0.335103
vn -0.050091 -0.979308 -0.19608
vn -0.030487 -0.990388 -0.134918
vn -0.023583 -0.97156 -0.235617
vn 0.846706 -0.372951 -0.379469
vn 0.640587 -0.049685 -0.766276
vn 0.549993 0.786278 -0.281557
vn 0.410144 0.838343 -0.359113
vn 0.453329 0.006022 -0.891323
vn 0.269027 0.905355 -0.328569
vn -0.065899 0.439734 -0.895707
vn -0.073872 0.219959 -0.972708
vn 0.375768 0.580147 -0.722653
vn -0.104424 -0.951688 0.288764
vn -0.096458 -0.956374 0.275762
vn 0.178198 -0.8709 0.458016
vn -0.109896 -0.990194 0.086247
vn -0.121398 -0.991581 -0.045047
vn 0.141622 -0.973332 0.180466
vn -0.058136 0.498229 0.865094
vn 0.198771 0.37675 0.904737
vn -0.259482 0.084003 0.962088
vn -0.24288 -0.002143 -0.970054
vn -0.042925 -0.003603 -0.999072
vn -0.182448 -0.295557 -0.937741
vn -0.24288 -0.002143 -0.970054
vn -0.191574 0.415998 -0.888957
vn -0.042925 -0.003603 -0.999072
vn -0.031144 -0.994921 0.095719
vn 0.124903 -0.983942 0.127507
vn 0.244667 -0.952447 0.181612
vn -0.220093 -0.959468 0.176011
vn 0.040487 -0.977184 0.208499
vn -0.1952 -0.907944 0.370858
vn 0.005218 -0.344061 0.938933
vn 0.00314 -0.219355 0.97564
vn -0.112903 -0.338348 0.934224
vn 0.144513 -0.216937 0.96543
vn 0.114542 -0.33696 0.934525
vn 0.318447 -0.205036 0.925501
vn 0.354782 0.934939 -0.004284
vn 0.364823 0.929921 0.046378
vn 0.567176 0.8231 0.028619
vn 0.364823 0.929921 0.046378
vn 0.354782 0.934939 -0.004284
vn -0.004893 0.999921 0.011607
vn -0.118035 -0.1046 0.987485
vn 0.270042 -0.055107 0.96127
vn -0.142315 -0.178575 0.97358
vn -0.644262 -0.26988 0.715606
vn -0.937614 -0.232418 0.258576
vn -0.639591 -0.208122 0.740006
vn 0.253568 0.086241 0.963466
vn -0.147142 0.011644 0.989047
vn -0.029979 0.45785 0.888524
vn 0.301607 0.148573 -0.941785
vn 0.375768 0.580147 -0.722653
vn -0.073872 0.219959 -0.972708
vn 0.935872 0.342347 0.083317
vn 0.804007 0.325041 -0.497917
vn 0.992668 -0.067119 -0.10052
vn 0.114081 -0.992524 -0.043369
vn 0.10225 -0.994703 -0.010579
vn -0.220412 -0.963535 -0.15172
vn 0.141679 -0.956888 -0.25356
vn -0.162187 -0.86887 -0.467718
vn -0.03067 -0.707061 -0.706487
vn 0.422473 0.906375 0.001279
vn 0.710585 0.634109 0.304918
vn 0.160979 0.983456 0.083065
vn 0.304055 0.710217 -0.634935
vn 0.356187 0.01554 -0.934285
vn 0.660944 0.58051 -0.475563
vn -0.082928 -0.990601 0.108782
vn -0.089095 -0.986612 0.1366
vn 0.186778 -0.971889 0.143339
vn 0.161406 -0.966232 -0.20086
vn 0.116682 -0.861678 -0.493858
vn -0.1012 -0.984028 -0.146449
vn -0.365148 0.670707 0.645615
vn -0.720366 0.191481 0.666639
vn -0.556162 0.748469 0.361218
vn 0.112551 -0.839517 -0.531548
vn 0.10994 -0.859454 -0.499251
vn -0.116077 -0.769122 -0.628472
vn -0.180457 -0.928526 -0.324462
vn -0.222936 -0.974626 -0.020081
vn 0.107993 -0.961145 -0.254042
vn -0.000456 0.953612 -0.30104
vn -0.004755 0.948872 -0.315626
vn 0.247412 0.926093 -0.284851
vn -0.004755 0.948872 -0.315626
vn -0.000456 0.953612 -0.30104
vn -0.272793 0.917962 -0.287974
vn 0.27156 0.743103 0.611598
vn 0.233608 0.97201 0.02498
vn -0.013889 0.786951 0.616859
vn -0.441452 0.673209 0.593219
vn -0.387177 0.31086 0.868021
vn -0.271303 0.746705 0.607311
vn 0.65884 -0.197013 0.726028
vn 0.655709 -0.289035 0.697499
vn 0.887743 -0.191118 0.418791
vn 0.887743 -0.191118 0.418791
vn 0.878346 -0.035453 0.47671
vn 0.65884 -0.197013 0.726028
vn -0.487405 0.763319 0.424006
vn -0.488481 0.707839 0.510245
vn -0.704139 0.338242 0.624324
vn 0.1952 -0.907943 0.370858
vn 0.005482 -0.982593 0.185692
vn 0.152674 -0.972722 0.174649
vn -0.739828 0.630002 -0.236119
vn -0.962108 0.272406 0.011954
vn -0.786775 0.027327 -0.616634
vn -0.114883 0.033942 -0.992799
vn -0.677744 0.063011 -0.732593
vn -0.121748 0.014578 -0.992454
vn -0.081679 0.085439 -0.99299
vn -0.62791 0.139524 -0.765677
vn -0.072228 0.077629 -0.994363
vn 0.624429 0.282817 0.728082
vn 0.926099 0.218616 0.307487
vn 0.698782 -0.054588 0.713249
vn 0.524686 0.298051 -0.797415
vn 0.640358 0.307819 -0.703696
vn 0.928984 0.302346 -0.213483
vn 0.182254 0.981337 -0.061334
vn 0.184667 0.982551 -0.022189
vn -0.000293 0.999119 -0.041971
vn -0.219909 0.971541 -0.08802
vn 0.0 0.999893 0.014632
vn -0.212672 0.972975 0.089943
vn -0.842006 0.539375 -0.010032
vn -0.938803 0.29276 -0.181497
vn -0.731393 0.314365 -0.605176
vn 0.769425 -0.122146 -0.626949
vn 0.975845 -0.186145 -0.114355
vn 0.746916 -0.088381 -0.659018
vn 0.948501 -0.1558 0.275814
vn 0.985286 -0.139329 -0.09899
vn 0.952931 -0.132168 0.272861
vn 0.354583 0.920698 -0.163053
vn 0.335092 0.927533 -0.165519
vn -0.005493 0.983036 -0.183332
vn 0.335092 0.927533 -0.165519
vn 0.354583 0.920698 -0.163053
vn 0.515074 0.847714 -0.126804
vn 0.743458 -0.043615 -0.667359
vn 0.705388 -0.067923 -0.70556
vn 0.523292 -0.409473 -0.747326
vn 0.744961 -0.528308 -0.407337
vn 0.877828 -0.475095 -0.060844
vn 0.712315 0.701454 0.023889
vn 0.191596 0.775448 -0.60164
vn 0.15022 0.731445 -0.665148
vn 0.352819 0.73256 -0.58213
vn 0.530649 0.795957 0.291316
vn 0.952515 0.260005 0.158467
vn 0.34511 0.662207 0.665117
vn 0.622498 -0.024763 0.78223
vn 0.65884 -0.197013 0.726028
vn 0.878346 -0.035453 0.47671
vn 0.661179 0.19718 0.723853
vn 0.622498 -0.024763 0.78223
vn 0.878346 -0.035453 0.47671
vn 0.38603 0.92194 -0.031739
vn 0.329128 0.940058 -0.089246
vn 0.512981 0.854655 -0.080097
vn 0.829561 -0.557356 0.034387
vn 0.81377 -0.49307 -0.307667
vn 0.604992 -0.795856 -0.024447
vn 0.75206 0.040438 -0.657853
vn 0.9603 0.044561 -0.275387
vn 0.660944 0.58051 -0.475563
vn 0.75206 0.040438 -0.657853
vn 0.660944 0.58051 -0.475563
vn 0.356187 0.01554 -0.934285
vn -0.029979 0.45785 0.888524
vn 0.34511 0.662207 0.665117
vn 0.253568 0.086241 0.963466
vn -0.013889 0.786951 0.616859
vn 0.006035 0.351282 0.93625
vn 0.27156 0.743103 0.611598
vn 0.213972 -0.973299 -0.083097
vn 0.214626 -0.976142 -0.032906
vn -0.112426 -0.993404 -0.022548
vn 0.230838 -0.820826 -0.522455
vn -0.108636 -0.95975 -0.258994
vn 0.03067 -0.707061 -0.706487
vn -0.967456 0.086718 0.237718
vn -0.777102 0.116885 0.618426
vn -0.972612 -0.08284 0.217173
vn -0.938803 0.29276 -0.181497
vn -0.842006 0.539375 -0.010032
vn -0.9487 0.253517 0.188939
vn -0.739828 0.630002 -0.236119
vn -0.786775 0.027327 -0.616634
vn -0.450515 0.513209 -0.730515
vn -0.532596 0.82514 0.188375
vn -0.524097 0.844038 0.113679
vn -0.347857 0.901786 0.256471
vn -0.596153 0.769378 0.229475
vn -0.588412 0.774017 0.233815
vn -0.3933 0.89473 0.211598
vn 0.141209 -0.373422 -0.916851
vn 0.008493 -0.390139 -0.920717
vn 0.192745 -0.299151 -0.934536
vn 0.165396 0.007071 -0.986202
vn 0.15022 0.731445 -0.665148
vn 0.029948 0.003495 -0.999545
vn 0.686751 -0.708681 -0.161691
vn 0.580297 -0.581204 -0.570488
vn 0.888189 0.413334 -0.200687
vn 0.580297 -0.581204 -0.570488
vn 0.686751 -0.708681 -0.161691
vn 0.124177 -0.87765 -0.462936
vn -0.722519 -0.691307 -0.007809
vn -0.651144 -0.610897 0.450352
vn -0.892767 0.424092 0.152028
vn -0.651144 -0.610897 0.450352
vn -0.722519 -0.691307 -0.007809
vn -0.168761 -0.954511 0.245823
vn -0.621663 -0.376564 0.686829
vn -0.794846 -0.544283 0.268283
vn -0.145493 -0.89796 0.415331
vn -0.794846 -0.544283 0.268283
vn -0.621663 -0.376564 0.686829
vn -0.789824 0.543331 0.28455
vn 0.74694 0.057807 0.662374
vn 0.723299 0.024916 0.690085
vn 0.985967 0.122737 0.113159
vn 0.728434 0.156937 0.6669
vn 0.273231 0.06476 0.959766
vn 0.731797 0.19247 0.65378
vn 0.012877 0.203304 -0.979031
vn 0.095741 0.223825 -0.969916
vn 0.524686 0.298051 -0.797415
vn -0.365148 0.670707 0.645615
vn -0.058136 0.498229 0.865094
vn -0.720366 0.191481 0.666639
vn -0.777102 0.116885 0.618426
vn -0.28415 0.369213 0.88484
vn -0.663937 -0.051115 0.746039
vn 0.938463 -0.183196 0.29279
vn 0.982727 -0.147841 -0.11131
vn 0.938952 -0.187276 0.288611
vn 0.107541 -0.093758 0.98977
vn -0.248244 -0.044447 0.967677
vn 0.121369 -0.118943 0.985455
vn 0.375768 0.580147 -0.722653
vn 0.301607 0.148573 -0.941785
vn 0.804007 0.325041 -0.497917
vn -0.534453 -0.401624 -0.743679
vn -0.546211 -0.452613 -0.704837
vn -0.67997 -0.082017 -0.728638
vn -0.89686 -0.430601 -0.10112
vn -0.775934 -0.460757 -0.430847
vn -0.684047 0.728128 -0.043681
vn 0.336754 0.940797 -0.038702
vn 0.369434 0.927022 -0.064415
vn 0.271044 0.956686 0.106241
vn 0.221711 0.968745 -0.111255
vn 0.219527 0.973676 -0.061342
vn 0.003092 0.993988 -0.109444
vn 0.705352 -0.703156 0.089728
vn 0.627589 -0.639719 0.443725
vn 0.893641 0.392428 0.217731
vn 0.627589 -0.639719 0.443725
vn 0.705352 -0.703156 0.089728
vn 0.169308 -0.951569 0.256616
vn -0.594955 0.619212 -0.51245
vn -0.621301 0.301914 -0.723072
vn -0.065899 0.439734 -0.895707
vn -0.298382 0.917123 0.264298
vn -0.1757 0.952255 0.249681
vn -0.308794 0.916418 0.254607
vn 0.804007 0.325041 -0.497917
vn 0.620552 0.78411 -0.009306
vn 0.375768 0.580147 -0.722653
vn 0.198771 0.37675 0.904737
vn 0.624429 0.282817 0.728082
vn 0.13279 0.014939 0.991032
vn -0.250675 0.456521 -0.853669
vn -0.185716 0.772869 -0.606781
vn -0.04558 0.507101 -0.86068
vn -0.000537 -0.966076 -0.258258
vn -0.002678 -0.989721 -0.142987
vn 0.018081 -0.967399 -0.25261
vn -0.972612 -0.08284 0.217173
vn -0.98899 -0.065319 -0.13279
vn -0.967456 0.086718 0.237718
vn -0.985587 -0.107887 -0.130305
vn -0.964687 -0.137523 0.224648
vn -0.976875 -0.143332 -0.158654
vn -0.260202 0.030123 -0.965084
vn -0.730864 -0.063121 -0.679598
vn -0.239525 0.039667 -0.97008
vn 0.981971 0.142889 0.12376
vn 0.847831 0.530266 -0.000515
vn 0.996355 0.079897 -0.029884
vn 0.723248 0.687759 -0.062451
vn 0.937811 0.309933 0.15637
vn 0.422473 0.906375 0.001279
vn 0.23411 0.175709 -0.9562
vn 0.453329 0.006022 -0.891323
vn 0.03067 -0.707061 -0.706487
vn 0.03067 -0.707061 -0.706487
vn -0.0 -0.650514 -0.759494
vn 0.119234 -0.265061 -0.956831
vn -0.453329 0.006022 -0.891323
vn -0.23411 0.175709 -0.9562
vn -0.03067 -0.707061 -0.706487
vn -0.03067 -0.707061 -0.706487
vn -0.119234 -0.265061 -0.956831
vn -0.0 -0.650514 -0.759494
vn -0.33131 0.738109 -0.587732
vn -0.324702 0.710509 -0.624296
vn -0.185716 0.772869 -0.606781
vn -0.153484 -0.983332 -0.097469
vn -0.123756 -0.876726 -0.464796
vn 0.088349 -0.99372 -0.068674
vn -0.123756 -0.876726 -0.464796
vn -0.153484 -0.983332 -0.097469
vn -0.561964 -0.597257 -0.572259
vn 0.910104 -0.247267 -0.332521
vn 0.890072 -0.212867 -0.403062
vn 0.939677 -0.281096 -0.194918
vn 0.9603 0.044561 -0.275387
vn 0.986341 0.030591 -0.16185
vn 0.806628 0.576586 -0.129996
vn 0.095741 0.223825 -0.969916
vn 0.012877 0.203304 -0.979031
vn -0.319277 0.138004 -0.937559
vn -0.610535 -0.604882 0.511238
vn -0.172216 -0.508 0.843966
vn -0.401236 -0.353368 0.845068
vn -0.172216 -0.508 0.843966
vn 0.006642 0.004105 0.99997
vn -0.401236 -0.353368 0.845068
vn -0.519101 -0.189731 -0.833388
vn -0.011378 -0.006701 -0.999913
vn -0.35929 -0.420609 -0.833066
vn -0.35929 -0.420609 -0.833066
vn -0.59821 -0.628921 -0.496592
vn -0.519101 -0.189731 -0.833388
vn -0.545284 0.091151 -0.833281
vn -0.010081 -0.006276 -0.999929
vn -0.519427 -0.184292 -0.834405
vn -0.519427 -0.184292 -0.834405
vn -0.834433 -0.242788 -0.494748
vn -0.545284 0.091151 -0.833281
vn 0.84139 0.224467 0.491607
vn 0.417307 0.364925 0.832277
vn 0.541828 0.109022 0.833389
vn 0.417307 0.364925 0.832277
vn 0.006806 0.004114 0.999968
vn 0.541828 0.109022 0.833389
vn -0.115773 -0.540523 -0.833325
vn -0.010081 -0.006276 -0.999929
vn 0.175156 -0.515024 -0.839089
vn 0.175156 -0.515024 -0.839089
vn 0.233961 -0.834005 -0.499698
vn -0.115773 -0.540523 -0.833325
vn 0.232028 -0.834441 0.499872
vn 0.375977 -0.39939 0.836139
vn 0.117399 -0.527181 0.841604
vn 0.375977 -0.39939 0.836139
vn 0.006806 0.004114 0.999968
vn 0.117399 -0.527181 0.841604
vn 0.229955 0.838007 0.494839
vn -0.101681 0.538135 0.836703
vn 0.176964 0.51958 0.835895
vn -0.101681 0.538135 0.836703
vn 0.006642 0.004105 0.99997
vn 0.176964 0.51958 0.835895
vn 0.124177 -0.87765 -0.462936
vn 0.151367 -0.98503 -0.082492
vn -0.097817 -0.906173 -0.411439
vn 0.151367 -0.98503 -0.082492
vn 0.124177 -0.87765 -0.462936
vn 0.686751 -0.708681 -0.161691
vn -0.640542 0.746925 0.178353
vn -0.631657 0.76771 0.107845
vn -0.495769 0.86705 0.049369
vn -0.209712 -0.954791 0.210702
vn -0.167579 -0.837064 0.520808
vn 0.108438 -0.985462 0.130789
vn -0.167579 -0.837064 0.520808
vn -0.209712 -0.954791 0.210702
vn -0.579225 -0.455938 0.675736
vn 0.13279 0.014939 0.991032
vn -0.259482 0.084003 0.962088
vn 0.198771 0.37675 0.904737
vn 0.602504 -0.406996 0.686545
vn 0.781167 -0.539319 0.314503
vn 0.678365 0.551562 0.485386
vn 0.781167 -0.539319 0.314503
vn 0.602504 -0.406996 0.686545
vn 0.141622 -0.973332 0.180466
vn -0.112903 -0.338348 0.934224
vn -0.138633 -0.213895 0.966969
vn -0.296396 -0.322632 0.89892
vn -0.138633 -0.213895 0.966969
vn -0.160142 0.014454 0.986988
vn -0.323251 -0.203 0.924283
vn -0.326209 0.904351 0.275205
vn -0.240456 0.901315 0.360295
vn -0.472085 0.71313 0.518248
vn -0.560138 0.675734 0.479196
vn -0.647342 0.634597 0.422179
vn -0.807254 -0.231858 0.542755
vn 0.0 1.0 0.0
vn 0.0 1.0 0.0
vn 0.0 1.0 0.0
vn 0.313185 0.949586 -0.014235
vn 0.0 1.0 0.0
vn 0.0 1.0 0.0
vn 0.179727 -0.979178 0.094385
vn 0.161481 -0.857411 0.488641
vn -0.102239 -0.993047 0.05835
vn 0.161481 -0.857411 0.488641
vn 0.179727 -0.979178 0.094385
vn 0.59379 -0.493277 0.635682
vn 0.803248 0.45726 0.381714
vn 0.901964 0.414255 0.121873
vn 0.523475 0.847521 0.087651
vn 0.901964 0.414255 0.121873
vn 0.803248 0.45726 0.381714
vn 0.758337 -0.6233 0.190846
vn 0.0 1.0 0.0
vn 0.0 1.0 0.0
vn 0.0 1.0 0.0
vn -0.657989 0.728906 -0.189065
vn 0.000001 1.0 0.000001
vn -0.468316 0.755259 -0.458546
vn -0.108636 -0.95975 -0.258994
vn -0.043792 -0.986505 -0.157763
vn -0.0 -0.871994 -0.489516
vn -0.0 -0.871994 -0.489516
vn -0.043792 -0.986505 -0.157763
vn 0.141679 -0.956888 -0.25356
vn -0.468316 0.755259 -0.458546
vn -0.146603 0.720038 -0.678272
vn -0.689722 0.053971 -0.722061
vn -0.9487 0.253517 0.188939
vn -0.556162 0.748469 0.361218
vn -0.720366 0.191481 0.666639
vn 0.304014 0.817463 0.489214
vn 0.295358 0.843922 0.447838
vn 0.317838 0.843846 0.432323
vn 0.437364 0.775992 0.454477
vn 0.568249 0.515611 0.641279
vn 0.311862 0.752898 0.579558
vn 0.794651 0.025557 -0.606528
vn 0.992668 -0.067119 -0.10052
vn 0.804007 0.325041 -0.497917
vn -0.738672 0.043677 0.672648
vn -0.248244 -0.044447 0.967677
vn -0.740283 0.060881 0.669533
vn 0.125415 -0.04984 0.990852
vn -0.251889 0.012141 0.96768
vn 0.122203 -0.004113 0.992497
vn -0.420023 0.895321 0.148259
vn -0.442965 0.875281 0.194077
vn -0.822021 0.537506 0.188067
vn -0.916557 0.374123 0.141261
vn -0.835599 0.36703 0.408734
vn -0.693752 -0.714281 0.092253
vn 0.847831 0.530266 -0.000515
vn 0.982007 0.181548 0.051989
vn 0.864152 0.501785 -0.038118
vn 0.965121 0.246853 -0.08721
vn 0.863156 0.489181 -0.125159
vn 0.851878 0.513724 -0.101939
vn -0.54101 0.832746 -0.117657
vn -0.517516 0.846904 -0.122194
vn -0.490519 0.871365 -0.010701
vn -0.517516 0.846904 -0.122194
vn -0.54101 0.832746 -0.117657
vn -0.33425 0.92678 -0.171334
vn 0.226871 0.327408 0.917243
vn 0.27156 0.743103 0.611598
vn 0.006035 0.351282 0.93625
vn 0.006035 0.351282 0.93625
vn 0.004465 0.013295 0.999902
vn 0.226871 0.327408 0.917243
vn 0.731797 0.19247 0.65378
vn 0.34511 0.662207 0.665117
vn 0.952515 0.260005 0.158467
vn -0.087787 -0.993781 -0.068498
vn -0.097817 -0.906173 -0.411439
vn 0.151367 -0.98503 -0.082492
vn -0.097817 -0.906173 -0.411439
vn -0.087787 -0.993781 -0.068498
vn 0.002062 -0.90943 -0.415851
vn 0.183104 0.974554 0.129296
vn 0.160979 0.983456 0.083065
vn 0.293401 0.952077 0.086398
vn 0.461029 0.883344 0.084592
vn 0.452243 0.872335 0.185762
vn 0.914815 0.401998 0.038876
vn 0.914815 0.401998 0.038876
vn 0.824735 0.399667 0.400099
vn 0.733263 -0.679833 0.012375
vn 0.976053 -0.0844 0.200493
vn 0.698782 -0.054588 0.713249
vn 0.926099 0.218616 0.307487
vn -0.104424 -0.951688 0.288764
vn -0.135028 -0.984708 0.110082
vn -0.00946 -0.958506 0.284917
vn 0.124903 -0.983942 0.127507
vn -0.031144 -0.994921 0.095719
vn -0.179576 -0.983099 0.035617
vn -0.743253 0.610337 0.273977
vn -0.420184 0.907429 0.004364
vn -0.942411 0.332934 0.031889
vn -0.942411 0.332934 0.031889
vn -0.750133 -0.540317 0.381257
vn -0.743253 0.610337 0.273977
vn -0.280403 0.012954 -0.959795
vn -0.324702 0.710509 -0.624296
vn -0.748848 0.033398 -0.6619
vn -0.98899 -0.065319 -0.13279
vn -0.786775 0.027327 -0.616634
vn -0.962108 0.272406 0.011954
vn -0.074409 -0.940062 0.332785
vn 0.237742 -0.477887 0.845638
vn -0.019248 -0.946742 0.321418
vn -0.000553 -0.962794 0.270237
vn 0.004757 -0.998389 0.05654
vn -0.096458 -0.956374 0.275762
vn 0.004757 -0.998389 0.05654
vn -0.000553 -0.962794 0.270237
vn 0.106461 -0.990135 0.091101
vn -0.417534 0.883785 -0.211161
vn -0.449944 0.868732 -0.207016
vn -0.253424 0.925258 -0.282265
vn -0.244292 0.951146 -0.188791
vn -0.235144 0.966876 -0.099284
vn -0.39556 0.90938 -0.128686
vn -0.621301 0.301914 -0.723072
vn -0.731393 0.314365 -0.605176
vn -0.938803 0.29276 -0.181497
vn -0.182654 -0.941159 0.284355
vn -0.155372 -0.879046 0.450709
vn 0.139485 -0.983531 0.114938
vn -0.155372 -0.879046 0.450709
vn -0.182654 -0.941159 0.284355
vn -0.606159 -0.336509 0.720648
vn -0.620921 0.782287 0.049833
vn -0.61972 0.783594 0.043902
vn -0.590376 0.805278 0.05462
vn -0.61972 0.783594 0.043902
vn -0.620921 0.782287 0.049833
vn -0.409333 0.909918 0.067041
vn 0.09594 -0.985111 -0.142657
vn 0.104995 -0.894197 -0.435188
vn -0.167205 -0.968656 -0.183704
vn 0.104995 -0.894197 -0.435188
vn 0.09594 -0.985111 -0.142657
vn 0.002531 -0.905216 -0.424944
vn 0.943349 0.290413 -0.160477
vn 0.928984 0.302346 -0.213483
vn 0.640358 0.307819 -0.703696
vn -0.369024 0.92773 -0.056021
vn -0.345868 0.937335 -0.042174
vn -0.352504 0.935301 0.030884
vn -0.076444 0.994071 0.077328
vn -0.085252 0.971033 0.22322
vn -0.203433 0.978725 0.026686
vn 0.947262 0.142856 -0.286857
vn 0.940787 0.143885 -0.306947
vn 0.609305 0.133145 -0.781677
vn 0.675301 0.10172 -0.730494
vn 0.679745 0.082418 -0.728803
vn 0.977096 0.103604 -0.185874
vn -0.82963 0.558297 0.004297
vn -0.989443 0.138759 0.041808
vn -0.693761 0.716776 -0.070202
vn -0.970524 0.23998 -0.022186
vn -0.583458 -0.810699 0.048415
vn -0.989443 0.138759 0.041808
vn 0.731797 0.19247 0.65378
vn 0.253568 0.086241 0.963466
vn 0.34511 0.662207 0.665117
vn -0.299718 0.850626 0.431977
vn -0.234994 0.881952 0.408582
vn -0.296859 0.825425 0.480155
vn -0.607143 0.468561 0.641738
vn -0.472085 0.71313 0.518248
vn -0.2836 0.683591 0.672513
vn 0.678365 0.551562 0.485386
vn 0.82235 0.538091 0.184928
vn 0.425364 0.878567 0.217223
vn 0.82235 0.538091 0.184928
vn 0.678365 0.551562 0.485386
vn 0.781167 -0.539319 0.314503
vn -0.319277 0.138004 -0.937559
vn -0.450515 0.513209 -0.730515
vn -0.786775 0.027327 -0.616634
vn 0.567176 0.8231 0.028619
vn 0.566945 0.822372 -0.047721
vn 0.354782 0.934939 -0.004284
vn 0.566945 0.822372 -0.047721
vn 0.567176 0.8231 0.028619
vn 0.528905 0.847887 -0.036694
vn -0.663937 -0.051115 0.746039
vn -0.972612 -0.08284 0.217173
vn -0.777102 0.116885 0.618426
vn 0.794651 0.025557 -0.606528
vn 0.804007 0.325041 -0.497917
vn 0.301607 0.148573 -0.941785
vn -0.185364 0.83731 -0.514347
vn -0.468316 0.755259 -0.458546
vn 0.000001 1.0 0.000001
vn 0.0 1.0 0.0
vn 0.0 1.0 0.0
vn 0.0 1.0 0.0
vn 0.59379 -0.493277 0.635682
vn 0.758337 -0.6233 0.190846
vn 0.803248 0.45726 0.381714
vn 0.758337 -0.6233 0.190846
vn 0.59379 -0.493277 0.635682
vn 0.179727 -0.979178 0.094385
vn 0.0 1.0 0.0
vn 0.0 1.0 0.0
vn 0.0 1.0 0.0
vn 0.0 1.0 0.0
vn 0.0 1.0 0.0
vn 0.0 1.0 0.0
vn 0.0 1.0 0.0
vn 0.0 1.0 0.0
vn 0.0 1.0 0.0
vn 0.112341 0.94977 -0.292091
vn 0.0 1.0 0.0
vn 0.0 1.0 0.0
vn 0.640358 0.307819 -0.703696
vn 0.524686 0.298051 -0.797415
vn 0.095741 0.223825 -0.969916
vn 0.0 1.0 0.0
vn 0.0 1.0 0.0
vn -0.0 1.0 0.000001
vn -0.000001 1.0 0.000003
vn -0.185364 0.83731 -0.514347
vn 0.000001 1.0 0.000001
vn 0.141622 -0.973332 0.180466
vn 0.154162 -0.889192 0.430781
vn -0.109896 -0.990194 0.086247
vn 0.154162 -0.889192 0.430781
vn 0.141622 -0.973332 0.180466
vn 0.602504 -0.406996 0.686545
vn -0.122278 0.981693 0.14604
vn -0.102338 0.993278 0.054091
vn -0.208302 0.97712 0.042984
vn -0.60976 0.775969 -0.161448
vn -0.519704 0.778436 -0.352059
vn -0.831071 -0.395139 -0.391391
vn -0.259482 0.084003 0.962088
vn -0.720366 0.191481 0.666639
vn -0.058136 0.498229 0.865094
vn -0.561964 -0.597257 -0.572259
vn -0.689168 -0.708434 -0.152214
vn -0.888451 0.2754 -0.367165
vn -0.689168 -0.708434 -0.152214
vn -0.561964 -0.597257 -0.572259
vn -0.153484 -0.983332 -0.097469
vn -0.981116 0.170946 -0.090489
vn -0.887855 0.446958 -0.109279
vn -0.62103 -0.782073 -0.051807
vn -0.887855 0.446958 -0.109279
vn -0.981116 0.170946 -0.090489
vn -0.833684 0.526937 -0.165253
vn 0.037946 -0.99879 -0.031288
vn 0.011203 -0.998385 0.05569
vn -0.442526 -0.895328 -0.050587
vn -0.168761 -0.954511 0.245823
vn -0.16793 -0.98372 -0.06399
vn 0.07227 -0.983692 0.164703
vn -0.16793 -0.98372 -0.06399
vn -0.168761 -0.954511 0.245823
vn -0.722519 -0.691307 -0.007809
vn -0.147142 0.011644 0.989047
vn -0.663937 -0.051115 0.746039
vn -0.28415 0.369213 0.88484
vn 0.569926 0.819027 -0.066183
vn 0.425181 0.90187 -0.076497
vn 0.310673 0.94033 0.138785
vn 0.595713 0.796572 0.102956
vn 0.575657 0.750634 0.324295
vn 0.425181 0.90187 -0.076497
vn 0.412918 -0.846879 0.335103
vn 0.1952 -0.907943 0.370858
vn 0.152674 -0.972722 0.174649
vn -0.699165 0.321256 0.63872
vn -0.630124 0.493365 0.599612
vn -0.556986 0.778279 0.289911
vn 0.11732 0.033745 -0.992521
vn 0.679745 0.082418 -0.728803
vn 0.071247 0.047019 -0.99635
vn -0.594528 0.785904 0.169977
vn -0.592631 0.79953 0.097681
vn -0.588412 0.774017 0.233815
vn -0.592631 0.79953 0.097681
vn -0.594528 0.785904 0.169977
vn -0.523884 0.851016 0.036292
vn 0.698782 -0.054588 0.713249
vn 0.13279 0.014939 0.991032
vn 0.624429 0.282817 0.728082
vn 0.681413 0.723347 -0.11156
vn 0.0 1.0 0.0
vn 0.313185 0.949586 -0.014235
vn 0.0 1.0 0.0
vn 0.0 1.0 0.0
vn 0.0 1.0 0.0
vn -0.073872 0.219959 -0.972708
vn -0.065899 0.439734 -0.895707
vn -0.621301 0.301914 -0.723072
vn 0.463332 0.874264 0.144864
vn 0.493168 0.868008 0.057849
vn 0.567719 0.802167 0.184995
vn 0.567719 0.802167 0.184995
vn 0.553593 0.826256 0.104098
vn 0.519017 0.845769 0.123679
vn 0.081291 0.536882 -0.839732
vn -0.010081 -0.006276 -0.999929
vn -0.186776 0.516083 -0.835926
vn -0.186776 0.516083 -0.835926
vn -0.24907 0.82782 -0.502671
vn 0.081291 0.536882 -0.839732
vn -0.543132 0.838614 -0.04165
vn -0.0 1.0 0.000001
vn -0.657989 0.728906 -0.189065
vn -0.000001 1.0 0.000002
vn 0.000001 1.0 0.000001
vn 0.0 1.0 0.0
vn -0.050727 -0.983269 0.174951
vn -0.017942 -0.999093 0.038608
vn 0.515228 -0.846848 0.131865
vn 0.703272 0.584225 0.405079
vn 0.630343 0.76205 0.148144
vn 0.729116 0.612483 0.305377
vn 0.751194 0.404838 0.521357
vn 0.568249 0.515611 0.641279
vn 0.596137 0.67802 0.430011
vn -0.949256 0.225135 0.219609
vn -0.693761 0.716776 -0.070202
vn -0.748805 0.376534 0.545447
vn -0.748805 0.376534 0.545447
vn -0.673631 -0.27439 0.686245
vn -0.949256 0.225135 0.219609
vn 0.106461 -0.990135 0.091101
vn 0.098326 -0.953978 0.283299
vn -0.142692 -0.981352 0.128788
vn 0.098326 -0.953978 0.283299
vn 0.106461 -0.990135 0.091101
vn -0.000553 -0.962794 0.270237
vn -0.966371 0.101895 -0.236103
vn -0.955774 0.129071 -0.264267
vn -0.989608 0.064013 0.128753
vn -0.66362 0.092487 -0.742331
vn -0.109047 0.048379 -0.992859
vn -0.632492 0.113524 -0.766203
vn 0.169308 -0.951569 0.256616
vn 0.171456 -0.985047 -0.016914
vn -0.074641 -0.982578 0.170205
vn 0.171456 -0.985047 -0.016914
vn 0.169308 -0.951569 0.256616
vn 0.705352 -0.703156 0.089728
vn 0.349293 0.925717 -0.145062
vn 0.397374 0.911543 -0.10575
vn 0.505522 0.855423 -0.112694
vn 0.859805 -0.460847 0.219897
vn 0.829561 -0.557356 0.034387
vn 0.597763 -0.749465 0.284573
vn -0.763 -0.617198 0.192086
vn -0.621247 -0.451208 0.640674
vn -0.87682 0.42729 0.220477
vn -0.621247 -0.451208 0.640674
vn -0.763 -0.617198 0.192086
vn -0.169547 -0.869517 0.46389
vn 0.062383 -0.947765 0.312809
vn 0.03712 -0.983324 0.178036
vn 0.021673 -0.951816 0.305903
vn 0.945812 0.221149 -0.237765
vn 0.948764 0.172592 -0.264687
vn 0.974825 0.194772 0.108537
vn 0.742622 0.056454 0.667328
vn 0.720318 0.104584 0.685715
vn 0.97832 0.14568 0.147201
vn 0.004465 0.013295 0.999902
vn 0.00314 -0.219355 0.97564
vn 0.162834 0.01651 0.986515
vn 0.162834 0.01651 0.986515
vn 0.226871 0.327408 0.917243
vn 0.004465 0.013295 0.999902
vn 0.139485 -0.983531 0.114938
vn 0.113241 -0.95257 0.282467
vn -0.010354 -0.993586 0.112601
vn 0.23561 -0.967959 0.086849
vn 0.166075 -0.984481 0.056712
vn -0.027271 -0.989942 0.138824
vn 0.102721 -0.992993 0.058429
vn 0.09423 -0.927907 0.360707
vn -0.176954 -0.981164 0.077494
vn 0.09423 -0.927907 0.360707
vn 0.102721 -0.992993 0.058429
vn 0.000409 -0.930278 0.366856
vn 0.166713 0.744539 0.646427
vn 0.15486 0.972014 0.176655
vn 0.001595 0.714957 0.699167
vn 0.001595 0.714957 0.699167
vn 0.023011 -0.482991 0.875323
vn 0.166713 0.744539 0.646427
vn 0.000544 0.829209 -0.558939
vn 0.012241 0.429983 -0.902754
vn -0.196396 0.813264 -0.547751
vn -0.357802 0.933781 0.005533
vn -0.363322 0.93071 -0.042152
vn -0.565904 0.822526 0.0566
vn -0.363322 0.93071 -0.042152
vn -0.357802 0.933781 0.005533
vn 0.007858 0.999047 -0.042938
vn 0.313229 0.089431 -0.945457
vn -0.063552 0.15936 -0.985173
vn 0.270584 0.054003 -0.96118
vn 0.736394 -0.048196 -0.674834
vn 0.270584 0.054003 -0.96118
vn 0.747898 -0.074046 -0.659671
vn -0.285982 0.955523 0.072047
vn -0.284612 0.953421 -0.099921
vn -0.270163 0.961924 0.041394
vn -0.391494 0.913831 -0.107912
vn -0.414267 0.91009 -0.010902
vn -0.449944 0.868732 -0.207016
vn -0.108584 -0.985511 0.130301
vn -0.090254 -0.919968 0.381463
vn 0.217718 -0.965041 0.145928
vn -0.090254 -0.919968 0.381463
vn -0.108584 -0.985511 0.130301
vn -0.00623 -0.927947 0.372661
vn 0.15022 0.731445 -0.665148
vn 0.165396 0.007071 -0.986202
vn 0.304055 0.710217 -0.634935
vn 0.304055 0.710217 -0.634935
vn 0.352819 0.73256 -0.58213
vn 0.15022 0.731445 -0.665148
vn 0.233055 0.803558 0.547704
vn 0.219896 0.828718 0.514657
vn 0.311862 0.752898 0.579558
vn -0.210578 0.832205 0.512924
vn -0.239674 0.817903 0.523059
vn -0.296859 0.825425 0.480155
vn 0.002151 0.762347 -0.647164
vn 0.01869 0.809339 -0.587044
vn -0.159048 0.743687 -0.649333
vn -0.159048 0.743687 -0.649333
vn -0.119945 0.004691 -0.992769
vn 0.002151 0.762347 -0.647164
vn 0.993115 0.03146 0.112843
vn 0.992649 0.069125 0.099345
vn 0.971463 0.070039 -0.226614
vn 0.243537 -0.134837 0.960473
vn -0.142315 -0.178575 0.97358
vn 0.270042 -0.055107 0.96127
vn -0.973962 -0.209678 -0.086219
vn -0.765397 -0.13944 -0.62827
vn -0.976023 -0.193094 -0.10047
vn -0.983514 -0.118898 -0.136246
vn -0.722392 -0.049426 -0.689715
vn -0.989851 -0.110161 -0.089771
vn 0.375621 0.769883 -0.515936
vn 0.340148 0.389957 -0.855706
vn 0.18018 0.814234 -0.551867
vn 0.125774 -0.250484 0.959916
vn -0.26735 -0.192441 0.944188
vn 0.143106 -0.173077 0.974456
vn 0.661855 -0.216397 0.717719
vn 0.938557 -0.199461 0.281649
vn 0.656518 -0.275136 0.702342
vn -0.269676 -0.063351 0.960865
vn 0.09236 -0.105926 0.990075
vn -0.248496 -0.126497 0.960338
vn -0.993697 -0.008223 0.111798
vn -0.994901 0.030287 0.096202
vn -0.779133 -0.121288 0.615013
vn -0.322737 0.930013 0.175828
vn -0.308794 0.916418 0.254607
vn -0.1757 0.952255 0.249681
vn -0.308794 0.916418 0.254607
vn -0.322737 0.930013 0.175828
vn -0.447228 0.893887 -0.030886
vn -0.185716 0.772869 -0.606781
vn -0.159048 0.743687 -0.649333
vn 0.01869 0.809339 -0.587044
vn 0.01869 0.809339 -0.587044
vn -0.04558 0.507101 -0.86068
vn -0.185716 0.772869 -0.606781
vn 0.0 1.0 0.0
vn 0.0 1.0 0.0
vn 0.0 1.0 0.0
vn 0.0 1.0 0.0
vn 0.681413 0.723347 -0.11156
vn 0.112341 0.94977 -0.292091
vn -0.569925 0.819027 -0.066183
vn -0.335224 0.928081 0.162145
vn -0.425181 0.90187 -0.076497
vn -0.575657 0.750634 0.324295
vn 0.0 0.930231 0.366975
vn -0.595712 0.796572 0.102956
vn 0.896903 -0.245144 0.368062
vn 0.937811 0.309933 0.15637
vn 0.939494 -0.269692 0.21123
vn 0.937811 0.309933 0.15637
vn 0.723248 0.687759 -0.062451
vn 0.981971 0.142889 0.12376
vn -0.33948 0.938427 -0.0641
vn -0.406373 0.912939 -0.037472
vn -0.51075 0.854706 -0.092802
vn -0.824728 -0.429381 -0.368042
vn -0.833475 -0.536855 -0.130787
vn -0.579182 -0.733251 -0.356218
vn -0.0 1.0 0.000001
vn -0.543132 0.838614 -0.04165
vn 0.0 1.0 0.0
vn 0.000001 1.0 0.000001
vn -0.000001 1.0 0.000002
vn -0.000001 1.0 0.000003
vn -0.546211 -0.452613 -0.704837
vn -0.734836 -0.608261 -0.300059
vn -0.768486 -0.108249 -0.630643
vn -0.734836 -0.608261 -0.300059
vn -0.546211 -0.452613 -0.704837
vn -0.164786 -0.959373 -0.229017
vn -0.026928 0.92482 0.379451
vn -0.1757 0.952255 0.249681
vn -0.162057 0.929672 0.33083
vn 0.146942 0.955721 0.254963
vn 0.066187 0.929588 0.362609
vn 0.241081 0.925409 0.2924
vn -0.913766 -0.245363 -0.323772
vn -0.973268 0.032867 -0.227309
vn -0.94493 -0.273418 -0.179863
vn -0.990832 0.018603 -0.133816
vn -0.973268 0.032867 -0.227309
vn -0.878619 0.464655 -0.110108
vn -0.1824 0.982354 -0.041366
vn -0.185729 0.982053 -0.03282
vn -0.000489 0.999711 -0.024044
vn -0.185729 0.982053 -0.03282
vn -0.1824 0.982354 -0.041366
vn -0.294379 0.95464 -0.044762
vn -0.607143 0.468561 0.641738
vn -0.783279 0.374452 0.496247
vn -0.472085 0.71313 0.518248
vn -0.202488 0.976955 0.067507
vn -0.199346 0.971186 0.130612
vn -0.420184 0.907429 0.004364
vn -0.87682 0.42729 0.220477
vn -0.760815 0.465778 0.451897
vn -0.51773 0.853035 0.065482
vn -0.760815 0.465778 0.451897
vn -0.87682 0.42729 0.220477
vn -0.621247 -0.451208 0.640674
vn 0.288728 0.955089 0.066644
vn 0.238797 0.946672 0.216307
vn 0.37914 0.924863 -0.029691
vn 0.705388 -0.067923 -0.70556
vn 0.857056 0.406925 -0.316017
vn 0.559905 -0.432789 -0.706541
vn 0.222524 0.974111 0.039894
vn 0.212673 0.972975 0.089942
vn 0.219909 0.971541 -0.08802
vn 0.219909 0.971541 -0.08802
vn 0.212673 0.972975 0.089942
vn 0.0 0.999893 0.014632
vn 0.990444 -0.13791 0.00138
vn 0.864152 0.501785 -0.038118
vn 0.982007 0.181548 0.051989
vn 0.982007 0.181548 0.051989
vn 0.515228 -0.846848 0.131865
vn 0.990444 -0.13791 0.00138
vn -0.220412 -0.963535 -0.15172
vn -0.162187 -0.86887 -0.467718
vn 0.114081 -0.992524 -0.043369
vn -0.162187 -0.86887 -0.467718
vn -0.220412 -0.963535 -0.15172
vn -0.601206 -0.269558 -0.752256
vn 0.603487 -0.710569 -0.361794
vn 0.604992 -0.795856 -0.024447
vn 0.81377 -0.49307 -0.307667
vn 0.604992 -0.795856 -0.024447
vn 0.603487 -0.710569 -0.361794
vn 0.15247 -0.988211 -0.013852
vn 0.002871 -0.997546 -0.069952
vn 0.002062 -0.90943 -0.415851
vn -0.087787 -0.993781 -0.068498
vn 0.002062 -0.90943 -0.415851
vn 0.002871 -0.997546 -0.069952
vn 0.099478 -0.907267 -0.40862
vn -0.612418 -0.789306 -0.044044
vn -0.579182 -0.733251 -0.356218
vn -0.833475 -0.536855 -0.130787
vn -0.579182 -0.733251 -0.356218
vn -0.612418 -0.789306 -0.044044
vn -0.141801 -0.944136 -0.297489
vn -0.191574 0.415998 -0.888957
vn -0.24288 -0.002143 -0.970054
vn -0.341318 0.392056 -0.85428
vn -0.341318 0.392056 -0.85428
vn -0.39821 0.760592 -0.512765
vn -0.191574 0.415998 -0.888957
vn 0.296085 0.683068 0.667647
vn 0.287776 0.69511 0.658792
vn 0.596387 0.482286 0.641656
vn -0.855727 -0.172088 -0.487973
vn -0.331494 -0.053121 -0.941961
vn -0.765397 -0.13944 -0.62827
vn 0.15247 -0.988211 -0.013852
vn 0.140813 -0.943934 -0.298596
vn -0.082276 -0.996602 -0.003857
vn 0.140813 -0.943934 -0.298596
vn 0.15247 -0.988211 -0.013852
vn 0.603487 -0.710569 -0.361794
vn -0.141801 -0.944136 -0.297489
vn -0.149648 -0.988717 -0.006706
vn 0.08057 -0.961401 -0.263092
vn -0.149648 -0.988717 -0.006706
vn -0.141801 -0.944136 -0.297489
vn -0.612418 -0.789306 -0.044044
vn 0.745601 -0.597316 -0.295452
vn 0.559905 -0.432789 -0.706541
vn 0.857056 0.406925 -0.316017
vn 0.559905 -0.432789 -0.706541
vn 0.745601 -0.597316 -0.295452
vn 0.127159 -0.8026 -0.582806
vn -0.294476 0.955077 0.033334
vn -0.292456 0.950499 -0.104985
vn -0.377015 0.925443 -0.037606
vn -0.858043 0.513578 0.00034
vn -0.916254 0.38095 -0.123914
vn -0.770395 -0.621151 0.143742
vn 0.627589 -0.639719 0.443725
vn 0.628012 -0.63183 0.454305
vn 0.792791 0.392881 0.465968
vn 0.628012 -0.63183 0.454305
vn 0.627589 -0.639719 0.443725
vn 0.16476 -0.951317 0.260479
vn 0.110215 0.872759 0.475547
vn 0.090733 0.920773 0.379401
vn 0.125102 0.860708 0.49349
vn -0.651144 -0.610897 0.450352
vn -0.623615 -0.629833 0.463049
vn -0.791865 0.409213 0.453314
vn -0.623615 -0.629833 0.463049
vn -0.651144 -0.610897 0.450352
vn -0.163628 -0.949509 0.267692
vn -0.182448 -0.295557 -0.937741
vn 0.01122 -0.313542 -0.949508
vn -0.130383 -0.376015 -0.917395
vn 0.01122 -0.313542 -0.949508
vn -0.182448 -0.295557 -0.937741
vn -0.042925 -0.003603 -0.999072
vn 0.241081 0.925409 0.2924
vn 0.317426 0.903673 0.28743
vn 0.362282 0.893948 0.263835
vn -0.970555 0.199766 0.134596
vn -0.978933 0.13689 0.151497
vn -0.950322 0.225814 -0.214234
vn -0.248188 -0.039744 0.967896
vn -0.741601 0.068372 0.667348
vn -0.251889 0.012141 0.96768
vn -0.95073 0.174116 -0.256507
vn -0.950322 0.225814 -0.214234
vn -0.978933 0.13689 0.151497
vn -0.604466 0.16088 -0.780217
vn -0.101916 0.114044 -0.988234
vn -0.588345 0.223449 -0.777123
vn 0.580297 -0.581204 -0.570488
vn 0.558162 -0.573414 -0.599709
vn 0.761441 -0.265838 -0.591217
vn 0.558162 -0.573414 -0.599709
vn 0.580297 -0.581204 -0.570488
vn 0.116682 -0.861678 -0.493858
vn 0.515074 0.847714 -0.126804
vn 0.488233 0.860347 -0.146395
vn 0.335092 0.927533 -0.165519
vn 0.263212 0.918022 -0.296574
vn 0.303423 0.928862 -0.212484
vn 0.450936 0.866211 -0.215256
vn -0.516248 0.856322 0.014148
vn -0.523884 0.851016 0.036292
vn -0.875062 0.470831 -0.112177
vn -0.875062 0.470831 -0.112177
vn -0.886177 0.45495 0.08781
vn -0.781491 -0.584627 -0.217905
vn -0.164786 -0.959373 -0.229017
vn -0.121917 -0.80484 -0.580835
vn 0.100689 -0.981677 -0.161775
vn -0.121917 -0.80484 -0.580835
vn -0.164786 -0.959373 -0.229017
vn -0.546211 -0.452613 -0.704837
vn -0.029979 0.45785 0.888524
vn -0.206926 0.769905 0.603679
vn 0.34511 0.662207 0.665117
vn -0.404632 0.91441 -0.011284
vn -0.381233 0.9164 -0.121955
vn -0.507138 0.859423 -0.064838
vn -0.878286 -0.434223 0.20016
vn -0.99744 -0.041782 -0.058035
vn -0.66346 -0.702154 0.258458
vn 0.002991 -0.986663 -0.162749
vn 0.000163 -0.870102 -0.492871
vn -0.102497 -0.98079 -0.165969
vn 0.000163 -0.870102 -0.492871
vn 0.002991 -0.986663 -0.162749
vn 0.10994 -0.859454 -0.499251
vn 0.409954 0.912105 0.001537
vn 0.378022 0.920022 0.103241
vn 0.506453 0.861203 -0.042845
vn 0.850762 0.283542 -0.442501
vn 0.888189 0.413334 -0.200687
vn 0.580297 -0.581204 -0.570488
vn -0.196396 0.813264 -0.547751
vn -0.247171 0.968665 0.024366
vn 0.000544 0.829209 -0.558939
vn 0.57054 0.738683 0.35893
vn 0.567719 0.802167 0.184995
vn 0.703272 0.584225 0.405079
vn 0.567719 0.802167 0.184995
vn 0.57054 0.738683 0.35893
vn 0.463332 0.874264 0.144864
vn 0.131677 0.171234 -0.976391
vn -0.162306 0.118589 -0.979588
vn 0.086513 0.108819 -0.99029
vn 0.948764 0.172592 -0.264687
vn 0.945812 0.221149 -0.237765
vn 0.60132 0.180158 -0.778432
vn 0.00314 -0.219355 0.97564
vn 0.005218 -0.344061 0.938933
vn 0.144513 -0.216937 0.96543
vn 0.144513 -0.216937 0.96543
vn 0.162834 0.01651 0.986515
vn 0.00314 -0.219355 0.97564
vn -0.606159 -0.336509 0.720648
vn -0.621663 -0.376564 0.686829
vn -0.155372 -0.879046 0.450709
vn -0.621663 -0.376564 0.686829
vn -0.606159 -0.336509 0.720648
vn -0.650997 0.56164 0.510649
vn 0.127159 -0.8026 -0.582806
vn 0.173372 -0.962818 -0.207182
vn -0.107183 -0.861256 -0.496739
vn 0.173372 -0.962818 -0.207182
vn 0.127159 -0.8026 -0.582806
vn 0.745601 -0.597316 -0.295452
vn 0.613237 -0.612218 0.499129
vn 0.521258 -0.17232 0.83582
vn 0.37263 -0.402827 0.835989
vn 0.521258 -0.17232 0.83582
vn 0.006642 0.004105 0.99997
vn 0.37263 -0.402827 0.835989
vn 0.506453 0.861203 -0.042845
vn 0.489447 0.872029 0.0026
vn 0.559932 0.821938 -0.104374
vn 0.488233 0.860347 -0.146395
vn 0.515074 0.847714 -0.126804
vn 0.4181 0.907127 -0.048096
vn -0.211037 0.839491 0.500717
vn -0.34711 0.411361 0.842791
vn -0.101538 0.537907 0.836867
vn -0.34711 0.411361 0.842791
vn 0.006806 0.004114 0.999968
vn -0.101538 0.537907 0.836867
vn 0.371282 -0.919798 0.126969
vn 0.23561 -0.967959 0.086849
vn 0.054299 -0.971782 0.229548
vn 0.004594 -0.994978 0.099991
vn 0.152674 -0.972722 0.174649
vn -0.116325 -0.988904 0.092395
vn 0.410778 -0.353958 -0.840223
vn -0.011378 -0.006701 -0.999913
vn 0.529956 -0.108648 -0.841036
vn 0.529956 -0.108648 -0.841036
vn 0.833127 -0.208107 -0.512436
vn 0.410778 -0.353958 -0.840223
vn -0.828412 0.231779 0.509914
vn -0.52313 -0.100241 0.846337
vn -0.509116 0.17106 0.843528
vn -0.52313 -0.100241 0.846337
vn 0.006806 0.004114 0.999968
vn -0.509116 0.17106 0.843528
vn -0.116214 -0.540823 -0.83307
vn -0.011378 -0.006701 -0.999913
vn 0.174931 -0.515091 -0.839095
vn 0.174931 -0.515091 -0.839095
vn 0.232571 -0.833856 -0.500594
vn -0.116214 -0.540823 -0.83307
vn 0.41438 -0.348412 -0.840772
vn -0.010081 -0.006276 -0.999929
vn 0.532207 -0.104353 -0.840158
vn 0.532207 -0.104353 -0.840158
vn 0.834975 -0.201759 -0.511967
vn 0.41438 -0.348412 -0.840772
vn -0.186937 0.516359 -0.83572
vn -0.011378 -0.006701 -0.999913
vn -0.422353 0.352887 -0.834918
vn -0.422353 0.352887 -0.834918
vn -0.626115 0.602566 -0.494868
vn -0.186937 0.516359 -0.83572
vn -0.544523 0.088347 -0.83408
vn -0.011378 -0.006701 -0.999913
vn -0.519101 -0.189731 -0.833388
vn -0.519101 -0.189731 -0.833388
vn -0.83236 -0.24796 -0.495674
vn -0.544523 0.088347 -0.83408
vn 0.509724 0.172523 -0.842863
vn -0.011378 -0.006701 -0.999913
vn 0.340998 0.416287 -0.842868
vn 0.340998 0.416287 -0.842868
vn 0.594139 0.624177 -0.507348
vn 0.509724 0.172523 -0.842863
vn -0.6114 -0.605235 0.509786
vn -0.173489 -0.508124 0.84363
vn -0.402058 -0.351067 0.845637
vn -0.173489 -0.508124 0.84363
vn 0.006806 0.004114 0.999968
vn -0.402058 -0.351067 0.845637
vn 0.51428 0.169508 -0.840704
vn -0.010081 -0.006276 -0.999929
vn 0.343746 0.415721 -0.84203
vn 0.343746 0.415721 -0.84203
vn 0.597081 0.622963 -0.505383
vn 0.51428 0.169508 -0.840704
vn -0.425446 0.346545 -0.836004
vn -0.010081 -0.006276 -0.999929
vn -0.545284 0.091151 -0.833281
vn -0.545284 0.091151 -0.833281
vn -0.844672 0.20027 -0.496408
vn -0.425446 0.346545 -0.836004
vn -0.358635 -0.420062 -0.833624
vn -0.010081 -0.006276 -0.999929
vn -0.115773 -0.540523 -0.833325
vn -0.115773 -0.540523 -0.833325
vn -0.210965 -0.841971 -0.496566
vn -0.358635 -0.420062 -0.833624
vn -0.225723 -0.832876 0.505338
vn 0.117433 -0.527174 0.841604
vn -0.172216 -0.508 0.843966
vn 0.117433 -0.527174 0.841604
vn 0.006642 0.004105 0.99997
vn -0.172216 -0.508 0.843966
vn -0.211028 0.839477 0.500746
vn -0.3444 0.415137 0.842051
vn -0.101681 0.538135 0.836703
vn -0.3444 0.415137 0.842051
vn 0.006642 0.004105 0.99997
vn -0.101681 0.538135 0.836703
vn -0.827971 0.230762 0.51109
vn -0.524311 -0.107539 0.844709
vn -0.506218 0.176968 0.844053
vn -0.524311 -0.107539 0.844709
vn 0.006642 0.004105 0.99997
vn -0.506218 0.176968 0.844053
vn 0.614185 -0.611083 0.499353
vn 0.520348 -0.172973 0.836253
vn 0.375977 -0.39939 0.836139
vn 0.520348 -0.172973 0.836253
vn 0.006806 0.004114 0.999968
vn 0.375977 -0.39939 0.836139
vn 0.621284 0.609874 0.491997
vn 0.173676 0.521473 0.835406
vn 0.417307 0.364925 0.832277
vn 0.173676 0.521473 0.835406
vn 0.006806 0.004114 0.999968
vn 0.417307 0.364925 0.832277
vn 0.84152 0.223767 0.491703
vn 0.416646 0.363784 0.833107
vn 0.541011 0.11158 0.833581
vn 0.416646 0.363784 0.833107
vn 0.006642 0.004105 0.99997
vn 0.541011 0.11158 0.833581
vn 0.070954 -0.960318 0.269731
vn 0.08005 -0.996789 -0.00173
vn -0.151717 -0.945127 0.289339
vn 0.08005 -0.996789 -0.00173
vn 0.070954 -0.960318 0.269731
vn 0.000169 -0.999935 -0.011371
vn -0.579225 -0.455938 0.675736
vn -0.76689 -0.59226 0.247199
vn -0.787044 0.444818 0.427432
vn -0.76689 -0.59226 0.247199
vn -0.579225 -0.455938 0.675736
vn -0.209712 -0.954791 0.210702
vn 0.101296 0.992921 0.062021
vn 0.071083 0.995942 0.055189
vn 0.549993 0.786278 -0.281557
vn 0.362599 0.913531 -0.184346
vn 0.549993 0.786278 -0.281557
vn 0.640587 -0.049685 -0.766276
vn -0.443258 0.896304 -0.012704
vn -0.456699 0.886244 0.077438
vn -0.539063 0.841242 -0.041499
vn -0.539063 0.841242 -0.041499
vn -0.541943 0.836956 0.076167
vn -0.567144 0.822356 -0.045588
vn -0.093281 -0.111946 0.989326
vn 0.233247 -0.060794 0.970515
vn -0.055315 -0.084909 0.994852
vn 0.219371 0.002581 0.975638
vn 0.720318 0.104584 0.685715
vn 0.246019 -0.037322 0.968546
vn -0.3933 0.89473 0.211598
vn -0.39051 0.893487 0.221774
vn 0.000407 0.981683 0.190519
vn -0.39051 0.893487 0.221774
vn -0.3933 0.89473 0.211598
vn -0.588412 0.774017 0.233815
vn 0.362589 0.897703 0.250316
vn 0.341855 0.917862 0.201655
vn 0.53843 0.826402 0.164783
vn 0.341855 0.917862 0.201655
vn 0.362589 0.897703 0.250316
vn 0.00177 0.968339 0.249631
vn 0.752798 -0.068404 -0.654688
vn 0.22695 0.03965 -0.973099
vn 0.722959 -0.035854 -0.68996
vn 0.722959 -0.035854 -0.68996
vn 0.989881 -0.110038 -0.089599
vn 0.752798 -0.068404 -0.654688
vn 0.077308 -0.982596 0.168905
vn 0.084471 -0.996089 -0.025914
vn -0.163628 -0.949509 0.267692
vn 0.084471 -0.996089 -0.025914
vn 0.077308 -0.982596 0.168905
vn -0.00284 -0.999656 -0.026086
vn -0.102497 -0.98079 -0.165969
vn -0.107183 -0.861256 -0.496739
vn 0.173372 -0.962818 -0.207182
vn -0.107183 -0.861256 -0.496739
vn -0.102497 -0.98079 -0.165969
vn 0.000163 -0.870102 -0.492871
vn 0.937447 0.341088 0.069665
vn 0.723248 0.687759 -0.062451
vn 0.721688 0.588414 0.364602
vn 0.721688 0.588414 0.364602
vn 0.868611 0.032811 0.494408
vn 0.937447 0.341088 0.069665
vn -0.082276 -0.996602 -0.003857
vn -0.071531 -0.960162 0.270132
vn 0.15247 -0.988211 -0.013852
vn -0.071531 -0.960162 0.270132
vn -0.082276 -0.996602 -0.003857
vn -0.00086 -0.965518 0.260333
vn -0.616416 -0.158418 0.77132
vn -0.142828 -0.105709 0.984086
vn -0.640593 -0.185144 0.745226
vn -0.585378 -0.121796 0.80156
vn -0.959129 -0.131693 0.250455
vn -0.637067 -0.151948 0.755683
vn 0.023011 -0.482991 0.875323
vn 0.004178 -0.952081 0.305817
vn 0.142477 -0.477688 0.8669
vn 0.142477 -0.477688 0.8669
vn 0.166713 0.744539 0.646427
vn 0.023011 -0.482991 0.875323
vn 0.596585 0.795774 0.104069
vn 0.592008 0.788255 0.167869
vn 0.526911 0.846838 0.072323
vn 0.592008 0.788255 0.167869
vn 0.596585 0.795774 0.104069
vn 0.597901 0.767589 0.230914
vn -0.426373 0.875763 0.226374
vn -0.460185 0.875122 0.149634
vn -0.650997 0.56164 0.510649
vn -0.650997 0.56164 0.510649
vn -0.789824 0.543331 0.28455
vn -0.621663 -0.376564 0.686829
vn -0.083335 -0.995743 -0.039375
vn -0.074641 -0.982578 0.170205
vn 0.171456 -0.985047 -0.016914
vn -0.074641 -0.982578 0.170205
vn -0.083335 -0.995743 -0.039375
vn -0.002751 -0.986929 0.161132
vn 0.000169 -0.999935 -0.011371
vn -0.00086 -0.965518 0.260333
vn -0.082276 -0.996602 -0.003857
vn -0.00086 -0.965518 0.260333
vn 0.000169 -0.999935 -0.011371
vn 0.070954 -0.960318 0.269731
vn 0.417257 0.881413 -0.221379
vn 0.450936 0.866211 -0.215256
vn 0.399021 0.908726 -0.122474
vn 0.37914 0.924863 -0.029691
vn 0.399021 0.908726 -0.122474
vn 0.288728 0.955089 0.066644
vn -0.72245 -0.64441 -0.250601
vn -0.575511 -0.562999 -0.593144
vn -0.907005 -0.275121 -0.318827
vn -0.575511 -0.562999 -0.593144
vn -0.72245 -0.64441 -0.250601
vn -0.125438 -0.857781 -0.498474
vn 0.417257 0.881413 -0.221379
vn 0.398498 0.908643 -0.124767
vn 0.247412 0.926093 -0.284851
vn 0.369434 0.927022 -0.064415
vn 0.336754 0.940797 -0.038702
vn 0.221711 0.968745 -0.111255
vn -0.447228 0.893887 -0.030886
vn -0.495769 0.86705 0.049369
vn -0.631657 0.76771 0.107845
vn -0.495769 0.86705 0.049369
vn -0.447228 0.893887 -0.030886
vn -0.322737 0.930013 0.175828
vn 0.792458 -0.122856 0.597426
vn 0.297977 -0.2272 0.927141
vn 0.782065 -0.087054 0.617086
vn 0.284661 -0.188503 0.939912
vn -0.159021 -0.247967 0.955628
vn 0.243537 -0.134837 0.960473
vn -0.453329 0.006022 -0.891323
vn -0.601206 -0.269558 -0.752256
vn -0.410144 0.838343 -0.359115
vn -0.162187 -0.86887 -0.467718
vn -0.601206 -0.269558 -0.752256
vn -0.405206 -0.176606 -0.897005
vn 0.453329 0.006022 -0.891323
vn 0.410144 0.838343 -0.359113
vn 0.640587 -0.049685 -0.766276
vn 0.405205 -0.176606 -0.897006
vn 0.640587 -0.049685 -0.766276
vn 0.230838 -0.820826 -0.522455
vn 0.00405 0.996793 -0.079924
vn 0.011073 0.9981 -0.060613
vn 0.393809 0.915355 -0.083901
vn 0.011073 0.9981 -0.060613
vn 0.00405 0.996793 -0.079924
vn -0.382767 0.919994 -0.084259
vn 0.561091 0.682655 0.468145
vn 0.610885 0.642047 0.463245
vn 0.237762 0.908874 0.342662
vn 0.610885 0.642047 0.463245
vn 0.561091 0.682655 0.468145
vn 0.746518 -0.323822 0.581249
vn 0.798848 -0.559552 0.22078
vn 0.583471 -0.441932 0.681364
vn 0.864682 0.449756 0.223706
vn 0.583471 -0.441932 0.681364
vn 0.798848 -0.559552 0.22078
vn 0.184563 -0.836027 0.516716
vn 0.0 0.983739 0.179602
vn 0.0 0.930231 0.366975
vn 0.595713 0.796572 0.102956
vn 0.0 0.983739 0.179602
vn -0.595712 0.796572 0.102956
vn 0.0 0.930231 0.366975
vn -0.069016 0.97475 0.212366
vn -0.110456 0.920045 0.37592
vn -0.085252 0.971033 0.22322
vn -0.67997 -0.082017 -0.728638
vn -0.876846 -0.049658 -0.478199
vn -0.534453 -0.401624 -0.743679
vn -0.685781 -0.308611 0.659139
vn -0.161901 -0.293857 0.942038
vn -0.591328 -0.339629 0.731426
vn -0.00946 -0.958506 0.284917
vn -0.000553 -0.962794 0.270237
vn -0.104424 -0.951688 0.288764
vn -0.000553 -0.962794 0.270237
vn -0.00946 -0.958506 0.284917
vn 0.098326 -0.953978 0.283299
vn -0.973268 0.032867 -0.227309
vn -0.913766 -0.245363 -0.323772
vn -0.748848 0.033398 -0.6619
vn -0.66921 -0.294357 -0.682284
vn -0.748848 0.033398 -0.6619
vn -0.913766 -0.245363 -0.323772
vn 0.10994 -0.859454 -0.499251
vn 0.100689 -0.981677 -0.161775
vn -0.121917 -0.80484 -0.580835
vn 0.100689 -0.981677 -0.161775
vn 0.10994 -0.859454 -0.499251
vn 0.002991 -0.986663 -0.162749
vn 0.004178 -0.952081 0.305817
vn -0.001177 -0.98007 0.198649
vn -0.019248 -0.946742 0.321418
vn -0.019248 -0.946742 0.321418
vn 0.142477 -0.477688 0.8669
vn 0.004178 -0.952081 0.305817
vn -0.003146 -0.983432 -0.181248
vn -0.00284 -0.999656 -0.026086
vn -0.094681 -0.974915 -0.201437
vn -0.00284 -0.999656 -0.026086
vn -0.003146 -0.983432 -0.181248
vn 0.084471 -0.996089 -0.025914
vn -0.162057 0.929672 0.33083
vn -0.298382 0.917123 0.264298
vn -0.298027 0.922601 0.244925
vn -0.349713 0.904966 0.24236
vn -0.298382 0.917123 0.264298
vn -0.266794 0.854984 0.444773
vn 0.969934 0.046531 -0.238877
vn 0.971463 0.070039 -0.226614
vn 0.682687 0.056691 -0.728509
vn -0.203433 0.978725 0.026686
vn -0.224225 0.968052 0.112239
vn -0.294379 0.95464 -0.044762
vn -0.282667 0.958459 -0.038156
vn -0.285032 0.954924 -0.082928
vn -0.211268 0.977387 0.008996
vn -0.323251 -0.203 0.924283
vn -0.296396 -0.322632 0.89892
vn -0.138633 -0.213895 0.966969
vn -0.980249 0.097966 0.171799
vn -0.989608 0.064013 0.128753
vn -0.955774 0.129071 -0.264267
vn -0.269676 -0.063351 0.960865
vn -0.73518 0.031065 0.67716
vn -0.229872 -0.031113 0.972723
vn 0.613712 -0.317509 0.722873
vn 0.602504 -0.406996 0.686545
vn 0.61321 0.583264 0.532707
vn 0.602504 -0.406996 0.686545
vn 0.613712 -0.317509 0.722873
vn 0.154162 -0.889192 0.430781
vn -0.912028 0.409028 -0.030004
vn -0.878619 0.464655 -0.110108
vn -0.970524 0.23998 -0.022186
vn -0.981116 0.170946 -0.090489
vn -0.970524 0.23998 -0.022186
vn -0.878619 0.464655 -0.110108
vn 0.672589 -0.304907 0.674281
vn 0.943548 -0.251103 0.216018
vn 0.747699 -0.321016 0.581287
vn 0.230838 -0.820826 -0.522455
vn 0.213972 -0.973299 -0.083097
vn -0.108636 -0.95975 -0.258994
vn 0.213972 -0.973299 -0.083097
vn 0.230838 -0.820826 -0.522455
vn 0.846706 -0.372951 -0.379469
vn -0.218208 -0.063446 0.973838
vn -0.72555 0.030561 0.687491
vn -0.248188 -0.039744 0.967896
vn -0.248188 -0.039744 0.967896
vn 0.143943 -0.09759 0.984762
vn -0.218208 -0.063446 0.973838
vn -0.270163 0.961924 0.041394
vn -0.303075 0.932288 0.197446
vn -0.285982 0.955523 0.072047
vn -0.754518 -0.259765 -0.602681
vn -0.907005 -0.275121 -0.318827
vn -0.575511 -0.562999 -0.593144
vn -0.565904 0.822526 0.0566
vn -0.57339 0.805254 0.150964
vn -0.357802 0.933781 0.005533
vn -0.57339 0.805254 0.150964
vn -0.565904 0.822526 0.0566
vn -0.535812 0.821646 0.194433
vn -0.096458 -0.956374 0.275762
vn -0.109896 -0.990194 0.086247
vn 0.154162 -0.889192 0.430781
vn -0.109896 -0.990194 0.086247
vn -0.096458 -0.956374 0.275762
vn 0.004757 -0.998389 0.05654
vn 0.443424 0.866831 0.227988
vn 0.295358 0.843922 0.447838
vn 0.413894 0.887599 0.202138
vn 0.26002 0.876584 0.404957
vn 0.310673 0.94033 0.138785
vn 0.166599 0.930215 0.327025
vn -0.779133 -0.121288 0.615013
vn -0.280111 -0.233259 0.931197
vn -0.769845 -0.147171 0.621031
vn -0.125438 -0.857781 -0.498474
vn -0.123756 -0.876726 -0.464796
vn -0.575511 -0.562999 -0.593144
vn -0.123756 -0.876726 -0.464796
vn -0.125438 -0.857781 -0.498474
vn 0.099478 -0.907267 -0.40862
vn -0.2836 0.683591 0.672513
vn -0.295459 0.681523 0.6695
vn -0.607143 0.468561 0.641738
vn 0.863156 0.489181 -0.125159
vn 0.572157 0.767054 -0.290283
vn 0.806628 0.576586 -0.129996
vn 0.572157 0.767054 -0.290283
vn 0.863156 0.489181 -0.125159
vn 0.78474 0.348932 -0.512279
vn -0.157807 -0.948293 0.275386
vn -0.153484 -0.983332 -0.097469
vn 0.072193 -0.962911 0.259982
vn -0.153484 -0.983332 -0.097469
vn -0.157807 -0.948293 0.275386
vn -0.689168 -0.708434 -0.152214
vn 0.502033 0.862798 0.059517
vn 0.453696 0.8911 -0.010084
vn 0.630343 0.76205 0.148144
vn 0.453696 0.8911 -0.010084
vn 0.502033 0.862798 0.059517
vn 0.362282 0.893948 0.263835
vn 0.523475 0.847521 0.087651
vn 0.524642 0.84651 0.090402
vn 0.803248 0.45726 0.381714
vn 0.803248 0.45726 0.381714
vn 0.749808 0.459579 0.475999
vn 0.59379 -0.493277 0.635682
vn 0.099478 -0.907267 -0.40862
vn 0.104995 -0.894197 -0.435188
vn 0.002062 -0.90943 -0.415851
vn 0.104995 -0.894197 -0.435188
vn 0.099478 -0.907267 -0.40862
vn -0.125438 -0.857781 -0.498474
vn 0.151367 -0.98503 -0.082492
vn 0.151998 -0.947758 0.280448
vn -0.087787 -0.993781 -0.068498
vn 0.151998 -0.947758 0.280448
vn 0.151367 -0.98503 -0.082492
vn 0.637994 -0.727303 0.25297
vn -0.174526 0.981645 0.076897
vn -0.159156 0.934395 0.318709
vn -0.487405 0.763319 0.424006
vn -0.265399 0.840376 0.472579
vn -0.433232 0.874082 0.219753
vn -0.235357 0.847219 0.476264
vn -0.107969 -0.900117 -0.422058
vn -0.097817 -0.906173 -0.411439
vn 0.002531 -0.905216 -0.424944
vn -0.097817 -0.906173 -0.411439
vn -0.107969 -0.900117 -0.422058
vn 0.124177 -0.87765 -0.462936
vn 0.125415 -0.04984 0.990852
vn 0.698585 -0.117981 0.705733
vn 0.143943 -0.09759 0.984762
vn 0.965646 -0.136063 0.221391
vn 0.990396 -0.117144 -0.073433
vn 0.938463 -0.183196 0.29279
vn 0.124177 -0.87765 -0.462936
vn 0.116682 -0.861678 -0.493858
vn 0.580297 -0.581204 -0.570488
vn 0.116682 -0.861678 -0.493858
vn 0.124177 -0.87765 -0.462936
vn -0.107969 -0.900117 -0.422058
vn -0.689168 -0.708434 -0.152214
vn -0.66346 -0.702154 0.258458
vn -0.918131 0.39434 -0.03913
vn -0.66346 -0.702154 0.258458
vn -0.689168 -0.708434 -0.152214
vn -0.157807 -0.948293 0.275386
vn 0.321623 -0.350915 0.879442
vn 0.293396 -0.323393 0.899631
vn 0.160754 -0.059549 0.985197
vn 0.944794 -0.229331 0.234034
vn 0.975845 -0.186145 -0.114355
vn 0.943548 -0.251103 0.216018
vn 0.989881 -0.110038 -0.089599
vn 0.952931 -0.132168 0.272861
vn 0.985286 -0.139329 -0.09899
vn -0.257073 0.052866 -0.964945
vn 0.086513 0.108819 -0.99029
vn -0.162306 0.118589 -0.979588
vn -0.989084 -0.076781 -0.125765
vn -0.965815 -0.096799 0.240484
vn -0.985587 -0.107887 -0.130305
vn 0.540449 0.809485 0.229453
vn 0.549562 0.823867 0.138653
vn 0.447927 0.868567 0.212018
vn 0.549562 0.823867 0.138653
vn 0.540449 0.809485 0.229453
vn 0.609 0.782867 0.127432
vn 0.660944 0.58051 -0.475563
vn 0.806628 0.576586 -0.129996
vn 0.572157 0.767054 -0.290283
vn 0.806628 0.576586 -0.129996
vn 0.660944 0.58051 -0.475563
vn 0.9603 0.044561 -0.275387
vn 0.155765 -0.944681 0.288642
vn 0.15247 -0.988211 -0.013852
vn -0.071531 -0.960162 0.270132
vn 0.15247 -0.988211 -0.013852
vn 0.155765 -0.944681 0.288642
vn 0.604992 -0.795856 -0.024447
vn -0.305266 0.585204 -0.751232
vn -0.48012 0.348788 -0.80488
vn -0.269027 0.905355 -0.328569
vn -0.269027 0.905355 -0.328569
vn 0.0 0.884551 -0.466444
vn -0.269176 0.37033 -0.889044
vn 0.002531 -0.905216 -0.424944
vn -0.001887 -0.991288 -0.1317
vn -0.107969 -0.900117 -0.422058
vn -0.001887 -0.991288 -0.1317
vn 0.002531 -0.905216 -0.424944
vn 0.09594 -0.985111 -0.142657
vn -0.523884 0.851016 0.036292
vn -0.516248 0.856322 0.014148
vn -0.592631 0.79953 0.097681
vn -0.5782 0.814433 0.048827
vn -0.553461 0.827038 0.098434
vn -0.572536 0.812791 0.107577
vn 0.305265 0.585203 -0.751232
vn 0.269027 0.905355 -0.328569
vn 0.480119 0.348788 -0.80488
vn 0.269027 0.905355 -0.328569
vn 0.269176 0.370329 -0.889045
vn 0.0 0.884551 -0.466444
vn -0.149648 -0.988717 -0.006706
vn -0.151717 -0.945127 0.289339
vn 0.08005 -0.996789 -0.00173
vn -0.151717 -0.945127 0.289339
vn -0.149648 -0.988717 -0.006706
vn -0.622233 -0.736566 0.265134
vn 0.493168 0.868008 0.057849
vn 0.463332 0.874264 0.144864
vn 0.873562 0.48303 -0.059752
vn 0.873562 0.48303 -0.059752
vn 0.82235 0.538091 0.184928
vn 0.81661 -0.55143 -0.170508
vn 0.088168 0.976188 0.1982
vn 0.159337 0.94552 0.283908
vn 0.585629 0.789072 0.185485
vn 0.966863 0.05161 -0.250024
vn 0.743458 -0.043615 -0.667359
vn 0.744961 -0.528308 -0.407337
vn 0.664427 0.299495 -0.684718
vn 0.112341 0.94977 -0.292091
vn 0.681413 0.723347 -0.11156
vn 0.0 1.0 0.0
vn 0.0 1.0 0.0
vn 0.0 1.0 0.0
vn 0.184563 -0.836027 0.516716
vn 0.161481 -0.857411 0.488641
vn 0.583471 -0.441932 0.681364
vn 0.161481 -0.857411 0.488641
vn 0.184563 -0.836027 0.516716
vn -0.092868 -0.921269 0.377676
vn 0.990444 -0.13791 0.00138
vn 0.965121 0.246853 -0.08721
vn 0.864152 0.501785 -0.038118
vn 0.965121 0.246853 -0.08721
vn 0.990444 -0.13791 0.00138
vn 0.521425 -0.8525 -0.036874
vn 0.394719 0.911298 -0.117182
vn 0.389794 0.911344 -0.132336
vn -0.000567 0.992485 -0.122369
vn 0.389794 0.911344 -0.132336
vn 0.394719 0.911298 -0.117182
vn 0.565337 0.815806 -0.12188
vn -0.072901 -0.962018 0.263073
vn -0.087787 -0.993781 -0.068498
vn 0.151998 -0.947758 0.280448
vn -0.087787 -0.993781 -0.068498
vn -0.072901 -0.962018 0.263073
vn 0.002871 -0.997546 -0.069952
vn 0.0 1.0 0.0
vn 0.0 1.0 0.0
vn -0.543132 0.838614 -0.04165
vn -0.000002 1.0 0.000004
vn -0.000001 1.0 0.000003
vn -0.000001 1.0 0.000002
vn -0.169547 -0.869517 0.46389
vn -0.167579 -0.837064 0.520808
vn -0.621247 -0.451208 0.640674
vn -0.167579 -0.837064 0.520808
vn -0.169547 -0.869517 0.46389
vn 0.099023 -0.917604 0.384964
vn 0.0 0.999893 0.014632
vn 0.0 0.999601 0.028263
vn 0.219909 0.971541 -0.08802
vn 0.0 0.999601 0.028263
vn 0.0 0.999893 0.014632
vn -0.219909 0.971541 -0.08802
vn 0.926099 0.218616 0.307487
vn 0.624429 0.282817 0.728082
vn 0.803146 0.379523 0.459259
vn -0.349713 0.904966 0.24236
vn -0.298027 0.922601 0.244925
vn -0.298382 0.917123 0.264298
vn 0.280399 0.958991 0.04139
vn 0.330727 0.932519 0.145009
vn 0.762004 0.639521 0.101798
vn 0.955969 -0.254977 -0.145293
vn 0.801488 -0.26193 -0.537596
vn 0.704085 -0.667257 -0.242968
vn 0.159337 0.94552 0.283908
vn 0.088168 0.976188 0.1982
vn 0.271044 0.956686 0.106241
vn 0.271044 0.956686 0.106241
vn 0.216701 0.973731 0.069914
vn 0.336754 0.940797 -0.038702
vn 0.566376 0.814655 0.124721
vn 0.583759 0.795372 0.163119
vn 0.376084 0.901417 0.214497
vn 0.583759 0.795372 0.163119
vn 0.566376 0.814655 0.124721
vn 0.592318 0.800818 0.0886
vn 0.733263 -0.679833 0.012375
vn 0.659609 -0.653867 -0.370639
vn 0.914815 0.401998 0.038876
vn 0.659609 -0.653867 -0.370639
vn 0.733263 -0.679833 0.012375
vn 0.154178 -0.936531 -0.314864
vn -0.998356 -0.043207 0.037667
vn -0.990832 0.018603 -0.133816
vn -0.912028 0.409028 -0.030004
vn -0.998356 -0.043207 0.037667
vn -0.912028 0.409028 -0.030004
vn -0.985326 0.0813 0.150074
vn 0.339146 0.896673 0.284531
vn 0.237762 0.908874 0.342662
vn 0.610885 0.642047 0.463245
vn 0.317838 0.843846 0.432323
vn 0.437364 0.775992 0.454477
vn 0.304014 0.817463 0.489214
vn -0.001049 -0.998316 -0.057993
vn 0.000017 -0.963161 -0.268926
vn -0.073005 -0.995408 -0.061905
vn 0.000017 -0.963161 -0.268926
vn -0.001049 -0.998316 -0.057993
vn 0.076466 -0.95898 -0.272964
vn 0.190455 0.94414 0.268937
vn 0.255523 0.965388 0.052282
vn 0.170033 0.931582 0.321315
vn 0.604992 -0.795856 -0.024447
vn 0.597763 -0.749465 0.284573
vn 0.829561 -0.557356 0.034387
vn 0.597763 -0.749465 0.284573
vn 0.604992 -0.795856 -0.024447
vn 0.155765 -0.944681 0.288642
vn -0.765397 -0.13944 -0.62827
vn -0.973962 -0.209678 -0.086219
vn -0.855727 -0.172088 -0.487973
vn 0.220954 0.744166 0.630394
vn -0.058136 0.498229 0.865094
vn 0.110215 0.872759 0.475547
vn -0.145493 -0.89796 0.415331
vn -0.155372 -0.879046 0.450709
vn -0.621663 -0.376564 0.686829
vn -0.155372 -0.879046 0.450709
vn -0.145493 -0.89796 0.415331
vn 0.113241 -0.95257 0.282467
vn -0.162057 0.929672 0.33083
vn -0.06123 0.918184 0.391393
vn -0.026928 0.92482 0.379451
vn 0.523292 -0.409473 -0.747326
vn 0.744961 -0.528308 -0.407337
vn 0.743458 -0.043615 -0.667359
vn 0.744961 -0.528308 -0.407337
vn 0.523292 -0.409473 -0.747326
vn 0.163884 -0.925172 -0.342343
vn -0.787962 -0.587543 -0.184143
vn -0.794846 -0.544283 0.268283
vn -0.868215 0.494071 -0.045785
vn -0.794846 -0.544283 0.268283
vn -0.787962 -0.587543 -0.184143
vn -0.142692 -0.981352 0.128788
vn 0.088349 -0.99372 -0.068674
vn 0.072193 -0.962911 0.259982
vn -0.153484 -0.983332 -0.097469
vn 0.072193 -0.962911 0.259982
vn 0.088349 -0.99372 -0.068674
vn 0.002238 -0.966096 0.258173
vn -0.412918 -0.846879 0.335103
vn -0.220093 -0.959468 0.176011
vn -0.1952 -0.907944 0.370858
vn 0.699166 0.321256 0.638719
vn 0.556987 0.778279 0.289911
vn 0.630124 0.493365 0.599612
vn -0.835599 0.36703 0.408734
vn -0.791865 0.409213 0.453314
vn -0.623615 -0.629833 0.463049
vn -0.791865 0.409213 0.453314
vn -0.835599 0.36703 0.408734
vn -0.456636 0.869014 0.19052
vn -0.212672 0.972975 0.089943
vn 0.0 0.995255 0.097303
vn -0.167537 0.972164 0.163792
vn -0.141374 0.964453 0.223259
vn -0.167537 0.972164 0.163792
vn -0.342401 0.918266 -0.19887
vn 0.178198 -0.8709 0.458016
vn 0.154162 -0.889192 0.430781
vn 0.613712 -0.317509 0.722873
vn 0.154162 -0.889192 0.430781
vn 0.178198 -0.8709 0.458016
vn -0.096458 -0.956374 0.275762
vn 0.563609 0.823315 -0.067063
vn 0.000001 0.989089 -0.147321
vn 0.581246 0.812719 -0.040501
vn 0.425181 0.90187 -0.076497
vn 0.569926 0.819027 -0.066183
vn 0.595713 0.796572 0.102956
vn -0.621469 0.783416 0.00587
vn -0.670333 0.739636 0.059934
vn -0.386174 0.917705 0.093205
vn -0.974139 0.21283 -0.075877
vn -0.808898 -0.282604 -0.515577
vn -0.689168 -0.708434 -0.152214
vn -0.427185 0.884152 0.189177
vn -0.433232 0.874082 0.219753
vn -0.563609 0.823315 -0.067063
vn 0.563609 0.823315 -0.067063
vn 0.413894 0.887599 0.202138
vn 0.0 0.999637 -0.026943
vn -0.456699 0.886244 0.077438
vn -0.443258 0.896304 -0.012704
vn -0.892767 0.424092 0.152028
vn -0.892767 0.424092 0.152028
vn -0.892623 0.40453 -0.198946
vn -0.722519 -0.691307 -0.007809
vn 0.196466 0.047043 -0.979382
vn -0.072228 0.077629 -0.994363
vn 0.241814 0.022619 -0.970059
vn -0.121748 0.014578 -0.992454
vn 0.259077 -0.036922 -0.965151
vn -0.114883 0.033942 -0.992799
vn 0.781167 -0.539319 0.314503
vn 0.81661 -0.55143 -0.170508
vn 0.82235 0.538091 0.184928
vn 0.81661 -0.55143 -0.170508
vn 0.781167 -0.539319 0.314503
vn 0.148922 -0.986135 -0.073212
vn 0.107993 -0.961145 -0.254042
vn 0.112551 -0.839517 -0.531548
vn -0.180457 -0.928526 -0.324462
vn 0.112551 -0.839517 -0.531548
vn 0.107993 -0.961145 -0.254042
vn 0.003262 -0.856283 -0.516497
vn -0.414267 0.91009 -0.010902
vn -0.46113 0.887315 0.005632
vn -0.48859 0.858531 -0.155576
vn -0.46113 0.887315 0.005632
vn -0.414267 0.91009 -0.010902
vn -0.330921 0.932524 0.144537
vn 0.002238 -0.966096 0.258173
vn 0.002871 -0.997546 -0.069952
vn -0.072901 -0.962018 0.263073
vn 0.002871 -0.997546 -0.069952
vn 0.002238 -0.966096 0.258173
vn 0.088349 -0.99372 -0.068674
vn 0.219527 0.973676 -0.061342
vn 0.221711 0.968745 -0.111255
vn 0.336754 0.940797 -0.038702
vn 0.184667 0.982551 -0.022189
vn 0.182254 0.981337 -0.061334
vn 0.285369 0.956631 -0.058501
vn -0.704139 0.338242 0.624324
vn -0.699165 0.321256 0.63872
vn -0.487405 0.763319 0.424006
vn -0.556986 0.778279 0.289911
vn -0.487405 0.763319 0.424006
vn -0.699165 0.321256 0.63872
vn -0.23767 0.949058 0.206884
vn -0.145232 0.937985 0.314789
vn -0.175283 0.923928 0.340049
vn -0.916254 0.38095 -0.123914
vn -0.768486 -0.108249 -0.630643
vn -0.734836 -0.608261 -0.300059
vn 0.447927 0.868567 0.212018
vn 0.452243 0.872335 0.185762
vn 0.540449 0.809485 0.229453
vn 0.824735 0.399667 0.400099
vn 0.792791 0.392881 0.465968
vn 0.628012 -0.63183 0.454305
vn 0.169308 -0.951569 0.256616
vn 0.16476 -0.951317 0.260479
vn 0.627589 -0.639719 0.443725
vn 0.16476 -0.951317 0.260479
vn 0.169308 -0.951569 0.256616
vn -0.071586 -0.983216 0.167814
vn -0.004893 0.999921 0.011607
vn -0.0083 0.999363 0.034717
vn 0.364823 0.929921 0.046378
vn -0.0083 0.999363 0.034717
vn -0.004893 0.999921 0.011607
vn -0.387583 0.917678 0.087446
vn 0.000409 -0.930278 0.366856
vn -0.000117 -0.997526 0.070304
vn -0.092868 -0.921269 0.377676
vn -0.000117 -0.997526 0.070304
vn 0.000409 -0.930278 0.366856
vn 0.102721 -0.992993 0.058429
vn 0.163884 -0.925172 -0.342343
vn 0.109551 -0.775923 -0.621242
vn -0.117844 -0.958999 -0.257746
vn 0.109551 -0.775923 -0.621242
vn 0.163884 -0.925172 -0.342343
vn 0.523292 -0.409473 -0.747326
vn 0.9603 0.044561 -0.275387
vn 0.910104 -0.247267 -0.332521
vn 0.986341 0.030591 -0.16185
vn 0.910104 -0.247267 -0.332521
vn 0.9603 0.044561 -0.275387
vn 0.686171 -0.27934 -0.671668
vn -0.587126 0.795876 0.147865
vn -0.572536 0.812791 0.107577
vn -0.379887 0.902755 0.201793
vn -0.572536 0.812791 0.107577
vn -0.587126 0.795876 0.147865
vn -0.5782 0.814433 0.048827
vn -0.366278 0.928022 0.067945
vn -0.387583 0.917678 0.087446
vn -0.004893 0.999921 0.011607
vn -0.387583 0.917678 0.087446
vn -0.366278 0.928022 0.067945
vn -0.585804 0.787732 0.190559
vn 0.003262 -0.856283 -0.516497
vn 0.001696 -0.969581 -0.244767
vn -0.116347 -0.843489 -0.524394
vn 0.001696 -0.969581 -0.244767
vn 0.003262 -0.856283 -0.516497
vn 0.107993 -0.961145 -0.254042
vn 0.442825 0.896578 -0.007375
vn 0.461029 0.883344 0.084592
vn 0.82701 0.536742 -0.167221
vn 0.81377 -0.49307 -0.307667
vn 0.857158 -0.368669 -0.359671
vn 0.603487 -0.710569 -0.361794
vn -0.377015 0.925443 -0.037606
vn -0.388234 0.911512 -0.135721
vn -0.39556 0.90938 -0.128686
vn -0.388234 0.911512 -0.135721
vn -0.377015 0.925443 -0.037606
vn -0.292456 0.950499 -0.104985
vn -0.241183 -0.020782 -0.970257
vn -0.748461 -0.118558 -0.652495
vn -0.261407 -0.034254 -0.964621
vn -0.722392 -0.049426 -0.689715
vn -0.218931 0.024868 -0.975423
vn -0.705844 -0.038695 -0.70731
vn -0.737916 0.597841 0.313156
vn -0.827543 0.380093 0.413162
vn -0.962108 0.272406 0.011954
vn -0.962108 0.272406 0.011954
vn -0.739828 0.630002 -0.236119
vn -0.737916 0.597841 0.313156
vn -0.011208 -0.998127 0.060134
vn -0.010354 -0.993586 0.112601
vn -0.179576 -0.983099 0.035617
vn -0.010354 -0.993586 0.112601
vn -0.011208 -0.998127 0.060134
vn 0.139485 -0.983531 0.114938
vn -0.564861 0.721696 0.400109
vn -0.472085 0.71313 0.518248
vn -0.783279 0.374452 0.496247
vn -0.472085 0.71313 0.518248
vn -0.564861 0.721696 0.400109
vn -0.326209 0.904351 0.275205
vn -0.168761 -0.954511 0.245823
vn -0.163628 -0.949509 0.267692
vn -0.651144 -0.610897 0.450352
vn -0.163628 -0.949509 0.267692
vn -0.168761 -0.954511 0.245823
vn 0.077308 -0.982596 0.168905
vn 0.233247 -0.060794 0.970515
vn -0.093281 -0.111946 0.989326
vn 0.246019 -0.037322 0.968546
vn 0.74694 0.057807 0.662374
vn 0.206473 -0.051729 0.977084
vn 0.723299 0.024916 0.690085
vn 0.113241 -0.95257 0.282467
vn 0.098326 -0.953978 0.283299
vn -0.00946 -0.958506 0.284917
vn 0.098326 -0.953978 0.283299
vn 0.113241 -0.95257 0.282467
vn -0.145493 -0.89796 0.415331
vn 0.008493 -0.390139 -0.920717
vn 0.141209 -0.373422 -0.916851
vn 0.029948 0.003495 -0.999545
vn 0.029948 0.003495 -0.999545
vn -0.119945 0.004691 -0.992769
vn 0.008493 -0.390139 -0.920717
vn -0.775934 -0.460757 -0.430847
vn -0.534453 -0.401624 -0.743679
vn -0.876846 -0.049658 -0.478199
vn -0.534453 -0.401624 -0.743679
vn -0.775934 -0.460757 -0.430847
vn -0.116077 -0.769122 -0.628472
vn -0.135028 -0.984708 0.110082
vn -0.104424 -0.951688 0.288764
vn 0.193131 -0.945242 0.263093
vn 0.178198 -0.8709 0.458016
vn 0.193131 -0.945242 0.263093
vn -0.104424 -0.951688 0.288764
vn 0.08005 -0.996789 -0.00173
vn 0.08057 -0.961401 -0.263092
vn -0.149648 -0.988717 -0.006706
vn 0.08057 -0.961401 -0.263092
vn 0.08005 -0.996789 -0.00173
vn 0.002536 -0.964112 -0.265485
vn -0.001211 -0.993682 0.112225
vn -0.00623 -0.927947 0.372661
vn -0.108584 -0.985511 0.130301
vn -0.00623 -0.927947 0.372661
vn -0.001211 -0.993682 0.112225
vn 0.099023 -0.917604 0.384964
vn -0.092868 -0.921269 0.377676
vn -0.090254 -0.919968 0.381463
vn 0.000409 -0.930278 0.366856
vn -0.090254 -0.919968 0.381463
vn -0.092868 -0.921269 0.377676
vn 0.184563 -0.836027 0.516716
vn -0.623069 -0.68547 -0.376718
vn -0.722519 -0.691307 -0.007809
vn -0.892623 0.40453 -0.198946
vn -0.722519 -0.691307 -0.007809
vn -0.623069 -0.68547 -0.376718
vn -0.16793 -0.98372 -0.06399
vn -0.387459 0.911374 -0.13883
vn -0.394322 0.911205 -0.11923
vn -0.003223 0.989184 -0.146647
vn -0.394322 0.911205 -0.11923
vn -0.387459 0.911374 -0.13883
vn -0.572506 0.811225 -0.118956
vn 0.937811 0.309933 0.15637
vn 0.896903 -0.245144 0.368062
vn 0.806768 0.274849 0.523051
vn 0.655709 -0.289035 0.697499
vn 0.806768 0.274849 0.523051
vn 0.896903 -0.245144 0.368062
vn 0.114542 -0.33696 0.934525
vn 0.144513 -0.216937 0.96543
vn 0.005218 -0.344061 0.938933
vn 0.005218 -0.344061 0.938933
vn 0.019105 0.190773 0.981448
vn 0.114542 -0.33696 0.934525
vn 0.596871 0.640145 0.483693
vn 0.182873 0.981737 0.052445
vn 0.556987 0.778279 0.289911
vn 0.556987 0.778279 0.289911
vn 0.699166 0.321256 0.638719
vn 0.596871 0.640145 0.483693
vn -0.142692 -0.981352 0.128788
vn -0.155764 -0.98186 -0.108115
vn 0.106461 -0.990135 0.091101
vn -0.155764 -0.98186 -0.108115
vn -0.142692 -0.981352 0.128788
vn -0.787962 -0.587543 -0.184143
vn -0.167205 -0.968656 -0.183704
vn -0.189457 -0.968615 0.160909
vn 0.09594 -0.985111 -0.142657
vn -0.189457 -0.968615 0.160909
vn -0.167205 -0.968656 -0.183704
vn -0.759896 -0.638528 0.12182
vn -0.523344 0.847633 0.087345
vn -0.523884 0.851016 0.036292
vn -0.594528 0.785904 0.169977
vn -0.886177 0.45495 0.08781
vn -0.787044 0.444818 0.427432
vn -0.76689 -0.59226 0.247199
vn -0.66362 0.092487 -0.742331
vn -0.632492 0.113524 -0.766203
vn -0.966371 0.101895 -0.236103
vn -0.97222 0.047391 -0.22922
vn -0.657989 0.728906 -0.189065
vn -0.689722 0.053971 -0.722061
vn 0.777667 -0.360942 0.514738
vn 0.746518 -0.323822 0.581249
vn 0.561091 0.682655 0.468145
vn 0.746518 -0.323822 0.581249
vn 0.777667 -0.360942 0.514738
vn 0.193131 -0.945242 0.263093
vn -0.762954 -0.426631 0.485683
vn -0.733656 -0.368008 0.571243
vn -0.157515 -0.970996 0.179875
vn -0.733656 -0.368008 0.571243
vn -0.807254 -0.231858 0.542755
vn -0.647342 0.634597 0.422179
vn 0.982727 -0.147841 -0.11131
vn 0.736394 -0.048196 -0.674834
vn 0.976137 -0.149725 -0.157284
vn 0.764079 0.014777 -0.644954
vn 0.993359 -0.088139 -0.073953
vn 0.794651 0.025557 -0.606528
vn -0.08144 -0.961293 -0.263218
vn -0.082276 -0.996602 -0.003857
vn 0.140813 -0.943934 -0.298596
vn -0.082276 -0.996602 -0.003857
vn -0.08144 -0.961293 -0.263218
vn 0.000169 -0.999935 -0.011371
vn 0.804007 0.325041 -0.497917
vn 0.935872 0.342347 0.083317
vn 0.620552 0.78411 -0.009306
vn -0.938689 -0.182984 0.292199
vn -0.974282 -0.153189 -0.165248
vn -0.954656 -0.175742 0.240305
vn -0.640593 -0.185144 0.745226
vn -0.938689 -0.182984 0.292199
vn -0.616416 -0.158418 0.77132
vn 0.294759 0.951193 -0.091367
vn 0.288728 0.955089 0.066644
vn 0.399021 0.908726 -0.122474
vn 0.797782 0.562389 -0.217402
vn 0.849554 0.525137 -0.049883
vn 0.745601 -0.597316 -0.295452
vn 0.630343 0.76205 0.148144
vn 0.703272 0.584225 0.405079
vn 0.567719 0.802167 0.184995
vn 0.630343 0.76205 0.148144
vn 0.567719 0.802167 0.184995
vn 0.502033 0.862798 0.059517
vn 0.099023 -0.917604 0.384964
vn 0.09423 -0.927907 0.360707
vn -0.00623 -0.927947 0.372661
vn 0.09423 -0.927907 0.360707
vn 0.099023 -0.917604 0.384964
vn -0.169547 -0.869517 0.46389
vn -0.116347 -0.843489 -0.524394
vn -0.117844 -0.958999 -0.257746
vn 0.109551 -0.775923 -0.621242
vn -0.117844 -0.958999 -0.257746
vn -0.116347 -0.843489 -0.524394
vn 0.001696 -0.969581 -0.244767
vn -0.626513 0.285514 -0.725234
vn -0.621301 0.301914 -0.723072
vn -0.938546 0.276087 -0.207142
vn -0.950322 0.225814 -0.214234
vn -0.95073 0.174116 -0.256507
vn -0.588345 0.223449 -0.777123
vn -0.749832 -0.077754 -0.657044
vn -0.974282 -0.153189 -0.165248
vn -0.730864 -0.063121 -0.679598
vn -0.705844 -0.038695 -0.70731
vn -0.989851 -0.110161 -0.089771
vn -0.722392 -0.049426 -0.689715
vn -0.332465 0.934318 -0.128517
vn -0.381233 0.9164 -0.121955
vn -0.323652 0.930197 -0.173156
vn -0.267634 0.961488 -0.06255
vn -0.344696 0.938605 0.014321
vn -0.33948 0.938427 -0.0641
vn 0.568742 0.817286 -0.092606
vn 0.572533 0.814108 -0.097126
vn 0.376544 0.92278 -0.081802
vn 0.572533 0.814108 -0.097126
vn 0.568742 0.817286 -0.092606
vn 0.503454 0.858255 -0.099662
vn 0.637994 -0.727303 0.25297
vn 0.686751 -0.708681 -0.161691
vn 0.913184 -0.381458 0.143474
vn 0.686751 -0.708681 -0.161691
vn 0.637994 -0.727303 0.25297
vn 0.151367 -0.98503 -0.082492
vn 0.792458 -0.122856 0.597426
vn 0.782065 -0.087054 0.617086
vn 0.994278 0.005505 0.106679
vn 0.992649 0.069125 0.099345
vn 0.993115 0.03146 0.112843
vn 0.77092 -0.038076 0.635793
vn -0.073005 -0.995408 -0.061905
vn -0.073944 -0.957594 -0.27847
vn 0.17105 -0.984457 -0.039832
vn -0.073944 -0.957594 -0.27847
vn -0.073005 -0.995408 -0.061905
vn 0.000017 -0.963161 -0.268926
vn 0.297977 -0.2272 0.927141
vn 0.792458 -0.122856 0.597426
vn 0.354909 -0.230835 0.905955
vn 0.154178 -0.936531 -0.314864
vn 0.17105 -0.984457 -0.039832
vn -0.073944 -0.957594 -0.27847
vn 0.17105 -0.984457 -0.039832
vn 0.154178 -0.936531 -0.314864
vn 0.733263 -0.679833 0.012375
vn -0.833684 0.526937 -0.165253
vn -0.572257 0.757376 -0.31449
vn -0.887855 0.446958 -0.109279
vn -0.572257 0.757376 -0.31449
vn -0.833684 0.526937 -0.165253
vn -0.748848 0.033398 -0.6619
vn 0.186778 -0.971889 0.143339
vn 0.161406 -0.966232 -0.20086
vn -0.082928 -0.990601 0.108782
vn 0.161406 -0.966232 -0.20086
vn 0.186778 -0.971889 0.143339
vn 0.704085 -0.667257 -0.242968
vn 0.002536 -0.964112 -0.265485
vn 0.000169 -0.999935 -0.011371
vn -0.08144 -0.961293 -0.263218
vn 0.000169 -0.999935 -0.011371
vn 0.002536 -0.964112 -0.265485
vn 0.08005 -0.996789 -0.00173
vn 0.704085 -0.667257 -0.242968
vn 0.755308 -0.63997 0.141236
vn 0.947787 0.318387 -0.018127
vn 0.755308 -0.63997 0.141236
vn 0.704085 -0.667257 -0.242968
vn 0.186778 -0.971889 0.143339
vn -0.16793 -0.98372 -0.06399
vn -0.150277 -0.937519 -0.313808
vn 0.075012 -0.994916 -0.067192
vn -0.150277 -0.937519 -0.313808
vn -0.16793 -0.98372 -0.06399
vn -0.623069 -0.68547 -0.376718
vn -0.116077 -0.769122 -0.628472
vn -0.180457 -0.928526 -0.324462
vn 0.112551 -0.839517 -0.531548
vn -0.180457 -0.928526 -0.324462
vn -0.116077 -0.769122 -0.628472
vn -0.775934 -0.460757 -0.430847
vn 0.076466 -0.95898 -0.272964
vn 0.075012 -0.994916 -0.067192
vn -0.150277 -0.937519 -0.313808
vn 0.075012 -0.994916 -0.067192
vn 0.076466 -0.95898 -0.272964
vn -0.001049 -0.998316 -0.057993
vn -0.261678 -0.963075 0.063328
vn -0.179576 -0.983099 0.035617
vn -0.031144 -0.994921 0.095719
vn -0.220093 -0.959468 0.176011
vn -0.031144 -0.994921 0.095719
vn 0.040487 -0.977184 0.208499
vn -0.990832 0.018603 -0.133816
vn -0.94493 -0.273418 -0.179863
vn -0.973268 0.032867 -0.227309
vn -0.94493 -0.273418 -0.179863
vn -0.990832 0.018603 -0.133816
vn -0.956288 -0.291775 0.019522
vn -0.161901 -0.293857 0.942038
vn -0.685781 -0.308611 0.659139
vn -0.159021 -0.247967 0.955628
vn -0.639591 -0.208122 0.740006
vn -0.142315 -0.178575 0.97358
vn -0.644262 -0.26988 0.715606
vn -0.569925 0.819027 -0.066183
vn -0.581246 0.812719 -0.040501
vn -0.563609 0.823315 -0.067063
vn -0.425181 0.90187 -0.076497
vn -0.595712 0.796572 0.102956
vn -0.569925 0.819027 -0.066183
vn 0.173372 -0.962818 -0.207182
vn 0.182813 -0.969813 0.161378
vn -0.102497 -0.98079 -0.165969
vn 0.182813 -0.969813 0.161378
vn 0.173372 -0.962818 -0.207182
vn 0.764122 -0.633408 0.122114
vn 0.303174 0.951614 -0.050166
vn 0.279183 0.946017 -0.164645
vn 0.329128 0.940058 -0.089246
vn 0.329128 0.940058 -0.089246
vn 0.38603 0.92194 -0.031739
vn 0.303174 0.951614 -0.050166
vn -0.280111 -0.233259 0.931197
vn -0.779133 -0.121288 0.615013
vn -0.26735 -0.192441 0.944188
vn -0.758564 -0.023143 0.651187
vn -0.248496 -0.126497 0.960338
vn -0.781463 -0.073323 0.619628
vn 0.001603 -0.993729 0.1118
vn 0.002991 -0.986663 -0.162749
vn -0.089095 -0.986612 0.1366
vn 0.002991 -0.986663 -0.162749
vn 0.001603 -0.993729 0.1118
vn 0.100689 -0.981677 -0.161775
vn 0.613937 -0.182419 0.767988
vn 0.938952 -0.187276 0.288611
vn 0.575513 -0.147648 0.804354
vn 0.952931 -0.132168 0.272861
vn 0.609025 -0.131527 0.78217
vn 0.948501 -0.1558 0.275814
vn 0.162801 -0.284354 0.944796
vn 0.672589 -0.304907 0.674281
vn 0.225512 -0.313211 0.92252
vn 0.656518 -0.275136 0.702342
vn 0.125774 -0.250484 0.959916
vn 0.661855 -0.216397 0.717719
vn -0.738672 0.043677 0.672648
vn -0.740283 0.060881 0.669533
vn -0.98666 0.129037 0.09925
vn -0.978933 0.13689 0.151497
vn -0.970555 0.199766 0.134596
vn -0.741601 0.068372 0.667348
vn 0.342401 0.918266 -0.198868
vn 0.141375 0.964453 0.223258
vn 0.277606 0.960689 -0.003256
vn 0.412657 0.86551 -0.283915
vn 0.640587 -0.049685 -0.766276
vn 0.488793 0.584503 -0.647641
vn -0.55769 0.821976 -0.115483
vn -0.566726 0.814835 -0.121922
vn -0.376263 0.915369 -0.143266
vn -0.566726 0.814835 -0.121922
vn -0.55769 0.821976 -0.115483
vn -0.506005 0.855826 -0.107336
vn 0.940787 0.143885 -0.306947
vn 0.947262 0.142856 -0.286857
vn 0.985967 0.122737 0.113159
vn 0.97832 0.14568 0.147201
vn 0.974825 0.194772 0.108537
vn 0.948764 0.172592 -0.264687
vn -0.342401 0.918266 -0.19887
vn -0.471062 0.861405 -0.189955
vn -0.141374 0.964453 0.223259
vn -0.579608 0.664918 -0.471102
vn -0.488793 0.584502 -0.647641
vn -0.601206 -0.269558 -0.752256
vn -0.353765 -0.262679 -0.897692
vn -0.182448 -0.295557 -0.937741
vn -0.293824 -0.340801 -0.893041
vn -0.949256 0.225135 0.219609
vn -0.89936 -0.239008 0.366097
vn -0.985326 0.0813 0.150074
vn -0.89936 -0.239008 0.366097
vn -0.949256 0.225135 0.219609
vn -0.673631 -0.27439 0.686245
vn 0.143106 -0.173077 0.974456
vn -0.248496 -0.126497 0.960338
vn 0.09236 -0.105926 0.990075
vn 0.682307 -0.144667 0.716609
vn 0.958228 -0.139182 0.249857
vn 0.661855 -0.216397 0.717719
vn -0.622233 -0.736566 0.265134
vn -0.612418 -0.789306 -0.044044
vn -0.840258 -0.510598 0.182363
vn -0.612418 -0.789306 -0.044044
vn -0.622233 -0.736566 0.265134
vn -0.149648 -0.988717 -0.006706
vn 0.528905 0.847887 -0.036694
vn 0.541285 0.838216 0.066367
vn 0.442825 0.896578 -0.007375
vn 0.541285 0.838216 0.066367
vn 0.528905 0.847887 -0.036694
vn 0.567176 0.8231 0.028619
vn -0.734836 -0.608261 -0.300059
vn -0.770395 -0.621151 0.143742
vn -0.83511 0.548671 -0.039381
vn -0.770395 -0.621151 0.143742
vn -0.734836 -0.608261 -0.300059
vn -0.187464 -0.971691 0.143785
vn 0.141209 -0.373422 -0.916851
vn 0.289111 -0.33886 -0.895315
vn 0.165396 0.007071 -0.986202
vn 0.165396 0.007071 -0.986202
vn 0.029948 0.003495 -0.999545
vn 0.141209 -0.373422 -0.916851
vn -0.449944 0.868732 -0.207016
vn -0.48859 0.858531 -0.155576
vn -0.272793 0.917962 -0.287974
vn -0.48859 0.858531 -0.155576
vn -0.449944 0.868732 -0.207016
vn -0.414267 0.91009 -0.010902
vn -0.632259 0.587479 0.505091
vn -0.647342 0.634597 0.422179
vn -0.393791 0.887957 0.237615
vn -0.647342 0.634597 0.422179
vn -0.632259 0.587479 0.505091
vn -0.733656 -0.368008 0.571243
vn 0.981971 0.142889 0.12376
vn 0.939494 -0.269692 0.21123
vn 0.937811 0.309933 0.15637
vn 0.939494 -0.269692 0.21123
vn 0.981971 0.142889 0.12376
vn 0.956843 -0.290438 0.009881
vn -0.187464 -0.971691 0.143785
vn -0.164786 -0.959373 -0.229017
vn 0.091516 -0.989559 0.111344
vn -0.164786 -0.959373 -0.229017
vn -0.187464 -0.971691 0.143785
vn -0.734836 -0.608261 -0.300059
vn -0.456636 0.869014 0.19052
vn -0.456699 0.886244 0.077438
vn -0.791865 0.409213 0.453314
vn -0.541943 0.836956 0.076167
vn -0.535812 0.821646 0.194433
vn -0.565904 0.822526 0.0566
vn 0.851878 0.513724 -0.101939
vn 0.864152 0.501785 -0.038118
vn 0.965121 0.246853 -0.08721
vn 0.864152 0.501785 -0.038118
vn 0.851878 0.513724 -0.101939
vn 0.996355 0.079897 -0.029884
vn 0.001716 -0.999278 -0.037944
vn -0.002678 -0.989721 -0.142987
vn -0.029268 -0.999149 -0.029076
vn -0.029268 -0.999149 -0.029076
vn -0.01038 -0.999258 0.037081
vn 0.001716 -0.999278 -0.037944
vn 0.678365 0.551562 0.485386
vn 0.61321 0.583264 0.532707
vn 0.602504 -0.406996 0.686545
vn 0.61321 0.583264 0.532707
vn 0.678365 0.551562 0.485386
vn 0.39804 0.880783 0.256485
vn 0.330727 0.932519 0.145009
vn 0.280399 0.958991 0.04139
vn 0.45352 0.891183 0.010578
vn 0.45352 0.891183 0.010578
vn 0.4181 0.907127 -0.048096
vn 0.515074 0.847714 -0.126804
vn 0.758337 -0.6233 0.190846
vn 0.749181 -0.640862 -0.167404
vn 0.901964 0.414255 0.121873
vn 0.749181 -0.640862 -0.167404
vn 0.758337 -0.6233 0.190846
vn 0.165326 -0.964598 -0.205471
vn 0.971591 -0.211588 -0.106029
vn 0.754184 -0.136035 -0.642419
vn 0.962919 -0.220471 -0.155495
vn 0.754184 -0.136035 -0.642419
vn 0.259077 -0.036922 -0.965151
vn 0.67443 -0.137757 -0.725374
vn 0.165326 -0.964598 -0.205471
vn 0.179727 -0.979178 0.094385
vn -0.102405 -0.977276 -0.185595
vn 0.179727 -0.979178 0.094385
vn 0.165326 -0.964598 -0.205471
vn 0.758337 -0.6233 0.190846
vn 0.003092 0.993988 -0.109444
vn -0.000154 0.979164 -0.20307
vn 0.221711 0.968745 -0.111255
vn -0.000154 0.979164 -0.20307
vn 0.003092 0.993988 -0.109444
vn -0.244292 0.951146 -0.188791
vn 0.23561 -0.967959 0.086849
vn 0.371282 -0.919798 0.126969
vn 0.004594 -0.994978 0.099991
vn 0.004594 -0.994978 0.099991
vn -0.157515 -0.970996 0.179875
vn 0.23561 -0.967959 0.086849
vn 0.206473 -0.051729 0.977084
vn 0.74694 0.057807 0.662374
vn 0.250181 -0.030202 0.967728
vn 0.270042 -0.055107 0.96127
vn 0.746846 0.017194 0.664774
vn 0.243537 -0.134837 0.960473
vn -0.176954 -0.981164 0.077494
vn -0.161061 -0.96394 -0.211846
vn 0.102721 -0.992993 0.058429
vn -0.161061 -0.96394 -0.211846
vn -0.176954 -0.981164 0.077494
vn -0.73441 -0.659413 -0.160675
vn -0.118035 -0.1046 0.987485
vn -0.628136 -0.145045 0.764465
vn -0.107721 -0.083908 0.990634
vn -0.943409 -0.187031 0.273859
vn -0.639591 -0.208122 0.740006
vn -0.937614 -0.232418 0.258576
vn -0.006778 0.986668 -0.162605
vn -0.003223 0.989184 -0.146647
vn 0.377534 0.916073 -0.1352
vn -0.003223 0.989184 -0.146647
vn -0.006778 0.986668 -0.162605
vn -0.387459 0.911374 -0.13883
vn 0.976316 0.122405 0.178393
vn 0.985967 0.122737 0.113159
vn 0.947262 0.142856 -0.286857
vn 0.992649 0.069125 0.099345
vn 0.980075 0.105434 0.168337
vn 0.977096 0.103604 -0.185874
vn -0.937614 -0.232418 0.258576
vn -0.976023 -0.193094 -0.10047
vn -0.943409 -0.187031 0.273859
vn -0.976023 -0.193094 -0.10047
vn -0.937614 -0.232418 0.258576
vn -0.973962 -0.209678 -0.086219
vn 0.235585 0.953526 -0.18785
vn 0.247412 0.926093 -0.284851
vn 0.398498 0.908643 -0.124767
vn 0.247412 0.926093 -0.284851
vn 0.235585 0.953526 -0.18785
vn -0.000456 0.953612 -0.30104
vn 0.913184 -0.381458 0.143474
vn 0.859805 -0.460847 0.219897
vn 0.637994 -0.727303 0.25297
vn 0.279183 0.946017 -0.164645
vn 0.354826 0.920782 -0.162046
vn 0.349293 0.925717 -0.145062
vn -0.001731 0.963702 0.266976
vn 0.00177 0.968339 0.249631
vn 0.362589 0.897703 0.250316
vn 0.00177 0.968339 0.249631
vn -0.001731 0.963702 0.266976
vn -0.345422 0.922027 0.174784
vn -0.964687 -0.137523 0.224648
vn -0.677503 -0.118565 0.725901
vn -0.954656 -0.175742 0.240305
vn -0.677503 -0.118565 0.725901
vn -0.964687 -0.137523 0.224648
vn -0.683165 -0.07574 0.726325
vn -0.224225 0.968052 0.112239
vn -0.288049 0.95113 0.111262
vn -0.310884 0.950436 -0.004804
vn -0.288049 0.95113 0.111262
vn -0.224225 0.968052 0.112239
vn -0.145232 0.937985 0.314789
vn 0.259077 -0.036922 -0.965151
vn -0.121748 0.014578 -0.992454
vn 0.205777 -0.036358 -0.977923
vn -0.0 -0.940317 0.340299
vn 0.054299 -0.971782 0.229548
vn -0.390589 -0.903488 0.176495
vn 0.371282 -0.919798 0.126969
vn 0.054299 -0.971782 0.229548
vn -0.0 -0.940317 0.340299
vn 0.526911 0.846838 0.072323
vn 0.523475 0.847521 0.087651
vn 0.901964 0.414255 0.121873
vn 0.929798 0.368069 0.000529
vn 0.901964 0.414255 0.121873
vn 0.749181 -0.640862 -0.167404
vn -0.989443 0.138759 0.041808
vn -0.82963 0.558297 0.004297
vn -0.970524 0.23998 -0.022186
vn -0.912028 0.409028 -0.030004
vn -0.970524 0.23998 -0.022186
vn -0.82963 0.558297 0.004297
vn 0.217718 -0.965041 0.145928
vn 0.183309 -0.974854 -0.126715
vn -0.108584 -0.985511 0.130301
vn 0.183309 -0.974854 -0.126715
vn 0.217718 -0.965041 0.145928
vn 0.80109 -0.555048 -0.224002
vn -0.62791 0.139524 -0.765677
vn -0.664116 0.142266 -0.733968
vn -0.966315 0.142837 -0.214086
vn -0.955774 0.129071 -0.264267
vn -0.966371 0.101895 -0.236103
vn -0.632492 0.113524 -0.766203
vn 0.083432 -0.987529 0.133513
vn 0.09594 -0.985111 -0.142657
vn -0.189457 -0.968615 0.160909
vn 0.09594 -0.985111 -0.142657
vn 0.083432 -0.987529 0.133513
vn -0.001887 -0.991288 -0.1317
vn 0.1039 -0.976101 -0.190873
vn 0.102721 -0.992993 0.058429
vn -0.161061 -0.96394 -0.211846
vn 0.102721 -0.992993 0.058429
vn 0.1039 -0.976101 -0.190873
vn -0.000117 -0.997526 0.070304
vn -0.072228 0.077629 -0.994363
vn 0.196466 0.047043 -0.979382
vn -0.081679 0.085439 -0.99299
vn -0.101916 0.114044 -0.988234
vn 0.270584 0.054003 -0.96118
vn -0.063552 0.15936 -0.985173
vn -0.567144 0.822356 -0.045588
vn -0.565904 0.822526 0.0566
vn -0.363322 0.93071 -0.042152
vn -0.565904 0.822526 0.0566
vn -0.567144 0.822356 -0.045588
vn -0.541943 0.836956 0.076167
vn -0.033771 -0.99919 -0.021893
vn -0.017942 -0.999093 0.038608
vn -0.029268 -0.999149 -0.029076
vn 0.005482 -0.982593 0.185692
vn -0.116325 -0.988904 0.092395
vn 0.152674 -0.972722 0.174649
vn -0.722031 0.337002 0.604235
vn -0.704139 0.338242 0.624324
vn -0.488481 0.707839 0.510245
vn -0.026007 0.999315 0.026341
vn -0.000489 0.999711 -0.024044
vn 0.158024 0.987219 -0.02066
vn -0.000489 0.999711 -0.024044
vn -0.026007 0.999315 0.026341
vn -0.1824 0.982354 -0.041366
vn -0.758564 -0.023143 0.651187
vn -0.781463 -0.073323 0.619628
vn -0.989608 0.064013 0.128753
vn -0.989608 0.064013 0.128753
vn -0.980249 0.097966 0.171799
vn -0.758564 -0.023143 0.651187
vn 0.4059 0.906828 0.113613
vn 0.396224 0.895626 0.202139
vn 0.613703 0.780153 0.121363
vn 0.396224 0.895626 0.202139
vn 0.4059 0.906828 0.113613
vn 0.000407 0.981683 0.190519
vn -0.735231 0.174801 0.654889
vn -0.716579 0.127555 0.685743
vn -0.957126 0.237508 0.16583
vn -0.716579 0.127555 0.685743
vn -0.741601 0.068372 0.667348
vn -0.970555 0.199766 0.134596
vn 0.237762 0.908874 0.342662
vn 0.166599 0.930215 0.327025
vn 0.561091 0.682655 0.468145
vn 0.561091 0.682655 0.468145
vn 0.491914 0.725073 0.481965
vn 0.777667 -0.360942 0.514738
vn -0.094681 -0.974915 -0.201437
vn -0.083335 -0.995743 -0.039375
vn 0.164987 -0.959253 -0.229376
vn -0.083335 -0.995743 -0.039375
vn -0.094681 -0.974915 -0.201437
vn -0.00284 -0.999656 -0.026086
vn 0.167537 0.972164 0.163793
vn 0.269027 0.905355 -0.328569
vn 0.0 0.99907 -0.043114
vn 0.0 0.99907 -0.043114
vn 0.0 0.995255 0.097303
vn 0.167537 0.972164 0.163793
vn -0.240456 0.901315 0.360295
vn -0.326209 0.904351 0.275205
vn -0.560138 0.675734 0.479196
vn -0.488481 0.707839 0.510245
vn -0.560138 0.675734 0.479196
vn -0.722031 0.337002 0.604235
vn 0.682687 0.056691 -0.728509
vn 0.163501 0.016935 -0.986398
vn 0.664427 0.299495 -0.684718
vn 0.682687 0.056691 -0.728509
vn 0.664427 0.299495 -0.684718
vn 0.969934 0.046531 -0.238877
vn -0.822021 0.537506 0.188067
vn -0.91396 0.40535 0.019166
vn -0.420023 0.895321 0.148259
vn -0.91396 0.40535 0.019166
vn -0.916557 0.374123 0.141261
vn -0.7003 -0.689036 -0.186573
vn 0.675301 0.10172 -0.730494
vn 0.071247 0.047019 -0.99635
vn 0.679745 0.082418 -0.728803
vn 0.123062 0.082425 -0.98897
vn 0.609305 0.133145 -0.781677
vn 0.087246 0.085073 -0.992548
vn 0.090733 0.920773 0.379401
vn 0.170033 0.931582 0.321315
vn 0.073585 0.91039 0.407155
vn 0.170033 0.931582 0.321315
vn 0.241081 0.925409 0.2924
vn 0.066187 0.929588 0.362609
vn 0.110275 -0.992322 -0.055999
vn 0.106461 -0.990135 0.091101
vn -0.155764 -0.98186 -0.108115
vn 0.106461 -0.990135 0.091101
vn 0.110275 -0.992322 -0.055999
vn 0.004757 -0.998389 0.05654
vn 0.847831 0.530266 -0.000515
vn 0.981971 0.142889 0.12376
vn 0.723248 0.687759 -0.062451
vn 0.723248 0.687759 -0.062451
vn 0.937447 0.341088 0.069665
vn 0.847831 0.530266 -0.000515
vn -0.121762 -0.991031 -0.055066
vn -0.108584 -0.985511 0.130301
vn 0.183309 -0.974854 -0.126715
vn -0.108584 -0.985511 0.130301
vn -0.121762 -0.991031 -0.055066
vn -0.001211 -0.993682 0.112225
vn -0.595712 0.796572 0.102956
vn -0.425181 0.90187 -0.076497
vn -0.575657 0.750634 0.324295
vn -0.575657 0.750634 0.324295
vn -0.556986 0.778279 0.289911
vn -0.630124 0.493365 0.599612
vn 0.304014 0.817463 0.489214
vn 0.311862 0.752898 0.579558
vn 0.219896 0.828718 0.514657
vn 0.311862 0.752898 0.579558
vn 0.304014 0.817463 0.489214
vn 0.437364 0.775992 0.454477
vn 0.362282 0.893948 0.263835
vn 0.352768 0.924897 0.141848
vn 0.241081 0.925409 0.2924
vn 0.146942 0.955721 0.254963
vn 0.241081 0.925409 0.2924
vn 0.352768 0.924897 0.141848
vn -0.094404 0.204909 -0.974218
vn -0.073872 0.219959 -0.972708
vn -0.626513 0.285514 -0.725234
vn -0.063552 0.15936 -0.985173
vn -0.588345 0.223449 -0.777123
vn -0.101916 0.114044 -0.988234
vn 0.252993 0.853086 0.456332
vn 0.219896 0.828718 0.514657
vn -0.027697 0.876527 0.480556
vn -0.235357 0.847219 0.476264
vn -0.210578 0.832205 0.512924
vn -0.265399 0.840376 0.472579
vn -0.967456 0.086718 0.237718
vn -0.962108 0.272406 0.011954
vn -0.827543 0.380093 0.413162
vn -0.827543 0.380093 0.413162
vn -0.636247 0.470326 0.611541
vn -0.967456 0.086718 0.237718
vn 0.270584 0.054003 -0.96118
vn 0.736394 -0.048196 -0.674834
vn 0.313229 0.089431 -0.945457
vn 0.764079 0.014777 -0.644954
vn 0.794651 0.025557 -0.606528
vn 0.271582 0.135203 -0.952871
vn 0.572206 0.813585 0.103245
vn 0.852499 0.522661 -0.008386
vn 0.280399 0.958991 0.04139
vn 0.852499 0.522661 -0.008386
vn 0.866954 0.497846 -0.023215
vn 0.755308 -0.63997 0.141236
vn 0.121369 -0.118943 0.985455
vn 0.613937 -0.182419 0.767988
vn 0.107541 -0.093758 0.98977
vn 0.682384 -0.16768 0.711502
vn 0.143943 -0.09759 0.984762
vn 0.698585 -0.117981 0.705733
vn 0.975845 -0.186145 -0.114355
vn 0.944794 -0.229331 0.234034
vn 0.980177 -0.155167 -0.123188
vn 0.980177 -0.155167 -0.123188
vn 0.746916 -0.088381 -0.659018
vn 0.975845 -0.186145 -0.114355
vn 0.001716 -0.999278 -0.037944
vn 0.005603 -0.999299 0.037023
vn 0.03214 -0.998622 -0.041497
vn 0.005603 -0.999299 0.037023
vn -0.001177 -0.98007 0.198649
vn 0.008079 -0.998802 0.048266
vn -0.693761 0.716776 -0.070202
vn -0.942411 0.332934 0.031889
vn -0.420184 0.907429 0.004364
vn -0.420184 0.907429 0.004364
vn -0.708705 0.683503 0.174818
vn -0.693761 0.716776 -0.070202
vn -0.1952 -0.907944 0.370858
vn -0.425865 -0.795169 0.431677
vn -0.412918 -0.846879 0.335103
vn -0.412918 -0.846879 0.335103
vn -0.425865 -0.795169 0.431677
vn -0.000001 -0.877881 0.478878
vn -0.730864 -0.063121 -0.679598
vn -0.260202 0.030123 -0.965084
vn -0.749832 -0.077754 -0.657044
vn -0.765794 -0.055611 -0.640677
vn -0.257073 0.052866 -0.964945
vn -0.716545 0.002855 -0.697535
vn 0.425864 -0.795169 0.431677
vn 0.1952 -0.907943 0.370858
vn 0.412918 -0.846879 0.335103
vn 0.412918 -0.846879 0.335103
vn -0.000001 -0.877881 0.478878
vn 0.425864 -0.795169 0.431677
vn 0.436412 0.891081 0.124574
vn 0.452726 0.887524 0.085672
vn 0.893641 0.392428 0.217731
vn 0.893641 0.392428 0.217731
vn 0.931577 0.363028 0.01937
vn 0.705352 -0.703156 0.089728
vn 0.246019 -0.037322 0.968546
vn -0.142828 -0.105709 0.984086
vn 0.219371 0.002581 0.975638
vn -0.102449 -0.041175 0.993886
vn 0.219371 0.002581 0.975638
vn -0.142828 -0.105709 0.984086
vn -0.199346 0.971186 0.130612
vn -0.202488 0.976955 0.067507
vn -0.200342 0.961855 0.186275
vn -0.019503 -0.980538 0.195359
vn -0.01038 -0.999258 0.037081
vn -0.050727 -0.983269 0.174951
vn -0.050727 -0.983269 0.174951
vn -0.074409 -0.940062 0.332785
vn -0.019503 -0.980538 0.195359
vn 0.037946 -0.99879 -0.031288
vn 0.036842 -0.991757 -0.122718
vn 0.03214 -0.998622 -0.041497
vn -0.284612 0.953421 -0.099921
vn -0.292456 0.950499 -0.104985
vn -0.742787 0.66654 -0.063181
vn -0.860082 0.507513 -0.051869
vn -0.858043 0.513578 0.00034
vn -0.759896 -0.638528 0.12182
vn 0.782065 -0.087054 0.617086
vn 0.77092 -0.038076 0.635793
vn 0.993115 0.03146 0.112843
vn 0.782065 -0.087054 0.617086
vn 0.284661 -0.188503 0.939912
vn 0.77092 -0.038076 0.635793
vn 0.709458 0.320619 0.627593
vn 0.788957 0.026409 0.613881
vn 0.596871 0.640145 0.483693
vn 0.244667 -0.952447 0.181612
vn 0.040487 -0.977184 0.208499
vn -0.031144 -0.994921 0.095719
vn 0.728434 0.156937 0.6669
vn 0.731797 0.19247 0.65378
vn 0.964312 0.23708 0.11788
vn 0.974825 0.194772 0.108537
vn 0.97832 0.14568 0.147201
vn 0.720318 0.104584 0.685715
vn -0.017268 0.392417 0.919625
vn 0.014986 0.959828 0.280188
vn 0.218149 0.405358 0.887748
vn 0.014986 0.959828 0.280188
vn -0.017268 0.392417 0.919625
vn -0.149063 0.968953 0.197256
vn -0.071586 -0.983216 0.167814
vn -0.074641 -0.982578 0.170205
vn -0.000714 -0.987254 0.15915
vn -0.074641 -0.982578 0.170205
vn -0.071586 -0.983216 0.167814
vn 0.169308 -0.951569 0.256616
vn 0.747699 -0.321016 0.581287
vn 0.225512 -0.313211 0.92252
vn 0.672589 -0.304907 0.674281
vn -0.089095 -0.986612 0.1366
vn -0.102497 -0.98079 -0.165969
vn 0.182813 -0.969813 0.161378
vn -0.102497 -0.98079 -0.165969
vn -0.089095 -0.986612 0.1366
vn 0.002991 -0.986663 -0.162749
vn -0.759896 -0.638528 0.12182
vn -0.72245 -0.64441 -0.250601
vn -0.860082 0.507513 -0.051869
vn -0.72245 -0.64441 -0.250601
vn -0.759896 -0.638528 0.12182
vn -0.167205 -0.968656 -0.183704
vn -0.085252 0.971033 0.22322
vn -0.076444 0.994071 0.077328
vn -0.378107 0.912162 0.158101
vn -0.776612 0.53306 -0.33574
vn -0.684047 0.728128 -0.043681
vn -0.775934 -0.460757 -0.430847
vn -0.261678 -0.963075 0.063328
vn -0.390589 -0.903488 0.176495
vn -0.027271 -0.989942 0.138824
vn -0.031144 -0.994921 0.095719
vn -0.220093 -0.959468 0.176011
vn -0.261678 -0.963075 0.063328
vn -0.631657 0.76771 0.107845
vn -0.737916 0.597841 0.313156
vn -0.739828 0.630002 -0.236119
vn -0.631657 0.76771 0.107845
vn -0.739828 0.630002 -0.236119
vn -0.447228 0.893887 -0.030886
vn 0.0 0.832054 -0.554695
vn 0.0 0.884551 -0.466444
vn 0.305265 0.585203 -0.751232
vn 0.0 0.832054 -0.554695
vn -0.305266 0.585204 -0.751232
vn 0.0 0.884551 -0.466444
vn 0.612475 0.143812 -0.777298
vn 0.087246 0.085073 -0.992548
vn 0.609305 0.133145 -0.781677
vn 0.086513 0.108819 -0.99029
vn 0.60132 0.180158 -0.778432
vn 0.131677 0.171234 -0.976391
vn 0.747898 -0.074046 -0.659671
vn 0.976137 -0.149725 -0.157284
vn 0.736394 -0.048196 -0.674834
vn 0.985286 -0.139329 -0.09899
vn 0.752798 -0.068404 -0.654688
vn 0.989881 -0.110038 -0.089599
vn 0.077308 -0.982596 0.168905
vn 0.07227 -0.983692 0.164703
vn -0.002751 -0.986929 0.161132
vn 0.07227 -0.983692 0.164703
vn 0.077308 -0.982596 0.168905
vn -0.168761 -0.954511 0.245823
vn -0.102239 -0.993047 0.05835
vn -0.102405 -0.977276 -0.185595
vn 0.179727 -0.979178 0.094385
vn -0.102405 -0.977276 -0.185595
vn -0.102239 -0.993047 0.05835
vn -0.002818 -0.985186 -0.171465
vn -0.551312 0.822189 0.141634
vn -0.576386 0.815154 0.057462
vn -0.60989 0.786044 0.100839
vn -0.576386 0.815154 0.057462
vn -0.551312 0.822189 0.141634
vn -0.466621 0.879772 0.090921
vn -0.76689 -0.59226 0.247199
vn -0.781491 -0.584627 -0.217905
vn -0.886177 0.45495 0.08781
vn -0.781491 -0.584627 -0.217905
vn -0.76689 -0.59226 0.247199
vn -0.195068 -0.975246 -0.104129
vn -0.748461 -0.118558 -0.652495
vn -0.241183 -0.020782 -0.970257
vn -0.751394 -0.08853 -0.653888
vn -0.751394 -0.08853 -0.653888
vn -0.980192 -0.155495 -0.122661
vn -0.748461 -0.118558 -0.652495
vn 0.80109 -0.555048 -0.224002
vn 0.798848 -0.559552 0.22078
vn 0.886102 0.454004 -0.093292
vn 0.798848 -0.559552 0.22078
vn 0.80109 -0.555048 -0.224002
vn 0.217718 -0.965041 0.145928
vn 0.645479 0.283367 -0.709267
vn 0.748326 0.247772 -0.615318
vn 0.949053 0.267424 -0.166684
vn 0.748326 0.247772 -0.615318
vn 0.60132 0.180158 -0.778432
vn 0.945812 0.221149 -0.237765
vn -0.788623 0.01841 -0.614601
vn -0.716545 0.002855 -0.697535
vn -0.247716 0.145174 -0.957894
vn -0.162306 0.118589 -0.979588
vn -0.716545 0.002855 -0.697535
vn -0.257073 0.052866 -0.964945
vn 0.994278 0.005505 0.106679
vn 0.988929 -0.011819 0.14792
vn 0.792458 -0.122856 0.597426
vn 0.171456 -0.985047 -0.016914
vn 0.164987 -0.959253 -0.229376
vn -0.083335 -0.995743 -0.039375
vn 0.164987 -0.959253 -0.229376
vn 0.171456 -0.985047 -0.016914
vn 0.715209 -0.675357 -0.179912
vn -0.159835 -0.960749 -0.226747
vn -0.168308 -0.985722 0.005002
vn 0.094144 -0.975185 -0.200379
vn -0.168308 -0.985722 0.005002
vn -0.159835 -0.960749 -0.226747
vn -0.693752 -0.714281 0.092253
vn -0.000714 -0.987254 0.15915
vn -0.001049 -0.998316 -0.057993
vn -0.071586 -0.983216 0.167814
vn -0.001049 -0.998316 -0.057993
vn -0.000714 -0.987254 0.15915
vn 0.075012 -0.994916 -0.067192
vn -0.302911 0.928631 -0.214217
vn -0.272793 0.917962 -0.287974
vn -0.48859 0.858531 -0.155576
vn -0.272793 0.917962 -0.287974
vn -0.302911 0.928631 -0.214217
vn -0.004755 0.948872 -0.315626
vn 0.398498 0.908643 -0.124767
vn 0.417257 0.881413 -0.221379
vn 0.37914 0.924863 -0.029691
vn 0.399021 0.908726 -0.122474
vn 0.37914 0.924863 -0.029691
vn 0.417257 0.881413 -0.221379
vn 0.084471 -0.996089 -0.025914
vn 0.094144 -0.975185 -0.200379
vn -0.168308 -0.985722 0.005002
vn 0.094144 -0.975185 -0.200379
vn 0.084471 -0.996089 -0.025914
vn -0.003146 -0.983432 -0.181248
vn -0.693752 -0.714281 0.092253
vn -0.7003 -0.689036 -0.186573
vn -0.993712 -0.058202 0.095649
vn -0.7003 -0.689036 -0.186573
vn -0.693752 -0.714281 0.092253
vn -0.159835 -0.960749 -0.226747
vn -0.310884 0.950436 -0.004804
vn -0.345868 0.937335 -0.042174
vn -0.204952 0.977609 -0.047697
vn -0.345868 0.937335 -0.042174
vn -0.310884 0.950436 -0.004804
vn -0.288049 0.95113 0.111262
vn 0.764122 -0.633408 0.122114
vn 0.745601 -0.597316 -0.295452
vn 0.849554 0.525137 -0.049883
vn 0.745601 -0.597316 -0.295452
vn 0.764122 -0.633408 0.122114
vn 0.173372 -0.962818 -0.207182
vn 0.609 0.782867 0.127432
vn 0.588335 0.784251 0.197011
vn 0.406265 0.909325 0.089869
vn 0.588335 0.784251 0.197011
vn 0.609 0.782867 0.127432
vn 0.540449 0.809485 0.229453
vn 0.071083 0.995942 0.055189
vn 0.088168 0.976188 0.1982
vn 0.6398 0.767476 -0.040451
vn 0.216701 0.973731 0.069914
vn 0.212432 0.977002 0.018432
vn 0.311936 0.949634 -0.029866
vn 0.597901 0.767589 0.230914
vn 0.613703 0.780153 0.121363
vn 0.396224 0.895626 0.202139
vn 0.613703 0.780153 0.121363
vn 0.597901 0.767589 0.230914
vn 0.596585 0.795774 0.104069
vn -0.1012 -0.984028 -0.146449
vn -0.082928 -0.990601 0.108782
vn 0.161406 -0.966232 -0.20086
vn -0.082928 -0.990601 0.108782
vn -0.1012 -0.984028 -0.146449
vn -0.000656 -0.994051 0.108918
vn -0.149063 0.968953 0.197256
vn -0.200342 0.961855 0.186275
vn -0.202488 0.976955 0.067507
vn -0.200342 0.961855 0.186275
vn -0.149063 0.968953 0.197256
vn -0.038386 0.931547 0.361589
vn -0.00284 -0.999656 -0.026086
vn -0.002751 -0.986929 0.161132
vn -0.083335 -0.995743 -0.039375
vn -0.002751 -0.986929 0.161132
vn -0.00284 -0.999656 -0.026086
vn 0.077308 -0.982596 0.168905
vn -0.705397 0.584943 0.400321
vn -0.640542 0.746925 0.178353
vn -0.539664 0.774495 0.330031
vn -0.460185 0.875122 0.149634
vn -0.426373 0.875763 0.226374
vn -0.538332 0.819926 0.194729
vn -0.157515 -0.970996 0.179875
vn -0.182654 -0.941159 0.284355
vn 0.166075 -0.984481 0.056712
vn -0.182654 -0.941159 0.284355
vn -0.157515 -0.970996 0.179875
vn -0.733656 -0.368008 0.571243
vn 0.160979 0.983456 0.083065
vn 0.183104 0.974554 0.129296
vn 0.15486 0.972014 0.176655
vn 0.974269 -0.102595 0.200686
vn 0.699099 -0.079403 0.710603
vn 0.976053 -0.0844 0.200493
vn 0.698585 -0.117981 0.705733
vn 0.965646 -0.136063 0.221391
vn 0.682384 -0.16768 0.711502
vn -0.978833 0.120467 0.165449
vn -0.98666 0.129037 0.09925
vn -0.740283 0.060881 0.669533
vn -0.73518 0.031065 0.67716
vn -0.758564 -0.023143 0.651187
vn -0.980249 0.097966 0.171799
vn -0.308809 0.766654 0.56292
vn -0.296859 0.825425 0.480155
vn -0.239674 0.817903 0.523059
vn -0.296859 0.825425 0.480155
vn -0.308809 0.766654 0.56292
vn -0.299718 0.850626 0.431977
vn -0.831071 -0.395139 -0.391391
vn -0.89686 -0.430601 -0.10112
vn -0.60976 0.775969 -0.161448
vn -0.89686 -0.430601 -0.10112
vn -0.831071 -0.395139 -0.391391
vn -0.222936 -0.974626 -0.020081
vn -0.51773 0.853035 0.065482
vn -0.511544 0.856707 0.066155
vn -0.87682 0.42729 0.220477
vn -0.87682 0.42729 0.220477
vn -0.915332 0.401776 0.027279
vn -0.763 -0.617198 0.192086
vn 0.575657 0.750634 0.324295
vn 0.595713 0.796572 0.102956
vn 0.0 0.930231 0.366975
vn 0.630124 0.493365 0.599612
vn 0.575657 0.750634 0.324295
vn 0.162044 0.621511 0.766463
vn -0.002818 -0.985186 -0.171465
vn -0.003146 -0.983432 -0.181248
vn -0.102405 -0.977276 -0.185595
vn -0.003146 -0.983432 -0.181248
vn -0.002818 -0.985186 -0.171465
vn 0.094144 -0.975185 -0.200379
vn 0.152674 -0.972722 0.174649
vn 0.004594 -0.994978 0.099991
vn 0.371282 -0.919798 0.126969
vn 0.152674 -0.972722 0.174649
vn 0.371282 -0.919798 0.126969
vn 0.412918 -0.846879 0.335103
vn -0.73441 -0.659413 -0.160675
vn -0.763 -0.617198 0.192086
vn -0.915332 0.401776 0.027279
vn -0.763 -0.617198 0.192086
vn -0.73441 -0.659413 -0.160675
vn -0.176954 -0.981164 0.077494
vn -0.948153 0.149772 -0.28031
vn -0.966315 0.142837 -0.214086
vn -0.664116 0.142266 -0.733968
vn -0.604466 0.16088 -0.780217
vn -0.588345 0.223449 -0.777123
vn -0.95073 0.174116 -0.256507
vn 0.958228 -0.139182 0.249857
vn 0.988262 -0.119671 -0.094955
vn 0.938557 -0.199461 0.281649
vn 0.938557 -0.199461 0.281649
vn 0.661855 -0.216397 0.717719
vn 0.958228 -0.139182 0.249857
vn 0.590758 0.790894 0.15966
vn 0.592318 0.800818 0.0886
vn 0.524642 0.84651 0.090402
vn 0.592318 0.800818 0.0886
vn 0.590758 0.790894 0.15966
vn 0.583759 0.795372 0.163119
vn 0.311936 0.949634 -0.029866
vn 0.296598 0.954011 -0.04351
vn 0.206429 0.977537 -0.042531
vn 0.296598 0.954011 -0.04351
vn 0.311936 0.949634 -0.029866
vn 0.212432 0.977002 0.018432
vn -0.323652 0.930197 -0.173156
vn -0.267634 0.961488 -0.06255
vn -0.332465 0.934318 -0.128517
vn -0.833475 -0.536855 -0.130787
vn -0.840258 -0.510598 0.182363
vn -0.612418 -0.789306 -0.044044
vn 0.148922 -0.986135 -0.073212
vn 0.141622 -0.973332 0.180466
vn -0.121398 -0.991581 -0.045047
vn 0.141622 -0.973332 0.180466
vn 0.148922 -0.986135 -0.073212
vn 0.781167 -0.539319 0.314503
vn 0.425364 0.878567 0.217223
vn 0.39804 0.880783 0.256485
vn 0.678365 0.551562 0.485386
vn 0.596137 0.67802 0.430011
vn 0.57054 0.738683 0.35893
vn 0.751194 0.404838 0.521357
vn -0.591328 -0.339629 0.731426
vn -0.925085 -0.272006 0.265009
vn -0.685781 -0.308611 0.659139
vn 0.67443 -0.137757 -0.725374
vn 0.962919 -0.220471 -0.155495
vn 0.754184 -0.136035 -0.642419
vn 0.417676 0.908587 0.004142
vn 0.303174 0.951614 -0.050166
vn 0.38603 0.92194 -0.031739
vn 0.82701 0.536742 -0.167221
vn 0.417676 0.908587 0.004142
vn 0.442825 0.896578 -0.007375
vn 0.35713 0.932143 -0.059726
vn 0.354782 0.934939 -0.004284
vn 0.566945 0.822372 -0.047721
vn 0.354782 0.934939 -0.004284
vn 0.35713 0.932143 -0.059726
vn 0.000421 0.999893 -0.01465
vn 0.542082 0.81451 0.206692
vn 0.540449 0.809485 0.229453
vn 0.452243 0.872335 0.185762
vn 0.540449 0.809485 0.229453
vn 0.542082 0.81451 0.206692
vn 0.588335 0.784251 0.197011
vn 0.356187 0.01554 -0.934285
vn 0.165396 0.007071 -0.986202
vn 0.289111 -0.33886 -0.895315
vn 0.06162 -0.078411 0.995015
vn 0.609025 -0.131527 0.78217
vn 0.09236 -0.105926 0.990075
vn 0.575513 -0.147648 0.804354
vn 0.107541 -0.093758 0.98977
vn 0.613937 -0.182419 0.767988
vn -0.003206 0.998237 0.059259
vn -0.004112 0.997014 0.077115
vn 0.406265 0.909325 0.089869
vn -0.004112 0.997014 0.077115
vn -0.003206 0.998237 0.059259
vn -0.409333 0.909918 0.067041
vn -0.002678 -0.989721 -0.142987
vn 0.001716 -0.999278 -0.037944
vn 0.019769 -0.990742 -0.134315
vn 0.019769 -0.990742 -0.134315
vn 0.018081 -0.967399 -0.25261
vn -0.002678 -0.989721 -0.142987
vn 0.238797 0.946672 0.216307
vn 0.288728 0.955089 0.066644
vn 0.227085 0.939335 0.257065
vn 0.227085 0.939335 0.257065
vn 0.155864 0.920635 0.357963
vn 0.238797 0.946672 0.216307
vn 0.100689 -0.981677 -0.161775
vn 0.091516 -0.989559 0.111344
vn -0.164786 -0.959373 -0.229017
vn 0.091516 -0.989559 0.111344
vn 0.100689 -0.981677 -0.161775
vn 0.001603 -0.993729 0.1118
vn -0.637067 -0.151948 0.755683
vn -0.055315 -0.084909 0.994852
vn -0.585378 -0.121796 0.80156
vn -0.055315 -0.084909 0.994852
vn -0.637067 -0.151948 0.755683
vn -0.093281 -0.111946 0.989326
vn 0.966086 0.132133 -0.221852
vn 0.977096 0.103604 -0.185874
vn 0.980075 0.105434 0.168337
vn 0.977096 0.103604 -0.185874
vn 0.966086 0.132133 -0.221852
vn 0.675301 0.10172 -0.730494
vn 0.734078 0.055715 0.676776
vn 0.74694 0.057807 0.662374
vn 0.976316 0.122405 0.178393
vn 0.734078 0.055715 0.676776
vn 0.250181 -0.030202 0.967728
vn 0.74694 0.057807 0.662374
vn -0.128092 -0.005551 0.991747
vn 0.273231 0.06476 0.959766
vn -0.102449 -0.041175 0.993886
vn -0.677503 -0.118565 0.725901
vn -0.102449 -0.041175 0.993886
vn -0.616416 -0.158418 0.77132
vn -0.935227 -0.272695 0.225803
vn -0.985326 0.0813 0.150074
vn -0.89936 -0.239008 0.366097
vn -0.985326 0.0813 0.150074
vn -0.935227 -0.272695 0.225803
vn -0.998356 -0.043207 0.037667
vn -0.240338 0.057842 0.968964
vn 0.122203 -0.004113 0.992497
vn -0.251889 0.012141 0.96768
vn -0.716579 0.127555 0.685743
vn -0.251889 0.012141 0.96768
vn -0.741601 0.068372 0.667348
vn -0.519281 0.849848 0.090033
vn -0.51773 0.853035 0.065482
vn -0.760815 0.465778 0.451897
vn -0.603324 0.793234 0.082335
vn -0.597538 0.785296 0.162044
vn -0.613667 0.780222 0.121103
vn -0.468316 0.755259 -0.458546
vn -0.689722 0.053971 -0.722061
vn -0.657989 0.728906 -0.189065
vn 0.939677 -0.281096 -0.194918
vn 0.986341 0.030591 -0.16185
vn 0.910104 -0.247267 -0.332521
vn 0.986341 0.030591 -0.16185
vn 0.939677 -0.281096 -0.194918
vn 0.996355 0.079897 -0.029884
vn 0.375768 0.580147 -0.722653
vn 0.453696 0.8911 -0.010084
vn 0.1164 0.78501 -0.608449
vn 0.453696 0.8911 -0.010084
vn 0.375768 0.580147 -0.722653
vn 0.620552 0.78411 -0.009306
vn 0.513534 0.852758 -0.095325
vn 0.505522 0.855423 -0.112694
vn 0.397374 0.911543 -0.10575
vn 0.505522 0.855423 -0.112694
vn 0.513534 0.852758 -0.095325
vn 0.572983 0.812763 -0.105393
vn 0.585629 0.789072 0.185485
vn 0.6398 0.767476 -0.040451
vn 0.088168 0.976188 0.1982
vn 0.6398 0.767476 -0.040451
vn 0.712315 0.701454 0.023889
vn 0.877828 -0.475095 -0.060844
vn 0.110215 0.872759 0.475547
vn 0.125102 0.860708 0.49349
vn 0.220954 0.744166 0.630394
vn 0.012377 0.870537 0.491947
vn 0.01064 0.845686 0.533574
vn 0.233055 0.803558 0.547704
vn -0.447228 0.893887 -0.030886
vn -0.469274 0.676742 -0.567276
vn -0.308794 0.916418 0.254607
vn -0.469274 0.676742 -0.567276
vn -0.447228 0.893887 -0.030886
vn -0.739828 0.630002 -0.236119
vn -0.613667 0.780222 0.121103
vn -0.596153 0.769378 0.229475
vn -0.408071 0.904621 0.123041
vn -0.596153 0.769378 0.229475
vn -0.613667 0.780222 0.121103
vn -0.597538 0.785296 0.162044
vn -0.248496 -0.126497 0.960338
vn 0.143106 -0.173077 0.974456
vn -0.26735 -0.192441 0.944188
vn -0.26735 -0.192441 0.944188
vn -0.781463 -0.073323 0.619628
vn -0.248496 -0.126497 0.960338
vn -0.220412 -0.963535 -0.15172
vn -0.222936 -0.974626 -0.020081
vn -0.831071 -0.395139 -0.391391
vn -0.222936 -0.974626 -0.020081
vn -0.220412 -0.963535 -0.15172
vn 0.10225 -0.994703 -0.010579
vn -0.409333 0.909918 0.067041
vn -0.408588 0.9108 0.059154
vn -0.61972 0.783594 0.043902
vn -0.408588 0.9108 0.059154
vn -0.409333 0.909918 0.067041
vn -0.003206 0.998237 0.059259
vn -0.142315 -0.178575 0.97358
vn 0.243537 -0.134837 0.960473
vn -0.159021 -0.247967 0.955628
vn -0.159021 -0.247967 0.955628
vn -0.644262 -0.26988 0.715606
vn -0.142315 -0.178575 0.97358
vn -0.266794 0.854984 0.444773
vn -0.308794 0.916418 0.254607
vn -0.342356 0.935964 0.082246
vn -0.308794 0.916418 0.254607
vn -0.266794 0.854984 0.444773
vn -0.298382 0.917123 0.264298
vn -0.234994 0.881952 0.408582
vn -0.299718 0.850626 0.431977
vn -0.159156 0.934395 0.318709
vn -0.159156 0.934395 0.318709
vn -0.174526 0.981645 0.076897
vn -0.234994 0.881952 0.408582
vn 0.214626 -0.976142 -0.032906
vn 0.163884 -0.925172 -0.342343
vn -0.105701 -0.993863 -0.032627
vn 0.163884 -0.925172 -0.342343
vn 0.214626 -0.976142 -0.032906
vn 0.744961 -0.528308 -0.407337
vn -0.472085 0.71313 0.518248
vn -0.299718 0.850626 0.431977
vn -0.308809 0.766654 0.56292
vn -0.299718 0.850626 0.431977
vn -0.472085 0.71313 0.518248
vn -0.240456 0.901315 0.360295
vn 0.139485 -0.983531 0.114938
vn 0.166075 -0.984481 0.056712
vn -0.182654 -0.941159 0.284355
vn 0.166075 -0.984481 0.056712
vn 0.139485 -0.983531 0.114938
vn -0.011208 -0.998127 0.060134
vn -0.959129 -0.131693 0.250455
vn -0.989851 -0.110161 -0.089771
vn -0.952322 -0.15787 0.261076
vn -0.952322 -0.15787 0.261076
vn -0.637067 -0.151948 0.755683
vn -0.959129 -0.131693 0.250455
vn 0.425181 0.90187 -0.076497
vn 0.556987 0.778279 0.289911
vn 0.182873 0.981737 0.052445
vn 0.556987 0.778279 0.289911
vn 0.425181 0.90187 -0.076497
vn 0.575657 0.750634 0.324295
vn -0.425181 0.90187 -0.076497
vn -0.174526 0.981645 0.076897
vn -0.556986 0.778279 0.289911
vn -0.556986 0.778279 0.289911
vn -0.575657 0.750634 0.324295
vn -0.425181 0.90187 -0.076497
vn 0.26002 0.876584 0.404957
vn 0.317838 0.843846 0.432323
vn 0.295358 0.843922 0.447838
vn 0.295358 0.843922 0.447838
vn 0.443424 0.866831 0.227988
vn 0.26002 0.876584 0.404957
vn -0.3592 0.908341 0.214224
vn -0.379887 0.902755 0.201793
vn -0.572536 0.812791 0.107577
vn -0.379887 0.902755 0.201793
vn -0.3592 0.908341 0.214224
vn 0.003144 0.974267 0.225377
vn 0.515074 0.847714 -0.126804
vn 0.541375 0.832847 -0.115237
vn 0.45352 0.891183 0.010578
vn 0.541375 0.832847 -0.115237
vn 0.515074 0.847714 -0.126804
vn 0.354583 0.920698 -0.163053
vn 0.574954 0.804848 0.147129
vn 0.567176 0.8231 0.028619
vn 0.364823 0.929921 0.046378
vn 0.567176 0.8231 0.028619
vn 0.574954 0.804848 0.147129
vn 0.541285 0.838216 0.066367
vn 0.155864 0.920635 0.357963
vn 0.585629 0.789072 0.185485
vn 0.159337 0.94552 0.283908
vn 0.159337 0.94552 0.283908
vn 0.238797 0.946672 0.216307
vn 0.155864 0.920635 0.357963
vn -0.39556 0.90938 -0.128686
vn -0.417534 0.883785 -0.211161
vn -0.244292 0.951146 -0.188791
vn -0.417534 0.883785 -0.211161
vn -0.39556 0.90938 -0.128686
vn -0.388234 0.911512 -0.135721
vn 0.386227 0.917187 0.097962
vn 0.406265 0.909325 0.089869
vn 0.588335 0.784251 0.197011
vn 0.406265 0.909325 0.089869
vn 0.386227 0.917187 0.097962
vn -0.003206 0.998237 0.059259
vn -0.868215 0.494071 -0.045785
vn -0.875062 0.470831 -0.112177
vn -0.787962 -0.587543 -0.184143
vn -0.875062 0.470831 -0.112177
vn -0.868215 0.494071 -0.045785
vn -0.516248 0.856322 0.014148
vn 0.193131 -0.945242 0.263093
vn 0.124903 -0.983942 0.127507
vn -0.135028 -0.984708 0.110082
vn 0.124903 -0.983942 0.127507
vn 0.193131 -0.945242 0.263093
vn 0.777667 -0.360942 0.514738
vn -0.556162 0.748469 0.361218
vn -0.526227 0.842008 0.118776
vn 0.090733 0.920773 0.379401
vn 0.090733 0.920773 0.379401
vn 0.110215 0.872759 0.475547
vn -0.556162 0.748469 0.361218
vn 0.507597 0.86152 0.011294
vn 0.493168 0.868008 0.057849
vn 0.886102 0.454004 -0.093292
vn 0.864682 0.449756 0.223706
vn 0.886102 0.454004 -0.093292
vn 0.798848 -0.559552 0.22078
vn -0.0 -0.650514 -0.759494
vn -0.0 -0.624696 -0.780868
vn 0.074471 -0.545843 -0.834572
vn -0.074471 -0.545843 -0.834572
vn -0.0 -0.624696 -0.780868
vn -0.0 -0.650514 -0.759494
vn -0.390589 -0.903488 0.176495
vn -0.261678 -0.963075 0.063328
vn -0.220093 -0.959468 0.176011
vn -0.390589 -0.903488 0.176495
vn -0.220093 -0.959468 0.176011
vn -0.412918 -0.846879 0.335103
vn 0.399021 0.908726 -0.122474
vn 0.412816 0.902386 -0.123624
vn 0.294759 0.951193 -0.091367
vn 0.412816 0.902386 -0.123624
vn 0.399021 0.908726 -0.122474
vn 0.450936 0.866211 -0.215256
vn -0.48859 0.858531 -0.155576
vn -0.517516 0.846904 -0.122194
vn -0.302911 0.928631 -0.214217
vn -0.517516 0.846904 -0.122194
vn -0.48859 0.858531 -0.155576
vn -0.46113 0.887315 0.005632
vn 0.703272 0.584225 0.405079
vn 0.751194 0.404838 0.521357
vn 0.57054 0.738683 0.35893
vn 0.729116 0.612483 0.305377
vn 0.803146 0.379523 0.459259
vn 0.703272 0.584225 0.405079
vn 0.095741 0.223825 -0.969916
vn 0.094778 0.207323 -0.973671
vn 0.640358 0.307819 -0.703696
vn 0.094778 0.207323 -0.973671
vn 0.095741 0.223825 -0.969916
vn -0.247716 0.145174 -0.957894
vn 0.13279 0.014939 0.991032
vn 0.698782 -0.054588 0.713249
vn 0.122203 -0.004113 0.992497
vn 0.122203 -0.004113 0.992497
vn -0.240338 0.057842 0.968964
vn 0.13279 0.014939 0.991032
vn -0.957126 0.237508 0.16583
vn -0.970555 0.199766 0.134596
vn -0.938546 0.276087 -0.207142
vn -0.970555 0.199766 0.134596
vn -0.957126 0.237508 0.16583
vn -0.716579 0.127555 0.685743
vn -0.195068 -0.975246 -0.104129
vn -0.209712 -0.954791 0.210702
vn 0.107027 -0.99306 -0.04876
vn -0.209712 -0.954791 0.210702
vn -0.195068 -0.975246 -0.104129
vn -0.76689 -0.59226 0.247199
vn -0.386174 0.917705 0.093205
vn -0.404632 0.91441 -0.011284
vn -0.490519 0.871365 -0.010701
vn -0.46113 0.887315 0.005632
vn -0.490519 0.871365 -0.010701
vn -0.517516 0.846904 -0.122194
vn 0.243537 -0.134837 0.960473
vn 0.77092 -0.038076 0.635793
vn 0.284661 -0.188503 0.939912
vn 0.77092 -0.038076 0.635793
vn 0.243537 -0.134837 0.960473
vn 0.746846 0.017194 0.664774
vn 0.143106 -0.173077 0.974456
vn 0.661855 -0.216397 0.717719
vn 0.125774 -0.250484 0.959916
vn 0.661855 -0.216397 0.717719
vn 0.143106 -0.173077 0.974456
vn 0.682307 -0.144667 0.716609
vn 0.163501 0.016935 -0.986398
vn -0.261407 -0.034254 -0.964621
vn 0.07899 0.005916 -0.996858
vn 0.055105 0.716484 -0.695424
vn 0.664427 0.299495 -0.684718
vn 0.163501 0.016935 -0.986398
vn -0.524097 0.844038 0.113679
vn -0.495769 0.86705 0.049369
vn -0.345422 0.922027 0.174784
vn -0.495769 0.86705 0.049369
vn -0.524097 0.844038 0.113679
vn -0.640542 0.746925 0.178353
vn -0.974282 -0.153189 -0.165248
vn -0.938689 -0.182984 0.292199
vn -0.984655 -0.136311 -0.108971
vn -0.984655 -0.136311 -0.108971
vn -0.730864 -0.063121 -0.679598
vn -0.974282 -0.153189 -0.165248
vn 0.766037 -0.017251 -0.642565
vn 0.313229 0.089431 -0.945457
vn 0.736394 -0.048196 -0.674834
vn 0.736394 -0.048196 -0.674834
vn 0.982727 -0.147841 -0.11131
vn 0.766037 -0.017251 -0.642565
vn -0.000656 -0.994051 0.108918
vn 0.001603 -0.993729 0.1118
vn -0.082928 -0.990601 0.108782
vn 0.001603 -0.993729 0.1118
vn -0.000656 -0.994051 0.108918
vn 0.091516 -0.989559 0.111344
vn 0.263212 0.918022 -0.296574
vn 0.247412 0.926093 -0.284851
vn -0.004755 0.948872 -0.315626
vn 0.247412 0.926093 -0.284851
vn 0.263212 0.918022 -0.296574
vn 0.417257 0.881413 -0.221379
vn -0.011844 0.967816 -0.251378
vn -0.00887 0.980227 -0.197675
vn 0.303423 0.928862 -0.212484
vn -0.00887 0.980227 -0.197675
vn -0.011844 0.967816 -0.251378
vn -0.33425 0.92678 -0.171334
vn 0.682307 -0.144667 0.716609
vn 0.09236 -0.105926 0.990075
vn 0.609025 -0.131527 0.78217
vn 0.09236 -0.105926 0.990075
vn 0.682307 -0.144667 0.716609
vn 0.143106 -0.173077 0.974456
vn -0.109047 0.048379 -0.992859
vn 0.285349 -0.010502 -0.958366
vn -0.100177 0.064583 -0.992871
vn -0.100177 0.064583 -0.992871
vn -0.632492 0.113524 -0.766203
vn -0.109047 0.048379 -0.992859
vn -0.027271 -0.989942 0.138824
vn -0.011208 -0.998127 0.060134
vn -0.261678 -0.963075 0.063328
vn -0.011208 -0.998127 0.060134
vn -0.027271 -0.989942 0.138824
vn 0.166075 -0.984481 0.056712
vn -0.285032 0.954924 -0.082928
vn -0.282667 0.958459 -0.038156
vn -0.177732 0.984015 -0.011254
vn -0.219909 0.971541 -0.08802
vn -0.221426 0.974489 0.036617
vn -0.285032 0.954924 -0.082928
vn -0.326209 0.904351 0.275205
vn -0.393791 0.887957 0.237615
vn -0.647342 0.634597 0.422179
vn -0.647342 0.634597 0.422179
vn -0.560138 0.675734 0.479196
vn -0.326209 0.904351 0.275205
vn -0.950322 0.225814 -0.214234
vn -0.938546 0.276087 -0.207142
vn -0.970555 0.199766 0.134596
vn -0.938546 0.276087 -0.207142
vn -0.950322 0.225814 -0.214234
vn -0.626513 0.285514 -0.725234
vn 0.620552 0.78411 -0.009306
vn 0.729116 0.612483 0.305377
vn 0.630343 0.76205 0.148144
vn 0.620552 0.78411 -0.009306
vn 0.630343 0.76205 0.148144
vn 0.453696 0.8911 -0.010084
vn -0.366278 0.928022 0.067945
vn -0.357802 0.933781 0.005533
vn -0.57339 0.805254 0.150964
vn -0.357802 0.933781 0.005533
vn -0.366278 0.928022 0.067945
vn 0.000421 0.999893 -0.01465
vn 0.803146 0.379523 0.459259
vn 0.729116 0.612483 0.305377
vn 0.926099 0.218616 0.307487
vn 0.935872 0.342347 0.083317
vn 0.926099 0.218616 0.307487
vn 0.729116 0.612483 0.305377
vn 0.715209 -0.675357 -0.179912
vn 0.705352 -0.703156 0.089728
vn 0.931577 0.363028 0.01937
vn 0.705352 -0.703156 0.089728
vn 0.715209 -0.675357 -0.179912
vn 0.171456 -0.985047 -0.016914
vn 0.938952 -0.187276 0.288611
vn 0.613937 -0.182419 0.767988
vn 0.938463 -0.183196 0.29279
vn 0.938463 -0.183196 0.29279
vn 0.682384 -0.16768 0.711502
vn 0.965646 -0.136063 0.221391
vn -0.954656 -0.175742 0.240305
vn -0.616416 -0.158418 0.77132
vn -0.938689 -0.182984 0.292199
vn -0.616416 -0.158418 0.77132
vn -0.954656 -0.175742 0.240305
vn -0.677503 -0.118565 0.725901
vn 0.271044 0.956686 0.106241
vn 0.338602 0.939004 0.060174
vn 0.159337 0.94552 0.283908
vn 0.338602 0.939004 0.060174
vn 0.271044 0.956686 0.106241
vn 0.369434 0.927022 -0.064415
vn -0.442965 0.875281 0.194077
vn -0.420023 0.895321 0.148259
vn -0.532186 0.814823 0.229872
vn -0.532186 0.814823 0.229872
vn -0.551312 0.822189 0.141634
vn -0.585804 0.787732 0.190559
vn 0.246019 -0.037322 0.968546
vn 0.742622 0.056454 0.667328
vn 0.233247 -0.060794 0.970515
vn 0.742622 0.056454 0.667328
vn 0.246019 -0.037322 0.968546
vn 0.720318 0.104584 0.685715
vn -0.72555 0.030561 0.687491
vn -0.738672 0.043677 0.672648
vn -0.986684 0.119565 0.11027
vn -0.72555 0.030561 0.687491
vn -0.218208 -0.063446 0.973838
vn -0.738672 0.043677 0.672648
vn -0.737916 0.597841 0.313156
vn -0.631657 0.76771 0.107845
vn -0.705397 0.584943 0.400321
vn -0.705397 0.584943 0.400321
vn -0.783279 0.374452 0.496247
vn -0.737916 0.597841 0.313156
vn 0.349293 0.925717 -0.145062
vn 0.329128 0.940058 -0.089246
vn 0.279183 0.946017 -0.164645
vn 0.329128 0.940058 -0.089246
vn 0.349293 0.925717 -0.145062
vn 0.503454 0.858255 -0.099662
vn 0.285349 -0.010502 -0.958366
vn -0.109047 0.048379 -0.992859
vn 0.247688 -0.014097 -0.968737
vn 0.247688 -0.014097 -0.968737
vn 0.769425 -0.122146 -0.626949
vn 0.285349 -0.010502 -0.958366
vn -0.51075 0.854706 -0.092802
vn -0.524046 0.848167 -0.077383
vn -0.573285 0.814007 -0.093471
vn -0.524046 0.848167 -0.077383
vn -0.51075 0.854706 -0.092802
vn -0.406373 0.912939 -0.037472
vn 0.581246 0.812719 -0.040501
vn 0.569926 0.819027 -0.066183
vn 0.563609 0.823315 -0.067063
vn 0.563609 0.823315 -0.067063
vn 0.569926 0.819027 -0.066183
vn 0.443424 0.866831 0.227988
vn 0.645479 0.283367 -0.709267
vn 0.640358 0.307819 -0.703696
vn 0.094778 0.207323 -0.973671
vn 0.640358 0.307819 -0.703696
vn 0.645479 0.283367 -0.709267
vn 0.943349 0.290413 -0.160477
vn -0.581246 0.812719 -0.040501
vn -0.569925 0.819027 -0.066183
vn -0.595712 0.796572 0.102956
vn -0.595712 0.796572 0.102956
vn 0.0 0.983739 0.179602
vn -0.581246 0.812719 -0.040501
vn 0.143943 -0.09759 0.984762
vn -0.248188 -0.039744 0.967896
vn 0.125415 -0.04984 0.990852
vn -0.251889 0.012141 0.96768
vn 0.125415 -0.04984 0.990852
vn -0.248188 -0.039744 0.967896
vn 0.949053 0.267424 -0.166684
vn 0.945812 0.221149 -0.237765
vn 0.964312 0.23708 0.11788
vn 0.945812 0.221149 -0.237765
vn 0.949053 0.267424 -0.166684
vn 0.748326 0.247772 -0.615318
vn 0.877828 -0.475095 -0.060844
vn 0.846706 -0.372951 -0.379469
vn 0.6398 0.767476 -0.040451
vn 0.846706 -0.372951 -0.379469
vn 0.877828 -0.475095 -0.060844
vn 0.213972 -0.973299 -0.083097
vn 0.581246 0.812719 -0.040501
vn 0.595713 0.796572 0.102956
vn 0.569926 0.819027 -0.066183
vn 0.595713 0.796572 0.102956
vn 0.581246 0.812719 -0.040501
vn 0.0 0.983739 0.179602
vn 0.127761 0.979915 0.153116
vn 0.362599 0.913531 -0.184346
vn 0.141375 0.964453 0.223258
vn 0.279496 0.957731 -0.068065
vn 0.24771 0.968574 0.02246
vn 0.222524 0.974111 0.039894
vn 0.656518 -0.275136 0.702342
vn 0.944794 -0.229331 0.234034
vn 0.672589 -0.304907 0.674281
vn 0.672589 -0.304907 0.674281
vn 0.162801 -0.284354 0.944796
vn 0.656518 -0.275136 0.702342
vn -0.626513 0.285514 -0.725234
vn -0.588345 0.223449 -0.777123
vn -0.094404 0.204909 -0.974218
vn -0.588345 0.223449 -0.777123
vn -0.626513 0.285514 -0.725234
vn -0.950322 0.225814 -0.214234
vn -0.73518 0.031065 0.67716
vn -0.269676 -0.063351 0.960865
vn -0.758564 -0.023143 0.651187
vn -0.248496 -0.126497 0.960338
vn -0.758564 -0.023143 0.651187
vn -0.269676 -0.063351 0.960865
vn 0.219371 0.002581 0.975638
vn -0.102449 -0.041175 0.993886
vn 0.273231 0.06476 0.959766
vn 0.273231 0.06476 0.959766
vn 0.728434 0.156937 0.6669
vn 0.219371 0.002581 0.975638
vn -0.242551 0.0019 -0.970137
vn 0.071247 0.047019 -0.99635
vn -0.218931 0.024868 -0.975423
vn -0.218931 0.024868 -0.975423
vn -0.722392 -0.049426 -0.689715
vn -0.242551 0.0019 -0.970137
vn 0.982727 -0.147841 -0.11131
vn 0.938463 -0.183196 0.29279
vn 0.990396 -0.117144 -0.073433
vn 0.990396 -0.117144 -0.073433
vn 0.766037 -0.017251 -0.642565
vn 0.982727 -0.147841 -0.11131
vn -0.247716 0.145174 -0.957894
vn -0.162306 0.118589 -0.979588
vn 0.094778 0.207323 -0.973671
vn -0.162306 0.118589 -0.979588
vn -0.247716 0.145174 -0.957894
vn -0.716545 0.002855 -0.697535
vn 0.452726 0.887524 0.085672
vn 0.436412 0.891081 0.124574
vn 0.566668 0.821804 0.059375
vn 0.566668 0.821804 0.059375
vn 0.549562 0.823867 0.138653
vn 0.616782 0.785525 0.050305
vn -0.628136 -0.145045 0.764465
vn -0.118035 -0.1046 0.987485
vn -0.639591 -0.208122 0.740006
vn -0.142315 -0.178575 0.97358
vn -0.639591 -0.208122 0.740006
vn -0.118035 -0.1046 0.987485
vn -0.253424 0.925258 -0.282265
vn -0.244292 0.951146 -0.188791
vn -0.417534 0.883785 -0.211161
vn -0.244292 0.951146 -0.188791
vn -0.253424 0.925258 -0.282265
vn -0.000154 0.979164 -0.20307
vn -0.639591 -0.208122 0.740006
vn -0.943409 -0.187031 0.273859
vn -0.628136 -0.145045 0.764465
vn -0.95875 -0.144047 0.245048
vn -0.628136 -0.145045 0.764465
vn -0.943409 -0.187031 0.273859
vn -0.239674 0.817903 0.523059
vn -0.213838 0.761476 0.611905
vn -0.308809 0.766654 0.56292
vn -0.116455 0.861253 0.494653
vn 0.34511 0.662207 0.665117
vn -0.206926 0.769905 0.603679
vn -0.507138 0.859423 -0.064838
vn -0.506005 0.855826 -0.107336
vn -0.55769 0.821976 -0.115483
vn -0.506005 0.855826 -0.107336
vn -0.507138 0.859423 -0.064838
vn -0.381233 0.9164 -0.121955
vn 0.596387 0.482286 0.641656
vn 0.803146 0.379523 0.459259
vn 0.624429 0.282817 0.728082
vn 0.596387 0.482286 0.641656
vn 0.624429 0.282817 0.728082
vn 0.296085 0.683068 0.667647
vn 0.974825 0.194772 0.108537
vn 0.964312 0.23708 0.11788
vn 0.945812 0.221149 -0.237765
vn 0.964312 0.23708 0.11788
vn 0.974825 0.194772 0.108537
vn 0.728434 0.156937 0.6669
vn -0.094404 0.204909 -0.974218
vn -0.063552 0.15936 -0.985173
vn 0.271582 0.135203 -0.952871
vn -0.063552 0.15936 -0.985173
vn -0.094404 0.204909 -0.974218
vn -0.588345 0.223449 -0.777123
vn -0.585804 0.787732 0.190559
vn -0.57339 0.805254 0.150964
vn -0.532186 0.814823 0.229872
vn -0.57339 0.805254 0.150964
vn -0.585804 0.787732 0.190559
vn -0.366278 0.928022 0.067945
vn 0.398498 0.908643 -0.124767
vn 0.369434 0.927022 -0.064415
vn 0.235585 0.953526 -0.18785
vn 0.369434 0.927022 -0.064415
vn 0.398498 0.908643 -0.124767
vn 0.338602 0.939004 0.060174
vn 0.560424 0.826623 0.051179
vn 0.227085 0.939335 0.257065
vn 0.288728 0.955089 0.066644
vn 0.288728 0.955089 0.066644
vn 0.294759 0.951193 -0.091367
vn 0.797782 0.562389 -0.217402
vn -0.563609 0.823315 -0.067063
vn -0.581246 0.812719 -0.040501
vn 0.000001 0.989089 -0.147321
vn -0.563609 0.823315 -0.067063
vn 0.0 0.999637 -0.026943
vn -0.427185 0.884152 0.189177
vn 0.317838 0.843846 0.432323
vn 0.26002 0.876584 0.404957
vn 0.237762 0.908874 0.342662
vn 0.237762 0.908874 0.342662
vn 0.339146 0.896673 0.284531
vn 0.317838 0.843846 0.432323
vn 0.488233 0.860347 -0.146395
vn 0.450936 0.866211 -0.215256
vn 0.303423 0.928862 -0.212484
vn 0.450936 0.866211 -0.215256
vn 0.488233 0.860347 -0.146395
vn 0.412816 0.902386 -0.123624
vn 0.45352 0.891183 0.010578
vn 0.489447 0.872029 0.0026
vn 0.330727 0.932519 0.145009
vn 0.489447 0.872029 0.0026
vn 0.45352 0.891183 0.010578
vn 0.541375 0.832847 -0.115237
vn -0.223187 0.972619 -0.064803
vn -0.204952 0.977609 -0.047697
vn -0.345868 0.937335 -0.042174
vn -0.204952 0.977609 -0.047697
vn -0.223187 0.972619 -0.064803
vn -0.008393 0.997755 -0.066441
vn -0.159156 0.934395 0.318709
vn -0.240456 0.901315 0.360295
vn -0.488481 0.707839 0.510245
vn -0.560138 0.675734 0.479196
vn -0.488481 0.707839 0.510245
vn -0.240456 0.901315 0.360295
vn 0.77092 -0.038076 0.635793
vn 0.746846 0.017194 0.664774
vn 0.992649 0.069125 0.099345
vn 0.980075 0.105434 0.168337
vn 0.992649 0.069125 0.099345
vn 0.746846 0.017194 0.664774
vn 0.285369 0.956631 -0.058501
vn 0.279496 0.957731 -0.068065
vn 0.184667 0.982551 -0.022189
vn 0.219909 0.971541 -0.08802
vn 0.0 0.999601 0.028263
vn 0.158024 0.987219 -0.02066
vn -0.956288 -0.291775 0.019522
vn -0.998356 -0.043207 0.037667
vn -0.935227 -0.272695 0.225803
vn -0.998356 -0.043207 0.037667
vn -0.956288 -0.291775 0.019522
vn -0.990832 0.018603 -0.133816
vn -0.000154 0.979164 -0.20307
vn -0.000456 0.953612 -0.30104
vn 0.235585 0.953526 -0.18785
vn -0.000456 0.953612 -0.30104
vn -0.000154 0.979164 -0.20307
vn -0.253424 0.925258 -0.282265
vn -0.980192 -0.155495 -0.122661
vn -0.943409 -0.187031 0.273859
vn -0.976023 -0.193094 -0.10047
vn -0.976023 -0.193094 -0.10047
vn -0.748461 -0.118558 -0.652495
vn -0.980192 -0.155495 -0.122661
vn -0.167537 0.972164 0.163792
vn 0.0 0.99907 -0.043114
vn -0.269027 0.905355 -0.328569
vn 0.0 0.99907 -0.043114
vn -0.167537 0.972164 0.163792
vn 0.0 0.995255 0.097303
vn 0.502033 0.862798 0.059517
vn 0.519017 0.845769 0.123679
vn 0.352768 0.924897 0.141848
vn 0.519017 0.845769 0.123679
vn 0.502033 0.862798 0.059517
vn 0.567719 0.802167 0.184995
vn 0.584111 0.810165 0.04946
vn 0.553593 0.826256 0.104098
vn 0.507597 0.86152 0.011294
vn 0.553593 0.826256 0.104098
vn 0.584111 0.810165 0.04946
vn 0.53843 0.826402 0.164783
vn 0.938557 -0.199461 0.281649
vn 0.980177 -0.155167 -0.123188
vn 0.944794 -0.229331 0.234034
vn 0.944794 -0.229331 0.234034
vn 0.656518 -0.275136 0.702342
vn 0.938557 -0.199461 0.281649
vn -0.292456 0.950499 -0.104985
vn -0.284612 0.953421 -0.099921
vn -0.388234 0.911512 -0.135721
vn -0.388234 0.911512 -0.135721
vn -0.391494 0.913831 -0.107912
vn -0.417534 0.883785 -0.211161
vn -0.376263 0.915369 -0.143266
vn -0.357966 0.920253 -0.158098
vn -0.55769 0.821976 -0.115483
vn -0.357966 0.920253 -0.158098
vn -0.376263 0.915369 -0.143266
vn -0.005493 0.983036 -0.183332
vn -0.335224 0.928081 0.162145
vn -0.234994 0.881952 0.408582
vn -0.174526 0.981645 0.076897
vn -0.174526 0.981645 0.076897
vn -0.425181 0.90187 -0.076497
vn -0.335224 0.928081 0.162145
vn 0.775778 -0.142048 0.614809
vn 0.792458 -0.122856 0.597426
vn 0.988929 -0.011819 0.14792
vn 0.775778 -0.142048 0.614809
vn 0.354909 -0.230835 0.905955
vn 0.792458 -0.122856 0.597426
vn -0.683165 -0.07574 0.726325
vn -0.128092 -0.005551 0.991747
vn -0.677503 -0.118565 0.725901
vn -0.102449 -0.041175 0.993886
vn -0.677503 -0.118565 0.725901
vn -0.128092 -0.005551 0.991747
vn -0.735231 0.174801 0.654889
vn -0.240338 0.057842 0.968964
vn -0.716579 0.127555 0.685743
vn -0.251889 0.012141 0.96768
vn -0.716579 0.127555 0.685743
vn -0.240338 0.057842 0.968964
vn -0.685781 -0.308611 0.659139
vn -0.936895 -0.250598 0.24378
vn -0.644262 -0.26988 0.715606
vn -0.644262 -0.26988 0.715606
vn -0.159021 -0.247967 0.955628
vn -0.685781 -0.308611 0.659139
vn -0.777102 0.116885 0.618426
vn -0.967456 0.086718 0.237718
vn -0.636247 0.470326 0.611541
vn -0.777102 0.116885 0.618426
vn -0.636247 0.470326 0.611541
vn -0.28415 0.369213 0.88484
vn 0.10225 -0.994703 -0.010579
vn 0.107993 -0.961145 -0.254042
vn -0.222936 -0.974626 -0.020081
vn 0.107993 -0.961145 -0.254042
vn 0.10225 -0.994703 -0.010579
vn 0.001696 -0.969581 -0.244767
vn 0.182873 0.981737 0.052445
vn 0.166599 0.930215 0.327025
vn 0.310673 0.94033 0.138785
vn 0.182873 0.981737 0.052445
vn 0.310673 0.94033 0.138785
vn 0.425181 0.90187 -0.076497
vn -0.553461 0.827038 0.098434
vn -0.5782 0.814433 0.048827
vn -0.498627 0.865447 0.048715
vn -0.498627 0.865447 0.048715
vn -0.460185 0.875122 0.149634
vn -0.553461 0.827038 0.098434
vn 0.35713 0.932143 -0.059726
vn 0.376544 0.92278 -0.081802
vn 0.007858 0.999047 -0.042938
vn 0.376544 0.92278 -0.081802
vn 0.35713 0.932143 -0.059726
vn 0.568742 0.817286 -0.092606
vn -0.989608 0.064013 0.128753
vn -0.994901 0.030287 0.096202
vn -0.966371 0.101895 -0.236103
vn -0.994901 0.030287 0.096202
vn -0.989608 0.064013 0.128753
vn -0.781463 -0.073323 0.619628
vn -0.017873 -0.988978 -0.146981
vn -0.023583 -0.97156 -0.235617
vn -0.030487 -0.990388 -0.134918
vn -0.030487 -0.990388 -0.134918
vn -0.033771 -0.99919 -0.021893
vn -0.017873 -0.988978 -0.146981
vn -0.720366 0.191481 0.666639
vn -0.735231 0.174801 0.654889
vn -0.9487 0.253517 0.188939
vn -0.720366 0.191481 0.666639
vn -0.259482 0.084003 0.962088
vn -0.735231 0.174801 0.654889
vn -0.683165 -0.07574 0.726325
vn -0.965815 -0.096799 0.240484
vn -0.663937 -0.051115 0.746039
vn -0.663937 -0.051115 0.746039
vn -0.147142 0.011644 0.989047
vn -0.683165 -0.07574 0.726325
vn -0.3933 0.89473 0.211598
vn -0.408071 0.904621 0.123041
vn -0.596153 0.769378 0.229475
vn -0.408071 0.904621 0.123041
vn -0.3933 0.89473 0.211598
vn 0.005339 0.991081 0.133151
vn 0.005339 0.991081 0.133151
vn 0.000407 0.981683 0.190519
vn 0.4059 0.906828 0.113613
vn 0.000407 0.981683 0.190519
vn 0.005339 0.991081 0.133151
vn -0.3933 0.89473 0.211598
vn 0.339146 0.896673 0.284531
vn 0.39804 0.880783 0.256485
vn 0.437364 0.775992 0.454477
vn 0.437364 0.775992 0.454477
vn 0.317838 0.843846 0.432323
vn 0.339146 0.896673 0.284531
vn -0.381233 0.9164 -0.121955
vn -0.404632 0.91441 -0.011284
vn -0.396497 0.909327 -0.126155
vn -0.396497 0.909327 -0.126155
vn -0.323652 0.930197 -0.173156
vn -0.381233 0.9164 -0.121955
vn -0.406373 0.912939 -0.037472
vn -0.33948 0.938427 -0.0641
vn -0.6038 0.789863 -0.107432
vn -0.6038 0.789863 -0.107432
vn -0.892623 0.40453 -0.198946
vn -0.406373 0.912939 -0.037472
vn -0.288049 0.95113 0.111262
vn -0.352504 0.935301 0.030884
vn -0.345868 0.937335 -0.042174
vn -0.352504 0.935301 0.030884
vn -0.288049 0.95113 0.111262
vn -0.23767 0.949058 0.206884
vn 0.748326 0.247772 -0.615318
vn 0.131677 0.171234 -0.976391
vn 0.60132 0.180158 -0.778432
vn 0.748326 0.247772 -0.615318
vn 0.645479 0.283367 -0.709267
vn 0.131677 0.171234 -0.976391
vn 0.313229 0.089431 -0.945457
vn 0.271582 0.135203 -0.952871
vn -0.063552 0.15936 -0.985173
vn 0.271582 0.135203 -0.952871
vn 0.313229 0.089431 -0.945457
vn 0.764079 0.014777 -0.644954
vn -0.716545 0.002855 -0.697535
vn -0.985587 -0.107887 -0.130305
vn -0.765794 -0.055611 -0.640677
vn -0.976875 -0.143332 -0.158654
vn -0.765794 -0.055611 -0.640677
vn -0.985587 -0.107887 -0.130305
vn 0.167537 0.972164 0.163793
vn 0.212673 0.972975 0.089942
vn 0.141375 0.964453 0.223258
vn 0.212673 0.972975 0.089942
vn 0.167537 0.972164 0.163793
vn 0.0 0.995255 0.097303
vn -0.781463 -0.073323 0.619628
vn -0.779133 -0.121288 0.615013
vn -0.994901 0.030287 0.096202
vn -0.781463 -0.073323 0.619628
vn -0.26735 -0.192441 0.944188
vn -0.779133 -0.121288 0.615013
vn -0.013065 0.914374 0.404661
vn -0.016424 0.926891 0.374972
vn -0.058295 0.912134 0.405725
vn 0.066187 0.929588 0.362609
vn 0.146942 0.955721 0.254963
vn -0.016424 0.926891 0.374972
vn -0.974959 0.063738 -0.213054
vn -0.966371 0.101895 -0.236103
vn -0.994901 0.030287 0.096202
vn -0.966371 0.101895 -0.236103
vn -0.974959 0.063738 -0.213054
vn -0.66362 0.092487 -0.742331
vn 0.0 0.999999 -0.001095
vn 0.0 0.983739 0.179602
vn 0.581246 0.812719 -0.040501
vn 0.0 0.999999 -0.001095
vn -0.581246 0.812719 -0.040501
vn 0.0 0.983739 0.179602
vn -0.167537 0.972164 0.163792
vn -0.141374 0.964453 0.223259
vn -0.212672 0.972975 0.089943
vn -0.212672 0.972975 0.089943
vn -0.221426 0.974489 0.036617
vn -0.219909 0.971541 -0.08802
vn 0.011073 0.9981 -0.060613
vn 0.007858 0.999047 -0.042938
vn 0.376544 0.92278 -0.081802
vn 0.007858 0.999047 -0.042938
vn 0.011073 0.9981 -0.060613
vn -0.363322 0.93071 -0.042152
vn 0.980177 -0.155167 -0.123188
vn 0.938557 -0.199461 0.281649
vn 0.988262 -0.119671 -0.094955
vn 0.988262 -0.119671 -0.094955
vn 0.705374 -0.04649 -0.707309
vn 0.980177 -0.155167 -0.123188
vn -0.588412 0.774017 0.233815
vn -0.587126 0.795876 0.147865
vn -0.39051 0.893487 0.221774
vn -0.587126 0.795876 0.147865
vn -0.588412 0.774017 0.233815
vn -0.592631 0.79953 0.097681
vn -0.564861 0.721696 0.400109
vn -0.539664 0.774495 0.330031
vn -0.393791 0.887957 0.237615
vn -0.393791 0.887957 0.237615
vn -0.326209 0.904351 0.275205
vn -0.564861 0.721696 0.400109
vn -0.538332 0.819926 0.194729
vn -0.539664 0.774495 0.330031
vn -0.640542 0.746925 0.178353
vn -0.538332 0.819926 0.194729
vn -0.640542 0.746925 0.178353
vn -0.524097 0.844038 0.113679
vn 0.03214 -0.998622 -0.041497
vn 0.008079 -0.998802 0.048266
vn 0.037946 -0.99879 -0.031288
vn 0.008079 -0.998802 0.048266
vn 0.03214 -0.998622 -0.041497
vn 0.005603 -0.999299 0.037023
vn -0.33425 0.92678 -0.171334
vn -0.302911 0.928631 -0.214217
vn -0.517516 0.846904 -0.122194
vn -0.302911 0.928631 -0.214217
vn -0.33425 0.92678 -0.171334
vn -0.011844 0.967816 -0.251378
vn 0.212673 0.972975 0.089942
vn 0.0 0.995255 0.097303
vn 0.0 0.999893 0.014632
vn 0.0 0.999893 0.014632
vn 0.0 0.995255 0.097303
vn -0.212672 0.972975 0.089943
vn 0.566376 0.814655 0.124721
vn 0.53843 0.826402 0.164783
vn 0.584111 0.810165 0.04946
vn 0.53843 0.826402 0.164783
vn 0.566376 0.814655 0.124721
vn 0.362589 0.897703 0.250316
vn 0.803146 0.379523 0.459259
vn 0.596387 0.482286 0.641656
vn 0.751194 0.404838 0.521357
vn 0.751194 0.404838 0.521357
vn 0.703272 0.584225 0.405079
vn 0.803146 0.379523 0.459259
vn -0.06123 0.918184 0.391393
vn -0.162057 0.929672 0.33083
vn 0.530649 0.795957 0.291316
vn -0.298027 0.922601 0.244925
vn 0.140242 0.913014 0.383063
vn -0.162057 0.929672 0.33083
vn -0.208302 0.97712 0.042984
vn -0.211268 0.977387 0.008996
vn -0.285032 0.954924 -0.082928
vn -0.211268 0.977387 0.008996
vn -0.208302 0.97712 0.042984
vn -0.102338 0.993278 0.054091
vn 0.021673 -0.951816 0.305903
vn 0.011425 -0.980643 0.195468
vn 0.004178 -0.952081 0.305817
vn 0.004178 -0.952081 0.305817
vn 0.023011 -0.482991 0.875323
vn 0.021673 -0.951816 0.305903
vn -0.145232 0.937985 0.314789
vn -0.085252 0.971033 0.22322
vn -0.110456 0.920045 0.37592
vn -0.110456 0.920045 0.37592
vn -0.175283 0.923928 0.340049
vn -0.145232 0.937985 0.314789
vn 0.442825 0.896578 -0.007375
vn 0.38603 0.92194 -0.031739
vn 0.528905 0.847887 -0.036694
vn 0.38603 0.92194 -0.031739
vn 0.442825 0.896578 -0.007375
vn 0.417676 0.908587 0.004142
vn 0.705374 -0.04649 -0.707309
vn 0.241814 0.022619 -0.970059
vn 0.746916 -0.088381 -0.659018
vn 0.746916 -0.088381 -0.659018
vn 0.980177 -0.155167 -0.123188
vn 0.705374 -0.04649 -0.707309
vn -0.964687 -0.137523 0.224648
vn -0.985587 -0.107887 -0.130305
vn -0.965815 -0.096799 0.240484
vn -0.965815 -0.096799 0.240484
vn -0.683165 -0.07574 0.726325
vn -0.964687 -0.137523 0.224648
vn -0.280111 -0.233259 0.931197
vn 0.162801 -0.284354 0.944796
vn -0.19725 -0.251893 0.94744
vn -0.19725 -0.251893 0.94744
vn -0.769845 -0.147171 0.621031
vn -0.280111 -0.233259 0.931197
vn -0.986684 0.119565 0.11027
vn -0.978933 0.13689 0.151497
vn -0.72555 0.030561 0.687491
vn -0.978933 0.13689 0.151497
vn -0.986684 0.119565 0.11027
vn -0.95073 0.174116 -0.256507
vn -0.161901 -0.293857 0.942038
vn 0.297977 -0.2272 0.927141
vn -0.049059 -0.287339 0.956572
vn -0.049059 -0.287339 0.956572
vn -0.591328 -0.339629 0.731426
vn -0.161901 -0.293857 0.942038
vn 0.699099 -0.079403 0.710603
vn 0.974269 -0.102595 0.200686
vn 0.698585 -0.117981 0.705733
vn 0.698585 -0.117981 0.705733
vn 0.125415 -0.04984 0.990852
vn 0.699099 -0.079403 0.710603
vn 0.720318 0.104584 0.685715
vn 0.728434 0.156937 0.6669
vn 0.974825 0.194772 0.108537
vn 0.720318 0.104584 0.685715
vn 0.219371 0.002581 0.975638
vn 0.728434 0.156937 0.6669
vn 0.00653 -0.996036 -0.088714
vn -0.001211 -0.993682 0.112225
vn -0.121762 -0.991031 -0.055066
vn -0.001211 -0.993682 0.112225
vn 0.00653 -0.996036 -0.088714
vn 0.108438 -0.985462 0.130789
vn 0.088168 0.976188 0.1982
vn 0.071083 0.995942 0.055189
vn 0.216701 0.973731 0.069914
vn 0.216701 0.973731 0.069914
vn 0.271044 0.956686 0.106241
vn 0.088168 0.976188 0.1982
vn -0.783279 0.374452 0.496247
vn -0.607143 0.468561 0.641738
vn -0.827543 0.380093 0.413162
vn -0.827543 0.380093 0.413162
vn -0.737916 0.597841 0.313156
vn -0.783279 0.374452 0.496247
vn -0.523884 0.851016 0.036292
vn -0.523344 0.847633 0.087345
vn -0.886177 0.45495 0.08781
vn -0.886177 0.45495 0.08781
vn -0.875062 0.470831 -0.112177
vn -0.523884 0.851016 0.036292
vn 0.526911 0.846838 0.072323
vn 0.503288 0.860663 0.077207
vn 0.596585 0.795774 0.104069
vn 0.929798 0.368069 0.000529
vn 0.931577 0.363028 0.01937
vn 0.503288 0.860663 0.077207
vn 0.303423 0.928862 -0.212484
vn 0.335092 0.927533 -0.165519
vn 0.488233 0.860347 -0.146395
vn 0.335092 0.927533 -0.165519
vn 0.303423 0.928862 -0.212484
vn -0.00887 0.980227 -0.197675
vn -0.004755 0.948872 -0.315626
vn -0.011844 0.967816 -0.251378
vn 0.263212 0.918022 -0.296574
vn -0.011844 0.967816 -0.251378
vn -0.004755 0.948872 -0.315626
vn -0.302911 0.928631 -0.214217
vn 0.362589 0.897703 0.250316
vn 0.376084 0.901417 0.214497
vn -0.001731 0.963702 0.266976
vn 0.376084 0.901417 0.214497
vn 0.362589 0.897703 0.250316
vn 0.566376 0.814655 0.124721
vn -0.179576 -0.983099 0.035617
vn -0.135028 -0.984708 0.110082
vn 0.124903 -0.983942 0.127507
vn -0.135028 -0.984708 0.110082
vn -0.179576 -0.983099 0.035617
vn -0.010354 -0.993586 0.112601
vn 0.268474 0.02448 -0.962976
vn -0.097677 0.085751 -0.991517
vn 0.22695 0.03965 -0.973099
vn 0.22695 0.03965 -0.973099
vn 0.752798 -0.068404 -0.654688
vn 0.268474 0.02448 -0.962976
vn 0.004757 -0.998389 0.05654
vn 0.006943 -0.995792 -0.091381
vn -0.109896 -0.990194 0.086247
vn 0.006943 -0.995792 -0.091381
vn 0.004757 -0.998389 0.05654
vn 0.110275 -0.992322 -0.055999
vn 0.284661 -0.188503 0.939912
vn 0.782065 -0.087054 0.617086
vn 0.297977 -0.2272 0.927141
vn 0.297977 -0.2272 0.927141
vn -0.161901 -0.293857 0.942038
vn 0.284661 -0.188503 0.939912
vn -0.788623 0.01841 -0.614601
vn -0.989084 -0.076781 -0.125765
vn -0.716545 0.002855 -0.697535
vn -0.985587 -0.107887 -0.130305
vn -0.716545 0.002855 -0.697535
vn -0.989084 -0.076781 -0.125765
vn -0.121762 -0.991031 -0.055066
vn -0.121398 -0.991581 -0.045047
vn 0.00653 -0.996036 -0.088714
vn -0.121398 -0.991581 -0.045047
vn -0.121762 -0.991031 -0.055066
vn 0.148922 -0.986135 -0.073212
vn 0.974269 -0.102595 0.200686
vn 0.993359 -0.088139 -0.073953
vn 0.965646 -0.136063 0.221391
vn 0.965646 -0.136063 0.221391
vn 0.698585 -0.117981 0.705733
vn 0.974269 -0.102595 0.200686
vn 0.125774 -0.250484 0.959916
vn 0.656518 -0.275136 0.702342
vn 0.162801 -0.284354 0.944796
vn 0.162801 -0.284354 0.944796
vn -0.280111 -0.233259 0.931197
vn 0.125774 -0.250484 0.959916
vn 0.341832 0.923714 0.172927
vn 0.762004 0.639521 0.101798
vn 0.330727 0.932519 0.145009
vn 0.330727 0.932519 0.145009
vn 0.378022 0.920022 0.103241
vn 0.341832 0.923714 0.172927
vn -0.285032 0.954924 -0.082928
vn -0.177732 0.984015 -0.011254
vn -0.219909 0.971541 -0.08802
vn -0.219909 0.971541 -0.08802
vn -0.177732 0.984015 -0.011254
vn 0.0 0.999601 0.028263
vn 0.221711 0.968745 -0.111255
vn 0.235585 0.953526 -0.18785
vn 0.369434 0.927022 -0.064415
vn 0.235585 0.953526 -0.18785
vn 0.221711 0.968745 -0.111255
vn -0.000154 0.979164 -0.20307
vn -0.265399 0.840376 0.472579
vn -0.296859 0.825425 0.480155
vn -0.234994 0.881952 0.408582
vn -0.234994 0.881952 0.408582
vn -0.335224 0.928081 0.162145
vn -0.265399 0.840376 0.472579
vn 0.386227 0.917187 0.097962
vn 0.364823 0.929921 0.046378
vn -0.0083 0.999363 0.034717
vn 0.364823 0.929921 0.046378
vn 0.386227 0.917187 0.097962
vn 0.574954 0.804848 0.147129
vn -0.23767 0.949058 0.206884
vn -0.294476 0.955077 0.033334
vn -0.352504 0.935301 0.030884
vn -0.83511 0.548671 -0.039381
vn -0.858043 0.513578 0.00034
vn -0.294476 0.955077 0.033334
vn -0.112426 -0.993404 -0.022548
vn -0.108636 -0.95975 -0.258994
vn 0.213972 -0.973299 -0.083097
vn -0.108636 -0.95975 -0.258994
vn -0.112426 -0.993404 -0.022548
vn -0.043792 -0.986505 -0.157763
vn 0.931577 0.363028 0.01937
vn 0.893641 0.392428 0.217731
vn 0.452726 0.887524 0.085672
vn 0.452726 0.887524 0.085672
vn 0.503288 0.860663 0.077207
vn 0.931577 0.363028 0.01937
vn 0.524037 0.850216 0.050174
vn 0.524642 0.84651 0.090402
vn 0.592318 0.800818 0.0886
vn 0.864682 0.449756 0.223706
vn 0.749808 0.459579 0.475999
vn 0.524037 0.850216 0.050174
vn 0.354583 0.920698 -0.163053
vn 0.377534 0.916073 -0.1352
vn 0.541375 0.832847 -0.115237
vn 0.377534 0.916073 -0.1352
vn 0.354583 0.920698 -0.163053
vn -0.006778 0.986668 -0.162605
vn -0.466621 0.879772 0.090921
vn -0.420023 0.895321 0.148259
vn -0.91396 0.40535 0.019166
vn -0.91396 0.40535 0.019166
vn -0.915332 0.401776 0.027279
vn -0.466621 0.879772 0.090921
vn 0.977096 0.103604 -0.185874
vn 0.971463 0.070039 -0.226614
vn 0.992649 0.069125 0.099345
vn 0.971463 0.070039 -0.226614
vn 0.977096 0.103604 -0.185874
vn 0.679745 0.082418 -0.728803
vn 0.110275 -0.992322 -0.055999
vn 0.107027 -0.99306 -0.04876
vn 0.006943 -0.995792 -0.091381
vn 0.107027 -0.99306 -0.04876
vn 0.110275 -0.992322 -0.055999
vn -0.195068 -0.975246 -0.104129
vn -0.1757 0.952255 0.249681
vn 0.00177 0.968339 0.249631
vn -0.322737 0.930013 0.175828
vn -0.1757 0.952255 0.249681
vn -0.026928 0.92482 0.379451
vn 0.00177 0.968339 0.249631
vn 0.990396 -0.117144 -0.073433
vn 0.965646 -0.136063 0.221391
vn 0.993359 -0.088139 -0.073953
vn 0.993359 -0.088139 -0.073953
vn 0.764079 0.014777 -0.644954
vn 0.990396 -0.117144 -0.073433
vn -0.677744 0.063011 -0.732593
vn -0.114883 0.033942 -0.992799
vn -0.66362 0.092487 -0.742331
vn -0.677744 0.063011 -0.732593
vn -0.66362 0.092487 -0.742331
vn -0.974959 0.063738 -0.213054
vn -0.786775 0.027327 -0.616634
vn -0.98899 -0.065319 -0.13279
vn -0.788623 0.01841 -0.614601
vn -0.786775 0.027327 -0.616634
vn -0.788623 0.01841 -0.614601
vn -0.319277 0.138004 -0.937559
vn -0.460185 0.875122 0.149634
vn -0.498627 0.865447 0.048715
vn -0.789824 0.543331 0.28455
vn -0.789824 0.543331 0.28455
vn -0.650997 0.56164 0.510649
vn -0.460185 0.875122 0.149634
vn -0.33948 0.938427 -0.0641
vn -0.332465 0.934318 -0.128517
vn -0.267634 0.961488 -0.06255
vn -0.332465 0.934318 -0.128517
vn -0.33948 0.938427 -0.0641
vn -0.501504 0.857585 -0.1142
vn -0.915332 0.401776 0.027279
vn -0.87682 0.42729 0.220477
vn -0.511544 0.856707 0.066155
vn -0.511544 0.856707 0.066155
vn -0.466621 0.879772 0.090921
vn -0.915332 0.401776 0.027279
vn -0.000567 0.992485 -0.122369
vn 0.00405 0.996793 -0.079924
vn 0.394719 0.911298 -0.117182
vn 0.00405 0.996793 -0.079924
vn -0.000567 0.992485 -0.122369
vn -0.395019 0.914012 -0.092422
vn 0.82235 0.538091 0.184928
vn 0.873562 0.48303 -0.059752
vn 0.463332 0.874264 0.144864
vn 0.463332 0.874264 0.144864
vn 0.425364 0.878567 0.217223
vn 0.82235 0.538091 0.184928
vn 0.559932 0.821938 -0.104374
vn 0.541375 0.832847 -0.115237
vn 0.377534 0.916073 -0.1352
vn 0.541375 0.832847 -0.115237
vn 0.559932 0.821938 -0.104374
vn 0.489447 0.872029 0.0026
vn 0.39804 0.880783 0.256485
vn 0.425364 0.878567 0.217223
vn 0.596137 0.67802 0.430011
vn 0.596137 0.67802 0.430011
vn 0.437364 0.775992 0.454477
vn 0.39804 0.880783 0.256485
vn -0.382767 0.919994 -0.084259
vn -0.363322 0.93071 -0.042152
vn 0.011073 0.9981 -0.060613
vn -0.363322 0.93071 -0.042152
vn -0.382767 0.919994 -0.084259
vn -0.567144 0.822356 -0.045588
vn 0.583759 0.795372 0.163119
vn 0.587845 0.77266 0.239656
vn 0.383538 0.900489 0.204985
vn 0.587845 0.77266 0.239656
vn 0.583759 0.795372 0.163119
vn 0.590758 0.790894 0.15966
vn -0.391494 0.913831 -0.107912
vn -0.388234 0.911512 -0.135721
vn -0.284612 0.953421 -0.099921
vn -0.284612 0.953421 -0.099921
vn -0.285982 0.955523 0.072047
vn -0.391494 0.913831 -0.107912
vn 0.996355 0.079897 -0.029884
vn 0.956843 -0.290438 0.009881
vn 0.981971 0.142889 0.12376
vn 0.956843 -0.290438 0.009881
vn 0.996355 0.079897 -0.029884
vn 0.939677 -0.281096 -0.194918
vn -0.322737 0.930013 0.175828
vn -0.345422 0.922027 0.174784
vn -0.495769 0.86705 0.049369
vn -0.345422 0.922027 0.174784
vn -0.322737 0.930013 0.175828
vn 0.00177 0.968339 0.249631
vn 0.378022 0.920022 0.103241
vn 0.409954 0.912105 0.001537
vn 0.645694 0.762817 -0.034491
vn 0.402885 0.908753 0.108861
vn 0.341832 0.923714 0.172927
vn 0.378022 0.920022 0.103241
vn 0.158024 0.987219 -0.02066
vn 0.279496 0.957731 -0.068065
vn 0.219909 0.971541 -0.08802
vn 0.219909 0.971541 -0.08802
vn 0.279496 0.957731 -0.068065
vn 0.222524 0.974111 0.039894
vn -0.294379 0.95464 -0.044762
vn -0.310884 0.950436 -0.004804
vn -0.185729 0.982053 -0.03282
vn -0.310884 0.950436 -0.004804
vn -0.294379 0.95464 -0.044762
vn -0.224225 0.968052 0.112239
vn -0.751394 -0.08853 -0.653888
vn -0.242551 0.0019 -0.970137
vn -0.722392 -0.049426 -0.689715
vn -0.722392 -0.049426 -0.689715
vn -0.983514 -0.118898 -0.136246
vn -0.751394 -0.08853 -0.653888
vn -0.369024 0.92773 -0.056021
vn -0.39556 0.90938 -0.128686
vn -0.235144 0.966876 -0.099284
vn -0.39556 0.90938 -0.128686
vn -0.369024 0.92773 -0.056021
vn -0.377015 0.925443 -0.037606
vn 0.97832 0.14568 0.147201
vn 0.98819 0.116533 0.099499
vn 0.742622 0.056454 0.667328
vn 0.98819 0.116533 0.099499
vn 0.97832 0.14568 0.147201
vn 0.956609 0.15103 -0.249177
vn -0.532596 0.82514 0.188375
vn -0.572536 0.812791 0.107577
vn -0.553461 0.827038 0.098434
vn -0.572536 0.812791 0.107577
vn -0.532596 0.82514 0.188375
vn -0.3592 0.908341 0.214224
vn 0.005603 -0.999299 0.037023
vn 0.001716 -0.999278 -0.037944
vn -0.01038 -0.999258 0.037081
vn -0.01038 -0.999258 0.037081
vn -0.019503 -0.980538 0.195359
vn 0.005603 -0.999299 0.037023
vn 0.093115 0.063474 -0.99363
vn -0.218931 0.024868 -0.975423
vn 0.071247 0.047019 -0.99635
vn 0.071247 0.047019 -0.99635
vn 0.675301 0.10172 -0.730494
vn 0.093115 0.063474 -0.99363
vn -0.983514 -0.118898 -0.136246
vn -0.95875 -0.144047 0.245048
vn -0.980192 -0.155495 -0.122661
vn -0.980192 -0.155495 -0.122661
vn -0.751394 -0.08853 -0.653888
vn -0.983514 -0.118898 -0.136246
vn -0.60989 0.786044 0.100839
vn -0.61972 0.783594 0.043902
vn -0.408588 0.9108 0.059154
vn -0.61972 0.783594 0.043902
vn -0.60989 0.786044 0.100839
vn -0.576386 0.815154 0.057462
vn -0.54101 0.832746 -0.117657
vn -0.55769 0.821976 -0.115483
vn -0.357966 0.920253 -0.158098
vn -0.55769 0.821976 -0.115483
vn -0.54101 0.832746 -0.117657
vn -0.507138 0.859423 -0.064838
vn 0.616782 0.785525 0.050305
vn 0.609 0.782867 0.127432
vn 0.416396 0.906673 0.06751
vn 0.609 0.782867 0.127432
vn 0.616782 0.785525 0.050305
vn 0.549562 0.823867 0.138653
vn -0.016424 0.926891 0.374972
vn -0.013065 0.914374 0.404661
vn 0.066187 0.929588 0.362609
vn 0.066187 0.929588 0.362609
vn 0.073585 0.91039 0.407155
vn 0.170033 0.931582 0.321315
vn 0.587163 0.807723 0.053131
vn 0.596585 0.795774 0.104069
vn 0.503288 0.860663 0.077207
vn 0.596585 0.795774 0.104069
vn 0.587163 0.807723 0.053131
vn 0.613703 0.780153 0.121363
vn -0.241183 -0.020782 -0.970257
vn 0.11732 0.033745 -0.992521
vn -0.242551 0.0019 -0.970137
vn -0.242551 0.0019 -0.970137
vn -0.751394 -0.08853 -0.653888
vn -0.241183 -0.020782 -0.970257
vn -0.0083 0.999363 0.034717
vn -0.003206 0.998237 0.059259
vn 0.386227 0.917187 0.097962
vn -0.003206 0.998237 0.059259
vn -0.0083 0.999363 0.034717
vn -0.408588 0.9108 0.059154
vn 0.22189 0.769503 0.598858
vn 0.233055 0.803558 0.547704
vn 0.287776 0.69511 0.658792
vn 0.233055 0.803558 0.547704
vn 0.22189 0.769503 0.598858
vn 0.012377 0.870537 0.491947
vn -0.114883 0.033942 -0.992799
vn 0.247688 -0.014097 -0.968737
vn -0.109047 0.048379 -0.992859
vn -0.109047 0.048379 -0.992859
vn -0.66362 0.092487 -0.742331
vn -0.114883 0.033942 -0.992799
vn -0.117844 -0.958999 -0.257746
vn -0.105701 -0.993863 -0.032627
vn 0.163884 -0.925172 -0.342343
vn -0.105701 -0.993863 -0.032627
vn -0.117844 -0.958999 -0.257746
vn 0.002249 -0.999444 -0.033251
vn 0.766037 -0.017251 -0.642565
vn 0.990396 -0.117144 -0.073433
vn 0.764079 0.014777 -0.644954
vn 0.766037 -0.017251 -0.642565
vn 0.764079 0.014777 -0.644954
vn 0.313229 0.089431 -0.945457
vn 0.280399 0.958991 0.04139
vn 0.272084 0.95631 -0.106966
vn 0.4181 0.907127 -0.048096
vn 0.4181 0.907127 -0.048096
vn 0.45352 0.891183 0.010578
vn 0.280399 0.958991 0.04139
vn 0.620707 0.118104 -0.775096
vn 0.093115 0.063474 -0.99363
vn 0.675301 0.10172 -0.730494
vn 0.620707 0.118104 -0.775096
vn 0.675301 0.10172 -0.730494
vn 0.966086 0.132133 -0.221852
vn -0.102338 0.993278 0.054091
vn -0.122278 0.981693 0.14604
vn -0.60976 0.775969 -0.161448
vn -0.60976 0.775969 -0.161448
vn -0.684047 0.728128 -0.043681
vn -0.102338 0.993278 0.054091
vn -0.292456 0.950499 -0.104985
vn -0.294476 0.955077 0.033334
vn -0.858043 0.513578 0.00034
vn -0.858043 0.513578 0.00034
vn -0.742787 0.66654 -0.063181
vn -0.292456 0.950499 -0.104985
vn -0.684047 0.728128 -0.043681
vn -0.378107 0.912162 0.158101
vn -0.076444 0.994071 0.077328
vn -0.076444 0.994071 0.077328
vn -0.102338 0.993278 0.054091
vn -0.684047 0.728128 -0.043681
vn 0.166599 0.930215 0.327025
vn 0.182873 0.981737 0.052445
vn 0.491914 0.725073 0.481965
vn 0.491914 0.725073 0.481965
vn 0.561091 0.682655 0.468145
vn 0.166599 0.930215 0.327025
vn -0.330921 0.932524 0.144537
vn -0.285982 0.955523 0.072047
vn -0.303075 0.932288 0.197446
vn -0.303075 0.932288 0.197446
vn -0.366207 0.918223 0.150863
vn -0.330921 0.932524 0.144537
vn 0.57054 0.738683 0.35893
vn 0.596137 0.67802 0.430011
vn 0.425364 0.878567 0.217223
vn 0.425364 0.878567 0.217223
vn 0.463332 0.874264 0.144864
vn 0.57054 0.738683 0.35893
vn 0.0 0.999601 0.028263
vn -0.026007 0.999315 0.026341
vn 0.158024 0.987219 -0.02066
vn -0.177732 0.984015 -0.011254
vn -0.026007 0.999315 0.026341
vn 0.0 0.999601 0.028263
vn 0.000407 0.981683 0.190519
vn 0.000328 0.973353 0.229312
vn 0.396224 0.895626 0.202139
vn 0.000328 0.973353 0.229312
vn 0.000407 0.981683 0.190519
vn -0.39051 0.893487 0.221774
vn 0.493168 0.868008 0.057849
vn 0.507597 0.86152 0.011294
vn 0.553593 0.826256 0.104098
vn 0.553593 0.826256 0.104098
vn 0.567719 0.802167 0.184995
vn 0.493168 0.868008 0.057849
vn -0.224225 0.968052 0.112239
vn -0.203433 0.978725 0.026686
vn -0.085252 0.971033 0.22322
vn -0.085252 0.971033 0.22322
vn -0.145232 0.937985 0.314789
vn -0.224225 0.968052 0.112239
vn -0.414267 0.91009 -0.010902
vn -0.391494 0.913831 -0.107912
vn -0.285982 0.955523 0.072047
vn -0.285982 0.955523 0.072047
vn -0.330921 0.932524 0.144537
vn -0.414267 0.91009 -0.010902
vn 0.0 0.999637 -0.026943
vn 0.000001 0.989089 -0.147321
vn 0.563609 0.823315 -0.067063
vn 0.000001 0.989089 -0.147321
vn 0.0 0.999637 -0.026943
vn -0.563609 0.823315 -0.067063
vn -0.365148 0.670707 0.645615
vn 0.110215 0.872759 0.475547
vn -0.058136 0.498229 0.865094
vn -0.365148 0.670707 0.645615
vn -0.556162 0.748469 0.361218
vn 0.110215 0.872759 0.475547
vn 0.341855 0.917862 0.201655
vn 0.352768 0.924897 0.141848
vn 0.519017 0.845769 0.123679
vn 0.352768 0.924897 0.141848
vn 0.341855 0.917862 0.201655
vn 0.146942 0.955721 0.254963
vn -0.408588 0.9108 0.059154
vn -0.387583 0.917678 0.087446
vn -0.60989 0.786044 0.100839
vn -0.387583 0.917678 0.087446
vn -0.408588 0.9108 0.059154
vn -0.0083 0.999363 0.034717
vn -0.592631 0.79953 0.097681
vn -0.5782 0.814433 0.048827
vn -0.587126 0.795876 0.147865
vn -0.5782 0.814433 0.048827
vn -0.592631 0.79953 0.097681
vn -0.516248 0.856322 0.014148
vn 0.272084 0.95631 -0.106966
vn 0.294759 0.951193 -0.091367
vn 0.412816 0.902386 -0.123624
vn 0.412816 0.902386 -0.123624
vn 0.4181 0.907127 -0.048096
vn 0.272084 0.95631 -0.106966
vn -0.213838 0.761476 0.611905
vn -0.239674 0.817903 0.523059
vn -0.143531 0.858996 0.491452
vn -0.239674 0.817903 0.523059
vn -0.210578 0.832205 0.512924
vn 0.012377 0.870537 0.491947
vn 0.419101 0.90496 0.073498
vn 0.4059 0.906828 0.113613
vn 0.616682 0.786054 0.042688
vn 0.4059 0.906828 0.113613
vn 0.419101 0.90496 0.073498
vn 0.005339 0.991081 0.133151
vn -0.101916 0.114044 -0.988234
vn -0.604466 0.16088 -0.780217
vn -0.097677 0.085751 -0.991517
vn -0.097677 0.085751 -0.991517
vn 0.268474 0.02448 -0.962976
vn -0.101916 0.114044 -0.988234
vn -0.576386 0.815154 0.057462
vn -0.590376 0.805278 0.05462
vn -0.61972 0.783594 0.043902
vn -0.590376 0.805278 0.05462
vn -0.576386 0.815154 0.057462
vn -0.511544 0.856707 0.066155
vn 0.394719 0.911298 -0.117182
vn 0.393809 0.915355 -0.083901
vn 0.572983 0.812763 -0.105393
vn 0.393809 0.915355 -0.083901
vn 0.394719 0.911298 -0.117182
vn 0.00405 0.996793 -0.079924
vn -0.597538 0.785296 0.162044
vn -0.594528 0.785904 0.169977
vn -0.596153 0.769378 0.229475
vn -0.594528 0.785904 0.169977
vn -0.597538 0.785296 0.162044
vn -0.523344 0.847633 0.087345
vn -0.426373 0.875763 0.226374
vn -0.393791 0.887957 0.237615
vn -0.539664 0.774495 0.330031
vn -0.539664 0.774495 0.330031
vn -0.538332 0.819926 0.194729
vn -0.426373 0.875763 0.226374
vn 0.613703 0.780153 0.121363
vn 0.616682 0.786054 0.042688
vn 0.4059 0.906828 0.113613
vn 0.616682 0.786054 0.042688
vn 0.613703 0.780153 0.121363
vn 0.587163 0.807723 0.053131
vn -0.330921 0.932524 0.144537
vn -0.386174 0.917705 0.093205
vn -0.46113 0.887315 0.005632
vn -0.490519 0.871365 -0.010701
vn -0.46113 0.887315 0.005632
vn -0.386174 0.917705 0.093205
vn -0.223187 0.972619 -0.064803
vn -0.235144 0.966876 -0.099284
vn -0.001525 0.997543 -0.070037
vn -0.235144 0.966876 -0.099284
vn -0.223187 0.972619 -0.064803
vn -0.369024 0.92773 -0.056021
vn 0.568742 0.817286 -0.092606
vn 0.566945 0.822372 -0.047721
vn 0.512981 0.854655 -0.080097
vn 0.566945 0.822372 -0.047721
vn 0.568742 0.817286 -0.092606
vn 0.35713 0.932143 -0.059726
vn 0.206429 0.977537 -0.042531
vn 0.219527 0.973676 -0.061342
vn 0.311936 0.949634 -0.029866
vn 0.219527 0.973676 -0.061342
vn 0.206429 0.977537 -0.042531
vn -0.001525 0.997543 -0.070037
vn -0.892623 0.40453 -0.198946
vn -0.892767 0.424092 0.152028
vn -0.443258 0.896304 -0.012704
vn -0.443258 0.896304 -0.012704
vn -0.406373 0.912939 -0.037472
vn -0.892623 0.40453 -0.198946
vn 0.01064 0.845686 0.533574
vn -0.027697 0.876527 0.480556
vn 0.219896 0.828718 0.514657
vn 0.219896 0.828718 0.514657
vn 0.233055 0.803558 0.547704
vn 0.01064 0.845686 0.533574
vn 0.000421 0.999893 -0.01465
vn -0.004893 0.999921 0.011607
vn 0.354782 0.934939 -0.004284
vn -0.004893 0.999921 0.011607
vn 0.000421 0.999893 -0.01465
vn -0.366278 0.928022 0.067945
vn -0.524046 0.848167 -0.077383
vn -0.539063 0.841242 -0.041499
vn -0.570605 0.816054 -0.092011
vn -0.539063 0.841242 -0.041499
vn -0.524046 0.848167 -0.077383
vn -0.443258 0.896304 -0.012704
vn 0.506453 0.861203 -0.042845
vn 0.513534 0.852758 -0.095325
vn 0.409954 0.912105 0.001537
vn 0.513534 0.852758 -0.095325
vn 0.506453 0.861203 -0.042845
vn 0.565337 0.815806 -0.12188
vn 0.943548 -0.251103 0.216018
vn 0.971591 -0.211588 -0.106029
vn 0.952594 -0.252232 0.170126
vn 0.952594 -0.252232 0.170126
vn 0.747699 -0.321016 0.581287
vn 0.943548 -0.251103 0.216018
vn 0.141679 -0.956888 -0.25356
vn 0.114081 -0.992524 -0.043369
vn -0.162187 -0.86887 -0.467718
vn 0.114081 -0.992524 -0.043369
vn 0.141679 -0.956888 -0.25356
vn 0.00272 -0.99925 -0.038628
vn 0.769425 -0.122146 -0.626949
vn 0.247688 -0.014097 -0.968737
vn 0.754184 -0.136035 -0.642419
vn 0.754184 -0.136035 -0.642419
vn 0.971591 -0.211588 -0.106029
vn 0.769425 -0.122146 -0.626949
vn -0.379887 0.902755 0.201793
vn -0.39051 0.893487 0.221774
vn -0.587126 0.795876 0.147865
vn -0.39051 0.893487 0.221774
vn -0.379887 0.902755 0.201793
vn 0.000328 0.973353 0.229312
vn 0.888189 0.413334 -0.200687
vn 0.766328 0.605764 -0.213991
vn 0.409954 0.912105 0.001537
vn 0.409954 0.912105 0.001537
vn 0.397374 0.911543 -0.10575
vn 0.888189 0.413334 -0.200687
vn -0.005493 0.983036 -0.183332
vn -0.006778 0.986668 -0.162605
vn 0.354583 0.920698 -0.163053
vn -0.006778 0.986668 -0.162605
vn -0.005493 0.983036 -0.183332
vn -0.376263 0.915369 -0.143266
vn 0.362282 0.893948 0.263835
vn 0.333081 0.938362 0.092377
vn 0.453696 0.8911 -0.010084
vn 0.333081 0.938362 0.092377
vn 0.362282 0.893948 0.263835
vn 0.317426 0.903673 0.28743
vn -0.116455 0.861253 0.494653
vn -0.06123 0.918184 0.391393
vn 0.34511 0.662207 0.665117
vn 0.530649 0.795957 0.291316
vn 0.34511 0.662207 0.665117
vn -0.06123 0.918184 0.391393
vn -0.689722 0.053971 -0.722061
vn -0.121748 0.014578 -0.992454
vn -0.677744 0.063011 -0.732593
vn -0.689722 0.053971 -0.722061
vn -0.677744 0.063011 -0.732593
vn -0.97222 0.047391 -0.22922
vn 0.079781 0.084759 -0.993202
vn 0.627383 0.143594 -0.765357
vn 0.086513 0.108819 -0.99029
vn 0.086513 0.108819 -0.99029
vn -0.257073 0.052866 -0.964945
vn 0.079781 0.084759 -0.993202
vn -0.765397 -0.13944 -0.62827
vn -0.261407 -0.034254 -0.964621
vn -0.748461 -0.118558 -0.652495
vn -0.748461 -0.118558 -0.652495
vn -0.976023 -0.193094 -0.10047
vn -0.765397 -0.13944 -0.62827
vn 0.524642 0.84651 0.090402
vn 0.523475 0.847521 0.087651
vn 0.590758 0.790894 0.15966
vn 0.590758 0.790894 0.15966
vn 0.592008 0.788255 0.167869
vn 0.587845 0.77266 0.239656
vn -0.3592 0.908341 0.214224
vn -0.347857 0.901786 0.256471
vn -0.003434 0.974586 0.223989
vn -0.347857 0.901786 0.256471
vn -0.3592 0.908341 0.214224
vn -0.532596 0.82514 0.188375
vn -0.003434 0.974586 0.223989
vn -0.001731 0.963702 0.266976
vn 0.376084 0.901417 0.214497
vn -0.001731 0.963702 0.266976
vn -0.003434 0.974586 0.223989
vn -0.347857 0.901786 0.256471
vn 0.101296 0.992921 0.062021
vn 0.127761 0.979915 0.153116
vn 0.221602 0.975064 0.011938
vn 0.221602 0.975064 0.011938
vn 0.24771 0.968574 0.02246
vn 0.285369 0.956631 -0.058501
vn 0.222524 0.974111 0.039894
vn 0.141375 0.964453 0.223258
vn 0.212673 0.972975 0.089942
vn 0.141375 0.964453 0.223258
vn 0.222524 0.974111 0.039894
vn 0.127761 0.979915 0.153116
vn 0.565337 0.815806 -0.12188
vn 0.572983 0.812763 -0.105393
vn 0.513534 0.852758 -0.095325
vn 0.572983 0.812763 -0.105393
vn 0.565337 0.815806 -0.12188
vn 0.394719 0.911298 -0.117182
vn 0.849554 0.525137 -0.049883
vn 0.797782 0.562389 -0.217402
vn 0.294759 0.951193 -0.091367
vn 0.294759 0.951193 -0.091367
vn 0.272084 0.95631 -0.106966
vn 0.849554 0.525137 -0.049883
vn -0.963115 0.142462 -0.228286
vn -0.955774 0.129071 -0.264267
vn -0.618945 0.138215 -0.773178
vn -0.955774 0.129071 -0.264267
vn -0.963115 0.142462 -0.228286
vn -0.980249 0.097966 0.171799
vn 0.679745 0.082418 -0.728803
vn 0.11732 0.033745 -0.992521
vn 0.682687 0.056691 -0.728509
vn 0.679745 0.082418 -0.728803
vn 0.682687 0.056691 -0.728509
vn 0.971463 0.070039 -0.226614
vn 0.956609 0.15103 -0.249177
vn 0.948764 0.172592 -0.264687
vn 0.627383 0.143594 -0.765357
vn 0.948764 0.172592 -0.264687
vn 0.956609 0.15103 -0.249177
vn 0.97832 0.14568 0.147201
vn -0.620921 0.782287 0.049833
vn -0.613667 0.780222 0.121103
vn -0.413568 0.907723 0.070718
vn -0.613667 0.780222 0.121103
vn -0.620921 0.782287 0.049833
vn -0.603324 0.793234 0.082335
vn -0.787044 0.444818 0.427432
vn -0.886177 0.45495 0.08781
vn -0.523344 0.847633 0.087345
vn -0.523344 0.847633 0.087345
vn -0.519281 0.849848 0.090033
vn -0.787044 0.444818 0.427432
vn 0.568249 0.515611 0.641279
vn 0.751194 0.404838 0.521357
vn 0.596387 0.482286 0.641656
vn 0.568249 0.515611 0.641279
vn 0.596387 0.482286 0.641656
vn 0.287776 0.69511 0.658792
vn 0.336754 0.940797 -0.038702
vn 0.311936 0.949634 -0.029866
vn 0.219527 0.973676 -0.061342
vn 0.311936 0.949634 -0.029866
vn 0.336754 0.940797 -0.038702
vn 0.216701 0.973731 0.069914
vn -0.404632 0.91441 -0.011284
vn -0.386174 0.917705 0.093205
vn -0.918131 0.39434 -0.03913
vn -0.819304 0.569569 -0.065821
vn -0.396497 0.909327 -0.126155
vn -0.404632 0.91441 -0.011284
vn -0.993697 -0.008223 0.111798
vn -0.697131 0.716633 0.021094
vn -0.97222 0.047391 -0.22922
vn -0.999427 0.015174 0.03024
vn -0.993697 -0.008223 0.111798
vn -0.769845 -0.147171 0.621031
vn -0.425865 -0.795169 0.431677
vn -0.30144 -0.506371 0.807912
vn -0.000001 -0.877881 0.478878
vn -0.000001 -0.877881 0.478878
vn 0.301438 -0.506371 0.807913
vn 0.425864 -0.795169 0.431677
vn -0.06123 0.918184 0.391393
vn -0.116455 0.861253 0.494653
vn -0.058295 0.912134 0.405725
vn -0.058295 0.912134 0.405725
vn -0.143531 0.858996 0.491452
vn -0.013065 0.914374 0.404661
vn 0.60132 0.180158 -0.778432
vn 0.086513 0.108819 -0.99029
vn 0.627383 0.143594 -0.765357
vn 0.60132 0.180158 -0.778432
vn 0.627383 0.143594 -0.765357
vn 0.948764 0.172592 -0.264687
vn 0.390991 0.887772 0.242871
vn 0.396224 0.895626 0.202139
vn 0.000328 0.973353 0.229312
vn 0.396224 0.895626 0.202139
vn 0.390991 0.887772 0.242871
vn 0.597901 0.767589 0.230914
vn 0.071083 0.995942 0.055189
vn 0.101296 0.992921 0.062021
vn 0.212432 0.977002 0.018432
vn 0.212432 0.977002 0.018432
vn 0.216701 0.973731 0.069914
vn 0.071083 0.995942 0.055189
vn -0.257073 0.052866 -0.964945
vn -0.765794 -0.055611 -0.640677
vn -0.306965 0.024733 -0.951399
vn -0.306965 0.024733 -0.951399
vn 0.079781 0.084759 -0.993202
vn -0.257073 0.052866 -0.964945
vn -0.632492 0.113524 -0.766203
vn -0.100177 0.064583 -0.992871
vn -0.618945 0.138215 -0.773178
vn -0.632492 0.113524 -0.766203
vn -0.618945 0.138215 -0.773178
vn -0.955774 0.129071 -0.264267
vn -0.937614 -0.232418 0.258576
vn -0.644262 -0.26988 0.715606
vn -0.936895 -0.250598 0.24378
vn -0.936895 -0.250598 0.24378
vn -0.973962 -0.209678 -0.086219
vn -0.937614 -0.232418 0.258576
vn -0.636247 0.470326 0.611541
vn -0.827543 0.380093 0.413162
vn -0.607143 0.468561 0.641738
vn -0.636247 0.470326 0.611541
vn -0.607143 0.468561 0.641738
vn -0.295459 0.681523 0.6695
vn -0.387459 0.911374 -0.13883
vn -0.376263 0.915369 -0.143266
vn -0.566726 0.814835 -0.121922
vn -0.376263 0.915369 -0.143266
vn -0.387459 0.911374 -0.13883
vn -0.006778 0.986668 -0.162605
vn 0.461029 0.883344 0.084592
vn 0.442825 0.896578 -0.007375
vn 0.541285 0.838216 0.066367
vn 0.541285 0.838216 0.066367
vn 0.542082 0.81451 0.206692
vn 0.461029 0.883344 0.084592
vn 0.00272 -0.99925 -0.038628
vn -0.043792 -0.986505 -0.157763
vn -0.112426 -0.993404 -0.022548
vn -0.043792 -0.986505 -0.157763
vn 0.00272 -0.99925 -0.038628
vn 0.141679 -0.956888 -0.25356
vn -0.019503 -0.980538 0.195359
vn -0.019248 -0.946742 0.321418
vn -0.001177 -0.98007 0.198649
vn -0.001177 -0.98007 0.198649
vn 0.005603 -0.999299 0.037023
vn -0.019503 -0.980538 0.195359
vn 0.993115 0.03146 0.112843
vn 0.994278 0.005505 0.106679
vn 0.782065 -0.087054 0.617086
vn 0.994278 0.005505 0.106679
vn 0.993115 0.03146 0.112843
vn 0.969934 0.046531 -0.238877
vn 0.00177 0.968339 0.249631
vn 0.146942 0.955721 0.254963
vn 0.341855 0.917862 0.201655
vn 0.00177 0.968339 0.249631
vn -0.016424 0.926891 0.374972
vn 0.146942 0.955721 0.254963
vn 0.512981 0.854655 -0.080097
vn 0.528905 0.847887 -0.036694
vn 0.38603 0.92194 -0.031739
vn 0.528905 0.847887 -0.036694
vn 0.512981 0.854655 -0.080097
vn 0.566945 0.822372 -0.047721
vn -0.211268 0.977387 0.008996
vn -0.203433 0.978725 0.026686
vn -0.282667 0.958459 -0.038156
vn -0.203433 0.978725 0.026686
vn -0.211268 0.977387 0.008996
vn -0.076444 0.994071 0.077328
vn 0.377534 0.916073 -0.1352
vn 0.389794 0.911344 -0.132336
vn 0.559932 0.821938 -0.104374
vn 0.389794 0.911344 -0.132336
vn 0.377534 0.916073 -0.1352
vn -0.003223 0.989184 -0.146647
vn -0.516248 0.856322 0.014148
vn -0.498627 0.865447 0.048715
vn -0.5782 0.814433 0.048827
vn -0.498627 0.865447 0.048715
vn -0.516248 0.856322 0.014148
vn -0.868215 0.494071 -0.045785
vn -0.835599 0.36703 0.408734
vn -0.916557 0.374123 0.141261
vn -0.442965 0.875281 0.194077
vn -0.442965 0.875281 0.194077
vn -0.456636 0.869014 0.19052
vn -0.835599 0.36703 0.408734
vn 0.436412 0.891081 0.124574
vn 0.447927 0.868567 0.212018
vn 0.549562 0.823867 0.138653
vn 0.549562 0.823867 0.138653
vn 0.566668 0.821804 0.059375
vn 0.436412 0.891081 0.124574
vn -0.004112 0.997014 0.077115
vn -0.00226 0.996046 0.088809
vn 0.416396 0.906673 0.06751
vn -0.00226 0.996046 0.088809
vn -0.004112 0.997014 0.077115
vn -0.413568 0.907723 0.070718
vn 0.069463 0.964133 0.25617
vn -0.027697 0.876527 0.480556
vn -0.427185 0.884152 0.189177
vn 0.0 0.999637 -0.026943
vn 0.069463 0.964133 0.25617
vn -0.427185 0.884152 0.189177
vn 0.001696 -0.969581 -0.244767
vn 0.002249 -0.999444 -0.033251
vn -0.117844 -0.958999 -0.257746
vn 0.002249 -0.999444 -0.033251
vn 0.001696 -0.969581 -0.244767
vn 0.10225 -0.994703 -0.010579
vn -0.572506 0.811225 -0.118956
vn -0.566726 0.814835 -0.121922
vn -0.501504 0.857585 -0.1142
vn -0.566726 0.814835 -0.121922
vn -0.572506 0.811225 -0.118956
vn -0.387459 0.911374 -0.13883
vn -0.221426 0.974489 0.036617
vn -0.212672 0.972975 0.089943
vn -0.141374 0.964453 0.223259
vn -0.141374 0.964453 0.223259
vn -0.122278 0.981693 0.14604
vn -0.221426 0.974489 0.036617
vn 0.310673 0.94033 0.138785
vn 0.26002 0.876584 0.404957
vn 0.443424 0.866831 0.227988
vn 0.569926 0.819027 -0.066183
vn 0.310673 0.94033 0.138785
vn 0.443424 0.866831 0.227988
vn 0.524642 0.84651 0.090402
vn 0.524037 0.850216 0.050174
vn 0.749808 0.459579 0.475999
vn 0.749808 0.459579 0.475999
vn 0.803248 0.45726 0.381714
vn 0.524642 0.84651 0.090402
vn -0.294476 0.955077 0.033334
vn -0.23767 0.949058 0.206884
vn -0.83511 0.548671 -0.039381
vn -0.175283 0.923928 0.340049
vn -0.544438 0.82944 0.124962
vn -0.23767 0.949058 0.206884
vn 0.969934 0.046531 -0.238877
vn 0.681413 0.723347 -0.11156
vn 0.994278 0.005505 0.106679
vn 0.681413 0.723347 -0.11156
vn 0.969934 0.046531 -0.238877
vn 0.664427 0.299495 -0.684718
vn -0.567144 0.822356 -0.045588
vn -0.570605 0.816054 -0.092011
vn -0.539063 0.841242 -0.041499
vn -0.570605 0.816054 -0.092011
vn -0.567144 0.822356 -0.045588
vn -0.382767 0.919994 -0.084259
vn -0.204952 0.977609 -0.047697
vn -0.185729 0.982053 -0.03282
vn -0.310884 0.950436 -0.004804
vn -0.185729 0.982053 -0.03282
vn -0.204952 0.977609 -0.047697
vn -0.000293 0.999119 -0.041971
vn -0.395019 0.914012 -0.092422
vn -0.394322 0.911205 -0.11923
vn -0.573285 0.814007 -0.093471
vn -0.394322 0.911205 -0.11923
vn -0.395019 0.914012 -0.092422
vn -0.000567 0.992485 -0.122369
vn -0.003223 0.989184 -0.146647
vn -0.000567 0.992485 -0.122369
vn 0.389794 0.911344 -0.132336
vn -0.000567 0.992485 -0.122369
vn -0.003223 0.989184 -0.146647
vn -0.394322 0.911205 -0.11923
vn 0.524037 0.850216 0.050174
vn 0.507597 0.86152 0.011294
vn 0.864682 0.449756 0.223706
vn 0.886102 0.454004 -0.093292
vn 0.864682 0.449756 0.223706
vn 0.507597 0.86152 0.011294
vn -0.973962 -0.209678 -0.086219
vn -0.936895 -0.250598 0.24378
vn -0.973153 -0.228199 -0.029985
vn -0.973153 -0.228199 -0.029985
vn -0.855727 -0.172088 -0.487973
vn -0.973962 -0.209678 -0.086219
vn -0.210578 0.832205 0.512924
vn -0.235357 0.847219 0.476264
vn 0.01064 0.845686 0.533574
vn 0.01064 0.845686 0.533574
vn 0.012377 0.870537 0.491947
vn -0.210578 0.832205 0.512924
vn -0.001525 0.997543 -0.070037
vn 0.003092 0.993988 -0.109444
vn 0.219527 0.973676 -0.061342
vn 0.003092 0.993988 -0.109444
vn -0.001525 0.997543 -0.070037
vn -0.235144 0.966876 -0.099284
vn -0.026928 0.92482 0.379451
vn -0.058295 0.912134 0.405725
vn -0.016424 0.926891 0.374972
vn -0.016424 0.926891 0.374972
vn 0.00177 0.968339 0.249631
vn -0.026928 0.92482 0.379451
vn -0.409333 0.909918 0.067041
vn -0.413568 0.907723 0.070718
vn -0.004112 0.997014 0.077115
vn -0.413568 0.907723 0.070718
vn -0.409333 0.909918 0.067041
vn -0.620921 0.782287 0.049833
vn 0.958228 -0.139182 0.249857
vn 0.682307 -0.144667 0.716609
vn 0.952931 -0.132168 0.272861
vn 0.952931 -0.132168 0.272861
vn 0.989881 -0.110038 -0.089599
vn 0.958228 -0.139182 0.249857
vn 0.609305 0.133145 -0.781677
vn 0.123062 0.082425 -0.98897
vn 0.620707 0.118104 -0.775096
vn 0.609305 0.133145 -0.781677
vn 0.620707 0.118104 -0.775096
vn 0.947262 0.142856 -0.286857
vn 0.252993 0.853086 0.456332
vn 0.413894 0.887599 0.202138
vn 0.295358 0.843922 0.447838
vn 0.295358 0.843922 0.447838
vn 0.304014 0.817463 0.489214
vn 0.252993 0.853086 0.456332
vn -0.551312 0.822189 0.141634
vn -0.532186 0.814823 0.229872
vn -0.420023 0.895321 0.148259
vn -0.420023 0.895321 0.148259
vn -0.466621 0.879772 0.090921
vn -0.551312 0.822189 0.141634
vn -0.664116 0.142266 -0.733968
vn -0.097677 0.085751 -0.991517
vn -0.604466 0.16088 -0.780217
vn -0.664116 0.142266 -0.733968
vn -0.604466 0.16088 -0.780217
vn -0.948153 0.149772 -0.28031
vn 0.127761 0.979915 0.153116
vn 0.101296 0.992921 0.062021
vn 0.362599 0.913531 -0.184346
vn 0.549993 0.786278 -0.281557
vn 0.362599 0.913531 -0.184346
vn 0.101296 0.992921 0.062021
vn -0.952322 -0.15787 0.261076
vn -0.984655 -0.136311 -0.108971
vn -0.938689 -0.182984 0.292199
vn -0.938689 -0.182984 0.292199
vn -0.640593 -0.185144 0.745226
vn -0.952322 -0.15787 0.261076
vn 0.241814 0.022619 -0.970059
vn -0.100177 0.064583 -0.992871
vn 0.285349 -0.010502 -0.958366
vn 0.285349 -0.010502 -0.958366
vn 0.746916 -0.088381 -0.659018
vn 0.241814 0.022619 -0.970059
vn 0.012377 0.870537 0.491947
vn -0.143531 0.858996 0.491452
vn -0.239674 0.817903 0.523059
vn 0.012377 0.870537 0.491947
vn -0.013065 0.914374 0.404661
vn -0.143531 0.858996 0.491452
vn -0.959129 -0.131693 0.250455
vn -0.585378 -0.121796 0.80156
vn -0.95875 -0.144047 0.245048
vn -0.95875 -0.144047 0.245048
vn -0.983514 -0.118898 -0.136246
vn -0.959129 -0.131693 0.250455
vn -0.506005 0.855826 -0.107336
vn -0.501504 0.857585 -0.1142
vn -0.566726 0.814835 -0.121922
vn -0.501504 0.857585 -0.1142
vn -0.506005 0.855826 -0.107336
vn -0.332465 0.934318 -0.128517
vn 0.975845 -0.186145 -0.114355
vn 0.769425 -0.122146 -0.626949
vn 0.971591 -0.211588 -0.106029
vn 0.971591 -0.211588 -0.106029
vn 0.943548 -0.251103 0.216018
vn 0.975845 -0.186145 -0.114355
vn -0.239525 0.039667 -0.97008
vn -0.705844 -0.038695 -0.70731
vn -0.218931 0.024868 -0.975423
vn -0.218931 0.024868 -0.975423
vn 0.093115 0.063474 -0.99363
vn -0.239525 0.039667 -0.97008
vn -0.541943 0.836956 0.076167
vn -0.539063 0.841242 -0.041499
vn -0.456699 0.886244 0.077438
vn -0.456699 0.886244 0.077438
vn -0.456636 0.869014 0.19052
vn -0.541943 0.836956 0.076167
vn 0.938952 -0.187276 0.288611
vn 0.976137 -0.149725 -0.157284
vn 0.948501 -0.1558 0.275814
vn 0.948501 -0.1558 0.275814
vn 0.575513 -0.147648 0.804354
vn 0.938952 -0.187276 0.288611
vn 0.592008 0.788255 0.167869
vn 0.590758 0.790894 0.15966
vn 0.523475 0.847521 0.087651
vn 0.523475 0.847521 0.087651
vn 0.526911 0.846838 0.072323
vn 0.592008 0.788255 0.167869
vn 0.447927 0.868567 0.212018
vn 0.436412 0.891081 0.124574
vn 0.792791 0.392881 0.465968
vn 0.792791 0.392881 0.465968
vn 0.824735 0.399667 0.400099
vn 0.447927 0.868567 0.212018
vn -0.28415 0.369213 0.88484
vn -0.295459 0.681523 0.6695
vn -0.029979 0.45785 0.888524
vn -0.295459 0.681523 0.6695
vn -0.28415 0.369213 0.88484
vn -0.636247 0.470326 0.611541
vn -0.603324 0.793234 0.082335
vn -0.590376 0.805278 0.05462
vn -0.51773 0.853035 0.065482
vn -0.51773 0.853035 0.065482
vn -0.519281 0.849848 0.090033
vn -0.603324 0.793234 0.082335
vn 0.383538 0.900489 0.204985
vn 0.376084 0.901417 0.214497
vn 0.583759 0.795372 0.163119
vn 0.376084 0.901417 0.214497
vn 0.383538 0.900489 0.204985
vn -0.003434 0.974586 0.223989
vn -0.433232 0.874082 0.219753
vn -0.265399 0.840376 0.472579
vn -0.335224 0.928081 0.162145
vn -0.433232 0.874082 0.219753
vn -0.335224 0.928081 0.162145
vn -0.569925 0.819027 -0.066183
vn 0.158024 0.987219 -0.02066
vn 0.184667 0.982551 -0.022189
vn 0.279496 0.957731 -0.068065
vn 0.184667 0.982551 -0.022189
vn 0.158024 0.987219 -0.02066
vn -0.000489 0.999711 -0.024044
vn 0.093115 0.063474 -0.99363
vn 0.620707 0.118104 -0.775096
vn 0.123062 0.082425 -0.98897
vn 0.123062 0.082425 -0.98897
vn -0.239525 0.039667 -0.97008
vn 0.093115 0.063474 -0.99363
vn 0.505522 0.855423 -0.112694
vn 0.503454 0.858255 -0.099662
vn 0.349293 0.925717 -0.145062
vn 0.503454 0.858255 -0.099662
vn 0.505522 0.855423 -0.112694
vn 0.572533 0.814108 -0.097126
vn 0.268474 0.02448 -0.962976
vn 0.747898 -0.074046 -0.659671
vn 0.270584 0.054003 -0.96118
vn 0.270584 0.054003 -0.96118
vn -0.101916 0.114044 -0.988234
vn 0.268474 0.02448 -0.962976
vn 0.985286 -0.139329 -0.09899
vn 0.948501 -0.1558 0.275814
vn 0.976137 -0.149725 -0.157284
vn 0.976137 -0.149725 -0.157284
vn 0.747898 -0.074046 -0.659671
vn 0.985286 -0.139329 -0.09899
vn -0.984655 -0.136311 -0.108971
vn -0.952322 -0.15787 0.261076
vn -0.989851 -0.110161 -0.089771
vn -0.989851 -0.110161 -0.089771
vn -0.705844 -0.038695 -0.70731
vn -0.984655 -0.136311 -0.108971
vn -0.974282 -0.153189 -0.165248
vn -0.749832 -0.077754 -0.657044
vn -0.976875 -0.143332 -0.158654
vn -0.976875 -0.143332 -0.158654
vn -0.954656 -0.175742 0.240305
vn -0.974282 -0.153189 -0.165248
vn 0.406265 0.909325 0.089869
vn 0.416396 0.906673 0.06751
vn 0.609 0.782867 0.127432
vn 0.416396 0.906673 0.06751
vn 0.406265 0.909325 0.089869
vn -0.004112 0.997014 0.077115
vn 0.413894 0.887599 0.202138
vn 0.252993 0.853086 0.456332
vn 0.069463 0.964133 0.25617
vn 0.413894 0.887599 0.202138
vn 0.069463 0.964133 0.25617
vn 0.0 0.999637 -0.026943
vn -0.294379 0.95464 -0.044762
vn -0.282667 0.958459 -0.038156
vn -0.203433 0.978725 0.026686
vn -0.282667 0.958459 -0.038156
vn -0.294379 0.95464 -0.044762
vn -0.1824 0.982354 -0.041366
vn 0.989881 -0.110038 -0.089599
vn 0.722959 -0.035854 -0.68996
vn 0.988262 -0.119671 -0.094955
vn 0.988262 -0.119671 -0.094955
vn 0.958228 -0.139182 0.249857
vn 0.989881 -0.110038 -0.089599
vn 0.824735 0.399667 0.400099
vn 0.914815 0.401998 0.038876
vn 0.452243 0.872335 0.185762
vn 0.452243 0.872335 0.185762
vn 0.447927 0.868567 0.212018
vn 0.824735 0.399667 0.400099
vn -0.456636 0.869014 0.19052
vn -0.442965 0.875281 0.194077
vn -0.535812 0.821646 0.194433
vn -0.535812 0.821646 0.194433
vn -0.541943 0.836956 0.076167
vn -0.456636 0.869014 0.19052
vn -0.072228 0.077629 -0.994363
vn -0.618945 0.138215 -0.773178
vn -0.100177 0.064583 -0.992871
vn -0.100177 0.064583 -0.992871
vn 0.241814 0.022619 -0.970059
vn -0.072228 0.077629 -0.994363
vn 0.572533 0.814108 -0.097126
vn 0.572983 0.812763 -0.105393
vn 0.393809 0.915355 -0.083901
vn 0.572983 0.812763 -0.105393
vn 0.572533 0.814108 -0.097126
vn 0.505522 0.855423 -0.112694
vn -0.1824 0.982354 -0.041366
vn -0.177732 0.984015 -0.011254
vn -0.282667 0.958459 -0.038156
vn -0.177732 0.984015 -0.011254
vn -0.1824 0.982354 -0.041366
vn -0.026007 0.999315 0.026341
vn 0.311862 0.752898 0.579558
vn 0.287776 0.69511 0.658792
vn 0.233055 0.803558 0.547704
vn 0.287776 0.69511 0.658792
vn 0.311862 0.752898 0.579558
vn 0.568249 0.515611 0.641279
vn -0.122278 0.981693 0.14604
vn -0.141374 0.964453 0.223259
vn -0.519704 0.778436 -0.352059
vn -0.519704 0.778436 -0.352059
vn -0.60976 0.775969 -0.161448
vn -0.122278 0.981693 0.14604
vn -0.974959 0.063738 -0.213054
vn -0.97222 0.047391 -0.22922
vn -0.677744 0.063011 -0.732593
vn -0.97222 0.047391 -0.22922
vn -0.974959 0.063738 -0.213054
vn -0.993697 -0.008223 0.111798
vn 0.966086 0.132133 -0.221852
vn 0.947262 0.142856 -0.286857
vn 0.620707 0.118104 -0.775096
vn 0.947262 0.142856 -0.286857
vn 0.966086 0.132133 -0.221852
vn 0.976316 0.122405 0.178393
vn 0.956609 0.15103 -0.249177
vn 0.940787 0.143885 -0.306947
vn 0.98819 0.116533 0.099499
vn 0.940787 0.143885 -0.306947
vn 0.956609 0.15103 -0.249177
vn 0.612475 0.143812 -0.777298
vn 0.073585 0.91039 0.407155
vn 0.066187 0.929588 0.362609
vn -0.013065 0.914374 0.404661
vn -0.013065 0.914374 0.404661
vn 0.012377 0.870537 0.491947
vn 0.073585 0.91039 0.407155
vn -0.206926 0.769905 0.603679
vn -0.213838 0.761476 0.611905
vn -0.116455 0.861253 0.494653
vn -0.213838 0.761476 0.611905
vn -0.206926 0.769905 0.603679
vn -0.2836 0.683591 0.672513
vn -0.027697 0.876527 0.480556
vn 0.01064 0.845686 0.533574
vn -0.235357 0.847219 0.476264
vn -0.235357 0.847219 0.476264
vn -0.427185 0.884152 0.189177
vn -0.027697 0.876527 0.480556
vn -0.963115 0.142462 -0.228286
vn -0.966315 0.142837 -0.214086
vn -0.978833 0.120467 0.165449
vn -0.966315 0.142837 -0.214086
vn -0.963115 0.142462 -0.228286
vn -0.62791 0.139524 -0.765677
vn 0.631183 0.764352 -0.131809
vn 0.888189 0.413334 -0.200687
vn 0.397374 0.911543 -0.10575
vn 0.397374 0.911543 -0.10575
vn 0.349293 0.925717 -0.145062
vn 0.631183 0.764352 -0.131809
vn -0.95073 0.174116 -0.256507
vn -0.948153 0.149772 -0.28031
vn -0.604466 0.16088 -0.780217
vn -0.948153 0.149772 -0.28031
vn -0.95073 0.174116 -0.256507
vn -0.986684 0.119565 0.11027
vn 0.722959 -0.035854 -0.68996
vn 0.196466 0.047043 -0.979382
vn 0.705374 -0.04649 -0.707309
vn 0.705374 -0.04649 -0.707309
vn 0.988262 -0.119671 -0.094955
vn 0.722959 -0.035854 -0.68996
vn 0.296085 0.683068 0.667647
vn 0.198771 0.37675 0.904737
vn 0.220954 0.744166 0.630394
vn 0.198771 0.37675 0.904737
vn 0.296085 0.683068 0.667647
vn 0.624429 0.282817 0.728082
vn 0.259077 -0.036922 -0.965151
vn 0.754184 -0.136035 -0.642419
vn 0.247688 -0.014097 -0.968737
vn 0.247688 -0.014097 -0.968737
vn -0.114883 0.033942 -0.992799
vn 0.259077 -0.036922 -0.965151
vn -0.211225 0.019136 -0.97725
vn 0.205777 -0.036358 -0.977923
vn -0.121748 0.014578 -0.992454
vn -0.121748 0.014578 -0.992454
vn -0.689722 0.053971 -0.722061
vn -0.146603 0.720038 -0.678272
vn -0.331494 -0.053121 -0.941961
vn 0.07899 0.005916 -0.996858
vn -0.261407 -0.034254 -0.964621
vn -0.261407 -0.034254 -0.964621
vn -0.765397 -0.13944 -0.62827
vn -0.331494 -0.053121 -0.941961
vn -0.618945 0.138215 -0.773178
vn -0.072228 0.077629 -0.994363
vn -0.62791 0.139524 -0.765677
vn -0.618945 0.138215 -0.773178
vn -0.62791 0.139524 -0.765677
vn -0.963115 0.142462 -0.228286
vn 0.575513 -0.147648 0.804354
vn 0.948501 -0.1558 0.275814
vn 0.609025 -0.131527 0.78217
vn 0.609025 -0.131527 0.78217
vn 0.06162 -0.078411 0.995015
vn 0.575513 -0.147648 0.804354
vn -0.2836 0.683591 0.672513
vn -0.308809 0.766654 0.56292
vn -0.213838 0.761476 0.611905
vn -0.308809 0.766654 0.56292
vn -0.2836 0.683591 0.672513
vn -0.472085 0.71313 0.518248
vn -0.705844 -0.038695 -0.70731
vn -0.239525 0.039667 -0.97008
vn -0.730864 -0.063121 -0.679598
vn -0.730864 -0.063121 -0.679598
vn -0.984655 -0.136311 -0.108971
vn -0.705844 -0.038695 -0.70731
vn 0.747898 -0.074046 -0.659671
vn 0.268474 0.02448 -0.962976
vn 0.752798 -0.068404 -0.654688
vn 0.752798 -0.068404 -0.654688
vn 0.985286 -0.139329 -0.09899
vn 0.747898 -0.074046 -0.659671
vn 0.285369 0.956631 -0.058501
vn 0.296598 0.954011 -0.04351
vn 0.221602 0.975064 0.011938
vn 0.296598 0.954011 -0.04351
vn 0.285369 0.956631 -0.058501
vn 0.182254 0.981337 -0.061334
vn 0.000328 0.973353 0.229312
vn 0.003144 0.974267 0.225377
vn 0.390991 0.887772 0.242871
vn 0.003144 0.974267 0.225377
vn 0.000328 0.973353 0.229312
vn -0.379887 0.902755 0.201793
vn 0.125102 0.860708 0.49349
vn 0.012377 0.870537 0.491947
vn 0.22189 0.769503 0.598858
vn 0.125102 0.860708 0.49349
vn 0.073585 0.91039 0.407155
vn 0.012377 0.870537 0.491947
vn 0.627383 0.143594 -0.765357
vn 0.079781 0.084759 -0.993202
vn 0.612475 0.143812 -0.777298
vn 0.627383 0.143594 -0.765357
vn 0.612475 0.143812 -0.777298
vn 0.956609 0.15103 -0.249177
vn 0.976316 0.122405 0.178393
vn 0.980075 0.105434 0.168337
vn 0.734078 0.055715 0.676776
vn 0.980075 0.105434 0.168337
vn 0.976316 0.122405 0.178393
vn 0.966086 0.132133 -0.221852
vn -0.143531 0.858996 0.491452
vn -0.116455 0.861253 0.494653
vn -0.213838 0.761476 0.611905
vn -0.143531 0.858996 0.491452
vn -0.058295 0.912134 0.405725
vn -0.116455 0.861253 0.494653
vn -0.980249 0.097966 0.171799
vn -0.978833 0.120467 0.165449
vn -0.73518 0.031065 0.67716
vn -0.978833 0.120467 0.165449
vn -0.980249 0.097966 0.171799
vn -0.963115 0.142462 -0.228286
vn -0.986684 0.119565 0.11027
vn -0.98666 0.129037 0.09925
vn -0.948153 0.149772 -0.28031
vn -0.98666 0.129037 0.09925
vn -0.986684 0.119565 0.11027
vn -0.738672 0.043677 0.672648
vn 0.901964 0.414255 0.121873
vn 0.929798 0.368069 0.000529
vn 0.526911 0.846838 0.072323
vn 0.503288 0.860663 0.077207
vn 0.526911 0.846838 0.072323
vn 0.929798 0.368069 0.000529
vn 0.22189 0.769503 0.598858
vn 0.220954 0.744166 0.630394
vn 0.125102 0.860708 0.49349
vn 0.220954 0.744166 0.630394
vn 0.22189 0.769503 0.598858
vn 0.296085 0.683068 0.667647
vn 0.182254 0.981337 -0.061334
vn 0.206429 0.977537 -0.042531
vn 0.296598 0.954011 -0.04351
vn 0.206429 0.977537 -0.042531
vn 0.182254 0.981337 -0.061334
vn -0.008393 0.997755 -0.066441
vn -0.628136 -0.145045 0.764465
vn -0.95875 -0.144047 0.245048
vn -0.585378 -0.121796 0.80156
vn -0.585378 -0.121796 0.80156
vn -0.107721 -0.083908 0.990634
vn -0.628136 -0.145045 0.764465
vn 0.985967 0.122737 0.113159
vn 0.98819 0.116533 0.099499
vn 0.940787 0.143885 -0.306947
vn 0.98819 0.116533 0.099499
vn 0.985967 0.122737 0.113159
vn 0.723299 0.024916 0.690085
vn 0.163501 0.016935 -0.986398
vn 0.682687 0.056691 -0.728509
vn 0.11732 0.033745 -0.992521
vn 0.11732 0.033745 -0.992521
vn -0.241183 -0.020782 -0.970257
vn 0.163501 0.016935 -0.986398
vn -0.749832 -0.077754 -0.657044
vn -0.306965 0.024733 -0.951399
vn -0.765794 -0.055611 -0.640677
vn -0.765794 -0.055611 -0.640677
vn -0.976875 -0.143332 -0.158654
vn -0.749832 -0.077754 -0.657044
vn 0.06162 -0.078411 0.995015
vn -0.229872 -0.031113 0.972723
vn 0.107541 -0.093758 0.98977
vn 0.107541 -0.093758 0.98977
vn 0.575513 -0.147648 0.804354
vn 0.06162 -0.078411 0.995015
vn -0.740283 0.060881 0.669533
vn -0.73518 0.031065 0.67716
vn -0.978833 0.120467 0.165449
vn -0.740283 0.060881 0.669533
vn -0.229872 -0.031113 0.972723
vn -0.73518 0.031065 0.67716
vn 0.746846 0.017194 0.664774
vn 0.734078 0.055715 0.676776
vn 0.980075 0.105434 0.168337
vn 0.746846 0.017194 0.664774
vn 0.270042 -0.055107 0.96127
vn 0.734078 0.055715 0.676776
vn 0.206473 -0.051729 0.977084
vn -0.055315 -0.084909 0.994852
vn 0.233247 -0.060794 0.970515
vn 0.233247 -0.060794 0.970515
vn 0.723299 0.024916 0.690085
vn 0.206473 -0.051729 0.977084
vn -0.572506 0.811225 -0.118956
vn -0.573285 0.814007 -0.093471
vn -0.394322 0.911205 -0.11923
vn -0.573285 0.814007 -0.093471
vn -0.572506 0.811225 -0.118956
vn -0.51075 0.854706 -0.092802
vn 0.250181 -0.030202 0.967728
vn 0.734078 0.055715 0.676776
vn 0.270042 -0.055107 0.96127
vn 0.270042 -0.055107 0.96127
vn -0.118035 -0.1046 0.987485
vn 0.250181 -0.030202 0.967728
vn 0.0 0.930231 0.366975
vn -0.0 0.808876 0.587979
vn 0.575657 0.750634 0.324295
vn 0.0 0.930231 0.366975
vn -0.575657 0.750634 0.324295
vn -0.0 0.808876 0.587979
vn -0.741601 0.068372 0.667348
vn -0.72555 0.030561 0.687491
vn -0.978933 0.13689 0.151497
vn -0.741601 0.068372 0.667348
vn -0.248188 -0.039744 0.967896
vn -0.72555 0.030561 0.687491
vn -0.081679 0.085439 -0.99299
vn 0.22695 0.03965 -0.973099
vn -0.097677 0.085751 -0.991517
vn -0.097677 0.085751 -0.991517
vn -0.664116 0.142266 -0.733968
vn -0.081679 0.085439 -0.99299
vn -0.093281 -0.111946 0.989326
vn -0.640593 -0.185144 0.745226
vn -0.142828 -0.105709 0.984086
vn -0.142828 -0.105709 0.984086
vn 0.246019 -0.037322 0.968546
vn -0.093281 -0.111946 0.989326
vn -0.000293 0.999119 -0.041971
vn -0.008393 0.997755 -0.066441
vn 0.182254 0.981337 -0.061334
vn -0.008393 0.997755 -0.066441
vn -0.000293 0.999119 -0.041971
vn -0.204952 0.977609 -0.047697
vn -0.637067 -0.151948 0.755683
vn -0.952322 -0.15787 0.261076
vn -0.640593 -0.185144 0.745226
vn -0.640593 -0.185144 0.745226
vn -0.093281 -0.111946 0.989326
vn -0.637067 -0.151948 0.755683
vn 0.723299 0.024916 0.690085
vn 0.742622 0.056454 0.667328
vn 0.98819 0.116533 0.099499
vn 0.723299 0.024916 0.690085
vn 0.233247 -0.060794 0.970515
vn 0.742622 0.056454 0.667328
vn 0.24771 0.968574 0.02246
vn 0.221602 0.975064 0.011938
vn 0.127761 0.979915 0.153116
vn 0.24771 0.968574 0.02246
vn 0.127761 0.979915 0.153116
vn 0.222524 0.974111 0.039894
vn 0.682384 -0.16768 0.711502
vn 0.938463 -0.183196 0.29279
vn 0.613937 -0.182419 0.767988
vn 0.613937 -0.182419 0.767988
vn 0.121369 -0.118943 0.985455
vn 0.682384 -0.16768 0.711502
vn -0.055315 -0.084909 0.994852
vn 0.206473 -0.051729 0.977084
vn -0.107721 -0.083908 0.990634
vn -0.107721 -0.083908 0.990634
vn -0.585378 -0.121796 0.80156
vn -0.055315 -0.084909 0.994852
vn -0.000489 0.999711 -0.024044
vn -0.000293 0.999119 -0.041971
vn 0.184667 0.982551 -0.022189
vn -0.000293 0.999119 -0.041971
vn -0.000489 0.999711 -0.024044
vn -0.185729 0.982053 -0.03282
vn 0.143943 -0.09759 0.984762
vn 0.682384 -0.16768 0.711502
vn 0.121369 -0.118943 0.985455
vn 0.121369 -0.118943 0.985455
vn -0.218208 -0.063446 0.973838
vn 0.143943 -0.09759 0.984762
vn -0.519281 0.849848 0.090033
vn -0.523344 0.847633 0.087345
vn -0.597538 0.785296 0.162044
vn -0.597538 0.785296 0.162044
vn -0.603324 0.793234 0.082335
vn -0.519281 0.849848 0.090033
vn 0.22695 0.03965 -0.973099
vn -0.081679 0.085439 -0.99299
vn 0.196466 0.047043 -0.979382
vn 0.196466 0.047043 -0.979382
vn 0.722959 -0.035854 -0.68996
vn 0.22695 0.03965 -0.973099
vn 0.079781 0.084759 -0.993202
vn -0.306965 0.024733 -0.951399
vn 0.087246 0.085073 -0.992548
vn 0.087246 0.085073 -0.992548
vn 0.612475 0.143812 -0.777298
vn 0.079781 0.084759 -0.993202
vn -0.218208 -0.063446 0.973838
vn 0.121369 -0.118943 0.985455
vn -0.248244 -0.044447 0.967677
vn -0.248244 -0.044447 0.967677
vn -0.738672 0.043677 0.672648
vn -0.218208 -0.063446 0.973838
vn -0.248244 -0.044447 0.967677
vn 0.107541 -0.093758 0.98977
vn -0.229872 -0.031113 0.972723
vn -0.229872 -0.031113 0.972723
vn -0.740283 0.060881 0.669533
vn -0.248244 -0.044447 0.967677
vn -0.260202 0.030123 -0.965084
vn 0.087246 0.085073 -0.992548
vn -0.306965 0.024733 -0.951399
vn -0.306965 0.024733 -0.951399
vn -0.749832 -0.077754 -0.657044
vn -0.260202 0.030123 -0.965084

# 3dpgary, 2868 grouped triangles

usemtl sPTgary
o 3dpgary
g 3dpgary

f 710/1/1 793/2/2 704/3/3
f 1374/4/4 1263/5/5 1234/6/6
f 389/7/7 1160/8/8 324/9/9
f 488/10/10 465/11/11 349/12/12
f 935/13/13 181/14/14 10/15/15
f 5/16/16 211/17/17 6/18/18
f 211/19/19 5/20/20 1318/21/21
f 299/22/22 491/23/23 339/24/24
f 810/25/25 723/26/26 579/27/27
f 1106/28/28 584/29/29 804/30/30
f 775/31/31 849/32/32 845/33/33
f 1269/34/34 1234/35/35 1263/36/36
f 1423/37/37 1336/38/38 1338/39/39
f 552/40/40 538/41/41 570/42/42
f 356/43/43 486/44/44 339/45/45
f 91/46/46 270/47/47 197/48/48
f 392/49/49 997/50/50 1302/51/51
f 1158/52/52 1268/53/53 876/54/54
f 906/55/55 970/56/56 988/57/57
f 1265/58/58 1012/59/59 1300/60/60
f 1013/61/61 474/62/62 1220/63/63
f 63/64/64 467/65/65 179/66/66
f 685/67/67 25/68/68 608/69/69
f 474/70/70 1013/71/71 482/72/72
f 1295/73/73 1215/74/74 1323/75/75
f 525/76/76 747/77/77 359/78/78
f 456/79/79 561/80/80 683/81/81
f 205/82/82 457/83/83 158/84/84
f 681/85/85 139/86/86 416/87/87
f 487/88/88 1010/89/89 498/90/90
f 621/91/91 180/92/92 280/93/93
f 661/94/94 969/95/95 1060/96/96
f 972/97/97 1226/98/98 641/99/99
f 1002/100/100 1141/101/101 1263/102/102
f 1235/103/103 1406/104/104 1041/105/105
f 334/106/106 458/107/107 218/108/108
f 336/109/109 450/110/110 159/111/111
f 669/112/112 618/113/113 566/114/114
f 535/115/115 309/116/116 340/117/117
f 528/118/118 823/119/119 511/120/120
f 724/121/121 508/122/122 100/123/123
f 1117/124/124 348/125/125 855/126/126
f 206/127/127 352/128/128 227/129/129
f 77/130/130 54/131/131 52/132/132
f 359/133/133 861/134/134 525/135/135
f 1145/136/136 807/137/137 1226/138/138
f 248/139/139 396/140/140 201/141/141
f 555/142/142 182/143/143 880/144/144
f 1071/145/145 884/146/146 965/147/147
f 731/148/148 484/149/149 784/150/150
f 682/151/151 34/152/152 412/153/153
f 340/154/154 197/155/155 184/156/156
f 393/157/157 674/158/158 449/159/159
f 221/160/160 60/161/161 108/162/162
f 869/163/163 498/164/164 1010/165/165
f 798/166/166 282/167/167 655/168/168
f 1112/169/169 460/170/170 1222/171/171
f 486/172/172 356/173/173 350/174/174
f 1399/175/175 1427/176/176 1350/177/177
f 1353/178/178 700/179/179 1186/180/180
f 1093/181/181 1128/182/182 87/183/183
f 160/184/184 1096/185/185 120/186/186
f 684/187/187 138/188/188 297/189/189
f 1129/190/190 1138/191/191 94/192/192
f 103/193/193 1105/194/194 171/195/195
f 270/196/196 91/197/197 229/198/198
f 296/199/199 645/200/200 127/201/201
f 328/202/202 451/203/203 274/204/204
f 681/205/205 33/206/206 139/207/207
f 289/208/208 411/209/209 450/210/210
f 328/211/211 401/212/212 451/213/213
f 77/214/214 49/215/215 50/216/216
f 719/217/217 882/218/218 1142/219/219
f 1185/220/220 952/221/221 314/222/222
f 130/223/223 301/224/224 600/225/225
f 81/226/226 202/227/227 92/228/228
f 679/229/229 70/230/230 136/231/231
f 1227/232/232 1408/233/233 1008/234/234
f 1424/235/235 1434/236/236 813/237/237
f 861/238/238 359/239/239 905/240/240
f 1166/241/241 783/242/242 1384/243/243
f 723/244/244 810/245/245 814/246/246
f 1212/247/247 1364/248/248 1265/249/249
f 676/250/250 124/251/251 140/252/252
f 176/253/253 144/254/254 1171/255/255
f 853/256/256 818/257/257 775/258/258
f 584/259/259 1106/260/260 378/261/261
f 880/262/262 754/263/263 555/264/264
f 90/265/265 35/266/266 869/267/267
f 349/268/268 91/269/269 197/270/270
f 339/271/271 92/272/272 356/273/273
f 838/274/274 702/275/275 805/276/276
f 472/277/277 770/278/278 713/279/279
f 1175/280/280 1049/281/281 174/282/282
f 1371/283/283 1360/284/284 1095/285/285
f 1150/286/286 381/287/287 1305/288/288
f 645/289/289 923/290/290 703/291/291
f 397/292/292 988/293/293 446/294/294
f 886/295/295 965/296/296 884/297/297
f 227/298/298 519/299/299 650/300/300
f 1141/301/301 1002/302/302 1140/303/303
f 1389/304/304 501/305/305 1363/306/306
f 467/307/307 109/308/308 179/309/309
f 332/310/310 313/311/311 453/312/312
f 329/313/313 395/314/314 456/315/315
f 350/316/316 356/317/317 14/318/318
f 186/319/319 1067/320/320 183/321/321
f 684/322/322 26/323/323 138/324/324
f 388/325/325 106/326/326 241/327/327
f 1205/328/328 499/329/329 1177/330/330
f 988/331/331 397/332/332 906/333/333
f 685/334/334 108/335/335 25/336/336
f 109/337/337 100/338/338 508/339/339
f 246/340/340 739/341/341 470/342/342
f 741/343/343 760/344/344 750/345/345
f 557/346/346 86/347/347 137/348/348
f 678/349/349 32/350/350 86/351/351
f 682/352/352 112/353/353 34/354/354
f 290/355/355 279/356/356 452/357/357
f 686/358/358 82/359/359 135/360/360
f 114/361/361 24/362/362 82/363/363
f 966/364/364 890/365/365 971/366/366
f 821/367/367 649/368/368 851/369/369
f 6/370/370 80/371/371 5/372/372
f 823/373/373 528/374/374 117/375/375
f 118/376/376 580/377/377 61/378/378
f 766/379/379 704/380/380 793/381/381
f 755/382/382 745/383/383 776/384/384
f 1086/385/385 169/386/386 1083/387/387
f 1189/388/388 1209/389/389 68/390/390
f 1204/391/391 1335/392/392 844/393/393
f 1100/394/394 630/395/395 1029/396/396
f 123/397/397 66/398/398 1191/399/399
f 412/400/400 34/401/401 124/402/402
f 1181/403/403 1200/404/404 1236/405/405
f 592/406/406 720/407/407 568/408/408
f 588/409/409 61/410/410 580/411/411
f 703/412/412 127/413/413 645/414/414
f 365/415/415 241/416/416 106/417/417
f 553/418/418 570/419/419 524/420/420
f 725/421/421 791/422/422 665/423/423
f 334/424/424 394/425/425 458/426/426
f 411/427/427 361/428/428 687/429/429
f 600/430/430 209/431/431 130/432/432
f 984/433/433 1196/434/434 1342/435/435
f 1109/436/436 1366/437/437 857/438/438
f 1070/439/439 1068/440/440 478/441/441
f 921/442/442 1041/443/443 476/444/444
f 92/445/445 18/446/446 81/447/447
f 91/448/448 72/449/449 19/450/450
f 1263/451/451 1374/452/452 1002/453/453
f 1061/454/454 1284/455/455 1182/456/456
f 1050/457/457 71/458/458 1138/459/459
f 558/460/460 135/461/461 60/462/462
f 560/463/463 136/464/464 24/465/465
f 230/466/466 137/467/467 33/468/468
f 297/469/469 138/470/470 70/471/471
f 416/472/472 139/473/473 75/474/474
f 111/475/475 140/476/476 32/477/477
f 482/478/478 465/479/479 474/480/480
f 7/481/481 117/482/482 37/483/483
f 559/484/484 367/485/485 690/486/486
f 303/487/487 413/488/488 691/489/489
f 1128/490/490 1139/491/491 175/492/492
f 852/493/493 663/494/494 816/495/495
f 950/496/496 873/497/497 827/498/498
f 1051/499/499 826/500/500 960/501/501
f 708/502/502 876/503/503 1268/504/504
f 1234/505/505 1269/506/506 1097/507/507
f 647/508/508 772/509/509 651/510/510
f 504/511/511 660/512/512 311/513/513
f 671/514/514 801/515/515 653/516/516
f 233/517/517 9/518/518 576/519/519
f 142/520/520 161/521/521 521/522/522
f 608/523/523 25/524/524 149/525/525
f 521/526/526 236/527/527 142/528/528
f 236/529/529 521/530/530 480/531/531
f 352/532/532 47/533/533 152/534/534
f 634/535/535 4/536/536 323/537/537
f 680/538/538 75/539/539 154/540/540
f 1190/541/541 516/542/542 1187/543/543
f 996/544/544 903/545/545 790/546/546
f 652/547/547 851/548/548 649/549/549
f 871/550/550 750/551/551 760/552/552
f 740/553/553 764/554/554 347/555/555
f 749/556/556 311/557/557 660/558/558
f 843/559/559 776/560/560 745/561/561
f 332/562/562 453/563/563 335/564/564
f 330/565/565 454/566/566 333/567/567
f 117/568/568 22/569/569 142/570/570
f 1096/571/571 160/572/572 1209/573/573
f 204/574/574 58/575/575 43/576/576
f 55/577/577 347/578/578 764/579/579
f 181/580/580 1137/581/581 226/582/582
f 580/583/583 936/584/584 588/585/585
f 556/586/586 361/587/587 689/588/588
f 330/589/589 319/590/590 454/591/591
f 287/592/592 6/593/593 211/594/594
f 975/595/595 1293/596/596 794/597/597
f 1271/598/598 391/599/599 887/600/600
f 1217/601/601 1338/602/602 1336/603/603
f 1345/604/604 1140/605/605 1002/606/606
f 169/607/607 1086/608/608 67/609/609
f 847/610/610 732/611/611 431/612/612
f 1147/613/613 171/614/614 1105/615/615
f 109/616/616 23/617/617 100/618/618
f 94/619/619 172/620/620 1129/621/621
f 152/622/622 242/623/623 874/624/624
f 778/625/625 653/626/626 801/627/627
f 552/628/628 717/629/629 318/630/630
f 174/631/631 123/632/632 1175/633/633
f 175/634/634 87/635/635 1128/636/636
f 68/637/637 176/638/638 1189/639/639
f 1256/640/640 721/641/641 1088/642/642
f 512/643/643 1064/644/644 1044/645/645
f 1102/646/646 1052/647/647 1304/648/648
f 599/649/649 712/650/650 554/651/651
f 508/652/652 724/653/653 505/654/654
f 179/655/655 423/656/656 350/657/657
f 726/658/658 371/659/659 266/660/660
f 1003/661/661 549/662/662 1137/663/663
f 288/664/664 96/665/665 551/666/666
f 877/667/667 511/668/668 823/669/669
f 183/670/670 1091/671/671 103/672/672
f 197/673/673 270/674/674 184/675/675
f 1048/676/676 1146/677/677 1083/678/678
f 71/679/679 1050/680/680 186/681/681
f 196/682/682 206/683/683 49/684/684
f 1049/685/685 1175/686/686 572/687/687
f 1173/688/688 1410/689/689 1297/690/690
f 694/691/691 616/692/692 767/693/693
f 890/694/694 966/695/695 906/696/696
f 980/697/697 811/698/698 1078/699/699
f 793/700/700 710/701/701 780/702/702
f 443/703/703 585/704/704 190/705/705
f 1307/706/706 1151/707/707 1286/708/708
f 1291/709/709 633/710/710 897/711/711
f 1216/712/712 1142/713/713 882/714/714
f 962/715/715 790/716/716 903/717/717
f 466/718/718 948/719/719 315/720/720
f 915/721/721 958/722/722 727/723/723
f 301/724/724 126/725/725 430/726/726
f 61/727/727 588/728/728 126/729/729
f 608/730/730 368/731/731 685/732/732
f 49/733/733 77/734/734 196/735/735
f 340/736/736 309/737/737 432/738/738
f 349/739/739 432/740/740 488/741/741
f 54/742/742 77/743/743 198/744/744
f 198/745/745 248/746/746 54/747/747
f 1279/748/748 1090/749/749 1123/750/750
f 1313/751/751 1130/752/752 606/753/753
f 422/754/754 1319/755/755 605/756/756
f 51/757/757 576/758/758 9/759/759
f 102/760/760 92/761/761 202/762/762
f 78/763/763 650/764/764 98/765/765
f 535/766/766 528/767/767 309/768/768
f 112/769/769 205/770/770 34/771/771
f 347/772/772 291/773/773 740/774/774
f 352/775/775 206/776/776 47/777/777
f 1104/778/778 67/779/779 1086/780/780
f 459/781/781 656/782/782 278/783/783
f 21/784/784 782/785/785 1359/786/786
f 209/787/787 600/788/788 12/789/789
f 388/790/790 261/791/791 106/792/792
f 18/793/793 216/794/794 210/795/795
f 387/796/796 942/797/797 281/798/798
f 427/799/799 670/800/800 327/801/801
f 779/802/802 960/803/803 826/804/804
f 1338/805/805 1217/806/806 1213/807/807
f 1284/808/808 1061/809/809 1125/810/810
f 408/811/811 655/812/812 282/813/813
f 1378/814/814 1316/815/815 753/816/816
f 807/817/817 1145/818/818 1198/819/819
f 638/820/820 816/821/821 663/822/822
f 498/823/823 491/824/824 487/825/825
f 216/826/826 35/827/827 44/828/828
f 628/829/829 540/830/830 626/831/831
f 379/832/832 151/833/833 150/834/834
f 331/835/835 302/836/836 455/837/837
f 72/838/838 141/839/839 219/840/840
f 657/841/841 23/842/842 220/843/843
f 558/844/844 368/845/845 686/846/846
f 686/847/847 135/848/848 558/849/849
f 770/850/850 472/851/851 1004/852/852
f 973/853/853 850/854/854 858/855/855
f 1207/856/856 1191/857/857 66/858/858
f 1230/859/859 808/860/860 1055/861/861
f 665/862/862 805/863/863 702/864/864
f 805/865/865 665/866/866 791/867/867
f 10/868/868 226/869/869 162/870/870
f 650/871/871 78/872/872 227/873/873
f 14/874/874 102/875/875 98/876/876
f 295/877/877 57/878/878 112/879/879
f 19/880/880 229/881/881 91/882/882
f 412/883/883 362/884/884 682/885/885
f 678/886/886 86/887/887 557/888/888
f 205/889/889 303/890/890 457/891/891
f 57/892/892 231/893/893 59/894/894
f 1358/895/895 1368/896/896 1311/897/897
f 1146/898/898 1048/899/899 964/900/900
f 58/901/901 184/902/902 233/903/903
f 439/904/904 164/905/905 234/906/906
f 52/907/907 196/908/908 77/909/909
f 1365/910/910 1309/911/911 1252/912/912
f 483/913/913 621/914/914 260/915/915
f 947/916/916 410/917/917 483/918/918
f 754/919/919 880/920/920 740/921/921
f 446/922/922 625/923/923 397/924/924
f 239/925/925 763/926/926 433/927/927
f 164/928/928 366/929/929 240/930/930
f 241/931/931 365/932/932 657/933/933
f 815/934/934 241/935/935 377/936/936
f 27/937/937 242/938/938 141/939/939
f 22/940/940 204/941/941 161/942/942
f 228/943/943 154/944/944 57/945/945
f 203/946/946 48/947/947 63/948/948
f 89/949/949 243/950/950 27/951/951
f 576/952/952 244/953/953 233/954/954
f 4/955/955 389/956/956 116/957/957
f 553/958/958 320/959/959 716/960/960
f 546/961/961 985/962/962 245/963/963
f 905/964/964 1005/965/965 861/966/966
f 878/967/967 827/968/968 873/969/969
f 150/970/970 267/971/971 824/972/972
f 566/973/973 150/974/974 669/975/975
f 396/976/976 248/977/977 44/978/978
f 693/979/979 780/980/980 710/981/981
f 849/982/982 775/983/983 818/984/984
f 728/985/985 1165/986/986 1206/987/987
f 251/988/988 252/989/989 254/990/990
f 253/991/991 254/992/992 252/993/993
f 255/994/994 256/995/995 258/996/996
f 257/997/997 258/998/998 256/999/999
f 364/1000/1000 106/1001/1001 261/1002/1002
f 1400/1003/1003 1346/1004/1004 870/1005/1005
f 1441/1006/1006 1419/1007/1007 1092/1008/1008
f 142/1009/1009 37/1010/1010 117/1011/1011
f 261/1012/1012 634/1013/1013 364/1014/1014
f 626/1015/1015 153/1016/1016 628/1017/1017
f 338/1018/1018 393/1019/1019 231/1020/1020
f 337/1021/1021 452/1022/1022 29/1023/1023
f 1293/1024/1024 975/1025/1025 1351/1026/1026
f 513/1027/1027 418/1028/1028 318/1029/1029
f 48/1030/1030 203/1031/1031 220/1032/1032
f 394/1033/1033 562/1034/1034 458/1035/1035
f 451/1036/1036 312/1037/1037 688/1038/1038
f 517/1039/1039 1413/1040/1040 518/1041/1041
f 266/1042/1042 166/1043/1043 118/1044/1044
f 243/1045/1045 89/1046/1046 105/1047/1047
f 36/1048/1048 978/1049/1049 240/1050/1050
f 1143/1051/1051 1211/1052/1052 497/1053/1053
f 1144/1054/1054 1274/1055/1055 1277/1056/1056
f 510/1057/1057 902/1058/1058 611/1059/1059
f 732/1060/1060 773/1061/1061 640/1062/1062
f 104/1063/1063 195/1064/1064 26/1065/1065
f 184/1066/1066 270/1067/1067 9/1068/1068
f 1392/1069/1069 1283/1070/1070 1278/1071/1071
f 62/1072/1072 806/1073/1073 1316/1074/1074
f 943/1075/1075 178/1076/1076 1219/1077/1077
f 1270/1078/1078 1249/1079/1079 786/1080/1080
f 233/1081/1081 43/1082/1082 58/1083/1083
f 1114/1084/1084 1025/1085/1085 1027/1086/1086
f 981/1087/1087 675/1088/1088 831/1089/1089
f 195/1090/1090 274/1091/1091 74/1092/1092
f 274/1093/1093 264/1094/1094 74/1095/1095
f 162/1096/1096 55/1097/1097 275/1098/1098
f 162/1099/1099 275/1100/1100 296/1101/1101
f 180/1102/1102 387/1103/1103 11/1104/1104
f 761/1105/1105 1042/1106/1106 1253/1107/1107
f 1340/1108/1108 1201/1109/1109 1122/1110/1110
f 243/1111/1111 874/1112/1112 242/1113/1113
f 701/1114/1114 463/1115/1115 967/1116/1116
f 812/1117/1117 278/1118/1118 656/1119/1119
f 413/1120/1120 367/1121/1121 691/1122/1122
f 452/1123/1123 279/1124/1124 677/1125/1125
f 11/1126/1126 281/1127/1127 345/1128/1128
f 833/1129/1129 845/1130/1130 849/1131/1131
f 846/1132/1132 651/1133/1133 772/1134/1134
f 63/1135/1135 14/1136/1136 203/1137/1137
f 499/1138/1138 837/1139/1139 107/1140/1140
f 564/1141/1141 415/1142/1142 620/1143/1143
f 1187/1144/1144 1177/1145/1145 1190/1146/1146
f 1177/1147/1147 1187/1148/1148 1205/1149/1149
f 210/1150/1150 44/1151/1151 248/1152/1152
f 244/1153/1153 247/1154/1154 43/1155/1155
f 1372/1156/1156 1355/1157/1157 1231/1158/1158
f 1171/1159/1159 1189/1160/1160 176/1161/1161
f 9/1162/1162 229/1163/1163 51/1164/1164
f 89/1165/1165 27/1166/1166 802/1167/1167
f 537/1168/1168 89/1169/1169 286/1170/1170
f 50/1171/1171 198/1172/1172 77/1173/1173
f 280/1174/1174 260/1175/1175 621/1176/1176
f 6/1177/1177 287/1178/1178 126/1179/1179
f 7/1180/1180 288/1181/1181 355/1182/1182
f 219/1183/1183 47/1184/1184 206/1185/1185
f 331/1186/1186 455/1187/1187 42/1188/1188
f 336/1189/1189 289/1190/1190 450/1191/1191
f 329/1192/1192 456/1193/1193 113/1194/1194
f 337/1195/1195 290/1196/1196 452/1197/1197
f 202/1198/1198 98/1199/1199 102/1200/1200
f 291/1201/1201 347/1202/1202 163/1203/1203
f 50/1204/1204 78/1205/1205 202/1206/1206
f 227/1207/1207 49/1208/1208 206/1209/1209
f 52/1210/1210 51/1211/1211 229/1212/1212
f 198/1213/1213 50/1214/1214 81/1215/1215
f 395/1216/1216 561/1217/1217 456/1218/1218
f 453/1219/1219 559/1220/1220 690/1221/1221
f 229/1222/1222 9/1223/1223 270/1224/1224
f 1248/1225/1225 1110/1226/1226 738/1227/1227
f 1328/1228/1228 1390/1229/1229 1366/1230/1230
f 196/1231/1231 52/1232/1232 19/1233/1233
f 98/1234/1234 202/1235/1235 78/1236/1236
f 714/1237/1237 803/1238/1238 316/1239/1239
f 633/1240/1240 1291/1241/1241 714/1242/1242
f 47/1243/1243 219/1244/1244 141/1245/1245
f 118/1246/1246 61/1247/1247 266/1248/1248
f 201/1249/1249 54/1250/1250 248/1251/1251
f 295/1252/1252 362/1253/1253 228/1254/1254
f 229/1255/1255 19/1256/1256 52/1257/1257
f 162/1258/1258 296/1259/1259 10/1260/1260
f 281/1261/1261 73/1262/1262 127/1263/1263
f 560/1264/1264 368/1265/1265 679/1266/1266
f 679/1267/1267 136/1268/1268 560/1269/1269
f 616/1270/1270 694/1271/1271 642/1272/1272
f 986/1273/1273 919/1274/1274 990/1275/1275
f 348/1276/1276 1117/1277/1277 487/1278/1278
f 339/1279/1279 486/1280/1280 299/1281/1281
f 44/1282/1282 210/1283/1283 216/1284/1284
f 1155/1285/1285 1276/1286/1286 133/1287/1287
f 1276/1288/1288 1155/1289/1289 1069/1290/1290
f 126/1291/1291 301/1292/1292 6/1293/1293
f 458/1294/1294 562/1295/1295 692/1296/1296
f 302/1297/1297 129/1298/1298 455/1299/1299
f 202/1300/1300 81/1301/1301 50/1302/1302
f 231/1303/1303 449/1304/1304 59/1305/1305
f 231/1306/1306 393/1307/1307 449/1308/1308
f 759/1309/1309 1149/1310/1310 865/1311/1311
f 756/1312/1312 868/1313/1313 1120/1314/1314
f 765/1315/1315 1135/1316/1316 1381/1317/1317
f 1135/1318/1318 765/1319/1319 718/1320/1320
f 87/1321/1321 207/1322/1322 1093/1323/1323
f 67/1324/1324 1104/1325/1325 207/1326/1326
f 9/1327/1327 233/1328/1328 184/1329/1329
f 737/1330/1330 817/1331/1331 581/1332/1332
f 307/1333/1333 784/1334/1334 484/1335/1335
f 296/1336/1336 127/1337/1337 73/1338/1338
f 932/1339/1339 835/1340/1340 1261/1341/1341
f 1222/1342/1342 1193/1343/1343 1112/1344/1344
f 154/1345/1345 231/1346/1346 57/1347/1347
f 149/1348/1348 274/1349/1349 195/1350/1350
f 206/1351/1351 196/1352/1352 219/1353/1353
f 98/1354/1354 203/1355/1355 14/1356/1356
f 511/1357/1357 877/1358/1358 370/1359/1359
f 309/1360/1360 45/1361/1361 432/1362/1362
f 549/1363/1363 380/1364/1364 310/1365/1365
f 310/1366/1366 1137/1367/1367 549/1368/1368
f 240/1369/1369 166/1370/1370 36/1371/1371
f 949/1372/1372 977/1373/1373 1059/1374/1374
f 848/1375/1375 858/1376/1376 850/1377/1377
f 23/1378/1378 109/1379/1379 48/1380/1380
f 40/1381/1381 165/1382/1382 401/1383/1383
f 165/1384/1384 556/1385/1385 689/1386/1386
f 303/1387/1387 691/1388/1388 457/1389/1389
f 313/1390/1390 559/1391/1391 453/1392/1392
f 1028/1393/1393 888/1394/1394 981/1395/1395
f 1064/1396/1396 512/1397/1397 888/1398/1398
f 301/1399/1399 130/1400/1400 80/1401/1401
f 979/1402/1402 967/1403/1403 709/1404/1404
f 967/1405/1405 979/1406/1406 701/1407/1407
f 219/1408/1408 19/1409/1409 72/1410/1410
f 407/1411/1411 163/1412/1412 153/1413/1413
f 210/1414/1414 81/1415/1415 18/1416/1416
f 642/1417/1417 828/1418/1418 1437/1419/1419
f 662/1420/1420 354/1421/1421 1134/1422/1422
f 226/1423/1423 238/1424/1424 55/1425/1425
f 287/1426/1426 266/1427/1427 61/1428/1428
f 61/1429/1429 126/1430/1430 287/1431/1431
f 1136/1432/1432 1305/1433/1433 829/1434/1434
f 596/1435/1435 199/1436/1436 1396/1437/1437
f 127/1438/1438 345/1439/1439 281/1440/1440
f 1199/1441/1441 1241/1442/1442 1317/1443/1443
f 1026/1444/1444 733/1445/1445 1087/1446/1446
f 55/1447/1447 162/1448/1448 226/1449/1449
f 450/1450/1450 411/1451/1451 687/1452/1452
f 319/1453/1453 76/1454/1454 454/1455/1455
f 1132/1456/1456 1280/1457/1457 1329/1458/1458
f 1021/1459/1459 245/1460/1460 985/1461/1461
f 405/1462/1462 593/1463/1463 1188/1464/1464
f 310/1465/1465 153/1466/1466 163/1467/1467
f 825/1468/1468 914/1469/1469 1133/1470/1470
f 830/1471/1471 945/1472/1472 1040/1473/1473
f 116/1474/1474 324/1475/1475 384/1476/1476
f 242/1477/1477 27/1478/1478 243/1479/1479
f 324/1480/1480 80/1481/1481 130/1482/1482
f 1297/1483/1483 1393/1484/1484 1173/1485/1485
f 1067/1486/1486 186/1487/1487 1050/1488/1488
f 35/1489/1489 90/1490/1490 217/1491/1491
f 371/1492/1492 36/1493/1493 166/1494/1494
f 161/1495/1495 142/1496/1496 22/1497/1497
f 537/1498/1498 105/1499/1499 89/1500/1500
f 267/1501/1501 150/1502/1502 151/1503/1503
f 814/1504/1504 619/1505/1505 777/1506/1506
f 212/1507/1507 583/1508/1508 15/1509/1509
f 25/1510/1510 40/1511/1511 328/1512/1512
f 137/1513/1513 329/1514/1514 113/1515/1515
f 86/1516/1516 30/1517/1517 329/1518/1518
f 135/1519/1519 159/1520/1520 330/1521/1521
f 149/1522/1522 328/1523/1523 274/1524/1524
f 70/1525/1525 218/1526/1526 331/1527/1527
f 124/1528/1528 158/1529/1529 332/1530/1530
f 108/1531/1531 333/1532/1532 40/1533/1533
f 138/1534/1534 334/1535/1535 218/1536/1536
f 32/1537/1537 335/1538/1538 30/1539/1539
f 34/1540/1540 205/1541/1541 158/1542/1542
f 24/1543/1543 42/1544/1544 336/1545/1545
f 82/1546/1546 336/1547/1547 159/1548/1548
f 112/1549/1549 59/1550/1550 205/1551/1551
f 139/1552/1552 337/1553/1553 29/1554/1554
f 140/1555/1555 332/1556/1556 335/1557/1557
f 154/1558/1558 338/1559/1559 231/1560/1560
f 136/1561/1561 331/1562/1562 42/1563/1563
f 26/1564/1564 74/1565/1565 334/1566/1566
f 60/1567/1567 330/1568/1568 333/1569/1569
f 33/1570/1570 113/1571/1571 337/1572/1572
f 75/1573/1573 29/1574/1574 338/1575/1575
f 18/1576/1576 92/1577/1577 339/1578/1578
f 339/1579/1579 491/1580/1580 18/1581/1581
f 184/1582/1582 58/1583/1583 340/1584/1584
f 340/1585/1585 58/1586/1586 535/1587/1587
f 1329/1588/1588 1317/1589/1589 1241/1590/1590
f 1317/1591/1591 1329/1592/1592 1280/1593/1593
f 1245/1594/1594 1247/1595/1595 586/1596/1596
f 1168/1597/1597 1334/1598/1598 899/1599/1599
f 1434/1600/1600 1424/1601/1601 1098/1602/1602
f 1023/1603/1603 715/1604/1604 1174/1605/1605
f 130/1606/1606 384/1607/1607 324/1608/1608
f 1121/1609/1609 771/1610/1610 1258/1611/1611
f 771/1612/1612 1121/1613/1613 607/1614/1614
f 127/1615/1615 703/1616/1616 345/1617/1617
f 345/1618/1618 96/1619/1619 11/1620/1620
f 1215/1621/1621 1295/1622/1622 460/1623/1623
f 753/1624/1624 271/1625/1625 1035/1626/1626
f 238/1627/1627 163/1628/1628 347/1629/1629
f 505/1630/1630 423/1631/1631 508/1632/1632
f 46/1633/1633 348/1634/1634 299/1635/1635
f 72/1636/1636 91/1637/1637 349/1638/1638
f 349/1639/1639 465/1640/1640 72/1641/1641
f 14/1642/1642 63/1643/1643 350/1644/1644
f 350/1645/1645 63/1646/1646 179/1647/1647
f 882/1648/1648 719/1649/1649 731/1650/1650
f 790/1651/1651 962/1652/1652 761/1653/1653
f 44/1654/1654 217/1655/1655 396/1656/1656
f 248/1657/1657 198/1658/1658 210/1659/1659
f 519/1660/1660 352/1661/1661 377/1662/1662
f 519/1663/1663 227/1664/1664 352/1665/1665
f 353/1666/1666 149/1667/1667 195/1668/1668
f 876/1669/1669 708/1670/1670 670/1671/1671
f 354/1672/1672 662/1673/1673 15/1674/1674
f 574/1675/1675 182/1676/1676 923/1677/1677
f 1220/1678/1678 370/1679/1679 877/1680/1680
f 92/1681/1681 102/1682/1682 356/1683/1683
f 356/1684/1684 102/1685/1685 14/1686/1686
f 1004/1687/1687 1036/1688/1688 770/1689/1689
f 1016/1690/1690 695/1691/1691 1310/1692/1692
f 797/1693/1693 214/1694/1694 548/1695/1695
f 940/1696/1696 901/1697/1697 1071/1698/1698
f 648/1699/1699 757/1700/1700 577/1701/1701
f 757/1702/1702 648/1703/1703 744/1704/1704
f 782/1705/1705 21/1706/1706 542/1707/1707
f 788/1708/1708 637/1709/1709 821/1710/1710
f 562/1711/1711 361/1712/1712 692/1713/1713
f 312/1714/1714 361/1715/1715 688/1716/1716
f 557/1717/1717 362/1718/1718 678/1719/1719
f 416/1720/1720 362/1721/1721 681/1722/1722
f 1170/1723/1723 530/1724/1724 885/1725/1725
f 609/1726/1726 419/1727/1727 1357/1728/1728
f 108/1729/1729 40/1730/1730 25/1731/1731
f 135/1732/1732 330/1733/1733 60/1734/1734
f 34/1735/1735 158/1736/1736 124/1737/1737
f 139/1738/1738 29/1739/1739 75/1740/1740
f 82/1741/1741 159/1742/1742 135/1743/1743
f 24/1744/1744 336/1745/1745 82/1746/1746
f 86/1747/1747 329/1748/1748 137/1749/1749
f 138/1750/1750 218/1751/1751 70/1752/1752
f 57/1753/1753 59/1754/1754 112/1755/1755
f 124/1756/1756 332/1757/1757 140/1758/1758
f 60/1759/1759 333/1760/1760 108/1761/1761
f 33/1762/1762 337/1763/1763 139/1764/1764
f 136/1765/1765 42/1766/1766 24/1767/1767
f 25/1768/1768 328/1769/1769 149/1770/1770
f 75/1771/1771 338/1772/1772 154/1773/1773
f 195/1774/1774 74/1775/1775 26/1776/1776
f 32/1777/1777 30/1778/1778 86/1779/1779
f 70/1780/1780 331/1781/1781 136/1782/1782
f 140/1783/1783 335/1784/1784 32/1785/1785
f 137/1786/1786 113/1787/1787 33/1788/1788
f 26/1789/1789 334/1790/1790 138/1791/1791
f 106/1792/1792 170/1793/1793 365/1794/1794
f 366/1795/1795 164/1796/1796 118/1797/1797
f 366/1798/1798 118/1799/1799 166/1800/1800
f 561/1801/1801 367/1802/1802 683/1803/1803
f 279/1804/1804 367/1805/1805 677/1806/1806
f 297/1807/1807 368/1808/1808 684/1809/1809
f 104/1810/1810 368/1811/1811 353/1812/1812
f 533/1813/1813 1060/1814/1814 527/1815/1815
f 1429/1816/1816 1343/1817/1817 1273/1818/1818
f 488/1819/1819 474/1820/1820 465/1821/1821
f 370/1822/1822 45/1823/1823 511/1824/1824
f 371/1825/1825 726/1826/1826 706/1827/1827
f 706/1828/1828 410/1829/1829 371/1830/1830
f 1363/1831/1831 1401/1832/1832 1389/1833/1833
f 1179/1834/1834 1078/1835/1835 811/1836/1836
f 43/1837/1837 233/1838/1838 244/1839/1839
f 12/1840/1840 170/1841/1841 364/1842/1842
f 917/1843/1843 795/1844/1844 1025/1845/1845
f 795/1846/1846 438/1847/1847 1126/1848/1848
f 720/1849/1849 592/1850/1850 743/1851/1851
f 884/1852/1852 1071/1853/1853 901/1854/1854
f 66/1855/1855 223/1856/1856 1207/1857/1857
f 171/1858/1858 1147/1859/1859 223/1860/1860
f 347/1861/1861 55/1862/1862 238/1863/1863
f 707/1864/1864 1122/1865/1865 1201/1866/1866
f 1122/1867/1867 707/1868/1868 1163/1869/1869
f 377/1870/1870 152/1871/1871 815/1872/1872
f 152/1873/1873 377/1874/1874 352/1875/1875
f 1075/1876/1876 879/1877/1877 1325/1878/1878
f 1203/1879/1879 1212/1880/1880 959/1881/1881
f 379/1882/1882 217/1883/1883 90/1884/1884
f 380/1885/1885 628/1886/1886 153/1887/1887
f 153/1888/1888 310/1889/1889 380/1890/1890
f 90/1891/1891 13/1892/1892 379/1893/1893
f 402/1894/1894 595/1895/1895 1192/1896/1896
f 868/1897/1897 756/1898/1898 716/1899/1899
f 951/1900/1900 598/1901/1901 985/1902/1902
f 769/1903/1903 666/1904/1904 660/1905/1905
f 2/1906/1906 615/1907/1907 383/1908/1908
f 384/1909/1909 130/1910/1910 209/1911/1911
f 384/1912/1912 209/1913/1913 116/1914/1914
f 1020/1915/1915 863/1916/1916 1172/1917/1917
f 1062/1918/1918 1092/1919/1919 1419/1920/1920
f 914/1921/1921 825/1922/1922 945/1923/1923
f 937/1924/1924 900/1925/1925 1044/1926/1926
f 1318/1927/1927 1167/1928/1928 211/1929/1929
f 211/1930/1930 726/1931/1931 287/1932/1932
f 241/1933/1933 815/1934/1934 388/1935/1935
f 540/1936/1936 628/1937/1937 388/1938/1938
f 365/1939/1939 100/1940/1940 23/1941/1941
f 1160/1942/1942 389/1943/1943 881/1944/1944
f 1137/1945/1945 181/1946/1946 1003/1947/1947
f 570/1948/1948 1043/1949/1949 552/1950/1950
f 954/1951/1951 304/1952/1952 759/1953/1953
f 100/1954/1954 365/1955/1955 170/1956/1956
f 1099/1957/1957 968/1958/1958 1118/1959/1959
f 968/1960/1960 1099/1961/1961 875/1962/1962
f 151/1963/1963 379/1964/1964 13/1965/1965
f 1275/1966/1966 1348/1967/1967 926/1968/1968
f 1383/1969/1969 1395/1970/1970 1239/1971/1971
f 338/1972/1972 262/1973/1973 393/1974/1974
f 262/1975/1975 143/1976/1976 393/1977/1977
f 74/1978/1978 264/1979/1979 394/1980/1980
f 264/1981/1981 41/1982/1982 394/1983/1983
f 30/1984/1984 101/1985/1985 395/1986/1986
f 101/1987/1987 292/1988/1988 395/1989/1989
f 333/1990/1990 165/1991/1991 40/1992/1992
f 335/1993/1993 101/1994/1994 30/1995/1995
f 396/1996/1996 566/1997/1997 618/1998/1998
f 618/1999/1999 201/2000/2000 396/2001/2001
f 819/2002/2002 800/2003/2003 820/2004/2004
f 800/2005/2005 819/2006/2006 620/2007/2007
f 606/2008/2008 421/2009/2009 1313/2010/2010
f 1398/2011/2011 1417/2012/2012 1237/2013/2013
f 228/2014/2014 57/2015/2015 295/2016/2016
f 105/2017/2017 8/2018/2018 277/2019/2019
f 786/2020/2020 735/2021/2021 599/2022/2022
f 750/2023/2023 871/2024/2024 664/2025/2025
f 1336/2026/2026 1423/2027/2027 1277/2028/2028
f 879/2029/2029 1075/2030/2030 736/2031/2031
f 165/2032/2032 689/2033/2033 401/2034/2034
f 401/2035/2035 312/2036/2036 451/2037/2037
f 47/2038/2038 141/2039/2039 242/2040/2040
f 96/2041/2041 288/2042/2042 280/2043/2043
f 252/2044/2044 251/2045/2045 402/2046/2046
f 254/2047/2047 253/2048/2048 403/2049/2049
f 256/2050/2050 255/2051/2051 404/2052/2052
f 258/2053/2053 257/2054/2054 405/2055/2055
f 747/2056/2056 525/2057/2057 749/2058/2058
f 745/2059/2059 755/2060/2060 766/2061/2061
f 237/2062/2062 291/2063/2063 407/2064/2064
f 655/2065/2065 408/2066/2066 578/2067/2067
f 806/2068/2068 62/2069/2069 772/2070/2070
f 1157/2071/2071 1019/2072/2072 1267/2073/2073
f 1140/2074/2074 1345/2075/2075 409/2076/2076
f 410/2077/2077 947/2078/2078 36/2079/2079
f 36/2080/2080 371/2081/2081 410/2082/2082
f 48/2083/2083 220/2084/2084 23/2085/2085
f 455/2086/2086 129/2087/2087 672/2088/2088
f 129/2089/2089 361/2090/2090 672/2091/2091
f 111/2092/2092 362/2093/2093 676/2094/2094
f 676/2095/2095 140/2096/2096 111/2097/2097
f 393/2098/2098 143/2099/2099 674/2100/2100
f 143/2101/2101 367/2102/2102 674/2103/2103
f 1439/2104/2104 1311/2105/2105 1368/2106/2106
f 1407/2107/2107 1347/2108/2108 1299/2109/2109
f 990/2110/2110 971/2111/2111 890/2112/2112
f 415/2113/2113 564/2114/2114 85/2115/2115
f 240/2116/2116 234/2117/2117 164/2118/2118
f 228/2119/2119 362/2120/2120 680/2121/2121
f 680/2122/2122 154/2123/2123 228/2124/2124
f 166/2125/2125 240/2126/2126 366/2127/2127
f 1097/2128/2128 1236/2129/2129 1200/2130/2130
f 214/2131/2131 797/2132/2132 1326/2133/2133
f 1087/2134/2134 534/2135/2135 1026/2136/2136
f 695/2137/2137 1016/2138/2138 418/2139/2139
f 252/2140/2140 419/2141/2141 253/2142/2142
f 254/2143/2143 420/2144/2144 251/2145/2145
f 256/2146/2146 421/2147/2147 257/2148/2148
f 258/2149/2149 422/2150/2150 255/2151/2151
f 353/2152/2152 195/2153/2153 104/2154/2154
f 350/2155/2155 423/2156/2156 486/2157/2157
f 423/2158/2158 505/2159/2159 46/2160/2160
f 960/2161/2161 779/2162/2162 1039/2163/2163
f 828/2164/2164 642/2165/2165 694/2166/2166
f 627/2167/2167 131/2168/2168 1348/2169/2169
f 1332/2170/2170 1375/2171/2171 1082/2172/2172
f 166/2173/2173 266/2174/2174 371/2175/2175
f 43/2176/2176 161/2177/2177 204/2178/2178
f 796/2179/2179 722/2180/2180 638/2181/2181
f 873/2182/2182 950/2183/2183 654/2184/2184
f 831/2185/2185 909/2186/2186 567/2187/2187
f 670/2188/2188 427/2189/2189 876/2190/2190
f 653/2191/2191 778/2192/2192 643/2193/2193
f 835/2194/2194 932/2195/2195 973/2196/2196
f 116/2197/2197 323/2198/2198 4/2199/2199
f 763/2200/2200 239/2201/2201 820/2202/2202
f 903/2203/2203 996/2204/2204 924/2205/2205
f 10/2206/2206 73/2207/2207 935/2208/2208
f 732/2209/2209 847/2210/2210 430/2211/2211
f 194/2212/2212 430/2213/2213 126/2214/2214
f 855/2215/2215 505/2216/2216 724/2217/2217
f 431/2218/2218 170/2219/2219 847/2220/2220
f 234/2221/2221 240/2222/2222 978/2223/2223
f 432/2224/2224 197/2225/2225 340/2226/2226
f 197/2227/2227 432/2228/2228 349/2229/2229
f 743/2230/2230 192/2231/2231 720/2232/2232
f 1042/2233/2233 761/2234/2234 962/2235/2235
f 948/2236/2236 466/2237/2237 798/2238/2238
f 965/2239/2239 886/2240/2240 915/2241/2241
f 1343/2242/2242 1429/2243/2243 641/2244/2244
f 783/2245/2245 1166/2246/2246 1065/2247/2247
f 209/2248/2248 12/2249/2249 323/2250/2250
f 1043/2251/2251 570/2252/2252 553/2253/2253
f 954/2254/2254 756/2255/2255 304/2256/2256
f 909/2257/2257 831/2258/2258 675/2259/2259
f 939/2260/2260 989/2261/2261 900/2262/2262
f 163/2263/2263 407/2264/2264 291/2265/2265
f 260/2266/2266 280/2267/2267 288/2268/2268
f 1084/2269/2269 721/2270/2270 1256/2271/2271
f 603/2272/2272 79/2273/2273 925/2274/2274
f 936/2275/2275 611/2276/2276 902/2277/2277
f 13/2278/2278 439/2279/2279 151/2280/2280
f 583/2281/2281 212/2282/2282 612/2283/2283
f 826/2284/2284 1051/2285/2285 922/2286/2286
f 970/2287/2287 906/2288/2288 966/2289/2289
f 278/2290/2290 812/2291/2291 441/2292/2292
f 702/2293/2293 838/2294/2294 671/2295/2295
f 858/2296/2296 848/2297/2297 949/2298/2298
f 585/2299/2299 443/2300/2300 554/2301/2301
f 780/2302/2302 693/2303/2303 741/2304/2304
f 758/2305/2305 316/2306/2306 803/2307/2307
f 316/2308/2308 758/2309/2309 1210/2310/2310
f 739/2311/2311 246/2312/2312 744/2313/2313
f 827/2314/2314 878/2315/2315 905/2316/2316
f 625/2317/2317 446/2318/2318 568/2319/2319
f 958/2320/2320 915/2321/2321 886/2322/2322
f 663/2323/2323 852/2324/2324 725/2325/2325
f 1005/2326/2326 905/2327/2327 878/2328/2328
f 364/2329/2329 323/2330/2330 12/2331/2331
f 976/2332/2332 1218/2333/2333 993/2334/2334
f 1236/2335/2335 1097/2336/2336 1269/2337/2337
f 59/2338/2338 449/2339/2339 303/2340/2340
f 449/2341/2341 413/2342/2342 303/2343/2343
f 159/2344/2344 450/2345/2345 319/2346/2346
f 450/2347/2347 687/2348/2348 319/2349/2349
f 274/2350/2350 451/2351/2351 264/2352/2352
f 451/2353/2353 688/2354/2354 264/2355/2355
f 29/2356/2356 452/2357/2357 262/2358/2358
f 452/2359/2359 677/2360/2360 262/2361/2361
f 335/2362/2362 453/2363/2363 101/2364/2364
f 453/2365/2365 690/2366/2366 101/2367/2367
f 333/2368/2368 454/2369/2369 165/2370/2370
f 454/2371/2371 556/2372/2372 165/2373/2373
f 42/2374/2374 455/2375/2375 289/2376/2376
f 455/2377/2377 672/2378/2378 289/2379/2379
f 113/2380/2380 456/2381/2381 290/2382/2382
f 456/2383/2383 683/2384/2384 290/2385/2385
f 158/2386/2386 457/2387/2387 313/2388/2388
f 457/2389/2389 31/2390/2390 313/2391/2391
f 218/2392/2392 458/2393/2393 302/2394/2394
f 458/2395/2395 692/2396/2396 302/2397/2397
f 656/2398/2398 459/2399/2399 573/2400/2400
f 971/2401/2401 990/2402/2402 919/2403/2403
f 1369/2404/2404 1321/2405/2405 1079/2406/2406
f 1321/2407/2407 1369/2408/2408 1272/2409/2409
f 1252/2410/2410 1292/2411/2411 1365/2412/2412
f 1292/2413/2413 1252/2414/2414 698/2415/2415
f 326/2416/2416 237/2417/2417 8/2418/2418
f 177/2419/2419 825/2420/2420 781/2421/2421
f 987/2422/2422 386/2423/2423 462/2424/2424
f 851/2425/2425 652/2426/2426 853/2427/2427
f 463/2428/2428 701/2429/2429 115/2430/2430
f 407/2431/2431 8/2432/2432 237/2433/2433
f 772/2434/2434 647/2435/2435 806/2436/2436
f 776/2437/2437 843/2438/2438 896/2439/2439
f 465/2440/2440 482/2441/2441 141/2442/2442
f 465/2443/2443 141/2444/2444 72/2445/2445
f 242/2446/2446 152/2447/2447 47/2448/2448
f 217/2449/2449 44/2450/2450 35/2451/2451
f 845/2452/2452 833/2453/2453 846/2454/2454
f 282/2455/2455 798/2456/2456 466/2457/2457
f 324/2458/2458 116/2459/2459 389/2460/2460
f 467/2461/2461 48/2462/2462 109/2463/2463
f 467/2464/2464 63/2465/2465 48/2466/2466
f 280/2467/2467 11/2468/2468 96/2469/2469
f 1052/2470/2470 1102/2471/2471 575/2472/2472
f 875/2473/2473 1037/2474/2474 624/2475/2475
f 420/2476/2476 1385/2477/2477 469/2478/2478
f 11/2479/2479 280/2480/2480 180/2481/2481
f 712/2482/2482 599/2483/2483 735/2484/2484
f 178/2485/2485 943/2486/2486 470/2487/2487
f 1223/2488/2488 1404/2489/2489 471/2490/2490
f 1294/2491/2491 865/2492/2492 1149/2493/2493
f 59/2494/2494 303/2495/2495 205/2496/2496
f 40/2497/2497 401/2498/2498 328/2499/2499
f 158/2500/2500 313/2501/2501 332/2502/2502
f 42/2503/2503 289/2504/2504 336/2505/2505
f 74/2506/2506 394/2507/2507 334/2508/2508
f 113/2509/2509 290/2510/2510 337/2511/2511
f 29/2512/2512 262/2513/2513 338/2514/2514
f 218/2515/2515 302/2516/2516 331/2517/2517
f 30/2518/2518 395/2519/2519 329/2520/2520
f 159/2521/2521 319/2522/2522 330/2523/2523
f 1261/2524/2524 1243/2525/2525 932/2526/2526
f 308/2527/2527 711/2528/2528 1111/2529/2529
f 651/2530/2530 846/2531/2531 833/2532/2532
f 704/2533/2533 766/2534/2534 755/2535/2535
f 370/2536/2536 1220/2537/2537 474/2538/2538
f 474/2539/2539 488/2540/2540 370/2541/2541
f 475/2542/2542 71/2543/2543 476/2544/2544
f 477/2545/2545 478/2546/2546 123/2547/2547
f 818/2548/2548 853/2549/2549 652/2550/2550
f 760/2551/2551 741/2552/2552 693/2553/2553
f 323/2554/2554 116/2555/2555 209/2556/2556
f 978/2557/2557 36/2558/2558 947/2559/2559
f 480/2560/2560 824/2561/2561 267/2562/2562
f 1035/2563/2563 974/2564/2564 753/2565/2565
f 974/2566/2566 1035/2567/2567 522/2568/2568
f 482/2569/2569 802/2570/2570 27/2571/2571
f 27/2572/2572 141/2573/2573 482/2574/2574
f 236/2575/2575 483/2576/2576 37/2577/2577
f 483/2578/2578 236/2579/2579 947/2580/2580
f 484/2581/2581 731/2582/2582 719/2583/2583
f 945/2584/2584 830/2585/2585 914/2586/2586
f 649/2587/2587 821/2588/2588 637/2589/2589
f 995/2590/2590 664/2591/2591 871/2592/2592
f 486/2593/2593 46/2594/2594 299/2595/2595
f 423/2596/2596 46/2597/2597 486/2598/2598
f 299/2599/2599 487/2600/2600 491/2601/2601
f 487/2602/2602 299/2603/2603 348/2604/2604
f 45/2605/2605 370/2606/2606 488/2607/2607
f 432/2608/2608 45/2609/2609 488/2610/2610
f 489/2611/2611 169/2612/2612 490/2613/2613
f 491/2614/2614 498/2615/2615 216/2616/2616
f 491/2617/2617 216/2618/2618 18/2619/2619
f 161/2620/2620 43/2621/2621 247/2622/2622
f 1309/2623/2623 1365/2624/2624 1218/2625/2625
f 1218/2626/2626 976/2627/2627 1309/2628/2628
f 493/2629/2629 84/2630/2630 382/2631/2631
f 84/2632/2632 493/2633/2633 646/2634/2634
f 494/2635/2635 495/2636/2636 68/2637/2637
f 1161/2638/2638 1125/2639/2639 1061/2640/2640
f 1125/2641/2641 1161/2642/2642 575/2643/2643
f 1356/2644/2644 1081/2645/2645 866/2646/2646
f 1081/2647/2647 1356/2648/2648 841/2649/2649
f 1159/2650/2650 1078/2651/2651 953/2652/2652
f 66/2653/2653 123/2654/2654 478/2655/2655
f 498/2656/2656 869/2657/2657 35/2658/2658
f 35/2659/2659 216/2660/2660 498/2661/2661
f 67/2662/2662 490/2663/2663 169/2664/2664
f 837/2665/2665 499/2666/2666 767/2667/2667
f 499/2668/2668 1205/2669/2669 283/2670/2670
f 500/2671/2671 501/2672/2672 175/2673/2673
f 1073/2674/2674 1057/2675/2675 898/2676/2676
f 941/2677/2677 834/2678/2678 1009/2679/2679
f 503/2680/2680 1285/2681/2681 742/2682/2682
f 927/2683/2683 921/2684/2684 132/2685/2685
f 660/2686/2686 504/2687/2687 769/2688/2688
f 850/2689/2689 973/2690/2690 932/2691/2691
f 505/2692/2692 855/2693/2693 348/2694/2694
f 348/2695/2695 46/2696/2696 505/2697/2697
f 506/2698/2698 160/2699/2699 507/2700/2700
f 179/2701/2701 508/2702/2702 423/2703/2703
f 508/2704/2704 179/2705/2705 109/2706/2706
f 801/2707/2707 671/2708/2708 838/2709/2709
f 1241/2710/2710 1199/2711/2711 1026/2712/2712
f 902/2713/2713 510/2714/2714 773/2715/2715
f 1010/2716/2716 487/2717/2717 1117/2718/2718
f 511/2719/2719 309/2720/2720 528/2721/2721
f 309/2722/2722 511/2723/2723 45/2724/2724
f 1306/2725/2725 900/2726/2726 937/2727/2727
f 900/2728/2728 1306/2729/2729 939/2730/2730
f 163/2731/2731 238/2732/2732 310/2733/2733
f 418/2734/2734 513/2735/2735 695/2736/2736
f 865/2737/2737 717/2738/2738 759/2739/2739
f 514/2740/2740 103/2741/2741 515/2742/2742
f 817/2743/2743 737/2744/2744 784/2745/2745
f 516/2746/2746 1190/2747/2747 155/2748/2748
f 517/2749/2749 518/2750/2750 94/2751/2751
f 220/2752/2752 519/2753/2753 657/2754/2754
f 220/2755/2755 650/2756/2756 519/2757/2757
f 854/2758/2758 1040/2759/2759 945/2760/2760
f 520/2761/2761 177/2762/2762 781/2763/2763
f 824/2764/2764 669/2765/2765 150/2766/2766
f 247/2767/2767 521/2768/2768 161/2769/2769
f 999/2770/2770 1197/2771/2771 346/2772/2772
f 1197/2773/2773 999/2774/2774 799/2775/2775
f 1098/2776/2776 889/2777/2777 856/2778/2778
f 343/2779/2779 894/2780/2780 891/2781/2781
f 87/2782/2782 175/2783/2783 501/2784/2784
f 171/2785/2785 515/2786/2786 103/2787/2787
f 478/2788/2788 235/2789/2789 66/2790/2790
f 1280/2791/2791 1132/2792/2792 646/2793/2793
f 524/2794/2794 320/2795/2795 553/2796/2796
f 288/2797/2797 7/2798/2798 260/2799/2799
f 8/2800/2800 105/2801/2801 326/2802/2802
f 977/2803/2803 949/2804/2804 848/2805/2805
f 311/2806/2806 749/2807/2807 525/2808/2808
f 265/2809/2809 134/2810/2810 475/2811/2811
f 791/2812/2812 725/2813/2813 852/2814/2814
f 245/2815/2815 1021/2816/2816 526/2817/2817
f 1118/2818/2818 1183/2819/2819 895/2820/2820
f 1183/2821/2821 1118/2822/2822 968/2823/2823
f 51/2824/2824 52/2825/2825 54/2826/2826
f 81/2827/2827 210/2828/2828 198/2829/2829
f 22/2830/2830 117/2831/2831 528/2832/2832
f 528/2833/2833 535/2834/2834 22/2835/2835
f 795/2836/2836 917/2837/2837 529/2838/2838
f 20/2839/2839 529/2840/2840 437/2841/2841
f 189/2842/2842 494/2843/2843 121/2844/2844
f 1240/2845/2845 613/2846/2846 1397/2847/2847
f 1427/2848/2848 1399/2849/2849 1063/2850/2850
f 39/2851/2851 477/2852/2852 174/2853/2853
f 3/2854/2854 185/2855/2855 489/2856/2856
f 1414/2857/2857 1367/2858/2858 910/2859/2859
f 435/2860/2860 768/2861/2861 1154/2862/2862
f 476/2863/2863 186/2864/2864 132/2865/2865
f 885/2866/2866 934/2867/2867 1170/2868/2868
f 862/2869/2869 956/2870/2870 1346/2871/2871
f 1202/2872/2872 1182/2873/2873 1284/2874/2874
f 1182/2875/2875 1202/2876/2876 1034/2877/2877
f 762/2878/2878 643/2879/2879 778/2880/2880
f 534/2881/2881 1087/2882/2882 263/2883/2883
f 153/2884/2884 626/2885/2885 407/2886/2886
f 490/2887/2887 67/2888/2888 250/2889/2889
f 204/2890/2890 22/2891/2891 535/2892/2892
f 58/2893/2893 204/2894/2894 535/2895/2895
f 1169/2896/2896 1079/2897/2897 1321/2898/2898
f 147/2899/2899 536/2900/2900 464/2901/2901
f 537/2902/2902 286/2903/2903 326/2904/2904
f 537/2905/2905 326/2906/2906 105/2907/2907
f 501/2908/2908 250/2909/2909 87/2910/2910
f 54/2911/2911 201/2912/2912 51/2913/2913
f 733/2914/2914 1026/2915/2915 1199/2916/2916
f 318/2917/2917 538/2918/2918 552/2919/2919
f 495/2920/2920 99/2921/2921 176/2922/2922
f 186/2923/2923 476/2924/2924 71/2925/2925
f 189/2926/2926 121/2927/2927 506/2928/2928
f 803/2929/2929 714/2930/2930 1291/2931/2931
f 1019/2932/2932 1157/2933/2933 294/2934/2934
f 874/2935/2935 815/2936/2936 152/2937/2937
f 277/2938/2938 626/2939/2939 540/2940/2940
f 383/2941/2941 541/2942/2942 2/2943/2943
f 541/2944/2944 383/2945/2945 563/2946/2946
f 360/2947/2947 542/2948/2948 21/2949/2949
f 542/2950/2950 360/2951/2951 601/2952/2952
f 543/2953/2953 15/2954/2954 583/2955/2955
f 15/2956/2956 543/2957/2957 354/2958/2958
f 1008/2959/2959 1431/2960/2960 1227/2961/2961
f 1176/2962/2962 1093/2963/2963 207/2964/2964
f 507/2965/2965 120/2966/2966 3/2967/2967
f 265/2968/2968 517/2969/2969 134/2970/2970
f 99/2971/2971 500/2972/2972 144/2973/2973
f 1072/2974/2974 1095/2975/2975 1360/2976/2976
f 1001/2977/2977 734/2978/2978 1436/2979/2979
f 515/2980/2980 171/2981/2981 235/2982/2982
f 816/2983/2983 638/2984/2984 722/2985/2985
f 985/2986/2986 546/2987/2987 951/2988/2988
f 994/2989/2989 1107/2990/2990 1074/2991/2991
f 1195/2992/2992 547/2993/2993 887/2994/2994
f 358/2995/2995 548/2996/2996 214/2997/2997
f 548/2998/2998 358/2999/2999 614/3000/3000
f 132/3001/3001 183/3002/3002 514/3003/3003
f 728/3004/3004 1206/3005/3005 1024/3006/3006
f 235/3007/3007 1068/3008/3008 515/3009/3009
f 518/3010/3010 39/3011/3011 172/3012/3012
f 4/3013/3013 634/3014/3014 549/3015/3015
f 549/3016/3016 1003/3017/3017 4/3018/3018
f 176/3019/3019 68/3020/3020 495/3021/3021
f 1148/3022/3022 898/3023/3023 1057/3024/3024
f 1311/3025/3025 550/3026/3026 1358/3027/3027
f 636/3028/3028 923/3029/3029 182/3030/3030
f 551/3031/3031 355/3032/3032 288/3033/3033
f 390/3034/3034 717/3035/3035 552/3036/3036
f 552/3037/3037 1043/3038/3038 390/3039/3039
f 716/3040/3040 436/3041/3041 553/3042/3042
f 553/3043/3043 436/3044/3044 1043/3045/3045
f 323/3046/3046 364/3047/3047 634/3048/3048
f 110/3049/3049 554/3050/3050 443/3051/3051
f 554/3052/3052 110/3053/3053 599/3054/3054
f 802/3055/3055 482/3056/3056 1013/3057/3057
f 286/3058/3058 555/3059/3059 754/3060/3060
f 120/3061/3061 507/3062/3062 160/3063/3063
f 454/3064/3064 76/3065/3065 556/3066/3066
f 76/3067/3067 361/3068/3068 556/3069/3069
f 230/3070/3070 362/3071/3071 557/3072/3072
f 557/3073/3073 137/3074/3074 230/3075/3075
f 221/3076/3076 368/3077/3077 558/3078/3078
f 558/3079/3079 60/3080/3080 221/3081/3081
f 313/3082/3082 31/3083/3083 559/3084/3084
f 31/3085/3085 367/3086/3086 559/3087/3087
f 114/3088/3088 368/3089/3089 560/3090/3090
f 560/3091/3091 24/3092/3092 114/3093/3093
f 395/3094/3094 292/3095/3095 561/3096/3096
f 292/3097/3097 367/3098/3098 561/3099/3099
f 394/3100/3100 41/3101/3101 562/3102/3102
f 41/3103/3103 361/3104/3104 562/3105/3105
f 563/3106/3106 157/3107/3107 577/3108/3108
f 157/3109/3109 563/3110/3110 383/3111/3111
f 1159/3112/3112 953/3113/3113 1056/3114/3114
f 283/3115/3115 767/3116/3116 499/3117/3117
f 767/3118/3118 283/3119/3119 694/3120/3120
f 172/3121/3121 94/3122/3122 518/3123/3123
f 565/3124/3124 351/3125/3125 590/3126/3126
f 351/3127/3127 565/3128/3128 155/3129/3129
f 150/3130/3130 566/3131/3131 379/3132/3132
f 566/3133/3133 396/3134/3134 217/3135/3135
f 1066/3136/3136 1114/3137/3137 372/3138/3138
f 567/3139/3139 273/3140/3140 831/3141/3141
f 421/3142/3142 256/3143/3143 69/3144/3144
f 422/3145/3145 258/3146/3146 83/3147/3147
f 56/3148/3148 568/3149/3149 446/3150/3150
f 568/3151/3151 56/3152/3152 592/3153/3153
f 569/3154/3154 125/3155/3155 1361/3156/3156
f 125/3157/3157 569/3158/3158 374/3159/3159
f 419/3160/3160 252/3161/3161 65/3162/3162
f 420/3163/3163 254/3164/3164 64/3165/3165
f 538/3166/3166 225/3167/3167 570/3168/3168
f 570/3169/3169 225/3170/3170 524/3171/3171
f 64/3172/3172 403/3173/3173 1287/3174/3174
f 71/3175/3175 475/3176/3176 134/3177/3177
f 926/3178/3178 1032/3179/3179 774/3180/3180
f 392/3181/3181 1302/3182/3182 571/3183/3183
f 223/3184/3184 66/3185/3185 235/3186/3186
f 1077/3187/3187 734/3188/3188 1420/3189/3189
f 572/3190/3190 1011/3191/3191 1049/3192/3192
f 1349/3193/3193 1325/3194/3194 208/3195/3195
f 208/3196/3196 573/3197/3197 459/3198/3198
f 923/3199/3199 645/3200/3200 574/3201/3201
f 764/3202/3202 740/3203/3203 880/3204/3204
f 575/3205/3205 1046/3206/3206 1052/3207/3207
f 1046/3208/3208 575/3209/3209 1161/3210/3210
f 576/3211/3211 51/3212/3212 201/3213/3213
f 201/3214/3214 618/3215/3215 576/3216/3216
f 207/3217/3217 250/3218/3218 67/3219/3219
f 406/3220/3220 577/3221/3221 157/3222/3222
f 577/3223/3223 406/3224/3224 648/3225/3225
f 37/3226/3226 260/3227/3227 7/3228/3228
f 1316/3229/3229 1378/3230/3230 62/3231/3231
f 62/3232/3232 578/3233/3233 408/3234/3234
f 123/3235/3235 174/3236/3236 477/3237/3237
f 817/3238/3238 579/3239/3239 723/3240/3240
f 1040/3241/3241 854/3242/3242 1185/3243/3243
f 164/3244/3244 439/3245/3245 580/3246/3246
f 580/3247/3247 118/3248/3248 164/3249/3249
f 106/3250/3250 364/3251/3251 170/3252/3252
f 68/3253/3253 121/3254/3254 494/3255/3255
f 281/3256/3256 11/3257/3257 387/3258/3258
f 581/3259/3259 284/3260/3260 737/3261/3261
f 284/3262/3262 581/3263/3263 440/3264/3264
f 1037/3265/3265 875/3266/3266 1099/3267/3267
f 391/3268/3268 1271/3269/3269 582/3270/3270
f 183/3271/3271 132/3272/3272 186/3273/3273
f 327/3274/3274 777/3275/3275 619/3276/3276
f 777/3277/3277 327/3278/3278 670/3279/3279
f 1300/3280/3280 1232/3281/3281 1265/3282/3282
f 1232/3283/3283 1300/3284/3284 1022/3285/3285
f 445/3286/3286 744/3287/3287 246/3288/3288
f 744/3289/3289 445/3290/3290 757/3291/3291
f 169/3292/3292 489/3293/3293 185/3294/3294
f 1226/3295/3295 972/3296/3296 1145/3297/3297
f 1247/3298/3298 1254/3299/3299 1322/3300/3300
f 1386/3301/3301 1299/3302/3302 1347/3303/3303
f 1244/3304/3304 918/3305/3305 587/3306/3306
f 902/3307/3307 588/3308/3308 936/3309/3309
f 194/3310/3310 126/3311/3311 588/3312/3312
f 207/3313/3313 87/3314/3314 250/3315/3315
f 1027/3316/3316 746/3317/3317 984/3318/3318
f 1314/3319/3319 372/3320/3320 1401/3321/3321
f 590/3322/3322 16/3323/3323 1250/3324/3324
f 16/3325/3325 590/3326/3326 351/3327/3327
f 160/3328/3328 506/3329/3329 121/3330/3330
f 346/3331/3331 591/3332/3332 999/3333/3333
f 591/3334/3334 346/3335/3335 872/3336/3336
f 144/3337/3337 176/3338/3338 99/3339/3339
f 223/3340/3340 235/3341/3341 171/3342/3342
f 403/3343/3343 64/3344/3344 254/3345/3345
f 402/3346/3346 65/3347/3347 252/3348/3348
f 592/3349/3349 374/3350/3350 569/3351/3351
f 374/3352/3352 592/3353/3353 56/3354/3354
f 404/3355/3355 69/3356/3356 256/3357/3357
f 405/3358/3358 83/3359/3359 258/3360/3360
f 593/3361/3361 405/3362/3362 257/3363/3363
f 594/3364/3364 404/3365/3365 255/3366/3366
f 185/3367/3367 3/3368/3368 120/3369/3369
f 595/3370/3370 402/3371/3371 251/3372/3372
f 596/3373/3373 403/3374/3374 253/3375/3375
f 155/3376/3376 597/3377/3377 516/3378/3378
f 597/3379/3379 155/3380/3380 565/3381/3381
f 1384/3382/3382 1245/3383/3383 1166/3384/3384
f 598/3385/3385 382/3386/3386 84/3387/3387
f 94/3388/3388 134/3389/3389 517/3390/3390
f 599/3391/3391 399/3392/3392 786/3393/3393
f 399/3394/3394 599/3395/3395 110/3396/3396
f 430/3397/3397 600/3398/3398 301/3399/3399
f 600/3400/3400 430/3401/3401 847/3402/3402
f 80/3403/3403 6/3404/3404 301/3405/3405
f 601/3406/3406 115/3407/3407 701/3408/3408
f 115/3409/3409 601/3410/3410 360/3411/3411
f 175/3412/3412 144/3413/3413 500/3414/3414
f 785/3415/3415 1030/3416/3416 425/3417/3417
f 602/3418/3418 987/3419/3419 1030/3420/3420
f 939/3421/3421 20/3422/3422 437/3423/3423
f 20/3424/3424 603/3425/3425 438/3426/3426
f 1055/3427/3427 918/3428/3428 1230/3429/3429
f 1267/3430/3430 444/3431/3431 1157/3432/3432
f 444/3433/3433 1267/3434/3434 1180/3435/3435
f 174/3436/3436 172/3437/3437 39/3438/3438
f 605/3439/3439 255/3440/3440 422/3441/3441
f 606/3442/3442 257/3443/3443 421/3444/3444
f 103/3445/3445 514/3446/3446 183/3447/3447
f 1214/3448/3448 1253/3449/3449 276/3450/3450
f 276/3451/3451 607/3452/3452 1121/3453/3453
f 353/3454/3454 368/3455/3455 608/3456/3456
f 608/3457/3457 149/3458/3458 353/3459/3459
f 469/3460/3460 251/3461/3461 420/3462/3462
f 609/3463/3463 253/3464/3464 419/3465/3465
f 73/3466/3466 10/3467/3467 296/3468/3468
f 1047/3469/3469 836/3470/3470 1070/3471/3471
f 1164/3472/3472 1302/3473/3473 997/3474/3474
f 611/3475/3475 936/3476/3476 13/3477/3477
f 13/3478/3478 90/3479/3479 611/3480/3480
f 440/3481/3481 612/3482/3482 212/3483/3483
f 612/3484/3484 440/3485/3485 581/3486/3486
f 1152/3487/3487 904/3488/3488 911/3489/3489
f 1208/3490/3490 789/3491/3491 317/3492/3492
f 614/3493/3493 97/3494/3494 709/3495/3495
f 97/3496/3496 614/3497/3497 358/3498/3498
f 859/3499/3499 1392/3500/3500 1015/3501/3501
f 896/3502/3502 147/3503/3503 776/3504/3504
f 85/3505/3505 616/3506/3506 298/3507/3507
f 616/3508/3508 85/3509/3509 564/3510/3510
f 266/3511/3511 287/3512/3512 726/3513/3513
f 963/3514/3514 867/3515/3515 946/3516/3516
f 697/3517/3517 306/3518/3518 617/3519/3519
f 618/3520/3520 669/3521/3521 244/3522/3522
f 244/3523/3523 576/3524/3524 618/3525/3525
f 619/3526/3526 814/3527/3527 810/3528/3528
f 888/3529/3529 1028/3530/3530 1064/3531/3531
f 188/3532/3532 620/3533/3533 415/3534/3534
f 620/3535/3535 188/3536/3536 800/3537/3537
f 621/3538/3538 483/3539/3539 410/3540/3540
f 410/3541/3541 706/3542/3542 621/3543/3543
f 49/3544/3544 227/3545/3545 78/3546/3546
f 1069/3547/3547 622/3548/3548 400/3549/3549
f 622/3550/3550 1069/3551/3551 1155/3552/3552
f 931/3553/3553 928/3554/3554 623/3555/3555
f 1058/3556/3556 623/3557/3557 1403/3558/3558
f 1255/3559/3559 1219/3560/3560 178/3561/3561
f 624/3562/3562 272/3563/3563 875/3564/3564
f 429/3565/3565 820/3566/3566 239/3567/3567
f 820/3568/3568 429/3569/3569 819/3570/3570
f 626/3571/3571 277/3572/3572 8/3573/3573
f 8/3574/3574 407/3575/3575 626/3576/3576
f 1017/3577/3577 1275/3578/3578 571/3579/3579
f 1342/3580/3580 1262/3581/3581 984/3582/3582
f 628/3583/3583 380/3584/3584 261/3585/3585
f 261/3586/3586 388/3587/3587 628/3588/3588
f 844/3589/3589 1115/3590/3590 1204/3591/3591
f 1053/3592/3592 856/3593/3593 889/3594/3594
f 1341/3595/3595 1289/3596/3596 1119/3597/3597
f 1231/3598/3598 1225/3599/3599 1372/3600/3600
f 19/3601/3601 219/3602/3602 196/3603/3603
f 863/3604/3604 1020/3605/3605 1054/3606/3606
f 385/3607/3607 751/3608/3608 631/3609/3609
f 1092/3610/3610 1062/3611/3611 860/3612/3612
f 1305/3613/3613 1136/3614/3614 1150/3615/3615
f 1221/3616/3616 1024/3617/3617 1206/3618/3618
f 1024/3619/3619 1221/3620/3620 1018/3621/3621
f 634/3622/3622 261/3623/3623 380/3624/3624
f 380/3625/3625 549/3626/3626 634/3627/3627
f 257/3628/3628 606/3629/3629 593/3630/3630
f 255/3631/3631 605/3632/3632 594/3633/3633
f 857/3634/3634 373/3635/3635 1031/3636/3636
f 925/3637/3637 1425/3638/3638 635/3639/3639
f 823/3640/3640 355/3641/3641 877/3642/3642
f 355/3643/3643 551/3644/3644 636/3645/3645
f 841/3646/3646 1144/3647/3647 1081/3648/3648
f 637/3649/3649 88/3650/3650 649/3651/3651
f 251/3652/3652 469/3653/3653 595/3654/3654
f 253/3655/3655 609/3656/3656 596/3657/3657
f 638/3658/3658 426/3659/3659 796/3660/3660
f 426/3661/3661 638/3662/3662 145/3663/3663
f 1151/3664/3664 1206/3665/3665 1165/3666/3666
f 1320/3667/3667 639/3668/3668 927/3669/3669
f 724/3670/3670 431/3671/3671 855/3672/3672
f 640/3673/3673 431/3674/3674 732/3675/3675
f 1382/3676/3676 1337/3677/3677 1435/3678/3678
f 1337/3679/3679 1382/3680/3680 729/3681/3681
f 1314/3682/3682 1179/3683/3683 372/3684/3684
f 234/3685/3685 151/3686/3686 439/3687/3687
f 298/3688/3688 642/3689/3689 1364/3690/3690
f 642/3691/3691 298/3692/3692 616/3693/3693
f 1108/3694/3694 1004/3695/3695 472/3696/3696
f 643/3697/3697 28/3698/3698 653/3699/3699
f 1089/3700/3700 916/3701/3701 644/3702/3702
f 644/3703/3703 916/3704/3704 768/3705/3705
f 275/3706/3706 574/3707/3707 645/3708/3708
f 645/3709/3709 296/3710/3710 275/3711/3711
f 646/3712/3712 320/3713/3713 1280/3714/3714
f 320/3715/3715 646/3716/3716 493/3717/3717
f 647/3718/3718 464/3719/3719 536/3720/3720
f 464/3721/3721 647/3722/3722 119/3723/3723
f 190/3724/3724 648/3725/3725 406/3726/3726
f 648/3727/3727 190/3728/3728 585/3729/3729
f 485/3730/3730 649/3731/3731 88/3732/3732
f 649/3733/3733 485/3734/3734 652/3735/3735
f 650/3736/3736 220/3737/3737 203/3738/3738
f 203/3739/3739 98/3740/3740 650/3741/3741
f 1395/3742/3742 1383/3743/3743 1103/3744/3744
f 69/3745/3745 404/3746/3746 1289/3747/3747
f 119/3748/3748 651/3749/3749 473/3750/3750
f 651/3751/3751 119/3752/3752 647/3753/3753
f 652/3754/3754 156/3755/3755 818/3756/3756
f 156/3757/3757 652/3758/3758 485/3759/3759
f 428/3760/3760 653/3761/3761 28/3762/3762
f 653/3763/3763 428/3764/3764 671/3765/3765
f 1198/3766/3766 1246/3767/3767 807/3768/3768
f 654/3769/3769 17/3770/3770 873/3771/3771
f 548/3772/3772 655/3773/3773 797/3774/3774
f 655/3775/3775 548/3776/3776 798/3777/3777
f 1257/3778/3778 1041/3779/3779 1406/3780/3780
f 542/3781/3781 656/3782/3782 782/3783/3783
f 656/3784/3784 542/3785/3785 812/3786/3786
f 657/3787/3787 377/3788/3788 241/3789/3789
f 377/3790/3790 657/3791/3791 519/3792/3792
f 927/3793/3793 132/3794/3794 1285/3795/3795
f 913/3796/3796 864/3797/3797 839/3798/3798
f 1085/3799/3799 658/3800/3800 1011/3801/3801
f 991/3802/3802 839/3803/3803 864/3804/3804
f 659/3805/3805 907/3806/3806 325/3807/3807
f 541/3808/3808 660/3809/3809 666/3810/3810
f 660/3811/3811 541/3812/3812 749/3813/3813
f 1034/3814/3814 1111/3815/3815 1182/3816/3816
f 1060/3817/3817 533/3818/3818 661/3819/3819
f 1324/3820/3820 1180/3821/3821 1039/3822/3822
f 1039/3823/3823 146/3824/3824 960/3825/3825
f 145/3826/3826 663/3827/3827 447/3828/3828
f 663/3829/3829 145/3830/3830 638/3831/3831
f 501/3832/3832 1389/3833/3833 250/3834/3834
f 1304/3835/3835 1143/3836/3836 1102/3837/3837
f 664/3838/3838 53/3839/3839 750/3840/3840
f 128/3841/3841 665/3842/3842 442/3843/3843
f 665/3844/3844 128/3845/3845 725/3846/3846
f 1283/3847/3847 1222/3848/3848 460/3849/3849
f 666/3850/3850 2/3851/3851 541/3852/3852
f 78/3853/3853 50/3854/3854 49/3855/3855
f 667/3856/3856 276/3857/3857 1047/3858/3858
f 276/3859/3859 667/3860/3860 1214/3861/3861
f 1146/3862/3862 964/3863/3863 955/3864/3864
f 867/3865/3865 963/3866/3866 232/3867/3867
f 669/3868/3868 824/3869/3869 247/3870/3870
f 247/3871/3871 244/3872/3872 669/3873/3873
f 670/3874/3874 543/3875/3875 777/3876/3876
f 543/3877/3877 670/3878/3878 708/3879/3879
f 671/3880/3880 148/3881/3881 702/3882/3882
f 148/3883/3883 671/3884/3884 428/3885/3885
f 289/3886/3886 672/3887/3887 411/3888/3888
f 672/3889/3889 361/3890/3890 411/3891/3891
f 460/3892/3892 1112/3893/3893 1215/3894/3894
f 1111/3895/3895 1034/3896/3896 308/3897/3897
f 449/3898/3898 674/3899/3899 413/3900/3900
f 674/3901/3901 367/3902/3902 413/3903/3903
f 989/3904/3904 888/3905/3905 512/3906/3906
f 675/3907/3907 437/3908/3908 909/3909/3909
f 676/3910/3910 362/3911/3911 412/3912/3912
f 412/3913/3913 124/3914/3914 676/3915/3915
f 262/3916/3916 677/3917/3917 143/3918/3918
f 677/3919/3919 367/3920/3920 143/3921/3921
f 678/3922/3922 362/3923/3923 111/3924/3924
f 111/3925/3925 32/3926/3926 678/3927/3927
f 679/3928/3928 368/3929/3929 297/3930/3930
f 297/3931/3931 70/3932/3932 679/3933/3933
f 680/3934/3934 362/3935/3935 416/3936/3936
f 416/3937/3937 75/3938/3938 680/3939/3939
f 681/3940/3940 362/3941/3941 230/3942/3942
f 230/3943/3943 33/3944/3944 681/3945/3945
f 682/3946/3946 362/3947/3947 295/3948/3948
f 295/3949/3949 112/3950/3950 682/3951/3951
f 290/3952/3952 683/3953/3953 279/3954/3954
f 683/3955/3955 367/3956/3956 279/3957/3957
f 684/3958/3958 368/3959/3959 104/3960/3960
f 104/3961/3961 26/3962/3962 684/3963/3963
f 685/3964/3964 368/3965/3965 221/3966/3966
f 221/3967/3967 108/3968/3968 685/3969/3969
f 686/3970/3970 368/3971/3971 114/3972/3972
f 114/3973/3973 82/3974/3974 686/3975/3975
f 319/3976/3976 687/3977/3977 76/3978/3978
f 687/3979/3979 361/3980/3980 76/3981/3981
f 264/3982/3982 688/3983/3983 41/3984/3984
f 688/3985/3985 361/3986/3986 41/3987/3987
f 401/3988/3988 689/3989/3989 312/3990/3990
f 689/3991/3991 361/3992/3992 312/3993/3993
f 101/3994/3994 690/3995/3995 292/3996/3996
f 690/3997/3997 367/3998/3998 292/3999/3999
f 457/4000/4000 691/4001/4001 31/4002/4002
f 691/4003/4003 367/4004/4004 31/4005/4005
f 302/4006/4006 692/4007/4007 129/4008/4008
f 692/4009/4009 361/4010/4010 129/4011/4011
f 693/4012/4012 479/4013/4013 760/4014/4014
f 479/4015/4015 693/4016/4016 249/4017/4017
f 694/4018/4018 424/4019/4019 828/4020/4020
f 424/4021/4021 694/4022/4022 283/4023/4023
f 1351/4024/4024 1310/4025/4025 695/4026/4026
f 93/4027/4027 695/4028/4028 513/4029/4029
f 1274/4030/4030 1359/4031/4031 696/4032/4032
f 696/4033/4033 268/4034/4034 908/4035/4035
f 1428/4036/4036 1422/4037/4037 1006/4038/4038
f 544/4039/4039 306/4040/4040 1076/4041/4041
f 294/4042/4042 1282/4043/4043 461/4044/4044
f 1282/4045/4045 294/4046/4046 1157/4047/4047
f 1184/4048/4048 1258/4049/4049 771/4050/4050
f 1258/4051/4051 1184/4052/4052 191/4053/4053
f 532/4054/4054 1438/4055/4055 1394/4056/4056
f 1394/4057/4057 1377/4058/4058 532/4059/4059
f 957/4060/4060 441/4061/4061 812/4062/4062
f 441/4063/4063 957/4064/4064 193/4065/4065
f 442/4066/4066 702/4067/4067 148/4068/4068
f 702/4069/4069 442/4070/4070 665/4071/4071
f 703/4072/4072 551/4073/4073 96/4074/4074
f 96/4075/4075 345/4076/4076 703/4077/4077
f 473/4078/4078 704/4079/4079 119/4080/4080
f 704/4081/4081 473/4082/4082 710/4083/4083
f 834/4084/4084 941/4085/4085 1430/4086/4086
f 1415/4087/4087 1355/4088/4088 502/4089/4089
f 706/4090/4090 1167/4091/4091 180/4092/4092
f 180/4093/4093 621/4094/4094 706/4095/4095
f 376/4096/4096 993/4097/4097 1412/4098/4098
f 993/4099/4099 376/4100/4100 976/4101/4101
f 1268/4102/4102 1210/4103/4103 708/4104/4104
f 708/4105/4105 354/4106/4106 543/4107/4107
f 434/4108/4108 709/4109/4109 97/4110/4110
f 709/4111/4111 434/4112/4112 979/4113/4113
f 249/4114/4114 710/4115/4115 473/4116/4116
f 710/4117/4117 249/4118/4118 693/4119/4119
f 969/4120/4120 661/4121/4121 1045/4122/4122
f 472/4123/4123 1045/4124/4124 1108/4125/4125
f 470/4126/4126 712/4127/4127 178/4128/4128
f 712/4129/4129 470/4130/4130 739/4131/4131
f 969/4132/4132 713/4133/4133 895/4134/4134
f 1107/4135/4135 994/4136/4136 1195/4137/4137
f 1018/4138/4138 1056/4139/4139 953/4140/4140
f 1056/4141/4141 1018/4142/4142 1221/4143/4143
f 1127/4144/4144 1188/4145/4145 944/4146/4146
f 715/4147/4147 1023/4148/4148 1053/4149/4149
f 716/4150/4150 493/4151/4151 868/4152/4152
f 320/4153/4153 493/4154/4154 716/4155/4155
f 717/4156/4156 865/4157/4157 513/4158/4158
f 717/4159/4159 513/4160/4160 318/4161/4161
f 1213/4162/4162 718/4163/4163 765/4164/4164
f 718/4165/4165 1213/4166/4166 1217/4167/4167
f 322/4168/4168 719/4169/4169 1110/4170/4170
f 719/4171/4171 322/4172/4172 484/4173/4173
f 433/4174/4174 720/4175/4175 192/4176/4176
f 720/4177/4177 433/4178/4178 763/4179/4179
f 1153/4180/4180 1425/4181/4181 602/4182/4182
f 1153/4183/4183 635/4184/4184 1425/4185/4185
f 215/4186/4186 722/4187/4187 1254/4188/4188
f 722/4189/4189 215/4190/4190 816/4191/4191
f 1130/4192/4192 1174/4193/4193 321/4194/4194
f 723/4195/4195 581/4196/4196 817/4197/4197
f 581/4198/4198 723/4199/4199 612/4200/4200
f 431/4201/4201 724/4202/4202 170/4203/4203
f 100/4204/4204 170/4205/4205 724/4206/4206
f 725/4207/4207 447/4208/4208 663/4209/4209
f 447/4210/4210 725/4211/4211 128/4212/4212
f 1167/4213/4213 1318/4214/4214 387/4215/4215
f 387/4216/4216 180/4217/4217 1167/4218/4218
f 727/4219/4219 193/4220/4220 915/4221/4221
f 193/4222/4222 727/4223/4223 441/4224/4224
f 1165/4225/4225 728/4226/4226 489/4227/4227
f 3/4228/4228 728/4229/4229 507/4230/4230
f 1335/4231/4231 1204/4232/4232 1298/4233/4233
f 1322/4234/4234 342/4235/4235 729/4236/4236
f 1376/4237/4237 1065/4238/4238 586/4239/4239
f 217/4240/4240 379/4241/4241 566/4242/4242
f 983/4243/4243 911/4244/4244 904/4245/4245
f 1092/4246/4246 730/4247/4247 1441/4248/4248
f 731/4249/4249 565/4250/4250 882/4251/4251
f 565/4252/4252 731/4253/4253 597/4254/4254
f 773/4255/4255 732/4256/4256 194/4257/4257
f 430/4258/4258 194/4259/4259 732/4260/4260
f 1090/4261/4261 1279/4262/4262 65/4263/4263
f 318/4264/4264 733/4265/4265 538/4266/4266
f 733/4267/4267 318/4268/4268 418/4269/4269
f 1440/4270/4270 1426/4271/4271 1085/4272/4272
f 1085/4273/4273 933/4274/4274 1440/4275/4275
f 178/4276/4276 735/4277/4277 1255/4278/4278
f 735/4279/4279 178/4280/4280 712/4281/4281
f 400/4282/4282 736/4283/4283 1069/4284/4284
f 736/4285/4285 400/4286/4286 879/4287/4287
f 737/4288/4288 516/4289/4289 597/4290/4290
f 516/4291/4291 737/4292/4292 284/4293/4293
f 1332/4294/4294 1032/4295/4295 1375/4296/4296
f 738/4297/4297 425/4298/4298 1248/4299/4299
f 1150/4300/4300 1172/4301/4301 381/4302/4302
f 739/4303/4303 554/4304/4304 712/4305/4305
f 554/4306/4306 739/4307/4307 585/4308/4308
f 1401/4309/4309 1363/4310/4310 1314/4311/4311
f 740/4312/4312 237/4313/4313 754/4314/4314
f 237/4315/4315 740/4316/4316 291/4317/4317
f 741/4318/4318 110/4319/4319 780/4320/4320
f 110/4321/4321 741/4322/4322 399/4323/4323
f 742/4324/4324 1014/4325/4325 836/4326/4326
f 1014/4327/4327 742/4328/4328 1285/4329/4329
f 1361/4330/4330 1333/4331/4331 569/4332/4332
f 569/4333/4333 743/4334/4334 592/4335/4335
f 585/4336/4336 744/4337/4337 648/4338/4338
f 744/4339/4339 585/4340/4340 739/4341/4341
f 157/4342/4342 745/4343/4343 406/4344/4344
f 745/4345/4345 157/4346/4346 843/4347/4347
f 1126/4348/4348 1025/4349/4349 795/4350/4350
f 1196/4351/4351 1366/4352/4352 1390/4353/4353
f 747/4354/4354 577/4355/4355 757/4356/4356
f 577/4357/4357 747/4358/4358 563/4359/4359
f 572/4360/4360 259/4361/4361 933/4362/4362
f 982/4363/4363 832/4364/4364 1072/4365/4365
f 563/4366/4366 749/4367/4367 541/4368/4368
f 749/4369/4369 563/4370/4370 747/4371/4371
f 399/4372/4372 750/4373/4373 53/4374/4374
f 750/4375/4375 399/4376/4376 741/4377/4377
f 37/4378/4378 142/4379/4379 236/4380/4380
f 1123/4381/4381 934/4382/4382 1279/4383/4383
f 1377/4384/4384 1346/4385/4385 956/4386/4386
f 938/4387/4387 955/4388/4388 964/4389/4389
f 1189/4390/4390 1171/4391/4391 1148/4392/4392
f 1000/4393/4393 417/4394/4394 1362/4395/4395
f 417/4396/4396 1000/4397/4397 481/4398/4398
f 326/4399/4399 754/4400/4400 237/4401/4401
f 754/4402/4402 326/4403/4403 286/4404/4404
f 755/4405/4405 119/4406/4406 704/4407/4407
f 119/4408/4408 755/4409/4409 464/4410/4410
f 436/4411/4411 716/4412/4412 756/4413/4413
f 756/4414/4414 954/4415/4415 436/4416/4416
f 757/4417/4417 359/4418/4418 747/4419/4419
f 359/4420/4420 757/4421/4421 445/4422/4422
f 1180/4423/4423 1324/4424/4424 444/4425/4425
f 1260/4426/4426 758/4427/4427 1228/4428/4428
f 390/4429/4429 759/4430/4430 717/4431/4431
f 759/4432/4432 390/4433/4433 954/4434/4434
f 156/4435/4435 760/4436/4436 479/4437/4437
f 760/4438/4438 156/4439/4439 871/4440/4440
f 1253/4441/4441 1214/4442/4442 761/4443/4443
f 761/4444/4444 16/4445/4445 790/4446/4446
f 1178/4447/4447 1036/4448/4448 263/4449/4449
f 263/4450/4450 762/4451/4451 534/4452/4452
f 224/4453/4453 594/4454/4454 605/4455/4455
f 321/4456/4456 593/4457/4457 606/4458/4458
f 763/4459/4459 568/4460/4460 720/4461/4461
f 568/4462/4462 763/4463/4463 625/4464/4464
f 275/4465/4465 764/4466/4466 574/4467/4467
f 764/4468/4468 275/4469/4469 55/4470/4470
f 1266/4471/4471 1323/4472/4472 38/4473/4473
f 1323/4474/4474 1266/4475/4475 1295/4476/4476
f 766/4477/4477 406/4478/4478 745/4479/4479
f 406/4480/4480 766/4481/4481 190/4482/4482
f 381/4483/4483 595/4484/4484 469/4485/4485
f 199/4486/4486 596/4487/4487 609/4488/4488
f 564/4489/4489 767/4490/4490 616/4491/4491
f 767/4492/4492 564/4493/4493 837/4494/4494
f 768/4495/4495 531/4496/4496 644/4497/4497
f 531/4498/4498 768/4499/4499 435/4500/4500
f 477/4501/4501 39/4502/4502 610/4503/4503
f 3/4504/4504 489/4505/4505 728/4506/4506
f 1243/4507/4507 1193/4508/4508 222/4509/4509
f 222/4510/4510 769/4511/4511 504/4512/4512
f 1036/4513/4513 1178/4514/4514 1074/4515/4515
f 1074/4516/4516 357/4517/4517 994/4518/4518
f 1163/4519/4519 492/4520/4520 699/4521/4521
f 492/4522/4522 1163/4523/4523 707/4524/4524
f 408/4525/4525 772/4526/4526 62/4527/4527
f 772/4528/4528 408/4529/4529 846/4530/4530
f 269/4531/4531 640/4532/4532 773/4533/4533
f 269/4534/4534 773/4535/4535 510/4536/4536
f 1142/4537/4537 1110/4538/4538 719/4539/4539
f 774/4540/4540 392/4541/4541 926/4542/4542
f 315/4543/4543 775/4544/4544 466/4545/4545
f 775/4546/4546 315/4547/4547 853/4548/4548
f 476/4549/4549 132/4550/4550 921/4551/4551
f 464/4552/4552 776/4553/4553 147/4554/4554
f 776/4555/4555 464/4556/4556 755/4557/4557
f 1289/4558/4558 1341/4559/4559 69/4560/4560
f 1413/4561/4561 517/4562/4562 1257/4563/4563
f 583/4564/4564 777/4565/4565 543/4566/4566
f 777/4567/4567 583/4568/4568 814/4569/4569
f 1165/4570/4570 1286/4571/4571 1151/4572/4572
f 778/4573/4573 534/4574/4574 762/4575/4575
f 534/4576/4576 778/4577/4577 173/4578/4578
f 779/4579/4579 15/4580/4580 662/4581/4581
f 15/4582/4582 779/4583/4583 212/4584/4584
f 443/4585/4585 780/4586/4586 110/4587/4587
f 780/4588/4588 443/4589/4589 793/4590/4590
f 937/4591/4591 520/4592/4592 781/4593/4593
f 781/4594/4594 462/4595/4595 386/4596/4596
f 573/4597/4597 782/4598/4598 656/4599/4599
f 782/4600/4600 573/4601/4601 1379/4602/4602
f 1154/4603/4603 1162/4604/4604 1120/4605/4605
f 1331/4606/4606 1120/4607/4607 868/4608/4608
f 784/4609/4609 597/4610/4610 731/4611/4611
f 597/4612/4612 784/4613/4613 737/4614/4614
f 1082/4615/4615 1256/4616/4616 1088/4617/4617
f 1030/4618/4618 785/4619/4619 602/4620/4620
f 786/4621/4621 53/4622/4622 1270/4623/4623
f 53/4624/4624 786/4625/4625 399/4626/4626
f 1328/4627/4627 1366/4628/4628 1109/4629/4629
f 1082/4630/4630 1375/4631/4631 787/4632/4632
f 1359/4633/4633 1274/4634/4634 21/4635/4635
f 21/4636/4636 788/4637/4637 360/4638/4638
f 1186/4639/4639 1063/4640/4640 1353/4641/4641
f 1397/4642/4642 1396/4643/4643 1240/4644/4644
f 351/4645/4645 790/4646/4646 16/4647/4647
f 790/4648/4648 351/4649/4649 996/4650/4650
f 526/4651/4651 791/4652/4652 245/4653/4653
f 791/4654/4654 526/4655/4655 805/4656/4656
f 272/4657/4657 792/4658/4658 468/4659/4659
f 792/4660/4660 272/4661/4661 1249/4662/4662
f 793/4663/4663 190/4664/4664 766/4665/4665
f 190/4666/4666 793/4667/4667 443/4668/4668
f 547/4669/4669 1195/4670/4670 994/4671/4671
f 1367/4672/4672 1414/4673/4673 1404/4674/4674
f 529/4675/4675 20/4676/4676 795/4677/4677
f 438/4678/4678 795/4679/4679 20/4680/4680
f 1334/4681/4681 1168/4682/4682 796/4683/4683
f 17/4684/4684 796/4685/4685 426/4686/4686
f 1362/4687/4687 1378/4688/4688 1000/4689/4689
f 578/4690/4690 797/4691/4691 655/4692/4692
f 614/4693/4693 798/4694/4694 548/4695/4695
f 798/4696/4696 614/4697/4697 948/4698/4698
f 799/4699/4699 1238/4700/4700 1197/4701/4701
f 1238/4702/4702 799/4703/4703 804/4704/4704
f 800/4705/4705 397/4706/4706 625/4707/4707
f 397/4708/4708 800/4709/4709 188/4710/4710
f 173/4711/4711 801/4712/4712 509/4713/4713
f 801/4714/4714 173/4715/4715 778/4716/4716
f 286/4717/4717 802/4718/4718 555/4719/4719
f 802/4720/4720 286/4721/4721 89/4722/4722
f 539/4723/4723 1228/4724/4724 1033/4725/4725
f 1228/4726/4726 539/4727/4727 1260/4728/4728
f 168/4729/4729 804/4730/4730 799/4731/4731
f 804/4732/4732 168/4733/4733 1106/4734/4734
f 805/4735/4735 341/4736/4736 838/4737/4737
f 341/4738/4738 805/4739/4739 526/4740/4740
f 998/4741/4741 1316/4742/4742 806/4743/4743
f 536/4744/4744 806/4745/4745 647/4746/4746
f 807/4747/4747 1124/4748/4748 582/4749/4749
f 1124/4750/4750 807/4751/4751 1246/4752/4752
f 1237/4753/4753 961/4754/4754 1398/4755/4755
f 1225/4756/4756 1094/4757/4757 1402/4758/4758
f 809/4759/4759 930/4760/4760 494/4761/4761
f 494/4762/4762 189/4763/4763 809/4764/4764
f 314/4765/4765 810/4766/4766 1185/4767/4767
f 810/4768/4768 314/4769/4769 619/4770/4770
f 811/4771/4771 372/4772/4772 1179/4773/4773
f 372/4774/4774 811/4775/4775 1066/4776/4776
f 601/4777/4777 812/4778/4778 542/4779/4779
f 812/4780/4780 601/4781/4781 957/4782/4782
f 1422/4783/4783 1428/4784/4784 1076/4785/4785
f 1008/4786/4786 813/4787/4787 1431/4788/4788
f 814/4789/4789 612/4790/4790 723/4791/4791
f 612/4792/4792 814/4793/4793 583/4794/4794
f 815/4795/4795 874/4796/4796 540/4797/4797
f 540/4798/4798 388/4799/4799 815/4800/4800
f 546/4801/4801 816/4802/4802 215/4803/4803
f 816/4804/4804 546/4805/4805 852/4806/4806
f 579/4807/4807 817/4808/4808 307/4809/4809
f 784/4810/4810 307/4811/4811 817/4812/4812
f 479/4813/4813 818/4814/4814 156/4815/4815
f 818/4816/4816 479/4817/4817 849/4818/4818
f 107/4819/4819 819/4820/4820 429/4821/4821
f 819/4822/4822 107/4823/4823 837/4824/4824
f 625/4825/4825 820/4826/4826 800/4827/4827
f 820/4828/4828 625/4829/4829 763/4830/4830
f 821/4831/4831 360/4832/4832 788/4833/4833
f 360/4834/4834 821/4835/4835 115/4836/4836
f 1315/4837/4837 822/4838/4838 1339/4839/4839
f 822/4840/4840 1315/4841/4841 866/4842/4842
f 355/4843/4843 823/4844/4844 7/4845/4845
f 117/4846/4846 7/4847/4847 823/4848/4848
f 521/4849/4849 247/4850/4850 824/4851/4851
f 824/4852/4852 480/4853/4853 521/4854/4854
f 825/4855/4855 1133/4856/4856 462/4857/4857
f 462/4858/4858 781/4859/4859 825/4860/4860
f 212/4861/4861 826/4862/4862 440/4863/4863
f 826/4864/4864 212/4865/4865 779/4866/4866
f 246/4867/4867 827/4868/4868 445/4869/4869
f 827/4870/4870 246/4871/4871 950/4872/4872
f 1301/4873/4873 1180/4874/4874 1267/4875/4875
f 146/4876/4876 828/4877/4877 424/4878/4878
f 1208/4879/4879 317/4880/4880 1152/4881/4881
f 1385/4882/4882 420/4883/4883 1287/4884/4884
f 830/4885/4885 484/4886/4886 322/4887/4887
f 484/4888/4888 830/4889/4889 307/4890/4890
f 831/4891/4891 427/4892/4892 981/4893/4893
f 427/4894/4894 831/4895/4895 273/4896/4896
f 1095/4897/4897 1058/4898/4898 1371/4899/4899
f 1242/4900/4900 1207/4901/4901 223/4902/4902
f 833/4903/4903 473/4904/4904 651/4905/4905
f 473/4906/4906 833/4907/4907 249/4908/4908
f 235/4909/4909 478/4910/4910 1068/4911/4911
f 1352/4912/4912 1373/4913/4913 1073/4914/4914
f 1430/4915/4915 1352/4916/4916 834/4917/4917
f 1296/4918/4918 1108/4919/4919 1045/4920/4920
f 28/4921/4921 835/4922/4922 428/4923/4923
f 836/4924/4924 1047/4925/4925 276/4926/4926
f 836/4927/4927 276/4928/4928 742/4929/4929
f 837/4930/4930 620/4931/4931 819/4932/4932
f 620/4933/4933 837/4934/4934 564/4935/4935
f 838/4936/4936 509/4937/4937 801/4938/4938
f 509/4939/4939 838/4940/4940 341/4941/4941
f 1091/4942/4942 183/4943/4943 1067/4944/4944
f 839/4945/4945 991/4946/4946 325/4947/4947
f 1418/4948/4948 1373/4949/4949 550/4950/4950
f 1402/4951/4951 1372/4952/4952 1225/4953/4953
f 1211/4954/4954 1143/4955/4955 995/4956/4956
f 88/4957/4957 637/4958/4958 841/4959/4959
f 1272/4960/4960 1381/4961/4961 1135/4962/4962
f 1381/4963/4963 1272/4964/4964 1369/4965/4965
f 843/4966/4966 383/4967/4967 615/4968/4968
f 383/4969/4969 843/4970/4970 157/4971/4971
f 1127/4972/4972 944/4973/4973 1319/4974/4974
f 1115/4975/4975 844/4976/4976 200/4977/4977
f 466/4978/4978 845/4979/4979 282/4980/4980
f 845/4981/4981 466/4982/4982 775/4983/4983
f 1188/4984/4984 1127/4985/4985 405/4986/4986
f 846/4987/4987 282/4988/4988 845/4989/4989
f 282/4990/4990 846/4991/4991 408/4992/4992
f 847/4993/4993 12/4994/4994 600/4995/4995
f 12/4996/4996 847/4997/4997 170/4998/4998
f 848/4999/4999 311/5000/5000 977/5001/5001
f 311/5002/5002 848/5003/5003 504/5004/5004
f 849/5005/5005 249/5006/5006 833/5007/5007
f 249/5008/5008 849/5009/5009 479/5010/5010
f 504/5011/5011 850/5012/5012 222/5013/5013
f 850/5014/5014 504/5015/5015 848/5016/5016
f 115/5017/5017 851/5018/5018 463/5019/5019
f 851/5020/5020 115/5021/5021 821/5022/5022
f 852/5023/5023 245/5024/5024 791/5025/5025
f 245/5026/5026 852/5027/5027 546/5028/5028
f 853/5029/5029 463/5030/5030 851/5031/5031
f 463/5032/5032 853/5033/5033 315/5034/5034
f 952/5035/5035 1185/5036/5036 854/5037/5037
f 520/5038/5038 854/5039/5039 177/5040/5040
f 640/5041/5041 855/5042/5042 431/5043/5043
f 855/5044/5044 640/5045/5045 1117/5046/5046
f 1174/5047/5047 1130/5048/5048 1023/5049/5049
f 891/5050/5050 856/5051/5051 343/5052/5052
f 857/5053/5053 1084/5054/5054 1109/5055/5055
f 1031/5056/5056 635/5057/5057 857/5058/5058
f 148/5059/5059 858/5060/5060 442/5061/5061
f 858/5062/5062 148/5063/5063 973/5064/5064
f 147/5065/5065 896/5066/5066 1079/5067/5067
f 1079/5068/5068 1169/5069/5069 147/5070/5070
f 1172/5071/5071 1150/5072/5072 1020/5073/5073
f 95/5074/5074 860/5075/5075 632/5076/5076
f 1059/5077/5077 128/5078/5078 949/5079/5079
f 128/5080/5080 1059/5081/5081 447/5082/5082
f 1433/5083/5083 1360/5084/5084 545/5085/5085
f 1346/5086/5086 1400/5087/5087 862/5088/5088
f 1192/5089/5089 1090/5090/5090 402/5091/5091
f 631/5092/5092 863/5093/5093 385/5094/5094
f 1077/5095/5095 1420/5096/5096 1173/5097/5097
f 864/5098/5098 913/5099/5099 658/5100/5100
f 865/5101/5101 1294/5102/5102 93/5103/5103
f 93/5104/5104 513/5105/5105 865/5106/5106
f 1233/5107/5107 1330/5108/5108 496/5109/5109
f 1330/5110/5110 1233/5111/5111 497/5112/5112
f 1299/5113/5113 1386/5114/5114 1227/5115/5115
f 617/5116/5116 946/5117/5117 867/5118/5118
f 868/5119/5119 382/5120/5120 1331/5121/5121
f 382/5122/5122 868/5123/5123 493/5124/5124
f 23/5125/5125 657/5126/5126 365/5127/5127
f 611/5128/5128 869/5129/5129 510/5130/5130
f 869/5131/5131 611/5132/5132 90/5133/5133
f 1054/5134/5134 860/5135/5135 1062/5136/5136
f 870/5137/5137 992/5138/5138 385/5139/5139
f 871/5140/5140 485/5141/5141 995/5142/5142
f 485/5143/5143 871/5144/5144 156/5145/5145
f 872/5146/5146 271/5147/5147 998/5148/5148
f 271/5149/5149 872/5150/5150 346/5151/5151
f 426/5152/5152 873/5153/5153 17/5154/5154
f 873/5155/5155 426/5156/5156 878/5157/5157
f 874/5158/5158 243/5159/5159 277/5160/5160
f 277/5161/5161 540/5162/5162 874/5163/5163
f 875/5164/5164 468/5165/5165 968/5166/5166
f 468/5167/5167 875/5168/5168 272/5169/5169
f 876/5170/5170 273/5171/5171 1158/5172/5172
f 273/5173/5173 876/5174/5174 427/5175/5175
f 636/5176/5176 877/5177/5177 355/5178/5178
f 877/5179/5179 636/5180/5180 1220/5181/5181
f 878/5182/5182 145/5183/5183 1005/5184/5184
f 145/5185/5185 878/5186/5186 426/5187/5187
f 1379/5188/5188 1359/5189/5189 782/5190/5190
f 268/5191/5191 879/5192/5192 400/5193/5193
f 880/5194/5194 574/5195/5195 764/5196/5196
f 574/5197/5197 880/5198/5198 182/5199/5199
f 881/5200/5200 1003/5201/5201 181/5202/5202
f 181/5203/5203 935/5204/5204 881/5205/5205
f 590/5206/5206 882/5207/5207 565/5208/5208
f 882/5209/5209 590/5210/5210 1216/5211/5211
f 1193/5212/5212 1243/5213/5213 883/5214/5214
f 883/5215/5215 308/5216/5216 1034/5217/5217
f 374/5218/5218 884/5219/5219 125/5220/5220
f 884/5221/5221 374/5222/5222 886/5223/5223
f 1357/5224/5224 1281/5225/5225 609/5226/5226
f 1281/5227/5227 1396/5228/5228 199/5229/5229
f 886/5230/5230 56/5231/5231 958/5232/5232
f 56/5233/5233 886/5234/5234 374/5235/5235
f 887/5236/5236 167/5237/5237 1195/5238/5238
f 167/5239/5239 887/5240/5240 391/5241/5241
f 888/5242/5242 989/5243/5243 675/5244/5244
f 675/5245/5245 981/5246/5246 888/5247/5247
f 813/5248/5248 1008/5249/5249 1424/5250/5250
f 889/5251/5251 629/5252/5252 1053/5253/5253
f 415/5254/5254 890/5255/5255 188/5256/5256
f 890/5257/5257 415/5258/5258 990/5259/5259
f 1098/5260/5260 523/5261/5261 1434/5262/5262
f 1100/5263/5263 891/5264/5264 894/5265/5265
f 892/5266/5266 1339/5267/5267 305/5268/5268
f 1339/5269/5269 892/5270/5270 1315/5271/5271
f 1408/5272/5272 1227/5273/5273 1386/5274/5274
f 1115/5275/5275 893/5276/5276 587/5277/5277
f 894/5278/5278 1119/5279/5279 1100/5280/5280
f 1119/5281/5281 894/5282/5282 1341/5283/5283
f 369/5284/5284 895/5285/5285 713/5286/5286
f 895/5287/5287 369/5288/5288 1118/5289/5289
f 615/5290/5290 896/5291/5291 843/5292/5292
f 896/5293/5293 615/5294/5294 859/5295/5295
f 897/5296/5296 191/5297/5297 1184/5298/5298
f 191/5299/5299 897/5300/5300 633/5301/5301
f 898/5302/5302 285/5303/5303 1073/5304/5304
f 285/5305/5305 898/5306/5306 1139/5307/5307
f 342/5308/5308 899/5309/5309 1224/5310/5310
f 899/5311/5311 342/5312/5312 1168/5313/5313
f 1396/5314/5314 1397/5315/5315 596/5316/5316
f 900/5317/5317 512/5318/5318 1044/5319/5319
f 989/5320/5320 512/5321/5321 900/5322/5322
f 1412/5323/5323 1361/5324/5324 125/5325/5325
f 901/5326/5326 125/5327/5327 884/5328/5328
f 588/5329/5329 902/5330/5330 194/5331/5331
f 773/5332/5332 194/5333/5333 902/5334/5334
f 239/5335/5335 903/5336/5336 429/5337/5337
f 903/5338/5338 239/5339/5339 962/5340/5340
f 1399/5341/5341 1350/5342/5342 1297/5343/5343
f 904/5344/5344 1152/5345/5345 317/5346/5346
f 905/5347/5347 445/5348/5348 827/5349/5349
f 445/5350/5350 905/5351/5351 359/5352/5352
f 906/5353/5353 188/5354/5354 890/5355/5355
f 188/5356/5356 906/5357/5357 397/5358/5358
f 1063/5359/5359 1186/5360/5360 1427/5361/5361
f 907/5362/5362 623/5363/5363 928/5364/5364
f 908/5365/5365 400/5366/5366 622/5367/5367
f 400/5368/5368 908/5369/5369 268/5370/5370
f 226/5371/5371 10/5372/5372 181/5373/5373
f 529/5374/5374 909/5375/5375 437/5376/5376
f 909/5377/5377 529/5378/5378 917/5379/5379
f 1251/5380/5380 1435/5381/5381 1116/5382/5382
f 1435/5383/5383 1251/5384/5384 1382/5385/5385
f 95/5386/5386 632/5387/5387 911/5388/5388
f 911/5389/5389 983/5390/5390 95/5391/5391
f 344/5392/5392 912/5393/5393 448/5394/5394
f 912/5395/5395 344/5396/5396 461/5397/5397
f 1138/5398/5398 187/5399/5399 1050/5400/5400
f 187/5401/5401 658/5402/5402 913/5403/5403
f 1110/5404/5404 1248/5405/5405 322/5406/5406
f 322/5407/5407 914/5408/5408 830/5409/5409
f 915/5410/5410 434/5411/5411 965/5412/5412
f 434/5413/5413 915/5414/5414 193/5415/5415
f 1149/5416/5416 759/5417/5417 304/5418/5418
f 304/5419/5419 1162/5420/5420 1149/5421/5421
f 1114/5422/5422 1066/5423/5423 567/5424/5424
f 917/5425/5425 567/5426/5426 909/5427/5427
f 1298/5428/5428 1417/5429/5429 224/5430/5430
f 1298/5431/5431 224/5432/5432 1335/5433/5433
f 208/5434/5434 919/5435/5435 1349/5436/5436
f 919/5437/5437 208/5438/5438 971/5439/5439
f 1244/5440/5440 1230/5441/5441 918/5442/5442
f 1368/5443/5443 1347/5444/5444 1439/5445/5445
f 1041/5446/5446 921/5447/5447 1235/5448/5448
f 921/5449/5449 927/5450/5450 639/5451/5451
f 922/5452/5452 440/5453/5453 826/5454/5454
f 440/5455/5455 922/5456/5456 284/5457/5457
f 923/5458/5458 636/5459/5459 551/5460/5460
f 551/5461/5461 703/5462/5462 923/5463/5463
f 924/5464/5464 429/5465/5465 903/5466/5466
f 429/5467/5467 924/5468/5468 107/5469/5469
f 635/5470/5470 1031/5471/5471 925/5472/5472
f 925/5473/5473 438/5474/5474 603/5475/5475
f 926/5476/5476 571/5477/5477 1275/5478/5478
f 571/5479/5479 926/5480/5480 392/5481/5481
f 1285/5482/5482 503/5483/5483 927/5484/5484
f 1320/5485/5485 927/5486/5486 503/5487/5487
f 1105/5488/5488 103/5489/5489 1091/5490/5490
f 928/5491/5491 325/5492/5492 907/5493/5493
f 1348/5494/5494 1275/5495/5495 627/5496/5496
f 1390/5497/5497 1342/5498/5498 1196/5499/5499
f 495/5500/5500 494/5501/5501 930/5502/5502
f 930/5503/5503 1131/5504/5504 495/5505/5505
f 623/5506/5506 1058/5507/5507 931/5508/5508
f 1242/5509/5509 223/5510/5510 1147/5511/5511
f 222/5512/5512 932/5513/5513 1243/5514/5514
f 932/5515/5515 222/5516/5516 850/5517/5517
f 1436/5518/5518 1433/5519/5519 1001/5520/5520
f 748/5521/5521 933/5522/5522 259/5523/5523
f 934/5524/5524 1123/5525/5525 363/5526/5526
f 363/5527/5527 1170/5528/5528 934/5529/5529
f 881/5530/5530 1229/5531/5531 1160/5532/5532
f 1229/5533/5533 1318/5534/5534 5/5535/5535
f 936/5536/5536 580/5537/5537 439/5538/5538
f 439/5539/5539 13/5540/5540 936/5541/5541
f 781/5542/5542 386/5543/5543 937/5544/5544
f 937/5545/5545 386/5546/5546 1306/5547/5547
f 550/5548/5548 1311/5549/5549 1418/5550/5550
f 752/5551/5551 938/5552/5552 122/5553/5553
f 603/5554/5554 20/5555/5555 939/5556/5556
f 939/5557/5557 1306/5558/5558 603/5559/5559
f 1326/5560/5560 1200/5561/5561 214/5562/5562
f 214/5563/5563 940/5564/5564 358/5565/5565
f 1076/5566/5566 941/5567/5567 544/5568/5568
f 1009/5569/5569 544/5570/5570 941/5571/5571
f 151/5572/5572 234/5573/5573 267/5574/5574
f 942/5575/5575 935/5576/5576 73/5577/5577
f 73/5578/5578 281/5579/5579 942/5580/5580
f 80/5581/5581 324/5582/5582 1160/5583/5583
f 1219/5584/5584 1246/5585/5585 943/5586/5586
f 943/5587/5587 654/5588/5588 950/5589/5589
f 944/5590/5590 200/5591/5591 844/5592/5592
f 944/5593/5593 715/5594/5594 200/5595/5595
f 177/5596/5596 945/5597/5597 825/5598/5598
f 945/5599/5599 177/5600/5600 854/5601/5601
f 1176/5602/5602 207/5603/5603 1104/5604/5604
f 946/5605/5605 617/5606/5606 306/5607/5607
f 480/5608/5608 947/5609/5609 236/5610/5610
f 947/5611/5611 480/5612/5612 978/5613/5613
f 948/5614/5614 709/5615/5615 967/5616/5616
f 709/5617/5617 948/5618/5618 614/5619/5619
f 65/5620/5620 402/5621/5621 1090/5622/5622
f 949/5623/5623 442/5624/5624 858/5625/5625
f 442/5626/5626 949/5627/5627 128/5628/5628
f 950/5629/5629 470/5630/5630 943/5631/5631
f 470/5632/5632 950/5633/5633 246/5634/5634
f 1254/5635/5635 1247/5636/5636 215/5637/5637
f 215/5638/5638 951/5639/5639 546/5640/5640
f 952/5641/5641 1044/5642/5642 1064/5643/5643
f 854/5644/5644 520/5645/5645 952/5646/5646
f 953/5647/5647 809/5648/5648 189/5649/5649
f 953/5650/5650 189/5651/5651 1018/5652/5652
f 1/5653/5653 954/5654/5654 390/5655/5655
f 1/5656/5656 436/5657/5657 954/5658/5658
f 1407/5659/5659 1439/5660/5660 1347/5661/5661
f 955/5662/5662 232/5663/5663 1146/5664/5664
f 1403/5665/5665 1371/5666/5666 1058/5667/5667
f 956/5668/5668 532/5669/5669 1377/5670/5670
f 957/5671/5671 701/5672/5672 979/5673/5673
f 701/5674/5674 957/5675/5675 601/5676/5676
f 446/5677/5677 958/5678/5678 56/5679/5679
f 958/5680/5680 446/5681/5681 988/5682/5682
f 378/5683/5683 959/5684/5684 584/5685/5685
f 959/5686/5686 378/5687/5687 1203/5688/5688
f 424/5689/5689 960/5690/5690 146/5691/5691
f 960/5692/5692 424/5693/5693 1051/5694/5694
f 961/5695/5695 1237/5696/5696 398/5697/5697
f 398/5698/5698 630/5699/5699 961/5700/5700
f 962/5701/5701 433/5702/5702 1042/5703/5703
f 433/5704/5704 962/5705/5705 239/5706/5706
f 1083/5707/5707 668/5708/5708 1086/5709/5709
f 668/5710/5710 232/5711/5711 963/5712/5712
f 1209/5713/5713 122/5714/5714 1096/5715/5715
f 964/5716/5716 122/5717/5717 938/5718/5718
f 1319/5719/5719 422/5720/5720 1127/5721/5721
f 97/5722/5722 965/5723/5723 434/5724/5724
f 965/5725/5725 97/5726/5726 1071/5727/5727
f 966/5728/5728 278/5729/5729 970/5730/5730
f 278/5731/5731 966/5732/5732 459/5733/5733
f 967/5734/5734 315/5735/5735 948/5736/5736
f 315/5737/5737 967/5738/5738 463/5739/5739
f 213/5740/5740 968/5741/5741 468/5742/5742
f 968/5743/5743 213/5744/5744 1183/5745/5745
f 713/5746/5746 969/5747/5747 472/5748/5748
f 1045/5749/5749 472/5750/5750 969/5751/5751
f 441/5752/5752 970/5753/5753 278/5754/5754
f 970/5755/5755 441/5756/5756 727/5757/5757
f 459/5758/5758 971/5759/5759 208/5760/5760
f 971/5761/5761 459/5762/5762 966/5763/5763
f 1224/5764/5764 972/5765/5765 1113/5766/5766
f 972/5767/5767 1224/5768/5768 899/5769/5769
f 973/5770/5770 428/5771/5771 835/5772/5772
f 428/5773/5773 973/5774/5774 148/5775/5775
f 481/5776/5776 974/5777/5777 1038/5778/5778
f 974/5779/5779 481/5780/5780 1000/5781/5781
f 1310/5782/5782 1178/5783/5783 1016/5784/5784
f 357/5785/5785 975/5786/5786 1303/5787/5787
f 976/5788/5788 448/5789/5789 912/5790/5790
f 448/5791/5791 976/5792/5792 376/5793/5793
f 525/5794/5794 977/5795/5795 311/5796/5796
f 977/5797/5797 525/5798/5798 861/5799/5799
f 978/5800/5800 267/5801/5801 234/5802/5802
f 267/5803/5803 978/5804/5804 480/5805/5805
f 193/5806/5806 979/5807/5807 434/5808/5808
f 979/5809/5809 193/5810/5810 957/5811/5811
f 1078/5812/5812 1159/5813/5813 980/5814/5814
f 1210/5815/5815 1268/5816/5816 316/5817/5817
f 981/5818/5818 327/5819/5819 1028/5820/5820
f 327/5821/5821 981/5822/5822 427/5823/5823
f 260/5824/5824 37/5825/5825 483/5826/5826
f 1191/5827/5827 1175/5828/5828 123/5829/5829
f 259/5830/5830 982/5831/5831 748/5832/5832
f 1410/5833/5833 1173/5834/5834 1420/5835/5835
f 730/5836/5836 95/5837/5837 983/5838/5838
f 589/5839/5839 984/5840/5840 1262/5841/5841
f 984/5842/5842 589/5843/5843 1027/5844/5844
f 84/5845/5845 985/5846/5846 598/5847/5847
f 985/5848/5848 84/5849/5849 1021/5850/5850
f 1364/5851/5851 1212/5852/5852 298/5853/5853
f 298/5854/5854 986/5855/5855 85/5856/5856
f 987/5857/5857 602/5858/5858 1425/5859/5859
f 386/5860/5860 987/5861/5861 79/5862/5862
f 988/5863/5863 727/5864/5864 958/5865/5865
f 727/5866/5866 988/5867/5867 970/5868/5868
f 437/5869/5869 675/5870/5870 989/5871/5871
f 437/5872/5872 989/5873/5873 939/5874/5874
f 990/5875/5875 85/5876/5876 986/5877/5877
f 85/5878/5878 990/5879/5879 415/5880/5880
f 1393/5881/5881 1297/5882/5882 1350/5883/5883
f 659/5884/5884 325/5885/5885 991/5886/5886
f 992/5887/5887 1156/5888/5888 751/5889/5889
f 751/5890/5890 385/5891/5891 992/5892/5892
f 1290/5893/5893 707/5894/5894 1333/5895/5895
f 707/5896/5896 1290/5897/5897 492/5898/5898
f 1303/5899/5899 794/5900/5900 1273/5901/5901
f 794/5902/5902 1303/5903/5903 975/5904/5904
f 995/5905/5905 88/5906/5906 1211/5907/5907
f 88/5908/5908 995/5909/5909 485/5910/5910
f 996/5911/5911 155/5912/5912 1190/5913/5913
f 155/5914/5914 996/5915/5915 351/5916/5916
f 1250/5917/5917 1216/5918/5918 590/5919/5919
f 997/5920/5920 667/5921/5921 1164/5922/5922
f 321/5923/5923 606/5924/5924 1130/5925/5925
f 199/5926/5926 609/5927/5927 1281/5928/5928
f 536/5929/5929 147/5930/5930 1169/5931/5931
f 806/5932/5932 536/5933/5933 998/5934/5934
f 133/5935/5935 999/5936/5936 591/5937/5937
f 999/5938/5938 133/5939/5939 1276/5940/5940
f 753/5941/5941 1000/5942/5942 1378/5943/5943
f 1000/5944/5944 753/5945/5945 974/5946/5946
f 105/5947/5947 277/5948/5948 243/5949/5949
f 1419/5950/5950 1400/5951/5951 1062/5952/5952
f 545/5953/5953 1001/5954/5954 1433/5955/5955
f 300/5956/5956 1327/5957/5957 1038/5958/5958
f 1327/5959/5959 300/5960/5960 1022/5961/5961
f 1003/5962/5962 881/5963/5963 389/5964/5964
f 389/5965/5965 4/5966/5966 1003/5967/5967
f 1004/5968/5968 1108/5969/5969 643/5970/5970
f 643/5971/5971 762/5972/5972 1004/5973/5973
f 447/5974/5974 1005/5975/5975 145/5976/5976
f 1005/5977/5977 447/5978/5978 1059/5979/5979
f 502/5980/5980 1006/5981/5981 1415/5982/5982
f 1006/5983/5983 502/5984/5984 1428/5985/5985
f 1007/5986/5986 587/5987/5987 893/5988/5988
f 587/5989/5989 1007/5990/5990 1244/5991/5991
f 1421/5992/5992 1008/5993/5993 1408/5994/5994
f 1421/5995/5995 1424/5996/5996 1008/5997/5997
f 1128/5998/5998 1093/5999/5999 1009/6000/6000
f 285/6001/6001 1009/6002/6002 834/6003/6003
f 1010/6004/6004 510/6005/6005 869/6006/6006
f 510/6007/6007 1010/6008/6008 269/6009/6009
f 1129/6010/6010 1049/6011/6011 1011/6012/6012
f 187/6013/6013 1011/6014/6014 658/6015/6015
f 1437/6016/6016 1364/6017/6017 642/6018/6018
f 1012/6019/6019 604/6020/6020 409/6021/6021
f 64/6022/6022 1287/6023/6023 420/6024/6024
f 1013/6025/6025 555/6026/6026 802/6027/6027
f 555/6028/6028 1013/6029/6029 182/6030/6030
f 515/6031/6031 1014/6032/6032 514/6033/6033
f 1014/6034/6034 515/6035/6035 1068/6036/6036
f 1278/6037/6037 1015/6038/6038 1392/6039/6039
f 1015/6040/6040 1278/6041/6041 842/6042/6042
f 263/6043/6043 1016/6044/6044 1178/6045/6045
f 1016/6046/6046 263/6047/6047 1087/6048/6048
f 1257/6049/6049 1406/6050/6050 1413/6051/6051
f 293/6052/6052 929/6053/6053 1017/6054/6054
f 1018/6055/6055 506/6056/6056 1024/6057/6057
f 506/6058/6058 1018/6059/6059 189/6060/6060
f 409/6061/6061 1019/6062/6062 1140/6063/6063
f 1019/6064/6064 409/6065/6065 604/6066/6066
f 860/6067/6067 1054/6068/6068 1020/6069/6069
f 1020/6070/6070 632/6071/6071 860/6072/6072
f 646/6073/6073 1021/6074/6074 84/6075/6075
f 1021/6076/6076 646/6077/6077 1132/6078/6078
f 1022/6079/6079 1259/6080/6080 1232/6081/6081
f 1259/6082/6082 1022/6083/6083 300/6084/6084
f 856/6085/6085 1053/6086/6086 1023/6087/6087
f 1023/6088/6088 343/6089/6089 856/6090/6090
f 507/6091/6091 1024/6092/6092 506/6093/6093
f 1024/6094/6094 507/6095/6095 728/6096/6096
f 746/6097/6097 1027/6098/6098 1025/6099/6099
f 1025/6100/6100 1126/6101/6101 746/6102/6102
f 1026/6103/6103 173/6104/6104 1241/6105/6105
f 173/6106/6106 1026/6107/6107 534/6108/6108
f 372/6109/6109 1027/6110/6110 589/6111/6111
f 1027/6112/6112 372/6113/6113 1114/6114/6114
f 619/6115/6115 1028/6116/6116 327/6117/6117
f 1028/6118/6118 619/6119/6119 314/6120/6120
f 1355/6121/6121 1372/6122/6122 705/6123/6123
f 705/6124/6124 502/6125/6125 1355/6126/6126
f 1030/6127/6127 462/6128/6128 1133/6129/6129
f 462/6130/6130 1030/6131/6131 987/6132/6132
f 1031/6133/6133 1126/6134/6134 438/6135/6135
f 438/6136/6136 925/6137/6137 1031/6138/6138
f 738/6139/6139 774/6140/6140 1032/6141/6141
f 1032/6142/6142 1332/6143/6143 738/6144/6144
f 698/6145/6145 1033/6146/6146 1228/6147/6147
f 1033/6148/6148 698/6149/6149 1252/6150/6150
f 1034/6151/6151 673/6152/6152 883/6153/6153
f 673/6154/6154 1034/6155/6155 1202/6156/6156
f 1035/6157/6157 346/6158/6158 1197/6159/6159
f 346/6160/6160 1035/6161/6161 271/6162/6162
f 762/6163/6163 263/6164/6164 1036/6165/6165
f 1036/6166/6166 1004/6167/6167 762/6168/6168
f 582/6169/6169 1037/6170/6170 391/6171/6171
f 1037/6172/6172 582/6173/6173 1124/6174/6174
f 522/6175/6175 1038/6176/6176 974/6177/6177
f 1038/6178/6178 522/6179/6179 300/6180/6180
f 662/6181/6181 1039/6182/6182 779/6183/6183
f 1039/6184/6184 662/6185/6185 1324/6186/6186
f 307/6187/6187 1040/6188/6188 579/6189/6189
f 1040/6190/6190 307/6191/6191 830/6192/6192
f 475/6193/6193 476/6194/6194 1041/6195/6195
f 1041/6196/6196 1257/6197/6197 475/6198/6198
f 1340/6199/6199 1253/6200/6200 1042/6201/6201
f 192/6202/6202 1042/6203/6203 433/6204/6204
f 1043/6205/6205 1/6206/6206 390/6207/6207
f 436/6208/6208 1/6209/6209 1043/6210/6210
f 1044/6211/6211 952/6212/6212 520/6213/6213
f 1044/6214/6214 520/6215/6215 937/6216/6216
f 1045/6217/6217 711/6218/6218 1296/6219/6219
f 711/6220/6220 1045/6221/6221 661/6222/6222
f 468/6223/6223 1046/6224/6224 213/6225/6225
f 1046/6226/6226 468/6227/6227 792/6228/6228
f 1047/6229/6229 1164/6230/6230 667/6231/6231
f 1070/6232/6232 610/6233/6233 1047/6234/6234
f 120/6235/6235 1048/6236/6236 185/6237/6237
f 1048/6238/6238 120/6239/6239 1096/6240/6240
f 172/6241/6241 174/6242/6242 1049/6243/6243
f 1049/6244/6244 1129/6245/6245 172/6246/6246
f 1050/6247/6247 913/6248/6248 1067/6249/6249
f 913/6250/6250 1050/6251/6251 187/6252/6252
f 1051/6253/6253 283/6254/6254 1205/6255/6255
f 283/6256/6256 1051/6257/6257 424/6258/6258
f 1270/6259/6259 1304/6260/6260 1052/6261/6261
f 792/6262/6262 1052/6263/6263 1046/6264/6264
f 1053/6265/6265 200/6266/6266 715/6267/6267
f 200/6268/6268 1053/6269/6269 629/6270/6270
f 1054/6271/6271 385/6272/6272 863/6273/6273
f 385/6274/6274 1054/6275/6275 870/6276/6276
f 1417/6277/6277 1398/6278/6278 594/6279/6279
f 594/6280/6280 224/6281/6281 1417/6282/6282
f 714/6283/6283 1056/6284/6284 633/6285/6285
f 1056/6286/6286 714/6287/6287 1159/6288/6288
f 1373/6289/6289 1352/6290/6290 840/6291/6291
f 840/6292/6292 550/6293/6293 1373/6294/6294
f 375/6295/6295 931/6296/6296 1058/6297/6297
f 1058/6298/6298 1095/6299/6299 375/6300/6300
f 861/6301/6301 1059/6302/6302 977/6303/6303
f 1059/6304/6304 861/6305/6305 1005/6306/6306
f 1060/6307/6307 895/6308/6308 1183/6309/6309
f 895/6310/6310 1060/6311/6311 969/6312/6312
f 527/6313/6313 1061/6314/6314 533/6315/6315
f 1061/6316/6316 527/6317/6317 1161/6318/6318
f 870/6319/6319 1062/6320/6320 1400/6321/6321
f 1062/6322/6322 870/6323/6323 1054/6324/6324
f 789/6325/6325 530/6326/6326 1380/6327/6327
f 1380/6328/6328 317/6329/6329 789/6330/6330
f 1064/6331/6331 314/6332/6332 952/6333/6333
f 314/6334/6334 1064/6335/6335 1028/6336/6336
f 1065/6337/6337 1376/6338/6338 1194/6339/6339
f 435/6340/6340 783/6341/6341 1065/6342/6342
f 1066/6343/6343 1158/6344/6344 273/6345/6345
f 273/6346/6346 567/6347/6347 1066/6348/6348
f 839/6349/6349 1067/6350/6350 913/6351/6351
f 1067/6352/6352 839/6353/6353 1091/6354/6354
f 1068/6355/6355 1070/6356/6356 836/6357/6357
f 1068/6358/6358 836/6359/6359 1014/6360/6360
f 168/6361/6361 1069/6362/6362 736/6363/6363
f 1069/6364/6364 168/6365/6365 1276/6366/6366
f 610/6367/6367 1070/6368/6368 477/6369/6369
f 478/6370/6370 477/6371/6371 1070/6372/6372
f 1071/6373/6373 358/6374/6374 940/6375/6375
f 358/6376/6376 1071/6377/6377 97/6378/6378
f 1360/6379/6379 1433/6380/6380 1072/6381/6381
f 1072/6382/6382 748/6383/6383 982/6384/6384
f 1073/6385/6385 834/6386/6386 1352/6387/6387
f 834/6388/6388 1073/6389/6389 285/6390/6390
f 1074/6391/6391 770/6392/6392 1036/6393/6393
f 770/6394/6394 1074/6395/6395 1107/6396/6396
f 1325/6397/6397 1349/6398/6398 1075/6399/6399
f 1075/6400/6400 378/6401/6401 1106/6402/6402
f 1076/6403/6403 697/6404/6404 1422/6405/6405
f 697/6406/6406 1076/6407/6407 306/6408/6408
f 1426/6409/6409 1077/6410/6410 1411/6411/6411
f 1426/6412/6412 1440/6413/6413 1077/6414/6414
f 809/6415/6415 953/6416/6416 1078/6417/6417
f 1078/6418/6418 1179/6419/6419 809/6420/6420
f 859/6421/6421 1079/6422/6422 896/6423/6423
f 1079/6424/6424 859/6425/6425 1369/6426/6426
f 530/6427/6427 789/6428/6428 1080/6429/6429
f 1080/6430/6430 885/6431/6431 530/6432/6432
f 1081/6433/6433 1277/6434/6434 1423/6435/6435
f 1277/6436/6436 1081/6437/6437 1144/6438/6438
f 1088/6439/6439 785/6440/6440 1082/6441/6441
f 1082/6442/6442 785/6443/6443 1332/6444/6444
f 1083/6445/6445 185/6446/6446 1048/6447/6447
f 185/6448/6448 1083/6449/6449 169/6450/6450
f 1084/6451/6451 857/6452/6452 635/6453/6453
f 635/6454/6454 1153/6455/6455 1084/6456/6456
f 933/6457/6457 1085/6458/6458 572/6459/6459
f 1011/6460/6460 572/6461/6461 1085/6462/6462
f 1086/6463/6463 963/6464/6464 1104/6465/6465
f 963/6466/6466 1086/6467/6467 668/6468/6468
f 1087/6469/6469 418/6470/6470 1016/6471/6471
f 418/6472/6472 1087/6473/6473 733/6474/6474
f 1088/6475/6475 602/6476/6476 785/6477/6477
f 602/6478/6478 1088/6479/6479 1153/6480/6480
f 1432/6481/6481 93/6482/6482 1294/6483/6483
f 1223/6484/6484 471/6485/6485 1089/6486/6486
f 631/6487/6487 1123/6488/6488 1090/6489/6489
f 1090/6490/6490 1192/6491/6491 631/6492/6492
f 1091/6493/6493 325/6494/6494 1105/6495/6495
f 325/6496/6496 1091/6497/6497 839/6498/6498
f 730/6499/6499 1092/6500/6500 95/6501/6501
f 860/6502/6502 95/6503/6503 1092/6504/6504
f 544/6505/6505 1009/6506/6506 1093/6507/6507
f 1093/6508/6508 1176/6509/6509 544/6510/6510
f 808/6511/6511 1230/6512/6512 1094/6513/6513
f 1094/6514/6514 1225/6515/6515 808/6516/6516
f 1095/6517/6517 1072/6518/6518 832/6519/6519
f 832/6520/6520 375/6521/6521 1095/6522/6522
f 1096/6523/6523 964/6524/6524 1048/6525/6525
f 964/6526/6526 1096/6527/6527 122/6528/6528
f 1200/6529/6529 1326/6530/6530 1097/6531/6531
f 1097/6532/6532 417/6533/6533 1234/6534/6534
f 523/6535/6535 1098/6536/6536 891/6537/6537
f 856/6538/6538 891/6539/6539 1098/6540/6540
f 1099/6541/6541 391/6542/6542 1037/6543/6543
f 391/6544/6544 1099/6545/6545 167/6546/6546
f 891/6547/6547 1100/6548/6548 523/6549/6549
f 1029/6550/6550 523/6551/6551 1100/6552/6552
f 1262/6553/6553 1101/6554/6554 589/6555/6555
f 1409/6556/6556 250/6557/6557 1389/6558/6558
f 1102/6559/6559 497/6560/6560 1233/6561/6561
f 497/6562/6562 1102/6563/6563 1143/6564/6564
f 1103/6565/6565 610/6566/6566 39/6567/6567
f 1103/6568/6568 39/6569/6569 1395/6570/6570
f 946/6571/6571 1104/6572/6572 963/6573/6573
f 1104/6574/6574 946/6575/6575 1176/6576/6576
f 1105/6577/6577 928/6578/6578 1147/6579/6579
f 928/6580/6580 1105/6581/6581 325/6582/6582
f 1106/6583/6583 736/6584/6584 1075/6585/6585
f 736/6586/6586 1106/6587/6587 168/6588/6588
f 713/6589/6589 1107/6590/6590 369/6591/6591
f 1107/6592/6592 713/6593/6593 770/6594/6594
f 28/6595/6595 643/6596/6596 1108/6597/6597
f 1108/6598/6598 1296/6599/6599 28/6600/6600
f 1109/6601/6601 1084/6602/6602 1256/6603/6603
f 1109/6604/6604 787/6605/6605 1328/6606/6606
f 774/6607/6607 738/6608/6608 1110/6609/6609
f 1110/6610/6610 1142/6611/6611 774/6612/6612
f 1111/6613/6613 661/6614/6614 533/6615/6615
f 661/6616/6616 1111/6617/6617 711/6618/6618
f 883/6619/6619 1112/6620/6620 1193/6621/6621
f 1112/6622/6622 883/6623/6623 673/6624/6624
f 641/6625/6625 1113/6626/6626 972/6627/6627
f 1113/6628/6628 641/6629/6629 1429/6630/6630
f 1025/6631/6631 1114/6632/6632 917/6633/6633
f 567/6634/6634 917/6635/6635 1114/6636/6636
f 200/6637/6637 629/6638/6638 1115/6639/6639
f 893/6640/6640 1115/6641/6641 629/6642/6642
f 1404/6643/6643 1223/6644/6644 1367/6645/6645
f 644/6646/6646 531/6647/6647 1116/6648/6648
f 1117/6649/6649 269/6650/6650 1010/6651/6651
f 269/6652/6652 1117/6653/6653 640/6654/6654
f 167/6655/6655 1118/6656/6656 369/6657/6657
f 1118/6658/6658 167/6659/6659 1099/6660/6660
f 630/6661/6661 1100/6662/6662 1119/6663/6663
f 1119/6664/6664 961/6665/6665 630/6666/6666
f 1120/6667/6667 304/6668/6668 756/6669/6669
f 304/6670/6670 1120/6671/6671 1162/6672/6672
f 742/6673/6673 1121/6674/6674 503/6675/6675
f 1121/6676/6676 742/6677/6677 276/6678/6678
f 1122/6679/6679 607/6680/6680 1340/6681/6681
f 607/6682/6682 1122/6683/6683 771/6684/6684
f 751/6685/6685 363/6686/6686 1123/6687/6687
f 1123/6688/6688 631/6689/6689 751/6690/6690
f 1246/6691/6691 1219/6692/6692 1124/6693/6693
f 1124/6694/6694 624/6695/6695 1037/6696/6696
f 496/6697/6697 1125/6698/6698 1233/6699/6699
f 1125/6700/6700 496/6701/6701 1284/6702/6702
f 373/6703/6703 746/6704/6704 1126/6705/6705
f 1126/6706/6706 1031/6707/6707 373/6708/6708
f 83/6709/6709 1127/6710/6710 422/6711/6711
f 83/6712/6712 405/6713/6713 1127/6714/6714
f 1139/6715/6715 1128/6716/6716 285/6717/6717
f 1009/6718/6718 285/6719/6719 1128/6720/6720
f 1138/6721/6721 1129/6722/6722 187/6723/6723
f 1011/6724/6724 187/6725/6725 1129/6726/6726
f 1130/6727/6727 1313/6728/6728 343/6729/6729
f 343/6730/6730 1023/6731/6731 1130/6732/6732
f 99/6733/6733 495/6734/6734 1131/6735/6735
f 99/6736/6736 1131/6737/6737 500/6738/6738
f 1132/6739/6739 526/6740/6740 1021/6741/6741
f 526/6742/6742 1132/6743/6743 341/6744/6744
f 1133/6745/6745 1248/6746/6746 425/6747/6747
f 1133/6748/6748 425/6749/6749 1030/6750/6750
f 758/6751/6751 1260/6752/6752 1134/6753/6753
f 1134/6754/6754 1210/6755/6755 758/6756/6756
f 133/6757/6757 1135/6758/6758 1155/6759/6759
f 1135/6760/6760 133/6761/6761 1272/6762/6762
f 911/6763/6763 1136/6764/6764 1152/6765/6765
f 1136/6766/6766 911/6767/6767 632/6768/6768
f 1137/6769/6769 310/6770/6770 238/6771/6771
f 238/6772/6772 226/6773/6773 1137/6774/6774
f 134/6775/6775 1138/6776/6776 71/6777/6777
f 134/6778/6778 94/6779/6779 1138/6780/6780
f 1139/6781/6781 1171/6782/6782 144/6783/6783
f 144/6784/6784 175/6785/6785 1139/6786/6786
f 294/6787/6787 1140/6788/6788 1019/6789/6789
f 1140/6790/6790 294/6791/6791 1141/6792/6792
f 1141/6793/6793 461/6794/6794 344/6795/6795
f 461/6796/6796 1141/6797/6797 294/6798/6798
f 1142/6799/6799 1216/6800/6800 392/6801/6801
f 392/6802/6802 774/6803/6803 1142/6804/6804
f 1143/6805/6805 1304/6806/6806 664/6807/6807
f 664/6808/6808 995/6809/6809 1143/6810/6810
f 1144/6811/6811 841/6812/6812 637/6813/6813
f 637/6814/6814 788/6815/6815 1144/6816/6816
f 899/6817/6817 1145/6818/6818 972/6819/6819
f 1145/6820/6820 899/6821/6821 1334/6822/6822
f 668/6823/6823 1146/6824/6824 232/6825/6825
f 668/6826/6826 1083/6827/6827 1146/6828/6828
f 931/6829/6829 1147/6830/6830 928/6831/6831
f 1147/6832/6832 931/6833/6833 1242/6834/6834
f 122/6835/6835 1148/6836/6836 752/6837/6837
f 1057/6838/6838 752/6839/6839 1148/6840/6840
f 1149/6841/6841 916/6842/6842 1294/6843/6843
f 916/6844/6844 1149/6845/6845 1162/6846/6846
f 632/6847/6847 1150/6848/6848 1136/6849/6849
f 632/6850/6850 1020/6851/6851 1150/6852/6852
f 1388/6853/6853 1344/6854/6854 1307/6855/6855
f 639/6856/6856 1320/6857/6857 1344/6858/6858
f 829/6859/6859 1152/6860/6860 1136/6861/6861
f 1152/6862/6862 829/6863/6863 1208/6864/6864
f 721/6865/6865 1153/6866/6866 1088/6867/6867
f 721/6868/6868 1084/6869/6869 1153/6870/6870
f 1120/6871/6871 1331/6872/6872 1154/6873/6873
f 1154/6874/6874 783/6875/6875 435/6876/6876
f 718/6877/6877 1155/6878/6878 1135/6879/6879
f 1155/6880/6880 718/6881/6881 622/6882/6882
f 363/6883/6883 751/6884/6884 1156/6885/6885
f 1156/6886/6886 700/6887/6887 363/6888/6888
f 1157/6889/6889 539/6890/6890 1282/6891/6891
f 539/6892/6892 1157/6893/6893 444/6894/6894
f 811/6895/6895 980/6896/6896 1158/6897/6897
f 1158/6898/6898 1066/6899/6899 811/6900/6900
f 316/6901/6901 980/6902/6902 1159/6903/6903
f 316/6904/6904 1159/6905/6905 714/6906/6906
f 1160/6907/6907 5/6908/6908 80/6909/6909
f 5/6910/6910 1160/6911/6911 1229/6912/6912
f 1161/6913/6913 213/6914/6914 1046/6915/6915
f 213/6916/6916 1161/6917/6917 527/6918/6918
f 916/6919/6919 1162/6920/6920 768/6921/6921
f 768/6922/6922 1162/6923/6923 1154/6924/6924
f 1163/6925/6925 771/6926/6926 1122/6927/6927
f 771/6928/6928 1163/6929/6929 1184/6930/6930
f 610/6931/6931 1103/6932/6932 1164/6933/6933
f 1164/6934/6934 1047/6935/6935 610/6936/6936
f 1286/6937/6937 1165/6938/6938 490/6939/6939
f 489/6940/6940 490/6941/6941 1165/6942/6942
f 1166/6943/6943 586/6944/6944 1065/6945/6945
f 586/6946/6946 1166/6947/6947 1245/6948/6948
f 726/6949/6949 211/6950/6950 1167/6951/6951
f 1167/6952/6952 706/6953/6953 726/6954/6954
f 1168/6955/6955 1254/6956/6956 722/6957/6957
f 722/6958/6958 796/6959/6959 1168/6960/6960
f 998/6961/6961 1169/6962/6962 872/6963/6963
f 1169/6964/6964 998/6965/6965 536/6966/6966
f 700/6967/6967 1353/6968/6968 1170/6969/6969
f 1170/6970/6970 363/6971/6971 700/6972/6972
f 898/6973/6973 1148/6974/6974 1171/6975/6975
f 1171/6976/6976 1139/6977/6977 898/6978/6978
f 1172/6979/6979 1192/6980/6980 595/6981/6981
f 595/6982/6982 381/6983/6983 1172/6984/6984
f 1411/6985/6985 864/6986/6986 1426/6987/6987
f 864/6988/6988 1411/6989/6989 991/6990/6990
f 1174/6991/6991 1188/6992/6992 593/6993/6993
f 593/6994/6994 321/6995/6995 1174/6996/6996
f 1175/6997/6997 1191/6998/6998 259/6999/6999
f 259/7000/7000 572/7001/7001 1175/7002/7002
f 306/7003/7003 1176/7004/7004 946/7005/7005
f 306/7006/7006 544/7007/7007 1176/7008/7008
f 1177/7009/7009 107/7010/7010 924/7011/7011
f 107/7012/7012 1177/7013/7013 499/7014/7014
f 1178/7015/7015 1310/7016/7016 357/7017/7017
f 357/7018/7018 1074/7019/7019 1178/7020/7020
f 1179/7021/7021 1314/7022/7022 930/7023/7023
f 930/7024/7024 809/7025/7025 1179/7026/7026
f 1180/7027/7027 1301/7028/7028 146/7029/7029
f 146/7030/7030 1039/7031/7031 1180/7032/7032
f 1412/7033/7033 1181/7034/7034 376/7035/7035
f 901/7036/7036 940/7037/7037 1181/7038/7038
f 533/7039/7039 1182/7040/7040 1111/7041/7041
f 1182/7042/7042 533/7043/7043 1061/7044/7044
f 1183/7045/7045 527/7046/7046 1060/7047/7047
f 527/7048/7048 1183/7049/7049 213/7050/7050
f 1184/7051/7051 699/7052/7052 897/7053/7053
f 699/7054/7054 1184/7055/7055 1163/7056/7056
f 1185/7057/7057 579/7058/7058 1040/7059/7059
f 579/7060/7060 1185/7061/7061 810/7062/7062
f 1370/7063/7063 1264/7064/7064 1438/7065/7065
f 1438/7066/7066 532/7067/7067 1370/7068/7068
f 284/7069/7069 1187/7070/7070 516/7071/7071
f 1187/7072/7072 284/7073/7073 922/7074/7074
f 715/7075/7075 944/7076/7076 1188/7077/7077
f 1188/7078/7078 1174/7079/7079 715/7080/7080
f 1209/7081/7081 1189/7082/7082 122/7083/7083
f 1148/7084/7084 122/7085/7085 1189/7086/7086
f 924/7087/7087 1190/7088/7088 1177/7089/7089
f 1190/7090/7090 924/7091/7091 996/7092/7092
f 1191/7093/7093 1207/7094/7094 982/7095/7095
f 982/7096/7096 259/7097/7097 1191/7098/7098
f 863/7099/7099 631/7100/7100 1192/7101/7101
f 1192/7102/7102 1172/7103/7103 863/7104/7104
f 769/7105/7105 222/7106/7106 1193/7107/7107
f 1193/7108/7108 1222/7109/7109 769/7110/7110
f 1065/7111/7111 1194/7112/7112 435/7113/7113
f 435/7114/7114 1194/7115/7115 531/7116/7116
f 1195/7117/7117 369/7118/7118 1107/7119/7119
f 369/7120/7120 1195/7121/7121 167/7122/7122
f 1196/7123/7123 984/7124/7124 746/7125/7125
f 746/7126/7126 373/7127/7127 1196/7128/7128
f 522/7129/7129 1197/7130/7130 1238/7131/7131
f 1197/7132/7132 522/7133/7133 1035/7134/7134
f 1334/7135/7135 1198/7136/7136 1145/7137/7137
f 17/7138/7138 654/7139/7139 1198/7140/7140
f 1199/7141/7141 538/7142/7142 733/7143/7143
f 538/7144/7144 1199/7145/7145 225/7146/7146
f 940/7147/7147 214/7148/7148 1200/7149/7149
f 1200/7150/7150 1181/7151/7151 940/7152/7152
f 1201/7153/7153 1333/7154/7154 707/7155/7155
f 192/7156/7156 743/7157/7157 1201/7158/7158
f 1202/7159/7159 305/7160/7160 673/7161/7161
f 305/7162/7162 1202/7163/7163 892/7164/7164
f 1203/7165/7165 1349/7166/7166 919/7167/7167
f 919/7168/7168 986/7169/7169 1203/7170/7170
f 587/7171/7171 1204/7172/7172 1115/7173/7173
f 1204/7174/7174 587/7175/7175 918/7176/7176
f 922/7177/7177 1205/7178/7178 1187/7179/7179
f 1205/7180/7180 922/7181/7181 1051/7182/7182
f 1206/7183/7183 191/7184/7184 1221/7185/7185
f 1206/7186/7186 1151/7187/7187 191/7188/7188
f 832/7189/7189 982/7190/7190 1207/7191/7191
f 1207/7192/7192 1242/7193/7193 832/7194/7194
f 613/7195/7195 1240/7196/7196 1208/7197/7197
f 613/7198/7198 1208/7199/7199 829/7200/7200
f 121/7201/7201 68/7202/7202 1209/7203/7203
f 121/7204/7204 1209/7205/7205 160/7206/7206
f 1210/7207/7207 1134/7208/7208 354/7209/7209
f 354/7210/7210 708/7211/7211 1210/7212/7212
f 841/7213/7213 1211/7214/7214 88/7215/7215
f 1211/7216/7216 841/7217/7217 1356/7218/7218
f 986/7219/7219 298/7220/7220 1212/7221/7221
f 1212/7222/7222 1203/7223/7223 986/7224/7224
f 38/7225/7225 1213/7226/7226 1266/7227/7227
f 1213/7228/7228 38/7229/7229 1338/7230/7230
f 16/7231/7231 761/7232/7232 1214/7233/7233
f 1214/7234/7234 1250/7235/7235 16/7236/7236
f 1215/7237/7237 673/7238/7238 305/7239/7239
f 673/7240/7240 1215/7241/7241 1112/7242/7242
f 1216/7243/7243 1250/7244/7244 997/7245/7245
f 997/7246/7246 392/7247/7247 1216/7248/7248
f 1217/7249/7249 622/7250/7250 718/7251/7251
f 622/7252/7252 1217/7253/7253 908/7254/7254
f 492/7255/7255 1218/7256/7256 1365/7257/7257
f 1218/7258/7258 492/7259/7259 1290/7260/7260
f 624/7261/7261 1124/7262/7262 1219/7263/7263
f 1219/7264/7264 1255/7265/7265 624/7266/7266
f 182/7267/7267 1220/7268/7268 636/7269/7269
f 1220/7270/7270 182/7271/7271 1013/7272/7272
f 1221/7273/7273 633/7274/7274 1056/7275/7275
f 633/7276/7276 1221/7277/7277 191/7278/7278
f 1222/7279/7279 1283/7280/7280 666/7281/7281
f 666/7282/7282 769/7283/7283 1222/7284/7284
f 1116/7285/7285 1223/7286/7286 644/7287/7287
f 644/7288/7288 1223/7289/7289 1089/7290/7290
f 729/7291/7291 1224/7292/7292 1337/7293/7293
f 1224/7294/7294 729/7295/7295 342/7296/7296
f 398/7297/7297 808/7298/7298 1225/7299/7299
f 1225/7300/7300 1231/7301/7301 398/7302/7302
f 1226/7303/7303 582/7304/7304 1271/7305/7305
f 582/7306/7306 1226/7307/7307 807/7308/7308
f 617/7309/7309 1416/7310/7310 697/7311/7311
f 1416/7312/7312 617/7313/7313 1387/7314/7314
f 803/7315/7315 1228/7316/7316 758/7317/7317
f 1228/7318/7318 803/7319/7319 698/7320/7320
f 1229/7321/7321 881/7322/7322 935/7323/7323
f 935/7324/7324 942/7325/7325 1229/7326/7326
f 920/7327/7327 1094/7328/7328 1230/7329/7329
f 1230/7330/7330 1244/7331/7331 920/7332/7332
f 1231/7333/7333 1029/7334/7334 630/7335/7335
f 630/7336/7336 398/7337/7337 1231/7338/7338
f 584/7339/7339 1232/7340/7340 1259/7341/7341
f 1232/7342/7342 584/7343/7343 959/7344/7344
f 575/7345/7345 1233/7346/7346 1125/7347/7347
f 1233/7348/7348 575/7349/7349 1102/7350/7350
f 1234/7351/7351 481/7352/7352 1374/7353/7353
f 481/7354/7354 1234/7355/7355 417/7356/7356
f 1344/7357/7357 1388/7358/7358 639/7359/7359
f 639/7360/7360 1235/7361/7361 921/7362/7362
f 1236/7363/7363 376/7364/7364 1181/7365/7365
f 376/7366/7366 1236/7367/7367 448/7368/7368
f 1237/7369/7369 1055/7370/7370 808/7371/7371
f 808/7372/7372 398/7373/7373 1237/7374/7374
f 1238/7375/7375 300/7376/7376 522/7377/7377
f 300/7378/7378 1238/7379/7379 1259/7380/7380
f 1239/7381/7381 1017/7382/7382 1383/7383/7383
f 1017/7384/7384 1239/7385/7385 293/7386/7386
f 1240/7387/7387 1080/7388/7388 789/7389/7389
f 789/7390/7390 1208/7391/7391 1240/7392/7392
f 509/7393/7393 1241/7394/7394 173/7395/7395
f 1241/7396/7396 509/7397/7397 1329/7398/7398
f 375/7399/7399 832/7400/7400 1242/7401/7401
f 375/7402/7402 1242/7403/7403 931/7404/7404
f 1243/7405/7405 1261/7406/7406 308/7407/7407
f 308/7408/7408 883/7409/7409 1243/7410/7410
f 414/7411/7411 920/7412/7412 1244/7413/7413
f 414/7414/7414 1244/7415/7415 1007/7416/7416
f 1245/7417/7417 1384/7418/7418 598/7419/7419
f 598/7420/7420 951/7421/7421 1245/7422/7422
f 1246/7423/7423 1198/7424/7424 654/7425/7425
f 654/7426/7426 943/7427/7427 1246/7428/7428
f 951/7429/7429 215/7430/7430 1247/7431/7431
f 1247/7432/7432 1245/7433/7433 951/7434/7434
f 1248/7435/7435 1133/7436/7436 914/7437/7437
f 914/7438/7438 322/7439/7439 1248/7440/7440
f 1249/7441/7441 1255/7442/7442 735/7443/7443
f 735/7444/7444 786/7445/7445 1249/7446/7446
f 667/7447/7447 997/7448/7448 1250/7449/7449
f 1250/7450/7450 1214/7451/7451 667/7452/7452
f 531/7453/7453 1251/7454/7454 1116/7455/7455
f 1194/7456/7456 1251/7457/7457 531/7458/7458
f 461/7459/7459 1405/7460/7460 912/7461/7461
f 1405/7462/7462 461/7463/7463 1282/7464/7464
f 1253/7465/7465 1340/7466/7466 607/7467/7467
f 607/7468/7468 276/7469/7469 1253/7470/7470
f 342/7471/7471 1322/7472/7472 1254/7473/7473
f 1254/7474/7474 1168/7475/7475 342/7476/7476
f 272/7477/7477 624/7478/7478 1255/7479/7479
f 1255/7480/7480 1249/7481/7481 272/7482/7482
f 787/7483/7483 1256/7484/7484 1082/7485/7485
f 1256/7486/7486 787/7487/7487 1109/7488/7488
f 265/7489/7489 1257/7490/7490 517/7491/7491
f 265/7492/7492 475/7493/7493 1257/7494/7494
f 1258/7495/7495 503/7496/7496 1121/7497/7497
f 503/7498/7498 1258/7499/7499 1320/7500/7500
f 1259/7501/7501 804/7502/7502 584/7503/7503
f 804/7504/7504 1259/7505/7505 1238/7506/7506
f 444/7507/7507 1260/7508/7508 539/7509/7509
f 1260/7510/7510 444/7511/7511 1324/7512/7512
f 1261/7513/7513 1296/7514/7514 711/7515/7515
f 711/7516/7516 308/7517/7517 1261/7518/7518
f 1101/7519/7519 1262/7520/7520 1354/7521/7521
f 1262/7522/7522 1342/7523/7523 293/7524/7524
f 1263/7525/7525 344/7526/7526 1269/7527/7527
f 344/7528/7528 1263/7529/7529 1141/7530/7530
f 907/7531/7531 659/7532/7532 1264/7533/7533
f 1264/7534/7534 1370/7535/7535 907/7536/7536
f 959/7537/7537 1265/7538/7538 1232/7539/7539
f 1265/7540/7540 959/7541/7541 1212/7542/7542
f 1266/7543/7543 765/7544/7544 842/7545/7545
f 765/7546/7546 1266/7547/7547 1213/7548/7548
f 604/7549/7549 1267/7550/7550 1019/7551/7551
f 1267/7552/7552 604/7553/7553 1301/7554/7554
f 1268/7555/7555 1158/7556/7556 980/7557/7557
f 980/7558/7558 316/7559/7559 1268/7560/7560
f 448/7561/7561 1269/7562/7562 344/7563/7563
f 1269/7564/7564 448/7565/7565 1236/7566/7566
f 1249/7567/7567 1270/7568/7568 792/7569/7569
f 1052/7570/7570 792/7571/7571 1270/7572/7572
f 641/7573/7573 1271/7574/7574 1343/7575/7575
f 1271/7576/7576 641/7577/7577 1226/7578/7578
f 1272/7579/7579 591/7580/7580 1321/7581/7581
f 591/7582/7582 1272/7583/7583 133/7584/7584
f 1273/7585/7585 547/7586/7586 1303/7587/7587
f 547/7588/7588 1273/7589/7589 1343/7590/7590
f 788/7591/7591 21/7592/7592 1274/7593/7593
f 1274/7594/7594 1144/7595/7595 788/7596/7596
f 929/7597/7597 627/7598/7598 1275/7599/7599
f 1275/7600/7600 1017/7601/7601 929/7602/7602
f 1276/7603/7603 799/7604/7604 999/7605/7605
f 799/7606/7606 1276/7607/7607 168/7608/7608
f 1277/7609/7609 696/7610/7610 1336/7611/7611
f 696/7612/7612 1277/7613/7613 1274/7614/7614
f 460/7615/7615 1278/7616/7616 1283/7617/7617
f 1278/7618/7618 460/7619/7619 1295/7620/7620
f 1279/7621/7621 1357/7622/7622 419/7623/7623
f 419/7624/7624 65/7625/7625 1279/7626/7626
f 524/7627/7627 1280/7628/7628 320/7629/7629
f 1280/7630/7630 524/7631/7631 1317/7632/7632
f 885/7633/7633 1080/7634/7634 1281/7635/7635
f 1281/7636/7636 1357/7637/7637 885/7638/7638
f 1033/7639/7639 1282/7640/7640 539/7641/7641
f 1282/7642/7642 1033/7643/7643 1405/7644/7644
f 2/7645/7645 666/7646/7646 1283/7647/7647
f 1283/7648/7648 1392/7649/7649 2/7650/7650
f 1284/7651/7651 892/7652/7652 1202/7653/7653
f 892/7654/7654 1284/7655/7655 496/7656/7656
f 1285/7657/7657 514/7658/7658 1014/7659/7659
f 514/7660/7660 1285/7661/7661 132/7662/7662
f 1409/7663/7663 1286/7664/7664 250/7665/7665
f 490/7666/7666 250/7667/7667 1286/7668/7668
f 1287/7669/7669 1397/7670/7670 613/7671/7671
f 1287/7672/7672 613/7673/7673 1385/7674/7674
f 1288/7675/7675 1308/7676/7676 955/7677/7677
f 955/7678/7678 938/7679/7679 1288/7680/7680
f 1289/7681/7681 1398/7682/7682 961/7683/7683
f 961/7684/7684 1119/7685/7685 1289/7686/7686
f 1333/7687/7687 1361/7688/7688 1290/7689/7689
f 1290/7690/7690 993/7691/7691 1218/7692/7692
f 698/7693/7693 1291/7694/7694 1292/7695/7695
f 1291/7696/7696 698/7697/7697 803/7698/7698
f 1292/7699/7699 897/7700/7700 699/7701/7701
f 897/7702/7702 1292/7703/7703 1291/7704/7704
f 1351/7705/7705 1432/7706/7706 1293/7707/7707
f 1293/7708/7708 471/7709/7709 1404/7710/7710
f 1089/7711/7711 1294/7712/7712 916/7713/7713
f 1294/7714/7714 1089/7715/7715 1432/7716/7716
f 1295/7717/7717 842/7718/7718 1278/7719/7719
f 842/7720/7720 1295/7721/7721 1266/7722/7722
f 835/7723/7723 28/7724/7724 1296/7725/7725
f 1296/7726/7726 1261/7727/7727 835/7728/7728
f 1391/7729/7729 904/7730/7730 1312/7731/7731
f 904/7732/7732 1391/7733/7733 983/7734/7734
f 918/7735/7735 1055/7736/7736 1298/7737/7737
f 918/7738/7738 1298/7739/7739 1204/7740/7740
f 1387/7741/7741 867/7742/7742 1308/7743/7743
f 867/7744/7744 1387/7745/7745 617/7746/7746
f 1300/7747/7747 409/7748/7748 1345/7749/7749
f 409/7750/7750 1300/7751/7751 1012/7752/7752
f 828/7753/7753 146/7754/7754 1301/7755/7755
f 1301/7756/7756 1437/7757/7757 828/7758/7758
f 1302/7759/7759 1164/7760/7760 1103/7761/7761
f 1302/7762/7762 1103/7763/7763 1383/7764/7764
f 994/7765/7765 1303/7766/7766 547/7767/7767
f 1303/7768/7768 994/7769/7769 357/7770/7770
f 1304/7771/7771 1270/7772/7772 53/7773/7773
f 53/7774/7774 664/7775/7775 1304/7776/7776
f 1305/7777/7777 469/7778/7778 1385/7779/7779
f 469/7780/7780 1305/7781/7781 381/7782/7782
f 386/7783/7783 79/7784/7784 1306/7785/7785
f 1306/7786/7786 79/7787/7787 603/7788/7788
f 1286/7789/7789 1409/7790/7790 1307/7791/7791
f 1307/7792/7792 1354/7793/7793 1388/7794/7794
f 232/7795/7795 955/7796/7796 1308/7797/7797
f 232/7798/7798 1308/7799/7799 867/7800/7800
f 1309/7801/7801 912/7802/7802 1405/7803/7803
f 912/7804/7804 1309/7805/7805 976/7806/7806
f 1310/7807/7807 1351/7808/7808 975/7809/7809
f 975/7810/7810 357/7811/7811 1310/7812/7812
f 938/7813/7813 752/7814/7814 1442/7815/7815
f 1442/7816/7816 1288/7817/7817 938/7818/7818
f 317/7819/7819 1380/7820/7820 1312/7821/7821
f 317/7822/7822 1312/7823/7823 904/7824/7824
f 894/7825/7825 343/7826/7826 1313/7827/7827
f 1313/7828/7828 1341/7829/7829 894/7830/7830
f 1131/7831/7831 930/7832/7832 1314/7833/7833
f 1131/7834/7834 1314/7835/7835 1363/7836/7836
f 1315/7837/7837 496/7838/7838 1330/7839/7839
f 496/7840/7840 1315/7841/7841 892/7842/7842
f 1316/7843/7843 998/7844/7844 271/7845/7845
f 271/7846/7846 753/7847/7847 1316/7848/7848
f 1317/7849/7849 225/7850/7850 1199/7851/7851
f 225/7852/7852 1317/7853/7853 524/7854/7854
f 942/7855/7855 387/7856/7856 1318/7857/7857
f 1318/7858/7858 1229/7859/7859 942/7860/7860
f 844/7861/7861 1319/7862/7862 944/7863/7863
f 1319/7864/7864 844/7865/7865 1335/7866/7866
f 191/7867/7867 1320/7868/7868 1258/7869/7869
f 191/7870/7870 1344/7871/7871 1320/7872/7872
f 1321/7873/7873 872/7874/7874 1169/7875/7875
f 872/7876/7876 1321/7877/7877 591/7878/7878
f 586/7879/7879 1322/7880/7880 1376/7881/7881
f 1322/7882/7882 586/7883/7883 1247/7884/7884
f 305/7885/7885 1323/7886/7886 1215/7887/7887
f 1323/7888/7888 305/7889/7889 1339/7890/7890
f 1324/7891/7891 1134/7892/7892 1260/7893/7893
f 1134/7894/7894 1324/7895/7895 662/7896/7896
f 573/7897/7897 208/7898/7898 1325/7899/7899
f 1325/7900/7900 1379/7901/7901 573/7902/7902
f 1326/7903/7903 1362/7904/7904 417/7905/7905
f 417/7906/7906 1097/7907/7907 1326/7908/7908
f 1327/7909/7909 1002/7910/7910 1374/7911/7911
f 1002/7912/7912 1327/7913/7913 1345/7914/7914
f 131/7915/7915 627/7916/7916 1328/7917/7917
f 787/7918/7918 131/7919/7919 1328/7920/7920
f 341/7921/7921 1329/7922/7922 509/7923/7923
f 1329/7924/7924 341/7925/7925 1132/7926/7926
f 866/7927/7927 1330/7928/7928 1356/7929/7929
f 1330/7930/7930 866/7931/7931 1315/7932/7932
f 783/7933/7933 1154/7934/7934 1331/7935/7935
f 1331/7936/7936 1384/7937/7937 783/7938/7938
f 425/7939/7939 738/7940/7940 1332/7941/7941
f 785/7942/7942 425/7943/7943 1332/7944/7944
f 1333/7945/7945 1201/7946/7946 743/7947/7947
f 743/7948/7948 569/7949/7949 1333/7950/7950
f 1198/7951/7951 1334/7952/7952 17/7953/7953
f 796/7954/7954 17/7955/7955 1334/7956/7956
f 1335/7957/7957 605/7958/7958 1319/7959/7959
f 605/7960/7960 1335/7961/7961 224/7962/7962
f 908/7963/7963 1336/7964/7964 696/7965/7965
f 1336/7966/7966 908/7967/7967 1217/7968/7968
f 1113/7969/7969 1337/7970/7970 1224/7971/7971
f 1337/7972/7972 1113/7973/7973 910/7974/7974
f 1338/7975/7975 822/7976/7976 1423/7977/7977
f 822/7978/7978 1338/7979/7979 38/7980/7980
f 1339/7981/7981 38/7982/7982 1323/7983/7983
f 38/7984/7984 1339/7985/7985 822/7986/7986
f 1201/7987/7987 1340/7988/7988 192/7989/7989
f 1042/7990/7990 192/7991/7991 1340/7992/7992
f 1341/7993/7993 1313/7994/7994 421/7995/7995
f 421/7996/7996 69/7997/7997 1341/7998/7998
f 1342/7999/7999 1390/8000/8000 929/8001/8001
f 929/8002/8002 293/8003/8003 1342/8004/8004
f 1343/8005/8005 887/8006/8006 547/8007/8007
f 887/8008/8008 1343/8009/8009 1271/8010/8010
f 1151/8011/8011 1307/8012/8012 1344/8013/8013
f 1344/8014/8014 191/8015/8015 1151/8016/8016
f 1022/8017/8017 1345/8018/8018 1327/8019/8019
f 1345/8020/8020 1022/8021/8021 1300/8022/8022
f 992/8023/8023 870/8024/8024 1346/8025/8025
f 1346/8026/8026 1377/8027/8027 992/8028/8028
f 1347/8029/8029 1368/8030/8030 414/8031/8031
f 1347/8032/8032 414/8033/8033 1386/8034/8034
f 1348/8035/8035 1375/8036/8036 1032/8037/8037
f 1032/8038/8038 926/8039/8039 1348/8040/8040
f 378/8041/8041 1075/8042/8042 1349/8043/8043
f 1349/8044/8044 1203/8045/8045 378/8046/8046
f 1350/8047/8047 1264/8048/8048 659/8049/8049
f 1350/8050/8050 659/8051/8051 1393/8052/8052
f 1432/8053/8053 1351/8054/8054 93/8055/8055
f 695/8056/8056 93/8057/8057 1351/8058/8058
f 705/8059/8059 840/8060/8060 1352/8061/8061
f 1352/8062/8062 1430/8063/8063 705/8064/8064
f 1353/8065/8065 1380/8066/8066 530/8067/8067
f 530/8068/8068 1170/8069/8069 1353/8070/8070
f 293/8071/8071 1354/8072/8072 1262/8073/8073
f 293/8074/8074 1388/8075/8075 1354/8076/8076
f 1355/8077/8077 1415/8078/8078 1029/8079/8079
f 1029/8080/8080 1231/8081/8081 1355/8082/8082
f 497/8083/8083 1356/8084/8084 1330/8085/8085
f 1356/8086/8086 497/8087/8087 1211/8088/8088
f 934/8089/8089 885/8090/8090 1357/8091/8091
f 1357/8092/8092 1279/8093/8093 934/8094/8094
f 1358/8095/8095 1402/8096/8096 1094/8097/8097
f 1094/8098/8098 920/8099/8099 1358/8100/8100
f 268/8101/8101 696/8102/8102 1359/8103/8103
f 1359/8104/8104 1379/8105/8105 268/8106/8106
f 1360/8107/8107 1371/8108/8108 862/8109/8109
f 862/8110/8110 545/8111/8111 1360/8112/8112
f 993/8113/8113 1290/8114/8114 1361/8115/8115
f 1361/8116/8116 1412/8117/8117 993/8118/8118
f 1362/8119/8119 1326/8120/8120 797/8121/8121
f 797/8122/8122 578/8123/8123 1362/8124/8124
f 500/8125/8125 1363/8126/8126 501/8127/8127
f 1363/8128/8128 500/8129/8129 1131/8130/8130
f 1012/8131/8131 1265/8132/8132 1364/8133/8133
f 1364/8134/8134 1437/8135/8135 1012/8136/8136
f 1365/8137/8137 699/8138/8138 492/8139/8139
f 699/8140/8140 1365/8141/8141 1292/8142/8142
f 1366/8143/8143 1196/8144/8144 373/8145/8145
f 1366/8146/8146 373/8147/8147 857/8148/8148
f 1116/8149/8149 1367/8150/8150 1223/8151/8151
f 1367/8152/8152 1116/8153/8153 1435/8154/8154
f 920/8155/8155 414/8156/8156 1368/8157/8157
f 1368/8158/8158 1358/8159/8159 920/8160/8160
f 1015/8161/8161 1369/8162/8162 859/8163/8163
f 1369/8164/8164 1015/8165/8165 1381/8166/8166
f 1370/8167/8167 1403/8168/8168 623/8169/8169
f 623/8170/8170 907/8171/8171 1370/8172/8172
f 956/8173/8173 862/8174/8174 1371/8175/8175
f 1371/8176/8176 1403/8177/8177 956/8178/8178
f 840/8179/8179 705/8180/8180 1372/8181/8181
f 1372/8182/8182 1402/8183/8183 840/8184/8184
f 1373/8185/8185 1418/8186/8186 1057/8187/8187
f 1057/8188/8188 1073/8189/8189 1373/8190/8190
f 1038/8191/8191 1374/8192/8192 481/8193/8193
f 1374/8194/8194 1038/8195/8195 1327/8196/8196
f 1375/8197/8197 1348/8198/8198 131/8199/8199
f 1375/8200/8200 131/8201/8201 787/8202/8202
f 729/8203/8203 1376/8204/8204 1322/8205/8205
f 1376/8206/8206 729/8207/8207 1382/8208/8208
f 1377/8209/8209 1394/8210/8210 1156/8211/8211
f 1156/8212/8212 992/8213/8213 1377/8214/8214
f 578/8215/8215 62/8216/8216 1378/8217/8217
f 1378/8218/8218 1362/8219/8219 578/8220/8220
f 1379/8221/8221 1325/8222/8222 879/8223/8223
f 879/8224/8224 268/8225/8225 1379/8226/8226
f 1063/8227/8227 1312/8228/8228 1380/8229/8229
f 1380/8230/8230 1353/8231/8231 1063/8232/8232
f 1381/8233/8233 842/8234/8234 765/8235/8235
f 842/8236/8236 1381/8237/8237 1015/8238/8238
f 1382/8239/8239 1194/8240/8240 1376/8241/8241
f 1194/8242/8242 1382/8243/8243 1251/8244/8244
f 571/8245/8245 1383/8246/8246 1017/8247/8247
f 1383/8248/8248 571/8249/8249 1302/8250/8250
f 1384/8251/8251 1331/8252/8252 382/8253/8253
f 382/8254/8254 598/8255/8255 1384/8256/8256
f 829/8257/8257 1385/8258/8258 613/8259/8259
f 1385/8260/8260 829/8261/8261 1305/8262/8262
f 1007/8263/8263 1386/8264/8264 414/8265/8265
f 1386/8266/8266 1007/8267/8267 1408/8268/8268
f 1387/8269/8269 1299/8270/8270 1416/8271/8271
f 1299/8272/8272 1387/8273/8273 1407/8274/8274
f 1235/8275/8275 639/8276/8276 1388/8277/8277
f 1388/8278/8278 293/8279/8279 1235/8280/8280
f 1389/8281/8281 1101/8282/8282 1409/8283/8283
f 1101/8284/8284 1389/8285/8285 1401/8286/8286
f 627/8287/8287 929/8288/8288 1390/8289/8289
f 1390/8290/8290 1328/8291/8291 627/8292/8292
f 1391/8293/8293 1297/8294/8294 1410/8295/8295
f 1297/8296/8296 1391/8297/8297 1399/8298/8298
f 615/8299/8299 2/8300/8300 1392/8301/8301
f 1392/8302/8302 859/8303/8303 615/8304/8304
f 991/8305/8305 1393/8306/8306 659/8307/8307
f 1393/8308/8308 991/8309/8309 1411/8310/8310
f 1394/8311/8311 1186/8312/8312 700/8313/8313
f 700/8314/8314 1156/8315/8315 1394/8316/8316
f 1395/8317/8317 518/8318/8318 1413/8319/8319
f 518/8320/8320 1395/8321/8321 39/8322/8322
f 1396/8323/8323 1281/8324/8324 1080/8325/8325
f 1080/8326/8326 1240/8327/8327 1396/8328/8328
f 403/8329/8329 596/8330/8330 1397/8331/8331
f 1397/8332/8332 1287/8333/8333 403/8334/8334
f 404/8335/8335 594/8336/8336 1398/8337/8337
f 1398/8338/8338 1289/8339/8339 404/8340/8340
f 1312/8341/8341 1063/8342/8342 1399/8343/8343
f 1312/8344/8344 1399/8345/8345 1391/8346/8346
f 545/8347/8347 862/8348/8348 1400/8349/8349
f 1400/8350/8350 1419/8351/8351 545/8352/8352
f 1401/8353/8353 589/8354/8354 1101/8355/8355
f 589/8356/8356 1401/8357/8357 372/8358/8358
f 1402/8359/8359 1358/8360/8360 550/8361/8361
f 550/8362/8362 840/8363/8363 1402/8364/8364
f 1403/8365/8365 1370/8366/8366 532/8367/8367
f 532/8368/8368 956/8369/8369 1403/8370/8370
f 1404/8371/8371 794/8372/8372 1293/8373/8373
f 794/8374/8374 1404/8375/8375 1414/8376/8376
f 1405/8377/8377 1252/8378/8378 1309/8379/8379
f 1252/8380/8380 1405/8381/8381 1033/8382/8382
f 1406/8383/8383 293/8384/8384 1239/8385/8385
f 1406/8386/8386 1235/8387/8387 293/8388/8388
f 1308/8389/8389 1288/8390/8390 1407/8391/8391
f 1308/8392/8392 1407/8393/8393 1387/8394/8394
f 1408/8395/8395 893/8396/8396 1421/8397/8397
f 893/8398/8398 1408/8399/8399 1007/8400/8400
f 1354/8401/8401 1409/8402/8402 1101/8403/8403
f 1354/8404/8404 1307/8405/8405 1409/8406/8406
f 983/8407/8407 1410/8408/8408 730/8409/8409
f 1410/8410/8410 983/8411/8411 1391/8412/8412
f 1411/8413/8413 1173/8414/8414 1393/8415/8415
f 1173/8416/8416 1411/8417/8417 1077/8418/8418
f 125/8419/8419 901/8420/8420 1412/8421/8421
f 1181/8422/8422 1412/8423/8423 901/8424/8424
f 1239/8425/8425 1413/8426/8426 1406/8427/8427
f 1413/8428/8428 1239/8429/8429 1395/8430/8430
f 1414/8431/8431 1273/8432/8432 794/8433/8433
f 1273/8434/8434 1414/8435/8435 1429/8436/8436
f 523/8437/8437 1029/8438/8438 1415/8439/8439
f 1415/8440/8440 1434/8441/8441 523/8442/8442
f 1227/8443/8443 1416/8444/8444 1299/8445/8445
f 1416/8446/8446 1227/8447/8447 1431/8448/8448
f 1417/8449/8449 1298/8450/8450 1055/8451/8451
f 1055/8452/8452 1237/8453/8453 1417/8454/8454
f 1418/8455/8455 1442/8456/8456 752/8457/8457
f 752/8458/8458 1057/8459/8459 1418/8460/8460
f 1419/8461/8461 1441/8462/8462 1001/8463/8463
f 1001/8464/8464 545/8465/8465 1419/8466/8466
f 1420/8467/8467 730/8468/8468 1410/8469/8469
f 1420/8470/8470 1441/8471/8471 730/8472/8472
f 629/8473/8473 1421/8474/8474 893/8475/8475
f 629/8476/8476 889/8477/8477 1421/8478/8478
f 813/8479/8479 1006/8480/8480 1422/8481/8481
f 1422/8482/8482 1431/8483/8483 813/8484/8484
f 866/8485/8485 1423/8486/8486 822/8487/8487
f 1423/8488/8488 866/8489/8489 1081/8490/8490
f 1424/8491/8491 1421/8492/8492 889/8493/8493
f 889/8494/8494 1098/8495/8495 1424/8496/8496
f 1425/8497/8497 79/8498/8498 987/8499/8499
f 1425/8500/8500 925/8501/8501 79/8502/8502
f 658/8503/8503 1426/8504/8504 864/8505/8505
f 658/8506/8506 1085/8507/8507 1426/8508/8508
f 1427/8509/8509 1438/8510/8510 1264/8511/8511
f 1264/8512/8512 1350/8513/8513 1427/8514/8514
f 1428/8515/8515 1430/8516/8516 941/8517/8517
f 941/8518/8518 1076/8519/8519 1428/8520/8520
f 910/8521/8521 1429/8522/8522 1414/8523/8523
f 1429/8524/8524 910/8525/8525 1113/8526/8526
f 502/8527/8527 705/8528/8528 1430/8529/8529
f 1430/8530/8530 1428/8531/8531 502/8532/8532
f 1431/8533/8533 697/8534/8534 1416/8535/8535
f 1431/8536/8536 1422/8537/8537 697/8538/8538
f 471/8539/8539 1293/8540/8540 1432/8541/8541
f 471/8542/8542 1432/8543/8543 1089/8544/8544
f 748/8545/8545 1072/8546/8546 1433/8547/8547
f 1433/8548/8548 1436/8549/8549 748/8550/8550
f 1006/8551/8551 813/8552/8552 1434/8553/8553
f 1434/8554/8554 1415/8555/8555 1006/8556/8556
f 1435/8557/8557 910/8558/8558 1367/8559/8559
f 910/8560/8560 1435/8561/8561 1337/8562/8562
f 933/8563/8563 748/8564/8564 1436/8565/8565
f 1436/8566/8566 1440/8567/8567 933/8568/8568
f 1437/8569/8569 1301/8570/8570 604/8571/8571
f 604/8572/8572 1012/8573/8573 1437/8574/8574
f 1438/8575/8575 1427/8576/8576 1186/8577/8577
f 1186/8578/8578 1394/8579/8579 1438/8580/8580
f 1288/8581/8581 1442/8582/8582 1439/8583/8583
f 1439/8584/8584 1407/8585/8585 1288/8586/8586
f 1440/8587/8587 1436/8588/8588 734/8589/8589
f 734/8590/8590 1077/8591/8591 1440/8592/8592
f 734/8593/8593 1001/8594/8594 1441/8595/8595
f 1441/8596/8596 1420/8597/8597 734/8598/8598
f 1311/8599/8599 1439/8600/8600 1442/8601/8601
f 1442/8602/8602 1418/8603/8603 1311/8604/8604
