# Blender 5.1.2
# www.blender.org
mtllib gary_pet.mtl
o Cylinder001_08_-_Default_0
v 135.498489 0.089462 0.000006
v 127.326920 0.089459 -25.726377
v 123.427818 2.881733 -25.245308
v 131.349152 2.881736 0.000006
v 126.797646 6.777514 0.000005
v 119.150810 6.777513 -23.667057
v 103.797852 0.089455 -48.349781
v 100.619278 2.881729 -47.445656
v 97.132637 6.777508 -44.479523
v 67.749229 0.089453 -65.141479
v 65.674568 2.881727 -63.923370
v 63.398819 6.777506 -59.927105
v 23.529057 0.089452 -74.076149
v 22.808531 2.881726 -72.690964
v 22.018173 6.777505 -68.146584
v -23.529076 0.089452 -74.076149
v -22.808552 2.881726 -72.690956
v -22.018194 6.777504 -68.146584
v -23.529076 0.089452 -74.076149
v -67.749252 0.089453 -65.141472
v -65.674583 2.881726 -63.923363
v -22.808552 2.881726 -72.690956
v -22.018194 6.777504 -68.146584
v -63.398838 6.777505 -59.927101
v -103.797859 0.089455 -48.349781
v -100.619293 2.881729 -47.445660
v -97.132637 6.777508 -44.479523
v -127.326927 0.089458 -25.726385
v -123.427818 2.881732 -25.245314
v -119.150833 6.777510 -23.667065
v -135.498474 0.089462 -0.000011
v -131.349152 2.881735 -0.000012
v -126.797646 6.777514 -0.000012
v -127.326927 0.089465 25.726362
v -123.427818 2.881739 25.245293
v -119.150810 6.777518 23.667044
v -103.797890 0.089468 48.349758
v -100.619308 2.881742 47.445641
v -97.132660 6.777521 44.479507
v -67.749290 0.089470 65.141457
v -65.674614 2.881744 63.923347
v -63.398865 6.777523 59.927086
v -23.529123 0.089472 74.076149
v -22.808596 2.881745 72.690956
v -22.018234 6.777524 68.146576
v 23.529001 0.089472 74.076164
v 22.808474 2.881746 72.690971
v 22.018118 6.777525 68.146591
v 67.749176 0.089471 65.141495
v 65.674507 2.881744 63.923386
v 63.398762 6.777523 59.927120
v 103.797806 0.089468 48.349815
v 100.619225 2.881742 47.445694
v 97.132591 6.777521 44.479553
v 127.326889 0.089465 25.726419
v 123.427795 2.881739 25.245350
v 119.150772 6.777518 23.667099
v 96.208969 -16.995602 -42.914471
v 118.017792 -14.774164 -22.834314
v 125.591888 -13.889328 0.000010
v 62.795933 -16.971306 -57.818516
v 21.808792 -16.177420 -65.748795
v -21.808819 -16.177420 -65.748787
v -62.795967 -16.971308 -57.818516
v -96.208977 -16.995602 -42.914474
v -118.017769 -14.774164 -22.834318
v -125.591888 -13.889328 -0.000008
v -118.017784 -14.774158 22.834303
v -96.209000 -16.995590 42.914463
v -62.795979 -16.971291 57.818497
v -21.808855 -16.177401 65.748779
v 21.808741 -16.177401 65.748787
v 62.795872 -16.971292 57.818535
v 96.208908 -16.995590 42.914509
v 118.017738 -14.774158 22.834351
v 119.150810 6.777513 -23.667057
v 112.591843 12.701376 -20.215172
v 119.817741 12.701379 0.000002
v 126.797646 6.777514 0.000005
v 95.945831 16.555771 -15.910831
v 102.103409 16.555773 0.000002
v 97.132637 6.777508 -44.479523
v 91.785713 12.701374 -37.992092
v 112.591843 12.701376 -20.215172
v 119.150810 6.777513 -23.667057
v 78.215759 16.555769 -29.902578
v 63.398819 6.777506 -59.927105
v 59.908863 12.701372 -51.186607
v 91.785713 12.701374 -37.992092
v 97.132637 6.777508 -44.479523
v 51.051704 16.555767 -40.287636
v 22.018173 6.777505 -68.146584
v 20.806124 12.701371 -58.207256
v 59.908863 12.701372 -51.186607
v 63.398819 6.777506 -59.927105
v 17.730062 16.555767 -45.813404
v -22.018194 6.777504 -68.146584
v -20.806145 12.701371 -58.207253
v 20.806124 12.701371 -58.207256
v 22.018173 6.777505 -68.146584
v -17.730085 16.555767 -45.813400
v -63.398838 6.777505 -59.927101
v -59.908871 12.701372 -51.186604
v -20.806145 12.701371 -58.207253
v -22.018194 6.777504 -68.146584
v -51.051720 16.555767 -40.287632
v -97.132637 6.777508 -44.479523
v -91.785713 12.701374 -37.992092
v -59.908871 12.701372 -51.186604
v -63.398838 6.777505 -59.927101
v -78.215744 16.555769 -29.902580
v -119.150833 6.777510 -23.667065
v -112.591850 12.701376 -20.215176
v -91.785713 12.701374 -37.992092
v -97.132637 6.777508 -44.479523
v -95.945816 16.555771 -15.910834
v -126.797646 6.777514 -0.000012
v -119.817741 12.701379 -0.000012
v -112.591850 12.701376 -20.215176
v -119.150833 6.777510 -23.667065
v -102.103409 16.555773 -0.000011
v -119.150810 6.777518 23.667044
v -112.591843 12.701382 20.215155
v -119.817741 12.701379 -0.000012
v -126.797646 6.777514 -0.000012
v -95.945816 16.555775 15.910815
v -97.132660 6.777521 44.479507
v -91.785728 12.701384 37.992077
v -112.591843 12.701382 20.215155
v -119.150810 6.777518 23.667044
v -78.215767 16.555777 29.902563
v -63.398865 6.777523 59.927086
v -59.908913 12.701385 51.186592
v -91.785728 12.701384 37.992077
v -97.132660 6.777521 44.479507
v -51.051739 16.555779 40.287617
v -22.018234 6.777524 68.146576
v -20.806181 12.701386 58.207249
v -59.908913 12.701385 51.186592
v -63.398865 6.777523 59.927086
v -17.730116 16.555779 45.813393
v 22.018118 6.777525 68.146591
v 20.806072 12.701386 58.207264
v -20.806181 12.701386 58.207249
v -22.018234 6.777524 68.146576
v 17.730019 16.555779 45.813400
v 63.398762 6.777523 59.927120
v 59.908810 12.701385 51.186619
v 20.806072 12.701386 58.207264
v 22.018118 6.777525 68.146591
v 51.051659 16.555779 40.287640
v 97.132591 6.777521 44.479553
v 91.785660 12.701384 37.992119
v 59.908810 12.701385 51.186619
v 63.398762 6.777523 59.927120
v 78.215714 16.555777 29.902596
v 119.150772 6.777518 23.667099
v 112.591805 12.701382 20.215202
v 91.785660 12.701384 37.992119
v 97.132591 6.777521 44.479553
v 95.945793 16.555775 15.910851
v 126.797646 6.777514 0.000005
v 119.817741 12.701379 0.000002
v 112.591805 12.701382 20.215202
v 119.150772 6.777518 23.667099
v 127.326920 0.089459 -25.726377
v 135.498489 0.089462 0.000006
v 141.271912 -2.523889 0.000007
v 132.752182 -2.523892 -25.886736
v 136.533478 -5.881594 -25.886736
v 132.752182 -2.523892 -25.886736
v 141.271912 -2.523889 0.000007
v 145.295883 -5.782047 0.000007
v 127.326889 0.089465 25.726419
v 132.752136 -2.523885 25.886778
v 132.752136 -2.523885 25.886778
v 136.533432 -5.881588 25.886778
v 103.797806 0.089468 48.349815
v 108.220505 -2.523882 48.651188
v 108.220505 -2.523882 48.651188
v 111.303032 -6.450036 48.651188
v 67.749176 0.089471 65.141495
v 70.635887 -2.523880 65.547539
v 70.635887 -2.523880 65.547539
v 72.647865 -6.355106 65.547531
v 23.529001 0.089472 74.076164
v 24.531542 -2.523879 74.537888
v 24.531542 -2.523879 74.537888
v 25.230295 -6.196648 74.537888
v -23.529123 0.089472 74.076149
v -24.531668 -2.523879 74.537872
v -24.531668 -2.523879 74.537872
v -25.230421 -6.196648 74.537872
v -67.749290 0.089470 65.141457
v -70.636002 -2.523880 65.547493
v -70.636002 -2.523880 65.547493
v -72.647987 -6.355106 65.547485
v -103.797890 0.089468 48.349758
v -108.220589 -2.523882 48.651134
v -108.220589 -2.523882 48.651134
v -111.303131 -6.450036 48.651127
v -127.326927 0.089465 25.726362
v -132.752182 -2.523885 25.886719
v -132.752182 -2.523885 25.886719
v -136.533478 -5.881588 25.886721
v -135.498474 0.089462 -0.000011
v -141.271912 -2.523889 -0.000011
v -141.271912 -2.523889 -0.000011
v -145.295883 -5.782047 -0.000010
v -127.326927 0.089458 -25.726385
v -132.752182 -2.523892 -25.886740
v -132.752182 -2.523892 -25.886740
v -136.533447 -5.881594 -25.886740
v -103.797859 0.089455 -48.349781
v -108.220566 -2.523895 -48.651150
v -108.220566 -2.523895 -48.651150
v -111.303101 -6.450049 -48.651150
v -67.749252 0.089453 -65.141472
v -70.635963 -2.523897 -65.547516
v -111.303101 -6.450049 -48.651150
v -108.220566 -2.523895 -48.651150
v -70.635963 -2.523897 -65.547516
v -72.647942 -6.355124 -65.547516
v -23.529076 0.089452 -74.076149
v -24.531626 -2.523899 -74.537872
v -24.531626 -2.523899 -74.537872
v -25.230377 -6.196667 -74.537872
v 23.529057 0.089452 -74.076149
v 24.531601 -2.523899 -74.537880
v 24.531601 -2.523899 -74.537880
v 25.230354 -6.196667 -74.537880
v 67.749229 0.089453 -65.141479
v 70.635948 -2.523897 -65.547523
v 70.635948 -2.523897 -65.547523
v 72.647934 -6.355124 -65.547523
v 103.797852 0.089455 -48.349781
v 108.220566 -2.523895 -48.651150
v 108.220566 -2.523895 -48.651150
v 111.303101 -6.450049 -48.651150
v 136.533478 -5.881594 -25.886736
v 145.295883 -5.782047 0.000007
v 144.196808 -10.508747 0.000008
v 135.500687 -10.906925 -25.886734
v 135.500687 -10.906925 -25.886734
v 144.196808 -10.508747 0.000008
v 136.533432 -5.881588 25.886778
v 135.500641 -10.906918 25.886780
v 135.500641 -10.906918 25.886780
v 111.303032 -6.450036 48.651188
v 110.461082 -13.180719 48.651188
v 110.461082 -13.180719 48.651188
v 111.303032 -6.450036 48.651188
v 72.647865 -6.355106 65.547531
v 72.098320 -12.801008 65.547539
v 110.461082 -13.180719 48.651188
v 72.098320 -12.801008 65.547539
v 25.230295 -6.196648 74.537888
v 25.039442 -12.167177 74.537888
v 25.039442 -12.167177 74.537888
v -25.230421 -6.196648 74.537872
v -25.039568 -12.167177 74.537872
v -25.039568 -12.167177 74.537872
v -72.647987 -6.355106 65.547485
v -72.098450 -12.801008 65.547493
v -72.098450 -12.801008 65.547493
v -111.303131 -6.450036 48.651127
v -110.461189 -13.180719 48.651131
v -110.461189 -13.180719 48.651131
v -111.303131 -6.450036 48.651127
v -136.533478 -5.881588 25.886721
v -135.500671 -10.906918 25.886721
v -110.461189 -13.180719 48.651131
v -135.500671 -10.906918 25.886721
v -145.295883 -5.782047 -0.000010
v -144.196808 -10.508747 -0.000010
v -144.196808 -10.508747 -0.000010
v -136.533447 -5.881594 -25.886740
v -135.500656 -10.906925 -25.886738
v -135.500656 -10.906925 -25.886738
v -111.303101 -6.450049 -48.651150
v -110.461166 -13.180733 -48.651154
v -110.461166 -13.180733 -48.651154
v -111.303101 -6.450049 -48.651150
v -72.647942 -6.355124 -65.547516
v -72.098419 -12.801025 -65.547516
v -110.461166 -13.180733 -48.651154
v -72.098419 -12.801025 -65.547516
v -25.230377 -6.196667 -74.537872
v -25.039526 -12.167198 -74.537880
v -25.039526 -12.167198 -74.537880
v 25.230354 -6.196667 -74.537880
v 25.039503 -12.167198 -74.537888
v 25.039503 -12.167198 -74.537888
v 72.647934 -6.355124 -65.547523
v 72.098389 -12.801025 -65.547523
v 72.098389 -12.801025 -65.547523
v 111.303101 -6.450049 -48.651150
v 110.461159 -13.180733 -48.651154
v 110.461159 -13.180733 -48.651154
v 111.303101 -6.450049 -48.651150
v 110.461159 -13.180733 -48.651154
v -0.000005 21.483997 -0.000003
v 102.504761 7.699779 19.167124
v 100.324974 91.858231 27.326433
v 100.747025 91.649620 29.710913
v 103.066704 7.422018 22.341961
v 100.886696 7.944039 16.375219
v 99.109718 92.041679 25.229559
v 98.407677 8.125335 14.302994
v 97.247833 92.177841 23.673201
v 95.366714 8.221801 13.200385
v 94.963905 92.250298 22.845081
v 97.247833 92.177841 23.673201
v 98.407677 8.125335 14.302994
v 92.130585 8.221801 13.200386
v 92.533394 92.250298 22.845081
v 89.089622 8.125335 14.302995
v 90.249466 92.177841 23.673201
v 86.610603 7.944039 16.375219
v 88.387581 92.041679 25.229559
v 90.249466 92.177841 23.673201
v 89.089622 8.125335 14.302995
v 84.992538 7.699779 19.167124
v 87.172325 91.858231 27.326433
v 84.430595 7.422018 22.341959
v 86.750275 91.649620 29.710913
v 84.992538 7.144256 25.516796
v 87.172325 91.441002 32.095390
v 86.610603 6.899996 28.308701
v 88.387581 91.257553 34.192261
v 89.089622 6.718700 30.380932
v 90.249458 91.121391 35.748619
v 92.130577 6.622234 31.483540
v 92.533394 91.048935 36.576740
v 90.249458 91.121391 35.748619
v 89.089622 6.718700 30.380932
v 95.366707 6.622234 31.483543
v 94.963905 91.048935 36.576744
v 98.407669 6.718699 30.380936
v 97.247833 91.121391 35.748623
v 100.886688 6.899995 28.308706
v 99.109711 91.257553 34.192268
v 97.247833 91.121391 35.748623
v 98.407669 6.718699 30.380936
v 102.504753 7.144255 25.516804
v 100.324966 91.441002 32.095394
v 100.886688 6.899995 28.308706
v 98.407669 6.718699 30.380936
v 95.366707 6.622234 31.483543
v 92.130577 6.622234 31.483540
v 89.089622 6.718700 30.380932
v 86.610603 6.899996 28.308701
v 84.992538 7.144256 25.516796
v 84.430595 7.422018 22.341959
v 84.992538 7.699779 19.167124
v 86.610603 7.944039 16.375219
v 89.089622 8.125335 14.302995
v 92.130585 8.221801 13.200386
v 95.366714 8.221801 13.200385
v 98.407677 8.125335 14.302994
v 100.886696 7.944039 16.375219
v 102.504761 7.699779 19.167124
v 103.066704 7.422018 22.341961
v 102.504753 7.144255 25.516804
v 102.504761 176.154938 33.905022
v 100.886696 176.399200 31.113117
v 98.407677 176.580505 29.040888
v 95.366714 176.676971 27.938280
v 92.130585 176.676971 27.938280
v 89.089622 176.580505 29.040890
v 86.610603 176.399200 31.113117
v 84.992538 176.154938 33.905022
v 84.430595 175.877167 37.079853
v 84.992538 175.599426 40.254692
v 86.610603 175.355164 43.046597
v 89.089622 175.173859 45.118824
v 92.130577 175.077393 46.221436
v 95.366707 175.077393 46.221436
v 98.407669 175.173859 45.118828
v 100.886688 175.355164 43.046604
v 102.504753 175.599426 40.254700
v 103.066704 175.877167 37.079857
v 102.504761 176.154938 33.905022
v 103.066704 175.877167 37.079857
v 100.886696 176.399200 31.113117
v 98.407677 176.580505 29.040888
v 95.366714 176.676971 27.938280
v 98.407677 176.580505 29.040888
v 92.130585 176.676971 27.938280
v 89.089622 176.580505 29.040890
v 86.610603 176.399200 31.113117
v 89.089622 176.580505 29.040890
v 84.992538 176.154938 33.905022
v 84.430595 175.877167 37.079853
v 84.992538 175.599426 40.254692
v 86.610603 175.355164 43.046597
v 89.089622 175.173859 45.118824
v 92.130577 175.077393 46.221436
v 89.089622 175.173859 45.118824
v 95.366707 175.077393 46.221436
v 98.407669 175.173859 45.118828
v 100.886688 175.355164 43.046604
v 98.407669 175.173859 45.118828
v 102.504753 175.599426 40.254700
v 102.504761 7.699774 -19.475676
v 103.066704 7.422012 -22.650513
v 100.747025 91.649605 -30.019484
v 100.324974 91.858231 -27.635004
v 100.886696 7.944034 -16.683771
v 99.109718 92.041679 -25.538130
v 98.407677 8.125331 -14.611544
v 97.247833 92.177841 -23.981771
v 95.366714 8.221797 -13.508935
v 98.407677 8.125331 -14.611544
v 97.247833 92.177841 -23.981771
v 94.963905 92.250298 -23.153652
v 92.130585 8.221797 -13.508936
v 92.533394 92.250298 -23.153652
v 89.089622 8.125331 -14.611545
v 90.249466 92.177841 -23.981771
v 86.610603 7.944034 -16.683771
v 89.089622 8.125331 -14.611545
v 90.249466 92.177841 -23.981771
v 88.387581 92.041679 -25.538130
v 84.992538 7.699774 -19.475676
v 87.172325 91.858231 -27.635004
v 84.430595 7.422012 -22.650511
v 86.750275 91.649605 -30.019484
v 84.992538 7.144249 -25.825348
v 87.172325 91.440987 -32.403961
v 86.610603 6.899989 -28.617249
v 88.387581 91.257538 -34.500832
v 89.089622 6.718692 -30.689480
v 90.249458 91.121376 -36.057190
v 92.130577 6.622226 -31.792088
v 89.089622 6.718692 -30.689480
v 90.249458 91.121376 -36.057190
v 92.533394 91.048920 -36.885311
v 95.366707 6.622226 -31.792091
v 94.963905 91.048920 -36.885315
v 98.407669 6.718691 -30.689484
v 97.247833 91.121376 -36.057194
v 100.886688 6.899988 -28.617254
v 98.407669 6.718691 -30.689484
v 97.247833 91.121376 -36.057194
v 99.109711 91.257538 -34.500839
v 102.504753 7.144248 -25.825356
v 100.324966 91.440987 -32.403965
v 103.066704 7.422012 -22.650513
v 102.504761 7.699774 -19.475676
v 100.886696 7.944034 -16.683771
v 98.407677 8.125331 -14.611544
v 95.366714 8.221797 -13.508935
v 92.130585 8.221797 -13.508936
v 89.089622 8.125331 -14.611545
v 86.610603 7.944034 -16.683771
v 84.992538 7.699774 -19.475676
v 84.430595 7.422012 -22.650511
v 84.992538 7.144249 -25.825348
v 86.610603 6.899989 -28.617249
v 89.089622 6.718692 -30.689480
v 92.130577 6.622226 -31.792088
v 95.366707 6.622226 -31.792091
v 98.407669 6.718691 -30.689484
v 100.886688 6.899988 -28.617254
v 102.504753 7.144248 -25.825356
v 102.504753 175.599426 -40.563293
v 100.886688 175.355164 -43.355198
v 98.407669 175.173859 -45.427422
v 95.366707 175.077393 -46.530029
v 92.130577 175.077393 -46.530029
v 89.089622 175.173859 -45.427418
v 86.610603 175.355164 -43.355190
v 84.992538 175.599426 -40.563286
v 84.430595 175.877167 -37.388451
v 84.992538 176.154938 -34.213615
v 86.610603 176.399200 -31.421711
v 89.089622 176.580505 -29.349485
v 92.130585 176.676971 -28.246874
v 95.366714 176.676971 -28.246874
v 98.407677 176.580505 -29.349483
v 100.886696 176.399200 -31.421711
v 102.504761 176.154938 -34.213615
v 103.066704 175.877167 -37.388454
v 102.504761 176.154938 -34.213615
v 103.066704 175.877167 -37.388454
v 100.886696 176.399200 -31.421711
v 98.407677 176.580505 -29.349483
v 95.366714 176.676971 -28.246874
v 98.407677 176.580505 -29.349483
v 92.130585 176.676971 -28.246874
v 89.089622 176.580505 -29.349485
v 86.610603 176.399200 -31.421711
v 89.089622 176.580505 -29.349485
v 84.992538 176.154938 -34.213615
v 84.430595 175.877167 -37.388451
v 84.992538 175.599426 -40.563286
v 86.610603 175.355164 -43.355190
v 89.089622 175.173859 -45.427418
v 92.130577 175.077393 -46.530029
v 89.089622 175.173859 -45.427418
v 95.366707 175.077393 -46.530029
v 98.407669 175.173859 -45.427422
v 100.886688 175.355164 -43.355198
v 98.407669 175.173859 -45.427422
v 102.504753 175.599426 -40.563293
vn 0.4781 0.8783 0.0017
vn 0.4595 0.8321 -0.3107
vn 0.5313 0.7676 -0.3585
vn 0.6004 0.7997 0.0017
vn 0.6463 0.7631 0.0051
vn 0.5347 0.7652 -0.3586
vn 0.3905 0.6855 -0.6145
vn 0.3836 0.7042 -0.5975
vn 0.3400 0.7803 -0.5249
vn 0.2561 0.4767 -0.8409
vn 0.2262 0.6467 -0.7284
vn 0.1804 0.7984 -0.5745
vn 0.0861 0.3325 -0.9392
vn 0.0741 0.6131 -0.7865
vn 0.0554 0.8092 -0.5848
vn -0.0879 0.3319 -0.9392
vn -0.0752 0.6135 -0.7861
vn -0.0574 0.8100 -0.5836
vn -0.2565 0.4740 -0.8424
vn -0.2264 0.6476 -0.7275
vn -0.0575 0.8100 -0.5836
vn -0.1809 0.8006 -0.5712
vn -0.3905 0.6819 -0.6185
vn -0.3823 0.7052 -0.5971
vn -0.3366 0.7840 -0.5216
vn -0.4599 0.8304 -0.3147
vn -0.5294 0.7681 -0.3602
vn -0.5280 0.7683 -0.3618
vn -0.4781 0.8783 -0.0017
vn -0.6004 0.7997 -0.0017
vn -0.6463 0.7631 -0.0051
vn -0.4595 0.8321 0.3107
vn -0.5313 0.7676 0.3585
vn -0.5347 0.7652 0.3586
vn -0.3905 0.6855 0.6145
vn -0.3836 0.7042 0.5975
vn -0.3400 0.7803 0.5249
vn -0.2561 0.4767 0.8409
vn -0.2262 0.6467 0.7284
vn -0.1804 0.7984 0.5745
vn -0.0861 0.3325 0.9392
vn -0.0741 0.6131 0.7865
vn -0.0554 0.8093 0.5848
vn 0.0879 0.3319 0.9392
vn 0.0752 0.6135 0.7861
vn 0.0575 0.8100 0.5836
vn 0.2565 0.4740 0.8424
vn 0.2264 0.6476 0.7275
vn 0.1809 0.8006 0.5712
vn 0.3905 0.6819 0.6185
vn 0.3823 0.7052 0.5971
vn 0.3366 0.7840 0.5216
vn 0.4599 0.8304 0.3147
vn 0.5294 0.7681 0.3602
vn 0.5280 0.7683 0.3618
vn 0.0747 -0.9943 -0.0763
vn 0.1522 -0.9876 -0.0396
vn 0.1029 -0.9947 0.0057
vn 0.0375 -0.9852 -0.1672
vn 0.0144 -0.9777 -0.2096
vn -0.0100 -0.9738 -0.2272
vn -0.0520 -0.9781 -0.2014
vn -0.0932 -0.9915 -0.0908
vn -0.1138 -0.9934 -0.0122
vn -0.1009 -0.9949 -0.0057
vn -0.1106 -0.9938 0.0125
vn -0.0920 -0.9919 0.0870
vn -0.0492 -0.9779 0.2033
vn -0.0111 -0.9736 0.2280
vn 0.0132 -0.9779 0.2088
vn 0.0403 -0.9854 0.1652
vn 0.0759 -0.9939 0.0801
vn 0.1554 -0.9871 0.0394
vn 0.3615 0.9006 -0.2412
vn 0.4301 0.9028 0.0038
vn 0.1252 0.9875 -0.0960
vn 0.1393 0.9902 -0.0014
vn 0.3400 0.7804 -0.5248
vn 0.2319 0.9012 -0.3661
vn 0.5346 0.7652 -0.3586
vn 0.0917 0.9827 -0.1608
vn 0.1218 0.9070 -0.4032
vn 0.3399 0.7804 -0.5249
vn 0.0539 0.9794 -0.1945
vn 0.0554 0.8093 -0.5848
vn 0.0373 0.9106 -0.4115
vn 0.0179 0.9780 -0.2076
vn -0.0392 0.9092 -0.4144
vn -0.0170 0.9782 -0.2068
vn -0.1809 0.8007 -0.5711
vn -0.1265 0.9031 -0.4103
vn -0.0393 0.9092 -0.4144
vn -0.0527 0.9799 -0.1924
vn -0.3365 0.7840 -0.5216
vn -0.2396 0.8963 -0.3732
vn -0.1266 0.9031 -0.4103
vn -0.1809 0.8007 -0.5712
vn -0.0901 0.9833 -0.1582
vn -0.5279 0.7683 -0.3618
vn -0.3667 0.8969 -0.2470
vn -0.1240 0.9879 -0.0932
vn -0.4301 0.9028 -0.0039
vn -0.3667 0.8970 -0.2470
vn -0.1393 0.9902 0.0014
vn -0.3615 0.9006 0.2412
vn -0.4301 0.9028 -0.0038
vn -0.1252 0.9875 0.0960
vn -0.3400 0.7804 0.5248
vn -0.2319 0.9012 0.3661
vn -0.5346 0.7652 0.3586
vn -0.0917 0.9827 0.1608
vn -0.1218 0.9070 0.4032
vn -0.3399 0.7804 0.5249
vn -0.0539 0.9794 0.1945
vn -0.0373 0.9106 0.4115
vn -0.0179 0.9780 0.2076
vn 0.0392 0.9092 0.4144
vn 0.0170 0.9782 0.2068
vn 0.1809 0.8007 0.5711
vn 0.1265 0.9031 0.4103
vn 0.0393 0.9092 0.4144
vn 0.0527 0.9799 0.1924
vn 0.3365 0.7840 0.5216
vn 0.2396 0.8963 0.3732
vn 0.1266 0.9031 0.4103
vn 0.0901 0.9833 0.1582
vn 0.5279 0.7683 0.3618
vn 0.3667 0.8969 0.2470
vn 0.1240 0.9879 0.0932
vn 0.4301 0.9028 0.0039
vn 0.4595 0.8321 -0.3106
vn 0.5264 0.8503 -0.0012
vn 0.5146 0.7785 -0.3595
vn 0.7877 0.3174 -0.5280
vn 0.5146 0.7784 -0.3595
vn 0.5264 0.8502 -0.0012
vn 0.9236 0.3833 -0.0035
vn 0.5114 0.7839 0.3521
vn 0.5115 0.7838 0.3522
vn 0.7912 0.3154 0.5239
vn 0.4435 0.5650 0.6957
vn 0.4436 0.5649 0.6958
vn 0.5355 0.1657 0.8281
vn 0.2565 0.4739 0.8424
vn 0.2861 0.3023 0.9093
vn 0.2861 0.3022 0.9093
vn 0.2996 0.0659 0.9518
vn 0.0960 0.1165 0.9885
vn 0.0955 0.0079 0.9954
vn -0.0861 0.3324 0.9392
vn -0.0955 0.1132 0.9890
vn -0.0955 0.1131 0.9890
vn -0.0969 0.0091 0.9953
vn -0.2561 0.4766 0.8410
vn -0.2855 0.2935 0.9123
vn -0.2855 0.2934 0.9124
vn -0.3009 0.0692 0.9511
vn -0.4464 0.5564 0.7009
vn -0.4464 0.5563 0.7009
vn -0.5379 0.1709 0.8255
vn -0.4595 0.8321 0.3106
vn -0.5146 0.7784 0.3595
vn -0.7877 0.3174 0.5280
vn -0.5264 0.8503 0.0012
vn -0.5264 0.8502 0.0012
vn -0.9236 0.3833 0.0035
vn -0.5114 0.7839 -0.3521
vn -0.5115 0.7838 -0.3522
vn -0.7912 0.3154 -0.5239
vn -0.4435 0.5650 -0.6957
vn -0.4436 0.5650 -0.6957
vn -0.5355 0.1656 -0.8281
vn -0.2565 0.4739 -0.8424
vn -0.2861 0.3023 -0.9093
vn -0.4436 0.5649 -0.6958
vn -0.2861 0.3022 -0.9093
vn -0.2996 0.0659 -0.9518
vn -0.0960 0.1165 -0.9885
vn -0.0955 0.0079 -0.9954
vn 0.0861 0.3324 -0.9392
vn 0.0955 0.1132 -0.9890
vn 0.0955 0.1131 -0.9890
vn 0.0969 0.0091 -0.9953
vn 0.2561 0.4766 -0.8410
vn 0.2855 0.2935 -0.9123
vn 0.2855 0.2934 -0.9124
vn 0.3009 0.0692 -0.9511
vn 0.4464 0.5564 -0.7009
vn 0.4464 0.5563 -0.7009
vn 0.5379 0.1709 -0.8255
vn 0.7878 0.3173 -0.5280
vn 0.9236 0.3833 -0.0034
vn 0.5953 -0.8035 0.0039
vn 0.5617 -0.7464 -0.3568
vn 0.5617 -0.7464 -0.3569
vn 0.7912 0.3153 0.5240
vn 0.5593 -0.7519 0.3490
vn 0.5355 0.1655 0.8281
vn 0.4090 -0.6686 0.6210
vn 0.4090 -0.6686 0.6211
vn 0.5355 0.1655 0.8282
vn 0.2360 -0.5619 0.7928
vn 0.0746 -0.5204 0.8507
vn -0.0756 -0.5212 0.8501
vn -0.0757 -0.5212 0.8501
vn -0.3009 0.0691 0.9511
vn -0.2343 -0.5595 0.7950
vn -0.4115 -0.6650 0.6232
vn -0.4115 -0.6650 0.6233
vn -0.7878 0.3173 0.5280
vn -0.5617 -0.7464 0.3568
vn -0.5617 -0.7464 0.3569
vn -0.9236 0.3833 0.0034
vn -0.5953 -0.8035 -0.0039
vn -0.7912 0.3153 -0.5240
vn -0.5593 -0.7519 -0.3490
vn -0.5355 0.1655 -0.8281
vn -0.4090 -0.6686 -0.6210
vn -0.4090 -0.6686 -0.6211
vn -0.5355 0.1655 -0.8282
vn -0.2361 -0.5619 -0.7928
vn -0.2360 -0.5619 -0.7928
vn -0.0746 -0.5204 -0.8507
vn 0.0756 -0.5212 -0.8501
vn 0.0757 -0.5212 -0.8501
vn 0.3009 0.0691 -0.9511
vn 0.2343 -0.5595 -0.7950
vn 0.4115 -0.6650 -0.6232
vn 0.4115 -0.6650 -0.6233
vn -0.0000 1.0000 -0.0000
vn 0.9366 0.0578 -0.3457
vn 0.9374 0.0304 -0.3469
vn 1.0000 -0.0000 -0.0000
vn 0.9996 0.0273 0.0024
vn 0.7557 0.0843 -0.6495
vn 0.7575 0.0569 -0.6503
vn 0.4830 0.1036 -0.8695
vn 0.4853 0.0762 -0.8710
vn 0.1632 0.1133 -0.9801
vn 0.1644 0.0860 -0.9826
vn 0.4852 0.0762 -0.8711
vn 0.4829 0.1036 -0.8695
vn -0.1632 0.1133 -0.9801
vn -0.1644 0.0860 -0.9826
vn -0.4829 0.1036 -0.8695
vn -0.4852 0.0762 -0.8711
vn -0.7557 0.0843 -0.6495
vn -0.7575 0.0569 -0.6503
vn -0.4853 0.0762 -0.8710
vn -0.4830 0.1036 -0.8695
vn -0.9366 0.0578 -0.3457
vn -0.9374 0.0304 -0.3469
vn -0.9996 0.0273 0.0024
vn -1.0000 -0.0000 -0.0000
vn -0.9366 -0.0031 0.3505
vn -0.9374 -0.0304 0.3469
vn -0.7557 -0.0297 0.6542
vn -0.7575 -0.0569 0.6503
vn -0.4830 -0.0490 0.8743
vn -0.4853 -0.0762 0.8710
vn -0.1632 -0.0586 0.9848
vn -0.1644 -0.0860 0.9826
vn -0.4852 -0.0762 0.8711
vn -0.4829 -0.0490 0.8743
vn 0.1632 -0.0586 0.9848
vn 0.1644 -0.0860 0.9826
vn 0.4829 -0.0490 0.8743
vn 0.4852 -0.0762 0.8711
vn 0.7557 -0.0297 0.6542
vn 0.7575 -0.0569 0.6503
vn 0.4853 -0.0762 0.8710
vn 0.4830 -0.0490 0.8743
vn 0.9366 -0.0031 0.3505
vn 0.9374 -0.0304 0.3469
vn -0.0000 -0.9962 -0.0872
vn -0.0000 0.9962 0.0871
vn -0.0000 0.9962 0.0872
vn 0.9366 0.0031 -0.3505
vn 0.9996 -0.0273 -0.0024
vn 0.7557 0.0297 -0.6542
vn 0.4830 0.0490 -0.8743
vn 0.1632 0.0586 -0.9848
vn 0.4829 0.0490 -0.8743
vn -0.1632 0.0586 -0.9848
vn -0.4829 0.0490 -0.8743
vn -0.7557 0.0297 -0.6542
vn -0.4830 0.0490 -0.8743
vn -0.9366 0.0031 -0.3505
vn -0.9996 -0.0273 -0.0024
vn -0.9366 -0.0578 0.3457
vn -0.7557 -0.0843 0.6495
vn -0.4830 -0.1036 0.8695
vn -0.1633 -0.1133 0.9801
vn -0.4829 -0.1036 0.8695
vn 0.1632 -0.1133 0.9801
vn 0.4829 -0.1036 0.8695
vn 0.7557 -0.0843 0.6495
vn 0.4830 -0.1036 0.8695
vn 0.9366 -0.0578 0.3457
vn 0.9366 0.0578 0.3457
vn 0.9996 0.0273 -0.0024
vn 0.9374 0.0304 0.3469
vn 0.7557 0.0843 0.6495
vn 0.7575 0.0569 0.6503
vn 0.4830 0.1036 0.8695
vn 0.4853 0.0762 0.8710
vn 0.1632 0.1133 0.9801
vn 0.4829 0.1036 0.8695
vn 0.4852 0.0762 0.8711
vn 0.1644 0.0860 0.9826
vn -0.1632 0.1133 0.9801
vn -0.1644 0.0860 0.9826
vn -0.4829 0.1036 0.8695
vn -0.4852 0.0762 0.8711
vn -0.7557 0.0843 0.6495
vn -0.4830 0.1036 0.8695
vn -0.4853 0.0762 0.8710
vn -0.7575 0.0569 0.6503
vn -0.9366 0.0578 0.3457
vn -0.9374 0.0304 0.3469
vn -0.9996 0.0273 -0.0024
vn -0.9366 -0.0031 -0.3505
vn -0.9374 -0.0304 -0.3469
vn -0.7557 -0.0297 -0.6542
vn -0.7575 -0.0569 -0.6503
vn -0.4830 -0.0490 -0.8743
vn -0.4853 -0.0762 -0.8710
vn -0.1632 -0.0586 -0.9848
vn -0.4829 -0.0490 -0.8743
vn -0.4852 -0.0762 -0.8711
vn -0.1644 -0.0860 -0.9826
vn 0.1632 -0.0586 -0.9848
vn 0.1644 -0.0860 -0.9826
vn 0.4829 -0.0490 -0.8743
vn 0.4852 -0.0762 -0.8711
vn 0.7557 -0.0297 -0.6542
vn 0.4830 -0.0490 -0.8743
vn 0.4853 -0.0762 -0.8710
vn 0.7575 -0.0569 -0.6503
vn 0.9366 -0.0031 -0.3505
vn 0.9374 -0.0304 -0.3469
vn -0.0000 -0.9962 0.0872
vn -0.0000 0.9962 -0.0871
vn -0.0000 0.9962 -0.0872
vn 0.9366 0.0031 0.3505
vn 0.9996 -0.0273 0.0024
vn 0.7557 0.0297 0.6542
vn 0.4830 0.0490 0.8743
vn 0.1632 0.0586 0.9848
vn 0.4829 0.0490 0.8743
vn -0.1632 0.0586 0.9848
vn -0.4829 0.0490 0.8743
vn -0.7557 0.0297 0.6542
vn -0.4830 0.0490 0.8743
vn -0.9366 0.0031 0.3505
vn -0.9996 -0.0273 0.0024
vn -0.9366 -0.0578 -0.3457
vn -0.7557 -0.0843 -0.6495
vn -0.4830 -0.1036 -0.8695
vn -0.1632 -0.1133 -0.9801
vn -0.4829 -0.1036 -0.8695
vn 0.1632 -0.1133 -0.9801
vn 0.4829 -0.1036 -0.8695
vn 0.7557 -0.0843 -0.6495
vn 0.4830 -0.1036 -0.8695
vn 0.9366 -0.0578 -0.3457
vt 0.839707 0.214408
vt 0.851652 0.214408
vt 0.851652 0.182860
vt 0.839707 0.182860
vt 0.839707 0.151313
vt 0.851652 0.151313
vt 0.863596 0.214408
vt 0.863596 0.182860
vt 0.863596 0.151313
vt 0.875540 0.214408
vt 0.875540 0.182860
vt 0.875540 0.151313
vt 0.887485 0.214408
vt 0.887485 0.182860
vt 0.887485 0.151313
vt 0.899429 0.214408
vt 0.899429 0.182860
vt 0.899429 0.151313
vt 0.684429 0.214408
vt 0.696374 0.214408
vt 0.696374 0.182860
vt 0.684429 0.182860
vt 0.684429 0.151313
vt 0.696374 0.151313
vt 0.708318 0.214408
vt 0.708318 0.182860
vt 0.708318 0.151313
vt 0.720263 0.214408
vt 0.720263 0.182860
vt 0.720263 0.151313
vt 0.732207 0.214408
vt 0.732207 0.182860
vt 0.732207 0.151313
vt 0.744152 0.214408
vt 0.744152 0.182860
vt 0.744152 0.151313
vt 0.756096 0.214408
vt 0.756096 0.182860
vt 0.756096 0.151313
vt 0.768040 0.214408
vt 0.768040 0.182860
vt 0.768040 0.151313
vt 0.779985 0.214408
vt 0.779985 0.182860
vt 0.779985 0.151313
vt 0.791929 0.214408
vt 0.791929 0.182860
vt 0.791929 0.151313
vt 0.803874 0.214408
vt 0.803874 0.182860
vt 0.803874 0.151313
vt 0.815818 0.214408
vt 0.815818 0.182860
vt 0.815818 0.151313
vt 0.827763 0.214408
vt 0.827763 0.182860
vt 0.827763 0.151313
vt 0.699191 0.689813
vt 0.679815 0.721560
vt 0.673086 0.757661
vt 0.728877 0.666250
vt 0.765292 0.653712
vt 0.804044 0.653712
vt 0.840459 0.666250
vt 0.870145 0.689813
vt 0.889521 0.721560
vt 0.896250 0.757661
vt 0.889521 0.793762
vt 0.870145 0.825509
vt 0.840459 0.849072
vt 0.804044 0.861610
vt 0.765292 0.861610
vt 0.728877 0.849072
vt 0.699191 0.825509
vt 0.679815 0.793762
vt 0.751117 0.106948
vt 0.756162 0.121792
vt 0.777853 0.117967
vt 0.777517 0.102293
vt 0.761014 0.136324
vt 0.778115 0.133282
vt 0.726638 0.120812
vt 0.736456 0.133035
vt 0.755531 0.122022
vt 0.749854 0.107408
vt 0.745986 0.145031
vt 0.708377 0.142212
vt 0.721783 0.150340
vt 0.735941 0.133467
vt 0.725608 0.121676
vt 0.734841 0.158353
vt 0.698536 0.168566
vt 0.713914 0.171619
vt 0.721447 0.150921
vt 0.707705 0.143375
vt 0.728925 0.174683
vt 0.698303 0.196697
vt 0.713797 0.194306
vt 0.713797 0.172281
vt 0.698303 0.169890
vt 0.728951 0.192051
vt 0.707705 0.223212
vt 0.721447 0.215666
vt 0.713914 0.194968
vt 0.698536 0.198021
vt 0.734916 0.208364
vt 0.725608 0.244911
vt 0.735941 0.233120
vt 0.721783 0.216247
vt 0.708377 0.224375
vt 0.746100 0.221652
vt 0.749854 0.259179
vt 0.755531 0.244565
vt 0.736456 0.233552
vt 0.726638 0.245775
vt 0.761155 0.230314
vt 0.777517 0.264294
vt 0.777853 0.248620
vt 0.756162 0.244795
vt 0.751117 0.259638
vt 0.778264 0.233305
vt 0.805262 0.259639
vt 0.800217 0.244795
vt 0.778525 0.248620
vt 0.778861 0.264294
vt 0.795364 0.230263
vt 0.829740 0.245775
vt 0.819923 0.233552
vt 0.800848 0.244565
vt 0.806524 0.259179
vt 0.810393 0.221556
vt 0.848001 0.224376
vt 0.834595 0.216248
vt 0.820437 0.233120
vt 0.830770 0.244911
vt 0.821537 0.208234
vt 0.857842 0.198021
vt 0.842465 0.194968
vt 0.834931 0.215666
vt 0.848674 0.223212
vt 0.827453 0.191904
vt 0.858075 0.169890
vt 0.842581 0.172281
vt 0.842581 0.194306
vt 0.858075 0.196697
vt 0.827428 0.174536
vt 0.848674 0.143376
vt 0.834931 0.150921
vt 0.842465 0.171619
vt 0.857842 0.168567
vt 0.821463 0.158223
vt 0.830770 0.121676
vt 0.820438 0.133467
vt 0.834595 0.150340
vt 0.848002 0.142212
vt 0.810279 0.144935
vt 0.806524 0.107408
vt 0.800848 0.122022
vt 0.819923 0.133035
vt 0.829741 0.120811
vt 0.795224 0.136273
vt 0.778861 0.102293
vt 0.778525 0.117967
vt 0.800216 0.121792
vt 0.805262 0.106948
vt 0.755103 0.119864
vt 0.778189 0.115794
vt 0.778189 0.116811
vt 0.755451 0.120821
vt 0.806759 0.750334
vt 0.806781 0.749103
vt 0.797285 0.748930
vt 0.797263 0.750125
vt 0.801276 0.119864
vt 0.800928 0.120821
vt 0.787789 0.748757
vt 0.787767 0.749989
vt 0.821577 0.131586
vt 0.820923 0.132365
vt 0.779418 0.748602
vt 0.779380 0.750036
vt 0.836646 0.149544
vt 0.835765 0.150052
vt 0.770420 0.748675
vt 0.770835 0.750081
vt 0.844664 0.171572
vt 0.843662 0.171749
vt 0.760914 0.748675
vt 0.761058 0.750023
vt 0.844664 0.195015
vt 0.843662 0.194838
vt 0.750799 0.748675
vt 0.750655 0.750023
vt 0.836646 0.217044
vt 0.835765 0.216535
vt 0.741293 0.748675
vt 0.740878 0.750081
vt 0.821577 0.235002
vt 0.820923 0.234222
vt 0.732890 0.748660
vt 0.732909 0.750116
vt 0.801276 0.246723
vt 0.800928 0.245766
vt 0.724538 0.748660
vt 0.724538 0.749892
vt 0.778189 0.250793
vt 0.778189 0.249776
vt 0.715040 0.748660
vt 0.715040 0.749856
vt 0.755103 0.246723
vt 0.755451 0.245766
vt 0.705543 0.748660
vt 0.705543 0.749892
vt 0.734801 0.235001
vt 0.735455 0.234222
vt 0.697191 0.748660
vt 0.697191 0.750101
vt 0.719733 0.217044
vt 0.720614 0.216535
vt 0.861509 0.750620
vt 0.860874 0.749180
vt 0.853125 0.749180
vt 0.853540 0.750586
vt 0.711715 0.195015
vt 0.712717 0.194838
vt 0.843619 0.749180
vt 0.843763 0.750527
vt 0.711715 0.171572
vt 0.712717 0.171749
vt 0.833504 0.749180
vt 0.833359 0.750527
vt 0.719733 0.149544
vt 0.720614 0.150052
vt 0.823998 0.749180
vt 0.823583 0.750586
vt 0.734801 0.131585
vt 0.735455 0.132365
vt 0.815613 0.749178
vt 0.815599 0.750619
vt 0.692547 0.599602
vt 0.733474 0.599759
vt 0.733474 0.592286
vt 0.692547 0.591657
vt 0.664282 0.716734
vt 0.656556 0.757661
vt 0.774401 0.599602
vt 0.774401 0.591657
vt 0.664282 0.798588
vt 0.810391 0.598703
vt 0.810391 0.588062
vt 0.686529 0.834579
vt 0.656556 0.615955
vt 0.690900 0.616105
vt 0.691388 0.605914
vt 0.657304 0.605314
vt 0.720612 0.861292
vt 0.733028 0.616355
vt 0.733197 0.606916
vt 0.762422 0.875505
vt 0.777860 0.616355
vt 0.777690 0.606916
vt 0.806914 0.875505
vt 0.819988 0.616105
vt 0.819499 0.605914
vt 0.848724 0.861292
vt 0.854331 0.615955
vt 0.853583 0.605314
vt 0.882807 0.834579
vt 0.656556 0.581452
vt 0.692547 0.582350
vt 0.692547 0.574405
vt 0.656556 0.570810
vt 0.905054 0.798588
vt 0.733474 0.582508
vt 0.733474 0.575035
vt 0.912780 0.757661
vt 0.774401 0.582350
vt 0.774401 0.574405
vt 0.905054 0.716734
vt 0.810391 0.581452
vt 0.810391 0.570810
vt 0.882807 0.680744
vt 0.656556 0.633206
vt 0.690899 0.633357
vt 0.691388 0.623166
vt 0.657304 0.622565
vt 0.848724 0.654031
vt 0.733028 0.633607
vt 0.733197 0.624168
vt 0.806914 0.639817
vt 0.777860 0.633607
vt 0.777690 0.624168
vt 0.762422 0.639817
vt 0.819988 0.633357
vt 0.819499 0.623166
vt 0.720612 0.654031
vt 0.854331 0.633206
vt 0.853583 0.622565
vt 0.686529 0.680744
vt 0.656556 0.598703
vt 0.656556 0.588062
vt 0.778189 0.183294
vt 0.753132 0.137748
vt 0.758411 0.192193
vt 0.759953 0.192058
vt 0.755186 0.137568
vt 0.751326 0.137906
vt 0.757054 0.192312
vt 0.749986 0.138023
vt 0.756047 0.192400
vt 0.817403 0.138023
vt 0.817256 0.192385
vt 0.818086 0.192338
vt 0.818508 0.137961
vt 0.816226 0.138023
vt 0.816373 0.192385
vt 0.815121 0.137961
vt 0.815542 0.192338
vt 0.811724 0.137465
vt 0.811715 0.192172
vt 0.812725 0.192154
vt 0.813070 0.137442
vt 0.809912 0.137497
vt 0.810353 0.192196
vt 0.807850 0.137533
vt 0.808805 0.192223
vt 0.805789 0.137569
vt 0.807256 0.192250
vt 0.803976 0.137600
vt 0.805895 0.192273
vt 0.802630 0.137624
vt 0.804884 0.192291
vt 0.827990 0.137961
vt 0.827843 0.192580
vt 0.828673 0.192627
vt 0.829095 0.138023
vt 0.826813 0.137961
vt 0.826959 0.192580
vt 0.825707 0.138023
vt 0.826129 0.192627
vt 0.759046 0.137231
vt 0.762853 0.191805
vt 0.763860 0.191717
vt 0.760387 0.137113
vt 0.757240 0.137389
vt 0.761496 0.191923
vt 0.830029 0.221011
vt 0.830930 0.222351
vt 0.832036 0.223065
vt 0.833212 0.223065
vt 0.834318 0.222351
vt 0.835219 0.221011
vt 0.835807 0.219204
vt 0.836012 0.217151
vt 0.835807 0.215097
vt 0.835219 0.213290
vt 0.834318 0.211950
vt 0.833212 0.211236
vt 0.832036 0.211236
vt 0.830930 0.211950
vt 0.830029 0.213290
vt 0.829441 0.215097
vt 0.829236 0.217151
vt 0.829441 0.219204
vt 0.829441 0.243143
vt 0.830029 0.244950
vt 0.830930 0.246290
vt 0.832036 0.247003
vt 0.833212 0.247003
vt 0.834318 0.246290
vt 0.835219 0.244950
vt 0.835807 0.243143
vt 0.836012 0.241089
vt 0.835807 0.239035
vt 0.835219 0.237229
vt 0.834318 0.235889
vt 0.833212 0.235175
vt 0.832036 0.235175
vt 0.830930 0.235889
vt 0.830029 0.237229
vt 0.829441 0.239035
vt 0.829236 0.241089
vt 0.762667 0.246728
vt 0.764721 0.246549
vt 0.760861 0.246886
vt 0.759520 0.247003
vt 0.817403 0.247003
vt 0.818508 0.246941
vt 0.816226 0.247003
vt 0.815121 0.246941
vt 0.813634 0.246845
vt 0.814979 0.246821
vt 0.811821 0.246876
vt 0.809759 0.246912
vt 0.807698 0.246948
vt 0.805885 0.246980
vt 0.804540 0.247003
vt 0.827990 0.246941
vt 0.829095 0.247003
vt 0.826813 0.246941
vt 0.825707 0.247003
vt 0.768581 0.246211
vt 0.769921 0.246094
vt 0.766775 0.246369
vt 0.797421 0.137497
vt 0.795360 0.137533
vt 0.796315 0.192223
vt 0.797863 0.192196
vt 0.799234 0.137465
vt 0.799224 0.192172
vt 0.800580 0.137442
vt 0.800235 0.192154
vt 0.819755 0.138023
vt 0.818650 0.137961
vt 0.819071 0.192338
vt 0.819902 0.192385
vt 0.820932 0.138023
vt 0.820785 0.192385
vt 0.822037 0.137961
vt 0.821615 0.192338
vt 0.771403 0.137906
vt 0.770063 0.138023
vt 0.776125 0.192400
vt 0.777132 0.192312
vt 0.773210 0.137748
vt 0.778488 0.192193
vt 0.775264 0.137568
vt 0.780031 0.192058
vt 0.777317 0.137389
vt 0.781573 0.191923
vt 0.779124 0.137231
vt 0.782930 0.191805
vt 0.780464 0.137113
vt 0.783937 0.191717
vt 0.823284 0.137961
vt 0.822178 0.138023
vt 0.822600 0.192627
vt 0.823430 0.192580
vt 0.824461 0.137961
vt 0.824314 0.192580
vt 0.825566 0.138023
vt 0.825144 0.192627
vt 0.791486 0.137600
vt 0.790140 0.137624
vt 0.792394 0.192291
vt 0.793405 0.192273
vt 0.793298 0.137569
vt 0.794766 0.192250
vt 0.836153 0.241089
vt 0.836357 0.243143
vt 0.836946 0.244950
vt 0.837847 0.246290
vt 0.838952 0.247003
vt 0.840129 0.247003
vt 0.841234 0.246290
vt 0.842136 0.244950
vt 0.842724 0.243143
vt 0.842928 0.241089
vt 0.842724 0.239035
vt 0.842136 0.237229
vt 0.841234 0.235889
vt 0.840129 0.235175
vt 0.838952 0.235175
vt 0.837847 0.235889
vt 0.836946 0.237229
vt 0.836357 0.239035
vt 0.829441 0.231174
vt 0.830029 0.232980
vt 0.830930 0.234321
vt 0.832036 0.235034
vt 0.833212 0.235034
vt 0.834318 0.234321
vt 0.835219 0.232980
vt 0.835807 0.231174
vt 0.836012 0.229120
vt 0.835807 0.227066
vt 0.835219 0.225260
vt 0.834318 0.223919
vt 0.833212 0.223206
vt 0.832036 0.223206
vt 0.830930 0.223919
vt 0.830029 0.225260
vt 0.829441 0.227066
vt 0.829236 0.229120
vt 0.799331 0.246876
vt 0.797269 0.246912
vt 0.801143 0.246845
vt 0.802489 0.246821
vt 0.819755 0.247003
vt 0.818650 0.246941
vt 0.820932 0.247003
vt 0.822037 0.246941
vt 0.780938 0.246886
vt 0.779597 0.247003
vt 0.782744 0.246728
vt 0.784798 0.246549
vt 0.786852 0.246369
vt 0.788658 0.246211
vt 0.789999 0.246094
vt 0.823284 0.246941
vt 0.822178 0.247003
vt 0.824461 0.246941
vt 0.825566 0.247003
vt 0.793395 0.246980
vt 0.792049 0.247003
vt 0.795208 0.246948
s 1
usemtl 08_-_Default
f 1/1/1 2/2/2 3/3/3
f 3/3/3 4/4/4 1/1/1
f 5/5/5 4/4/4 3/3/3
f 3/3/3 6/6/6 5/5/5
f 2/2/2 7/7/7 8/8/8
f 8/8/8 3/3/3 2/2/2
f 6/6/6 3/3/3 8/8/8
f 8/8/8 9/9/9 6/6/6
f 7/7/7 10/10/10 11/11/11
f 11/11/11 8/8/8 7/7/7
f 9/9/9 8/8/8 11/11/11
f 11/11/11 12/12/12 9/9/9
f 10/10/10 13/13/13 14/14/14
f 14/14/14 11/11/11 10/10/10
f 12/12/12 11/11/11 14/14/14
f 14/14/14 15/15/15 12/12/12
f 13/13/13 16/16/16 17/17/17
f 17/17/17 14/14/14 13/13/13
f 15/15/15 14/14/14 17/17/17
f 17/17/17 18/18/18 15/15/15
f 19/19/16 20/20/19 21/21/20
f 21/21/20 22/22/17 19/19/16
f 23/23/21 22/22/17 21/21/20
f 21/21/20 24/24/22 23/23/21
f 20/20/19 25/25/23 26/26/24
f 26/26/24 21/21/20 20/20/19
f 24/24/22 21/21/20 26/26/24
f 26/26/24 27/27/25 24/24/22
f 25/25/23 28/28/26 29/29/27
f 29/29/27 26/26/24 25/25/23
f 27/27/25 26/26/24 29/29/27
f 29/29/27 30/30/28 27/27/25
f 28/28/26 31/31/29 32/32/30
f 32/32/30 29/29/27 28/28/26
f 30/30/28 29/29/27 32/32/30
f 32/32/30 33/33/31 30/30/28
f 31/31/29 34/34/32 35/35/33
f 35/35/33 32/32/30 31/31/29
f 33/33/31 32/32/30 35/35/33
f 35/35/33 36/36/34 33/33/31
f 34/34/32 37/37/35 38/38/36
f 38/38/36 35/35/33 34/34/32
f 36/36/34 35/35/33 38/38/36
f 38/38/36 39/39/37 36/36/34
f 37/37/35 40/40/38 41/41/39
f 41/41/39 38/38/36 37/37/35
f 39/39/37 38/38/36 41/41/39
f 41/41/39 42/42/40 39/39/37
f 40/40/38 43/43/41 44/44/42
f 44/44/42 41/41/39 40/40/38
f 42/42/40 41/41/39 44/44/42
f 44/44/42 45/45/43 42/42/40
f 43/43/41 46/46/44 47/47/45
f 47/47/45 44/44/42 43/43/41
f 45/45/43 44/44/42 47/47/45
f 47/47/45 48/48/46 45/45/43
f 46/46/44 49/49/47 50/50/48
f 50/50/48 47/47/45 46/46/44
f 48/48/46 47/47/45 50/50/48
f 50/50/48 51/51/49 48/48/46
f 49/49/47 52/52/50 53/53/51
f 53/53/51 50/50/48 49/49/47
f 51/51/49 50/50/48 53/53/51
f 53/53/51 54/54/52 51/51/49
f 52/52/50 55/55/53 56/56/54
f 56/56/54 53/53/51 52/52/50
f 54/54/52 53/53/51 56/56/54
f 56/56/54 57/57/55 54/54/52
f 55/55/53 1/1/1 4/4/4
f 4/4/4 56/56/54 55/55/53
f 57/57/55 56/56/54 4/4/4
f 4/4/4 5/5/5 57/57/55
f 58/58/56 59/59/57 60/60/58
f 61/61/59 58/58/56 60/60/58
f 62/62/60 61/61/59 60/60/58
f 63/63/61 62/62/60 60/60/58
f 64/64/62 63/63/61 60/60/58
f 65/65/63 64/64/62 60/60/58
f 66/66/64 65/65/63 60/60/58
f 67/67/65 66/66/64 60/60/58
f 68/68/66 67/67/65 60/60/58
f 69/69/67 68/68/66 60/60/58
f 70/70/68 69/69/67 60/60/58
f 71/71/69 70/70/68 60/60/58
f 72/72/70 71/71/69 60/60/58
f 73/73/71 72/72/70 60/60/58
f 74/74/72 73/73/71 60/60/58
f 75/75/73 74/74/72 60/60/58
f 76/76/6 77/77/74 78/78/75
f 78/78/75 79/79/5 76/76/6
f 80/80/76 81/81/77 78/78/75
f 78/78/75 77/77/74 80/80/76
f 82/82/78 83/83/79 84/84/74
f 84/84/74 85/85/80 82/82/78
f 86/86/81 80/80/76 84/84/74
f 84/84/74 83/83/79 86/86/81
f 87/87/12 88/88/82 89/89/79
f 89/89/79 90/90/83 87/87/12
f 91/91/84 86/86/81 89/89/79
f 89/89/79 88/88/82 91/91/84
f 92/92/85 93/93/86 94/94/82
f 94/94/82 95/95/12 92/92/85
f 96/96/87 91/91/84 94/94/82
f 94/94/82 93/93/86 96/96/87
f 97/97/21 98/98/88 99/99/86
f 99/99/86 100/100/85 97/97/21
f 101/101/89 96/96/87 99/99/86
f 99/99/86 98/98/88 101/101/89
f 102/102/90 103/103/91 104/104/92
f 104/104/92 105/105/21 102/102/90
f 106/106/93 101/101/89 104/104/92
f 104/104/92 103/103/91 106/106/93
f 107/107/94 108/108/95 109/109/96
f 109/109/96 110/110/97 107/107/94
f 111/111/98 106/106/93 109/109/96
f 109/109/96 108/108/95 111/111/98
f 112/112/99 113/113/100 114/114/95
f 114/114/95 115/115/25 112/112/99
f 116/116/101 111/111/98 114/114/95
f 114/114/95 113/113/100 116/116/101
f 117/117/31 118/118/102 119/119/103
f 119/119/103 120/120/28 117/117/31
f 121/121/104 116/116/101 119/119/103
f 119/119/103 118/118/102 121/121/104
f 122/122/34 123/123/105 124/124/106
f 124/124/106 125/125/31 122/122/34
f 126/126/107 121/121/104 124/124/106
f 124/124/106 123/123/105 126/126/107
f 127/127/108 128/128/109 129/129/105
f 129/129/105 130/130/110 127/127/108
f 131/131/111 126/126/107 129/129/105
f 129/129/105 128/128/109 131/131/111
f 132/132/40 133/133/112 134/134/109
f 134/134/109 135/135/113 132/132/40
f 136/136/114 131/131/111 134/134/109
f 134/134/109 133/133/112 136/136/114
f 137/137/43 138/138/115 139/139/112
f 139/139/112 140/140/40 137/137/43
f 141/141/116 136/136/114 139/139/112
f 139/139/112 138/138/115 141/141/116
f 142/142/46 143/143/117 144/144/115
f 144/144/115 145/145/43 142/142/46
f 146/146/118 141/141/116 144/144/115
f 144/144/115 143/143/117 146/146/118
f 147/147/119 148/148/120 149/149/121
f 149/149/121 150/150/46 147/147/119
f 151/151/122 146/146/118 149/149/121
f 149/149/121 148/148/120 151/151/122
f 152/152/123 153/153/124 154/154/125
f 154/154/125 155/155/119 152/152/123
f 156/156/126 151/151/122 154/154/125
f 154/154/125 153/153/124 156/156/126
f 157/157/127 158/158/128 159/159/124
f 159/159/124 160/160/52 157/157/127
f 161/161/129 156/156/126 159/159/124
f 159/159/124 158/158/128 161/161/129
f 162/162/5 163/163/130 164/164/128
f 164/164/128 165/165/55 162/162/5
f 81/81/77 161/161/129 164/164/128
f 164/164/128 163/163/130 81/81/77
f 166/166/131 167/167/1 168/168/132
f 168/168/132 169/169/133 166/166/131
f 170/170/134 171/171/135 172/172/136
f 172/172/136 173/173/137 170/170/134
f 167/167/1 174/174/53 175/175/138
f 175/175/138 168/168/132 167/167/1
f 173/173/137 172/172/136 176/176/139
f 176/176/139 177/177/140 173/173/137
f 174/174/53 178/178/50 179/179/141
f 179/179/141 175/175/138 174/174/53
f 177/177/140 176/176/139 180/180/142
f 180/180/142 181/181/143 177/177/140
f 178/178/50 182/182/144 183/183/145
f 183/183/145 179/179/141 178/178/50
f 181/181/143 180/180/142 184/184/146
f 184/184/146 185/185/147 181/181/143
f 182/182/144 186/186/44 187/187/148
f 187/187/148 183/183/145 182/182/144
f 185/185/147 184/184/146 188/188/148
f 188/188/148 189/189/149 185/185/147
f 186/186/44 190/190/150 191/191/151
f 191/191/151 187/187/148 186/186/44
f 189/189/149 188/188/148 192/192/152
f 192/192/152 193/193/153 189/189/149
f 190/190/150 194/194/154 195/195/155
f 195/195/155 191/191/151 190/190/150
f 193/193/153 192/192/152 196/196/156
f 196/196/156 197/197/157 193/193/153
f 194/194/154 198/198/35 199/199/158
f 199/199/158 195/195/155 194/194/154
f 197/197/157 196/196/156 200/200/159
f 200/200/159 201/201/160 197/197/157
f 198/198/35 202/202/161 203/203/162
f 203/203/162 199/199/158 198/198/35
f 201/201/160 200/200/159 204/204/162
f 204/204/162 205/205/163 201/201/160
f 202/202/161 206/206/29 207/207/164
f 207/207/164 203/203/162 202/202/161
f 205/205/163 204/204/162 208/208/165
f 208/208/165 209/209/166 205/205/163
f 206/206/29 210/210/26 211/211/167
f 211/211/167 207/207/164 206/206/29
f 209/209/166 208/208/165 212/212/168
f 212/212/168 213/213/169 209/209/166
f 210/210/26 214/214/23 215/215/170
f 215/215/170 211/211/167 210/210/26
f 213/213/169 212/212/168 216/216/171
f 216/216/171 217/217/172 213/213/169
f 214/214/23 218/218/173 219/219/174
f 219/219/174 215/215/170 214/214/23
f 220/220/172 221/221/175 222/222/176
f 222/222/176 223/223/177 220/220/172
f 218/218/173 224/224/16 225/225/178
f 225/225/178 219/219/174 218/218/173
f 223/223/177 222/222/176 226/226/178
f 226/226/178 227/227/179 223/223/177
f 224/224/16 228/228/180 229/229/181
f 229/229/181 225/225/178 224/224/16
f 227/227/179 226/226/178 230/230/182
f 230/230/182 231/231/183 227/227/179
f 228/228/180 232/232/184 233/233/185
f 233/233/185 229/229/181 228/228/180
f 231/231/183 230/230/182 234/234/186
f 234/234/186 235/235/187 231/231/183
f 232/232/184 236/236/7 237/237/188
f 237/237/188 233/233/185 232/232/184
f 235/235/187 234/234/186 238/238/189
f 238/238/189 239/239/190 235/235/187
f 236/236/7 166/166/131 169/169/133
f 169/169/133 237/237/188 236/236/7
f 239/239/190 238/238/189 171/171/135
f 171/171/135 170/170/134 239/239/190
f 240/240/191 241/241/192 242/242/193
f 242/242/193 243/243/194 240/240/191
f 59/59/57 244/244/195 245/245/193
f 245/245/193 60/60/58 59/59/57
f 241/241/192 246/246/196 247/247/197
f 247/247/197 242/242/193 241/241/192
f 60/60/58 245/245/193 248/248/197
f 248/248/197 75/75/73 60/60/58
f 246/246/196 249/249/198 250/250/199
f 250/250/199 247/247/197 246/246/196
f 75/75/73 248/248/197 251/251/200
f 251/251/200 74/74/72 75/75/73
f 252/252/201 253/253/147 254/254/202
f 254/254/202 255/255/199 252/252/201
f 74/74/72 251/251/200 256/256/202
f 256/256/202 73/73/71 74/74/72
f 253/253/147 257/257/149 258/258/203
f 258/258/203 254/254/202 253/253/147
f 73/73/71 256/256/202 259/259/203
f 259/259/203 72/72/70 73/73/71
f 257/257/149 260/260/153 261/261/204
f 261/261/204 258/258/203 257/257/149
f 72/72/70 259/259/203 262/262/205
f 262/262/205 71/71/69 72/72/70
f 260/260/153 263/263/206 264/264/207
f 264/264/207 261/261/204 260/260/153
f 71/71/69 262/262/205 265/265/207
f 265/265/207 70/70/68 71/71/69
f 263/263/206 266/266/160 267/267/208
f 267/267/208 264/264/207 263/263/206
f 70/70/68 265/265/207 268/268/209
f 268/268/209 69/69/67 70/70/68
f 269/269/160 270/270/210 271/271/211
f 271/271/211 272/272/208 269/269/160
f 69/69/67 268/268/209 273/273/212
f 273/273/212 68/68/66 69/69/67
f 270/270/210 274/274/213 275/275/214
f 275/275/214 271/271/211 270/270/210
f 68/68/66 273/273/212 276/276/214
f 276/276/214 67/67/65 68/68/66
f 274/274/213 277/277/215 278/278/216
f 278/278/216 275/275/214 274/274/213
f 67/67/65 276/276/214 279/279/216
f 279/279/216 66/66/64 67/67/65
f 277/277/215 280/280/217 281/281/218
f 281/281/218 278/278/216 277/277/215
f 66/66/64 279/279/216 282/282/219
f 282/282/219 65/65/63 66/66/64
f 283/283/220 284/284/177 285/285/221
f 285/285/221 286/286/218 283/283/220
f 65/65/63 282/282/219 287/287/222
f 287/287/222 64/64/62 65/65/63
f 284/284/177 288/288/179 289/289/223
f 289/289/223 285/285/221 284/284/177
f 64/64/62 287/287/222 290/290/223
f 290/290/223 63/63/61 64/64/62
f 288/288/179 291/291/183 292/292/224
f 292/292/224 289/289/223 288/288/179
f 63/63/61 290/290/223 293/293/225
f 293/293/225 62/62/60 63/63/61
f 291/291/183 294/294/226 295/295/227
f 295/295/227 292/292/224 291/291/183
f 62/62/60 293/293/225 296/296/227
f 296/296/227 61/61/59 62/62/60
f 294/294/226 297/297/190 298/298/228
f 298/298/228 295/295/227 294/294/226
f 61/61/59 296/296/227 299/299/229
f 299/299/229 58/58/56 61/61/59
f 300/300/190 240/240/191 243/243/194
f 243/243/194 301/301/228 300/300/190
f 58/58/56 299/299/229 244/244/195
f 244/244/195 59/59/57 58/58/56
f 81/81/77 80/80/76 302/302/230
f 80/80/76 86/86/81 302/302/230
f 86/86/81 91/91/84 302/302/230
f 91/91/84 96/96/87 302/302/230
f 96/96/87 101/101/89 302/302/230
f 101/101/89 106/106/93 302/302/230
f 106/106/93 111/111/98 302/302/230
f 111/111/98 116/116/101 302/302/230
f 116/116/101 121/121/104 302/302/230
f 121/121/104 126/126/107 302/302/230
f 126/126/107 131/131/111 302/302/230
f 131/131/111 136/136/114 302/302/230
f 136/136/114 141/141/116 302/302/230
f 141/141/116 146/146/118 302/302/230
f 146/146/118 151/151/122 302/302/230
f 151/151/122 156/156/126 302/302/230
f 156/156/126 161/161/129 302/302/230
f 161/161/129 81/81/77 302/302/230
f 303/303/231 304/304/232 305/305/233
f 305/305/233 306/306/234 303/303/231
f 307/307/235 308/308/236 304/304/232
f 304/304/232 303/303/231 307/307/235
f 309/309/237 310/310/238 308/308/236
f 308/308/236 307/307/235 309/309/237
f 311/311/239 312/312/240 313/313/241
f 313/313/241 314/314/242 311/311/239
f 315/315/243 316/316/244 312/312/240
f 312/312/240 311/311/239 315/315/243
f 317/317/245 318/318/246 316/316/244
f 316/316/244 315/315/243 317/317/245
f 319/319/247 320/320/248 321/321/249
f 321/321/249 322/322/250 319/319/247
f 323/323/251 324/324/252 320/320/248
f 320/320/248 319/319/247 323/323/251
f 325/325/253 326/326/254 324/324/252
f 324/324/252 323/323/251 325/325/253
f 327/327/255 328/328/256 326/326/254
f 326/326/254 325/325/253 327/327/255
f 329/329/257 330/330/258 328/328/256
f 328/328/256 327/327/255 329/329/257
f 331/331/259 332/332/260 330/330/258
f 330/330/258 329/329/257 331/331/259
f 333/333/261 334/334/262 335/335/263
f 335/335/263 336/336/264 333/333/261
f 337/337/265 338/338/266 334/334/262
f 334/334/262 333/333/261 337/337/265
f 339/339/267 340/340/268 338/338/266
f 338/338/266 337/337/265 339/339/267
f 341/341/269 342/342/270 343/343/271
f 343/343/271 344/344/272 341/341/269
f 345/345/273 346/346/274 342/342/270
f 342/342/270 341/341/269 345/345/273
f 306/306/234 305/305/233 346/346/274
f 346/346/274 345/345/273 306/306/234
s 0
f 347/347/275 348/348/275 349/349/275
f 349/349/275 350/350/275 351/351/275
f 351/351/275 352/352/275 353/353/275
f 349/349/275 351/351/275 353/353/275
f 353/353/275 354/354/275 355/355/275
f 355/355/275 356/356/275 357/357/275
f 353/353/275 355/355/275 357/357/275
f 357/357/275 358/358/275 359/359/275
f 359/359/275 360/360/275 361/361/275
f 357/357/275 359/359/275 361/361/275
f 353/353/275 357/357/275 361/361/275
f 349/349/275 353/353/275 361/361/275
f 361/361/275 362/362/275 363/363/275
f 349/349/275 361/361/275 363/363/275
f 347/347/275 349/349/275 363/363/275
f 364/364/275 347/347/275 363/363/275
f 365/365/276 366/366/276 367/367/276
f 367/367/276 368/368/276 369/369/276
f 369/369/277 370/370/277 371/371/277
f 367/367/277 369/369/277 371/371/277
f 371/371/277 372/372/277 373/373/277
f 373/373/276 374/374/276 375/375/276
f 371/371/277 373/373/277 375/375/277
f 375/375/276 376/376/276 377/377/276
f 377/377/276 378/378/276 379/379/276
f 375/375/277 377/377/277 379/379/277
f 371/371/277 375/375/277 379/379/277
f 367/367/277 371/371/277 379/379/277
f 379/379/276 380/380/276 381/381/276
f 367/367/277 379/379/277 381/381/277
f 365/365/277 367/367/277 381/381/277
f 382/382/277 365/365/277 381/381/277
s 1
f 383/383/278 384/384/279 305/305/233
f 305/305/233 304/304/232 383/383/278
f 385/385/280 383/383/278 304/304/232
f 304/304/232 308/308/236 385/385/280
f 386/386/281 385/385/280 308/308/236
f 308/308/236 310/310/238 386/386/281
f 387/387/282 388/388/283 313/313/241
f 313/313/241 312/312/240 387/387/282
f 389/389/284 387/387/282 312/312/240
f 312/312/240 316/316/244 389/389/284
f 390/390/285 389/389/284 316/316/244
f 316/316/244 318/318/246 390/390/285
f 391/391/286 392/392/287 321/321/249
f 321/321/249 320/320/248 391/391/286
f 393/393/288 391/391/286 320/320/248
f 320/320/248 324/324/252 393/393/288
f 394/394/289 393/393/288 324/324/252
f 324/324/252 326/326/254 394/394/289
f 395/395/290 394/394/289 326/326/254
f 326/326/254 328/328/256 395/395/290
f 396/396/291 395/395/290 328/328/256
f 328/328/256 330/330/258 396/396/291
f 397/397/292 396/396/291 330/330/258
f 330/330/258 332/332/260 397/397/292
f 398/398/293 399/399/294 335/335/263
f 335/335/263 334/334/262 398/398/293
f 400/400/295 398/398/293 334/334/262
f 334/334/262 338/338/266 400/400/295
f 401/401/296 400/400/295 338/338/266
f 338/338/266 340/340/268 401/401/296
f 402/402/297 403/403/298 343/343/271
f 343/343/271 342/342/270 402/402/297
f 404/404/299 402/402/297 342/342/270
f 342/342/270 346/346/274 404/404/299
f 384/384/279 404/404/299 346/346/274
f 346/346/274 305/305/233 384/384/279
f 405/405/300 406/406/301 407/407/233
f 407/407/233 408/408/302 405/405/300
f 409/409/303 405/405/300 408/408/302
f 408/408/302 410/410/304 409/409/303
f 411/411/305 409/409/303 410/410/304
f 410/410/304 412/412/306 411/411/305
f 413/413/307 414/414/308 415/415/309
f 415/415/309 416/416/310 413/413/307
f 417/417/311 413/413/307 416/416/310
f 416/416/310 418/418/312 417/417/311
f 419/419/313 417/417/311 418/418/312
f 418/418/312 420/420/314 419/419/313
f 421/421/315 422/422/316 423/423/317
f 423/423/317 424/424/318 421/421/315
f 425/425/319 421/421/315 424/424/318
f 424/424/318 426/426/320 425/425/319
f 427/427/321 425/425/319 426/426/320
f 426/426/320 428/428/254 427/427/321
f 429/429/322 427/427/321 428/428/254
f 428/428/254 430/430/323 429/429/322
f 431/431/324 429/429/322 430/430/323
f 430/430/323 432/432/325 431/431/324
f 433/433/326 431/431/324 432/432/325
f 432/432/325 434/434/327 433/433/326
f 435/435/328 436/436/329 437/437/330
f 437/437/330 438/438/331 435/435/328
f 439/439/332 435/435/328 438/438/331
f 438/438/331 440/440/333 439/439/332
f 441/441/334 439/439/332 440/440/333
f 440/440/333 442/442/335 441/441/334
f 443/443/336 444/444/337 445/445/338
f 445/445/338 446/446/339 443/443/336
f 447/447/340 443/443/336 446/446/339
f 446/446/339 448/448/341 447/447/340
f 406/406/301 447/447/340 448/448/341
f 448/448/341 407/407/233 406/406/301
s 0
f 449/449/342 450/450/342 451/451/342
f 451/451/342 452/452/342 453/453/342
f 453/453/342 454/454/342 455/455/342
f 451/451/342 453/453/342 455/455/342
f 455/455/342 456/456/342 457/457/342
f 457/457/342 458/458/342 459/459/342
f 455/455/342 457/457/342 459/459/342
f 451/451/342 455/455/342 459/459/342
f 459/459/342 460/460/342 461/461/342
f 461/461/342 462/462/342 463/463/342
f 459/459/342 461/461/342 463/463/342
f 451/451/342 459/459/342 463/463/342
f 449/449/342 451/451/342 463/463/342
f 463/463/342 464/464/342 465/465/342
f 449/449/342 463/463/342 465/465/342
f 466/466/342 449/449/342 465/465/342
f 467/467/343 468/468/343 469/469/343
f 469/469/343 470/470/343 471/471/343
f 471/471/343 472/472/343 473/473/343
f 469/469/344 471/471/344 473/473/344
f 473/473/344 474/474/344 475/475/344
f 475/475/344 476/476/344 477/477/344
f 473/473/344 475/475/344 477/477/344
f 469/469/344 473/473/344 477/477/344
f 477/477/343 478/478/343 479/479/343
f 479/479/343 480/480/343 481/481/343
f 477/477/344 479/479/344 481/481/344
f 469/469/344 477/477/344 481/481/344
f 467/467/344 469/469/344 481/481/344
f 481/481/343 482/482/343 483/483/343
f 467/467/344 481/481/344 483/483/344
f 484/484/344 467/467/344 483/483/344
s 1
f 485/485/345 408/408/302 407/407/233
f 407/407/233 486/486/346 485/485/345
f 487/487/347 410/410/304 408/408/302
f 408/408/302 485/485/345 487/487/347
f 488/488/348 412/412/306 410/410/304
f 410/410/304 487/487/347 488/488/348
f 489/489/349 416/416/310 415/415/309
f 415/415/309 490/490/350 489/489/349
f 491/491/351 418/418/312 416/416/310
f 416/416/310 489/489/349 491/491/351
f 492/492/352 420/420/314 418/418/312
f 418/418/312 491/491/351 492/492/352
f 493/493/353 424/424/318 423/423/317
f 423/423/317 494/494/354 493/493/353
f 495/495/355 426/426/320 424/424/318
f 424/424/318 493/493/353 495/495/355
f 496/496/356 428/428/254 426/426/320
f 426/426/320 495/495/355 496/496/356
f 497/497/357 430/430/323 428/428/254
f 428/428/254 496/496/356 497/497/357
f 498/498/358 432/432/325 430/430/323
f 430/430/323 497/497/357 498/498/358
f 499/499/359 434/434/327 432/432/325
f 432/432/325 498/498/358 499/499/359
f 500/500/360 438/438/331 437/437/330
f 437/437/330 501/501/361 500/500/360
f 502/502/362 440/440/333 438/438/331
f 438/438/331 500/500/360 502/502/362
f 503/503/363 442/442/335 440/440/333
f 440/440/333 502/502/362 503/503/363
f 504/504/364 446/446/339 445/445/338
f 445/445/338 505/505/365 504/504/364
f 506/506/366 448/448/341 446/446/339
f 446/446/339 504/504/364 506/506/366
f 486/486/346 407/407/233 448/448/341
f 448/448/341 506/506/366 486/486/346
o Cylinder001_13_-_Default_0
v 130.207977 207.186966 -50.428532
v 128.027634 219.825745 -49.967537
v 128.921814 219.063538 -45.738316
v 129.708176 216.868835 -42.019199
v 130.291809 213.506348 -39.258770
v 130.602356 209.381668 -37.789974
v 130.602356 204.992264 -37.789970
v 130.291809 200.867569 -39.258766
v 129.708160 197.505096 -42.019192
v 128.921814 195.310394 -45.738312
v 128.027634 194.548172 -49.967533
v 127.133438 195.310379 -54.196751
v 126.347099 197.505066 -57.915867
v 125.763443 200.867538 -60.676300
v 125.452896 204.992233 -62.145096
v 125.452896 209.381638 -62.145103
v 125.763443 213.506332 -60.676311
v 126.347084 216.868805 -57.915886
v 127.133438 219.063522 -54.196770
v 123.430084 229.507614 -40.691807
v 121.749542 230.940109 -48.640152
v 124.907906 225.382935 -33.702156
v 126.004791 219.063538 -28.514240
v 126.588432 211.311661 -25.753815
v 126.588432 203.062271 -25.753809
v 126.004807 195.310394 -28.514238
v 124.907906 188.990982 -33.702145
v 123.430077 184.866287 -40.691795
v 121.749535 183.433807 -48.640129
v 120.069000 184.866287 -56.588474
v 118.591156 188.990952 -63.578133
v 117.494286 195.310364 -68.766037
v 116.910629 203.062241 -71.526466
v 116.910614 211.311615 -71.526482
v 117.494286 219.063507 -68.766060
v 118.591171 225.382904 -63.578159
v 120.069000 229.507614 -56.588509
v 114.395126 237.259521 -35.897697
v 123.430084 229.507614 -40.691807
v 121.749542 230.940109 -48.640152
v 112.130959 239.189514 -46.606464
v 116.386223 231.702316 -26.480566
v 124.907906 225.382935 -33.702156
v 123.430084 229.507614 -40.691807
v 114.395126 237.259521 -35.897697
v 117.864052 223.188232 -19.490913
v 126.004791 219.063538 -28.514240
v 118.650391 212.744141 -15.771793
v 126.588432 211.311661 -25.753815
v 126.004791 219.063538 -28.514240
v 117.864052 223.188232 -19.490913
v 118.650391 201.629791 -15.771788
v 126.588432 203.062271 -25.753809
v 117.864052 191.185684 -19.490904
v 126.004807 195.310394 -28.514238
v 116.386208 182.671600 -26.480549
v 124.907906 188.990982 -33.702145
v 126.004807 195.310394 -28.514238
v 117.864052 191.185684 -19.490904
v 114.395126 177.114410 -35.897675
v 123.430077 184.866287 -40.691795
v 112.130943 175.184418 -46.606441
v 121.749535 183.433807 -48.640129
v 123.430077 184.866287 -40.691795
v 114.395126 177.114410 -35.897675
v 109.866760 177.114380 -57.315216
v 120.069000 184.866287 -56.588474
v 107.875687 182.671555 -66.732346
v 118.591156 188.990952 -63.578133
v 120.069000 184.866287 -56.588474
v 109.866760 177.114380 -57.315216
v 106.397850 191.185654 -73.722000
v 117.494286 195.310364 -68.766037
v 105.611511 201.629745 -77.441147
v 116.910629 203.062241 -71.526466
v 117.494286 195.310364 -68.766037
v 106.397850 191.185654 -73.722000
v 105.611511 212.744110 -77.441147
v 116.910614 211.311615 -71.526482
v 106.397842 223.188187 -73.722038
v 117.494286 219.063507 -68.766060
v 107.875687 231.702286 -66.732399
v 118.591171 225.382904 -63.578159
v 117.494286 219.063507 -68.766060
v 106.397842 223.188187 -73.722038
v 109.866776 237.259491 -57.315262
v 120.069000 229.507614 -56.588509
v 120.069000 229.507614 -56.588509
v 109.866776 237.259491 -57.315262
v 102.906738 241.384216 -31.934221
v 100.332016 243.578918 -44.111790
v 105.170921 235.064819 -21.225458
v 116.386223 231.702316 -26.480566
v 106.851456 225.382935 -13.277116
v 116.386223 231.702316 -26.480566
v 105.170921 235.064819 -21.225458
v 107.745651 213.506363 -9.047887
v 107.745644 200.867584 -9.047885
v 106.851448 188.990997 -13.277107
v 105.170914 179.309113 -21.225439
v 116.386208 182.671600 -26.480549
v 102.906738 172.989716 -31.934204
v 116.386208 182.671600 -26.480549
v 105.170914 179.309113 -21.225439
v 100.332001 170.795013 -44.111759
v 97.757271 172.989716 -56.289322
v 95.493103 179.309082 -66.998093
v 107.875687 182.671555 -66.732346
v 93.812569 188.990952 -74.946434
v 107.875687 182.671555 -66.732346
v 95.493103 179.309082 -66.998093
v 92.918373 200.867523 -79.175674
v 92.918365 213.506317 -79.175690
v 93.812561 225.382889 -74.946472
v 95.493103 235.064774 -66.998146
v 107.875687 231.702286 -66.732399
v 97.757278 241.384201 -56.289394
v 107.875687 231.702286 -66.732399
v 95.493103 235.064774 -66.998146
v 90.350571 241.384216 -29.279442
v 87.775841 243.578918 -41.457008
v 92.614746 235.064819 -18.570675
v 94.295273 225.382935 -10.622337
v 92.614746 235.064819 -18.570675
v 95.189476 213.506363 -6.393113
v 95.189476 200.867584 -6.393111
v 94.295273 188.990997 -10.622325
v 92.614738 179.309128 -18.570660
v 90.350563 172.989731 -29.279425
v 92.614738 179.309128 -18.570660
v 87.775833 170.795013 -41.456982
v 85.201111 172.989716 -53.634544
v 82.936928 179.309082 -64.343307
v 81.256386 188.990952 -72.291656
v 82.936928 179.309082 -64.343307
v 80.362190 200.867538 -76.520905
v 80.362198 213.506317 -76.520905
v 81.256386 225.382889 -72.291695
v 82.936920 235.064774 -64.343361
v 85.201096 241.384201 -53.634609
v 82.936920 235.064774 -64.343361
v 78.241081 237.259521 -28.253559
v 75.976898 239.189514 -38.962330
v 80.232162 231.702332 -18.836426
v 81.709991 223.188232 -11.846774
v 80.232162 231.702332 -18.836426
v 82.496338 212.744156 -8.127656
v 82.496330 201.629791 -8.127654
v 81.709991 191.185699 -11.846766
v 80.232155 182.671600 -18.836412
v 78.241066 177.114426 -28.253538
v 80.232155 182.671600 -18.836412
v 75.976883 175.184433 -38.962307
v 73.712715 177.114410 -49.671074
v 71.721626 182.671570 -59.088207
v 70.243790 191.185654 -66.077866
v 71.721626 182.671570 -59.088207
v 69.457451 201.629745 -69.796989
v 69.457451 212.744110 -69.797005
v 70.243790 223.188187 -66.077888
v 71.721626 231.702286 -59.088253
v 73.712708 237.259506 -49.671127
v 71.721626 231.702286 -59.088253
v 68.038841 229.507629 -28.980307
v 66.358307 230.940109 -36.928650
v 69.516685 225.382935 -21.990658
v 80.232162 231.702332 -18.836426
v 78.241081 237.259521 -28.253559
v 68.038841 229.507629 -28.980307
v 70.613579 219.063553 -16.802742
v 81.709991 223.188232 -11.846774
v 71.197212 211.311661 -14.042315
v 70.613579 219.063553 -16.802742
v 71.197212 203.062286 -14.042311
v 70.613564 195.310410 -16.802736
v 69.516678 188.990997 -21.990644
v 80.232155 182.671600 -18.836412
v 81.709991 191.185699 -11.846766
v 70.613564 195.310410 -16.802736
v 68.038841 184.866302 -28.980293
v 78.241066 177.114426 -28.253538
v 66.358299 183.433807 -36.928627
v 68.038841 184.866302 -28.980293
v 64.677773 184.866287 -44.876972
v 63.199928 188.990982 -51.866627
v 71.721626 182.671570 -59.088207
v 73.712715 177.114410 -49.671074
v 64.677773 184.866287 -44.876972
v 62.103039 195.310364 -57.054539
v 70.243790 191.185654 -66.077866
v 61.519398 203.062241 -59.814980
v 62.103039 195.310364 -57.054539
v 61.519398 211.311630 -59.814980
v 62.103039 219.063507 -57.054558
v 63.199936 225.382919 -51.866661
v 71.721626 231.702286 -59.088253
v 70.243790 223.188187 -66.077888
v 62.103039 219.063507 -57.054558
v 64.677773 229.507614 -44.877014
v 73.712708 237.259506 -49.671127
v 64.677773 229.507614 -44.877014
v 60.974411 219.063553 -31.372030
v 68.038841 229.507629 -28.980307
v 66.358307 230.940109 -36.928650
v 60.080219 219.825760 -35.601254
v 61.760761 216.868851 -27.652912
v 69.516685 225.382935 -21.990658
v 62.344398 213.506363 -24.892483
v 70.613579 219.063553 -16.802742
v 62.654953 209.381668 -23.423689
v 71.197212 211.311661 -14.042315
v 62.654953 204.992264 -23.423687
v 71.197212 203.062286 -14.042311
v 62.344398 200.867584 -24.892481
v 70.613564 195.310410 -16.802736
v 61.760750 197.505096 -27.652906
v 69.516678 188.990997 -21.990644
v 60.974411 195.310394 -31.372025
v 68.038841 184.866302 -28.980293
v 60.080212 194.548187 -35.601242
v 66.358299 183.433807 -36.928627
v 59.186031 195.310394 -39.830475
v 64.677773 184.866287 -44.876972
v 58.399677 197.505096 -43.549583
v 63.199928 188.990982 -51.866627
v 57.816036 200.867569 -46.310020
v 62.103039 195.310364 -57.054539
v 57.505486 204.992264 -47.778812
v 61.519398 203.062241 -59.814980
v 57.505486 209.381668 -47.778820
v 61.519398 211.311630 -59.814980
v 57.816036 213.506363 -46.310032
v 62.103039 219.063507 -57.054558
v 58.399677 216.868835 -43.549606
v 63.199936 225.382919 -51.866661
v 59.186024 219.063538 -39.830494
v 64.677773 229.507614 -44.877014
v 57.899864 207.186966 -35.140255
v 130.207977 207.186966 50.357605
v 128.921814 219.063538 45.667381
v 128.027634 219.825745 49.896610
v 129.708176 216.868835 41.948265
v 130.291809 213.506348 39.187843
v 130.602356 209.381668 37.719051
v 130.602356 204.992264 37.719048
v 130.291809 200.867569 39.187840
v 129.708160 197.505096 41.948265
v 128.921829 195.310394 45.667385
v 128.027634 194.548172 49.896606
v 127.133453 195.310379 54.125832
v 126.347099 197.505096 57.844940
v 125.763443 200.867569 60.605373
v 125.452896 204.992264 62.074169
v 125.452896 209.381668 62.074177
v 125.763443 213.506363 60.605377
v 126.347099 216.868835 57.844952
v 127.133438 219.063522 54.125843
v 123.430084 229.507614 40.620876
v 121.749542 230.940109 48.569218
v 124.907906 225.382935 33.631222
v 126.004807 219.063538 28.443314
v 126.588432 211.311661 25.682884
v 126.588432 203.062271 25.682882
v 126.004807 195.310394 28.443312
v 124.907906 188.990982 33.631218
v 123.430077 184.866287 40.620869
v 121.749535 183.433807 48.569210
v 120.069000 184.866287 56.517548
v 118.591156 188.990982 63.507198
v 117.494286 195.310394 68.695114
v 116.910629 203.062271 71.455536
v 116.910645 211.311646 71.455544
v 117.494286 219.063538 68.695122
v 118.591171 225.382935 63.507225
v 120.069000 229.507614 56.517582
v 114.395126 237.259521 35.826763
v 112.130966 239.189514 46.535530
v 121.749542 230.940109 48.569218
v 123.430084 229.507614 40.620876
v 116.386223 231.702316 26.409632
v 114.395126 237.259521 35.826763
v 123.430084 229.507614 40.620876
v 124.907906 225.382935 33.631222
v 117.864052 223.188232 19.419983
v 126.004807 219.063538 28.443314
v 118.650391 212.744141 15.700865
v 117.864052 223.188232 19.419983
v 126.004807 219.063538 28.443314
v 126.588432 211.311661 25.682884
v 118.650391 201.629791 15.700865
v 126.588432 203.062271 25.682882
v 117.864052 191.185684 19.419981
v 126.004807 195.310394 28.443312
v 116.386208 182.671600 26.409630
v 117.864052 191.185684 19.419981
v 126.004807 195.310394 28.443312
v 124.907906 188.990982 33.631218
v 114.395126 177.114410 35.826763
v 123.430077 184.866287 40.620869
v 112.130943 175.184418 46.535526
v 114.395126 177.114410 35.826763
v 123.430077 184.866287 40.620869
v 121.749535 183.433807 48.569210
v 109.866776 177.114410 57.244297
v 120.069000 184.866287 56.517548
v 107.875687 182.671585 66.661423
v 109.866776 177.114410 57.244297
v 120.069000 184.866287 56.517548
v 118.591156 188.990982 63.507198
v 106.397850 191.185684 73.651085
v 117.494286 195.310394 68.695114
v 105.611511 201.629776 77.370209
v 106.397850 191.185684 73.651085
v 117.494286 195.310394 68.695114
v 116.910629 203.062271 71.455536
v 105.611511 212.744141 77.370209
v 116.910645 211.311646 71.455544
v 106.397850 223.188217 73.651100
v 117.494286 219.063538 68.695122
v 107.875687 231.702316 66.661461
v 106.397850 223.188217 73.651100
v 117.494286 219.063538 68.695122
v 118.591171 225.382935 63.507225
v 109.866776 237.259521 57.244335
v 120.069000 229.507614 56.517582
v 109.866776 237.259521 57.244335
v 120.069000 229.507614 56.517582
v 102.906738 241.384216 31.863291
v 100.332016 243.578918 44.040855
v 105.170921 235.064819 21.154524
v 116.386223 231.702316 26.409632
v 106.851448 225.382935 13.206185
v 105.170921 235.064819 21.154524
v 116.386223 231.702316 26.409632
v 107.745644 213.506363 8.976964
v 107.745644 200.867584 8.976966
v 106.851440 188.990997 13.206186
v 105.170898 179.309113 21.154520
v 116.386208 182.671600 26.409630
v 102.906738 172.989716 31.863289
v 105.170898 179.309113 21.154520
v 116.386208 182.671600 26.409630
v 100.332001 170.795013 44.040848
v 97.757286 172.989716 56.218410
v 95.493103 179.309113 66.927177
v 107.875687 182.671585 66.661423
v 93.812569 188.990982 74.875526
v 95.493103 179.309113 66.927177
v 107.875687 182.671585 66.661423
v 92.918373 200.867554 79.104752
v 92.918373 213.506348 79.104759
v 93.812569 225.382919 74.875549
v 95.493103 235.064804 66.927216
v 107.875687 231.702316 66.661461
v 97.757278 241.384201 56.218452
v 95.493103 235.064804 66.927216
v 107.875687 231.702316 66.661461
v 90.350578 241.384216 29.208511
v 87.775841 243.578918 41.386070
v 92.614746 235.064819 18.499744
v 94.295273 225.382935 10.551411
v 92.614746 235.064819 18.499744
v 95.189468 213.506363 6.322186
v 95.189468 200.867584 6.322187
v 94.295273 188.990997 10.551408
v 92.614738 179.309128 18.499744
v 90.350563 172.989731 29.208509
v 92.614738 179.309128 18.499744
v 87.775833 170.795013 41.386066
v 85.201111 172.989716 53.563633
v 82.936928 179.309113 64.272400
v 81.256401 188.990982 72.220741
v 82.936928 179.309113 64.272400
v 80.362198 200.867569 76.449974
v 80.362198 213.506348 76.449982
v 81.256386 225.382919 72.220764
v 82.936928 235.064804 64.272438
v 85.201103 241.384201 53.563675
v 82.936928 235.064804 64.272438
v 78.241074 237.259521 28.182625
v 75.976898 239.189514 38.891403
v 80.232162 231.702332 18.765499
v 81.709991 223.188232 11.775849
v 80.232162 231.702332 18.765499
v 82.496330 212.744156 8.056733
v 82.496330 201.629791 8.056735
v 81.709991 191.185699 11.775849
v 80.232155 182.671600 18.765497
v 78.241066 177.114426 28.182627
v 80.232155 182.671600 18.765497
v 75.976883 175.184433 38.891392
v 73.712715 177.114410 49.600163
v 71.721634 182.671600 59.017296
v 70.243797 191.185684 66.006950
v 71.721634 182.671600 59.017296
v 69.457458 201.629776 69.726067
v 69.457458 212.744141 69.726082
v 70.243797 223.188217 66.006973
v 71.721634 231.702316 59.017326
v 73.712715 237.259506 49.600201
v 71.721634 231.702316 59.017326
v 68.038841 229.507629 28.909380
v 66.358307 230.940109 36.857723
v 69.516678 225.382935 21.919727
v 68.038841 229.507629 28.909380
v 78.241074 237.259521 28.182625
v 80.232162 231.702332 18.765499
v 70.613564 219.063553 16.731819
v 81.709991 223.188232 11.775849
v 71.197212 211.311661 13.971393
v 70.613564 219.063553 16.731819
v 71.197212 203.062286 13.971390
v 70.613564 195.310410 16.731821
v 69.516678 188.990997 21.919729
v 70.613564 195.310410 16.731821
v 81.709991 191.185699 11.775849
v 80.232155 182.671600 18.765497
v 68.038841 184.866302 28.909378
v 78.241066 177.114426 28.182627
v 66.358299 183.433807 36.857716
v 68.038841 184.866302 28.909378
v 64.677773 184.866287 44.806049
v 63.199944 188.990982 51.795708
v 64.677773 184.866287 44.806049
v 73.712715 177.114410 49.600163
v 71.721634 182.671600 59.017296
v 62.103039 195.310394 56.983620
v 70.243797 191.185684 66.006950
v 61.519405 203.062271 59.744053
v 62.103039 195.310394 56.983620
v 61.519398 211.311661 59.744061
v 62.103039 219.063538 56.983631
v 63.199936 225.382919 51.795727
v 62.103039 219.063538 56.983631
v 70.243797 223.188217 66.006973
v 71.721634 231.702316 59.017326
v 64.677773 229.507614 44.806084
v 73.712715 237.259506 49.600201
v 64.677773 229.507614 44.806084
v 60.974411 219.063553 31.301107
v 60.080219 219.825760 35.530334
v 66.358307 230.940109 36.857723
v 68.038841 229.507629 28.909380
v 61.760757 216.868851 27.581997
v 69.516678 225.382935 21.919727
v 62.344398 213.506363 24.821568
v 70.613564 219.063553 16.731819
v 62.654953 209.381668 23.352770
v 71.197212 211.311661 13.971393
v 62.654953 204.992264 23.352768
v 71.197212 203.062286 13.971390
v 62.344398 200.867584 24.821566
v 70.613564 195.310410 16.731821
v 61.760750 197.505096 27.581991
v 69.516678 188.990997 21.919729
v 60.974411 195.310394 31.301105
v 68.038841 184.866302 28.909378
v 60.080212 194.548187 35.530327
v 66.358299 183.433807 36.857716
v 59.186031 195.310394 39.759556
v 64.677773 184.866287 44.806049
v 58.399677 197.505096 43.478672
v 63.199944 188.990982 51.795708
v 57.816036 200.867569 46.239101
v 62.103039 195.310394 56.983620
v 57.505486 204.992264 47.707893
v 61.519405 203.062271 59.744053
v 57.505486 209.381668 47.707901
v 61.519398 211.311661 59.744061
v 57.816036 213.506363 46.239105
v 62.103039 219.063538 56.983631
v 58.399677 216.868835 43.478683
v 63.199936 225.382919 51.795727
v 59.186024 219.063538 39.759567
v 64.677773 229.507614 44.806084
v 57.899864 207.186966 35.069340
vn 0.9774 -0.0000 -0.2112
vn 0.9096 0.3667 -0.1952
vn 0.9361 0.3441 -0.0725
vn 0.9594 0.2800 0.0349
vn 0.9766 0.1824 0.1143
vn 0.9857 0.0633 0.1563
vn 0.9857 -0.0633 0.1563
vn 0.9766 -0.1824 0.1143
vn 0.9594 -0.2800 0.0349
vn 0.9361 -0.3441 -0.0725
vn 0.9096 -0.3667 -0.1952
vn 0.8831 -0.3448 -0.3181
vn 0.8599 -0.2810 -0.4262
vn 0.8427 -0.1833 -0.5063
vn 0.8335 -0.0636 -0.5488
vn 0.8335 0.0636 -0.5488
vn 0.8427 0.1833 -0.5063
vn 0.8599 0.2810 -0.4262
vn 0.8831 0.3448 -0.3181
vn 0.7761 0.6275 0.0630
vn 0.7280 0.6665 -0.1606
vn 0.8186 0.5121 0.2602
vn 0.8502 0.3345 0.4066
vn 0.8671 0.1162 0.4845
vn 0.8671 -0.1162 0.4845
vn 0.8502 -0.3345 0.4066
vn 0.8186 -0.5121 0.2601
vn 0.7761 -0.6275 0.0630
vn 0.7280 -0.6665 -0.1606
vn 0.6803 -0.6248 -0.3833
vn 0.6387 -0.5078 -0.5781
vn 0.6081 -0.3306 -0.7217
vn 0.5920 -0.1147 -0.7977
vn 0.5920 0.1147 -0.7977
vn 0.6082 0.3306 -0.7217
vn 0.6387 0.5079 -0.5781
vn 0.6803 0.6247 -0.3833
vn 0.5229 0.8312 0.1888
vn 0.7760 0.6275 0.0630
vn 0.7279 0.6666 -0.1606
vn 0.4607 0.8810 -0.1072
vn 0.5785 0.6797 0.4510
vn 0.8185 0.5122 0.2602
vn 0.7760 0.6275 0.0631
vn 0.5230 0.8312 0.1888
vn 0.6200 0.4446 0.6464
vn 0.8501 0.3345 0.4066
vn 0.6423 0.1546 0.7507
vn 0.8670 0.1162 0.4845
vn 0.8501 0.3345 0.4067
vn 0.6423 -0.1546 0.7507
vn 0.8670 -0.1162 0.4846
vn 0.6200 -0.4446 0.6464
vn 0.8502 -0.3345 0.4067
vn 0.5784 -0.6797 0.4510
vn 0.8185 -0.5122 0.2602
vn 0.8501 -0.3345 0.4066
vn 0.5230 -0.8312 0.1889
vn 0.7760 -0.6275 0.0631
vn 0.4607 -0.8810 -0.1072
vn 0.7279 -0.6666 -0.1606
vn 0.5229 -0.8312 0.1888
vn 0.3996 -0.8244 -0.4009
vn 0.6802 -0.6248 -0.3833
vn 0.3469 -0.6694 -0.6570
vn 0.6386 -0.5079 -0.5781
vn 0.6802 -0.6248 -0.3834
vn 0.3997 -0.8243 -0.4009
vn 0.3084 -0.4356 -0.8457
vn 0.6081 -0.3307 -0.7217
vn 0.2881 -0.1511 -0.9456
vn 0.5920 -0.1147 -0.7978
vn 0.3083 -0.4356 -0.8457
vn 0.2881 0.1511 -0.9456
vn 0.5919 0.1147 -0.7978
vn 0.3083 0.4356 -0.8457
vn 0.6081 0.3306 -0.7217
vn 0.3469 0.6694 -0.6570
vn 0.6386 0.5079 -0.5781
vn 0.6081 0.3307 -0.7217
vn 0.3084 0.4356 -0.8457
vn 0.3997 0.8243 -0.4009
vn 0.6802 0.6248 -0.3834
vn 0.6802 0.6248 -0.3833
vn 0.3996 0.8244 -0.4009
vn 0.2199 0.9307 0.2923
vn 0.1545 0.9873 -0.0384
vn 0.2787 0.7614 0.5854
vn 0.5784 0.6798 0.4510
vn 0.3231 0.4984 0.8045
vn 0.5784 0.6797 0.4510
vn 0.2787 0.7613 0.5854
vn 0.3471 0.1734 0.9217
vn 0.3471 -0.1734 0.9217
vn 0.3231 -0.4984 0.8045
vn 0.2787 -0.7613 0.5854
vn 0.2199 -0.9307 0.2923
vn 0.5784 -0.6798 0.4510
vn 0.2787 -0.7614 0.5853
vn 0.1545 -0.9873 -0.0384
vn 0.0900 -0.9258 -0.3672
vn 0.0339 -0.7541 -0.6558
vn -0.0078 -0.4923 -0.8704
vn 0.0339 -0.7541 -0.6559
vn -0.0300 -0.1710 -0.9848
vn -0.0300 0.1710 -0.9848
vn -0.0078 0.4923 -0.8704
vn 0.0339 0.7541 -0.6559
vn 0.0900 0.9258 -0.3672
vn 0.3469 0.6694 -0.6569
vn 0.0339 0.7541 -0.6558
vn -0.0900 0.9258 0.3672
vn -0.1545 0.9873 0.0384
vn -0.0339 0.7541 0.6558
vn 0.0078 0.4923 0.8704
vn -0.0339 0.7541 0.6559
vn 0.0300 0.1710 0.9848
vn 0.0300 -0.1710 0.9848
vn 0.0078 -0.4923 0.8704
vn -0.0339 -0.7541 0.6559
vn -0.0900 -0.9258 0.3672
vn -0.0339 -0.7541 0.6558
vn -0.1545 -0.9873 0.0384
vn -0.2199 -0.9307 -0.2923
vn -0.2787 -0.7614 -0.5853
vn -0.3231 -0.4984 -0.8045
vn -0.2787 -0.7613 -0.5854
vn -0.3471 -0.1734 -0.9217
vn -0.3471 0.1734 -0.9217
vn -0.3231 0.4984 -0.8045
vn -0.2787 0.7613 -0.5854
vn -0.2199 0.9307 -0.2923
vn -0.2787 0.7614 -0.5854
vn -0.3996 0.8244 0.4009
vn -0.4607 0.8810 0.1072
vn -0.3469 0.6694 0.6569
vn -0.3083 0.4356 0.8457
vn -0.3469 0.6694 0.6570
vn -0.2881 0.1511 0.9456
vn -0.2881 -0.1511 0.9456
vn -0.3083 -0.4356 0.8457
vn -0.3469 -0.6694 0.6570
vn -0.3996 -0.8244 0.4009
vn -0.4607 -0.8810 0.1072
vn -0.5229 -0.8312 -0.1888
vn -0.5784 -0.6798 -0.4510
vn -0.6200 -0.4446 -0.6464
vn -0.5784 -0.6797 -0.4510
vn -0.6423 -0.1546 -0.7507
vn -0.6423 0.1546 -0.7507
vn -0.6200 0.4446 -0.6464
vn -0.5784 0.6797 -0.4510
vn -0.5229 0.8312 -0.1888
vn -0.5784 0.6798 -0.4510
vn -0.6802 0.6248 0.3833
vn -0.7279 0.6666 0.1606
vn -0.6386 0.5079 0.5781
vn -0.3997 0.8243 0.4009
vn -0.6802 0.6248 0.3834
vn -0.6081 0.3307 0.7217
vn -0.3084 0.4356 0.8457
vn -0.5919 0.1147 0.7978
vn -0.6081 0.3306 0.7217
vn -0.5920 -0.1147 0.7978
vn -0.6081 -0.3306 0.7217
vn -0.6386 -0.5079 0.5781
vn -0.3084 -0.4356 0.8457
vn -0.6081 -0.3307 0.7217
vn -0.6802 -0.6248 0.3834
vn -0.3997 -0.8243 0.4009
vn -0.7279 -0.6666 0.1606
vn -0.6802 -0.6248 0.3833
vn -0.7760 -0.6275 -0.0631
vn -0.8185 -0.5122 -0.2602
vn -0.5230 -0.8312 -0.1889
vn -0.8501 -0.3345 -0.4066
vn -0.8670 -0.1162 -0.4846
vn -0.8502 -0.3345 -0.4067
vn -0.8670 0.1162 -0.4845
vn -0.8501 0.3345 -0.4067
vn -0.8185 0.5122 -0.2602
vn -0.5785 0.6797 -0.4510
vn -0.8501 0.3345 -0.4066
vn -0.7760 0.6276 -0.0631
vn -0.5230 0.8312 -0.1888
vn -0.7760 0.6275 -0.0630
vn -0.8831 0.3448 0.3181
vn -0.6803 0.6247 0.3833
vn -0.7280 0.6665 0.1606
vn -0.9096 0.3667 0.1952
vn -0.8599 0.2810 0.4262
vn -0.6387 0.5079 0.5781
vn -0.8427 0.1833 0.5063
vn -0.6082 0.3306 0.7217
vn -0.8335 0.0636 0.5488
vn -0.5920 0.1147 0.7977
vn -0.8335 -0.0636 0.5488
vn -0.5920 -0.1147 0.7977
vn -0.8427 -0.1833 0.5063
vn -0.8599 -0.2810 0.4262
vn -0.6387 -0.5078 0.5781
vn -0.8831 -0.3448 0.3181
vn -0.6803 -0.6247 0.3833
vn -0.9096 -0.3667 0.1952
vn -0.7280 -0.6665 0.1606
vn -0.9361 -0.3441 0.0725
vn -0.7761 -0.6275 -0.0630
vn -0.9594 -0.2800 -0.0349
vn -0.8186 -0.5121 -0.2601
vn -0.9766 -0.1824 -0.1143
vn -0.8502 -0.3345 -0.4066
vn -0.9857 -0.0633 -0.1563
vn -0.8671 -0.1162 -0.4845
vn -0.9857 0.0633 -0.1563
vn -0.8671 0.1162 -0.4845
vn -0.9766 0.1824 -0.1143
vn -0.8502 0.3345 -0.4066
vn -0.9594 0.2800 -0.0349
vn -0.8186 0.5121 -0.2602
vn -0.9361 0.3441 0.0725
vn -0.7761 0.6275 -0.0630
vn -0.9774 -0.0000 0.2112
vn 0.9774 -0.0000 0.2112
vn 0.9361 0.3441 0.0725
vn 0.9096 0.3667 0.1952
vn 0.9594 0.2800 -0.0349
vn 0.9766 0.1824 -0.1143
vn 0.9857 0.0633 -0.1563
vn 0.9857 -0.0633 -0.1563
vn 0.9766 -0.1824 -0.1143
vn 0.9594 -0.2800 -0.0349
vn 0.9361 -0.3441 0.0725
vn 0.9096 -0.3667 0.1952
vn 0.8831 -0.3448 0.3181
vn 0.8599 -0.2810 0.4262
vn 0.8427 -0.1833 0.5063
vn 0.8335 -0.0636 0.5488
vn 0.8335 0.0636 0.5488
vn 0.8427 0.1833 0.5063
vn 0.8599 0.2810 0.4262
vn 0.8831 0.3448 0.3181
vn 0.7761 0.6275 -0.0630
vn 0.7280 0.6665 0.1606
vn 0.8186 0.5121 -0.2602
vn 0.8502 0.3345 -0.4066
vn 0.8671 0.1162 -0.4845
vn 0.8670 -0.1162 -0.4845
vn 0.8502 -0.3345 -0.4066
vn 0.8186 -0.5121 -0.2602
vn 0.7761 -0.6275 -0.0631
vn 0.7280 -0.6665 0.1606
vn 0.6803 -0.6248 0.3833
vn 0.6387 -0.5078 0.5781
vn 0.6081 -0.3306 0.7217
vn 0.5920 -0.1147 0.7977
vn 0.5920 0.1146 0.7978
vn 0.6082 0.3306 0.7217
vn 0.6387 0.5079 0.5781
vn 0.6803 0.6247 0.3833
vn 0.5229 0.8312 -0.1888
vn 0.4607 0.8810 0.1072
vn 0.7279 0.6666 0.1606
vn 0.7760 0.6275 -0.0631
vn 0.5785 0.6797 -0.4510
vn 0.5230 0.8312 -0.1889
vn 0.8185 0.5122 -0.2602
vn 0.6200 0.4446 -0.6464
vn 0.8501 0.3345 -0.4066
vn 0.6423 0.1546 -0.7507
vn 0.8502 0.3345 -0.4067
vn 0.8670 0.1162 -0.4845
vn 0.6423 -0.1546 -0.7507
vn 0.8670 -0.1162 -0.4846
vn 0.6200 -0.4446 -0.6464
vn 0.8501 -0.3345 -0.4067
vn 0.5784 -0.6797 -0.4510
vn 0.8501 -0.3345 -0.4066
vn 0.8185 -0.5122 -0.2602
vn 0.5230 -0.8312 -0.1888
vn 0.7760 -0.6276 -0.0631
vn 0.4607 -0.8810 0.1072
vn 0.5229 -0.8312 -0.1888
vn 0.7760 -0.6275 -0.0630
vn 0.7279 -0.6666 0.1606
vn 0.3996 -0.8244 0.4009
vn 0.6802 -0.6248 0.3833
vn 0.3469 -0.6694 0.6570
vn 0.3997 -0.8243 0.4009
vn 0.6802 -0.6248 0.3834
vn 0.6386 -0.5079 0.5781
vn 0.3084 -0.4356 0.8457
vn 0.6081 -0.3307 0.7217
vn 0.2881 -0.1511 0.9456
vn 0.3083 -0.4356 0.8457
vn 0.5920 -0.1147 0.7978
vn 0.2881 0.1511 0.9456
vn 0.5919 0.1147 0.7978
vn 0.3083 0.4356 0.8457
vn 0.6081 0.3307 0.7217
vn 0.3469 0.6694 0.6570
vn 0.3084 0.4356 0.8457
vn 0.6386 0.5079 0.5781
vn 0.3997 0.8243 0.4009
vn 0.6802 0.6248 0.3834
vn 0.3996 0.8244 0.4009
vn 0.6802 0.6248 0.3833
vn 0.2199 0.9307 -0.2923
vn 0.1545 0.9873 0.0384
vn 0.2787 0.7614 -0.5854
vn 0.5784 0.6798 -0.4510
vn 0.3231 0.4984 -0.8045
vn 0.2787 0.7613 -0.5854
vn 0.5784 0.6797 -0.4510
vn 0.3471 0.1734 -0.9217
vn 0.3471 -0.1734 -0.9217
vn 0.3231 -0.4984 -0.8045
vn 0.2787 -0.7613 -0.5854
vn 0.2199 -0.9307 -0.2923
vn 0.2787 -0.7614 -0.5853
vn 0.5784 -0.6798 -0.4510
vn 0.1545 -0.9873 0.0384
vn 0.0900 -0.9258 0.3672
vn 0.0339 -0.7541 0.6558
vn 0.3469 -0.6694 0.6569
vn -0.0078 -0.4923 0.8704
vn 0.0339 -0.7541 0.6559
vn -0.0300 -0.1710 0.9848
vn -0.0300 0.1710 0.9848
vn -0.0078 0.4923 0.8704
vn 0.0339 0.7541 0.6559
vn 0.0900 0.9258 0.3672
vn 0.0339 0.7541 0.6558
vn -0.0900 0.9258 -0.3672
vn -0.1545 0.9873 -0.0384
vn -0.0339 0.7541 -0.6558
vn 0.0078 0.4923 -0.8704
vn -0.0339 0.7541 -0.6559
vn 0.0300 0.1710 -0.9848
vn 0.0300 -0.1710 -0.9848
vn 0.0078 -0.4923 -0.8704
vn -0.0339 -0.7541 -0.6559
vn -0.0900 -0.9258 -0.3672
vn -0.0339 -0.7541 -0.6558
vn -0.1545 -0.9873 -0.0384
vn -0.2199 -0.9307 0.2923
vn -0.2787 -0.7614 0.5853
vn -0.3231 -0.4984 0.8045
vn -0.2787 -0.7613 0.5854
vn -0.3471 -0.1734 0.9217
vn -0.3471 0.1734 0.9217
vn -0.3231 0.4984 0.8045
vn -0.2787 0.7613 0.5854
vn -0.2199 0.9307 0.2923
vn -0.2787 0.7614 0.5854
vn -0.3996 0.8244 -0.4009
vn -0.4607 0.8810 -0.1072
vn -0.3469 0.6694 -0.6570
vn -0.3083 0.4356 -0.8457
vn -0.2881 0.1511 -0.9456
vn -0.2881 -0.1511 -0.9456
vn -0.3083 -0.4356 -0.8457
vn -0.3469 -0.6694 -0.6570
vn -0.3996 -0.8244 -0.4009
vn -0.3469 -0.6694 -0.6569
vn -0.4607 -0.8810 -0.1072
vn -0.5229 -0.8312 0.1888
vn -0.5784 -0.6798 0.4510
vn -0.6200 -0.4446 0.6464
vn -0.5784 -0.6797 0.4510
vn -0.6423 -0.1546 0.7507
vn -0.6423 0.1546 0.7507
vn -0.6200 0.4446 0.6464
vn -0.5784 0.6797 0.4510
vn -0.5229 0.8312 0.1888
vn -0.5784 0.6798 0.4510
vn -0.6802 0.6248 -0.3833
vn -0.7279 0.6666 -0.1606
vn -0.6386 0.5079 -0.5781
vn -0.6802 0.6248 -0.3834
vn -0.3997 0.8243 -0.4009
vn -0.6081 0.3307 -0.7217
vn -0.3084 0.4356 -0.8457
vn -0.5919 0.1147 -0.7978
vn -0.6081 0.3306 -0.7217
vn -0.5920 -0.1147 -0.7978
vn -0.6081 -0.3306 -0.7217
vn -0.6386 -0.5079 -0.5781
vn -0.6081 -0.3307 -0.7217
vn -0.3084 -0.4356 -0.8457
vn -0.6802 -0.6248 -0.3834
vn -0.3997 -0.8243 -0.4009
vn -0.7279 -0.6666 -0.1606
vn -0.6802 -0.6248 -0.3833
vn -0.7760 -0.6275 0.0630
vn -0.8185 -0.5122 0.2602
vn -0.7760 -0.6276 0.0631
vn -0.5230 -0.8312 0.1888
vn -0.8501 -0.3345 0.4066
vn -0.8670 -0.1162 0.4846
vn -0.8501 -0.3345 0.4067
vn -0.8670 0.1162 0.4845
vn -0.8502 0.3345 0.4067
vn -0.8185 0.5122 0.2602
vn -0.8501 0.3345 0.4066
vn -0.5785 0.6797 0.4510
vn -0.7760 0.6275 0.0631
vn -0.5230 0.8312 0.1889
vn -0.8831 0.3448 -0.3181
vn -0.9096 0.3667 -0.1952
vn -0.7280 0.6665 -0.1606
vn -0.6803 0.6247 -0.3833
vn -0.8599 0.2810 -0.4262
vn -0.6387 0.5079 -0.5781
vn -0.8427 0.1833 -0.5063
vn -0.6082 0.3306 -0.7217
vn -0.8335 0.0636 -0.5488
vn -0.5920 0.1147 -0.7977
vn -0.8335 -0.0636 -0.5488
vn -0.5920 -0.1147 -0.7977
vn -0.8427 -0.1833 -0.5063
vn -0.8599 -0.2810 -0.4262
vn -0.6387 -0.5078 -0.5781
vn -0.8831 -0.3448 -0.3181
vn -0.6803 -0.6248 -0.3833
vn -0.9096 -0.3667 -0.1952
vn -0.7280 -0.6665 -0.1606
vn -0.9361 -0.3441 -0.0725
vn -0.7761 -0.6275 0.0631
vn -0.9594 -0.2800 0.0349
vn -0.8186 -0.5121 0.2602
vn -0.9766 -0.1824 0.1143
vn -0.8502 -0.3345 0.4066
vn -0.9857 -0.0633 0.1563
vn -0.8671 -0.1162 0.4845
vn -0.9857 0.0633 0.1563
vn -0.8671 0.1162 0.4845
vn -0.9766 0.1824 0.1143
vn -0.8502 0.3345 0.4066
vn -0.9594 0.2800 0.0349
vn -0.8186 0.5121 0.2602
vn -0.9361 0.3441 -0.0725
vn -0.7761 0.6275 0.0630
vn -0.9774 -0.0000 -0.2112
vt 0.539971 0.589750
vt 0.539971 0.674074
vt 0.568812 0.668989
vt 0.594174 0.654346
vt 0.612998 0.631912
vt 0.623014 0.604393
vt 0.623014 0.575107
vt 0.612998 0.547588
vt 0.594174 0.525154
vt 0.568812 0.510511
vt 0.539971 0.505425
vt 0.511130 0.510511
vt 0.485768 0.525154
vt 0.466944 0.547588
vt 0.456928 0.575107
vt 0.456928 0.604393
vt 0.466944 0.631912
vt 0.485768 0.654346
vt 0.511130 0.668989
vt 0.594174 0.738670
vt 0.539971 0.748228
vt 0.641839 0.711151
vt 0.677217 0.668989
vt 0.696042 0.617269
vt 0.696042 0.562230
vt 0.677217 0.510511
vt 0.641839 0.468349
vt 0.594174 0.440829
vt 0.539971 0.431272
vt 0.485768 0.440829
vt 0.438103 0.468349
vt 0.402725 0.510511
vt 0.383901 0.562230
vt 0.383901 0.617269
vt 0.402725 0.668989
vt 0.438103 0.711151
vt 0.485768 0.738670
vt 0.178835 0.237963
vt 0.183070 0.252721
vt 0.195266 0.252721
vt 0.195266 0.237963
vt 0.120036 0.065444
vt 0.100890 0.067594
vt 0.100890 0.079978
vt 0.120036 0.082128
vt 0.116401 0.049765
vt 0.098192 0.055957
vt 0.126337 0.237963
vt 0.124186 0.252721
vt 0.135823 0.252721
vt 0.142015 0.237963
vt 0.109652 0.237963
vt 0.111802 0.252721
vt 0.093974 0.237963
vt 0.100166 0.252721
vt 0.181993 0.065444
vt 0.162848 0.067594
vt 0.162848 0.079978
vt 0.181993 0.082128
vt 0.178358 0.049765
vt 0.160150 0.055957
vt 0.195266 0.152666
vt 0.195266 0.167425
vt 0.207462 0.167425
vt 0.211697 0.152666
vt 0.178835 0.152666
vt 0.183070 0.167425
vt 0.097988 0.065444
vt 0.078843 0.067594
vt 0.078843 0.079978
vt 0.097988 0.082128
vt 0.094353 0.049765
vt 0.076145 0.055957
vt 0.126337 0.152666
vt 0.124186 0.167425
vt 0.135823 0.167425
vt 0.142015 0.152666
vt 0.109652 0.152666
vt 0.111802 0.167425
vt 0.093974 0.152666
vt 0.100166 0.167425
vt 0.252531 0.079118
vt 0.233386 0.081269
vt 0.233386 0.093653
vt 0.252531 0.095803
vt 0.248896 0.063440
vt 0.230688 0.069632
vt 0.207462 0.252721
vt 0.211697 0.237963
vt 0.176581 0.219859
vt 0.195266 0.219859
vt 0.160150 0.219859
vt 0.164386 0.237963
vt 0.145310 0.219859
vt 0.154796 0.237963
vt 0.159844 0.219859
vt 0.127481 0.219859
vt 0.108508 0.219859
vt 0.090679 0.219859
vt 0.076145 0.219859
vt 0.081193 0.237963
vt 0.213951 0.134562
vt 0.226146 0.152666
vt 0.230382 0.134562
vt 0.195266 0.134562
vt 0.176581 0.134562
vt 0.160150 0.134562
vt 0.164386 0.152666
vt 0.145310 0.134562
vt 0.154796 0.152666
vt 0.159844 0.134562
vt 0.127481 0.134562
vt 0.108508 0.134562
vt 0.090679 0.134562
vt 0.076145 0.134562
vt 0.081193 0.152666
vt 0.213951 0.219859
vt 0.226146 0.237963
vt 0.230382 0.219859
vt 0.176581 0.200593
vt 0.195266 0.200593
vt 0.160150 0.200593
vt 0.145310 0.200593
vt 0.159844 0.200593
vt 0.127481 0.200593
vt 0.108508 0.200593
vt 0.090679 0.200593
vt 0.076145 0.200593
vt 0.213951 0.115297
vt 0.230382 0.115297
vt 0.195266 0.115297
vt 0.176581 0.115297
vt 0.160150 0.115297
vt 0.145310 0.115297
vt 0.159844 0.115297
vt 0.127481 0.115297
vt 0.108508 0.115297
vt 0.090679 0.115297
vt 0.076145 0.115297
vt 0.213951 0.200593
vt 0.230382 0.200593
vt 0.178835 0.182489
vt 0.195266 0.182489
vt 0.164386 0.182489
vt 0.142015 0.182489
vt 0.154796 0.182489
vt 0.126337 0.182489
vt 0.109652 0.182489
vt 0.093974 0.182489
vt 0.081193 0.182489
vt 0.211697 0.097193
vt 0.226146 0.097193
vt 0.195266 0.097193
vt 0.178835 0.097193
vt 0.164386 0.097193
vt 0.142015 0.097193
vt 0.154796 0.097193
vt 0.126337 0.097193
vt 0.109652 0.097193
vt 0.093974 0.097193
vt 0.081193 0.097193
vt 0.211697 0.182489
vt 0.226146 0.182489
vt 0.183070 0.167731
vt 0.195266 0.167731
vt 0.139505 0.065672
vt 0.120240 0.065535
vt 0.121984 0.082128
vt 0.140800 0.077988
vt 0.140972 0.053817
vt 0.122216 0.049563
vt 0.124186 0.167731
vt 0.135823 0.167731
vt 0.111802 0.167731
vt 0.100166 0.167731
vt 0.201463 0.065672
vt 0.182198 0.065535
vt 0.183942 0.082128
vt 0.202757 0.077988
vt 0.202930 0.053817
vt 0.184174 0.049563
vt 0.195266 0.082435
vt 0.207462 0.082435
vt 0.183070 0.082435
vt 0.249953 0.046780
vt 0.230688 0.046643
vt 0.232432 0.063236
vt 0.251248 0.059096
vt 0.251420 0.034925
vt 0.232664 0.030670
vt 0.124186 0.082435
vt 0.135823 0.082435
vt 0.111802 0.082435
vt 0.100166 0.082435
vt 0.272001 0.079347
vt 0.252736 0.079210
vt 0.254480 0.095803
vt 0.273295 0.091663
vt 0.273468 0.067492
vt 0.254712 0.063237
vt 0.207462 0.167731
vt 0.272293 0.199235
vt 0.278000 0.183556
vt 0.265804 0.181406
vt 0.265804 0.198090
vt 0.278000 0.202529
vt 0.288724 0.189748
vt 0.282235 0.207577
vt 0.296684 0.199235
vt 0.284489 0.213769
vt 0.300920 0.210872
vt 0.284489 0.220358
vt 0.300920 0.223255
vt 0.282235 0.226550
vt 0.296684 0.234892
vt 0.278000 0.231598
vt 0.288724 0.244379
vt 0.272293 0.234892
vt 0.278000 0.250571
vt 0.265804 0.236036
vt 0.265804 0.252721
vt 0.259315 0.234892
vt 0.253608 0.250571
vt 0.253608 0.231598
vt 0.242884 0.244379
vt 0.249373 0.226550
vt 0.234924 0.234892
vt 0.247119 0.220358
vt 0.230688 0.223255
vt 0.247119 0.213769
vt 0.230688 0.210872
vt 0.249373 0.207577
vt 0.234924 0.199235
vt 0.253608 0.202529
vt 0.242884 0.189748
vt 0.259315 0.199235
vt 0.253608 0.183556
vt 0.265804 0.217063
s 1
usemtl 13_-_Default
f 507/507/367 508/508/368 509/509/369
f 507/507/367 509/509/369 510/510/370
f 507/507/367 510/510/370 511/511/371
f 507/507/367 511/511/371 512/512/372
f 507/507/367 512/512/372 513/513/373
f 507/507/367 513/513/373 514/514/374
f 507/507/367 514/514/374 515/515/375
f 507/507/367 515/515/375 516/516/376
f 507/507/367 516/516/376 517/517/377
f 507/507/367 517/517/377 518/518/378
f 507/507/367 518/518/378 519/519/379
f 507/507/367 519/519/379 520/520/380
f 507/507/367 520/520/380 521/521/381
f 507/507/367 521/521/381 522/522/382
f 507/507/367 522/522/382 523/523/383
f 507/507/367 523/523/383 524/524/384
f 507/507/367 524/524/384 525/525/385
f 507/507/367 525/525/385 508/508/368
f 526/526/386 509/509/369 508/508/368
f 508/508/368 527/527/387 526/526/386
f 528/528/388 510/510/370 509/509/369
f 509/509/369 526/526/386 528/528/388
f 529/529/389 511/511/371 510/510/370
f 510/510/370 528/528/388 529/529/389
f 530/530/390 512/512/372 511/511/371
f 511/511/371 529/529/389 530/530/390
f 531/531/391 513/513/373 512/512/372
f 512/512/372 530/530/390 531/531/391
f 532/532/392 514/514/374 513/513/373
f 513/513/373 531/531/391 532/532/392
f 533/533/393 515/515/375 514/514/374
f 514/514/374 532/532/392 533/533/393
f 534/534/394 516/516/376 515/515/375
f 515/515/375 533/533/393 534/534/394
f 535/535/395 517/517/377 516/516/376
f 516/516/376 534/534/394 535/535/395
f 536/536/396 518/518/378 517/517/377
f 517/517/377 535/535/395 536/536/396
f 537/537/397 519/519/379 518/518/378
f 518/518/378 536/536/396 537/537/397
f 538/538/398 520/520/380 519/519/379
f 519/519/379 537/537/397 538/538/398
f 539/539/399 521/521/381 520/520/380
f 520/520/380 538/538/398 539/539/399
f 540/540/400 522/522/382 521/521/381
f 521/521/381 539/539/399 540/540/400
f 541/541/401 523/523/383 522/522/382
f 522/522/382 540/540/400 541/541/401
f 542/542/402 524/524/384 523/523/383
f 523/523/383 541/541/401 542/542/402
f 543/543/403 525/525/385 524/524/384
f 524/524/384 542/542/402 543/543/403
f 527/527/387 508/508/368 525/525/385
f 525/525/385 543/543/403 527/527/387
f 544/544/404 545/545/405 546/546/406
f 546/546/406 547/547/407 544/544/404
f 548/548/408 549/549/409 550/550/410
f 550/550/410 551/551/411 548/548/408
f 552/552/412 553/553/413 549/549/409
f 549/549/409 548/548/408 552/552/412
f 554/554/414 555/555/415 556/556/416
f 556/556/416 557/557/412 554/554/414
f 558/558/417 559/559/418 555/555/415
f 555/555/415 554/554/414 558/558/417
f 560/560/419 561/561/420 559/559/418
f 559/559/418 558/558/417 560/560/419
f 562/562/421 563/563/422 564/564/423
f 564/564/423 565/565/419 562/562/421
f 566/566/424 567/567/425 563/563/422
f 563/563/422 562/562/421 566/566/424
f 568/568/426 569/569/427 570/570/425
f 570/570/425 571/571/428 568/568/426
f 572/572/429 573/573/430 569/569/427
f 569/569/427 568/568/426 572/572/429
f 574/574/431 575/575/432 576/576/433
f 576/576/433 577/577/434 574/574/431
f 578/578/435 579/579/436 575/575/432
f 575/575/432 574/574/431 578/578/435
f 580/580/437 581/581/438 582/582/436
f 582/582/436 583/583/439 580/580/437
f 584/584/440 585/585/441 581/581/438
f 581/581/438 580/580/437 584/584/440
f 586/586/442 587/587/443 585/585/441
f 585/585/441 584/584/440 586/586/442
f 588/588/444 589/589/445 590/590/446
f 590/590/446 591/591/447 588/588/444
f 592/592/448 593/593/449 589/589/445
f 589/589/445 588/588/444 592/592/448
f 547/547/407 546/546/406 594/594/450
f 594/594/450 595/595/451 547/547/407
f 596/596/452 544/544/404 547/547/407
f 547/547/407 597/597/453 596/596/452
f 598/598/454 599/599/455 544/544/404
f 544/544/404 596/596/452 598/598/454
f 600/600/456 557/557/412 601/601/457
f 601/601/457 602/602/458 600/600/456
f 603/603/459 554/554/414 557/557/412
f 557/557/412 600/600/456 603/603/459
f 604/604/460 558/558/417 554/554/414
f 554/554/414 603/603/459 604/604/460
f 605/605/461 560/560/419 558/558/417
f 558/558/417 604/604/460 605/605/461
f 606/606/462 607/607/421 560/560/419
f 560/560/419 605/605/461 606/606/462
f 608/608/463 571/571/428 609/609/464
f 609/609/464 610/610/465 608/608/463
f 611/611/466 568/568/426 571/571/428
f 571/571/428 608/608/463 611/611/466
f 612/612/467 572/572/429 568/568/426
f 568/568/426 611/611/466 612/612/467
f 613/613/468 614/614/431 572/572/429
f 572/572/429 612/612/467 613/613/468
f 615/615/469 583/583/439 616/616/431
f 616/616/431 617/617/470 615/615/469
f 618/618/471 580/580/437 583/583/439
f 583/583/439 615/615/469 618/618/471
f 619/619/472 584/584/440 580/580/437
f 580/580/437 618/618/471 619/619/472
f 620/620/473 586/586/442 584/584/440
f 584/584/440 619/619/472 620/620/473
f 621/621/474 622/622/444 586/586/442
f 586/586/442 620/620/473 621/621/474
f 623/623/475 595/595/451 624/624/476
f 624/624/476 625/625/477 623/623/475
f 597/597/453 547/547/407 595/595/451
f 595/595/451 623/623/475 597/597/453
f 626/626/478 596/596/452 597/597/453
f 597/597/453 627/627/479 626/626/478
f 628/628/480 598/598/454 596/596/452
f 596/596/452 626/626/478 628/628/480
f 629/629/481 600/600/456 602/602/458
f 602/602/458 630/630/482 629/629/481
f 631/631/483 603/603/459 600/600/456
f 600/600/456 629/629/481 631/631/483
f 632/632/484 604/604/460 603/603/459
f 603/603/459 631/631/483 632/632/484
f 633/633/485 605/605/461 604/604/460
f 604/604/460 632/632/484 633/633/485
f 634/634/486 606/606/462 605/605/461
f 605/605/461 633/633/485 634/634/486
f 635/635/487 608/608/463 610/610/465
f 610/610/465 636/636/488 635/635/487
f 637/637/489 611/611/466 608/608/463
f 608/608/463 635/635/487 637/637/489
f 638/638/490 612/612/467 611/611/466
f 611/611/466 637/637/489 638/638/490
f 639/639/491 613/613/468 612/612/467
f 612/612/467 638/638/490 639/639/491
f 640/640/492 615/615/469 617/617/470
f 617/617/470 641/641/493 640/640/492
f 642/642/494 618/618/471 615/615/469
f 615/615/469 640/640/492 642/642/494
f 643/643/495 619/619/472 618/618/471
f 618/618/471 642/642/494 643/643/495
f 644/644/496 620/620/473 619/619/472
f 619/619/472 643/643/495 644/644/496
f 645/645/497 621/621/474 620/620/473
f 620/620/473 644/644/496 645/645/497
f 646/646/498 623/623/475 625/625/477
f 625/625/477 647/647/499 646/646/498
f 627/627/479 597/597/453 623/623/475
f 623/623/475 646/646/498 627/627/479
f 648/648/500 626/626/478 627/627/479
f 627/627/479 649/649/501 648/648/500
f 650/650/502 628/628/480 626/626/478
f 626/626/478 648/648/500 650/650/502
f 651/651/503 629/629/481 630/630/482
f 630/630/482 652/652/504 651/651/503
f 653/653/505 631/631/483 629/629/481
f 629/629/481 651/651/503 653/653/505
f 654/654/506 632/632/484 631/631/483
f 631/631/483 653/653/505 654/654/506
f 655/655/507 633/633/485 632/632/484
f 632/632/484 654/654/506 655/655/507
f 656/656/508 634/634/486 633/633/485
f 633/633/485 655/655/507 656/656/508
f 657/657/509 635/635/487 636/636/488
f 636/636/488 658/658/508 657/657/509
f 659/659/510 637/637/489 635/635/487
f 635/635/487 657/657/509 659/659/510
f 660/660/511 638/638/490 637/637/489
f 637/637/489 659/659/510 660/660/511
f 661/661/512 639/639/491 638/638/490
f 638/638/490 660/660/511 661/661/512
f 662/662/513 640/640/492 641/641/493
f 641/641/493 663/663/514 662/662/513
f 664/664/515 642/642/494 640/640/492
f 640/640/492 662/662/513 664/664/515
f 665/665/516 643/643/495 642/642/494
f 642/642/494 664/664/515 665/665/516
f 666/666/517 644/644/496 643/643/495
f 643/643/495 665/665/516 666/666/517
f 667/667/518 645/645/497 644/644/496
f 644/644/496 666/666/517 667/667/518
f 668/668/519 646/646/498 647/647/499
f 647/647/499 669/669/520 668/668/519
f 649/649/501 627/627/479 646/646/498
f 646/646/498 668/668/519 649/649/501
f 670/670/521 648/648/500 649/649/501
f 649/649/501 671/671/522 670/670/521
f 672/672/523 673/673/504 674/674/524
f 674/674/524 675/675/525 672/672/523
f 676/676/526 677/677/527 673/673/504
f 673/673/504 672/672/523 676/676/526
f 678/678/528 653/653/505 651/651/503
f 651/651/503 679/679/529 678/678/528
f 680/680/530 654/654/506 653/653/505
f 653/653/505 678/678/528 680/680/530
f 681/681/531 655/655/507 654/654/506
f 654/654/506 680/680/530 681/681/531
f 682/682/532 683/683/508 684/684/533
f 684/684/533 685/685/534 682/682/532
f 686/686/535 687/687/536 683/683/508
f 683/683/508 682/682/532 686/686/535
f 688/688/537 659/659/510 657/657/509
f 657/657/509 689/689/538 688/688/537
f 690/690/539 660/660/511 659/659/510
f 659/659/510 688/688/537 690/690/539
f 691/691/540 692/692/514 693/693/541
f 693/693/541 694/694/539 691/691/540
f 695/695/542 696/696/513 692/692/514
f 692/692/514 691/691/540 695/695/542
f 697/697/543 664/664/515 662/662/513
f 662/662/513 698/698/544 697/697/543
f 699/699/545 665/665/516 664/664/515
f 664/664/515 697/697/543 699/699/545
f 700/700/546 666/666/517 665/665/516
f 665/665/516 699/699/545 700/700/546
f 701/701/547 702/702/548 703/703/517
f 703/703/517 704/704/549 701/701/547
f 705/705/550 706/706/551 702/702/548
f 702/702/548 701/701/547 705/705/550
f 671/671/522 649/649/501 668/668/519
f 668/668/519 707/707/552 671/671/522
f 708/708/553 709/709/554 710/710/555
f 710/710/555 711/711/556 708/708/553
f 712/712/557 713/713/558 709/709/554
f 709/709/554 708/708/553 712/712/557
f 714/714/559 715/715/560 713/713/558
f 713/713/558 712/712/557 714/714/559
f 716/716/561 717/717/562 715/715/560
f 715/715/560 714/714/559 716/716/561
f 718/718/563 719/719/564 717/717/562
f 717/717/562 716/716/561 718/718/563
f 720/720/565 721/721/531 719/719/564
f 719/719/564 718/718/563 720/720/565
f 722/722/566 723/723/567 721/721/531
f 721/721/531 720/720/565 722/722/566
f 724/724/568 725/725/569 723/723/567
f 723/723/567 722/722/566 724/724/568
f 726/726/570 727/727/571 725/725/569
f 725/725/569 724/724/568 726/726/570
f 728/728/572 729/729/573 727/727/571
f 727/727/571 726/726/570 728/728/572
f 730/730/574 731/731/575 729/729/573
f 729/729/573 728/728/572 730/730/574
f 732/732/576 733/733/577 731/731/575
f 731/731/575 730/730/574 732/732/576
f 734/734/578 735/735/579 733/733/577
f 733/733/577 732/732/576 734/734/578
f 736/736/580 737/737/581 735/735/579
f 735/735/579 734/734/578 736/736/580
f 738/738/582 739/739/583 737/737/581
f 737/737/581 736/736/580 738/738/582
f 740/740/584 741/741/585 739/739/583
f 739/739/583 738/738/582 740/740/584
f 742/742/586 743/743/587 741/741/585
f 741/741/585 740/740/584 742/742/586
f 711/711/556 710/710/555 743/743/587
f 743/743/587 742/742/586 711/711/556
f 744/744/588 708/708/553 711/711/556
f 744/744/588 712/712/557 708/708/553
f 744/744/588 714/714/559 712/712/557
f 744/744/588 716/716/561 714/714/559
f 744/744/588 718/718/563 716/716/561
f 744/744/588 720/720/565 718/718/563
f 744/744/588 722/722/566 720/720/565
f 744/744/588 724/724/568 722/722/566
f 744/744/588 726/726/570 724/724/568
f 744/744/588 728/728/572 726/726/570
f 744/744/588 730/730/574 728/728/572
f 744/744/588 732/732/576 730/730/574
f 744/744/588 734/734/578 732/732/576
f 744/744/588 736/736/580 734/734/578
f 744/744/588 738/738/582 736/736/580
f 744/744/588 740/740/584 738/738/582
f 744/744/588 742/742/586 740/740/584
f 744/744/588 711/711/556 742/742/586
f 745/507/589 746/509/590 747/508/591
f 745/507/589 748/510/592 746/509/590
f 745/507/589 749/511/593 748/510/592
f 745/507/589 750/512/594 749/511/593
f 745/507/589 751/513/595 750/512/594
f 745/507/589 752/514/596 751/513/595
f 745/507/589 753/515/597 752/514/596
f 745/507/589 754/516/598 753/515/597
f 745/507/589 755/517/599 754/516/598
f 745/507/589 756/518/600 755/517/599
f 745/507/589 757/519/601 756/518/600
f 745/507/589 758/520/602 757/519/601
f 745/507/589 759/521/603 758/520/602
f 745/507/589 760/522/604 759/521/603
f 745/507/589 761/523/605 760/522/604
f 745/507/589 762/524/606 761/523/605
f 745/507/589 763/525/607 762/524/606
f 745/507/589 747/508/591 763/525/607
f 764/526/608 765/527/609 747/508/591
f 747/508/591 746/509/590 764/526/608
f 766/528/610 764/526/608 746/509/590
f 746/509/590 748/510/592 766/528/610
f 767/529/611 766/528/610 748/510/592
f 748/510/592 749/511/593 767/529/611
f 768/530/612 767/529/611 749/511/593
f 749/511/593 750/512/594 768/530/612
f 769/531/613 768/530/612 750/512/594
f 750/512/594 751/513/595 769/531/613
f 770/532/614 769/531/613 751/513/595
f 751/513/595 752/514/596 770/532/614
f 771/533/615 770/532/614 752/514/596
f 752/514/596 753/515/597 771/533/615
f 772/534/616 771/533/615 753/515/597
f 753/515/597 754/516/598 772/534/616
f 773/535/617 772/534/616 754/516/598
f 754/516/598 755/517/599 773/535/617
f 774/536/618 773/535/617 755/517/599
f 755/517/599 756/518/600 774/536/618
f 775/537/619 774/536/618 756/518/600
f 756/518/600 757/519/601 775/537/619
f 776/538/620 775/537/619 757/519/601
f 757/519/601 758/520/602 776/538/620
f 777/539/621 776/538/620 758/520/602
f 758/520/602 759/521/603 777/539/621
f 778/540/622 777/539/621 759/521/603
f 759/521/603 760/522/604 778/540/622
f 779/541/623 778/540/622 760/522/604
f 760/522/604 761/523/605 779/541/623
f 780/542/624 779/541/623 761/523/605
f 761/523/605 762/524/606 780/542/624
f 781/543/625 780/542/624 762/524/606
f 762/524/606 763/525/607 781/543/625
f 765/527/609 781/543/625 763/525/607
f 763/525/607 747/508/591 765/527/609
f 782/544/626 783/547/627 784/546/628
f 784/546/628 785/545/629 782/544/626
f 786/548/630 787/551/631 788/550/629
f 788/550/629 789/549/632 786/548/630
f 790/552/633 786/548/630 789/549/632
f 789/549/632 791/553/634 790/552/633
f 792/554/635 793/557/633 794/556/636
f 794/556/636 795/555/637 792/554/635
f 796/558/638 792/554/635 795/555/637
f 795/555/637 797/559/639 796/558/638
f 798/560/640 796/558/638 797/559/639
f 797/559/639 799/561/641 798/560/640
f 800/562/642 801/565/640 802/564/643
f 802/564/643 803/563/644 800/562/642
f 804/566/645 800/562/642 803/563/644
f 803/563/644 805/567/646 804/566/645
f 806/568/647 807/571/648 808/570/649
f 808/570/649 809/569/650 806/568/647
f 810/572/651 806/568/647 809/569/650
f 809/569/650 811/573/652 810/572/651
f 812/574/653 813/577/654 814/576/655
f 814/576/655 815/575/656 812/574/653
f 816/578/657 812/574/653 815/575/656
f 815/575/656 817/579/658 816/578/657
f 818/580/659 819/583/660 820/582/620
f 820/582/620 821/581/661 818/580/659
f 822/584/662 818/580/659 821/581/661
f 821/581/661 823/585/663 822/584/662
f 824/586/664 822/584/662 823/585/663
f 823/585/663 825/587/665 824/586/664
f 826/588/666 827/591/667 828/590/665
f 828/590/665 829/589/668 826/588/666
f 830/592/669 826/588/666 829/589/668
f 829/589/668 831/593/670 830/592/669
f 783/547/627 832/595/671 833/594/672
f 833/594/672 784/546/628 783/547/627
f 834/596/673 835/597/674 783/547/627
f 783/547/627 782/544/626 834/596/673
f 836/598/675 834/596/673 782/544/626
f 782/544/626 837/599/676 836/598/675
f 838/600/677 839/602/678 840/601/679
f 840/601/679 793/557/633 838/600/677
f 841/603/680 838/600/677 793/557/633
f 793/557/633 792/554/635 841/603/680
f 842/604/681 841/603/680 792/554/635
f 792/554/635 796/558/638 842/604/681
f 843/605/682 842/604/681 796/558/638
f 796/558/638 798/560/640 843/605/682
f 844/606/683 843/605/682 798/560/640
f 798/560/640 845/607/642 844/606/683
f 846/608/684 847/610/685 848/609/686
f 848/609/686 807/571/648 846/608/684
f 849/611/687 846/608/684 807/571/648
f 807/571/648 806/568/647 849/611/687
f 850/612/688 849/611/687 806/568/647
f 806/568/647 810/572/651 850/612/688
f 851/613/689 850/612/688 810/572/651
f 810/572/651 852/614/690 851/613/689
f 853/615/691 854/617/692 855/616/653
f 855/616/653 819/583/660 853/615/691
f 856/618/693 853/615/691 819/583/660
f 819/583/660 818/580/659 856/618/693
f 857/619/694 856/618/693 818/580/659
f 818/580/659 822/584/662 857/619/694
f 858/620/695 857/619/694 822/584/662
f 822/584/662 824/586/664 858/620/695
f 859/621/696 858/620/695 824/586/664
f 824/586/664 860/622/666 859/621/696
f 861/623/697 862/625/698 863/624/666
f 863/624/666 832/595/671 861/623/697
f 835/597/674 861/623/697 832/595/671
f 832/595/671 783/547/627 835/597/674
f 864/626/699 865/627/700 835/597/674
f 835/597/674 834/596/673 864/626/699
f 866/628/701 864/626/699 834/596/673
f 834/596/673 836/598/675 866/628/701
f 867/629/702 868/630/703 839/602/678
f 839/602/678 838/600/677 867/629/702
f 869/631/704 867/629/702 838/600/677
f 838/600/677 841/603/680 869/631/704
f 870/632/705 869/631/704 841/603/680
f 841/603/680 842/604/681 870/632/705
f 871/633/706 870/632/705 842/604/681
f 842/604/681 843/605/682 871/633/706
f 872/634/707 871/633/706 843/605/682
f 843/605/682 844/606/683 872/634/707
f 873/635/708 874/636/709 847/610/685
f 847/610/685 846/608/684 873/635/708
f 875/637/710 873/635/708 846/608/684
f 846/608/684 849/611/687 875/637/710
f 876/638/711 875/637/710 849/611/687
f 849/611/687 850/612/688 876/638/711
f 877/639/712 876/638/711 850/612/688
f 850/612/688 851/613/689 877/639/712
f 878/640/713 879/641/714 854/617/692
f 854/617/692 853/615/691 878/640/713
f 880/642/715 878/640/713 853/615/691
f 853/615/691 856/618/693 880/642/715
f 881/643/716 880/642/715 856/618/693
f 856/618/693 857/619/694 881/643/716
f 882/644/717 881/643/716 857/619/694
f 857/619/694 858/620/695 882/644/717
f 883/645/718 882/644/717 858/620/695
f 858/620/695 859/621/696 883/645/718
f 884/646/719 885/647/720 862/625/698
f 862/625/698 861/623/697 884/646/719
f 865/627/700 884/646/719 861/623/697
f 861/623/697 835/597/674 865/627/700
f 886/648/721 887/649/722 865/627/700
f 865/627/700 864/626/699 886/648/721
f 888/650/723 886/648/721 864/626/699
f 864/626/699 866/628/701 888/650/723
f 889/651/724 890/652/723 868/630/703
f 868/630/703 867/629/702 889/651/724
f 891/653/725 889/651/724 867/629/702
f 867/629/702 869/631/704 891/653/725
f 892/654/726 891/653/725 869/631/704
f 869/631/704 870/632/705 892/654/726
f 893/655/727 892/654/726 870/632/705
f 870/632/705 871/633/706 893/655/727
f 894/656/728 893/655/727 871/633/706
f 871/633/706 872/634/707 894/656/728
f 895/657/729 896/658/730 874/636/709
f 874/636/709 873/635/708 895/657/729
f 897/659/731 895/657/729 873/635/708
f 873/635/708 875/637/710 897/659/731
f 898/660/732 897/659/731 875/637/710
f 875/637/710 876/638/711 898/660/732
f 899/661/733 898/660/732 876/638/711
f 876/638/711 877/639/712 899/661/733
f 900/662/734 901/663/735 879/641/714
f 879/641/714 878/640/713 900/662/734
f 902/664/736 900/662/734 878/640/713
f 878/640/713 880/642/715 902/664/736
f 903/665/737 902/664/736 880/642/715
f 880/642/715 881/643/716 903/665/737
f 904/666/738 903/665/737 881/643/716
f 881/643/716 882/644/717 904/666/738
f 905/667/739 904/666/738 882/644/717
f 882/644/717 883/645/718 905/667/739
f 906/668/740 907/669/741 885/647/720
f 885/647/720 884/646/719 906/668/740
f 887/649/722 906/668/740 884/646/719
f 884/646/719 865/627/700 887/649/722
f 908/670/742 909/671/743 887/649/722
f 887/649/722 886/648/721 908/670/742
f 910/672/744 911/675/745 912/674/746
f 912/674/746 913/673/723 910/672/744
f 914/676/747 910/672/744 913/673/723
f 913/673/723 915/677/748 914/676/747
f 916/678/749 917/679/750 889/651/724
f 889/651/724 891/653/725 916/678/749
f 918/680/751 916/678/749 891/653/725
f 891/653/725 892/654/726 918/680/751
f 919/681/752 918/680/751 892/654/726
f 892/654/726 893/655/727 919/681/752
f 920/682/753 921/685/754 922/684/755
f 922/684/755 923/683/728 920/682/753
f 924/686/756 920/682/753 923/683/728
f 923/683/728 925/687/757 924/686/756
f 926/688/758 927/689/759 895/657/729
f 895/657/729 897/659/731 926/688/758
f 928/690/760 926/688/758 897/659/731
f 897/659/731 898/660/732 928/690/760
f 929/691/761 930/694/762 931/693/763
f 931/693/763 932/692/735 929/691/761
f 933/695/764 929/691/761 932/692/735
f 932/692/735 934/696/734 933/695/764
f 935/697/765 936/698/766 900/662/734
f 900/662/734 902/664/736 935/697/765
f 937/699/767 935/697/765 902/664/736
f 902/664/736 903/665/737 937/699/767
f 938/700/768 937/699/767 903/665/737
f 903/665/737 904/666/738 938/700/768
f 939/701/769 940/704/770 941/703/738
f 941/703/738 942/702/771 939/701/769
f 943/705/772 939/701/769 942/702/771
f 942/702/771 944/706/773 943/705/772
f 909/671/743 945/707/772 906/668/740
f 906/668/740 887/649/722 909/671/743
f 946/708/774 947/711/775 948/710/776
f 948/710/776 949/709/777 946/708/774
f 950/712/778 946/708/774 949/709/777
f 949/709/777 951/713/779 950/712/778
f 952/714/780 950/712/778 951/713/779
f 951/713/779 953/715/781 952/714/780
f 954/716/782 952/714/780 953/715/781
f 953/715/781 955/717/783 954/716/782
f 956/718/784 954/716/782 955/717/783
f 955/717/783 957/719/785 956/718/784
f 958/720/786 956/718/784 957/719/785
f 957/719/785 959/721/752 958/720/786
f 960/722/787 958/720/786 959/721/752
f 959/721/752 961/723/788 960/722/787
f 962/724/789 960/722/787 961/723/788
f 961/723/788 963/725/790 962/724/789
f 964/726/791 962/724/789 963/725/790
f 963/725/790 965/727/792 964/726/791
f 966/728/793 964/726/791 965/727/792
f 965/727/792 967/729/794 966/728/793
f 968/730/795 966/728/793 967/729/794
f 967/729/794 969/731/796 968/730/795
f 970/732/797 968/730/795 969/731/796
f 969/731/796 971/733/798 970/732/797
f 972/734/799 970/732/797 971/733/798
f 971/733/798 973/735/800 972/734/799
f 974/736/801 972/734/799 973/735/800
f 973/735/800 975/737/802 974/736/801
f 976/738/803 974/736/801 975/737/802
f 975/737/802 977/739/804 976/738/803
f 978/740/805 976/738/803 977/739/804
f 977/739/804 979/741/806 978/740/805
f 980/742/807 978/740/805 979/741/806
f 979/741/806 981/743/808 980/742/807
f 947/711/775 980/742/807 981/743/808
f 981/743/808 948/710/776 947/711/775
f 982/744/809 947/711/775 946/708/774
f 982/744/809 946/708/774 950/712/778
f 982/744/809 950/712/778 952/714/780
f 982/744/809 952/714/780 954/716/782
f 982/744/809 954/716/782 956/718/784
f 982/744/809 956/718/784 958/720/786
f 982/744/809 958/720/786 960/722/787
f 982/744/809 960/722/787 962/724/789
f 982/744/809 962/724/789 964/726/791
f 982/744/809 964/726/791 966/728/793
f 982/744/809 966/728/793 968/730/795
f 982/744/809 968/730/795 970/732/797
f 982/744/809 970/732/797 972/734/799
f 982/744/809 972/734/799 974/736/801
f 982/744/809 974/736/801 976/738/803
f 982/744/809 976/738/803 978/740/805
f 982/744/809 978/740/805 980/742/807
f 982/744/809 980/742/807 947/711/775
o Cylinder001_09_-_Default_0
v -84.162193 258.710480 -0.349240
v -104.601730 254.876083 -0.349239
v -104.205574 254.910736 2.384085
v -103.032333 255.013397 5.012365
v -101.127098 255.180084 7.434601
v -98.563087 255.404388 9.557709
v -95.438828 255.677734 11.300096
v -91.874382 255.989594 12.594808
v -88.006729 256.327972 13.392085
v -83.984520 256.679840 13.661291
v -79.962303 257.031769 13.392079
v -76.094658 257.370148 12.594797
v -72.530212 257.681976 11.300081
v -69.405960 257.955322 9.557689
v -66.841949 258.179626 7.434578
v -64.936722 258.346313 5.012339
v -63.763489 258.448975 2.384058
v -63.367348 258.483612 -0.349240
v -123.123383 247.195801 5.012371
v -123.900475 247.127808 -0.349238
v -120.821999 247.397156 10.167927
v -117.084732 247.724121 14.919314
v -112.055244 248.164139 19.083941
v -105.926788 248.700317 22.501755
v -98.934883 249.312012 25.041424
v -91.348221 249.975769 26.605339
v -83.458359 250.666046 27.133406
v -75.568497 251.356323 26.605330
v -67.981834 252.020065 25.041403
v -60.989941 252.631775 22.501726
v -54.861492 253.167938 19.083902
v -49.832008 253.607971 14.919270
v -46.094765 253.934937 10.167877
v -43.793392 254.136276 5.012317
v -43.016319 254.204254 -0.349239
v -140.188629 235.862152 7.434613
v -141.316788 235.763443 -0.349237
v -136.847534 236.154449 14.919320
v -131.421875 236.629135 21.817265
v -124.120186 237.267944 27.863359
v -115.223038 238.046356 32.825264
v -105.072365 238.934418 36.512287
v -94.058235 239.898041 38.782745
v -82.603935 240.900146 39.549377
v -71.149635 241.902283 38.782726
v -60.135517 242.865875 36.512253
v -49.984852 243.753952 32.825218
v -41.087727 244.532349 27.863306
v -33.786049 245.171173 21.817200
v -28.360413 245.645844 14.919247
v -25.019333 245.938141 7.434536
v -23.891199 246.036850 -0.349238
v -154.745483 221.345261 9.557726
v -156.181351 221.219650 -0.349235
v -150.493073 221.717300 19.083950
v -143.587524 222.321457 27.863367
v -134.294235 223.134521 35.558586
v -122.970322 224.125229 41.873894
v -110.050964 225.255539 46.566582
v -96.032639 226.481979 49.456326
v -81.454086 227.757431 50.432064
v -66.875519 229.032898 49.456306
v -52.857212 230.259338 46.566544
v -39.937870 231.389633 41.873837
v -28.613976 232.380356 35.558517
v -19.320696 233.193405 27.863285
v -12.415172 233.797562 19.083858
v -8.162788 234.169601 9.557628
v -6.726949 234.295212 -0.349237
v -166.234558 204.203110 11.300121
v -167.922974 204.055389 -0.349233
v -161.234253 204.640579 22.501776
v -153.114197 205.350998 32.825279
v -142.186447 206.307053 41.873905
v -128.870926 207.472000 49.299919
v -113.679359 208.801102 54.817940
v -97.195564 210.243256 58.215908
v -80.052986 211.743042 59.363266
v -62.910416 213.242813 58.215885
v -46.426628 214.684952 54.817890
v -31.235081 216.014023 49.299850
v -17.919596 217.178986 41.873821
v -6.991854 218.135040 32.825180
v 1.128182 218.845444 22.501669
v 6.128448 219.282913 11.300006
v 7.816804 219.430618 -0.349235
v -174.214340 185.094391 12.594838
v -176.090393 184.930252 -0.349230
v -168.658279 185.580475 25.041451
v -159.635757 186.369843 36.512306
v -147.493484 187.432159 46.566601
v -132.698090 188.726593 54.817940
v -115.818123 190.203415 60.949242
v -97.502312 191.805832 64.724869
v -78.454498 193.472321 65.999733
v -59.406696 195.138794 64.724846
v -41.090889 196.741211 60.949192
v -24.210949 198.218002 54.817871
v -9.415575 199.512436 46.566509
v 2.726675 200.574738 36.512203
v 11.749176 201.364105 25.041328
v 17.305191 201.850189 12.594709
v 19.181181 202.014328 -0.349232
v -178.378143 164.753479 13.392123
v -180.369766 164.579239 -0.349227
v -172.479874 165.269516 26.605373
v -162.901611 166.107498 38.782780
v -150.011444 167.235245 49.456360
v -134.304718 168.609421 58.215935
v -116.385056 170.177185 64.724884
v -96.941086 171.878311 68.733070
v -76.720039 173.647430 70.086456
v -56.499001 175.416550 68.733040
v -37.055046 177.117661 64.724831
v -19.135393 178.685440 58.215858
v -3.428703 180.059570 49.456261
v 9.461444 181.187317 38.782665
v 19.039673 182.025299 26.605246
v 24.937904 182.541336 13.391986
v 26.929451 182.715576 -0.349230
v -178.565979 143.962036 13.661334
v -180.596603 143.784378 -0.349224
v -172.552155 144.488174 27.133450
v -162.786240 145.342590 39.549423
v -149.643539 146.492432 50.432110
v -133.629105 147.893524 59.363300
v -115.358368 149.492020 65.999763
v -95.533470 151.226471 70.086472
v -74.916267 153.030243 71.466377
v -54.299072 154.834015 70.086441
v -34.474190 156.568466 65.999710
v -16.203476 158.166946 59.363220
v -0.189067 159.568008 50.432011
v 12.953610 160.717850 39.549305
v 22.719494 161.572250 27.133320
v 28.733274 162.098389 13.661195
v 30.763847 162.276047 -0.349227
v -178.694855 118.281601 -0.349221
v -176.664215 118.459259 13.661341
v -170.650375 118.985397 27.133455
v -160.884491 119.839806 39.549438
v -147.741791 120.989647 50.432125
v -131.727356 122.390732 59.363304
v -113.456612 123.989212 65.999786
v -93.631714 125.723663 70.086479
v -73.014511 127.527435 71.466400
v -52.397312 129.331207 70.086464
v -32.572426 131.065674 65.999718
v -14.301711 132.664154 59.363224
v 1.712699 134.065216 50.432026
v 14.855389 135.215042 39.549313
v 24.621252 136.069443 27.133324
v 30.635027 136.595581 13.661201
v -170.344986 85.501595 -0.349217
v -168.425766 85.669510 12.892654
v -162.741882 86.166779 25.625624
v -153.511795 86.974327 37.360405
v -141.090164 88.061073 47.646011
v -125.954330 89.385292 56.087173
v -108.686012 90.896065 62.359550
v -89.948822 92.535362 66.222023
v -70.462784 94.240173 67.526230
v -50.976742 95.944984 66.222015
v -32.239548 97.584274 62.359482
v -14.971265 99.095055 56.087101
v 0.164507 100.419258 47.645916
v 12.586134 101.506012 37.360283
v 21.816174 102.313530 25.625496
v 27.500004 102.810799 12.892524
v -153.624985 54.408825 -0.349212
v -151.890366 54.560612 11.618945
v -146.753204 55.010048 23.127157
v -138.410950 55.739899 33.733189
v -127.184135 56.722126 43.029449
v -113.504181 57.918972 50.658676
v -97.896904 59.284431 56.327713
v -80.961998 60.766045 59.818684
v -63.350281 62.306870 60.997429
v -45.738564 63.847694 59.818676
v -28.803673 65.329308 56.327656
v -13.196379 66.694748 50.658607
v 0.483514 67.891602 43.029369
v 11.710334 68.873802 33.733089
v 20.052555 69.603661 23.127043
v 25.189667 70.053101 11.618827
v -131.231628 25.107920 -0.349209
v -129.778244 25.235088 9.678567
v -125.473969 25.611652 19.320972
v -118.484230 26.223188 28.207472
v -109.077583 27.046165 35.996544
v -97.615540 28.048965 42.388863
v -84.538628 29.193047 47.138794
v -70.349350 30.434452 50.063782
v -55.592995 31.725452 51.051411
v -40.836628 33.016468 50.063778
v -26.647362 34.257877 47.138741
v -13.570446 35.401947 42.388802
v -2.108461 36.404739 35.996479
v 7.298181 37.227715 28.207384
v 14.287897 37.839237 19.320881
v 18.592136 38.215813 9.678470
v -139.828934 12.499440 -0.349207
v -138.122406 12.648765 11.424913
v -133.068542 13.090904 22.746550
v -124.861557 13.808939 33.180630
v -113.816734 14.775234 42.326172
v -100.358582 15.952664 49.831715
v -85.004318 17.295988 55.408844
v -68.343987 18.753586 58.843224
v -51.017803 20.269409 60.002853
v -33.691620 21.785248 58.843224
v -17.031284 23.242859 55.408783
v -1.677040 24.586168 49.831646
v 11.781054 25.763603 42.326096
v 22.825859 26.729895 33.180531
v 31.032839 27.447912 22.746439
v 36.086658 27.890095 11.424800
v -132.953522 -1.244202 -0.349205
v -131.246994 -1.094878 11.424915
v -126.193115 -0.652738 22.746555
v -117.986130 0.065297 33.180634
v -106.941315 1.031577 42.326180
v -93.483147 2.209022 49.831726
v -78.128899 3.552346 55.408855
v -61.468555 5.009928 58.843239
v -44.142376 6.525767 60.002865
v -26.816189 8.041591 58.843239
v -10.155855 9.499218 55.408794
v 5.198396 10.842540 49.831654
v 18.656488 12.019969 42.326103
v 29.701294 12.986261 33.180538
v 37.908276 13.704262 22.746445
v 42.962086 14.146461 11.424803
v 32.665619 136.773239 -0.349224
v 29.419188 102.978706 -0.349219
v 26.924257 70.204857 -0.349215
v 20.045496 38.342964 -0.349210
v 37.793125 28.039362 -0.349209
v 44.668560 14.295720 -0.349207
v -104.205574 254.910736 -3.082564
v -103.032333 255.013397 -5.710844
v -101.127098 255.180084 -8.133080
v -98.563087 255.404388 -10.256187
v -95.438828 255.677734 -11.998574
v -91.874382 255.989594 -13.293286
v -88.006729 256.327972 -14.090564
v -83.984520 256.679840 -14.359770
v -79.962303 257.031769 -14.090558
v -76.094658 257.370148 -13.293276
v -72.530212 257.681976 -11.998560
v -69.405960 257.955322 -10.256167
v -66.841949 258.179626 -8.133058
v -64.936722 258.346313 -5.710819
v -63.763489 258.448975 -3.082538
v -123.123383 247.195801 -5.710848
v -120.821999 247.397156 -10.866404
v -117.084732 247.724121 -15.617791
v -112.055244 248.164139 -19.782415
v -105.926788 248.700317 -23.200233
v -98.934883 249.312012 -25.739902
v -91.348221 249.975769 -27.303818
v -83.458359 250.666046 -27.831884
v -75.568497 251.356323 -27.303808
v -67.981834 252.020065 -25.739882
v -60.989941 252.631775 -23.200205
v -54.861492 253.167938 -19.782381
v -49.832008 253.607971 -15.617748
v -46.094765 253.934937 -10.866356
v -43.793392 254.136276 -5.710796
v -140.188629 235.862152 -8.133085
v -136.847534 236.154449 -15.617793
v -131.421875 236.629135 -22.515739
v -124.120186 237.267944 -28.561834
v -115.223038 238.046356 -33.523735
v -105.072365 238.934418 -37.210758
v -94.058235 239.898041 -39.481216
v -82.603935 240.900146 -40.247849
v -71.149635 241.902283 -39.481205
v -60.135517 242.865875 -37.210732
v -49.984852 243.753952 -33.523697
v -41.087727 244.532349 -28.561781
v -33.786049 245.171173 -22.515675
v -28.360413 245.645844 -15.617723
v -25.019333 245.938141 -8.133012
v -154.745483 221.345261 -10.256195
v -150.493073 221.717300 -19.782421
v -143.587524 222.321457 -28.561838
v -134.294235 223.134521 -36.257057
v -122.970322 224.125229 -42.572365
v -110.050964 225.255539 -47.265053
v -96.032639 226.481979 -50.154797
v -81.454086 227.757431 -51.130535
v -66.875519 229.032898 -50.154778
v -52.857212 230.259338 -47.265015
v -39.937870 231.389633 -42.572308
v -28.613976 232.380356 -36.256989
v -19.320696 233.193405 -28.561756
v -12.415172 233.797562 -19.782330
v -8.162788 234.169601 -10.256101
v -166.234558 204.203110 -11.998587
v -161.234253 204.640579 -23.200239
v -153.114197 205.350998 -33.523743
v -142.186447 206.307053 -42.572369
v -128.870926 207.472000 -49.998383
v -113.679359 208.801102 -55.516403
v -97.195564 210.243225 -58.914375
v -80.052986 211.743011 -60.061729
v -62.910416 213.242783 -58.914360
v -46.426628 214.684952 -55.516361
v -31.235081 216.014023 -49.998322
v -17.919596 217.178986 -42.572292
v -6.991854 218.135040 -33.523651
v 1.128182 218.845444 -23.200136
v 6.128448 219.282913 -11.998475
v -174.214340 185.094391 -13.293298
v -168.658279 185.580475 -25.739910
v -159.635757 186.369843 -37.210770
v -147.493484 187.432159 -47.265064
v -132.698090 188.726593 -55.516403
v -115.818123 190.203384 -61.647705
v -97.502312 191.805801 -65.423325
v -78.454498 193.472290 -66.698189
v -59.406696 195.138763 -65.423302
v -41.090889 196.741180 -61.647655
v -24.210949 198.218002 -55.516335
v -9.415575 199.512436 -47.264973
v 2.726675 200.574738 -37.210667
v 11.749176 201.364105 -25.739792
v 17.305191 201.850189 -13.293173
v -178.378143 164.753479 -14.090577
v -172.479874 165.269516 -27.303829
v -162.901611 166.107498 -39.481236
v -150.011444 167.235245 -50.154816
v -134.304718 168.609390 -58.914394
v -116.385056 170.177155 -65.423340
v -96.941086 171.878281 -69.431526
v -76.720039 173.647400 -70.784912
v -56.499001 175.416519 -69.431496
v -37.055046 177.117630 -65.423286
v -19.135393 178.685410 -58.914318
v -3.428703 180.059570 -50.154716
v 9.461444 181.187317 -39.481121
v 19.039673 182.025299 -27.303705
v 24.937904 182.541336 -14.090446
v -178.565979 143.962036 -14.359782
v -172.552155 144.488174 -27.831898
v -162.786240 145.342590 -40.247871
v -149.643539 146.492432 -51.130558
v -133.629105 147.893494 -60.061749
v -115.358368 149.491989 -66.698219
v -95.533470 151.226440 -70.784927
v -74.916267 153.030212 -72.164833
v -54.299072 154.833984 -70.784897
v -34.474190 156.568436 -66.698166
v -16.203476 158.166916 -60.061676
v -0.189067 159.568008 -51.130466
v 12.953610 160.717850 -40.247761
v 22.719494 161.572250 -27.831772
v 28.733274 162.098389 -14.359649
v -176.664215 118.459259 -14.359783
v -170.650375 118.985397 -27.831896
v -160.884491 119.839790 -40.247879
v -147.741791 120.989632 -51.130566
v -131.727356 122.390717 -60.061745
v -113.456612 123.989197 -66.698227
v -93.631714 125.723648 -70.784920
v -73.014511 127.527420 -72.164841
v -52.397312 129.331177 -70.784904
v -32.572426 131.065643 -66.698158
v -14.301711 132.664124 -60.061672
v 1.712699 134.065216 -51.130474
v 14.855389 135.215042 -40.247761
v 24.621252 136.069443 -27.831772
v 30.635027 136.595581 -14.359648
v -168.425766 85.669510 -13.591087
v -162.741882 86.166779 -26.324057
v -153.511795 86.974312 -38.058838
v -141.090164 88.061058 -48.344448
v -125.954330 89.385277 -56.785606
v -108.686012 90.896049 -63.057983
v -89.948822 92.535347 -66.920464
v -70.462784 94.240158 -68.224670
v -50.976742 95.944969 -66.920456
v -32.239548 97.584259 -63.057915
v -14.971265 99.095039 -56.785534
v 0.164507 100.419243 -48.344360
v 12.586134 101.505997 -38.058723
v 21.816174 102.313530 -26.323933
v 27.500004 102.810799 -13.590961
v -151.890366 54.560612 -12.317371
v -146.753204 55.010040 -23.825583
v -138.410950 55.739891 -34.431614
v -127.184135 56.722111 -43.727875
v -113.504181 57.918957 -51.357101
v -97.896904 59.284416 -57.026138
v -80.961998 60.766029 -60.517109
v -63.350281 62.306854 -61.695854
v -45.738564 63.847679 -60.517101
v -28.803673 65.329292 -57.026081
v -13.196379 66.694733 -51.357033
v 0.483514 67.891586 -43.727795
v 11.710334 68.873787 -34.431515
v 20.052555 69.603661 -23.825472
v 25.189667 70.053101 -12.317257
v -129.778244 25.235085 -10.376985
v -125.473969 25.611649 -20.019390
v -118.484230 26.223181 -28.905890
v -109.077583 27.046154 -36.694962
v -97.615540 28.048954 -43.087280
v -84.538628 29.193035 -47.837212
v -70.349350 30.434437 -50.762199
v -55.592995 31.725437 -51.749828
v -40.836628 33.016453 -50.762196
v -26.647362 34.257862 -47.837158
v -13.570446 35.401936 -43.087219
v -2.108461 36.404732 -36.694897
v 7.298181 37.227707 -28.905806
v 14.287897 37.839230 -20.019302
v 18.592136 38.215813 -10.376889
v -138.122406 12.648761 -12.123328
v -133.068542 13.090899 -23.444963
v -124.861557 13.808929 -33.879040
v -113.816734 14.775223 -43.024590
v -100.358582 15.952651 -50.530132
v -85.004318 17.295973 -56.107262
v -68.343987 18.753571 -59.541641
v -51.017803 20.269394 -60.701271
v -33.691620 21.785233 -59.541641
v -17.031284 23.242844 -56.107201
v -1.677040 24.586153 -50.530064
v 11.781054 25.763592 -43.024513
v 22.825859 26.729887 -33.878948
v 31.032839 27.447905 -23.444857
v 36.086658 27.890091 -12.123219
v -131.246994 -1.094881 -12.123326
v -126.193115 -0.652744 -23.444965
v -117.986130 0.065288 -33.879044
v -106.941315 1.031565 -43.024590
v -93.483147 2.209009 -50.530136
v -78.128899 3.552331 -56.107265
v -61.468555 5.009912 -59.541649
v -44.142376 6.525751 -60.701275
v -26.816189 8.041575 -59.541649
v -10.155855 9.499203 -56.107204
v 5.198396 10.842526 -50.530064
v 18.656488 12.019958 -43.024513
v 29.701294 12.986252 -33.878948
v 37.908276 13.704256 -23.444859
v 42.962086 14.146457 -12.123218
vn -0.0854 0.9963 -0.0000
vn -0.2799 0.9600 -0.0000
vn -0.2761 0.9595 0.0559
vn -0.2648 0.9580 0.1098
vn -0.2466 0.9559 0.1594
vn -0.2221 0.9537 0.2030
vn -0.1923 0.9518 0.2390
vn -0.1583 0.9509 0.2659
vn -0.1214 0.9515 0.2828
vn -0.0830 0.9538 0.2886
vn -0.0448 0.9580 0.2833
vn -0.0081 0.9637 0.2669
vn 0.0255 0.9704 0.2402
vn 0.0549 0.9774 0.2042
vn 0.0789 0.9839 0.1604
vn 0.0968 0.9891 0.1105
vn 0.1078 0.9926 0.0563
vn 0.1115 0.9938 -0.0000
vn -0.4517 0.8854 0.1097
vn -0.4604 0.8877 -0.0000
vn -0.4264 0.8790 0.2133
vn -0.3868 0.8700 0.3059
vn -0.3357 0.8601 0.3840
vn -0.2763 0.8516 0.4455
vn -0.2113 0.8459 0.4897
vn -0.1431 0.8444 0.5162
vn -0.0735 0.8479 0.5250
vn -0.0044 0.8565 0.5161
vn 0.0625 0.8697 0.4895
vn 0.1255 0.8866 0.4452
vn 0.1824 0.9053 0.3836
vn 0.2308 0.9238 0.3055
vn 0.2681 0.9396 0.2129
vn 0.2917 0.9502 0.1094
vn 0.2998 0.9540 -0.0000
vn -0.6096 0.7766 0.1591
vn -0.6244 0.7811 -0.0000
vn -0.5674 0.7644 0.3061
vn -0.5038 0.7477 0.4325
vn -0.4255 0.7305 0.5342
vn -0.3386 0.7159 0.6106
vn -0.2474 0.7064 0.6632
vn -0.1544 0.7035 0.6937
vn -0.0612 0.7080 0.7036
vn 0.0313 0.7200 0.6933
vn 0.1221 0.7391 0.6624
vn 0.2100 0.7644 0.6096
vn 0.2927 0.7939 0.5330
vn 0.3663 0.8244 0.4314
vn 0.4257 0.8518 0.3052
vn 0.4649 0.8711 0.1586
vn 0.4786 0.8780 -0.0000
vn -0.7431 0.6380 0.2020
vn -0.7650 0.6441 -0.0000
vn -0.6822 0.6221 0.3842
vn -0.5939 0.6013 0.5345
vn -0.4903 0.5808 0.6498
vn -0.3802 0.5646 0.7326
vn -0.2687 0.5547 0.7875
vn -0.1579 0.5524 0.8185
vn -0.0481 0.5580 0.8284
vn 0.0608 0.5719 0.8181
vn 0.1693 0.5938 0.7866
vn 0.2770 0.6231 0.7315
vn 0.3821 0.6583 0.6485
vn 0.4801 0.6964 0.5334
vn 0.5630 0.7322 0.3833
vn 0.6199 0.7584 0.2014
vn 0.6403 0.7681 -0.0000
vn -0.8470 0.4759 0.2368
vn -0.8762 0.4819 -0.0000
vn -0.7679 0.4604 0.4454
vn -0.6572 0.4411 0.6111
vn -0.5326 0.4232 0.7330
vn -0.4049 0.4101 0.8172
vn -0.2790 0.4033 0.8715
vn -0.1561 0.4033 0.9017
vn -0.0354 0.4105 0.9112
vn 0.0846 0.4249 0.9013
vn 0.2054 0.4466 0.8709
vn 0.3279 0.4755 0.8164
vn 0.4510 0.5107 0.7320
vn 0.5702 0.5500 0.6102
vn 0.6754 0.5883 0.4447
vn 0.7504 0.6173 0.2363
vn 0.7780 0.6283 -0.0000
vn -0.9182 0.2969 0.2623
vn -0.9536 0.3010 -0.0000
vn -0.8238 0.2865 0.4891
vn -0.6958 0.2744 0.6637
vn -0.5559 0.2642 0.7881
vn -0.4162 0.2580 0.8719
vn -0.2811 0.2566 0.9247
vn -0.1506 0.2602 0.9537
vn -0.0232 0.2690 0.9629
vn 0.1038 0.2830 0.9535
vn 0.2327 0.3025 0.9243
vn 0.3653 0.3277 0.8713
vn 0.5015 0.3583 0.7875
vn 0.6372 0.3928 0.6631
vn 0.7609 0.4271 0.4885
vn 0.8518 0.4537 0.2620
vn 0.8859 0.4640 -0.0000
vn -0.9546 0.1078 0.2779
vn -0.9941 0.1085 -0.0000
vn -0.8505 0.1064 0.5151
vn -0.7120 0.1056 0.6942
vn -0.5633 0.1065 0.8194
vn -0.4170 0.1095 0.9023
vn -0.2770 0.1149 0.9540
vn -0.1426 0.1226 0.9822
vn -0.0114 0.1330 0.9911
vn 0.1194 0.1461 0.9820
vn 0.2530 0.1622 0.9538
vn 0.3917 0.1816 0.9020
vn 0.5361 0.2043 0.8190
vn 0.6825 0.2295 0.6939
vn 0.8187 0.2545 0.5148
vn 0.9208 0.2740 0.2777
vn 0.9595 0.2816 -0.0000
vn -0.9588 -0.0299 0.2825
vn -0.9995 -0.0321 -0.0000
vn -0.8521 -0.0239 0.5228
vn -0.7108 -0.0158 0.7032
vn -0.5599 -0.0067 0.8285
vn -0.4120 0.0029 0.9112
vn -0.2706 0.0126 0.9626
vn -0.1350 0.0226 0.9906
vn -0.0027 0.0331 0.9994
vn 0.1296 0.0442 0.9906
vn 0.2649 0.0564 0.9626
vn 0.4060 0.0697 0.9112
vn 0.5535 0.0842 0.8286
vn 0.7039 0.0996 0.7033
vn 0.8447 0.1143 0.5228
vn 0.9510 0.1257 0.2825
vn 0.9915 0.1301 -0.0000
vn -0.9867 -0.1623 -0.0000
vn -0.9464 -0.1574 0.2822
vn -0.8405 -0.1445 0.5222
vn -0.7001 -0.1280 0.7025
vn -0.5501 -0.1110 0.8277
vn -0.4030 -0.0953 0.9102
vn -0.2622 -0.0814 0.9616
vn -0.1271 -0.0691 0.9895
vn 0.0050 -0.0582 0.9983
vn 0.1371 -0.0486 0.9894
vn 0.2726 -0.0400 0.9613
vn 0.4138 -0.0323 0.9098
vn 0.5615 -0.0255 0.8271
vn 0.7122 -0.0194 0.7018
vn 0.8531 -0.0145 0.5215
vn 0.9594 -0.0112 0.2817
vn -0.9306 -0.3661 -0.0000
vn -0.8942 -0.3561 0.2712
vn -0.7978 -0.3302 0.5045
vn -0.6677 -0.2964 0.6828
vn -0.5264 -0.2617 0.8090
vn -0.3857 -0.2296 0.8936
vn -0.2496 -0.2013 0.9472
vn -0.1177 -0.1770 0.9771
vn 0.0119 -0.1564 0.9876
vn 0.1422 -0.1389 0.9800
vn 0.2761 -0.1242 0.9531
vn 0.4160 -0.1120 0.9025
vn 0.5624 -0.1022 0.8205
vn 0.7116 -0.0947 0.6962
vn 0.8512 -0.0897 0.5172
vn 0.9563 -0.0868 0.2793
vn -0.8394 -0.5435 -0.0000
vn -0.8094 -0.5308 0.2513
vn -0.7282 -0.4971 0.4719
vn -0.6153 -0.4518 0.6460
vn -0.4885 -0.4036 0.7736
vn -0.3588 -0.3578 0.8621
vn -0.2305 -0.3165 0.9202
vn -0.1042 -0.2804 0.9542
vn 0.0214 -0.2493 0.9682
vn 0.1487 -0.2227 0.9635
vn 0.2801 -0.2003 0.9388
vn 0.4179 -0.1818 0.8901
vn 0.5623 -0.1670 0.8099
vn 0.7094 -0.1560 0.6873
vn 0.8469 -0.1487 0.5105
vn 0.9503 -0.1447 0.2756
vn -0.9995 -0.0305 -0.0000
vn -0.9599 -0.0245 0.2793
vn -0.8556 -0.0083 0.5176
vn -0.7166 0.0148 0.6973
vn -0.5675 0.0417 0.8223
vn -0.4209 0.0711 0.9043
vn -0.2807 0.1025 0.9543
vn -0.1466 0.1363 0.9798
vn -0.0165 0.1732 0.9847
vn 0.1119 0.2140 0.9704
vn 0.2409 0.2592 0.9353
vn 0.3715 0.3090 0.8755
vn 0.5032 0.3626 0.7844
vn 0.6311 0.4174 0.6539
vn 0.7444 0.4676 0.4767
vn 0.8254 0.5044 0.2535
vn -0.9971 0.0759 -0.0000
vn -0.9566 0.0817 0.2797
vn -0.8507 0.0978 0.5165
vn -0.7109 0.1215 0.6927
vn -0.5625 0.1507 0.8129
vn -0.4181 0.1839 0.8896
vn -0.2815 0.2211 0.9337
vn -0.1524 0.2626 0.9528
vn -0.0289 0.3091 0.9506
vn 0.0908 0.3609 0.9282
vn 0.2082 0.4181 0.8842
vn 0.3234 0.4797 0.8157
vn 0.4345 0.5436 0.7181
vn 0.5372 0.6058 0.5869
vn 0.6233 0.6599 0.4195
vn 0.6819 0.6976 0.2197
vn -0.8943 -0.4474 -0.0000
vn -0.8621 -0.4313 0.2659
vn -0.7754 -0.3879 0.4983
vn -0.6555 -0.3279 0.6803
vn -0.5219 -0.2611 0.8121
vn -0.3860 -0.1931 0.9020
vn -0.2528 -0.1265 0.9592
vn -0.1229 -0.0615 0.9905
vn 0.0048 0.0024 1.0000
vn 0.1324 0.0662 0.9890
vn 0.2617 0.1309 0.9562
vn 0.3940 0.1971 0.8977
vn 0.5285 0.2644 0.8067
vn 0.6603 0.3303 0.6745
vn 0.7780 0.3892 0.4931
vn 0.8629 0.4317 0.2627
vn 0.9999 -0.0100 -0.0000
vn 0.9963 -0.0859 -0.0000
vn 0.9897 -0.1434 -0.0000
vn 0.8553 0.5181 -0.0000
vn 0.7029 0.7113 -0.0000
vn 0.8943 0.4474 -0.0000
vn -0.2761 0.9595 -0.0559
vn -0.2648 0.9580 -0.1098
vn -0.2466 0.9559 -0.1594
vn -0.2221 0.9537 -0.2030
vn -0.1923 0.9518 -0.2390
vn -0.1583 0.9509 -0.2659
vn -0.1214 0.9515 -0.2828
vn -0.0830 0.9538 -0.2886
vn -0.0448 0.9580 -0.2833
vn -0.0081 0.9637 -0.2669
vn 0.0255 0.9704 -0.2402
vn 0.0549 0.9774 -0.2042
vn 0.0789 0.9839 -0.1604
vn 0.0968 0.9891 -0.1105
vn 0.1078 0.9926 -0.0563
vn -0.4517 0.8854 -0.1097
vn -0.4264 0.8790 -0.2133
vn -0.3868 0.8700 -0.3059
vn -0.3357 0.8601 -0.3840
vn -0.2763 0.8516 -0.4455
vn -0.2113 0.8459 -0.4897
vn -0.1431 0.8444 -0.5162
vn -0.0735 0.8479 -0.5250
vn -0.0044 0.8565 -0.5161
vn 0.0625 0.8697 -0.4895
vn 0.1255 0.8866 -0.4452
vn 0.1824 0.9053 -0.3836
vn 0.2308 0.9238 -0.3055
vn 0.2681 0.9396 -0.2129
vn 0.2917 0.9502 -0.1094
vn -0.6096 0.7766 -0.1591
vn -0.5674 0.7644 -0.3061
vn -0.5038 0.7477 -0.4325
vn -0.4255 0.7305 -0.5342
vn -0.3386 0.7159 -0.6106
vn -0.2474 0.7064 -0.6632
vn -0.1544 0.7035 -0.6937
vn -0.0612 0.7080 -0.7036
vn 0.0313 0.7200 -0.6933
vn 0.1221 0.7391 -0.6624
vn 0.2100 0.7644 -0.6096
vn 0.2927 0.7939 -0.5330
vn 0.3663 0.8244 -0.4314
vn 0.4257 0.8518 -0.3052
vn 0.4649 0.8711 -0.1586
vn -0.7431 0.6380 -0.2020
vn -0.6822 0.6221 -0.3842
vn -0.5939 0.6013 -0.5345
vn -0.4903 0.5808 -0.6498
vn -0.3802 0.5646 -0.7326
vn -0.2687 0.5547 -0.7875
vn -0.1579 0.5524 -0.8185
vn -0.0481 0.5580 -0.8284
vn 0.0608 0.5719 -0.8181
vn 0.1693 0.5938 -0.7866
vn 0.2770 0.6231 -0.7315
vn 0.3821 0.6583 -0.6485
vn 0.4801 0.6964 -0.5334
vn 0.5630 0.7322 -0.3833
vn 0.6199 0.7584 -0.2014
vn -0.8470 0.4759 -0.2368
vn -0.7679 0.4604 -0.4454
vn -0.6572 0.4411 -0.6111
vn -0.5326 0.4232 -0.7330
vn -0.4049 0.4101 -0.8172
vn -0.2790 0.4033 -0.8715
vn -0.1561 0.4033 -0.9017
vn -0.0354 0.4105 -0.9112
vn 0.0846 0.4249 -0.9013
vn 0.2054 0.4466 -0.8709
vn 0.3279 0.4755 -0.8164
vn 0.4510 0.5107 -0.7320
vn 0.5702 0.5500 -0.6102
vn 0.6754 0.5883 -0.4447
vn 0.7504 0.6173 -0.2363
vn -0.9182 0.2969 -0.2623
vn -0.8238 0.2865 -0.4891
vn -0.6958 0.2744 -0.6637
vn -0.5559 0.2642 -0.7881
vn -0.4162 0.2580 -0.8719
vn -0.2811 0.2566 -0.9247
vn -0.1506 0.2602 -0.9537
vn -0.0232 0.2690 -0.9629
vn 0.1038 0.2830 -0.9535
vn 0.2327 0.3025 -0.9243
vn 0.3653 0.3277 -0.8713
vn 0.5015 0.3583 -0.7875
vn 0.6372 0.3928 -0.6631
vn 0.7609 0.4271 -0.4885
vn 0.8518 0.4537 -0.2620
vn -0.9546 0.1078 -0.2779
vn -0.8505 0.1064 -0.5151
vn -0.7120 0.1056 -0.6942
vn -0.5633 0.1065 -0.8194
vn -0.4170 0.1095 -0.9023
vn -0.2770 0.1149 -0.9540
vn -0.1426 0.1226 -0.9822
vn -0.0114 0.1330 -0.9911
vn 0.1194 0.1461 -0.9820
vn 0.2530 0.1622 -0.9538
vn 0.3917 0.1816 -0.9020
vn 0.5361 0.2043 -0.8190
vn 0.6825 0.2295 -0.6939
vn 0.8187 0.2545 -0.5148
vn 0.9208 0.2740 -0.2777
vn -0.9588 -0.0299 -0.2825
vn -0.8521 -0.0239 -0.5228
vn -0.7108 -0.0158 -0.7032
vn -0.5599 -0.0067 -0.8285
vn -0.4120 0.0029 -0.9112
vn -0.2706 0.0126 -0.9626
vn -0.1350 0.0226 -0.9906
vn -0.0027 0.0331 -0.9994
vn 0.1296 0.0442 -0.9906
vn 0.2649 0.0564 -0.9626
vn 0.4060 0.0697 -0.9112
vn 0.5535 0.0842 -0.8286
vn 0.7039 0.0996 -0.7033
vn 0.8447 0.1143 -0.5228
vn 0.9510 0.1257 -0.2825
vn -0.9464 -0.1574 -0.2822
vn -0.8405 -0.1445 -0.5222
vn -0.7001 -0.1280 -0.7025
vn -0.5501 -0.1110 -0.8277
vn -0.4030 -0.0953 -0.9102
vn -0.2622 -0.0814 -0.9616
vn -0.1271 -0.0691 -0.9895
vn 0.0050 -0.0582 -0.9983
vn 0.1371 -0.0486 -0.9894
vn 0.2726 -0.0400 -0.9613
vn 0.4138 -0.0323 -0.9098
vn 0.5615 -0.0255 -0.8271
vn 0.7122 -0.0194 -0.7018
vn 0.8531 -0.0145 -0.5215
vn 0.9594 -0.0112 -0.2817
vn -0.8942 -0.3561 -0.2712
vn -0.7978 -0.3302 -0.5045
vn -0.6677 -0.2964 -0.6828
vn -0.5264 -0.2617 -0.8090
vn -0.3857 -0.2296 -0.8936
vn -0.2496 -0.2013 -0.9472
vn -0.1177 -0.1770 -0.9771
vn 0.0119 -0.1564 -0.9876
vn 0.1422 -0.1389 -0.9800
vn 0.2761 -0.1242 -0.9531
vn 0.4160 -0.1120 -0.9025
vn 0.5624 -0.1022 -0.8205
vn 0.7116 -0.0947 -0.6962
vn 0.8512 -0.0897 -0.5172
vn 0.9563 -0.0868 -0.2793
vn -0.8094 -0.5308 -0.2513
vn -0.7282 -0.4971 -0.4719
vn -0.6153 -0.4518 -0.6460
vn -0.4885 -0.4036 -0.7736
vn -0.3588 -0.3578 -0.8621
vn -0.2305 -0.3165 -0.9202
vn -0.1042 -0.2804 -0.9542
vn 0.0214 -0.2493 -0.9682
vn 0.1487 -0.2227 -0.9635
vn 0.2801 -0.2003 -0.9388
vn 0.4179 -0.1818 -0.8901
vn 0.5623 -0.1670 -0.8099
vn 0.7094 -0.1560 -0.6873
vn 0.8469 -0.1487 -0.5105
vn 0.9503 -0.1447 -0.2756
vn -0.9599 -0.0245 -0.2793
vn -0.8556 -0.0083 -0.5176
vn -0.7166 0.0148 -0.6973
vn -0.5675 0.0417 -0.8223
vn -0.4209 0.0711 -0.9043
vn -0.2807 0.1025 -0.9543
vn -0.1466 0.1363 -0.9798
vn -0.0165 0.1732 -0.9847
vn 0.1119 0.2140 -0.9704
vn 0.2409 0.2592 -0.9353
vn 0.3715 0.3090 -0.8755
vn 0.5032 0.3626 -0.7844
vn 0.6311 0.4174 -0.6539
vn 0.7444 0.4676 -0.4767
vn 0.8254 0.5044 -0.2535
vn -0.9566 0.0817 -0.2797
vn -0.8507 0.0978 -0.5165
vn -0.7109 0.1215 -0.6927
vn -0.5625 0.1507 -0.8129
vn -0.4181 0.1839 -0.8896
vn -0.2815 0.2211 -0.9337
vn -0.1524 0.2626 -0.9528
vn -0.0289 0.3091 -0.9506
vn 0.0908 0.3609 -0.9282
vn 0.2082 0.4181 -0.8842
vn 0.3234 0.4797 -0.8157
vn 0.4345 0.5436 -0.7181
vn 0.5372 0.6058 -0.5869
vn 0.6233 0.6599 -0.4195
vn 0.6819 0.6976 -0.2197
vn -0.8621 -0.4313 -0.2659
vn -0.7754 -0.3879 -0.4983
vn -0.6555 -0.3279 -0.6803
vn -0.5219 -0.2611 -0.8121
vn -0.3860 -0.1931 -0.9020
vn -0.2528 -0.1265 -0.9592
vn -0.1229 -0.0615 -0.9905
vn 0.0048 0.0024 -1.0000
vn 0.1324 0.0662 -0.9890
vn 0.2617 0.1309 -0.9562
vn 0.3940 0.1971 -0.8977
vn 0.5285 0.2644 -0.8067
vn 0.6603 0.3303 -0.6745
vn 0.7780 0.3892 -0.4931
vn 0.8629 0.4317 -0.2627
vt 0.490816 0.023517
vt 0.414185 0.031064
vt 0.415658 0.031064
vt 0.420019 0.031064
vt 0.427100 0.031064
vt 0.436630 0.031064
vt 0.448242 0.031064
vt 0.461491 0.031064
vt 0.475866 0.031064
vt 0.490816 0.031064
vt 0.505766 0.031064
vt 0.520141 0.031064
vt 0.533390 0.031064
vt 0.545002 0.031064
vt 0.554532 0.031064
vt 0.561613 0.031064
vt 0.565974 0.031064
vt 0.567446 0.031064
vt 0.343388 0.053416
vt 0.340500 0.053416
vt 0.351942 0.053416
vt 0.365833 0.053416
vt 0.384526 0.053416
vt 0.407305 0.053416
vt 0.433293 0.053416
vt 0.461491 0.053416
vt 0.490816 0.053416
vt 0.520141 0.053416
vt 0.548340 0.053416
vt 0.574327 0.053416
vt 0.597106 0.053416
vt 0.615799 0.053416
vt 0.629690 0.053416
vt 0.638244 0.053416
vt 0.641132 0.053416
vt 0.276784 0.089714
vt 0.272591 0.089714
vt 0.289202 0.089714
vt 0.309368 0.089714
vt 0.336507 0.089714
vt 0.369576 0.089714
vt 0.407305 0.089714
vt 0.448242 0.089714
vt 0.490816 0.089714
vt 0.533390 0.089714
vt 0.574327 0.089714
vt 0.612056 0.089714
vt 0.645125 0.089714
vt 0.672264 0.089714
vt 0.692430 0.089714
vt 0.704848 0.089714
vt 0.709041 0.089714
vt 0.218405 0.138564
vt 0.213068 0.138564
vt 0.234210 0.138564
vt 0.259877 0.138564
vt 0.294418 0.138564
vt 0.336507 0.138564
vt 0.384527 0.138564
vt 0.436630 0.138564
vt 0.490816 0.138564
vt 0.545002 0.138564
vt 0.597106 0.138564
vt 0.645125 0.138564
vt 0.687214 0.138564
vt 0.721755 0.138564
vt 0.747422 0.138564
vt 0.763227 0.138564
vt 0.768564 0.138564
vt 0.170494 0.198086
vt 0.164219 0.198086
vt 0.189079 0.198086
vt 0.219260 0.198086
vt 0.259877 0.198086
vt 0.309368 0.198086
vt 0.365833 0.198086
vt 0.427100 0.198086
vt 0.490816 0.198086
vt 0.554532 0.198086
vt 0.615800 0.198086
vt 0.672264 0.198086
vt 0.721755 0.198086
vt 0.762372 0.198086
vt 0.792552 0.198086
vt 0.811138 0.198086
vt 0.817413 0.198086
vt 0.134893 0.265995
vt 0.127921 0.265995
vt 0.155544 0.265995
vt 0.189079 0.265995
vt 0.234210 0.265995
vt 0.289202 0.265995
vt 0.351942 0.265995
vt 0.420019 0.265995
vt 0.490816 0.265995
vt 0.561614 0.265995
vt 0.629690 0.265995
vt 0.692430 0.265995
vt 0.747422 0.265995
vt 0.792552 0.265995
vt 0.826087 0.265995
vt 0.846738 0.265995
vt 0.853711 0.265995
vt 0.112971 0.339681
vt 0.105568 0.339681
vt 0.134894 0.339681
vt 0.170494 0.339681
vt 0.218405 0.339681
vt 0.276784 0.339681
vt 0.343388 0.339681
vt 0.415658 0.339681
vt 0.490816 0.339681
vt 0.565974 0.339681
vt 0.638244 0.339681
vt 0.704848 0.339681
vt 0.763227 0.339681
vt 0.811138 0.339681
vt 0.846739 0.339681
vt 0.868661 0.339681
vt 0.876063 0.339681
vt 0.105568 0.416312
vt 0.098021 0.416312
vt 0.127921 0.416312
vt 0.164219 0.416312
vt 0.213068 0.416312
vt 0.272591 0.416312
vt 0.340500 0.416312
vt 0.414186 0.416312
vt 0.490816 0.416312
vt 0.567447 0.416312
vt 0.641132 0.416312
vt 0.709042 0.416312
vt 0.768564 0.416312
vt 0.817413 0.416312
vt 0.853711 0.416312
vt 0.876064 0.416312
vt 0.883611 0.416312
vt 0.096806 0.510995
vt 0.104353 0.510995
vt 0.126705 0.510995
vt 0.163004 0.510995
vt 0.211853 0.510995
vt 0.271376 0.510995
vt 0.339285 0.510995
vt 0.412970 0.510995
vt 0.489601 0.510995
vt 0.566232 0.510995
vt 0.639917 0.510995
vt 0.707826 0.510995
vt 0.767349 0.510995
vt 0.816198 0.510995
vt 0.852496 0.510995
vt 0.874848 0.510995
vt 0.117026 0.634601
vt 0.124160 0.634601
vt 0.145286 0.634601
vt 0.179592 0.634601
vt 0.225761 0.634601
vt 0.282019 0.634601
vt 0.346202 0.634601
vt 0.415845 0.634601
vt 0.488271 0.634601
vt 0.560697 0.634601
vt 0.630340 0.634601
vt 0.694524 0.634601
vt 0.750781 0.634601
vt 0.796950 0.634601
vt 0.831256 0.634601
vt 0.852382 0.634601
vt 0.168666 0.754686
vt 0.175113 0.754685
vt 0.194207 0.754686
vt 0.225214 0.754686
vt 0.266942 0.754686
vt 0.317788 0.754685
vt 0.375797 0.754686
vt 0.438741 0.754686
vt 0.504201 0.754686
vt 0.569661 0.754686
vt 0.632605 0.754686
vt 0.690614 0.754686
vt 0.741460 0.754686
vt 0.783188 0.754686
vt 0.814195 0.754686
vt 0.833289 0.754686
vt 0.241810 0.869991
vt 0.247212 0.869991
vt 0.263210 0.869991
vt 0.289190 0.869991
vt 0.324153 0.869991
vt 0.366755 0.869991
vt 0.415360 0.869991
vt 0.468099 0.869991
vt 0.522946 0.869991
vt 0.577793 0.869991
vt 0.630532 0.869991
vt 0.679136 0.869991
vt 0.721738 0.869991
vt 0.756701 0.869991
vt 0.782681 0.869991
vt 0.798679 0.869991
vt 0.206029 0.913724
vt 0.212372 0.913724
vt 0.231156 0.913724
vt 0.261660 0.913724
vt 0.302712 0.913724
vt 0.352734 0.913724
vt 0.409803 0.913724
vt 0.471726 0.913724
vt 0.536125 0.913724
vt 0.600523 0.913724
vt 0.662447 0.913724
vt 0.719516 0.913724
vt 0.769537 0.913724
vt 0.810589 0.913724
vt 0.841093 0.913724
vt 0.859877 0.913724
vt 0.226955 0.966638
vt 0.233297 0.966638
vt 0.252082 0.966638
vt 0.282586 0.966638
vt 0.323637 0.966638
vt 0.373659 0.966638
vt 0.430728 0.966638
vt 0.492652 0.966638
vt 0.557050 0.966638
vt 0.621449 0.966638
vt 0.683372 0.966638
vt 0.740441 0.966638
vt 0.790463 0.966638
vt 0.831514 0.966638
vt 0.862018 0.966638
vt 0.880802 0.966638
vt 0.882396 0.510995
vt 0.859515 0.634601
vt 0.839736 0.754686
vt 0.804081 0.869991
vt 0.866219 0.913724
vt 0.887145 0.966638
s 1
usemtl 09_-_Default
f 983/745/810 984/746/811 985/747/812
f 983/745/810 985/747/812 986/748/813
f 983/745/810 986/748/813 987/749/814
f 983/745/810 987/749/814 988/750/815
f 983/745/810 988/750/815 989/751/816
f 983/745/810 989/751/816 990/752/817
f 983/745/810 990/752/817 991/753/818
f 983/745/810 991/753/818 992/754/819
f 983/745/810 992/754/819 993/755/820
f 983/745/810 993/755/820 994/756/821
f 983/745/810 994/756/821 995/757/822
f 983/745/810 995/757/822 996/758/823
f 983/745/810 996/758/823 997/759/824
f 983/745/810 997/759/824 998/760/825
f 983/745/810 998/760/825 999/761/826
f 983/745/810 999/761/826 1000/762/827
f 1001/763/828 985/747/812 984/746/811
f 984/746/811 1002/764/829 1001/763/828
f 1003/765/830 986/748/813 985/747/812
f 985/747/812 1001/763/828 1003/765/830
f 1004/766/831 987/749/814 986/748/813
f 986/748/813 1003/765/830 1004/766/831
f 1005/767/832 988/750/815 987/749/814
f 987/749/814 1004/766/831 1005/767/832
f 1006/768/833 989/751/816 988/750/815
f 988/750/815 1005/767/832 1006/768/833
f 1007/769/834 990/752/817 989/751/816
f 989/751/816 1006/768/833 1007/769/834
f 1008/770/835 991/753/818 990/752/817
f 990/752/817 1007/769/834 1008/770/835
f 1009/771/836 992/754/819 991/753/818
f 991/753/818 1008/770/835 1009/771/836
f 1010/772/837 993/755/820 992/754/819
f 992/754/819 1009/771/836 1010/772/837
f 1011/773/838 994/756/821 993/755/820
f 993/755/820 1010/772/837 1011/773/838
f 1012/774/839 995/757/822 994/756/821
f 994/756/821 1011/773/838 1012/774/839
f 1013/775/840 996/758/823 995/757/822
f 995/757/822 1012/774/839 1013/775/840
f 1014/776/841 997/759/824 996/758/823
f 996/758/823 1013/775/840 1014/776/841
f 1015/777/842 998/760/825 997/759/824
f 997/759/824 1014/776/841 1015/777/842
f 1016/778/843 999/761/826 998/760/825
f 998/760/825 1015/777/842 1016/778/843
f 1017/779/844 1000/762/827 999/761/826
f 999/761/826 1016/778/843 1017/779/844
f 1018/780/845 1001/763/828 1002/764/829
f 1002/764/829 1019/781/846 1018/780/845
f 1020/782/847 1003/765/830 1001/763/828
f 1001/763/828 1018/780/845 1020/782/847
f 1021/783/848 1004/766/831 1003/765/830
f 1003/765/830 1020/782/847 1021/783/848
f 1022/784/849 1005/767/832 1004/766/831
f 1004/766/831 1021/783/848 1022/784/849
f 1023/785/850 1006/768/833 1005/767/832
f 1005/767/832 1022/784/849 1023/785/850
f 1024/786/851 1007/769/834 1006/768/833
f 1006/768/833 1023/785/850 1024/786/851
f 1025/787/852 1008/770/835 1007/769/834
f 1007/769/834 1024/786/851 1025/787/852
f 1026/788/853 1009/771/836 1008/770/835
f 1008/770/835 1025/787/852 1026/788/853
f 1027/789/854 1010/772/837 1009/771/836
f 1009/771/836 1026/788/853 1027/789/854
f 1028/790/855 1011/773/838 1010/772/837
f 1010/772/837 1027/789/854 1028/790/855
f 1029/791/856 1012/774/839 1011/773/838
f 1011/773/838 1028/790/855 1029/791/856
f 1030/792/857 1013/775/840 1012/774/839
f 1012/774/839 1029/791/856 1030/792/857
f 1031/793/858 1014/776/841 1013/775/840
f 1013/775/840 1030/792/857 1031/793/858
f 1032/794/859 1015/777/842 1014/776/841
f 1014/776/841 1031/793/858 1032/794/859
f 1033/795/860 1016/778/843 1015/777/842
f 1015/777/842 1032/794/859 1033/795/860
f 1034/796/861 1017/779/844 1016/778/843
f 1016/778/843 1033/795/860 1034/796/861
f 1035/797/862 1018/780/845 1019/781/846
f 1019/781/846 1036/798/863 1035/797/862
f 1037/799/864 1020/782/847 1018/780/845
f 1018/780/845 1035/797/862 1037/799/864
f 1038/800/865 1021/783/848 1020/782/847
f 1020/782/847 1037/799/864 1038/800/865
f 1039/801/866 1022/784/849 1021/783/848
f 1021/783/848 1038/800/865 1039/801/866
f 1040/802/867 1023/785/850 1022/784/849
f 1022/784/849 1039/801/866 1040/802/867
f 1041/803/868 1024/786/851 1023/785/850
f 1023/785/850 1040/802/867 1041/803/868
f 1042/804/869 1025/787/852 1024/786/851
f 1024/786/851 1041/803/868 1042/804/869
f 1043/805/870 1026/788/853 1025/787/852
f 1025/787/852 1042/804/869 1043/805/870
f 1044/806/871 1027/789/854 1026/788/853
f 1026/788/853 1043/805/870 1044/806/871
f 1045/807/872 1028/790/855 1027/789/854
f 1027/789/854 1044/806/871 1045/807/872
f 1046/808/873 1029/791/856 1028/790/855
f 1028/790/855 1045/807/872 1046/808/873
f 1047/809/874 1030/792/857 1029/791/856
f 1029/791/856 1046/808/873 1047/809/874
f 1048/810/875 1031/793/858 1030/792/857
f 1030/792/857 1047/809/874 1048/810/875
f 1049/811/876 1032/794/859 1031/793/858
f 1031/793/858 1048/810/875 1049/811/876
f 1050/812/877 1033/795/860 1032/794/859
f 1032/794/859 1049/811/876 1050/812/877
f 1051/813/878 1034/796/861 1033/795/860
f 1033/795/860 1050/812/877 1051/813/878
f 1052/814/879 1035/797/862 1036/798/863
f 1036/798/863 1053/815/880 1052/814/879
f 1054/816/881 1037/799/864 1035/797/862
f 1035/797/862 1052/814/879 1054/816/881
f 1055/817/882 1038/800/865 1037/799/864
f 1037/799/864 1054/816/881 1055/817/882
f 1056/818/883 1039/801/866 1038/800/865
f 1038/800/865 1055/817/882 1056/818/883
f 1057/819/884 1040/802/867 1039/801/866
f 1039/801/866 1056/818/883 1057/819/884
f 1058/820/885 1041/803/868 1040/802/867
f 1040/802/867 1057/819/884 1058/820/885
f 1059/821/886 1042/804/869 1041/803/868
f 1041/803/868 1058/820/885 1059/821/886
f 1060/822/887 1043/805/870 1042/804/869
f 1042/804/869 1059/821/886 1060/822/887
f 1061/823/888 1044/806/871 1043/805/870
f 1043/805/870 1060/822/887 1061/823/888
f 1062/824/889 1045/807/872 1044/806/871
f 1044/806/871 1061/823/888 1062/824/889
f 1063/825/890 1046/808/873 1045/807/872
f 1045/807/872 1062/824/889 1063/825/890
f 1064/826/891 1047/809/874 1046/808/873
f 1046/808/873 1063/825/890 1064/826/891
f 1065/827/892 1048/810/875 1047/809/874
f 1047/809/874 1064/826/891 1065/827/892
f 1066/828/893 1049/811/876 1048/810/875
f 1048/810/875 1065/827/892 1066/828/893
f 1067/829/894 1050/812/877 1049/811/876
f 1049/811/876 1066/828/893 1067/829/894
f 1067/829/894 1068/830/895 1051/813/878
f 1051/813/878 1050/812/877 1067/829/894
f 1069/831/896 1052/814/879 1053/815/880
f 1053/815/880 1070/832/897 1069/831/896
f 1071/833/898 1054/816/881 1052/814/879
f 1052/814/879 1069/831/896 1071/833/898
f 1072/834/899 1055/817/882 1054/816/881
f 1054/816/881 1071/833/898 1072/834/899
f 1073/835/900 1056/818/883 1055/817/882
f 1055/817/882 1072/834/899 1073/835/900
f 1074/836/901 1057/819/884 1056/818/883
f 1056/818/883 1073/835/900 1074/836/901
f 1075/837/902 1058/820/885 1057/819/884
f 1057/819/884 1074/836/901 1075/837/902
f 1076/838/903 1059/821/886 1058/820/885
f 1058/820/885 1075/837/902 1076/838/903
f 1077/839/904 1060/822/887 1059/821/886
f 1059/821/886 1076/838/903 1077/839/904
f 1078/840/905 1061/823/888 1060/822/887
f 1060/822/887 1077/839/904 1078/840/905
f 1079/841/906 1062/824/889 1061/823/888
f 1061/823/888 1078/840/905 1079/841/906
f 1080/842/907 1063/825/890 1062/824/889
f 1062/824/889 1079/841/906 1080/842/907
f 1081/843/908 1064/826/891 1063/825/890
f 1063/825/890 1080/842/907 1081/843/908
f 1082/844/909 1065/827/892 1064/826/891
f 1064/826/891 1081/843/908 1082/844/909
f 1083/845/910 1066/828/893 1065/827/892
f 1065/827/892 1082/844/909 1083/845/910
f 1084/846/911 1067/829/894 1066/828/893
f 1066/828/893 1083/845/910 1084/846/911
f 1084/846/911 1085/847/912 1068/830/895
f 1068/830/895 1067/829/894 1084/846/911
f 1086/848/913 1069/831/896 1070/832/897
f 1070/832/897 1087/849/914 1086/848/913
f 1088/850/915 1071/833/898 1069/831/896
f 1069/831/896 1086/848/913 1088/850/915
f 1089/851/916 1072/834/899 1071/833/898
f 1071/833/898 1088/850/915 1089/851/916
f 1090/852/917 1073/835/900 1072/834/899
f 1072/834/899 1089/851/916 1090/852/917
f 1091/853/918 1074/836/901 1073/835/900
f 1073/835/900 1090/852/917 1091/853/918
f 1092/854/919 1075/837/902 1074/836/901
f 1074/836/901 1091/853/918 1092/854/919
f 1093/855/920 1076/838/903 1075/837/902
f 1075/837/902 1092/854/919 1093/855/920
f 1094/856/921 1077/839/904 1076/838/903
f 1076/838/903 1093/855/920 1094/856/921
f 1095/857/922 1078/840/905 1077/839/904
f 1077/839/904 1094/856/921 1095/857/922
f 1096/858/923 1079/841/906 1078/840/905
f 1078/840/905 1095/857/922 1096/858/923
f 1097/859/924 1080/842/907 1079/841/906
f 1079/841/906 1096/858/923 1097/859/924
f 1098/860/925 1081/843/908 1080/842/907
f 1080/842/907 1097/859/924 1098/860/925
f 1099/861/926 1082/844/909 1081/843/908
f 1081/843/908 1098/860/925 1099/861/926
f 1100/862/927 1083/845/910 1082/844/909
f 1082/844/909 1099/861/926 1100/862/927
f 1101/863/928 1084/846/911 1083/845/910
f 1083/845/910 1100/862/927 1101/863/928
f 1101/863/928 1102/864/929 1085/847/912
f 1085/847/912 1084/846/911 1101/863/928
f 1103/865/930 1086/848/913 1087/849/914
f 1087/849/914 1104/866/931 1103/865/930
f 1105/867/932 1088/850/915 1086/848/913
f 1086/848/913 1103/865/930 1105/867/932
f 1106/868/933 1089/851/916 1088/850/915
f 1088/850/915 1105/867/932 1106/868/933
f 1107/869/934 1090/852/917 1089/851/916
f 1089/851/916 1106/868/933 1107/869/934
f 1108/870/935 1091/853/918 1090/852/917
f 1090/852/917 1107/869/934 1108/870/935
f 1109/871/936 1092/854/919 1091/853/918
f 1091/853/918 1108/870/935 1109/871/936
f 1110/872/937 1093/855/920 1092/854/919
f 1092/854/919 1109/871/936 1110/872/937
f 1111/873/938 1094/856/921 1093/855/920
f 1093/855/920 1110/872/937 1111/873/938
f 1112/874/939 1095/857/922 1094/856/921
f 1094/856/921 1111/873/938 1112/874/939
f 1113/875/940 1096/858/923 1095/857/922
f 1095/857/922 1112/874/939 1113/875/940
f 1114/876/941 1097/859/924 1096/858/923
f 1096/858/923 1113/875/940 1114/876/941
f 1115/877/942 1098/860/925 1097/859/924
f 1097/859/924 1114/876/941 1115/877/942
f 1116/878/943 1099/861/926 1098/860/925
f 1098/860/925 1115/877/942 1116/878/943
f 1117/879/944 1100/862/927 1099/861/926
f 1099/861/926 1116/878/943 1117/879/944
f 1118/880/945 1101/863/928 1100/862/927
f 1100/862/927 1117/879/944 1118/880/945
f 1118/880/945 1119/881/946 1102/864/929
f 1102/864/929 1101/863/928 1118/880/945
f 1103/865/930 1104/866/931 1120/882/947
f 1120/882/947 1121/883/948 1103/865/930
f 1105/867/932 1103/865/930 1121/883/948
f 1121/883/948 1122/884/949 1105/867/932
f 1106/868/933 1105/867/932 1122/884/949
f 1122/884/949 1123/885/950 1106/868/933
f 1107/869/934 1106/868/933 1123/885/950
f 1123/885/950 1124/886/951 1107/869/934
f 1108/870/935 1107/869/934 1124/886/951
f 1124/886/951 1125/887/952 1108/870/935
f 1109/871/936 1108/870/935 1125/887/952
f 1125/887/952 1126/888/953 1109/871/936
f 1110/872/937 1109/871/936 1126/888/953
f 1126/888/953 1127/889/954 1110/872/937
f 1111/873/938 1110/872/937 1127/889/954
f 1127/889/954 1128/890/955 1111/873/938
f 1112/874/939 1111/873/938 1128/890/955
f 1128/890/955 1129/891/956 1112/874/939
f 1113/875/940 1112/874/939 1129/891/956
f 1129/891/956 1130/892/957 1113/875/940
f 1114/876/941 1113/875/940 1130/892/957
f 1130/892/957 1131/893/958 1114/876/941
f 1115/877/942 1114/876/941 1131/893/958
f 1131/893/958 1132/894/959 1115/877/942
f 1116/878/943 1115/877/942 1132/894/959
f 1132/894/959 1133/895/960 1116/878/943
f 1117/879/944 1116/878/943 1133/895/960
f 1133/895/960 1134/896/961 1117/879/944
f 1118/880/945 1117/879/944 1134/896/961
f 1134/896/961 1135/897/962 1118/880/945
f 1121/883/948 1120/882/947 1136/898/963
f 1136/898/963 1137/899/964 1121/883/948
f 1122/884/949 1121/883/948 1137/899/964
f 1137/899/964 1138/900/965 1122/884/949
f 1123/885/950 1122/884/949 1138/900/965
f 1138/900/965 1139/901/966 1123/885/950
f 1124/886/951 1123/885/950 1139/901/966
f 1139/901/966 1140/902/967 1124/886/951
f 1125/887/952 1124/886/951 1140/902/967
f 1140/902/967 1141/903/968 1125/887/952
f 1126/888/953 1125/887/952 1141/903/968
f 1141/903/968 1142/904/969 1126/888/953
f 1127/889/954 1126/888/953 1142/904/969
f 1142/904/969 1143/905/970 1127/889/954
f 1128/890/955 1127/889/954 1143/905/970
f 1143/905/970 1144/906/971 1128/890/955
f 1129/891/956 1128/890/955 1144/906/971
f 1144/906/971 1145/907/972 1129/891/956
f 1130/892/957 1129/891/956 1145/907/972
f 1145/907/972 1146/908/973 1130/892/957
f 1131/893/958 1130/892/957 1146/908/973
f 1146/908/973 1147/909/974 1131/893/958
f 1132/894/959 1131/893/958 1147/909/974
f 1147/909/974 1148/910/975 1132/894/959
f 1133/895/960 1132/894/959 1148/910/975
f 1148/910/975 1149/911/976 1133/895/960
f 1134/896/961 1133/895/960 1149/911/976
f 1149/911/976 1150/912/977 1134/896/961
f 1135/897/962 1134/896/961 1150/912/977
f 1150/912/977 1151/913/978 1135/897/962
f 1137/899/964 1136/898/963 1152/914/979
f 1152/914/979 1153/915/980 1137/899/964
f 1138/900/965 1137/899/964 1153/915/980
f 1153/915/980 1154/916/981 1138/900/965
f 1139/901/966 1138/900/965 1154/916/981
f 1154/916/981 1155/917/982 1139/901/966
f 1140/902/967 1139/901/966 1155/917/982
f 1155/917/982 1156/918/983 1140/902/967
f 1141/903/968 1140/902/967 1156/918/983
f 1156/918/983 1157/919/984 1141/903/968
f 1142/904/969 1141/903/968 1157/919/984
f 1157/919/984 1158/920/985 1142/904/969
f 1143/905/970 1142/904/969 1158/920/985
f 1158/920/985 1159/921/986 1143/905/970
f 1144/906/971 1143/905/970 1159/921/986
f 1159/921/986 1160/922/987 1144/906/971
f 1145/907/972 1144/906/971 1160/922/987
f 1160/922/987 1161/923/988 1145/907/972
f 1146/908/973 1145/907/972 1161/923/988
f 1161/923/988 1162/924/989 1146/908/973
f 1147/909/974 1146/908/973 1162/924/989
f 1162/924/989 1163/925/990 1147/909/974
f 1148/910/975 1147/909/974 1163/925/990
f 1163/925/990 1164/926/991 1148/910/975
f 1149/911/976 1148/910/975 1164/926/991
f 1164/926/991 1165/927/992 1149/911/976
f 1150/912/977 1149/911/976 1165/927/992
f 1165/927/992 1166/928/993 1150/912/977
f 1151/913/978 1150/912/977 1166/928/993
f 1166/928/993 1167/929/994 1151/913/978
f 1153/915/980 1152/914/979 1168/930/995
f 1168/930/995 1169/931/996 1153/915/980
f 1154/916/981 1153/915/980 1169/931/996
f 1169/931/996 1170/932/997 1154/916/981
f 1155/917/982 1154/916/981 1170/932/997
f 1170/932/997 1171/933/998 1155/917/982
f 1156/918/983 1155/917/982 1171/933/998
f 1171/933/998 1172/934/999 1156/918/983
f 1157/919/984 1156/918/983 1172/934/999
f 1172/934/999 1173/935/1000 1157/919/984
f 1158/920/985 1157/919/984 1173/935/1000
f 1173/935/1000 1174/936/1001 1158/920/985
f 1159/921/986 1158/920/985 1174/936/1001
f 1174/936/1001 1175/937/1002 1159/921/986
f 1160/922/987 1159/921/986 1175/937/1002
f 1175/937/1002 1176/938/1003 1160/922/987
f 1161/923/988 1160/922/987 1176/938/1003
f 1176/938/1003 1177/939/1004 1161/923/988
f 1162/924/989 1161/923/988 1177/939/1004
f 1177/939/1004 1178/940/1005 1162/924/989
f 1163/925/990 1162/924/989 1178/940/1005
f 1178/940/1005 1179/941/1006 1163/925/990
f 1164/926/991 1163/925/990 1179/941/1006
f 1179/941/1006 1180/942/1007 1164/926/991
f 1165/927/992 1164/926/991 1180/942/1007
f 1180/942/1007 1181/943/1008 1165/927/992
f 1166/928/993 1165/927/992 1181/943/1008
f 1181/943/1008 1182/944/1009 1166/928/993
f 1167/929/994 1166/928/993 1182/944/1009
f 1182/944/1009 1183/945/1010 1167/929/994
f 1169/931/996 1168/930/995 1184/946/1011
f 1184/946/1011 1185/947/1012 1169/931/996
f 1170/932/997 1169/931/996 1185/947/1012
f 1185/947/1012 1186/948/1013 1170/932/997
f 1171/933/998 1170/932/997 1186/948/1013
f 1186/948/1013 1187/949/1014 1171/933/998
f 1172/934/999 1171/933/998 1187/949/1014
f 1187/949/1014 1188/950/1015 1172/934/999
f 1173/935/1000 1172/934/999 1188/950/1015
f 1188/950/1015 1189/951/1016 1173/935/1000
f 1174/936/1001 1173/935/1000 1189/951/1016
f 1189/951/1016 1190/952/1017 1174/936/1001
f 1175/937/1002 1174/936/1001 1190/952/1017
f 1190/952/1017 1191/953/1018 1175/937/1002
f 1176/938/1003 1175/937/1002 1191/953/1018
f 1191/953/1018 1192/954/1019 1176/938/1003
f 1177/939/1004 1176/938/1003 1192/954/1019
f 1192/954/1019 1193/955/1020 1177/939/1004
f 1178/940/1005 1177/939/1004 1193/955/1020
f 1193/955/1020 1194/956/1021 1178/940/1005
f 1179/941/1006 1178/940/1005 1194/956/1021
f 1194/956/1021 1195/957/1022 1179/941/1006
f 1180/942/1007 1179/941/1006 1195/957/1022
f 1195/957/1022 1196/958/1023 1180/942/1007
f 1181/943/1008 1180/942/1007 1196/958/1023
f 1196/958/1023 1197/959/1024 1181/943/1008
f 1182/944/1009 1181/943/1008 1197/959/1024
f 1197/959/1024 1198/960/1025 1182/944/1009
f 1183/945/1010 1182/944/1009 1198/960/1025
f 1198/960/1025 1199/961/1026 1183/945/1010
f 1185/947/1012 1184/946/1011 1200/962/1027
f 1200/962/1027 1201/963/1028 1185/947/1012
f 1186/948/1013 1185/947/1012 1201/963/1028
f 1201/963/1028 1202/964/1029 1186/948/1013
f 1187/949/1014 1186/948/1013 1202/964/1029
f 1202/964/1029 1203/965/1030 1187/949/1014
f 1188/950/1015 1187/949/1014 1203/965/1030
f 1203/965/1030 1204/966/1031 1188/950/1015
f 1189/951/1016 1188/950/1015 1204/966/1031
f 1204/966/1031 1205/967/1032 1189/951/1016
f 1190/952/1017 1189/951/1016 1205/967/1032
f 1205/967/1032 1206/968/1033 1190/952/1017
f 1191/953/1018 1190/952/1017 1206/968/1033
f 1206/968/1033 1207/969/1034 1191/953/1018
f 1192/954/1019 1191/953/1018 1207/969/1034
f 1207/969/1034 1208/970/1035 1192/954/1019
f 1193/955/1020 1192/954/1019 1208/970/1035
f 1208/970/1035 1209/971/1036 1193/955/1020
f 1194/956/1021 1193/955/1020 1209/971/1036
f 1209/971/1036 1210/972/1037 1194/956/1021
f 1195/957/1022 1194/956/1021 1210/972/1037
f 1210/972/1037 1211/973/1038 1195/957/1022
f 1196/958/1023 1195/957/1022 1211/973/1038
f 1211/973/1038 1212/974/1039 1196/958/1023
f 1197/959/1024 1196/958/1023 1212/974/1039
f 1212/974/1039 1213/975/1040 1197/959/1024
f 1198/960/1025 1197/959/1024 1213/975/1040
f 1213/975/1040 1214/976/1041 1198/960/1025
f 1199/961/1026 1198/960/1025 1214/976/1041
f 1214/976/1041 1215/977/1042 1199/961/1026
f 1118/880/945 1135/897/962 1216/978/1043
f 1216/978/1043 1119/881/946 1118/880/945
f 1135/897/962 1151/913/978 1217/979/1044
f 1217/979/1044 1216/978/1043 1135/897/962
f 1217/979/1044 1151/913/978 1167/929/994
f 1167/929/994 1218/980/1045 1217/979/1044
f 1218/980/1045 1167/929/994 1183/945/1010
f 1183/945/1010 1219/981/1046 1218/980/1045
f 1219/981/1046 1183/945/1010 1199/961/1026
f 1199/961/1026 1220/982/1047 1219/981/1046
f 1220/982/1047 1199/961/1026 1215/977/1042
f 1215/977/1042 1221/983/1048 1220/982/1047
f 983/745/810 1222/747/1049 984/746/811
f 983/745/810 1223/748/1050 1222/747/1049
f 983/745/810 1224/749/1051 1223/748/1050
f 983/745/810 1225/750/1052 1224/749/1051
f 983/745/810 1226/751/1053 1225/750/1052
f 983/745/810 1227/752/1054 1226/751/1053
f 983/745/810 1228/753/1055 1227/752/1054
f 983/745/810 1229/754/1056 1228/753/1055
f 983/745/810 1230/755/1057 1229/754/1056
f 983/745/810 1231/756/1058 1230/755/1057
f 983/745/810 1232/757/1059 1231/756/1058
f 983/745/810 1233/758/1060 1232/757/1059
f 983/745/810 1234/759/1061 1233/758/1060
f 983/745/810 1235/760/1062 1234/759/1061
f 983/745/810 1236/761/1063 1235/760/1062
f 983/745/810 1000/762/827 1236/761/1063
f 1237/763/1064 1002/764/829 984/746/811
f 984/746/811 1222/747/1049 1237/763/1064
f 1238/765/1065 1237/763/1064 1222/747/1049
f 1222/747/1049 1223/748/1050 1238/765/1065
f 1239/766/1066 1238/765/1065 1223/748/1050
f 1223/748/1050 1224/749/1051 1239/766/1066
f 1240/767/1067 1239/766/1066 1224/749/1051
f 1224/749/1051 1225/750/1052 1240/767/1067
f 1241/768/1068 1240/767/1067 1225/750/1052
f 1225/750/1052 1226/751/1053 1241/768/1068
f 1242/769/1069 1241/768/1068 1226/751/1053
f 1226/751/1053 1227/752/1054 1242/769/1069
f 1243/770/1070 1242/769/1069 1227/752/1054
f 1227/752/1054 1228/753/1055 1243/770/1070
f 1244/771/1071 1243/770/1070 1228/753/1055
f 1228/753/1055 1229/754/1056 1244/771/1071
f 1245/772/1072 1244/771/1071 1229/754/1056
f 1229/754/1056 1230/755/1057 1245/772/1072
f 1246/773/1073 1245/772/1072 1230/755/1057
f 1230/755/1057 1231/756/1058 1246/773/1073
f 1247/774/1074 1246/773/1073 1231/756/1058
f 1231/756/1058 1232/757/1059 1247/774/1074
f 1248/775/1075 1247/774/1074 1232/757/1059
f 1232/757/1059 1233/758/1060 1248/775/1075
f 1249/776/1076 1248/775/1075 1233/758/1060
f 1233/758/1060 1234/759/1061 1249/776/1076
f 1250/777/1077 1249/776/1076 1234/759/1061
f 1234/759/1061 1235/760/1062 1250/777/1077
f 1251/778/1078 1250/777/1077 1235/760/1062
f 1235/760/1062 1236/761/1063 1251/778/1078
f 1017/779/844 1251/778/1078 1236/761/1063
f 1236/761/1063 1000/762/827 1017/779/844
f 1252/780/1079 1019/781/846 1002/764/829
f 1002/764/829 1237/763/1064 1252/780/1079
f 1253/782/1080 1252/780/1079 1237/763/1064
f 1237/763/1064 1238/765/1065 1253/782/1080
f 1254/783/1081 1253/782/1080 1238/765/1065
f 1238/765/1065 1239/766/1066 1254/783/1081
f 1255/784/1082 1254/783/1081 1239/766/1066
f 1239/766/1066 1240/767/1067 1255/784/1082
f 1256/785/1083 1255/784/1082 1240/767/1067
f 1240/767/1067 1241/768/1068 1256/785/1083
f 1257/786/1084 1256/785/1083 1241/768/1068
f 1241/768/1068 1242/769/1069 1257/786/1084
f 1258/787/1085 1257/786/1084 1242/769/1069
f 1242/769/1069 1243/770/1070 1258/787/1085
f 1259/788/1086 1258/787/1085 1243/770/1070
f 1243/770/1070 1244/771/1071 1259/788/1086
f 1260/789/1087 1259/788/1086 1244/771/1071
f 1244/771/1071 1245/772/1072 1260/789/1087
f 1261/790/1088 1260/789/1087 1245/772/1072
f 1245/772/1072 1246/773/1073 1261/790/1088
f 1262/791/1089 1261/790/1088 1246/773/1073
f 1246/773/1073 1247/774/1074 1262/791/1089
f 1263/792/1090 1262/791/1089 1247/774/1074
f 1247/774/1074 1248/775/1075 1263/792/1090
f 1264/793/1091 1263/792/1090 1248/775/1075
f 1248/775/1075 1249/776/1076 1264/793/1091
f 1265/794/1092 1264/793/1091 1249/776/1076
f 1249/776/1076 1250/777/1077 1265/794/1092
f 1266/795/1093 1265/794/1092 1250/777/1077
f 1250/777/1077 1251/778/1078 1266/795/1093
f 1034/796/861 1266/795/1093 1251/778/1078
f 1251/778/1078 1017/779/844 1034/796/861
f 1267/797/1094 1036/798/863 1019/781/846
f 1019/781/846 1252/780/1079 1267/797/1094
f 1268/799/1095 1267/797/1094 1252/780/1079
f 1252/780/1079 1253/782/1080 1268/799/1095
f 1269/800/1096 1268/799/1095 1253/782/1080
f 1253/782/1080 1254/783/1081 1269/800/1096
f 1270/801/1097 1269/800/1096 1254/783/1081
f 1254/783/1081 1255/784/1082 1270/801/1097
f 1271/802/1098 1270/801/1097 1255/784/1082
f 1255/784/1082 1256/785/1083 1271/802/1098
f 1272/803/1099 1271/802/1098 1256/785/1083
f 1256/785/1083 1257/786/1084 1272/803/1099
f 1273/804/1100 1272/803/1099 1257/786/1084
f 1257/786/1084 1258/787/1085 1273/804/1100
f 1274/805/1101 1273/804/1100 1258/787/1085
f 1258/787/1085 1259/788/1086 1274/805/1101
f 1275/806/1102 1274/805/1101 1259/788/1086
f 1259/788/1086 1260/789/1087 1275/806/1102
f 1276/807/1103 1275/806/1102 1260/789/1087
f 1260/789/1087 1261/790/1088 1276/807/1103
f 1277/808/1104 1276/807/1103 1261/790/1088
f 1261/790/1088 1262/791/1089 1277/808/1104
f 1278/809/1105 1277/808/1104 1262/791/1089
f 1262/791/1089 1263/792/1090 1278/809/1105
f 1279/810/1106 1278/809/1105 1263/792/1090
f 1263/792/1090 1264/793/1091 1279/810/1106
f 1280/811/1107 1279/810/1106 1264/793/1091
f 1264/793/1091 1265/794/1092 1280/811/1107
f 1281/812/1108 1280/811/1107 1265/794/1092
f 1265/794/1092 1266/795/1093 1281/812/1108
f 1051/813/878 1281/812/1108 1266/795/1093
f 1266/795/1093 1034/796/861 1051/813/878
f 1282/814/1109 1053/815/880 1036/798/863
f 1036/798/863 1267/797/1094 1282/814/1109
f 1283/816/1110 1282/814/1109 1267/797/1094
f 1267/797/1094 1268/799/1095 1283/816/1110
f 1284/817/1111 1283/816/1110 1268/799/1095
f 1268/799/1095 1269/800/1096 1284/817/1111
f 1285/818/1112 1284/817/1111 1269/800/1096
f 1269/800/1096 1270/801/1097 1285/818/1112
f 1286/819/1113 1285/818/1112 1270/801/1097
f 1270/801/1097 1271/802/1098 1286/819/1113
f 1287/820/1114 1286/819/1113 1271/802/1098
f 1271/802/1098 1272/803/1099 1287/820/1114
f 1288/821/1115 1287/820/1114 1272/803/1099
f 1272/803/1099 1273/804/1100 1288/821/1115
f 1289/822/1116 1288/821/1115 1273/804/1100
f 1273/804/1100 1274/805/1101 1289/822/1116
f 1290/823/1117 1289/822/1116 1274/805/1101
f 1274/805/1101 1275/806/1102 1290/823/1117
f 1291/824/1118 1290/823/1117 1275/806/1102
f 1275/806/1102 1276/807/1103 1291/824/1118
f 1292/825/1119 1291/824/1118 1276/807/1103
f 1276/807/1103 1277/808/1104 1292/825/1119
f 1293/826/1120 1292/825/1119 1277/808/1104
f 1277/808/1104 1278/809/1105 1293/826/1120
f 1294/827/1121 1293/826/1120 1278/809/1105
f 1278/809/1105 1279/810/1106 1294/827/1121
f 1295/828/1122 1294/827/1121 1279/810/1106
f 1279/810/1106 1280/811/1107 1295/828/1122
f 1296/829/1123 1295/828/1122 1280/811/1107
f 1280/811/1107 1281/812/1108 1296/829/1123
f 1296/829/1123 1281/812/1108 1051/813/878
f 1051/813/878 1068/830/895 1296/829/1123
f 1297/831/1124 1070/832/897 1053/815/880
f 1053/815/880 1282/814/1109 1297/831/1124
f 1298/833/1125 1297/831/1124 1282/814/1109
f 1282/814/1109 1283/816/1110 1298/833/1125
f 1299/834/1126 1298/833/1125 1283/816/1110
f 1283/816/1110 1284/817/1111 1299/834/1126
f 1300/835/1127 1299/834/1126 1284/817/1111
f 1284/817/1111 1285/818/1112 1300/835/1127
f 1301/836/1128 1300/835/1127 1285/818/1112
f 1285/818/1112 1286/819/1113 1301/836/1128
f 1302/837/1129 1301/836/1128 1286/819/1113
f 1286/819/1113 1287/820/1114 1302/837/1129
f 1303/838/1130 1302/837/1129 1287/820/1114
f 1287/820/1114 1288/821/1115 1303/838/1130
f 1304/839/1131 1303/838/1130 1288/821/1115
f 1288/821/1115 1289/822/1116 1304/839/1131
f 1305/840/1132 1304/839/1131 1289/822/1116
f 1289/822/1116 1290/823/1117 1305/840/1132
f 1306/841/1133 1305/840/1132 1290/823/1117
f 1290/823/1117 1291/824/1118 1306/841/1133
f 1307/842/1134 1306/841/1133 1291/824/1118
f 1291/824/1118 1292/825/1119 1307/842/1134
f 1308/843/1135 1307/842/1134 1292/825/1119
f 1292/825/1119 1293/826/1120 1308/843/1135
f 1309/844/1136 1308/843/1135 1293/826/1120
f 1293/826/1120 1294/827/1121 1309/844/1136
f 1310/845/1137 1309/844/1136 1294/827/1121
f 1294/827/1121 1295/828/1122 1310/845/1137
f 1311/846/1138 1310/845/1137 1295/828/1122
f 1295/828/1122 1296/829/1123 1311/846/1138
f 1311/846/1138 1296/829/1123 1068/830/895
f 1068/830/895 1085/847/912 1311/846/1138
f 1312/848/1139 1087/849/914 1070/832/897
f 1070/832/897 1297/831/1124 1312/848/1139
f 1313/850/1140 1312/848/1139 1297/831/1124
f 1297/831/1124 1298/833/1125 1313/850/1140
f 1314/851/1141 1313/850/1140 1298/833/1125
f 1298/833/1125 1299/834/1126 1314/851/1141
f 1315/852/1142 1314/851/1141 1299/834/1126
f 1299/834/1126 1300/835/1127 1315/852/1142
f 1316/853/1143 1315/852/1142 1300/835/1127
f 1300/835/1127 1301/836/1128 1316/853/1143
f 1317/854/1144 1316/853/1143 1301/836/1128
f 1301/836/1128 1302/837/1129 1317/854/1144
f 1318/855/1145 1317/854/1144 1302/837/1129
f 1302/837/1129 1303/838/1130 1318/855/1145
f 1319/856/1146 1318/855/1145 1303/838/1130
f 1303/838/1130 1304/839/1131 1319/856/1146
f 1320/857/1147 1319/856/1146 1304/839/1131
f 1304/839/1131 1305/840/1132 1320/857/1147
f 1321/858/1148 1320/857/1147 1305/840/1132
f 1305/840/1132 1306/841/1133 1321/858/1148
f 1322/859/1149 1321/858/1148 1306/841/1133
f 1306/841/1133 1307/842/1134 1322/859/1149
f 1323/860/1150 1322/859/1149 1307/842/1134
f 1307/842/1134 1308/843/1135 1323/860/1150
f 1324/861/1151 1323/860/1150 1308/843/1135
f 1308/843/1135 1309/844/1136 1324/861/1151
f 1325/862/1152 1324/861/1151 1309/844/1136
f 1309/844/1136 1310/845/1137 1325/862/1152
f 1326/863/1153 1325/862/1152 1310/845/1137
f 1310/845/1137 1311/846/1138 1326/863/1153
f 1326/863/1153 1311/846/1138 1085/847/912
f 1085/847/912 1102/864/929 1326/863/1153
f 1327/865/1154 1104/866/931 1087/849/914
f 1087/849/914 1312/848/1139 1327/865/1154
f 1328/867/1155 1327/865/1154 1312/848/1139
f 1312/848/1139 1313/850/1140 1328/867/1155
f 1329/868/1156 1328/867/1155 1313/850/1140
f 1313/850/1140 1314/851/1141 1329/868/1156
f 1330/869/1157 1329/868/1156 1314/851/1141
f 1314/851/1141 1315/852/1142 1330/869/1157
f 1331/870/1158 1330/869/1157 1315/852/1142
f 1315/852/1142 1316/853/1143 1331/870/1158
f 1332/871/1159 1331/870/1158 1316/853/1143
f 1316/853/1143 1317/854/1144 1332/871/1159
f 1333/872/1160 1332/871/1159 1317/854/1144
f 1317/854/1144 1318/855/1145 1333/872/1160
f 1334/873/1161 1333/872/1160 1318/855/1145
f 1318/855/1145 1319/856/1146 1334/873/1161
f 1335/874/1162 1334/873/1161 1319/856/1146
f 1319/856/1146 1320/857/1147 1335/874/1162
f 1336/875/1163 1335/874/1162 1320/857/1147
f 1320/857/1147 1321/858/1148 1336/875/1163
f 1337/876/1164 1336/875/1163 1321/858/1148
f 1321/858/1148 1322/859/1149 1337/876/1164
f 1338/877/1165 1337/876/1164 1322/859/1149
f 1322/859/1149 1323/860/1150 1338/877/1165
f 1339/878/1166 1338/877/1165 1323/860/1150
f 1323/860/1150 1324/861/1151 1339/878/1166
f 1340/879/1167 1339/878/1166 1324/861/1151
f 1324/861/1151 1325/862/1152 1340/879/1167
f 1341/880/1168 1340/879/1167 1325/862/1152
f 1325/862/1152 1326/863/1153 1341/880/1168
f 1341/880/1168 1326/863/1153 1102/864/929
f 1102/864/929 1119/881/946 1341/880/1168
f 1327/865/1154 1342/883/1169 1120/882/947
f 1120/882/947 1104/866/931 1327/865/1154
f 1328/867/1155 1343/884/1170 1342/883/1169
f 1342/883/1169 1327/865/1154 1328/867/1155
f 1329/868/1156 1344/885/1171 1343/884/1170
f 1343/884/1170 1328/867/1155 1329/868/1156
f 1330/869/1157 1345/886/1172 1344/885/1171
f 1344/885/1171 1329/868/1156 1330/869/1157
f 1331/870/1158 1346/887/1173 1345/886/1172
f 1345/886/1172 1330/869/1157 1331/870/1158
f 1332/871/1159 1347/888/1174 1346/887/1173
f 1346/887/1173 1331/870/1158 1332/871/1159
f 1333/872/1160 1348/889/1175 1347/888/1174
f 1347/888/1174 1332/871/1159 1333/872/1160
f 1334/873/1161 1349/890/1176 1348/889/1175
f 1348/889/1175 1333/872/1160 1334/873/1161
f 1335/874/1162 1350/891/1177 1349/890/1176
f 1349/890/1176 1334/873/1161 1335/874/1162
f 1336/875/1163 1351/892/1178 1350/891/1177
f 1350/891/1177 1335/874/1162 1336/875/1163
f 1337/876/1164 1352/893/1179 1351/892/1178
f 1351/892/1178 1336/875/1163 1337/876/1164
f 1338/877/1165 1353/894/1180 1352/893/1179
f 1352/893/1179 1337/876/1164 1338/877/1165
f 1339/878/1166 1354/895/1181 1353/894/1180
f 1353/894/1180 1338/877/1165 1339/878/1166
f 1340/879/1167 1355/896/1182 1354/895/1181
f 1354/895/1181 1339/878/1166 1340/879/1167
f 1341/880/1168 1356/897/1183 1355/896/1182
f 1355/896/1182 1340/879/1167 1341/880/1168
f 1342/883/1169 1357/899/1184 1136/898/963
f 1136/898/963 1120/882/947 1342/883/1169
f 1343/884/1170 1358/900/1185 1357/899/1184
f 1357/899/1184 1342/883/1169 1343/884/1170
f 1344/885/1171 1359/901/1186 1358/900/1185
f 1358/900/1185 1343/884/1170 1344/885/1171
f 1345/886/1172 1360/902/1187 1359/901/1186
f 1359/901/1186 1344/885/1171 1345/886/1172
f 1346/887/1173 1361/903/1188 1360/902/1187
f 1360/902/1187 1345/886/1172 1346/887/1173
f 1347/888/1174 1362/904/1189 1361/903/1188
f 1361/903/1188 1346/887/1173 1347/888/1174
f 1348/889/1175 1363/905/1190 1362/904/1189
f 1362/904/1189 1347/888/1174 1348/889/1175
f 1349/890/1176 1364/906/1191 1363/905/1190
f 1363/905/1190 1348/889/1175 1349/890/1176
f 1350/891/1177 1365/907/1192 1364/906/1191
f 1364/906/1191 1349/890/1176 1350/891/1177
f 1351/892/1178 1366/908/1193 1365/907/1192
f 1365/907/1192 1350/891/1177 1351/892/1178
f 1352/893/1179 1367/909/1194 1366/908/1193
f 1366/908/1193 1351/892/1178 1352/893/1179
f 1353/894/1180 1368/910/1195 1367/909/1194
f 1367/909/1194 1352/893/1179 1353/894/1180
f 1354/895/1181 1369/911/1196 1368/910/1195
f 1368/910/1195 1353/894/1180 1354/895/1181
f 1355/896/1182 1370/912/1197 1369/911/1196
f 1369/911/1196 1354/895/1181 1355/896/1182
f 1356/897/1183 1371/913/1198 1370/912/1197
f 1370/912/1197 1355/896/1182 1356/897/1183
f 1357/899/1184 1372/915/1199 1152/914/979
f 1152/914/979 1136/898/963 1357/899/1184
f 1358/900/1185 1373/916/1200 1372/915/1199
f 1372/915/1199 1357/899/1184 1358/900/1185
f 1359/901/1186 1374/917/1201 1373/916/1200
f 1373/916/1200 1358/900/1185 1359/901/1186
f 1360/902/1187 1375/918/1202 1374/917/1201
f 1374/917/1201 1359/901/1186 1360/902/1187
f 1361/903/1188 1376/919/1203 1375/918/1202
f 1375/918/1202 1360/902/1187 1361/903/1188
f 1362/904/1189 1377/920/1204 1376/919/1203
f 1376/919/1203 1361/903/1188 1362/904/1189
f 1363/905/1190 1378/921/1205 1377/920/1204
f 1377/920/1204 1362/904/1189 1363/905/1190
f 1364/906/1191 1379/922/1206 1378/921/1205
f 1378/921/1205 1363/905/1190 1364/906/1191
f 1365/907/1192 1380/923/1207 1379/922/1206
f 1379/922/1206 1364/906/1191 1365/907/1192
f 1366/908/1193 1381/924/1208 1380/923/1207
f 1380/923/1207 1365/907/1192 1366/908/1193
f 1367/909/1194 1382/925/1209 1381/924/1208
f 1381/924/1208 1366/908/1193 1367/909/1194
f 1368/910/1195 1383/926/1210 1382/925/1209
f 1382/925/1209 1367/909/1194 1368/910/1195
f 1369/911/1196 1384/927/1211 1383/926/1210
f 1383/926/1210 1368/910/1195 1369/911/1196
f 1370/912/1197 1385/928/1212 1384/927/1211
f 1384/927/1211 1369/911/1196 1370/912/1197
f 1371/913/1198 1386/929/1213 1385/928/1212
f 1385/928/1212 1370/912/1197 1371/913/1198
f 1372/915/1199 1387/931/1214 1168/930/995
f 1168/930/995 1152/914/979 1372/915/1199
f 1373/916/1200 1388/932/1215 1387/931/1214
f 1387/931/1214 1372/915/1199 1373/916/1200
f 1374/917/1201 1389/933/1216 1388/932/1215
f 1388/932/1215 1373/916/1200 1374/917/1201
f 1375/918/1202 1390/934/1217 1389/933/1216
f 1389/933/1216 1374/917/1201 1375/918/1202
f 1376/919/1203 1391/935/1218 1390/934/1217
f 1390/934/1217 1375/918/1202 1376/919/1203
f 1377/920/1204 1392/936/1219 1391/935/1218
f 1391/935/1218 1376/919/1203 1377/920/1204
f 1378/921/1205 1393/937/1220 1392/936/1219
f 1392/936/1219 1377/920/1204 1378/921/1205
f 1379/922/1206 1394/938/1221 1393/937/1220
f 1393/937/1220 1378/921/1205 1379/922/1206
f 1380/923/1207 1395/939/1222 1394/938/1221
f 1394/938/1221 1379/922/1206 1380/923/1207
f 1381/924/1208 1396/940/1223 1395/939/1222
f 1395/939/1222 1380/923/1207 1381/924/1208
f 1382/925/1209 1397/941/1224 1396/940/1223
f 1396/940/1223 1381/924/1208 1382/925/1209
f 1383/926/1210 1398/942/1225 1397/941/1224
f 1397/941/1224 1382/925/1209 1383/926/1210
f 1384/927/1211 1399/943/1226 1398/942/1225
f 1398/942/1225 1383/926/1210 1384/927/1211
f 1385/928/1212 1400/944/1227 1399/943/1226
f 1399/943/1226 1384/927/1211 1385/928/1212
f 1386/929/1213 1401/945/1228 1400/944/1227
f 1400/944/1227 1385/928/1212 1386/929/1213
f 1387/931/1214 1402/947/1229 1184/946/1011
f 1184/946/1011 1168/930/995 1387/931/1214
f 1388/932/1215 1403/948/1230 1402/947/1229
f 1402/947/1229 1387/931/1214 1388/932/1215
f 1389/933/1216 1404/949/1231 1403/948/1230
f 1403/948/1230 1388/932/1215 1389/933/1216
f 1390/934/1217 1405/950/1232 1404/949/1231
f 1404/949/1231 1389/933/1216 1390/934/1217
f 1391/935/1218 1406/951/1233 1405/950/1232
f 1405/950/1232 1390/934/1217 1391/935/1218
f 1392/936/1219 1407/952/1234 1406/951/1233
f 1406/951/1233 1391/935/1218 1392/936/1219
f 1393/937/1220 1408/953/1235 1407/952/1234
f 1407/952/1234 1392/936/1219 1393/937/1220
f 1394/938/1221 1409/954/1236 1408/953/1235
f 1408/953/1235 1393/937/1220 1394/938/1221
f 1395/939/1222 1410/955/1237 1409/954/1236
f 1409/954/1236 1394/938/1221 1395/939/1222
f 1396/940/1223 1411/956/1238 1410/955/1237
f 1410/955/1237 1395/939/1222 1396/940/1223
f 1397/941/1224 1412/957/1239 1411/956/1238
f 1411/956/1238 1396/940/1223 1397/941/1224
f 1398/942/1225 1413/958/1240 1412/957/1239
f 1412/957/1239 1397/941/1224 1398/942/1225
f 1399/943/1226 1414/959/1241 1413/958/1240
f 1413/958/1240 1398/942/1225 1399/943/1226
f 1400/944/1227 1415/960/1242 1414/959/1241
f 1414/959/1241 1399/943/1226 1400/944/1227
f 1401/945/1228 1416/961/1243 1415/960/1242
f 1415/960/1242 1400/944/1227 1401/945/1228
f 1402/947/1229 1417/963/1244 1200/962/1027
f 1200/962/1027 1184/946/1011 1402/947/1229
f 1403/948/1230 1418/964/1245 1417/963/1244
f 1417/963/1244 1402/947/1229 1403/948/1230
f 1404/949/1231 1419/965/1246 1418/964/1245
f 1418/964/1245 1403/948/1230 1404/949/1231
f 1405/950/1232 1420/966/1247 1419/965/1246
f 1419/965/1246 1404/949/1231 1405/950/1232
f 1406/951/1233 1421/967/1248 1420/966/1247
f 1420/966/1247 1405/950/1232 1406/951/1233
f 1407/952/1234 1422/968/1249 1421/967/1248
f 1421/967/1248 1406/951/1233 1407/952/1234
f 1408/953/1235 1423/969/1250 1422/968/1249
f 1422/968/1249 1407/952/1234 1408/953/1235
f 1409/954/1236 1424/970/1251 1423/969/1250
f 1423/969/1250 1408/953/1235 1409/954/1236
f 1410/955/1237 1425/971/1252 1424/970/1251
f 1424/970/1251 1409/954/1236 1410/955/1237
f 1411/956/1238 1426/972/1253 1425/971/1252
f 1425/971/1252 1410/955/1237 1411/956/1238
f 1412/957/1239 1427/973/1254 1426/972/1253
f 1426/972/1253 1411/956/1238 1412/957/1239
f 1413/958/1240 1428/974/1255 1427/973/1254
f 1427/973/1254 1412/957/1239 1413/958/1240
f 1414/959/1241 1429/975/1256 1428/974/1255
f 1428/974/1255 1413/958/1240 1414/959/1241
f 1415/960/1242 1430/976/1257 1429/975/1256
f 1429/975/1256 1414/959/1241 1415/960/1242
f 1416/961/1243 1431/977/1258 1430/976/1257
f 1430/976/1257 1415/960/1242 1416/961/1243
f 1341/880/1168 1119/881/946 1216/978/1043
f 1216/978/1043 1356/897/1183 1341/880/1168
f 1356/897/1183 1216/978/1043 1217/979/1044
f 1217/979/1044 1371/913/1198 1356/897/1183
f 1217/979/1044 1218/980/1045 1386/929/1213
f 1386/929/1213 1371/913/1198 1217/979/1044
f 1218/980/1045 1219/981/1046 1401/945/1228
f 1401/945/1228 1386/929/1213 1218/980/1045
f 1219/981/1046 1220/982/1047 1416/961/1243
f 1416/961/1243 1401/945/1228 1219/981/1046
f 1220/982/1047 1221/983/1048 1431/977/1258
f 1431/977/1258 1416/961/1243 1220/982/1047
