# Blender 5.1.2
# www.blender.org
mtllib squidward_house_1.mtl
o Cylinder.006
v -0.877901 3.147126 -0.241993
v -0.904729 3.158692 -0.160424
v -0.867599 3.087772 -0.230188
v -0.894428 3.099339 -0.148619
v -0.849297 3.032005 -0.216261
v -0.876125 3.043571 -0.134692
v -0.823697 2.981967 -0.200745
v -0.850525 2.993534 -0.119176
v -0.791782 2.939582 -0.184238
v -0.818611 2.951149 -0.102669
v -0.754781 2.906478 -0.167374
v -0.781609 2.918045 -0.085805
v -0.714114 2.883928 -0.150801
v -0.740942 2.895494 -0.069232
v -0.671344 2.872798 -0.135155
v -0.698173 2.884364 -0.053586
v -0.628115 2.873516 -0.121039
v -0.654944 2.885082 -0.039470
v -0.586089 2.886054 -0.108994
v -0.612917 2.897620 -0.027425
v -0.546880 2.909930 -0.099484
v -0.573708 2.921497 -0.017915
v -0.511995 2.944228 -0.092873
v -0.538823 2.955794 -0.011304
v -0.482774 2.987628 -0.089416
v -0.509603 2.999195 -0.007847
v -0.460341 3.038464 -0.089247
v -0.487170 3.050030 -0.007678
v -0.445558 3.094780 -0.092370
v -0.472387 3.106347 -0.010801
v -0.438993 3.154414 -0.098667
v -0.465821 3.165981 -0.017098
v -0.440897 3.215074 -0.107895
v -0.467726 3.226640 -0.026326
v -0.451199 3.274427 -0.119700
v -0.478027 3.285994 -0.038131
v -0.469501 3.330195 -0.133628
v -0.496330 3.341761 -0.052059
v -0.495102 3.380232 -0.149143
v -0.521930 3.391799 -0.067574
v -0.527016 3.422618 -0.165650
v -0.553844 3.434184 -0.084081
v -0.564017 3.455721 -0.182514
v -0.590846 3.467288 -0.100945
v -0.604684 3.478271 -0.199088
v -0.631513 3.489838 -0.117519
v -0.647454 3.489402 -0.214733
v -0.674282 3.500968 -0.133164
v -0.690683 3.488684 -0.228850
v -0.717511 3.500250 -0.147281
v -0.732709 3.476146 -0.240894
v -0.759538 3.487712 -0.159325
v -0.771918 3.452269 -0.250405
v -0.798747 3.463836 -0.168836
v -0.806804 3.417972 -0.257015
v -0.833632 3.429538 -0.175446
v -0.836024 3.374571 -0.260472
v -0.862853 3.386138 -0.178903
v -0.858457 3.323736 -0.260642
v -0.885285 3.335302 -0.179073
v -0.873240 3.267419 -0.257518
v -0.900069 3.278986 -0.175949
v -0.879806 3.207785 -0.251221
v -0.906634 3.219352 -0.169652
v 0.858243 2.260952 -0.947846
v 0.653682 4.067728 -0.984802
v 0.848487 2.273616 -1.206259
v 0.643926 4.080392 -1.243215
v 1.298895 2.315407 -0.950182
v 1.094334 4.122182 -0.987138
v 1.289139 2.328071 -1.208595
v 1.084578 4.134847 -1.245551
v -0.958385 3.710913 -0.170230
v -0.961567 3.963547 -0.177720
v -0.964091 3.722776 -0.502008
v -0.967273 3.975411 -0.509497
v 0.669031 3.687024 -0.143188
v 0.665849 3.939658 -0.150677
v 0.663325 3.698888 -0.474965
v 0.660143 3.951522 -0.482455
v -1.722968 2.323394 -1.069340
v -1.443366 4.100445 -1.083994
v -1.721508 2.338161 -1.327591
v -1.441907 4.115211 -1.342246
v -1.285387 2.216305 -1.051201
v -1.005785 3.993356 -1.065855
v -1.283927 2.231071 -1.309453
v -1.004325 4.008122 -1.324107
v -0.089557 2.060242 -0.142132
v -0.117198 3.858955 -0.333967
v -0.057036 2.060209 -0.137868
v -0.096060 3.858934 -0.331195
v -0.025901 2.060739 -0.128873
v -0.075822 3.859278 -0.325348
v 0.002653 2.061811 -0.115490
v -0.057262 3.859976 -0.316649
v 0.027528 2.063386 -0.098236
v -0.041093 3.860999 -0.305434
v 0.047768 2.065402 -0.077772
v -0.027938 3.862309 -0.292133
v 0.062595 2.067781 -0.054886
v -0.018300 3.863856 -0.277257
v 0.071439 2.070433 -0.030457
v -0.012551 3.865580 -0.261378
v 0.073961 2.073255 -0.005423
v -0.010912 3.867414 -0.245106
v 0.070064 2.076138 0.019252
v -0.013445 3.869288 -0.229067
v 0.059897 2.078973 0.042622
v -0.020053 3.871131 -0.213876
v 0.043851 2.081650 0.063788
v -0.030483 3.872871 -0.200119
v 0.022543 2.084067 0.081937
v -0.044333 3.874442 -0.188322
v -0.003208 2.086129 0.096370
v -0.061072 3.875782 -0.178940
v -0.032413 2.087759 0.106534
v -0.080055 3.876842 -0.172334
v -0.063950 2.088893 0.112038
v -0.100554 3.877579 -0.168756
v -0.096606 2.089488 0.112670
v -0.121780 3.877966 -0.168346
v -0.129126 2.089521 0.108406
v -0.142919 3.877987 -0.171117
v -0.160262 2.088991 0.099410
v -0.163157 3.877643 -0.176964
v -0.188815 2.087919 0.086027
v -0.181716 3.876945 -0.185663
v -0.213690 2.086344 0.068773
v -0.197885 3.875922 -0.196878
v -0.233930 2.084328 0.048310
v -0.211041 3.874612 -0.210180
v -0.248757 2.081949 0.025424
v -0.220679 3.873065 -0.225056
v -0.257602 2.079297 0.000994
v -0.226428 3.871342 -0.240935
v -0.260124 2.076475 -0.024039
v -0.228067 3.869507 -0.257206
v -0.256226 2.073591 -0.048715
v -0.225534 3.867633 -0.273246
v -0.246060 2.070756 -0.072085
v -0.218925 3.865790 -0.288436
v -0.230014 2.068079 -0.093251
v -0.208496 3.864050 -0.302194
v -0.208706 2.065663 -0.111399
v -0.194645 3.862479 -0.313990
v -0.182955 2.063601 -0.125833
v -0.177907 3.861139 -0.323372
v -0.153749 2.061971 -0.135996
v -0.158924 3.860079 -0.329979
v -0.122213 2.060837 -0.141500
v -0.138425 3.859342 -0.333556
v -0.144653 0.028706 -2.469668
v -0.199332 5.013069 -2.134181
v 0.134897 0.023660 -2.438472
v -0.017624 5.009789 -2.113904
v 0.404618 0.016908 -2.355357
v 0.157695 5.005400 -2.059880
v 0.654144 0.008710 -2.223519
v 0.319887 5.000071 -1.974185
v 0.873887 -0.000619 -2.048024
v 0.462719 4.994007 -1.860113
v 1.055401 -0.010721 -1.835615
v 0.580704 4.987441 -1.722047
v 1.191711 -0.021207 -1.594455
v 0.669305 4.980626 -1.565293
v 1.277579 -0.031674 -1.333812
v 0.725120 4.973822 -1.395875
v 1.309705 -0.041720 -1.063703
v 0.746001 4.967291 -1.220304
v 1.286855 -0.050959 -0.794508
v 0.731148 4.961286 -1.045327
v 1.209906 -0.059036 -0.536570
v 0.681131 4.956036 -0.877668
v 1.081815 -0.065641 -0.299804
v 0.597872 4.951743 -0.723770
v 0.907505 -0.070520 -0.093308
v 0.484571 4.948572 -0.589548
v 0.693676 -0.073484 0.074983
v 0.345582 4.946645 -0.480158
v 0.448543 -0.074422 0.198602
v 0.186246 4.946036 -0.399806
v 0.181527 -0.073295 0.272797
v 0.012686 4.946768 -0.351579
v -0.097110 -0.070148 0.294718
v -0.168428 4.948814 -0.337331
v -0.376660 -0.065101 0.263521
v -0.350136 4.952094 -0.357608
v -0.646381 -0.058349 0.180407
v -0.525455 4.956483 -0.411633
v -0.895907 -0.050151 0.048569
v -0.687647 4.961812 -0.497328
v -1.115650 -0.040822 -0.126927
v -0.830480 4.967875 -0.611400
v -1.297164 -0.030720 -0.339336
v -0.948464 4.974442 -0.749465
v -1.433474 -0.020235 -0.580495
v -1.037066 4.981257 -0.906219
v -1.519342 -0.009767 -0.841138
v -1.092880 4.988061 -1.075637
v -1.551468 0.000279 -1.111247
v -1.113761 4.994591 -1.251208
v -1.528617 0.009518 -1.380443
v -1.098909 5.000597 -1.426185
v -1.451669 0.017595 -1.638380
v -1.048892 5.005847 -1.593844
v -1.323578 0.024200 -1.875146
v -0.965633 5.010140 -1.747742
v -1.149268 0.029079 -2.081642
v -0.852332 5.013310 -1.881965
v -0.935438 0.032043 -2.249933
v -0.713342 5.015238 -1.991354
v -0.690306 0.032980 -2.373552
v -0.554006 5.015847 -2.071706
v -0.423290 0.031853 -2.447747
v -0.380446 5.015115 -2.119933
v 0.113933 0.583239 0.290874
v 0.113616 0.574948 0.266034
v 0.113591 0.560351 0.254009
v 0.113723 0.540939 0.247843
v 0.113842 0.530333 0.247290
v 0.113991 0.519665 0.248474
v 0.114354 0.499770 0.255805
v 0.115306 0.474195 0.294107
v 0.115578 0.582474 0.282286
v 0.117186 0.579644 0.274090
v 0.118695 0.574856 0.266601
v 0.120048 0.568296 0.260107
v 0.121193 0.560214 0.254858
v 0.122084 0.550922 0.251054
v 0.122689 0.540777 0.248843
v 0.122984 0.530168 0.248310
v 0.122957 0.519503 0.249474
v 0.122610 0.509193 0.252291
v 0.121956 0.499633 0.256654
v 0.121020 0.491190 0.262393
v 0.119837 0.484190 0.269289
v 0.118455 0.478900 0.277077
v 0.116925 0.475525 0.285457
v 0.117298 0.582431 0.282816
v 0.120561 0.579559 0.275130
v 0.123596 0.574734 0.268111
v 0.126285 0.568140 0.262029
v 0.128527 0.560031 0.257118
v 0.130233 0.550718 0.253565
v 0.131340 0.540560 0.251509
v 0.131804 0.529947 0.251028
v 0.131608 0.519287 0.252140
v 0.130759 0.508989 0.254803
v 0.129290 0.499449 0.258914
v 0.127257 0.491034 0.264315
v 0.124738 0.484067 0.270799
v 0.121830 0.478816 0.278117
v 0.118646 0.475483 0.285987
v 0.118890 0.582379 0.283657
v 0.123684 0.579457 0.276780
v 0.128129 0.574585 0.270506
v 0.132056 0.567950 0.265078
v 0.135312 0.559808 0.260702
v 0.137772 0.550470 0.257549
v 0.139344 0.540297 0.255738
v 0.139965 0.529679 0.255339
v 0.139612 0.519024 0.256369
v 0.138298 0.508741 0.258786
v 0.136075 0.499226 0.262498
v 0.133027 0.490844 0.267364
v 0.129271 0.483918 0.273194
v 0.124953 0.478713 0.279767
v 0.120238 0.475430 0.286828
v 0.120292 0.582319 0.284777
v 0.126434 0.579340 0.278976
v 0.132122 0.574415 0.273695
v 0.137137 0.567734 0.269136
v 0.141287 0.559554 0.265474
v 0.144411 0.550188 0.262851
v 0.146392 0.539998 0.261367
v 0.147151 0.529374 0.261078
v 0.146659 0.518725 0.261997
v 0.144937 0.508459 0.264088
v 0.142050 0.498973 0.267270
v 0.138108 0.490628 0.271422
v 0.133264 0.483748 0.276383
v 0.127703 0.478597 0.281963
v 0.121639 0.475371 0.287948
v 0.121450 0.582255 0.286132
v 0.128706 0.579214 0.281635
v 0.135420 0.574232 0.277554
v 0.141334 0.567501 0.274048
v 0.146222 0.559279 0.271250
v 0.149896 0.549883 0.269269
v 0.152213 0.539674 0.268179
v 0.153087 0.529044 0.268025
v 0.152481 0.518400 0.268810
v 0.150421 0.508154 0.270506
v 0.146985 0.498698 0.273046
v 0.142305 0.490395 0.276334
v 0.136562 0.483565 0.280242
v 0.129975 0.478470 0.284621
v 0.122797 0.475306 0.289303
v 0.122320 0.582188 0.287671
v 0.130412 0.579082 0.284653
v 0.137896 0.574041 0.281936
v 0.144486 0.567258 0.279624
v 0.149929 0.558994 0.277807
v 0.154014 0.549567 0.276555
v 0.156585 0.539338 0.275914
v 0.157544 0.528701 0.275911
v 0.156853 0.518064 0.276545
v 0.154539 0.507837 0.277792
v 0.150692 0.498413 0.279603
v 0.145457 0.490153 0.281910
v 0.139038 0.483374 0.284624
v 0.131680 0.478339 0.287639
v 0.123667 0.475239 0.290841
v 0.122868 0.582121 0.289334
v 0.131486 0.578951 0.287914
v 0.139456 0.573851 0.286671
v 0.146472 0.567016 0.285651
v 0.152263 0.558710 0.284894
v 0.156608 0.549251 0.284429
v 0.159340 0.539002 0.284274
v 0.160352 0.528359 0.284435
v 0.159607 0.517728 0.284905
v 0.157134 0.507521 0.285667
v 0.153026 0.498128 0.286690
v 0.147443 0.489911 0.287937
v 0.140598 0.483184 0.289359
v 0.132755 0.478208 0.290901
v 0.124215 0.475172 0.292504
v 0.123073 0.582057 0.291057
v 0.131888 0.578826 0.291295
v 0.140040 0.573668 0.291579
v 0.147215 0.566784 0.291897
v 0.153137 0.558437 0.292239
v 0.157579 0.548947 0.292590
v 0.160370 0.538680 0.292938
v 0.161403 0.528030 0.293268
v 0.160638 0.517407 0.293568
v 0.158104 0.507218 0.293827
v 0.153900 0.497855 0.294035
v 0.148186 0.489678 0.294183
v 0.141182 0.483002 0.294266
v 0.133157 0.478082 0.294281
v 0.124420 0.475108 0.294228
v 0.122927 0.581998 0.292774
v 0.131602 0.578710 0.294664
v 0.139625 0.573500 0.296469
v 0.146686 0.566570 0.298122
v 0.152516 0.558185 0.299559
v 0.156888 0.548668 0.300723
v 0.159637 0.538383 0.301572
v 0.160656 0.527728 0.302071
v 0.159905 0.517110 0.302202
v 0.157414 0.506938 0.301961
v 0.153279 0.497604 0.301355
v 0.147657 0.489464 0.300408
v 0.140767 0.482834 0.299157
v 0.132871 0.477966 0.297650
v 0.124274 0.475049 0.295945
v 0.122436 0.581947 0.294420
v 0.130639 0.578609 0.297892
v 0.138227 0.573354 0.301156
v 0.144907 0.566383 0.304087
v 0.150423 0.557965 0.306572
v 0.154564 0.548424 0.308517
v 0.157169 0.538124 0.309845
v 0.158139 0.527463 0.310506
v 0.157437 0.516851 0.310476
v 0.155089 0.506695 0.309754
v 0.151186 0.497384 0.308368
v 0.145878 0.489278 0.306373
v 0.139369 0.482687 0.303844
v 0.131908 0.477865 0.300878
v 0.123783 0.474998 0.297591
v 0.121619 0.581904 0.295931
v 0.129036 0.578526 0.300855
v 0.135899 0.573234 0.305457
v 0.141945 0.566231 0.309562
v 0.146940 0.557786 0.313010
v 0.150694 0.548224 0.315670
v 0.153061 0.537913 0.317439
v 0.153950 0.527248 0.318249
v 0.153329 0.516639 0.318070
v 0.151219 0.506495 0.316907
v 0.147703 0.497204 0.314806
v 0.142916 0.489125 0.311848
v 0.137041 0.482567 0.308145
v 0.130305 0.477783 0.303841
v 0.122966 0.474956 0.299101
v 0.120507 0.581873 0.297248
v 0.126855 0.578465 0.303439
v 0.132733 0.573145 0.309209
v 0.137914 0.566118 0.314337
v 0.142201 0.557653 0.318625
v 0.145427 0.548077 0.321909
v 0.147470 0.537756 0.324062
v 0.148250 0.527088 0.325002
v 0.147738 0.516483 0.324693
v 0.145953 0.506347 0.323146
v 0.142964 0.497072 0.320421
v 0.138885 0.489012 0.316623
v 0.133875 0.482479 0.311897
v 0.128124 0.477722 0.306426
v 0.121854 0.474925 0.300419
v 0.119143 0.581854 0.298322
v 0.124179 0.578428 0.305545
v 0.128848 0.573091 0.312267
v 0.132970 0.566049 0.318228
v 0.136386 0.557573 0.323201
v 0.138967 0.547987 0.326993
v 0.140611 0.537661 0.329460
v 0.141257 0.526991 0.330506
v 0.140879 0.516388 0.330090
v 0.139492 0.506258 0.328230
v 0.137150 0.496991 0.324997
v 0.133941 0.488944 0.320514
v 0.129990 0.482425 0.314955
v 0.125448 0.477684 0.308532
v 0.120490 0.474906 0.301492
v 0.117579 0.581848 0.299110
v 0.121111 0.578416 0.307092
v 0.124394 0.573074 0.314513
v 0.127301 0.566028 0.321087
v 0.129721 0.557547 0.326562
v 0.131561 0.547959 0.330728
v 0.132749 0.537631 0.333425
v 0.133241 0.526960 0.334548
v 0.133017 0.516358 0.334055
v 0.132086 0.506230 0.331965
v 0.130484 0.496966 0.328358
v 0.128272 0.488922 0.323373
v 0.125536 0.482407 0.317201
v 0.122380 0.477673 0.310079
v 0.118926 0.474900 0.302281
v 0.115875 0.581856 0.299584
v 0.117769 0.578430 0.308021
v 0.119543 0.573095 0.315861
v 0.121127 0.566054 0.322803
v 0.122461 0.557578 0.328580
v 0.123493 0.547993 0.332970
v 0.124185 0.537667 0.335805
v 0.124509 0.526997 0.336975
v 0.124453 0.516394 0.336435
v 0.124019 0.506263 0.334207
v 0.123224 0.496996 0.330376
v 0.122098 0.488948 0.325088
v 0.120685 0.482428 0.318549
v 0.119038 0.477687 0.311007
v 0.117222 0.474907 0.302754
v 0.114097 0.581876 0.299723
v 0.114282 0.578470 0.308295
v 0.114480 0.573152 0.316259
v 0.114684 0.566126 0.323309
v 0.114884 0.557663 0.329176
v 0.115075 0.548088 0.333632
v 0.115248 0.537768 0.336508
v 0.115397 0.527100 0.337691
v 0.115516 0.516494 0.337138
v 0.115600 0.506359 0.334869
v 0.115647 0.497082 0.330972
v 0.115655 0.489021 0.325595
v 0.115622 0.482485 0.318947
v 0.115551 0.477726 0.311282
v 0.115445 0.474927 0.302894
v 0.112314 0.581908 0.299524
v 0.110784 0.578533 0.307904
v 0.109401 0.573243 0.315692
v 0.108219 0.566243 0.322588
v 0.107283 0.557801 0.328327
v 0.106629 0.548241 0.332690
v 0.106282 0.537930 0.335507
v 0.106255 0.527265 0.336671
v 0.106550 0.516657 0.336138
v 0.107154 0.506511 0.333927
v 0.108046 0.497219 0.330123
v 0.109190 0.489138 0.324874
v 0.110543 0.482577 0.318380
v 0.112053 0.477789 0.310891
v 0.113661 0.474959 0.302695
v 0.110593 0.581951 0.298994
v 0.107408 0.578617 0.306864
v 0.104501 0.573366 0.314182
v 0.101982 0.566399 0.320666
v 0.099949 0.557984 0.326068
v 0.098480 0.548444 0.330178
v 0.097631 0.538147 0.332841
v 0.097434 0.527486 0.333953
v 0.097898 0.516873 0.333472
v 0.099005 0.506715 0.331416
v 0.100712 0.497403 0.327864
v 0.102953 0.489294 0.322952
v 0.105643 0.482700 0.316870
v 0.108677 0.477874 0.309851
v 0.111940 0.475002 0.302165
v 0.109001 0.582003 0.298153
v 0.104286 0.578720 0.305214
v 0.099967 0.573515 0.311787
v 0.096212 0.566589 0.317618
v 0.093164 0.558207 0.322483
v 0.090941 0.548692 0.326195
v 0.089627 0.538409 0.328613
v 0.089274 0.527754 0.329642
v 0.089895 0.517136 0.329243
v 0.091466 0.506963 0.327432
v 0.093927 0.497625 0.324279
v 0.097183 0.489483 0.319903
v 0.101109 0.482849 0.314475
v 0.105555 0.477977 0.308201
v 0.110348 0.475055 0.301324
v 0.107599 0.582062 0.297033
v 0.101536 0.578837 0.303018
v 0.095975 0.573685 0.308598
v 0.091131 0.566805 0.313559
v 0.087189 0.558461 0.317711
v 0.084302 0.548974 0.320893
v 0.082579 0.538709 0.322984
v 0.082088 0.528059 0.323903
v 0.082847 0.517435 0.323614
v 0.084827 0.507245 0.322130
v 0.087952 0.497880 0.319507
v 0.092102 0.489699 0.315845
v 0.097117 0.483018 0.311286
v 0.102805 0.478093 0.306005
v 0.108946 0.475114 0.300204
v 0.106441 0.582127 0.295678
v 0.099264 0.578963 0.300360
v 0.092677 0.573868 0.304739
v 0.086933 0.567038 0.308648
v 0.082254 0.558735 0.311935
v 0.078818 0.549279 0.314476
v 0.076757 0.539032 0.316171
v 0.076152 0.528390 0.316956
v 0.077025 0.517759 0.316802
v 0.079343 0.507550 0.315713
v 0.083017 0.498154 0.313731
v 0.087905 0.489933 0.310934
v 0.093819 0.483202 0.307427
v 0.100533 0.478220 0.303347
v 0.107788 0.475179 0.298849
v 0.105572 0.582194 0.294140
v 0.097558 0.579094 0.297342
v 0.090201 0.574059 0.300358
v 0.083781 0.567281 0.303071
v 0.078547 0.559021 0.305378
v 0.074699 0.549596 0.307189
v 0.072385 0.539369 0.308436
v 0.071695 0.528733 0.309070
v 0.072653 0.518096 0.309067
v 0.075225 0.507867 0.308426
v 0.079310 0.498439 0.307174
v 0.084753 0.490175 0.305357
v 0.091343 0.483392 0.303046
v 0.098827 0.478351 0.300329
v 0.106919 0.475245 0.297310
v 0.105024 0.582261 0.292477
v 0.096484 0.579225 0.294080
v 0.088641 0.574249 0.295622
v 0.081796 0.567523 0.297044
v 0.076212 0.559305 0.298291
v 0.072105 0.549912 0.299315
v 0.069631 0.539705 0.300076
v 0.068887 0.529075 0.300546
v 0.069899 0.518431 0.300707
v 0.072630 0.508183 0.300552
v 0.076975 0.498724 0.300087
v 0.082767 0.490417 0.299330
v 0.089783 0.483582 0.298310
v 0.097753 0.478482 0.297067
v 0.106371 0.475312 0.295648
v 0.104819 0.582325 0.290754
v 0.096082 0.579351 0.290700
v 0.088057 0.574432 0.290715
v 0.081053 0.567755 0.290798
v 0.075339 0.559579 0.290946
v 0.071134 0.550216 0.291154
v 0.068601 0.540027 0.291413
v 0.067836 0.529403 0.291713
v 0.068869 0.518754 0.292043
v 0.071660 0.508486 0.292391
v 0.076102 0.498997 0.292742
v 0.082024 0.490649 0.293084
v 0.089199 0.483765 0.293403
v 0.097351 0.478608 0.293686
v 0.106166 0.475376 0.293924
v 0.104965 0.582384 0.289036
v 0.096368 0.579467 0.287331
v 0.088472 0.574599 0.285824
v 0.081581 0.567968 0.284573
v 0.075960 0.559830 0.283626
v 0.071825 0.550495 0.283021
v 0.069334 0.540323 0.282779
v 0.068583 0.529705 0.282910
v 0.069602 0.519050 0.283409
v 0.072350 0.508765 0.284258
v 0.076723 0.499248 0.285423
v 0.082552 0.490863 0.286859
v 0.089614 0.483932 0.288512
v 0.097637 0.478723 0.290318
v 0.106312 0.475435 0.292207
v 0.105456 0.582435 0.287391
v 0.097331 0.579568 0.284103
v 0.089870 0.574746 0.281138
v 0.083361 0.568156 0.278609
v 0.078052 0.560049 0.276613
v 0.074150 0.550739 0.275228
v 0.071802 0.540582 0.274506
v 0.071100 0.529970 0.274475
v 0.072070 0.519309 0.275136
v 0.074675 0.509009 0.276465
v 0.078816 0.499468 0.278409
v 0.084332 0.491050 0.280894
v 0.091012 0.484079 0.283825
v 0.098600 0.478824 0.287090
v 0.106803 0.475487 0.290561
v 0.106273 0.582477 0.285880
v 0.098934 0.579651 0.281140
v 0.092197 0.574866 0.276836
v 0.086323 0.568308 0.273133
v 0.081535 0.560229 0.270175
v 0.078020 0.550938 0.268074
v 0.075910 0.540794 0.266912
v 0.075288 0.530185 0.266732
v 0.076178 0.519521 0.267542
v 0.078545 0.509209 0.269311
v 0.082298 0.499647 0.271971
v 0.087294 0.491203 0.275419
v 0.093339 0.484200 0.279524
v 0.100203 0.478907 0.284127
v 0.107620 0.475529 0.289051
v 0.107385 0.582509 0.284563
v 0.101115 0.579712 0.278556
v 0.095364 0.574955 0.273084
v 0.090353 0.568421 0.268358
v 0.086275 0.560362 0.264560
v 0.083286 0.551086 0.261835
v 0.081501 0.540950 0.260288
v 0.080989 0.530345 0.259979
v 0.081769 0.519677 0.260919
v 0.083812 0.509357 0.263072
v 0.087038 0.499780 0.266356
v 0.091325 0.491315 0.270644
v 0.096506 0.484288 0.275772
v 0.102384 0.478968 0.281542
v 0.108732 0.475560 0.287733
v 0.108749 0.582528 0.283489
v 0.103791 0.579748 0.276450
v 0.099249 0.575009 0.270027
v 0.095298 0.568490 0.264467
v 0.092089 0.560442 0.259984
v 0.089746 0.551175 0.256751
v 0.088359 0.541046 0.254891
v 0.087982 0.530442 0.254476
v 0.088627 0.519772 0.255521
v 0.090272 0.509446 0.257988
v 0.092852 0.499861 0.261780
v 0.096269 0.491384 0.266753
v 0.100391 0.484342 0.272714
v 0.105060 0.479005 0.279436
v 0.110096 0.475579 0.286660
v 0.110313 0.582533 0.282700
v 0.106859 0.579760 0.274902
v 0.103703 0.575026 0.267781
v 0.100966 0.568512 0.261608
v 0.098755 0.560467 0.256623
v 0.097153 0.551204 0.253016
v 0.096222 0.541076 0.250926
v 0.095998 0.530473 0.250433
v 0.096490 0.519802 0.251556
v 0.097678 0.509474 0.254253
v 0.099518 0.499886 0.258419
v 0.101938 0.491406 0.263894
v 0.104845 0.484359 0.270469
v 0.108128 0.479017 0.277889
v 0.111660 0.475585 0.285871
v 0.112017 0.582527 0.282227
v 0.110200 0.579746 0.273974
v 0.108554 0.575005 0.266433
v 0.107141 0.568485 0.259893
v 0.106015 0.560437 0.254605
v 0.105220 0.551170 0.250774
v 0.104786 0.541040 0.248546
v 0.104730 0.530436 0.248007
v 0.105054 0.519766 0.249177
v 0.105746 0.509440 0.252011
v 0.106778 0.499855 0.256402
v 0.108112 0.491379 0.262179
v 0.109696 0.484338 0.269121
v 0.111469 0.479003 0.276961
v 0.113364 0.475578 0.285397
v 0.113794 0.582506 0.282087
v 0.113687 0.579707 0.273700
v 0.113584 0.568412 0.259386
v 0.113638 0.551075 0.250112
v 0.114164 0.509345 0.251349
v 0.114555 0.491307 0.261672
v 0.114758 0.484281 0.268722
v 0.114956 0.478963 0.276686
v 0.115141 0.475558 0.285258
v -0.381936 -0.086039 0.276602
v -0.395056 0.955534 0.245723
v -0.386205 -0.077163 0.028391
v -0.399325 0.964409 -0.002487
v 0.282975 -0.095799 0.287651
v 0.269856 0.945773 0.256772
v 0.278706 -0.086923 0.039440
v 0.265587 0.954649 0.008561
v -0.074231 1.374880 -0.092690
v -0.068433 1.362827 0.244380
v -0.010040 1.366443 -0.091402
v -0.004243 1.354389 0.245667
v 0.051873 1.343337 -0.089720
v 0.057670 1.331283 0.247350
v 0.109129 1.306451 -0.087707
v 0.114926 1.294397 0.249362
v 0.159527 1.257201 -0.085442
v 0.165324 1.245147 0.251628
v 0.201130 1.197481 -0.083010
v 0.206928 1.185427 0.254060
v 0.232341 1.129585 -0.080506
v 0.238138 1.117532 0.256564
v 0.251959 1.056123 -0.078025
v 0.257756 1.044070 0.259044
v 0.259231 0.979918 -0.075664
v 0.265028 0.967865 0.261405
v 0.253876 0.903899 -0.073512
v 0.259674 0.891845 0.263557
v 0.236102 0.830986 -0.071653
v 0.241899 0.818932 0.265416
v 0.206591 0.763982 -0.070158
v 0.212388 0.751928 0.266911
v 0.166476 0.705461 -0.069084
v 0.172273 0.693408 0.267985
v 0.117300 0.657673 -0.068473
v 0.123098 0.645620 0.268596
v 0.060953 0.622454 -0.068348
v 0.066750 0.610401 0.268721
v -0.000401 0.601158 -0.068714
v 0.005397 0.589104 0.268355
v -0.064403 0.594602 -0.069557
v -0.058605 0.582548 0.267512
v -0.128593 0.603040 -0.070845
v -0.122796 0.590986 0.266225
v -0.190506 0.626146 -0.072527
v -0.184709 0.614092 0.264543
v -0.247762 0.663032 -0.074540
v -0.241965 0.650978 0.262530
v -0.298160 0.712281 -0.076805
v -0.292363 0.700228 0.260264
v -0.339763 0.772002 -0.079237
v -0.333966 0.759948 0.257833
v -0.370974 0.839897 -0.081741
v -0.365177 0.827843 0.255328
v -0.390592 0.913359 -0.084222
v -0.384795 0.901305 0.252848
v -0.397864 0.989564 -0.086583
v -0.392067 0.977510 0.250487
v -0.392509 1.065584 -0.088734
v -0.386712 1.053530 0.248335
v -0.374735 1.138497 -0.090593
v -0.368938 1.126443 0.246476
v -0.345224 1.205501 -0.092089
v -0.339426 1.193447 0.244981
v -0.305109 1.264021 -0.093162
v -0.299312 1.251968 0.243907
v -0.255933 1.311809 -0.093773
v -0.250136 1.299756 0.243296
v -0.199586 1.347028 -0.093898
v -0.193789 1.334975 0.243171
v -0.138232 1.368325 -0.093533
v -0.132435 1.356271 0.243537
v -0.357506 -0.048427 0.292738
v -0.369653 0.915992 0.264146
v -0.361458 -0.040209 0.062913
v -0.373606 0.924211 0.034322
v 0.258153 -0.057464 0.302968
v 0.246006 0.906955 0.274377
v 0.254201 -0.049246 0.073144
v 0.242053 0.915173 0.044552
v -0.072593 1.304276 -0.049199
v -0.067225 1.293115 0.262903
v -0.013157 1.296463 -0.048007
v -0.007789 1.285303 0.264095
v 0.044170 1.275069 -0.046449
v 0.049537 1.263908 0.265652
v 0.097184 1.240915 -0.044585
v 0.102552 1.229754 0.267516
v 0.143849 1.195314 -0.042488
v 0.149217 1.184153 0.269614
v 0.182371 1.140017 -0.040236
v 0.187739 1.128857 0.271865
v 0.211270 1.077151 -0.037917
v 0.216637 1.065990 0.274184
v 0.229434 1.009131 -0.035621
v 0.234802 0.997970 0.276481
v 0.236167 0.938570 -0.033434
v 0.241535 0.927410 0.278667
v 0.231210 0.868182 -0.031442
v 0.236578 0.857021 0.280659
v 0.214752 0.800670 -0.029721
v 0.220120 0.789509 0.282381
v 0.187427 0.738629 -0.028336
v 0.192794 0.727469 0.283765
v 0.150284 0.684443 -0.027342
v 0.155651 0.673282 0.284759
v 0.104750 0.640195 -0.026776
v 0.110118 0.629035 0.285325
v 0.052577 0.607585 -0.026661
v 0.057945 0.596424 0.285441
v -0.004232 0.587866 -0.026999
v 0.001136 0.576705 0.285102
v -0.063493 0.581796 -0.027780
v -0.058125 0.570636 0.284321
v -0.122929 0.589609 -0.028972
v -0.117561 0.578448 0.283129
v -0.180256 0.611003 -0.030530
v -0.174888 0.599842 0.281572
v -0.233270 0.645157 -0.032393
v -0.227902 0.633996 0.279708
v -0.279935 0.690759 -0.034491
v -0.274567 0.679598 0.277610
v -0.318457 0.746055 -0.036743
v -0.313089 0.734894 0.275359
v -0.347355 0.808921 -0.039061
v -0.341988 0.797760 0.273040
v -0.365520 0.876941 -0.041358
v -0.360153 0.865781 0.270743
v -0.372253 0.947502 -0.043544
v -0.366886 0.936341 0.268557
v -0.367296 1.017890 -0.045537
v -0.361928 1.006730 0.266565
v -0.350838 1.085402 -0.047258
v -0.345470 1.074241 0.264843
v -0.323512 1.147443 -0.048642
v -0.318145 1.136282 0.263459
v -0.286369 1.201629 -0.049636
v -0.281002 1.190468 0.262465
v -0.240836 1.245877 -0.050202
v -0.235469 1.234716 0.261899
v -0.188663 1.278487 -0.050318
v -0.183295 1.267326 0.261783
v -0.131854 1.298206 -0.049979
v -0.126486 1.287045 0.262122
v -0.915216 3.138520 -0.287130
v -0.947411 3.152400 -0.189248
v -0.902854 3.067295 -0.272965
v -0.935049 3.081175 -0.175082
v -0.880891 3.000374 -0.256252
v -0.913086 3.014254 -0.158369
v -0.850171 2.940329 -0.237633
v -0.882365 2.954209 -0.139750
v -0.811874 2.889467 -0.217824
v -0.844068 2.903347 -0.119942
v -0.767472 2.849742 -0.197587
v -0.799666 2.863622 -0.099704
v -0.718672 2.822682 -0.177699
v -0.750866 2.836562 -0.079817
v -0.667348 2.809326 -0.158925
v -0.699542 2.823206 -0.061042
v -0.615474 2.810187 -0.141985
v -0.647668 2.824067 -0.044102
v -0.565042 2.825233 -0.127531
v -0.597236 2.839113 -0.029649
v -0.517991 2.853885 -0.116119
v -0.550185 2.867765 -0.018236
v -0.476129 2.895042 -0.108186
v -0.508323 2.908922 -0.010303
v -0.441064 2.947122 -0.104038
v -0.473258 2.961002 -0.006156
v -0.414145 3.008124 -0.103835
v -0.446339 3.022005 -0.005952
v -0.396405 3.075705 -0.107583
v -0.428599 3.089585 -0.009700
v -0.388526 3.147265 -0.115139
v -0.420720 3.161145 -0.017256
v -0.390812 3.220057 -0.126213
v -0.423006 3.233937 -0.028330
v -0.403174 3.291281 -0.140379
v -0.435368 3.305161 -0.042496
v -0.425137 3.358202 -0.157092
v -0.457331 3.372082 -0.059209
v -0.455857 3.418247 -0.175710
v -0.488051 3.432127 -0.077828
v -0.494154 3.469110 -0.195519
v -0.526348 3.482990 -0.097636
v -0.538556 3.508834 -0.215756
v -0.570750 3.522714 -0.117873
v -0.587356 3.535894 -0.235644
v -0.619551 3.549774 -0.137761
v -0.638680 3.549251 -0.254418
v -0.670874 3.563130 -0.156536
v -0.690554 3.548389 -0.271358
v -0.722749 3.562269 -0.173475
v -0.740986 3.533343 -0.285812
v -0.773180 3.547223 -0.187929
v -0.788037 3.504691 -0.297224
v -0.820231 3.518571 -0.199342
v -0.829899 3.463534 -0.305157
v -0.862094 3.477414 -0.207274
v -0.864964 3.411454 -0.309305
v -0.897158 3.425334 -0.211422
v -0.891883 3.350451 -0.309509
v -0.924078 3.364332 -0.211626
v -0.909623 3.282872 -0.305760
v -0.941818 3.296751 -0.207878
v -0.917502 3.211311 -0.298204
v -0.949696 3.225191 -0.200321
v 0.251624 3.132104 -0.235911
v 0.277150 3.142863 -0.152353
v 0.265929 3.072931 -0.230776
v 0.291456 3.083690 -0.147219
v 0.288008 3.017513 -0.228193
v 0.313534 3.028272 -0.144635
v 0.317011 2.967981 -0.228260
v 0.342537 2.978740 -0.144703
v 0.351824 2.926238 -0.230976
v 0.377350 2.936996 -0.147418
v 0.391109 2.893888 -0.236235
v 0.416636 2.904646 -0.152678
v 0.433357 2.872174 -0.243837
v 0.458883 2.882933 -0.160279
v 0.476943 2.861931 -0.253488
v 0.502470 2.872689 -0.169930
v 0.520194 2.863552 -0.264817
v 0.545720 2.874311 -0.181260
v 0.561446 2.876976 -0.277390
v 0.586973 2.887734 -0.193832
v 0.599115 2.901685 -0.290723
v 0.624642 2.912444 -0.207165
v 0.631753 2.936732 -0.304304
v 0.657279 2.947490 -0.220746
v 0.658106 2.980768 -0.317611
v 0.683632 2.991526 -0.234053
v 0.677160 3.032101 -0.330132
v 0.702686 3.042860 -0.246574
v 0.688184 3.088760 -0.341386
v 0.713710 3.099518 -0.257829
v 0.690754 3.148566 -0.350942
v 0.716281 3.159324 -0.267384
v 0.684772 3.209221 -0.358431
v 0.710298 3.219979 -0.274873
v 0.670466 3.268394 -0.363566
v 0.695993 3.279153 -0.280008
v 0.648388 3.323812 -0.366149
v 0.673914 3.334570 -0.282591
v 0.619385 3.373344 -0.366081
v 0.644911 3.384103 -0.282524
v 0.584572 3.415087 -0.363366
v 0.610098 3.425846 -0.279808
v 0.545286 3.447437 -0.358106
v 0.570813 3.458196 -0.274549
v 0.503039 3.469151 -0.350505
v 0.528565 3.479910 -0.266948
v 0.459452 3.479394 -0.340854
v 0.484979 3.490153 -0.257297
v 0.416202 3.477773 -0.329525
v 0.441728 3.488532 -0.245967
v 0.374949 3.464350 -0.316952
v 0.400476 3.475108 -0.233394
v 0.337280 3.439640 -0.303619
v 0.362807 3.450398 -0.220061
v 0.304643 3.404594 -0.290038
v 0.330169 3.415352 -0.206480
v 0.278290 3.360558 -0.276731
v 0.303817 3.371316 -0.193174
v 0.259236 3.309224 -0.264210
v 0.284762 3.319983 -0.180652
v 0.248212 3.252566 -0.252955
v 0.273738 3.263324 -0.169398
v 0.245641 3.192760 -0.243400
v 0.271168 3.203518 -0.159842
v 0.195133 3.122808 -0.254006
v 0.225765 3.135717 -0.153737
v 0.212299 3.051800 -0.247844
v 0.242931 3.064710 -0.147575
v 0.238793 2.985298 -0.244744
v 0.269425 2.998208 -0.144475
v 0.273597 2.925860 -0.244825
v 0.304229 2.938770 -0.144556
v 0.315373 2.875768 -0.248084
v 0.346004 2.888678 -0.147815
v 0.362515 2.836948 -0.254396
v 0.393147 2.849858 -0.154127
v 0.413212 2.810891 -0.263517
v 0.443844 2.823801 -0.163248
v 0.465516 2.798599 -0.275098
v 0.496148 2.811509 -0.174829
v 0.517417 2.800545 -0.288694
v 0.548049 2.813455 -0.188424
v 0.566920 2.816653 -0.303781
v 0.597551 2.829563 -0.203512
v 0.612122 2.846305 -0.319781
v 0.642754 2.859215 -0.219512
v 0.651288 2.888360 -0.336078
v 0.681920 2.901270 -0.235809
v 0.682911 2.941204 -0.352046
v 0.713542 2.954113 -0.251777
v 0.705776 3.002804 -0.367071
v 0.736408 3.015714 -0.266802
v 0.719005 3.070794 -0.380577
v 0.749637 3.083704 -0.280308
v 0.722089 3.142561 -0.392043
v 0.752721 3.155471 -0.291774
v 0.714910 3.215347 -0.401030
v 0.745542 3.228257 -0.300761
v 0.697744 3.286355 -0.407192
v 0.728375 3.299265 -0.306923
v 0.671249 3.352857 -0.410292
v 0.701881 3.365767 -0.310023
v 0.636446 3.412295 -0.410211
v 0.667077 3.425205 -0.309942
v 0.594670 3.462387 -0.406952
v 0.625302 3.475297 -0.306683
v 0.547528 3.501207 -0.400641
v 0.578159 3.514117 -0.300371
v 0.496831 3.527264 -0.391519
v 0.527462 3.540174 -0.291250
v 0.444526 3.539556 -0.379938
v 0.475158 3.552465 -0.279669
v 0.392626 3.537610 -0.366343
v 0.423258 3.550520 -0.266074
v 0.343123 3.521502 -0.351255
v 0.373755 3.534412 -0.250986
v 0.297920 3.491850 -0.335256
v 0.328552 3.504760 -0.234986
v 0.258755 3.449795 -0.318959
v 0.289387 3.462705 -0.218690
v 0.227132 3.396951 -0.302990
v 0.257764 3.409862 -0.202721
v 0.204267 3.335351 -0.287965
v 0.234899 3.348261 -0.187696
v 0.191038 3.267361 -0.274460
v 0.221670 3.280271 -0.174190
v 0.187954 3.195594 -0.262993
v 0.218585 3.208504 -0.162724
vn -0.9359 -0.2175 -0.2770
vn -0.9011 -0.3571 -0.2458
vn -0.8434 -0.4957 -0.2071
vn -0.7578 -0.6327 -0.1595
vn -0.6373 -0.7639 -0.1013
vn -0.4749 -0.8795 -0.0315
vn -0.2680 -0.9622 0.0483
vn -0.0266 -0.9909 0.1318
vn 0.2242 -0.9519 0.2087
vn 0.4524 -0.8502 0.2693
vn 0.6362 -0.7067 0.3095
vn 0.7704 -0.5451 0.3307
vn 0.8609 -0.3810 0.3372
vn 0.9164 -0.2221 0.3329
vn 0.9446 -0.0701 0.3206
vn 0.9503 0.0758 0.3018
vn 0.9359 0.2175 0.2770
vn 0.9011 0.3571 0.2457
vn 0.8434 0.4957 0.2071
vn 0.7578 0.6327 0.1595
vn 0.6373 0.7639 0.1013
vn 0.4749 0.8795 0.0315
vn 0.2680 0.9622 -0.0483
vn 0.0266 0.9909 -0.1318
vn -0.2242 0.9519 -0.2087
vn -0.4524 0.8502 -0.2693
vn -0.6362 0.7067 -0.3095
vn -0.7704 0.5451 -0.3307
vn -0.8609 0.3810 -0.3372
vn -0.9164 0.2221 -0.3329
vn -0.3096 0.1335 0.9414
vn -0.9446 0.0701 -0.3206
vn -0.9503 -0.0758 -0.3018
vn 0.3096 -0.1335 -0.9414
vn 0.9932 0.1118 -0.0320
vn 0.0027 0.0208 0.9998
vn -0.9932 -0.1118 0.0320
vn -0.0027 -0.0208 -0.9998
vn -0.1222 0.9911 0.0532
vn 0.1222 -0.9911 -0.0532
vn 0.9998 0.0121 -0.0168
vn -0.0162 0.0294 0.9994
vn -0.9998 -0.0121 0.0168
vn 0.0162 -0.0294 -0.9994
vn 0.0141 0.9993 0.0355
vn -0.0141 -0.9993 -0.0355
vn 0.9878 -0.1555 -0.0033
vn -0.0379 0.0142 0.9992
vn -0.9878 0.1555 0.0033
vn 0.0379 -0.0142 -0.9992
vn 0.2351 0.9703 0.0568
vn -0.2351 -0.9703 -0.0568
vn -0.1292 0.1032 0.9862
vn -0.2778 0.0967 0.9558
vn -0.4255 0.0866 0.9008
vn -0.5715 0.0724 0.8174
vn -0.7126 0.0534 0.6995
vn -0.8403 0.0292 0.5414
vn -0.9403 -0.0002 0.3404
vn -0.9940 -0.0331 0.1039
vn -0.9867 -0.0665 -0.1481
vn -0.9169 -0.0963 -0.3872
vn -0.7984 -0.1201 -0.5901
vn -0.6513 -0.1370 -0.7464
vn -0.4925 -0.1479 -0.8576
vn -0.3324 -0.1539 -0.9305
vn -0.1753 -0.1562 -0.9721
vn -0.0220 -0.1555 -0.9876
vn 0.1283 -0.1522 -0.9800
vn 0.2769 -0.1463 -0.9497
vn 0.4246 -0.1376 -0.8949
vn 0.5708 -0.1255 -0.8114
vn 0.7121 -0.1092 -0.6935
vn 0.8402 -0.0880 -0.5352
vn 0.9406 -0.0614 -0.3339
vn 0.9948 -0.0304 -0.0968
vn 0.9878 0.0026 0.1557
vn 0.9180 0.0338 0.3952
vn 0.7991 0.0600 0.5982
vn 0.6516 0.0800 0.7544
vn 0.4925 0.0937 0.8653
vn 0.3320 0.1021 0.9377
vn -0.0159 -0.9934 0.1136
vn 0.1746 0.1061 0.9789
vn 0.0212 0.1063 0.9941
vn 0.0159 0.9934 -0.1136
vn -0.0040 0.6482 0.7615
vn -0.1540 -0.7225 0.6740
vn -0.0208 -0.7227 0.6909
vn -0.1432 0.6486 0.7475
vn -0.2803 -0.7222 0.6323
vn -0.2770 0.6489 0.7086
vn -0.3958 -0.7219 0.5677
vn -0.4020 0.6490 0.6459
vn -0.4972 -0.7214 0.4820
vn -0.5147 0.6489 0.5603
vn -0.5809 -0.7210 0.3778
vn -0.6113 0.6487 0.4533
vn -0.6437 -0.7205 0.2581
vn -0.6873 0.6485 0.3272
vn -0.6823 -0.7200 0.1269
vn -0.7385 0.6483 0.1853
vn -0.6944 -0.7195 -0.0110
vn -0.7607 0.6483 0.0326
vn -0.6786 -0.7192 -0.1495
vn -0.7510 0.6485 -0.1241
vn -0.6353 -0.7188 -0.2823
vn -0.7085 0.6490 -0.2771
vn -0.5667 -0.7186 -0.4031
vn -0.6348 0.6497 -0.4183
vn -0.4765 -0.7184 -0.5068
vn -0.5337 0.6506 -0.5403
vn -0.3696 -0.7183 -0.5895
vn -0.4111 0.6514 -0.6377
vn -0.2510 -0.7183 -0.6489
vn -0.1276 0.6530 -0.7465
vn -0.2735 0.6523 -0.7069
vn 0.0205 0.6534 -0.7567
vn -0.1256 -0.7183 -0.6843
vn 0.1657 0.6535 -0.7386
vn 0.0021 -0.7184 -0.6957
vn 0.3035 0.6532 -0.6937
vn 0.1284 -0.7185 -0.6836
vn 0.4300 0.6526 -0.6238
vn 0.2501 -0.7187 -0.6488
vn 0.5415 0.6517 -0.5311
vn 0.3639 -0.7189 -0.5923
vn 0.6341 0.6506 -0.4180
vn 0.4667 -0.7191 -0.5149
vn 0.7040 0.6493 -0.2876
vn 0.5549 -0.7194 -0.4178
vn 0.7479 0.6480 -0.1440
vn 0.6245 -0.7198 -0.3031
vn 0.7625 0.6469 0.0073
vn 0.6717 -0.7202 -0.1739
vn 0.7464 0.6460 0.1599
vn 0.6925 -0.7206 -0.0346
vn 0.6995 0.6455 0.3065
vn 0.6843 -0.7211 0.1087
vn 0.6243 0.6454 0.4401
vn 0.6461 -0.7215 0.2489
vn 0.5249 0.6456 0.5547
vn 0.5792 -0.7220 0.3786
vn 0.4066 0.6461 0.6459
vn 0.4871 -0.7223 0.4909
vn 0.2755 0.6468 0.7112
vn 0.3750 -0.7226 0.5807
vn 0.1151 -0.7228 0.6814
vn 0.2489 -0.7228 0.6447
vn 0.1369 0.6475 0.7496
vn -0.1117 -0.0530 0.9923
vn -0.0272 -0.9961 0.0835
vn 0.0009 0.9883 0.1522
vn -0.1083 0.1082 0.9882
vn -0.0524 -0.9471 0.3168
vn -0.1022 0.2654 0.9587
vn -0.0741 -0.8470 0.5265
vn -0.0933 0.4186 0.9034
vn -0.0908 -0.7100 0.6984
vn -0.0813 0.5665 0.8200
vn -0.1023 -0.5520 0.8275
vn -0.0660 0.7059 0.7053
vn -0.1092 -0.3855 0.9162
vn -0.0470 0.8302 0.5555
vn -0.1121 -0.2180 0.9695
vn -0.0245 0.9289 0.3696
vn -0.2923 -0.2202 0.9306
vn -0.0872 0.9295 0.3584
vn -0.2953 -0.0562 0.9537
vn -0.0492 -0.9956 0.0792
vn -0.0211 0.9887 0.1482
vn -0.2905 0.1046 0.9511
vn -0.1171 -0.9456 0.3036
vn -0.2782 0.2619 0.9241
vn -0.1766 -0.8451 0.5046
vn -0.2583 0.4156 0.8721
vn -0.2239 -0.7086 0.6692
vn -0.2301 0.5644 0.7927
vn -0.2582 -0.5517 0.7931
vn -0.1927 0.7049 0.6826
vn -0.2804 -0.3865 0.8786
vn -0.1450 0.8303 0.5382
vn -0.4148 0.4132 0.8107
vn -0.3478 -0.7084 0.6142
vn -0.3714 0.5634 0.7380
vn -0.4034 -0.5530 0.7290
vn -0.3129 0.7052 0.6362
vn -0.4403 -0.3893 0.8091
vn -0.2380 0.8314 0.5021
vn -0.4610 -0.2240 0.8586
vn -0.1464 0.9308 0.3350
vn -0.4678 -0.0605 0.8817
vn -0.0701 -0.9951 0.0705
vn -0.0412 0.9893 0.1400
vn -0.4622 0.1004 0.8811
vn -0.1777 -0.9442 0.2774
vn -0.4446 0.2584 0.8576
vn -0.2720 -0.8438 0.4625
vn -0.2002 0.9327 0.3000
vn -0.6244 -0.0657 0.7783
vn -0.0883 -0.9944 0.0579
vn -0.0599 0.9900 0.1274
vn -0.6187 0.0958 0.7798
vn -0.2311 -0.9430 0.2395
vn -0.5968 0.2551 0.7608
vn -0.3569 -0.8432 0.4020
vn -0.5580 0.4115 0.7206
vn -0.4580 -0.7094 0.5357
vn -0.5008 0.5635 0.6570
vn -0.5330 -0.5559 0.6379
vn -0.4229 0.7068 0.5671
vn -0.5838 -0.3937 0.7101
vn -0.3226 0.8337 0.4483
vn -0.6134 -0.2293 0.7558
vn -0.5506 -0.7114 0.4367
vn -0.6141 0.5645 0.5516
vn -0.6428 -0.5600 0.5227
vn -0.5189 0.7094 0.4771
vn -0.7063 -0.3994 0.5845
vn -0.3959 0.8369 0.3781
vn -0.7443 -0.2356 0.6249
vn -0.2461 0.9352 0.2547
vn -0.7600 -0.0718 0.6460
vn -0.1039 -0.9937 0.0414
vn -0.0755 0.9909 0.1116
vn -0.7550 0.0909 0.6495
vn -0.2763 -0.9419 0.1912
vn -0.7298 0.2519 0.6356
vn -0.4279 -0.8432 0.3255
vn -0.6835 0.4105 0.6036
vn -0.8693 -0.0785 0.4880
vn -0.1159 -0.9930 0.0222
vn -0.0877 0.9918 0.0928
vn -0.8658 0.0856 0.4931
vn -0.3109 -0.9409 0.1347
vn -0.8385 0.2488 0.4848
vn -0.4825 -0.8435 0.2360
vn -0.7863 0.4099 0.4623
vn -0.6224 -0.7140 0.3208
vn -0.7067 0.5663 0.4241
vn -0.7286 -0.5650 0.3873
vn -0.5969 0.7128 0.3684
vn -0.8031 -0.4060 0.4362
vn -0.4549 0.8407 0.2937
vn -0.8490 -0.2428 0.4693
vn -0.2826 0.9380 0.2007
vn -0.7744 0.5684 0.2779
vn -0.7868 -0.5701 0.2363
vn -0.6535 0.7165 0.2441
vn -0.8699 -0.4128 0.2700
vn -0.4972 0.8448 0.1977
vn -0.9225 -0.2503 0.2939
vn -0.3083 0.9410 0.1395
vn -0.9473 -0.0855 0.3087
vn -0.1239 -0.9923 0.0010
vn -0.0961 0.9928 0.0716
vn -0.9458 0.0802 0.3148
vn -0.3338 -0.9399 0.0722
vn -0.9177 0.2457 0.3122
vn -0.5187 -0.8439 0.1370
vn -0.8615 0.4094 0.3003
vn -0.6704 -0.7167 0.1921
vn -0.1003 0.9938 0.0488
vn -0.9899 0.0747 0.1205
vn -0.3443 -0.9388 0.0061
vn -0.9623 0.2424 0.1235
vn -0.5351 -0.8442 0.0323
vn -0.9043 0.4088 0.1228
vn -0.6926 -0.7192 0.0556
vn -0.8130 0.5703 0.1179
vn -0.8147 -0.5749 0.0755
vn -0.6853 0.7202 0.1083
vn -0.9032 -0.4194 0.0918
vn -0.5202 0.8489 0.0934
vn -0.9606 -0.2576 0.1046
vn -0.3218 0.9440 0.0733
vn -0.9892 -0.0924 0.1142
vn -0.1278 -0.9916 -0.0216
vn -0.6898 0.7232 -0.0337
vn -0.9006 -0.4249 -0.0910
vn -0.5226 0.8524 -0.0151
vn -0.9602 -0.2641 -0.0906
vn -0.3222 0.9466 0.0052
vn -0.9912 -0.0989 -0.0875
vn -0.1272 -0.9909 -0.0448
vn -0.1001 0.9947 0.0257
vn -0.9942 0.0693 -0.0820
vn -0.3421 -0.9377 -0.0613
vn -0.9682 0.2389 -0.0740
vn -0.5313 -0.8439 -0.0741
vn -0.9109 0.4077 -0.0633
vn -0.6880 -0.7209 -0.0832
vn -0.8191 0.5715 -0.0499
vn -0.8106 -0.5788 -0.0887
vn -0.3273 -0.9364 -0.1269
vn -0.9334 0.2350 -0.2711
vn -0.5075 -0.8431 -0.1778
vn -0.8792 0.4057 -0.2496
vn -0.6570 -0.7215 -0.2186
vn -0.7910 0.5716 -0.2181
vn -0.7746 -0.5812 -0.2493
vn -0.6658 0.7251 -0.1759
vn -0.8618 -0.4291 -0.2705
vn -0.5036 0.8551 -0.1235
vn -0.9205 -0.2694 -0.2830
vn -0.3095 0.9488 -0.0627
vn -0.9521 -0.1045 -0.2873
vn -0.1223 -0.9902 -0.0674
vn -0.0954 0.9954 0.0025
vn -0.9568 0.0641 -0.2834
vn -0.7884 -0.4315 -0.4385
vn -0.4635 0.8566 -0.2268
vn -0.8429 -0.2730 -0.4636
vn -0.2840 0.9504 -0.1271
vn -0.8730 -0.1089 -0.4753
vn -0.1133 -0.9896 -0.0889
vn -0.0866 0.9961 -0.0190
vn -0.8787 0.0595 -0.4737
vn -0.3005 -0.9349 -0.1887
vn -0.8584 0.2310 -0.4580
vn -0.4647 -0.8417 -0.2749
vn -0.8097 0.4029 -0.4268
vn -0.6009 -0.7210 -0.3452
vn -0.7289 0.5705 -0.3784
vn -0.7083 -0.5821 -0.3994
vn -0.6135 0.7256 -0.3117
vn -0.7468 0.2269 -0.6251
vn -0.4050 -0.8397 -0.3617
vn -0.7052 0.3994 -0.5858
vn -0.5224 -0.7193 -0.4579
vn -0.6355 0.5680 -0.5230
vn -0.6149 -0.5813 -0.5328
vn -0.5350 0.7246 -0.4345
vn -0.6841 -0.4320 -0.5877
vn -0.4037 0.8569 -0.3206
vn -0.7315 -0.2750 -0.6240
vn -0.2465 0.9512 -0.1856
vn -0.7580 -0.1121 -0.6425
vn -0.1005 -0.9890 -0.1082
vn -0.0738 0.9965 -0.0387
vn -0.7636 0.0556 -0.6433
vn -0.2630 -0.9334 -0.2441
vn -0.3270 0.8560 -0.4004
vn -0.5922 -0.2752 -0.7573
vn -0.1987 0.9513 -0.2356
vn -0.6135 -0.1137 -0.7815
vn -0.0845 -0.9886 -0.1247
vn -0.0576 0.9968 -0.0556
vn -0.6180 0.0527 -0.7844
vn -0.2163 -0.9319 -0.2912
vn -0.6048 0.2232 -0.7645
vn -0.3308 -0.8374 -0.4351
vn -0.5714 0.3954 -0.7191
vn -0.4251 -0.7168 -0.5527
vn -0.5153 0.5646 -0.6448
vn -0.4992 -0.5793 -0.6444
vn -0.4339 0.7223 -0.5386
vn -0.5544 -0.4309 -0.7120
vn -0.2452 -0.8350 -0.4926
vn -0.4155 0.3915 -0.8210
vn -0.3132 -0.7137 -0.6265
vn -0.3745 0.5607 -0.7385
vn -0.3662 -0.5762 -0.7306
vn -0.3150 0.7191 -0.6193
vn -0.4055 -0.4286 -0.8074
vn -0.2368 0.8542 -0.4630
vn -0.4322 -0.2740 -0.8591
vn -0.1423 0.9508 -0.2751
vn -0.4470 -0.1140 -0.8872
vn -0.0657 -0.9883 -0.1377
vn -0.0385 0.9969 -0.0689
vn -0.4498 0.0509 -0.8917
vn -0.1620 -0.9305 -0.3284
vn -0.4399 0.2201 -0.8707
vn -0.2587 -0.2718 -0.9269
vn -0.0800 0.9498 -0.3024
vn -0.2665 -0.1131 -0.9572
vn -0.0450 -0.9881 -0.1469
vn -0.0175 0.9968 -0.0782
vn -0.2672 0.0504 -0.9623
vn -0.1024 -0.9295 -0.3544
vn -0.2604 0.2180 -0.9406
vn -0.1515 -0.8328 -0.5325
vn -0.2452 0.3883 -0.8883
vn -0.1911 -0.7106 -0.6771
vn -0.2202 0.5569 -0.8008
vn -0.2217 -0.5728 -0.7892
vn -0.1842 0.7157 -0.6737
vn -0.2440 -0.4254 -0.8715
vn -0.1369 0.8518 -0.5056
vn -0.0680 0.3862 -0.9199
vn -0.0633 -0.7079 -0.7035
vn -0.0591 0.5539 -0.8305
vn -0.0708 -0.5694 -0.8190
vn -0.0470 0.7125 -0.7001
vn -0.0758 -0.4220 -0.9034
vn -0.0318 0.8493 -0.5270
vn -0.0786 -0.2688 -0.9600
vn -0.0143 0.9485 -0.3164
vn -0.0792 -0.1110 -0.9907
vn -0.0231 -0.9881 -0.1518
vn 0.0046 0.9965 -0.0831
vn -0.0778 0.0511 -0.9957
vn -0.0395 -0.9289 -0.3683
vn -0.0741 0.2172 -0.9733
vn -0.0530 -0.8311 -0.5536
vn 0.0524 0.9471 -0.3168
vn 0.1083 -0.1082 -0.9882
vn -0.0008 -0.9883 -0.1522
vn 0.0274 0.9961 -0.0834
vn 0.1117 0.0530 -0.9923
vn 0.0245 -0.9289 -0.3696
vn 0.1121 0.2180 -0.9695
vn 0.0471 -0.8302 -0.5555
vn 0.1092 0.3855 -0.9162
vn 0.0660 -0.7059 -0.7053
vn 0.1023 0.5520 -0.8275
vn 0.0813 -0.5665 -0.8200
vn 0.0907 0.7100 -0.6984
vn 0.0932 -0.4186 -0.9034
vn 0.0740 0.8469 -0.5265
vn 0.1022 -0.2654 -0.9587
vn 0.2582 0.5517 -0.7931
vn 0.2302 -0.5644 -0.7927
vn 0.2240 0.7085 -0.6692
vn 0.2583 -0.4156 -0.8721
vn 0.1767 0.8451 -0.5046
vn 0.2782 -0.2619 -0.9241
vn 0.1172 0.9456 -0.3035
vn 0.2905 -0.1046 -0.9511
vn 0.0209 -0.9887 -0.1482
vn 0.0493 0.9956 -0.0792
vn 0.2953 0.0562 -0.9538
vn 0.0872 -0.9295 -0.3584
vn 0.2923 0.2202 -0.9306
vn 0.1450 -0.8303 -0.5382
vn 0.2804 0.3865 -0.8786
vn 0.1927 -0.7049 -0.6826
vn 0.0414 -0.9893 -0.1398
vn 0.0700 0.9951 -0.0705
vn 0.4679 0.0605 -0.8817
vn 0.1464 -0.9308 -0.3350
vn 0.4610 0.2241 -0.8586
vn 0.2379 -0.8314 -0.5021
vn 0.4403 0.3893 -0.8091
vn 0.3130 -0.7052 -0.6362
vn 0.4033 0.5530 -0.7290
vn 0.3714 -0.5634 -0.7380
vn 0.3478 0.7083 -0.6142
vn 0.4147 -0.4132 -0.8107
vn 0.2721 0.8438 -0.4625
vn 0.4446 -0.2584 -0.8576
vn 0.1776 0.9442 -0.2774
vn 0.4622 -0.1004 -0.8811
vn 0.5008 -0.5635 -0.6570
vn 0.4580 0.7094 -0.5357
vn 0.5580 -0.4116 -0.7206
vn 0.3568 0.8433 -0.4020
vn 0.5968 -0.2551 -0.7608
vn 0.2313 0.9430 -0.2394
vn 0.6187 -0.0958 -0.7798
vn 0.0599 -0.9900 -0.1274
vn 0.0884 0.9944 -0.0578
vn 0.6244 0.0657 -0.7783
vn 0.2002 -0.9327 -0.3000
vn 0.6133 0.2293 -0.7558
vn 0.3226 -0.8337 -0.4482
vn 0.5838 0.3937 -0.7100
vn 0.4229 -0.7067 -0.5671
vn 0.5330 0.5559 -0.6379
vn 0.7600 0.0718 -0.6460
vn 0.2460 -0.9352 -0.2549
vn 0.7443 0.2356 -0.6249
vn 0.3959 -0.8368 -0.3781
vn 0.7062 0.3994 -0.5845
vn 0.5188 -0.7093 -0.4771
vn 0.6428 0.5600 -0.5227
vn 0.6141 -0.5645 -0.5516
vn 0.5506 0.7114 -0.4367
vn 0.6835 -0.4105 -0.6036
vn 0.4278 0.8432 -0.3255
vn 0.7298 -0.2519 -0.6356
vn 0.2763 0.9419 -0.1912
vn 0.7549 -0.0909 -0.6495
vn 0.0754 -0.9909 -0.1117
vn 0.1039 0.9937 -0.0415
vn 0.6224 0.7140 -0.3208
vn 0.7863 -0.4099 -0.4623
vn 0.4825 0.8435 -0.2360
vn 0.8385 -0.2488 -0.4848
vn 0.3108 0.9409 -0.1348
vn 0.8658 -0.0856 -0.4931
vn 0.0878 -0.9918 -0.0925
vn 0.1158 0.9930 -0.0224
vn 0.8693 0.0785 -0.4880
vn 0.2828 -0.9380 -0.2004
vn 0.8490 0.2428 -0.4693
vn 0.4550 -0.8407 -0.2937
vn 0.8030 0.4060 -0.4362
vn 0.5969 -0.7128 -0.3684
vn 0.7286 0.5650 -0.3873
vn 0.7067 -0.5663 -0.4241
vn 0.3083 -0.9410 -0.1395
vn 0.9225 0.2503 -0.2939
vn 0.4971 -0.8448 -0.1977
vn 0.8699 0.4128 -0.2700
vn 0.6534 -0.7166 -0.2440
vn 0.7868 0.5701 -0.2363
vn 0.7744 -0.5683 -0.2780
vn 0.6704 0.7167 -0.1921
vn 0.8615 -0.4095 -0.3003
vn 0.5187 0.8439 -0.1369
vn 0.9177 -0.2457 -0.3122
vn 0.3338 0.9399 -0.0722
vn 0.9458 -0.0802 -0.3148
vn 0.0961 -0.9928 -0.0717
vn 0.1239 0.9923 -0.0010
vn 0.9473 0.0855 -0.3087
vn 0.9043 -0.4088 -0.1228
vn 0.5352 0.8441 -0.0322
vn 0.9623 -0.2424 -0.1235
vn 0.3443 0.9388 -0.0061
vn 0.9899 -0.0747 -0.1205
vn 0.1003 -0.9938 -0.0488
vn 0.1278 0.9916 0.0216
vn 0.9892 0.0924 -0.1142
vn 0.3218 -0.9440 -0.0733
vn 0.9606 0.2576 -0.1047
vn 0.5203 -0.8489 -0.0935
vn 0.9032 0.4194 -0.0918
vn 0.6852 -0.7202 -0.1083
vn 0.8147 0.5749 -0.0755
vn 0.8130 -0.5703 -0.1179
vn 0.6926 0.7192 -0.0556
vn 0.9602 0.2641 0.0906
vn 0.5226 -0.8524 0.0151
vn 0.9006 0.4249 0.0910
vn 0.6898 -0.7232 0.0337
vn 0.8107 0.5787 0.0887
vn 0.8191 -0.5715 0.0499
vn 0.6880 0.7209 0.0831
vn 0.9109 -0.4077 0.0633
vn 0.5313 0.8439 0.0740
vn 0.9682 -0.2389 0.0740
vn 0.3421 0.9377 0.0612
vn 0.9942 -0.0693 0.0820
vn 0.1001 -0.9946 -0.0257
vn 0.1272 0.9909 0.0448
vn 0.9912 0.0988 0.0875
vn 0.3222 -0.9467 -0.0052
vn 0.5075 0.8431 0.1779
vn 0.9334 -0.2350 0.2711
vn 0.3272 0.9364 0.1270
vn 0.9568 -0.0641 0.2834
vn 0.0954 -0.9954 -0.0028
vn 0.1223 0.9902 0.0676
vn 0.9521 0.1045 0.2873
vn 0.3095 -0.9488 0.0627
vn 0.9205 0.2694 0.2830
vn 0.5036 -0.8551 0.1235
vn 0.8618 0.4291 0.2705
vn 0.6658 -0.7251 0.1759
vn 0.7746 0.5812 0.2493
vn 0.7910 -0.5717 0.2181
vn 0.6570 0.7215 0.2186
vn 0.8793 -0.4057 0.2496
vn 0.7884 0.4314 0.4386
vn 0.6135 -0.7256 0.3117
vn 0.7083 0.5821 0.3994
vn 0.7289 -0.5705 0.3784
vn 0.6008 0.7210 0.3452
vn 0.8096 -0.4029 0.4268
vn 0.4647 0.8417 0.2749
vn 0.8584 -0.2310 0.4580
vn 0.3005 0.9349 0.1887
vn 0.8787 -0.0595 0.4737
vn 0.0865 -0.9961 0.0192
vn 0.1133 0.9896 0.0889
vn 0.8730 0.1089 0.4753
vn 0.2840 -0.9504 0.1271
vn 0.8429 0.2730 0.4636
vn 0.4635 -0.8566 0.2268
vn 0.2630 0.9334 0.2441
vn 0.7636 -0.0556 0.6433
vn 0.0739 -0.9965 0.0386
vn 0.1006 0.9890 0.1082
vn 0.7580 0.1120 0.6425
vn 0.2464 -0.9512 0.1856
vn 0.7315 0.2750 0.6240
vn 0.4038 -0.8568 0.3206
vn 0.6841 0.4320 0.5877
vn 0.5349 -0.7246 0.4345
vn 0.6149 0.5813 0.5328
vn 0.6355 -0.5680 0.5230
vn 0.5224 0.7193 0.4580
vn 0.7052 -0.3993 0.5859
vn 0.4050 0.8397 0.3617
vn 0.7468 -0.2269 0.6251
vn 0.4339 -0.7223 0.5386
vn 0.4992 0.5793 0.6444
vn 0.5153 -0.5646 0.6448
vn 0.4251 0.7168 0.5527
vn 0.5715 -0.3954 0.7191
vn 0.3308 0.8374 0.4351
vn 0.6048 -0.2232 0.7645
vn 0.2163 0.9319 0.2913
vn 0.6180 -0.0527 0.7844
vn 0.0575 -0.9968 0.0555
vn 0.0844 0.9886 0.1247
vn 0.6135 0.1137 0.7815
vn 0.1986 -0.9513 0.2357
vn 0.5922 0.2752 0.7573
vn 0.3271 -0.8560 0.4004
vn 0.5544 0.4309 0.7120
vn 0.4498 -0.0509 0.8917
vn 0.0385 -0.9969 0.0690
vn 0.0659 0.9883 0.1376
vn 0.4470 0.1140 0.8872
vn 0.1424 -0.9508 0.2751
vn 0.4322 0.2740 0.8591
vn 0.2367 -0.8542 0.4630
vn 0.4055 0.4286 0.8074
vn 0.3151 -0.7191 0.6193
vn 0.3662 0.5762 0.7306
vn 0.3745 -0.5607 0.7385
vn 0.3132 0.7137 0.6265
vn 0.4155 -0.3915 0.8210
vn 0.2452 0.8350 0.4926
vn 0.4399 -0.2201 0.8707
vn 0.1621 0.9305 0.3284
vn 0.2217 0.5728 0.7892
vn 0.2202 -0.5569 0.8009
vn 0.1912 0.7106 0.6771
vn 0.2452 -0.3883 0.8883
vn 0.1515 0.8328 0.5325
vn 0.2604 -0.2180 0.9405
vn 0.1024 0.9295 0.3544
vn 0.2672 -0.0504 0.9623
vn 0.0176 -0.9968 0.0782
vn 0.0448 0.9881 0.1469
vn 0.2665 0.1131 0.9572
vn 0.0800 -0.9498 0.3023
vn 0.2587 0.2718 0.9269
vn 0.1369 -0.8518 0.5057
vn 0.2440 0.4255 0.8715
vn 0.1841 -0.7157 0.6737
vn -0.0048 -0.9965 0.0831
vn 0.0231 0.9881 0.1518
vn 0.0792 0.1110 0.9907
vn 0.0142 -0.9485 0.3164
vn 0.0786 0.2688 0.9600
vn 0.0319 -0.8493 0.5270
vn 0.0758 0.4220 0.9034
vn 0.0470 -0.7125 0.7001
vn 0.0708 0.5694 0.8190
vn 0.0591 -0.5539 0.8305
vn 0.0633 0.7079 0.7035
vn 0.0680 -0.3861 0.9199
vn 0.0529 0.8311 0.5536
vn 0.0741 -0.2173 0.9733
vn 0.0395 0.9289 0.3682
vn 0.0778 -0.0511 0.9957
vn -0.1296 -0.9910 -0.0332
vn -0.3489 -0.9368 -0.0275
vn -0.5409 -0.8408 -0.0208
vn -0.6985 -0.7154 -0.0136
vn -0.8204 -0.5718 -0.0063
vn -0.9086 -0.4176 0.0007
vn -0.9662 -0.2578 0.0074
vn -0.9954 -0.0946 0.0137
vn -0.9973 0.0708 0.0197
vn -0.9711 0.2374 0.0252
vn -0.9145 0.4035 0.0302
vn -0.8240 0.5655 0.0344
vn -0.6962 0.7169 0.0376
vn -0.5295 0.8474 0.0394
vn -0.3279 0.9439 0.0394
vn -0.1023 0.9941 0.0373
vn 0.1296 0.9910 0.0332
vn 0.3489 0.9368 0.0275
vn 0.5409 0.8408 0.0208
vn 0.6985 0.7154 0.0136
vn 0.8204 0.5718 0.0063
vn 0.9086 0.4176 -0.0007
vn 0.9662 0.2578 -0.0074
vn 0.9954 0.0946 -0.0137
vn 0.9973 -0.0708 -0.0197
vn 0.9711 -0.2374 -0.0252
vn 0.9145 -0.4035 -0.0302
vn 0.8240 -0.5655 -0.0344
vn 0.6962 -0.7169 -0.0376
vn 0.5295 -0.8474 -0.0394
vn 0.3279 -0.9439 -0.0394
vn 0.1023 -0.9941 -0.0373
vn -0.6985 -0.7155 -0.0136
vn -0.9086 -0.4177 0.0007
vn -0.4694 -0.1985 -0.8604
vn -0.8798 -0.1161 0.4610
vn -0.8974 -0.0140 0.4410
vn -0.4519 -0.3005 -0.8399
vn -0.8469 -0.2174 0.4853
vn -0.4195 -0.4017 -0.8140
vn -0.7958 -0.3186 0.5149
vn -0.2968 -0.6016 -0.7416
vn -0.3694 -0.5025 -0.7817
vn -0.6197 -0.5114 0.5954
vn -0.7220 -0.4183 0.5512
vn -0.0628 -0.7697 -0.6353
vn -0.1961 -0.6941 -0.6927
vn 0.1013 -0.8134 -0.5729
vn -0.4848 -0.5878 0.6477
vn 0.2833 -0.8106 -0.5125
vn -0.3194 -0.6320 0.7061
vn 0.4607 -0.7575 -0.4626
vn -0.1368 -0.6295 0.7649
vn 0.6122 -0.6647 -0.4282
vn 0.0400 -0.5761 0.8164
vn 0.7277 -0.5504 -0.4092
vn 0.1902 -0.4828 0.8548
vn 0.8082 -0.4298 -0.4025
vn 0.3041 -0.3678 0.8788
vn 0.4334 -0.1275 0.8921
vn 0.3830 -0.2465 0.8902
vn 0.8892 -0.1982 -0.4124
vn 0.8599 -0.3114 -0.4045
vn 0.9008 -0.0902 -0.4248
vn 0.4618 -0.0140 0.8869
vn 0.4694 0.1985 0.8604
vn 0.4729 0.0943 0.8761
vn 0.8798 0.1161 -0.4610
vn 0.8974 0.0140 -0.4410
vn 0.8469 0.2174 -0.4853
vn 0.4519 0.3005 0.8399
vn 0.7958 0.3186 -0.5149
vn 0.4195 0.4017 0.8140
vn 0.7220 0.4183 -0.5512
vn 0.3694 0.5025 0.7817
vn 0.6197 0.5114 -0.5953
vn 0.2968 0.6016 0.7416
vn 0.4848 0.5877 -0.6477
vn 0.1961 0.6940 0.6927
vn 0.3193 0.6320 -0.7061
vn 0.0628 0.7697 0.6353
vn -0.2833 0.8106 0.5125
vn -0.1013 0.8133 0.5729
vn -0.0400 0.5761 -0.8164
vn 0.1369 0.6294 -0.7649
vn -0.6122 0.6647 0.4282
vn -0.4607 0.7575 0.4626
vn -0.3041 0.3678 -0.8788
vn -0.1902 0.4828 -0.8548
vn -0.3830 0.2465 -0.8903
vn -0.7277 0.5504 0.4093
vn -0.8599 0.3114 0.4045
vn -0.8082 0.4298 0.4025
vn -0.4335 0.1275 -0.8921
vn -0.8892 0.1982 0.4124
vn -0.4618 0.0140 -0.8869
vn -0.9008 0.0902 0.4248
vn -0.4729 -0.0943 -0.8761
vn -0.9300 -0.1980 0.3096
vn -0.8868 -0.3386 0.3145
vn -0.8196 -0.4803 0.3122
vn -0.7227 -0.6223 0.3009
vn -0.5883 -0.7595 0.2775
vn -0.4096 -0.8805 0.2385
vn -0.1868 -0.9655 0.1814
vn 0.0654 -0.9920 0.1077
vn 0.3163 -0.9483 0.0255
vn 0.5341 -0.8437 -0.0545
vn 0.7017 -0.7016 -0.1240
vn 0.8191 -0.5446 -0.1801
vn 0.8947 -0.3866 -0.2236
vn 0.9379 -0.2334 -0.2565
vn 0.9559 -0.0860 -0.2809
vn 0.9527 0.0571 -0.2984
vn 0.9300 0.1980 -0.3096
vn 0.8868 0.3386 -0.3145
vn 0.8196 0.4803 -0.3122
vn 0.7227 0.6223 -0.3009
vn 0.5883 0.7595 -0.2775
vn 0.4096 0.8805 -0.2385
vn 0.1867 0.9655 -0.1814
vn -0.0654 0.9920 -0.1077
vn -0.3163 0.9483 -0.0255
vn -0.5341 0.8437 0.0545
vn -0.7017 0.7016 0.1240
vn -0.8191 0.5446 0.1801
vn -0.8947 0.3866 0.2236
vn -0.9379 0.2334 0.2565
vn 0.2458 0.1426 0.9588
vn -0.9559 0.0860 0.2809
vn -0.9527 -0.0571 0.2984
vn -0.2458 -0.1426 -0.9588
vn -0.8444 -0.2976 -0.4455
vn -0.5022 0.0051 0.8647
vn -0.8700 -0.1943 -0.4532
vn -0.8025 -0.4009 -0.4418
vn -0.4801 -0.0955 0.8720
vn -0.7411 -0.5046 -0.4429
vn -0.4429 -0.1973 0.8746
vn -0.6550 -0.6067 -0.4505
vn -0.3870 -0.3012 0.8715
vn -0.5386 -0.7011 -0.4672
vn -0.3068 -0.4055 0.8611
vn -0.3893 -0.7762 -0.4959
vn -0.1959 -0.5046 0.8408
vn -0.2128 -0.8157 -0.5379
vn -0.0503 -0.5864 0.8085
vn -0.0268 -0.8062 -0.5911
vn 0.1258 -0.6334 0.7635
vn 0.1439 -0.7474 -0.6486
vn 0.3151 -0.6302 0.7096
vn 0.2812 -0.6533 -0.7030
vn 0.4923 -0.5748 0.6536
vn 0.3804 -0.5422 -0.7492
vn 0.6373 -0.4805 0.6025
vn 0.4462 -0.4276 -0.7862
vn 0.7432 -0.3663 0.5599
vn 0.8562 -0.1301 0.4999
vn 0.8138 -0.2470 0.5261
vn 0.4860 -0.3160 -0.8148
vn 0.8772 -0.0180 0.4798
vn 0.5062 -0.2090 -0.8367
vn 0.8810 0.0896 0.4645
vn 0.5109 -0.1059 -0.8531
vn 0.8700 0.1943 0.4531
vn 0.5022 -0.0051 -0.8647
vn 0.8444 0.2976 0.4455
vn 0.4802 0.0955 -0.8720
vn 0.8025 0.4009 0.4418
vn 0.4429 0.1973 -0.8746
vn 0.7411 0.5046 0.4429
vn 0.3870 0.3012 -0.8715
vn 0.6550 0.6067 0.4505
vn 0.3068 0.4055 -0.8611
vn 0.5386 0.7011 0.4672
vn 0.1960 0.5046 -0.8408
vn 0.3893 0.7763 0.4958
vn 0.0503 0.5864 -0.8085
vn 0.2128 0.8157 0.5379
vn -0.1258 0.6334 -0.7635
vn 0.0268 0.8062 0.5910
vn -0.3151 0.6302 -0.7096
vn -0.1439 0.7474 0.6486
vn -0.4924 0.5748 -0.6536
vn -0.2812 0.6533 0.7029
vn -0.6373 0.4805 -0.6025
vn -0.3804 0.5422 0.7492
vn -0.7432 0.3664 -0.5599
vn -0.4462 0.4276 0.7862
vn -0.8562 0.1301 -0.4999
vn -0.8137 0.2470 -0.5261
vn -0.8772 0.0180 -0.4798
vn -0.4860 0.3159 0.8149
vn -0.8810 -0.0896 -0.4645
vn -0.5062 0.2090 0.8367
vn -0.5109 0.1059 0.8531
vn -0.2681 -0.9622 0.0483
vn 0.9011 0.3571 0.2458
vn 0.2681 0.9622 -0.0483
vn -0.3097 0.1335 0.9414
vn 0.3097 -0.1335 -0.9414
vn -0.4254 0.0866 0.9008
vn -0.5716 0.0724 0.8174
vn -0.0219 -0.1555 -0.9876
vn 0.9180 0.0338 0.3953
vn -0.0159 -0.9934 0.1135
vn -0.0160 -0.9934 0.1136
vn -0.0158 -0.9934 0.1137
vn -0.0160 -0.9934 0.1137
vn -0.0159 -0.9934 0.1137
vn -0.0160 -0.9934 0.1135
vn 0.1747 0.1061 0.9789
vn 0.0160 0.9934 -0.1136
vn 0.0158 0.9934 -0.1136
vn -0.0524 -0.9470 0.3168
vn -0.0740 -0.8469 0.5265
vn -0.0908 -0.7100 0.6983
vn -0.0244 0.9289 0.3696
vn -0.0873 0.9295 0.3583
vn -0.2905 0.1046 0.9512
vn -0.1172 -0.9456 0.3036
vn -0.4147 0.4132 0.8107
vn -0.3479 -0.7084 0.6142
vn -0.4033 -0.5530 0.7290
vn -0.3130 0.7052 0.6362
vn -0.2379 0.8314 0.5021
vn -0.1463 0.9308 0.3351
vn -0.4679 -0.0605 0.8817
vn -0.1775 -0.9442 0.2774
vn -0.2721 -0.8438 0.4625
vn -0.2001 0.9327 0.3000
vn -0.2312 -0.9430 0.2394
vn -0.5580 0.4116 0.7206
vn -0.4580 -0.7094 0.5358
vn -0.4229 0.7067 0.5672
vn -0.3226 0.8337 0.4482
vn -0.5188 0.7093 0.4771
vn -0.2461 0.9352 0.2548
vn -0.7549 0.0909 0.6495
vn -0.4278 -0.8432 0.3255
vn -0.4824 -0.8435 0.2361
vn -0.7286 -0.5649 0.3872
vn -0.5969 0.7128 0.3683
vn -0.8030 -0.4060 0.4363
vn -0.4550 0.8407 0.2937
vn -0.2827 0.9380 0.2006
vn -0.3083 0.9410 0.1394
vn -0.8615 0.4095 0.3002
vn -0.6704 -0.7167 0.1920
vn -0.5352 -0.8441 0.0323
vn -0.6852 0.7202 0.1083
vn -0.9032 -0.4193 0.0918
vn -0.5203 0.8489 0.0935
vn -0.9606 -0.2576 0.1047
vn -0.3217 0.9440 0.0735
vn -0.9006 -0.4250 -0.0910
vn -0.3222 0.9466 0.0051
vn -0.3421 -0.9377 -0.0612
vn -0.6880 -0.7209 -0.0831
vn -0.8107 -0.5788 -0.0887
vn -0.8793 0.4057 -0.2496
vn -0.7910 0.5717 -0.2181
vn -0.6658 0.7251 -0.1760
vn -0.5035 0.8551 -0.1235
vn -0.3094 0.9488 -0.0628
vn -0.7884 -0.4314 -0.4385
vn -0.4634 0.8566 -0.2268
vn -0.2840 0.9504 -0.1270
vn -0.8096 0.4029 -0.4268
vn -0.4049 -0.8398 -0.3617
vn -0.7052 0.3993 -0.5858
vn -0.5224 -0.7193 -0.4580
vn -0.4038 0.8569 -0.3206
vn -0.7315 -0.2749 -0.6240
vn -0.3271 0.8560 -0.4004
vn -0.6181 0.0527 -0.7844
vn -0.3309 -0.8374 -0.4351
vn -0.4992 -0.5792 -0.6444
vn -0.4339 0.7223 -0.5385
vn -0.2451 -0.8350 -0.4926
vn -0.3663 -0.5762 -0.7306
vn -0.3151 0.7191 -0.6193
vn -0.2367 0.8542 -0.4630
vn -0.4322 -0.2741 -0.8591
vn -0.1424 0.9508 -0.2751
vn -0.4499 0.0509 -0.8916
vn -0.1621 -0.9305 -0.3284
vn -0.0799 0.9498 -0.3024
vn -0.2664 -0.1131 -0.9572
vn -0.1912 -0.7106 -0.6771
vn -0.0709 -0.5694 -0.8190
vn -0.0319 0.8493 -0.5270
vn -0.0394 -0.9289 -0.3683
vn -0.0741 0.2173 -0.9733
vn 0.0525 0.9471 -0.3167
vn 0.0246 -0.9289 -0.3696
vn 0.0470 -0.8302 -0.5555
vn 0.0660 -0.7059 -0.7052
vn 0.0908 0.7100 -0.6984
vn 0.0741 0.8469 -0.5265
vn 0.2301 -0.5644 -0.7927
vn 0.1173 0.9456 -0.3035
vn 0.2905 -0.1046 -0.9512
vn 0.0871 -0.9295 -0.3585
vn 0.1451 -0.8303 -0.5381
vn 0.1927 -0.7050 -0.6826
vn 0.1465 -0.9308 -0.3350
vn 0.4610 0.2240 -0.8586
vn 0.3129 -0.7052 -0.6362
vn 0.3478 0.7084 -0.6142
vn 0.4580 0.7094 -0.5358
vn 0.3569 0.8432 -0.4020
vn 0.2312 0.9430 -0.2395
vn 0.1999 -0.9327 -0.3001
vn 0.6134 0.2293 -0.7558
vn 0.3225 -0.8337 -0.4483
vn 0.5838 0.3937 -0.7101
vn 0.5331 0.5559 -0.6378
vn 0.2461 -0.9352 -0.2547
vn 0.7063 0.3994 -0.5845
vn 0.5188 -0.7094 -0.4771
vn 0.5507 0.7114 -0.4367
vn 0.2762 0.9419 -0.1913
vn 0.6224 0.7140 -0.3207
vn 0.4824 0.8435 -0.2360
vn 0.2827 -0.9380 -0.2005
vn 0.8030 0.4060 -0.4363
vn 0.3083 -0.9410 -0.1394
vn 0.4972 -0.8448 -0.1977
vn 0.7744 -0.5684 -0.2779
vn 0.6704 0.7168 -0.1921
vn 0.5187 0.8439 -0.1370
vn 0.5351 0.8441 -0.0322
vn 0.3443 0.9388 -0.0060
vn 0.3217 -0.9440 -0.0734
vn 0.5202 -0.8489 -0.0934
vn 0.6853 -0.7202 -0.1083
vn 0.8129 -0.5703 -0.1179
vn 0.9006 0.4250 0.0910
vn 0.6898 -0.7232 0.0338
vn 0.8107 0.5788 0.0887
vn 0.6880 0.7209 0.0832
vn 0.3421 0.9377 0.0611
vn 0.3222 -0.9466 -0.0052
vn 0.5075 0.8431 0.1778
vn 0.3096 -0.9488 0.0626
vn 0.7910 -0.5716 0.2180
vn 0.8792 -0.4057 0.2496
vn 0.7884 0.4315 0.4386
vn 0.8097 -0.4029 0.4268
vn 0.2839 -0.9504 0.1272
vn 0.2631 0.9334 0.2441
vn 0.7636 -0.0557 0.6433
vn 0.7580 0.1121 0.6425
vn 0.2466 -0.9512 0.1855
vn 0.4037 -0.8569 0.3206
vn 0.5350 -0.7246 0.4345
vn 0.6354 -0.5680 0.5230
vn 0.5224 0.7193 0.4579
vn 0.4991 0.5793 0.6444
vn 0.5714 -0.3954 0.7191
vn 0.6181 -0.0527 0.7844
vn 0.1987 -0.9513 0.2357
vn 0.3270 -0.8560 0.4005
vn 0.4499 -0.0509 0.8916
vn 0.1422 -0.9508 0.2751
vn 0.4322 0.2741 0.8591
vn 0.2368 -0.8542 0.4630
vn 0.3150 -0.7192 0.6193
vn 0.3663 0.5762 0.7306
vn 0.3746 -0.5607 0.7385
vn 0.2453 0.8350 0.4926
vn 0.1622 0.9305 0.3283
vn 0.1911 0.7106 0.6771
vn 0.1022 0.9295 0.3544
vn 0.2664 0.1131 0.9572
vn 0.0802 -0.9498 0.3023
vn 0.2440 0.4254 0.8715
vn 0.0140 -0.9485 0.3164
vn 0.0318 -0.8493 0.5270
vn 0.0471 -0.7125 0.7001
vn 0.0680 -0.3862 0.9199
vn 0.0394 0.9289 0.3682
vn 0.4097 0.8805 -0.2385
vn -0.5341 0.8436 0.0545
vt 1.000000 0.500000
vt 0.968750 1.000000
vt 1.000000 1.000000
vt 0.937500 0.500000
vt 0.968750 0.500000
vt 0.906250 1.000000
vt 0.937500 1.000000
vt 0.875000 0.500000
vt 0.906250 0.500000
vt 0.843750 1.000000
vt 0.875000 1.000000
vt 0.812500 0.500000
vt 0.843750 0.500000
vt 0.781250 1.000000
vt 0.812500 1.000000
vt 0.750000 0.500000
vt 0.781250 0.500000
vt 0.718750 0.500000
vt 0.750000 1.000000
vt 0.687500 0.500000
vt 0.718750 1.000000
vt 0.656250 1.000000
vt 0.687500 1.000000
vt 0.625000 0.500000
vt 0.656250 0.500000
vt 0.593750 1.000000
vt 0.625000 1.000000
vt 0.562500 0.500000
vt 0.593750 0.500000
vt 0.531250 0.500000
vt 0.562500 1.000000
vt 0.500000 0.500000
vt 0.531250 1.000000
vt 0.468750 0.500000
vt 0.500000 1.000000
vt 0.437500 1.000000
vt 0.468750 1.000000
vt 0.437500 0.500000
vt 0.406250 1.000000
vt 0.406250 0.500000
vt 0.375000 1.000000
vt 0.375000 0.500000
vt 0.343750 1.000000
vt 0.312500 0.500000
vt 0.343750 0.500000
vt 0.281250 0.500000
vt 0.312500 1.000000
vt 0.250000 1.000000
vt 0.281250 1.000000
vt 0.218750 0.500000
vt 0.250000 0.500000
vt 0.187500 0.500000
vt 0.218750 1.000000
vt 0.156250 1.000000
vt 0.187500 1.000000
vt 0.125000 0.500000
vt 0.156250 0.500000
vt 0.093750 1.000000
vt 0.125000 1.000000
vt 0.093750 0.500000
vt 0.062500 1.000000
vt 0.250000 0.010000
vt 0.010000 0.250000
vt 0.250000 0.490000
vt 0.062500 0.500000
vt 0.031250 1.000000
vt 0.031250 0.500000
vt 0.000000 1.000000
vt 0.703178 0.014612
vt 0.985388 0.203178
vt 0.796822 0.485388
vt 0.375000 0.250000
vt 0.625000 0.000000
vt 0.375000 0.000000
vt 0.625000 0.250000
vt 0.625000 0.750000
vt 0.375000 0.750000
vt 0.125000 0.750000
vt 0.875000 0.750000
vt 0.718750 0.562500
vt 0.750000 0.562500
vt 0.750000 0.937500
vt 0.718750 0.937500
vt 0.734375 1.000000
vt 0.734375 0.000000
vt 0.718750 0.062500
vt 0.750000 0.062500
vt 0.750000 0.437500
vt 0.718750 0.875000
vt 0.750000 0.875000
vt 0.750000 0.375000
vt 0.718750 0.437500
vt 0.718750 0.812500
vt 0.750000 0.812500
vt 0.750000 0.312500
vt 0.718750 0.375000
vt 0.750000 0.750000
vt 0.750000 0.250000
vt 0.718750 0.312500
vt 0.750000 0.687500
vt 0.718750 0.750000
vt 0.750000 0.187500
vt 0.718750 0.250000
vt 0.750000 0.625000
vt 0.718750 0.687500
vt 0.750000 0.125000
vt 0.718750 0.187500
vt 0.718750 0.625000
vt 0.718750 0.125000
vt 0.687500 0.625000
vt 0.687500 0.125000
vt 0.687500 0.562500
vt 0.687500 0.937500
vt 0.703125 1.000000
vt 0.703125 0.000000
vt 0.687500 0.062500
vt 0.687500 0.437500
vt 0.687500 0.875000
vt 0.687500 0.375000
vt 0.687500 0.812500
vt 0.687500 0.312500
vt 0.687500 0.750000
vt 0.687500 0.250000
vt 0.687500 0.687500
vt 0.687500 0.187500
vt 0.656250 0.375000
vt 0.656250 0.812500
vt 0.656250 0.312500
vt 0.656250 0.750000
vt 0.656250 0.250000
vt 0.656250 0.687500
vt 0.656250 0.187500
vt 0.656250 0.625000
vt 0.656250 0.125000
vt 0.656250 0.562500
vt 0.656250 0.937500
vt 0.671875 1.000000
vt 0.671875 0.000000
vt 0.656250 0.062500
vt 0.656250 0.437500
vt 0.656250 0.875000
vt 0.625000 0.062500
vt 0.625000 0.562500
vt 0.625000 0.937500
vt 0.640625 1.000000
vt 0.640625 0.000000
vt 0.625000 0.437500
vt 0.625000 0.875000
vt 0.625000 0.375000
vt 0.625000 0.812500
vt 0.625000 0.312500
vt 0.625000 0.687500
vt 0.625000 0.187500
vt 0.625000 0.625000
vt 0.593750 0.812500
vt 0.593750 0.312500
vt 0.593750 0.750000
vt 0.593750 0.250000
vt 0.593750 0.687500
vt 0.625000 0.125000
vt 0.593750 0.187500
vt 0.593750 0.625000
vt 0.593750 0.062500
vt 0.593750 0.562500
vt 0.593750 0.937500
vt 0.609375 1.000000
vt 0.609375 0.000000
vt 0.593750 0.437500
vt 0.593750 0.875000
vt 0.593750 0.375000
vt 0.562500 0.562500
vt 0.562500 0.937500
vt 0.578125 1.000000
vt 0.578125 0.000000
vt 0.562500 0.062500
vt 0.562500 0.437500
vt 0.562500 0.875000
vt 0.562500 0.375000
vt 0.562500 0.812500
vt 0.562500 0.312500
vt 0.562500 0.750000
vt 0.562500 0.250000
vt 0.562500 0.687500
vt 0.562500 0.125000
vt 0.593750 0.125000
vt 0.562500 0.625000
vt 0.531250 0.312500
vt 0.531250 0.750000
vt 0.562500 0.187500
vt 0.531250 0.250000
vt 0.531250 0.687500
vt 0.531250 0.125000
vt 0.531250 0.625000
vt 0.531250 0.062500
vt 0.531250 0.562500
vt 0.531250 0.937500
vt 0.546875 1.000000
vt 0.546875 0.000000
vt 0.531250 0.437500
vt 0.531250 0.875000
vt 0.531250 0.375000
vt 0.531250 0.812500
vt 0.515625 0.000000
vt 0.500000 0.062500
vt 0.500000 0.500000
vt 0.500000 0.937500
vt 0.500000 0.437500
vt 0.500000 0.875000
vt 0.500000 0.375000
vt 0.500000 0.812500
vt 0.500000 0.312500
vt 0.500000 0.750000
vt 0.531250 0.187500
vt 0.500000 0.250000
vt 0.500000 0.687500
vt 0.500000 0.187500
vt 0.500000 0.625000
vt 0.500000 0.562500
vt 0.515625 1.000000
vt 0.468750 0.250000
vt 0.468750 0.687500
vt 0.500000 0.125000
vt 0.468750 0.187500
vt 0.468750 0.625000
vt 0.468750 0.062500
vt 0.468750 0.562500
vt 0.468750 0.937500
vt 0.484375 1.000000
vt 0.484375 0.000000
vt 0.468750 0.500000
vt 0.468750 0.437500
vt 0.468750 0.875000
vt 0.468750 0.375000
vt 0.468750 0.812500
vt 0.468750 0.312500
vt 0.468750 0.750000
vt 0.437500 0.937500
vt 0.437500 0.437500
vt 0.437500 0.875000
vt 0.437500 0.375000
vt 0.437500 0.812500
vt 0.437500 0.312500
vt 0.437500 0.750000
vt 0.437500 0.250000
vt 0.437500 0.687500
vt 0.468750 0.125000
vt 0.437500 0.187500
vt 0.437500 0.625000
vt 0.437500 0.125000
vt 0.437500 0.562500
vt 0.453125 1.000000
vt 0.453125 0.000000
vt 0.437500 0.062500
vt 0.437500 0.500000
vt 0.406250 0.687500
vt 0.406250 0.187500
vt 0.406250 0.625000
vt 0.406250 0.125000
vt 0.406250 0.562500
vt 0.406250 0.937500
vt 0.421875 1.000000
vt 0.421875 0.000000
vt 0.406250 0.062500
vt 0.406250 0.500000
vt 0.406250 0.437500
vt 0.406250 0.875000
vt 0.406250 0.375000
vt 0.406250 0.812500
vt 0.406250 0.312500
vt 0.406250 0.750000
vt 0.406250 0.250000
vt 0.375000 0.437500
vt 0.375000 0.812500
vt 0.375000 0.375000
vt 0.375000 0.312500
vt 0.375000 0.687500
vt 0.375000 0.187500
vt 0.375000 0.625000
vt 0.375000 0.125000
vt 0.375000 0.562500
vt 0.375000 0.937500
vt 0.390625 1.000000
vt 0.390625 0.000000
vt 0.375000 0.062500
vt 0.375000 0.500000
vt 0.375000 0.875000
vt 0.343750 0.187500
vt 0.343750 0.625000
vt 0.343750 0.125000
vt 0.343750 0.562500
vt 0.343750 0.937500
vt 0.359375 1.000000
vt 0.359375 0.000000
vt 0.343750 0.062500
vt 0.343750 0.500000
vt 0.343750 0.875000
vt 0.343750 0.437500
vt 0.343750 0.812500
vt 0.343750 0.375000
vt 0.343750 0.750000
vt 0.343750 0.312500
vt 0.343750 0.687500
vt 0.343750 0.250000
vt 0.312500 0.812500
vt 0.312500 0.375000
vt 0.312500 0.750000
vt 0.312500 0.312500
vt 0.312500 0.687500
vt 0.312500 0.250000
vt 0.312500 0.625000
vt 0.312500 0.187500
vt 0.312500 0.562500
vt 0.312500 0.125000
vt 0.312500 0.937500
vt 0.328125 1.000000
vt 0.328125 0.000000
vt 0.312500 0.062500
vt 0.312500 0.500000
vt 0.312500 0.875000
vt 0.312500 0.437500
vt 0.281250 0.562500
vt 0.281250 0.125000
vt 0.281250 0.500000
vt 0.281250 0.937500
vt 0.296875 1.000000
vt 0.296875 0.000000
vt 0.281250 0.062500
vt 0.281250 0.437500
vt 0.281250 0.875000
vt 0.281250 0.812500
vt 0.281250 0.375000
vt 0.281250 0.750000
vt 0.281250 0.312500
vt 0.281250 0.687500
vt 0.281250 0.250000
vt 0.281250 0.625000
vt 0.281250 0.187500
vt 0.250000 0.312500
vt 0.250000 0.750000
vt 0.250000 0.687500
vt 0.250000 0.250000
vt 0.250000 0.625000
vt 0.250000 0.187500
vt 0.250000 0.562500
vt 0.250000 0.125000
vt 0.250000 0.500000
vt 0.250000 0.937500
vt 0.265625 1.000000
vt 0.265625 0.000000
vt 0.250000 0.062500
vt 0.250000 0.437500
vt 0.250000 0.875000
vt 0.250000 0.375000
vt 0.250000 0.812500
vt 0.218750 0.125000
vt 0.218750 0.500000
vt 0.218750 0.937500
vt 0.234375 1.000000
vt 0.234375 0.000000
vt 0.218750 0.062500
vt 0.218750 0.437500
vt 0.218750 0.875000
vt 0.218750 0.375000
vt 0.218750 0.812500
vt 0.218750 0.312500
vt 0.218750 0.750000
vt 0.218750 0.250000
vt 0.218750 0.687500
vt 0.218750 0.187500
vt 0.218750 0.625000
vt 0.218750 0.562500
vt 0.187500 0.250000
vt 0.187500 0.687500
vt 0.187500 0.187500
vt 0.187500 0.625000
vt 0.187500 0.125000
vt 0.187500 0.562500
vt 0.187500 0.062500
vt 0.187500 0.500000
vt 0.187500 0.937500
vt 0.203125 1.000000
vt 0.203125 0.000000
vt 0.187500 0.437500
vt 0.187500 0.875000
vt 0.187500 0.375000
vt 0.187500 0.812500
vt 0.187500 0.312500
vt 0.187500 0.750000
vt 0.156250 0.937500
vt 0.171875 1.000000
vt 0.171875 0.000000
vt 0.156250 0.062500
vt 0.156250 0.437500
vt 0.156250 0.875000
vt 0.156250 0.375000
vt 0.156250 0.812500
vt 0.156250 0.312500
vt 0.156250 0.750000
vt 0.156250 0.250000
vt 0.156250 0.687500
vt 0.156250 0.187500
vt 0.156250 0.625000
vt 0.156250 0.125000
vt 0.156250 0.562500
vt 0.156250 0.500000
vt 0.125000 0.687500
vt 0.125000 0.187500
vt 0.125000 0.625000
vt 0.125000 0.125000
vt 0.125000 0.562500
vt 0.125000 0.062500
vt 0.125000 0.500000
vt 0.125000 0.937500
vt 0.140625 1.000000
vt 0.140625 0.000000
vt 0.125000 0.437500
vt 0.125000 0.375000
vt 0.125000 0.812500
vt 0.125000 0.312500
vt 0.125000 0.250000
vt 0.093750 0.437500
vt 0.125000 0.875000
vt 0.093750 0.937500
vt 0.093750 0.375000
vt 0.093750 0.812500
vt 0.093750 0.312500
vt 0.093750 0.750000
vt 0.093750 0.250000
vt 0.093750 0.687500
vt 0.093750 0.187500
vt 0.093750 0.625000
vt 0.093750 0.125000
vt 0.093750 0.562500
vt 0.093750 0.062500
vt 0.093750 0.500000
vt 0.109375 1.000000
vt 0.109375 0.000000
vt 0.062500 0.187500
vt 0.062500 0.625000
vt 0.062500 0.125000
vt 0.062500 0.562500
vt 0.062500 0.062500
vt 0.062500 0.500000
vt 0.062500 0.937500
vt 0.078125 1.000000
vt 0.078125 0.000000
vt 0.062500 0.437500
vt 0.093750 0.875000
vt 0.062500 0.375000
vt 0.062500 0.875000
vt 0.062500 0.312500
vt 0.062500 0.750000
vt 0.062500 0.250000
vt 0.062500 0.687500
vt 0.031250 0.937500
vt 0.031250 0.375000
vt 0.062500 0.812500
vt 0.031250 0.875000
vt 0.031250 0.312500
vt 0.031250 0.750000
vt 0.031250 0.250000
vt 0.031250 0.687500
vt 0.031250 0.187500
vt 0.031250 0.625000
vt 0.031250 0.125000
vt 0.031250 0.562500
vt 0.031250 0.062500
vt 0.031250 0.500000
vt 0.046875 1.000000
vt 0.046875 0.000000
vt 0.031250 0.437500
vt 0.000000 0.625000
vt 0.000000 0.125000
vt 0.000000 0.562500
vt 0.000000 0.062500
vt 0.000000 0.500000
vt 0.000000 0.937500
vt 0.015625 1.000000
vt 0.015625 0.000000
vt 0.000000 0.437500
vt 0.000000 0.375000
vt 0.000000 0.812500
vt 0.031250 0.812500
vt 0.000000 0.312500
vt 0.000000 0.750000
vt 0.000000 0.250000
vt 0.000000 0.687500
vt 0.000000 0.187500
vt 0.968750 0.375000
vt 1.000000 0.437500
vt 1.000000 0.375000
vt 0.968750 0.812500
vt 1.000000 0.875000
vt 1.000000 0.812500
vt 0.968750 0.312500
vt 1.000000 0.312500
vt 0.968750 0.750000
vt 1.000000 0.750000
vt 0.968750 0.250000
vt 1.000000 0.250000
vt 0.968750 0.687500
vt 1.000000 0.687500
vt 0.968750 0.187500
vt 1.000000 0.187500
vt 0.968750 0.625000
vt 1.000000 0.625000
vt 0.968750 0.125000
vt 1.000000 0.125000
vt 0.968750 0.562500
vt 1.000000 0.562500
vt 0.968750 0.062500
vt 1.000000 0.062500
vt 0.968750 0.500000
vt 1.000000 0.937500
vt 0.968750 0.937500
vt 0.984375 1.000000
vt 0.984375 0.000000
vt 0.968750 0.437500
vt 0.937500 0.125000
vt 0.937500 0.562500
vt 0.937500 0.062500
vt 0.937500 0.500000
vt 0.937500 0.937500
vt 0.953125 1.000000
vt 0.953125 0.000000
vt 0.937500 0.437500
vt 0.937500 0.875000
vt 0.968750 0.875000
vt 0.937500 0.375000
vt 0.937500 0.812500
vt 0.937500 0.312500
vt 0.937500 0.750000
vt 0.937500 0.250000
vt 0.937500 0.687500
vt 0.937500 0.187500
vt 0.937500 0.625000
vt 0.906250 0.312500
vt 0.906250 0.750000
vt 0.906250 0.250000
vt 0.906250 0.687500
vt 0.906250 0.187500
vt 0.906250 0.625000
vt 0.906250 0.125000
vt 0.906250 0.562500
vt 0.906250 0.062500
vt 0.906250 0.500000
vt 0.906250 0.937500
vt 0.921875 1.000000
vt 0.921875 0.000000
vt 0.906250 0.437500
vt 0.906250 0.875000
vt 0.906250 0.375000
vt 0.906250 0.812500
vt 0.875000 0.125000
vt 0.875000 0.500000
vt 0.875000 0.937500
vt 0.890625 1.000000
vt 0.890625 0.000000
vt 0.875000 0.062500
vt 0.875000 0.437500
vt 0.875000 0.875000
vt 0.875000 0.375000
vt 0.875000 0.812500
vt 0.875000 0.312500
vt 0.875000 0.750000
vt 0.875000 0.250000
vt 0.875000 0.687500
vt 0.875000 0.187500
vt 0.875000 0.625000
vt 0.875000 0.562500
vt 0.843750 0.750000
vt 0.843750 0.312500
vt 0.843750 0.687500
vt 0.843750 0.250000
vt 0.843750 0.625000
vt 0.843750 0.187500
vt 0.843750 0.562500
vt 0.843750 0.125000
vt 0.843750 0.500000
vt 0.843750 0.937500
vt 0.859375 1.000000
vt 0.859375 0.000000
vt 0.843750 0.062500
vt 0.843750 0.437500
vt 0.843750 0.875000
vt 0.843750 0.375000
vt 0.843750 0.812500
vt 0.812500 0.500000
vt 0.812500 0.937500
vt 0.828125 1.000000
vt 0.828125 0.000000
vt 0.812500 0.062500
vt 0.812500 0.437500
vt 0.812500 0.875000
vt 0.812500 0.812500
vt 0.812500 0.375000
vt 0.812500 0.750000
vt 0.812500 0.312500
vt 0.812500 0.687500
vt 0.812500 0.250000
vt 0.812500 0.625000
vt 0.812500 0.187500
vt 0.812500 0.562500
vt 0.812500 0.125000
vt 0.781250 0.312500
vt 0.781250 0.687500
vt 0.781250 0.250000
vt 0.781250 0.625000
vt 0.781250 0.187500
vt 0.781250 0.562500
vt 0.781250 0.125000
vt 0.781250 0.937500
vt 0.796875 1.000000
vt 0.796875 0.000000
vt 0.781250 0.062500
vt 0.781250 0.500000
vt 0.781250 0.875000
vt 0.781250 0.437500
vt 0.781250 0.812500
vt 0.781250 0.375000
vt 0.781250 0.750000
vt 0.765625 1.000000
vt 0.765625 0.000000
vt 0.250000 0.010000
vt 0.010000 0.250000
vt 0.296822 0.485388
vt 0.341844 0.471731
vt 0.383337 0.449553
vt 0.419706 0.419706
vt 0.449553 0.383337
vt 0.471731 0.341844
vt 0.485388 0.296822
vt 0.490000 0.250000
vt 0.485388 0.203178
vt 0.471731 0.158156
vt 0.449553 0.116663
vt 0.419706 0.080294
vt 0.383337 0.050447
vt 0.341844 0.028269
vt 0.296822 0.014612
vt 0.203178 0.014612
vt 0.158156 0.028269
vt 0.116663 0.050447
vt 0.080294 0.080294
vt 0.050447 0.116663
vt 0.028269 0.158156
vt 0.014612 0.203178
vt 0.014612 0.296822
vt 0.028269 0.341844
vt 0.050447 0.383337
vt 0.080294 0.419706
vt 0.116663 0.449553
vt 0.158156 0.471731
vt 0.203178 0.485388
vt 0.750000 0.490000
vt 0.703178 0.485388
vt 0.658156 0.471731
vt 0.616663 0.449553
vt 0.580294 0.419706
vt 0.550447 0.383337
vt 0.528269 0.341844
vt 0.514612 0.296822
vt 0.510000 0.250000
vt 0.514612 0.203178
vt 0.528269 0.158156
vt 0.550447 0.116663
vt 0.580294 0.080294
vt 0.616663 0.050447
vt 0.658156 0.028269
vt 0.750000 0.010000
vt 0.796822 0.014612
vt 0.841844 0.028269
vt 0.883337 0.050447
vt 0.919706 0.080294
vt 0.949553 0.116663
vt 0.971731 0.158156
vt 0.990000 0.250000
vt 0.985388 0.296822
vt 0.971731 0.341844
vt 0.949553 0.383337
vt 0.919706 0.419706
vt 0.883337 0.449553
vt 0.841844 0.471731
vt 0.296822 0.014612
vt 0.203178 0.014612
vt 0.014612 0.203178
vt 0.014612 0.296822
vt 0.000000 0.875000
vt 0.383337 0.449553
vt 0.449553 0.383337
vt 0.449553 0.116663
vt 0.419706 0.080294
vt 0.383337 0.050447
vt 0.116663 0.050447
vt 0.080294 0.080294
vt 0.050447 0.116663
vt 0.050447 0.383337
vt 0.080294 0.419706
vt 0.116663 0.449553
vt 0.616663 0.449553
vt 0.550447 0.383337
vt 0.550447 0.116663
vt 0.580294 0.080294
vt 0.616663 0.050447
vt 0.750000 0.010000
vt 0.883337 0.050447
vt 0.919706 0.080294
vt 0.949553 0.116663
vt 0.949553 0.383337
vt 0.883337 0.449553
s 0
usemtl Material.030
f 1/1/1 4/2/1 2/3/1
f 5/4/2 4/2/2 3/5/2
f 5/4/3 8/6/3 6/7/3
f 9/8/4 8/6/4 7/9/4
f 9/8/5 12/10/5 10/11/5
f 13/12/6 12/10/6 11/13/6
f 13/12/7 16/14/7 14/15/7
f 17/16/8 16/14/8 15/17/8
f 19/18/9 18/19/9 17/16/9
f 21/20/10 20/21/10 19/18/10
f 21/20/11 24/22/11 22/23/11
f 25/24/12 24/22/12 23/25/12
f 25/24/13 28/26/13 26/27/13
f 29/28/14 28/26/14 27/29/14
f 31/30/15 30/31/15 29/28/15
f 33/32/16 32/33/16 31/30/16
f 35/34/17 34/35/17 33/32/17
f 35/34/18 38/36/18 36/37/18
f 37/38/19 40/39/19 38/36/19
f 39/40/20 42/41/20 40/39/20
f 41/42/21 44/43/21 42/41/21
f 45/44/22 44/43/22 43/45/22
f 47/46/23 46/47/23 45/44/23
f 47/46/24 50/48/24 48/49/24
f 51/50/25 50/48/25 49/51/25
f 53/52/26 52/53/26 51/50/26
f 53/52/27 56/54/27 54/55/27
f 57/56/28 56/54/28 55/57/28
f 57/56/29 60/58/29 58/59/29
f 59/60/30 62/61/30 60/58/30
f 34/62/31 50/63/31 2/64/31
f 61/65/32 64/66/32 62/61/32
f 63/67/33 2/68/33 64/66/33
f 35/69/34 19/70/34 3/71/34
f 909/5/761 908/3/761 907/1/761
f 911/4/762 910/2/762 909/5/762
f 913/9/763 912/7/763 911/4/763
f 915/8/764 914/6/764 913/9/764
f 917/13/765 916/11/765 915/8/765
f 919/12/766 918/10/766 917/13/766
f 921/17/767 920/15/767 919/12/767
f 923/16/768 922/14/768 921/17/768
f 925/18/769 924/19/769 923/16/769
f 927/20/770 926/21/770 925/18/770
f 929/25/771 928/23/771 927/20/771
f 931/24/772 930/22/772 929/25/772
f 931/24/773 934/26/773 932/27/773
f 933/29/774 936/31/774 934/26/774
f 935/28/775 938/33/775 936/31/775
f 937/30/776 940/35/776 938/33/776
f 939/32/777 942/37/777 940/35/777
f 941/34/778 944/36/778 942/37/778
f 943/38/779 946/39/779 944/36/779
f 945/40/780 948/41/780 946/39/780
f 947/42/781 950/43/781 948/41/781
f 949/45/782 952/47/782 950/43/782
f 951/44/783 954/49/783 952/47/783
f 953/46/784 956/48/784 954/49/784
f 955/51/785 958/53/785 956/48/785
f 957/50/786 960/55/786 958/53/786
f 959/52/787 962/54/787 960/55/787
f 961/57/788 964/59/788 962/54/788
f 965/60/789 964/59/789 963/56/789
f 967/65/790 966/58/790 965/60/790
f 940/62/791 956/63/791 908/64/791
f 969/67/792 968/61/792 967/65/792
f 907/476/793 970/66/793 969/67/793
f 941/69/794 925/70/794 909/71/794
f 1/1/1 3/5/1 4/2/1
f 5/4/2 6/7/2 4/2/2
f 5/4/3 7/9/3 8/6/3
f 9/8/4 10/11/4 8/6/4
f 9/8/5 11/13/5 12/10/5
f 13/12/6 14/15/6 12/10/6
f 13/12/859 15/17/859 16/14/859
f 17/16/8 18/19/8 16/14/8
f 19/18/9 20/21/9 18/19/9
f 21/20/10 22/23/10 20/21/10
f 21/20/11 23/25/11 24/22/11
f 25/24/12 26/27/12 24/22/12
f 25/24/13 27/29/13 28/26/13
f 29/28/14 30/31/14 28/26/14
f 31/30/15 32/33/15 30/31/15
f 33/32/16 34/35/16 32/33/16
f 35/34/17 36/37/17 34/35/17
f 35/34/860 37/38/860 38/36/860
f 37/38/19 39/40/19 40/39/19
f 39/40/20 41/42/20 42/41/20
f 41/42/21 43/45/21 44/43/21
f 45/44/22 46/47/22 44/43/22
f 47/46/861 48/49/861 46/47/861
f 47/46/24 49/51/24 50/48/24
f 51/50/25 52/53/25 50/48/25
f 53/52/26 54/55/26 52/53/26
f 53/52/27 55/57/27 56/54/27
f 57/56/28 58/59/28 56/54/28
f 57/56/29 59/60/29 60/58/29
f 59/60/30 61/65/30 62/61/30
f 2/64/31 4/626/31 6/627/31
f 6/627/31 8/628/31 10/629/31
f 10/629/31 12/630/31 14/631/31
f 14/631/862 16/632/862 18/633/862
f 18/633/31 20/634/31 22/635/31
f 22/635/31 24/636/31 26/637/31
f 26/637/862 28/638/862 30/639/862
f 30/639/31 32/640/31 34/62/31
f 34/62/31 36/641/31 38/642/31
f 38/642/862 40/643/862 42/644/862
f 42/644/31 44/645/31 46/646/31
f 46/646/862 48/647/862 50/63/862
f 50/63/31 52/648/31 54/649/31
f 54/649/31 56/650/31 58/651/31
f 58/651/31 60/652/31 62/653/31
f 62/653/31 64/654/31 2/64/31
f 2/64/31 6/627/31 10/629/31
f 10/629/31 14/631/31 18/633/31
f 18/633/31 22/635/31 26/637/31
f 26/637/31 30/639/31 34/62/31
f 34/62/31 38/642/31 42/644/31
f 42/644/31 46/646/31 50/63/31
f 50/63/31 54/649/31 58/651/31
f 58/651/31 62/653/31 2/64/31
f 2/64/31 10/629/31 18/633/31
f 18/633/31 26/637/31 34/62/31
f 34/62/31 42/644/31 50/63/31
f 50/63/31 58/651/31 2/64/31
f 2/64/31 18/633/31 34/62/31
f 61/65/32 63/67/32 64/66/32
f 63/67/33 1/476/33 2/68/33
f 3/71/34 1/655/34 63/656/34
f 63/656/34 61/657/34 59/658/34
f 59/658/34 57/659/34 55/660/34
f 55/660/34 53/661/34 51/662/34
f 51/662/34 49/663/34 47/664/34
f 47/664/863 45/665/863 43/666/863
f 43/666/34 41/667/34 39/668/34
f 39/668/34 37/669/34 35/69/34
f 35/69/34 33/670/34 31/671/34
f 31/671/34 29/672/34 27/673/34
f 27/673/34 25/674/34 23/675/34
f 23/675/34 21/676/34 19/70/34
f 19/70/34 17/677/34 15/678/34
f 15/678/863 13/679/863 11/680/863
f 11/680/34 9/681/34 7/682/34
f 7/682/34 5/683/34 3/71/34
f 3/71/34 63/656/34 59/658/34
f 59/658/34 55/660/34 51/662/34
f 51/662/34 47/664/34 43/666/34
f 43/666/34 39/668/34 35/69/34
f 35/69/34 31/671/34 27/673/34
f 27/673/34 23/675/34 19/70/34
f 19/70/34 15/678/34 11/680/34
f 11/680/34 7/682/34 3/71/34
f 3/71/34 59/658/34 51/662/34
f 51/662/34 43/666/34 35/69/34
f 35/69/34 27/673/34 19/70/34
f 19/70/34 11/680/34 3/71/34
f 3/71/34 51/662/34 35/69/34
f 909/5/761 910/2/761 908/3/761
f 911/4/762 912/7/762 910/2/762
f 913/9/763 914/6/763 912/7/763
f 915/8/764 916/11/764 914/6/764
f 917/13/765 918/10/765 916/11/765
f 919/12/766 920/15/766 918/10/766
f 921/17/767 922/14/767 920/15/767
f 923/16/768 924/19/768 922/14/768
f 925/18/769 926/21/769 924/19/769
f 927/20/770 928/23/770 926/21/770
f 929/25/771 930/22/771 928/23/771
f 931/24/772 932/27/772 930/22/772
f 931/24/773 933/29/773 934/26/773
f 933/29/774 935/28/774 936/31/774
f 935/28/775 937/30/775 938/33/775
f 937/30/776 939/32/776 940/35/776
f 939/32/777 941/34/777 942/37/777
f 941/34/778 943/38/778 944/36/778
f 943/38/779 945/40/779 946/39/779
f 945/40/780 947/42/780 948/41/780
f 947/42/781 949/45/781 950/43/781
f 949/45/1046 951/44/1046 952/47/1046
f 951/44/783 953/46/783 954/49/783
f 953/46/784 955/51/784 956/48/784
f 955/51/785 957/50/785 958/53/785
f 957/50/1047 959/52/1047 960/55/1047
f 959/52/787 961/57/787 962/54/787
f 961/57/788 963/56/788 964/59/788
f 965/60/789 966/58/789 964/59/789
f 967/65/790 968/61/790 966/58/790
f 908/64/791 910/626/791 912/627/791
f 912/627/791 914/628/791 916/629/791
f 916/629/791 918/630/791 920/631/791
f 920/631/791 922/632/791 924/633/791
f 924/633/791 926/634/791 928/635/791
f 928/635/791 930/636/791 932/637/791
f 932/637/791 934/638/791 936/639/791
f 936/639/791 938/640/791 940/62/791
f 940/62/791 942/641/791 944/642/791
f 944/642/791 946/643/791 948/644/791
f 948/644/791 950/645/791 952/646/791
f 952/646/791 954/647/791 956/63/791
f 956/63/791 958/648/791 960/649/791
f 960/649/791 962/650/791 964/651/791
f 964/651/791 966/652/791 968/653/791
f 968/653/791 970/654/791 908/64/791
f 908/64/791 912/627/791 916/629/791
f 916/629/791 920/631/791 924/633/791
f 924/633/791 928/635/791 932/637/791
f 932/637/791 936/639/791 940/62/791
f 940/62/791 944/642/791 948/644/791
f 948/644/791 952/646/791 956/63/791
f 956/63/791 960/649/791 964/651/791
f 964/651/791 968/653/791 908/64/791
f 908/64/791 916/629/791 924/633/791
f 924/633/791 932/637/791 940/62/791
f 940/62/791 948/644/791 956/63/791
f 956/63/791 964/651/791 908/64/791
f 908/64/791 924/633/791 940/62/791
f 969/67/792 970/66/792 968/61/792
f 907/476/793 908/68/793 970/66/793
f 909/71/794 907/655/794 969/656/794
f 969/656/794 967/657/794 965/658/794
f 965/658/794 963/659/794 961/660/794
f 961/660/794 959/661/794 957/662/794
f 957/662/794 955/663/794 953/664/794
f 953/664/794 951/665/794 949/666/794
f 949/666/794 947/667/794 945/668/794
f 945/668/794 943/669/794 941/69/794
f 941/69/794 939/670/794 937/671/794
f 937/671/794 935/672/794 933/673/794
f 933/673/794 931/674/794 929/675/794
f 929/675/794 927/676/794 925/70/794
f 925/70/794 923/677/794 921/678/794
f 921/678/794 919/679/794 917/680/794
f 917/680/794 915/681/794 913/682/794
f 913/682/794 911/683/794 909/71/794
f 909/71/794 969/656/794 965/658/794
f 965/658/794 961/660/794 957/662/794
f 957/662/794 953/664/794 949/666/794
f 949/666/794 945/668/794 941/69/794
f 941/69/794 937/671/794 933/673/794
f 933/673/794 929/675/794 925/70/794
f 925/70/794 921/678/794 917/680/794
f 917/680/794 913/682/794 909/71/794
f 909/71/794 965/658/794 957/662/794
f 957/662/794 949/666/794 941/69/794
f 941/69/794 933/673/794 925/70/794
f 925/70/794 917/680/794 909/71/794
f 909/71/794 957/662/794 941/69/794
usemtl Material.037
f 67/72/35 66/73/35 65/74/35
f 71/42/36 68/75/36 67/72/36
f 71/42/37 70/76/37 72/24/37
f 69/77/38 66/27/38 70/76/38
f 65/78/39 71/42/39 67/56/39
f 72/24/40 66/79/40 68/8/40
f 75/72/41 74/73/41 73/74/41
f 75/72/42 80/24/42 76/75/42
f 79/42/43 78/76/43 80/24/43
f 73/41/44 78/76/44 77/77/44
f 73/78/45 79/42/45 75/56/45
f 80/24/46 74/79/46 76/8/46
f 83/72/47 82/73/47 81/74/47
f 83/72/48 88/24/48 84/75/48
f 87/42/49 86/76/49 88/24/49
f 81/41/50 86/76/50 85/77/50
f 81/78/51 87/42/51 83/56/51
f 88/24/52 82/79/52 84/8/52
f 89/1/53 92/2/53 90/3/53
f 91/5/54 94/7/54 92/2/54
f 93/4/55 96/6/55 94/7/55
f 95/9/56 98/11/56 96/6/56
f 97/8/57 100/10/57 98/11/57
f 99/13/58 102/15/58 100/10/58
f 101/12/59 104/14/59 102/15/59
f 103/17/60 106/19/60 104/14/60
f 105/16/61 108/21/61 106/19/61
f 109/20/62 108/21/62 107/18/62
f 111/25/63 110/23/63 109/20/63
f 113/24/64 112/22/64 111/25/64
f 115/29/65 114/27/65 113/24/65
f 117/28/66 116/26/66 115/29/66
f 119/30/67 118/31/67 117/28/67
f 121/32/68 120/33/68 119/30/68
f 123/34/69 122/35/69 121/32/69
f 125/38/70 124/37/70 123/34/70
f 127/40/71 126/36/71 125/38/71
f 129/42/72 128/39/72 127/40/72
f 131/45/73 130/41/73 129/42/73
f 133/44/74 132/43/74 131/45/74
f 135/46/75 134/47/75 133/44/75
f 137/51/76 136/49/76 135/46/76
f 139/50/77 138/48/77 137/51/77
f 141/52/78 140/53/78 139/50/78
f 143/57/79 142/55/79 141/52/79
f 143/57/80 146/59/80 144/54/80
f 145/56/81 148/58/81 146/59/81
f 147/60/82 150/61/82 148/58/82
f 122/62/83 138/63/83 90/64/83
f 149/65/84 152/66/84 150/61/84
f 151/67/85 90/68/85 152/66/85
f 123/69/86 107/70/86 91/71/86
f 67/72/35 68/75/35 66/73/35
f 71/42/36 72/24/36 68/75/36
f 71/42/37 69/77/37 70/76/37
f 69/77/38 65/41/38 66/27/38
f 65/78/39 69/77/39 71/42/39
f 72/24/40 70/76/40 66/79/40
f 75/72/41 76/75/41 74/73/41
f 75/72/42 79/42/42 80/24/42
f 79/42/43 77/77/43 78/76/43
f 73/41/44 74/27/44 78/76/44
f 73/78/45 77/77/45 79/42/45
f 80/24/46 78/76/46 74/79/46
f 83/72/47 84/75/47 82/73/47
f 83/72/48 87/42/48 88/24/48
f 87/42/49 85/77/49 86/76/49
f 81/41/50 82/27/50 86/76/50
f 81/78/51 85/77/51 87/42/51
f 88/24/52 86/76/52 82/79/52
f 89/1/53 91/5/53 92/2/53
f 91/5/54 93/4/54 94/7/54
f 93/4/864 95/9/864 96/6/864
f 95/9/865 97/8/865 98/11/865
f 97/8/57 99/13/57 100/10/57
f 99/13/58 101/12/58 102/15/58
f 101/12/59 103/17/59 104/14/59
f 103/17/60 105/16/60 106/19/60
f 105/16/61 107/18/61 108/21/61
f 109/20/62 110/23/62 108/21/62
f 111/25/63 112/22/63 110/23/63
f 113/24/64 114/27/64 112/22/64
f 115/29/65 116/26/65 114/27/65
f 117/28/66 118/31/66 116/26/66
f 119/30/67 120/33/67 118/31/67
f 121/32/866 122/35/866 120/33/866
f 123/34/69 124/37/69 122/35/69
f 125/38/70 126/36/70 124/37/70
f 127/40/71 128/39/71 126/36/71
f 129/42/72 130/41/72 128/39/72
f 131/45/73 132/43/73 130/41/73
f 133/44/74 134/47/74 132/43/74
f 135/46/75 136/49/75 134/47/75
f 137/51/76 138/48/76 136/49/76
f 139/50/77 140/53/77 138/48/77
f 141/52/867 142/55/867 140/53/867
f 143/57/79 144/54/79 142/55/79
f 143/57/80 145/56/80 146/59/80
f 145/56/81 147/60/81 148/58/81
f 147/60/82 149/65/82 150/61/82
f 90/64/868 92/626/868 94/627/868
f 94/627/868 96/628/868 98/629/868
f 98/629/868 100/630/868 102/631/868
f 102/631/869 104/632/869 106/633/869
f 106/633/869 108/634/869 110/635/869
f 110/635/870 112/636/870 114/637/870
f 114/637/871 116/638/871 118/639/871
f 118/639/868 120/684/868 122/62/868
f 122/62/869 124/685/869 126/642/869
f 126/642/872 128/643/872 130/644/872
f 130/644/871 132/645/871 134/646/871
f 134/646/869 136/686/869 138/63/869
f 138/63/869 140/687/869 142/649/869
f 142/649/83 144/650/83 146/651/83
f 146/651/873 148/652/873 150/653/873
f 150/653/83 152/654/83 90/64/83
f 90/64/83 94/627/83 98/629/83
f 98/629/83 102/631/83 106/633/83
f 106/633/83 110/635/83 114/637/83
f 114/637/83 118/639/83 122/62/83
f 122/62/83 126/642/83 130/644/83
f 130/644/83 134/646/83 138/63/83
f 138/63/869 142/649/869 146/651/869
f 146/651/83 150/653/83 90/64/83
f 90/64/83 98/629/83 106/633/83
f 106/633/83 114/637/83 122/62/83
f 122/62/83 130/644/83 138/63/83
f 138/63/83 146/651/83 90/64/83
f 90/64/83 106/633/83 122/62/83
f 149/65/874 151/67/874 152/66/874
f 151/67/85 89/476/85 90/68/85
f 91/71/86 89/655/86 151/656/86
f 151/656/86 149/657/86 147/658/86
f 147/658/86 145/659/86 143/660/86
f 143/660/86 141/661/86 139/662/86
f 139/662/86 137/663/86 135/664/86
f 135/664/875 133/665/875 131/666/875
f 131/666/876 129/667/876 127/668/876
f 127/668/86 125/669/86 123/69/86
f 123/69/86 121/670/86 119/671/86
f 119/671/86 117/672/86 115/673/86
f 115/673/86 113/674/86 111/675/86
f 111/675/86 109/676/86 107/70/86
f 107/70/875 105/677/875 103/678/875
f 103/678/875 101/679/875 99/680/875
f 99/680/875 97/681/875 95/682/875
f 95/682/86 93/683/86 91/71/86
f 91/71/86 151/656/86 147/658/86
f 147/658/86 143/660/86 139/662/86
f 139/662/86 135/664/86 131/666/86
f 131/666/86 127/668/86 123/69/86
f 123/69/86 119/671/86 115/673/86
f 115/673/86 111/675/86 107/70/86
f 107/70/86 103/678/86 99/680/86
f 99/680/86 95/682/86 91/71/86
f 91/71/86 147/658/86 139/662/86
f 139/662/86 131/666/86 123/69/86
f 123/69/86 115/673/86 107/70/86
f 107/70/86 99/680/86 91/71/86
f 91/71/86 139/662/86 123/69/86
s 1
usemtl Material.031
f 153/1/87 156/2/88 154/3/89
f 155/5/90 158/7/91 156/2/88
f 157/4/92 160/6/93 158/7/91
f 159/9/94 162/11/95 160/6/93
f 161/8/96 164/10/97 162/11/95
f 163/13/98 166/15/99 164/10/97
f 165/12/100 168/14/101 166/15/99
f 167/17/102 170/19/103 168/14/101
f 169/16/104 172/21/105 170/19/103
f 171/18/106 174/23/107 172/21/105
f 173/20/108 176/22/109 174/23/107
f 175/25/110 178/27/111 176/22/109
f 177/24/112 180/26/113 178/27/111
f 179/29/114 182/31/115 180/26/113
f 183/30/116 182/31/115 181/28/117
f 185/32/118 184/33/119 183/30/116
f 187/34/120 186/35/121 185/32/118
f 189/38/122 188/37/123 187/34/120
f 191/40/124 190/36/125 189/38/122
f 193/42/126 192/39/127 191/40/124
f 195/45/128 194/41/129 193/42/126
f 197/44/130 196/43/131 195/45/128
f 199/46/132 198/47/133 197/44/130
f 201/51/134 200/49/135 199/46/132
f 203/50/136 202/48/137 201/51/134
f 205/52/138 204/53/139 203/50/136
f 207/57/140 206/55/141 205/52/138
f 209/56/142 208/54/143 207/57/140
f 211/60/144 210/59/145 209/56/142
f 213/65/146 212/58/147 211/60/144
f 186/62/121 202/63/137 154/64/89
f 213/65/146 216/66/148 214/61/149
f 215/67/150 154/68/89 216/66/148
f 187/69/120 171/70/106 155/71/90
f 153/1/87 155/5/90 156/2/88
f 155/5/90 157/4/92 158/7/91
f 157/4/92 159/9/94 160/6/93
f 159/9/94 161/8/96 162/11/95
f 161/8/96 163/13/98 164/10/97
f 163/13/98 165/12/100 166/15/99
f 165/12/100 167/17/102 168/14/101
f 167/17/102 169/16/104 170/19/103
f 169/16/104 171/18/106 172/21/105
f 171/18/106 173/20/108 174/23/107
f 173/20/108 175/25/110 176/22/109
f 175/25/110 177/24/112 178/27/111
f 177/24/112 179/29/114 180/26/113
f 179/29/114 181/28/117 182/31/115
f 183/30/116 184/33/119 182/31/115
f 185/32/118 186/35/121 184/33/119
f 187/34/120 188/37/123 186/35/121
f 189/38/122 190/36/125 188/37/123
f 191/40/124 192/39/127 190/36/125
f 193/42/126 194/41/129 192/39/127
f 195/45/128 196/43/131 194/41/129
f 197/44/130 198/47/133 196/43/131
f 199/46/132 200/49/135 198/47/133
f 201/51/134 202/48/137 200/49/135
f 203/50/136 204/53/139 202/48/137
f 205/52/138 206/55/141 204/53/139
f 207/57/140 208/54/143 206/55/141
f 209/56/142 210/59/145 208/54/143
f 211/60/144 212/58/147 210/59/145
f 213/65/146 214/61/149 212/58/147
f 154/64/89 156/626/88 158/627/91
f 158/627/91 160/628/93 162/629/95
f 162/629/95 164/630/97 166/631/99
f 166/631/99 168/632/101 170/633/103
f 170/633/103 172/634/105 174/635/107
f 174/635/107 176/636/109 178/637/111
f 178/637/111 180/638/113 182/639/115
f 182/639/115 184/684/119 186/62/121
f 186/62/121 188/685/123 190/642/125
f 190/642/125 192/643/127 194/644/129
f 194/644/129 196/645/131 198/646/133
f 198/646/133 200/686/135 202/63/137
f 202/63/137 204/687/139 206/649/141
f 206/649/141 208/650/143 210/651/145
f 210/651/145 212/652/147 214/653/149
f 214/653/149 216/654/148 154/64/89
f 154/64/89 158/627/91 162/629/95
f 162/629/95 166/631/99 170/633/103
f 170/633/103 174/635/107 178/637/111
f 178/637/111 182/639/115 186/62/121
f 186/62/121 190/642/125 194/644/129
f 194/644/129 198/646/133 202/63/137
f 202/63/137 206/649/141 210/651/145
f 210/651/145 214/653/149 154/64/89
f 154/64/89 162/629/95 170/633/103
f 170/633/103 178/637/111 186/62/121
f 186/62/121 194/644/129 202/63/137
f 202/63/137 210/651/145 154/64/89
f 154/64/89 170/633/103 186/62/121
f 213/65/146 215/67/150 216/66/148
f 215/67/150 153/476/87 154/68/89
f 155/71/90 153/655/87 215/656/150
f 215/656/150 213/657/146 211/658/144
f 211/658/144 209/659/142 207/660/140
f 207/660/140 205/661/138 203/662/136
f 203/662/136 201/663/134 199/664/132
f 199/664/132 197/665/130 195/666/128
f 195/666/128 193/667/126 191/668/124
f 191/668/124 189/669/122 187/69/120
f 187/69/120 185/670/118 183/671/116
f 183/671/116 181/672/117 179/673/114
f 179/673/114 177/674/112 175/675/110
f 175/675/110 173/676/108 171/70/106
f 171/70/106 169/677/104 167/678/102
f 167/678/102 165/679/100 163/680/98
f 163/680/98 161/681/96 159/682/94
f 159/682/94 157/683/92 155/71/90
f 155/71/90 215/656/150 211/658/144
f 211/658/144 207/660/140 203/662/136
f 203/662/136 199/664/132 195/666/128
f 195/666/128 191/668/124 187/69/120
f 187/69/120 183/671/116 179/673/114
f 179/673/114 175/675/110 171/70/106
f 171/70/106 167/678/102 163/680/98
f 163/680/98 159/682/94 155/71/90
f 155/71/90 211/658/144 203/662/136
f 203/662/136 195/666/128 187/69/120
f 187/69/120 179/673/114 171/70/106
f 171/70/106 163/680/98 155/71/90
f 155/71/90 203/662/136 187/69/120
s 0
usemtl Material.038
f 221/16/151 231/80/151 220/81/151
f 690/82/152 225/83/152 217/84/152
f 224/85/153 239/86/153 698/87/153
f 222/88/154 232/18/154 221/16/154
f 226/89/155 690/82/155 691/90/155
f 694/91/156 233/92/156 222/88/156
f 227/93/157 691/90/157 218/94/157
f 223/95/158 234/96/158 694/91/158
f 692/97/159 227/93/159 218/94/159
f 695/98/160 235/99/160 223/95/160
f 219/100/161 228/101/161 692/97/161
f 696/102/162 236/103/162 695/98/162
f 693/104/163 229/105/163 219/100/163
f 697/106/164 237/107/164 696/102/164
f 220/81/165 230/108/165 693/104/165
f 698/87/166 238/109/166 697/106/166
f 231/80/167 245/110/167 230/108/167
f 239/86/168 253/111/168 238/109/168
f 232/18/169 246/112/169 231/80/169
f 225/83/170 240/113/170 217/114/170
f 224/115/171 254/116/171 239/86/171
f 233/92/172 247/20/172 232/18/172
f 226/89/173 240/113/173 225/83/173
f 234/96/174 248/117/174 233/92/174
f 227/93/175 241/118/175 226/89/175
f 235/99/176 249/119/176 234/96/176
f 228/101/177 242/120/177 227/93/177
f 236/103/178 250/121/178 235/99/178
f 229/105/179 243/122/179 228/101/179
f 237/107/180 251/123/180 236/103/180
f 230/108/181 244/124/181 229/105/181
f 238/109/182 252/125/182 237/107/182
f 250/121/183 264/126/183 249/119/183
f 243/122/184 257/127/184 242/120/184
f 251/123/185 265/128/185 250/121/185
f 244/124/186 258/129/186 243/122/186
f 252/125/187 266/130/187 251/123/187
f 245/110/188 259/131/188 244/124/188
f 253/111/189 267/132/189 252/125/189
f 246/112/190 260/133/190 245/110/190
f 254/116/191 268/134/191 253/111/191
f 247/20/192 261/135/192 246/112/192
f 240/113/193 255/136/193 217/137/193
f 224/138/194 269/139/194 254/116/194
f 248/117/195 262/25/195 247/20/195
f 241/118/196 255/136/196 240/113/196
f 249/119/197 263/140/197 248/117/197
f 242/120/198 256/141/198 241/118/198
f 284/142/199 268/134/199 269/139/199
f 262/25/200 276/143/200 261/135/200
f 255/136/201 270/144/201 217/145/201
f 224/146/202 284/142/202 269/139/202
f 263/140/203 277/24/203 262/25/203
f 256/141/204 270/144/204 255/136/204
f 264/126/205 278/147/205 263/140/205
f 257/127/206 271/148/206 256/141/206
f 265/128/207 279/149/207 264/126/207
f 258/129/208 272/150/208 257/127/208
f 266/130/209 280/151/209 265/128/209
f 259/131/210 273/76/210 258/129/210
f 267/132/211 281/75/211 266/130/211
f 260/133/212 274/152/212 259/131/212
f 268/134/213 282/153/213 267/132/213
f 261/135/214 275/154/214 260/133/214
f 273/76/215 287/155/215 272/150/215
f 281/75/216 295/156/216 280/151/216
f 274/152/217 288/157/217 273/76/217
f 282/153/218 296/158/218 281/75/218
f 275/154/219 289/159/219 274/152/219
f 283/160/220 297/161/220 282/153/220
f 276/143/221 290/162/221 275/154/221
f 299/163/222 283/160/222 284/142/222
f 277/24/223 291/164/223 276/143/223
f 270/144/224 285/165/224 217/166/224
f 224/167/225 299/163/225 284/142/225
f 278/147/226 292/29/226 277/24/226
f 271/148/227 285/165/227 270/144/227
f 279/149/228 293/168/228 278/147/228
f 272/150/229 286/169/229 271/148/229
f 280/151/230 294/170/230 279/149/230
f 292/29/231 306/171/231 291/164/231
f 285/165/232 300/172/232 217/173/232
f 224/174/233 314/175/233 299/163/233
f 293/168/234 307/28/234 292/29/234
f 286/169/235 300/172/235 285/165/235
f 294/170/236 308/176/236 293/168/236
f 287/155/237 301/177/237 286/169/237
f 295/156/238 309/178/238 294/170/238
f 288/157/239 302/179/239 287/155/239
f 296/158/240 310/180/240 295/156/240
f 289/159/241 303/181/241 288/157/241
f 297/161/242 311/182/242 296/158/242
f 290/162/243 304/183/243 289/159/243
f 313/184/244 297/161/244 298/185/244
f 291/164/245 305/186/245 290/162/245
f 314/175/246 298/185/246 299/163/246
f 311/182/247 325/187/247 310/180/247
f 304/183/248 318/188/248 303/181/248
f 312/189/249 326/190/249 311/182/249
f 305/186/250 319/191/250 304/183/250
f 328/192/251 312/189/251 313/184/251
f 306/171/252 320/193/252 305/186/252
f 329/194/253 313/184/253 314/175/253
f 307/28/254 321/195/254 306/171/254
f 300/172/255 315/196/255 217/197/255
f 224/198/256 329/194/256 314/175/256
f 308/176/257 322/30/257 307/28/257
f 301/177/258 315/196/258 300/172/258
f 309/178/259 323/199/259 308/176/259
f 302/179/260 316/200/260 301/177/260
f 310/180/261 324/201/261 309/178/261
f 303/181/262 317/202/262 302/179/262
f 224/203/263 344/204/263 329/194/263
f 323/199/264 337/205/264 322/30/264
f 316/200/265 330/206/265 315/196/265
f 324/201/266 338/207/266 323/199/266
f 317/202/267 331/208/267 316/200/267
f 325/187/268 339/209/268 324/201/268
f 318/188/269 332/210/269 317/202/269
f 326/190/270 340/211/270 325/187/270
f 319/191/271 333/212/271 318/188/271
f 327/213/272 341/214/272 326/190/272
f 320/193/273 334/215/273 319/191/273
f 328/192/274 342/216/274 327/213/274
f 321/195/275 335/217/275 320/193/275
f 344/204/276 328/192/276 329/194/276
f 322/30/277 336/218/277 321/195/277
f 315/196/278 330/206/278 217/219/278
f 342/216/279 356/220/279 341/214/279
f 335/217/280 349/221/280 334/215/280
f 343/222/281 357/223/281 342/216/281
f 336/218/282 350/224/282 335/217/282
f 359/225/283 343/222/283 344/204/283
f 337/205/284 351/226/284 336/218/284
f 330/206/285 345/227/285 217/228/285
f 224/229/286 359/225/286 344/204/286
f 338/207/287 352/230/287 337/205/287
f 331/208/288 345/227/288 330/206/288
f 339/209/289 353/231/289 338/207/289
f 332/210/290 346/232/290 331/208/290
f 340/211/291 354/233/291 339/209/291
f 333/212/292 347/234/292 332/210/292
f 341/214/293 355/235/293 340/211/293
f 334/215/294 348/236/294 333/212/294
f 346/232/295 360/237/295 345/227/295
f 354/233/296 368/238/296 353/231/296
f 347/234/297 361/239/297 346/232/297
f 355/235/298 369/240/298 354/233/298
f 348/236/299 362/241/299 347/234/299
f 356/220/300 370/242/300 355/235/300
f 349/221/301 363/243/301 348/236/301
f 357/223/302 371/244/302 356/220/302
f 350/224/303 364/245/303 349/221/303
f 358/246/304 372/247/304 357/223/304
f 351/226/305 365/248/305 350/224/305
f 359/225/306 373/249/306 358/246/306
f 352/230/307 366/250/307 351/226/307
f 345/227/308 360/237/308 217/251/308
f 224/252/309 374/253/309 359/225/309
f 353/231/310 367/254/310 352/230/310
f 365/248/311 379/255/311 364/245/311
f 373/249/312 387/256/312 372/247/312
f 366/250/313 380/257/313 365/248/313
f 374/253/314 388/258/314 373/249/314
f 367/254/315 381/259/315 366/250/315
f 360/237/316 375/260/316 217/261/316
f 224/262/317 389/263/317 374/253/317
f 368/238/318 382/264/318 367/254/318
f 361/239/319 375/260/319 360/237/319
f 369/240/320 383/265/320 368/238/320
f 362/241/321 376/266/321 361/239/321
f 370/242/322 384/267/322 369/240/322
f 363/243/323 377/268/323 362/241/323
f 371/244/324 385/269/324 370/242/324
f 364/245/325 378/270/325 363/243/325
f 372/247/326 386/271/326 371/244/326
f 384/267/327 398/272/327 383/265/327
f 392/273/328 376/266/328 377/268/328
f 385/269/329 399/274/329 384/267/329
f 378/270/330 392/273/330 377/268/330
f 386/271/331 400/275/331 385/269/331
f 379/255/332 393/77/332 378/270/332
f 387/256/333 401/72/333 386/271/333
f 380/257/334 394/276/334 379/255/334
f 388/258/335 402/277/335 387/256/335
f 381/259/336 395/278/336 380/257/336
f 389/263/337 403/279/337 388/258/337
f 382/264/338 396/280/338 381/259/338
f 375/260/339 390/281/339 217/282/339
f 224/283/340 404/284/340 389/263/340
f 383/265/341 397/285/341 382/264/341
f 391/286/342 375/260/342 376/266/342
f 403/279/343 417/287/343 402/277/343
f 396/280/344 410/288/344 395/278/344
f 404/284/345 418/289/345 403/279/345
f 397/285/346 411/290/346 396/280/346
f 390/281/347 405/291/347 217/292/347
f 224/293/348 419/294/348 404/284/348
f 398/272/349 412/295/349 397/285/349
f 406/296/350 390/281/350 391/286/350
f 399/274/351 413/297/351 398/272/351
f 407/298/352 391/286/352 392/273/352
f 400/275/353 414/299/353 399/274/353
f 408/300/354 392/273/354 393/77/354
f 401/72/355 415/301/355 400/275/355
f 409/302/356 393/77/356 394/276/356
f 402/277/357 416/303/357 401/72/357
f 395/278/358 409/302/358 394/276/358
f 422/304/359 406/296/359 407/298/359
f 415/301/360 429/305/360 414/299/360
f 423/306/361 407/298/361 408/300/361
f 416/303/362 430/307/362 415/301/362
f 424/308/363 408/300/363 409/302/363
f 417/287/364 431/309/364 416/303/364
f 425/310/365 409/302/365 410/288/365
f 418/289/366 432/311/366 417/287/366
f 426/312/367 410/288/367 411/290/367
f 419/294/368 433/313/368 418/289/368
f 412/295/369 426/312/369 411/290/369
f 405/291/370 420/314/370 217/315/370
f 224/316/371 434/317/371 419/294/371
f 413/297/372 427/318/372 412/295/372
f 421/319/373 405/291/373 406/296/373
f 414/299/374 428/320/374 413/297/374
f 441/321/375 425/310/375 426/312/375
f 434/317/376 448/322/376 433/313/376
f 442/323/377 426/312/377 427/318/377
f 420/314/378 435/324/378 217/325/378
f 224/326/379 449/327/379 434/317/379
f 443/328/380 427/318/380 428/320/380
f 436/329/381 420/314/381 421/319/381
f 429/305/382 443/328/382 428/320/382
f 437/330/383 421/319/383 422/304/383
f 430/307/384 444/331/384 429/305/384
f 438/332/385 422/304/385 423/306/385
f 431/309/386 445/333/386 430/307/386
f 439/334/387 423/306/387 424/308/387
f 432/311/388 446/335/388 431/309/388
f 440/336/389 424/308/389 425/310/389
f 433/313/390 447/337/390 432/311/390
f 460/338/391 444/331/391 445/333/391
f 453/339/392 437/330/392 438/332/392
f 446/335/393 460/338/393 445/333/393
f 454/340/394 438/332/394 439/334/394
f 447/337/395 461/341/395 446/335/395
f 455/342/396 439/334/396 440/336/396
f 448/322/397 462/343/397 447/337/397
f 456/344/398 440/336/398 441/321/398
f 449/327/399 463/345/399 448/322/399
f 457/346/400 441/321/400 442/323/400
f 435/324/401 450/347/401 217/348/401
f 224/349/402 464/350/402 449/327/402
f 458/351/403 442/323/403 443/328/403
f 451/352/404 435/324/404 436/329/404
f 459/353/405 443/328/405 444/331/405
f 452/354/406 436/329/406 437/330/406
f 464/350/407 478/355/407 463/345/407
f 472/356/408 456/344/408 457/346/408
f 450/347/409 465/357/409 217/358/409
f 224/359/410 479/360/410 464/350/410
f 473/361/411 457/346/411 458/351/411
f 466/362/412 450/347/412 451/352/412
f 474/363/413 458/351/413 459/353/413
f 467/364/414 451/352/414 452/354/414
f 475/365/415 459/353/415 460/338/415
f 468/366/416 452/354/416 453/339/416
f 476/367/417 460/338/417 461/341/417
f 469/368/418 453/339/418 454/340/418
f 477/369/419 461/341/419 462/343/419
f 470/370/420 454/340/420 455/342/420
f 463/345/421 477/369/421 462/343/421
f 471/371/422 455/342/422 456/344/422
f 491/372/423 475/365/423 476/367/423
f 484/373/424 468/366/424 469/368/424
f 492/374/425 476/367/425 477/369/425
f 485/375/426 469/368/426 470/370/426
f 493/376/427 477/369/427 478/355/427
f 486/377/428 470/370/428 471/371/428
f 494/378/429 478/355/429 479/360/429
f 487/379/430 471/371/430 472/356/430
f 465/357/431 480/380/431 217/381/431
f 224/382/432 494/378/432 479/360/432
f 488/383/433 472/356/433 473/361/433
f 481/384/434 465/357/434 466/362/434
f 489/385/435 473/361/435 474/363/435
f 482/386/436 466/362/436 467/364/436
f 490/387/437 474/363/437 475/365/437
f 483/388/438 467/364/438 468/366/438
f 480/380/439 495/389/439 217/390/439
f 224/391/440 509/392/440 494/378/440
f 503/393/441 487/379/441 488/383/441
f 496/394/442 480/380/442 481/384/442
f 504/395/443 488/383/443 489/385/443
f 497/396/444 481/384/444 482/386/444
f 505/397/445 489/385/445 490/387/445
f 498/398/446 482/386/446 483/388/446
f 506/399/447 490/387/447 491/372/447
f 499/400/448 483/388/448 484/373/448
f 507/401/449 491/372/449 492/374/449
f 500/402/450 484/373/450 485/375/450
f 508/403/451 492/374/451 493/376/451
f 501/404/452 485/375/452 486/377/452
f 509/392/453 493/376/453 494/378/453
f 502/405/454 486/377/454 487/379/454
f 514/406/455 498/398/455 499/400/455
f 522/407/456 506/399/456 507/401/456
f 515/408/457 499/400/457 500/402/457
f 523/409/458 507/401/458 508/403/458
f 516/410/459 500/402/459 501/404/459
f 524/411/460 508/403/460 509/392/460
f 517/412/461 501/404/461 502/405/461
f 495/389/462 510/413/462 217/414/462
f 224/415/463 524/411/463 509/392/463
f 518/416/464 502/405/464 503/393/464
f 496/394/465 510/413/465 495/389/465
f 519/417/466 503/393/466 504/395/466
f 512/418/467 496/394/467 497/396/467
f 520/419/468 504/395/468 505/397/468
f 513/78/469 497/396/469 498/398/469
f 521/420/470 505/397/470 506/399/470
f 533/421/471 517/412/471 518/416/471
f 511/422/472 525/423/472 510/413/472
f 534/424/473 518/416/473 519/417/473
f 527/425/474 511/422/474 512/418/474
f 535/426/475 519/417/475 520/419/475
f 528/427/476 512/418/476 513/78/476
f 536/428/477 520/419/477 521/420/477
f 529/429/478 513/78/478 514/406/478
f 537/430/479 521/420/479 522/407/479
f 530/431/480 514/406/480 515/408/480
f 538/432/481 522/407/481 523/409/481
f 531/433/482 515/408/482 516/410/482
f 539/434/483 523/409/483 524/411/483
f 532/435/484 516/410/484 517/412/484
f 510/413/485 525/423/485 217/436/485
f 224/437/486 539/434/486 524/411/486
f 552/438/487 536/428/487 537/430/487
f 545/439/488 529/429/488 530/431/488
f 553/440/489 537/430/489 538/432/489
f 546/441/490 530/431/490 531/433/490
f 554/442/491 538/432/491 539/434/491
f 547/443/492 531/433/492 532/435/492
f 525/423/493 540/444/493 217/445/493
f 224/446/494 554/442/494 539/434/494
f 548/447/495 532/435/495 533/421/495
f 526/448/496 540/444/496 525/423/496
f 549/449/497 533/421/497 534/424/497
f 527/425/498 541/450/498 526/448/498
f 550/451/499 534/424/499 535/426/499
f 543/452/500 527/425/500 528/427/500
f 551/453/501 535/426/501 536/428/501
f 544/454/502 528/427/502 529/429/502
f 541/450/503 555/455/503 540/444/503
f 564/456/504 548/447/504 549/449/504
f 542/457/505 556/458/505 541/450/505
f 565/459/506 549/449/506 550/451/506
f 558/460/507 542/457/507 543/452/507
f 566/461/508 550/451/508 551/453/508
f 559/462/509 543/452/509 544/454/509
f 567/463/510 551/453/510 552/438/510
f 560/464/511 544/454/511 545/439/511
f 568/465/512 552/438/512 553/440/512
f 561/466/513 545/439/513 546/441/513
f 569/467/514 553/440/514 554/442/514
f 562/468/515 546/441/515 547/443/515
f 540/444/516 555/455/516 217/469/516
f 224/470/517 569/467/517 554/442/517
f 563/471/518 547/443/518 548/447/518
f 575/472/519 559/462/519 560/464/519
f 583/473/520 567/463/520 568/465/520
f 576/474/521 560/464/521 561/466/521
f 584/475/522 568/465/522 569/467/522
f 577/476/523 561/466/523 562/468/523
f 555/455/524 570/477/524 217/478/524
f 224/479/525 584/475/525 569/467/525
f 578/480/526 562/468/526 563/471/526
f 556/458/527 570/477/527 555/455/527
f 579/481/528 563/471/528 564/456/528
f 572/482/529 556/458/529 557/483/529
f 580/484/530 564/456/530 565/459/530
f 573/485/531 557/483/531 558/460/531
f 581/486/532 565/459/532 566/461/532
f 574/487/533 558/460/533 559/462/533
f 582/488/534 566/461/534 567/463/534
f 594/489/535 578/490/535 579/491/535
f 587/492/536 571/493/536 572/494/536
f 595/495/537 579/491/537 580/496/537
f 588/497/538 572/494/538 573/498/538
f 596/499/539 580/496/539 581/500/539
f 589/501/540 573/498/540 574/502/540
f 597/503/541 581/500/541 582/504/541
f 590/505/542 574/502/542 575/506/542
f 598/507/543 582/504/543 583/508/543
f 591/509/544 575/506/544 576/510/544
f 599/511/545 583/508/545 584/512/545
f 592/513/546 576/510/546 577/1/546
f 570/514/547 585/515/547 217/516/547
f 224/517/548 599/511/548 584/512/548
f 593/518/549 577/1/549 578/490/549
f 571/493/550 585/515/550 570/514/550
f 613/519/551 597/503/551 598/507/551
f 606/520/552 590/505/552 591/509/552
f 614/521/553 598/507/553 599/511/553
f 607/522/554 591/509/554 592/513/554
f 585/515/555 600/523/555 217/524/555
f 224/525/556 614/521/556 599/511/556
f 608/526/557 592/513/557 593/518/557
f 601/527/558 585/515/558 586/528/558
f 609/529/559 593/518/559 594/489/559
f 602/530/560 586/528/560 587/492/560
f 610/531/561 594/489/561 595/495/561
f 603/532/562 587/492/562 588/497/562
f 611/533/563 595/495/563 596/499/563
f 604/534/564 588/497/564 589/501/564
f 612/535/565 596/499/565 597/503/565
f 605/536/566 589/501/566 590/505/566
f 625/537/567 609/529/567 610/531/567
f 618/538/568 602/530/568 603/532/568
f 626/539/569 610/531/569 611/533/569
f 619/540/570 603/532/570 604/534/570
f 627/541/571 611/533/571 612/535/571
f 620/542/572 604/534/572 605/536/572
f 628/543/573 612/535/573 613/519/573
f 621/544/574 605/536/574 606/520/574
f 629/545/575 613/519/575 614/521/575
f 622/546/576 606/520/576 607/522/576
f 600/523/577 615/547/577 217/548/577
f 224/549/578 629/545/578 614/521/578
f 623/550/579 607/522/579 608/526/579
f 616/551/580 600/523/580 601/527/580
f 624/552/581 608/526/581 609/529/581
f 617/553/582 601/527/582 602/530/582
f 629/545/583 643/554/583 628/543/583
f 637/555/584 621/544/584 622/546/584
f 615/547/585 630/556/585 217/557/585
f 224/558/586 644/559/586 629/545/586
f 638/560/587 622/546/587 623/550/587
f 631/561/588 615/547/588 616/551/588
f 639/562/589 623/550/589 624/552/589
f 632/563/590 616/551/590 617/553/590
f 640/564/591 624/552/591 625/537/591
f 633/565/592 617/553/592 618/538/592
f 641/566/593 625/537/593 626/539/593
f 634/567/594 618/538/594 619/540/594
f 642/568/595 626/539/595 627/541/595
f 635/569/596 619/540/596 620/542/596
f 628/543/597 642/568/597 627/541/597
f 636/570/598 620/542/598 621/544/598
f 648/571/599 632/563/599 633/565/599
f 641/566/600 655/572/600 640/564/600
f 649/573/601 633/565/601 634/567/601
f 642/568/602 656/574/602 641/566/602
f 650/575/603 634/567/603 635/569/603
f 643/554/604 657/576/604 642/568/604
f 651/577/605 635/569/605 636/570/605
f 644/559/606 658/578/606 643/554/606
f 652/579/607 636/570/607 637/555/607
f 630/556/608 645/580/608 217/581/608
f 224/582/609 659/583/609 644/559/609
f 653/584/610 637/555/610 638/560/610
f 646/585/611 630/556/611 631/561/611
f 654/586/612 638/560/612 639/562/612
f 647/587/613 631/561/613 632/563/613
f 655/572/614 639/562/614 640/564/614
f 667/588/615 651/577/615 652/579/615
f 645/580/616 660/589/616 217/590/616
f 224/591/617 674/592/617 659/583/617
f 668/593/618 652/579/618 653/584/618
f 661/594/619 645/580/619 646/585/619
f 654/586/620 668/593/620 653/584/620
f 662/595/621 646/585/621 647/587/621
f 655/572/622 669/596/622 654/586/622
f 663/597/623 647/587/623 648/571/623
f 656/574/624 670/598/624 655/572/624
f 664/599/625 648/571/625 649/573/625
f 657/576/626 671/600/626 656/574/626
f 665/601/627 649/573/627 650/575/627
f 658/578/628 672/602/628 657/576/628
f 666/603/629 650/575/629 651/577/629
f 659/583/630 673/604/630 658/578/630
f 671/600/631 685/605/631 670/598/631
f 679/606/632 663/597/632 664/599/632
f 672/602/633 686/607/633 671/600/633
f 680/608/634 664/599/634 665/601/634
f 673/604/635 687/609/635 672/602/635
f 681/610/636 665/601/636 666/603/636
f 674/592/637 688/611/637 673/604/637
f 667/588/638 681/610/638 666/603/638
f 660/589/639 675/612/639 217/613/639
f 224/614/640 689/615/640 674/592/640
f 668/593/641 682/616/641 667/588/641
f 676/617/642 660/589/642 661/594/642
f 669/596/643 683/618/643 668/593/643
f 677/619/644 661/594/644 662/595/644
f 670/598/645 684/620/645 669/596/645
f 678/621/646 662/595/646 663/597/646
f 675/612/647 690/82/647 217/622/647
f 224/623/648 698/87/648 689/615/648
f 683/618/649 221/16/649 682/616/649
f 691/90/650 675/612/650 676/617/650
f 684/620/651 222/88/651 683/618/651
f 218/94/652 676/617/652 677/619/652
f 685/605/653 694/91/653 684/620/653
f 692/97/654 677/619/654 678/621/654
f 686/607/655 223/95/655 685/605/655
f 219/100/656 678/621/656 679/606/656
f 687/609/657 695/98/657 686/607/657
f 680/608/658 219/100/658 679/606/658
f 688/611/659 696/102/659 687/609/659
f 681/610/660 693/104/660 680/608/660
f 689/615/661 697/106/661 688/611/661
f 682/616/662 220/81/662 681/610/662
f 221/16/151 232/18/151 231/80/151
f 222/88/154 233/92/154 232/18/154
f 226/89/877 225/83/877 690/82/877
f 694/91/156 234/96/156 233/92/156
f 227/93/878 226/89/878 691/90/878
f 223/95/158 235/99/158 234/96/158
f 692/97/879 228/101/879 227/93/879
f 695/98/160 236/103/160 235/99/160
f 219/100/161 229/105/161 228/101/161
f 696/102/162 237/107/162 236/103/162
f 693/104/163 230/108/163 229/105/163
f 697/106/164 238/109/164 237/107/164
f 220/81/165 231/80/165 230/108/165
f 698/87/880 239/86/880 238/109/880
f 231/80/167 246/112/167 245/110/167
f 239/86/881 254/116/881 253/111/881
f 232/18/169 247/20/169 246/112/169
f 233/92/882 248/117/882 247/20/882
f 226/89/883 241/118/883 240/113/883
f 234/96/174 249/119/174 248/117/174
f 227/93/175 242/120/175 241/118/175
f 235/99/176 250/121/176 249/119/176
f 228/101/177 243/122/177 242/120/177
f 236/103/178 251/123/178 250/121/178
f 229/105/179 244/124/179 243/122/179
f 237/107/180 252/125/180 251/123/180
f 230/108/181 245/110/181 244/124/181
f 238/109/182 253/111/182 252/125/182
f 250/121/884 265/128/884 264/126/884
f 243/122/885 258/129/885 257/127/885
f 251/123/185 266/130/185 265/128/185
f 244/124/886 259/131/886 258/129/886
f 252/125/887 267/132/887 266/130/887
f 245/110/188 260/133/188 259/131/188
f 253/111/888 268/134/888 267/132/888
f 246/112/190 261/135/190 260/133/190
f 254/116/889 269/139/889 268/134/889
f 247/20/890 262/25/890 261/135/890
f 248/117/195 263/140/195 262/25/195
f 241/118/891 256/141/891 255/136/891
f 249/119/197 264/126/197 263/140/197
f 242/120/892 257/127/892 256/141/892
f 284/142/893 283/160/893 268/134/893
f 262/25/200 277/24/200 276/143/200
f 263/140/203 278/147/203 277/24/203
f 256/141/894 271/148/894 270/144/894
f 264/126/205 279/149/205 278/147/205
f 257/127/206 272/150/206 271/148/206
f 265/128/895 280/151/895 279/149/895
f 258/129/896 273/76/896 272/150/896
f 266/130/209 281/75/209 280/151/209
f 259/131/210 274/152/210 273/76/210
f 267/132/897 282/153/897 281/75/897
f 260/133/212 275/154/212 274/152/212
f 268/134/898 283/160/898 282/153/898
f 261/135/214 276/143/214 275/154/214
f 273/76/215 288/157/215 287/155/215
f 281/75/216 296/158/216 295/156/216
f 274/152/217 289/159/217 288/157/217
f 282/153/899 297/161/899 296/158/899
f 275/154/219 290/162/219 289/159/219
f 283/160/220 298/185/220 297/161/220
f 276/143/221 291/164/221 290/162/221
f 299/163/900 298/185/900 283/160/900
f 277/24/223 292/29/223 291/164/223
f 278/147/901 293/168/901 292/29/901
f 271/148/227 286/169/227 285/165/227
f 279/149/228 294/170/228 293/168/228
f 272/150/902 287/155/902 286/169/902
f 280/151/230 295/156/230 294/170/230
f 292/29/231 307/28/231 306/171/231
f 293/168/234 308/176/234 307/28/234
f 286/169/235 301/177/235 300/172/235
f 294/170/236 309/178/236 308/176/236
f 287/155/903 302/179/903 301/177/903
f 295/156/238 310/180/238 309/178/238
f 288/157/239 303/181/239 302/179/239
f 296/158/240 311/182/240 310/180/240
f 289/159/904 304/183/904 303/181/904
f 297/161/905 312/189/905 311/182/905
f 290/162/906 305/186/906 304/183/906
f 313/184/907 312/189/907 297/161/907
f 291/164/245 306/171/245 305/186/245
f 314/175/908 313/184/908 298/185/908
f 311/182/247 326/190/247 325/187/247
f 304/183/248 319/191/248 318/188/248
f 312/189/249 327/213/249 326/190/249
f 305/186/250 320/193/250 319/191/250
f 328/192/251 327/213/251 312/189/251
f 306/171/252 321/195/252 320/193/252
f 329/194/909 328/192/909 313/184/909
f 307/28/254 322/30/254 321/195/254
f 308/176/257 323/199/257 322/30/257
f 301/177/258 316/200/258 315/196/258
f 309/178/259 324/201/259 323/199/259
f 302/179/260 317/202/260 316/200/260
f 310/180/910 325/187/910 324/201/910
f 303/181/911 318/188/911 317/202/911
f 323/199/264 338/207/264 337/205/264
f 316/200/265 331/208/265 330/206/265
f 324/201/266 339/209/266 338/207/266
f 317/202/912 332/210/912 331/208/912
f 325/187/268 340/211/268 339/209/268
f 318/188/269 333/212/269 332/210/269
f 326/190/270 341/214/270 340/211/270
f 319/191/271 334/215/271 333/212/271
f 327/213/913 342/216/913 341/214/913
f 320/193/914 335/217/914 334/215/914
f 328/192/915 343/222/915 342/216/915
f 321/195/916 336/218/916 335/217/916
f 344/204/917 343/222/917 328/192/917
f 322/30/277 337/205/277 336/218/277
f 342/216/279 357/223/279 356/220/279
f 335/217/918 350/224/918 349/221/918
f 343/222/281 358/246/281 357/223/281
f 336/218/282 351/226/282 350/224/282
f 359/225/919 358/246/919 343/222/919
f 337/205/284 352/230/284 351/226/284
f 338/207/287 353/231/287 352/230/287
f 331/208/920 346/232/920 345/227/920
f 339/209/289 354/233/289 353/231/289
f 332/210/290 347/234/290 346/232/290
f 340/211/291 355/235/291 354/233/291
f 333/212/921 348/236/921 347/234/921
f 341/214/293 356/220/293 355/235/293
f 334/215/922 349/221/922 348/236/922
f 346/232/295 361/239/295 360/237/295
f 354/233/296 369/240/296 368/238/296
f 347/234/297 362/241/297 361/239/297
f 355/235/923 370/242/923 369/240/923
f 348/236/299 363/243/299 362/241/299
f 356/220/924 371/244/924 370/242/924
f 349/221/301 364/245/301 363/243/301
f 357/223/925 372/247/925 371/244/925
f 350/224/303 365/248/303 364/245/303
f 358/246/926 373/249/926 372/247/926
f 351/226/305 366/250/305 365/248/305
f 359/225/927 374/253/927 373/249/927
f 352/230/307 367/254/307 366/250/307
f 353/231/310 368/238/310 367/254/310
f 365/248/928 380/257/928 379/255/928
f 373/249/929 388/258/929 387/256/929
f 366/250/313 381/259/313 380/257/313
f 374/253/930 389/263/930 388/258/930
f 367/254/315 382/264/315 381/259/315
f 368/238/318 383/265/318 382/264/318
f 361/239/319 376/266/319 375/260/319
f 369/240/320 384/267/320 383/265/320
f 362/241/321 377/268/321 376/266/321
f 370/242/931 385/269/931 384/267/931
f 363/243/323 378/270/323 377/268/323
f 371/244/324 386/271/324 385/269/324
f 364/245/325 379/255/325 378/270/325
f 372/247/326 387/256/326 386/271/326
f 384/267/327 399/274/327 398/272/327
f 392/273/932 391/286/932 376/266/932
f 385/269/933 400/275/933 399/274/933
f 378/270/934 393/77/934 392/273/934
f 386/271/331 401/72/331 400/275/331
f 379/255/332 394/276/332 393/77/332
f 387/256/333 402/277/333 401/72/333
f 380/257/334 395/278/334 394/276/334
f 388/258/935 403/279/935 402/277/935
f 381/259/936 396/280/936 395/278/936
f 389/263/337 404/284/337 403/279/337
f 382/264/338 397/285/338 396/280/338
f 383/265/341 398/272/341 397/285/341
f 391/286/342 390/281/342 375/260/342
f 403/279/937 418/289/937 417/287/937
f 396/280/344 411/290/344 410/288/344
f 404/284/345 419/294/345 418/289/345
f 397/285/346 412/295/346 411/290/346
f 398/272/938 413/297/938 412/295/938
f 406/296/350 405/291/350 390/281/350
f 399/274/351 414/299/351 413/297/351
f 407/298/939 406/296/939 391/286/939
f 400/275/353 415/301/353 414/299/353
f 408/300/354 407/298/354 392/273/354
f 401/72/355 416/303/355 415/301/355
f 409/302/940 408/300/940 393/77/940
f 402/277/941 417/287/941 416/303/941
f 395/278/358 410/288/358 409/302/358
f 422/304/942 421/319/942 406/296/942
f 415/301/360 430/307/360 429/305/360
f 423/306/361 422/304/361 407/298/361
f 416/303/362 431/309/362 430/307/362
f 424/308/943 423/306/943 408/300/943
f 417/287/944 432/311/944 431/309/944
f 425/310/365 424/308/365 409/302/365
f 418/289/945 433/313/945 432/311/945
f 426/312/946 425/310/946 410/288/946
f 419/294/947 434/317/947 433/313/947
f 412/295/369 427/318/369 426/312/369
f 413/297/948 428/320/948 427/318/948
f 421/319/949 420/314/949 405/291/949
f 414/299/374 429/305/374 428/320/374
f 441/321/375 440/336/375 425/310/375
f 434/317/950 449/327/950 448/322/950
f 442/323/951 441/321/951 426/312/951
f 443/328/380 442/323/380 427/318/380
f 436/329/381 435/324/381 420/314/381
f 429/305/382 444/331/382 443/328/382
f 437/330/383 436/329/383 421/319/383
f 430/307/384 445/333/384 444/331/384
f 438/332/952 437/330/952 422/304/952
f 431/309/386 446/335/386 445/333/386
f 439/334/387 438/332/387 423/306/387
f 432/311/388 447/337/388 446/335/388
f 440/336/389 439/334/389 424/308/389
f 433/313/390 448/322/390 447/337/390
f 460/338/391 459/353/391 444/331/391
f 453/339/392 452/354/392 437/330/392
f 446/335/393 461/341/393 460/338/393
f 454/340/953 453/339/953 438/332/953
f 447/337/395 462/343/395 461/341/395
f 455/342/396 454/340/396 439/334/396
f 448/322/954 463/345/954 462/343/954
f 456/344/398 455/342/398 440/336/398
f 449/327/399 464/350/399 463/345/399
f 457/346/400 456/344/400 441/321/400
f 458/351/403 457/346/403 442/323/403
f 451/352/955 450/347/955 435/324/955
f 459/353/956 458/351/956 443/328/956
f 452/354/406 451/352/406 436/329/406
f 464/350/957 479/360/957 478/355/957
f 472/356/408 471/371/408 456/344/408
f 473/361/411 472/356/411 457/346/411
f 466/362/958 465/357/958 450/347/958
f 474/363/413 473/361/413 458/351/413
f 467/364/959 466/362/959 451/352/959
f 475/365/415 474/363/415 459/353/415
f 468/366/960 467/364/960 452/354/960
f 476/367/417 475/365/417 460/338/417
f 469/368/418 468/366/418 453/339/418
f 477/369/961 476/367/961 461/341/961
f 470/370/420 469/368/420 454/340/420
f 463/345/962 478/355/962 477/369/962
f 471/371/422 470/370/422 455/342/422
f 491/372/423 490/387/423 475/365/423
f 484/373/963 483/388/963 468/366/963
f 492/374/425 491/372/425 476/367/425
f 485/375/426 484/373/426 469/368/426
f 493/376/427 492/374/427 477/369/427
f 486/377/428 485/375/428 470/370/428
f 494/378/964 493/376/964 478/355/964
f 487/379/965 486/377/965 471/371/965
f 488/383/433 487/379/433 472/356/433
f 481/384/966 480/380/966 465/357/966
f 489/385/435 488/383/435 473/361/435
f 482/386/967 481/384/967 466/362/967
f 490/387/437 489/385/437 474/363/437
f 483/388/968 482/386/968 467/364/968
f 503/393/441 502/405/441 487/379/441
f 496/394/969 495/389/969 480/380/969
f 504/395/970 503/393/970 488/383/970
f 497/396/444 496/394/444 481/384/444
f 505/397/445 504/395/445 489/385/445
f 498/398/971 497/396/971 482/386/971
f 506/399/447 505/397/447 490/387/447
f 499/400/448 498/398/448 483/388/448
f 507/401/972 506/399/972 491/372/972
f 500/402/450 499/400/450 484/373/450
f 508/403/451 507/401/451 492/374/451
f 501/404/452 500/402/452 485/375/452
f 509/392/453 508/403/453 493/376/453
f 502/405/454 501/404/454 486/377/454
f 514/406/455 513/78/455 498/398/455
f 522/407/973 521/420/973 506/399/973
f 515/408/457 514/406/457 499/400/457
f 523/409/974 522/407/974 507/401/974
f 516/410/459 515/408/459 500/402/459
f 524/411/975 523/409/975 508/403/975
f 517/412/461 516/410/461 501/404/461
f 518/416/464 517/412/464 502/405/464
f 496/394/976 511/422/976 510/413/976
f 519/417/977 518/416/977 503/393/977
f 512/418/978 511/422/978 496/394/978
f 520/419/979 519/417/979 504/395/979
f 513/78/469 512/418/469 497/396/469
f 521/420/980 520/419/980 505/397/980
f 533/421/471 532/435/471 517/412/471
f 511/422/981 526/448/981 525/423/981
f 534/424/473 533/421/473 518/416/473
f 527/425/474 526/448/474 511/422/474
f 535/426/982 534/424/982 519/417/982
f 528/427/983 527/425/983 512/418/983
f 536/428/477 535/426/477 520/419/477
f 529/429/478 528/427/478 513/78/478
f 537/430/984 536/428/984 521/420/984
f 530/431/480 529/429/480 514/406/480
f 538/432/481 537/430/481 522/407/481
f 531/433/482 530/431/482 515/408/482
f 539/434/985 538/432/985 523/409/985
f 532/435/484 531/433/484 516/410/484
f 552/438/986 551/453/986 536/428/986
f 545/439/488 544/454/488 529/429/488
f 553/440/987 552/438/987 537/430/987
f 546/441/490 545/439/490 530/431/490
f 554/442/491 553/440/491 538/432/491
f 547/443/492 546/441/492 531/433/492
f 548/447/495 547/443/495 532/435/495
f 526/448/988 541/450/988 540/444/988
f 549/449/497 548/447/497 533/421/497
f 527/425/498 542/457/498 541/450/498
f 550/451/989 549/449/989 534/424/989
f 543/452/500 542/457/500 527/425/500
f 551/453/501 550/451/501 535/426/501
f 544/454/502 543/452/502 528/427/502
f 541/450/990 556/458/990 555/455/990
f 564/456/504 563/471/504 548/447/504
f 542/457/991 557/483/991 556/458/991
f 565/459/506 564/456/506 549/449/506
f 558/460/507 557/483/507 542/457/507
f 566/461/508 565/459/508 550/451/508
f 559/462/992 558/460/992 543/452/992
f 567/463/993 566/461/993 551/453/993
f 560/464/511 559/462/511 544/454/511
f 568/465/994 567/463/994 552/438/994
f 561/466/513 560/464/513 545/439/513
f 569/467/514 568/465/514 553/440/514
f 562/468/515 561/466/515 546/441/515
f 563/471/518 562/468/518 547/443/518
f 575/472/519 574/487/519 559/462/519
f 583/473/995 582/488/995 567/463/995
f 576/474/521 575/472/521 560/464/521
f 584/475/996 583/473/996 568/465/996
f 577/476/523 576/474/523 561/466/523
f 578/480/526 577/476/526 562/468/526
f 556/458/997 571/688/997 570/477/997
f 579/481/528 578/480/528 563/471/528
f 572/482/998 571/688/998 556/458/998
f 580/484/530 579/481/530 564/456/530
f 573/485/999 572/482/999 557/483/999
f 581/486/532 580/484/532 565/459/532
f 574/487/1000 573/485/1000 558/460/1000
f 582/488/534 581/486/534 566/461/534
f 594/489/535 593/518/535 578/490/535
f 587/492/536 586/528/536 571/493/536
f 595/495/1001 594/489/1001 579/491/1001
f 588/497/1002 587/492/1002 572/494/1002
f 596/499/1003 595/495/1003 580/496/1003
f 589/501/540 588/497/540 573/498/540
f 597/503/1004 596/499/1004 581/500/1004
f 590/505/542 589/501/542 574/502/542
f 598/507/543 597/503/543 582/504/543
f 591/509/544 590/505/544 575/506/544
f 599/511/1005 598/507/1005 583/508/1005
f 592/513/546 591/509/546 576/510/546
f 593/518/549 592/513/549 577/1/549
f 571/493/1006 586/528/1006 585/515/1006
f 613/519/1007 612/535/1007 597/503/1007
f 606/520/552 605/536/552 590/505/552
f 614/521/553 613/519/553 598/507/553
f 607/522/554 606/520/554 591/509/554
f 608/526/557 607/522/557 592/513/557
f 601/527/1008 600/523/1008 585/515/1008
f 609/529/559 608/526/559 593/518/559
f 602/530/560 601/527/560 586/528/560
f 610/531/561 609/529/561 594/489/561
f 603/532/562 602/530/562 587/492/562
f 611/533/563 610/531/563 595/495/563
f 604/534/1009 603/532/1009 588/497/1009
f 612/535/565 611/533/565 596/499/565
f 605/536/1010 604/534/1010 589/501/1010
f 625/537/1011 624/552/1011 609/529/1011
f 618/538/568 617/553/568 602/530/568
f 626/539/569 625/537/569 610/531/569
f 619/540/570 618/538/570 603/532/570
f 627/541/571 626/539/571 611/533/571
f 620/542/1012 619/540/1012 604/534/1012
f 628/543/573 627/541/573 612/535/573
f 621/544/574 620/542/574 605/536/574
f 629/545/575 628/543/575 613/519/575
f 622/546/576 621/544/576 606/520/576
f 623/550/579 622/546/579 607/522/579
f 616/551/1013 615/547/1013 600/523/1013
f 624/552/581 623/550/581 608/526/581
f 617/553/582 616/551/582 601/527/582
f 629/545/1014 644/559/1014 643/554/1014
f 637/555/1015 636/570/1015 621/544/1015
f 638/560/1016 637/555/1016 622/546/1016
f 631/561/1017 630/556/1017 615/547/1017
f 639/562/589 638/560/589 623/550/589
f 632/563/1018 631/561/1018 616/551/1018
f 640/564/591 639/562/591 624/552/591
f 633/565/1019 632/563/1019 617/553/1019
f 641/566/593 640/564/593 625/537/593
f 634/567/1020 633/565/1020 618/538/1020
f 642/568/1021 641/566/1021 626/539/1021
f 635/569/596 634/567/596 619/540/596
f 628/543/597 643/554/597 642/568/597
f 636/570/598 635/569/598 620/542/598
f 648/571/599 647/587/599 632/563/599
f 641/566/1022 656/574/1022 655/572/1022
f 649/573/601 648/571/601 633/565/601
f 642/568/602 657/576/602 656/574/602
f 650/575/1023 649/573/1023 634/567/1023
f 643/554/604 658/578/604 657/576/604
f 651/577/605 650/575/605 635/569/605
f 644/559/606 659/583/606 658/578/606
f 652/579/1024 651/577/1024 636/570/1024
f 653/584/610 652/579/610 637/555/610
f 646/585/1025 645/580/1025 630/556/1025
f 654/586/612 653/584/612 638/560/612
f 647/587/1026 646/585/1026 631/561/1026
f 655/572/614 654/586/614 639/562/614
f 667/588/1027 666/603/1027 651/577/1027
f 668/593/618 667/588/618 652/579/618
f 661/594/1028 660/589/1028 645/580/1028
f 654/586/1029 669/596/1029 668/593/1029
f 662/595/1030 661/594/1030 646/585/1030
f 655/572/622 670/598/622 669/596/622
f 663/597/1031 662/595/1031 647/587/1031
f 656/574/1032 671/600/1032 670/598/1032
f 664/599/1033 663/597/1033 648/571/1033
f 657/576/626 672/602/626 671/600/626
f 665/601/627 664/599/627 649/573/627
f 658/578/1034 673/604/1034 672/602/1034
f 666/603/629 665/601/629 650/575/629
f 659/583/1035 674/592/1035 673/604/1035
f 671/600/631 686/607/631 685/605/631
f 679/606/632 678/621/632 663/597/632
f 672/602/1036 687/609/1036 686/607/1036
f 680/608/634 679/606/634 664/599/634
f 673/604/635 688/611/635 687/609/635
f 681/610/636 680/608/636 665/601/636
f 674/592/1037 689/615/1037 688/611/1037
f 667/588/638 682/616/638 681/610/638
f 668/593/1038 683/618/1038 682/616/1038
f 676/617/1039 675/612/1039 660/589/1039
f 669/596/643 684/620/643 683/618/643
f 677/619/644 676/617/644 661/594/644
f 670/598/1040 685/605/1040 684/620/1040
f 678/621/646 677/619/646 662/595/646
f 683/618/649 222/88/649 221/16/649
f 691/90/1041 690/82/1041 675/612/1041
f 684/620/651 694/91/651 222/88/651
f 218/94/1042 691/90/1042 676/617/1042
f 685/605/653 223/95/653 694/91/653
f 692/97/1043 218/94/1043 677/619/1043
f 686/607/655 695/98/655 223/95/655
f 219/100/656 692/97/656 678/621/656
f 687/609/657 696/102/657 695/98/657
f 680/608/1044 693/104/1044 219/100/1044
f 688/611/659 697/106/659 696/102/659
f 681/610/660 220/81/660 693/104/660
f 689/615/1045 698/87/1045 697/106/1045
f 682/616/662 221/16/662 220/81/662
usemtl Material.039
f 701/72/41 700/73/41 699/74/41
f 701/72/42 706/24/42 702/75/42
f 705/42/43 704/76/43 706/24/43
f 699/41/44 704/76/44 703/77/44
f 699/78/45 705/42/45 701/56/45
f 706/24/46 700/79/46 702/8/46
f 709/5/663 708/3/663 707/1/663
f 711/4/664 710/2/664 709/5/664
f 713/9/665 712/7/665 711/4/665
f 715/8/666 714/6/666 713/9/666
f 717/13/667 716/11/667 715/8/667
f 719/12/668 718/10/668 717/13/668
f 721/17/669 720/15/669 719/12/669
f 723/16/670 722/14/670 721/17/670
f 725/18/671 724/19/671 723/16/671
f 727/20/672 726/21/672 725/18/672
f 729/25/673 728/23/673 727/20/673
f 731/24/674 730/22/674 729/25/674
f 733/29/675 732/27/675 731/24/675
f 735/28/676 734/26/676 733/29/676
f 735/28/677 738/33/677 736/31/677
f 737/30/678 740/35/678 738/33/678
f 739/32/679 742/37/679 740/35/679
f 741/34/680 744/36/680 742/37/680
f 743/38/681 746/39/681 744/36/681
f 745/40/682 748/41/682 746/39/682
f 747/42/683 750/43/683 748/41/683
f 749/45/684 752/47/684 750/43/684
f 751/44/685 754/49/685 752/47/685
f 753/46/686 756/48/686 754/49/686
f 755/51/687 758/53/687 756/48/687
f 757/50/688 760/55/688 758/53/688
f 759/52/689 762/54/689 760/55/689
f 761/57/690 764/59/690 762/54/690
f 763/56/691 766/58/691 764/59/691
f 765/60/692 768/61/692 766/58/692
f 740/624/44 756/625/44 708/64/44
f 769/67/693 768/61/693 767/65/693
f 707/476/694 770/66/694 769/67/694
f 741/69/42 725/70/42 709/71/42
f 701/72/41 702/75/41 700/73/41
f 701/72/42 705/42/42 706/24/42
f 705/42/43 703/77/43 704/76/43
f 699/41/44 700/27/44 704/76/44
f 699/78/45 703/77/45 705/42/45
f 706/24/46 704/76/46 700/79/46
f 709/5/663 710/2/663 708/3/663
f 711/4/664 712/7/664 710/2/664
f 713/9/665 714/6/665 712/7/665
f 715/8/666 716/11/666 714/6/666
f 717/13/667 718/10/667 716/11/667
f 719/12/668 720/15/668 718/10/668
f 721/17/669 722/14/669 720/15/669
f 723/16/670 724/19/670 722/14/670
f 725/18/671 726/21/671 724/19/671
f 727/20/672 728/23/672 726/21/672
f 729/25/673 730/22/673 728/23/673
f 731/24/674 732/27/674 730/22/674
f 733/29/675 734/26/675 732/27/675
f 735/28/676 736/31/676 734/26/676
f 735/28/677 737/30/677 738/33/677
f 737/30/678 739/32/678 740/35/678
f 739/32/679 741/34/679 742/37/679
f 741/34/680 743/38/680 744/36/680
f 743/38/681 745/40/681 746/39/681
f 745/40/682 747/42/682 748/41/682
f 747/42/683 749/45/683 750/43/683
f 749/45/684 751/44/684 752/47/684
f 751/44/685 753/46/685 754/49/685
f 753/46/686 755/51/686 756/48/686
f 755/51/687 757/50/687 758/53/687
f 757/50/688 759/52/688 760/55/688
f 759/52/689 761/57/689 762/54/689
f 761/57/690 763/56/690 764/59/690
f 763/56/691 765/60/691 766/58/691
f 765/60/692 767/65/692 768/61/692
f 708/64/44 710/626/44 712/627/44
f 712/627/44 714/689/44 716/629/44
f 716/629/44 718/690/44 720/631/44
f 720/631/44 722/632/44 724/633/44
f 724/633/44 726/634/44 728/635/44
f 728/635/44 730/691/44 732/692/44
f 732/692/44 734/693/44 736/639/44
f 736/639/44 738/640/44 740/624/44
f 740/624/44 742/641/44 744/642/44
f 744/642/44 746/694/44 748/695/44
f 748/695/44 750/696/44 752/646/44
f 752/646/44 754/647/44 756/625/44
f 756/625/44 758/648/44 760/649/44
f 760/649/44 762/697/44 764/698/44
f 764/698/44 766/699/44 768/653/44
f 768/653/44 770/654/44 708/64/44
f 708/64/44 712/627/44 716/629/44
f 716/629/44 720/631/44 724/633/44
f 724/633/44 728/635/44 732/692/44
f 732/692/44 736/639/44 740/624/44
f 740/624/44 744/642/44 748/695/44
f 748/695/44 752/646/44 756/625/44
f 756/625/44 760/649/44 764/698/44
f 764/698/44 768/653/44 708/64/44
f 708/64/44 716/629/44 724/633/44
f 724/633/44 732/692/44 740/624/44
f 740/624/44 748/695/44 756/625/44
f 756/625/44 764/698/44 708/64/44
f 708/64/44 724/633/44 740/624/44
f 769/67/693 770/66/693 768/61/693
f 707/476/694 708/68/694 770/66/694
f 709/71/42 707/655/42 769/656/42
f 769/656/42 767/657/42 765/700/42
f 765/700/42 763/659/42 761/701/42
f 761/701/42 759/661/42 757/662/42
f 757/662/42 755/663/42 753/664/42
f 753/664/42 751/665/42 749/702/42
f 749/702/42 747/703/42 745/704/42
f 745/704/42 743/669/42 741/69/42
f 741/69/42 739/705/42 737/671/42
f 737/671/42 735/672/42 733/706/42
f 733/706/42 731/707/42 729/708/42
f 729/708/42 727/676/42 725/70/42
f 725/70/42 723/677/42 721/678/42
f 721/678/42 719/679/42 717/709/42
f 717/709/42 715/681/42 713/710/42
f 713/710/42 711/683/42 709/71/42
f 709/71/42 769/656/42 765/700/42
f 765/700/42 761/701/42 757/662/42
f 757/662/42 753/664/42 749/702/42
f 749/702/42 745/704/42 741/69/42
f 741/69/42 737/671/42 733/706/42
f 733/706/42 729/708/42 725/70/42
f 725/70/42 721/678/42 717/709/42
f 717/709/42 713/710/42 709/71/42
f 709/71/42 765/700/42 757/662/42
f 757/662/42 749/702/42 741/69/42
f 741/69/42 733/706/42 725/70/42
f 725/70/42 717/709/42 709/71/42
f 709/71/42 757/662/42 741/69/42
usemtl Material.034
f 773/72/41 772/73/41 771/74/41
f 773/72/42 778/24/42 774/75/42
f 777/42/43 776/76/43 778/24/43
f 771/41/44 776/76/44 775/77/44
f 771/78/45 777/42/45 773/56/45
f 778/24/46 772/79/46 774/8/46
f 781/5/663 780/3/663 779/1/663
f 783/4/664 782/2/664 781/5/664
f 785/9/665 784/7/665 783/4/665
f 787/8/695 786/6/695 785/9/695
f 789/13/667 788/11/667 787/8/667
f 791/12/696 790/10/696 789/13/696
f 793/17/669 792/15/669 791/12/669
f 795/16/670 794/14/670 793/17/670
f 797/18/671 796/19/671 795/16/671
f 799/20/672 798/21/672 797/18/672
f 801/25/673 800/23/673 799/20/673
f 803/24/674 802/22/674 801/25/674
f 805/29/675 804/27/675 803/24/675
f 807/28/676 806/26/676 805/29/676
f 807/28/677 810/33/677 808/31/677
f 809/30/678 812/35/678 810/33/678
f 811/32/679 814/37/679 812/35/679
f 813/34/680 816/36/680 814/37/680
f 815/38/681 818/39/681 816/36/681
f 817/40/682 820/41/682 818/39/682
f 819/42/683 822/43/683 820/41/683
f 821/45/684 824/47/684 822/43/684
f 823/44/685 826/49/685 824/47/685
f 825/46/686 828/48/686 826/49/686
f 827/51/687 830/53/687 828/48/687
f 829/50/688 832/55/688 830/53/688
f 831/52/689 834/54/689 832/55/689
f 833/57/690 836/59/690 834/54/690
f 835/56/691 838/58/691 836/59/691
f 837/60/692 840/61/692 838/58/692
f 812/624/44 828/625/44 780/64/44
f 841/67/693 840/61/693 839/65/693
f 779/476/694 842/66/694 841/67/694
f 813/69/42 797/70/42 781/71/42
f 773/72/41 774/75/41 772/73/41
f 773/72/42 777/42/42 778/24/42
f 777/42/43 775/77/43 776/76/43
f 771/41/44 772/27/44 776/76/44
f 771/78/45 775/77/45 777/42/45
f 778/24/46 776/76/46 772/79/46
f 781/5/663 782/2/663 780/3/663
f 783/4/664 784/7/664 782/2/664
f 785/9/665 786/6/665 784/7/665
f 787/8/666 788/11/666 786/6/666
f 789/13/667 790/10/667 788/11/667
f 791/12/668 792/15/668 790/10/668
f 793/17/669 794/14/669 792/15/669
f 795/16/670 796/19/670 794/14/670
f 797/18/671 798/21/671 796/19/671
f 799/20/672 800/23/672 798/21/672
f 801/25/673 802/22/673 800/23/673
f 803/24/674 804/27/674 802/22/674
f 805/29/675 806/26/675 804/27/675
f 807/28/676 808/31/676 806/26/676
f 807/28/677 809/30/677 810/33/677
f 809/30/678 811/32/678 812/35/678
f 811/32/679 813/34/679 814/37/679
f 813/34/680 815/38/680 816/36/680
f 815/38/681 817/40/681 818/39/681
f 817/40/682 819/42/682 820/41/682
f 819/42/683 821/45/683 822/43/683
f 821/45/684 823/44/684 824/47/684
f 823/44/685 825/46/685 826/49/685
f 825/46/686 827/51/686 828/48/686
f 827/51/687 829/50/687 830/53/687
f 829/50/688 831/52/688 832/55/688
f 831/52/689 833/57/689 834/54/689
f 833/57/690 835/56/690 836/59/690
f 835/56/691 837/60/691 838/58/691
f 837/60/692 839/65/692 840/61/692
f 780/64/44 782/626/44 784/627/44
f 784/627/44 786/689/44 788/629/44
f 788/629/44 790/690/44 792/631/44
f 792/631/44 794/632/44 796/633/44
f 796/633/44 798/634/44 800/635/44
f 800/635/44 802/691/44 804/692/44
f 804/692/44 806/693/44 808/639/44
f 808/639/44 810/640/44 812/624/44
f 812/624/44 814/641/44 816/642/44
f 816/642/44 818/694/44 820/695/44
f 820/695/44 822/696/44 824/646/44
f 824/646/44 826/647/44 828/625/44
f 828/625/44 830/648/44 832/649/44
f 832/649/44 834/697/44 836/698/44
f 836/698/44 838/699/44 840/653/44
f 840/653/44 842/654/44 780/64/44
f 780/64/44 784/627/44 788/629/44
f 788/629/44 792/631/44 796/633/44
f 796/633/44 800/635/44 804/692/44
f 804/692/44 808/639/44 812/624/44
f 812/624/44 816/642/44 820/695/44
f 820/695/44 824/646/44 828/625/44
f 828/625/44 832/649/44 836/698/44
f 836/698/44 840/653/44 780/64/44
f 780/64/44 788/629/44 796/633/44
f 796/633/44 804/692/44 812/624/44
f 812/624/44 820/695/44 828/625/44
f 828/625/44 836/698/44 780/64/44
f 780/64/44 796/633/44 812/624/44
f 841/67/693 842/66/693 840/61/693
f 779/476/694 780/68/694 842/66/694
f 781/71/42 779/655/42 841/656/42
f 841/656/42 839/657/42 837/700/42
f 837/700/42 835/659/42 833/701/42
f 833/701/42 831/661/42 829/662/42
f 829/662/42 827/663/42 825/664/42
f 825/664/42 823/665/42 821/702/42
f 821/702/42 819/703/42 817/704/42
f 817/704/42 815/669/42 813/69/42
f 813/69/42 811/705/42 809/671/42
f 809/671/42 807/672/42 805/706/42
f 805/706/42 803/707/42 801/708/42
f 801/708/42 799/676/42 797/70/42
f 797/70/42 795/677/42 793/678/42
f 793/678/42 791/679/42 789/709/42
f 789/709/42 787/681/42 785/710/42
f 785/710/42 783/683/42 781/71/42
f 781/71/42 841/656/42 837/700/42
f 837/700/42 833/701/42 829/662/42
f 829/662/42 825/664/42 821/702/42
f 821/702/42 817/704/42 813/69/42
f 813/69/42 809/671/42 805/706/42
f 805/706/42 801/708/42 797/70/42
f 797/70/42 793/678/42 789/709/42
f 789/709/42 785/710/42 781/71/42
f 781/71/42 837/700/42 829/662/42
f 829/662/42 821/702/42 813/69/42
f 813/69/42 805/706/42 797/70/42
f 797/70/42 789/709/42 781/71/42
f 781/71/42 829/662/42 813/69/42
s 1
usemtl Material.028
f 843/1/697 846/2/698 844/3/699
f 845/5/700 848/7/701 846/2/698
f 847/4/702 850/6/703 848/7/701
f 851/8/704 850/6/703 849/9/705
f 851/8/704 854/10/706 852/11/707
f 855/12/708 854/10/706 853/13/709
f 857/17/710 856/15/711 855/12/708
f 859/16/712 858/14/713 857/17/710
f 861/18/714 860/19/715 859/16/712
f 863/20/716 862/21/717 861/18/714
f 865/25/718 864/23/719 863/20/716
f 867/24/720 866/22/721 865/25/718
f 867/24/720 870/26/722 868/27/723
f 871/28/724 870/26/722 869/29/725
f 873/30/726 872/31/727 871/28/724
f 873/30/726 876/35/728 874/33/729
f 877/34/730 876/35/728 875/32/731
f 879/38/732 878/37/733 877/34/730
f 881/40/734 880/36/735 879/38/732
f 883/42/736 882/39/737 881/40/734
f 885/45/738 884/41/739 883/42/736
f 887/44/740 886/43/741 885/45/738
f 889/46/742 888/47/743 887/44/740
f 889/46/742 892/48/744 890/49/745
f 893/50/746 892/48/744 891/51/747
f 893/50/746 896/55/748 894/53/749
f 897/57/750 896/55/748 895/52/751
f 899/56/752 898/54/753 897/57/750
f 899/56/752 902/58/754 900/59/755
f 901/60/756 904/61/757 902/58/754
f 876/62/728 892/63/744 844/64/699
f 903/65/758 906/66/759 904/61/757
f 843/476/697 906/66/759 905/67/760
f 877/69/730 861/70/714 845/71/700
f 973/5/795 972/3/796 971/1/797
f 975/4/798 974/2/799 973/5/795
f 977/9/800 976/7/801 975/4/798
f 979/8/802 978/6/803 977/9/800
f 981/13/804 980/11/805 979/8/802
f 983/12/806 982/10/807 981/13/804
f 985/17/808 984/15/809 983/12/806
f 987/16/810 986/14/811 985/17/808
f 989/18/812 988/19/813 987/16/810
f 991/20/814 990/21/815 989/18/812
f 993/25/816 992/23/817 991/20/814
f 995/24/818 994/22/819 993/25/816
f 995/24/818 998/26/820 996/27/821
f 997/29/822 1000/31/823 998/26/820
f 999/28/824 1002/33/825 1000/31/823
f 1001/30/826 1004/35/827 1002/33/825
f 1003/32/828 1006/37/829 1004/35/827
f 1005/34/830 1008/36/831 1006/37/829
f 1007/38/832 1010/39/833 1008/36/831
f 1009/40/834 1012/41/835 1010/39/833
f 1011/42/836 1014/43/837 1012/41/835
f 1013/45/838 1016/47/839 1014/43/837
f 1015/44/840 1018/49/841 1016/47/839
f 1017/46/842 1020/48/843 1018/49/841
f 1019/51/844 1022/53/845 1020/48/843
f 1021/50/846 1024/55/847 1022/53/845
f 1023/52/848 1026/54/849 1024/55/847
f 1025/57/850 1028/59/851 1026/54/849
f 1029/60/852 1028/59/851 1027/56/853
f 1031/65/854 1030/58/855 1029/60/852
f 1004/62/827 1020/63/843 972/64/796
f 1033/67/856 1032/61/857 1031/65/854
f 971/476/797 1034/66/858 1033/67/856
f 1005/69/830 989/70/812 973/71/795
f 843/1/697 845/5/700 846/2/698
f 845/5/700 847/4/702 848/7/701
f 847/4/702 849/9/705 850/6/703
f 851/8/704 852/11/707 850/6/703
f 851/8/704 853/13/709 854/10/706
f 855/12/708 856/15/711 854/10/706
f 857/17/710 858/14/713 856/15/711
f 859/16/712 860/19/715 858/14/713
f 861/18/714 862/21/717 860/19/715
f 863/20/716 864/23/719 862/21/717
f 865/25/718 866/22/721 864/23/719
f 867/24/720 868/27/723 866/22/721
f 867/24/720 869/29/725 870/26/722
f 871/28/724 872/31/727 870/26/722
f 873/30/726 874/33/729 872/31/727
f 873/30/726 875/32/731 876/35/728
f 877/34/730 878/37/733 876/35/728
f 879/38/732 880/36/735 878/37/733
f 881/40/734 882/39/737 880/36/735
f 883/42/736 884/41/739 882/39/737
f 885/45/738 886/43/741 884/41/739
f 887/44/740 888/47/743 886/43/741
f 889/46/742 890/49/745 888/47/743
f 889/46/742 891/51/747 892/48/744
f 893/50/746 894/53/749 892/48/744
f 893/50/746 895/52/751 896/55/748
f 897/57/750 898/54/753 896/55/748
f 899/56/752 900/59/755 898/54/753
f 899/56/752 901/60/756 902/58/754
f 901/60/756 903/65/758 904/61/757
f 844/64/699 846/626/698 848/627/701
f 848/627/701 850/628/703 852/629/707
f 852/629/707 854/630/706 856/631/711
f 856/631/711 858/632/713 860/633/715
f 860/633/715 862/634/717 864/635/719
f 864/635/719 866/636/721 868/637/723
f 868/637/723 870/638/722 872/639/727
f 872/639/727 874/640/729 876/62/728
f 876/62/728 878/641/733 880/642/735
f 880/642/735 882/643/737 884/644/739
f 884/644/739 886/645/741 888/646/743
f 888/646/743 890/647/745 892/63/744
f 892/63/744 894/648/749 896/649/748
f 896/649/748 898/650/753 900/651/755
f 900/651/755 902/652/754 904/653/757
f 904/653/757 906/654/759 844/64/699
f 844/64/699 848/627/701 852/629/707
f 852/629/707 856/631/711 860/633/715
f 860/633/715 864/635/719 868/637/723
f 868/637/723 872/639/727 876/62/728
f 876/62/728 880/642/735 884/644/739
f 884/644/739 888/646/743 892/63/744
f 892/63/744 896/649/748 900/651/755
f 900/651/755 904/653/757 844/64/699
f 844/64/699 852/629/707 860/633/715
f 860/633/715 868/637/723 876/62/728
f 876/62/728 884/644/739 892/63/744
f 892/63/744 900/651/755 844/64/699
f 844/64/699 860/633/715 876/62/728
f 903/65/758 905/67/760 906/66/759
f 843/476/697 844/68/699 906/66/759
f 845/71/700 843/655/697 905/656/760
f 905/656/760 903/657/758 901/658/756
f 901/658/756 899/659/752 897/660/750
f 897/660/750 895/661/751 893/662/746
f 893/662/746 891/663/747 889/664/742
f 889/664/742 887/665/740 885/666/738
f 885/666/738 883/667/736 881/668/734
f 881/668/734 879/669/732 877/69/730
f 877/69/730 875/670/731 873/671/726
f 873/671/726 871/672/724 869/673/725
f 869/673/725 867/674/720 865/675/718
f 865/675/718 863/676/716 861/70/714
f 861/70/714 859/677/712 857/678/710
f 857/678/710 855/679/708 853/680/709
f 853/680/709 851/681/704 849/682/705
f 849/682/705 847/683/702 845/71/700
f 845/71/700 905/656/760 901/658/756
f 901/658/756 897/660/750 893/662/746
f 893/662/746 889/664/742 885/666/738
f 885/666/738 881/668/734 877/69/730
f 877/69/730 873/671/726 869/673/725
f 869/673/725 865/675/718 861/70/714
f 861/70/714 857/678/710 853/680/709
f 853/680/709 849/682/705 845/71/700
f 845/71/700 901/658/756 893/662/746
f 893/662/746 885/666/738 877/69/730
f 877/69/730 869/673/725 861/70/714
f 861/70/714 853/680/709 845/71/700
f 845/71/700 893/662/746 877/69/730
f 973/5/795 974/2/799 972/3/796
f 975/4/798 976/7/801 974/2/799
f 977/9/800 978/6/803 976/7/801
f 979/8/802 980/11/805 978/6/803
f 981/13/804 982/10/807 980/11/805
f 983/12/806 984/15/809 982/10/807
f 985/17/808 986/14/811 984/15/809
f 987/16/810 988/19/813 986/14/811
f 989/18/812 990/21/815 988/19/813
f 991/20/814 992/23/817 990/21/815
f 993/25/816 994/22/819 992/23/817
f 995/24/818 996/27/821 994/22/819
f 995/24/818 997/29/822 998/26/820
f 997/29/822 999/28/824 1000/31/823
f 999/28/824 1001/30/826 1002/33/825
f 1001/30/826 1003/32/828 1004/35/827
f 1003/32/828 1005/34/830 1006/37/829
f 1005/34/830 1007/38/832 1008/36/831
f 1007/38/832 1009/40/834 1010/39/833
f 1009/40/834 1011/42/836 1012/41/835
f 1011/42/836 1013/45/838 1014/43/837
f 1013/45/838 1015/44/840 1016/47/839
f 1015/44/840 1017/46/842 1018/49/841
f 1017/46/842 1019/51/844 1020/48/843
f 1019/51/844 1021/50/846 1022/53/845
f 1021/50/846 1023/52/848 1024/55/847
f 1023/52/848 1025/57/850 1026/54/849
f 1025/57/850 1027/56/853 1028/59/851
f 1029/60/852 1030/58/855 1028/59/851
f 1031/65/854 1032/61/857 1030/58/855
f 972/64/796 974/626/799 976/627/801
f 976/627/801 978/628/803 980/629/805
f 980/629/805 982/630/807 984/631/809
f 984/631/809 986/632/811 988/633/813
f 988/633/813 990/634/815 992/635/817
f 992/635/817 994/636/819 996/637/821
f 996/637/821 998/638/820 1000/639/823
f 1000/639/823 1002/640/825 1004/62/827
f 1004/62/827 1006/641/829 1008/642/831
f 1008/642/831 1010/643/833 1012/644/835
f 1012/644/835 1014/645/837 1016/646/839
f 1016/646/839 1018/647/841 1020/63/843
f 1020/63/843 1022/648/845 1024/649/847
f 1024/649/847 1026/650/849 1028/651/851
f 1028/651/851 1030/652/855 1032/653/857
f 1032/653/857 1034/654/858 972/64/796
f 972/64/796 976/627/801 980/629/805
f 980/629/805 984/631/809 988/633/813
f 988/633/813 992/635/817 996/637/821
f 996/637/821 1000/639/823 1004/62/827
f 1004/62/827 1008/642/831 1012/644/835
f 1012/644/835 1016/646/839 1020/63/843
f 1020/63/843 1024/649/847 1028/651/851
f 1028/651/851 1032/653/857 972/64/796
f 972/64/796 980/629/805 988/633/813
f 988/633/813 996/637/821 1004/62/827
f 1004/62/827 1012/644/835 1020/63/843
f 1020/63/843 1028/651/851 972/64/796
f 972/64/796 988/633/813 1004/62/827
f 1033/67/856 1034/66/858 1032/61/857
f 971/476/797 972/68/796 1034/66/858
f 973/71/795 971/655/797 1033/656/856
f 1033/656/856 1031/657/854 1029/658/852
f 1029/658/852 1027/659/853 1025/660/850
f 1025/660/850 1023/661/848 1021/662/846
f 1021/662/846 1019/663/844 1017/664/842
f 1017/664/842 1015/665/840 1013/666/838
f 1013/666/838 1011/667/836 1009/668/834
f 1009/668/834 1007/669/832 1005/69/830
f 1005/69/830 1003/670/828 1001/671/826
f 1001/671/826 999/672/824 997/673/822
f 997/673/822 995/674/818 993/675/816
f 993/675/816 991/676/814 989/70/812
f 989/70/812 987/677/810 985/678/808
f 985/678/808 983/679/806 981/680/804
f 981/680/804 979/681/802 977/682/800
f 977/682/800 975/683/798 973/71/795
f 973/71/795 1033/656/856 1029/658/852
f 1029/658/852 1025/660/850 1021/662/846
f 1021/662/846 1017/664/842 1013/666/838
f 1013/666/838 1009/668/834 1005/69/830
f 1005/69/830 1001/671/826 997/673/822
f 997/673/822 993/675/816 989/70/812
f 989/70/812 985/678/808 981/680/804
f 981/680/804 977/682/800 973/71/795
f 973/71/795 1029/658/852 1021/662/846
f 1021/662/846 1013/666/838 1005/69/830
f 1005/69/830 997/673/822 989/70/812
f 989/70/812 981/680/804 973/71/795
f 973/71/795 1021/662/846 1005/69/830
