# Blender 5.1.2
# www.blender.org
mtllib squidward_house.mtl
o mff_stone_path_0_0.001
v -0.188622 -0.033503 4.339159
v 0.253406 -0.053707 4.771307
v 0.367820 -0.028091 4.361795
v 0.091592 -0.212685 4.120846
v -0.188622 -0.033503 4.339159
v 0.090599 -0.020051 4.169354
v -0.136041 -0.256952 4.822610
v 0.253406 -0.053707 4.771307
v -0.103710 -0.059834 4.801954
v -0.136041 -0.256952 4.822610
v -0.188622 -0.033503 4.339159
v -0.257789 -0.226652 4.285563
v 0.403761 -0.221738 4.337543
v 0.090599 -0.020051 4.169354
v 0.367820 -0.028091 4.361795
v 0.403761 -0.221738 4.337543
v 0.253406 -0.053707 4.771307
v 0.295922 -0.250026 4.793560
v -0.200922 0.011858 3.350557
v 0.376203 0.044675 2.914123
v -0.079331 0.051194 2.710984
v -0.396298 -0.151020 2.979402
v -0.200922 0.011858 3.350557
v -0.350068 0.030921 2.998317
v 0.378938 -0.164412 3.363935
v 0.376203 0.044675 2.914123
v 0.350608 0.019614 3.332391
v 0.378938 -0.164412 3.363935
v -0.200922 0.011858 3.350557
v -0.265004 -0.175038 3.411882
v -0.091368 -0.128203 2.655883
v -0.350068 0.030921 2.998317
v -0.079331 0.051194 2.710984
v 0.419238 -0.134079 2.859401
v -0.079331 0.051194 2.710984
v 0.376203 0.044675 2.914123
v -0.530442 0.026982 3.489895
v -0.417715 -0.014813 4.219512
v -0.014092 0.008385 3.909871
v -0.112462 -0.177324 3.481661
v -0.530442 0.026982 3.489895
v -0.141236 0.029491 3.527438
v -0.834337 -0.216110 3.989753
v -0.417715 -0.014813 4.219512
v -0.781558 -0.005815 3.993187
v -0.834337 -0.216110 3.989753
v -0.530442 0.026982 3.489895
v -0.565177 -0.177315 3.389100
v -0.112462 -0.177324 3.481661
v -0.014092 0.008385 3.909871
v 0.030716 -0.201082 3.912356
v 0.030716 -0.201082 3.912356
v -0.417715 -0.014813 4.219512
v -0.400018 -0.227519 4.271181
v 0.834446 0.025695 3.547617
v 0.082624 -0.012537 4.040739
v 0.630453 -0.023059 4.330360
v 1.042525 -0.194202 4.002597
v 0.834446 0.025695 3.547617
v 0.990041 0.001030 3.996684
v 0.113436 -0.173395 3.461530
v 0.082624 -0.012537 4.040739
v 0.149197 0.018825 3.524351
v 0.113436 -0.173395 3.461530
v 0.834446 0.025695 3.547617
v 0.915812 -0.163359 3.455544
v 1.042525 -0.194202 4.002597
v 0.630453 -0.023059 4.330360
v 0.637556 -0.221328 4.378328
v 0.637556 -0.221328 4.378328
v 0.082624 -0.012537 4.040739
v 0.021451 -0.211327 4.083589
v 0.367820 -0.028091 4.361795
v 0.090599 -0.020051 4.169354
v -0.188622 -0.033503 4.339159
v -0.188622 -0.033503 4.339159
v -0.103710 -0.059834 4.801954
v 0.253406 -0.053707 4.771307
v 0.091592 -0.212685 4.120846
v -0.257789 -0.226652 4.285563
v -0.188622 -0.033503 4.339159
v -0.136041 -0.256952 4.822610
v 0.295922 -0.250026 4.793560
v 0.253406 -0.053707 4.771307
v -0.136041 -0.256952 4.822610
v -0.103710 -0.059834 4.801954
v -0.188622 -0.033503 4.339159
v 0.403761 -0.221738 4.337543
v 0.091592 -0.212685 4.120846
v 0.090599 -0.020051 4.169354
v 0.403761 -0.221738 4.337543
v 0.367820 -0.028091 4.361795
v 0.253406 -0.053707 4.771307
v -0.079331 0.051194 2.710984
v -0.350068 0.030921 2.998317
v -0.200922 0.011858 3.350557
v -0.200922 0.011858 3.350557
v 0.350608 0.019614 3.332391
v 0.376203 0.044675 2.914123
v -0.396298 -0.151020 2.979402
v -0.265004 -0.175038 3.411882
v -0.200922 0.011858 3.350557
v 0.378938 -0.164412 3.363935
v 0.419238 -0.134079 2.859401
v 0.376203 0.044675 2.914123
v 0.378938 -0.164412 3.363935
v 0.350608 0.019614 3.332391
v -0.200922 0.011858 3.350557
v -0.091368 -0.128203 2.655883
v -0.396298 -0.151020 2.979402
v -0.350068 0.030921 2.998317
v 0.419238 -0.134079 2.859401
v -0.091368 -0.128203 2.655883
v -0.079331 0.051194 2.710984
v -0.014092 0.008385 3.909871
v -0.141236 0.029491 3.527438
v -0.530442 0.026982 3.489895
v -0.530442 0.026982 3.489895
v -0.781558 -0.005815 3.993187
v -0.417715 -0.014813 4.219512
v -0.112462 -0.177324 3.481661
v -0.565177 -0.177315 3.389100
v -0.530442 0.026982 3.489895
v -0.834337 -0.216110 3.989753
v -0.400018 -0.227519 4.271181
v -0.417715 -0.014813 4.219512
v -0.834337 -0.216110 3.989753
v -0.781558 -0.005815 3.993187
v -0.530442 0.026982 3.489895
v -0.112462 -0.177324 3.481661
v -0.141236 0.029491 3.527438
v -0.014092 0.008385 3.909871
v 0.030716 -0.201082 3.912356
v -0.014092 0.008385 3.909871
v -0.417715 -0.014813 4.219512
v 0.630453 -0.023059 4.330360
v 0.990041 0.001030 3.996684
v 0.834446 0.025695 3.547617
v 0.834446 0.025695 3.547617
v 0.149197 0.018825 3.524351
v 0.082624 -0.012537 4.040739
v 1.042525 -0.194202 4.002597
v 0.915812 -0.163359 3.455544
v 0.834446 0.025695 3.547617
v 0.113436 -0.173395 3.461530
v 0.021451 -0.211327 4.083589
v 0.082624 -0.012537 4.040739
v 0.113436 -0.173395 3.461530
v 0.149197 0.018825 3.524351
v 0.834446 0.025695 3.547617
v 1.042525 -0.194202 4.002597
v 0.990041 0.001030 3.996684
v 0.630453 -0.023059 4.330360
v 0.637556 -0.221328 4.378328
v 0.630453 -0.023059 4.330360
v 0.082624 -0.012537 4.040739
v -0.875873 3.122988 -1.177766
v -0.902701 3.134554 -1.096197
v -0.865571 3.063634 -1.165962
v -0.892399 3.075200 -1.084392
v -0.847268 3.007866 -1.152034
v -0.874097 3.019433 -1.070465
v -0.821668 2.957829 -1.136518
v -0.848497 2.969395 -1.054949
v -0.789754 2.915444 -1.120011
v -0.816583 2.927010 -1.038442
v -0.752752 2.882340 -1.103147
v -0.779581 2.893907 -1.021578
v -0.712086 2.859790 -1.086574
v -0.738914 2.871356 -1.005005
v -0.669316 2.848660 -1.070928
v -0.696144 2.860226 -0.989359
v -0.626087 2.849377 -1.056812
v -0.652916 2.860944 -0.975243
v -0.584061 2.861916 -1.044767
v -0.610889 2.873482 -0.963198
v -0.544852 2.885792 -1.035257
v -0.571680 2.897359 -0.953688
v -0.509966 2.920090 -1.028646
v -0.536795 2.931656 -0.947077
v -0.480746 2.963490 -1.025190
v -0.507574 2.975056 -0.943621
v -0.458313 3.014326 -1.025020
v -0.485142 3.025892 -0.943451
v -0.443530 3.070642 -1.028143
v -0.470358 3.082208 -0.946574
v -0.436964 3.130276 -1.034440
v -0.463793 3.141843 -0.952871
v -0.438869 3.190935 -1.043668
v -0.465697 3.202502 -0.962099
v -0.449170 3.250289 -1.055473
v -0.475999 3.261856 -0.973904
v -0.467473 3.306056 -1.069401
v -0.494302 3.317623 -0.987832
v -0.493073 3.356094 -1.084916
v -0.519902 3.367661 -1.003347
v -0.524988 3.398479 -1.101424
v -0.551816 3.410046 -1.019854
v -0.561989 3.431583 -1.118288
v -0.588817 3.443150 -1.036718
v -0.602656 3.454133 -1.134861
v -0.629484 3.465700 -1.053292
v -0.645426 3.465263 -1.150506
v -0.672254 3.476830 -1.068937
v -0.688654 3.464545 -1.164623
v -0.715483 3.476112 -1.083054
v -0.730681 3.452008 -1.176667
v -0.757510 3.463574 -1.095099
v -0.769890 3.428131 -1.186178
v -0.796719 3.439698 -1.104609
v -0.804775 3.393833 -1.192788
v -0.831604 3.405400 -1.111219
v -0.833996 3.350433 -1.196245
v -0.860824 3.362000 -1.114676
v -0.856429 3.299598 -1.196415
v -0.883257 3.311164 -1.114846
v -0.871212 3.243281 -1.193291
v -0.898040 3.254848 -1.111722
v -0.877777 3.183647 -1.186994
v -0.904606 3.195214 -1.105425
v 0.860271 2.236814 -1.883619
v 0.655710 4.043590 -1.920575
v 0.850515 2.249477 -2.142032
v 0.645954 4.056253 -2.178988
v 1.300924 2.291269 -1.885955
v 1.096362 4.098043 -1.922911
v 1.291167 2.303933 -2.144368
v 1.086606 4.110708 -2.181324
v -0.956357 3.686774 -1.106003
v -0.959539 3.939409 -1.113493
v -0.962063 3.698638 -1.437781
v -0.965245 3.951273 -1.445270
v 0.671059 3.662885 -1.078961
v 0.667877 3.915520 -1.086450
v 0.665353 3.674750 -1.410738
v 0.662171 3.927384 -1.418228
v -1.720940 2.299256 -2.005112
v -1.441338 4.076306 -2.019767
v -1.719480 2.314023 -2.263365
v -1.439879 4.091073 -2.278019
v -1.283359 2.192167 -1.986974
v -1.003756 3.969218 -2.001628
v -1.281899 2.206933 -2.245226
v -1.002297 3.983984 -2.259880
v -0.087529 2.036104 -1.077905
v -0.115170 3.834817 -1.269740
v -0.055008 2.036071 -1.073642
v -0.094032 3.834796 -1.266968
v -0.023872 2.036601 -1.064646
v -0.073794 3.835140 -1.261121
v 0.004681 2.037673 -1.051263
v -0.055234 3.835837 -1.252422
v 0.029556 2.039248 -1.034009
v -0.039065 3.836861 -1.241207
v 0.049796 2.041264 -1.013545
v -0.025909 3.838171 -1.227906
v 0.064623 2.043643 -0.990659
v -0.016272 3.839718 -1.213030
v 0.073467 2.046295 -0.966230
v -0.010523 3.841441 -1.197151
v 0.075989 2.049117 -0.941197
v -0.008883 3.843276 -1.180879
v 0.072092 2.052001 -0.916521
v -0.011417 3.845150 -1.164840
v 0.061926 2.054835 -0.893151
v -0.018025 3.846992 -1.149650
v 0.045880 2.057512 -0.871985
v -0.028455 3.848733 -1.135892
v 0.024572 2.059928 -0.853837
v -0.042305 3.850303 -1.124095
v -0.001180 2.061991 -0.839403
v -0.059044 3.851645 -1.114714
v -0.030385 2.063621 -0.829240
v -0.078027 3.852703 -1.108107
v -0.061921 2.064755 -0.823736
v -0.098526 3.853441 -1.104530
v -0.094577 2.065350 -0.823103
v -0.119752 3.853828 -1.104119
v -0.127098 2.065383 -0.827367
v -0.140890 3.853849 -1.106890
v -0.158234 2.064853 -0.836363
v -0.161128 3.853504 -1.112738
v -0.186787 2.063781 -0.849746
v -0.179688 3.852807 -1.121436
v -0.211662 2.062206 -0.867000
v -0.195857 3.851784 -1.132651
v -0.231902 2.060190 -0.887463
v -0.209013 3.850474 -1.145952
v -0.246729 2.057811 -0.910350
v -0.218650 3.848927 -1.160829
v -0.255573 2.055159 -0.934779
v -0.224399 3.847203 -1.176707
v -0.258095 2.052337 -0.959813
v -0.226039 3.845369 -1.192979
v -0.254198 2.049453 -0.984488
v -0.223505 3.843495 -1.209019
v -0.244031 2.046618 -1.007858
v -0.216897 3.841652 -1.224209
v -0.227986 2.043941 -1.029024
v -0.206467 3.839911 -1.237967
v -0.206678 2.041525 -1.047172
v -0.192617 3.838341 -1.249763
v -0.180926 2.039463 -1.061606
v -0.175879 3.837001 -1.259145
v -0.151721 2.037833 -1.071770
v -0.156896 3.835941 -1.265752
v -0.120185 2.036699 -1.077274
v -0.136397 3.835204 -1.269329
v -0.142625 0.004568 -3.405441
v -0.197304 4.988931 -3.069955
v 0.136925 -0.000478 -3.374244
v -0.015596 4.985651 -3.049676
v 0.406646 -0.007230 -3.291130
v 0.159723 4.981261 -2.995653
v 0.656172 -0.015428 -3.159292
v 0.321915 4.975933 -2.909958
v 0.875915 -0.024757 -2.983797
v 0.464748 4.969869 -2.795886
v 1.057429 -0.034859 -2.771388
v 0.582732 4.963303 -2.657820
v 1.193739 -0.045345 -2.530228
v 0.671333 4.956487 -2.501066
v 1.279608 -0.055812 -2.269586
v 0.727148 4.949683 -2.331649
v 1.311733 -0.065858 -1.999477
v 0.748030 4.943153 -2.156077
v 1.288883 -0.075097 -1.730281
v 0.733177 4.937148 -1.981100
v 1.211934 -0.083174 -1.472344
v 0.683160 4.931897 -1.813441
v 1.083843 -0.089779 -1.235577
v 0.599901 4.927605 -1.659543
v 0.909534 -0.094658 -1.029081
v 0.486599 4.924434 -1.525321
v 0.695704 -0.097622 -0.860790
v 0.347610 4.922507 -1.415931
v 0.450571 -0.098559 -0.737172
v 0.188274 4.921898 -1.335580
v 0.183555 -0.097433 -0.662976
v 0.014714 4.922629 -1.287352
v -0.095081 -0.094286 -0.641055
v -0.166400 4.924676 -1.273104
v -0.374632 -0.089239 -0.672252
v -0.348108 4.927956 -1.293382
v -0.644353 -0.082487 -0.755366
v -0.523427 4.932345 -1.347406
v -0.893879 -0.074289 -0.887204
v -0.685619 4.937674 -1.433101
v -1.113622 -0.064960 -1.062700
v -0.828451 4.943737 -1.547172
v -1.295135 -0.054858 -1.275109
v -0.946435 4.950303 -1.685238
v -1.431446 -0.044372 -1.516268
v -1.035037 4.957119 -1.841992
v -1.517314 -0.033905 -1.776911
v -1.090851 4.963922 -2.011410
v -1.549440 -0.023859 -2.047020
v -1.111733 4.970453 -2.186981
v -1.526589 -0.014620 -2.316215
v -1.096880 4.976459 -2.361958
v -1.449640 -0.006543 -2.574153
v -1.046863 4.981709 -2.529617
v -1.321550 0.000062 -2.810919
v -0.963604 4.986001 -2.683515
v -1.147240 0.004941 -3.017415
v -0.850303 4.989172 -2.817738
v -0.933410 0.007905 -3.185706
v -0.711314 4.991100 -2.927127
v -0.688278 0.008842 -3.309324
v -0.551977 4.991708 -3.007479
v -0.421262 0.007715 -3.383520
v -0.378417 4.990976 -3.055705
v 0.115961 0.559101 -0.644899
v 0.115645 0.550810 -0.669739
v 0.115620 0.536214 -0.681764
v 0.115751 0.516801 -0.687930
v 0.115870 0.506195 -0.688483
v 0.116019 0.495527 -0.687300
v 0.116383 0.475632 -0.679968
v 0.117334 0.450057 -0.641666
v 0.117606 0.558336 -0.653487
v 0.119214 0.555506 -0.661683
v 0.120724 0.550718 -0.669172
v 0.122077 0.544158 -0.675666
v 0.123221 0.536076 -0.680915
v 0.124113 0.526784 -0.684719
v 0.124717 0.516639 -0.686930
v 0.125012 0.506030 -0.687463
v 0.124985 0.495365 -0.686299
v 0.124638 0.485055 -0.683482
v 0.123984 0.475495 -0.679120
v 0.123048 0.467052 -0.673380
v 0.121866 0.460052 -0.666484
v 0.120483 0.454762 -0.658697
v 0.118953 0.451387 -0.650317
v 0.119327 0.558293 -0.652957
v 0.122590 0.555421 -0.660643
v 0.125624 0.550596 -0.667662
v 0.128314 0.544002 -0.673744
v 0.130555 0.535893 -0.678656
v 0.132262 0.526580 -0.682208
v 0.133368 0.516422 -0.684264
v 0.133833 0.505809 -0.684745
v 0.133636 0.495149 -0.683633
v 0.132787 0.484851 -0.680970
v 0.131318 0.475311 -0.676859
v 0.129285 0.466896 -0.671458
v 0.126766 0.459929 -0.664974
v 0.123858 0.454678 -0.657657
v 0.120674 0.451345 -0.649786
v 0.120919 0.558241 -0.652116
v 0.125712 0.555319 -0.658993
v 0.130158 0.550447 -0.665267
v 0.134084 0.543812 -0.670696
v 0.137340 0.535670 -0.675071
v 0.139801 0.526332 -0.678225
v 0.141372 0.516159 -0.680035
v 0.141993 0.505541 -0.680434
v 0.141640 0.494886 -0.679404
v 0.140326 0.484603 -0.676987
v 0.138103 0.475088 -0.673275
v 0.135055 0.466706 -0.668410
v 0.131299 0.459780 -0.662579
v 0.126981 0.454575 -0.656006
v 0.122266 0.451292 -0.648945
v 0.122320 0.558181 -0.650996
v 0.128462 0.555202 -0.656797
v 0.134150 0.550277 -0.662078
v 0.139165 0.543596 -0.666637
v 0.143315 0.535416 -0.670299
v 0.146440 0.526051 -0.672922
v 0.148420 0.515860 -0.674407
v 0.149179 0.505236 -0.674695
v 0.148688 0.494587 -0.673776
v 0.146965 0.484322 -0.671685
v 0.144078 0.474835 -0.668503
v 0.140136 0.466490 -0.664351
v 0.135292 0.459610 -0.659390
v 0.129731 0.454459 -0.653810
v 0.123668 0.451233 -0.647826
v 0.123479 0.558117 -0.649641
v 0.130734 0.555076 -0.654139
v 0.137448 0.550094 -0.658219
v 0.143362 0.543363 -0.661726
v 0.148250 0.535141 -0.664523
v 0.151924 0.525745 -0.666505
v 0.154242 0.515536 -0.667594
v 0.155115 0.504906 -0.667749
v 0.154509 0.494263 -0.666963
v 0.152449 0.484016 -0.665268
v 0.149013 0.474560 -0.662727
v 0.144334 0.466257 -0.659440
v 0.138590 0.459427 -0.655531
v 0.132003 0.454332 -0.651152
v 0.124825 0.451168 -0.646471
v 0.124348 0.558050 -0.648102
v 0.132440 0.554944 -0.651121
v 0.139924 0.549903 -0.653838
v 0.146514 0.543120 -0.656149
v 0.151957 0.534856 -0.657966
v 0.156042 0.525429 -0.659219
v 0.158614 0.515200 -0.659859
v 0.159572 0.504563 -0.659862
v 0.158881 0.493927 -0.659228
v 0.156568 0.483699 -0.657981
v 0.152720 0.474275 -0.656170
v 0.147486 0.466015 -0.653863
v 0.141066 0.459237 -0.651150
v 0.133709 0.454201 -0.648134
v 0.125695 0.451101 -0.644932
v 0.124896 0.557983 -0.646440
v 0.133514 0.554813 -0.647859
v 0.141484 0.549713 -0.649102
v 0.148500 0.542878 -0.650122
v 0.154292 0.534572 -0.650879
v 0.158636 0.525113 -0.651344
v 0.161368 0.514864 -0.651499
v 0.162381 0.504221 -0.651338
v 0.161636 0.493590 -0.650868
v 0.159162 0.483383 -0.650107
v 0.155054 0.473990 -0.649083
v 0.149471 0.465773 -0.647836
v 0.142626 0.459046 -0.646414
v 0.134783 0.454070 -0.644872
v 0.126243 0.451034 -0.643269
v 0.125101 0.557919 -0.644716
v 0.133916 0.554688 -0.644478
v 0.142068 0.549531 -0.644195
v 0.149243 0.542646 -0.643876
v 0.155165 0.534299 -0.643534
v 0.159607 0.524809 -0.643183
v 0.162398 0.514542 -0.642835
v 0.163431 0.503892 -0.642505
v 0.162666 0.493269 -0.642205
v 0.160133 0.483080 -0.641946
v 0.155928 0.473717 -0.641739
v 0.150214 0.465540 -0.641590
v 0.143210 0.458864 -0.641507
v 0.135185 0.453944 -0.641492
v 0.126448 0.450970 -0.641546
v 0.124955 0.557860 -0.642999
v 0.133630 0.554572 -0.641110
v 0.141653 0.549362 -0.639304
v 0.148714 0.542432 -0.637651
v 0.154544 0.534047 -0.636214
v 0.158917 0.524530 -0.635050
v 0.161665 0.514245 -0.634201
v 0.162684 0.503590 -0.633702
v 0.161933 0.492972 -0.633571
v 0.159442 0.482800 -0.633812
v 0.155307 0.473466 -0.634419
v 0.149686 0.465326 -0.635365
v 0.142795 0.458696 -0.636616
v 0.134899 0.453829 -0.638123
v 0.126302 0.450911 -0.639828
v 0.124464 0.557809 -0.641353
v 0.132667 0.554471 -0.637882
v 0.140255 0.549216 -0.634618
v 0.146935 0.542246 -0.631686
v 0.152451 0.533827 -0.629201
v 0.156592 0.524286 -0.627257
v 0.159197 0.513986 -0.625928
v 0.160167 0.503325 -0.625267
v 0.159465 0.492713 -0.625298
v 0.157117 0.482557 -0.626020
v 0.153215 0.473246 -0.627405
v 0.147906 0.465140 -0.629401
v 0.141397 0.458549 -0.631930
v 0.133936 0.453728 -0.634895
v 0.125811 0.450860 -0.638183
v 0.123647 0.557766 -0.639843
v 0.131064 0.554388 -0.634919
v 0.137928 0.549096 -0.630316
v 0.143973 0.542093 -0.626212
v 0.148968 0.533648 -0.622763
v 0.152722 0.524086 -0.620103
v 0.155089 0.513775 -0.618334
v 0.155978 0.503110 -0.617524
v 0.155357 0.492501 -0.617704
v 0.153247 0.482357 -0.618866
v 0.149732 0.473066 -0.620967
v 0.144944 0.464987 -0.623925
v 0.139070 0.458429 -0.627628
v 0.132333 0.453645 -0.631932
v 0.124994 0.450818 -0.636672
v 0.122535 0.557735 -0.638525
v 0.128883 0.554327 -0.632335
v 0.134761 0.549007 -0.626564
v 0.139942 0.541980 -0.621436
v 0.144229 0.533515 -0.617148
v 0.147455 0.523939 -0.613865
v 0.149498 0.513618 -0.611711
v 0.150278 0.502950 -0.610771
v 0.149766 0.492345 -0.611080
v 0.147981 0.482209 -0.612627
v 0.144992 0.472934 -0.615352
v 0.140914 0.464874 -0.619150
v 0.135903 0.458341 -0.623876
v 0.130152 0.453584 -0.629348
v 0.123882 0.450787 -0.635355
v 0.121171 0.557716 -0.637452
v 0.126207 0.554290 -0.630228
v 0.130876 0.548954 -0.623507
v 0.134998 0.541911 -0.617545
v 0.138415 0.533435 -0.612572
v 0.140995 0.523849 -0.608780
v 0.142640 0.513523 -0.606313
v 0.143285 0.502853 -0.605268
v 0.142908 0.492250 -0.605683
v 0.141520 0.482120 -0.607543
v 0.139178 0.472853 -0.610776
v 0.135969 0.464806 -0.615259
v 0.132018 0.458287 -0.620819
v 0.127476 0.453547 -0.627241
v 0.122518 0.450768 -0.634281
v 0.119607 0.557710 -0.636663
v 0.123139 0.554278 -0.628681
v 0.126422 0.548936 -0.621261
v 0.129329 0.541890 -0.614687
v 0.131749 0.533409 -0.609211
v 0.133589 0.523821 -0.605045
v 0.134777 0.513493 -0.602348
v 0.135269 0.502823 -0.601225
v 0.135045 0.492220 -0.601718
v 0.134114 0.482092 -0.603808
v 0.132512 0.472828 -0.607415
v 0.130301 0.464784 -0.612401
v 0.127564 0.458270 -0.618572
v 0.124408 0.453535 -0.625694
v 0.120954 0.450762 -0.633492
v 0.117903 0.557718 -0.636189
v 0.119797 0.554292 -0.627753
v 0.121571 0.548957 -0.619913
v 0.123155 0.541916 -0.612971
v 0.124489 0.533440 -0.607194
v 0.125521 0.523855 -0.602803
v 0.126213 0.513529 -0.599969
v 0.126537 0.502859 -0.598799
v 0.126481 0.492256 -0.599338
v 0.126047 0.482126 -0.601566
v 0.125252 0.472858 -0.605398
v 0.124126 0.464810 -0.610685
v 0.122713 0.458290 -0.617225
v 0.121066 0.453549 -0.624766
v 0.119250 0.450769 -0.633019
v 0.116126 0.557738 -0.636050
v 0.116310 0.554332 -0.627478
v 0.116508 0.549014 -0.619514
v 0.116712 0.541989 -0.612464
v 0.116912 0.533525 -0.606597
v 0.117103 0.523950 -0.602141
v 0.117276 0.513630 -0.599266
v 0.117425 0.502962 -0.598082
v 0.117544 0.492357 -0.598635
v 0.117629 0.482221 -0.600904
v 0.117675 0.472944 -0.604802
v 0.117683 0.464883 -0.610178
v 0.117650 0.458347 -0.616826
v 0.117579 0.453588 -0.624492
v 0.117473 0.450789 -0.632879
v 0.114342 0.557770 -0.636249
v 0.112812 0.554395 -0.627869
v 0.111429 0.549106 -0.620081
v 0.110247 0.542105 -0.613185
v 0.109311 0.533663 -0.607446
v 0.108657 0.524103 -0.603084
v 0.108310 0.513792 -0.600266
v 0.108283 0.503127 -0.599102
v 0.108578 0.492519 -0.599636
v 0.109183 0.482373 -0.601846
v 0.110074 0.473081 -0.605650
v 0.111219 0.465000 -0.610899
v 0.112571 0.458439 -0.617393
v 0.114081 0.453651 -0.624882
v 0.115689 0.450821 -0.633078
v 0.112621 0.557813 -0.636779
v 0.109437 0.554479 -0.628909
v 0.106529 0.549228 -0.621591
v 0.104010 0.542262 -0.615107
v 0.101977 0.533846 -0.609706
v 0.100508 0.524306 -0.605595
v 0.099659 0.514009 -0.602932
v 0.099463 0.503348 -0.601820
v 0.099927 0.492735 -0.602302
v 0.101033 0.482577 -0.604358
v 0.102740 0.473265 -0.607910
v 0.104981 0.465156 -0.612821
v 0.107671 0.458562 -0.618903
v 0.110705 0.453736 -0.625922
v 0.113968 0.450864 -0.633608
v 0.111030 0.557865 -0.637620
v 0.106314 0.554582 -0.630559
v 0.101996 0.549377 -0.623987
v 0.098240 0.542451 -0.618156
v 0.095192 0.534069 -0.613291
v 0.092969 0.524554 -0.609578
v 0.091655 0.514271 -0.607161
v 0.091302 0.503616 -0.606131
v 0.091923 0.492998 -0.606530
v 0.093494 0.482825 -0.608341
v 0.095955 0.473488 -0.611494
v 0.099211 0.465345 -0.615870
v 0.103137 0.458711 -0.621299
v 0.107583 0.453839 -0.627572
v 0.112376 0.450917 -0.634450
v 0.109627 0.557925 -0.638740
v 0.103564 0.554699 -0.632755
v 0.098003 0.549547 -0.627175
v 0.093159 0.542667 -0.622214
v 0.089217 0.534323 -0.618062
v 0.086330 0.524836 -0.614880
v 0.084607 0.514571 -0.612789
v 0.084116 0.503921 -0.611870
v 0.084875 0.493297 -0.612159
v 0.086855 0.483107 -0.613643
v 0.089980 0.473742 -0.616267
v 0.094130 0.465561 -0.619928
v 0.099145 0.458880 -0.624487
v 0.104833 0.453955 -0.629768
v 0.110975 0.450976 -0.635569
v 0.108470 0.557989 -0.640095
v 0.101292 0.554825 -0.635413
v 0.094705 0.549730 -0.631034
v 0.088962 0.542900 -0.627126
v 0.084282 0.534597 -0.623838
v 0.080846 0.525141 -0.621298
v 0.078785 0.514895 -0.619602
v 0.078180 0.504252 -0.618817
v 0.079054 0.493621 -0.618971
v 0.081371 0.483412 -0.620060
v 0.085045 0.474016 -0.622042
v 0.089933 0.465795 -0.624840
v 0.095847 0.459064 -0.628346
v 0.102561 0.454082 -0.632427
v 0.109817 0.451041 -0.636924
v 0.107600 0.558056 -0.641634
v 0.099587 0.554956 -0.638431
v 0.092229 0.549921 -0.635416
v 0.085809 0.543143 -0.632702
v 0.080575 0.534883 -0.630395
v 0.076728 0.525458 -0.628584
v 0.074414 0.515231 -0.627337
v 0.073723 0.504595 -0.626703
v 0.074682 0.493958 -0.626706
v 0.077253 0.483729 -0.627347
v 0.081338 0.474301 -0.628600
v 0.086781 0.466037 -0.630416
v 0.093371 0.459254 -0.632728
v 0.100855 0.454213 -0.635445
v 0.108947 0.451108 -0.638463
v 0.107052 0.558123 -0.643296
v 0.098512 0.555088 -0.641693
v 0.090669 0.550111 -0.640151
v 0.083824 0.543385 -0.638729
v 0.078240 0.535167 -0.637483
v 0.074133 0.525774 -0.636459
v 0.071660 0.515567 -0.635697
v 0.070915 0.504937 -0.635227
v 0.071927 0.494293 -0.635066
v 0.074659 0.484045 -0.635221
v 0.079004 0.474586 -0.635686
v 0.084795 0.466279 -0.636443
v 0.091811 0.459444 -0.637463
v 0.099781 0.454344 -0.638706
v 0.108399 0.451174 -0.640126
v 0.106847 0.558187 -0.645020
v 0.098110 0.555213 -0.645073
v 0.090085 0.550294 -0.645058
v 0.083081 0.543617 -0.644975
v 0.077367 0.535441 -0.644827
v 0.073163 0.526078 -0.644619
v 0.070629 0.515889 -0.644360
v 0.069864 0.505265 -0.644060
v 0.070897 0.494616 -0.643730
v 0.073688 0.484348 -0.643382
v 0.078130 0.474859 -0.643031
v 0.084052 0.466511 -0.642689
v 0.091227 0.459627 -0.642371
v 0.099379 0.454470 -0.642087
v 0.108194 0.451238 -0.641849
v 0.106993 0.558246 -0.646737
v 0.098396 0.555329 -0.648443
v 0.090500 0.550461 -0.649949
v 0.083609 0.543831 -0.651200
v 0.077988 0.535692 -0.652147
v 0.073853 0.526357 -0.652753
v 0.071362 0.516185 -0.652995
v 0.070611 0.505567 -0.652863
v 0.071630 0.494912 -0.652364
v 0.074378 0.484628 -0.651516
v 0.078751 0.475110 -0.650351
v 0.084581 0.466725 -0.648914
v 0.091642 0.459795 -0.647262
v 0.099665 0.454585 -0.645456
v 0.108340 0.451297 -0.643566
v 0.107484 0.558298 -0.648383
v 0.099359 0.555430 -0.651670
v 0.091898 0.550608 -0.654636
v 0.085389 0.544018 -0.657165
v 0.080081 0.535911 -0.659160
v 0.076178 0.526601 -0.660546
v 0.073830 0.516444 -0.661268
v 0.073128 0.505832 -0.661298
v 0.074098 0.495171 -0.660637
v 0.076703 0.484872 -0.659308
v 0.080844 0.475330 -0.657364
v 0.086360 0.466912 -0.654879
v 0.093040 0.459941 -0.651948
v 0.100628 0.454686 -0.648684
v 0.108831 0.451349 -0.645212
v 0.108301 0.558340 -0.649893
v 0.100962 0.555513 -0.654634
v 0.094225 0.550728 -0.658937
v 0.088351 0.544171 -0.662640
v 0.083564 0.536091 -0.665598
v 0.080048 0.526800 -0.667699
v 0.077938 0.516656 -0.668862
v 0.077317 0.506047 -0.669041
v 0.078206 0.495383 -0.668231
v 0.080573 0.485071 -0.666462
v 0.084327 0.475510 -0.663802
v 0.089322 0.467065 -0.660354
v 0.095367 0.460062 -0.656250
v 0.102231 0.454769 -0.651647
v 0.109648 0.451391 -0.646723
v 0.109413 0.558371 -0.651211
v 0.103143 0.555574 -0.657218
v 0.097392 0.550817 -0.662689
v 0.092382 0.544283 -0.667415
v 0.088303 0.536224 -0.671213
v 0.085314 0.526948 -0.673938
v 0.083529 0.516812 -0.675485
v 0.083017 0.506207 -0.675794
v 0.083797 0.495539 -0.674854
v 0.085840 0.485219 -0.672701
v 0.089066 0.475642 -0.669417
v 0.093353 0.467178 -0.665129
v 0.098534 0.460150 -0.660001
v 0.104412 0.454830 -0.654231
v 0.110760 0.451422 -0.648040
v 0.110777 0.558390 -0.652284
v 0.105819 0.555610 -0.659324
v 0.101277 0.550871 -0.665747
v 0.097326 0.544352 -0.671306
v 0.094117 0.536304 -0.675789
v 0.091775 0.527037 -0.679023
v 0.090388 0.516908 -0.680883
v 0.090010 0.506304 -0.681298
v 0.090656 0.495634 -0.680252
v 0.092300 0.485308 -0.677786
v 0.094881 0.475723 -0.673993
v 0.098297 0.467246 -0.669021
v 0.102419 0.460204 -0.663059
v 0.107088 0.454868 -0.656337
v 0.112124 0.451441 -0.649114
v 0.112341 0.558396 -0.653073
v 0.108887 0.555622 -0.660871
v 0.105731 0.550888 -0.667993
v 0.102995 0.544374 -0.674165
v 0.100783 0.536329 -0.679150
v 0.099181 0.527066 -0.682757
v 0.098250 0.516938 -0.684847
v 0.098026 0.506335 -0.685340
v 0.098518 0.495664 -0.684217
v 0.099706 0.485336 -0.681520
v 0.101546 0.475748 -0.677354
v 0.103966 0.467268 -0.671879
v 0.106873 0.460221 -0.665305
v 0.110156 0.454879 -0.657884
v 0.113688 0.451447 -0.649902
v 0.114045 0.558389 -0.653546
v 0.112228 0.555608 -0.661799
v 0.110582 0.550867 -0.669341
v 0.109169 0.544347 -0.675881
v 0.108043 0.536299 -0.681168
v 0.107248 0.527032 -0.684999
v 0.106814 0.516902 -0.687227
v 0.106758 0.506298 -0.687766
v 0.107082 0.495628 -0.686597
v 0.107774 0.485302 -0.683762
v 0.108806 0.475717 -0.679372
v 0.110140 0.467241 -0.673595
v 0.111724 0.460201 -0.666653
v 0.113497 0.454865 -0.658813
v 0.115392 0.451440 -0.650376
v 0.115822 0.558368 -0.653686
v 0.115716 0.555569 -0.662074
v 0.115612 0.544274 -0.676387
v 0.115667 0.526937 -0.685661
v 0.116192 0.485207 -0.684424
v 0.116583 0.467169 -0.674102
v 0.116787 0.460143 -0.667051
v 0.116985 0.454825 -0.659087
v 0.117169 0.451420 -0.650515
v -0.379908 -0.110177 -0.659171
v -0.393027 0.931396 -0.690050
v -0.384177 -0.101301 -0.907382
v -0.397296 0.940271 -0.938261
v 0.285004 -0.119937 -0.648123
v 0.271884 0.921635 -0.679001
v 0.280735 -0.111061 -0.896333
v 0.267615 0.930511 -0.927212
v -0.072202 1.350742 -1.028463
v -0.066405 1.338688 -0.691393
v -0.008012 1.342305 -1.027176
v -0.002214 1.330251 -0.690106
v 0.053901 1.319199 -1.025493
v 0.059698 1.307145 -0.688424
v 0.111157 1.282313 -1.023480
v 0.116954 1.270259 -0.686411
v 0.161555 1.233063 -1.021215
v 0.167352 1.221009 -0.684145
v 0.203159 1.173343 -1.018783
v 0.208956 1.161289 -0.681714
v 0.234369 1.105447 -1.016279
v 0.240166 1.093394 -0.679209
v 0.253987 1.031986 -1.013799
v 0.259784 1.019932 -0.676729
v 0.261259 0.955780 -1.011437
v 0.267056 0.943727 -0.674368
v 0.255905 0.879761 -1.009286
v 0.261702 0.867707 -0.672216
v 0.238130 0.806848 -1.007427
v 0.243927 0.794794 -0.670357
v 0.208619 0.739844 -1.005931
v 0.214416 0.727790 -0.668862
v 0.168505 0.681323 -1.004858
v 0.174301 0.669270 -0.667788
v 0.119329 0.633535 -1.004246
v 0.125126 0.621482 -0.667177
v 0.062981 0.598316 -1.004122
v 0.068778 0.586263 -0.667052
v 0.001628 0.577020 -1.004488
v 0.007425 0.564966 -0.667418
v -0.062374 0.570464 -1.005331
v -0.056577 0.558410 -0.668261
v -0.126565 0.578902 -1.006618
v -0.120768 0.566848 -0.669548
v -0.188478 0.602008 -1.008300
v -0.182681 0.589954 -0.671231
v -0.245733 0.638894 -1.010313
v -0.239936 0.626840 -0.673243
v -0.296132 0.688143 -1.012579
v -0.290334 0.676090 -0.675509
v -0.337735 0.747864 -1.015010
v -0.331938 0.735810 -0.677940
v -0.368946 0.815759 -1.017514
v -0.363149 0.803706 -0.680445
v -0.388564 0.889221 -1.019995
v -0.382767 0.877167 -0.682925
v -0.395835 0.965426 -1.022356
v -0.390038 0.953372 -0.685286
v -0.390481 1.041446 -1.024507
v -0.384684 1.029392 -0.687438
v -0.372707 1.114359 -1.026367
v -0.366910 1.102305 -0.689297
v -0.343195 1.181363 -1.027862
v -0.337398 1.169309 -0.690793
v -0.303081 1.239883 -1.028936
v -0.297284 1.227830 -0.691866
v -0.253905 1.287671 -1.029546
v -0.248108 1.275618 -0.692477
v -0.197558 1.322890 -1.029672
v -0.191761 1.310837 -0.692602
v -0.136204 1.344187 -1.029306
v -0.130407 1.332133 -0.692236
v -0.355478 -0.072565 -0.643035
v -0.367625 0.891854 -0.671627
v -0.359430 -0.064347 -0.872860
v -0.371578 0.900073 -0.901452
v 0.260181 -0.081602 -0.632805
v 0.248034 0.882817 -0.661396
v 0.256229 -0.073384 -0.862630
v 0.244081 0.891035 -0.891221
v -0.070565 1.280138 -0.984972
v -0.065197 1.268977 -0.672871
v -0.011129 1.272326 -0.983780
v -0.005761 1.261165 -0.671679
v 0.046198 1.250931 -0.982222
v 0.051566 1.239770 -0.670121
v 0.099212 1.216777 -0.980359
v 0.104580 1.205616 -0.668257
v 0.145877 1.171176 -0.978261
v 0.151245 1.160015 -0.666160
v 0.184399 1.115879 -0.976009
v 0.189767 1.104719 -0.663908
v 0.213298 1.053013 -0.973691
v 0.218666 1.041852 -0.661589
v 0.231463 0.984993 -0.971394
v 0.236830 0.973832 -0.659293
v 0.238196 0.914433 -0.969208
v 0.243563 0.903272 -0.657106
v 0.233238 0.844044 -0.967215
v 0.238606 0.832883 -0.655114
v 0.216780 0.776532 -0.965494
v 0.222148 0.765371 -0.653393
v 0.189455 0.714491 -0.964110
v 0.194823 0.703331 -0.652008
v 0.152312 0.660305 -0.963115
v 0.157679 0.649144 -0.651014
v 0.106779 0.616057 -0.962550
v 0.112146 0.604897 -0.650448
v 0.054605 0.583447 -0.962434
v 0.059973 0.572287 -0.650332
v -0.002204 0.563728 -0.962773
v 0.003164 0.552568 -0.650671
v -0.061465 0.557658 -0.963553
v -0.056097 0.546498 -0.651452
v -0.120901 0.565471 -0.964745
v -0.115533 0.554310 -0.652644
v -0.178227 0.586865 -0.966303
v -0.172860 0.575704 -0.654202
v -0.231242 0.621019 -0.968166
v -0.225874 0.609858 -0.656065
v -0.277907 0.666621 -0.970264
v -0.272539 0.655460 -0.658163
v -0.316428 0.721917 -0.972516
v -0.311061 0.710756 -0.660414
v -0.345327 0.784783 -0.974834
v -0.339960 0.773622 -0.662733
v -0.363492 0.852803 -0.977131
v -0.358124 0.841643 -0.665030
v -0.370225 0.923364 -0.979318
v -0.364857 0.912203 -0.667216
v -0.365267 0.993752 -0.981310
v -0.359900 0.982592 -0.669209
v -0.348810 1.061264 -0.983031
v -0.343442 1.050103 -0.670930
v -0.321484 1.123305 -0.984415
v -0.316116 1.112144 -0.672314
v -0.284341 1.177491 -0.985410
v -0.278974 1.166330 -0.673309
v -0.238808 1.221739 -0.985976
v -0.233440 1.210578 -0.673874
v -0.186635 1.254349 -0.986091
v -0.181267 1.243188 -0.673990
v -0.129826 1.274068 -0.985752
v -0.124458 1.262907 -0.673651
v -0.913188 3.114381 -1.222903
v -0.945382 3.128261 -1.125021
v -0.900826 3.043157 -1.208738
v -0.933020 3.057037 -1.110855
v -0.878863 2.976236 -1.192025
v -0.911057 2.990116 -1.094142
v -0.848143 2.916190 -1.173406
v -0.880337 2.930071 -1.075523
v -0.809846 2.865328 -1.153597
v -0.842040 2.879209 -1.055715
v -0.765444 2.825604 -1.133361
v -0.797638 2.839484 -1.035477
v -0.716644 2.798544 -1.113473
v -0.748838 2.812423 -1.015589
v -0.665320 2.785188 -1.094698
v -0.697514 2.799068 -0.996815
v -0.613446 2.786049 -1.077759
v -0.645640 2.799929 -0.979875
v -0.563014 2.801095 -1.063305
v -0.595208 2.814975 -0.965422
v -0.515963 2.829746 -1.051892
v -0.548157 2.843627 -0.954009
v -0.474100 2.870904 -1.043959
v -0.506295 2.884784 -0.946077
v -0.439036 2.922984 -1.039812
v -0.471230 2.936864 -0.941929
v -0.412116 2.983986 -1.039608
v -0.444310 2.997867 -0.941725
v -0.394377 3.051567 -1.043356
v -0.426571 3.065447 -0.945473
v -0.386498 3.123127 -1.050912
v -0.418692 3.137007 -0.953030
v -0.388784 3.195919 -1.061986
v -0.420978 3.209798 -0.964103
v -0.401145 3.267143 -1.076152
v -0.433340 3.281023 -0.978269
v -0.423109 3.334064 -1.092865
v -0.455303 3.347944 -0.994982
v -0.453829 3.394109 -1.111484
v -0.486023 3.407989 -1.013601
v -0.492126 3.444971 -1.131292
v -0.524320 3.458851 -1.033409
v -0.536528 3.484696 -1.151529
v -0.568722 3.498576 -1.053646
v -0.585328 3.511756 -1.171417
v -0.617522 3.525636 -1.073534
v -0.636652 3.525113 -1.190192
v -0.668846 3.538992 -1.092309
v -0.688526 3.524251 -1.207131
v -0.720720 3.538131 -1.109248
v -0.738958 3.509205 -1.221585
v -0.771152 3.523085 -1.123702
v -0.786009 3.480553 -1.232997
v -0.818203 3.494433 -1.135115
v -0.827871 3.439396 -1.240930
v -0.860065 3.453276 -1.143047
v -0.862936 3.387316 -1.245078
v -0.895130 3.401196 -1.147195
v -0.889855 3.326313 -1.245282
v -0.922049 3.340194 -1.147399
v -0.907595 3.258734 -1.241534
v -0.939789 3.272613 -1.143651
v -0.915474 3.187172 -1.233977
v -0.947668 3.201053 -1.136094
v 0.253652 3.107966 -1.171684
v 0.279179 3.118725 -1.088126
v 0.267958 3.048793 -1.166549
v 0.293484 3.059552 -1.082992
v 0.290036 2.993375 -1.163966
v 0.315562 3.004134 -1.080408
v 0.319039 2.943843 -1.164034
v 0.344565 2.954602 -1.080476
v 0.353852 2.902100 -1.166749
v 0.379379 2.912858 -1.083192
v 0.393137 2.869750 -1.172009
v 0.418664 2.880508 -1.088451
v 0.435385 2.848036 -1.179610
v 0.460912 2.858795 -1.096053
v 0.478972 2.837793 -1.189261
v 0.504498 2.848552 -1.105703
v 0.522222 2.839414 -1.200590
v 0.547749 2.850173 -1.117033
v 0.563474 2.852838 -1.213163
v 0.589001 2.863596 -1.129606
v 0.601143 2.877547 -1.226496
v 0.626670 2.888305 -1.142939
v 0.633781 2.912593 -1.240077
v 0.659308 2.923352 -1.156520
v 0.660134 2.956630 -1.253384
v 0.685660 2.967388 -1.169826
v 0.679188 3.007963 -1.265905
v 0.704714 3.018722 -1.182348
v 0.690212 3.064622 -1.277160
v 0.715739 3.075380 -1.193602
v 0.692782 3.124428 -1.286715
v 0.718309 3.135186 -1.203157
v 0.686800 3.185083 -1.294204
v 0.712326 3.195841 -1.210647
v 0.672494 3.244256 -1.299339
v 0.698021 3.255015 -1.215781
v 0.650416 3.299674 -1.301922
v 0.675942 3.310432 -1.218364
v 0.621413 3.349206 -1.301854
v 0.646939 3.359965 -1.218297
v 0.586600 3.390949 -1.299139
v 0.612126 3.401708 -1.215581
v 0.547315 3.423300 -1.293880
v 0.572841 3.434058 -1.210322
v 0.505067 3.445013 -1.286278
v 0.530593 3.455772 -1.202721
v 0.461480 3.455256 -1.276628
v 0.487007 3.466015 -1.193070
v 0.418230 3.453635 -1.265298
v 0.443756 3.464394 -1.181741
v 0.376977 3.440212 -1.252725
v 0.402504 3.450970 -1.169167
v 0.339309 3.415502 -1.239392
v 0.364835 3.426260 -1.155834
v 0.306671 3.380456 -1.225811
v 0.332197 3.391214 -1.142254
v 0.280318 3.336419 -1.212504
v 0.305845 3.347178 -1.128947
v 0.261264 3.285086 -1.199983
v 0.286790 3.295844 -1.116426
v 0.250240 3.228428 -1.188729
v 0.275766 3.239186 -1.105171
v 0.247670 3.168622 -1.179173
v 0.273196 3.179380 -1.095616
v 0.197161 3.098669 -1.189780
v 0.227793 3.111579 -1.089510
v 0.214327 3.027661 -1.183618
v 0.244959 3.040572 -1.083349
v 0.240821 2.961160 -1.180518
v 0.271453 2.974070 -1.080248
v 0.275625 2.901721 -1.180598
v 0.306257 2.914631 -1.080330
v 0.317401 2.851629 -1.183858
v 0.348033 2.864540 -1.083589
v 0.364543 2.812809 -1.190169
v 0.395175 2.825720 -1.089900
v 0.415240 2.786753 -1.199290
v 0.445872 2.799663 -1.099021
v 0.467544 2.774461 -1.210871
v 0.498176 2.787371 -1.110602
v 0.519445 2.776407 -1.224467
v 0.550077 2.789317 -1.124198
v 0.568948 2.792515 -1.239554
v 0.599580 2.805425 -1.139285
v 0.614150 2.822167 -1.255554
v 0.644782 2.835076 -1.155285
v 0.653316 2.864222 -1.271851
v 0.683948 2.877132 -1.171582
v 0.684939 2.917066 -1.287819
v 0.715571 2.929975 -1.187550
v 0.707804 2.978666 -1.302844
v 0.738436 2.991575 -1.202575
v 0.721033 3.046656 -1.316350
v 0.751665 3.059566 -1.216080
v 0.724117 3.118423 -1.327816
v 0.754749 3.131333 -1.227547
v 0.716938 3.191209 -1.336803
v 0.747570 3.204119 -1.236534
v 0.699772 3.262217 -1.342965
v 0.730403 3.275127 -1.242696
v 0.673278 3.328718 -1.346065
v 0.703909 3.341628 -1.245796
v 0.638474 3.388157 -1.345984
v 0.669105 3.401067 -1.245715
v 0.596698 3.438249 -1.342725
v 0.627330 3.451159 -1.242456
v 0.549556 3.477069 -1.336414
v 0.580188 3.489979 -1.236145
v 0.498859 3.503125 -1.327292
v 0.529491 3.516036 -1.227023
v 0.446555 3.515417 -1.315711
v 0.477187 3.528327 -1.215442
v 0.394654 3.513472 -1.302116
v 0.425286 3.526382 -1.201847
v 0.345151 3.497364 -1.287028
v 0.375783 3.510274 -1.186759
v 0.299949 3.467712 -1.271029
v 0.330580 3.480622 -1.170759
v 0.260783 3.425657 -1.254732
v 0.291415 3.438566 -1.154463
v 0.229161 3.372813 -1.238763
v 0.259792 3.385723 -1.138495
v 0.206295 3.311213 -1.223738
v 0.236927 3.324123 -1.123469
v 0.193066 3.243222 -1.210232
v 0.223698 3.256133 -1.109964
v 0.189982 3.171455 -1.198766
v 0.220614 3.184366 -1.098497
v 0.371226 -0.059463 0.799270
v 0.928665 -0.079667 0.532058
v 0.583139 -0.054051 0.284263
v 0.262133 -0.238645 0.461219
v 0.371226 -0.059463 0.799270
v 0.307364 -0.046012 0.478771
v 0.843432 -0.282912 0.915511
v 0.928665 -0.079667 0.532058
v 0.835103 -0.085794 0.878059
v 0.843432 -0.282912 0.915511
v 0.371226 -0.059463 0.799270
v 0.297176 -0.252612 0.845888
v 0.572668 -0.247698 0.242187
v 0.307364 -0.046012 0.478771
v 0.583139 -0.054051 0.284263
v 0.572668 -0.247698 0.242187
v 0.928665 -0.079667 0.532058
v 0.964138 -0.275986 0.499739
v -0.561755 -0.014102 0.472114
v -0.774041 0.018715 -0.219609
v -1.120958 0.025234 0.138754
v -0.977385 -0.176980 0.528501
v -0.561755 -0.014102 0.472114
v -0.943775 0.004961 0.491551
v -0.350516 -0.190372 -0.068066
v -0.774041 0.018715 -0.219609
v -0.389858 -0.006346 -0.052258
v -0.350516 -0.190372 -0.068066
v -0.561755 -0.014102 0.472114
v -0.526097 -0.200997 0.553329
v -1.176849 -0.154162 0.131184
v -0.943775 0.004961 0.491551
v -1.120958 0.025234 0.138754
v -0.810707 -0.160039 -0.278789
v -1.120958 0.025234 0.138754
v -0.774041 0.018715 -0.219609
v -0.543749 0.001022 0.829430
v 0.180330 -0.040773 0.973505
v 0.027718 -0.017575 0.488223
v -0.408278 -0.203284 0.433927
v -0.543749 0.001022 0.829430
v -0.375130 0.003531 0.476644
v -0.178265 -0.242070 1.286192
v 0.180330 -0.040773 0.973505
v -0.156955 -0.031775 1.237784
v -0.178265 -0.242070 1.286192
v -0.543749 0.001022 0.829430
v -0.650345 -0.203275 0.827529
v -0.408278 -0.203284 0.433927
v 0.027718 -0.017575 0.488223
v 0.045404 -0.227042 0.446978
v 0.045404 -0.227042 0.446978
v 0.180330 -0.040773 0.973505
v 0.234935 -0.253479 0.974581
v -0.021888 -0.000265 -0.433072
v 0.183802 -0.038497 0.442198
v 0.643590 -0.049019 0.026755
v 0.476847 -0.220162 -0.472673
v -0.021888 -0.000265 -0.433072
v 0.453309 -0.024930 -0.425392
v -0.349794 -0.199354 0.214805
v 0.183802 -0.038497 0.442198
v -0.278523 -0.007135 0.202731
v -0.349794 -0.199354 0.214805
v -0.021888 -0.000265 -0.433072
v -0.080510 -0.189319 -0.541059
v 0.476847 -0.220162 -0.472673
v 0.643590 -0.049019 0.026755
v 0.691088 -0.247287 0.036517
v 0.691088 -0.247287 0.036517
v 0.183802 -0.038497 0.442198
v 0.203099 -0.237287 0.514350
v 0.583139 -0.054051 0.284263
v 0.307364 -0.046012 0.478771
v 0.371226 -0.059463 0.799270
v 0.371226 -0.059463 0.799270
v 0.835103 -0.085794 0.878059
v 0.928665 -0.079667 0.532058
v 0.262133 -0.238645 0.461219
v 0.297176 -0.252612 0.845888
v 0.371226 -0.059463 0.799270
v 0.843432 -0.282912 0.915511
v 0.964138 -0.275986 0.499739
v 0.928665 -0.079667 0.532058
v 0.843432 -0.282912 0.915511
v 0.835103 -0.085794 0.878059
v 0.371226 -0.059463 0.799270
v 0.572668 -0.247698 0.242187
v 0.262133 -0.238645 0.461219
v 0.307364 -0.046012 0.478771
v 0.572668 -0.247698 0.242187
v 0.583139 -0.054051 0.284263
v 0.928665 -0.079667 0.532058
v -1.120958 0.025234 0.138754
v -0.943775 0.004961 0.491551
v -0.561755 -0.014102 0.472114
v -0.561755 -0.014102 0.472114
v -0.389858 -0.006346 -0.052258
v -0.774041 0.018715 -0.219609
v -0.977385 -0.176980 0.528501
v -0.526097 -0.200997 0.553329
v -0.561755 -0.014102 0.472114
v -0.350516 -0.190372 -0.068066
v -0.810707 -0.160039 -0.278789
v -0.774041 0.018715 -0.219609
v -0.350516 -0.190372 -0.068066
v -0.389858 -0.006346 -0.052258
v -0.561755 -0.014102 0.472114
v -1.176849 -0.154162 0.131184
v -0.977385 -0.176980 0.528501
v -0.943775 0.004961 0.491551
v -0.810707 -0.160039 -0.278789
v -1.176849 -0.154162 0.131184
v -1.120958 0.025234 0.138754
v 0.027718 -0.017575 0.488223
v -0.375130 0.003531 0.476644
v -0.543749 0.001022 0.829430
v -0.543749 0.001022 0.829430
v -0.156955 -0.031775 1.237784
v 0.180330 -0.040773 0.973505
v -0.408278 -0.203284 0.433927
v -0.650345 -0.203275 0.827529
v -0.543749 0.001022 0.829430
v -0.178265 -0.242070 1.286192
v 0.234935 -0.253479 0.974581
v 0.180330 -0.040773 0.973505
v -0.178265 -0.242070 1.286192
v -0.156955 -0.031775 1.237784
v -0.543749 0.001022 0.829430
v -0.408278 -0.203284 0.433927
v -0.375130 0.003531 0.476644
v 0.027718 -0.017575 0.488223
v 0.045404 -0.227042 0.446978
v 0.027718 -0.017575 0.488223
v 0.180330 -0.040773 0.973505
v 0.643590 -0.049019 0.026755
v 0.453309 -0.024930 -0.425392
v -0.021888 -0.000265 -0.433072
v -0.021888 -0.000265 -0.433072
v -0.278523 -0.007135 0.202731
v 0.183802 -0.038497 0.442198
v 0.476847 -0.220162 -0.472673
v -0.080510 -0.189319 -0.541059
v -0.021888 -0.000265 -0.433072
v -0.349794 -0.199354 0.214805
v 0.203099 -0.237287 0.514350
v 0.183802 -0.038497 0.442198
v -0.349794 -0.199354 0.214805
v -0.278523 -0.007135 0.202731
v -0.021888 -0.000265 -0.433072
v 0.476847 -0.220162 -0.472673
v 0.453309 -0.024930 -0.425392
v 0.643590 -0.049019 0.026755
v 0.691088 -0.247287 0.036517
v 0.643590 -0.049019 0.026755
v 0.183802 -0.038497 0.442198
v -0.261137 -0.016531 1.470217
v -0.878218 -0.036735 1.506968
v -0.651950 -0.011119 1.866958
v -0.287877 -0.195713 1.824427
v -0.261137 -0.016531 1.470217
v -0.323122 -0.003080 1.791084
v -0.654404 -0.239980 1.184155
v -0.878218 -0.036735 1.506968
v -0.660845 -0.042862 1.221977
v -0.654404 -0.239980 1.184155
v -0.261137 -0.016531 1.470217
v -0.174961 -0.209680 1.455038
v -0.658156 -0.204766 1.909871
v -0.323122 -0.003080 1.791084
v -0.651950 -0.011119 1.866958
v -0.658156 -0.204766 1.909871
v -0.878218 -0.036735 1.506968
v -0.923274 -0.233054 1.523486
v 0.479038 0.028829 2.125675
v 0.414191 0.061647 2.846329
v 0.870806 0.068166 2.645632
v 0.885158 -0.134048 2.230529
v 0.479038 0.028829 2.125675
v 0.840078 0.047893 2.252040
v 0.079336 -0.147440 2.545978
v 0.414191 0.061647 2.846329
v 0.121734 0.036586 2.546208
v 0.079336 -0.147440 2.545978
v 0.479038 0.028829 2.125675
v 0.476715 -0.158066 2.037007
v 0.919692 -0.111230 2.673761
v 0.840078 0.047893 2.252040
v 0.870806 0.068166 2.645632
v 0.425776 -0.117107 2.914975
v 0.870806 0.068166 2.645632
v 0.414191 0.061647 2.846329
v 0.597393 0.043954 1.788049
v -0.018554 0.002159 1.381038
v -0.060639 0.025357 1.888008
v 0.322511 -0.160352 2.103034
v 0.597393 0.043954 1.788049
v 0.307963 0.046463 2.050958
v 0.431612 -0.199138 1.227044
v -0.018554 0.002159 1.381038
v 0.393590 0.011157 1.263810
v 0.431612 -0.199138 1.227044
v 0.597393 0.043954 1.788049
v 0.695365 -0.160343 1.830090
v 0.322511 -0.160352 2.103034
v -0.060639 0.025357 1.888008
v -0.092600 -0.184110 1.919511
v -0.092600 -0.184110 1.919511
v -0.018554 0.002159 1.381038
v -0.068704 -0.210547 1.359407
v -0.362855 0.042667 2.759736
v -0.222542 0.004435 1.871638
v -0.805227 -0.006087 2.082530
v -0.839575 -0.177230 2.607936
v -0.362855 0.042667 2.759736
v -0.799915 0.018002 2.573055
v 0.185561 -0.156423 2.283809
v -0.222542 0.004435 1.871638
v 0.115011 0.035797 2.268054
v 0.185561 -0.156423 2.283809
v -0.362855 0.042667 2.759736
v -0.349387 -0.146387 2.881868
v -0.839575 -0.177230 2.607936
v -0.805227 -0.006087 2.082530
v -0.845515 -0.204355 2.055542
v -0.845515 -0.204355 2.055542
v -0.222542 0.004435 1.871638
v -0.213143 -0.194355 1.797544
v -0.651950 -0.011119 1.866958
v -0.323122 -0.003080 1.791084
v -0.261137 -0.016531 1.470217
v -0.261137 -0.016531 1.470217
v -0.660845 -0.042862 1.221977
v -0.878218 -0.036735 1.506968
v -0.287877 -0.195713 1.824427
v -0.174961 -0.209680 1.455038
v -0.261137 -0.016531 1.470217
v -0.654404 -0.239980 1.184155
v -0.923274 -0.233054 1.523486
v -0.878218 -0.036735 1.506968
v -0.654404 -0.239980 1.184155
v -0.660845 -0.042862 1.221977
v -0.261137 -0.016531 1.470217
v -0.658156 -0.204766 1.909871
v -0.287877 -0.195713 1.824427
v -0.323122 -0.003080 1.791084
v -0.658156 -0.204766 1.909871
v -0.651950 -0.011119 1.866958
v -0.878218 -0.036735 1.506968
v 0.870806 0.068166 2.645632
v 0.840078 0.047893 2.252040
v 0.479038 0.028829 2.125675
v 0.479038 0.028829 2.125675
v 0.121734 0.036586 2.546208
v 0.414191 0.061647 2.846329
v 0.885158 -0.134048 2.230529
v 0.476715 -0.158066 2.037007
v 0.479038 0.028829 2.125675
v 0.079336 -0.147440 2.545978
v 0.425776 -0.117107 2.914975
v 0.414191 0.061647 2.846329
v 0.079336 -0.147440 2.545978
v 0.121734 0.036586 2.546208
v 0.479038 0.028829 2.125675
v 0.919692 -0.111230 2.673761
v 0.885158 -0.134048 2.230529
v 0.840078 0.047893 2.252040
v 0.425776 -0.117107 2.914975
v 0.919692 -0.111230 2.673761
v 0.870806 0.068166 2.645632
v -0.060639 0.025357 1.888008
v 0.307963 0.046463 2.050958
v 0.597393 0.043954 1.788049
v 0.597393 0.043954 1.788049
v 0.393590 0.011157 1.263810
v -0.018554 0.002159 1.381038
v 0.322511 -0.160352 2.103034
v 0.695365 -0.160343 1.830090
v 0.597393 0.043954 1.788049
v 0.431612 -0.199138 1.227044
v -0.068704 -0.210547 1.359407
v -0.018554 0.002159 1.381038
v 0.431612 -0.199138 1.227044
v 0.393590 0.011157 1.263810
v 0.597393 0.043954 1.788049
v 0.322511 -0.160352 2.103034
v 0.307963 0.046463 2.050958
v -0.060639 0.025357 1.888008
v -0.092600 -0.184110 1.919511
v -0.060639 0.025357 1.888008
v -0.018554 0.002159 1.381038
v -0.805227 -0.006087 2.082530
v -0.799915 0.018002 2.573055
v -0.362855 0.042667 2.759736
v -0.362855 0.042667 2.759736
v 0.115011 0.035797 2.268054
v -0.222542 0.004435 1.871638
v -0.839575 -0.177230 2.607936
v -0.349387 -0.146387 2.881868
v -0.362855 0.042667 2.759736
v 0.185561 -0.156423 2.283809
v -0.213143 -0.194355 1.797544
v -0.222542 0.004435 1.871638
v 0.185561 -0.156423 2.283809
v 0.115011 0.035797 2.268054
v -0.362855 0.042667 2.759736
v -0.839575 -0.177230 2.607936
v -0.799915 0.018002 2.573055
v -0.805227 -0.006087 2.082530
v -0.845515 -0.204355 2.055542
v -0.805227 -0.006087 2.082530
v -0.222542 0.004435 1.871638
vn -0.0121 0.9982 0.0591
vn -0.5156 0.2067 -0.8315
vn 0.0836 0.0903 0.9924
vn -0.9351 0.2718 0.2273
vn 0.5622 0.2047 -0.8013
vn 0.9435 0.2312 0.2375
vn -0.9007 0.1882 0.3916
vn 0.9841 0.1635 0.0700
vn 0.0663 0.2905 0.9546
vn -0.7136 0.2490 -0.6548
vn 0.3852 0.3537 -0.8524
vn -0.0121 0.9982 0.0590
vn 0.0920 0.2274 -0.9694
vn -0.5224 0.1173 0.8446
vn -0.8694 0.3295 -0.3683
vn 0.9337 0.1962 -0.2996
vn 0.6137 0.2342 0.7540
vn -0.0120 0.9982 0.0590
vn 0.9216 0.2385 -0.3062
vn -0.9698 0.2170 -0.1118
vn -0.0121 0.4336 -0.9010
vn 0.6593 0.1990 0.7250
vn -0.4062 0.3103 0.8595
vn -0.0121 0.9982 0.0592
vn -0.4073 0.3767 -0.8320
vn 0.0645 0.1262 0.9899
vn -0.9660 0.1781 0.1874
vn 0.9510 0.1421 0.2746
vn -0.0120 0.9982 0.0591
vn -0.8733 0.3936 0.2870
vn 0.9742 0.2069 0.0903
vn 0.0300 0.1734 0.9844
vn -0.7134 0.2494 -0.6549
vn 0.3608 0.2516 -0.8980
vn 0.1827 0.4098 -0.8937
vn -0.5341 0.1573 0.8306
vn -0.8773 0.2271 -0.4229
vn 0.5979 0.1373 0.7897
vn 0.8703 0.4601 -0.1756
vn -0.9555 0.2671 -0.1250
vn 0.0292 0.3056 -0.9517
vn 0.6594 0.1992 0.7249
vn -0.4556 0.1939 0.8688
vn -0.9359 -0.2175 -0.2770
vn -0.9011 -0.3571 -0.2458
vn -0.8434 -0.4957 -0.2071
vn -0.7578 -0.6327 -0.1595
vn -0.6373 -0.7639 -0.1013
vn -0.4749 -0.8795 -0.0315
vn -0.2681 -0.9622 0.0483
vn -0.0266 -0.9909 0.1318
vn 0.2242 -0.9519 0.2087
vn 0.4524 -0.8502 0.2693
vn 0.6362 -0.7067 0.3095
vn 0.7704 -0.5451 0.3307
vn 0.8609 -0.3810 0.3372
vn 0.9164 -0.2221 0.3329
vn 0.9446 -0.0701 0.3206
vn 0.9503 0.0758 0.3018
vn 0.9359 0.2175 0.2770
vn 0.9011 0.3571 0.2457
vn 0.8434 0.4957 0.2071
vn 0.7578 0.6327 0.1595
vn 0.6373 0.7639 0.1013
vn 0.4749 0.8795 0.0315
vn 0.2680 0.9622 -0.0483
vn 0.0266 0.9909 -0.1318
vn -0.2242 0.9519 -0.2087
vn -0.4524 0.8502 -0.2694
vn -0.6362 0.7067 -0.3095
vn -0.7704 0.5451 -0.3307
vn -0.8609 0.3810 -0.3372
vn -0.9164 0.2221 -0.3329
vn -0.3096 0.1335 0.9414
vn -0.9446 0.0701 -0.3206
vn -0.9503 -0.0758 -0.3018
vn 0.3096 -0.1335 -0.9414
vn 0.9932 0.1118 -0.0320
vn 0.0027 0.0208 0.9998
vn -0.9932 -0.1118 0.0320
vn -0.0027 -0.0208 -0.9998
vn -0.1222 0.9911 0.0532
vn 0.1222 -0.9911 -0.0532
vn 0.9998 0.0121 -0.0168
vn -0.0162 0.0294 0.9994
vn -0.9998 -0.0121 0.0168
vn 0.0162 -0.0294 -0.9994
vn 0.0141 0.9993 0.0355
vn -0.0141 -0.9993 -0.0355
vn 0.9878 -0.1555 -0.0033
vn -0.0379 0.0142 0.9992
vn -0.9878 0.1555 0.0033
vn 0.0379 -0.0142 -0.9992
vn 0.2351 0.9703 0.0568
vn -0.2351 -0.9703 -0.0568
vn -0.1292 0.1032 0.9862
vn -0.2778 0.0967 0.9558
vn -0.4254 0.0866 0.9008
vn -0.5716 0.0724 0.8174
vn -0.7126 0.0534 0.6995
vn -0.8403 0.0292 0.5414
vn -0.9403 -0.0002 0.3404
vn -0.9940 -0.0331 0.1039
vn -0.9867 -0.0665 -0.1481
vn -0.9169 -0.0963 -0.3872
vn -0.7984 -0.1201 -0.5901
vn -0.6512 -0.1370 -0.7464
vn -0.4925 -0.1479 -0.8576
vn -0.3324 -0.1539 -0.9305
vn -0.1753 -0.1562 -0.9721
vn -0.0220 -0.1555 -0.9876
vn 0.1283 -0.1522 -0.9800
vn 0.2769 -0.1463 -0.9497
vn 0.4246 -0.1376 -0.8949
vn 0.5708 -0.1255 -0.8114
vn 0.7121 -0.1092 -0.6935
vn 0.8402 -0.0880 -0.5352
vn 0.9406 -0.0614 -0.3339
vn 0.9948 -0.0304 -0.0968
vn 0.9878 0.0026 0.1557
vn 0.9180 0.0338 0.3953
vn 0.7991 0.0600 0.5982
vn 0.6516 0.0800 0.7544
vn 0.4925 0.0937 0.8653
vn 0.3320 0.1021 0.9377
vn -0.0159 -0.9934 0.1136
vn 0.1746 0.1061 0.9789
vn 0.0212 0.1063 0.9941
vn 0.0159 0.9934 -0.1136
vn -0.0040 0.6482 0.7615
vn -0.1432 0.6486 0.7475
vn -0.1540 -0.7225 0.6740
vn -0.0208 -0.7227 0.6908
vn -0.2770 0.6489 0.7086
vn -0.2803 -0.7222 0.6323
vn -0.4020 0.6490 0.6459
vn -0.3958 -0.7219 0.5677
vn -0.5147 0.6489 0.5603
vn -0.4972 -0.7214 0.4820
vn -0.6113 0.6487 0.4533
vn -0.5809 -0.7210 0.3778
vn -0.6873 0.6485 0.3272
vn -0.6437 -0.7205 0.2581
vn -0.7385 0.6483 0.1853
vn -0.6823 -0.7200 0.1269
vn -0.7607 0.6483 0.0326
vn -0.6944 -0.7195 -0.0110
vn -0.7510 0.6485 -0.1241
vn -0.6786 -0.7191 -0.1495
vn -0.7085 0.6490 -0.2771
vn -0.6353 -0.7188 -0.2823
vn -0.6348 0.6497 -0.4183
vn -0.5667 -0.7186 -0.4031
vn -0.5337 0.6506 -0.5403
vn -0.4765 -0.7184 -0.5068
vn -0.4110 0.6515 -0.6377
vn -0.3696 -0.7183 -0.5895
vn -0.2735 0.6523 -0.7069
vn -0.2510 -0.7183 -0.6489
vn -0.1276 0.6530 -0.7465
vn -0.1256 -0.7183 -0.6843
vn 0.0205 0.6534 -0.7567
vn 0.0021 -0.7184 -0.6956
vn 0.1657 0.6535 -0.7386
vn 0.1284 -0.7185 -0.6836
vn 0.3035 0.6532 -0.6937
vn 0.2501 -0.7187 -0.6488
vn 0.4300 0.6526 -0.6238
vn 0.3639 -0.7189 -0.5923
vn 0.5415 0.6517 -0.5311
vn 0.4667 -0.7191 -0.5148
vn 0.6340 0.6506 -0.4180
vn 0.5549 -0.7194 -0.4178
vn 0.7040 0.6493 -0.2876
vn 0.6245 -0.7198 -0.3031
vn 0.7479 0.6480 -0.1440
vn 0.6716 -0.7202 -0.1739
vn 0.7625 0.6469 0.0073
vn 0.6925 -0.7206 -0.0346
vn 0.7464 0.6460 0.1599
vn 0.6843 -0.7211 0.1087
vn 0.6995 0.6455 0.3065
vn 0.6461 -0.7215 0.2489
vn 0.6243 0.6454 0.4401
vn 0.5792 -0.7220 0.3786
vn 0.5249 0.6456 0.5547
vn 0.4871 -0.7223 0.4909
vn 0.4066 0.6462 0.6459
vn 0.3750 -0.7226 0.5807
vn 0.2754 0.6468 0.7112
vn 0.2489 -0.7228 0.6447
vn 0.1151 -0.7228 0.6814
vn 0.1369 0.6475 0.7496
vn -0.1117 -0.0530 0.9923
vn -0.0272 -0.9961 0.0834
vn 0.0009 0.9883 0.1522
vn -0.1083 0.1082 0.9882
vn -0.0524 -0.9471 0.3168
vn -0.1022 0.2654 0.9587
vn -0.0740 -0.8469 0.5265
vn -0.0933 0.4186 0.9034
vn -0.0907 -0.7100 0.6984
vn -0.0813 0.5665 0.8201
vn -0.1023 -0.5520 0.8275
vn -0.0660 0.7059 0.7052
vn -0.1092 -0.3855 0.9162
vn -0.0470 0.8302 0.5555
vn -0.1121 -0.2180 0.9695
vn -0.0245 0.9289 0.3696
vn -0.2923 -0.2202 0.9306
vn -0.0872 0.9295 0.3584
vn -0.2953 -0.0562 0.9537
vn -0.0493 -0.9956 0.0792
vn -0.0211 0.9887 0.1482
vn -0.2905 0.1046 0.9512
vn -0.1172 -0.9456 0.3036
vn -0.2782 0.2619 0.9241
vn -0.1766 -0.8451 0.5046
vn -0.2583 0.4156 0.8721
vn -0.2239 -0.7086 0.6692
vn -0.2301 0.5644 0.7927
vn -0.2582 -0.5517 0.7931
vn -0.1927 0.7049 0.6826
vn -0.2804 -0.3865 0.8786
vn -0.1450 0.8303 0.5382
vn -0.4148 0.4132 0.8107
vn -0.3478 -0.7084 0.6142
vn -0.3714 0.5634 0.7380
vn -0.4034 -0.5530 0.7290
vn -0.3129 0.7052 0.6362
vn -0.4403 -0.3893 0.8091
vn -0.2380 0.8314 0.5021
vn -0.4610 -0.2240 0.8586
vn -0.1464 0.9308 0.3350
vn -0.4678 -0.0605 0.8817
vn -0.0701 -0.9951 0.0704
vn -0.0412 0.9893 0.1400
vn -0.4622 0.1004 0.8811
vn -0.1776 -0.9442 0.2774
vn -0.4446 0.2584 0.8576
vn -0.2721 -0.8438 0.4625
vn -0.2001 0.9327 0.3000
vn -0.6244 -0.0657 0.7783
vn -0.0883 -0.9944 0.0578
vn -0.0599 0.9900 0.1275
vn -0.6187 0.0958 0.7798
vn -0.2312 -0.9430 0.2395
vn -0.5968 0.2551 0.7608
vn -0.3569 -0.8432 0.4020
vn -0.5580 0.4115 0.7206
vn -0.4580 -0.7094 0.5357
vn -0.5008 0.5635 0.6570
vn -0.5330 -0.5559 0.6379
vn -0.4229 0.7068 0.5671
vn -0.5838 -0.3937 0.7101
vn -0.3226 0.8337 0.4482
vn -0.6134 -0.2293 0.7558
vn -0.5506 -0.7114 0.4367
vn -0.6141 0.5645 0.5516
vn -0.6428 -0.5600 0.5227
vn -0.5188 0.7094 0.4771
vn -0.7063 -0.3994 0.5845
vn -0.3959 0.8368 0.3781
vn -0.7443 -0.2356 0.6249
vn -0.2461 0.9352 0.2548
vn -0.7600 -0.0718 0.6460
vn -0.1039 -0.9937 0.0415
vn -0.0755 0.9909 0.1116
vn -0.7549 0.0909 0.6495
vn -0.2763 -0.9419 0.1912
vn -0.7298 0.2519 0.6356
vn -0.4279 -0.8432 0.3255
vn -0.6835 0.4105 0.6036
vn -0.8693 -0.0785 0.4880
vn -0.1159 -0.9930 0.0222
vn -0.0877 0.9918 0.0928
vn -0.8658 0.0856 0.4931
vn -0.3109 -0.9409 0.1347
vn -0.8385 0.2488 0.4848
vn -0.4824 -0.8435 0.2360
vn -0.7863 0.4099 0.4623
vn -0.6224 -0.7140 0.3208
vn -0.7067 0.5663 0.4241
vn -0.7286 -0.5650 0.3872
vn -0.5969 0.7128 0.3684
vn -0.8030 -0.4060 0.4362
vn -0.4550 0.8407 0.2937
vn -0.8490 -0.2428 0.4693
vn -0.2827 0.9380 0.2006
vn -0.7744 0.5684 0.2779
vn -0.7868 -0.5701 0.2363
vn -0.6535 0.7165 0.2441
vn -0.8699 -0.4128 0.2700
vn -0.4972 0.8448 0.1977
vn -0.9225 -0.2503 0.2939
vn -0.3083 0.9410 0.1394
vn -0.9473 -0.0855 0.3087
vn -0.1240 -0.9923 0.0010
vn -0.0960 0.9928 0.0717
vn -0.9458 0.0802 0.3148
vn -0.3338 -0.9399 0.0722
vn -0.9177 0.2457 0.3122
vn -0.5187 -0.8439 0.1370
vn -0.8615 0.4095 0.3003
vn -0.6704 -0.7167 0.1921
vn -0.1003 0.9938 0.0488
vn -0.9899 0.0747 0.1205
vn -0.3443 -0.9388 0.0061
vn -0.9623 0.2424 0.1235
vn -0.5351 -0.8441 0.0323
vn -0.9043 0.4088 0.1228
vn -0.6926 -0.7192 0.0556
vn -0.8130 0.5703 0.1179
vn -0.8147 -0.5749 0.0755
vn -0.6852 0.7202 0.1083
vn -0.9032 -0.4194 0.0918
vn -0.5202 0.8489 0.0935
vn -0.9606 -0.2576 0.1047
vn -0.3218 0.9440 0.0734
vn -0.9892 -0.0924 0.1142
vn -0.1278 -0.9916 -0.0216
vn -0.6898 0.7232 -0.0337
vn -0.9006 -0.4249 -0.0910
vn -0.5226 0.8524 -0.0151
vn -0.9602 -0.2641 -0.0906
vn -0.3222 0.9466 0.0051
vn -0.9912 -0.0989 -0.0876
vn -0.1272 -0.9909 -0.0448
vn -0.1000 0.9947 0.0256
vn -0.9942 0.0693 -0.0820
vn -0.3421 -0.9377 -0.0612
vn -0.9682 0.2388 -0.0740
vn -0.5313 -0.8439 -0.0741
vn -0.9109 0.4077 -0.0633
vn -0.6880 -0.7209 -0.0832
vn -0.8191 0.5715 -0.0499
vn -0.8106 -0.5788 -0.0887
vn -0.3273 -0.9364 -0.1269
vn -0.9334 0.2350 -0.2711
vn -0.5075 -0.8431 -0.1778
vn -0.8793 0.4057 -0.2496
vn -0.6570 -0.7216 -0.2185
vn -0.7910 0.5716 -0.2181
vn -0.7746 -0.5812 -0.2493
vn -0.6658 0.7251 -0.1760
vn -0.8618 -0.4291 -0.2705
vn -0.5035 0.8551 -0.1235
vn -0.9205 -0.2693 -0.2830
vn -0.3095 0.9488 -0.0627
vn -0.9521 -0.1045 -0.2873
vn -0.1223 -0.9902 -0.0674
vn -0.0954 0.9954 0.0025
vn -0.9568 0.0641 -0.2834
vn -0.7884 -0.4315 -0.4385
vn -0.4635 0.8566 -0.2268
vn -0.8429 -0.2730 -0.4636
vn -0.2840 0.9504 -0.1271
vn -0.8730 -0.1089 -0.4753
vn -0.1133 -0.9896 -0.0889
vn -0.0866 0.9961 -0.0189
vn -0.8787 0.0595 -0.4737
vn -0.3006 -0.9349 -0.1887
vn -0.8584 0.2310 -0.4580
vn -0.4647 -0.8417 -0.2749
vn -0.8097 0.4029 -0.4268
vn -0.6008 -0.7210 -0.3452
vn -0.7289 0.5705 -0.3784
vn -0.7083 -0.5821 -0.3994
vn -0.6135 0.7256 -0.3117
vn -0.7468 0.2269 -0.6251
vn -0.4050 -0.8398 -0.3617
vn -0.7052 0.3994 -0.5858
vn -0.5224 -0.7193 -0.4579
vn -0.6355 0.5680 -0.5230
vn -0.6149 -0.5813 -0.5328
vn -0.5350 0.7246 -0.4345
vn -0.6841 -0.4320 -0.5877
vn -0.4038 0.8569 -0.3206
vn -0.7315 -0.2749 -0.6240
vn -0.2466 0.9512 -0.1856
vn -0.7580 -0.1121 -0.6425
vn -0.1005 -0.9890 -0.1082
vn -0.0738 0.9965 -0.0387
vn -0.7636 0.0556 -0.6433
vn -0.2630 -0.9334 -0.2441
vn -0.3270 0.8560 -0.4005
vn -0.5922 -0.2752 -0.7573
vn -0.1987 0.9513 -0.2356
vn -0.6135 -0.1137 -0.7815
vn -0.0845 -0.9886 -0.1246
vn -0.0575 0.9968 -0.0556
vn -0.6180 0.0527 -0.7844
vn -0.2163 -0.9319 -0.2912
vn -0.6048 0.2232 -0.7645
vn -0.3308 -0.8374 -0.4351
vn -0.5715 0.3954 -0.7191
vn -0.4251 -0.7168 -0.5528
vn -0.5153 0.5646 -0.6448
vn -0.4992 -0.5792 -0.6444
vn -0.4339 0.7223 -0.5386
vn -0.5544 -0.4309 -0.7120
vn -0.2452 -0.8350 -0.4926
vn -0.4155 0.3915 -0.8210
vn -0.3132 -0.7137 -0.6265
vn -0.3745 0.5607 -0.7385
vn -0.3662 -0.5762 -0.7306
vn -0.3151 0.7191 -0.6193
vn -0.4055 -0.4286 -0.8074
vn -0.2367 0.8542 -0.4630
vn -0.4322 -0.2740 -0.8591
vn -0.1423 0.9508 -0.2751
vn -0.4470 -0.1140 -0.8872
vn -0.0657 -0.9883 -0.1377
vn -0.0386 0.9969 -0.0689
vn -0.4499 0.0509 -0.8917
vn -0.1620 -0.9305 -0.3284
vn -0.4399 0.2201 -0.8706
vn -0.2587 -0.2718 -0.9269
vn -0.0800 0.9498 -0.3024
vn -0.2664 -0.1131 -0.9572
vn -0.0450 -0.9881 -0.1468
vn -0.0175 0.9968 -0.0782
vn -0.2672 0.0504 -0.9623
vn -0.1024 -0.9295 -0.3544
vn -0.2604 0.2180 -0.9406
vn -0.1515 -0.8328 -0.5325
vn -0.2452 0.3883 -0.8883
vn -0.1912 -0.7106 -0.6771
vn -0.2202 0.5569 -0.8008
vn -0.2217 -0.5728 -0.7892
vn -0.1842 0.7157 -0.6737
vn -0.2440 -0.4254 -0.8715
vn -0.1368 0.8518 -0.5056
vn -0.0680 0.3862 -0.9199
vn -0.0634 -0.7079 -0.7035
vn -0.0591 0.5539 -0.8305
vn -0.0709 -0.5694 -0.8190
vn -0.0470 0.7125 -0.7001
vn -0.0758 -0.4220 -0.9034
vn -0.0319 0.8493 -0.5270
vn -0.0786 -0.2688 -0.9600
vn -0.0143 0.9485 -0.3164
vn -0.0792 -0.1110 -0.9907
vn -0.0230 -0.9882 -0.1517
vn 0.0046 0.9965 -0.0831
vn -0.0778 0.0511 -0.9957
vn -0.0395 -0.9289 -0.3683
vn -0.0741 0.2172 -0.9733
vn -0.0530 -0.8311 -0.5536
vn 0.0525 0.9471 -0.3168
vn 0.1083 -0.1081 -0.9882
vn -0.0008 -0.9884 -0.1522
vn 0.0274 0.9961 -0.0834
vn 0.1117 0.0530 -0.9923
vn 0.0245 -0.9289 -0.3696
vn 0.1121 0.2180 -0.9695
vn 0.0470 -0.8302 -0.5555
vn 0.1092 0.3855 -0.9162
vn 0.0660 -0.7059 -0.7052
vn 0.1023 0.5520 -0.8275
vn 0.0813 -0.5665 -0.8201
vn 0.0907 0.7100 -0.6984
vn 0.0933 -0.4186 -0.9034
vn 0.0740 0.8469 -0.5265
vn 0.1022 -0.2654 -0.9587
vn 0.2582 0.5517 -0.7931
vn 0.2302 -0.5644 -0.7927
vn 0.2239 0.7086 -0.6692
vn 0.2583 -0.4156 -0.8721
vn 0.1767 0.8451 -0.5046
vn 0.2782 -0.2619 -0.9241
vn 0.1173 0.9456 -0.3035
vn 0.2905 -0.1046 -0.9512
vn 0.0209 -0.9887 -0.1482
vn 0.0493 0.9956 -0.0792
vn 0.2953 0.0562 -0.9537
vn 0.0872 -0.9295 -0.3584
vn 0.2923 0.2202 -0.9306
vn 0.1450 -0.8303 -0.5382
vn 0.2804 0.3865 -0.8786
vn 0.1927 -0.7049 -0.6826
vn 0.0414 -0.9893 -0.1398
vn 0.0700 0.9951 -0.0705
vn 0.4678 0.0604 -0.8817
vn 0.1464 -0.9308 -0.3350
vn 0.4610 0.2241 -0.8586
vn 0.2379 -0.8314 -0.5021
vn 0.4403 0.3893 -0.8091
vn 0.3129 -0.7052 -0.6362
vn 0.4033 0.5530 -0.7290
vn 0.3714 -0.5634 -0.7380
vn 0.3478 0.7084 -0.6142
vn 0.4148 -0.4132 -0.8107
vn 0.2721 0.8438 -0.4625
vn 0.4446 -0.2584 -0.8576
vn 0.1776 0.9442 -0.2774
vn 0.4622 -0.1004 -0.8811
vn 0.5008 -0.5635 -0.6570
vn 0.4580 0.7094 -0.5358
vn 0.5580 -0.4116 -0.7206
vn 0.3568 0.8432 -0.4020
vn 0.5968 -0.2551 -0.7608
vn 0.2312 0.9430 -0.2395
vn 0.6187 -0.0958 -0.7798
vn 0.0599 -0.9900 -0.1274
vn 0.0883 0.9944 -0.0578
vn 0.6244 0.0657 -0.7783
vn 0.2000 -0.9327 -0.3001
vn 0.6134 0.2293 -0.7558
vn 0.3226 -0.8337 -0.4483
vn 0.5838 0.3937 -0.7101
vn 0.4229 -0.7067 -0.5671
vn 0.5330 0.5559 -0.6379
vn 0.7600 0.0718 -0.6460
vn 0.2460 -0.9352 -0.2548
vn 0.7443 0.2356 -0.6249
vn 0.3959 -0.8368 -0.3781
vn 0.7063 0.3994 -0.5845
vn 0.5188 -0.7093 -0.4771
vn 0.6428 0.5600 -0.5227
vn 0.6141 -0.5645 -0.5516
vn 0.5507 0.7114 -0.4367
vn 0.6835 -0.4105 -0.6036
vn 0.4278 0.8432 -0.3255
vn 0.7298 -0.2519 -0.6356
vn 0.2762 0.9419 -0.1913
vn 0.7550 -0.0909 -0.6495
vn 0.0753 -0.9909 -0.1117
vn 0.1039 0.9937 -0.0415
vn 0.6224 0.7140 -0.3208
vn 0.7863 -0.4099 -0.4623
vn 0.4825 0.8435 -0.2360
vn 0.8385 -0.2488 -0.4848
vn 0.3108 0.9409 -0.1348
vn 0.8658 -0.0856 -0.4931
vn 0.0878 -0.9918 -0.0925
vn 0.1159 0.9930 -0.0223
vn 0.8693 0.0785 -0.4880
vn 0.2827 -0.9380 -0.2005
vn 0.8490 0.2428 -0.4693
vn 0.4550 -0.8407 -0.2937
vn 0.8030 0.4060 -0.4363
vn 0.5969 -0.7128 -0.3684
vn 0.7286 0.5650 -0.3873
vn 0.7067 -0.5663 -0.4241
vn 0.3083 -0.9410 -0.1394
vn 0.9225 0.2503 -0.2939
vn 0.4972 -0.8448 -0.1977
vn 0.8699 0.4128 -0.2700
vn 0.6534 -0.7166 -0.2440
vn 0.7868 0.5701 -0.2363
vn 0.7744 -0.5683 -0.2779
vn 0.6704 0.7167 -0.1921
vn 0.8615 -0.4094 -0.3003
vn 0.5187 0.8439 -0.1370
vn 0.9177 -0.2457 -0.3122
vn 0.3338 0.9399 -0.0722
vn 0.9458 -0.0802 -0.3148
vn 0.0960 -0.9928 -0.0717
vn 0.1239 0.9923 -0.0010
vn 0.9473 0.0855 -0.3087
vn 0.9043 -0.4088 -0.1228
vn 0.5351 0.8441 -0.0322
vn 0.9623 -0.2424 -0.1235
vn 0.3443 0.9388 -0.0060
vn 0.9899 -0.0747 -0.1205
vn 0.1003 -0.9938 -0.0488
vn 0.1278 0.9916 0.0217
vn 0.9892 0.0924 -0.1142
vn 0.3218 -0.9440 -0.0733
vn 0.9606 0.2576 -0.1047
vn 0.5202 -0.8489 -0.0935
vn 0.9032 0.4194 -0.0918
vn 0.6852 -0.7202 -0.1083
vn 0.8147 0.5749 -0.0755
vn 0.8130 -0.5703 -0.1179
vn 0.6926 0.7192 -0.0556
vn 0.9602 0.2641 0.0906
vn 0.5226 -0.8524 0.0151
vn 0.9006 0.4250 0.0910
vn 0.6898 -0.7232 0.0337
vn 0.8107 0.5788 0.0887
vn 0.8191 -0.5715 0.0499
vn 0.6880 0.7209 0.0831
vn 0.9109 -0.4077 0.0633
vn 0.5313 0.8439 0.0740
vn 0.9682 -0.2389 0.0740
vn 0.3421 0.9377 0.0611
vn 0.9942 -0.0693 0.0820
vn 0.1001 -0.9947 -0.0257
vn 0.1272 0.9909 0.0448
vn 0.9912 0.0988 0.0875
vn 0.3222 -0.9467 -0.0052
vn 0.5075 0.8431 0.1778
vn 0.9334 -0.2350 0.2711
vn 0.3272 0.9364 0.1270
vn 0.9568 -0.0641 0.2834
vn 0.0954 -0.9954 -0.0029
vn 0.1223 0.9902 0.0676
vn 0.9521 0.1044 0.2873
vn 0.3095 -0.9488 0.0626
vn 0.9205 0.2694 0.2831
vn 0.5036 -0.8551 0.1235
vn 0.8618 0.4291 0.2706
vn 0.6658 -0.7251 0.1759
vn 0.7746 0.5812 0.2493
vn 0.7910 -0.5717 0.2181
vn 0.6570 0.7215 0.2186
vn 0.8793 -0.4057 0.2496
vn 0.7884 0.4314 0.4385
vn 0.6135 -0.7256 0.3117
vn 0.7083 0.5821 0.3994
vn 0.7289 -0.5705 0.3784
vn 0.6009 0.7210 0.3452
vn 0.8096 -0.4029 0.4268
vn 0.4647 0.8417 0.2749
vn 0.8584 -0.2310 0.4580
vn 0.3005 0.9349 0.1887
vn 0.8787 -0.0595 0.4737
vn 0.0865 -0.9961 0.0191
vn 0.1133 0.9896 0.0890
vn 0.8730 0.1089 0.4753
vn 0.2840 -0.9504 0.1271
vn 0.8429 0.2730 0.4636
vn 0.4635 -0.8566 0.2268
vn 0.2631 0.9334 0.2441
vn 0.7636 -0.0556 0.6433
vn 0.0738 -0.9965 0.0386
vn 0.1006 0.9890 0.1082
vn 0.7580 0.1120 0.6425
vn 0.2465 -0.9512 0.1856
vn 0.7315 0.2750 0.6240
vn 0.4037 -0.8568 0.3206
vn 0.6841 0.4320 0.5877
vn 0.5350 -0.7246 0.4345
vn 0.6149 0.5813 0.5328
vn 0.6355 -0.5680 0.5230
vn 0.5224 0.7193 0.4579
vn 0.7052 -0.3993 0.5858
vn 0.4050 0.8397 0.3617
vn 0.7469 -0.2269 0.6251
vn 0.4339 -0.7223 0.5386
vn 0.4992 0.5792 0.6445
vn 0.5153 -0.5646 0.6448
vn 0.4251 0.7168 0.5527
vn 0.5715 -0.3954 0.7191
vn 0.3308 0.8374 0.4351
vn 0.6048 -0.2232 0.7645
vn 0.2163 0.9319 0.2913
vn 0.6180 -0.0527 0.7844
vn 0.0576 -0.9968 0.0555
vn 0.0844 0.9886 0.1247
vn 0.6135 0.1137 0.7815
vn 0.1986 -0.9513 0.2357
vn 0.5922 0.2752 0.7573
vn 0.3270 -0.8560 0.4004
vn 0.5544 0.4309 0.7120
vn 0.4498 -0.0510 0.8917
vn 0.0384 -0.9969 0.0690
vn 0.0659 0.9883 0.1376
vn 0.4470 0.1140 0.8872
vn 0.1424 -0.9508 0.2751
vn 0.4322 0.2740 0.8591
vn 0.2367 -0.8542 0.4630
vn 0.4055 0.4286 0.8074
vn 0.3151 -0.7191 0.6193
vn 0.3663 0.5762 0.7306
vn 0.3746 -0.5607 0.7385
vn 0.3132 0.7137 0.6265
vn 0.4155 -0.3915 0.8210
vn 0.2453 0.8350 0.4926
vn 0.4399 -0.2201 0.8707
vn 0.1622 0.9305 0.3283
vn 0.2217 0.5728 0.7892
vn 0.2202 -0.5569 0.8009
vn 0.1912 0.7106 0.6771
vn 0.2452 -0.3883 0.8883
vn 0.1515 0.8328 0.5325
vn 0.2604 -0.2180 0.9405
vn 0.1023 0.9295 0.3544
vn 0.2672 -0.0504 0.9623
vn 0.0177 -0.9968 0.0782
vn 0.0448 0.9881 0.1469
vn 0.2664 0.1130 0.9572
vn 0.0800 -0.9498 0.3023
vn 0.2587 0.2718 0.9269
vn 0.1369 -0.8518 0.5056
vn 0.2439 0.4255 0.8715
vn 0.1842 -0.7157 0.6737
vn -0.0048 -0.9965 0.0831
vn 0.0231 0.9881 0.1518
vn 0.0792 0.1110 0.9907
vn 0.0141 -0.9485 0.3164
vn 0.0786 0.2688 0.9600
vn 0.0319 -0.8493 0.5270
vn 0.0758 0.4220 0.9034
vn 0.0470 -0.7125 0.7001
vn 0.0708 0.5694 0.8190
vn 0.0591 -0.5539 0.8305
vn 0.0633 0.7079 0.7035
vn 0.0680 -0.3861 0.9199
vn 0.0529 0.8311 0.5536
vn 0.0741 -0.2173 0.9733
vn 0.0395 0.9289 0.3682
vn 0.0778 -0.0511 0.9957
vn -0.1296 -0.9910 -0.0332
vn -0.3489 -0.9368 -0.0275
vn -0.5409 -0.8408 -0.0208
vn -0.6985 -0.7154 -0.0136
vn -0.8204 -0.5718 -0.0063
vn -0.9086 -0.4176 0.0007
vn -0.9662 -0.2578 0.0074
vn -0.9954 -0.0946 0.0137
vn -0.9973 0.0708 0.0197
vn -0.9711 0.2374 0.0252
vn -0.9145 0.4035 0.0302
vn -0.8240 0.5655 0.0344
vn -0.6962 0.7169 0.0376
vn -0.5295 0.8474 0.0394
vn -0.3279 0.9439 0.0394
vn -0.1023 0.9941 0.0373
vn 0.1296 0.9910 0.0332
vn 0.3489 0.9368 0.0275
vn 0.5409 0.8408 0.0208
vn 0.6985 0.7154 0.0136
vn 0.8204 0.5718 0.0063
vn 0.9086 0.4176 -0.0007
vn 0.9662 0.2578 -0.0074
vn 0.9954 0.0946 -0.0137
vn 0.9973 -0.0708 -0.0197
vn 0.9711 -0.2374 -0.0252
vn 0.9145 -0.4035 -0.0302
vn 0.8240 -0.5655 -0.0344
vn 0.6962 -0.7169 -0.0376
vn 0.5295 -0.8474 -0.0394
vn 0.3279 -0.9439 -0.0394
vn 0.1023 -0.9941 -0.0373
vn -0.4693 -0.1985 -0.8604
vn -0.4519 -0.3005 -0.8399
vn -0.8798 -0.1161 0.4610
vn -0.8974 -0.0140 0.4410
vn -0.4195 -0.4017 -0.8140
vn -0.8469 -0.2174 0.4853
vn -0.3694 -0.5025 -0.7817
vn -0.7958 -0.3186 0.5149
vn -0.2968 -0.6016 -0.7416
vn -0.7220 -0.4183 0.5512
vn -0.1961 -0.6940 -0.6927
vn -0.6197 -0.5114 0.5953
vn -0.0628 -0.7697 -0.6353
vn -0.4848 -0.5877 0.6477
vn 0.1013 -0.8133 -0.5729
vn -0.3194 -0.6320 0.7061
vn 0.2833 -0.8106 -0.5125
vn -0.1368 -0.6294 0.7649
vn 0.4607 -0.7575 -0.4626
vn 0.0400 -0.5761 0.8164
vn 0.6122 -0.6647 -0.4282
vn 0.1902 -0.4828 0.8548
vn 0.7277 -0.5504 -0.4093
vn 0.3041 -0.3678 0.8788
vn 0.8082 -0.4298 -0.4026
vn 0.3830 -0.2465 0.8903
vn 0.8599 -0.3114 -0.4045
vn 0.4334 -0.1275 0.8921
vn 0.8892 -0.1982 -0.4124
vn 0.4618 -0.0139 0.8869
vn 0.9008 -0.0902 -0.4248
vn 0.4729 0.0943 0.8761
vn 0.8974 0.0140 -0.4410
vn 0.4693 0.1985 0.8604
vn 0.8798 0.1161 -0.4610
vn 0.4519 0.3005 0.8399
vn 0.8469 0.2174 -0.4853
vn 0.4195 0.4017 0.8140
vn 0.7958 0.3186 -0.5149
vn 0.3694 0.5025 0.7817
vn 0.7220 0.4183 -0.5512
vn 0.2968 0.6016 0.7416
vn 0.6197 0.5114 -0.5953
vn 0.1961 0.6940 0.6927
vn 0.4848 0.5877 -0.6477
vn 0.0628 0.7697 0.6353
vn 0.3193 0.6320 -0.7061
vn -0.1013 0.8133 0.5729
vn 0.1368 0.6294 -0.7649
vn -0.2833 0.8106 0.5125
vn -0.0400 0.5761 -0.8164
vn -0.4607 0.7575 0.4626
vn -0.1902 0.4828 -0.8548
vn -0.6122 0.6647 0.4282
vn -0.3040 0.3678 -0.8788
vn -0.7277 0.5504 0.4093
vn -0.3830 0.2465 -0.8903
vn -0.8082 0.4298 0.4026
vn -0.4334 0.1275 -0.8921
vn -0.8599 0.3114 0.4045
vn -0.4618 0.0139 -0.8869
vn -0.8892 0.1982 0.4124
vn -0.9008 0.0902 0.4248
vn -0.4729 -0.0943 -0.8761
vn -0.9300 -0.1980 0.3096
vn -0.8868 -0.3386 0.3145
vn -0.8196 -0.4803 0.3122
vn -0.7227 -0.6223 0.3009
vn -0.5883 -0.7595 0.2775
vn -0.4096 -0.8805 0.2385
vn -0.1867 -0.9655 0.1814
vn 0.0654 -0.9920 0.1077
vn 0.3163 -0.9483 0.0255
vn 0.5341 -0.8437 -0.0545
vn 0.7017 -0.7016 -0.1240
vn 0.8191 -0.5446 -0.1801
vn 0.8947 -0.3866 -0.2235
vn 0.9379 -0.2334 -0.2565
vn 0.9559 -0.0860 -0.2809
vn 0.9527 0.0571 -0.2984
vn 0.9300 0.1980 -0.3096
vn 0.8868 0.3386 -0.3145
vn 0.8196 0.4803 -0.3122
vn 0.7227 0.6223 -0.3009
vn 0.5883 0.7595 -0.2775
vn 0.4096 0.8805 -0.2385
vn 0.1867 0.9655 -0.1814
vn -0.0654 0.9920 -0.1077
vn -0.3163 0.9483 -0.0255
vn -0.5341 0.8437 0.0545
vn -0.7017 0.7016 0.1240
vn -0.8191 0.5446 0.1801
vn -0.8947 0.3866 0.2236
vn -0.9379 0.2334 0.2565
vn 0.2458 0.1426 0.9588
vn -0.9559 0.0860 0.2809
vn -0.9527 -0.0571 0.2984
vn -0.2458 -0.1426 -0.9588
vn -0.8700 -0.1943 -0.4532
vn -0.8444 -0.2976 -0.4455
vn -0.4801 -0.0955 0.8720
vn -0.5022 0.0051 0.8647
vn -0.8025 -0.4009 -0.4418
vn -0.4429 -0.1973 0.8746
vn -0.7411 -0.5046 -0.4429
vn -0.3870 -0.3012 0.8715
vn -0.6550 -0.6067 -0.4506
vn -0.3068 -0.4055 0.8611
vn -0.5386 -0.7011 -0.4672
vn -0.1959 -0.5046 0.8408
vn -0.3893 -0.7762 -0.4959
vn -0.0503 -0.5864 0.8085
vn -0.2128 -0.8157 -0.5379
vn 0.1258 -0.6334 0.7635
vn -0.0268 -0.8062 -0.5911
vn 0.3151 -0.6302 0.7096
vn 0.1439 -0.7474 -0.6486
vn 0.4923 -0.5748 0.6536
vn 0.2812 -0.6533 -0.7030
vn 0.6373 -0.4805 0.6025
vn 0.3804 -0.5422 -0.7492
vn 0.7432 -0.3663 0.5599
vn 0.4462 -0.4276 -0.7862
vn 0.8137 -0.2470 0.5261
vn 0.4860 -0.3159 -0.8149
vn 0.8562 -0.1301 0.4999
vn 0.5062 -0.2090 -0.8367
vn 0.8772 -0.0180 0.4798
vn 0.5109 -0.1059 -0.8531
vn 0.8810 0.0896 0.4645
vn 0.5022 -0.0051 -0.8647
vn 0.8700 0.1943 0.4532
vn 0.4801 0.0955 -0.8720
vn 0.8444 0.2976 0.4455
vn 0.4429 0.1973 -0.8746
vn 0.8025 0.4009 0.4418
vn 0.3870 0.3012 -0.8715
vn 0.7411 0.5046 0.4429
vn 0.3068 0.4055 -0.8611
vn 0.6550 0.6067 0.4506
vn 0.1959 0.5046 -0.8409
vn 0.5386 0.7011 0.4672
vn 0.0503 0.5864 -0.8085
vn 0.3893 0.7762 0.4959
vn -0.1258 0.6334 -0.7635
vn 0.2127 0.8157 0.5379
vn -0.3151 0.6302 -0.7096
vn 0.0268 0.8062 0.5911
vn -0.4923 0.5748 -0.6536
vn -0.1439 0.7474 0.6486
vn -0.6373 0.4805 -0.6025
vn -0.2812 0.6533 0.7030
vn -0.7432 0.3664 -0.5599
vn -0.3804 0.5422 0.7492
vn -0.8137 0.2470 -0.5261
vn -0.4462 0.4276 0.7862
vn -0.8562 0.1301 -0.4999
vn -0.4860 0.3159 0.8149
vn -0.8772 0.0180 -0.4798
vn -0.5062 0.2090 0.8367
vn -0.5109 0.1059 0.8531
vn -0.8810 -0.0896 -0.4645
vn 0.0513 0.9982 0.0316
vn -0.9578 0.2067 0.1995
vn 0.9610 0.0903 0.2615
vn -0.1068 0.2718 0.9564
vn -0.5602 0.2047 -0.8027
vn 0.5463 0.2312 -0.8050
vn 0.0514 0.9982 0.0316
vn 0.0593 0.1882 0.9803
vn 0.4029 0.1635 -0.9005
vn 0.9195 0.2905 0.2648
vn -0.8597 0.2490 0.4461
vn -0.6688 0.3537 -0.6539
vn -0.8792 0.2274 -0.4186
vn 0.6144 0.1173 0.7802
vn -0.6439 0.3295 0.6906
vn 0.0385 0.1962 -0.9798
vn 0.9186 0.2342 -0.3183
vn 0.0513 0.9982 0.0315
vn 0.0281 0.2385 -0.9707
vn -0.4373 0.2170 0.8727
vn -0.8507 0.4336 -0.2973
vn 0.9070 0.1990 -0.3710
vn 0.6683 0.3103 0.6761
vn -0.9212 0.3767 0.0976
vn 0.9521 0.1262 0.2785
vn -0.1549 0.1781 0.9717
vn 0.5838 0.1421 -0.7994
vn 0.0514 0.9982 0.0315
vn -0.0296 0.3936 0.9188
vn 0.4186 0.2069 -0.8843
vn 0.9351 0.1734 0.3091
vn -0.8597 0.2494 0.4459
vn -0.7201 0.2516 -0.6467
vn 0.0514 0.9982 0.0317
vn -0.7770 0.4098 -0.4779
vn 0.5974 0.1573 0.7864
vn -0.6979 0.2271 0.6793
vn 0.0384 0.1962 -0.9798
vn 0.9468 0.1373 -0.2912
vn 0.1332 0.4601 -0.8778
vn -0.4448 0.2671 0.8549
vn -0.8841 0.3056 -0.3536
vn 0.9070 0.1992 -0.3711
vn 0.6601 0.1939 0.7257
vn -0.0356 0.9982 -0.0487
vn 0.9622 0.2067 0.1772
vn -0.7909 0.0903 -0.6052
vn 0.4603 0.2718 -0.8451
vn 0.2153 0.2047 0.9548
vn -0.8100 0.2312 0.5389
vn 0.3156 0.1882 -0.9301
vn -0.7133 0.1635 0.6815
vn -0.7513 0.2905 -0.5926
vn 0.9645 0.2490 -0.0881
vn 0.3721 0.3537 0.8582
vn -0.0356 0.9982 -0.0486
vn 0.6558 0.2274 0.7198
vn -0.2741 0.1173 -0.9545
vn 0.8571 0.3295 -0.3961
vn -0.4059 0.1962 0.8926
vn -0.9708 0.2342 -0.0525
vn -0.3928 0.2385 0.8882
vn 0.7347 0.2170 -0.6428
vn 0.6752 0.4336 0.5967
vn -0.9800 0.1990 0.0008
vn -0.3633 0.3103 -0.8785
vn 0.8898 0.3767 0.2577
vn -0.7763 0.1262 -0.6177
vn 0.5107 0.1781 -0.8411
vn 0.2153 0.2047 0.9549
vn -0.8426 0.1421 0.5195
vn -0.0357 0.9982 -0.0486
vn 0.3746 0.3936 -0.8395
vn -0.7217 0.2069 0.6606
vn -0.7490 0.1734 -0.6395
vn 0.9644 0.2494 -0.0880
vn 0.4223 0.2516 0.8708
vn 0.5388 0.4098 0.7360
vn -0.2559 0.1573 -0.9538
vn 0.9028 0.2271 -0.3652
vn -0.4058 0.1962 0.8926
vn -0.9866 0.1373 -0.0882
vn -0.4550 0.4601 0.7624
vn 0.7349 0.2671 -0.6234
vn 0.6849 0.3056 0.6614
vn -0.9800 0.1992 0.0008
vn -0.3370 0.1939 -0.9213
vt 0.008940 0.432900
vt 0.008940 0.432890
vt 0.008940 0.462720
vt 0.012040 0.268890
vt 0.012040 0.268880
vt 0.012040 0.296720
vt 0.012430 0.387230
vt 0.012430 0.419240
vt 0.009330 0.342000
vt 0.009330 0.341990
vt 0.009330 0.371810
vt 1.000000 0.500000
vt 0.968750 0.500000
vt 0.968750 1.000000
vt 1.000000 1.000000
vt 0.937500 0.500000
vt 0.937500 1.000000
vt 0.906250 0.500000
vt 0.906250 1.000000
vt 0.875000 0.500000
vt 0.875000 1.000000
vt 0.843750 0.500000
vt 0.843750 1.000000
vt 0.812500 0.500000
vt 0.812500 1.000000
vt 0.781250 0.500000
vt 0.781250 1.000000
vt 0.750000 0.500000
vt 0.750000 1.000000
vt 0.718750 0.500000
vt 0.718750 1.000000
vt 0.687500 0.500000
vt 0.687500 1.000000
vt 0.656250 0.500000
vt 0.656250 1.000000
vt 0.625000 0.500000
vt 0.625000 1.000000
vt 0.593750 0.500000
vt 0.593750 1.000000
vt 0.562500 0.500000
vt 0.562500 1.000000
vt 0.531250 0.500000
vt 0.531250 1.000000
vt 0.500000 0.500000
vt 0.500000 1.000000
vt 0.468750 0.500000
vt 0.468750 1.000000
vt 0.437500 0.500000
vt 0.437500 1.000000
vt 0.406250 0.500000
vt 0.406250 1.000000
vt 0.375000 0.500000
vt 0.375000 1.000000
vt 0.343750 0.500000
vt 0.343750 1.000000
vt 0.312500 0.500000
vt 0.312500 1.000000
vt 0.281250 0.500000
vt 0.281250 1.000000
vt 0.250000 0.500000
vt 0.250000 1.000000
vt 0.218750 0.500000
vt 0.218750 1.000000
vt 0.187500 0.500000
vt 0.187500 1.000000
vt 0.156250 0.500000
vt 0.156250 1.000000
vt 0.125000 0.500000
vt 0.125000 1.000000
vt 0.093750 0.500000
vt 0.093750 1.000000
vt 0.062500 0.500000
vt 0.062500 1.000000
vt 0.296822 0.485388
vt 0.341844 0.471731
vt 0.383337 0.449553
vt 0.419706 0.419706
vt 0.449553 0.383337
vt 0.471731 0.341844
vt 0.485388 0.296822
vt 0.490000 0.250000
vt 0.485388 0.203178
vt 0.471731 0.158156
vt 0.449553 0.116663
vt 0.419706 0.080294
vt 0.383337 0.050447
vt 0.341844 0.028269
vt 0.296822 0.014612
vt 0.250000 0.010000
vt 0.203178 0.014612
vt 0.158156 0.028269
vt 0.116663 0.050447
vt 0.080294 0.080294
vt 0.050447 0.116663
vt 0.028269 0.158156
vt 0.014612 0.203178
vt 0.010000 0.250000
vt 0.014612 0.296822
vt 0.028269 0.341844
vt 0.050447 0.383337
vt 0.080294 0.419706
vt 0.116663 0.449553
vt 0.158156 0.471731
vt 0.203178 0.485388
vt 0.250000 0.490000
vt 0.031250 0.500000
vt 0.031250 1.000000
vt 0.000000 0.500000
vt 0.000000 1.000000
vt 0.750000 0.490000
vt 0.703178 0.485388
vt 0.658156 0.471731
vt 0.616663 0.449553
vt 0.580294 0.419706
vt 0.550447 0.383337
vt 0.528269 0.341844
vt 0.514612 0.296822
vt 0.510000 0.250000
vt 0.514612 0.203178
vt 0.528269 0.158156
vt 0.550447 0.116663
vt 0.580294 0.080294
vt 0.616663 0.050447
vt 0.658156 0.028269
vt 0.703178 0.014612
vt 0.750000 0.010000
vt 0.796822 0.014612
vt 0.841844 0.028269
vt 0.883337 0.050447
vt 0.919706 0.080294
vt 0.949553 0.116663
vt 0.971731 0.158156
vt 0.985388 0.203178
vt 0.990000 0.250000
vt 0.985388 0.296822
vt 0.971731 0.341844
vt 0.949553 0.383337
vt 0.919706 0.419706
vt 0.883337 0.449553
vt 0.841844 0.471731
vt 0.796822 0.485388
vt 0.375000 0.000000
vt 0.375000 0.250000
vt 0.625000 0.250000
vt 0.625000 0.000000
vt 0.375000 0.750000
vt 0.625000 0.750000
vt 0.125000 0.750000
vt 0.875000 0.750000
vt 0.296822 0.014612
vt 0.203178 0.014612
vt 0.014612 0.203178
vt 0.014612 0.296822
vt 0.718750 0.562500
vt 0.750000 0.562500
vt 0.750000 0.937500
vt 0.718750 0.937500
vt 0.734375 1.000000
vt 0.734375 0.000000
vt 0.718750 0.062500
vt 0.750000 0.062500
vt 0.750000 0.437500
vt 0.718750 0.437500
vt 0.750000 0.875000
vt 0.718750 0.875000
vt 0.750000 0.375000
vt 0.718750 0.375000
vt 0.750000 0.812500
vt 0.718750 0.812500
vt 0.750000 0.312500
vt 0.718750 0.312500
vt 0.750000 0.750000
vt 0.718750 0.750000
vt 0.750000 0.250000
vt 0.718750 0.250000
vt 0.750000 0.687500
vt 0.718750 0.687500
vt 0.750000 0.187500
vt 0.718750 0.187500
vt 0.750000 0.625000
vt 0.718750 0.625000
vt 0.750000 0.125000
vt 0.718750 0.125000
vt 0.687500 0.562500
vt 0.687500 0.625000
vt 0.687500 0.062500
vt 0.687500 0.125000
vt 0.687500 0.937500
vt 0.703125 1.000000
vt 0.703125 0.000000
vt 0.687500 0.437500
vt 0.687500 0.875000
vt 0.687500 0.375000
vt 0.687500 0.812500
vt 0.687500 0.312500
vt 0.687500 0.750000
vt 0.687500 0.250000
vt 0.687500 0.687500
vt 0.687500 0.187500
vt 0.656250 0.312500
vt 0.656250 0.375000
vt 0.656250 0.750000
vt 0.656250 0.812500
vt 0.656250 0.250000
vt 0.656250 0.687500
vt 0.656250 0.187500
vt 0.656250 0.625000
vt 0.656250 0.125000
vt 0.656250 0.562500
vt 0.656250 0.062500
vt 0.656250 0.937500
vt 0.671875 1.000000
vt 0.671875 0.000000
vt 0.656250 0.437500
vt 0.656250 0.875000
vt 0.625000 0.062500
vt 0.625000 0.125000
vt 0.625000 0.562500
vt 0.625000 0.937500
vt 0.640625 1.000000
vt 0.640625 0.000000
vt 0.625000 0.437500
vt 0.625000 0.875000
vt 0.625000 0.375000
vt 0.625000 0.812500
vt 0.625000 0.312500
vt 0.625000 0.687500
vt 0.625000 0.187500
vt 0.625000 0.625000
vt 0.593750 0.750000
vt 0.593750 0.812500
vt 0.593750 0.250000
vt 0.593750 0.312500
vt 0.593750 0.687500
vt 0.593750 0.187500
vt 0.593750 0.625000
vt 0.593750 0.125000
vt 0.593750 0.562500
vt 0.593750 0.062500
vt 0.593750 0.937500
vt 0.609375 1.000000
vt 0.609375 0.000000
vt 0.593750 0.437500
vt 0.593750 0.875000
vt 0.593750 0.375000
vt 0.562500 0.562500
vt 0.562500 0.937500
vt 0.578125 1.000000
vt 0.578125 0.000000
vt 0.562500 0.062500
vt 0.562500 0.437500
vt 0.562500 0.875000
vt 0.562500 0.375000
vt 0.562500 0.812500
vt 0.562500 0.312500
vt 0.562500 0.750000
vt 0.562500 0.250000
vt 0.562500 0.687500
vt 0.562500 0.187500
vt 0.562500 0.625000
vt 0.562500 0.125000
vt 0.531250 0.250000
vt 0.531250 0.312500
vt 0.531250 0.687500
vt 0.531250 0.750000
vt 0.531250 0.187500
vt 0.531250 0.625000
vt 0.531250 0.125000
vt 0.531250 0.562500
vt 0.531250 0.062500
vt 0.531250 0.937500
vt 0.546875 1.000000
vt 0.546875 0.000000
vt 0.531250 0.437500
vt 0.531250 0.875000
vt 0.531250 0.375000
vt 0.531250 0.812500
vt 0.515625 0.000000
vt 0.500000 0.062500
vt 0.500000 0.437500
vt 0.500000 0.500000
vt 0.500000 0.875000
vt 0.500000 0.937500
vt 0.500000 0.375000
vt 0.500000 0.812500
vt 0.500000 0.312500
vt 0.500000 0.750000
vt 0.500000 0.250000
vt 0.500000 0.687500
vt 0.500000 0.187500
vt 0.500000 0.625000
vt 0.500000 0.125000
vt 0.500000 0.562500
vt 0.515625 1.000000
vt 0.468750 0.187500
vt 0.468750 0.250000
vt 0.468750 0.625000
vt 0.468750 0.687500
vt 0.468750 0.125000
vt 0.468750 0.562500
vt 0.468750 0.062500
vt 0.468750 0.500000
vt 0.468750 0.937500
vt 0.484375 1.000000
vt 0.484375 0.000000
vt 0.468750 0.437500
vt 0.468750 0.875000
vt 0.468750 0.375000
vt 0.468750 0.812500
vt 0.468750 0.312500
vt 0.468750 0.750000
vt 0.437500 0.875000
vt 0.437500 0.937500
vt 0.437500 0.375000
vt 0.437500 0.437500
vt 0.437500 0.812500
vt 0.437500 0.312500
vt 0.437500 0.750000
vt 0.437500 0.250000
vt 0.437500 0.687500
vt 0.437500 0.187500
vt 0.437500 0.625000
vt 0.437500 0.125000
vt 0.437500 0.562500
vt 0.437500 0.062500
vt 0.437500 0.500000
vt 0.453125 1.000000
vt 0.453125 0.000000
vt 0.406250 0.625000
vt 0.406250 0.687500
vt 0.406250 0.125000
vt 0.406250 0.187500
vt 0.406250 0.562500
vt 0.406250 0.062500
vt 0.406250 0.500000
vt 0.406250 0.937500
vt 0.421875 1.000000
vt 0.421875 0.000000
vt 0.406250 0.437500
vt 0.406250 0.875000
vt 0.406250 0.375000
vt 0.406250 0.812500
vt 0.406250 0.312500
vt 0.406250 0.750000
vt 0.406250 0.250000
vt 0.375000 0.375000
vt 0.375000 0.437500
vt 0.375000 0.812500
vt 0.375000 0.875000
vt 0.375000 0.312500
vt 0.375000 0.687500
vt 0.375000 0.187500
vt 0.375000 0.625000
vt 0.375000 0.125000
vt 0.375000 0.562500
vt 0.375000 0.062500
vt 0.375000 0.500000
vt 0.375000 0.937500
vt 0.390625 1.000000
vt 0.390625 0.000000
vt 0.343750 0.125000
vt 0.343750 0.187500
vt 0.343750 0.562500
vt 0.343750 0.625000
vt 0.343750 0.062500
vt 0.343750 0.500000
vt 0.343750 0.937500
vt 0.359375 1.000000
vt 0.359375 0.000000
vt 0.343750 0.437500
vt 0.343750 0.875000
vt 0.343750 0.375000
vt 0.343750 0.812500
vt 0.343750 0.312500
vt 0.343750 0.750000
vt 0.343750 0.250000
vt 0.343750 0.687500
vt 0.312500 0.812500
vt 0.312500 0.875000
vt 0.312500 0.312500
vt 0.312500 0.375000
vt 0.312500 0.750000
vt 0.312500 0.250000
vt 0.312500 0.687500
vt 0.312500 0.187500
vt 0.312500 0.625000
vt 0.312500 0.125000
vt 0.312500 0.562500
vt 0.312500 0.062500
vt 0.312500 0.500000
vt 0.312500 0.937500
vt 0.328125 1.000000
vt 0.328125 0.000000
vt 0.312500 0.437500
vt 0.281250 0.562500
vt 0.281250 0.625000
vt 0.281250 0.062500
vt 0.281250 0.125000
vt 0.281250 0.500000
vt 0.281250 0.937500
vt 0.296875 1.000000
vt 0.296875 0.000000
vt 0.281250 0.437500
vt 0.281250 0.875000
vt 0.281250 0.375000
vt 0.281250 0.812500
vt 0.281250 0.312500
vt 0.281250 0.750000
vt 0.281250 0.250000
vt 0.281250 0.687500
vt 0.281250 0.187500
vt 0.250000 0.312500
vt 0.250000 0.375000
vt 0.250000 0.750000
vt 0.250000 0.812500
vt 0.250000 0.250000
vt 0.250000 0.687500
vt 0.250000 0.187500
vt 0.250000 0.625000
vt 0.250000 0.125000
vt 0.250000 0.562500
vt 0.250000 0.062500
vt 0.250000 0.500000
vt 0.250000 0.937500
vt 0.265625 1.000000
vt 0.265625 0.000000
vt 0.250000 0.437500
vt 0.250000 0.875000
vt 0.218750 0.062500
vt 0.218750 0.125000
vt 0.218750 0.500000
vt 0.218750 0.562500
vt 0.218750 0.937500
vt 0.234375 1.000000
vt 0.234375 0.000000
vt 0.218750 0.437500
vt 0.218750 0.875000
vt 0.218750 0.375000
vt 0.218750 0.812500
vt 0.218750 0.312500
vt 0.218750 0.750000
vt 0.218750 0.250000
vt 0.218750 0.687500
vt 0.218750 0.187500
vt 0.218750 0.625000
vt 0.187500 0.250000
vt 0.187500 0.312500
vt 0.187500 0.687500
vt 0.187500 0.750000
vt 0.187500 0.187500
vt 0.187500 0.625000
vt 0.187500 0.125000
vt 0.187500 0.562500
vt 0.187500 0.062500
vt 0.187500 0.500000
vt 0.187500 0.937500
vt 0.203125 1.000000
vt 0.203125 0.000000
vt 0.187500 0.437500
vt 0.187500 0.875000
vt 0.187500 0.375000
vt 0.187500 0.812500
vt 0.156250 0.937500
vt 0.171875 1.000000
vt 0.171875 0.000000
vt 0.156250 0.062500
vt 0.156250 0.437500
vt 0.156250 0.500000
vt 0.156250 0.875000
vt 0.156250 0.375000
vt 0.156250 0.812500
vt 0.156250 0.312500
vt 0.156250 0.750000
vt 0.156250 0.250000
vt 0.156250 0.687500
vt 0.156250 0.187500
vt 0.156250 0.625000
vt 0.156250 0.125000
vt 0.156250 0.562500
vt 0.125000 0.687500
vt 0.125000 0.187500
vt 0.125000 0.250000
vt 0.125000 0.625000
vt 0.125000 0.125000
vt 0.125000 0.562500
vt 0.125000 0.062500
vt 0.125000 0.500000
vt 0.125000 0.937500
vt 0.140625 1.000000
vt 0.140625 0.000000
vt 0.125000 0.437500
vt 0.125000 0.875000
vt 0.125000 0.375000
vt 0.125000 0.812500
vt 0.125000 0.312500
vt 0.093750 0.437500
vt 0.093750 0.500000
vt 0.093750 0.875000
vt 0.093750 0.937500
vt 0.093750 0.375000
vt 0.093750 0.812500
vt 0.093750 0.312500
vt 0.093750 0.750000
vt 0.093750 0.250000
vt 0.093750 0.687500
vt 0.093750 0.187500
vt 0.093750 0.625000
vt 0.093750 0.125000
vt 0.093750 0.562500
vt 0.093750 0.062500
vt 0.109375 1.000000
vt 0.109375 0.000000
vt 0.062500 0.187500
vt 0.062500 0.250000
vt 0.062500 0.625000
vt 0.062500 0.687500
vt 0.062500 0.125000
vt 0.062500 0.562500
vt 0.062500 0.062500
vt 0.062500 0.500000
vt 0.062500 0.937500
vt 0.078125 1.000000
vt 0.078125 0.000000
vt 0.062500 0.437500
vt 0.062500 0.875000
vt 0.062500 0.375000
vt 0.062500 0.812500
vt 0.062500 0.312500
vt 0.062500 0.750000
vt 0.031250 0.875000
vt 0.031250 0.937500
vt 0.031250 0.375000
vt 0.031250 0.437500
vt 0.031250 0.812500
vt 0.031250 0.312500
vt 0.031250 0.750000
vt 0.031250 0.250000
vt 0.031250 0.687500
vt 0.031250 0.187500
vt 0.031250 0.625000
vt 0.031250 0.125000
vt 0.031250 0.562500
vt 0.031250 0.062500
vt 0.031250 0.500000
vt 0.046875 1.000000
vt 0.046875 0.000000
vt 0.000000 0.625000
vt 0.000000 0.687500
vt 0.000000 0.125000
vt 0.000000 0.187500
vt 0.000000 0.562500
vt 0.000000 0.062500
vt 0.000000 0.937500
vt 0.015625 1.000000
vt 0.015625 0.000000
vt 0.000000 0.437500
vt 0.000000 0.875000
vt 0.000000 0.375000
vt 0.000000 0.812500
vt 0.000000 0.312500
vt 0.000000 0.750000
vt 0.000000 0.250000
vt 1.000000 0.375000
vt 0.968750 0.375000
vt 0.968750 0.437500
vt 1.000000 0.437500
vt 1.000000 0.812500
vt 0.968750 0.812500
vt 0.968750 0.875000
vt 1.000000 0.875000
vt 1.000000 0.312500
vt 0.968750 0.312500
vt 1.000000 0.750000
vt 0.968750 0.750000
vt 1.000000 0.250000
vt 0.968750 0.250000
vt 1.000000 0.687500
vt 0.968750 0.687500
vt 1.000000 0.187500
vt 0.968750 0.187500
vt 1.000000 0.625000
vt 0.968750 0.625000
vt 1.000000 0.125000
vt 0.968750 0.125000
vt 1.000000 0.562500
vt 0.968750 0.562500
vt 1.000000 0.062500
vt 0.968750 0.062500
vt 0.968750 0.500000
vt 1.000000 0.937500
vt 0.968750 0.937500
vt 0.984375 1.000000
vt 0.984375 0.000000
vt 0.937500 0.125000
vt 0.937500 0.187500
vt 0.937500 0.562500
vt 0.937500 0.625000
vt 0.937500 0.062500
vt 0.937500 0.500000
vt 0.937500 0.937500
vt 0.953125 1.000000
vt 0.953125 0.000000
vt 0.937500 0.437500
vt 0.937500 0.875000
vt 0.937500 0.375000
vt 0.937500 0.812500
vt 0.937500 0.312500
vt 0.937500 0.750000
vt 0.937500 0.250000
vt 0.937500 0.687500
vt 0.906250 0.312500
vt 0.906250 0.375000
vt 0.906250 0.750000
vt 0.906250 0.812500
vt 0.906250 0.250000
vt 0.906250 0.687500
vt 0.906250 0.187500
vt 0.906250 0.625000
vt 0.906250 0.125000
vt 0.906250 0.562500
vt 0.906250 0.062500
vt 0.906250 0.500000
vt 0.906250 0.937500
vt 0.921875 1.000000
vt 0.921875 0.000000
vt 0.906250 0.437500
vt 0.906250 0.875000
vt 0.875000 0.062500
vt 0.875000 0.125000
vt 0.875000 0.500000
vt 0.875000 0.562500
vt 0.875000 0.937500
vt 0.890625 1.000000
vt 0.890625 0.000000
vt 0.875000 0.437500
vt 0.875000 0.875000
vt 0.875000 0.375000
vt 0.875000 0.812500
vt 0.875000 0.312500
vt 0.875000 0.750000
vt 0.875000 0.250000
vt 0.875000 0.687500
vt 0.875000 0.187500
vt 0.875000 0.625000
vt 0.843750 0.750000
vt 0.843750 0.812500
vt 0.843750 0.250000
vt 0.843750 0.312500
vt 0.843750 0.687500
vt 0.843750 0.187500
vt 0.843750 0.625000
vt 0.843750 0.125000
vt 0.843750 0.562500
vt 0.843750 0.062500
vt 0.843750 0.500000
vt 0.843750 0.937500
vt 0.859375 1.000000
vt 0.859375 0.000000
vt 0.843750 0.437500
vt 0.843750 0.875000
vt 0.843750 0.375000
vt 0.812500 0.500000
vt 0.812500 0.562500
vt 0.812500 0.937500
vt 0.828125 1.000000
vt 0.828125 0.000000
vt 0.812500 0.062500
vt 0.812500 0.437500
vt 0.812500 0.875000
vt 0.812500 0.375000
vt 0.812500 0.812500
vt 0.812500 0.312500
vt 0.812500 0.750000
vt 0.812500 0.250000
vt 0.812500 0.687500
vt 0.812500 0.187500
vt 0.812500 0.625000
vt 0.812500 0.125000
vt 0.781250 0.250000
vt 0.781250 0.312500
vt 0.781250 0.687500
vt 0.781250 0.750000
vt 0.781250 0.187500
vt 0.781250 0.625000
vt 0.781250 0.125000
vt 0.781250 0.562500
vt 0.781250 0.062500
vt 0.781250 0.500000
vt 0.781250 0.937500
vt 0.796875 1.000000
vt 0.796875 0.000000
vt 0.781250 0.437500
vt 0.781250 0.875000
vt 0.781250 0.375000
vt 0.781250 0.812500
vt 0.765625 1.000000
vt 0.765625 0.000000
vt 0.383337 0.449553
vt 0.449553 0.383337
vt 0.449553 0.116663
vt 0.419706 0.080294
vt 0.383337 0.050447
vt 0.250000 0.010000
vt 0.116663 0.050447
vt 0.080294 0.080294
vt 0.050447 0.116663
vt 0.010000 0.250000
vt 0.050447 0.383337
vt 0.080294 0.419706
vt 0.116663 0.449553
vt 0.616663 0.449553
vt 0.550447 0.383337
vt 0.550447 0.116663
vt 0.580294 0.080294
vt 0.616663 0.050447
vt 0.750000 0.010000
vt 0.883337 0.050447
vt 0.919706 0.080294
vt 0.949553 0.116663
vt 0.949553 0.383337
vt 0.883337 0.449553
s 0
usemtl rock
f 1/1/1 2/2/1 3/2/1
f 4/3/2 5/1/2 6/2/2
f 7/3/3 8/2/3 9/2/3
f 10/3/4 11/1/4 12/3/4
f 13/3/5 14/2/5 15/2/5
f 16/3/6 17/2/6 18/3/6
f 19/4/1 20/5/1 21/5/1
f 22/6/7 23/4/7 24/5/7
f 25/6/8 26/5/8 27/5/8
f 28/6/9 29/4/9 30/6/9
f 31/6/10 32/5/10 33/5/10
f 34/6/11 35/5/11 36/5/11
f 37/7/12 38/7/12 39/7/12
f 40/8/13 41/7/13 42/7/13
f 43/8/14 44/7/14 45/7/14
f 46/8/15 47/7/15 48/8/15
f 49/8/16 50/7/16 51/8/16
f 52/8/17 53/7/17 54/8/17
f 55/9/18 56/10/18 57/10/18
f 58/11/19 59/9/19 60/10/19
f 61/11/20 62/10/20 63/10/20
f 64/11/21 65/9/21 66/11/21
f 67/11/22 68/10/22 69/11/22
f 70/11/23 71/10/23 72/11/23
f 73/2/24 74/2/24 75/1/24
f 76/1/12 77/2/12 78/2/12
f 79/3/25 80/3/25 81/1/25
f 82/3/26 83/3/26 84/2/26
f 85/3/27 86/2/27 87/1/27
f 88/3/5 89/3/5 90/2/5
f 91/3/28 92/2/28 93/2/28
f 94/5/29 95/5/29 96/4/29
f 97/4/1 98/5/1 99/5/1
f 100/6/30 101/6/30 102/4/30
f 103/6/31 104/6/31 105/5/31
f 106/6/32 107/5/32 108/4/32
f 109/6/33 110/6/33 111/5/33
f 112/6/34 113/6/34 114/5/34
f 115/7/1 116/7/1 117/7/1
f 118/7/18 119/7/18 120/7/18
f 121/8/35 122/8/35 123/7/35
f 124/8/36 125/8/36 126/7/36
f 127/8/37 128/7/37 129/7/37
f 130/8/16 131/7/16 132/7/16
f 133/8/38 134/7/38 135/7/38
f 136/10/12 137/10/12 138/9/12
f 139/9/29 140/10/29 141/10/29
f 142/11/39 143/11/39 144/9/39
f 145/11/40 146/11/40 147/10/40
f 148/11/41 149/10/41 150/9/41
f 151/11/42 152/10/42 153/10/42
f 154/11/43 155/10/43 156/10/43
f 1191/1/900 1192/2/900 1193/2/900
f 1194/3/901 1195/1/901 1196/2/901
f 1197/3/902 1198/2/902 1199/2/902
f 1200/3/903 1201/1/903 1202/3/903
f 1203/3/904 1204/2/904 1205/2/904
f 1206/3/905 1207/2/905 1208/3/905
f 1209/4/906 1210/5/906 1211/5/906
f 1212/6/907 1213/4/907 1214/5/907
f 1215/6/908 1216/5/908 1217/5/908
f 1218/6/909 1219/4/909 1220/6/909
f 1221/6/910 1222/5/910 1223/5/910
f 1224/6/911 1225/5/911 1226/5/911
f 1227/7/900 1228/7/900 1229/7/900
f 1230/8/912 1231/7/912 1232/7/912
f 1233/8/913 1234/7/913 1235/7/913
f 1236/8/914 1237/7/914 1238/8/914
f 1239/8/915 1240/7/915 1241/8/915
f 1242/8/916 1243/7/916 1244/8/916
f 1245/9/917 1246/10/917 1247/10/917
f 1248/11/918 1249/9/918 1250/10/918
f 1251/11/919 1252/10/919 1253/10/919
f 1254/11/920 1255/9/920 1256/11/920
f 1257/11/921 1258/10/921 1259/11/921
f 1260/11/922 1261/10/922 1262/11/922
f 1263/2/906 1264/2/906 1265/1/906
f 1266/1/917 1267/2/917 1268/2/917
f 1269/3/923 1270/3/923 1271/1/923
f 1272/3/924 1273/3/924 1274/2/924
f 1275/3/925 1276/2/925 1277/1/925
f 1278/3/904 1279/3/904 1280/2/904
f 1281/3/926 1282/2/926 1283/2/926
f 1284/5/927 1285/5/927 1286/4/927
f 1287/4/900 1288/5/900 1289/5/900
f 1290/6/928 1291/6/928 1292/4/928
f 1293/6/929 1294/6/929 1295/5/929
f 1296/6/930 1297/5/930 1298/4/930
f 1299/6/931 1300/6/931 1301/5/931
f 1302/6/932 1303/6/932 1304/5/932
f 1305/7/933 1306/7/933 1307/7/933
f 1308/7/917 1309/7/917 1310/7/917
f 1311/8/934 1312/8/934 1313/7/934
f 1314/8/935 1315/8/935 1316/7/935
f 1317/8/936 1318/7/936 1319/7/936
f 1320/8/937 1321/7/937 1322/7/937
f 1323/8/938 1324/7/938 1325/7/938
f 1326/10/900 1327/10/900 1328/9/900
f 1329/9/927 1330/10/927 1331/10/927
f 1332/11/939 1333/11/939 1334/9/939
f 1335/11/940 1336/11/940 1337/10/940
f 1338/11/941 1339/10/941 1340/9/941
f 1341/11/942 1342/10/942 1343/10/942
f 1344/11/943 1345/10/943 1346/10/943
f 1347/1/944 1348/2/944 1349/2/944
f 1350/3/945 1351/1/945 1352/2/945
f 1353/3/946 1354/2/946 1355/2/946
f 1356/3/947 1357/1/947 1358/3/947
f 1359/3/948 1360/2/948 1361/2/948
f 1362/3/949 1363/2/949 1364/3/949
f 1365/4/944 1366/5/944 1367/5/944
f 1368/6/950 1369/4/950 1370/5/950
f 1371/6/951 1372/5/951 1373/5/951
f 1374/6/952 1375/4/952 1376/6/952
f 1377/6/953 1378/5/953 1379/5/953
f 1380/6/954 1381/5/954 1382/5/954
f 1383/7/955 1384/7/955 1385/7/955
f 1386/8/956 1387/7/956 1388/7/956
f 1389/8/957 1390/7/957 1391/7/957
f 1392/8/958 1393/7/958 1394/8/958
f 1395/8/959 1396/7/959 1397/8/959
f 1398/8/960 1399/7/960 1400/8/960
f 1401/9/955 1402/10/955 1403/10/955
f 1404/11/961 1405/9/961 1406/10/961
f 1407/11/962 1408/10/962 1409/10/962
f 1410/11/963 1411/9/963 1412/11/963
f 1413/11/964 1414/10/964 1415/11/964
f 1416/11/965 1417/10/965 1418/11/965
f 1419/2/944 1420/2/944 1421/1/944
f 1422/1/955 1423/2/955 1424/2/955
f 1425/3/966 1426/3/966 1427/1/966
f 1428/3/967 1429/3/967 1430/2/967
f 1431/3/968 1432/2/968 1433/1/968
f 1434/3/969 1435/3/969 1436/2/969
f 1437/3/970 1438/2/970 1439/2/970
f 1440/5/971 1441/5/971 1442/4/971
f 1443/4/944 1444/5/944 1445/5/944
f 1446/6/972 1447/6/972 1448/4/972
f 1449/6/973 1450/6/973 1451/5/973
f 1452/6/974 1453/5/974 1454/4/974
f 1455/6/975 1456/6/975 1457/5/975
f 1458/6/976 1459/6/976 1460/5/976
f 1461/7/944 1462/7/944 1463/7/944
f 1464/7/955 1465/7/955 1466/7/955
f 1467/8/977 1468/8/977 1469/7/977
f 1470/8/978 1471/8/978 1472/7/978
f 1473/8/979 1474/7/979 1475/7/979
f 1476/8/980 1477/7/980 1478/7/980
f 1479/8/981 1480/7/981 1481/7/981
f 1482/10/955 1483/10/955 1484/9/955
f 1485/9/971 1486/10/971 1487/10/971
f 1488/11/982 1489/11/982 1490/9/982
f 1491/11/983 1492/11/983 1493/10/983
f 1494/11/984 1495/10/984 1496/9/984
f 1497/11/985 1498/10/985 1499/10/985
f 1500/11/986 1501/10/986 1502/10/986
usemtl Material.030
f 157/12/44 159/13/44 160/14/44 158/15/44
f 159/13/45 161/16/45 162/17/45 160/14/45
f 161/16/46 163/18/46 164/19/46 162/17/46
f 163/18/47 165/20/47 166/21/47 164/19/47
f 165/20/48 167/22/48 168/23/48 166/21/48
f 167/22/49 169/24/49 170/25/49 168/23/49
f 169/24/50 171/26/50 172/27/50 170/25/50
f 171/26/51 173/28/51 174/29/51 172/27/51
f 173/28/52 175/30/52 176/31/52 174/29/52
f 175/30/53 177/32/53 178/33/53 176/31/53
f 177/32/54 179/34/54 180/35/54 178/33/54
f 179/34/55 181/36/55 182/37/55 180/35/55
f 181/36/56 183/38/56 184/39/56 182/37/56
f 183/38/57 185/40/57 186/41/57 184/39/57
f 185/40/58 187/42/58 188/43/58 186/41/58
f 187/42/59 189/44/59 190/45/59 188/43/59
f 189/44/60 191/46/60 192/47/60 190/45/60
f 191/46/61 193/48/61 194/49/61 192/47/61
f 193/48/62 195/50/62 196/51/62 194/49/62
f 195/50/63 197/52/63 198/53/63 196/51/63
f 197/52/64 199/54/64 200/55/64 198/53/64
f 199/54/65 201/56/65 202/57/65 200/55/65
f 201/56/66 203/58/66 204/59/66 202/57/66
f 203/58/67 205/60/67 206/61/67 204/59/67
f 205/60/68 207/62/68 208/63/68 206/61/68
f 207/62/69 209/64/69 210/65/69 208/63/69
f 209/64/70 211/66/70 212/67/70 210/65/70
f 211/66/71 213/68/71 214/69/71 212/67/71
f 213/68/72 215/70/72 216/71/72 214/69/72
f 215/70/73 217/72/73 218/73/73 216/71/73
f 160/74/74 162/75/74 164/76/74 166/77/74 168/78/74 170/79/74 172/80/74 174/81/74 176/82/74 178/83/74 180/84/74 182/85/74 184/86/74 186/87/74 188/88/74 190/89/74 192/90/74 194/91/74 196/92/74 198/93/74 200/94/74 202/95/74 204/96/74 206/97/74 208/98/74 210/99/74 212/100/74 214/101/74 216/102/74 218/103/74 220/104/74 158/105/74
f 217/72/75 219/106/75 220/107/75 218/73/75
f 219/106/76 157/108/76 158/109/76 220/107/76
f 157/110/77 219/111/77 217/112/77 215/113/77 213/114/77 211/115/77 209/116/77 207/117/77 205/118/77 203/119/77 201/120/77 199/121/77 197/122/77 195/123/77 193/124/77 191/125/77 189/126/77 187/127/77 185/128/77 183/129/77 181/130/77 179/131/77 177/132/77 175/133/77 173/134/77 171/135/77 169/136/77 167/137/77 165/138/77 163/139/77 161/140/77 159/141/77
f 1063/12/802 1065/13/802 1066/14/802 1064/15/802
f 1065/13/803 1067/16/803 1068/17/803 1066/14/803
f 1067/16/804 1069/18/804 1070/19/804 1068/17/804
f 1069/18/805 1071/20/805 1072/21/805 1070/19/805
f 1071/20/806 1073/22/806 1074/23/806 1072/21/806
f 1073/22/807 1075/24/807 1076/25/807 1074/23/807
f 1075/24/808 1077/26/808 1078/27/808 1076/25/808
f 1077/26/809 1079/28/809 1080/29/809 1078/27/809
f 1079/28/810 1081/30/810 1082/31/810 1080/29/810
f 1081/30/811 1083/32/811 1084/33/811 1082/31/811
f 1083/32/812 1085/34/812 1086/35/812 1084/33/812
f 1085/34/813 1087/36/813 1088/37/813 1086/35/813
f 1087/36/814 1089/38/814 1090/39/814 1088/37/814
f 1089/38/815 1091/40/815 1092/41/815 1090/39/815
f 1091/40/816 1093/42/816 1094/43/816 1092/41/816
f 1093/42/817 1095/44/817 1096/45/817 1094/43/817
f 1095/44/818 1097/46/818 1098/47/818 1096/45/818
f 1097/46/819 1099/48/819 1100/49/819 1098/47/819
f 1099/48/820 1101/50/820 1102/51/820 1100/49/820
f 1101/50/821 1103/52/821 1104/53/821 1102/51/821
f 1103/52/822 1105/54/822 1106/55/822 1104/53/822
f 1105/54/823 1107/56/823 1108/57/823 1106/55/823
f 1107/56/824 1109/58/824 1110/59/824 1108/57/824
f 1109/58/825 1111/60/825 1112/61/825 1110/59/825
f 1111/60/826 1113/62/826 1114/63/826 1112/61/826
f 1113/62/827 1115/64/827 1116/65/827 1114/63/827
f 1115/64/828 1117/66/828 1118/67/828 1116/65/828
f 1117/66/829 1119/68/829 1120/69/829 1118/67/829
f 1119/68/830 1121/70/830 1122/71/830 1120/69/830
f 1121/70/831 1123/72/831 1124/73/831 1122/71/831
f 1066/74/832 1068/75/832 1070/76/832 1072/77/832 1074/78/832 1076/79/832 1078/80/832 1080/81/832 1082/82/832 1084/83/832 1086/84/832 1088/85/832 1090/86/832 1092/87/832 1094/88/832 1096/89/832 1098/90/832 1100/91/832 1102/92/832 1104/93/832 1106/94/832 1108/95/832 1110/96/832 1112/97/832 1114/98/832 1116/99/832 1118/100/832 1120/101/832 1122/102/832 1124/103/832 1126/104/832 1064/105/832
f 1123/72/833 1125/106/833 1126/107/833 1124/73/833
f 1125/106/834 1063/108/834 1064/109/834 1126/107/834
f 1063/110/835 1125/111/835 1123/112/835 1121/113/835 1119/114/835 1117/115/835 1115/116/835 1113/117/835 1111/118/835 1109/119/835 1107/120/835 1105/121/835 1103/122/835 1101/123/835 1099/124/835 1097/125/835 1095/126/835 1093/127/835 1091/128/835 1089/129/835 1087/130/835 1085/131/835 1083/132/835 1081/133/835 1079/134/835 1077/135/835 1075/136/835 1073/137/835 1071/138/835 1069/139/835 1067/140/835 1065/141/835
usemtl Material.037
f 221/142/78 223/143/78 224/144/78 222/145/78
f 223/143/79 227/52/79 228/36/79 224/144/79
f 227/52/80 225/146/80 226/147/80 228/36/80
f 225/146/81 221/53/81 222/37/81 226/147/81
f 223/68/82 221/148/82 225/146/82 227/52/82
f 228/36/83 226/147/83 222/149/83 224/20/83
f 229/142/84 231/143/84 232/144/84 230/145/84
f 231/143/85 235/52/85 236/36/85 232/144/85
f 235/52/86 233/146/86 234/147/86 236/36/86
f 233/146/87 229/53/87 230/37/87 234/147/87
f 231/68/88 229/148/88 233/146/88 235/52/88
f 236/36/89 234/147/89 230/149/89 232/20/89
f 237/142/90 239/143/90 240/144/90 238/145/90
f 239/143/91 243/52/91 244/36/91 240/144/91
f 243/52/92 241/146/92 242/147/92 244/36/92
f 241/146/93 237/53/93 238/37/93 242/147/93
f 239/68/94 237/148/94 241/146/94 243/52/94
f 244/36/95 242/147/95 238/149/95 240/20/95
f 245/12/96 247/13/96 248/14/96 246/15/96
f 247/13/97 249/16/97 250/17/97 248/14/97
f 249/16/98 251/18/98 252/19/98 250/17/98
f 251/18/99 253/20/99 254/21/99 252/19/99
f 253/20/100 255/22/100 256/23/100 254/21/100
f 255/22/101 257/24/101 258/25/101 256/23/101
f 257/24/102 259/26/102 260/27/102 258/25/102
f 259/26/103 261/28/103 262/29/103 260/27/103
f 261/28/104 263/30/104 264/31/104 262/29/104
f 263/30/105 265/32/105 266/33/105 264/31/105
f 265/32/106 267/34/106 268/35/106 266/33/106
f 267/34/107 269/36/107 270/37/107 268/35/107
f 269/36/108 271/38/108 272/39/108 270/37/108
f 271/38/109 273/40/109 274/41/109 272/39/109
f 273/40/110 275/42/110 276/43/110 274/41/110
f 275/42/111 277/44/111 278/45/111 276/43/111
f 277/44/112 279/46/112 280/47/112 278/45/112
f 279/46/113 281/48/113 282/49/113 280/47/113
f 281/48/114 283/50/114 284/51/114 282/49/114
f 283/50/115 285/52/115 286/53/115 284/51/115
f 285/52/116 287/54/116 288/55/116 286/53/116
f 287/54/117 289/56/117 290/57/117 288/55/117
f 289/56/118 291/58/118 292/59/118 290/57/118
f 291/58/119 293/60/119 294/61/119 292/59/119
f 293/60/120 295/62/120 296/63/120 294/61/120
f 295/62/121 297/64/121 298/65/121 296/63/121
f 297/64/122 299/66/122 300/67/122 298/65/122
f 299/66/123 301/68/123 302/69/123 300/67/123
f 301/68/124 303/70/124 304/71/124 302/69/124
f 303/70/125 305/72/125 306/73/125 304/71/125
f 248/74/126 250/75/126 252/76/126 254/77/126 256/78/126 258/79/126 260/80/126 262/81/126 264/82/126 266/83/126 268/84/126 270/85/126 272/86/126 274/87/126 276/150/126 278/89/126 280/151/126 282/91/126 284/92/126 286/93/126 288/94/126 290/95/126 292/152/126 294/97/126 296/153/126 298/99/126 300/100/126 302/101/126 304/102/126 306/103/126 308/104/126 246/105/126
f 305/72/127 307/106/127 308/107/127 306/73/127
f 307/106/128 245/108/128 246/109/128 308/107/128
f 245/110/129 307/111/129 305/112/129 303/113/129 301/114/129 299/115/129 297/116/129 295/117/129 293/118/129 291/119/129 289/120/129 287/121/129 285/122/129 283/123/129 281/124/129 279/125/129 277/126/129 275/127/129 273/128/129 271/129/129 269/130/129 267/131/129 265/132/129 263/133/129 261/134/129 259/135/129 257/136/129 255/137/129 253/138/129 251/139/129 249/140/129 247/141/129
s 1
usemtl Material.031
f 309/12/130 311/13/131 312/14/132 310/15/133
f 311/13/131 313/16/134 314/17/135 312/14/132
f 313/16/134 315/18/136 316/19/137 314/17/135
f 315/18/136 317/20/138 318/21/139 316/19/137
f 317/20/138 319/22/140 320/23/141 318/21/139
f 319/22/140 321/24/142 322/25/143 320/23/141
f 321/24/142 323/26/144 324/27/145 322/25/143
f 323/26/144 325/28/146 326/29/147 324/27/145
f 325/28/146 327/30/148 328/31/149 326/29/147
f 327/30/148 329/32/150 330/33/151 328/31/149
f 329/32/150 331/34/152 332/35/153 330/33/151
f 331/34/152 333/36/154 334/37/155 332/35/153
f 333/36/154 335/38/156 336/39/157 334/37/155
f 335/38/156 337/40/158 338/41/159 336/39/157
f 337/40/158 339/42/160 340/43/161 338/41/159
f 339/42/160 341/44/162 342/45/163 340/43/161
f 341/44/162 343/46/164 344/47/165 342/45/163
f 343/46/164 345/48/166 346/49/167 344/47/165
f 345/48/166 347/50/168 348/51/169 346/49/167
f 347/50/168 349/52/170 350/53/171 348/51/169
f 349/52/170 351/54/172 352/55/173 350/53/171
f 351/54/172 353/56/174 354/57/175 352/55/173
f 353/56/174 355/58/176 356/59/177 354/57/175
f 355/58/176 357/60/178 358/61/179 356/59/177
f 357/60/178 359/62/180 360/63/181 358/61/179
f 359/62/180 361/64/182 362/65/183 360/63/181
f 361/64/182 363/66/184 364/67/185 362/65/183
f 363/66/184 365/68/186 366/69/187 364/67/185
f 365/68/186 367/70/188 368/71/189 366/69/187
f 367/70/188 369/72/190 370/73/191 368/71/189
f 312/74/132 314/75/135 316/76/137 318/77/139 320/78/141 322/79/143 324/80/145 326/81/147 328/82/149 330/83/151 332/84/153 334/85/155 336/86/157 338/87/159 340/150/161 342/89/163 344/151/165 346/91/167 348/92/169 350/93/171 352/94/173 354/95/175 356/152/177 358/97/179 360/153/181 362/99/183 364/100/185 366/101/187 368/102/189 370/103/191 372/104/192 310/105/133
f 369/72/190 371/106/193 372/107/192 370/73/191
f 371/106/193 309/108/130 310/109/133 372/107/192
f 309/110/130 371/111/193 369/112/190 367/113/188 365/114/186 363/115/184 361/116/182 359/117/180 357/118/178 355/119/176 353/120/174 351/121/172 349/122/170 347/123/168 345/124/166 343/125/164 341/126/162 339/127/160 337/128/158 335/129/156 333/130/154 331/131/152 329/132/150 327/133/148 325/134/146 323/135/144 321/136/142 319/137/140 317/138/138 315/139/136 313/140/134 311/141/131
s 0
usemtl Material.038
f 377/28/194 388/30/194 387/154/194 376/155/194
f 846/156/195 381/157/195 373/158/195
f 380/159/196 395/160/196 854/161/196
f 378/162/197 389/163/197 388/30/197 377/28/197
f 847/164/198 382/165/198 381/157/198 846/156/198
f 850/166/199 390/167/199 389/163/199 378/162/199
f 374/168/200 383/169/200 382/165/200 847/164/200
f 379/170/201 391/171/201 390/167/201 850/166/201
f 848/172/202 384/173/202 383/169/202 374/168/202
f 851/174/203 392/175/203 391/171/203 379/170/203
f 375/176/204 385/177/204 384/173/204 848/172/204
f 852/178/205 393/179/205 392/175/205 851/174/205
f 849/180/206 386/181/206 385/177/206 375/176/206
f 853/182/207 394/183/207 393/179/207 852/178/207
f 376/155/208 387/154/208 386/181/208 849/180/208
f 854/161/209 395/160/209 394/183/209 853/182/209
f 387/154/210 402/184/210 401/185/210 386/181/210
f 395/160/211 410/186/211 409/187/211 394/183/211
f 388/30/212 403/32/212 402/184/212 387/154/212
f 381/157/213 396/188/213 373/189/213
f 380/190/214 410/186/214 395/160/214
f 389/163/215 404/191/215 403/32/215 388/30/215
f 382/165/216 397/192/216 396/188/216 381/157/216
f 390/167/217 405/193/217 404/191/217 389/163/217
f 383/169/218 398/194/218 397/192/218 382/165/218
f 391/171/219 406/195/219 405/193/219 390/167/219
f 384/173/220 399/196/220 398/194/220 383/169/220
f 392/175/221 407/197/221 406/195/221 391/171/221
f 385/177/222 400/198/222 399/196/222 384/173/222
f 393/179/223 408/199/223 407/197/223 392/175/223
f 386/181/224 401/185/224 400/198/224 385/177/224
f 394/183/225 409/187/225 408/199/225 393/179/225
f 406/195/226 421/200/226 420/201/226 405/193/226
f 399/196/227 414/202/227 413/203/227 398/194/227
f 407/197/228 422/204/228 421/200/228 406/195/228
f 400/198/229 415/205/229 414/202/229 399/196/229
f 408/199/230 423/206/230 422/204/230 407/197/230
f 401/185/231 416/207/231 415/205/231 400/198/231
f 409/187/232 424/208/232 423/206/232 408/199/232
f 402/184/233 417/209/233 416/207/233 401/185/233
f 410/186/234 425/210/234 424/208/234 409/187/234
f 403/32/235 418/34/235 417/209/235 402/184/235
f 396/188/236 411/211/236 373/212/236
f 380/213/237 425/210/237 410/186/237
f 404/191/238 419/214/238 418/34/238 403/32/238
f 397/192/239 412/215/239 411/211/239 396/188/239
f 405/193/240 420/201/240 419/214/240 404/191/240
f 398/194/241 413/203/241 412/215/241 397/192/241
f 425/210/242 440/216/242 439/217/242 424/208/242
f 418/34/243 433/36/243 432/218/243 417/209/243
f 411/211/244 426/219/244 373/220/244
f 380/221/245 440/216/245 425/210/245
f 419/214/246 434/222/246 433/36/246 418/34/246
f 412/215/247 427/223/247 426/219/247 411/211/247
f 420/201/248 435/224/248 434/222/248 419/214/248
f 413/203/249 428/225/249 427/223/249 412/215/249
f 421/200/250 436/226/250 435/224/250 420/201/250
f 414/202/251 429/147/251 428/225/251 413/203/251
f 422/204/252 437/144/252 436/226/252 421/200/252
f 415/205/253 430/227/253 429/147/253 414/202/253
f 423/206/254 438/228/254 437/144/254 422/204/254
f 416/207/255 431/229/255 430/227/255 415/205/255
f 424/208/256 439/217/256 438/228/256 423/206/256
f 417/209/257 432/218/257 431/229/257 416/207/257
f 429/147/258 444/230/258 443/231/258 428/225/258
f 437/144/259 452/232/259 451/233/259 436/226/259
f 430/227/260 445/234/260 444/230/260 429/147/260
f 438/228/261 453/235/261 452/232/261 437/144/261
f 431/229/262 446/236/262 445/234/262 430/227/262
f 439/217/263 454/237/263 453/235/263 438/228/263
f 432/218/264 447/238/264 446/236/264 431/229/264
f 440/216/265 455/239/265 454/237/265 439/217/265
f 433/36/266 448/38/266 447/238/266 432/218/266
f 426/219/267 441/240/267 373/241/267
f 380/242/268 455/239/268 440/216/268
f 434/222/269 449/243/269 448/38/269 433/36/269
f 427/223/270 442/244/270 441/240/270 426/219/270
f 435/224/271 450/245/271 449/243/271 434/222/271
f 428/225/272 443/231/272 442/244/272 427/223/272
f 436/226/273 451/233/273 450/245/273 435/224/273
f 448/38/274 463/40/274 462/246/274 447/238/274
f 441/240/275 456/247/275 373/248/275
f 380/249/276 470/250/276 455/239/276
f 449/243/277 464/251/277 463/40/277 448/38/277
f 442/244/278 457/252/278 456/247/278 441/240/278
f 450/245/279 465/253/279 464/251/279 449/243/279
f 443/231/280 458/254/280 457/252/280 442/244/280
f 451/233/281 466/255/281 465/253/281 450/245/281
f 444/230/282 459/256/282 458/254/282 443/231/282
f 452/232/283 467/257/283 466/255/283 451/233/283
f 445/234/284 460/258/284 459/256/284 444/230/284
f 453/235/285 468/259/285 467/257/285 452/232/285
f 446/236/286 461/260/286 460/258/286 445/234/286
f 454/237/287 469/261/287 468/259/287 453/235/287
f 447/238/288 462/246/288 461/260/288 446/236/288
f 455/239/289 470/250/289 469/261/289 454/237/289
f 467/257/290 482/262/290 481/263/290 466/255/290
f 460/258/291 475/264/291 474/265/291 459/256/291
f 468/259/292 483/266/292 482/262/292 467/257/292
f 461/260/293 476/267/293 475/264/293 460/258/293
f 469/261/294 484/268/294 483/266/294 468/259/294
f 462/246/295 477/269/295 476/267/295 461/260/295
f 470/250/296 485/270/296 484/268/296 469/261/296
f 463/40/297 478/42/297 477/269/297 462/246/297
f 456/247/298 471/271/298 373/272/298
f 380/273/299 485/270/299 470/250/299
f 464/251/300 479/274/300 478/42/300 463/40/300
f 457/252/301 472/275/301 471/271/301 456/247/301
f 465/253/302 480/276/302 479/274/302 464/251/302
f 458/254/303 473/277/303 472/275/303 457/252/303
f 466/255/304 481/263/304 480/276/304 465/253/304
f 459/256/305 474/265/305 473/277/305 458/254/305
f 380/278/306 500/279/306 485/270/306
f 479/274/307 494/280/307 493/281/307 478/42/307
f 472/275/308 487/282/308 486/283/308 471/271/308
f 480/276/309 495/284/309 494/280/309 479/274/309
f 473/277/310 488/285/310 487/282/310 472/275/310
f 481/263/311 496/286/311 495/284/311 480/276/311
f 474/265/312 489/287/312 488/285/312 473/277/312
f 482/262/313 497/288/313 496/286/313 481/263/313
f 475/264/314 490/289/314 489/287/314 474/265/314
f 483/266/315 498/290/315 497/288/315 482/262/315
f 476/267/316 491/291/316 490/289/316 475/264/316
f 484/268/317 499/292/317 498/290/317 483/266/317
f 477/269/318 492/293/318 491/291/318 476/267/318
f 485/270/319 500/279/319 499/292/319 484/268/319
f 478/42/320 493/281/320 492/293/320 477/269/320
f 471/271/321 486/283/321 373/294/321
f 498/290/322 513/295/322 512/296/322 497/288/322
f 491/291/323 506/297/323 505/298/323 490/289/323
f 499/292/324 514/299/324 513/295/324 498/290/324
f 492/293/325 507/300/325 506/297/325 491/291/325
f 500/279/326 515/301/326 514/299/326 499/292/326
f 493/281/327 508/302/327 507/300/327 492/293/327
f 486/283/328 501/303/328 373/304/328
f 380/305/329 515/301/329 500/279/329
f 494/280/330 509/306/330 508/302/330 493/281/330
f 487/282/331 502/307/331 501/303/331 486/283/331
f 495/284/332 510/308/332 509/306/332 494/280/332
f 488/285/333 503/309/333 502/307/333 487/282/333
f 496/286/334 511/310/334 510/308/334 495/284/334
f 489/287/335 504/311/335 503/309/335 488/285/335
f 497/288/336 512/296/336 511/310/336 496/286/336
f 490/289/337 505/298/337 504/311/337 489/287/337
f 502/307/338 517/312/338 516/313/338 501/303/338
f 510/308/339 525/314/339 524/315/339 509/306/339
f 503/309/340 518/316/340 517/312/340 502/307/340
f 511/310/341 526/317/341 525/314/341 510/308/341
f 504/311/342 519/318/342 518/316/342 503/309/342
f 512/296/343 527/319/343 526/317/343 511/310/343
f 505/298/344 520/320/344 519/318/344 504/311/344
f 513/295/345 528/321/345 527/319/345 512/296/345
f 506/297/346 521/322/346 520/320/346 505/298/346
f 514/299/347 529/323/347 528/321/347 513/295/347
f 507/300/348 522/324/348 521/322/348 506/297/348
f 515/301/349 530/325/349 529/323/349 514/299/349
f 508/302/350 523/326/350 522/324/350 507/300/350
f 501/303/351 516/313/351 373/327/351
f 380/328/352 530/325/352 515/301/352
f 509/306/353 524/315/353 523/326/353 508/302/353
f 521/322/354 536/329/354 535/330/354 520/320/354
f 529/323/355 544/331/355 543/332/355 528/321/355
f 522/324/356 537/333/356 536/329/356 521/322/356
f 530/325/357 545/334/357 544/331/357 529/323/357
f 523/326/358 538/335/358 537/333/358 522/324/358
f 516/313/359 531/336/359 373/337/359
f 380/338/360 545/334/360 530/325/360
f 524/315/361 539/339/361 538/335/361 523/326/361
f 517/312/362 532/340/362 531/336/362 516/313/362
f 525/314/363 540/341/363 539/339/363 524/315/363
f 518/316/364 533/342/364 532/340/364 517/312/364
f 526/317/365 541/343/365 540/341/365 525/314/365
f 519/318/366 534/344/366 533/342/366 518/316/366
f 527/319/367 542/345/367 541/343/367 526/317/367
f 520/320/368 535/330/368 534/344/368 519/318/368
f 528/321/369 543/332/369 542/345/369 527/319/369
f 540/341/370 555/346/370 554/347/370 539/339/370
f 533/342/371 548/348/371 547/349/371 532/340/371
f 541/343/372 556/350/372 555/346/372 540/341/372
f 534/344/373 549/146/373 548/348/373 533/342/373
f 542/345/374 557/143/374 556/350/374 541/343/374
f 535/330/375 550/351/375 549/146/375 534/344/375
f 543/332/376 558/352/376 557/143/376 542/345/376
f 536/329/377 551/353/377 550/351/377 535/330/377
f 544/331/378 559/354/378 558/352/378 543/332/378
f 537/333/379 552/355/379 551/353/379 536/329/379
f 545/334/380 560/356/380 559/354/380 544/331/380
f 538/335/381 553/357/381 552/355/381 537/333/381
f 531/336/382 546/358/382 373/359/382
f 380/360/383 560/356/383 545/334/383
f 539/339/384 554/347/384 553/357/384 538/335/384
f 532/340/385 547/349/385 546/358/385 531/336/385
f 559/354/386 574/361/386 573/362/386 558/352/386
f 552/355/387 567/363/387 566/364/387 551/353/387
f 560/356/388 575/365/388 574/361/388 559/354/388
f 553/357/389 568/366/389 567/363/389 552/355/389
f 546/358/390 561/367/390 373/368/390
f 380/369/391 575/365/391 560/356/391
f 554/347/392 569/370/392 568/366/392 553/357/392
f 547/349/393 562/371/393 561/367/393 546/358/393
f 555/346/394 570/372/394 569/370/394 554/347/394
f 548/348/395 563/373/395 562/371/395 547/349/395
f 556/350/396 571/374/396 570/372/396 555/346/396
f 549/146/397 564/375/397 563/373/397 548/348/397
f 557/143/398 572/376/398 571/374/398 556/350/398
f 550/351/399 565/377/399 564/375/399 549/146/399
f 558/352/400 573/362/400 572/376/400 557/143/400
f 551/353/401 566/364/401 565/377/401 550/351/401
f 563/373/402 578/378/402 577/379/402 562/371/402
f 571/374/403 586/380/403 585/381/403 570/372/403
f 564/375/404 579/382/404 578/378/404 563/373/404
f 572/376/405 587/383/405 586/380/405 571/374/405
f 565/377/406 580/384/406 579/382/406 564/375/406
f 573/362/407 588/385/407 587/383/407 572/376/407
f 566/364/408 581/386/408 580/384/408 565/377/408
f 574/361/409 589/387/409 588/385/409 573/362/409
f 567/363/410 582/388/410 581/386/410 566/364/410
f 575/365/411 590/389/411 589/387/411 574/361/411
f 568/366/412 583/390/412 582/388/412 567/363/412
f 561/367/413 576/391/413 373/392/413
f 380/393/414 590/389/414 575/365/414
f 569/370/415 584/394/415 583/390/415 568/366/415
f 562/371/416 577/379/416 576/391/416 561/367/416
f 570/372/417 585/381/417 584/394/417 569/370/417
f 582/388/418 597/395/418 596/396/418 581/386/418
f 590/389/419 605/397/419 604/398/419 589/387/419
f 583/390/420 598/399/420 597/395/420 582/388/420
f 576/391/421 591/400/421 373/401/421
f 380/402/422 605/397/422 590/389/422
f 584/394/423 599/403/423 598/399/423 583/390/423
f 577/379/424 592/404/424 591/400/424 576/391/424
f 585/381/425 600/405/425 599/403/425 584/394/425
f 578/378/426 593/406/426 592/404/426 577/379/426
f 586/380/427 601/407/427 600/405/427 585/381/427
f 579/382/428 594/408/428 593/406/428 578/378/428
f 587/383/429 602/409/429 601/407/429 586/380/429
f 580/384/430 595/410/430 594/408/430 579/382/430
f 588/385/431 603/411/431 602/409/431 587/383/431
f 581/386/432 596/396/432 595/410/432 580/384/432
f 589/387/433 604/398/433 603/411/433 588/385/433
f 601/407/434 616/412/434 615/413/434 600/405/434
f 594/408/435 609/414/435 608/415/435 593/406/435
f 602/409/436 617/416/436 616/412/436 601/407/436
f 595/410/437 610/417/437 609/414/437 594/408/437
f 603/411/438 618/418/438 617/416/438 602/409/438
f 596/396/439 611/419/439 610/417/439 595/410/439
f 604/398/440 619/420/440 618/418/440 603/411/440
f 597/395/441 612/421/441 611/419/441 596/396/441
f 605/397/442 620/422/442 619/420/442 604/398/442
f 598/399/443 613/423/443 612/421/443 597/395/443
f 591/400/444 606/424/444 373/425/444
f 380/426/445 620/422/445 605/397/445
f 599/403/446 614/427/446 613/423/446 598/399/446
f 592/404/447 607/428/447 606/424/447 591/400/447
f 600/405/448 615/413/448 614/427/448 599/403/448
f 593/406/449 608/415/449 607/428/449 592/404/449
f 620/422/450 635/429/450 634/430/450 619/420/450
f 613/423/451 628/431/451 627/432/451 612/421/451
f 606/424/452 621/433/452 373/434/452
f 380/435/453 635/429/453 620/422/453
f 614/427/454 629/436/454 628/431/454 613/423/454
f 607/428/455 622/437/455 621/433/455 606/424/455
f 615/413/456 630/438/456 629/436/456 614/427/456
f 608/415/457 623/439/457 622/437/457 607/428/457
f 616/412/458 631/440/458 630/438/458 615/413/458
f 609/414/459 624/441/459 623/439/459 608/415/459
f 617/416/460 632/442/460 631/440/460 616/412/460
f 610/417/461 625/443/461 624/441/461 609/414/461
f 618/418/462 633/444/462 632/442/462 617/416/462
f 611/419/463 626/445/463 625/443/463 610/417/463
f 619/420/464 634/430/464 633/444/464 618/418/464
f 612/421/465 627/432/465 626/445/465 611/419/465
f 632/442/466 647/446/466 646/447/466 631/440/466
f 625/443/467 640/448/467 639/449/467 624/441/467
f 633/444/468 648/450/468 647/446/468 632/442/468
f 626/445/469 641/451/469 640/448/469 625/443/469
f 634/430/470 649/452/470 648/450/470 633/444/470
f 627/432/471 642/453/471 641/451/471 626/445/471
f 635/429/472 650/454/472 649/452/472 634/430/472
f 628/431/473 643/455/473 642/453/473 627/432/473
f 621/433/474 636/456/474 373/457/474
f 380/458/475 650/454/475 635/429/475
f 629/436/476 644/459/476 643/455/476 628/431/476
f 622/437/477 637/460/477 636/456/477 621/433/477
f 630/438/478 645/461/478 644/459/478 629/436/478
f 623/439/479 638/462/479 637/460/479 622/437/479
f 631/440/480 646/447/480 645/461/480 630/438/480
f 624/441/481 639/449/481 638/462/481 623/439/481
f 636/456/482 651/463/482 373/464/482
f 380/465/483 665/466/483 650/454/483
f 644/459/484 659/467/484 658/468/484 643/455/484
f 637/460/485 652/469/485 651/463/485 636/456/485
f 645/461/486 660/470/486 659/467/486 644/459/486
f 638/462/487 653/471/487 652/469/487 637/460/487
f 646/447/488 661/472/488 660/470/488 645/461/488
f 639/449/489 654/473/489 653/471/489 638/462/489
f 647/446/490 662/474/490 661/472/490 646/447/490
f 640/448/491 655/475/491 654/473/491 639/449/491
f 648/450/492 663/476/492 662/474/492 647/446/492
f 641/451/493 656/477/493 655/475/493 640/448/493
f 649/452/494 664/478/494 663/476/494 648/450/494
f 642/453/495 657/479/495 656/477/495 641/451/495
f 650/454/496 665/466/496 664/478/496 649/452/496
f 643/455/497 658/468/497 657/479/497 642/453/497
f 655/475/498 670/480/498 669/148/498 654/473/498
f 663/476/499 678/481/499 677/482/499 662/474/499
f 656/477/500 671/483/500 670/480/500 655/475/500
f 664/478/501 679/484/501 678/481/501 663/476/501
f 657/479/502 672/485/502 671/483/502 656/477/502
f 665/466/503 680/486/503 679/484/503 664/478/503
f 658/468/504 673/487/504 672/485/504 657/479/504
f 651/463/505 666/488/505 373/489/505
f 380/490/506 680/486/506 665/466/506
f 659/467/507 674/491/507 673/487/507 658/468/507
f 652/469/508 667/492/508 666/488/508 651/463/508
f 660/470/509 675/493/509 674/491/509 659/467/509
f 653/471/510 668/494/510 667/492/510 652/469/510
f 661/472/511 676/495/511 675/493/511 660/470/511
f 654/473/512 669/148/512 668/494/512 653/471/512
f 662/474/513 677/482/513 676/495/513 661/472/513
f 674/491/514 689/496/514 688/497/514 673/487/514
f 667/492/515 682/498/515 681/499/515 666/488/515
f 675/493/516 690/500/516 689/496/516 674/491/516
f 668/494/517 683/501/517 682/498/517 667/492/517
f 676/495/518 691/502/518 690/500/518 675/493/518
f 669/148/519 684/503/519 683/501/519 668/494/519
f 677/482/520 692/504/520 691/502/520 676/495/520
f 670/480/521 685/505/521 684/503/521 669/148/521
f 678/481/522 693/506/522 692/504/522 677/482/522
f 671/483/523 686/507/523 685/505/523 670/480/523
f 679/484/524 694/508/524 693/506/524 678/481/524
f 672/485/525 687/509/525 686/507/525 671/483/525
f 680/486/526 695/510/526 694/508/526 679/484/526
f 673/487/527 688/497/527 687/509/527 672/485/527
f 666/488/528 681/499/528 373/511/528
f 380/512/529 695/510/529 680/486/529
f 693/506/530 708/513/530 707/514/530 692/504/530
f 686/507/531 701/515/531 700/516/531 685/505/531
f 694/508/532 709/517/532 708/513/532 693/506/532
f 687/509/533 702/518/533 701/515/533 686/507/533
f 695/510/534 710/519/534 709/517/534 694/508/534
f 688/497/535 703/520/535 702/518/535 687/509/535
f 681/499/536 696/521/536 373/522/536
f 380/523/537 710/519/537 695/510/537
f 689/496/538 704/524/538 703/520/538 688/497/538
f 682/498/539 697/525/539 696/521/539 681/499/539
f 690/500/540 705/526/540 704/524/540 689/496/540
f 683/501/541 698/527/541 697/525/541 682/498/541
f 691/502/542 706/528/542 705/526/542 690/500/542
f 684/503/543 699/529/543 698/527/543 683/501/543
f 692/504/544 707/514/544 706/528/544 691/502/544
f 685/505/545 700/516/545 699/529/545 684/503/545
f 697/525/546 712/530/546 711/531/546 696/521/546
f 705/526/547 720/532/547 719/533/547 704/524/547
f 698/527/548 713/534/548 712/530/548 697/525/548
f 706/528/549 721/535/549 720/532/549 705/526/549
f 699/529/550 714/536/550 713/534/550 698/527/550
f 707/514/551 722/537/551 721/535/551 706/528/551
f 700/516/552 715/538/552 714/536/552 699/529/552
f 708/513/553 723/539/553 722/537/553 707/514/553
f 701/515/554 716/540/554 715/538/554 700/516/554
f 709/517/555 724/541/555 723/539/555 708/513/555
f 702/518/556 717/542/556 716/540/556 701/515/556
f 710/519/557 725/543/557 724/541/557 709/517/557
f 703/520/558 718/544/558 717/542/558 702/518/558
f 696/521/559 711/531/559 373/545/559
f 380/546/560 725/543/560 710/519/560
f 704/524/561 719/533/561 718/544/561 703/520/561
f 716/540/562 731/547/562 730/548/562 715/538/562
f 724/541/563 739/549/563 738/550/563 723/539/563
f 717/542/564 732/551/564 731/547/564 716/540/564
f 725/543/565 740/552/565 739/549/565 724/541/565
f 718/544/566 733/108/566 732/551/566 717/542/566
f 711/531/567 726/553/567 373/554/567
f 380/555/568 740/552/568 725/543/568
f 719/533/569 734/556/569 733/108/569 718/544/569
f 712/530/570 727/557/570 726/553/570 711/531/570
f 720/532/571 735/558/571 734/556/571 719/533/571
f 713/534/572 728/559/572 727/557/572 712/530/572
f 721/535/573 736/560/573 735/558/573 720/532/573
f 714/536/574 729/561/574 728/559/574 713/534/574
f 722/537/575 737/562/575 736/560/575 721/535/575
f 715/538/576 730/548/576 729/561/576 714/536/576
f 723/539/577 738/550/577 737/562/577 722/537/577
f 735/563/578 750/564/578 749/565/578 734/566/578
f 728/567/579 743/568/579 742/569/579 727/570/579
f 736/571/580 751/572/580 750/564/580 735/563/580
f 729/573/581 744/574/581 743/568/581 728/567/581
f 737/575/582 752/576/582 751/572/582 736/571/582
f 730/577/583 745/578/583 744/574/583 729/573/583
f 738/579/584 753/580/584 752/576/584 737/575/584
f 731/581/585 746/582/585 745/578/585 730/577/585
f 739/583/586 754/584/586 753/580/586 738/579/586
f 732/585/587 747/586/587 746/582/587 731/581/587
f 740/587/588 755/588/588 754/584/588 739/583/588
f 733/12/589 748/589/589 747/586/589 732/585/589
f 726/590/590 741/591/590 373/592/590
f 380/593/591 755/588/591 740/587/591
f 734/566/592 749/565/592 748/589/592 733/12/592
f 727/570/593 742/569/593 741/591/593 726/590/593
f 754/584/594 769/594/594 768/595/594 753/580/594
f 747/586/595 762/596/595 761/597/595 746/582/595
f 755/588/596 770/598/596 769/594/596 754/584/596
f 748/589/597 763/599/597 762/596/597 747/586/597
f 741/591/598 756/600/598 373/601/598
f 380/602/599 770/598/599 755/588/599
f 749/565/600 764/603/600 763/599/600 748/589/600
f 742/569/601 757/604/601 756/600/601 741/591/601
f 750/564/602 765/605/602 764/603/602 749/565/602
f 743/568/603 758/606/603 757/604/603 742/569/603
f 751/572/604 766/607/604 765/605/604 750/564/604
f 744/574/605 759/608/605 758/606/605 743/568/605
f 752/576/606 767/609/606 766/607/606 751/572/606
f 745/578/607 760/610/607 759/608/607 744/574/607
f 753/580/608 768/595/608 767/609/608 752/576/608
f 746/582/609 761/597/609 760/610/609 745/578/609
f 766/607/610 781/611/610 780/612/610 765/605/610
f 759/608/611 774/613/611 773/614/611 758/606/611
f 767/609/612 782/615/612 781/611/612 766/607/612
f 760/610/613 775/616/613 774/613/613 759/608/613
f 768/595/614 783/617/614 782/615/614 767/609/614
f 761/597/615 776/618/615 775/616/615 760/610/615
f 769/594/616 784/619/616 783/617/616 768/595/616
f 762/596/617 777/620/617 776/618/617 761/597/617
f 770/598/618 785/621/618 784/619/618 769/594/618
f 763/599/619 778/622/619 777/620/619 762/596/619
f 756/600/620 771/623/620 373/624/620
f 380/625/621 785/621/621 770/598/621
f 764/603/622 779/626/622 778/622/622 763/599/622
f 757/604/623 772/627/623 771/623/623 756/600/623
f 765/605/624 780/612/624 779/626/624 764/603/624
f 758/606/625 773/614/625 772/627/625 757/604/625
f 785/621/626 800/628/626 799/629/626 784/619/626
f 778/622/627 793/630/627 792/631/627 777/620/627
f 771/623/628 786/632/628 373/633/628
f 380/634/629 800/628/629 785/621/629
f 779/626/630 794/635/630 793/630/630 778/622/630
f 772/627/631 787/636/631 786/632/631 771/623/631
f 780/612/632 795/637/632 794/635/632 779/626/632
f 773/614/633 788/638/633 787/636/633 772/627/633
f 781/611/634 796/639/634 795/637/634 780/612/634
f 774/613/635 789/640/635 788/638/635 773/614/635
f 782/615/636 797/641/636 796/639/636 781/611/636
f 775/616/637 790/642/637 789/640/637 774/613/637
f 783/617/638 798/643/638 797/641/638 782/615/638
f 776/618/639 791/644/639 790/642/639 775/616/639
f 784/619/640 799/629/640 798/643/640 783/617/640
f 777/620/641 792/631/641 791/644/641 776/618/641
f 789/640/642 804/645/642 803/646/642 788/638/642
f 797/641/643 812/647/643 811/648/643 796/639/643
f 790/642/644 805/649/644 804/645/644 789/640/644
f 798/643/645 813/650/645 812/647/645 797/641/645
f 791/644/646 806/651/646 805/649/646 790/642/646
f 799/629/647 814/652/647 813/650/647 798/643/647
f 792/631/648 807/653/648 806/651/648 791/644/648
f 800/628/649 815/654/649 814/652/649 799/629/649
f 793/630/650 808/655/650 807/653/650 792/631/650
f 786/632/651 801/656/651 373/657/651
f 380/658/652 815/654/652 800/628/652
f 794/635/653 809/659/653 808/655/653 793/630/653
f 787/636/654 802/660/654 801/656/654 786/632/654
f 795/637/655 810/661/655 809/659/655 794/635/655
f 788/638/656 803/646/656 802/660/656 787/636/656
f 796/639/657 811/648/657 810/661/657 795/637/657
f 808/655/658 823/662/658 822/663/658 807/653/658
f 801/656/659 816/664/659 373/665/659
f 380/666/660 830/667/660 815/654/660
f 809/659/661 824/668/661 823/662/661 808/655/661
f 802/660/662 817/669/662 816/664/662 801/656/662
f 810/661/663 825/670/663 824/668/663 809/659/663
f 803/646/664 818/671/664 817/669/664 802/660/664
f 811/648/665 826/672/665 825/670/665 810/661/665
f 804/645/666 819/673/666 818/671/666 803/646/666
f 812/647/667 827/674/667 826/672/667 811/648/667
f 805/649/668 820/675/668 819/673/668 804/645/668
f 813/650/669 828/676/669 827/674/669 812/647/669
f 806/651/670 821/677/670 820/675/670 805/649/670
f 814/652/671 829/678/671 828/676/671 813/650/671
f 807/653/672 822/663/672 821/677/672 806/651/672
f 815/654/673 830/667/673 829/678/673 814/652/673
f 827/674/674 842/679/674 841/680/674 826/672/674
f 820/675/675 835/681/675 834/682/675 819/673/675
f 828/676/676 843/683/676 842/679/676 827/674/676
f 821/677/677 836/684/677 835/681/677 820/675/677
f 829/678/678 844/685/678 843/683/678 828/676/678
f 822/663/679 837/686/679 836/684/679 821/677/679
f 830/667/680 845/687/680 844/685/680 829/678/680
f 823/662/681 838/688/681 837/686/681 822/663/681
f 816/664/682 831/689/682 373/690/682
f 380/691/683 845/687/683 830/667/683
f 824/668/684 839/692/684 838/688/684 823/662/684
f 817/669/685 832/693/685 831/689/685 816/664/685
f 825/670/686 840/694/686 839/692/686 824/668/686
f 818/671/687 833/695/687 832/693/687 817/669/687
f 826/672/688 841/680/688 840/694/688 825/670/688
f 819/673/689 834/682/689 833/695/689 818/671/689
f 831/689/690 846/156/690 373/696/690
f 380/697/691 854/161/691 845/687/691
f 839/692/692 378/162/692 377/28/692 838/688/692
f 832/693/693 847/164/693 846/156/693 831/689/693
f 840/694/694 850/166/694 378/162/694 839/692/694
f 833/695/695 374/168/695 847/164/695 832/693/695
f 841/680/696 379/170/696 850/166/696 840/694/696
f 834/682/697 848/172/697 374/168/697 833/695/697
f 842/679/698 851/174/698 379/170/698 841/680/698
f 835/681/699 375/176/699 848/172/699 834/682/699
f 843/683/700 852/178/700 851/174/700 842/679/700
f 836/684/701 849/180/701 375/176/701 835/681/701
f 844/685/702 853/182/702 852/178/702 843/683/702
f 837/686/703 376/155/703 849/180/703 836/684/703
f 845/687/704 854/161/704 853/182/704 844/685/704
f 838/688/705 377/28/705 376/155/705 837/686/705
usemtl Material.039
f 855/142/84 857/143/84 858/144/84 856/145/84
f 857/143/85 861/52/85 862/36/85 858/144/85
f 861/52/86 859/146/86 860/147/86 862/36/86
f 859/146/87 855/53/87 856/37/87 860/147/87
f 857/68/88 855/148/88 859/146/88 861/52/88
f 862/36/89 860/147/89 856/149/89 858/20/89
f 863/12/706 865/13/706 866/14/706 864/15/706
f 865/13/707 867/16/707 868/17/707 866/14/707
f 867/16/708 869/18/708 870/19/708 868/17/708
f 869/18/709 871/20/709 872/21/709 870/19/709
f 871/20/710 873/22/710 874/23/710 872/21/710
f 873/22/711 875/24/711 876/25/711 874/23/711
f 875/24/712 877/26/712 878/27/712 876/25/712
f 877/26/713 879/28/713 880/29/713 878/27/713
f 879/28/714 881/30/714 882/31/714 880/29/714
f 881/30/715 883/32/715 884/33/715 882/31/715
f 883/32/716 885/34/716 886/35/716 884/33/716
f 885/34/717 887/36/717 888/37/717 886/35/717
f 887/36/718 889/38/718 890/39/718 888/37/718
f 889/38/719 891/40/719 892/41/719 890/39/719
f 891/40/720 893/42/720 894/43/720 892/41/720
f 893/42/721 895/44/721 896/45/721 894/43/721
f 895/44/722 897/46/722 898/47/722 896/45/722
f 897/46/723 899/48/723 900/49/723 898/47/723
f 899/48/724 901/50/724 902/51/724 900/49/724
f 901/50/725 903/52/725 904/53/725 902/51/725
f 903/52/726 905/54/726 906/55/726 904/53/726
f 905/54/727 907/56/727 908/57/727 906/55/727
f 907/56/728 909/58/728 910/59/728 908/57/728
f 909/58/729 911/60/729 912/61/729 910/59/729
f 911/60/730 913/62/730 914/63/730 912/61/730
f 913/62/731 915/64/731 916/65/731 914/63/731
f 915/64/732 917/66/732 918/67/732 916/65/732
f 917/66/733 919/68/733 920/69/733 918/67/733
f 919/68/734 921/70/734 922/71/734 920/69/734
f 921/70/735 923/72/735 924/73/735 922/71/735
f 866/74/87 868/75/87 870/698/87 872/77/87 874/699/87 876/79/87 878/80/87 880/81/87 882/82/87 884/83/87 886/700/87 888/701/87 890/702/87 892/87/87 894/88/87 896/703/87 898/90/87 900/91/87 902/704/87 904/705/87 906/706/87 908/95/87 910/96/87 912/707/87 914/98/87 916/99/87 918/708/87 920/709/87 922/710/87 924/103/87 926/104/87 864/105/87
f 923/72/736 925/106/736 926/107/736 924/73/736
f 925/106/737 863/108/737 864/109/737 926/107/737
f 863/110/85 925/111/85 923/112/85 921/711/85 919/114/85 917/712/85 915/116/85 913/117/85 911/118/85 909/119/85 907/120/85 905/713/85 903/714/85 901/715/85 899/124/85 897/125/85 895/716/85 893/127/85 891/128/85 889/717/85 887/718/85 885/719/85 883/132/85 881/133/85 879/134/85 877/135/85 875/136/85 873/720/85 871/138/85 869/721/85 867/140/85 865/141/85
usemtl Material.034
f 927/142/84 929/143/84 930/144/84 928/145/84
f 929/143/85 933/52/85 934/36/85 930/144/85
f 933/52/86 931/146/86 932/147/86 934/36/86
f 931/146/87 927/53/87 928/37/87 932/147/87
f 929/68/88 927/148/88 931/146/88 933/52/88
f 934/36/89 932/147/89 928/149/89 930/20/89
f 935/12/706 937/13/706 938/14/706 936/15/706
f 937/13/707 939/16/707 940/17/707 938/14/707
f 939/16/708 941/18/708 942/19/708 940/17/708
f 941/18/709 943/20/709 944/21/709 942/19/709
f 943/20/710 945/22/710 946/23/710 944/21/710
f 945/22/711 947/24/711 948/25/711 946/23/711
f 947/24/712 949/26/712 950/27/712 948/25/712
f 949/26/713 951/28/713 952/29/713 950/27/713
f 951/28/714 953/30/714 954/31/714 952/29/714
f 953/30/715 955/32/715 956/33/715 954/31/715
f 955/32/716 957/34/716 958/35/716 956/33/716
f 957/34/717 959/36/717 960/37/717 958/35/717
f 959/36/718 961/38/718 962/39/718 960/37/718
f 961/38/719 963/40/719 964/41/719 962/39/719
f 963/40/720 965/42/720 966/43/720 964/41/720
f 965/42/721 967/44/721 968/45/721 966/43/721
f 967/44/722 969/46/722 970/47/722 968/45/722
f 969/46/723 971/48/723 972/49/723 970/47/723
f 971/48/724 973/50/724 974/51/724 972/49/724
f 973/50/725 975/52/725 976/53/725 974/51/725
f 975/52/726 977/54/726 978/55/726 976/53/726
f 977/54/727 979/56/727 980/57/727 978/55/727
f 979/56/728 981/58/728 982/59/728 980/57/728
f 981/58/729 983/60/729 984/61/729 982/59/729
f 983/60/730 985/62/730 986/63/730 984/61/730
f 985/62/731 987/64/731 988/65/731 986/63/731
f 987/64/732 989/66/732 990/67/732 988/65/732
f 989/66/733 991/68/733 992/69/733 990/67/733
f 991/68/734 993/70/734 994/71/734 992/69/734
f 993/70/735 995/72/735 996/73/735 994/71/735
f 938/74/87 940/75/87 942/698/87 944/77/87 946/699/87 948/79/87 950/80/87 952/81/87 954/82/87 956/83/87 958/700/87 960/701/87 962/702/87 964/87/87 966/88/87 968/703/87 970/90/87 972/91/87 974/704/87 976/705/87 978/706/87 980/95/87 982/96/87 984/707/87 986/98/87 988/99/87 990/708/87 992/709/87 994/710/87 996/103/87 998/104/87 936/105/87
f 995/72/736 997/106/736 998/107/736 996/73/736
f 997/106/737 935/108/737 936/109/737 998/107/737
f 935/110/85 997/111/85 995/112/85 993/711/85 991/114/85 989/712/85 987/116/85 985/117/85 983/118/85 981/119/85 979/120/85 977/713/85 975/714/85 973/715/85 971/124/85 969/125/85 967/716/85 965/127/85 963/128/85 961/717/85 959/718/85 957/719/85 955/132/85 953/133/85 951/134/85 949/135/85 947/136/85 945/720/85 943/138/85 941/721/85 939/140/85 937/141/85
s 1
usemtl Material.028
f 999/12/738 1001/13/739 1002/14/740 1000/15/741
f 1001/13/739 1003/16/742 1004/17/743 1002/14/740
f 1003/16/742 1005/18/744 1006/19/745 1004/17/743
f 1005/18/744 1007/20/746 1008/21/747 1006/19/745
f 1007/20/746 1009/22/748 1010/23/749 1008/21/747
f 1009/22/748 1011/24/750 1012/25/751 1010/23/749
f 1011/24/750 1013/26/752 1014/27/753 1012/25/751
f 1013/26/752 1015/28/754 1016/29/755 1014/27/753
f 1015/28/754 1017/30/756 1018/31/757 1016/29/755
f 1017/30/756 1019/32/758 1020/33/759 1018/31/757
f 1019/32/758 1021/34/760 1022/35/761 1020/33/759
f 1021/34/760 1023/36/762 1024/37/763 1022/35/761
f 1023/36/762 1025/38/764 1026/39/765 1024/37/763
f 1025/38/764 1027/40/766 1028/41/767 1026/39/765
f 1027/40/766 1029/42/768 1030/43/769 1028/41/767
f 1029/42/768 1031/44/770 1032/45/771 1030/43/769
f 1031/44/770 1033/46/772 1034/47/773 1032/45/771
f 1033/46/772 1035/48/774 1036/49/775 1034/47/773
f 1035/48/774 1037/50/776 1038/51/777 1036/49/775
f 1037/50/776 1039/52/778 1040/53/779 1038/51/777
f 1039/52/778 1041/54/780 1042/55/781 1040/53/779
f 1041/54/780 1043/56/782 1044/57/783 1042/55/781
f 1043/56/782 1045/58/784 1046/59/785 1044/57/783
f 1045/58/784 1047/60/786 1048/61/787 1046/59/785
f 1047/60/786 1049/62/788 1050/63/789 1048/61/787
f 1049/62/788 1051/64/790 1052/65/791 1050/63/789
f 1051/64/790 1053/66/792 1054/67/793 1052/65/791
f 1053/66/792 1055/68/794 1056/69/795 1054/67/793
f 1055/68/794 1057/70/796 1058/71/797 1056/69/795
f 1057/70/796 1059/72/798 1060/73/799 1058/71/797
f 1002/74/740 1004/75/743 1006/76/745 1008/77/747 1010/78/749 1012/79/751 1014/80/753 1016/81/755 1018/82/757 1020/83/759 1022/84/761 1024/85/763 1026/86/765 1028/87/767 1030/88/769 1032/89/771 1034/90/773 1036/91/775 1038/92/777 1040/93/779 1042/94/781 1044/95/783 1046/96/785 1048/97/787 1050/98/789 1052/99/791 1054/100/793 1056/101/795 1058/102/797 1060/103/799 1062/104/800 1000/105/741
f 1059/72/798 1061/106/801 1062/107/800 1060/73/799
f 1061/106/801 999/108/738 1000/109/741 1062/107/800
f 999/110/738 1061/111/801 1059/112/798 1057/113/796 1055/114/794 1053/115/792 1051/116/790 1049/117/788 1047/118/786 1045/119/784 1043/120/782 1041/121/780 1039/122/778 1037/123/776 1035/124/774 1033/125/772 1031/126/770 1029/127/768 1027/128/766 1025/129/764 1023/130/762 1021/131/760 1019/132/758 1017/133/756 1015/134/754 1013/135/752 1011/136/750 1009/137/748 1007/138/746 1005/139/744 1003/140/742 1001/141/739
f 1127/12/836 1129/13/837 1130/14/838 1128/15/839
f 1129/13/837 1131/16/840 1132/17/841 1130/14/838
f 1131/16/840 1133/18/842 1134/19/843 1132/17/841
f 1133/18/842 1135/20/844 1136/21/845 1134/19/843
f 1135/20/844 1137/22/846 1138/23/847 1136/21/845
f 1137/22/846 1139/24/848 1140/25/849 1138/23/847
f 1139/24/848 1141/26/850 1142/27/851 1140/25/849
f 1141/26/850 1143/28/852 1144/29/853 1142/27/851
f 1143/28/852 1145/30/854 1146/31/855 1144/29/853
f 1145/30/854 1147/32/856 1148/33/857 1146/31/855
f 1147/32/856 1149/34/858 1150/35/859 1148/33/857
f 1149/34/858 1151/36/860 1152/37/861 1150/35/859
f 1151/36/860 1153/38/862 1154/39/863 1152/37/861
f 1153/38/862 1155/40/864 1156/41/865 1154/39/863
f 1155/40/864 1157/42/866 1158/43/867 1156/41/865
f 1157/42/866 1159/44/868 1160/45/869 1158/43/867
f 1159/44/868 1161/46/870 1162/47/871 1160/45/869
f 1161/46/870 1163/48/872 1164/49/873 1162/47/871
f 1163/48/872 1165/50/874 1166/51/875 1164/49/873
f 1165/50/874 1167/52/876 1168/53/877 1166/51/875
f 1167/52/876 1169/54/878 1170/55/879 1168/53/877
f 1169/54/878 1171/56/880 1172/57/881 1170/55/879
f 1171/56/880 1173/58/882 1174/59/883 1172/57/881
f 1173/58/882 1175/60/884 1176/61/885 1174/59/883
f 1175/60/884 1177/62/886 1178/63/887 1176/61/885
f 1177/62/886 1179/64/888 1180/65/889 1178/63/887
f 1179/64/888 1181/66/890 1182/67/891 1180/65/889
f 1181/66/890 1183/68/892 1184/69/893 1182/67/891
f 1183/68/892 1185/70/894 1186/71/895 1184/69/893
f 1185/70/894 1187/72/896 1188/73/897 1186/71/895
f 1130/74/838 1132/75/841 1134/76/843 1136/77/845 1138/78/847 1140/79/849 1142/80/851 1144/81/853 1146/82/855 1148/83/857 1150/84/859 1152/85/861 1154/86/863 1156/87/865 1158/88/867 1160/89/869 1162/90/871 1164/91/873 1166/92/875 1168/93/877 1170/94/879 1172/95/881 1174/96/883 1176/97/885 1178/98/887 1180/99/889 1182/100/891 1184/101/893 1186/102/895 1188/103/897 1190/104/898 1128/105/839
f 1187/72/896 1189/106/899 1190/107/898 1188/73/897
f 1189/106/899 1127/108/836 1128/109/839 1190/107/898
f 1127/110/836 1189/111/899 1187/112/896 1185/113/894 1183/114/892 1181/115/890 1179/116/888 1177/117/886 1175/118/884 1173/119/882 1171/120/880 1169/121/878 1167/122/876 1165/123/874 1163/124/872 1161/125/870 1159/126/868 1157/127/866 1155/128/864 1153/129/862 1151/130/860 1149/131/858 1147/132/856 1145/133/854 1143/134/852 1141/135/850 1139/136/848 1137/137/846 1135/138/844 1133/139/842 1131/140/840 1129/141/837
