# Blender 5.1.2
# www.blender.org
mtllib spongebob_house_1.mtl
o Cone.056
v 0.113797 2.293526 -0.716546
v 0.410856 2.111293 -0.084989
v -0.263193 1.905848 -0.239156
v -0.613083 3.788904 0.468767
v -0.312348 2.397567 -1.212769
v 0.037722 2.022401 -1.719739
v 0.384263 2.233145 -1.123238
v 0.555346 3.923456 -2.255959
v -0.072019 2.962994 -0.675636
v -0.086210 2.780761 -1.373423
v 0.466676 2.575316 -0.958180
v 1.074478 4.458372 -1.462317
v -0.098520 2.904558 -1.109117
v -0.161539 2.699452 -1.626812
v 0.344025 2.699452 -1.385041
v 0.311150 4.175342 -1.965771
v -0.678847 2.437159 -0.795704
v -0.789792 2.061993 -1.401723
v -0.122961 2.272737 -1.224975
v -0.802941 3.963048 -2.146903
v -0.133689 2.944806 -0.899946
v -0.651385 2.739700 -0.836927
v -0.409614 2.739700 -1.342491
v -0.990343 4.215589 -1.309615
v 0.091864 2.804167 -0.555177
v -0.514156 2.429001 -0.444232
v -0.337407 2.639745 -1.111063
v -1.259335 4.330056 -0.431082
v 0.027183 2.888313 -0.416525
v -0.099285 2.683208 0.089426
v -0.484807 2.683208 -0.317294
v -0.661984 4.159097 0.236724
v -0.302777 2.925576 -0.506551
v 0.372238 2.743343 -0.329174
v -0.178500 2.537898 0.088914
v 0.139987 4.420954 0.811509
v -0.183441 2.873688 -0.505139
v 0.197328 2.770182 -1.108977
v 0.454026 2.537348 -0.476354
v 1.070168 4.483325 -0.421394
v -0.368082 2.066605 -1.435770
v 0.291233 2.247969 -1.665395
v 0.116668 2.328376 -0.970140
v -0.628020 4.070033 -1.732734
v 0.024196 2.480001 0.123827
v -0.590492 2.104835 0.082272
v -0.255125 2.315579 -0.520582
v -1.316004 4.005891 -0.088308
v -0.355639 3.284704 -0.710152
v -0.472762 2.888646 -1.349919
v 0.231204 3.111126 -1.163328
v -0.486643 4.895566 -2.136595
v 0.066418 3.486274 -0.646892
v -0.465061 3.293892 -1.157185
v 0.257631 3.077007 -1.259933
v 0.335015 5.064925 -2.089978
v -0.110463 3.276114 -0.262751
v -0.645665 2.880056 -0.632315
v -0.015947 3.102536 -0.998154
v -1.211745 4.886976 -1.178764
v 0.232707 3.477683 -0.516459
v -0.503938 3.285302 -0.501478
v -0.065570 3.068417 -1.085153
v -0.597782 5.056334 -1.726802
v 0.024972 3.520171 -1.022484
v 0.039953 3.327790 -0.285838
v -0.543722 3.110904 -0.724206
v -1.185370 5.098822 -0.191994
v -0.402505 3.460534 -0.601784
v 0.290692 3.268152 -0.352087
v -0.327557 3.051267 0.035997
v -0.060291 5.039185 0.825637
v -0.061675 3.393671 -0.709609
v 0.482184 3.177144 -0.623980
v 0.090590 3.177144 -0.180524
v 0.689740 4.735221 -0.046071
v 0.384262 2.468881 -0.543442
v 0.627670 2.313049 -1.059648
v 0.936432 2.257002 -0.558126
v 1.228676 3.868721 -0.906867
v 0.049514 2.945351 -1.383766
v 0.640615 2.623525 -1.027523
v 0.005202 2.785805 -0.640488
v 0.998135 4.697493 -0.561029
v -0.296953 2.711656 -0.723665
v -0.814649 2.506551 -0.660646
v -0.572878 2.506551 -1.166210
v -1.153608 3.982439 -1.133334
v -0.480485 2.395502 -1.353579
v -0.412009 2.553953 -0.820425
v -0.888585 2.306088 -0.980070
v -1.203853 3.806986 -1.385641
v 0.187779 2.677674 -0.884514
v 0.579547 2.302509 -0.409029
v -0.089036 2.513253 -0.239024
v 0.953577 4.203564 0.235616
v 0.199481 2.798849 -0.337166
v 0.708275 2.651237 -0.519887
v 0.579163 2.598147 0.022846
v 1.008499 4.124847 -0.014996
v -0.065226 2.459251 -0.598769
v 0.352371 2.063194 -0.100139
v -0.351981 2.285673 0.084988
v 0.752676 4.070114 0.577216
v -0.367229 2.683800 -0.826155
v -0.493697 2.478694 -0.320204
v -0.879219 2.478694 -0.726924
v -1.056397 3.954583 -0.172906
v -0.316423 2.734098 -0.913608
v -0.019364 2.551865 -0.282051
v -0.693413 2.346420 -0.436217
v -1.043303 4.229476 0.271706
v -0.427663 2.507141 -0.654547
v -0.945359 2.302036 -0.591527
v -0.703588 2.302036 -1.097092
v -1.284317 3.777924 -1.064216
v 0.287603 2.440055 -0.996983
v 0.609108 2.234950 -1.407610
v 0.795638 2.234950 -0.879165
v 1.183029 3.710839 -1.313049
v -0.115675 2.299417 -1.081279
v 0.234395 1.924252 -1.588250
v 0.580936 2.134995 -0.991749
v 0.752019 3.825307 -2.124469
v 0.284040 2.383174 -0.701466
v 0.792835 2.235563 -0.884188
v 0.663722 2.182472 -0.341454
v 1.093058 3.709172 -0.379296
v -0.010801 2.749404 -0.821585
v 0.242348 2.427579 -1.463632
v 0.729518 2.589859 -0.901305
v 0.643001 4.501547 -1.893648
v 0.041846 2.532183 -0.644081
v 0.422614 2.428677 -1.247918
v 0.679313 2.195842 -0.615296
v 1.295455 4.141819 -0.560335
v 1.249719 1.178880 -0.154904
v 1.328059 1.177105 -0.084529
v 1.226192 1.227857 -0.127478
v 1.304531 1.226083 -0.057104
v 1.197642 1.269568 -0.094646
v 1.275981 1.267794 -0.024271
v 1.165168 1.302410 -0.057668
v 1.243507 1.300636 0.012706
v 1.130017 1.325121 -0.017966
v 1.208356 1.323347 0.052408
v 1.093540 1.336828 0.022934
v 1.171879 1.335054 0.093309
v 1.057139 1.337081 0.063461
v 1.135479 1.335307 0.133836
v 1.022214 1.325871 0.102057
v 1.100553 1.324097 0.172432
v 0.990105 1.303627 0.137240
v 1.068444 1.301853 0.207614
v 0.962047 1.271206 0.167656
v 1.040386 1.269432 0.238030
v 0.939118 1.229853 0.192137
v 1.017457 1.228078 0.262511
v 0.922200 1.181157 0.209742
v 1.000539 1.179382 0.280117
v 0.911942 1.126989 0.219796
v 0.990281 1.125215 0.290170
v 0.908739 1.069431 0.221910
v 0.987078 1.067657 0.292285
v 0.912713 1.010696 0.216005
v 0.991053 1.008921 0.286379
v 0.923713 0.953039 0.202307
v 1.002052 0.951265 0.272681
v 0.941315 0.898678 0.181342
v 1.019654 0.896904 0.251717
v 0.964843 0.849701 0.153917
v 1.043182 0.847926 0.224291
v 0.993392 0.807989 0.121084
v 1.071732 0.806215 0.191458
v 1.025867 0.775147 0.084107
v 1.104206 0.773373 0.154481
v 1.061018 0.752436 0.044405
v 1.139357 0.750662 0.114779
v 1.097494 0.740730 0.003504
v 1.175833 0.738955 0.073879
v 1.133895 0.740476 -0.037023
v 1.212234 0.738702 0.033352
v 1.168821 0.751687 -0.075619
v 1.247160 0.749913 -0.005244
v 1.200930 0.773930 -0.110801
v 1.279269 0.772156 -0.040427
v 1.228987 0.806352 -0.141217
v 1.307327 0.804577 -0.070843
v 1.251916 0.847705 -0.165698
v 1.330256 0.845931 -0.095324
v 1.268835 0.896401 -0.183304
v 1.347174 0.894627 -0.112930
v 1.279093 0.950569 -0.193357
v 1.357432 0.948795 -0.122983
v 1.282296 1.008126 -0.195472
v 1.360635 1.006352 -0.125098
v 1.278321 1.066862 -0.189566
v 1.356660 1.065088 -0.119192
v 1.267321 1.124518 -0.175868
v 1.345661 1.122744 -0.105494
v 1.254860 1.207077 -0.218291
v 1.348867 1.204948 -0.133842
v 1.226626 1.265850 -0.185380
v 1.320634 1.263721 -0.100931
v 1.192367 1.315904 -0.145981
v 1.286374 1.313774 -0.061532
v 1.153398 1.355314 -0.101608
v 1.247405 1.353185 -0.017159
v 1.111217 1.382567 -0.053966
v 1.205224 1.380438 0.030483
v 1.067445 1.396615 -0.004885
v 1.161452 1.394486 0.079564
v 1.023764 1.396919 0.043747
v 1.117771 1.394790 0.128196
v 0.981853 1.383466 0.090062
v 1.075860 1.381337 0.174511
v 0.943322 1.356774 0.132281
v 1.037330 1.354645 0.216730
v 0.909653 1.317869 0.168780
v 1.003660 1.315740 0.253229
v 0.882138 1.268245 0.198158
v 0.976146 1.266116 0.282607
v 0.861836 1.209809 0.219284
v 0.955843 1.207680 0.303734
v 0.849527 1.144808 0.231348
v 0.943534 1.142679 0.315797
v 0.845683 1.075739 0.233886
v 0.939690 1.073610 0.318335
v 0.850453 1.005257 0.226800
v 0.944460 1.003127 0.311249
v 0.863652 0.936069 0.210362
v 0.957659 0.933940 0.294811
v 0.884774 0.870835 0.185204
v 0.978782 0.868706 0.269653
v 0.913008 0.812062 0.152293
v 1.007015 0.809933 0.236743
v 0.947268 0.762009 0.112894
v 1.041275 0.759880 0.197344
v 0.986237 0.722598 0.068521
v 1.080244 0.720469 0.152970
v 1.028418 0.695345 0.020879
v 1.122425 0.693216 0.105328
v 1.072190 0.681297 -0.028201
v 1.166197 0.679168 0.056248
v 1.115870 0.680993 -0.076834
v 1.209878 0.678864 0.007615
v 1.157782 0.694446 -0.123149
v 1.251789 0.692317 -0.038700
v 1.196312 0.721138 -0.165368
v 1.290319 0.719009 -0.080919
v 1.229982 0.760043 -0.201867
v 1.323989 0.757914 -0.117418
v 1.257496 0.809667 -0.231245
v 1.351503 0.807538 -0.146795
v 1.277798 0.868103 -0.252371
v 1.371805 0.865974 -0.167922
v 1.290108 0.933104 -0.264435
v 1.384115 0.930975 -0.179986
v 1.293951 1.002173 -0.266973
v 1.387959 1.000044 -0.182524
v 1.289182 1.072656 -0.259886
v 1.383189 1.070527 -0.175437
v 1.275982 1.141843 -0.243449
v 1.369990 1.139714 -0.159000
v -1.179618 1.987615 -0.085729
v -1.249463 2.023303 -0.015438
v -1.177932 1.934058 -0.056862
v -1.247777 1.969745 0.013429
v -1.168619 1.885207 -0.022806
v -1.238464 1.920895 0.047485
v -1.152037 1.842941 0.015130
v -1.221882 1.878629 0.085421
v -1.128824 1.808884 0.055489
v -1.198668 1.844571 0.125779
v -1.099870 1.784343 0.096718
v -1.169715 1.820031 0.167009
v -1.066289 1.770263 0.137235
v -1.136134 1.805951 0.207526
v -1.029372 1.767184 0.175481
v -1.099217 1.802872 0.245772
v -0.990537 1.775225 0.209988
v -1.060382 1.810913 0.280279
v -0.951276 1.794077 0.239428
v -1.021121 1.829765 0.309719
v -0.913098 1.823015 0.262671
v -0.982944 1.858703 0.332962
v -0.877472 1.860927 0.278824
v -0.947317 1.896615 0.349115
v -0.845764 1.906356 0.287265
v -0.915609 1.942044 0.357556
v -0.819195 1.957557 0.287671
v -0.889040 1.993245 0.357961
v -0.798785 2.012561 0.280025
v -0.868630 2.048249 0.350316
v -0.785318 2.069256 0.264622
v -0.855163 2.104944 0.334912
v -0.779312 2.125462 0.242053
v -0.849157 2.161150 0.312344
v -0.780998 2.179019 0.213186
v -0.850843 2.214706 0.283477
v -0.790311 2.227869 0.179130
v -0.860156 2.263557 0.249421
v -0.806893 2.270135 0.141194
v -0.876738 2.305823 0.211484
v -0.830107 2.304193 0.100835
v -0.899952 2.339880 0.171126
v -0.859061 2.328733 0.059606
v -0.928906 2.364421 0.129897
v -0.892641 2.342813 0.019089
v -0.962487 2.378501 0.089380
v -0.929559 2.345892 -0.019157
v -0.999404 2.381580 0.051134
v -0.968394 2.337851 -0.053664
v -1.038239 2.373539 0.016627
v -1.007655 2.319000 -0.083104
v -1.077500 2.354687 -0.012813
v -1.045832 2.290062 -0.106347
v -1.115677 2.325749 -0.036057
v -1.081459 2.252150 -0.122500
v -1.151304 2.287837 -0.052209
v -1.113166 2.206720 -0.130941
v -1.183011 2.242408 -0.060650
v -1.139735 2.155519 -0.131346
v -1.209581 2.191207 -0.061056
v -1.160146 2.100515 -0.123701
v -1.229991 2.136203 -0.053410
v -1.173613 2.043821 -0.108297
v -1.243458 2.079508 -0.038007
v -1.196648 1.962311 -0.148251
v -1.280463 2.005136 -0.063902
v -1.194625 1.898042 -0.113610
v -1.278439 1.940867 -0.029261
v -1.183450 1.839422 -0.072743
v -1.267264 1.882247 0.011606
v -1.163551 1.788702 -0.027220
v -1.247365 1.831528 0.057129
v -1.135695 1.747833 0.021210
v -1.219509 1.790658 0.105559
v -1.100950 1.718385 0.070686
v -1.184764 1.761210 0.155035
v -1.060653 1.701489 0.119306
v -1.144467 1.744314 0.203655
v -1.016352 1.697794 0.165201
v -1.100167 1.740619 0.249550
v -0.969750 1.707443 0.206609
v -1.053564 1.750268 0.290958
v -0.922637 1.730065 0.241938
v -1.006452 1.772890 0.326287
v -0.876825 1.764791 0.269830
v -0.960639 1.807616 0.354178
v -0.834072 1.810285 0.289213
v -0.917886 1.853110 0.373562
v -0.796023 1.864800 0.299342
v -0.879838 1.907625 0.383691
v -0.764140 1.926241 0.299829
v -0.847954 1.969066 0.384178
v -0.739648 1.992246 0.290654
v -0.823462 2.035072 0.375003
v -0.723488 2.060280 0.272170
v -0.807302 2.103105 0.356519
v -0.716281 2.127727 0.245087
v -0.800095 2.170552 0.329436
v -0.718304 2.191995 0.210447
v -0.802118 2.234821 0.294796
v -0.729480 2.250616 0.169580
v -0.813294 2.293441 0.253928
v -0.749378 2.301335 0.124056
v -0.833192 2.344160 0.208405
v -0.777235 2.342204 0.075626
v -0.861049 2.385029 0.159975
v -0.811979 2.371653 0.026151
v -0.895793 2.414478 0.110500
v -0.852276 2.388549 -0.022469
v -0.936090 2.431374 0.061880
v -0.896577 2.392243 -0.068365
v -0.980391 2.435069 0.015984
v -0.943179 2.382594 -0.109773
v -1.026993 2.425420 -0.025424
v -0.990292 2.359972 -0.145101
v -1.074106 2.402798 -0.060752
v -1.036105 2.325247 -0.172993
v -1.119919 2.368072 -0.088644
v -1.078857 2.279752 -0.192376
v -1.162671 2.322578 -0.108027
v -1.116906 2.225237 -0.202505
v -1.200720 2.268062 -0.118157
v -1.148789 2.163796 -0.202992
v -1.232603 2.206622 -0.118643
v -1.173281 2.097791 -0.193817
v -1.257095 2.140616 -0.109468
v -1.189441 2.029757 -0.175333
v -1.273256 2.072583 -0.090984
v -0.026283 3.155219 -0.705528
v -0.832005 2.801880 -0.421126
v -1.232131 2.223433 -0.279890
v -1.448678 1.467657 -0.203454
v -1.476544 1.058633 -0.193617
v -1.448678 0.649610 -0.203454
v -1.232131 -0.106168 -0.279890
v -0.026283 -1.037952 -0.705528
v -0.320175 3.114933 -0.654030
v -0.602773 2.995625 -0.604511
v -0.863216 2.801880 -0.558874
v -1.091497 2.541143 -0.518872
v -1.278842 2.223433 -0.486044
v -1.418052 1.860962 -0.461651
v -1.503777 1.467657 -0.446629
v -1.532723 1.058633 -0.441557
v -1.503777 0.649610 -0.446629
v -1.418052 0.256305 -0.461651
v -1.278842 -0.106168 -0.486044
v -1.091497 -0.423877 -0.518873
v -0.863217 -0.684614 -0.558874
v -0.602773 -0.878359 -0.604511
v -0.320175 -0.997667 -0.654030
v -0.319841 3.114933 -0.704380
v -0.602117 2.995625 -0.703276
v -0.862265 2.801880 -0.702258
v -1.090286 2.541143 -0.701366
v -1.277418 2.223433 -0.700633
v -1.416470 1.860962 -0.700089
v -1.502098 1.467657 -0.699754
v -1.531010 1.058633 -0.699641
v -1.502098 0.649609 -0.699754
v -1.416470 0.256305 -0.700089
v -1.277418 -0.106168 -0.700633
v -1.090286 -0.423877 -0.701366
v -0.862265 -0.684614 -0.702258
v -0.602118 -0.878359 -0.703276
v -0.319841 -0.997667 -0.704380
v -0.308226 3.114933 -0.754774
v -0.579333 2.995625 -0.802127
v -0.829187 2.801880 -0.845767
v -1.048186 2.541143 -0.884019
v -1.227914 2.223433 -0.915411
v -1.361464 1.860962 -0.938737
v -1.443703 1.467657 -0.953101
v -1.471472 1.058633 -0.957952
v -1.443703 0.649610 -0.953101
v -1.361464 0.256304 -0.938737
v -1.227914 -0.106167 -0.915411
v -1.048186 -0.423877 -0.884019
v -0.829187 -0.684614 -0.845767
v -0.579333 -0.878359 -0.802127
v -0.308226 -0.997667 -0.754774
v -0.285775 3.114933 -0.803275
v -0.535295 2.995625 -0.897265
v -0.765254 2.801880 -0.983887
v -0.966815 2.541143 -1.059812
v -1.132231 2.223433 -1.122122
v -1.255147 1.860962 -1.168422
v -1.330838 1.467657 -1.196934
v -1.356396 1.058633 -1.206562
v -1.330838 0.649610 -1.196934
v -1.255147 0.256305 -1.168422
v -1.132231 -0.106167 -1.122122
v -0.966815 -0.423877 -1.059812
v -0.765254 -0.684614 -0.983887
v -0.535295 -0.878359 -0.897265
v -0.285775 -0.997667 -0.803275
v -0.253353 3.114933 -0.848020
v -0.471696 2.995625 -0.985036
v -0.672923 2.801880 -1.111311
v -0.849300 2.541143 -1.221991
v -0.994048 2.223434 -1.312824
v -1.101606 1.860962 -1.380319
v -1.167840 1.467657 -1.421883
v -1.190204 1.058633 -1.435917
v -1.167840 0.649610 -1.421883
v -1.101606 0.256304 -1.380319
v -0.994048 -0.106167 -1.312824
v -0.849300 -0.423877 -1.221991
v -0.672923 -0.684614 -1.111310
v -0.471696 -0.878359 -0.985036
v -0.253353 -0.997667 -0.848020
v -0.212204 3.114933 -0.887289
v -0.390981 2.995625 -1.062065
v -0.555742 2.801880 -1.223140
v -0.700156 2.541143 -1.364323
v -0.818674 2.223433 -1.480188
v -0.906741 1.860962 -1.566284
v -0.960972 1.467657 -1.619302
v -0.979284 1.058633 -1.637204
v -0.960972 0.649609 -1.619302
v -0.906741 0.256305 -1.566284
v -0.818674 -0.106168 -1.480188
v -0.700156 -0.423877 -1.364322
v -0.555742 -0.684614 -1.223140
v -0.390981 -0.878359 -1.062065
v -0.212204 -0.997667 -0.887289
v -0.163911 3.114933 -0.919573
v -0.296250 2.995625 -1.125393
v -0.418214 2.801880 -1.315077
v -0.525117 2.541143 -1.481337
v -0.612849 2.223433 -1.617782
v -0.678040 1.860962 -1.719171
v -0.718185 1.467656 -1.781605
v -0.731740 1.058633 -1.802687
v -0.718185 0.649609 -1.781605
v -0.678041 0.256305 -1.719171
v -0.612849 -0.106168 -1.617782
v -0.525117 -0.423877 -1.481337
v -0.418214 -0.684614 -1.315077
v -0.296250 -0.878359 -1.125393
v -0.163911 -0.997667 -0.919573
v -0.110329 3.114933 -0.943632
v -0.191144 2.995625 -1.172585
v -0.265624 2.801880 -1.383590
v -0.330907 2.541143 -1.568537
v -0.384482 2.223433 -1.720319
v -0.424293 1.860962 -1.833104
v -0.448808 1.467657 -1.902556
v -0.457086 1.058633 -1.926007
v -0.448808 0.649610 -1.902556
v -0.424293 0.256305 -1.833104
v -0.384483 -0.106167 -1.720319
v -0.330907 -0.423877 -1.568537
v -0.265624 -0.684614 -1.383590
v -0.191144 -0.878359 -1.172585
v -0.110329 -0.997667 -0.943632
v -0.053516 3.114933 -0.958540
v -0.079703 2.995625 -1.201829
v -0.103837 2.801880 -1.426045
v -0.124991 2.541143 -1.622573
v -0.142351 2.223433 -1.783858
v -0.155251 1.860962 -1.903704
v -0.163194 1.467657 -1.977505
v -0.165876 1.058633 -2.002424
v -0.163194 0.649610 -1.977505
v -0.155251 0.256305 -1.903704
v -0.142351 -0.106167 -1.783858
v -0.124991 -0.423877 -1.622573
v -0.103837 -0.684614 -1.426045
v -0.079703 -0.878359 -1.201829
v -0.053516 -0.997667 -0.958540
v 0.004342 3.114933 -0.963726
v 0.033791 2.995625 -1.212001
v 0.060931 2.801880 -1.440812
v 0.084719 2.541143 -1.641367
v 0.104242 2.223433 -1.805958
v 0.118748 1.860961 -1.928260
v 0.127681 1.467656 -2.003573
v 0.130698 1.058633 -2.029003
v 0.127681 0.649610 -2.003573
v 0.118748 0.256304 -1.928260
v 0.104242 -0.106167 -1.805958
v 0.084719 -0.423877 -1.641366
v 0.060931 -0.684614 -1.440811
v 0.033791 -0.878359 -1.212000
v 0.004342 -0.997667 -0.963725
v 0.061024 3.114933 -0.958989
v 0.144976 2.995625 -1.202708
v 0.222347 2.801880 -1.427322
v 0.290163 2.541143 -1.624197
v 0.345818 2.223433 -1.785768
v 0.387173 1.860962 -1.905827
v 0.412640 1.467657 -1.979758
v 0.421239 1.058633 -2.004721
v 0.412640 0.649609 -1.979758
v 0.387173 0.256304 -1.905826
v 0.345818 -0.106168 -1.785768
v 0.290163 -0.423877 -1.624197
v 0.222347 -0.684614 -1.427321
v 0.144976 -0.878360 -1.202708
v 0.061024 -0.997667 -0.958988
v 0.114351 3.114933 -0.944511
v 0.249580 2.995625 -1.174310
v 0.374208 2.801880 -1.386093
v 0.483446 2.541143 -1.571723
v 0.573095 2.223433 -1.724065
v 0.639710 1.860961 -1.837267
v 0.680731 1.467656 -1.906975
v 0.694582 1.058633 -1.930512
v 0.680731 0.649610 -1.906975
v 0.639710 0.256305 -1.837266
v 0.573094 -0.106167 -1.724065
v 0.483446 -0.423876 -1.571723
v 0.374208 -0.684614 -1.386093
v 0.249580 -0.878359 -1.174309
v 0.114351 -0.997667 -0.944511
v 0.162273 3.114933 -0.920850
v 0.343583 2.995625 -1.127896
v 0.510679 2.801880 -1.318711
v 0.657140 2.541143 -1.485962
v 0.777338 2.223433 -1.623221
v 0.866652 1.860962 -1.725214
v 0.921652 1.467656 -1.788021
v 0.940223 1.058633 -1.809228
v 0.921652 0.649610 -1.788021
v 0.866652 0.256304 -1.725214
v 0.777337 -0.106167 -1.623221
v 0.657140 -0.423877 -1.485962
v 0.510679 -0.684614 -1.318711
v 0.343583 -0.878359 -1.127896
v 0.162273 -0.997667 -0.920849
v 0.202949 3.114933 -0.888913
v 0.423372 2.995625 -1.065251
v 0.626515 2.801880 -1.227765
v 0.804571 2.541143 -1.370209
v 0.950698 2.223433 -1.487110
v 1.059280 1.860962 -1.573976
v 1.126144 1.467657 -1.627467
v 1.148722 1.058633 -1.645529
v 1.126144 0.649610 -1.627467
v 1.059280 0.256305 -1.573976
v 0.950697 -0.106167 -1.487110
v 0.804571 -0.423877 -1.370209
v 0.626514 -0.684614 -1.227765
v 0.423372 -0.878360 -1.065251
v 0.202949 -0.997667 -0.888913
v 0.234816 3.114933 -0.849930
v 0.485881 2.995625 -0.988782
v 0.717263 2.801880 -1.116749
v 0.920072 2.541143 -1.228914
v 1.086513 2.223433 -1.320964
v 1.210190 1.860961 -1.389364
v 1.286350 1.467656 -1.431484
v 1.312065 1.058633 -1.445706
v 1.286350 0.649609 -1.431484
v 1.210190 0.256305 -1.389364
v 1.086513 -0.106167 -1.320964
v 0.920072 -0.423877 -1.228914
v 0.717263 -0.684614 -1.116749
v 0.485881 -0.878359 -0.988782
v 0.234815 -0.997667 -0.849930
v 0.256648 3.114933 -0.805397
v 0.528708 2.995625 -0.901428
v 0.779438 2.801880 -0.989931
v 0.999206 2.541143 -1.067504
v 1.179564 2.223433 -1.131167
v 1.313583 1.860962 -1.178473
v 1.396111 1.467657 -1.207603
v 1.423977 1.058633 -1.217439
v 1.396111 0.649609 -1.207603
v 1.313583 0.256305 -1.178472
v 1.179564 -0.106167 -1.131166
v 0.999206 -0.423877 -1.067504
v 0.779438 -0.684614 -0.989931
v 0.528708 -0.878359 -0.901428
v 0.256648 -0.997667 -0.805397
v 0.267608 3.114933 -0.757027
v 0.550206 2.995625 -0.806546
v 0.810650 2.801880 -0.852183
v 1.038931 2.541143 -0.892184
v 1.226275 2.223433 -0.925012
v 1.365485 1.860962 -0.949406
v 1.451210 1.467656 -0.964427
v 1.480156 1.058633 -0.969499
v 1.451210 0.649609 -0.964427
v 1.365485 0.256304 -0.949406
v 1.226275 -0.106168 -0.925012
v 1.038930 -0.423877 -0.892184
v 0.810649 -0.684614 -0.852183
v 0.550206 -0.878359 -0.806546
v 0.267608 -0.997667 -0.757026
v 0.267274 3.114933 -0.706677
v 0.549551 2.995625 -0.707781
v 0.809698 2.801880 -0.708799
v 1.037720 2.541143 -0.709691
v 1.224851 2.223433 -0.710423
v 1.363903 1.860961 -0.710967
v 1.449531 1.467656 -0.711302
v 1.478443 1.058633 -0.711415
v 1.449531 0.649609 -0.711302
v 1.363903 0.256304 -0.710967
v 1.224851 -0.106168 -0.710423
v 1.037719 -0.423877 -0.709691
v 0.809698 -0.684614 -0.708799
v 0.549551 -0.878359 -0.707781
v 0.267274 -0.997667 -0.706677
v 0.255659 3.114933 -0.656283
v 0.526767 2.995625 -0.608930
v 0.776620 2.801880 -0.565290
v 0.995620 2.541143 -0.527038
v 1.175347 2.223433 -0.495646
v 1.308897 1.860961 -0.472320
v 1.391136 1.467656 -0.457955
v 1.418905 1.058633 -0.453105
v 1.391136 0.649609 -0.457955
v 1.308897 0.256304 -0.472320
v 1.175347 -0.106168 -0.495646
v 0.995619 -0.423877 -0.527038
v 0.776620 -0.684614 -0.565289
v 0.526766 -0.878359 -0.608930
v 0.255659 -0.997667 -0.656283
v 0.233209 3.114933 -0.607782
v 0.482729 2.995625 -0.513791
v 0.712687 2.801880 -0.427169
v 0.914248 2.541143 -0.351245
v 1.079665 2.223433 -0.288935
v 1.202581 1.860961 -0.242634
v 1.278271 1.467656 -0.214122
v 1.303828 1.058633 -0.204495
v 1.278271 0.649609 -0.214122
v 1.202580 0.256304 -0.242634
v 1.079664 -0.106168 -0.288935
v 0.914248 -0.423877 -0.351244
v 0.712687 -0.684614 -0.427169
v 0.482729 -0.878359 -0.513791
v 0.233209 -0.997667 -0.607782
v 0.200786 3.114933 -0.563037
v 0.419130 2.995625 -0.426021
v 0.620356 2.801880 -0.299746
v 0.796733 2.541143 -0.189066
v 0.941481 2.223433 -0.098233
v 1.049039 1.860962 -0.030738
v 1.115273 1.467656 0.010826
v 1.137637 1.058633 0.024860
v 1.115273 0.649609 0.010826
v 1.049039 0.256304 -0.030738
v 0.941481 -0.106168 -0.098233
v 0.796733 -0.423877 -0.189066
v 0.620356 -0.684614 -0.299746
v 0.419130 -0.878359 -0.426021
v 0.200786 -0.997667 -0.563037
v 0.159638 3.114933 -0.523768
v 0.338414 2.995625 -0.348992
v 0.503175 2.801880 -0.187917
v 0.647590 2.541143 -0.046734
v 0.766107 2.223433 0.069131
v 0.854174 1.860961 0.155227
v 0.908405 1.467657 0.208245
v 0.926716 1.058633 0.226147
v 0.908405 0.649609 0.208245
v 0.854174 0.256304 0.155227
v 0.766107 -0.106168 0.069131
v 0.647590 -0.423877 -0.046734
v 0.503175 -0.684614 -0.187917
v 0.338414 -0.878359 -0.348992
v 0.159638 -0.997667 -0.523768
v 0.111345 3.114933 -0.491484
v 0.243683 2.995625 -0.285664
v 0.365647 2.801880 -0.095980
v 0.472550 2.541143 0.070280
v 0.560282 2.223433 0.206725
v 0.625474 1.860961 0.308114
v 0.665618 1.467656 0.370549
v 0.679172 1.058633 0.391630
v 0.665618 0.649609 0.370548
v 0.625474 0.256304 0.308114
v 0.560282 -0.106168 0.206725
v 0.472550 -0.423877 0.070280
v 0.365647 -0.684614 -0.095980
v 0.243683 -0.878360 -0.285664
v 0.111344 -0.997667 -0.491483
v 0.057762 3.114933 -0.467425
v 0.138578 2.995625 -0.238472
v 0.213058 2.801880 -0.027467
v 0.278340 2.541143 0.157480
v 0.331916 2.223433 0.309262
v 0.371727 1.860961 0.422047
v 0.396241 1.467656 0.491499
v 0.404519 1.058633 0.514950
v 0.396241 0.649609 0.491499
v 0.371726 0.256305 0.422047
v 0.331916 -0.106168 0.309262
v 0.278340 -0.423877 0.157480
v 0.213058 -0.684614 -0.027467
v 0.138578 -0.878359 -0.238472
v 0.057762 -0.997667 -0.467425
v 0.000950 3.114933 -0.452517
v 0.027137 2.995625 -0.209228
v 0.051270 2.801880 0.014988
v 0.072424 2.541143 0.211516
v 0.089784 2.223433 0.372801
v 0.102684 1.860961 0.492647
v 0.110627 1.467656 0.566448
v 0.113309 1.058633 0.591367
v 0.110627 0.649609 0.566448
v 0.102684 0.256304 0.492647
v 0.089784 -0.106168 0.372801
v 0.072424 -0.423877 0.211516
v 0.051270 -0.684614 0.014988
v 0.027137 -0.878359 -0.209228
v 0.000950 -0.997667 -0.452517
v -0.056909 3.114933 -0.447331
v -0.086357 2.995625 -0.199057
v -0.113497 2.801880 0.029754
v -0.137285 2.541143 0.230310
v -0.156808 2.223433 0.394900
v -0.171315 1.860961 0.517203
v -0.180248 1.467656 0.592516
v -0.183265 1.058633 0.617946
v -0.180248 0.649609 0.592516
v -0.171315 0.256305 0.517203
v -0.156808 -0.106168 0.394900
v -0.137286 -0.423877 0.230310
v -0.113497 -0.684614 0.029754
v -0.086357 -0.878359 -0.199057
v -0.056909 -0.997667 -0.447331
v -0.113590 3.114933 -0.452069
v -0.197543 2.995625 -0.208349
v -0.274913 2.801880 0.016264
v -0.342729 2.541143 0.213140
v -0.398384 2.223433 0.374711
v -0.439740 1.860961 0.494769
v -0.465207 1.467656 0.568701
v -0.473806 1.058633 0.593664
v -0.465207 0.649610 0.568701
v -0.439740 0.256304 0.494769
v -0.398384 -0.106168 0.374711
v -0.342729 -0.423877 0.213140
v -0.274913 -0.684614 0.016264
v -0.197543 -0.878359 -0.208349
v -0.113591 -0.997667 -0.452068
v -0.166917 3.114933 -0.466546
v -0.302146 2.995625 -0.236747
v -0.426775 2.801880 -0.024964
v -0.536012 2.541143 0.160666
v -0.625661 2.223433 0.313008
v -0.692276 1.860962 0.426209
v -0.733298 1.467656 0.495918
v -0.747149 1.058633 0.519455
v -0.733298 0.649609 0.495918
v -0.692276 0.256304 0.426209
v -0.625661 -0.106168 0.313008
v -0.536012 -0.423877 0.160666
v -0.426775 -0.684614 -0.024964
v -0.302147 -0.878359 -0.236747
v -0.166917 -0.997667 -0.466546
v -0.214839 3.114933 -0.490207
v -0.396149 2.995625 -0.283161
v -0.563245 2.801880 -0.092346
v -0.709706 2.541143 0.074905
v -0.829904 2.223433 0.212164
v -0.919218 1.860961 0.314157
v -0.974218 1.467656 0.376964
v -0.992789 1.058633 0.398170
v -0.974218 0.649609 0.376964
v -0.919218 0.256305 0.314157
v -0.829904 -0.106168 0.212164
v -0.709706 -0.423877 0.074905
v -0.563245 -0.684614 -0.092346
v -0.396149 -0.878359 -0.283161
v -0.214839 -0.997667 -0.490207
v -0.255515 3.114933 -0.522143
v -0.475938 2.995625 -0.345806
v -0.679081 2.801880 -0.183293
v -0.857137 2.541143 -0.040847
v -1.003264 2.223433 0.076053
v -1.111846 1.860962 0.162919
v -1.178710 1.467657 0.216410
v -1.201287 1.058633 0.234471
v -1.178711 0.649610 0.216410
v -1.111846 0.256305 0.162919
v -1.003264 -0.106168 0.076053
v -0.857137 -0.423877 -0.040847
v -0.679081 -0.684614 -0.183292
v -0.475938 -0.878359 -0.345806
v -0.255515 -0.997667 -0.522143
v -0.287382 3.114933 -0.561127
v -0.538447 2.995625 -0.422275
v -0.769829 2.801880 -0.294308
v -0.972639 2.541143 -0.182143
v -1.139079 2.223433 -0.090093
v -1.262756 1.860962 -0.021693
v -1.338916 1.467657 0.020427
v -1.364631 1.058633 0.034649
v -1.338916 0.649610 0.020427
v -1.262756 0.256304 -0.021693
v -1.139079 -0.106167 -0.090093
v -0.972639 -0.423877 -0.182144
v -0.769830 -0.684614 -0.294308
v -0.538447 -0.878359 -0.422275
v -0.287382 -0.997667 -0.561127
v -0.309215 3.114933 -0.605660
v -0.581274 2.995625 -0.509629
v -1.051772 2.541143 -0.343553
v -1.366149 1.860962 -0.232585
v -1.366149 0.256305 -0.232584
v -1.051772 -0.423877 -0.343553
v -0.832004 -0.684614 -0.421126
v -0.581274 -0.878359 -0.509629
v -0.309215 -0.997667 -0.605660
v 0.049528 0.559216 0.729758
v 0.049528 0.551020 0.699559
v 0.049528 0.537602 0.684563
v 0.049528 0.520070 0.676447
v 0.049528 0.510582 0.675402
v 0.049528 0.501094 0.676447
v 0.049528 0.483563 0.684563
v 0.049528 0.461948 0.729758
v 0.051597 0.558282 0.719357
v 0.053586 0.555514 0.709357
v 0.055420 0.551020 0.700140
v 0.057027 0.544972 0.692061
v 0.058345 0.537602 0.685431
v 0.059325 0.529194 0.680505
v 0.059929 0.520070 0.677471
v 0.060132 0.510582 0.676447
v 0.059929 0.501094 0.677471
v 0.059325 0.491971 0.680505
v 0.058345 0.483563 0.685431
v 0.057027 0.476193 0.692061
v 0.055420 0.470145 0.700140
v 0.053586 0.465650 0.709357
v 0.051597 0.462883 0.719357
v 0.053586 0.558282 0.719961
v 0.057488 0.555514 0.710540
v 0.061085 0.551020 0.701858
v 0.064237 0.544972 0.694248
v 0.066824 0.537602 0.688003
v 0.068746 0.529194 0.683362
v 0.069930 0.520070 0.680505
v 0.070329 0.510582 0.679540
v 0.069930 0.501094 0.680505
v 0.068746 0.491971 0.683362
v 0.066824 0.483563 0.688003
v 0.064237 0.476193 0.694248
v 0.061085 0.470145 0.701858
v 0.057488 0.465650 0.710540
v 0.053586 0.462883 0.719961
v 0.055420 0.558282 0.720941
v 0.061085 0.555514 0.712463
v 0.066306 0.551020 0.704649
v 0.070882 0.544972 0.697800
v 0.074637 0.537602 0.692179
v 0.077428 0.529194 0.688003
v 0.079146 0.520070 0.685431
v 0.079727 0.510582 0.684563
v 0.079146 0.501094 0.685431
v 0.077428 0.491971 0.688003
v 0.074637 0.483563 0.692180
v 0.070882 0.476193 0.697800
v 0.066306 0.470145 0.704649
v 0.061085 0.465650 0.712462
v 0.055420 0.462883 0.720941
v 0.057027 0.558282 0.722260
v 0.064237 0.555514 0.715049
v 0.070882 0.551020 0.708404
v 0.076706 0.544972 0.702580
v 0.081486 0.537602 0.697800
v 0.085038 0.529194 0.694248
v 0.087225 0.520070 0.692061
v 0.087964 0.510582 0.691323
v 0.087225 0.501094 0.692061
v 0.085038 0.491971 0.694248
v 0.081486 0.483563 0.697800
v 0.076706 0.476193 0.702580
v 0.070882 0.470145 0.708404
v 0.064237 0.465650 0.715049
v 0.057027 0.462883 0.722260
v 0.058345 0.558282 0.723867
v 0.066824 0.555514 0.718202
v 0.074637 0.551020 0.712981
v 0.081486 0.544972 0.708404
v 0.087107 0.537602 0.704649
v 0.091283 0.529194 0.701858
v 0.093855 0.520070 0.700140
v 0.094723 0.510582 0.699560
v 0.093855 0.501094 0.700140
v 0.091283 0.491971 0.701858
v 0.087107 0.483563 0.704649
v 0.081486 0.476193 0.708404
v 0.074637 0.470145 0.712981
v 0.066824 0.465650 0.718202
v 0.058345 0.462883 0.723867
v 0.059325 0.558282 0.725700
v 0.068746 0.555514 0.721798
v 0.077428 0.551020 0.718202
v 0.085038 0.544972 0.715049
v 0.091283 0.537602 0.712463
v 0.095924 0.529194 0.710540
v 0.098782 0.520070 0.709357
v 0.099747 0.510582 0.708957
v 0.098782 0.501094 0.709357
v 0.095924 0.491971 0.710540
v 0.091283 0.483563 0.712463
v 0.085038 0.476193 0.715049
v 0.077428 0.470145 0.718202
v 0.068746 0.465650 0.721798
v 0.059325 0.462883 0.725700
v 0.059929 0.558282 0.727689
v 0.069930 0.555514 0.725700
v 0.079146 0.551020 0.723867
v 0.087225 0.544972 0.722260
v 0.093855 0.537602 0.720941
v 0.098782 0.529194 0.719961
v 0.101815 0.520070 0.719357
v 0.102840 0.510582 0.719154
v 0.101815 0.501094 0.719358
v 0.098782 0.491971 0.719961
v 0.093855 0.483563 0.720941
v 0.087225 0.476193 0.722260
v 0.079146 0.470145 0.723867
v 0.069930 0.465650 0.725700
v 0.059929 0.462883 0.727689
v 0.060132 0.558282 0.729758
v 0.070329 0.555514 0.729758
v 0.079727 0.551020 0.729758
v 0.087964 0.544972 0.729758
v 0.094723 0.537602 0.729758
v 0.099747 0.529194 0.729758
v 0.102840 0.520070 0.729758
v 0.103884 0.510582 0.729758
v 0.102840 0.501094 0.729758
v 0.099746 0.491971 0.729758
v 0.094723 0.483563 0.729758
v 0.087964 0.476193 0.729758
v 0.079727 0.470145 0.729758
v 0.070329 0.465650 0.729758
v 0.060133 0.462883 0.729758
v 0.059929 0.558282 0.731827
v 0.069930 0.555514 0.733816
v 0.079146 0.551020 0.735650
v 0.087225 0.544972 0.737256
v 0.093855 0.537602 0.738575
v 0.098782 0.529194 0.739555
v 0.101815 0.520070 0.740159
v 0.102840 0.510582 0.740362
v 0.101815 0.501094 0.740158
v 0.098782 0.491971 0.739555
v 0.093855 0.483563 0.738575
v 0.087225 0.476193 0.737256
v 0.079146 0.470145 0.735649
v 0.069930 0.465650 0.733816
v 0.059929 0.462883 0.731827
v 0.059325 0.558282 0.733816
v 0.068746 0.555514 0.737718
v 0.077428 0.551020 0.741315
v 0.085038 0.544972 0.744467
v 0.091283 0.537602 0.747054
v 0.095924 0.529194 0.748976
v 0.098782 0.520070 0.750159
v 0.099747 0.510582 0.750559
v 0.098782 0.501094 0.750160
v 0.095924 0.491971 0.748976
v 0.091283 0.483563 0.747054
v 0.085038 0.476193 0.744467
v 0.077428 0.470145 0.741314
v 0.068746 0.465650 0.737718
v 0.059325 0.462883 0.733816
v 0.058345 0.558282 0.735649
v 0.066824 0.555514 0.741315
v 0.074637 0.551020 0.746536
v 0.081486 0.544972 0.751112
v 0.087107 0.537602 0.754867
v 0.091283 0.529194 0.757658
v 0.093855 0.520070 0.759376
v 0.094723 0.510582 0.759957
v 0.093855 0.501094 0.759376
v 0.091283 0.491971 0.757658
v 0.087107 0.483563 0.754867
v 0.081486 0.476193 0.751112
v 0.074637 0.470145 0.746535
v 0.066824 0.465650 0.741314
v 0.058345 0.462883 0.735649
v 0.057027 0.558282 0.737256
v 0.064237 0.555514 0.744467
v 0.070882 0.551020 0.751112
v 0.076706 0.544972 0.756936
v 0.081486 0.537602 0.761716
v 0.085038 0.529194 0.765268
v 0.087225 0.520070 0.767455
v 0.087964 0.510582 0.768193
v 0.087225 0.501094 0.767455
v 0.085038 0.491971 0.765268
v 0.081486 0.483563 0.761716
v 0.076706 0.476193 0.756936
v 0.070882 0.470145 0.751112
v 0.064237 0.465650 0.744466
v 0.057027 0.462883 0.737256
v 0.055420 0.558282 0.738575
v 0.061085 0.555514 0.747054
v 0.066306 0.551020 0.754867
v 0.070882 0.544972 0.761716
v 0.074637 0.537602 0.767337
v 0.077428 0.529194 0.771513
v 0.079146 0.520070 0.774085
v 0.079727 0.510582 0.774953
v 0.079146 0.501094 0.774085
v 0.077428 0.491971 0.771513
v 0.074637 0.483563 0.767336
v 0.070882 0.476193 0.761716
v 0.066306 0.470145 0.754867
v 0.061085 0.465650 0.747053
v 0.055420 0.462883 0.738575
v 0.053586 0.558282 0.739555
v 0.057488 0.555514 0.748976
v 0.061085 0.551020 0.757658
v 0.064237 0.544972 0.765268
v 0.066824 0.537602 0.771513
v 0.068746 0.529194 0.776154
v 0.069930 0.520070 0.779011
v 0.070329 0.510582 0.779976
v 0.069930 0.501094 0.779011
v 0.068746 0.491971 0.776154
v 0.066824 0.483563 0.771513
v 0.064237 0.476193 0.765268
v 0.061085 0.470145 0.757658
v 0.057488 0.465650 0.748976
v 0.053586 0.462883 0.739555
v 0.051597 0.558282 0.740159
v 0.053586 0.555514 0.750159
v 0.055420 0.551020 0.759376
v 0.057027 0.544972 0.767455
v 0.058345 0.537602 0.774085
v 0.059325 0.529194 0.779011
v 0.059929 0.520070 0.782045
v 0.060133 0.510582 0.783069
v 0.059929 0.501094 0.782045
v 0.059325 0.491971 0.779011
v 0.058345 0.483563 0.774085
v 0.057027 0.476193 0.767455
v 0.055420 0.470145 0.759376
v 0.053586 0.465650 0.750159
v 0.051597 0.462883 0.740158
v 0.049528 0.558282 0.740362
v 0.049528 0.555514 0.750559
v 0.049528 0.551020 0.759957
v 0.049528 0.544972 0.768194
v 0.049528 0.537602 0.774953
v 0.049528 0.529194 0.779976
v 0.049528 0.520070 0.783069
v 0.049528 0.510582 0.784114
v 0.049528 0.501094 0.783070
v 0.049528 0.491971 0.779976
v 0.049528 0.483563 0.774953
v 0.049528 0.476193 0.768193
v 0.049528 0.470145 0.759957
v 0.049528 0.465650 0.750559
v 0.049528 0.462883 0.740362
v 0.047459 0.558282 0.740158
v 0.045470 0.555514 0.750159
v 0.043637 0.551020 0.759376
v 0.042030 0.544972 0.767455
v 0.040711 0.537602 0.774085
v 0.039731 0.529194 0.779011
v 0.039128 0.520070 0.782045
v 0.038924 0.510582 0.783069
v 0.039128 0.501094 0.782045
v 0.039731 0.491971 0.779011
v 0.040711 0.483563 0.774085
v 0.042030 0.476193 0.767455
v 0.043637 0.470145 0.759376
v 0.045470 0.465650 0.750159
v 0.047459 0.462883 0.740159
v 0.045470 0.558282 0.739555
v 0.041568 0.555514 0.748976
v 0.037972 0.551020 0.757658
v 0.034820 0.544972 0.765268
v 0.032233 0.537602 0.771513
v 0.030310 0.529194 0.776154
v 0.029127 0.520070 0.779011
v 0.028727 0.510582 0.779976
v 0.029127 0.501094 0.779011
v 0.030310 0.491971 0.776154
v 0.032233 0.483563 0.771513
v 0.034820 0.476193 0.765268
v 0.037972 0.470145 0.757658
v 0.041568 0.465650 0.748976
v 0.045470 0.462883 0.739555
v 0.043637 0.558282 0.738575
v 0.037972 0.555514 0.747054
v 0.032751 0.551020 0.754867
v 0.028175 0.544972 0.761716
v 0.024419 0.537602 0.767336
v 0.021628 0.529194 0.771513
v 0.019910 0.520070 0.774085
v 0.019330 0.510582 0.774953
v 0.019910 0.501094 0.774085
v 0.021628 0.491971 0.771513
v 0.024419 0.483563 0.767337
v 0.028175 0.476193 0.761716
v 0.032751 0.470145 0.754867
v 0.037972 0.465650 0.747053
v 0.043637 0.462883 0.738575
v 0.042030 0.558282 0.737256
v 0.034820 0.555514 0.744467
v 0.028175 0.551020 0.751112
v 0.022350 0.544972 0.756936
v 0.017570 0.537602 0.761716
v 0.014018 0.529194 0.765268
v 0.011831 0.520070 0.767455
v 0.011093 0.510582 0.768193
v 0.011831 0.501094 0.767455
v 0.014018 0.491971 0.765268
v 0.017570 0.483563 0.761716
v 0.022350 0.476193 0.756936
v 0.028175 0.470145 0.751112
v 0.034820 0.465650 0.744467
v 0.042030 0.462883 0.737256
v 0.040711 0.558282 0.735649
v 0.032233 0.555514 0.741315
v 0.024419 0.551020 0.746535
v 0.017570 0.544972 0.751112
v 0.011950 0.537602 0.754867
v 0.007773 0.529194 0.757658
v 0.005201 0.520070 0.759376
v 0.004333 0.510582 0.759956
v 0.005201 0.501094 0.759376
v 0.007773 0.491971 0.757658
v 0.011950 0.483563 0.754867
v 0.017570 0.476193 0.751112
v 0.024419 0.470145 0.746535
v 0.032233 0.465650 0.741314
v 0.040711 0.462883 0.735649
v 0.039731 0.558282 0.733816
v 0.030310 0.555514 0.737718
v 0.021628 0.551020 0.741314
v 0.014019 0.544972 0.744467
v 0.007773 0.537602 0.747054
v 0.003133 0.529194 0.748976
v 0.000275 0.520070 0.750159
v -0.000690 0.510582 0.750559
v 0.000275 0.501094 0.750159
v 0.003132 0.491971 0.748976
v 0.007773 0.483563 0.747054
v 0.014018 0.476193 0.744467
v 0.021628 0.470145 0.741315
v 0.030310 0.465650 0.737718
v 0.039731 0.462883 0.733816
v 0.039128 0.558282 0.731827
v 0.029127 0.555514 0.733816
v 0.019910 0.551020 0.735649
v 0.011831 0.544972 0.737256
v 0.005201 0.537602 0.738575
v 0.000275 0.529194 0.739555
v -0.002759 0.520070 0.740158
v -0.003783 0.510582 0.740362
v -0.002759 0.501094 0.740159
v 0.000275 0.491971 0.739555
v 0.005201 0.483563 0.738575
v 0.011831 0.476193 0.737256
v 0.019910 0.470145 0.735650
v 0.029127 0.465650 0.733816
v 0.039128 0.462883 0.731827
v 0.038924 0.558282 0.729758
v 0.028727 0.555514 0.729758
v 0.019330 0.551020 0.729758
v 0.011093 0.544972 0.729758
v 0.004333 0.537602 0.729758
v -0.000690 0.529194 0.729758
v -0.003783 0.520070 0.729758
v -0.004828 0.510582 0.729758
v -0.003783 0.501094 0.729758
v -0.000690 0.491971 0.729758
v 0.004333 0.483563 0.729758
v 0.011093 0.476193 0.729758
v 0.019330 0.470145 0.729758
v 0.028727 0.465650 0.729758
v 0.038924 0.462883 0.729758
v 0.039128 0.558282 0.727689
v 0.029127 0.555514 0.725700
v 0.019910 0.551020 0.723867
v 0.011831 0.544972 0.722260
v 0.005201 0.537602 0.720941
v 0.000275 0.529194 0.719961
v -0.002759 0.520070 0.719357
v -0.003783 0.510582 0.719154
v -0.002759 0.501094 0.719357
v 0.000275 0.491971 0.719961
v 0.005201 0.483563 0.720941
v 0.011831 0.476193 0.722260
v 0.019910 0.470145 0.723867
v 0.029127 0.465650 0.725700
v 0.039128 0.462883 0.727689
v 0.039731 0.558282 0.725700
v 0.030311 0.555514 0.721798
v 0.021628 0.551020 0.718202
v 0.014018 0.544972 0.715049
v 0.007773 0.537602 0.712462
v 0.003132 0.529194 0.710540
v 0.000275 0.520070 0.709357
v -0.000690 0.510582 0.708957
v 0.000275 0.501094 0.709357
v 0.003133 0.491971 0.710540
v 0.007773 0.483563 0.712463
v 0.014018 0.476193 0.715050
v 0.021628 0.470145 0.718202
v 0.030310 0.465650 0.721798
v 0.039731 0.462883 0.725700
v 0.040711 0.558282 0.723867
v 0.032233 0.555514 0.718202
v 0.024419 0.551020 0.712981
v 0.017570 0.544972 0.708404
v 0.011950 0.537602 0.704649
v 0.007773 0.529194 0.701858
v 0.005201 0.520070 0.700140
v 0.004333 0.510582 0.699560
v 0.005201 0.501094 0.700140
v 0.007773 0.491971 0.701858
v 0.011950 0.483563 0.704649
v 0.017570 0.476193 0.708404
v 0.024419 0.470145 0.712981
v 0.032233 0.465650 0.718201
v 0.040711 0.462883 0.723867
v 0.042030 0.558282 0.722260
v 0.034820 0.555514 0.715050
v 0.028175 0.551020 0.708405
v 0.022350 0.544972 0.702580
v 0.017570 0.537602 0.697800
v 0.014018 0.529194 0.694248
v 0.011831 0.520070 0.692061
v 0.011093 0.510582 0.691323
v 0.011831 0.501094 0.692061
v 0.014018 0.491971 0.694248
v 0.017570 0.483563 0.697800
v 0.022350 0.476193 0.702580
v 0.028175 0.470145 0.708405
v 0.034820 0.465650 0.715049
v 0.042030 0.462883 0.722260
v 0.043637 0.558282 0.720941
v 0.037972 0.555514 0.712463
v 0.032751 0.551020 0.704649
v 0.028175 0.544972 0.697800
v 0.024419 0.537602 0.692180
v 0.021628 0.529194 0.688003
v 0.019910 0.520070 0.685431
v 0.019330 0.510582 0.684563
v 0.019910 0.501094 0.685431
v 0.021628 0.491971 0.688003
v 0.024419 0.483563 0.692180
v 0.028175 0.476193 0.697800
v 0.032751 0.470145 0.704649
v 0.037972 0.465650 0.712462
v 0.043637 0.462883 0.720941
v 0.045470 0.558282 0.719961
v 0.041568 0.555514 0.710540
v 0.037972 0.551020 0.701858
v 0.034820 0.544972 0.694248
v 0.032233 0.537602 0.688003
v 0.030310 0.529194 0.683362
v 0.029127 0.520070 0.680505
v 0.028727 0.510582 0.679540
v 0.029127 0.501094 0.680505
v 0.030310 0.491971 0.683362
v 0.032233 0.483563 0.688003
v 0.034820 0.476193 0.694248
v 0.037972 0.470145 0.701858
v 0.041568 0.465650 0.710540
v 0.045470 0.462883 0.719961
v 0.047459 0.558282 0.719357
v 0.045470 0.555514 0.709357
v 0.043637 0.551020 0.700140
v 0.042030 0.544972 0.692061
v 0.040711 0.537602 0.685431
v 0.039731 0.529194 0.680505
v 0.039128 0.520070 0.677471
v 0.038924 0.510582 0.676447
v 0.039128 0.501094 0.677471
v 0.039731 0.491971 0.680505
v 0.040711 0.483563 0.685431
v 0.042030 0.476193 0.692061
v 0.043637 0.470145 0.700140
v 0.045470 0.465650 0.709357
v 0.047459 0.462883 0.719358
v 0.049528 0.558282 0.719154
v 0.049528 0.555514 0.708957
v 0.049528 0.544972 0.691323
v 0.049528 0.529194 0.679540
v 0.049528 0.491971 0.679540
v 0.049528 0.476193 0.691323
v 0.049528 0.470145 0.699560
v 0.049528 0.465650 0.708957
v 0.049528 0.462883 0.719154
v -0.536000 -0.045213 0.698508
v -0.536000 0.883879 0.698508
v -0.536000 -0.045213 0.400025
v -0.536000 0.883879 0.400025
v 0.236535 -0.045213 0.698508
v 0.236535 0.883879 0.698508
v 0.236535 -0.045213 0.400025
v 0.236535 0.883879 0.400025
v -0.150583 1.251703 0.299625
v -0.150583 1.251703 0.704965
v -0.076112 1.245016 0.299625
v -0.076112 1.245016 0.704965
v -0.004503 1.225213 0.299625
v -0.004503 1.225213 0.704965
v 0.061493 1.193053 0.299625
v 0.061493 1.193053 0.704965
v 0.119338 1.149774 0.299625
v 0.119338 1.149774 0.704965
v 0.166811 1.097038 0.299625
v 0.166811 1.097038 0.704965
v 0.202086 1.036872 0.299625
v 0.202086 1.036872 0.704965
v 0.223809 0.971589 0.299625
v 0.223809 0.971588 0.704965
v 0.231143 0.903696 0.299625
v 0.231143 0.903696 0.704965
v 0.223809 0.835803 0.299625
v 0.223809 0.835803 0.704965
v 0.202086 0.770519 0.299625
v 0.202086 0.770519 0.704965
v 0.166811 0.710353 0.299625
v 0.166811 0.710353 0.704965
v 0.119338 0.657617 0.299625
v 0.119338 0.657617 0.704965
v 0.061493 0.614338 0.299625
v 0.061493 0.614338 0.704965
v -0.004503 0.582179 0.299625
v -0.004503 0.582179 0.704965
v -0.076112 0.562375 0.299625
v -0.076112 0.562375 0.704965
v -0.150583 0.555688 0.299625
v -0.150583 0.555688 0.704965
v -0.225054 0.562375 0.299625
v -0.225054 0.562375 0.704965
v -0.296663 0.582179 0.299625
v -0.296663 0.582179 0.704965
v -0.362659 0.614338 0.299625
v -0.362659 0.614338 0.704965
v -0.420504 0.657617 0.299625
v -0.420504 0.657617 0.704965
v -0.467977 0.710353 0.299625
v -0.467977 0.710353 0.704965
v -0.503252 0.770519 0.299625
v -0.503252 0.770519 0.704965
v -0.524974 0.835803 0.299625
v -0.524974 0.835803 0.704965
v -0.532309 0.903696 0.299625
v -0.532309 0.903696 0.704965
v -0.524974 0.971588 0.299625
v -0.524974 0.971588 0.704965
v -0.503252 1.036872 0.299625
v -0.503252 1.036872 0.704965
v -0.467977 1.097038 0.299625
v -0.467977 1.097038 0.704965
v -0.420504 1.149774 0.299625
v -0.420504 1.149774 0.704965
v -0.362659 1.193053 0.299625
v -0.362659 1.193053 0.704965
v -0.296663 1.225213 0.299625
v -0.296663 1.225213 0.704965
v -0.225054 1.245016 0.299625
v -0.225054 1.245016 0.704965
v -0.507387 -0.010802 0.718795
v -0.507387 0.849468 0.718795
v -0.507388 -0.010802 0.442422
v -0.507388 0.849468 0.442422
v 0.207923 -0.010802 0.718795
v 0.207923 0.849468 0.718795
v 0.207923 -0.010802 0.442422
v 0.207923 0.849468 0.442422
v -0.150520 1.190046 0.349459
v -0.150520 1.190046 0.724774
v -0.081565 1.183854 0.349459
v -0.081565 1.183854 0.724774
v -0.015260 1.165518 0.349459
v -0.015260 1.165518 0.724774
v 0.045847 1.135741 0.349459
v 0.045847 1.135741 0.724774
v 0.099407 1.095667 0.349459
v 0.099407 1.095667 0.724774
v 0.143363 1.046838 0.349459
v 0.143363 1.046838 0.724774
v 0.176026 0.991129 0.349459
v 0.176026 0.991129 0.724774
v 0.196139 0.930681 0.349459
v 0.196139 0.930681 0.724774
v 0.202930 0.867817 0.349459
v 0.202930 0.867817 0.724774
v 0.196139 0.804953 0.349459
v 0.196139 0.804953 0.724774
v 0.176026 0.744505 0.349459
v 0.176026 0.744505 0.724774
v 0.143363 0.688796 0.349459
v 0.143363 0.688796 0.724774
v 0.099407 0.639967 0.349459
v 0.099407 0.639966 0.724774
v 0.045847 0.599893 0.349459
v 0.045847 0.599893 0.724774
v -0.015260 0.570116 0.349459
v -0.015260 0.570116 0.724774
v -0.081565 0.551779 0.349459
v -0.081565 0.551779 0.724774
v -0.150520 0.545588 0.349459
v -0.150520 0.545588 0.724774
v -0.219475 0.551779 0.349459
v -0.219475 0.551779 0.724774
v -0.285779 0.570116 0.349459
v -0.285779 0.570116 0.724774
v -0.346886 0.599893 0.349459
v -0.346886 0.599893 0.724774
v -0.400447 0.639967 0.349459
v -0.400447 0.639967 0.724774
v -0.444403 0.688796 0.349459
v -0.444403 0.688796 0.724774
v -0.477065 0.744505 0.349459
v -0.477065 0.744505 0.724774
v -0.497179 0.804953 0.349459
v -0.497179 0.804953 0.724774
v -0.503970 0.867817 0.349459
v -0.503970 0.867817 0.724774
v -0.497179 0.930681 0.349459
v -0.497179 0.930681 0.724774
v -0.477065 0.991129 0.349459
v -0.477065 0.991129 0.724774
v -0.444403 1.046838 0.349459
v -0.444403 1.046838 0.724774
v -0.400447 1.095667 0.349459
v -0.400447 1.095667 0.724774
v -0.346886 1.135741 0.349459
v -0.346886 1.135741 0.724774
v -0.285779 1.165518 0.349459
v -0.285779 1.165518 0.724774
v -0.219475 1.183854 0.349459
v -0.219475 1.183854 0.724774
vn 0.8004 0.5595 -0.2150
vn 0.3503 -0.8431 -0.4080
vn -0.0999 -0.3664 0.9251
vn -0.8094 0.0689 -0.5832
vn -0.8036 0.0515 -0.5930
vn -0.2595 -0.8533 0.4522
vn 0.8601 -0.3412 -0.3792
vn 0.0241 0.5548 0.8316
vn -0.8186 0.5595 -0.1295
vn -0.4861 -0.8431 0.2301
vn 0.4679 -0.3664 -0.8043
vn 0.5018 0.0689 0.8622
vn -0.9526 0.3041 -0.0045
vn -0.1823 -0.9063 0.3813
vn 0.4078 -0.3264 -0.8527
vn 0.6015 0.3041 0.7387
vn -0.9875 0.0515 0.1489
vn 0.1363 -0.8533 0.5033
vn 0.3401 -0.3412 -0.8763
vn 0.6051 0.5548 0.5710
vn -0.0045 0.3041 0.9526
vn 0.3813 -0.9063 0.1823
vn -0.8527 -0.3264 -0.4078
vn 0.7387 0.3041 -0.6015
vn 0.1489 0.0515 0.9875
vn 0.5033 -0.8533 -0.1363
vn -0.8763 -0.3412 -0.3401
vn 0.5710 0.5548 -0.6051
vn 0.8879 0.3041 0.3452
vn 0.3067 -0.9063 -0.2907
vn -0.6860 -0.3264 0.6503
vn -0.2972 0.3041 -0.9051
vn 0.3486 0.5595 -0.7519
vn -0.0882 -0.8431 -0.5305
vn 0.6454 -0.3664 0.6702
vn -0.9667 0.0689 0.2466
vn -0.6645 0.5441 -0.5123
vn -0.4573 -0.8786 -0.1378
vn 0.8580 -0.2591 -0.4435
vn -0.0514 -0.0119 0.9986
vn -0.2802 -0.1762 -0.9436
vn 0.3208 -0.9283 0.1879
vn 0.8775 0.4490 0.1684
vn -0.6971 0.0158 0.7168
vn -0.0986 0.0515 0.9938
vn 0.5214 -0.8533 -0.0083
vn -0.7657 -0.3412 -0.5452
vn 0.7023 0.5548 -0.4460
vn -0.6704 0.5595 0.4873
vn -0.1810 -0.8431 0.5064
vn -0.2378 -0.3664 -0.8996
vn 0.9645 0.0689 0.2549
vn -0.5930 0.0515 0.8036
vn 0.4522 -0.8533 0.2595
vn -0.3792 -0.3412 -0.8601
vn 0.8316 0.5548 -0.0241
vn -0.1295 0.5595 0.8186
vn 0.2301 -0.8431 0.4861
vn -0.8043 -0.3664 -0.4679
vn 0.8622 0.0689 -0.5018
vn 0.8186 0.5595 0.1295
vn 0.4861 -0.8431 -0.2301
vn -0.4679 -0.3664 0.8043
vn -0.5018 0.0689 -0.8622
vn 0.4139 0.5595 -0.7180
vn -0.0408 -0.8431 -0.5362
vn 0.5835 -0.3664 0.7248
vn -0.9847 0.0689 0.1599
vn 0.2651 0.3041 -0.9150
vn -0.3168 -0.9063 -0.2797
vn 0.7085 -0.3264 0.6257
vn -0.8752 0.3041 0.3763
vn -0.7991 0.3563 -0.4843
vn -0.3533 -0.9286 0.1137
vn 0.8088 -0.2607 -0.5271
vn 0.1000 0.1931 0.9761
vn 0.5502 0.0918 -0.8300
vn -0.3631 -0.9063 -0.2162
vn 0.4500 -0.2691 0.8515
vn -0.8873 0.4590 0.0456
vn 0.8658 0.4382 -0.2414
vn 0.3929 -0.8940 0.2152
vn -0.3887 0.1634 0.9068
vn -0.5992 -0.3237 -0.7322
vn 0.7903 0.0515 -0.6105
vn -0.3639 -0.8533 -0.3734
vn 0.1292 -0.3412 0.9311
vn -0.8064 0.5548 -0.2045
vn -0.2225 0.3563 -0.9075
vn -0.3302 -0.9286 -0.1694
vn 0.9446 -0.2607 0.1992
vn -0.6195 0.1931 0.7609
vn 0.7854 0.0515 -0.6168
vn -0.3669 -0.8533 -0.3705
vn 0.1367 -0.3412 0.9300
vn -0.8080 0.5548 -0.1980
vn -0.6704 0.3041 -0.6768
vn -0.3985 -0.9063 0.1407
vn 0.8913 -0.3264 -0.3146
vn -0.0970 0.3041 0.9477
vn -0.9098 0.0918 -0.4048
vn -0.1529 -0.9063 0.3940
vn 0.7650 -0.2691 -0.5851
vn 0.1923 0.4590 0.8674
vn -0.5453 -0.5935 0.5920
vn -0.4716 -0.7217 0.5068
vn -0.3814 -0.8316 0.4036
vn -0.2747 -0.9191 0.2826
vn -0.1519 -0.9778 0.1444
vn -0.0156 -0.9998 -0.0078
vn 0.1285 -0.9774 -0.1677
vn 0.2714 -0.9059 -0.3250
vn 0.4023 -0.7870 -0.4677
vn 0.5112 -0.6297 -0.5849
vn 0.5919 -0.4479 -0.6701
vn 0.6428 -0.2557 -0.7220
vn 0.6661 -0.0644 -0.7431
vn 0.6650 0.1191 -0.7373
vn 0.6430 0.2910 -0.7084
vn 0.6026 0.4494 -0.6595
vn 0.5453 0.5935 -0.5920
vn 0.4716 0.7217 -0.5068
vn 0.3814 0.8316 -0.4036
vn 0.2747 0.9191 -0.2826
vn 0.1519 0.9778 -0.1444
vn 0.0156 0.9998 0.0078
vn -0.1285 0.9774 0.1677
vn -0.2714 0.9059 0.3250
vn -0.4023 0.7870 0.4677
vn -0.5112 0.6297 0.5849
vn -0.5919 0.4479 0.6701
vn -0.6428 0.2557 0.7220
vn -0.6661 0.0644 0.7431
vn -0.6650 -0.1191 0.7373
vn -0.7438 0.0168 -0.6682
vn -0.6430 -0.2910 0.7084
vn -0.6026 -0.4494 0.6595
vn 0.7438 -0.0168 0.6682
vn 0.0945 -0.3911 0.9155
vn -0.8822 -0.4671 -0.0600
vn 0.1419 -0.4903 0.8599
vn 0.2009 -0.5775 0.7913
vn -0.8224 -0.5543 -0.1279
vn 0.2716 -0.6503 0.7094
vn -0.6661 -0.6819 -0.3022
vn 0.3543 -0.7050 0.6144
vn -0.5707 -0.7130 -0.4075
vn 0.4479 -0.7360 0.5076
vn 0.5499 -0.7374 0.3923
vn -0.3608 -0.6809 -0.6373
vn 0.6548 -0.7040 0.2750
vn 0.7555 -0.6343 0.1644
vn -0.2597 -0.6113 -0.7476
vn 0.8437 -0.5324 0.0692
vn -0.1035 -0.3841 -0.9175
vn 0.9134 -0.4071 -0.0040
vn 0.9616 -0.2693 -0.0525
vn -0.0570 -0.2462 -0.9675
vn 0.9887 -0.1286 -0.0773
vn -0.0317 -0.1055 -0.9939
vn 0.9967 0.0084 -0.0811
vn -0.0254 0.0316 -0.9992
vn 0.9882 0.1378 -0.0671
vn -0.0351 0.1610 -0.9863
vn 0.9654 0.2579 -0.0380
vn -0.0587 0.2811 -0.9579
vn 0.9299 0.3679 0.0047
vn -0.0945 0.3911 -0.9155
vn 0.8822 0.4671 0.0600
vn -0.2009 0.5775 -0.7913
vn 0.8224 0.5543 0.1279
vn 0.7504 0.6272 0.2087
vn -0.3543 0.7050 -0.6144
vn 0.6661 0.6819 0.3022
vn 0.5707 0.7130 0.4075
vn -0.4479 0.7360 -0.5076
vn 0.4670 0.7144 0.5212
vn -0.5498 0.7374 -0.3923
vn 0.3608 0.6810 0.6373
vn -0.7554 0.6343 -0.1644
vn 0.2597 0.6113 0.7476
vn 0.1719 0.5094 0.8432
vn -0.8437 0.5324 -0.0692
vn 0.1035 0.3841 0.9175
vn -0.9616 0.2693 0.0525
vn 0.0569 0.2463 0.9675
vn 0.0317 0.1055 0.9939
vn -0.9967 -0.0084 0.0811
vn 0.0253 -0.0316 0.9992
vn 0.0351 -0.1610 0.9863
vn -0.9654 -0.2579 0.0379
vn 0.0586 -0.2811 0.9579
vn -0.9299 -0.3679 -0.0047
vn 0.7480 0.3330 0.5742
vn 0.7324 0.4778 0.4851
vn 0.6940 0.6123 0.3788
vn 0.6311 0.7325 0.2552
vn 0.5416 0.8327 0.1153
vn 0.4245 0.9046 -0.0375
vn 0.2820 0.9391 -0.1966
vn 0.1203 0.9283 -0.3518
vn -0.0496 0.8698 -0.4909
vn -0.2148 0.7680 -0.6034
vn -0.3640 0.6331 -0.6831
vn -0.4900 0.4775 -0.7293
vn -0.5900 0.3121 -0.7447
vn -0.6642 0.1445 -0.7334
vn -0.7144 -0.0204 -0.6995
vn -0.7419 -0.1800 -0.6458
vn -0.7480 -0.3330 -0.5741
vn -0.7324 -0.4778 -0.4851
vn -0.6940 -0.6123 -0.3788
vn -0.6311 -0.7325 -0.2552
vn -0.5416 -0.8327 -0.1153
vn -0.4245 -0.9046 0.0375
vn -0.2820 -0.9391 0.1966
vn -0.1203 -0.9283 0.3518
vn 0.0496 -0.8698 0.4909
vn 0.2148 -0.7680 0.6034
vn 0.3640 -0.6331 0.6831
vn 0.4900 -0.4775 0.7293
vn 0.5900 -0.3121 0.7447
vn 0.6642 -0.1445 0.7334
vn 0.6632 -0.3388 -0.6674
vn 0.7143 0.0204 0.6995
vn 0.7419 0.1800 0.6458
vn -0.6632 0.3388 0.6674
vn 0.0855 0.4200 0.9035
vn 0.9953 0.0619 -0.0739
vn 0.0823 0.5284 0.8450
vn 0.9758 0.1641 -0.1443
vn 0.0635 0.6302 0.7738
vn 0.9391 0.2579 -0.2272
vn 0.0279 0.7235 0.6898
vn -0.0262 0.8046 0.5932
vn 0.8080 0.4045 -0.4284
vn -0.1001 0.8685 0.4855
vn -0.1940 0.9084 0.3703
vn 0.6007 0.4552 -0.6572
vn -0.3048 0.9179 0.2540
vn -0.4265 0.8927 0.1455
vn 0.4786 0.4303 -0.7654
vn -0.5499 0.8335 0.0533
vn 0.2408 0.2828 -0.9285
vn -0.6658 0.7460 -0.0161
vn -0.7669 0.6389 -0.0605
vn 0.0601 0.0562 -0.9966
vn -0.8497 0.5210 -0.0810
vn -0.0020 -0.0662 -0.9978
vn -0.9132 0.3994 -0.0808
vn -0.9584 0.2783 -0.0630
vn -0.0461 -0.1878 -0.9811
vn -0.9866 0.1603 -0.0303
vn -0.0736 -0.3062 -0.9491
vn -0.9988 0.0466 0.0156
vn -0.0855 -0.4200 -0.9035
vn -0.9953 -0.0619 0.0739
vn -0.0635 -0.6302 -0.7738
vn -0.9758 -0.1641 0.1443
vn -0.9391 -0.2579 0.2272
vn 0.0262 -0.8046 -0.5932
vn -0.8836 -0.3398 0.3223
vn 0.1001 -0.8685 -0.4855
vn -0.8080 -0.4045 0.4284
vn 0.1939 -0.9085 -0.3703
vn -0.7127 -0.4452 0.5421
vn -0.6007 -0.4553 0.6572
vn 0.3048 -0.9179 -0.2540
vn -0.4786 -0.4302 0.7654
vn 0.5500 -0.8335 -0.0533
vn -0.3555 -0.3708 0.8579
vn 0.6658 -0.7460 0.0161
vn -0.2408 -0.2827 0.9285
vn 0.7669 -0.6389 0.0605
vn -0.1412 -0.1749 0.9744
vn -0.0601 -0.0562 0.9966
vn 0.8497 -0.5210 0.0811
vn 0.0020 0.0662 0.9978
vn 0.9584 -0.2783 0.0630
vn 0.0461 0.1878 0.9811
vn 0.9866 -0.1603 0.0303
vn 0.0736 0.3062 0.9491
vn -0.7611 0.5904 0.2686
vn -0.8943 0.4369 0.0971
vn -0.8470 0.4395 0.2990
vn -0.6367 -0.7376 0.2248
vn -0.8045 -0.5876 0.0872
vn -0.6740 -0.7351 0.0728
vn -0.9519 0.2884 0.1035
vn -0.9023 0.2904 0.3185
vn -0.4673 -0.8686 0.1650
vn -0.4955 -0.8670 0.0532
vn -0.9839 0.1432 0.1071
vn -0.9331 0.1443 0.3294
vn -0.2533 -0.9632 0.0894
vn -0.2689 -0.9627 0.0284
vn -0.9941 -0.0000 0.1082
vn -0.9430 -0.0000 0.3329
vn -0.2533 0.9632 0.0894
vn -0.0000 1.0000 -0.0000
vn -0.2689 0.9627 0.0284
vn -0.0000 -1.0000 -0.0000
vn -0.9331 -0.1443 0.3294
vn -0.9839 -0.1432 0.1071
vn -0.4955 0.8670 0.0532
vn -0.4673 0.8686 0.1650
vn -0.9023 -0.2904 0.3185
vn -0.9519 -0.2884 0.1035
vn -0.6740 0.7351 0.0728
vn -0.6367 0.7376 0.2248
vn -0.8470 -0.4395 0.2990
vn -0.8943 -0.4369 0.0971
vn -0.8045 0.5876 0.0872
vn -0.7611 -0.5904 0.2686
vn -0.9527 -0.2830 -0.1111
vn -0.8969 -0.4296 -0.1048
vn -0.8093 0.5797 -0.0949
vn -0.8093 -0.5797 -0.0949
vn -0.8969 0.4296 -0.1048
vn -0.6807 -0.7282 -0.0803
vn -0.9527 0.2830 -0.1111
vn -0.5023 -0.8626 -0.0599
vn -0.9834 0.1403 -0.1146
vn -0.2733 -0.9613 -0.0333
vn -0.9933 -0.0000 -0.1157
vn -0.2733 0.9613 -0.0333
vn -0.9834 -0.1403 -0.1146
vn -0.5023 0.8626 -0.0599
vn -0.6807 0.7282 -0.0803
vn -0.4884 -0.8562 -0.1686
vn -0.2667 -0.9593 -0.0931
vn -0.9463 -0.0000 -0.3234
vn -0.2667 0.9593 -0.0931
vn -0.9374 -0.1363 -0.3204
vn -0.4884 0.8562 -0.1686
vn -0.9096 -0.2754 -0.3110
vn -0.6581 0.7182 -0.2261
vn -0.8589 -0.4194 -0.2939
vn -0.7783 0.5684 -0.2667
vn -0.7783 -0.5684 -0.2667
vn -0.8589 0.4194 -0.2939
vn -0.6581 -0.7182 -0.2261
vn -0.9096 0.2754 -0.3110
vn -0.9374 0.1363 -0.3204
vn -0.7877 -0.4081 -0.4615
vn -0.7171 -0.5559 -0.4205
vn -0.7877 0.4081 -0.4615
vn -0.6099 -0.7069 -0.3582
vn -0.8316 0.2671 -0.4869
vn -0.4555 -0.8488 -0.2684
vn -0.8555 0.1319 -0.5008
vn -0.2498 -0.9569 -0.1483
vn -0.8630 -0.0000 -0.5052
vn -0.2498 0.9569 -0.1483
vn -0.8555 -0.1319 -0.5008
vn -0.4555 0.8488 -0.2684
vn -0.8316 -0.2671 -0.4869
vn -0.6099 0.7069 -0.3582
vn -0.7171 0.5559 -0.4205
vn -0.2236 0.9545 -0.1972
vn -0.2236 -0.9545 -0.1972
vn -0.7536 -0.0000 -0.6574
vn -0.7474 -0.1280 -0.6520
vn -0.4061 0.8417 -0.3560
vn -0.7277 -0.2595 -0.6349
vn -0.5405 0.6961 -0.4726
vn -0.6913 -0.3977 -0.6033
vn -0.6319 0.5441 -0.5519
vn -0.6319 -0.5441 -0.5519
vn -0.6913 0.3977 -0.6033
vn -0.5405 -0.6961 -0.4726
vn -0.7277 0.2595 -0.6349
vn -0.4061 -0.8417 -0.3560
vn -0.7474 0.1280 -0.6520
vn -0.5762 0.3894 -0.7186
vn -0.5285 -0.5347 -0.6594
vn -0.4541 -0.6873 -0.5670
vn -0.6052 0.2535 -0.7546
vn -0.3429 -0.8357 -0.4289
vn -0.6208 0.1249 -0.7739
vn -0.1895 -0.9526 -0.2381
vn -0.6257 -0.0000 -0.7800
vn -0.1895 0.9526 -0.2381
vn -0.6208 -0.1249 -0.7739
vn -0.3429 0.8357 -0.4289
vn -0.6052 -0.2535 -0.7546
vn -0.4541 0.6873 -0.5670
vn -0.5762 -0.3894 -0.7186
vn -0.5285 0.5346 -0.6594
vn -0.4846 -0.0000 -0.8748
vn -0.4809 -0.1229 -0.8681
vn -0.2685 0.8319 -0.4857
vn -0.4692 -0.2497 -0.8471
vn -0.3543 0.6816 -0.6402
vn -0.4473 -0.3841 -0.8077
vn -0.4112 0.5286 -0.7426
vn -0.4112 -0.5286 -0.7426
vn -0.4473 0.3841 -0.8077
vn -0.3543 -0.6816 -0.6402
vn -0.4692 0.2497 -0.8471
vn -0.2685 -0.8319 -0.4857
vn -0.4809 0.1229 -0.8681
vn -0.1489 -0.9513 -0.2700
vn -0.1489 0.9513 -0.2700
vn -0.2830 -0.5265 -0.8017
vn -0.2442 -0.6796 -0.6917
vn -0.3224 0.2484 -0.9134
vn -0.1854 -0.8305 -0.5252
vn -0.3304 0.1222 -0.9359
vn -0.1031 -0.9508 -0.2921
vn -0.3329 -0.0000 -0.9430
vn -0.1031 0.9508 -0.2921
vn -0.3304 -0.1222 -0.9359
vn -0.1854 0.8305 -0.5252
vn -0.3224 -0.2484 -0.9134
vn -0.2442 0.6796 -0.6917
vn -0.3076 -0.3823 -0.8713
vn -0.2830 0.5265 -0.8017
vn -0.3076 0.3823 -0.8713
vn -0.0536 0.9513 -0.3036
vn -0.0959 0.8319 -0.5466
vn -0.1665 -0.2497 -0.9539
vn -0.1261 0.6816 -0.7208
vn -0.1588 -0.3841 -0.9095
vn -0.1461 0.5286 -0.8362
vn -0.1461 -0.5286 -0.8362
vn -0.1588 0.3841 -0.9095
vn -0.1261 -0.6816 -0.7208
vn -0.1665 0.2497 -0.9539
vn -0.0959 -0.8319 -0.5466
vn -0.1706 0.1229 -0.9776
vn -0.0536 -0.9513 -0.3036
vn -0.1719 -0.0000 -0.9851
vn -0.1706 -0.1229 -0.9776
vn -0.0025 0.3894 -0.9211
vn -0.0026 0.2535 -0.9673
vn -0.0023 -0.8357 -0.5491
vn -0.0026 0.1249 -0.9922
vn -0.0020 -0.9526 -0.3043
vn -0.0026 -0.0000 -1.0000
vn -0.0020 0.9526 -0.3043
vn -0.0026 -0.1249 -0.9922
vn -0.0023 0.8357 -0.5491
vn -0.0026 -0.2535 -0.9673
vn -0.0025 0.6873 -0.7264
vn -0.0025 -0.3894 -0.9211
vn -0.0025 0.5347 -0.8451
vn -0.0025 -0.5346 -0.8451
vn -0.0024 -0.6873 -0.7264
vn 0.1679 -0.2595 -0.9510
vn 0.0927 0.8417 -0.5320
vn 0.1240 0.6961 -0.7072
vn 0.1593 -0.3977 -0.9036
vn 0.1455 0.5441 -0.8263
vn 0.1455 -0.5441 -0.8263
vn 0.1593 0.3977 -0.9036
vn 0.1240 -0.6961 -0.7072
vn 0.1679 0.2595 -0.9510
vn 0.0927 -0.8417 -0.5320
vn 0.1725 0.1280 -0.9767
vn 0.0503 -0.9545 -0.2938
vn 0.1739 -0.0000 -0.9848
vn 0.0503 0.9545 -0.2938
vn 0.1725 -0.1280 -0.9767
vn 0.1861 -0.8488 -0.4949
vn 0.3417 0.2671 -0.9011
vn 0.3515 0.1319 -0.9268
vn 0.1013 -0.9569 -0.2722
vn 0.3547 -0.0000 -0.9350
vn 0.1013 0.9569 -0.2722
vn 0.3515 -0.1319 -0.9268
vn 0.1861 0.8488 -0.4949
vn 0.3417 -0.2671 -0.9011
vn 0.2499 0.7069 -0.6617
vn 0.3235 -0.4081 -0.8537
vn 0.2942 0.5559 -0.7775
vn 0.2942 -0.5559 -0.7775
vn 0.3235 0.4081 -0.8537
vn 0.2499 -0.7069 -0.6617
vn 0.4841 -0.4194 -0.7680
vn 0.3703 0.7182 -0.5891
vn 0.4384 0.5684 -0.6962
vn 0.4384 -0.5684 -0.6962
vn 0.4841 0.4194 -0.7680
vn 0.3703 -0.7182 -0.5891
vn 0.5128 0.2754 -0.8131
vn 0.2743 -0.8562 -0.4378
vn 0.5286 0.1363 -0.8379
vn 0.1492 -0.9593 -0.2399
vn 0.5336 -0.0000 -0.8458
vn 0.1492 0.9593 -0.2399
vn 0.5286 -0.1363 -0.8379
vn 0.2743 0.8562 -0.4378
vn 0.5128 -0.2754 -0.8131
vn 0.1918 -0.9613 -0.1975
vn 0.6936 0.1403 -0.7066
vn 0.7005 -0.0000 -0.7136
vn 0.1918 0.9613 -0.1975
vn 0.6936 -0.1403 -0.7066
vn 0.3534 0.8626 -0.3619
vn 0.6718 -0.2830 -0.6845
vn 0.4794 0.7282 -0.4898
vn 0.6324 -0.4296 -0.6446
vn 0.5704 0.5797 -0.5819
vn 0.5704 -0.5797 -0.5819
vn 0.6324 0.4296 -0.6446
vn 0.4794 -0.7282 -0.4898
vn 0.6718 0.2830 -0.6845
vn 0.3534 -0.8626 -0.3619
vn 0.5704 0.7351 -0.3665
vn 0.6810 0.5876 -0.4371
vn 0.6809 -0.5876 -0.4371
vn 0.7571 0.4369 -0.4858
vn 0.5704 -0.7351 -0.3665
vn 0.8060 0.2884 -0.5170
vn 0.4191 -0.8670 -0.2697
vn 0.8331 0.1432 -0.5343
vn 0.2272 -0.9627 -0.1467
vn 0.8418 -0.0000 -0.5398
vn 0.2272 0.9627 -0.1467
vn 0.8331 -0.1432 -0.5343
vn 0.4191 0.8670 -0.2697
vn 0.8060 -0.2884 -0.5170
vn 0.7571 -0.4369 -0.4858
vn 0.9331 0.1443 -0.3294
vn 0.9430 -0.0000 -0.3329
vn 0.2533 0.9632 -0.0894
vn 0.2533 -0.9632 -0.0894
vn 0.9331 -0.1443 -0.3294
vn 0.4673 0.8686 -0.1650
vn 0.9023 -0.2904 -0.3185
vn 0.6367 0.7376 -0.2248
vn 0.8470 -0.4395 -0.2990
vn 0.7611 0.5904 -0.2686
vn 0.7611 -0.5904 -0.2686
vn 0.8470 0.4395 -0.2990
vn 0.6367 -0.7376 -0.2248
vn 0.9023 0.2904 -0.3185
vn 0.4673 -0.8686 -0.1650
vn 0.8943 -0.4369 -0.0971
vn 0.8045 -0.5876 -0.0872
vn 0.8943 0.4369 -0.0971
vn 0.6740 -0.7351 -0.0728
vn 0.9519 0.2884 -0.1035
vn 0.4955 -0.8670 -0.0532
vn 0.9839 0.1432 -0.1071
vn 0.2689 -0.9627 -0.0284
vn 0.9941 -0.0000 -0.1082
vn 0.2689 0.9627 -0.0284
vn 0.9839 -0.1432 -0.1071
vn 0.4955 0.8670 -0.0532
vn 0.9519 -0.2884 -0.1035
vn 0.6740 0.7351 -0.0728
vn 0.8045 0.5876 -0.0872
vn 0.2733 0.9613 0.0333
vn 0.2733 -0.9613 0.0333
vn 0.9933 -0.0000 0.1157
vn 0.9834 -0.1403 0.1146
vn 0.5023 0.8626 0.0599
vn 0.9527 -0.2830 0.1111
vn 0.6807 0.7282 0.0803
vn 0.8969 -0.4296 0.1048
vn 0.8093 0.5797 0.0949
vn 0.8093 -0.5797 0.0949
vn 0.8969 0.4296 0.1048
vn 0.6807 -0.7282 0.0803
vn 0.9527 0.2830 0.1111
vn 0.5023 -0.8626 0.0599
vn 0.9834 0.1403 0.1146
vn 0.8589 0.4194 0.2939
vn 0.7783 -0.5684 0.2667
vn 0.6581 -0.7182 0.2261
vn 0.9096 0.2754 0.3110
vn 0.4884 -0.8562 0.1686
vn 0.9374 0.1363 0.3204
vn 0.2667 -0.9593 0.0931
vn 0.9463 -0.0000 0.3234
vn 0.2667 0.9593 0.0931
vn 0.9374 -0.1363 0.3204
vn 0.4884 0.8562 0.1686
vn 0.9096 -0.2754 0.3110
vn 0.6581 0.7182 0.2261
vn 0.8589 -0.4194 0.2939
vn 0.7783 0.5684 0.2667
vn 0.8630 -0.0000 0.5052
vn 0.8555 -0.1319 0.5008
vn 0.4555 0.8488 0.2684
vn 0.8316 -0.2671 0.4869
vn 0.6099 0.7069 0.3582
vn 0.7877 -0.4081 0.4615
vn 0.7171 0.5559 0.4205
vn 0.7171 -0.5559 0.4205
vn 0.7877 0.4081 0.4615
vn 0.6099 -0.7069 0.3582
vn 0.8316 0.2671 0.4869
vn 0.4555 -0.8488 0.2684
vn 0.8555 0.1319 0.5008
vn 0.2498 -0.9569 0.1483
vn 0.2498 0.9569 0.1483
vn 0.6319 -0.5441 0.5519
vn 0.5405 -0.6961 0.4726
vn 0.7277 0.2595 0.6349
vn 0.4061 -0.8417 0.3560
vn 0.7474 0.1280 0.6520
vn 0.2236 -0.9545 0.1972
vn 0.7536 -0.0000 0.6574
vn 0.2236 0.9545 0.1972
vn 0.7474 -0.1280 0.6520
vn 0.4061 0.8417 0.3560
vn 0.7277 -0.2595 0.6349
vn 0.5405 0.6961 0.4726
vn 0.6913 -0.3977 0.6033
vn 0.6319 0.5441 0.5519
vn 0.6913 0.3977 0.6033
vn 0.6208 -0.1249 0.7739
vn 0.6052 -0.2535 0.7546
vn 0.4541 0.6873 0.5670
vn 0.5762 -0.3894 0.7186
vn 0.5285 0.5346 0.6594
vn 0.5285 -0.5347 0.6594
vn 0.5762 0.3894 0.7186
vn 0.4541 -0.6873 0.5670
vn 0.6052 0.2535 0.7546
vn 0.3429 -0.8357 0.4289
vn 0.6208 0.1249 0.7739
vn 0.1895 -0.9526 0.2381
vn 0.6257 -0.0000 0.7800
vn 0.1895 0.9526 0.2381
vn 0.3429 0.8357 0.4289
vn 0.3543 -0.6816 0.6402
vn 0.2685 -0.8319 0.4857
vn 0.4809 0.1229 0.8681
vn 0.1489 -0.9513 0.2700
vn 0.4846 -0.0000 0.8748
vn 0.1489 0.9513 0.2700
vn 0.4809 -0.1229 0.8681
vn 0.2685 0.8319 0.4857
vn 0.4692 -0.2497 0.8471
vn 0.3543 0.6816 0.6402
vn 0.4473 -0.3841 0.8077
vn 0.4112 0.5286 0.7426
vn 0.4112 -0.5286 0.7426
vn 0.4473 0.3841 0.8077
vn 0.4692 0.2497 0.8471
vn 0.2442 0.6796 0.6917
vn 0.3224 -0.2484 0.9134
vn 0.3076 -0.3823 0.8713
vn 0.2830 0.5265 0.8017
vn 0.2830 -0.5265 0.8017
vn 0.3076 0.3823 0.8713
vn 0.2442 -0.6796 0.6917
vn 0.3224 0.2484 0.9134
vn 0.1854 -0.8305 0.5252
vn 0.3304 0.1222 0.9359
vn 0.1031 -0.9508 0.2921
vn 0.3329 -0.0000 0.9430
vn 0.1031 0.9508 0.2921
vn 0.3304 -0.1222 0.9359
vn 0.1854 0.8305 0.5252
vn 0.1665 0.2497 0.9539
vn 0.1706 0.1229 0.9776
vn 0.0536 -0.9513 0.3036
vn 0.1719 -0.0000 0.9851
vn 0.0536 0.9513 0.3036
vn 0.1706 -0.1229 0.9776
vn 0.0959 0.8319 0.5466
vn 0.1665 -0.2497 0.9539
vn 0.1261 0.6816 0.7208
vn 0.1588 -0.3841 0.9095
vn 0.1461 0.5286 0.8362
vn 0.1461 -0.5286 0.8362
vn 0.1588 0.3841 0.9095
vn 0.1261 -0.6816 0.7208
vn 0.0959 -0.8319 0.5466
vn 0.0025 -0.3894 0.9211
vn 0.0025 0.6873 0.7264
vn 0.0025 0.5347 0.8451
vn 0.0025 -0.5346 0.8451
vn 0.0025 0.3894 0.9211
vn 0.0024 -0.6873 0.7264
vn 0.0026 0.2535 0.9673
vn 0.0023 -0.8357 0.5491
vn 0.0026 0.1249 0.9922
vn 0.0020 -0.9526 0.3043
vn 0.0026 -0.0000 1.0000
vn 0.0020 0.9526 0.3043
vn 0.0026 -0.1249 0.9922
vn 0.0023 0.8357 0.5491
vn 0.0026 -0.2535 0.9673
vn -0.0503 -0.9545 0.2938
vn -0.1725 0.1280 0.9767
vn -0.1739 -0.0000 0.9848
vn -0.0503 0.9545 0.2938
vn -0.1725 -0.1280 0.9767
vn -0.0927 0.8417 0.5320
vn -0.1679 -0.2595 0.9510
vn -0.1240 0.6961 0.7072
vn -0.1593 -0.3977 0.9036
vn -0.1455 0.5441 0.8263
vn -0.1455 -0.5441 0.8263
vn -0.1593 0.3977 0.9036
vn -0.1240 -0.6961 0.7072
vn -0.1679 0.2595 0.9510
vn -0.0927 -0.8417 0.5320
vn -0.2499 0.7069 0.6617
vn -0.2942 0.5559 0.7775
vn -0.2942 -0.5559 0.7775
vn -0.3235 0.4081 0.8537
vn -0.2499 -0.7069 0.6617
vn -0.3417 0.2671 0.9011
vn -0.1861 -0.8488 0.4949
vn -0.3515 0.1319 0.9268
vn -0.1013 -0.9569 0.2722
vn -0.3547 -0.0000 0.9350
vn -0.1013 0.9569 0.2722
vn -0.3515 -0.1319 0.9268
vn -0.1861 0.8488 0.4949
vn -0.3417 -0.2671 0.9011
vn -0.3235 -0.4081 0.8537
vn -0.5286 0.1363 0.8379
vn -0.5336 -0.0000 0.8458
vn -0.1492 0.9593 0.2399
vn -0.1492 -0.9593 0.2399
vn -0.5286 -0.1363 0.8379
vn -0.2743 0.8562 0.4378
vn -0.5128 -0.2754 0.8131
vn -0.3703 0.7182 0.5891
vn -0.4841 -0.4194 0.7680
vn -0.4384 0.5684 0.6962
vn -0.4384 -0.5684 0.6962
vn -0.4841 0.4194 0.7680
vn -0.3703 -0.7182 0.5891
vn -0.5128 0.2754 0.8131
vn -0.2743 -0.8562 0.4378
vn -0.5704 -0.5797 0.5819
vn -0.5704 0.5797 0.5819
vn -0.6324 0.4296 0.6446
vn -0.4794 -0.7282 0.4898
vn -0.6718 0.2830 0.6845
vn -0.3534 -0.8626 0.3619
vn -0.6936 0.1403 0.7066
vn -0.1918 -0.9613 0.1975
vn -0.7005 -0.0000 0.7136
vn -0.1918 0.9613 0.1975
vn -0.6936 -0.1403 0.7066
vn -0.3534 0.8626 0.3619
vn -0.6718 -0.2830 0.6845
vn -0.4794 0.7282 0.4898
vn -0.6324 -0.4296 0.6446
vn -0.2272 -0.9627 0.1467
vn -0.8331 -0.1432 0.5343
vn -0.2272 0.9627 0.1467
vn -0.4191 0.8670 0.2697
vn -0.8060 -0.2884 0.5170
vn -0.5704 0.7351 0.3665
vn -0.7571 -0.4369 0.4858
vn -0.6809 0.5876 0.4371
vn -0.6809 -0.5876 0.4371
vn -0.7571 0.4369 0.4858
vn -0.5704 -0.7351 0.3665
vn -0.8060 0.2884 0.5170
vn -0.4191 -0.8670 0.2697
vn -0.8331 0.1432 0.5343
vn -0.8418 -0.0000 0.5398
vn 0.0974 0.1089 -0.9893
vn 0.0086 0.9961 -0.0878
vn 0.0087 -0.9961 -0.0878
vn 0.0974 -0.1089 -0.9893
vn 0.0258 0.9648 -0.2619
vn 0.0929 -0.3197 -0.9430
vn 0.0425 0.9013 -0.4311
vn 0.0843 -0.5110 -0.8554
vn 0.0582 0.8047 -0.5909
vn 0.0724 -0.6742 -0.7350
vn 0.0724 0.6742 -0.7350
vn 0.0582 -0.8047 -0.5909
vn 0.0842 0.5110 -0.8554
vn 0.0425 -0.9013 -0.4311
vn 0.0929 0.3197 -0.9430
vn 0.0258 -0.9648 -0.2619
vn 0.2750 0.3197 -0.9067
vn 0.0763 -0.9648 -0.2518
vn 0.2886 0.1089 -0.9513
vn 0.0256 0.9961 -0.0844
vn 0.0256 -0.9961 -0.0844
vn 0.2886 -0.1089 -0.9512
vn 0.0764 0.9648 -0.2518
vn 0.2750 -0.3197 -0.9067
vn 0.1257 0.9013 -0.4145
vn 0.2495 -0.5110 -0.8225
vn 0.1724 0.8047 -0.5682
vn 0.2144 -0.6742 -0.7068
vn 0.2144 0.6742 -0.7068
vn 0.1723 -0.8047 -0.5681
vn 0.2495 0.5110 -0.8226
vn 0.1258 -0.9013 -0.4145
vn 0.4052 -0.5110 -0.7581
vn 0.2799 0.8047 -0.5236
vn 0.3482 -0.6742 -0.6514
vn 0.3482 0.6742 -0.6514
vn 0.2799 -0.8047 -0.5236
vn 0.4052 0.5110 -0.7581
vn 0.2042 -0.9013 -0.3820
vn 0.4467 0.3197 -0.8356
vn 0.1241 -0.9648 -0.2320
vn 0.4686 0.1089 -0.8767
vn 0.0417 0.9961 -0.0778
vn 0.0416 -0.9961 -0.0778
vn 0.4686 -0.1089 -0.8767
vn 0.1240 0.9648 -0.2321
vn 0.4467 -0.3197 -0.8356
vn 0.2042 0.9013 -0.3820
vn 0.1669 -0.9648 -0.2034
vn 0.6306 0.1089 -0.7684
vn 0.0559 0.9961 -0.0682
vn 0.0559 -0.9961 -0.0682
vn 0.6306 -0.1089 -0.7684
vn 0.1669 0.9648 -0.2034
vn 0.6011 -0.3197 -0.7324
vn 0.2748 0.9013 -0.3348
vn 0.5453 -0.5110 -0.6644
vn 0.3766 0.8047 -0.4590
vn 0.4685 -0.6742 -0.5709
vn 0.4686 0.6742 -0.5709
vn 0.3767 -0.8047 -0.4589
vn 0.5453 0.5110 -0.6645
vn 0.2748 -0.9013 -0.3348
vn 0.6011 0.3197 -0.7324
vn 0.4590 0.8047 -0.3766
vn 0.5709 -0.6742 -0.4686
vn 0.5709 0.6742 -0.4685
vn 0.4589 -0.8047 -0.3767
vn 0.6645 0.5110 -0.5453
vn 0.3348 -0.9013 -0.2748
vn 0.7324 0.3197 -0.6011
vn 0.2034 -0.9648 -0.1669
vn 0.7684 0.1089 -0.6306
vn 0.0682 0.9961 -0.0560
vn 0.0682 -0.9961 -0.0559
vn 0.7684 -0.1089 -0.6306
vn 0.2034 0.9648 -0.1669
vn 0.7325 -0.3197 -0.6011
vn 0.3348 0.9013 -0.2748
vn 0.6645 -0.5110 -0.5453
vn 0.8767 0.1089 -0.4686
vn 0.0778 0.9961 -0.0416
vn 0.0778 -0.9961 -0.0416
vn 0.8767 -0.1089 -0.4686
vn 0.2320 0.9648 -0.1240
vn 0.8356 -0.3197 -0.4467
vn 0.3820 0.9013 -0.2042
vn 0.7581 -0.5110 -0.4052
vn 0.5236 0.8047 -0.2799
vn 0.6514 -0.6742 -0.3481
vn 0.6514 0.6742 -0.3482
vn 0.5236 -0.8047 -0.2799
vn 0.7581 0.5110 -0.4052
vn 0.3820 -0.9013 -0.2042
vn 0.8356 0.3197 -0.4467
vn 0.2320 -0.9648 -0.1241
vn 0.7068 -0.6742 -0.2144
vn 0.7068 0.6742 -0.2144
vn 0.5682 -0.8047 -0.1723
vn 0.8226 0.5110 -0.2495
vn 0.4145 -0.9013 -0.1257
vn 0.9067 0.3197 -0.2750
vn 0.2518 -0.9648 -0.0764
vn 0.9513 0.1089 -0.2885
vn 0.0844 0.9961 -0.0256
vn 0.0844 -0.9961 -0.0256
vn 0.9513 -0.1089 -0.2886
vn 0.2518 0.9648 -0.0764
vn 0.9067 -0.3197 -0.2750
vn 0.4145 0.9013 -0.1257
vn 0.8225 -0.5110 -0.2495
vn 0.5682 0.8047 -0.1723
vn 0.0878 -0.9961 -0.0087
vn 0.9893 -0.1089 -0.0974
vn 0.2619 0.9648 -0.0258
vn 0.9430 -0.3197 -0.0929
vn 0.4310 0.9013 -0.0425
vn 0.8554 -0.5110 -0.0843
vn 0.5909 0.8047 -0.0582
vn 0.7350 -0.6742 -0.0724
vn 0.7350 0.6742 -0.0724
vn 0.5909 -0.8047 -0.0582
vn 0.8554 0.5110 -0.0843
vn 0.4311 -0.9013 -0.0424
vn 0.9430 0.3197 -0.0929
vn 0.2619 -0.9648 -0.0258
vn 0.9893 0.1089 -0.0974
vn 0.0878 0.9961 -0.0087
vn 0.5909 -0.8047 0.0582
vn 0.8554 0.5110 0.0843
vn 0.4310 -0.9013 0.0424
vn 0.9430 0.3197 0.0929
vn 0.2618 -0.9648 0.0259
vn 0.9893 0.1089 0.0974
vn 0.0878 0.9961 0.0086
vn 0.0878 -0.9961 0.0087
vn 0.9893 -0.1089 0.0974
vn 0.2619 0.9648 0.0258
vn 0.9430 -0.3197 0.0929
vn 0.4311 0.9013 0.0425
vn 0.8554 -0.5110 0.0842
vn 0.5909 0.8047 0.0582
vn 0.7350 -0.6742 0.0724
vn 0.7350 0.6742 0.0724
vn 0.2518 0.9648 0.0764
vn 0.9067 -0.3197 0.2750
vn 0.4145 0.9013 0.1257
vn 0.8226 -0.5110 0.2495
vn 0.5682 0.8047 0.1723
vn 0.7068 -0.6742 0.2144
vn 0.7068 0.6742 0.2144
vn 0.5682 -0.8047 0.1724
vn 0.8226 0.5110 0.2495
vn 0.4145 -0.9013 0.1257
vn 0.9067 0.3197 0.2751
vn 0.2518 -0.9648 0.0764
vn 0.9512 0.1089 0.2886
vn 0.0844 0.9961 0.0256
vn 0.0844 -0.9961 0.0256
vn 0.9513 -0.1089 0.2886
vn 0.7581 0.5110 0.4052
vn 0.3820 -0.9013 0.2042
vn 0.8356 0.3197 0.4467
vn 0.2321 -0.9648 0.1240
vn 0.8767 0.1089 0.4686
vn 0.0778 0.9961 0.0416
vn 0.0778 -0.9961 0.0415
vn 0.8767 -0.1089 0.4686
vn 0.2320 0.9648 0.1240
vn 0.8356 -0.3197 0.4467
vn 0.3820 0.9013 0.2042
vn 0.7581 -0.5110 0.4052
vn 0.5236 0.8047 0.2799
vn 0.6514 -0.6742 0.3482
vn 0.6513 0.6742 0.3482
vn 0.5236 -0.8047 0.2799
vn 0.7324 -0.3197 0.6011
vn 0.3348 0.9013 0.2748
vn 0.6645 -0.5110 0.5453
vn 0.4590 0.8047 0.3767
vn 0.5709 -0.6742 0.4685
vn 0.5709 0.6742 0.4685
vn 0.4590 -0.8047 0.3766
vn 0.6645 0.5110 0.5453
vn 0.3348 -0.9013 0.2748
vn 0.7324 0.3197 0.6011
vn 0.2034 -0.9648 0.1669
vn 0.7684 0.1089 0.6306
vn 0.0682 0.9961 0.0559
vn 0.0682 -0.9961 0.0560
vn 0.7684 -0.1089 0.6306
vn 0.2034 0.9648 0.1669
vn 0.2748 -0.9013 0.3348
vn 0.6011 0.3197 0.7324
vn 0.1669 -0.9648 0.2034
vn 0.6306 0.1089 0.7684
vn 0.0559 0.9961 0.0682
vn 0.0560 -0.9961 0.0682
vn 0.6306 -0.1089 0.7684
vn 0.1669 0.9648 0.2034
vn 0.6011 -0.3197 0.7324
vn 0.2748 0.9013 0.3348
vn 0.5453 -0.5110 0.6645
vn 0.3767 0.8047 0.4589
vn 0.4685 -0.6742 0.5709
vn 0.4685 0.6742 0.5709
vn 0.3766 -0.8047 0.4590
vn 0.5453 0.5110 0.6644
vn 0.2042 0.9013 0.3820
vn 0.4052 -0.5110 0.7581
vn 0.2799 0.8047 0.5236
vn 0.3482 -0.6742 0.6514
vn 0.3482 0.6742 0.6513
vn 0.2799 -0.8047 0.5236
vn 0.4052 0.5110 0.7581
vn 0.2042 -0.9013 0.3820
vn 0.4467 0.3197 0.8356
vn 0.1240 -0.9648 0.2320
vn 0.4686 0.1089 0.8767
vn 0.0416 0.9961 0.0778
vn 0.0416 -0.9961 0.0778
vn 0.4686 -0.1089 0.8767
vn 0.1240 0.9648 0.2321
vn 0.4467 -0.3197 0.8356
vn 0.2751 0.3197 0.9067
vn 0.0764 -0.9648 0.2518
vn 0.2886 0.1089 0.9512
vn 0.0256 0.9961 0.0844
vn 0.0256 -0.9961 0.0844
vn 0.2885 -0.1089 0.9513
vn 0.0764 0.9648 0.2518
vn 0.2750 -0.3197 0.9067
vn 0.1257 0.9013 0.4145
vn 0.2495 -0.5110 0.8225
vn 0.1724 0.8047 0.5682
vn 0.2144 -0.6742 0.7068
vn 0.2144 0.6742 0.7068
vn 0.1724 -0.8047 0.5682
vn 0.2495 0.5110 0.8225
vn 0.1257 -0.9013 0.4145
vn 0.0842 -0.5110 0.8554
vn 0.0582 0.8047 0.5909
vn 0.0724 -0.6742 0.7350
vn 0.0724 0.6742 0.7350
vn 0.0582 -0.8047 0.5909
vn 0.0843 0.5110 0.8554
vn 0.0425 -0.9013 0.4310
vn 0.0929 0.3197 0.9430
vn 0.0258 -0.9648 0.2618
vn 0.0974 0.1089 0.9893
vn 0.0087 0.9961 0.0878
vn 0.0087 -0.9961 0.0878
vn 0.0975 -0.1089 0.9893
vn 0.0258 0.9648 0.2619
vn 0.0929 -0.3197 0.9430
vn 0.0425 0.9013 0.4310
vn -0.0258 -0.9648 0.2618
vn -0.0974 0.1089 0.9893
vn -0.0086 0.9961 0.0878
vn -0.0086 -0.9961 0.0878
vn -0.0974 -0.1089 0.9893
vn -0.0258 0.9648 0.2619
vn -0.0929 -0.3197 0.9430
vn -0.0425 0.9013 0.4310
vn -0.0843 -0.5110 0.8554
vn -0.0582 0.8047 0.5909
vn -0.0724 -0.6742 0.7350
vn -0.0724 0.6742 0.7350
vn -0.0582 -0.8047 0.5909
vn -0.0843 0.5110 0.8554
vn -0.0425 -0.9013 0.4311
vn -0.0929 0.3197 0.9430
vn -0.2144 -0.6742 0.7068
vn -0.2144 0.6742 0.7068
vn -0.1723 -0.8047 0.5682
vn -0.2495 0.5110 0.8226
vn -0.1257 -0.9013 0.4145
vn -0.2751 0.3197 0.9067
vn -0.0763 -0.9648 0.2518
vn -0.2885 0.1089 0.9513
vn -0.0257 0.9961 0.0844
vn -0.0255 -0.9961 0.0844
vn -0.2886 -0.1089 0.9512
vn -0.0763 0.9648 0.2518
vn -0.2750 -0.3197 0.9067
vn -0.1257 0.9013 0.4145
vn -0.2495 -0.5110 0.8225
vn -0.1723 0.8047 0.5681
vn -0.0416 0.9961 0.0778
vn -0.0417 -0.9961 0.0778
vn -0.4686 -0.1089 0.8767
vn -0.1240 0.9648 0.2321
vn -0.4467 -0.3197 0.8356
vn -0.2042 0.9013 0.3820
vn -0.4052 -0.5110 0.7581
vn -0.2799 0.8047 0.5236
vn -0.3481 -0.6742 0.6514
vn -0.3481 0.6742 0.6514
vn -0.2799 -0.8047 0.5236
vn -0.4052 0.5110 0.7581
vn -0.2042 -0.9013 0.3820
vn -0.4466 0.3197 0.8356
vn -0.1241 -0.9648 0.2320
vn -0.4686 0.1089 0.8767
vn -0.4685 0.6742 0.5709
vn -0.3766 -0.8047 0.4589
vn -0.5453 0.5110 0.6644
vn -0.2747 -0.9013 0.3348
vn -0.6011 0.3197 0.7324
vn -0.1669 -0.9648 0.2034
vn -0.6306 0.1089 0.7684
vn -0.0559 0.9961 0.0682
vn -0.0560 -0.9961 0.0682
vn -0.6306 -0.1089 0.7684
vn -0.1669 0.9648 0.2034
vn -0.6011 -0.3197 0.7325
vn -0.2748 0.9013 0.3348
vn -0.5453 -0.5110 0.6644
vn -0.3766 0.8047 0.4590
vn -0.4685 -0.6742 0.5709
vn -0.7684 -0.1089 0.6306
vn -0.2034 0.9648 0.1669
vn -0.7324 -0.3197 0.6011
vn -0.3348 0.9013 0.2748
vn -0.6644 -0.5110 0.5453
vn -0.4589 0.8047 0.3766
vn -0.5709 -0.6742 0.4685
vn -0.5709 0.6742 0.4685
vn -0.4589 -0.8047 0.3766
vn -0.6644 0.5110 0.5453
vn -0.3348 -0.9013 0.2748
vn -0.7324 0.3197 0.6011
vn -0.2034 -0.9648 0.1669
vn -0.7684 0.1089 0.6306
vn -0.0681 0.9961 0.0560
vn -0.0682 -0.9961 0.0560
vn -0.5236 -0.8047 0.2799
vn -0.7581 0.5110 0.4052
vn -0.3820 -0.9013 0.2042
vn -0.8356 0.3197 0.4467
vn -0.2321 -0.9648 0.1240
vn -0.8767 0.1089 0.4686
vn -0.0778 0.9961 0.0415
vn -0.0778 -0.9961 0.0415
vn -0.8767 -0.1089 0.4686
vn -0.2320 0.9648 0.1241
vn -0.8356 -0.3197 0.4467
vn -0.3820 0.9013 0.2042
vn -0.7581 -0.5110 0.4052
vn -0.5236 0.8047 0.2799
vn -0.6514 -0.6742 0.3481
vn -0.6514 0.6742 0.3482
vn -0.2518 0.9648 0.0764
vn -0.9067 -0.3197 0.2751
vn -0.4145 0.9013 0.1257
vn -0.8225 -0.5110 0.2495
vn -0.5682 0.8047 0.1723
vn -0.7068 -0.6742 0.2144
vn -0.7068 0.6742 0.2144
vn -0.5682 -0.8047 0.1723
vn -0.8225 0.5110 0.2495
vn -0.4145 -0.9013 0.1258
vn -0.9067 0.3197 0.2750
vn -0.2518 -0.9648 0.0764
vn -0.9513 0.1089 0.2886
vn -0.0844 0.9961 0.0256
vn -0.0844 -0.9961 0.0256
vn -0.9513 -0.1089 0.2886
vn -0.8554 0.5110 0.0843
vn -0.4310 -0.9013 0.0424
vn -0.9430 0.3197 0.0929
vn -0.2618 -0.9648 0.0258
vn -0.9893 0.1089 0.0974
vn -0.0878 0.9961 0.0087
vn -0.0878 -0.9961 0.0087
vn -0.9893 -0.1089 0.0974
vn -0.2618 0.9648 0.0258
vn -0.9430 -0.3197 0.0929
vn -0.4310 0.9013 0.0425
vn -0.8554 -0.5110 0.0843
vn -0.5909 0.8047 0.0582
vn -0.7350 -0.6742 0.0724
vn -0.7350 0.6742 0.0724
vn -0.5909 -0.8047 0.0582
vn -0.9430 -0.3197 -0.0929
vn -0.4311 0.9013 -0.0425
vn -0.8554 -0.5110 -0.0843
vn -0.5909 0.8047 -0.0582
vn -0.7350 -0.6742 -0.0724
vn -0.7350 0.6742 -0.0724
vn -0.5909 -0.8047 -0.0582
vn -0.8554 0.5110 -0.0843
vn -0.4311 -0.9013 -0.0424
vn -0.9430 0.3197 -0.0929
vn -0.2619 -0.9648 -0.0258
vn -0.9893 0.1089 -0.0974
vn -0.0878 0.9961 -0.0087
vn -0.0878 -0.9961 -0.0086
vn -0.9893 -0.1089 -0.0974
vn -0.2618 0.9648 -0.0258
vn -0.4145 -0.9013 -0.1258
vn -0.9067 0.3197 -0.2751
vn -0.2518 -0.9648 -0.0764
vn -0.9513 0.1089 -0.2886
vn -0.0844 0.9961 -0.0255
vn -0.0844 -0.9961 -0.0256
vn -0.9513 -0.1089 -0.2886
vn -0.2518 0.9648 -0.0764
vn -0.9067 -0.3197 -0.2751
vn -0.4145 0.9013 -0.1258
vn -0.8226 -0.5110 -0.2495
vn -0.5681 0.8047 -0.1723
vn -0.7068 -0.6742 -0.2144
vn -0.7068 0.6742 -0.2144
vn -0.5682 -0.8047 -0.1724
vn -0.8226 0.5110 -0.2495
vn -0.7581 -0.5110 -0.4052
vn -0.5236 0.8047 -0.2799
vn -0.6514 -0.6742 -0.3481
vn -0.6513 0.6742 -0.3482
vn -0.5236 -0.8047 -0.2799
vn -0.7581 0.5110 -0.4052
vn -0.3820 -0.9013 -0.2042
vn -0.8356 0.3197 -0.4467
vn -0.2320 -0.9648 -0.1241
vn -0.8767 0.1089 -0.4686
vn -0.0777 0.9961 -0.0416
vn -0.0778 -0.9961 -0.0416
vn -0.8767 -0.1089 -0.4686
vn -0.2321 0.9648 -0.1240
vn -0.8356 -0.3197 -0.4467
vn -0.3820 0.9013 -0.2042
vn -0.2034 -0.9648 -0.1669
vn -0.7684 0.1089 -0.6306
vn -0.0682 0.9961 -0.0560
vn -0.0682 -0.9961 -0.0560
vn -0.7684 -0.1089 -0.6306
vn -0.2034 0.9648 -0.1669
vn -0.7324 -0.3197 -0.6011
vn -0.3348 0.9013 -0.2748
vn -0.6644 -0.5110 -0.5453
vn -0.4590 0.8047 -0.3767
vn -0.5709 -0.6742 -0.4685
vn -0.5709 0.6742 -0.4685
vn -0.4590 -0.8047 -0.3766
vn -0.6645 0.5110 -0.5453
vn -0.3348 -0.9013 -0.2748
vn -0.7324 0.3197 -0.6011
vn -0.3767 0.8047 -0.4589
vn -0.4686 -0.6742 -0.5709
vn -0.4685 0.6742 -0.5709
vn -0.3767 -0.8047 -0.4589
vn -0.5453 0.5110 -0.6645
vn -0.2748 -0.9013 -0.3348
vn -0.6011 0.3197 -0.7324
vn -0.1670 -0.9648 -0.2033
vn -0.6306 0.1089 -0.7684
vn -0.0560 0.9961 -0.0682
vn -0.0560 -0.9961 -0.0681
vn -0.6306 -0.1089 -0.7684
vn -0.1669 0.9648 -0.2034
vn -0.6011 -0.3197 -0.7324
vn -0.2748 0.9013 -0.3348
vn -0.5453 -0.5110 -0.6644
vn -0.4686 0.1089 -0.8767
vn -0.0415 0.9961 -0.0778
vn -0.0416 -0.9961 -0.0778
vn -0.4686 -0.1089 -0.8767
vn -0.1240 0.9648 -0.2320
vn -0.4467 -0.3197 -0.8356
vn -0.2042 0.9013 -0.3820
vn -0.4052 -0.5110 -0.7581
vn -0.2799 0.8047 -0.5236
vn -0.3482 -0.6742 -0.6514
vn -0.3482 0.6742 -0.6514
vn -0.2799 -0.8047 -0.5236
vn -0.4052 0.5110 -0.7581
vn -0.2042 -0.9013 -0.3820
vn -0.4467 0.3197 -0.8356
vn -0.1240 -0.9648 -0.2321
vn -0.2144 -0.6742 -0.7068
vn -0.2144 0.6742 -0.7068
vn -0.1723 -0.8047 -0.5682
vn -0.2495 0.5110 -0.8226
vn -0.1257 -0.9013 -0.4145
vn -0.2751 0.3197 -0.9067
vn -0.0764 -0.9648 -0.2518
vn -0.2886 0.1089 -0.9512
vn -0.0256 0.9961 -0.0844
vn -0.0256 -0.9961 -0.0844
vn -0.2886 -0.1089 -0.9512
vn -0.0764 0.9648 -0.2518
vn -0.2750 -0.3197 -0.9067
vn -0.1257 0.9013 -0.4145
vn -0.2495 -0.5110 -0.8225
vn -0.1723 0.8047 -0.5682
vn -0.0087 0.9961 -0.0878
vn -0.0087 -0.9961 -0.0878
vn -0.0974 -0.1089 -0.9893
vn -0.0258 0.9648 -0.2619
vn -0.0929 -0.3197 -0.9430
vn -0.0425 0.9013 -0.4311
vn -0.0843 -0.5110 -0.8554
vn -0.0582 0.8047 -0.5909
vn -0.0724 -0.6742 -0.7350
vn -0.0724 0.6742 -0.7350
vn -0.0582 -0.8047 -0.5909
vn -0.0842 0.5110 -0.8554
vn -0.0425 -0.9013 -0.4310
vn -0.0929 0.3197 -0.9430
vn -0.0258 -0.9648 -0.2618
vn -0.0974 0.1089 -0.9893
vn -1.0000 -0.0000 -0.0000
vn -0.0000 -0.0000 -1.0000
vn 1.0000 -0.0000 -0.0000
vn -0.0000 -0.0000 1.0000
vn 0.0894 0.9960 -0.0000
vn 0.2665 0.9638 -0.0000
vn 0.4381 0.8989 -0.0000
vn 0.5991 0.8007 -0.0000
vn 0.7432 0.6690 -0.0000
vn 0.8627 0.5058 -0.0000
vn 0.9489 0.3157 -0.0000
vn 0.9942 0.1074 -0.0000
vn 0.9942 -0.1074 -0.0000
vn 0.9489 -0.3157 -0.0000
vn 0.8627 -0.5058 -0.0000
vn 0.7432 -0.6690 -0.0000
vn 0.5991 -0.8007 -0.0000
vn 0.4381 -0.8989 -0.0000
vn 0.2665 -0.9638 -0.0000
vn 0.0894 -0.9960 -0.0000
vn -0.0894 -0.9960 -0.0000
vn -0.2665 -0.9638 -0.0000
vn -0.4381 -0.8989 -0.0000
vn -0.5991 -0.8007 -0.0000
vn -0.7432 -0.6690 -0.0000
vn -0.8627 -0.5058 -0.0000
vn -0.9489 -0.3157 -0.0000
vn -0.9942 -0.1074 -0.0000
vn -0.9942 0.1074 -0.0000
vn -0.9489 0.3157 -0.0000
vn -0.8627 0.5058 -0.0000
vn -0.7432 0.6690 -0.0000
vn -0.5991 0.8007 -0.0000
vn -0.4381 0.8989 -0.0000
vn -0.2665 0.9638 -0.0000
vn -0.0894 0.9960 -0.0000
vn 0.2715 -0.9059 -0.3250
vn -0.7438 0.0168 -0.6681
vn -0.7438 0.0169 -0.6681
vn -0.7438 0.0169 -0.6682
vn 0.7438 -0.0169 0.6682
vn -0.7504 -0.6272 -0.2087
vn -0.4670 -0.7144 -0.5211
vn -0.1719 -0.5094 -0.8432
vn -0.1419 0.4903 -0.8599
vn -0.2716 0.6503 -0.7094
vn -0.6548 0.7039 -0.2750
vn -0.9134 0.4071 0.0040
vn -0.9887 0.1286 0.0773
vn -0.9882 -0.1378 0.0671
vn 0.7480 0.3330 0.5741
vn -0.7480 -0.3330 -0.5742
vn 0.6632 -0.3389 -0.6674
vn 0.6631 -0.3388 -0.6674
vn 0.6631 -0.3389 -0.6674
vn 0.7144 0.0204 0.6995
vn -0.6631 0.3388 0.6674
vn -0.6631 0.3389 0.6674
vn -0.6632 0.3389 0.6674
vn 0.9988 -0.0466 -0.0156
vn 0.8835 0.3398 -0.3223
vn 0.7127 0.4453 -0.5421
vn 0.3556 0.3708 -0.8579
vn 0.1412 0.1749 -0.9744
vn -0.0823 -0.5284 -0.8450
vn -0.0279 -0.7235 -0.6898
vn 0.4265 -0.8927 -0.1454
vn 0.9132 -0.3994 0.0808
vn 0.0842 -0.5110 -0.8554
vn 0.2751 0.3197 -0.9067
vn 0.0764 -0.9648 -0.2518
vn 0.2885 0.1089 -0.9513
vn 0.2751 -0.3197 -0.9067
vn 0.1723 0.8047 -0.5682
vn 0.1723 -0.8047 -0.5682
vn 0.1257 -0.9013 -0.4145
vn 0.4466 0.3197 -0.8356
vn 0.1240 -0.9648 -0.2320
vn 0.1241 0.9648 -0.2320
vn 0.5453 -0.5110 -0.6645
vn 0.4685 0.6742 -0.5709
vn 0.3767 -0.8047 -0.4590
vn 0.5453 0.5110 -0.6644
vn 0.4589 0.8047 -0.3767
vn 0.5709 -0.6742 -0.4685
vn 0.2033 0.9648 -0.1670
vn 0.7324 -0.3197 -0.6011
vn 0.6644 -0.5110 -0.5453
vn 0.2321 0.9648 -0.1240
vn 0.6514 -0.6742 -0.3482
vn 0.5682 -0.8047 -0.1724
vn 0.8225 0.5110 -0.2495
vn 0.9513 0.1089 -0.2886
vn 0.9513 -0.1089 -0.2885
vn 0.4310 0.9013 -0.0424
vn 0.8554 -0.5110 -0.0842
vn 0.4310 -0.9013 -0.0425
vn 0.2619 -0.9648 0.0258
vn 0.2618 0.9648 0.0258
vn 0.4311 0.9013 0.0424
vn 0.5908 0.8047 0.0582
vn 0.9067 -0.3197 0.2751
vn 0.4145 0.9013 0.1258
vn 0.5681 0.8047 0.1723
vn 0.5681 -0.8047 0.1724
vn 0.4145 -0.9013 0.1258
vn 0.9067 0.3197 0.2750
vn 0.9512 -0.1089 0.2886
vn 0.2320 -0.9648 0.1240
vn 0.2320 0.9648 0.1241
vn 0.6514 0.6742 0.3482
vn 0.4589 0.8047 0.3767
vn 0.3767 0.8047 0.4590
vn 0.4686 0.6742 0.5709
vn 0.3767 -0.8047 0.4590
vn 0.5453 0.5110 0.6645
vn 0.3482 0.6742 0.6514
vn 0.1241 -0.9648 0.2320
vn 0.0763 -0.9648 0.2518
vn 0.2886 -0.1089 0.9512
vn 0.2495 -0.5110 0.8226
vn 0.1724 0.8047 0.5681
vn 0.1724 -0.8047 0.5681
vn 0.2495 0.5110 0.8226
vn 0.0843 -0.5110 0.8554
vn 0.0425 -0.9013 0.4311
vn 0.0974 -0.1089 0.9893
vn -0.0258 -0.9648 0.2619
vn -0.0842 -0.5110 0.8554
vn -0.2886 0.1089 0.9512
vn -0.2885 -0.1089 0.9513
vn -0.0764 0.9648 0.2518
vn -0.2751 -0.3197 0.9067
vn -0.2495 -0.5110 0.8226
vn -0.1240 0.9648 0.2320
vn -0.2798 0.8047 0.5236
vn -0.3482 -0.6742 0.6514
vn -0.3482 0.6742 0.6514
vn -0.5453 0.5110 0.6645
vn -0.2748 -0.9013 0.3348
vn -0.1670 0.9648 0.2034
vn -0.6011 -0.3197 0.7324
vn -0.5453 -0.5110 0.6645
vn -0.3767 0.8047 0.4589
vn -0.4686 -0.6742 0.5709
vn -0.2034 0.9647 0.1670
vn -0.6645 -0.5110 0.5453
vn -0.5709 -0.6742 0.4686
vn -0.6645 0.5110 0.5453
vn -0.2321 0.9648 0.1240
vn -0.6514 -0.6742 0.3482
vn -0.6514 0.6742 0.3481
vn -0.5682 -0.8047 0.1724
vn -0.4145 -0.9013 0.1257
vn -0.8554 0.5110 0.0842
vn -0.4311 -0.9013 0.0425
vn -0.4311 0.9013 0.0425
vn -0.4310 0.9013 -0.0425
vn -0.8554 0.5111 -0.0842
vn -0.9067 0.3197 -0.2750
vn -0.9512 0.1089 -0.2886
vn -0.9512 -0.1089 -0.2886
vn -0.2518 0.9648 -0.0763
vn -0.4145 0.9013 -0.1257
vn -0.8225 -0.5110 -0.2495
vn -0.5682 0.8047 -0.1724
vn -0.8225 0.5110 -0.2495
vn -0.6514 -0.6742 -0.3482
vn -0.6514 0.6742 -0.3482
vn -0.2320 -0.9648 -0.1240
vn -0.5709 -0.6742 -0.4686
vn -0.4589 -0.8047 -0.3767
vn -0.3767 0.8047 -0.4590
vn -0.1669 -0.9648 -0.2034
vn -0.1670 0.9647 -0.2034
vn -0.1240 0.9648 -0.2321
vn -0.1724 -0.8047 -0.5681
vn -0.2495 0.5110 -0.8225
vn -0.2751 -0.3197 -0.9067
vn -0.1258 0.9013 -0.4145
vn -0.2495 -0.5110 -0.8226
vn -0.1724 0.8047 -0.5681
vn -0.0258 0.9648 -0.2618
vn -0.0424 0.9013 -0.4311
vn -0.0842 -0.5110 -0.8554
vn -0.0843 0.5111 -0.8554
vn -0.0425 -0.9013 -0.4311
vn -0.0258 -0.9648 -0.2619
vn 0.4381 -0.8990 -0.0000
vt 0.250000 0.490000
vt 0.250000 0.250000
vt 0.457846 0.130000
vt 0.750000 0.490000
vt 0.957846 0.130000
vt 0.542154 0.130000
vt 0.042154 0.130000
vt 1.000000 0.500000
vt 0.968750 1.000000
vt 0.968750 0.500000
vt 0.937500 0.500000
vt 0.937500 1.000000
vt 0.906250 0.500000
vt 0.875000 1.000000
vt 0.875000 0.500000
vt 0.843750 0.500000
vt 0.843750 1.000000
vt 0.812500 0.500000
vt 0.812500 1.000000
vt 0.781250 0.500000
vt 0.781250 1.000000
vt 0.750000 0.500000
vt 0.750000 1.000000
vt 0.718750 0.500000
vt 0.718750 1.000000
vt 0.687500 0.500000
vt 0.656250 1.000000
vt 0.656250 0.500000
vt 0.625000 0.500000
vt 0.625000 1.000000
vt 0.593750 0.500000
vt 0.593750 1.000000
vt 0.562500 0.500000
vt 0.562500 1.000000
vt 0.531250 0.500000
vt 0.531250 1.000000
vt 0.500000 0.500000
vt 0.500000 1.000000
vt 0.468750 0.500000
vt 0.437500 1.000000
vt 0.437500 0.500000
vt 0.406250 0.500000
vt 0.375000 1.000000
vt 0.375000 0.500000
vt 0.343750 1.000000
vt 0.343750 0.500000
vt 0.312500 0.500000
vt 0.281250 1.000000
vt 0.281250 0.500000
vt 0.250000 0.500000
vt 0.218750 1.000000
vt 0.218750 0.500000
vt 0.187500 0.500000
vt 0.187500 1.000000
vt 0.156250 0.500000
vt 0.156250 1.000000
vt 0.125000 0.500000
vt 0.093750 1.000000
vt 0.093750 0.500000
vt 0.062500 1.000000
vt 0.062500 0.500000
vt 0.158156 0.028269
vt 0.471731 0.158156
vt 0.341844 0.471731
vt 0.031250 0.500000
vt 0.000000 1.000000
vt 0.000000 0.500000
vt 0.796822 0.014612
vt 0.514612 0.203178
vt 0.703178 0.485388
vt 0.687500 1.000000
vt 0.312500 1.000000
vt 0.250000 1.000000
vt 0.031250 1.000000
vt 0.906250 1.000000
vt 0.468750 1.000000
vt 0.406250 1.000000
vt 0.125000 1.000000
vt 0.750000 0.750000
vt 0.718750 0.687500
vt 0.750000 0.687500
vt 0.750000 0.187500
vt 0.718750 0.250000
vt 0.718750 0.187500
vt 0.718750 0.625000
vt 0.750000 0.625000
vt 0.750000 0.125000
vt 0.718750 0.125000
vt 0.718750 0.562500
vt 0.750000 0.562500
vt 0.750000 0.062500
vt 0.718750 0.062500
vt 0.750000 0.937500
vt 0.734375 1.000000
vt 0.718750 0.937500
vt 0.734375 0.000000
vt 0.750000 0.437500
vt 0.718750 0.437500
vt 0.718750 0.875000
vt 0.750000 0.875000
vt 0.750000 0.375000
vt 0.718750 0.375000
vt 0.718750 0.812500
vt 0.750000 0.812500
vt 0.750000 0.312500
vt 0.718750 0.312500
vt 0.718750 0.750000
vt 0.750000 0.250000
vt 0.687500 0.375000
vt 0.687500 0.312500
vt 0.687500 0.750000
vt 0.687500 0.250000
vt 0.687500 0.687500
vt 0.687500 0.187500
vt 0.687500 0.625000
vt 0.687500 0.125000
vt 0.687500 0.562500
vt 0.687500 0.062500
vt 0.703125 1.000000
vt 0.687500 0.937500
vt 0.703125 0.000000
vt 0.687500 0.437500
vt 0.687500 0.875000
vt 0.687500 0.812500
vt 0.656250 0.125000
vt 0.656250 0.062500
vt 0.671875 1.000000
vt 0.656250 0.937500
vt 0.671875 0.000000
vt 0.656250 0.437500
vt 0.656250 0.875000
vt 0.656250 0.375000
vt 0.656250 0.812500
vt 0.656250 0.312500
vt 0.656250 0.750000
vt 0.656250 0.250000
vt 0.656250 0.687500
vt 0.656250 0.187500
vt 0.656250 0.625000
vt 0.656250 0.562500
vt 0.625000 0.312500
vt 0.625000 0.250000
vt 0.625000 0.687500
vt 0.625000 0.187500
vt 0.625000 0.625000
vt 0.625000 0.125000
vt 0.625000 0.562500
vt 0.625000 0.062500
vt 0.640625 1.000000
vt 0.625000 0.937500
vt 0.640625 0.000000
vt 0.625000 0.437500
vt 0.625000 0.875000
vt 0.625000 0.375000
vt 0.625000 0.812500
vt 0.625000 0.750000
vt 0.609375 1.000000
vt 0.593750 0.937500
vt 0.609375 0.000000
vt 0.593750 0.062500
vt 0.593750 0.437500
vt 0.593750 0.875000
vt 0.593750 0.375000
vt 0.593750 0.812500
vt 0.593750 0.312500
vt 0.593750 0.750000
vt 0.593750 0.250000
vt 0.593750 0.687500
vt 0.593750 0.187500
vt 0.593750 0.625000
vt 0.593750 0.125000
vt 0.593750 0.562500
vt 0.562500 0.687500
vt 0.562500 0.250000
vt 0.562500 0.187500
vt 0.562500 0.625000
vt 0.562500 0.125000
vt 0.562500 0.562500
vt 0.562500 0.062500
vt 0.578125 1.000000
vt 0.562500 0.937500
vt 0.578125 0.000000
vt 0.562500 0.437500
vt 0.562500 0.875000
vt 0.562500 0.375000
vt 0.562500 0.812500
vt 0.562500 0.312500
vt 0.562500 0.750000
vt 0.531250 0.437500
vt 0.531250 0.875000
vt 0.531250 0.375000
vt 0.531250 0.812500
vt 0.531250 0.312500
vt 0.531250 0.750000
vt 0.531250 0.250000
vt 0.531250 0.687500
vt 0.531250 0.187500
vt 0.531250 0.625000
vt 0.531250 0.125000
vt 0.531250 0.562500
vt 0.531250 0.062500
vt 0.546875 1.000000
vt 0.531250 0.937500
vt 0.546875 0.000000
vt 0.500000 0.250000
vt 0.500000 0.187500
vt 0.500000 0.625000
vt 0.500000 0.125000
vt 0.500000 0.562500
vt 0.500000 0.062500
vt 0.500000 0.500000
vt 0.515625 1.000000
vt 0.500000 0.937500
vt 0.515625 0.000000
vt 0.500000 0.437500
vt 0.500000 0.875000
vt 0.500000 0.375000
vt 0.500000 0.812500
vt 0.500000 0.312500
vt 0.500000 0.750000
vt 0.500000 0.687500
vt 0.468750 0.937500
vt 0.468750 0.875000
vt 0.468750 0.375000
vt 0.468750 0.812500
vt 0.468750 0.312500
vt 0.468750 0.750000
vt 0.468750 0.250000
vt 0.468750 0.687500
vt 0.468750 0.187500
vt 0.468750 0.625000
vt 0.468750 0.125000
vt 0.468750 0.562500
vt 0.468750 0.062500
vt 0.468750 0.500000
vt 0.484375 1.000000
vt 0.484375 0.000000
vt 0.468750 0.437500
vt 0.437500 0.687500
vt 0.437500 0.625000
vt 0.437500 0.125000
vt 0.437500 0.562500
vt 0.437500 0.062500
vt 0.437500 0.500000
vt 0.453125 1.000000
vt 0.437500 0.937500
vt 0.453125 0.000000
vt 0.437500 0.437500
vt 0.437500 0.875000
vt 0.437500 0.375000
vt 0.437500 0.812500
vt 0.437500 0.312500
vt 0.437500 0.750000
vt 0.437500 0.250000
vt 0.437500 0.187500
vt 0.406250 0.375000
vt 0.406250 0.875000
vt 0.406250 0.812500
vt 0.406250 0.312500
vt 0.406250 0.750000
vt 0.406250 0.250000
vt 0.406250 0.687500
vt 0.406250 0.187500
vt 0.406250 0.625000
vt 0.406250 0.125000
vt 0.406250 0.562500
vt 0.406250 0.062500
vt 0.406250 0.500000
vt 0.421875 1.000000
vt 0.406250 0.937500
vt 0.421875 0.000000
vt 0.406250 0.437500
vt 0.375000 0.125000
vt 0.375000 0.625000
vt 0.375000 0.562500
vt 0.375000 0.062500
vt 0.375000 0.500000
vt 0.390625 1.000000
vt 0.375000 0.937500
vt 0.390625 0.000000
vt 0.375000 0.437500
vt 0.375000 0.875000
vt 0.375000 0.375000
vt 0.375000 0.812500
vt 0.375000 0.312500
vt 0.375000 0.750000
vt 0.375000 0.250000
vt 0.375000 0.687500
vt 0.375000 0.187500
vt 0.343750 0.312500
vt 0.343750 0.812500
vt 0.343750 0.750000
vt 0.343750 0.250000
vt 0.343750 0.687500
vt 0.343750 0.187500
vt 0.343750 0.625000
vt 0.343750 0.125000
vt 0.343750 0.562500
vt 0.343750 0.062500
vt 0.343750 0.500000
vt 0.359375 1.000000
vt 0.343750 0.937500
vt 0.359375 0.000000
vt 0.343750 0.437500
vt 0.343750 0.875000
vt 0.343750 0.375000
vt 0.312500 0.062500
vt 0.312500 0.562500
vt 0.312500 0.500000
vt 0.328125 1.000000
vt 0.312500 0.937500
vt 0.328125 0.000000
vt 0.312500 0.437500
vt 0.312500 0.875000
vt 0.312500 0.375000
vt 0.312500 0.812500
vt 0.312500 0.312500
vt 0.312500 0.750000
vt 0.312500 0.250000
vt 0.312500 0.687500
vt 0.312500 0.187500
vt 0.312500 0.625000
vt 0.312500 0.125000
vt 0.281250 0.812500
vt 0.281250 0.750000
vt 0.281250 0.250000
vt 0.281250 0.687500
vt 0.281250 0.187500
vt 0.281250 0.625000
vt 0.281250 0.125000
vt 0.281250 0.562500
vt 0.281250 0.062500
vt 0.281250 0.500000
vt 0.296875 1.000000
vt 0.281250 0.937500
vt 0.296875 0.000000
vt 0.281250 0.437500
vt 0.281250 0.875000
vt 0.281250 0.375000
vt 0.281250 0.312500
vt 0.250000 0.562500
vt 0.250000 0.500000
vt 0.265625 1.000000
vt 0.250000 0.937500
vt 0.265625 0.000000
vt 0.250000 0.062500
vt 0.250000 0.437500
vt 0.250000 0.875000
vt 0.250000 0.375000
vt 0.250000 0.812500
vt 0.250000 0.312500
vt 0.250000 0.750000
vt 0.250000 0.687500
vt 0.250000 0.187500
vt 0.250000 0.625000
vt 0.250000 0.125000
vt 0.218750 0.312500
vt 0.218750 0.250000
vt 0.218750 0.687500
vt 0.218750 0.187500
vt 0.218750 0.625000
vt 0.218750 0.125000
vt 0.218750 0.562500
vt 0.218750 0.062500
vt 0.218750 0.500000
vt 0.234375 1.000000
vt 0.218750 0.937500
vt 0.234375 0.000000
vt 0.218750 0.437500
vt 0.218750 0.875000
vt 0.218750 0.375000
vt 0.218750 0.812500
vt 0.218750 0.750000
vt 0.203125 1.000000
vt 0.187500 0.937500
vt 0.203125 0.000000
vt 0.187500 0.062500
vt 0.187500 0.500000
vt 0.187500 0.437500
vt 0.187500 0.875000
vt 0.187500 0.375000
vt 0.187500 0.812500
vt 0.187500 0.312500
vt 0.187500 0.750000
vt 0.187500 0.250000
vt 0.187500 0.687500
vt 0.187500 0.187500
vt 0.187500 0.625000
vt 0.187500 0.125000
vt 0.187500 0.562500
vt 0.156250 0.687500
vt 0.156250 0.250000
vt 0.156250 0.187500
vt 0.156250 0.625000
vt 0.156250 0.125000
vt 0.156250 0.562500
vt 0.156250 0.062500
vt 0.156250 0.500000
vt 0.171875 1.000000
vt 0.156250 0.937500
vt 0.171875 0.000000
vt 0.156250 0.437500
vt 0.156250 0.875000
vt 0.156250 0.375000
vt 0.156250 0.812500
vt 0.156250 0.312500
vt 0.156250 0.750000
vt 0.125000 0.500000
vt 0.125000 0.437500
vt 0.125000 0.875000
vt 0.125000 0.375000
vt 0.125000 0.812500
vt 0.125000 0.312500
vt 0.125000 0.750000
vt 0.125000 0.250000
vt 0.125000 0.687500
vt 0.125000 0.187500
vt 0.125000 0.625000
vt 0.125000 0.125000
vt 0.125000 0.562500
vt 0.125000 0.062500
vt 0.140625 1.000000
vt 0.125000 0.937500
vt 0.140625 0.000000
vt 0.093750 0.250000
vt 0.093750 0.187500
vt 0.093750 0.625000
vt 0.093750 0.125000
vt 0.093750 0.562500
vt 0.093750 0.062500
vt 0.093750 0.500000
vt 0.109375 1.000000
vt 0.093750 0.937500
vt 0.109375 0.000000
vt 0.093750 0.437500
vt 0.093750 0.875000
vt 0.093750 0.375000
vt 0.093750 0.812500
vt 0.093750 0.312500
vt 0.093750 0.750000
vt 0.093750 0.687500
vt 0.062500 0.437500
vt 0.062500 0.375000
vt 0.062500 0.812500
vt 0.062500 0.312500
vt 0.062500 0.750000
vt 0.062500 0.250000
vt 0.062500 0.687500
vt 0.062500 0.187500
vt 0.062500 0.625000
vt 0.062500 0.125000
vt 0.062500 0.562500
vt 0.062500 0.062500
vt 0.062500 0.500000
vt 0.078125 1.000000
vt 0.062500 0.937500
vt 0.078125 0.000000
vt 0.062500 0.875000
vt 0.031250 0.187500
vt 0.031250 0.125000
vt 0.031250 0.562500
vt 0.031250 0.062500
vt 0.031250 0.500000
vt 0.046875 1.000000
vt 0.031250 0.937500
vt 0.046875 0.000000
vt 0.031250 0.437500
vt 0.031250 0.875000
vt 0.031250 0.375000
vt 0.031250 0.812500
vt 0.031250 0.312500
vt 0.031250 0.750000
vt 0.031250 0.250000
vt 0.031250 0.687500
vt 0.031250 0.625000
vt 0.000000 0.812500
vt 0.000000 0.375000
vt 0.000000 0.312500
vt 0.000000 0.750000
vt 0.000000 0.250000
vt 0.000000 0.687500
vt 0.000000 0.187500
vt 0.000000 0.625000
vt 0.000000 0.125000
vt 0.000000 0.562500
vt 0.000000 0.062500
vt 0.015625 1.000000
vt 0.000000 0.937500
vt 0.015625 0.000000
vt 0.000000 0.437500
vt 0.000000 0.875000
vt 1.000000 0.562500
vt 0.968750 0.625000
vt 0.968750 0.562500
vt 1.000000 0.125000
vt 0.968750 0.062500
vt 1.000000 0.062500
vt 0.968750 0.500000
vt 1.000000 0.937500
vt 0.984375 1.000000
vt 0.968750 0.937500
vt 0.984375 0.000000
vt 0.968750 0.437500
vt 1.000000 0.437500
vt 1.000000 0.875000
vt 0.968750 0.875000
vt 0.968750 0.375000
vt 1.000000 0.375000
vt 1.000000 0.812500
vt 0.968750 0.812500
vt 0.968750 0.312500
vt 1.000000 0.312500
vt 1.000000 0.750000
vt 0.968750 0.750000
vt 0.968750 0.250000
vt 1.000000 0.250000
vt 1.000000 0.687500
vt 0.968750 0.687500
vt 0.968750 0.187500
vt 1.000000 0.187500
vt 1.000000 0.625000
vt 0.968750 0.125000
vt 0.937500 0.312500
vt 0.937500 0.812500
vt 0.937500 0.750000
vt 0.937500 0.250000
vt 0.937500 0.687500
vt 0.937500 0.187500
vt 0.937500 0.625000
vt 0.937500 0.125000
vt 0.937500 0.562500
vt 0.937500 0.062500
vt 0.937500 0.500000
vt 0.953125 1.000000
vt 0.937500 0.937500
vt 0.953125 0.000000
vt 0.937500 0.437500
vt 0.937500 0.875000
vt 0.937500 0.375000
vt 0.906250 0.062500
vt 0.906250 0.562500
vt 0.906250 0.500000
vt 0.921875 1.000000
vt 0.906250 0.937500
vt 0.921875 0.000000
vt 0.906250 0.437500
vt 0.906250 0.875000
vt 0.906250 0.375000
vt 0.906250 0.812500
vt 0.906250 0.312500
vt 0.906250 0.750000
vt 0.906250 0.250000
vt 0.906250 0.687500
vt 0.906250 0.187500
vt 0.906250 0.625000
vt 0.906250 0.125000
vt 0.875000 0.812500
vt 0.875000 0.750000
vt 0.875000 0.250000
vt 0.875000 0.687500
vt 0.875000 0.187500
vt 0.875000 0.625000
vt 0.875000 0.125000
vt 0.875000 0.562500
vt 0.875000 0.062500
vt 0.875000 0.500000
vt 0.890625 1.000000
vt 0.875000 0.937500
vt 0.890625 0.000000
vt 0.875000 0.437500
vt 0.875000 0.875000
vt 0.875000 0.375000
vt 0.875000 0.312500
vt 0.843750 0.562500
vt 0.843750 0.500000
vt 0.859375 1.000000
vt 0.843750 0.937500
vt 0.859375 0.000000
vt 0.843750 0.062500
vt 0.843750 0.437500
vt 0.843750 0.875000
vt 0.843750 0.375000
vt 0.843750 0.812500
vt 0.843750 0.312500
vt 0.843750 0.750000
vt 0.843750 0.250000
vt 0.843750 0.687500
vt 0.843750 0.187500
vt 0.843750 0.625000
vt 0.843750 0.125000
vt 0.812500 0.250000
vt 0.812500 0.750000
vt 0.812500 0.687500
vt 0.812500 0.187500
vt 0.812500 0.625000
vt 0.812500 0.125000
vt 0.812500 0.562500
vt 0.812500 0.062500
vt 0.812500 0.500000
vt 0.828125 1.000000
vt 0.812500 0.937500
vt 0.828125 0.000000
vt 0.812500 0.437500
vt 0.812500 0.875000
vt 0.812500 0.375000
vt 0.812500 0.812500
vt 0.812500 0.312500
vt 0.796875 0.000000
vt 0.781250 0.062500
vt 0.781250 0.437500
vt 0.781250 0.937500
vt 0.781250 0.875000
vt 0.781250 0.375000
vt 0.781250 0.812500
vt 0.781250 0.312500
vt 0.781250 0.750000
vt 0.781250 0.250000
vt 0.781250 0.687500
vt 0.781250 0.187500
vt 0.781250 0.625000
vt 0.781250 0.125000
vt 0.781250 0.562500
vt 0.781250 0.500000
vt 0.796875 1.000000
vt 0.765625 1.000000
vt 0.765625 0.000000
vt 0.625000 0.000000
vt 0.375000 0.000000
vt 1.000000 1.000000
vt 0.296822 0.485388
vt 0.203178 0.485388
vt 0.158156 0.471731
vt 0.116663 0.449553
vt 0.080294 0.419706
vt 0.050447 0.383337
vt 0.028269 0.341844
vt 0.014612 0.296822
vt 0.010000 0.250000
vt 0.014612 0.203178
vt 0.028269 0.158156
vt 0.050447 0.116663
vt 0.080294 0.080294
vt 0.116663 0.050447
vt 0.203178 0.014612
vt 0.250000 0.010000
vt 0.296822 0.014612
vt 0.341844 0.028269
vt 0.383337 0.050447
vt 0.419706 0.080294
vt 0.449553 0.116663
vt 0.485388 0.203178
vt 0.490000 0.250000
vt 0.485388 0.296822
vt 0.471731 0.341844
vt 0.449553 0.383337
vt 0.419706 0.419706
vt 0.383337 0.449553
vt 0.796822 0.485388
vt 0.841844 0.471731
vt 0.883337 0.449553
vt 0.919706 0.419706
vt 0.949553 0.383337
vt 0.971731 0.341844
vt 0.985388 0.296822
vt 0.990000 0.250000
vt 0.985388 0.203178
vt 0.971731 0.158156
vt 0.949553 0.116663
vt 0.919706 0.080294
vt 0.883337 0.050447
vt 0.841844 0.028269
vt 0.750000 0.010000
vt 0.703178 0.014612
vt 0.658156 0.028269
vt 0.616663 0.050447
vt 0.580294 0.080294
vt 0.550447 0.116663
vt 0.528269 0.158156
vt 0.510000 0.250000
vt 0.514612 0.296822
vt 0.528269 0.341844
vt 0.550447 0.383337
vt 0.580294 0.419706
vt 0.616663 0.449553
vt 0.658156 0.471731
vt 0.875000 0.750000
vt 0.116663 0.449553
vt 0.080294 0.419706
vt 0.050447 0.383337
vt 0.010000 0.250000
vt 0.050447 0.116663
vt 0.080294 0.080294
vt 0.116663 0.050447
vt 0.250000 0.010000
vt 0.383337 0.050447
vt 0.419706 0.080294
vt 0.449553 0.116663
vt 0.449553 0.383337
vt 0.383337 0.449553
vt 0.883337 0.449553
vt 0.949553 0.383337
vt 0.949553 0.116663
vt 0.919706 0.080294
vt 0.883337 0.050447
vt 0.750000 0.010000
vt 0.616663 0.050447
vt 0.580294 0.080294
vt 0.550447 0.116663
vt 0.550447 0.383337
vt 0.616663 0.449553
s 0
usemtl Material.008
f 1/1/1 4/2/1 2/3/1
f 1/4/2 2/5/2 3/6/2
f 2/3/3 4/2/3 3/7/3
f 3/7/4 4/2/4 1/1/4
f 5/1/5 8/2/5 6/3/5
f 5/4/6 6/5/6 7/6/6
f 6/3/7 8/2/7 7/7/7
f 7/7/8 8/2/8 5/1/8
f 13/1/13 16/2/13 14/3/13
f 13/4/14 14/5/14 15/6/14
f 14/3/15 16/2/15 15/7/15
f 15/7/16 16/2/16 13/1/16
f 17/1/17 20/2/17 18/3/17
f 17/4/18 18/5/18 19/6/18
f 18/3/19 20/2/19 19/7/19
f 19/7/20 20/2/20 17/1/20
f 21/1/21 24/2/21 22/3/21
f 21/4/22 22/5/22 23/6/22
f 22/3/23 24/2/23 23/7/23
f 23/7/24 24/2/24 21/1/24
f 25/1/25 28/2/25 26/3/25
f 25/4/26 26/5/26 27/6/26
f 26/3/27 28/2/27 27/7/27
f 27/7/28 28/2/28 25/1/28
f 33/1/33 36/2/33 34/3/33
f 33/4/34 34/5/34 35/6/34
f 34/3/35 36/2/35 35/7/35
f 35/7/36 36/2/36 33/1/36
f 37/1/37 40/2/37 38/3/37
f 37/4/38 38/5/38 39/6/38
f 38/3/39 40/2/39 39/7/39
f 41/1/41 44/2/41 42/3/41
f 41/4/42 42/5/42 43/6/42
f 42/3/43 44/2/43 43/7/43
f 43/7/44 44/2/44 41/1/44
f 49/1/17 52/2/17 50/3/17
f 49/4/18 50/5/18 51/6/18
f 50/3/19 52/2/19 51/7/19
f 51/7/20 52/2/20 49/1/20
f 53/1/49 56/2/49 54/3/49
f 53/4/50 54/5/50 55/6/50
f 54/3/51 56/2/51 55/7/51
f 55/7/52 56/2/52 53/1/52
f 57/1/53 60/2/53 58/3/53
f 57/4/54 58/5/54 59/6/54
f 58/3/55 60/2/55 59/7/55
f 59/7/56 60/2/56 57/1/56
f 65/1/61 68/2/61 66/3/61
f 65/4/62 66/5/62 67/6/62
f 66/3/63 68/2/63 67/7/63
f 67/7/64 68/2/64 65/1/64
f 77/1/73 80/2/73 78/3/73
f 77/4/74 78/5/74 79/6/74
f 78/3/75 80/2/75 79/7/75
f 79/7/76 80/2/76 77/1/76
f 81/1/77 84/2/77 82/3/77
f 81/4/78 82/5/78 83/6/78
f 82/3/79 84/2/79 83/7/79
f 83/7/80 84/2/80 81/1/80
f 85/1/21 88/2/21 86/3/21
f 85/4/22 86/5/22 87/6/22
f 86/3/23 88/2/23 87/7/23
f 87/7/24 88/2/24 85/1/24
f 89/1/81 92/2/81 90/3/81
f 89/4/82 90/5/82 91/6/82
f 90/3/83 92/2/83 91/7/83
f 91/7/84 92/2/84 89/1/84
f 93/4/86 94/5/86 95/6/86
f 94/3/87 96/2/87 95/7/87
f 95/7/88 96/2/88 93/1/88
f 101/1/93 104/2/93 102/3/93
f 101/4/94 102/5/94 103/6/94
f 102/3/95 104/2/95 103/7/95
f 103/7/96 104/2/96 101/1/96
f 105/1/29 108/2/29 106/3/29
f 105/4/30 106/5/30 107/6/30
f 106/3/31 108/2/31 107/7/31
f 107/7/32 108/2/32 105/1/32
f 109/1/1 112/2/1 110/3/1
f 109/4/2 110/5/2 111/6/2
f 110/3/3 112/2/3 111/7/3
f 111/7/4 112/2/4 109/1/4
f 117/1/97 120/2/97 118/3/97
f 117/4/98 118/5/98 119/6/98
f 118/3/99 120/2/99 119/7/99
f 119/7/100 120/2/100 117/1/100
f 125/1/89 128/2/89 126/3/89
f 125/4/90 126/5/90 127/6/90
f 126/3/91 128/2/91 127/7/91
f 127/7/92 128/2/92 125/1/92
f 129/1/101 132/2/101 130/3/101
f 129/4/102 130/5/102 131/6/102
f 130/3/103 132/2/103 131/7/103
f 131/7/104 132/2/104 129/1/104
f 133/1/37 136/2/37 134/3/37
f 133/4/38 134/5/38 135/6/38
f 134/3/39 136/2/39 135/7/39
f 135/7/40 136/2/40 133/1/40
usemtl Material.012
f 9/1/9 12/2/9 10/3/9
f 9/4/10 10/5/10 11/6/10
f 10/3/11 12/2/11 11/7/11
f 11/7/12 12/2/12 9/1/12
usemtl Material.017
f 29/1/29 32/2/29 30/3/29
f 29/4/30 30/5/30 31/6/30
f 30/3/31 32/2/31 31/7/31
f 31/7/32 32/2/32 29/1/32
usemtl Material.009
f 39/7/40 40/2/40 37/1/40
usemtl Material.019
f 45/1/45 48/2/45 46/3/45
f 45/4/46 46/5/46 47/6/46
f 46/3/47 48/2/47 47/7/47
f 47/7/48 48/2/48 45/1/48
usemtl Material.015
f 61/1/57 64/2/57 62/3/57
f 61/4/58 62/5/58 63/6/58
f 62/3/59 64/2/59 63/7/59
f 63/7/60 64/2/60 61/1/60
usemtl Material.013
f 69/1/65 72/2/65 70/3/65
f 69/4/66 70/5/66 71/6/66
f 70/3/67 72/2/67 71/7/67
f 71/7/68 72/2/68 69/1/68
usemtl Material.020
f 73/1/69 76/2/69 74/3/69
f 73/4/70 74/5/70 75/6/70
f 74/3/71 76/2/71 75/7/71
f 75/7/72 76/2/72 73/1/72
usemtl Material.010
f 93/1/85 96/2/85 94/3/85
usemtl Material.014
f 97/1/89 100/2/89 98/3/89
f 97/4/90 98/5/90 99/6/90
f 98/3/91 100/2/91 99/7/91
f 99/7/92 100/2/92 97/1/92
usemtl Material.016
f 113/1/21 116/2/21 114/3/21
f 113/4/22 114/5/22 115/6/22
f 114/3/23 116/2/23 115/7/23
f 115/7/24 116/2/24 113/1/24
usemtl Material.018
f 121/1/5 124/2/5 122/3/5
f 121/4/6 122/5/6 123/6/6
f 122/3/7 124/2/7 123/7/7
f 123/7/8 124/2/8 121/1/8
usemtl Material.029
f 137/8/105 140/9/105 139/10/105
f 140/9/106 141/11/106 139/10/106
f 142/12/107 143/13/107 141/11/107
f 143/13/108 146/14/108 145/15/108
f 146/14/109 147/16/109 145/15/109
f 148/17/110 149/18/110 147/16/110
f 150/19/111 151/20/111 149/18/111
f 152/21/112 153/22/112 151/20/112
f 154/23/113 155/24/113 153/22/113
f 156/25/114 157/26/114 155/24/114
f 157/26/115 160/27/115 159/28/115
f 160/27/116 161/29/116 159/28/116
f 162/30/117 163/31/117 161/29/117
f 164/32/118 165/33/118 163/31/118
f 166/34/119 167/35/119 165/33/119
f 168/36/120 169/37/120 167/35/120
f 170/38/121 171/39/121 169/37/121
f 171/39/122 174/40/122 173/41/122
f 174/40/123 175/42/123 173/41/123
f 175/42/124 178/43/124 177/44/124
f 177/44/125 180/45/125 179/46/125
f 180/45/126 181/47/126 179/46/126
f 181/47/127 184/48/127 183/49/127
f 184/48/128 185/50/128 183/49/128
f 185/50/129 188/51/129 187/52/129
f 188/51/130 189/53/130 187/52/130
f 190/54/131 191/55/131 189/53/131
f 192/56/132 193/57/132 191/55/132
f 193/57/133 196/58/133 195/59/133
f 195/59/134 198/60/134 197/61/134
f 174/62/135 158/63/135 142/64/135
f 198/60/136 199/65/136 197/61/136
f 199/65/137 138/66/137 137/67/137
f 167/68/138 183/69/138 199/70/138
f 137/8/105 138/629/105 140/9/105
f 140/9/106 142/12/106 141/11/106
f 142/12/107 144/75/107 143/13/107
f 143/13/108 144/75/108 146/14/108
f 146/14/109 148/17/109 147/16/109
f 148/17/110 150/19/110 149/18/110
f 150/19/111 152/21/111 151/20/111
f 152/21/1313 154/23/1313 153/22/1313
f 154/23/113 156/25/113 155/24/113
f 156/25/114 158/71/114 157/26/114
f 157/26/115 158/71/115 160/27/115
f 160/27/116 162/30/116 161/29/116
f 162/30/117 164/32/117 163/31/117
f 164/32/118 166/34/118 165/33/118
f 166/34/119 168/36/119 167/35/119
f 168/36/120 170/38/120 169/37/120
f 170/38/121 172/76/121 171/39/121
f 171/39/122 172/76/122 174/40/122
f 174/40/123 176/77/123 175/42/123
f 175/42/124 176/77/124 178/43/124
f 177/44/125 178/43/125 180/45/125
f 180/45/126 182/72/126 181/47/126
f 181/47/127 182/72/127 184/48/127
f 184/48/128 186/73/128 185/50/128
f 185/50/129 186/73/129 188/51/129
f 188/51/130 190/54/130 189/53/130
f 190/54/131 192/56/131 191/55/131
f 192/56/132 194/78/132 193/57/132
f 193/57/133 194/78/133 196/58/133
f 195/59/134 196/58/134 198/60/134
f 142/64/135 140/630/135 138/1/135
f 138/1/135 200/631/135 198/632/135
f 198/632/1314 196/633/1314 194/634/1314
f 194/634/1315 192/635/1315 190/636/1315
f 190/636/1316 188/637/1316 186/638/1316
f 186/638/1316 184/639/1316 182/640/1316
f 182/640/1316 180/641/1316 178/642/1316
f 178/642/135 176/643/135 174/62/135
f 174/62/135 172/644/135 170/645/135
f 170/645/135 168/646/135 166/647/135
f 166/647/135 164/648/135 162/649/135
f 162/649/135 160/650/135 158/63/135
f 158/63/135 156/651/135 154/652/135
f 154/652/135 152/653/135 150/654/135
f 150/654/1316 148/655/1316 146/656/1316
f 146/656/135 144/657/135 142/64/135
f 142/64/135 138/1/135 198/632/135
f 198/632/135 194/634/135 190/636/135
f 190/636/135 186/638/135 182/640/135
f 182/640/135 178/642/135 174/62/135
f 174/62/135 170/645/135 166/647/135
f 166/647/135 162/649/135 158/63/135
f 158/63/135 154/652/135 150/654/135
f 150/654/135 146/656/135 142/64/135
f 142/64/135 198/632/135 190/636/135
f 190/636/135 182/640/135 174/62/135
f 174/62/135 166/647/135 158/63/135
f 158/63/135 150/654/135 142/64/135
f 142/64/135 190/636/135 174/62/135
f 198/60/136 200/74/136 199/65/136
f 199/65/137 200/74/137 138/66/137
f 199/70/138 137/4/138 139/658/138
f 139/658/138 141/659/138 143/660/138
f 143/660/138 145/661/138 147/662/138
f 147/662/138 149/663/138 151/664/138
f 151/664/138 153/665/138 155/666/138
f 155/666/138 157/667/138 159/668/138
f 159/668/138 161/669/138 163/670/138
f 163/670/138 165/671/138 167/68/138
f 167/68/138 169/672/138 171/673/138
f 171/673/1317 173/674/1317 175/675/1317
f 175/675/1317 177/676/1317 179/677/1317
f 179/677/138 181/678/138 183/69/138
f 183/69/138 185/679/138 187/680/138
f 187/680/138 189/681/138 191/682/138
f 191/682/138 193/683/138 195/684/138
f 195/684/138 197/685/138 199/70/138
f 199/70/138 139/658/138 143/660/138
f 143/660/138 147/662/138 151/664/138
f 151/664/138 155/666/138 159/668/138
f 159/668/138 163/670/138 167/68/138
f 167/68/138 171/673/138 175/675/138
f 175/675/138 179/677/138 183/69/138
f 183/69/138 187/680/138 191/682/138
f 191/682/138 195/684/138 199/70/138
f 199/70/138 143/660/138 151/664/138
f 151/664/138 159/668/138 167/68/138
f 167/68/138 175/675/138 183/69/138
f 183/69/138 191/682/138 199/70/138
f 199/70/138 151/664/138 167/68/138
s 1
usemtl Material.028
f 201/8/139 204/9/140 203/10/141
f 204/9/140 205/11/142 203/10/141
f 206/12/143 207/13/144 205/11/142
f 207/13/144 210/14/145 209/15/146
f 209/15/146 212/17/147 211/16/148
f 212/17/147 213/18/149 211/16/148
f 213/18/149 216/21/150 215/20/151
f 216/21/150 217/22/152 215/20/151
f 218/23/153 219/24/154 217/22/152
f 219/24/154 222/71/155 221/26/156
f 222/71/155 223/28/157 221/26/156
f 224/27/158 225/29/159 223/28/157
f 226/30/160 227/31/161 225/29/159
f 228/32/162 229/33/163 227/31/161
f 230/34/164 231/35/165 229/33/163
f 232/36/166 233/37/167 231/35/165
f 234/38/168 235/39/169 233/37/167
f 235/39/169 238/40/170 237/41/171
f 238/40/170 239/42/172 237/41/171
f 239/42/172 242/43/173 241/44/174
f 242/43/173 243/46/175 241/44/174
f 244/45/176 245/47/177 243/46/175
f 246/72/178 247/49/179 245/47/177
f 247/49/179 250/73/180 249/50/181
f 250/73/180 251/52/182 249/50/181
f 252/51/183 253/53/184 251/52/182
f 253/53/184 256/56/185 255/55/186
f 256/56/185 257/57/187 255/55/186
f 257/57/187 260/58/188 259/59/189
f 260/58/188 261/61/190 259/59/189
f 238/62/170 222/63/155 206/64/143
f 261/61/190 264/74/191 263/65/192
f 263/65/192 202/66/193 201/67/139
f 231/68/165 247/69/179 263/70/192
f 329/8/228 332/9/229 331/10/230
f 331/10/230 334/12/231 333/11/232
f 333/11/232 336/75/233 335/13/234
f 336/75/233 337/15/235 335/13/234
f 337/15/235 340/17/236 339/16/237
f 340/17/236 341/18/238 339/16/237
f 341/18/238 344/21/239 343/20/240
f 344/21/239 345/22/241 343/20/240
f 346/23/242 347/24/243 345/22/241
f 347/24/243 350/71/244 349/26/245
f 350/71/244 351/28/246 349/26/245
f 351/28/246 354/30/247 353/29/248
f 353/29/248 356/32/249 355/31/250
f 356/32/249 357/33/251 355/31/250
f 358/34/252 359/35/253 357/33/251
f 360/36/254 361/37/255 359/35/253
f 362/38/256 363/39/257 361/37/255
f 363/39/257 366/40/258 365/41/259
f 366/40/258 367/42/260 365/41/259
f 367/42/260 370/43/261 369/44/262
f 369/44/262 372/45/263 371/46/264
f 371/46/264 374/72/265 373/47/266
f 374/72/265 375/49/267 373/47/266
f 376/48/268 377/50/269 375/49/267
f 377/50/269 380/51/270 379/52/271
f 379/52/271 382/54/272 381/53/273
f 381/53/273 384/56/274 383/55/275
f 384/56/274 385/57/276 383/55/275
f 386/78/277 387/59/278 385/57/276
f 387/59/278 390/60/279 389/61/280
f 366/62/258 350/63/244 334/64/231
f 389/61/280 392/74/281 391/65/282
f 392/74/281 329/67/228 391/65/282
f 359/68/253 375/69/267 391/70/282
f 201/8/139 202/629/193 204/9/140
f 204/9/140 206/12/143 205/11/142
f 206/12/143 208/75/1318 207/13/144
f 207/13/144 208/75/1318 210/14/145
f 209/15/146 210/14/145 212/17/147
f 212/17/147 214/19/1319 213/18/149
f 213/18/149 214/19/1319 216/21/150
f 216/21/150 218/23/153 217/22/152
f 218/23/153 220/25/1320 219/24/154
f 219/24/154 220/25/1320 222/71/155
f 222/71/155 224/27/158 223/28/157
f 224/27/158 226/30/160 225/29/159
f 226/30/160 228/32/162 227/31/161
f 228/32/162 230/34/164 229/33/163
f 230/34/164 232/36/166 231/35/165
f 232/36/166 234/38/168 233/37/167
f 234/38/168 236/76/1321 235/39/169
f 235/39/169 236/76/1321 238/40/170
f 238/40/170 240/77/1322 239/42/172
f 239/42/172 240/77/1322 242/43/173
f 242/43/173 244/45/176 243/46/175
f 244/45/176 246/72/178 245/47/177
f 246/72/178 248/48/1323 247/49/179
f 247/49/179 248/48/1323 250/73/180
f 250/73/180 252/51/183 251/52/182
f 252/51/183 254/54/1324 253/53/184
f 253/53/184 254/54/1324 256/56/185
f 256/56/185 258/78/1325 257/57/187
f 257/57/187 258/78/1325 260/58/188
f 260/58/188 262/60/1326 261/61/190
f 206/64/143 204/630/140 202/1/193
f 202/1/193 264/631/191 262/632/1326
f 262/632/1326 260/633/188 258/634/1325
f 258/634/1325 256/635/185 254/636/1324
f 254/636/1324 252/637/183 250/638/180
f 250/638/180 248/639/1323 246/640/178
f 246/640/178 244/641/176 242/642/173
f 242/642/173 240/643/1322 238/62/170
f 238/62/170 236/644/1321 234/645/168
f 234/645/168 232/646/166 230/647/164
f 230/647/164 228/648/162 226/649/160
f 226/649/160 224/650/158 222/63/155
f 222/63/155 220/651/1320 218/652/153
f 218/652/153 216/653/150 214/654/1319
f 214/654/1319 212/655/147 210/656/145
f 210/656/145 208/657/1318 206/64/143
f 206/64/143 202/1/193 262/632/1326
f 262/632/1326 258/634/1325 254/636/1324
f 254/636/1324 250/638/180 246/640/178
f 246/640/178 242/642/173 238/62/170
f 238/62/170 234/645/168 230/647/164
f 230/647/164 226/649/160 222/63/155
f 222/63/155 218/652/153 214/654/1319
f 214/654/1319 210/656/145 206/64/143
f 206/64/143 262/632/1326 254/636/1324
f 254/636/1324 246/640/178 238/62/170
f 238/62/170 230/647/164 222/63/155
f 222/63/155 214/654/1319 206/64/143
f 206/64/143 254/636/1324 238/62/170
f 261/61/190 262/60/1326 264/74/191
f 263/65/192 264/74/191 202/66/193
f 263/70/192 201/4/139 203/658/141
f 203/658/141 205/659/142 207/660/144
f 207/660/144 209/661/146 211/662/148
f 211/662/148 213/663/149 215/664/151
f 215/664/151 217/665/152 219/666/154
f 219/666/154 221/667/156 223/668/157
f 223/668/157 225/669/159 227/670/161
f 227/670/161 229/671/163 231/68/165
f 231/68/165 233/672/167 235/673/169
f 235/673/169 237/674/171 239/675/172
f 239/675/172 241/676/174 243/677/175
f 243/677/175 245/678/177 247/69/179
f 247/69/179 249/679/181 251/680/182
f 251/680/182 253/681/184 255/682/186
f 255/682/186 257/683/187 259/684/189
f 259/684/189 261/685/190 263/70/192
f 263/70/192 203/658/141 207/660/144
f 207/660/144 211/662/148 215/664/151
f 215/664/151 219/666/154 223/668/157
f 223/668/157 227/670/161 231/68/165
f 231/68/165 235/673/169 239/675/172
f 239/675/172 243/677/175 247/69/179
f 247/69/179 251/680/182 255/682/186
f 255/682/186 259/684/189 263/70/192
f 263/70/192 207/660/144 215/664/151
f 215/664/151 223/668/157 231/68/165
f 231/68/165 239/675/172 247/69/179
f 247/69/179 255/682/186 263/70/192
f 263/70/192 215/664/151 231/68/165
f 329/8/228 330/629/1336 332/9/229
f 331/10/230 332/9/229 334/12/231
f 333/11/232 334/12/231 336/75/233
f 336/75/233 338/14/1337 337/15/235
f 337/15/235 338/14/1337 340/17/236
f 340/17/236 342/19/1338 341/18/238
f 341/18/238 342/19/1338 344/21/239
f 344/21/239 346/23/242 345/22/241
f 346/23/242 348/25/1339 347/24/243
f 347/24/243 348/25/1339 350/71/244
f 350/71/244 352/27/1340 351/28/246
f 351/28/246 352/27/1340 354/30/247
f 353/29/248 354/30/247 356/32/249
f 356/32/249 358/34/252 357/33/251
f 358/34/252 360/36/254 359/35/253
f 360/36/254 362/38/256 361/37/255
f 362/38/256 364/76/1341 363/39/257
f 363/39/257 364/76/1341 366/40/258
f 366/40/258 368/77/1342 367/42/260
f 367/42/260 368/77/1342 370/43/261
f 369/44/262 370/43/261 372/45/263
f 371/46/264 372/45/263 374/72/265
f 374/72/265 376/48/268 375/49/267
f 376/48/268 378/73/1343 377/50/269
f 377/50/269 378/73/1343 380/51/270
f 379/52/271 380/51/270 382/54/272
f 381/53/273 382/54/272 384/56/274
f 384/56/274 386/78/277 385/57/276
f 386/78/277 388/58/1344 387/59/278
f 387/59/278 388/58/1344 390/60/279
f 334/64/231 332/630/229 330/1/1336
f 330/1/1336 392/631/281 390/632/279
f 390/632/279 388/633/1344 386/634/277
f 386/634/277 384/635/274 382/636/272
f 382/636/272 380/637/270 378/638/1343
f 378/638/1343 376/639/268 374/640/265
f 374/640/265 372/641/263 370/642/261
f 370/642/261 368/643/1342 366/62/258
f 366/62/258 364/644/1341 362/645/256
f 362/645/256 360/646/254 358/647/252
f 358/647/252 356/648/249 354/649/247
f 354/649/247 352/650/1340 350/63/244
f 350/63/244 348/651/1339 346/652/242
f 346/652/242 344/653/239 342/654/1338
f 342/654/1338 340/655/236 338/656/1337
f 338/656/1337 336/657/233 334/64/231
f 334/64/231 330/1/1336 390/632/279
f 390/632/279 386/634/277 382/636/272
f 382/636/272 378/638/1343 374/640/265
f 374/640/265 370/642/261 366/62/258
f 366/62/258 362/645/256 358/647/252
f 358/647/252 354/649/247 350/63/244
f 350/63/244 346/652/242 342/654/1338
f 342/654/1338 338/656/1337 334/64/231
f 334/64/231 390/632/279 382/636/272
f 382/636/272 374/640/265 366/62/258
f 366/62/258 358/647/252 350/63/244
f 350/63/244 342/654/1338 334/64/231
f 334/64/231 382/636/272 366/62/258
f 389/61/280 390/60/279 392/74/281
f 392/74/281 330/66/1336 329/67/228
f 391/70/282 329/4/228 331/658/230
f 331/658/230 333/659/232 335/660/234
f 335/660/234 337/661/235 339/662/237
f 339/662/237 341/663/238 343/664/240
f 343/664/240 345/665/241 347/666/243
f 347/666/243 349/667/245 351/668/246
f 351/668/246 353/669/248 355/670/250
f 355/670/250 357/671/251 359/68/253
f 359/68/253 361/672/255 363/673/257
f 363/673/257 365/674/259 367/675/260
f 367/675/260 369/676/262 371/677/264
f 371/677/264 373/678/266 375/69/267
f 375/69/267 377/679/269 379/680/271
f 379/680/271 381/681/273 383/682/275
f 383/682/275 385/683/276 387/684/278
f 387/684/278 389/685/280 391/70/282
f 391/70/282 331/658/230 335/660/234
f 335/660/234 339/662/237 343/664/240
f 343/664/240 347/666/243 351/668/246
f 351/668/246 355/670/250 359/68/253
f 359/68/253 363/673/257 367/675/260
f 367/675/260 371/677/264 375/69/267
f 375/69/267 379/680/271 383/682/275
f 383/682/275 387/684/278 391/70/282
f 391/70/282 335/660/234 343/664/240
f 343/664/240 351/668/246 359/68/253
f 359/68/253 367/675/260 375/69/267
f 375/69/267 383/682/275 391/70/282
f 391/70/282 343/664/240 359/68/253
s 0
usemtl Material.030
f 265/8/194 268/9/194 267/10/194
f 268/9/195 269/11/195 267/10/195
f 269/11/196 272/75/196 271/13/196
f 272/75/197 273/15/197 271/13/197
f 274/14/198 275/16/198 273/15/198
f 276/17/199 277/18/199 275/16/199
f 277/18/200 280/21/200 279/20/200
f 280/21/201 281/22/201 279/20/201
f 282/23/202 283/24/202 281/22/202
f 283/24/203 286/71/203 285/26/203
f 286/71/204 287/28/204 285/26/204
f 287/28/205 290/30/205 289/29/205
f 290/30/206 291/31/206 289/29/206
f 292/32/207 293/33/207 291/31/207
f 294/34/208 295/35/208 293/33/208
f 296/36/209 297/37/209 295/35/209
f 297/37/210 300/76/210 299/39/210
f 300/76/211 301/41/211 299/39/211
f 302/40/212 303/42/212 301/41/212
f 304/77/213 305/44/213 303/42/213
f 306/43/214 307/46/214 305/44/214
f 308/45/215 309/47/215 307/46/215
f 310/72/216 311/49/216 309/47/216
f 311/49/217 314/73/217 313/50/217
f 314/73/218 315/52/218 313/50/218
f 316/51/219 317/53/219 315/52/219
f 317/53/220 320/56/220 319/55/220
f 320/56/221 321/57/221 319/55/221
f 322/78/222 323/59/222 321/57/222
f 323/59/223 326/60/223 325/61/223
f 302/62/224 286/63/224 270/64/224
f 325/61/225 328/74/225 327/65/225
f 328/74/226 265/67/226 327/65/226
f 295/68/227 311/69/227 327/70/227
f 265/8/1327 266/629/1327 268/9/1327
f 268/9/195 270/12/195 269/11/195
f 269/11/196 270/12/196 272/75/196
f 272/75/197 274/14/197 273/15/197
f 274/14/198 276/17/198 275/16/198
f 276/17/199 278/19/199 277/18/199
f 277/18/200 278/19/200 280/21/200
f 280/21/201 282/23/201 281/22/201
f 282/23/202 284/25/202 283/24/202
f 283/24/203 284/25/203 286/71/203
f 286/71/204 288/27/204 287/28/204
f 287/28/205 288/27/205 290/30/205
f 290/30/206 292/32/206 291/31/206
f 292/32/207 294/34/207 293/33/207
f 294/34/208 296/36/208 295/35/208
f 296/36/209 298/38/209 297/37/209
f 297/37/1328 298/38/1328 300/76/1328
f 300/76/211 302/40/211 301/41/211
f 302/40/212 304/77/212 303/42/212
f 304/77/213 306/43/213 305/44/213
f 306/43/214 308/45/214 307/46/214
f 308/45/215 310/72/215 309/47/215
f 310/72/216 312/48/216 311/49/216
f 311/49/217 312/48/217 314/73/217
f 314/73/218 316/51/218 315/52/218
f 316/51/219 318/54/219 317/53/219
f 317/53/220 318/54/220 320/56/220
f 320/56/221 322/78/221 321/57/221
f 322/78/222 324/58/222 323/59/222
f 323/59/223 324/58/223 326/60/223
f 270/64/224 268/630/224 266/1/224
f 266/1/1329 328/631/1329 326/632/1329
f 326/632/1330 324/633/1330 322/634/1330
f 322/634/224 320/635/224 318/636/224
f 318/636/1330 316/637/1330 314/638/1330
f 314/638/1330 312/639/1330 310/640/1330
f 310/640/224 308/641/224 306/642/224
f 306/642/224 304/643/224 302/62/224
f 302/62/1329 300/644/1329 298/645/1329
f 298/645/224 296/646/224 294/647/224
f 294/647/224 292/648/224 290/649/224
f 290/649/224 288/650/224 286/63/224
f 286/63/224 284/651/224 282/652/224
f 282/652/1330 280/653/1330 278/654/1330
f 278/654/1331 276/655/1331 274/656/1331
f 274/656/224 272/657/224 270/64/224
f 270/64/224 266/1/224 326/632/224
f 326/632/224 322/634/224 318/636/224
f 318/636/224 314/638/224 310/640/224
f 310/640/224 306/642/224 302/62/224
f 302/62/224 298/645/224 294/647/224
f 294/647/224 290/649/224 286/63/224
f 286/63/224 282/652/224 278/654/224
f 278/654/224 274/656/224 270/64/224
f 270/64/224 326/632/224 318/636/224
f 318/636/224 310/640/224 302/62/224
f 302/62/224 294/647/224 286/63/224
f 286/63/224 278/654/224 270/64/224
f 270/64/224 318/636/224 302/62/224
f 325/61/1332 326/60/1332 328/74/1332
f 328/74/226 266/66/226 265/67/226
f 327/70/227 265/4/227 267/658/227
f 267/658/1333 269/659/1333 271/660/1333
f 271/660/1334 273/661/1334 275/662/1334
f 275/662/227 277/663/227 279/664/227
f 279/664/227 281/665/227 283/666/227
f 283/666/227 285/667/227 287/668/227
f 287/668/1333 289/669/1333 291/670/1333
f 291/670/227 293/671/227 295/68/227
f 295/68/227 297/672/227 299/673/227
f 299/673/1333 301/674/1333 303/675/1333
f 303/675/1335 305/676/1335 307/677/1335
f 307/677/227 309/678/227 311/69/227
f 311/69/227 313/679/227 315/680/227
f 315/680/227 317/681/227 319/682/227
f 319/682/227 321/683/227 323/684/227
f 323/684/1333 325/685/1333 327/70/1333
f 327/70/227 267/658/227 271/660/227
f 271/660/227 275/662/227 279/664/227
f 279/664/227 283/666/227 287/668/227
f 287/668/227 291/670/227 295/68/227
f 295/68/227 299/673/227 303/675/227
f 303/675/227 307/677/227 311/69/227
f 311/69/227 315/680/227 319/682/227
f 319/682/227 323/684/227 327/70/227
f 327/70/227 271/660/227 279/664/227
f 279/664/227 287/668/227 295/68/227
f 295/68/227 303/675/227 311/69/227
f 311/69/227 319/682/227 327/70/227
f 327/70/227 279/664/227 295/68/227
s 1
usemtl Material.007
f 868/79/283 405/80/284 395/81/285
f 872/82/286 412/83/287 413/84/288
f 395/81/285 406/85/289 869/86/290
f 873/87/291 413/84/288 414/88/292
f 869/86/290 407/89/293 396/90/294
f 874/91/295 414/88/292 415/92/296
f 396/90/294 408/24/297 397/22/298
f 866/93/299 393/94/300 401/95/301
f 400/96/302 874/91/295 415/92/296
f 398/97/303 408/24/297 409/98/304
f 866/93/299 402/99/305 867/100/306
f 870/101/307 409/98/304 410/102/308
f 867/100/306 403/103/309 394/104/310
f 399/105/311 410/102/308 411/106/312
f 394/104/310 404/107/313 868/79/283
f 871/108/314 411/106/312 412/83/287
f 411/106/312 425/109/315 426/110/316
f 403/103/309 419/111/317 404/107/313
f 412/83/287 426/110/316 427/112/318
f 404/107/313 420/113/319 405/80/284
f 413/84/288 427/112/318 428/114/320
f 405/80/284 421/115/321 406/85/289
f 414/88/292 428/114/320 429/116/322
f 406/85/289 422/117/323 407/89/293
f 415/92/296 429/116/322 430/118/324
f 407/89/293 423/26/325 408/24/297
f 401/95/301 393/119/300 416/120/326
f 400/121/302 415/92/296 430/118/324
f 409/98/304 423/26/325 424/122/327
f 401/95/301 417/123/328 402/99/305
f 410/102/308 424/122/327 425/109/315
f 402/99/305 418/124/329 403/103/309
f 430/118/324 444/125/330 445/126/331
f 422/117/323 438/28/332 423/26/325
f 416/120/326 393/127/300 431/128/333
f 400/129/302 430/118/324 445/126/331
f 424/122/327 438/28/332 439/130/334
f 416/120/326 432/131/335 417/123/328
f 425/109/315 439/130/334 440/132/336
f 417/123/328 433/133/337 418/124/329
f 426/110/316 440/132/336 441/134/338
f 418/124/329 434/135/339 419/111/317
f 427/112/318 441/134/338 442/136/340
f 419/111/317 435/137/341 420/113/319
f 428/114/320 442/136/340 443/138/342
f 420/113/319 436/139/343 421/115/321
f 429/116/322 443/138/342 444/125/330
f 421/115/321 437/140/344 422/117/323
f 442/136/340 456/141/345 457/142/346
f 434/135/339 450/143/347 435/137/341
f 443/138/342 457/142/346 458/144/348
f 435/137/341 451/145/349 436/139/343
f 444/125/330 458/144/348 459/146/350
f 436/139/343 452/147/351 437/140/344
f 445/126/331 459/146/350 460/148/352
f 437/140/344 453/29/353 438/28/332
f 431/128/333 393/149/300 446/150/354
f 400/151/302 445/126/331 460/148/352
f 439/130/334 453/29/353 454/152/355
f 431/128/333 447/153/356 432/131/335
f 440/132/336 454/152/355 455/154/357
f 432/131/335 448/155/358 433/133/337
f 441/134/338 455/154/357 456/141/345
f 433/133/337 449/156/359 434/135/339
f 446/150/354 393/157/300 461/158/360
f 400/159/302 460/148/352 475/160/361
f 454/152/355 468/31/362 469/161/363
f 446/150/354 462/162/364 447/153/356
f 455/154/357 469/161/363 470/163/365
f 447/153/356 463/164/366 448/155/358
f 456/141/345 470/163/365 471/165/367
f 448/155/358 464/166/368 449/156/359
f 457/142/346 471/165/367 472/167/369
f 449/156/359 465/168/370 450/143/347
f 458/144/348 472/167/369 473/169/371
f 450/143/347 466/170/372 451/145/349
f 459/146/350 473/169/371 474/171/373
f 451/145/349 467/172/374 452/147/351
f 460/148/352 474/171/373 475/160/361
f 452/147/351 468/31/362 453/29/353
f 464/166/368 480/173/375 465/168/370
f 473/169/371 487/174/376 488/175/377
f 465/168/370 481/176/378 466/170/372
f 474/171/373 488/175/377 489/177/379
f 466/170/372 482/178/380 467/172/374
f 475/160/361 489/177/379 490/179/381
f 467/172/374 483/33/382 468/31/362
f 461/158/360 393/180/300 476/181/383
f 400/182/302 475/160/361 490/179/381
f 469/161/363 483/33/382 484/183/384
f 461/158/360 477/184/385 462/162/364
f 470/163/365 484/183/384 485/185/386
f 462/162/364 478/186/387 463/164/366
f 471/165/367 485/185/386 486/187/388
f 463/164/366 479/188/389 464/166/368
f 472/167/369 486/187/388 487/174/376
f 484/183/384 498/35/390 499/189/391
f 476/181/383 492/190/392 477/184/385
f 485/185/386 499/189/391 500/191/393
f 477/184/385 493/192/394 478/186/387
f 486/187/388 500/191/393 501/193/395
f 478/186/387 494/194/396 479/188/389
f 487/174/376 501/193/395 502/195/397
f 479/188/389 495/196/398 480/173/375
f 488/175/377 502/195/397 503/197/399
f 480/173/375 496/198/400 481/176/378
f 489/177/379 503/197/399 504/199/401
f 481/176/378 497/200/402 482/178/380
f 490/179/381 504/199/401 505/201/403
f 482/178/380 498/35/390 483/33/382
f 476/181/383 393/202/300 491/203/404
f 400/204/302 490/179/381 505/201/403
f 503/197/399 517/205/405 518/206/406
f 495/196/398 511/207/407 496/198/400
f 504/199/401 518/206/406 519/208/408
f 496/198/400 512/209/409 497/200/402
f 505/201/403 519/208/408 520/210/410
f 497/200/402 513/211/411 498/35/390
f 491/203/404 393/212/300 506/213/412
f 400/214/302 505/201/403 520/210/410
f 499/189/391 513/211/411 514/215/413
f 491/203/404 507/216/414 492/190/392
f 500/191/393 514/215/413 515/217/415
f 492/190/392 508/218/416 493/192/394
f 501/193/395 515/217/415 516/219/417
f 493/192/394 509/220/418 494/194/396
f 502/195/397 516/219/417 517/205/405
f 494/194/396 510/221/419 495/196/398
f 507/216/414 521/222/420 522/223/421
f 514/215/413 530/224/422 515/217/415
f 508/218/416 522/223/421 523/225/423
f 515/217/415 531/226/424 516/219/417
f 509/220/418 523/225/423 524/227/425
f 516/219/417 532/228/426 517/205/405
f 510/221/419 524/227/425 525/229/427
f 517/205/405 533/230/428 518/206/406
f 511/207/407 525/229/427 526/231/429
f 518/206/406 534/232/430 519/208/408
f 512/209/409 526/231/429 527/233/431
f 519/208/408 535/234/432 520/210/410
f 513/211/411 527/233/431 528/235/433
f 506/213/412 393/236/300 521/222/420
f 400/237/302 520/210/410 535/234/432
f 513/211/411 529/238/434 514/215/413
f 526/231/429 540/239/435 541/240/436
f 533/230/428 549/241/437 534/232/430
f 527/233/431 541/240/436 542/242/438
f 534/232/430 550/243/439 535/234/432
f 528/235/433 542/242/438 543/244/440
f 521/222/420 393/245/300 536/246/441
f 400/247/302 535/234/432 550/243/439
f 528/235/433 544/248/442 529/238/434
f 522/223/421 536/246/441 537/249/443
f 529/238/434 545/250/444 530/224/422
f 523/225/423 537/249/443 538/251/445
f 530/224/422 546/252/446 531/226/424
f 524/227/425 538/251/445 539/253/447
f 531/226/424 547/254/448 532/228/426
f 525/229/427 539/253/447 540/239/435
f 532/228/426 548/255/449 533/230/428
f 544/248/442 560/256/450 545/250/444
f 538/251/445 552/257/451 553/258/452
f 545/250/444 561/259/453 546/252/446
f 539/253/447 553/258/452 554/260/454
f 546/252/446 562/261/455 547/254/448
f 540/239/435 554/260/454 555/262/456
f 547/254/448 563/263/457 548/255/449
f 541/240/436 555/262/456 556/264/458
f 548/255/449 564/265/459 549/241/437
f 542/242/438 556/264/458 557/266/460
f 549/241/437 565/267/461 550/243/439
f 543/244/440 557/266/460 558/268/462
f 536/246/441 393/269/300 551/270/463
f 400/271/302 550/243/439 565/267/461
f 543/244/440 559/272/464 544/248/442
f 537/249/443 551/270/463 552/257/451
f 563/263/457 579/273/465 564/265/459
f 557/266/460 571/274/466 572/275/467
f 564/265/459 580/276/468 565/267/461
f 558/268/462 572/275/467 573/277/469
f 551/270/463 393/278/300 566/279/470
f 400/280/302 565/267/461 580/276/468
f 558/268/462 574/281/471 559/272/464
f 552/257/451 566/279/470 567/282/472
f 559/272/464 575/283/473 560/256/450
f 553/258/452 567/282/472 568/284/474
f 560/256/450 576/285/475 561/259/453
f 554/260/454 568/284/474 569/286/476
f 561/259/453 577/287/477 562/261/455
f 555/262/456 569/286/476 570/288/478
f 562/261/455 578/289/479 563/263/457
f 556/264/458 570/288/478 571/274/466
f 575/283/473 591/290/480 576/285/475
f 569/286/476 583/291/481 584/292/482
f 576/285/475 592/293/483 577/287/477
f 570/288/478 584/292/482 585/294/484
f 577/287/477 593/295/485 578/289/479
f 571/274/466 585/294/484 586/296/486
f 578/289/479 594/297/487 579/273/465
f 572/275/467 586/296/486 587/298/488
f 579/273/465 595/299/489 580/276/468
f 573/277/469 587/298/488 588/300/490
f 566/279/470 393/301/300 581/302/491
f 400/303/302 580/276/468 595/299/489
f 573/277/469 589/304/492 574/281/471
f 567/282/472 581/302/491 582/305/493
f 574/281/471 590/306/494 575/283/473
f 568/284/474 582/305/493 583/291/481
f 594/297/487 610/307/495 595/299/489
f 588/300/490 602/308/496 603/309/497
f 581/302/491 393/310/300 596/311/498
f 400/312/302 595/299/489 610/307/495
f 588/300/490 604/313/499 589/304/492
f 582/305/493 596/311/498 597/314/500
f 589/304/492 605/315/501 590/306/494
f 583/291/481 597/314/500 598/316/502
f 590/306/494 606/317/503 591/290/480
f 584/292/482 598/316/502 599/318/504
f 591/290/480 607/319/505 592/293/483
f 585/294/484 599/318/504 600/320/506
f 592/293/483 608/321/507 593/295/485
f 586/296/486 600/320/506 601/322/508
f 593/295/485 609/323/509 594/297/487
f 587/298/488 601/322/508 602/308/496
f 599/318/504 613/324/510 614/325/511
f 606/317/503 622/326/512 607/319/505
f 600/320/506 614/325/511 615/327/513
f 607/319/505 623/328/514 608/321/507
f 601/322/508 615/327/513 616/329/515
f 608/321/507 624/330/516 609/323/509
f 602/308/496 616/329/515 617/331/517
f 609/323/509 625/332/518 610/307/495
f 603/309/497 617/331/517 618/333/519
f 596/311/498 393/334/300 611/335/520
f 400/336/302 610/307/495 625/332/518
f 603/309/497 619/337/521 604/313/499
f 597/314/500 611/335/520 612/338/522
f 604/313/499 620/339/523 605/315/501
f 598/316/502 612/338/522 613/324/510
f 605/315/501 621/340/524 606/317/503
f 618/333/519 632/341/525 633/342/526
f 611/335/520 393/343/300 626/344/527
f 400/345/302 625/332/518 640/346/528
f 618/333/519 634/347/529 619/337/521
f 612/338/522 626/344/527 627/348/530
f 619/337/521 635/349/531 620/339/523
f 613/324/510 627/348/530 628/350/532
f 620/339/523 636/351/533 621/340/524
f 614/325/511 628/350/532 629/352/534
f 621/340/524 637/2/535 622/326/512
f 615/327/513 629/352/534 630/353/536
f 622/326/512 638/354/537 623/328/514
f 616/329/515 630/353/536 631/355/538
f 623/328/514 639/356/539 624/330/516
f 617/331/517 631/355/538 632/341/525
f 624/330/516 640/346/528 625/332/518
f 637/2/535 651/357/540 652/358/541
f 629/352/534 645/359/542 630/353/536
f 638/354/537 652/358/541 653/360/543
f 630/353/536 646/361/544 631/355/538
f 639/356/539 653/360/543 654/362/545
f 631/355/538 647/363/546 632/341/525
f 640/346/528 654/362/545 655/364/547
f 632/341/525 648/365/548 633/342/526
f 626/344/527 393/366/300 641/367/549
f 400/368/302 640/346/528 655/364/547
f 634/347/529 648/365/548 649/369/550
f 626/344/527 642/370/551 627/348/530
f 635/349/531 649/369/550 650/371/552
f 627/348/530 643/372/553 628/350/532
f 636/351/533 650/371/552 651/357/540
f 628/350/532 644/373/554 629/352/534
f 641/367/549 393/374/300 656/375/555
f 400/376/302 655/364/547 670/377/556
f 649/369/550 663/378/557 664/379/558
f 641/367/549 657/380/559 642/370/551
f 650/371/552 664/379/558 665/381/560
f 642/370/551 658/382/561 643/372/553
f 651/357/540 665/381/560 666/383/562
f 643/372/553 659/384/563 644/373/554
f 652/358/541 666/383/562 667/385/564
f 644/373/554 660/386/565 645/359/542
f 653/360/543 667/385/564 668/387/566
f 645/359/542 661/388/567 646/361/544
f 654/362/545 668/387/566 669/389/568
f 646/361/544 662/390/569 647/363/546
f 655/364/547 669/389/568 670/377/556
f 647/363/546 663/378/557 648/365/548
f 659/384/563 675/391/570 660/386/565
f 668/387/566 682/392/571 683/393/572
f 660/386/565 676/394/573 661/388/567
f 669/389/568 683/393/572 684/395/574
f 661/388/567 677/396/575 662/390/569
f 670/377/556 684/395/574 685/397/576
f 662/390/569 678/398/577 663/378/557
f 656/375/555 393/399/300 671/400/578
f 400/401/302 670/377/556 685/397/576
f 664/379/558 678/398/577 679/402/579
f 656/375/555 672/403/580 657/380/559
f 665/381/560 679/402/579 680/404/581
f 657/380/559 673/405/582 658/382/561
f 666/383/562 680/404/581 681/406/583
f 658/382/561 674/407/584 659/384/563
f 667/385/564 681/406/583 682/392/571
f 679/402/579 693/408/585 694/409/586
f 671/400/578 687/410/587 672/403/580
f 680/404/581 694/409/586 695/411/588
f 672/403/580 688/412/589 673/405/582
f 681/406/583 695/411/588 696/413/590
f 673/405/582 689/414/591 674/407/584
f 682/392/571 696/413/590 697/415/592
f 674/407/584 690/416/593 675/391/570
f 683/393/572 697/415/592 698/417/594
f 675/391/570 691/418/595 676/394/573
f 684/395/574 698/417/594 699/419/596
f 676/394/573 692/420/597 677/396/575
f 685/397/576 699/419/596 700/421/598
f 677/396/575 693/408/585 678/398/577
f 671/400/578 393/422/300 686/423/599
f 400/424/302 685/397/576 700/421/598
f 698/417/594 712/425/600 713/426/601
f 690/416/593 706/427/602 691/418/595
f 699/419/596 713/426/601 714/428/603
f 691/418/595 707/429/604 692/420/597
f 700/421/598 714/428/603 715/430/605
f 692/420/597 708/431/606 693/408/585
f 686/423/599 393/432/300 701/433/607
f 400/434/302 700/421/598 715/430/605
f 694/409/586 708/431/606 709/435/608
f 686/423/599 702/436/609 687/410/587
f 695/411/588 709/435/608 710/437/610
f 687/410/587 703/438/611 688/412/589
f 696/413/590 710/437/610 711/439/612
f 688/412/589 704/440/613 689/414/591
f 697/415/592 711/439/612 712/425/600
f 689/414/591 705/441/614 690/416/593
f 710/437/610 724/442/615 725/443/616
f 702/436/609 718/444/617 703/438/611
f 711/439/612 725/443/616 726/445/618
f 703/438/611 719/446/619 704/440/613
f 712/425/600 726/445/618 727/447/620
f 704/440/613 720/448/621 705/441/614
f 713/426/601 727/447/620 728/449/622
f 705/441/614 721/450/623 706/427/602
f 714/428/603 728/449/622 729/451/624
f 706/427/602 722/452/625 707/429/604
f 715/430/605 729/451/624 730/453/626
f 707/429/604 723/454/627 708/431/606
f 701/433/607 393/455/300 716/456/628
f 400/457/302 715/430/605 730/453/626
f 709/435/608 723/454/627 724/442/615
f 701/433/607 717/458/629 702/436/609
f 729/451/624 743/459/630 744/460/631
f 721/450/623 737/461/632 722/452/625
f 730/453/626 744/460/631 745/462/633
f 722/452/625 738/463/634 723/454/627
f 716/456/628 393/464/300 731/465/635
f 400/466/302 730/453/626 745/462/633
f 724/442/615 738/463/634 739/467/636
f 716/456/628 732/468/637 717/458/629
f 725/443/616 739/467/636 740/469/638
f 717/458/629 733/470/639 718/444/617
f 726/445/618 740/469/638 741/471/640
f 718/444/617 734/472/641 719/446/619
f 727/447/620 741/471/640 742/473/642
f 719/446/619 735/474/643 720/448/621
f 728/449/622 742/473/642 743/459/630
f 720/448/621 736/475/644 721/450/623
f 732/468/637 748/476/645 733/470/639
f 741/471/640 755/477/646 756/478/647
f 733/470/639 749/479/648 734/472/641
f 742/473/642 756/478/647 757/480/649
f 734/472/641 750/481/650 735/474/643
f 743/459/630 757/480/649 758/482/651
f 735/474/643 751/483/652 736/475/644
f 744/460/631 758/482/651 759/484/653
f 736/475/644 752/485/654 737/461/632
f 745/462/633 759/484/653 760/486/655
f 737/461/632 753/67/656 738/463/634
f 731/465/635 393/487/300 746/488/657
f 400/489/302 745/462/633 760/486/655
f 739/467/636 753/67/656 754/490/658
f 731/465/635 747/491/659 732/468/637
f 740/469/638 754/490/658 755/477/646
f 752/492/654 766/493/660 767/494/661
f 759/495/653 775/496/662 760/497/655
f 753/8/656 767/494/661 768/498/663
f 746/499/657 393/500/300 761/501/664
f 400/502/302 760/497/655 775/496/662
f 753/8/656 769/503/665 754/504/658
f 747/505/659 761/501/664 762/506/666
f 754/504/658 770/507/667 755/508/646
f 748/509/645 762/506/666 763/510/668
f 755/508/646 771/511/669 756/512/647
f 749/513/648 763/510/668 764/514/670
f 756/512/647 772/515/671 757/516/649
f 750/517/650 764/514/670 765/518/672
f 757/516/649 773/519/673 758/520/651
f 751/521/652 765/518/672 766/493/660
f 758/520/651 774/522/674 759/495/653
f 770/507/667 786/523/675 771/511/669
f 764/514/670 778/524/676 779/525/677
f 771/511/669 787/526/678 772/515/671
f 765/518/672 779/525/677 780/527/679
f 772/515/671 788/528/680 773/519/673
f 766/493/660 780/527/679 781/529/681
f 773/519/673 789/530/682 774/522/674
f 767/494/661 781/529/681 782/531/683
f 774/522/674 790/532/684 775/496/662
f 768/498/663 782/531/683 783/533/685
f 761/501/664 393/534/300 776/535/686
f 400/536/302 775/496/662 790/532/684
f 768/498/663 784/537/687 769/503/665
f 762/506/666 776/535/686 777/538/688
f 769/503/665 785/539/689 770/507/667
f 763/510/668 777/538/688 778/524/676
f 789/530/682 805/540/690 790/532/684
f 783/533/685 797/541/691 798/542/692
f 776/535/686 393/543/300 791/544/693
f 400/545/302 790/532/684 805/540/690
f 783/533/685 799/546/694 784/537/687
f 777/538/688 791/544/693 792/547/695
f 784/537/687 800/548/696 785/539/689
f 778/524/676 792/547/695 793/549/697
f 785/539/689 801/550/698 786/523/675
f 779/525/677 793/549/697 794/551/699
f 786/523/675 802/552/700 787/526/678
f 780/527/679 794/551/699 795/553/701
f 787/526/678 803/554/702 788/528/680
f 781/529/681 795/553/701 796/555/703
f 788/528/680 804/556/704 789/530/682
f 782/531/683 796/555/703 797/541/691
f 794/551/699 808/557/705 809/558/706
f 801/550/698 817/559/707 802/552/700
f 795/553/701 809/558/706 810/560/708
f 802/552/700 818/561/709 803/554/702
f 796/555/703 810/560/708 811/562/710
f 803/554/702 819/563/711 804/556/704
f 797/541/691 811/562/710 812/564/712
f 804/556/704 820/565/713 805/540/690
f 798/542/692 812/564/712 813/566/714
f 791/544/693 393/567/300 806/568/715
f 400/569/302 805/540/690 820/565/713
f 798/542/692 814/570/716 799/546/694
f 792/547/695 806/568/715 807/571/717
f 799/546/694 815/572/718 800/548/696
f 793/549/697 807/571/717 808/557/705
f 800/548/696 816/573/719 801/550/698
f 813/566/714 827/574/720 828/575/721
f 806/568/715 393/576/300 821/577/722
f 400/578/302 820/565/713 835/579/723
f 813/566/714 829/580/724 814/570/716
f 807/571/717 821/577/722 822/581/725
f 814/570/716 830/582/726 815/572/718
f 808/557/705 822/581/725 823/583/727
f 815/572/718 831/584/728 816/573/719
f 809/558/706 823/583/727 824/585/729
f 816/573/719 832/586/730 817/559/707
f 810/560/708 824/585/729 825/587/731
f 817/559/707 833/588/732 818/561/709
f 811/562/710 825/587/731 826/589/733
f 818/561/709 834/590/734 819/563/711
f 812/564/712 826/589/733 827/574/720
f 819/563/711 835/579/723 820/565/713
f 831/584/728 847/591/735 832/586/730
f 825/587/731 839/592/736 840/593/737
f 832/586/730 848/594/738 833/588/732
f 826/589/733 840/593/737 841/595/739
f 833/588/732 849/596/740 834/590/734
f 827/574/720 841/595/739 842/597/741
f 834/590/734 850/598/742 835/579/723
f 828/575/721 842/597/741 843/599/743
f 821/577/722 393/600/300 836/601/744
f 400/602/302 835/579/723 850/598/742
f 828/575/721 844/603/745 829/580/724
f 822/581/725 836/601/744 837/604/746
f 829/580/724 845/605/747 830/582/726
f 823/583/727 837/604/746 838/606/748
f 830/582/726 846/607/749 831/584/728
f 824/585/729 838/606/748 839/592/736
f 400/608/302 850/598/742 865/609/750
f 843/599/743 859/610/751 844/603/745
f 837/604/746 851/611/752 852/612/753
f 844/603/745 860/613/754 845/605/747
f 838/606/748 852/612/753 853/614/755
f 845/605/747 861/615/756 846/607/749
f 839/592/736 853/614/755 854/616/757
f 846/607/749 862/617/758 847/591/735
f 840/593/737 854/616/757 855/618/759
f 847/591/735 863/619/760 848/594/738
f 841/595/739 855/618/759 856/620/761
f 848/594/738 864/621/762 849/596/740
f 842/597/741 856/620/761 857/622/763
f 849/596/740 865/609/750 850/598/742
f 843/599/743 857/622/763 858/623/764
f 836/601/744 393/624/300 851/611/752
f 862/617/758 872/82/286 863/619/760
f 856/620/761 395/81/285 869/86/290
f 863/619/760 873/87/291 864/621/762
f 857/622/763 869/86/290 396/90/294
f 864/621/762 874/91/295 865/609/750
f 858/623/764 396/90/294 397/22/298
f 851/611/752 393/625/300 866/93/299
f 400/626/302 865/609/750 874/91/295
f 858/623/764 398/97/303 859/610/751
f 852/612/753 866/93/299 867/100/306
f 859/610/751 870/101/307 860/613/754
f 853/614/755 867/100/306 394/104/310
f 860/613/754 399/105/311 861/615/756
f 854/616/757 394/104/310 868/79/283
f 861/615/756 871/108/314 862/617/758
f 855/618/759 868/79/283 395/81/285
f 868/79/283 404/107/313 405/80/284
f 872/82/286 871/108/314 412/83/287
f 395/81/285 405/80/284 406/85/289
f 873/87/291 872/82/286 413/84/288
f 869/86/290 406/85/289 407/89/293
f 874/91/295 873/87/291 414/88/292
f 396/90/294 407/89/293 408/24/297
f 398/97/303 397/22/298 408/24/297
f 866/93/299 401/95/301 402/99/305
f 870/101/307 398/97/303 409/98/304
f 867/100/306 402/99/305 403/103/309
f 399/105/311 870/101/307 410/102/308
f 394/104/310 403/103/309 404/107/313
f 871/108/314 399/105/311 411/106/312
f 411/106/312 410/102/308 425/109/315
f 403/103/309 418/124/329 419/111/317
f 412/83/287 411/106/312 426/110/316
f 404/107/313 419/111/317 420/113/319
f 413/84/288 412/83/287 427/112/318
f 405/80/284 420/113/319 421/115/321
f 414/88/292 413/84/288 428/114/320
f 406/85/289 421/115/321 422/117/323
f 415/92/296 414/88/292 429/116/322
f 407/89/293 422/117/323 423/26/325
f 409/98/304 408/24/297 423/26/325
f 401/95/301 416/120/326 417/123/328
f 410/102/308 409/98/304 424/122/327
f 402/99/305 417/123/328 418/124/329
f 430/118/324 429/116/322 444/125/330
f 422/117/323 437/140/344 438/28/332
f 424/122/327 423/26/325 438/28/332
f 416/120/326 431/128/333 432/131/335
f 425/109/315 424/122/327 439/130/334
f 417/123/328 432/131/335 433/133/337
f 426/110/316 425/109/315 440/132/336
f 418/124/329 433/133/337 434/135/339
f 427/112/318 426/110/316 441/134/338
f 419/111/317 434/135/339 435/137/341
f 428/114/320 427/112/318 442/136/340
f 420/113/319 435/137/341 436/139/343
f 429/116/322 428/114/320 443/138/342
f 421/115/321 436/139/343 437/140/344
f 442/136/340 441/134/338 456/141/345
f 434/135/339 449/156/359 450/143/347
f 443/138/342 442/136/340 457/142/346
f 435/137/341 450/143/347 451/145/349
f 444/125/330 443/138/342 458/144/348
f 436/139/343 451/145/349 452/147/351
f 445/126/331 444/125/330 459/146/350
f 437/140/344 452/147/351 453/29/353
f 439/130/334 438/28/332 453/29/353
f 431/128/333 446/150/354 447/153/356
f 440/132/336 439/130/334 454/152/355
f 432/131/335 447/153/356 448/155/358
f 441/134/338 440/132/336 455/154/357
f 433/133/337 448/155/358 449/156/359
f 454/152/355 453/29/353 468/31/362
f 446/150/354 461/158/360 462/162/364
f 455/154/357 454/152/355 469/161/363
f 447/153/356 462/162/364 463/164/366
f 456/141/345 455/154/357 470/163/365
f 448/155/358 463/164/366 464/166/368
f 457/142/346 456/141/345 471/165/367
f 449/156/359 464/166/368 465/168/370
f 458/144/348 457/142/346 472/167/369
f 450/143/347 465/168/370 466/170/372
f 459/146/350 458/144/348 473/169/371
f 451/145/349 466/170/372 467/172/374
f 460/148/352 459/146/350 474/171/373
f 452/147/351 467/172/374 468/31/362
f 464/166/368 479/188/389 480/173/375
f 473/169/371 472/167/369 487/174/376
f 465/168/370 480/173/375 481/176/378
f 474/171/373 473/169/371 488/175/377
f 466/170/372 481/176/378 482/178/380
f 475/160/361 474/171/373 489/177/379
f 467/172/374 482/178/380 483/33/382
f 469/161/363 468/31/362 483/33/382
f 461/158/360 476/181/383 477/184/385
f 470/163/365 469/161/363 484/183/384
f 462/162/364 477/184/385 478/186/387
f 471/165/367 470/163/365 485/185/386
f 463/164/366 478/186/387 479/188/389
f 472/167/369 471/165/367 486/187/388
f 484/183/384 483/33/382 498/35/390
f 476/181/383 491/203/404 492/190/392
f 485/185/386 484/183/384 499/189/391
f 477/184/385 492/190/392 493/192/394
f 486/187/388 485/185/386 500/191/393
f 478/186/387 493/192/394 494/194/396
f 487/174/376 486/187/388 501/193/395
f 479/188/389 494/194/396 495/196/398
f 488/175/377 487/174/376 502/195/397
f 480/173/375 495/196/398 496/198/400
f 489/177/379 488/175/377 503/197/399
f 481/176/378 496/198/400 497/200/402
f 490/179/381 489/177/379 504/199/401
f 482/178/380 497/200/402 498/35/390
f 503/197/399 502/195/397 517/205/405
f 495/196/398 510/221/419 511/207/407
f 504/199/401 503/197/399 518/206/406
f 496/198/400 511/207/407 512/209/409
f 505/201/403 504/199/401 519/208/408
f 497/200/402 512/209/409 513/211/411
f 499/189/391 498/35/390 513/211/411
f 491/203/404 506/213/412 507/216/414
f 500/191/393 499/189/391 514/215/413
f 492/190/392 507/216/414 508/218/416
f 501/193/395 500/191/393 515/217/415
f 493/192/394 508/218/416 509/220/418
f 502/195/397 501/193/395 516/219/417
f 494/194/396 509/220/418 510/221/419
f 507/216/414 506/213/412 521/222/420
f 514/215/413 529/238/434 530/224/422
f 508/218/416 507/216/414 522/223/421
f 515/217/415 530/224/422 531/226/424
f 509/220/418 508/218/416 523/225/423
f 516/219/417 531/226/424 532/228/426
f 510/221/419 509/220/418 524/227/425
f 517/205/405 532/228/426 533/230/428
f 511/207/407 510/221/419 525/229/427
f 518/206/406 533/230/428 534/232/430
f 512/209/409 511/207/407 526/231/429
f 519/208/408 534/232/430 535/234/432
f 513/211/411 512/209/409 527/233/431
f 513/211/411 528/235/433 529/238/434
f 526/231/429 525/229/427 540/239/435
f 533/230/428 548/255/449 549/241/437
f 527/233/431 526/231/429 541/240/436
f 534/232/430 549/241/437 550/243/439
f 528/235/433 527/233/431 542/242/438
f 528/235/433 543/244/440 544/248/442
f 522/223/421 521/222/420 536/246/441
f 529/238/434 544/248/442 545/250/444
f 523/225/423 522/223/421 537/249/443
f 530/224/422 545/250/444 546/252/446
f 524/227/425 523/225/423 538/251/445
f 531/226/424 546/252/446 547/254/448
f 525/229/427 524/227/425 539/253/447
f 532/228/426 547/254/448 548/255/449
f 544/248/442 559/272/464 560/256/450
f 538/251/445 537/249/443 552/257/451
f 545/250/444 560/256/450 561/259/453
f 539/253/447 538/251/445 553/258/452
f 546/252/446 561/259/453 562/261/455
f 540/239/435 539/253/447 554/260/454
f 547/254/448 562/261/455 563/263/457
f 541/240/436 540/239/435 555/262/456
f 548/255/449 563/263/457 564/265/459
f 542/242/438 541/240/436 556/264/458
f 549/241/437 564/265/459 565/267/461
f 543/244/440 542/242/438 557/266/460
f 543/244/440 558/268/462 559/272/464
f 537/249/443 536/246/441 551/270/463
f 563/263/457 578/289/479 579/273/465
f 557/266/460 556/264/458 571/274/466
f 564/265/459 579/273/465 580/276/468
f 558/268/462 557/266/460 572/275/467
f 558/268/462 573/277/469 574/281/471
f 552/257/451 551/270/463 566/279/470
f 559/272/464 574/281/471 575/283/473
f 553/258/452 552/257/451 567/282/472
f 560/256/450 575/283/473 576/285/475
f 554/260/454 553/258/452 568/284/474
f 561/259/453 576/285/475 577/287/477
f 555/262/456 554/260/454 569/286/476
f 562/261/455 577/287/477 578/289/479
f 556/264/458 555/262/456 570/288/478
f 575/283/473 590/306/494 591/290/480
f 569/286/476 568/284/474 583/291/481
f 576/285/475 591/290/480 592/293/483
f 570/288/478 569/286/476 584/292/482
f 577/287/477 592/293/483 593/295/485
f 571/274/466 570/288/478 585/294/484
f 578/289/479 593/295/485 594/297/487
f 572/275/467 571/274/466 586/296/486
f 579/273/465 594/297/487 595/299/489
f 573/277/469 572/275/467 587/298/488
f 573/277/469 588/300/490 589/304/492
f 567/282/472 566/279/470 581/302/491
f 574/281/471 589/304/492 590/306/494
f 568/284/474 567/282/472 582/305/493
f 594/297/487 609/323/509 610/307/495
f 588/300/490 587/298/488 602/308/496
f 588/300/490 603/309/497 604/313/499
f 582/305/493 581/302/491 596/311/498
f 589/304/492 604/313/499 605/315/501
f 583/291/481 582/305/493 597/314/500
f 590/306/494 605/315/501 606/317/503
f 584/292/482 583/291/481 598/316/502
f 591/290/480 606/317/503 607/319/505
f 585/294/484 584/292/482 599/318/504
f 592/293/483 607/319/505 608/321/507
f 586/296/486 585/294/484 600/320/506
f 593/295/485 608/321/507 609/323/509
f 587/298/488 586/296/486 601/322/508
f 599/318/504 598/316/502 613/324/510
f 606/317/503 621/340/524 622/326/512
f 600/320/506 599/318/504 614/325/511
f 607/319/505 622/326/512 623/328/514
f 601/322/508 600/320/506 615/327/513
f 608/321/507 623/328/514 624/330/516
f 602/308/496 601/322/508 616/329/515
f 609/323/509 624/330/516 625/332/518
f 603/309/497 602/308/496 617/331/517
f 603/309/497 618/333/519 619/337/521
f 597/314/500 596/311/498 611/335/520
f 604/313/499 619/337/521 620/339/523
f 598/316/502 597/314/500 612/338/522
f 605/315/501 620/339/523 621/340/524
f 618/333/519 617/331/517 632/341/525
f 618/333/519 633/342/526 634/347/529
f 612/338/522 611/335/520 626/344/527
f 619/337/521 634/347/529 635/349/531
f 613/324/510 612/338/522 627/348/530
f 620/339/523 635/349/531 636/351/533
f 614/325/511 613/324/510 628/350/532
f 621/340/524 636/351/533 637/2/535
f 615/327/513 614/325/511 629/352/534
f 622/326/512 637/2/535 638/354/537
f 616/329/515 615/327/513 630/353/536
f 623/328/514 638/354/537 639/356/539
f 617/331/517 616/329/515 631/355/538
f 624/330/516 639/356/539 640/346/528
f 637/2/535 636/351/533 651/357/540
f 629/352/534 644/373/554 645/359/542
f 638/354/537 637/2/535 652/358/541
f 630/353/536 645/359/542 646/361/544
f 639/356/539 638/354/537 653/360/543
f 631/355/538 646/361/544 647/363/546
f 640/346/528 639/356/539 654/362/545
f 632/341/525 647/363/546 648/365/548
f 634/347/529 633/342/526 648/365/548
f 626/344/527 641/367/549 642/370/551
f 635/349/531 634/347/529 649/369/550
f 627/348/530 642/370/551 643/372/553
f 636/351/533 635/349/531 650/371/552
f 628/350/532 643/372/553 644/373/554
f 649/369/550 648/365/548 663/378/557
f 641/367/549 656/375/555 657/380/559
f 650/371/552 649/369/550 664/379/558
f 642/370/551 657/380/559 658/382/561
f 651/357/540 650/371/552 665/381/560
f 643/372/553 658/382/561 659/384/563
f 652/358/541 651/357/540 666/383/562
f 644/373/554 659/384/563 660/386/565
f 653/360/543 652/358/541 667/385/564
f 645/359/542 660/386/565 661/388/567
f 654/362/545 653/360/543 668/387/566
f 646/361/544 661/388/567 662/390/569
f 655/364/547 654/362/545 669/389/568
f 647/363/546 662/390/569 663/378/557
f 659/384/563 674/407/584 675/391/570
f 668/387/566 667/385/564 682/392/571
f 660/386/565 675/391/570 676/394/573
f 669/389/568 668/387/566 683/393/572
f 661/388/567 676/394/573 677/396/575
f 670/377/556 669/389/568 684/395/574
f 662/390/569 677/396/575 678/398/577
f 664/379/558 663/378/557 678/398/577
f 656/375/555 671/400/578 672/403/580
f 665/381/560 664/379/558 679/402/579
f 657/380/559 672/403/580 673/405/582
f 666/383/562 665/381/560 680/404/581
f 658/382/561 673/405/582 674/407/584
f 667/385/564 666/383/562 681/406/583
f 679/402/579 678/398/577 693/408/585
f 671/400/578 686/423/599 687/410/587
f 680/404/581 679/402/579 694/409/586
f 672/403/580 687/410/587 688/412/589
f 681/406/583 680/404/581 695/411/588
f 673/405/582 688/412/589 689/414/591
f 682/392/571 681/406/583 696/413/590
f 674/407/584 689/414/591 690/416/593
f 683/393/572 682/392/571 697/415/592
f 675/391/570 690/416/593 691/418/595
f 684/395/574 683/393/572 698/417/594
f 676/394/573 691/418/595 692/420/597
f 685/397/576 684/395/574 699/419/596
f 677/396/575 692/420/597 693/408/585
f 698/417/594 697/415/592 712/425/600
f 690/416/593 705/441/614 706/427/602
f 699/419/596 698/417/594 713/426/601
f 691/418/595 706/427/602 707/429/604
f 700/421/598 699/419/596 714/428/603
f 692/420/597 707/429/604 708/431/606
f 694/409/586 693/408/585 708/431/606
f 686/423/599 701/433/607 702/436/609
f 695/411/588 694/409/586 709/435/608
f 687/410/587 702/436/609 703/438/611
f 696/413/590 695/411/588 710/437/610
f 688/412/589 703/438/611 704/440/613
f 697/415/592 696/413/590 711/439/612
f 689/414/591 704/440/613 705/441/614
f 710/437/610 709/435/608 724/442/615
f 702/436/609 717/458/629 718/444/617
f 711/439/612 710/437/610 725/443/616
f 703/438/611 718/444/617 719/446/619
f 712/425/600 711/439/612 726/445/618
f 704/440/613 719/446/619 720/448/621
f 713/426/601 712/425/600 727/447/620
f 705/441/614 720/448/621 721/450/623
f 714/428/603 713/426/601 728/449/622
f 706/427/602 721/450/623 722/452/625
f 715/430/605 714/428/603 729/451/624
f 707/429/604 722/452/625 723/454/627
f 709/435/608 708/431/606 723/454/627
f 701/433/607 716/456/628 717/458/629
f 729/451/624 728/449/622 743/459/630
f 721/450/623 736/475/644 737/461/632
f 730/453/626 729/451/624 744/460/631
f 722/452/625 737/461/632 738/463/634
f 724/442/615 723/454/627 738/463/634
f 716/456/628 731/465/635 732/468/637
f 725/443/616 724/442/615 739/467/636
f 717/458/629 732/468/637 733/470/639
f 726/445/618 725/443/616 740/469/638
f 718/444/617 733/470/639 734/472/641
f 727/447/620 726/445/618 741/471/640
f 719/446/619 734/472/641 735/474/643
f 728/449/622 727/447/620 742/473/642
f 720/448/621 735/474/643 736/475/644
f 732/468/637 747/491/659 748/476/645
f 741/471/640 740/469/638 755/477/646
f 733/470/639 748/476/645 749/479/648
f 742/473/642 741/471/640 756/478/647
f 734/472/641 749/479/648 750/481/650
f 743/459/630 742/473/642 757/480/649
f 735/474/643 750/481/650 751/483/652
f 744/460/631 743/459/630 758/482/651
f 736/475/644 751/483/652 752/485/654
f 745/462/633 744/460/631 759/484/653
f 737/461/632 752/485/654 753/67/656
f 739/467/636 738/463/634 753/67/656
f 731/465/635 746/488/657 747/491/659
f 740/469/638 739/467/636 754/490/658
f 752/492/654 751/521/652 766/493/660
f 759/495/653 774/522/674 775/496/662
f 753/8/656 752/492/654 767/494/661
f 753/8/656 768/498/663 769/503/665
f 747/505/659 746/499/657 761/501/664
f 754/504/658 769/503/665 770/507/667
f 748/509/645 747/505/659 762/506/666
f 755/508/646 770/507/667 771/511/669
f 749/513/648 748/509/645 763/510/668
f 756/512/647 771/511/669 772/515/671
f 750/517/650 749/513/648 764/514/670
f 757/516/649 772/515/671 773/519/673
f 751/521/652 750/517/650 765/518/672
f 758/520/651 773/519/673 774/522/674
f 770/507/667 785/539/689 786/523/675
f 764/514/670 763/510/668 778/524/676
f 771/511/669 786/523/675 787/526/678
f 765/518/672 764/514/670 779/525/677
f 772/515/671 787/526/678 788/528/680
f 766/493/660 765/518/672 780/527/679
f 773/519/673 788/528/680 789/530/682
f 767/494/661 766/493/660 781/529/681
f 774/522/674 789/530/682 790/532/684
f 768/498/663 767/494/661 782/531/683
f 768/498/663 783/533/685 784/537/687
f 762/506/666 761/501/664 776/535/686
f 769/503/665 784/537/687 785/539/689
f 763/510/668 762/506/666 777/538/688
f 789/530/682 804/556/704 805/540/690
f 783/533/685 782/531/683 797/541/691
f 783/533/685 798/542/692 799/546/694
f 777/538/688 776/535/686 791/544/693
f 784/537/687 799/546/694 800/548/696
f 778/524/676 777/538/688 792/547/695
f 785/539/689 800/548/696 801/550/698
f 779/525/677 778/524/676 793/549/697
f 786/523/675 801/550/698 802/552/700
f 780/527/679 779/525/677 794/551/699
f 787/526/678 802/552/700 803/554/702
f 781/529/681 780/527/679 795/553/701
f 788/528/680 803/554/702 804/556/704
f 782/531/683 781/529/681 796/555/703
f 794/551/699 793/549/697 808/557/705
f 801/550/698 816/573/719 817/559/707
f 795/553/701 794/551/699 809/558/706
f 802/552/700 817/559/707 818/561/709
f 796/555/703 795/553/701 810/560/708
f 803/554/702 818/561/709 819/563/711
f 797/541/691 796/555/703 811/562/710
f 804/556/704 819/563/711 820/565/713
f 798/542/692 797/541/691 812/564/712
f 798/542/692 813/566/714 814/570/716
f 792/547/695 791/544/693 806/568/715
f 799/546/694 814/570/716 815/572/718
f 793/549/697 792/547/695 807/571/717
f 800/548/696 815/572/718 816/573/719
f 813/566/714 812/564/712 827/574/720
f 813/566/714 828/575/721 829/580/724
f 807/571/717 806/568/715 821/577/722
f 814/570/716 829/580/724 830/582/726
f 808/557/705 807/571/717 822/581/725
f 815/572/718 830/582/726 831/584/728
f 809/558/706 808/557/705 823/583/727
f 816/573/719 831/584/728 832/586/730
f 810/560/708 809/558/706 824/585/729
f 817/559/707 832/586/730 833/588/732
f 811/562/710 810/560/708 825/587/731
f 818/561/709 833/588/732 834/590/734
f 812/564/712 811/562/710 826/589/733
f 819/563/711 834/590/734 835/579/723
f 831/584/728 846/607/749 847/591/735
f 825/587/731 824/585/729 839/592/736
f 832/586/730 847/591/735 848/594/738
f 826/589/733 825/587/731 840/593/737
f 833/588/732 848/594/738 849/596/740
f 827/574/720 826/589/733 841/595/739
f 834/590/734 849/596/740 850/598/742
f 828/575/721 827/574/720 842/597/741
f 828/575/721 843/599/743 844/603/745
f 822/581/725 821/577/722 836/601/744
f 829/580/724 844/603/745 845/605/747
f 823/583/727 822/581/725 837/604/746
f 830/582/726 845/605/747 846/607/749
f 824/585/729 823/583/727 838/606/748
f 843/599/743 858/623/764 859/610/751
f 837/604/746 836/601/744 851/611/752
f 844/603/745 859/610/751 860/613/754
f 838/606/748 837/604/746 852/612/753
f 845/605/747 860/613/754 861/615/756
f 839/592/736 838/606/748 853/614/755
f 846/607/749 861/615/756 862/617/758
f 840/593/737 839/592/736 854/616/757
f 847/591/735 862/617/758 863/619/760
f 841/595/739 840/593/737 855/618/759
f 848/594/738 863/619/760 864/621/762
f 842/597/741 841/595/739 856/620/761
f 849/596/740 864/621/762 865/609/750
f 843/599/743 842/597/741 857/622/763
f 862/617/758 871/108/314 872/82/286
f 856/620/761 855/618/759 395/81/285
f 863/619/760 872/82/286 873/87/291
f 857/622/763 856/620/761 869/86/290
f 864/621/762 873/87/291 874/91/295
f 858/623/764 857/622/763 396/90/294
f 858/623/764 397/22/298 398/97/303
f 852/612/753 851/611/752 866/93/299
f 859/610/751 398/97/303 870/101/307
f 853/614/755 852/612/753 867/100/306
f 860/613/754 870/101/307 399/105/311
f 854/616/757 853/614/755 394/104/310
f 861/615/756 399/105/311 871/108/314
f 855/618/759 854/616/757 868/79/283
s 0
usemtl Material.035
f 878/90/765 890/24/765 879/22/765
f 1348/93/766 875/94/766 883/95/766
f 882/96/767 1356/91/767 897/92/767
f 880/97/768 890/24/768 891/98/768
f 1348/93/769 884/99/769 1349/100/769
f 1352/101/770 891/98/770 892/102/770
f 876/104/771 884/99/771 885/103/771
f 881/105/772 892/102/772 893/106/772
f 1350/79/773 885/103/773 886/107/773
f 881/105/774 894/83/774 1353/108/774
f 1350/79/775 887/80/775 877/81/775
f 1353/108/776 895/84/776 1354/82/776
f 877/81/777 888/85/777 1351/86/777
f 1355/87/778 895/84/778 896/88/778
f 1351/86/779 889/89/779 878/90/779
f 1356/91/780 896/88/780 897/92/780
f 888/85/781 904/117/781 889/89/781
f 896/88/782 912/118/782 897/92/782
f 890/24/783 904/117/783 905/26/783
f 883/95/784 875/119/784 898/120/784
f 882/121/785 897/92/785 912/118/785
f 890/24/786 906/122/786 891/98/786
f 883/95/787 899/123/787 884/99/787
f 891/98/788 907/109/788 892/102/788
f 884/99/789 900/124/789 885/103/789
f 893/106/790 907/109/790 908/110/790
f 885/103/791 901/111/791 886/107/791
f 894/83/792 908/110/792 909/112/792
f 886/107/793 902/113/793 887/80/793
f 895/84/794 909/112/794 910/114/794
f 887/80/795 903/115/795 888/85/795
f 896/88/796 910/114/796 911/116/796
f 908/110/797 922/132/797 923/134/797
f 901/111/798 915/133/798 916/135/798
f 909/112/799 923/134/799 924/136/799
f 902/113/800 916/135/800 917/137/800
f 909/112/801 925/138/801 910/114/801
f 903/115/802 917/137/802 918/139/802
f 910/114/803 926/125/803 911/116/803
f 904/117/804 918/139/804 919/140/804
f 911/116/805 927/126/805 912/118/805
f 905/26/806 919/140/806 920/28/806
f 898/120/807 875/127/807 913/128/807
f 882/129/808 912/118/808 927/126/808
f 906/122/809 920/28/809 921/130/809
f 898/120/810 914/131/810 899/123/810
f 907/109/811 921/130/811 922/132/811
f 900/124/812 914/131/812 915/133/812
f 927/126/813 941/146/813 942/148/813
f 919/140/814 935/29/814 920/28/814
f 913/128/815 875/149/815 928/150/815
f 882/151/816 927/126/816 942/148/816
f 920/28/817 936/152/817 921/130/817
f 913/128/818 929/153/818 914/131/818
f 921/130/819 937/154/819 922/132/819
f 914/131/820 930/155/820 915/133/820
f 922/132/821 938/141/821 923/134/821
f 915/133/822 931/156/822 916/135/822
f 924/136/823 938/141/823 939/142/823
f 917/137/824 931/156/824 932/143/824
f 925/138/825 939/142/825 940/144/825
f 917/137/826 933/145/826 918/139/826
f 926/125/827 940/144/827 941/146/827
f 919/140/828 933/145/828 934/147/828
f 930/155/829 946/166/829 931/156/829
f 939/142/830 953/165/830 954/167/830
f 931/156/831 947/168/831 932/143/831
f 939/142/832 955/169/832 940/144/832
f 932/143/833 948/170/833 933/145/833
f 941/146/834 955/169/834 956/171/834
f 933/145/835 949/172/835 934/147/835
f 942/148/836 956/171/836 957/160/836
f 934/147/837 950/31/837 935/29/837
f 928/150/838 875/157/838 943/158/838
f 882/159/839 942/148/839 957/160/839
f 936/152/840 950/31/840 951/161/840
f 928/150/841 944/162/841 929/153/841
f 936/152/842 952/163/842 937/154/842
f 929/153/843 945/164/843 930/155/843
f 937/154/844 953/165/844 938/141/844
f 950/31/845 964/178/845 965/33/845
f 943/158/846 875/180/846 958/181/846
f 882/182/847 957/160/847 972/179/847
f 951/161/848 965/33/848 966/183/848
f 944/162/849 958/181/849 959/184/849
f 951/161/850 967/185/850 952/163/850
f 945/164/851 959/184/851 960/186/851
f 953/165/852 967/185/852 968/187/852
f 945/164/853 961/188/853 946/166/853
f 953/165/854 969/174/854 954/167/854
f 947/168/855 961/188/855 962/173/855
f 954/167/856 970/175/856 955/169/856
f 947/168/857 963/176/857 948/170/857
f 955/169/858 971/177/858 956/171/858
f 949/172/859 963/176/859 964/178/859
f 956/171/860 972/179/860 957/160/860
f 969/174/861 983/193/861 984/195/861
f 962/173/862 976/194/862 977/196/862
f 969/174/863 985/197/863 970/175/863
f 962/173/864 978/198/864 963/176/864
f 970/175/865 986/199/865 971/177/865
f 964/178/866 978/198/866 979/200/866
f 972/179/867 986/199/867 987/201/867
f 964/178/868 980/35/868 965/33/868
f 958/181/869 875/202/869 973/203/869
f 882/204/870 972/179/870 987/201/870
f 966/183/871 980/35/871 981/189/871
f 958/181/872 974/190/872 959/184/872
f 966/183/873 982/191/873 967/185/873
f 960/186/874 974/190/874 975/192/874
f 968/187/875 982/191/875 983/193/875
f 960/186/876 976/194/876 961/188/876
f 882/214/877 987/201/877 1002/210/877
f 981/189/878 995/211/878 996/215/878
f 973/203/879 989/216/879 974/190/879
f 981/189/880 997/217/880 982/191/880
f 975/192/881 989/216/881 990/218/881
f 983/193/882 997/217/882 998/219/882
f 975/192/883 991/220/883 976/194/883
f 984/195/884 998/219/884 999/205/884
f 977/196/885 991/220/885 992/221/885
f 984/195/886 1000/206/886 985/197/886
f 977/196/887 993/207/887 978/198/887
f 985/197/888 1001/208/888 986/199/888
f 979/200/889 993/207/889 994/209/889
f 987/201/890 1001/208/890 1002/210/890
f 980/35/891 994/209/891 995/211/891
f 973/203/892 875/212/892 988/213/892
f 999/205/893 1015/230/893 1000/206/893
f 992/221/894 1008/231/894 993/207/894
f 1000/206/895 1016/232/895 1001/208/895
f 993/207/896 1009/233/896 994/209/896
f 1002/210/897 1016/232/897 1017/234/897
f 994/209/898 1010/235/898 995/211/898
f 988/213/899 875/236/899 1003/222/899
f 882/237/900 1002/210/900 1017/234/900
f 995/211/901 1011/238/901 996/215/901
f 988/213/902 1004/223/902 989/216/902
f 996/215/903 1012/224/903 997/217/903
f 989/216/904 1005/225/904 990/218/904
f 998/219/905 1012/224/905 1013/226/905
f 990/218/906 1006/227/906 991/220/906
f 999/205/907 1013/226/907 1014/228/907
f 992/221/908 1006/227/908 1007/229/908
f 1004/223/909 1018/246/909 1019/249/909
f 1011/238/910 1027/250/910 1012/224/910
f 1005/225/911 1019/249/911 1020/251/911
f 1012/224/912 1028/252/912 1013/226/912
f 1005/225/913 1021/253/913 1006/227/913
f 1013/226/914 1029/254/914 1014/228/914
f 1007/229/915 1021/253/915 1022/239/915
f 1014/228/916 1030/255/916 1015/230/916
f 1007/229/917 1023/240/917 1008/231/917
f 1016/232/918 1030/255/918 1031/241/918
f 1009/233/919 1023/240/919 1024/242/919
f 1016/232/920 1032/243/920 1017/234/920
f 1010/235/921 1024/242/921 1025/244/921
f 1003/222/922 875/245/922 1018/246/922
f 882/247/923 1017/234/923 1032/243/923
f 1011/238/924 1025/244/924 1026/248/924
f 1022/239/925 1038/264/925 1023/240/925
f 1031/241/926 1045/263/926 1046/265/926
f 1024/242/927 1038/264/927 1039/266/927
f 1031/241/928 1047/267/928 1032/243/928
f 1024/242/929 1040/268/929 1025/244/929
f 1018/246/930 875/269/930 1033/270/930
f 882/271/931 1032/243/931 1047/267/931
f 1026/248/932 1040/268/932 1041/272/932
f 1018/246/933 1034/257/933 1019/249/933
f 1027/250/934 1041/272/934 1042/256/934
f 1020/251/935 1034/257/935 1035/258/935
f 1028/252/936 1042/256/936 1043/259/936
f 1020/251/937 1036/260/937 1021/253/937
f 1028/252/938 1044/261/938 1029/254/938
f 1022/239/939 1036/260/939 1037/262/939
f 1030/255/940 1044/261/940 1045/263/940
f 1041/272/941 1057/283/941 1042/256/941
f 1034/257/942 1050/284/942 1035/258/942
f 1043/259/943 1057/283/943 1058/285/943
f 1035/258/944 1051/286/944 1036/260/944
f 1044/261/945 1058/285/945 1059/287/945
f 1037/262/946 1051/286/946 1052/288/946
f 1045/263/947 1059/287/947 1060/289/947
f 1037/262/948 1053/274/948 1038/264/948
f 1046/265/949 1060/289/949 1061/273/949
f 1039/266/950 1053/274/950 1054/275/950
f 1047/267/951 1061/273/951 1062/276/951
f 1040/268/952 1054/275/952 1055/277/952
f 1033/270/953 875/278/953 1048/279/953
f 882/280/954 1047/267/954 1062/276/954
f 1041/272/955 1055/277/955 1056/281/955
f 1033/270/956 1049/282/956 1034/257/956
f 1060/289/957 1076/297/957 1061/273/957
f 1054/275/958 1068/296/958 1069/298/958
f 1061/273/959 1077/299/959 1062/276/959
f 1055/277/960 1069/298/960 1070/300/960
f 1048/279/961 875/301/961 1063/302/961
f 882/303/962 1062/276/962 1077/299/962
f 1056/281/963 1070/300/963 1071/304/963
f 1049/282/964 1063/302/964 1064/305/964
f 1056/281/965 1072/306/965 1057/283/965
f 1050/284/966 1064/305/966 1065/291/966
f 1058/285/967 1072/306/967 1073/290/967
f 1050/284/968 1066/292/968 1051/286/968
f 1059/287/969 1073/290/969 1074/293/969
f 1052/288/970 1066/292/970 1067/294/970
f 1060/289/971 1074/293/971 1075/295/971
f 1053/274/972 1067/294/972 1068/296/972
f 1065/291/973 1079/314/973 1080/316/973
f 1072/306/974 1088/317/974 1073/290/974
f 1065/291/975 1081/318/975 1066/292/975
f 1073/290/976 1089/319/976 1074/293/976
f 1067/294/977 1081/318/977 1082/320/977
f 1075/295/978 1089/319/978 1090/321/978
f 1067/294/979 1083/322/979 1068/296/979
f 1076/297/980 1090/321/980 1091/323/980
f 1069/298/981 1083/322/981 1084/308/981
f 1077/299/982 1091/323/982 1092/307/982
f 1070/300/983 1084/308/983 1085/309/983
f 1063/302/984 875/310/984 1078/311/984
f 882/312/985 1077/299/985 1092/307/985
f 1070/300/986 1086/313/986 1071/304/986
f 1063/302/987 1079/314/987 1064/305/987
f 1071/304/988 1087/315/988 1072/306/988
f 1084/308/989 1098/329/989 1099/331/989
f 1091/323/990 1107/332/990 1092/307/990
f 1084/308/991 1100/333/991 1085/309/991
f 1078/311/992 875/334/992 1093/335/992
f 882/336/993 1092/307/993 1107/332/993
f 1086/313/994 1100/333/994 1101/337/994
f 1078/311/995 1094/338/995 1079/314/995
f 1086/313/996 1102/339/996 1087/315/996
f 1079/314/997 1095/324/997 1080/316/997
f 1088/317/998 1102/339/998 1103/340/998
f 1080/316/999 1096/325/999 1081/318/999
f 1089/319/1000 1103/340/1000 1104/326/1000
f 1082/320/1001 1096/325/1001 1097/327/1001
f 1089/319/1002 1105/328/1002 1090/321/1002
f 1083/322/1003 1097/327/1003 1098/329/1003
f 1090/321/1004 1106/330/1004 1091/323/1004
f 1102/339/1005 1118/351/1005 1103/340/1005
f 1095/324/1006 1111/352/1006 1096/325/1006
f 1103/340/1007 1119/2/1007 1104/326/1007
f 1097/327/1008 1111/352/1008 1112/353/1008
f 1104/326/1009 1120/354/1009 1105/328/1009
f 1097/327/1010 1113/355/1010 1098/329/1010
f 1105/328/1011 1121/356/1011 1106/330/1011
f 1099/331/1012 1113/355/1012 1114/341/1012
f 1107/332/1013 1121/356/1013 1122/346/1013
f 1100/333/1014 1114/341/1014 1115/342/1014
f 1093/335/1015 875/343/1015 1108/344/1015
f 882/345/1016 1107/332/1016 1122/346/1016
f 1100/333/1017 1116/347/1017 1101/337/1017
f 1094/338/1018 1108/344/1018 1109/348/1018
f 1102/339/1019 1116/347/1019 1117/349/1019
f 1094/338/1020 1110/350/1020 1095/324/1020
f 1121/356/1021 1137/364/1021 1122/346/1021
f 1114/341/1022 1130/365/1022 1115/342/1022
f 1108/344/1023 875/366/1023 1123/367/1023
f 882/368/1024 1122/346/1024 1137/364/1024
f 1115/342/1025 1131/369/1025 1116/347/1025
f 1108/344/1026 1124/370/1026 1109/348/1026
f 1117/349/1027 1131/369/1027 1132/371/1027
f 1110/350/1028 1124/370/1028 1125/372/1028
f 1118/351/1029 1132/371/1029 1133/357/1029
f 1110/350/1030 1126/373/1030 1111/352/1030
f 1119/2/1031 1133/357/1031 1134/358/1031
f 1112/353/1032 1126/373/1032 1127/359/1032
f 1120/354/1033 1134/358/1033 1135/360/1033
f 1113/355/1034 1127/359/1034 1128/361/1034
f 1121/356/1035 1135/360/1035 1136/362/1035
f 1113/355/1036 1129/363/1036 1114/341/1036
f 1134/358/1037 1148/383/1037 1149/385/1037
f 1126/373/1038 1142/386/1038 1127/359/1038
f 1135/360/1039 1149/385/1039 1150/387/1039
f 1127/359/1040 1143/388/1040 1128/361/1040
f 1135/360/1041 1151/389/1041 1136/362/1041
f 1128/361/1042 1144/390/1042 1129/363/1042
f 1136/362/1043 1152/377/1043 1137/364/1043
f 1130/365/1044 1144/390/1044 1145/378/1044
f 1123/367/1045 875/374/1045 1138/375/1045
f 882/376/1046 1137/364/1046 1152/377/1046
f 1130/365/1047 1146/379/1047 1131/369/1047
f 1124/370/1048 1138/375/1048 1139/380/1048
f 1132/371/1049 1146/379/1049 1147/381/1049
f 1124/370/1050 1140/382/1050 1125/372/1050
f 1133/357/1051 1147/381/1051 1148/383/1051
f 1126/373/1052 1140/382/1052 1141/384/1052
f 1138/375/1053 875/399/1053 1153/400/1053
f 882/401/1054 1152/377/1054 1167/397/1054
f 1145/378/1055 1161/402/1055 1146/379/1055
f 1138/375/1056 1154/403/1056 1139/380/1056
f 1147/381/1057 1161/402/1057 1162/404/1057
f 1140/382/1058 1154/403/1058 1155/405/1058
f 1147/381/1059 1163/406/1059 1148/383/1059
f 1141/384/1060 1155/405/1060 1156/407/1060
f 1149/385/1061 1163/406/1061 1164/392/1061
f 1142/386/1062 1156/407/1062 1157/391/1062
f 1150/387/1063 1164/392/1063 1165/393/1063
f 1142/386/1064 1158/394/1064 1143/388/1064
f 1151/389/1065 1165/393/1065 1166/395/1065
f 1143/388/1066 1159/396/1066 1144/390/1066
f 1152/377/1067 1166/395/1067 1167/397/1067
f 1144/390/1068 1160/398/1068 1145/378/1068
f 1156/407/1069 1172/416/1069 1157/391/1069
f 1165/393/1070 1179/415/1070 1180/417/1070
f 1157/391/1071 1173/418/1071 1158/394/1071
f 1165/393/1072 1181/419/1072 1166/395/1072
f 1158/394/1073 1174/420/1073 1159/396/1073
f 1167/397/1074 1181/419/1074 1182/421/1074
f 1160/398/1075 1174/420/1075 1175/408/1075
f 1153/400/1076 875/422/1076 1168/423/1076
f 882/424/1077 1167/397/1077 1182/421/1077
f 1160/398/1078 1176/409/1078 1161/402/1078
f 1154/403/1079 1168/423/1079 1169/410/1079
f 1162/404/1080 1176/409/1080 1177/411/1080
f 1155/405/1081 1169/410/1081 1170/412/1081
f 1163/406/1082 1177/411/1082 1178/413/1082
f 1155/405/1083 1171/414/1083 1156/407/1083
f 1163/406/1084 1179/415/1084 1164/392/1084
f 1175/408/1085 1191/435/1085 1176/409/1085
f 1168/423/1086 1184/436/1086 1169/410/1086
f 1177/411/1087 1191/435/1087 1192/437/1087
f 1170/412/1088 1184/436/1088 1185/438/1088
f 1178/413/1089 1192/437/1089 1193/439/1089
f 1171/414/1090 1185/438/1090 1186/440/1090
f 1179/415/1091 1193/439/1091 1194/425/1091
f 1171/414/1092 1187/441/1092 1172/416/1092
f 1180/417/1093 1194/425/1093 1195/426/1093
f 1173/418/1094 1187/441/1094 1188/427/1094
f 1181/419/1095 1195/426/1095 1196/428/1095
f 1173/418/1096 1189/429/1096 1174/420/1096
f 1182/421/1097 1196/428/1097 1197/430/1097
f 1174/420/1098 1190/431/1098 1175/408/1098
f 1168/423/1099 875/432/1099 1183/433/1099
f 882/434/1100 1182/421/1100 1197/430/1100
f 1195/426/1101 1209/447/1101 1210/449/1101
f 1187/441/1102 1203/450/1102 1188/427/1102
f 1195/426/1103 1211/451/1103 1196/428/1103
f 1189/429/1104 1203/450/1104 1204/452/1104
f 1196/428/1105 1212/453/1105 1197/430/1105
f 1189/429/1106 1205/454/1106 1190/431/1106
f 1183/433/1107 875/455/1107 1198/456/1107
f 882/457/1108 1197/430/1108 1212/453/1108
f 1190/431/1109 1206/442/1109 1191/435/1109
f 1184/436/1110 1198/456/1110 1199/458/1110
f 1192/437/1111 1206/442/1111 1207/443/1111
f 1184/436/1112 1200/444/1112 1185/438/1112
f 1193/439/1113 1207/443/1113 1208/445/1113
f 1185/438/1114 1201/446/1114 1186/440/1114
f 1193/439/1115 1209/447/1115 1194/425/1115
f 1187/441/1116 1201/446/1116 1202/448/1116
f 1198/456/1117 1214/468/1117 1199/458/1117
f 1206/442/1118 1222/469/1118 1207/443/1118
f 1200/444/1119 1214/468/1119 1215/470/1119
f 1208/445/1120 1222/469/1120 1223/471/1120
f 1200/444/1121 1216/472/1121 1201/446/1121
f 1208/445/1122 1224/473/1122 1209/447/1122
f 1202/448/1123 1216/472/1123 1217/474/1123
f 1209/447/1124 1225/459/1124 1210/449/1124
f 1203/450/1125 1217/474/1125 1218/475/1125
f 1210/449/1126 1226/460/1126 1211/451/1126
f 1204/452/1127 1218/475/1127 1219/461/1127
f 1212/453/1128 1226/460/1128 1227/462/1128
f 1205/454/1129 1219/461/1129 1220/463/1129
f 1198/456/1130 875/464/1130 1213/465/1130
f 882/466/1131 1212/453/1131 1227/462/1131
f 1206/442/1132 1220/463/1132 1221/467/1132
f 1217/474/1133 1233/483/1133 1218/475/1133
f 1226/460/1134 1240/482/1134 1241/484/1134
f 1218/475/1135 1234/485/1135 1219/461/1135
f 1227/462/1136 1241/484/1136 1242/486/1136
f 1220/463/1137 1234/485/1137 1235/67/1137
f 1213/465/1138 875/487/1138 1228/488/1138
f 882/489/1139 1227/462/1139 1242/486/1139
f 1220/463/1140 1236/490/1140 1221/467/1140
f 1214/468/1141 1228/488/1141 1229/491/1141
f 1221/467/1142 1237/477/1142 1222/469/1142
f 1214/468/1143 1230/476/1143 1215/470/1143
f 1223/471/1144 1237/477/1144 1238/478/1144
f 1215/470/1145 1231/479/1145 1216/472/1145
f 1224/473/1146 1238/478/1146 1239/480/1146
f 1216/472/1147 1232/481/1147 1217/474/1147
f 1225/459/1148 1239/480/1148 1240/482/1148
f 1237/508/1149 1251/503/1149 1252/507/1149
f 1229/505/1150 1245/510/1150 1230/509/1150
f 1237/508/1151 1253/511/1151 1238/512/1151
f 1231/513/1152 1245/510/1152 1246/514/1152
f 1238/512/1153 1254/515/1153 1239/516/1153
f 1231/513/1154 1247/518/1154 1232/517/1154
f 1240/520/1155 1254/515/1155 1255/519/1155
f 1233/521/1156 1247/518/1156 1248/493/1156
f 1241/495/1157 1255/519/1157 1256/522/1157
f 1233/521/1158 1249/494/1158 1234/492/1158
f 1242/497/1159 1256/522/1159 1257/496/1159
f 1235/8/1160 1249/494/1160 1250/498/1160
f 1228/499/1161 875/500/1161 1243/501/1161
f 882/502/1162 1242/497/1162 1257/496/1162
f 1236/504/1163 1250/498/1163 1251/503/1163
f 1228/499/1164 1244/506/1164 1229/505/1164
f 1255/519/1165 1271/530/1165 1256/522/1165
f 1249/494/1166 1263/529/1166 1264/531/1166
f 1257/496/1167 1271/530/1167 1272/532/1167
f 1249/494/1168 1265/533/1168 1250/498/1168
f 1243/501/1169 875/534/1169 1258/535/1169
f 882/536/1170 1257/496/1170 1272/532/1170
f 1250/498/1171 1266/537/1171 1251/503/1171
f 1244/506/1172 1258/535/1172 1259/538/1172
f 1251/503/1173 1267/539/1173 1252/507/1173
f 1244/506/1174 1260/524/1174 1245/510/1174
f 1253/511/1175 1267/539/1175 1268/523/1175
f 1246/514/1176 1260/524/1176 1261/525/1176
f 1253/511/1177 1269/526/1177 1254/515/1177
f 1246/514/1178 1262/527/1178 1247/518/1178
f 1254/515/1179 1270/528/1179 1255/519/1179
f 1247/518/1180 1263/529/1180 1248/493/1180
f 1268/523/1181 1282/548/1181 1283/550/1181
f 1260/524/1182 1276/551/1182 1261/525/1182
f 1268/523/1183 1284/552/1183 1269/526/1183
f 1262/527/1184 1276/551/1184 1277/553/1184
f 1270/528/1185 1284/552/1185 1285/554/1185
f 1262/527/1186 1278/555/1186 1263/529/1186
f 1270/528/1187 1286/556/1187 1271/530/1187
f 1264/531/1188 1278/555/1188 1279/541/1188
f 1271/530/1189 1287/540/1189 1272/532/1189
f 1264/531/1190 1280/542/1190 1265/533/1190
f 1258/535/1191 875/543/1191 1273/544/1191
f 882/545/1192 1272/532/1192 1287/540/1192
f 1266/537/1193 1280/542/1193 1281/546/1193
f 1258/535/1194 1274/547/1194 1259/538/1194
f 1266/537/1195 1282/548/1195 1267/539/1195
f 1259/538/1196 1275/549/1196 1260/524/1196
f 1286/556/1197 1302/565/1197 1287/540/1197
f 1279/541/1198 1295/566/1198 1280/542/1198
f 1273/544/1199 875/567/1199 1288/568/1199
f 882/569/1200 1287/540/1200 1302/565/1200
f 1281/546/1201 1295/566/1201 1296/570/1201
f 1273/544/1202 1289/571/1202 1274/547/1202
f 1281/546/1203 1297/572/1203 1282/548/1203
f 1274/547/1204 1290/557/1204 1275/549/1204
f 1282/548/1205 1298/573/1205 1283/550/1205
f 1275/549/1206 1291/558/1206 1276/551/1206
f 1283/550/1207 1299/559/1207 1284/552/1207
f 1276/551/1208 1292/560/1208 1277/553/1208
f 1284/552/1209 1300/561/1209 1285/554/1209
f 1277/553/1210 1293/562/1210 1278/555/1210
f 1286/556/1211 1300/561/1211 1301/563/1211
f 1278/555/1212 1294/564/1212 1279/541/1212
f 1291/558/1213 1305/583/1213 1306/585/1213
f 1299/559/1214 1313/584/1214 1314/586/1214
f 1292/560/1215 1306/585/1215 1307/587/1215
f 1300/561/1216 1314/586/1216 1315/588/1216
f 1292/560/1217 1308/589/1217 1293/562/1217
f 1300/561/1218 1316/590/1218 1301/563/1218
f 1294/564/1219 1308/589/1219 1309/574/1219
f 1302/565/1220 1316/590/1220 1317/579/1220
f 1294/564/1221 1310/575/1221 1295/566/1221
f 1288/568/1222 875/576/1222 1303/577/1222
f 882/578/1223 1302/565/1223 1317/579/1223
f 1295/566/1224 1311/580/1224 1296/570/1224
f 1288/568/1225 1304/581/1225 1289/571/1225
f 1297/572/1226 1311/580/1226 1312/582/1226
f 1290/557/1227 1304/581/1227 1305/583/1227
f 1297/572/1228 1313/584/1228 1298/573/1228
f 1310/575/1229 1324/597/1229 1325/599/1229
f 1303/577/1230 875/600/1230 1318/601/1230
f 882/602/1231 1317/579/1231 1332/598/1231
f 1311/580/1232 1325/599/1232 1326/603/1232
f 1304/581/1233 1318/601/1233 1319/604/1233
f 1311/580/1234 1327/605/1234 1312/582/1234
f 1305/583/1235 1319/604/1235 1320/606/1235
f 1312/582/1236 1328/607/1236 1313/584/1236
f 1305/583/1237 1321/592/1237 1306/585/1237
f 1314/586/1238 1328/607/1238 1329/591/1238
f 1306/585/1239 1322/593/1239 1307/587/1239
f 1314/586/1240 1330/594/1240 1315/588/1240
f 1307/587/1241 1323/595/1241 1308/589/1241
f 1316/590/1242 1330/594/1242 1331/596/1242
f 1309/574/1243 1323/595/1243 1324/597/1243
f 1316/590/1244 1332/598/1244 1317/579/1244
f 1329/591/1245 1343/615/1245 1344/617/1245
f 1322/593/1246 1336/616/1246 1337/618/1246
f 1329/591/1247 1345/619/1247 1330/594/1247
f 1322/593/1248 1338/620/1248 1323/595/1248
f 1330/594/1249 1346/621/1249 1331/596/1249
f 1323/595/1250 1339/622/1250 1324/597/1250
f 1332/598/1251 1346/621/1251 1347/609/1251
f 1324/597/1252 1340/623/1252 1325/599/1252
f 1318/601/1253 875/624/1253 1333/611/1253
f 882/608/1254 1332/598/1254 1347/609/1254
f 1326/603/1255 1340/623/1255 1341/610/1255
f 1318/601/1256 1334/612/1256 1319/604/1256
f 1327/605/1257 1341/610/1257 1342/613/1257
f 1319/604/1258 1335/614/1258 1320/606/1258
f 1328/607/1259 1342/613/1259 1343/615/1259
f 1321/592/1260 1335/614/1260 1336/616/1260
f 1333/611/1261 875/625/1261 1348/93/1261
f 882/626/1262 1347/609/1262 1356/91/1262
f 1340/623/1263 880/97/1263 1341/610/1263
f 1334/612/1264 1348/93/1264 1349/100/1264
f 1341/610/1265 1352/101/1265 1342/613/1265
f 1335/614/1266 1349/100/1266 876/104/1266
f 1342/613/1267 881/105/1267 1343/615/1267
f 1336/616/1268 876/104/1268 1350/79/1268
f 1344/617/1269 881/105/1269 1353/108/1269
f 1337/618/1270 1350/79/1270 877/81/1270
f 1345/619/1271 1353/108/1271 1354/82/1271
f 1338/620/1272 877/81/1272 1351/86/1272
f 1345/619/1273 1355/87/1273 1346/621/1273
f 1339/622/1274 1351/86/1274 878/90/1274
f 1346/621/1275 1356/91/1275 1347/609/1275
f 1340/623/1276 878/90/1276 879/22/1276
f 878/90/765 889/89/765 890/24/765
f 880/97/768 879/22/768 890/24/768
f 1348/93/769 883/95/769 884/99/769
f 1352/101/770 880/97/770 891/98/770
f 876/104/771 1349/100/771 884/99/771
f 881/105/1345 1352/101/1345 892/102/1345
f 1350/79/773 876/104/773 885/103/773
f 881/105/774 893/106/774 894/83/774
f 1350/79/775 886/107/775 887/80/775
f 1353/108/776 894/83/776 895/84/776
f 877/81/777 887/80/777 888/85/777
f 1355/87/778 1354/82/778 895/84/778
f 1351/86/779 888/85/779 889/89/779
f 1356/91/780 1355/87/780 896/88/780
f 888/85/1346 903/115/1346 904/117/1346
f 896/88/1347 911/116/1347 912/118/1347
f 890/24/1348 889/89/1348 904/117/1348
f 890/24/786 905/26/786 906/122/786
f 883/95/787 898/120/787 899/123/787
f 891/98/1349 906/122/1349 907/109/1349
f 884/99/789 899/123/789 900/124/789
f 893/106/790 892/102/790 907/109/790
f 885/103/1350 900/124/1350 901/111/1350
f 894/83/792 893/106/792 908/110/792
f 886/107/793 901/111/793 902/113/793
f 895/84/1351 894/83/1351 909/112/1351
f 887/80/795 902/113/795 903/115/795
f 896/88/1352 895/84/1352 910/114/1352
f 908/110/797 907/109/797 922/132/797
f 901/111/798 900/124/798 915/133/798
f 909/112/799 908/110/799 923/134/799
f 902/113/800 901/111/800 916/135/800
f 909/112/801 924/136/801 925/138/801
f 903/115/802 902/113/802 917/137/802
f 910/114/803 925/138/803 926/125/803
f 904/117/1353 903/115/1353 918/139/1353
f 911/116/1354 926/125/1354 927/126/1354
f 905/26/806 904/117/806 919/140/806
f 906/122/809 905/26/809 920/28/809
f 898/120/1355 913/128/1355 914/131/1355
f 907/109/811 906/122/811 921/130/811
f 900/124/812 899/123/812 914/131/812
f 927/126/813 926/125/813 941/146/813
f 919/140/814 934/147/814 935/29/814
f 920/28/817 935/29/817 936/152/817
f 913/128/818 928/150/818 929/153/818
f 921/130/819 936/152/819 937/154/819
f 914/131/820 929/153/820 930/155/820
f 922/132/1356 937/154/1356 938/141/1356
f 915/133/822 930/155/822 931/156/822
f 924/136/823 923/134/823 938/141/823
f 917/137/1357 916/135/1357 931/156/1357
f 925/138/1358 924/136/1358 939/142/1358
f 917/137/1359 932/143/1359 933/145/1359
f 926/125/827 925/138/827 940/144/827
f 919/140/828 918/139/828 933/145/828
f 930/155/1360 945/164/1360 946/166/1360
f 939/142/1361 938/141/1361 953/165/1361
f 931/156/831 946/166/831 947/168/831
f 939/142/832 954/167/832 955/169/832
f 932/143/833 947/168/833 948/170/833
f 941/146/834 940/144/834 955/169/834
f 933/145/835 948/170/835 949/172/835
f 942/148/836 941/146/836 956/171/836
f 934/147/837 949/172/837 950/31/837
f 936/152/840 935/29/840 950/31/840
f 928/150/1362 943/158/1362 944/162/1362
f 936/152/1363 951/161/1363 952/163/1363
f 929/153/843 944/162/843 945/164/843
f 937/154/1364 952/163/1364 953/165/1364
f 950/31/845 949/172/845 964/178/845
f 951/161/848 950/31/848 965/33/848
f 944/162/1365 943/158/1365 958/181/1365
f 951/161/850 966/183/850 967/185/850
f 945/164/851 944/162/851 959/184/851
f 953/165/852 952/163/852 967/185/852
f 945/164/853 960/186/853 961/188/853
f 953/165/1366 968/187/1366 969/174/1366
f 947/168/855 946/166/855 961/188/855
f 954/167/856 969/174/856 970/175/856
f 947/168/857 962/173/857 963/176/857
f 955/169/858 970/175/858 971/177/858
f 949/172/859 948/170/859 963/176/859
f 956/171/860 971/177/860 972/179/860
f 969/174/861 968/187/861 983/193/861
f 962/173/862 961/188/862 976/194/862
f 969/174/1367 984/195/1367 985/197/1367
f 962/173/1368 977/196/1368 978/198/1368
f 970/175/865 985/197/865 986/199/865
f 964/178/866 963/176/866 978/198/866
f 972/179/867 971/177/867 986/199/867
f 964/178/1369 979/200/1369 980/35/1369
f 966/183/1370 965/33/1370 980/35/1370
f 958/181/872 973/203/872 974/190/872
f 966/183/873 981/189/873 982/191/873
f 960/186/874 959/184/874 974/190/874
f 968/187/875 967/185/875 982/191/875
f 960/186/876 975/192/876 976/194/876
f 981/189/878 980/35/878 995/211/878
f 973/203/879 988/213/879 989/216/879
f 981/189/880 996/215/880 997/217/880
f 975/192/1371 974/190/1371 989/216/1371
f 983/193/1372 982/191/1372 997/217/1372
f 975/192/883 990/218/883 991/220/883
f 984/195/884 983/193/884 998/219/884
f 977/196/885 976/194/885 991/220/885
f 984/195/886 999/205/886 1000/206/886
f 977/196/887 992/221/887 993/207/887
f 985/197/1373 1000/206/1373 1001/208/1373
f 979/200/889 978/198/889 993/207/889
f 987/201/890 986/199/890 1001/208/890
f 980/35/891 979/200/891 994/209/891
f 999/205/893 1014/228/893 1015/230/893
f 992/221/894 1007/229/894 1008/231/894
f 1000/206/895 1015/230/895 1016/232/895
f 993/207/896 1008/231/896 1009/233/896
f 1002/210/1374 1001/208/1374 1016/232/1374
f 994/209/898 1009/233/898 1010/235/898
f 995/211/901 1010/235/901 1011/238/901
f 988/213/1375 1003/222/1375 1004/223/1375
f 996/215/903 1011/238/903 1012/224/903
f 989/216/1376 1004/223/1376 1005/225/1376
f 998/219/905 997/217/905 1012/224/905
f 990/218/1377 1005/225/1377 1006/227/1377
f 999/205/907 998/219/907 1013/226/907
f 992/221/908 991/220/908 1006/227/908
f 1004/223/909 1003/222/909 1018/246/909
f 1011/238/1378 1026/248/1378 1027/250/1378
f 1005/225/1379 1004/223/1379 1019/249/1379
f 1012/224/912 1027/250/912 1028/252/912
f 1005/225/1380 1020/251/1380 1021/253/1380
f 1013/226/914 1028/252/914 1029/254/914
f 1007/229/915 1006/227/915 1021/253/915
f 1014/228/1381 1029/254/1381 1030/255/1381
f 1007/229/917 1022/239/917 1023/240/917
f 1016/232/1382 1015/230/1382 1030/255/1382
f 1009/233/1383 1008/231/1383 1023/240/1383
f 1016/232/920 1031/241/920 1032/243/920
f 1010/235/921 1009/233/921 1024/242/921
f 1011/238/1384 1010/235/1384 1025/244/1384
f 1022/239/925 1037/262/925 1038/264/925
f 1031/241/926 1030/255/926 1045/263/926
f 1024/242/927 1023/240/927 1038/264/927
f 1031/241/1385 1046/265/1385 1047/267/1385
f 1024/242/929 1039/266/929 1040/268/929
f 1026/248/932 1025/244/932 1040/268/932
f 1018/246/1386 1033/270/1386 1034/257/1386
f 1027/250/934 1026/248/934 1041/272/934
f 1020/251/935 1019/249/935 1034/257/935
f 1028/252/936 1027/250/936 1042/256/936
f 1020/251/937 1035/258/937 1036/260/937
f 1028/252/938 1043/259/938 1044/261/938
f 1022/239/1387 1021/253/1387 1036/260/1387
f 1030/255/940 1029/254/940 1044/261/940
f 1041/272/941 1056/281/941 1057/283/941
f 1034/257/942 1049/282/942 1050/284/942
f 1043/259/943 1042/256/943 1057/283/943
f 1035/258/1388 1050/284/1388 1051/286/1388
f 1044/261/945 1043/259/945 1058/285/945
f 1037/262/946 1036/260/946 1051/286/946
f 1045/263/947 1044/261/947 1059/287/947
f 1037/262/948 1052/288/948 1053/274/948
f 1046/265/949 1045/263/949 1060/289/949
f 1039/266/950 1038/264/950 1053/274/950
f 1047/267/951 1046/265/951 1061/273/951
f 1040/268/952 1039/266/952 1054/275/952
f 1041/272/955 1040/268/955 1055/277/955
f 1033/270/956 1048/279/956 1049/282/956
f 1060/289/957 1075/295/957 1076/297/957
f 1054/275/958 1053/274/958 1068/296/958
f 1061/273/959 1076/297/959 1077/299/959
f 1055/277/960 1054/275/960 1069/298/960
f 1056/281/963 1055/277/963 1070/300/963
f 1049/282/964 1048/279/964 1063/302/964
f 1056/281/965 1071/304/965 1072/306/965
f 1050/284/966 1049/282/966 1064/305/966
f 1058/285/967 1057/283/967 1072/306/967
f 1050/284/1389 1065/291/1389 1066/292/1389
f 1059/287/969 1058/285/969 1073/290/969
f 1052/288/1390 1051/286/1390 1066/292/1390
f 1060/289/1391 1059/287/1391 1074/293/1391
f 1053/274/1392 1052/288/1392 1067/294/1392
f 1065/291/973 1064/305/973 1079/314/973
f 1072/306/974 1087/315/974 1088/317/974
f 1065/291/975 1080/316/975 1081/318/975
f 1073/290/976 1088/317/976 1089/319/976
f 1067/294/1393 1066/292/1393 1081/318/1393
f 1075/295/978 1074/293/978 1089/319/978
f 1067/294/979 1082/320/979 1083/322/979
f 1076/297/980 1075/295/980 1090/321/980
f 1069/298/981 1068/296/981 1083/322/981
f 1077/299/1394 1076/297/1394 1091/323/1394
f 1070/300/983 1069/298/983 1084/308/983
f 1070/300/986 1085/309/986 1086/313/986
f 1063/302/987 1078/311/987 1079/314/987
f 1071/304/988 1086/313/988 1087/315/988
f 1084/308/989 1083/322/989 1098/329/989
f 1091/323/1395 1106/330/1395 1107/332/1395
f 1084/308/991 1099/331/991 1100/333/991
f 1086/313/1396 1085/309/1396 1100/333/1396
f 1078/311/995 1093/335/995 1094/338/995
f 1086/313/996 1101/337/996 1102/339/996
f 1079/314/997 1094/338/997 1095/324/997
f 1088/317/1397 1087/315/1397 1102/339/1397
f 1080/316/1398 1095/324/1398 1096/325/1398
f 1089/319/1000 1088/317/1000 1103/340/1000
f 1082/320/1001 1081/318/1001 1096/325/1001
f 1089/319/1399 1104/326/1399 1105/328/1399
f 1083/322/1400 1082/320/1400 1097/327/1400
f 1090/321/1004 1105/328/1004 1106/330/1004
f 1102/339/1401 1117/349/1401 1118/351/1401
f 1095/324/1006 1110/350/1006 1111/352/1006
f 1103/340/1007 1118/351/1007 1119/2/1007
f 1097/327/1008 1096/325/1008 1111/352/1008
f 1104/326/1009 1119/2/1009 1120/354/1009
f 1097/327/1010 1112/353/1010 1113/355/1010
f 1105/328/1402 1120/354/1402 1121/356/1402
f 1099/331/1012 1098/329/1012 1113/355/1012
f 1107/332/1013 1106/330/1013 1121/356/1013
f 1100/333/1014 1099/331/1014 1114/341/1014
f 1100/333/1403 1115/342/1403 1116/347/1403
f 1094/338/1018 1093/335/1018 1108/344/1018
f 1102/339/1019 1101/337/1019 1116/347/1019
f 1094/338/1020 1109/348/1020 1110/350/1020
f 1121/356/1404 1136/362/1404 1137/364/1404
f 1114/341/1022 1129/363/1022 1130/365/1022
f 1115/342/1025 1130/365/1025 1131/369/1025
f 1108/344/1026 1123/367/1026 1124/370/1026
f 1117/349/1027 1116/347/1027 1131/369/1027
f 1110/350/1028 1109/348/1028 1124/370/1028
f 1118/351/1405 1117/349/1405 1132/371/1405
f 1110/350/1030 1125/372/1030 1126/373/1030
f 1119/2/1031 1118/351/1031 1133/357/1031
f 1112/353/1032 1111/352/1032 1126/373/1032
f 1120/354/1033 1119/2/1033 1134/358/1033
f 1113/355/1034 1112/353/1034 1127/359/1034
f 1121/356/1035 1120/354/1035 1135/360/1035
f 1113/355/1036 1128/361/1036 1129/363/1036
f 1134/358/1037 1133/357/1037 1148/383/1037
f 1126/373/1038 1141/384/1038 1142/386/1038
f 1135/360/1039 1134/358/1039 1149/385/1039
f 1127/359/1040 1142/386/1040 1143/388/1040
f 1135/360/1041 1150/387/1041 1151/389/1041
f 1128/361/1042 1143/388/1042 1144/390/1042
f 1136/362/1043 1151/389/1043 1152/377/1043
f 1130/365/1406 1129/363/1406 1144/390/1406
f 1130/365/1407 1145/378/1407 1146/379/1407
f 1124/370/1408 1123/367/1408 1138/375/1408
f 1132/371/1409 1131/369/1409 1146/379/1409
f 1124/370/1050 1139/380/1050 1140/382/1050
f 1133/357/1410 1132/371/1410 1147/381/1410
f 1126/373/1052 1125/372/1052 1140/382/1052
f 1145/378/1055 1160/398/1055 1161/402/1055
f 1138/375/1411 1153/400/1411 1154/403/1411
f 1147/381/1057 1146/379/1057 1161/402/1057
f 1140/382/1058 1139/380/1058 1154/403/1058
f 1147/381/1059 1162/404/1059 1163/406/1059
f 1141/384/1412 1140/382/1412 1155/405/1412
f 1149/385/1413 1148/383/1413 1163/406/1413
f 1142/386/1414 1141/384/1414 1156/407/1414
f 1150/387/1063 1149/385/1063 1164/392/1063
f 1142/386/1064 1157/391/1064 1158/394/1064
f 1151/389/1065 1150/387/1065 1165/393/1065
f 1143/388/1066 1158/394/1066 1159/396/1066
f 1152/377/1067 1151/389/1067 1166/395/1067
f 1144/390/1068 1159/396/1068 1160/398/1068
f 1156/407/1069 1171/414/1069 1172/416/1069
f 1165/393/1070 1164/392/1070 1179/415/1070
f 1157/391/1415 1172/416/1415 1173/418/1415
f 1165/393/1416 1180/417/1416 1181/419/1416
f 1158/394/1073 1173/418/1073 1174/420/1073
f 1167/397/1074 1166/395/1074 1181/419/1074
f 1160/398/1075 1159/396/1075 1174/420/1075
f 1160/398/1078 1175/408/1078 1176/409/1078
f 1154/403/1417 1153/400/1417 1168/423/1417
f 1162/404/1418 1161/402/1418 1176/409/1418
f 1155/405/1081 1154/403/1081 1169/410/1081
f 1163/406/1419 1162/404/1419 1177/411/1419
f 1155/405/1420 1170/412/1420 1171/414/1420
f 1163/406/1421 1178/413/1421 1179/415/1421
f 1175/408/1085 1190/431/1085 1191/435/1085
f 1168/423/1422 1183/433/1422 1184/436/1422
f 1177/411/1087 1176/409/1087 1191/435/1087
f 1170/412/1088 1169/410/1088 1184/436/1088
f 1178/413/1423 1177/411/1423 1192/437/1423
f 1171/414/1090 1170/412/1090 1185/438/1090
f 1179/415/1424 1178/413/1424 1193/439/1424
f 1171/414/1092 1186/440/1092 1187/441/1092
f 1180/417/1093 1179/415/1093 1194/425/1093
f 1173/418/1425 1172/416/1425 1187/441/1425
f 1181/419/1095 1180/417/1095 1195/426/1095
f 1173/418/1096 1188/427/1096 1189/429/1096
f 1182/421/1097 1181/419/1097 1196/428/1097
f 1174/420/1098 1189/429/1098 1190/431/1098
f 1195/426/1101 1194/425/1101 1209/447/1101
f 1187/441/1102 1202/448/1102 1203/450/1102
f 1195/426/1103 1210/449/1103 1211/451/1103
f 1189/429/1104 1188/427/1104 1203/450/1104
f 1196/428/1105 1211/451/1105 1212/453/1105
f 1189/429/1106 1204/452/1106 1205/454/1106
f 1190/431/1109 1205/454/1109 1206/442/1109
f 1184/436/1426 1183/433/1426 1198/456/1426
f 1192/437/1111 1191/435/1111 1206/442/1111
f 1184/436/1112 1199/458/1112 1200/444/1112
f 1193/439/1113 1192/437/1113 1207/443/1113
f 1185/438/1114 1200/444/1114 1201/446/1114
f 1193/439/1427 1208/445/1427 1209/447/1427
f 1187/441/1428 1186/440/1428 1201/446/1428
f 1198/456/1117 1213/465/1117 1214/468/1117
f 1206/442/1118 1221/467/1118 1222/469/1118
f 1200/444/1119 1199/458/1119 1214/468/1119
f 1208/445/1120 1207/443/1120 1222/469/1120
f 1200/444/1121 1215/470/1121 1216/472/1121
f 1208/445/1122 1223/471/1122 1224/473/1122
f 1202/448/1123 1201/446/1123 1216/472/1123
f 1209/447/1429 1224/473/1429 1225/459/1429
f 1203/450/1125 1202/448/1125 1217/474/1125
f 1210/449/1430 1225/459/1430 1226/460/1430
f 1204/452/1127 1203/450/1127 1218/475/1127
f 1212/453/1128 1211/451/1128 1226/460/1128
f 1205/454/1129 1204/452/1129 1219/461/1129
f 1206/442/1132 1205/454/1132 1220/463/1132
f 1217/474/1431 1232/481/1431 1233/483/1431
f 1226/460/1432 1225/459/1432 1240/482/1432
f 1218/475/1135 1233/483/1135 1234/485/1135
f 1227/462/1136 1226/460/1136 1241/484/1136
f 1220/463/1137 1219/461/1137 1234/485/1137
f 1220/463/1140 1235/67/1140 1236/490/1140
f 1214/468/1141 1213/465/1141 1228/488/1141
f 1221/467/1142 1236/490/1142 1237/477/1142
f 1214/468/1433 1229/491/1433 1230/476/1433
f 1223/471/1144 1222/469/1144 1237/477/1144
f 1215/470/1145 1230/476/1145 1231/479/1145
f 1224/473/1146 1223/471/1146 1238/478/1146
f 1216/472/1147 1231/479/1147 1232/481/1147
f 1225/459/1148 1224/473/1148 1239/480/1148
f 1237/508/1149 1236/504/1149 1251/503/1149
f 1229/505/1434 1244/506/1434 1245/510/1434
f 1237/508/1151 1252/507/1151 1253/511/1151
f 1231/513/1152 1230/509/1152 1245/510/1152
f 1238/512/1153 1253/511/1153 1254/515/1153
f 1231/513/1154 1246/514/1154 1247/518/1154
f 1240/520/1155 1239/516/1155 1254/515/1155
f 1233/521/1435 1232/517/1435 1247/518/1435
f 1241/495/1157 1240/520/1157 1255/519/1157
f 1233/521/1158 1248/493/1158 1249/494/1158
f 1242/497/1159 1241/495/1159 1256/522/1159
f 1235/8/1160 1234/492/1160 1249/494/1160
f 1236/504/1163 1235/8/1163 1250/498/1163
f 1228/499/1164 1243/501/1164 1244/506/1164
f 1255/519/1165 1270/528/1165 1271/530/1165
f 1249/494/1436 1248/493/1436 1263/529/1436
f 1257/496/1167 1256/522/1167 1271/530/1167
f 1249/494/1437 1264/531/1437 1265/533/1437
f 1250/498/1438 1265/533/1438 1266/537/1438
f 1244/506/1439 1243/501/1439 1258/535/1439
f 1251/503/1173 1266/537/1173 1267/539/1173
f 1244/506/1440 1259/538/1440 1260/524/1440
f 1253/511/1441 1252/507/1441 1267/539/1441
f 1246/514/1442 1245/510/1442 1260/524/1442
f 1253/511/1177 1268/523/1177 1269/526/1177
f 1246/514/1178 1261/525/1178 1262/527/1178
f 1254/515/1179 1269/526/1179 1270/528/1179
f 1247/518/1443 1262/527/1443 1263/529/1443
f 1268/523/1181 1267/539/1181 1282/548/1181
f 1260/524/1182 1275/549/1182 1276/551/1182
f 1268/523/1444 1283/550/1444 1284/552/1444
f 1262/527/1445 1261/525/1445 1276/551/1445
f 1270/528/1185 1269/526/1185 1284/552/1185
f 1262/527/1186 1277/553/1186 1278/555/1186
f 1270/528/1187 1285/554/1187 1286/556/1187
f 1264/531/1188 1263/529/1188 1278/555/1188
f 1271/530/1446 1286/556/1446 1287/540/1446
f 1264/531/1190 1279/541/1190 1280/542/1190
f 1266/537/1193 1265/533/1193 1280/542/1193
f 1258/535/1194 1273/544/1194 1274/547/1194
f 1266/537/1195 1281/546/1195 1282/548/1195
f 1259/538/1196 1274/547/1196 1275/549/1196
f 1286/556/1197 1301/563/1197 1302/565/1197
f 1279/541/1198 1294/564/1198 1295/566/1198
f 1281/546/1201 1280/542/1201 1295/566/1201
f 1273/544/1202 1288/568/1202 1289/571/1202
f 1281/546/1203 1296/570/1203 1297/572/1203
f 1274/547/1204 1289/571/1204 1290/557/1204
f 1282/548/1205 1297/572/1205 1298/573/1205
f 1275/549/1206 1290/557/1206 1291/558/1206
f 1283/550/1447 1298/573/1447 1299/559/1447
f 1276/551/1208 1291/558/1208 1292/560/1208
f 1284/552/1448 1299/559/1448 1300/561/1448
f 1277/553/1210 1292/560/1210 1293/562/1210
f 1286/556/1211 1285/554/1211 1300/561/1211
f 1278/555/1212 1293/562/1212 1294/564/1212
f 1291/558/1449 1290/557/1449 1305/583/1449
f 1299/559/1214 1298/573/1214 1313/584/1214
f 1292/560/1215 1291/558/1215 1306/585/1215
f 1300/561/1216 1299/559/1216 1314/586/1216
f 1292/560/1217 1307/587/1217 1308/589/1217
f 1300/561/1218 1315/588/1218 1316/590/1218
f 1294/564/1219 1293/562/1219 1308/589/1219
f 1302/565/1450 1301/563/1450 1316/590/1450
f 1294/564/1221 1309/574/1221 1310/575/1221
f 1295/566/1224 1310/575/1224 1311/580/1224
f 1288/568/1451 1303/577/1451 1304/581/1451
f 1297/572/1226 1296/570/1226 1311/580/1226
f 1290/557/1227 1289/571/1227 1304/581/1227
f 1297/572/1228 1312/582/1228 1313/584/1228
f 1310/575/1229 1309/574/1229 1324/597/1229
f 1311/580/1232 1310/575/1232 1325/599/1232
f 1304/581/1452 1303/577/1452 1318/601/1452
f 1311/580/1234 1326/603/1234 1327/605/1234
f 1305/583/1235 1304/581/1235 1319/604/1235
f 1312/582/1236 1327/605/1236 1328/607/1236
f 1305/583/1237 1320/606/1237 1321/592/1237
f 1314/586/1238 1313/584/1238 1328/607/1238
f 1306/585/1239 1321/592/1239 1322/593/1239
f 1314/586/1240 1329/591/1240 1330/594/1240
f 1307/587/1241 1322/593/1241 1323/595/1241
f 1316/590/1242 1315/588/1242 1330/594/1242
f 1309/574/1243 1308/589/1243 1323/595/1243
f 1316/590/1244 1331/596/1244 1332/598/1244
f 1329/591/1245 1328/607/1245 1343/615/1245
f 1322/593/1246 1321/592/1246 1336/616/1246
f 1329/591/1453 1344/617/1453 1345/619/1453
f 1322/593/1454 1337/618/1454 1338/620/1454
f 1330/594/1249 1345/619/1249 1346/621/1249
f 1323/595/1250 1338/620/1250 1339/622/1250
f 1332/598/1251 1331/596/1251 1346/621/1251
f 1324/597/1252 1339/622/1252 1340/623/1252
f 1326/603/1255 1325/599/1255 1340/623/1255
f 1318/601/1256 1333/611/1256 1334/612/1256
f 1327/605/1455 1326/603/1455 1341/610/1455
f 1319/604/1456 1334/612/1456 1335/614/1456
f 1328/607/1457 1327/605/1457 1342/613/1457
f 1321/592/1458 1320/606/1458 1335/614/1458
f 1340/623/1263 879/22/1263 880/97/1263
f 1334/612/1459 1333/611/1459 1348/93/1459
f 1341/610/1265 880/97/1265 1352/101/1265
f 1335/614/1460 1334/612/1460 1349/100/1460
f 1342/613/1461 1352/101/1461 881/105/1461
f 1336/616/1268 1335/614/1268 876/104/1268
f 1344/617/1269 1343/615/1269 881/105/1269
f 1337/618/1270 1336/616/1270 1350/79/1270
f 1345/619/1271 1344/617/1271 1353/108/1271
f 1338/620/1462 1337/618/1462 877/81/1462
f 1345/619/1463 1354/82/1463 1355/87/1463
f 1339/622/1274 1338/620/1274 1351/86/1274
f 1346/621/1464 1355/87/1464 1356/91/1464
f 1340/623/1276 1339/622/1276 878/90/1276
usemtl Material.032
f 1358/627/1277 1359/287/1277 1357/628/1277
f 1359/287/1278 1364/29/1278 1363/44/1278
f 1364/29/1279 1361/286/1279 1363/44/1279
f 1361/286/1280 1358/30/1280 1357/43/1280
f 1359/57/302 1361/286/302 1357/414/302
f 1360/15/300 1362/156/300 1364/29/300
f 1366/629/1281 1367/10/1281 1365/8/1281
f 1368/9/1282 1369/11/1282 1367/10/1282
f 1370/12/1283 1371/13/1283 1369/11/1283
f 1372/75/1284 1373/15/1284 1371/13/1284
f 1374/14/1285 1375/16/1285 1373/15/1285
f 1375/16/1286 1378/19/1286 1377/18/1286
f 1378/19/1287 1379/20/1287 1377/18/1287
f 1380/21/1288 1381/22/1288 1379/20/1288
f 1381/22/1289 1384/25/1289 1383/24/1289
f 1384/25/1290 1385/26/1290 1383/24/1290
f 1386/71/1291 1387/28/1291 1385/26/1291
f 1388/27/1292 1389/29/1292 1387/28/1292
f 1390/30/1293 1391/31/1293 1389/29/1293
f 1392/32/1294 1393/33/1294 1391/31/1294
f 1394/34/1295 1395/35/1295 1393/33/1295
f 1395/35/1296 1398/38/1296 1397/37/1296
f 1398/38/1297 1399/39/1297 1397/37/1297
f 1400/76/1298 1401/41/1298 1399/39/1298
f 1402/40/1299 1403/42/1299 1401/41/1299
f 1404/77/1300 1405/44/1300 1403/42/1300
f 1406/43/1301 1407/46/1301 1405/44/1301
f 1408/45/1302 1409/47/1302 1407/46/1302
f 1410/72/1303 1411/49/1303 1409/47/1303
f 1411/49/1304 1414/73/1304 1413/50/1304
f 1414/73/1305 1415/52/1305 1413/50/1305
f 1415/52/1306 1418/54/1306 1417/53/1306
f 1418/54/1307 1419/55/1307 1417/53/1307
f 1420/56/1308 1421/57/1308 1419/55/1308
f 1422/78/1309 1423/59/1309 1421/57/1309
f 1424/58/1310 1425/61/1310 1423/59/1310
f 1402/62/1280 1386/63/1280 1370/64/1280
f 1426/60/1311 1427/65/1311 1425/61/1311
f 1428/74/1312 1365/67/1312 1427/65/1312
f 1395/68/1278 1411/69/1278 1427/70/1278
f 1358/627/1277 1360/142/1277 1359/287/1277
f 1359/287/1278 1360/142/1278 1364/29/1278
f 1364/29/1279 1362/156/1279 1361/286/1279
f 1361/286/1280 1362/156/1280 1358/30/1280
f 1359/57/302 1363/44/302 1361/286/302
f 1360/15/300 1358/686/300 1362/156/300
f 1366/629/1281 1368/9/1281 1367/10/1281
f 1368/9/1282 1370/12/1282 1369/11/1282
f 1370/12/1283 1372/75/1283 1371/13/1283
f 1372/75/1284 1374/14/1284 1373/15/1284
f 1374/14/1285 1376/17/1285 1375/16/1285
f 1375/16/1286 1376/17/1286 1378/19/1286
f 1378/19/1287 1380/21/1287 1379/20/1287
f 1380/21/1288 1382/23/1288 1381/22/1288
f 1381/22/1289 1382/23/1289 1384/25/1289
f 1384/25/1290 1386/71/1290 1385/26/1290
f 1386/71/1291 1388/27/1291 1387/28/1291
f 1388/27/1292 1390/30/1292 1389/29/1292
f 1390/30/1293 1392/32/1293 1391/31/1293
f 1392/32/1465 1394/34/1465 1393/33/1465
f 1394/34/1295 1396/36/1295 1395/35/1295
f 1395/35/1296 1396/36/1296 1398/38/1296
f 1398/38/1297 1400/76/1297 1399/39/1297
f 1400/76/1298 1402/40/1298 1401/41/1298
f 1402/40/1299 1404/77/1299 1403/42/1299
f 1404/77/1300 1406/43/1300 1405/44/1300
f 1406/43/1301 1408/45/1301 1407/46/1301
f 1408/45/1302 1410/72/1302 1409/47/1302
f 1410/72/1303 1412/48/1303 1411/49/1303
f 1411/49/1304 1412/48/1304 1414/73/1304
f 1414/73/1305 1416/51/1305 1415/52/1305
f 1415/52/1306 1416/51/1306 1418/54/1306
f 1418/54/1307 1420/56/1307 1419/55/1307
f 1420/56/1308 1422/78/1308 1421/57/1308
f 1422/78/1309 1424/58/1309 1423/59/1309
f 1424/58/1310 1426/60/1310 1425/61/1310
f 1370/64/1280 1368/630/1280 1366/1/1280
f 1366/1/1280 1428/631/1280 1426/632/1280
f 1426/632/1280 1424/687/1280 1422/688/1280
f 1422/688/1280 1420/689/1280 1418/636/1280
f 1418/636/1280 1416/637/1280 1414/690/1280
f 1414/690/1280 1412/639/1280 1410/640/1280
f 1410/640/1280 1408/691/1280 1406/692/1280
f 1406/692/1280 1404/693/1280 1402/62/1280
f 1402/62/1280 1400/644/1280 1398/694/1280
f 1398/694/1280 1396/646/1280 1394/647/1280
f 1394/647/1280 1392/695/1280 1390/696/1280
f 1390/696/1280 1388/697/1280 1386/63/1280
f 1386/63/1280 1384/651/1280 1382/652/1280
f 1382/652/1280 1380/653/1280 1378/654/1280
f 1378/654/1280 1376/698/1280 1374/656/1280
f 1374/656/1280 1372/699/1280 1370/64/1280
f 1370/64/1280 1366/1/1280 1426/632/1280
f 1426/632/1280 1422/688/1280 1418/636/1280
f 1418/636/1280 1414/690/1280 1410/640/1280
f 1410/640/1280 1406/692/1280 1402/62/1280
f 1402/62/1280 1398/694/1280 1394/647/1280
f 1394/647/1280 1390/696/1280 1386/63/1280
f 1386/63/1280 1382/652/1280 1378/654/1280
f 1378/654/1280 1374/656/1280 1370/64/1280
f 1370/64/1280 1426/632/1280 1418/636/1280
f 1418/636/1280 1410/640/1280 1402/62/1280
f 1402/62/1280 1394/647/1280 1386/63/1280
f 1386/63/1280 1378/654/1280 1370/64/1280
f 1370/64/1280 1418/636/1280 1402/62/1280
f 1426/60/1311 1428/74/1311 1427/65/1311
f 1428/74/1312 1366/66/1312 1365/67/1312
f 1427/70/1278 1365/4/1278 1367/658/1278
f 1367/658/1278 1369/659/1278 1371/700/1278
f 1371/700/1278 1373/661/1278 1375/701/1278
f 1375/701/1278 1377/663/1278 1379/664/1278
f 1379/664/1278 1381/665/1278 1383/666/1278
f 1383/666/1278 1385/667/1278 1387/702/1278
f 1387/702/1278 1389/703/1278 1391/704/1278
f 1391/704/1278 1393/671/1278 1395/68/1278
f 1395/68/1278 1397/705/1278 1399/673/1278
f 1399/673/1278 1401/674/1278 1403/706/1278
f 1403/706/1278 1405/707/1278 1407/708/1278
f 1407/708/1278 1409/678/1278 1411/69/1278
f 1411/69/1278 1413/679/1278 1415/680/1278
f 1415/680/1278 1417/681/1278 1419/709/1278
f 1419/709/1278 1421/683/1278 1423/710/1278
f 1423/710/1278 1425/685/1278 1427/70/1278
f 1427/70/1278 1367/658/1278 1371/700/1278
f 1371/700/1278 1375/701/1278 1379/664/1278
f 1379/664/1278 1383/666/1278 1387/702/1278
f 1387/702/1278 1391/704/1278 1395/68/1278
f 1395/68/1278 1399/673/1278 1403/706/1278
f 1403/706/1278 1407/708/1278 1411/69/1278
f 1411/69/1278 1415/680/1278 1419/709/1278
f 1419/709/1278 1423/710/1278 1427/70/1278
f 1427/70/1278 1371/700/1278 1379/664/1278
f 1379/664/1278 1387/702/1278 1395/68/1278
f 1395/68/1278 1403/706/1278 1411/69/1278
f 1411/69/1278 1419/709/1278 1427/70/1278
f 1427/70/1278 1379/664/1278 1395/68/1278
usemtl Material.034
f 1430/627/1277 1431/287/1277 1429/628/1277
f 1432/142/1278 1435/44/1278 1431/287/1278
f 1435/44/1279 1434/156/1279 1433/286/1279
f 1434/156/1280 1429/43/1280 1433/286/1280
f 1435/44/302 1429/414/302 1431/57/302
f 1432/15/300 1434/156/300 1436/29/300
f 1438/629/1281 1439/10/1281 1437/8/1281
f 1440/9/1282 1441/11/1282 1439/10/1282
f 1441/11/1283 1444/75/1283 1443/13/1283
f 1444/75/1284 1445/15/1284 1443/13/1284
f 1446/14/1285 1447/16/1285 1445/15/1285
f 1448/17/1286 1449/18/1286 1447/16/1286
f 1449/18/1287 1452/21/1287 1451/20/1287
f 1452/21/1288 1453/22/1288 1451/20/1288
f 1453/22/1289 1456/25/1289 1455/24/1289
f 1456/25/1290 1457/26/1290 1455/24/1290
f 1458/71/1291 1459/28/1291 1457/26/1291
f 1459/28/1292 1462/30/1292 1461/29/1292
f 1462/30/1293 1463/31/1293 1461/29/1293
f 1464/32/1294 1465/33/1294 1463/31/1294
f 1466/34/1295 1467/35/1295 1465/33/1295
f 1468/36/1296 1469/37/1296 1467/35/1296
f 1470/38/1297 1471/39/1297 1469/37/1297
f 1471/39/1298 1474/40/1298 1473/41/1298
f 1474/40/1299 1475/42/1299 1473/41/1299
f 1475/42/1300 1478/43/1300 1477/44/1300
f 1478/43/1301 1479/46/1301 1477/44/1301
f 1479/46/1302 1482/72/1302 1481/47/1302
f 1482/72/1303 1483/49/1303 1481/47/1303
f 1484/48/1304 1485/50/1304 1483/49/1304
f 1486/73/1305 1487/52/1305 1485/50/1305
f 1488/51/1306 1489/53/1306 1487/52/1306
f 1490/54/1307 1491/55/1307 1489/53/1307
f 1491/55/1308 1494/78/1308 1493/57/1308
f 1494/78/1309 1495/59/1309 1493/57/1309
f 1496/58/1310 1497/61/1310 1495/59/1310
f 1474/62/1280 1458/63/1280 1442/64/1280
f 1498/60/1311 1499/65/1311 1497/61/1311
f 1499/65/1312 1438/66/1312 1437/67/1312
f 1467/68/1278 1483/69/1278 1499/70/1278
f 1430/627/1277 1432/142/1277 1431/287/1277
f 1432/142/1278 1436/29/1278 1435/44/1278
f 1435/44/1279 1436/29/1279 1434/156/1279
f 1434/156/1280 1430/30/1280 1429/43/1280
f 1435/44/302 1433/286/302 1429/414/302
f 1432/15/300 1430/686/300 1434/156/300
f 1438/629/1281 1440/9/1281 1439/10/1281
f 1440/9/1282 1442/12/1282 1441/11/1282
f 1441/11/1283 1442/12/1283 1444/75/1283
f 1444/75/1284 1446/14/1284 1445/15/1284
f 1446/14/1285 1448/17/1285 1447/16/1285
f 1448/17/1286 1450/19/1286 1449/18/1286
f 1449/18/1287 1450/19/1287 1452/21/1287
f 1452/21/1288 1454/23/1288 1453/22/1288
f 1453/22/1289 1454/23/1289 1456/25/1289
f 1456/25/1290 1458/71/1290 1457/26/1290
f 1458/71/1291 1460/27/1291 1459/28/1291
f 1459/28/1292 1460/27/1292 1462/30/1292
f 1462/30/1293 1464/32/1293 1463/31/1293
f 1464/32/1294 1466/34/1294 1465/33/1294
f 1466/34/1295 1468/36/1295 1467/35/1295
f 1468/36/1296 1470/38/1296 1469/37/1296
f 1470/38/1297 1472/76/1297 1471/39/1297
f 1471/39/1298 1472/76/1298 1474/40/1298
f 1474/40/1299 1476/77/1299 1475/42/1299
f 1475/42/1300 1476/77/1300 1478/43/1300
f 1478/43/1301 1480/45/1301 1479/46/1301
f 1479/46/1302 1480/45/1302 1482/72/1302
f 1482/72/1303 1484/48/1303 1483/49/1303
f 1484/48/1304 1486/73/1304 1485/50/1304
f 1486/73/1305 1488/51/1305 1487/52/1305
f 1488/51/1306 1490/54/1306 1489/53/1306
f 1490/54/1307 1492/56/1307 1491/55/1307
f 1491/55/1308 1492/56/1308 1494/78/1308
f 1494/78/1309 1496/58/1309 1495/59/1309
f 1496/58/1310 1498/60/1310 1497/61/1310
f 1442/64/1280 1440/630/1280 1438/1/1280
f 1438/1/1280 1500/631/1280 1498/632/1280
f 1498/632/1280 1496/687/1280 1494/688/1280
f 1494/688/1280 1492/689/1280 1490/636/1280
f 1490/636/1280 1488/637/1280 1486/690/1280
f 1486/690/1280 1484/639/1280 1482/640/1280
f 1482/640/1280 1480/691/1280 1478/692/1280
f 1478/692/1280 1476/693/1280 1474/62/1280
f 1474/62/1280 1472/644/1280 1470/694/1280
f 1470/694/1280 1468/646/1280 1466/647/1280
f 1466/647/1280 1464/695/1280 1462/696/1280
f 1462/696/1280 1460/697/1280 1458/63/1280
f 1458/63/1280 1456/651/1280 1454/652/1280
f 1454/652/1280 1452/653/1280 1450/654/1280
f 1450/654/1280 1448/698/1280 1446/656/1280
f 1446/656/1280 1444/699/1280 1442/64/1280
f 1442/64/1280 1438/1/1280 1498/632/1280
f 1498/632/1280 1494/688/1280 1490/636/1280
f 1490/636/1280 1486/690/1280 1482/640/1280
f 1482/640/1280 1478/692/1280 1474/62/1280
f 1474/62/1280 1470/694/1280 1466/647/1280
f 1466/647/1280 1462/696/1280 1458/63/1280
f 1458/63/1280 1454/652/1280 1450/654/1280
f 1450/654/1280 1446/656/1280 1442/64/1280
f 1442/64/1280 1498/632/1280 1490/636/1280
f 1490/636/1280 1482/640/1280 1474/62/1280
f 1474/62/1280 1466/647/1280 1458/63/1280
f 1458/63/1280 1450/654/1280 1442/64/1280
f 1442/64/1280 1490/636/1280 1474/62/1280
f 1498/60/1311 1500/74/1311 1499/65/1311
f 1499/65/1312 1500/74/1312 1438/66/1312
f 1499/70/1278 1437/4/1278 1439/658/1278
f 1439/658/1278 1441/659/1278 1443/700/1278
f 1443/700/1278 1445/661/1278 1447/701/1278
f 1447/701/1278 1449/663/1278 1451/664/1278
f 1451/664/1278 1453/665/1278 1455/666/1278
f 1455/666/1278 1457/667/1278 1459/702/1278
f 1459/702/1278 1461/703/1278 1463/704/1278
f 1463/704/1278 1465/671/1278 1467/68/1278
f 1467/68/1278 1469/705/1278 1471/673/1278
f 1471/673/1278 1473/674/1278 1475/706/1278
f 1475/706/1278 1477/707/1278 1479/708/1278
f 1479/708/1278 1481/678/1278 1483/69/1278
f 1483/69/1278 1485/679/1278 1487/680/1278
f 1487/680/1278 1489/681/1278 1491/709/1278
f 1491/709/1278 1493/683/1278 1495/710/1278
f 1495/710/1278 1497/685/1278 1499/70/1278
f 1499/70/1278 1439/658/1278 1443/700/1278
f 1443/700/1278 1447/701/1278 1451/664/1278
f 1451/664/1278 1455/666/1278 1459/702/1278
f 1459/702/1278 1463/704/1278 1467/68/1278
f 1467/68/1278 1471/673/1278 1475/706/1278
f 1475/706/1278 1479/708/1278 1483/69/1278
f 1483/69/1278 1487/680/1278 1491/709/1278
f 1491/709/1278 1495/710/1278 1499/70/1278
f 1499/70/1278 1443/700/1278 1451/664/1278
f 1451/664/1278 1459/702/1278 1467/68/1278
f 1467/68/1278 1475/706/1278 1483/69/1278
f 1483/69/1278 1491/709/1278 1499/70/1278
f 1499/70/1278 1451/664/1278 1467/68/1278
