# Blender 5.1.2
# www.blender.org
mtllib spongebob_house.mtl
o Cone.001
v 0.232681 -0.092164 1.283240
v 0.530498 -0.107141 0.934974
v 0.221962 -0.088152 0.870560
v 0.057380 -0.224988 1.086759
v 0.232681 -0.092164 1.283240
v 0.093307 -0.082193 1.085099
v 0.587664 -0.257802 1.220490
v 0.530498 -0.107141 0.934974
v 0.570790 -0.111682 1.197596
v 0.587664 -0.257802 1.220490
v 0.232681 -0.092164 1.283240
v 0.196453 -0.235341 1.337044
v 0.202250 -0.231698 0.845173
v 0.093307 -0.082193 1.085099
v 0.221962 -0.088152 0.870560
v 0.202250 -0.231698 0.845173
v 0.530498 -0.107141 0.934974
v 0.544859 -0.252668 0.902429
v -0.497917 -0.058539 1.341128
v -0.849201 -0.034212 0.935805
v -0.976968 -0.029379 1.282759
v -0.762794 -0.179277 1.503952
v -0.497917 -0.058539 1.341128
v -0.751085 -0.044408 1.468826
v -0.516639 -0.189204 0.911583
v -0.849201 -0.034212 0.935805
v -0.538572 -0.052789 0.934094
v -0.516639 -0.189204 0.911583
v -0.497917 -0.058539 1.341128
v -0.449396 -0.197080 1.385499
v -1.017129 -0.162363 1.294381
v -0.751085 -0.044408 1.468826
v -0.976968 -0.029379 1.282759
v -0.891799 -0.166719 0.906676
v -0.976968 -0.029379 1.282759
v -0.849201 -0.034212 0.935805
v -0.378595 -0.047328 1.577976
v 0.155492 -0.078310 1.458591
v -0.093449 -0.061113 1.175338
v -0.405313 -0.198776 1.269230
v -0.378595 -0.047328 1.577976
v -0.370035 -0.045468 1.288253
v 0.006115 -0.227527 1.778078
v 0.155492 -0.078310 1.458591
v 0.006051 -0.071639 1.738872
v 0.006115 -0.227527 1.778078
v -0.378595 -0.047328 1.577976
v -0.451432 -0.198769 1.608642
v -0.405313 -0.198776 1.269230
v -0.093449 -0.061113 1.175338
v -0.093822 -0.216387 1.142074
v -0.093822 -0.216387 1.142074
v 0.155492 -0.078310 1.458591
v 0.192835 -0.235984 1.442951
v -0.403262 -0.048282 0.565608
v -0.001427 -0.076622 1.097345
v 0.185750 -0.084422 0.677858
v -0.077012 -0.211287 0.389251
v -0.403262 -0.048282 0.565608
v -0.078795 -0.066565 0.428362
v -0.431351 -0.195863 1.103141
v -0.001427 -0.076622 1.097345
v -0.386652 -0.053374 1.073590
v -0.431351 -0.195863 1.103141
v -0.403262 -0.048282 0.565608
v -0.475378 -0.188424 0.509971
v -0.077012 -0.211287 0.389251
v 0.185750 -0.084422 0.677858
v 0.220879 -0.231394 0.670237
v 0.220879 -0.231394 0.670237
v -0.001427 -0.076622 1.097345
v 0.033285 -0.223981 1.140476
v 0.221962 -0.088152 0.870560
v 0.093307 -0.082193 1.085099
v 0.232681 -0.092164 1.283240
v 0.232681 -0.092164 1.283240
v 0.570790 -0.111682 1.197596
v 0.530498 -0.107141 0.934974
v 0.057380 -0.224988 1.086759
v 0.196453 -0.235341 1.337044
v 0.232681 -0.092164 1.283240
v 0.587664 -0.257802 1.220490
v 0.544859 -0.252668 0.902429
v 0.530498 -0.107141 0.934974
v 0.587664 -0.257802 1.220490
v 0.570790 -0.111682 1.197596
v 0.232681 -0.092164 1.283240
v 0.202250 -0.231698 0.845173
v 0.057380 -0.224988 1.086759
v 0.093307 -0.082193 1.085099
v 0.202250 -0.231698 0.845173
v 0.221962 -0.088152 0.870560
v 0.530498 -0.107141 0.934974
v -0.976968 -0.029379 1.282759
v -0.751085 -0.044408 1.468826
v -0.497917 -0.058539 1.341128
v -0.497917 -0.058539 1.341128
v -0.538572 -0.052789 0.934094
v -0.849201 -0.034212 0.935805
v -0.762794 -0.179277 1.503952
v -0.449396 -0.197080 1.385499
v -0.497917 -0.058539 1.341128
v -0.516639 -0.189204 0.911583
v -0.891799 -0.166719 0.906676
v -0.849201 -0.034212 0.935805
v -0.516639 -0.189204 0.911583
v -0.538572 -0.052789 0.934094
v -0.497917 -0.058539 1.341128
v -1.017129 -0.162363 1.294381
v -0.762794 -0.179277 1.503952
v -0.751085 -0.044408 1.468826
v -0.891799 -0.166719 0.906676
v -1.017129 -0.162363 1.294381
v -0.976968 -0.029379 1.282759
v -0.093449 -0.061113 1.175338
v -0.370035 -0.045468 1.288253
v -0.378595 -0.047328 1.577976
v -0.378595 -0.047328 1.577976
v 0.006051 -0.071639 1.738872
v 0.155492 -0.078310 1.458591
v -0.405313 -0.198776 1.269230
v -0.451432 -0.198769 1.608642
v -0.378595 -0.047328 1.577976
v 0.006115 -0.227527 1.778078
v 0.192835 -0.235984 1.442951
v 0.155492 -0.078310 1.458591
v 0.006115 -0.227527 1.778078
v 0.006051 -0.071639 1.738872
v -0.378595 -0.047328 1.577976
v -0.405313 -0.198776 1.269230
v -0.370035 -0.045468 1.288253
v -0.093449 -0.061113 1.175338
v -0.093822 -0.216387 1.142074
v -0.093449 -0.061113 1.175338
v 0.155492 -0.078310 1.458591
v 0.185750 -0.084422 0.677858
v -0.078795 -0.066565 0.428362
v -0.403262 -0.048282 0.565608
v -0.403262 -0.048282 0.565608
v -0.386652 -0.053374 1.073590
v -0.001427 -0.076622 1.097345
v -0.077012 -0.211287 0.389251
v -0.475378 -0.188424 0.509971
v -0.403262 -0.048282 0.565608
v -0.431351 -0.195863 1.103141
v 0.033285 -0.223981 1.140476
v -0.001427 -0.076622 1.097345
v -0.431351 -0.195863 1.103141
v -0.386652 -0.053374 1.073590
v -0.403262 -0.048282 0.565608
v -0.077012 -0.211287 0.389251
v -0.078795 -0.066565 0.428362
v 0.185750 -0.084422 0.677858
v 0.220879 -0.231394 0.670237
v 0.185750 -0.084422 0.677858
v -0.001427 -0.076622 1.097345
v 0.192523 -0.097778 2.236702
v 0.363881 -0.109534 2.552961
v 0.497931 -0.094629 2.345014
v 0.385840 -0.202038 2.163559
v 0.192523 -0.097778 2.236702
v 0.376943 -0.089951 2.190351
v 0.138578 -0.227797 2.514478
v 0.363881 -0.109534 2.552961
v 0.160103 -0.113099 2.508558
v 0.138578 -0.227797 2.514478
v 0.192523 -0.097778 2.236702
v 0.163297 -0.210166 2.195011
v 0.522082 -0.207306 2.337717
v 0.376943 -0.089951 2.190351
v 0.497931 -0.094629 2.345014
v 0.522082 -0.207306 2.337717
v 0.363881 -0.109534 2.552961
v 0.383686 -0.223766 2.572645
v 0.355765 -0.071384 1.685064
v 0.751647 -0.052288 1.541757
v 0.533383 -0.048495 1.350471
v 0.311016 -0.166158 1.445142
v 0.355765 -0.071384 1.685064
v 0.333459 -0.060291 1.463610
v 0.675782 -0.173950 1.792259
v 0.751647 -0.052288 1.541757
v 0.665461 -0.066870 1.769851
v 0.675782 -0.173950 1.792259
v 0.355765 -0.071384 1.685064
v 0.309593 -0.180133 1.708127
v 0.536172 -0.152881 1.317772
v 0.333459 -0.060291 1.463610
v 0.533383 -0.048495 1.350471
v 0.784983 -0.156300 1.518743
v 0.533383 -0.048495 1.350471
v 0.751647 -0.052288 1.541757
v 0.148626 -0.062583 1.705826
v 0.085764 -0.086903 2.130782
v 0.363391 -0.073404 2.028105
v 0.382380 -0.181463 1.773158
v 0.148626 -0.062583 1.705826
v 0.358510 -0.061123 1.793653
v -0.106291 -0.204032 1.931393
v 0.085764 -0.086903 2.130782
v -0.077545 -0.081667 1.942382
v -0.106291 -0.204032 1.931393
v 0.148626 -0.062583 1.705826
v 0.146659 -0.181458 1.643822
v 0.382380 -0.181463 1.773158
v 0.363391 -0.073404 2.028105
v 0.387871 -0.195287 2.037195
v 0.387871 -0.195287 2.037195
v 0.085764 -0.086903 2.130782
v 0.086712 -0.210670 2.162548
v 0.897379 -0.063332 1.972725
v 0.394637 -0.085578 2.117488
v 0.649326 -0.091701 2.372725
v 0.934767 -0.191284 2.261427
v 0.897379 -0.063332 1.972725
v 0.906611 -0.077684 2.249111
v 0.511411 -0.179177 1.800831
v 0.394637 -0.085578 2.117488
v 0.520481 -0.067329 1.841903
v 0.511411 -0.179177 1.800831
v 0.897379 -0.063332 1.972725
v 0.958448 -0.173337 1.935544
v 0.934767 -0.191284 2.261427
v 0.649326 -0.091701 2.372725
v 0.645022 -0.207067 2.400610
v 0.645022 -0.207067 2.400610
v 0.394637 -0.085578 2.117488
v 0.353262 -0.201249 2.130782
v 0.497931 -0.094629 2.345014
v 0.376943 -0.089951 2.190351
v 0.192523 -0.097778 2.236702
v 0.192523 -0.097778 2.236702
v 0.160103 -0.113099 2.508558
v 0.363881 -0.109534 2.552961
v 0.385840 -0.202038 2.163559
v 0.163297 -0.210166 2.195011
v 0.192523 -0.097778 2.236702
v 0.138578 -0.227797 2.514478
v 0.383686 -0.223766 2.572645
v 0.363881 -0.109534 2.552961
v 0.138578 -0.227797 2.514478
v 0.160103 -0.113099 2.508558
v 0.192523 -0.097778 2.236702
v 0.522082 -0.207306 2.337717
v 0.385840 -0.202038 2.163559
v 0.376943 -0.089951 2.190351
v 0.522082 -0.207306 2.337717
v 0.497931 -0.094629 2.345014
v 0.363881 -0.109534 2.552961
v 0.533383 -0.048495 1.350471
v 0.333459 -0.060291 1.463610
v 0.355765 -0.071384 1.685064
v 0.355765 -0.071384 1.685064
v 0.665461 -0.066870 1.769851
v 0.751647 -0.052288 1.541757
v 0.311016 -0.166158 1.445142
v 0.309593 -0.180133 1.708127
v 0.355765 -0.071384 1.685064
v 0.675782 -0.173950 1.792259
v 0.784983 -0.156300 1.518743
v 0.751647 -0.052288 1.541757
v 0.675782 -0.173950 1.792259
v 0.665461 -0.066870 1.769851
v 0.355765 -0.071384 1.685064
v 0.536172 -0.152881 1.317772
v 0.311016 -0.166158 1.445142
v 0.333459 -0.060291 1.463610
v 0.784983 -0.156300 1.518743
v 0.536172 -0.152881 1.317772
v 0.533383 -0.048495 1.350471
v 0.363391 -0.073404 2.028105
v 0.358510 -0.061123 1.793653
v 0.148626 -0.062583 1.705826
v 0.148626 -0.062583 1.705826
v -0.077545 -0.081667 1.942382
v 0.085764 -0.086903 2.130782
v 0.382380 -0.181463 1.773158
v 0.146659 -0.181458 1.643822
v 0.148626 -0.062583 1.705826
v -0.106291 -0.204032 1.931393
v 0.086712 -0.210670 2.162548
v 0.085764 -0.086903 2.130782
v -0.106291 -0.204032 1.931393
v -0.077545 -0.081667 1.942382
v 0.148626 -0.062583 1.705826
v 0.382380 -0.181463 1.773158
v 0.358510 -0.061123 1.793653
v 0.363391 -0.073404 2.028105
v 0.387871 -0.195287 2.037195
v 0.363391 -0.073404 2.028105
v 0.085764 -0.086903 2.130782
v 0.649326 -0.091701 2.372725
v 0.906611 -0.077684 2.249111
v 0.897379 -0.063332 1.972725
v 0.897379 -0.063332 1.972725
v 0.520481 -0.067329 1.841903
v 0.394637 -0.085578 2.117488
v 0.934767 -0.191284 2.261427
v 0.958448 -0.173337 1.935544
v 0.897379 -0.063332 1.972725
v 0.511411 -0.179177 1.800831
v 0.353262 -0.201249 2.130782
v 0.394637 -0.085578 2.117488
v 0.511411 -0.179177 1.800831
v 0.520481 -0.067329 1.841903
v 0.897379 -0.063332 1.972725
v 0.934767 -0.191284 2.261427
v 0.906611 -0.077684 2.249111
v 0.649326 -0.091701 2.372725
v 0.645022 -0.207067 2.400610
v 0.649326 -0.091701 2.372725
v 0.394637 -0.085578 2.117488
v -0.446218 -0.040646 1.917100
v -0.797894 -0.022547 1.825992
v -0.735239 -0.010781 2.068251
v -0.534092 -0.137013 2.111354
v -0.446218 -0.040646 1.917100
v -0.537846 -0.023189 2.085320
v -0.625444 -0.158880 1.686975
v -0.797894 -0.022547 1.825992
v -0.625720 -0.042316 1.705952
v -0.625444 -0.158880 1.686975
v -0.446218 -0.040646 1.917100
v -0.405362 -0.158185 1.925214
v -0.756369 -0.123041 2.092136
v -0.537846 -0.023189 2.085320
v -0.735239 -0.010781 2.068251
v -0.756369 -0.123041 2.092136
v -0.797894 -0.022547 1.825992
v -0.836069 -0.135082 1.828086
v -0.149235 -0.035490 2.417649
v -0.313432 0.001729 2.808923
v -0.022405 -0.020197 2.779311
v 0.049937 -0.147935 2.550715
v -0.149235 -0.035490 2.417649
v 0.030276 -0.038774 2.553644
v -0.456783 -0.111149 2.581310
v -0.313432 0.001729 2.808923
v -0.423737 -0.005342 2.588169
v -0.456783 -0.111149 2.581310
v -0.149235 -0.035490 2.417649
v -0.144167 -0.146703 2.368585
v -0.009428 -0.127020 2.804830
v 0.030276 -0.038774 2.553644
v -0.022405 -0.020197 2.779311
v -0.328511 -0.102114 2.850351
v -0.022405 -0.020197 2.779311
v -0.313432 0.001729 2.808923
v -0.021697 -0.039219 2.250114
v -0.293965 -0.043013 1.911049
v -0.407499 -0.016932 2.186944
v -0.242139 -0.139385 2.377606
v -0.021697 -0.039219 2.250114
v -0.230253 -0.018619 2.344768
v -0.025613 -0.185410 1.907472
v -0.293965 -0.043013 1.911049
v -0.042629 -0.059655 1.920068
v -0.025613 -0.185410 1.907472
v -0.021697 -0.039219 2.250114
v 0.014863 -0.162661 2.292436
v -0.242139 -0.139385 2.377606
v -0.407499 -0.016932 2.186944
v -0.441746 -0.137479 2.199862
v -0.441746 -0.137479 2.199862
v -0.293965 -0.043013 1.911049
v -0.328953 -0.165698 1.890962
v -0.732022 0.025553 2.619826
v -0.495887 -0.021873 2.148568
v -0.859239 0.003879 2.161069
v -0.981760 -0.083873 2.449684
v -0.732022 0.025553 2.619826
v -0.943344 0.027901 2.436344
v -0.350830 -0.126863 2.453919
v -0.495887 -0.021873 2.148568
v -0.377453 -0.011248 2.431334
v -0.350830 -0.126863 2.453919
v -0.732022 0.025553 2.619826
v -0.756209 -0.083305 2.691573
v -0.981760 -0.083873 2.449684
v -0.859239 0.003879 2.161069
v -0.887024 -0.110925 2.139696
v -0.887024 -0.110925 2.139696
v -0.495887 -0.021873 2.148568
v -0.487519 -0.140308 2.109843
v -0.735239 -0.010781 2.068251
v -0.537846 -0.023189 2.085320
v -0.446218 -0.040646 1.917100
v -0.446218 -0.040646 1.917100
v -0.625720 -0.042316 1.705952
v -0.797894 -0.022547 1.825992
v -0.534092 -0.137013 2.111354
v -0.405362 -0.158185 1.925214
v -0.446218 -0.040646 1.917100
v -0.625444 -0.158880 1.686975
v -0.836069 -0.135082 1.828086
v -0.797894 -0.022547 1.825992
v -0.625444 -0.158880 1.686975
v -0.625720 -0.042316 1.705952
v -0.446218 -0.040646 1.917100
v -0.756369 -0.123041 2.092136
v -0.534092 -0.137013 2.111354
v -0.537846 -0.023189 2.085320
v -0.756369 -0.123041 2.092136
v -0.735239 -0.010781 2.068251
v -0.797894 -0.022547 1.825992
v -0.022405 -0.020197 2.779311
v 0.030276 -0.038774 2.553644
v -0.149235 -0.035490 2.417649
v -0.149235 -0.035490 2.417649
v -0.423737 -0.005342 2.588169
v -0.313432 0.001729 2.808923
v 0.049937 -0.147935 2.550715
v -0.144167 -0.146703 2.368585
v -0.149235 -0.035490 2.417649
v -0.456783 -0.111149 2.581310
v -0.328511 -0.102114 2.850351
v -0.313432 0.001729 2.808923
v -0.456783 -0.111149 2.581310
v -0.423737 -0.005342 2.588169
v -0.149235 -0.035490 2.417649
v -0.009428 -0.127020 2.804830
v 0.049937 -0.147935 2.550715
v 0.030276 -0.038774 2.553644
v -0.328511 -0.102114 2.850351
v -0.009428 -0.127020 2.804830
v -0.022405 -0.020197 2.779311
v -0.407499 -0.016932 2.186944
v -0.230253 -0.018619 2.344768
v -0.021697 -0.039219 2.250114
v -0.021697 -0.039219 2.250114
v -0.042629 -0.059655 1.920068
v -0.293965 -0.043013 1.911049
v -0.242139 -0.139385 2.377606
v 0.014863 -0.162661 2.292436
v -0.021697 -0.039219 2.250114
v -0.025613 -0.185410 1.907472
v -0.328953 -0.165698 1.890962
v -0.293965 -0.043013 1.911049
v -0.025613 -0.185410 1.907472
v -0.042629 -0.059655 1.920068
v -0.021697 -0.039219 2.250114
v -0.242139 -0.139385 2.377606
v -0.230253 -0.018619 2.344768
v -0.407499 -0.016932 2.186944
v -0.441746 -0.137479 2.199862
v -0.407499 -0.016932 2.186944
v -0.293965 -0.043013 1.911049
v -0.859239 0.003879 2.161069
v -0.943344 0.027901 2.436344
v -0.732022 0.025553 2.619826
v -0.732022 0.025553 2.619826
v -0.377453 -0.011248 2.431334
v -0.495887 -0.021873 2.148568
v -0.981760 -0.083873 2.449684
v -0.756209 -0.083305 2.691573
v -0.732022 0.025553 2.619826
v -0.350830 -0.126863 2.453919
v -0.487519 -0.140308 2.109843
v -0.495887 -0.021873 2.148568
v -0.350830 -0.126863 2.453919
v -0.377453 -0.011248 2.431334
v -0.732022 0.025553 2.619826
v -0.981760 -0.083873 2.449684
v -0.943344 0.027901 2.436344
v -0.859239 0.003879 2.161069
v -0.887024 -0.110925 2.139696
v -0.859239 0.003879 2.161069
v -0.495887 -0.021873 2.148568
v 0.205628 -0.010506 3.226032
v 0.223811 -0.022263 3.585271
v 0.434445 -0.007358 3.455484
v 0.411586 -0.114767 3.243428
v 0.205628 -0.010506 3.226032
v 0.392002 -0.002679 3.263762
v 0.037143 -0.140525 3.453371
v 0.223811 -0.022263 3.585271
v 0.059117 -0.025828 3.457314
v 0.037143 -0.140525 3.453371
v 0.205628 -0.010506 3.226032
v 0.197243 -0.122895 3.175812
v 0.459381 -0.120035 3.459317
v 0.392002 -0.002679 3.263762
v 0.434445 -0.007358 3.455484
v 0.459381 -0.120035 3.459317
v 0.223811 -0.022263 3.585271
v 0.233188 -0.136495 3.611572
v 0.590844 0.015887 2.798761
v 1.009819 0.034983 2.840229
v 0.895412 0.038776 2.573508
v 0.653959 -0.078887 2.563004
v 0.590844 0.015887 2.798761
v 0.666241 0.026980 2.589346
v 0.833324 -0.086679 3.033507
v 1.009819 0.034983 2.840229
v 0.833678 0.020401 3.008839
v 0.833324 -0.086679 3.033507
v 0.590844 0.015887 2.798761
v 0.539240 -0.092861 2.799653
v 0.912032 -0.065610 2.545209
v 0.666241 0.026980 2.589346
v 0.895412 0.038776 2.573508
v 1.049821 -0.069029 2.833845
v 0.895412 0.038776 2.573508
v 1.009819 0.034983 2.840229
v 0.395010 0.024688 2.728146
v 0.154997 0.000368 3.084423
v 0.449759 0.013867 3.111539
v 0.576858 -0.094192 2.889719
v 0.395010 0.024688 2.728146
v 0.546483 0.026148 2.897913
v 0.067730 -0.116761 2.821696
v 0.154997 0.000368 3.084423
v 0.088925 0.005604 2.844010
v 0.067730 -0.116761 2.821696
v 0.395010 0.024688 2.728146
v 0.419980 -0.094187 2.671358
v 0.576858 -0.094192 2.889719
v 0.449759 0.013867 3.111539
v 0.467923 -0.108016 3.130299
v 0.467923 -0.108016 3.130299
v 0.154997 0.000368 3.084423
v 0.142151 -0.123399 3.113491
v 0.955405 0.023939 3.291904
v 0.439394 0.001693 3.205657
v 0.559080 -0.004429 3.545786
v 0.864609 -0.104013 3.568496
v 0.955405 0.023939 3.291904
v 0.844519 0.009587 3.545239
v 0.681332 -0.091906 2.970341
v 0.439394 0.001693 3.205657
v 0.671799 0.019942 3.011308
v 0.681332 -0.091906 2.970341
v 0.955405 0.023939 3.291904
v 1.026538 -0.086066 3.284701
v 0.864609 -0.104013 3.568496
v 0.559080 -0.004429 3.545786
v 0.543168 -0.119796 3.569087
v 0.543168 -0.119796 3.569087
v 0.439394 0.001693 3.205657
v 0.396331 -0.113977 3.199804
v 0.434445 -0.007358 3.455484
v 0.392002 -0.002679 3.263762
v 0.205628 -0.010506 3.226032
v 0.205628 -0.010506 3.226032
v 0.059117 -0.025828 3.457314
v 0.223811 -0.022263 3.585271
v 0.411586 -0.114767 3.243428
v 0.197243 -0.122895 3.175812
v 0.205628 -0.010506 3.226032
v 0.037143 -0.140525 3.453371
v 0.233188 -0.136495 3.611572
v 0.223811 -0.022263 3.585271
v 0.037143 -0.140525 3.453371
v 0.059117 -0.025828 3.457314
v 0.205628 -0.010506 3.226032
v 0.459381 -0.120035 3.459317
v 0.411586 -0.114767 3.243428
v 0.392002 -0.002679 3.263762
v 0.459381 -0.120035 3.459317
v 0.434445 -0.007358 3.455484
v 0.223811 -0.022263 3.585271
v 0.895412 0.038776 2.573508
v 0.666241 0.026980 2.589346
v 0.590844 0.015887 2.798761
v 0.590844 0.015887 2.798761
v 0.833678 0.020401 3.008839
v 1.009819 0.034983 2.840229
v 0.653959 -0.078887 2.563004
v 0.539240 -0.092861 2.799653
v 0.590844 0.015887 2.798761
v 0.833324 -0.086679 3.033507
v 1.049821 -0.069029 2.833845
v 1.009819 0.034983 2.840229
v 0.833324 -0.086679 3.033507
v 0.833678 0.020401 3.008839
v 0.590844 0.015887 2.798761
v 0.912032 -0.065610 2.545209
v 0.653959 -0.078887 2.563004
v 0.666241 0.026980 2.589346
v 1.049821 -0.069029 2.833845
v 0.912032 -0.065610 2.545209
v 0.895412 0.038776 2.573508
v 0.449759 0.013867 3.111539
v 0.546483 0.026148 2.897913
v 0.395010 0.024688 2.728146
v 0.395010 0.024688 2.728146
v 0.088925 0.005604 2.844010
v 0.154997 0.000368 3.084423
v 0.576858 -0.094192 2.889719
v 0.419980 -0.094187 2.671358
v 0.395010 0.024688 2.728146
v 0.067730 -0.116761 2.821696
v 0.142151 -0.123399 3.113491
v 0.154997 0.000368 3.084423
v 0.067730 -0.116761 2.821696
v 0.088925 0.005604 2.844010
v 0.395010 0.024688 2.728146
v 0.576858 -0.094192 2.889719
v 0.546483 0.026148 2.897913
v 0.449759 0.013867 3.111539
v 0.467923 -0.108016 3.130299
v 0.449759 0.013867 3.111539
v 0.154997 0.000368 3.084423
v 0.559080 -0.004429 3.545786
v 0.844519 0.009587 3.545239
v 0.955405 0.023939 3.291904
v 0.955405 0.023939 3.291904
v 0.671799 0.019942 3.011308
v 0.439394 0.001693 3.205657
v 0.864609 -0.104013 3.568496
v 1.026538 -0.086066 3.284701
v 0.955405 0.023939 3.291904
v 0.681332 -0.091906 2.970341
v 0.396331 -0.113977 3.199804
v 0.439394 0.001693 3.205657
v 0.681332 -0.091906 2.970341
v 0.671799 0.019942 3.011308
v 0.955405 0.023939 3.291904
v 0.864609 -0.104013 3.568496
v 0.844519 0.009587 3.545239
v 0.559080 -0.004429 3.545786
v 0.543168 -0.119796 3.569087
v 0.559080 -0.004429 3.545786
v 0.439394 0.001693 3.205657
v -0.489421 0.061977 3.709792
v -0.137043 0.118398 3.756354
v -0.226903 0.108479 3.525572
v -0.415836 -0.037110 3.513939
v -0.489421 0.061977 3.709792
v -0.420609 0.076801 3.532972
v -0.276294 -0.022683 3.920469
v -0.137043 0.118398 3.756354
v -0.289836 0.090689 3.895624
v -0.276294 -0.022683 3.920469
v -0.489421 0.061977 3.709792
v -0.518527 -0.057882 3.712946
v -0.197711 -0.001438 3.505603
v -0.420609 0.076801 3.532972
v -0.226903 0.108479 3.525572
v -0.197711 -0.001438 3.505603
v -0.137043 0.118398 3.756354
v -0.088691 0.011205 3.755744
v -0.836982 0.007059 3.253904
v -0.724430 0.033655 2.848628
v -1.003458 -0.013082 2.913457
v -1.035543 -0.130607 3.153067
v -0.836982 0.007059 3.253904
v -1.027574 -0.021669 3.142048
v -0.547203 -0.049244 3.060823
v -0.724430 0.033655 2.848628
v -0.590881 0.051235 3.052399
v -0.547203 -0.049244 3.060823
v -0.836982 0.007059 3.253904
v -0.825256 -0.099558 3.308544
v -1.008346 -0.120937 2.895653
v -1.027574 -0.021669 3.142048
v -1.003458 -0.013082 2.913457
v -0.703982 -0.069687 2.811725
v -1.003458 -0.013082 2.913457
v -0.724430 0.033655 2.848628
v -0.942358 0.002340 3.433594
v -0.637376 0.045864 3.733965
v -0.560193 0.064249 3.448471
v -0.731210 -0.083825 3.287653
v -0.942358 0.002340 3.433594
v -0.751200 0.035892 3.314851
v -0.885123 -0.118855 3.776970
v -0.637376 0.045864 3.733965
v -0.882494 0.005522 3.755902
v -0.885123 -0.118855 3.776970
v -0.942358 0.002340 3.433594
v -0.970544 -0.125131 3.402998
v -0.731210 -0.083825 3.287653
v -0.560193 0.064249 3.448471
v -0.516104 -0.051883 3.438139
v -0.516104 -0.051883 3.438139
v -0.637376 0.045864 3.733965
v -0.588614 -0.070168 3.756030
v -0.296106 0.108263 2.983033
v -0.468927 0.070101 3.475859
v -0.117623 0.128439 3.419005
v -0.021701 0.034951 3.126022
v -0.296106 0.108263 2.983033
v -0.068940 0.142099 3.137730
v -0.634818 -0.066326 3.199208
v -0.468927 0.070101 3.475859
v -0.617799 0.051252 3.212044
v -0.634818 -0.066326 3.199208
v -0.296106 0.108263 2.983033
v -0.269682 -0.001118 2.915577
v -0.021701 0.034951 3.126022
v -0.117623 0.128439 3.419005
v -0.076548 0.019564 3.442769
v -0.076548 0.019564 3.442769
v -0.468927 0.070101 3.475859
v -0.460876 -0.044587 3.521136
v -0.226903 0.108479 3.525572
v -0.420609 0.076801 3.532972
v -0.489421 0.061977 3.709792
v -0.489421 0.061977 3.709792
v -0.289836 0.090689 3.895624
v -0.137043 0.118398 3.756354
v -0.415836 -0.037110 3.513939
v -0.518527 -0.057882 3.712946
v -0.489421 0.061977 3.709792
v -0.276294 -0.022683 3.920469
v -0.088691 0.011205 3.755744
v -0.137043 0.118398 3.756354
v -0.276294 -0.022683 3.920469
v -0.289836 0.090689 3.895624
v -0.489421 0.061977 3.709792
v -0.197711 -0.001438 3.505603
v -0.415836 -0.037110 3.513939
v -0.420609 0.076801 3.532972
v -0.197711 -0.001438 3.505603
v -0.226903 0.108479 3.525572
v -0.137043 0.118398 3.756354
v -1.003458 -0.013082 2.913457
v -1.027574 -0.021669 3.142048
v -0.836982 0.007059 3.253904
v -0.836982 0.007059 3.253904
v -0.590881 0.051235 3.052399
v -0.724430 0.033655 2.848628
v -1.035543 -0.130607 3.153067
v -0.825256 -0.099558 3.308544
v -0.836982 0.007059 3.253904
v -0.547203 -0.049244 3.060823
v -0.703982 -0.069687 2.811725
v -0.724430 0.033655 2.848628
v -0.547203 -0.049244 3.060823
v -0.590881 0.051235 3.052399
v -0.836982 0.007059 3.253904
v -1.008346 -0.120937 2.895653
v -1.035543 -0.130607 3.153067
v -1.027574 -0.021669 3.142048
v -0.703982 -0.069687 2.811725
v -1.008346 -0.120937 2.895653
v -1.003458 -0.013082 2.913457
v -0.560193 0.064249 3.448471
v -0.751200 0.035892 3.314851
v -0.942358 0.002340 3.433594
v -0.942358 0.002340 3.433594
v -0.882494 0.005522 3.755902
v -0.637376 0.045864 3.733965
v -0.731210 -0.083825 3.287653
v -0.970544 -0.125131 3.402998
v -0.942358 0.002340 3.433594
v -0.885123 -0.118855 3.776970
v -0.588614 -0.070168 3.756030
v -0.637376 0.045864 3.733965
v -0.885123 -0.118855 3.776970
v -0.882494 0.005522 3.755902
v -0.942358 0.002340 3.433594
v -0.731210 -0.083825 3.287653
v -0.751200 0.035892 3.314851
v -0.560193 0.064249 3.448471
v -0.516104 -0.051883 3.438139
v -0.560193 0.064249 3.448471
v -0.637376 0.045864 3.733965
v -0.117623 0.128439 3.419005
v -0.068940 0.142099 3.137730
v -0.296106 0.108263 2.983033
v -0.296106 0.108263 2.983033
v -0.617799 0.051252 3.212044
v -0.468927 0.070101 3.475859
v -0.021701 0.034951 3.126022
v -0.269682 -0.001118 2.915577
v -0.296106 0.108263 2.983033
v -0.634818 -0.066326 3.199208
v -0.460876 -0.044587 3.521136
v -0.468927 0.070101 3.475859
v -0.634818 -0.066326 3.199208
v -0.617799 0.051252 3.212044
v -0.296106 0.108263 2.983033
v -0.021701 0.034951 3.126022
v -0.068940 0.142099 3.137730
v -0.117623 0.128439 3.419005
v -0.076548 0.019564 3.442769
v -0.117623 0.128439 3.419005
v -0.468927 0.070101 3.475859
v 0.005925 0.049186 3.981302
v -0.134085 0.037430 4.312634
v 0.112042 0.052335 4.287479
v 0.183773 -0.055075 4.086619
v 0.005925 0.049186 3.981302
v 0.157290 0.057013 4.096400
v -0.244721 -0.080833 4.112628
v -0.134085 0.037430 4.312634
v -0.226655 0.033865 4.125743
v -0.244721 -0.080833 4.112628
v 0.005925 0.049186 3.981302
v 0.020237 -0.063202 3.932440
v 0.132823 -0.060342 4.301785
v 0.157290 0.057013 4.096400
v 0.112042 0.052335 4.287479
v 0.132823 -0.060342 4.301785
v -0.134085 0.037430 4.312634
v -0.137092 -0.076802 4.340394
v 0.538723 0.075580 3.764326
v 0.897867 0.094676 3.984044
v 0.910975 0.098469 3.694117
v 0.698172 -0.019194 3.579554
v 0.538723 0.075580 3.764326
v 0.697762 0.086672 3.608616
v 0.654836 -0.026986 4.081218
v 0.897867 0.094676 3.984044
v 0.665893 0.080094 4.059164
v 0.654836 -0.026986 4.081218
v 0.538723 0.075580 3.764326
v 0.491877 -0.033169 3.742667
v 0.938257 -0.005917 3.675875
v 0.697762 0.086672 3.608616
v 0.910975 0.098469 3.694117
v 0.936659 -0.009336 3.995709
v 0.910975 0.098469 3.694117
v 0.897867 0.094676 3.984044
v 0.393157 0.084381 3.615505
v 0.021987 0.060061 3.831774
v 0.275551 0.073560 3.984499
v 0.486537 -0.034499 3.840126
v 0.393157 0.084381 3.615505
v 0.455624 0.085841 3.834280
v 0.057790 -0.057068 3.557258
v 0.021987 0.060061 3.831774
v 0.067158 0.065297 3.586573
v 0.057790 -0.057068 3.557258
v 0.393157 0.084381 3.615505
v 0.440357 -0.034494 3.575250
v 0.486537 -0.034499 3.840126
v 0.275551 0.073560 3.984499
v 0.283738 -0.048323 4.009295
v 0.283738 -0.048323 4.009295
v 0.021987 0.060061 3.831774
v -0.002231 -0.063706 3.852351
v 0.652261 0.083632 4.366991
v 0.225250 0.061386 4.064720
v 0.184939 0.055263 4.423031
v 0.450115 -0.044320 4.576477
v 0.652261 0.083632 4.366991
v 0.442153 0.069280 4.546793
v 0.545497 -0.032213 3.958187
v 0.225250 0.061386 4.064720
v 0.519082 0.079635 3.990919
v 0.545497 -0.032213 3.958187
v 0.652261 0.083632 4.366991
v 0.719436 -0.026373 4.391471
v 0.450115 -0.044320 4.576477
v 0.184939 0.055263 4.423031
v 0.160471 -0.060104 4.437083
v 0.160471 -0.060104 4.437083
v 0.225250 0.061386 4.064720
v 0.189029 -0.054285 4.040705
v 0.112042 0.052335 4.287479
v 0.157290 0.057013 4.096400
v 0.005925 0.049186 3.981302
v 0.005925 0.049186 3.981302
v -0.226655 0.033865 4.125743
v -0.134085 0.037430 4.312634
v 0.183773 -0.055075 4.086619
v 0.020237 -0.063202 3.932440
v 0.005925 0.049186 3.981302
v -0.244721 -0.080833 4.112628
v -0.137092 -0.076802 4.340394
v -0.134085 0.037430 4.312634
v -0.244721 -0.080833 4.112628
v -0.226655 0.033865 4.125743
v 0.005925 0.049186 3.981302
v 0.132823 -0.060342 4.301785
v 0.183773 -0.055075 4.086619
v 0.157290 0.057013 4.096400
v 0.132823 -0.060342 4.301785
v 0.112042 0.052335 4.287479
v -0.134085 0.037430 4.312634
v 0.910975 0.098469 3.694117
v 0.697762 0.086672 3.608616
v 0.538723 0.075580 3.764326
v 0.538723 0.075580 3.764326
v 0.665893 0.080094 4.059164
v 0.897867 0.094676 3.984044
v 0.698172 -0.019194 3.579554
v 0.491877 -0.033169 3.742667
v 0.538723 0.075580 3.764326
v 0.654836 -0.026986 4.081218
v 0.936659 -0.009336 3.995709
v 0.897867 0.094676 3.984044
v 0.654836 -0.026986 4.081218
v 0.665893 0.080094 4.059164
v 0.538723 0.075580 3.764326
v 0.938257 -0.005917 3.675875
v 0.698172 -0.019194 3.579554
v 0.697762 0.086672 3.608616
v 0.936659 -0.009336 3.995709
v 0.938257 -0.005917 3.675875
v 0.910975 0.098469 3.694117
v 0.275551 0.073560 3.984499
v 0.455624 0.085841 3.834280
v 0.393157 0.084381 3.615505
v 0.393157 0.084381 3.615505
v 0.067158 0.065297 3.586573
v 0.021987 0.060061 3.831774
v 0.486537 -0.034499 3.840126
v 0.440357 -0.034494 3.575250
v 0.393157 0.084381 3.615505
v 0.057790 -0.057068 3.557258
v -0.002231 -0.063706 3.852351
v 0.021987 0.060061 3.831774
v 0.057790 -0.057068 3.557258
v 0.067158 0.065297 3.586573
v 0.393157 0.084381 3.615505
v 0.486537 -0.034499 3.840126
v 0.455624 0.085841 3.834280
v 0.275551 0.073560 3.984499
v 0.283738 -0.048323 4.009295
v 0.275551 0.073560 3.984499
v 0.021987 0.060061 3.831774
v 0.184939 0.055263 4.423031
v 0.442153 0.069280 4.546793
v 0.652261 0.083632 4.366991
v 0.652261 0.083632 4.366991
v 0.519082 0.079635 3.990919
v 0.225250 0.061386 4.064720
v 0.450115 -0.044320 4.576477
v 0.719436 -0.026373 4.391471
v 0.652261 0.083632 4.366991
v 0.545497 -0.032213 3.958187
v 0.189029 -0.054285 4.040705
v 0.225250 0.061386 4.064720
v 0.545497 -0.032213 3.958187
v 0.519082 0.079635 3.990919
v 0.652261 0.083632 4.366991
v 0.450115 -0.044320 4.576477
v 0.442153 0.069280 4.546793
v 0.184939 0.055263 4.423031
v 0.160471 -0.060104 4.437083
v 0.184939 0.055263 4.423031
v 0.225250 0.061386 4.064720
v -0.314933 0.021338 4.391634
v -0.658666 0.008765 4.218886
v -0.649155 0.024706 4.483320
v -0.439850 -0.090169 4.574015
v -0.314933 0.021338 4.391634
v -0.448424 0.029709 4.545064
v -0.437433 -0.117718 4.114901
v -0.658666 0.008765 4.218886
v -0.452702 0.004952 4.133256
v -0.437433 -0.117718 4.114901
v -0.314933 0.021338 4.391634
v -0.263796 -0.098862 4.410348
v -0.665885 -0.095803 4.504490
v -0.448424 0.029709 4.545064
v -0.649155 0.024706 4.483320
v -0.665885 -0.095803 4.504490
v -0.658666 0.008765 4.218886
v -0.688081 -0.113408 4.213722
v -0.120899 0.049567 4.975508
v -0.380668 0.069989 5.343309
v -0.072185 0.074047 5.377715
v 0.065060 -0.051795 5.158681
v -0.120899 0.049567 4.975508
v 0.034075 0.061430 5.156198
v -0.467257 -0.060129 5.077107
v -0.380668 0.069989 5.343309
v -0.444500 0.054394 5.090461
v -0.467257 -0.060129 5.077107
v -0.120899 0.049567 4.975508
v -0.094485 -0.066741 4.927040
v -0.054640 -0.037595 5.408113
v 0.034075 0.061430 5.156198
v -0.072185 0.074047 5.377715
v -0.395849 -0.041252 5.383886
v -0.072185 0.074047 5.377715
v -0.380668 0.069989 5.343309
v 0.048172 0.058979 4.830642
v -0.156491 0.032969 4.419305
v -0.337332 0.047406 4.679151
v -0.198116 -0.068164 4.914478
v 0.048172 0.058979 4.830642
v -0.189701 0.060540 4.881899
v 0.133948 -0.092302 4.476844
v -0.156491 0.032969 4.419305
v 0.102004 0.038569 4.484777
v 0.133948 -0.092302 4.476844
v 0.048172 0.058979 4.830642
v 0.087808 -0.068158 4.883848
v -0.198116 -0.068164 4.914478
v -0.337332 0.047406 4.679151
v -0.364370 -0.082949 4.686141
v -0.364370 -0.082949 4.686141
v -0.156491 0.032969 4.419305
v -0.176744 -0.099401 4.392010
v -0.772049 0.058178 5.054235
v -0.419400 0.034385 4.619821
v -0.798947 0.027837 4.551570
v -0.981375 -0.078667 4.823757
v -0.772049 0.058178 5.054235
v -0.949137 0.042829 4.817349
v -0.328261 -0.065719 4.969086
v -0.419400 0.034385 4.619821
v -0.361333 0.053903 4.938591
v -0.328261 -0.065719 4.969086
v -0.772049 0.058178 5.054235
v -0.802904 -0.059474 5.124200
v -0.981375 -0.078667 4.823757
v -0.798947 0.027837 4.551570
v -0.812219 -0.095548 4.524468
v -0.812219 -0.095548 4.524468
v -0.419400 0.034385 4.619821
v -0.391221 -0.089325 4.582857
v -0.649155 0.024706 4.483320
v -0.448424 0.029709 4.545064
v -0.314933 0.021338 4.391634
v -0.314933 0.021338 4.391634
v -0.452702 0.004952 4.133256
v -0.658666 0.008765 4.218886
v -0.439850 -0.090169 4.574015
v -0.263796 -0.098862 4.410348
v -0.314933 0.021338 4.391634
v -0.437433 -0.117718 4.114901
v -0.688081 -0.113408 4.213722
v -0.658666 0.008765 4.218886
v -0.437433 -0.117718 4.114901
v -0.452702 0.004952 4.133256
v -0.314933 0.021338 4.391634
v -0.665885 -0.095803 4.504490
v -0.439850 -0.090169 4.574015
v -0.448424 0.029709 4.545064
v -0.665885 -0.095803 4.504490
v -0.649155 0.024706 4.483320
v -0.658666 0.008765 4.218886
v -0.072185 0.074047 5.377715
v 0.034075 0.061430 5.156198
v -0.120899 0.049567 4.975508
v -0.120899 0.049567 4.975508
v -0.444500 0.054394 5.090461
v -0.380668 0.069989 5.343309
v 0.065060 -0.051795 5.158681
v -0.094485 -0.066741 4.927040
v -0.120899 0.049567 4.975508
v -0.467257 -0.060129 5.077107
v -0.395849 -0.041252 5.383886
v -0.380668 0.069989 5.343309
v -0.467257 -0.060129 5.077107
v -0.444500 0.054394 5.090461
v -0.120899 0.049567 4.975508
v -0.054640 -0.037595 5.408113
v 0.065060 -0.051795 5.158681
v 0.034075 0.061430 5.156198
v -0.395849 -0.041252 5.383886
v -0.054640 -0.037595 5.408113
v -0.072185 0.074047 5.377715
v -0.337332 0.047406 4.679151
v -0.189701 0.060540 4.881899
v 0.048172 0.058979 4.830642
v 0.048172 0.058979 4.830642
v 0.102004 0.038569 4.484777
v -0.156491 0.032969 4.419305
v -0.198116 -0.068164 4.914478
v 0.087808 -0.068158 4.883848
v 0.048172 0.058979 4.830642
v 0.133948 -0.092302 4.476844
v -0.176744 -0.099401 4.392010
v -0.156491 0.032969 4.419305
v 0.133948 -0.092302 4.476844
v 0.102004 0.038569 4.484777
v 0.048172 0.058979 4.830642
v -0.198116 -0.068164 4.914478
v -0.189701 0.060540 4.881899
v -0.337332 0.047406 4.679151
v -0.364370 -0.082949 4.686141
v -0.337332 0.047406 4.679151
v -0.156491 0.032969 4.419305
v -0.798947 0.027837 4.551570
v -0.949137 0.042829 4.817349
v -0.772049 0.058178 5.054235
v -0.772049 0.058178 5.054235
v -0.361333 0.053903 4.938591
v -0.419400 0.034385 4.619821
v -0.981375 -0.078667 4.823757
v -0.802904 -0.059474 5.124200
v -0.772049 0.058178 5.054235
v -0.328261 -0.065719 4.969086
v -0.391221 -0.089325 4.582857
v -0.419400 0.034385 4.619821
v -0.328261 -0.065719 4.969086
v -0.361333 0.053903 4.938591
v -0.772049 0.058178 5.054235
v -0.981375 -0.078667 4.823757
v -0.949137 0.042829 4.817349
v -0.798947 0.027837 4.551570
v -0.812219 -0.095548 4.524468
v -0.798947 0.027837 4.551570
v -0.419400 0.034385 4.619821
v -1.003477 0.395969 -1.256945
v -1.109019 0.396234 -1.205746
v -1.025634 0.506892 -1.291537
v -1.227872 0.617285 -1.178011
v -1.199659 0.395969 -1.131307
v -1.032900 0.617285 -1.302889
v -1.171456 0.174653 -1.084593
v -0.837931 0.617285 -1.427758
v -0.996211 0.285576 -1.245603
v -0.974061 0.174653 -1.211011
v -0.776670 0.174653 -1.337429
v -0.912834 0.396234 -1.331394
v -0.807300 0.395969 -1.382593
v -0.056382 0.398141 1.693379
v 0.060242 0.398406 1.705931
v -0.055943 0.509064 1.734454
v 0.175719 0.619457 1.745452
v 0.176572 0.398141 1.690890
v -0.055799 0.619457 1.747926
v 0.177426 0.176825 1.636328
v -0.287318 0.619457 1.750399
v -0.056526 0.287748 1.679907
v -0.056965 0.176825 1.638833
v -0.291356 0.176825 1.641337
v -0.172712 0.398406 1.708420
v -0.289336 0.398141 1.695868
v -0.919951 1.018999 -1.524853
v -0.899334 1.033494 -1.539323
v -0.907573 1.003227 -1.552187
v -0.877564 1.018999 -1.551997
v -0.918796 0.990020 -1.523047
v -0.876410 0.990020 -1.550201
v -0.897026 0.975535 -1.535721
v -1.276174 1.018999 -1.296703
v -1.306180 1.003227 -1.296894
v -1.297945 1.033494 -1.284039
v -1.318565 1.018999 -1.269559
v -1.275025 0.990020 -1.294907
v -1.317406 0.990020 -1.267753
v -1.295636 0.975535 -1.280427
v -1.108104 1.121004 -1.426463
v -1.086396 1.106558 -1.438469
v -1.115750 1.090196 -1.438391
v -1.084676 1.077677 -1.435775
v -1.104656 1.063231 -1.421085
v -1.128094 1.106558 -1.411764
v -1.126374 1.077676 -1.409070
v -0.665893 -0.111687 -1.387092
v -0.645284 -0.097751 -1.405178
v -0.649877 -0.130567 -1.412352
v -0.620236 -0.111687 -1.416335
v -0.661455 -0.139558 -1.380161
v -0.615796 -0.139558 -1.409405
v -0.636407 -0.153494 -1.391318
v -1.257310 -0.111687 -1.008318
v -1.286947 -0.130567 -1.004336
v -1.282359 -0.097751 -0.997162
v -1.302961 -0.111687 -0.979075
v -1.252873 -0.139558 -1.001388
v -1.298524 -0.139558 -0.972145
v -1.273474 -0.153494 -0.983302
v -0.809193 0.834557 -1.561228
v -0.789001 0.848963 -1.576362
v -0.796340 0.817910 -1.587821
v -0.766806 0.834557 -1.588373
v -0.807191 0.805734 -1.558105
v -0.764804 0.805734 -1.585249
v -0.784997 0.791318 -1.570115
v -1.355543 0.834557 -1.211318
v -1.385079 0.817910 -1.210767
v -1.377733 0.848963 -1.199308
v -1.397934 0.834557 -1.184174
v -1.353544 0.805734 -1.208195
v -1.395926 0.805734 -1.181041
v -1.373735 0.791318 -1.193051
v -0.691940 0.076976 -1.434536
v -0.672802 0.090998 -1.451319
v -0.677781 0.058374 -1.459089
v -0.649553 0.076976 -1.461681
v -0.687831 0.048932 -1.428113
v -0.645444 0.048932 -1.455268
v -0.664582 0.034909 -1.438484
v -1.284881 0.076976 -1.054783
v -1.313108 0.058374 -1.052192
v -1.308131 0.090998 -1.044422
v -1.327273 0.076976 -1.027639
v -1.280774 0.048932 -1.048370
v -1.323155 0.048932 -1.021216
v -1.299906 0.034909 -1.031587
v -0.727306 0.316899 -1.489576
v -0.708141 0.330934 -1.506320
v -0.713180 0.298343 -1.514187
v -0.684919 0.316899 -1.516730
v -0.723248 0.288829 -1.483241
v -0.680861 0.288829 -1.510395
v -0.700026 0.274793 -1.493651
v -1.324710 0.316899 -1.106965
v -1.352976 0.298343 -1.104432
v -1.347929 0.330934 -1.096565
v -1.367101 0.316899 -1.079820
v -1.320652 0.288829 -1.100630
v -1.363043 0.288829 -1.073485
v -1.339814 0.274793 -1.083895
v -0.756464 0.576357 -1.541901
v -0.736908 0.590567 -1.558030
v -0.742844 0.558500 -1.567293
v -0.714077 0.576357 -1.569045
v -0.753191 0.547938 -1.536786
v -0.710804 0.547938 -1.563930
v -0.730361 0.533728 -1.547801
v -1.360036 0.576357 -1.155332
v -1.388802 0.558499 -1.153590
v -1.382866 0.590567 -1.144317
v -1.402427 0.576357 -1.128188
v -1.356768 0.547937 -1.150227
v -1.399149 0.547937 -1.123073
v -1.376319 0.533728 -1.134098
v -0.897306 0.932443 -1.530480
v -0.980750 1.008819 -1.492489
v -0.941882 1.104671 -1.531547
v -0.820833 0.993263 -1.586547
v -1.111472 1.148136 -1.431724
v -0.743395 0.820642 -1.601232
v -1.103706 1.037700 -1.419582
v -0.823408 0.787751 -1.548546
v -1.221350 1.008819 -1.338398
v -0.694250 0.593937 -1.586848
v -1.273085 1.104671 -1.319428
v -0.788507 0.586905 -1.530276
v -1.290760 0.932443 -1.278494
v -0.757954 0.370929 -1.491813
v -1.373665 0.993263 -1.232480
v -0.660293 0.369192 -1.548795
v -1.419395 0.820641 -1.168280
v -0.733506 0.154931 -1.439733
v -1.338073 0.787750 -1.218925
v -0.635394 0.144469 -1.495245
v -0.693312 -0.189094 -1.348648
v -0.593540 -0.189094 -1.407480
v -1.426893 0.593937 -1.117627
v -1.336080 0.586904 -1.179577
v -1.313922 0.370929 -1.135737
v -1.406532 0.369192 -1.070869
v -1.276844 0.154931 -1.091752
v -1.368303 0.144469 -1.025854
v -1.210920 -0.189094 -1.017148
v -1.306082 -0.189094 -0.951127
v -0.681876 1.037209 -1.375305
v -0.820833 0.993263 -1.586547
v -0.804204 1.149816 -1.319740
v -0.604686 0.864106 -1.389731
v -0.941882 1.104671 -1.531547
v -0.743395 0.820642 -1.601232
v -0.975280 1.193792 -1.219067
v -0.555075 0.637321 -1.375637
v -1.111472 1.148136 -1.431724
v -0.694250 0.593937 -1.586848
v -1.273085 1.104671 -1.319428
v -0.660293 0.369192 -1.548795
v -1.138278 1.149816 -1.105782
v -0.529040 0.413380 -1.332674
v -1.373665 0.993263 -1.232480
v -0.635394 0.144469 -1.495245
v -1.239919 1.037209 -1.017909
v -0.496249 0.189461 -1.284339
v -0.593540 -0.189094 -1.407480
v -0.453629 -0.189094 -1.196680
v -1.285306 0.864106 -0.953828
v -1.419395 0.820641 -1.168280
v -1.293253 0.637321 -0.902871
v -1.426893 0.593937 -1.117627
v -1.406532 0.369192 -1.070869
v -1.265114 0.413379 -0.861250
v -1.368303 0.144469 -1.025854
v -1.234921 0.189460 -0.811249
v -1.306082 -0.189094 -0.951127
v -1.173125 -0.189094 -0.735872
v -0.872250 0.757149 -1.425907
v -0.833315 0.583218 -1.429045
v -0.836723 0.580518 -1.412941
v -0.802288 0.377606 -1.392985
v -0.869159 0.762436 -1.442342
v -0.806139 0.376225 -1.376857
v -0.924273 0.863743 -1.414148
v -0.780188 0.167929 -1.340683
v -0.923062 0.872882 -1.430150
v -0.784285 0.167353 -1.324562
v -0.763990 -0.060537 -1.260713
v -0.759177 -0.070440 -1.275181
v -0.981780 0.915030 -1.387687
v -0.984769 0.927923 -1.401767
v -1.062320 0.942172 -1.354976
v -1.054994 0.928513 -1.343526
v -1.125721 0.915030 -1.295500
v -1.137262 0.927923 -1.304103
v -1.188857 0.872882 -1.259928
v -1.173810 0.863743 -1.254330
v -1.222470 0.762436 -1.216062
v -1.206250 0.757149 -1.211990
v -1.225394 0.583218 -1.177939
v -1.209327 0.580518 -1.174298
v -1.205611 0.377606 -1.134673
v -1.189351 0.376225 -1.131427
v -1.167346 0.167929 -1.092725
v -1.150981 0.167353 -1.089706
v -1.101478 -0.060537 -1.044566
v -1.116631 -0.070440 -1.046242
v -0.869159 0.762436 -1.442342
v -0.756823 0.596909 -1.480809
v -0.833315 0.583218 -1.429045
v -0.726270 0.380935 -1.442346
v -0.791724 0.797755 -1.499079
v -0.802288 0.377606 -1.392985
v -0.923062 0.872882 -1.430150
v -0.701824 0.164936 -1.390265
v -0.865622 0.942447 -1.481012
v -0.780188 0.167929 -1.340683
v -0.984769 0.927923 -1.401767
v -0.759177 -0.070440 -1.275181
v -0.949066 1.018823 -1.443012
v -0.661628 -0.189094 -1.299181
v -1.072015 1.047704 -1.370115
v -1.179238 -0.189094 -0.967674
v -1.062320 0.942172 -1.354976
v -1.116631 -0.070440 -1.046242
v -1.137262 0.927923 -1.304103
v -1.245162 0.164936 -1.042284
v -1.189668 1.018823 -1.288920
v -1.167346 0.167929 -1.092725
v -1.259078 0.942447 -1.229017
v -1.205611 0.377606 -1.134673
v -1.188857 0.872882 -1.259928
v -1.282240 0.380935 -1.086270
v -1.306391 0.797754 -1.169457
v -1.225394 0.583218 -1.177939
v -1.222470 0.762436 -1.216062
v -1.304398 0.596909 -1.130109
v -1.206250 0.757149 -1.211990
v -1.054994 0.928513 -1.343526
v -0.872250 0.757149 -1.425907
v -0.924273 0.863743 -1.414148
v -0.981780 0.915030 -1.387687
v -0.836723 0.580518 -1.412941
v -1.173810 0.863743 -1.254330
v -1.125721 0.915030 -1.295500
v -1.209327 0.580518 -1.174298
v -0.806139 0.376225 -1.376857
v -1.189351 0.376225 -1.131427
v -0.784285 0.167353 -1.324562
v -1.150981 0.167353 -1.089706
v -0.763990 -0.060537 -1.260713
v -1.101478 -0.060537 -1.044566
v -0.791724 0.797755 -1.499079
v -0.865622 0.942447 -1.481012
v -0.897306 0.932443 -1.530480
v -0.823408 0.787751 -1.548546
v -0.980750 1.008819 -1.492489
v -0.756823 0.596909 -1.480809
v -0.949066 1.018823 -1.443012
v -1.072015 1.047704 -1.370115
v -1.103706 1.037700 -1.419582
v -0.788507 0.586905 -1.530276
v -0.757954 0.370929 -1.491813
v -0.726270 0.380935 -1.442346
v -0.733506 0.154931 -1.439733
v -0.701824 0.164936 -1.390265
v -0.693312 -0.189094 -1.348648
v -0.661628 -0.189094 -1.299181
v -1.259078 0.942447 -1.229017
v -1.306391 0.797754 -1.169457
v -1.290760 0.932443 -1.278494
v -1.338073 0.787750 -1.218925
v -1.221350 1.008819 -1.338398
v -1.304398 0.596909 -1.130109
v -1.189668 1.018823 -1.288920
v -1.336080 0.586904 -1.179577
v -1.313922 0.370929 -1.135737
v -1.282240 0.380935 -1.086270
v -1.276844 0.154931 -1.091752
v -1.245162 0.164936 -1.042284
v -1.210920 -0.189094 -1.017148
v -1.179238 -0.189094 -0.967674
v -1.116631 -0.070440 -1.046242
v -0.763990 -0.060537 -1.260713
v -0.759177 -0.070440 -1.275181
v -1.101478 -0.060537 -1.044566
v -0.269272 1.021171 1.876215
v -0.294426 1.035666 1.877555
v -0.294262 1.005399 1.892825
v -0.319604 1.021171 1.876753
v -0.269294 0.992192 1.874073
v -0.319626 0.992192 1.874611
v -0.294471 0.977697 1.873271
v 0.153726 1.021171 1.871696
v 0.179066 1.005399 1.887768
v 0.178903 1.035666 1.872498
v 0.204058 1.021171 1.871158
v 0.153703 0.992192 1.869554
v 0.204035 0.992192 1.869016
v 0.178857 0.977697 1.868214
v -0.057574 1.123166 1.892577
v -0.082347 1.108730 1.891239
v -0.057423 1.092368 1.906736
v -0.082381 1.079839 1.888046
v -0.057642 1.065403 1.886189
v -0.032835 1.108730 1.890710
v -0.032869 1.079839 1.887517
v -0.411611 -0.109517 1.624696
v -0.438676 -0.095581 1.629103
v -0.438585 -0.128397 1.637613
v -0.465828 -0.109517 1.625276
v -0.411699 -0.137388 1.616462
v -0.465916 -0.137388 1.617041
v -0.438851 -0.151324 1.612644
v 0.290659 -0.109517 1.617193
v 0.317902 -0.128397 1.629531
v 0.317812 -0.095581 1.621021
v 0.344876 -0.109517 1.616614
v 0.290571 -0.137388 1.608959
v 0.344788 -0.137388 1.608379
v 0.317636 -0.151324 1.604562
v -0.382464 0.836719 1.848315
v -0.407609 0.851135 1.850441
v -0.407464 0.820081 1.864051
v -0.432796 0.836719 1.848853
v -0.382503 0.807896 1.844611
v -0.432835 0.807896 1.845149
v -0.407689 0.793490 1.843022
v 0.266296 0.836719 1.841384
v 0.291627 0.820082 1.856582
v 0.291481 0.851135 1.842972
v 0.316628 0.836719 1.840846
v 0.266257 0.807896 1.837680
v 0.316589 0.807896 1.837142
v 0.291402 0.793490 1.835553
v -0.414686 0.079146 1.678732
v -0.439811 0.093168 1.682803
v -0.439712 0.060544 1.692040
v -0.465018 0.079146 1.679269
v -0.414767 0.051101 1.671106
v -0.465099 0.051101 1.671644
v -0.439974 0.037079 1.667562
v 0.289398 0.079146 1.671209
v 0.314703 0.060544 1.683980
v 0.314604 0.093168 1.674743
v 0.339730 0.079146 1.670671
v 0.289316 0.051102 1.663584
v 0.339648 0.051102 1.663046
v 0.314441 0.037079 1.659502
v -0.413893 0.319069 1.744145
v -0.439018 0.333104 1.748178
v -0.438918 0.300513 1.757522
v -0.464225 0.319069 1.744683
v -0.413973 0.290998 1.736628
v -0.464305 0.290998 1.737165
v -0.439179 0.276963 1.733133
v 0.295492 0.319069 1.736566
v 0.320798 0.300513 1.749406
v 0.320698 0.333104 1.740061
v 0.345824 0.319069 1.736028
v 0.295412 0.290998 1.729049
v 0.345744 0.290998 1.728511
v 0.320537 0.276963 1.725016
v -0.416916 0.578527 1.803968
v -0.442049 0.592737 1.807274
v -0.441932 0.560670 1.818279
v -0.467247 0.578527 1.804506
v -0.416981 0.550107 1.797895
v -0.467312 0.550107 1.798433
v -0.442179 0.535898 1.795128
v 0.299793 0.578527 1.796311
v 0.325109 0.560670 1.810084
v 0.324991 0.592737 1.799078
v 0.350124 0.578527 1.795773
v 0.299728 0.550108 1.790238
v 0.350059 0.550108 1.789700
v 0.324862 0.535898 1.786933
v -0.291456 0.934615 1.868973
v -0.200562 1.010991 1.881014
v -0.254229 1.106833 1.893518
v -0.386019 0.995425 1.875949
v -0.057507 1.150298 1.898826
v -0.459460 0.822813 1.847340
v -0.057661 1.039872 1.884411
v -0.363686 0.789922 1.845108
v 0.085134 1.010991 1.877962
v -0.493503 0.596107 1.809091
v 0.139057 1.106833 1.889316
v -0.383588 0.589074 1.811110
v 0.175751 0.934615 1.863982
v -0.389094 0.373099 1.762297
v 0.270441 0.995425 1.868935
v -0.502109 0.371362 1.758817
v 0.343254 0.822814 1.838763
v -0.382204 0.157101 1.705184
v 0.247454 0.789922 1.838578
v -0.494821 0.146639 1.700206
v -0.367978 -0.186923 1.606639
v -0.483765 -0.186924 1.603611
v 0.376472 0.596107 1.799796
v 0.266626 0.589075 1.804164
v 0.271087 0.373099 1.755244
v 0.384002 0.371362 1.749349
v 0.262979 0.157101 1.698291
v 0.375463 0.146639 1.690908
v 0.246650 -0.186923 1.600072
v 0.362346 -0.186924 1.594571
v -0.391811 1.039381 1.623178
v -0.386019 0.995425 1.875949
v -0.258630 1.151988 1.640938
v -0.464904 0.866278 1.594476
v -0.254229 1.106833 1.893518
v -0.459460 0.822813 1.847340
v -0.060205 1.195964 1.646307
v -0.499492 0.639491 1.556213
v -0.057507 1.150298 1.898826
v -0.493503 0.596107 1.809091
v 0.139057 1.106833 1.889316
v -0.502109 0.371362 1.758817
v 0.138060 1.151988 1.636700
v -0.498778 0.415549 1.505977
v 0.270441 0.995425 1.868935
v -0.494821 0.146639 1.700206
v 0.270831 1.039381 1.616098
v -0.500946 0.191630 1.447615
v -0.483765 -0.186924 1.603611
v -0.490595 -0.186923 1.350693
v 0.343294 0.866278 1.585841
v 0.343254 0.822814 1.838763
v 0.377057 0.639491 1.546848
v 0.376472 0.596107 1.799796
v 0.384002 0.371362 1.749349
v 0.375269 0.415549 1.496639
v 0.375463 0.146639 1.690908
v 0.376190 0.191631 1.438243
v 0.362346 -0.186924 1.594571
v 0.363771 -0.186923 1.341565
v -0.257243 0.759321 1.767030
v -0.291918 0.585388 1.749043
v -0.280484 0.582688 1.737196
v -0.299097 0.379776 1.702016
v -0.268578 0.764608 1.779328
v -0.287278 0.378395 1.690382
v -0.206900 0.865905 1.784644
v -0.290098 0.170099 1.645952
v -0.216415 0.875054 1.797580
v -0.278074 0.169523 1.634453
v -0.261425 -0.058367 1.569571
v -0.273176 -0.068270 1.579278
v -0.144115 0.917202 1.792710
v -0.149045 0.930095 1.806226
v -0.058481 0.944344 1.807696
v -0.058626 0.930684 1.794096
v 0.026813 0.917202 1.790884
v 0.032032 0.930095 1.804292
v 0.099201 0.875054 1.794208
v 0.089412 0.865905 1.781478
v 0.150963 0.764608 1.774845
v 0.139367 0.759321 1.762793
v 0.173650 0.585388 1.744069
v 0.161966 0.582688 1.732469
v 0.179823 0.379776 1.696900
v 0.167758 0.378395 1.685520
v 0.169628 0.170099 1.641041
v 0.157361 0.169523 1.629801
v 0.139329 -0.058367 1.565289
v 0.151285 -0.068270 1.574743
v -0.268578 0.764608 1.779328
v -0.384216 0.599079 1.752368
v -0.291918 0.585388 1.749043
v -0.389721 0.383105 1.703555
v -0.364314 0.799926 1.786365
v -0.299097 0.379776 1.702016
v -0.216415 0.875054 1.797580
v -0.382832 0.167106 1.646432
v -0.292084 0.944619 1.810231
v -0.290098 0.170099 1.645952
v -0.149045 0.930095 1.806226
v -0.273176 -0.068270 1.579278
v -0.201190 1.020995 1.822272
v -0.368606 -0.186923 1.547896
v -0.058289 1.049876 1.825668
v 0.246023 -0.186923 1.541330
v -0.058481 0.944344 1.807696
v 0.151285 -0.068270 1.574743
v 0.032032 0.930095 1.804292
v 0.262351 0.167106 1.639539
v 0.084507 1.020995 1.819219
v 0.169628 0.170099 1.641041
v 0.175123 0.944619 1.805239
v 0.179823 0.379776 1.696900
v 0.099201 0.875054 1.794208
v 0.270459 0.383105 1.696501
v 0.246827 0.799927 1.779836
v 0.173650 0.585388 1.744069
v 0.150963 0.764608 1.774845
v 0.265998 0.599079 1.745421
v 0.139367 0.759321 1.762793
v -0.058626 0.930684 1.794096
v -0.257243 0.759321 1.767030
v -0.206900 0.865905 1.784644
v -0.144115 0.917202 1.792710
v -0.280484 0.582688 1.737196
v 0.089412 0.865905 1.781478
v 0.026813 0.917202 1.790884
v 0.161966 0.582688 1.732469
v -0.287278 0.378395 1.690382
v 0.167758 0.378395 1.685520
v -0.278074 0.169523 1.634453
v 0.157361 0.169523 1.629801
v -0.261425 -0.058367 1.569571
v 0.139329 -0.058367 1.565289
v -0.364314 0.799926 1.786365
v -0.292084 0.944619 1.810231
v -0.291456 0.934615 1.868973
v -0.363686 0.789922 1.845108
v -0.200562 1.010991 1.881014
v -0.384216 0.599079 1.752368
v -0.201190 1.020995 1.822272
v -0.058289 1.049876 1.825668
v -0.057661 1.039872 1.884411
v -0.383588 0.589074 1.811110
v -0.389094 0.373099 1.762297
v -0.389721 0.383105 1.703555
v -0.382204 0.157101 1.705184
v -0.382832 0.167106 1.646432
v -0.367978 -0.186923 1.606639
v -0.368606 -0.186923 1.547896
v 0.175123 0.944619 1.805239
v 0.246827 0.799927 1.779836
v 0.175751 0.934615 1.863982
v 0.247454 0.789922 1.838578
v 0.085134 1.010991 1.877962
v 0.265998 0.599079 1.745421
v 0.084507 1.020995 1.819219
v 0.266626 0.589075 1.804164
v 0.271087 0.373099 1.755244
v 0.270459 0.383105 1.696501
v 0.262979 0.157101 1.698291
v 0.262351 0.167106 1.639539
v 0.246650 -0.186923 1.600072
v 0.246023 -0.186923 1.541330
v 0.151285 -0.068270 1.574743
v -0.261425 -0.058367 1.569571
v -0.273176 -0.068270 1.579278
v 0.139329 -0.058367 1.565289
v -1.336982 2.664668 0.938077
v -1.606384 2.196274 0.729327
v -1.449667 2.196274 1.015127
v -1.772699 1.727870 0.432802
v -1.670638 1.727870 0.756748
v -1.809592 1.727870 0.095169
v -1.806280 1.259476 0.100696
v -1.769486 1.259476 0.437363
v -1.776688 1.259476 -0.236681
v -1.667720 1.259476 0.760384
v -1.507336 1.727870 1.054562
v -1.634793 0.791141 0.742379
v -1.734515 0.791141 0.425857
v -1.770569 0.791141 0.095963
v -1.550404 0.322754 0.706510
v -1.504889 1.259476 1.057347
v -1.475240 0.791141 1.033365
v -1.399510 0.322754 0.981703
v -1.226329 -0.203822 0.863993
v -1.357387 -0.203822 0.624991
v -1.051172 -0.203822 1.072833
v -1.644714 0.322754 0.407166
v -1.439286 -0.203822 0.365016
v -1.678817 0.322754 0.095174
v -1.468903 -0.203822 0.094057
v -1.445083 -0.203822 -0.177473
v -1.651387 0.322754 -0.217474
v -1.368747 -0.203822 -0.439138
v -1.741571 0.791141 -0.234626
v -1.563495 0.322754 -0.518765
v -1.242834 -0.203822 -0.680884
v -1.418515 0.322754 -0.797120
v -1.072179 -0.203822 -0.893420
v -1.648636 0.791141 -0.553205
v -1.222014 0.322753 -1.041844
v -0.981548 0.322753 -1.243529
v -0.863337 -0.203822 -1.068584
v -1.033294 0.791141 -1.319553
v -1.495335 0.791141 -0.847532
v -1.287565 0.791141 -1.106300
v -1.053868 1.259476 -1.343892
v -1.681846 1.259476 -0.561802
v -1.525397 1.259476 -0.862173
v -1.313349 1.259476 -1.126250
v -1.055023 1.727870 -1.353560
v -1.779921 1.727870 -0.243176
v -1.711256 2.196274 -0.230280
v -1.684805 1.727870 -0.569229
v -1.619980 2.196274 -0.543187
v -1.493299 2.664668 -0.492294
v -1.315254 1.727870 -1.135291
v -1.527903 1.727870 -0.870461
v -1.265329 2.196274 -1.086431
v -1.015588 2.196274 -1.295890
v -1.469405 2.196274 -0.832273
v -1.167772 2.664668 -0.990937
v -0.938539 2.664668 -1.183196
v -1.355089 2.664668 -0.757645
v -1.191785 3.304877 0.088568
v -0.911342 3.524549 0.251881
v -0.929497 3.524549 0.085766
v -0.743625 3.605927 0.216653
v -1.168040 3.304877 0.305799
v -0.914896 3.524549 -0.080699
v -1.102376 3.304877 0.514225
v -1.383666 3.060312 0.090618
v -1.172687 3.304877 -0.129121
v -0.746464 3.605927 -0.049063
v -1.355836 3.060312 0.345243
v -1.361282 3.060312 -0.164544
v -1.111491 3.304877 -0.338901
v -1.603227 2.664668 0.092964
v -1.289554 3.060312 -0.410436
v -0.868099 3.524549 -0.241117
v -1.010549 3.304877 -0.532712
v -1.577086 2.664668 -0.205079
v -1.739736 2.196274 0.094422
v -1.570724 2.664668 0.390380
v -1.171230 3.060312 -0.637610
v -1.278870 3.060312 0.589548
v -1.704325 2.196274 0.418442
v -1.480820 2.664668 0.675739
v -0.997317 3.304877 0.705834
v -1.155720 3.060312 0.814141
v 0.307276 3.605927 0.638855
v 0.404004 3.524549 0.780324
v 0.532037 3.524549 0.672940
v 0.257481 3.524549 0.860666
v 0.552054 3.304877 0.996856
v 0.360443 3.304877 1.101916
v 0.435766 3.060312 1.278410
v 0.191463 3.060312 1.355375
v 0.152018 3.304877 1.167579
v -0.063163 3.060312 1.383205
v -0.060817 2.664668 1.602767
v 0.236599 2.664668 1.570264
v -0.059359 2.196274 1.739276
v -0.318325 3.060312 1.360822
v -0.282902 3.304877 1.172226
v -0.358860 2.664668 1.576626
v -0.384062 2.196274 1.710796
v -0.058613 1.727870 1.809132
v -0.492683 3.304877 1.111030
v -0.394898 3.524549 0.867636
v -0.686494 3.304877 1.010079
v -0.564218 3.060312 1.289084
v -0.646076 2.664668 1.492839
v -0.791391 3.060312 1.170760
v -0.856886 3.304877 0.873266
v -0.991114 3.060312 1.010395
v -0.911426 2.664668 1.354628
v -1.144713 2.664668 1.167312
v -0.696968 2.196274 1.619519
v -0.986058 2.196274 1.468944
v -1.240207 2.196274 1.264868
v -0.723011 1.727870 1.684335
v -0.396957 1.727870 1.779451
v -1.289077 1.727870 1.314793
v -1.024242 1.727870 1.527443
v -0.060303 1.259476 1.809759
v 0.276365 1.259476 1.772965
v -0.059109 0.866033 1.762663
v -0.397681 1.259476 1.780167
v -0.390313 0.850673 1.741642
v -0.722802 1.259476 1.685325
v -1.023175 1.259476 1.528876
v -0.708893 0.791141 1.648707
v -1.287247 1.259476 1.316828
v -0.373462 0.382042 1.651550
v -1.261987 0.791141 1.287625
v -1.003219 0.791141 1.495406
v -1.197825 0.322754 1.222167
v -0.953108 0.322754 1.418668
v -0.838638 -0.203822 1.243488
v -0.674753 0.322754 1.563658
v -0.596891 -0.203822 1.369410
v -0.335225 -0.203822 1.445736
v 0.566176 1.250003 -1.512938
v 0.233164 1.250003 -1.610083
v 0.249538 1.259476 -1.662472
v -0.096027 1.259476 -1.692783
v 0.582549 1.259476 -1.565327
v -0.112400 1.250003 -1.640394
v -0.433883 1.259476 -1.608489
v -0.439012 1.250003 -1.560820
v 0.890210 1.259476 -1.405083
v 0.873837 1.250003 -1.352695
v 1.129729 1.259476 -1.152352
v 1.101666 1.250003 -1.111474
v -1.010856 3.060312 -0.837335
v -0.814603 3.060312 -1.001934
v -0.706296 3.304877 -0.843532
v -0.873728 3.304877 -0.703106
v -0.558247 3.524549 -0.627005
v -0.686281 3.524549 -0.519621
v -0.790905 3.524549 -0.389323
v -0.563812 3.605927 -0.399742
v -0.461519 3.605927 -0.485536
v -0.531626 3.655445 -0.368237
v -0.436098 3.655445 -0.448357
v -0.609688 3.655445 -0.271018
v -0.647401 3.605927 -0.295639
v -0.667283 3.655445 -0.160439
v -0.709076 3.605927 -0.177229
v -0.702200 3.655445 -0.040749
v -0.758131 3.605927 0.083935
v -0.713094 3.655445 0.083454
v -0.699548 3.655445 0.207395
v -0.662083 3.655445 0.326312
v -0.703507 3.605927 0.343992
v -0.602138 3.655445 0.435635
v -0.861129 3.524549 0.411263
v -0.639317 3.605927 0.461057
v -0.522018 3.655445 0.531164
v -0.780787 3.524549 0.557785
v -0.553523 3.605927 0.563350
v -0.424800 3.655445 0.609225
v -0.673403 3.524549 0.685818
v -0.543105 3.524549 0.790443
v -0.449421 3.605927 0.646939
v -0.314221 3.655445 0.666821
v -0.331011 3.605927 0.708613
v -0.202844 3.605927 0.746001
v -0.194530 3.655445 0.701737
v -0.069846 3.605927 0.757668
v -0.070327 3.655445 0.712631
v 0.053614 3.655445 0.699086
v -0.234480 3.524549 0.914433
v 0.062872 3.605927 0.743163
v 0.172532 3.655445 0.661620
v -0.068015 3.524549 0.929034
v 0.098100 3.524549 0.910880
v 0.190211 3.605927 0.703044
v 0.281854 3.655445 0.601676
v 0.377382 3.655445 0.521555
v 0.409569 3.605927 0.553060
v -0.065213 3.304877 1.191324
v 0.493158 3.605927 0.448958
v 0.455445 3.655445 0.424337
v 0.554832 3.605927 0.330548
v 0.513040 3.655445 0.313758
v 0.636661 3.524549 0.542641
v 0.592221 3.605927 0.202382
v 0.547956 3.655445 0.194067
v 0.713855 3.524549 0.394436
v 0.856303 3.304877 0.686030
v 0.603886 3.605927 0.069384
v 0.558850 3.655445 0.069865
v 0.545305 3.655445 -0.054076
v 0.589382 3.605927 -0.063334
v 0.507839 3.655445 -0.172994
v 0.775253 3.524550 0.067553
v 0.760651 3.524550 0.234018
v 1.018450 3.304877 0.282439
v 1.037538 3.304877 0.064751
v 0.757098 3.524550 -0.098562
v 0.957249 3.304877 0.492220
v 1.229419 3.060313 0.062701
v 1.013803 3.304877 -0.152480
v 1.207036 3.060313 0.317863
v 1.201589 3.060313 -0.191924
v 1.135308 3.060313 0.563755
v 1.448991 2.664668 0.060355
v 1.422840 2.664668 0.358397
v 1.016984 3.060313 0.790929
v 0.948134 3.304877 -0.360905
v 1.339062 2.664668 0.645612
v 0.706885 3.524549 -0.257943
v 0.843070 3.304877 -0.552515
v 0.549263 3.605927 -0.190673
v 0.626542 3.524549 -0.404466
v 0.485074 3.605927 -0.307737
v 0.447895 3.655445 -0.282317
v 0.399279 3.605927 -0.410031
v 0.367773 3.655445 -0.377845
v 0.519158 3.524549 -0.532500
v 0.295176 3.605927 -0.493620
v 0.270555 3.655445 -0.455906
v 0.388860 3.524549 -0.637123
v 0.702642 3.304877 -0.719946
v 0.176766 3.605927 -0.555294
v 0.159976 3.655445 -0.513501
v 0.240654 3.524549 -0.714317
v 0.532249 3.304877 -0.856763
v 0.048600 3.605927 -0.592682
v 0.040286 3.655445 -0.548418
v 0.080236 3.524549 -0.761113
v -0.084398 3.605927 -0.604349
v -0.083917 3.655445 -0.559312
v -0.207857 3.655445 -0.545766
v 0.128657 3.304877 -1.018911
v -0.217115 3.605927 -0.589843
v -0.326775 3.655445 -0.508302
v -0.086229 3.524549 -0.775715
v -0.252343 3.524549 -0.757560
v -0.344454 3.605927 -0.549726
v -0.436098 3.655445 -0.448357
v -0.461519 3.605927 -0.485536
v -0.411724 3.524549 -0.707347
v -0.558247 3.524549 -0.627005
v -0.706296 3.304877 -0.843532
v -0.514686 3.304877 -0.948596
v -0.306261 3.304877 -1.014264
v -0.590009 3.060312 -1.125084
v -0.089031 3.304877 -1.037999
v -0.345705 3.060312 -1.202050
v -0.814603 3.060312 -1.001934
v -0.091081 3.060312 -1.229880
v -0.676201 2.664668 -1.327044
v -0.938539 2.664668 -1.183196
v -0.390840 2.664668 -1.416948
v -0.093427 2.664668 -1.449451
v 0.164080 3.060312 -1.207497
v 0.338439 3.304877 -0.957710
v 0.409974 3.060312 -1.135768
v 0.204615 2.664668 -1.423310
v 0.637147 3.060312 -1.017444
v -0.094886 2.196274 -1.585960
v 0.491831 2.664668 -1.339523
v 0.229816 2.196274 -1.557480
v -0.418903 2.196274 -1.550549
v -0.095632 1.727870 -1.655816
v 0.542723 2.196274 -1.466193
v -0.729788 2.196274 -1.452598
v -1.015588 2.196274 -1.295890
v -0.433263 1.727870 -1.618913
v -0.757210 1.727870 -1.516852
v -1.055023 1.727870 -1.353560
v -1.053868 1.259476 -1.343892
v -0.096027 1.259476 -1.692783
v -0.756903 1.259476 -1.506713
v -1.033294 0.791141 -1.319553
v -0.433883 1.259476 -1.608489
v -0.742308 0.791141 -1.479106
v -0.981548 0.322753 -1.243529
v -0.425786 0.791141 -1.578828
v -0.706354 0.322753 -1.394423
v -0.863337 -0.203822 -1.068584
v -0.407009 0.322753 -1.488733
v -0.624337 -0.203822 -1.199633
v -0.364361 -0.203822 -1.281532
v 0.242712 1.727870 -1.626135
v 0.249538 1.259476 -1.662472
v 0.568766 1.727870 -1.531019
v 0.582549 1.259476 -1.565327
v 0.869998 1.727870 -1.374117
v 0.890210 1.259476 -1.405083
v 0.831809 2.196274 -1.315628
v 0.757182 2.664668 -1.201313
v 1.134830 1.727870 -1.161467
v 1.129729 1.259476 -1.152352
v 1.085970 2.196274 -1.111552
v 0.990467 2.664668 -1.013986
v 0.836872 3.060313 -0.857074
v 1.353089 1.727870 -0.901239
v 1.295430 2.196274 -0.861811
v 1.182735 2.664668 -0.784757
v 1.001473 3.060313 -0.660822
v 1.347371 1.259476 -0.892864
v 1.106361 0.791141 -1.131877
v 1.124624 3.060313 -0.436228
v 1.326583 2.664668 -0.522420
v 1.416478 2.664668 -0.237060
v 1.452137 2.196274 -0.576007
v 1.550088 2.196274 -0.265122
v 1.585500 2.196274 0.058897
v 1.516392 1.727870 -0.603428
v 1.618453 1.727870 -0.279482
v 1.655356 1.727870 0.058151
v 1.557019 2.196274 0.383599
v 1.611968 1.259476 -0.272884
v 1.509801 1.259476 -0.633426
v 1.319624 0.791141 -0.877606
v 1.041997 0.322753 -1.066033
v 1.479177 0.791141 -0.586621
v 1.243682 0.322754 -0.825561
v 0.894073 -0.203821 -0.914426
v 1.069237 -0.203821 -0.705585
v 1.394576 0.322754 -0.550367
v 1.200286 -0.203821 -0.466585
v 1.578899 0.791141 -0.270100
v 1.488886 0.322754 -0.251023
v 1.282185 -0.203821 -0.206609
v 1.614952 0.791141 0.059794
v 1.522979 0.322754 0.060968
v 1.311801 -0.203821 0.064349
v 1.287981 -0.203821 0.335879
v 1.495559 0.322754 0.373616
v 1.211655 -0.203821 0.597544
v 1.648763 1.259476 0.063784
v 1.585955 0.791141 0.390383
v 1.407667 0.322754 0.674907
v 1.085743 -0.203821 0.839290
v 1.625675 1.727870 0.396495
v 1.619170 1.259476 0.401161
v 1.493020 0.791141 0.708962
v 1.262687 0.322754 0.953261
v 0.915081 -0.203821 1.051825
v 1.465733 2.196274 0.696505
v 1.530559 1.727870 0.722548
v 1.524328 1.259476 0.726282
v 1.339719 0.791141 1.003290
v 1.066186 0.322754 1.197988
v 1.367879 1.259476 1.026654
v 0.825716 0.322754 1.399663
v 0.706240 -0.203821 1.226982
v 1.131939 0.791141 1.262059
v 0.877676 0.791141 1.475311
v 0.550523 0.322754 1.550567
v 0.467239 -0.203821 1.358041
v 0.251178 0.382042 1.644877
v 0.207264 -0.203822 1.439940
v 0.586692 0.791141 1.634865
v 0.270170 0.850673 1.734586
v 0.599385 1.259476 1.671199
v 0.896346 1.259476 1.508368
v 1.155831 1.259476 1.290726
v 0.602967 1.727870 1.670178
v 0.900779 1.727870 1.506876
v 0.279021 1.727870 1.772229
v 1.161007 1.727870 1.288616
v 0.861349 2.196274 1.449206
v 1.373657 1.727870 1.023782
v 1.111092 2.196274 1.239747
v 1.315168 2.196274 0.985588
v 1.013526 2.664668 1.144253
v 1.200852 2.664668 0.910964
v 0.856613 3.060313 0.990654
v 0.784296 2.664668 1.336511
v 0.575546 2.196274 1.605924
v 0.719484 3.304877 0.856424
v 0.660360 3.060312 1.155259
v 0.521958 2.664668 1.480359
v 0.264661 2.196274 1.703865
v 1.129729 1.259476 -1.152352
v 1.106361 0.791141 -1.131877
v 1.101666 1.250003 -1.111474
v 1.090293 0.781845 -1.080445
v 1.041997 0.322753 -1.066033
v 1.025984 0.313498 -1.014807
v 0.894073 -0.203821 -0.914426
v 0.878437 -0.212863 -0.864392
v -0.423017 0.313498 -1.437507
v -0.364361 -0.203822 -1.281532
v -0.407009 0.322753 -1.488733
v -0.379999 -0.212863 -1.231500
v -0.441859 0.781845 -1.527395
v -0.425786 0.791141 -1.578828
v -0.439012 1.250003 -1.560820
v -0.433883 1.259476 -1.608489
v 1.531411 3.157158 1.045171
v 1.512344 3.157570 1.012777
v 1.476774 3.161128 1.044605
v 1.557392 3.153797 0.997043
v 1.506744 3.159624 1.067242
v 1.562654 3.154534 1.034263
v 1.456095 3.163948 1.087674
v 1.595715 3.152175 1.036170
v 1.492400 3.161580 1.097114
v 1.605056 3.150397 0.999797
v 1.453450 3.165589 1.135435
v 1.648077 3.147881 1.020623
v 1.490563 3.162719 1.130242
v 1.625548 3.150436 1.050612
v 1.501521 3.162867 1.161573
v 1.647630 3.149571 1.075387
v 1.469244 3.165806 1.180610
v 1.679907 3.146633 1.056341
v 1.501074 3.164557 1.216337
v 1.658589 3.149719 1.106719
v 1.523603 3.162002 1.186349
v 1.695711 3.146849 1.101526
v 1.553436 3.160253 1.200791
v 1.693056 3.148490 1.149287
v 1.544096 3.162042 1.237155
v 1.656751 3.150859 1.139847
v 1.586497 3.157895 1.202698
v 1.642408 3.152814 1.169719
v 1.591759 3.158642 1.239918
v 1.672378 3.151311 1.192356
v 1.636808 3.154868 1.224184
v 1.617730 3.155281 1.191790
v 1.492400 3.161580 1.097114
v 1.551254 2.838743 1.128012
v 1.506744 3.159624 1.067242
v 1.531411 3.157158 1.045171
v 1.490563 3.162719 1.130242
v 1.562654 3.154534 1.034263
v 1.501521 3.162867 1.161573
v 1.595715 3.152175 1.036170
v 1.523603 3.162002 1.186349
v 1.625548 3.150436 1.050612
v 1.553436 3.160253 1.200791
v 1.647630 3.149571 1.075387
v 1.658589 3.149719 1.106719
v 1.586497 3.157895 1.202698
v 1.656751 3.150859 1.139847
v 1.617730 3.155281 1.191790
v 1.642408 3.152814 1.169719
v 1.337909 2.622343 1.026994
v 1.357874 2.626579 1.000846
v 1.356896 2.613175 1.001249
v 1.340090 2.609607 1.023266
v 1.320047 2.605844 1.049552
v 1.325050 2.595722 1.042246
v 1.306995 2.579606 1.065082
v 1.314065 2.573631 1.055326
v 1.300752 2.547619 1.071222
v 1.308804 2.546705 1.060493
v 1.310073 2.519032 1.056980
v 1.302250 2.514747 1.067049
v 1.317683 2.494838 1.045303
v 1.311291 2.486003 1.053184
v 1.330453 2.477798 1.027260
v 1.326461 2.465760 1.031735
v 1.346466 2.470506 1.005577
v 1.345487 2.457102 1.005980
v 1.365453 2.461338 0.979832
v 1.363272 2.474073 0.983570
v 1.383314 2.477837 0.957280
v 1.378311 2.487959 0.964581
v 1.396366 2.504075 0.941749
v 1.389296 2.510050 0.951506
v 1.402620 2.536062 0.935605
v 1.394558 2.536976 0.946333
v 1.393288 2.564639 0.949851
v 1.401112 2.568933 0.939784
v 1.385689 2.588843 0.961524
v 1.392081 2.597677 0.953650
v 1.372909 2.605883 0.979575
v 1.376900 2.617921 0.975091
v 1.356896 2.613175 1.001249
v 1.357874 2.626579 1.000846
v 1.337909 2.622343 1.026994
v 1.457683 2.621567 1.076247
v 1.357874 2.626579 1.000846
v 1.442433 2.617095 1.105942
v 1.320047 2.605844 1.049552
v 1.467910 2.629183 1.083273
v 1.306995 2.579606 1.065082
v 1.437957 2.599928 1.138618
v 1.300752 2.547619 1.071222
v 1.453165 2.625596 1.113287
v 1.457186 2.680490 1.111622
v 1.471510 2.678534 1.081770
v 1.455348 2.681629 1.144721
v 1.450182 2.610944 1.146860
v 1.466296 2.681777 1.176023
v 1.488358 2.680912 1.200779
v 1.459408 2.587477 1.178888
v 1.518172 2.679163 1.215212
v 1.444968 2.572678 1.169303
v 1.302250 2.514747 1.067049
v 1.479425 2.558762 1.204481
v 1.551193 2.676814 1.217119
v 1.462373 2.539501 1.193312
v 1.311291 2.486003 1.053184
v 1.507204 2.529154 1.219751
v 1.582417 2.674200 1.206221
v 1.487530 2.505441 1.206999
v 1.326461 2.465760 1.031735
v 1.538503 2.503181 1.222385
v 1.607065 2.671724 1.184170
v 1.516614 2.475695 1.208280
v 1.345487 2.457102 1.005980
v 1.532303 2.483045 1.216957
v 1.568563 2.484795 1.211961
v 1.545199 2.454773 1.196958
v 1.560949 2.463332 1.206725
v 1.607544 2.480372 1.160058
v 1.592809 2.476776 1.190071
v 1.584250 2.454901 1.185504
v 1.610537 2.495015 1.126484
v 1.621389 2.669778 1.154318
v 1.598652 2.459048 1.156536
v 1.568922 2.445880 1.174760
v 1.588648 2.467519 1.112390
v 1.584171 2.450351 1.145065
v 1.365453 2.461338 0.979832
v 1.581647 2.494769 1.081704
v 1.383314 2.477837 0.957280
v 1.601310 2.518482 1.094457
v 1.623227 2.668638 1.121219
v 1.564231 2.527945 1.057695
v 1.396366 2.504075 0.941749
v 1.581293 2.547206 1.068863
v 1.612279 2.668491 1.089917
v 1.539074 2.561996 1.044008
v 1.402620 2.536062 0.935605
v 1.553515 2.576805 1.053583
v 1.590217 2.669355 1.065161
v 1.560413 2.671095 1.050729
v 1.522215 2.602777 1.050960
v 1.527381 2.673453 1.048821
v 1.509990 2.591752 1.042717
v 1.401112 2.568933 0.939784
v 1.492156 2.621174 1.061384
v 1.496168 2.676067 1.059719
v 1.481415 2.612673 1.054039
v 1.467910 2.629183 1.083273
v 1.471510 2.678534 1.081770
v 1.392081 2.597677 0.953650
v 1.457683 2.621567 1.076247
v 1.376900 2.617921 0.975091
v 1.357874 2.626579 1.000846
v 1.482042 2.678003 1.089726
v 1.496168 2.676067 1.059719
v 1.471510 2.678534 1.081770
v 1.502864 2.675920 1.071097
v 1.527381 2.673453 1.048821
v 1.529231 2.673709 1.061892
v 1.557129 2.671724 1.063500
v 1.560413 2.671095 1.050729
v 1.582310 2.670250 1.075692
v 1.590217 2.669355 1.065161
v 1.600950 2.669523 1.096603
v 1.612279 2.668491 1.089917
v 1.610195 2.669650 1.123048
v 1.623227 2.668638 1.121219
v 1.621389 2.669778 1.154318
v 1.608646 2.670604 1.151004
v 1.607065 2.671724 1.184170
v 1.596533 2.672255 1.176214
v 1.582417 2.674200 1.206221
v 1.575711 2.674348 1.194843
v 1.549344 2.676549 1.204058
v 1.551193 2.676814 1.217119
v 1.521446 2.678544 1.202440
v 1.518172 2.679163 1.215212
v 1.488358 2.680912 1.200779
v 1.496265 2.680008 1.190248
v 1.466296 2.681777 1.176023
v 1.477635 2.680745 1.169337
v 1.455348 2.681629 1.144721
v 1.468389 2.680617 1.142892
v 1.469938 2.679654 1.114935
v 1.457186 2.680490 1.111622
v 1.482042 2.678003 1.089726
v 1.471510 2.678534 1.081770
v 1.212579 2.478152 0.878038
v 1.346466 2.470506 1.005577
v 1.199473 2.482102 0.902370
v 1.330453 2.477798 1.027260
v 1.185929 2.496056 0.922404
v 1.317683 2.494838 1.045303
v 1.310073 2.519032 1.056980
v 1.174016 2.517882 0.935094
v 1.308804 2.546705 1.060493
v 1.165541 2.544268 0.938505
v 1.161798 2.571184 0.932119
v 1.314065 2.573631 1.055326
v 1.163355 2.594543 0.916908
v 1.325050 2.595722 1.042246
v 1.340090 2.609607 1.023266
v 1.169982 2.610786 0.895188
v 1.356896 2.613175 1.001249
v 1.180664 2.617440 0.870264
v 1.372909 2.605883 0.979575
v 1.193770 2.613489 0.845934
v 1.385689 2.588843 0.961524
v 1.207314 2.599535 0.825898
v 1.219237 2.577709 0.813209
v 1.393288 2.564639 0.949851
v 1.227701 2.551323 0.809798
v 1.394558 2.536976 0.946333
v 1.389296 2.510050 0.951506
v 1.231445 2.524407 0.816183
v 1.378311 2.487959 0.964581
v 1.229888 2.501049 0.831394
v 1.223260 2.484804 0.853115
v 1.363272 2.474073 0.983570
v 1.212579 2.478152 0.878038
v 1.346466 2.470506 1.005577
v 1.502864 2.675920 1.071097
v 1.482042 2.678003 1.089726
v 1.476774 3.161128 1.044605
v 1.512344 3.157570 1.012777
v 1.557392 3.153797 0.997043
v 1.529231 2.673709 1.061892
v 1.605056 3.150397 0.999797
v 1.557129 2.671724 1.063500
v 1.582310 2.670250 1.075692
v 1.648077 3.147881 1.020623
v 1.600950 2.669523 1.096603
v 1.679907 3.146633 1.056341
v 1.695711 3.146849 1.101526
v 1.610195 2.669650 1.123048
v 1.693056 3.148490 1.149287
v 1.608646 2.670604 1.151004
v 1.596533 2.672255 1.176214
v 1.672378 3.151311 1.192356
v 1.575711 2.674348 1.194843
v 1.636808 3.154868 1.224184
v 1.591759 3.158642 1.239918
v 1.549344 2.676549 1.204058
v 1.544096 3.162042 1.237155
v 1.521446 2.678544 1.202440
v 1.496265 2.680008 1.190248
v 1.501074 3.164557 1.216337
v 1.477635 2.680745 1.169337
v 1.469244 3.165806 1.180610
v 1.453450 3.165589 1.135435
v 1.468389 2.680617 1.142892
v 1.456095 3.163948 1.087674
v 1.469938 2.679654 1.114935
v 1.482042 2.678003 1.089726
v 1.476774 3.161128 1.044605
v 1.612520 2.676922 1.092312
v 1.710888 3.153463 1.101806
v 1.692389 3.153315 1.052797
v 1.623889 2.677030 1.122460
v 1.615968 2.510512 1.088443
v 1.627541 2.484795 1.124907
v 1.636552 2.675949 1.157890
v 1.638160 2.674633 1.120764
v 1.624878 2.674436 1.085409
v 1.592109 2.541605 1.059274
v 1.708696 3.155212 1.153287
v 1.622537 2.678111 1.154139
v 1.625200 2.470369 1.164232
v 1.620239 2.678298 1.191085
v 1.608659 2.680018 1.182521
v 1.686162 3.158288 1.199412
v 1.584400 2.682435 1.203291
v 1.646711 3.162238 1.233149
v 1.541296 2.495752 1.236339
v 1.591872 2.681020 1.215476
v 1.599043 2.450243 1.106677
v 1.613316 2.442381 1.157627
v 1.578829 2.476019 1.224558
v 1.607930 2.474810 1.198912
v 1.595236 2.436868 1.192817
v 1.566476 2.447157 1.218066
v 1.228693 2.485895 0.824432
v 1.218561 2.464826 0.849248
v 1.367744 2.474339 0.953295
v 1.169706 2.478270 0.929973
v 1.297571 2.482701 1.043021
v 1.312286 2.462635 1.023120
v 1.350253 2.458026 0.974589
v 1.591796 2.482013 1.073144
v 1.374442 2.462959 0.946434
v 1.353944 2.443718 0.971454
v 1.309303 2.448759 1.029019
v 1.291946 2.472275 1.052820
v 1.479702 2.494759 1.217470
v 1.331031 2.438775 1.000425
v 1.590747 2.428417 1.143294
v 1.599043 2.450243 1.106677
v 1.511475 2.459520 1.217592
v 1.544361 2.433694 1.203089
v 1.203803 2.456129 0.878102
v 1.186612 2.460905 0.906366
v 1.330761 2.453987 0.999101
v 1.613316 2.442381 1.157627
v 1.566307 2.423356 1.172891
v 1.595236 2.436868 1.192817
v 1.566476 2.447157 1.218066
v 1.146798 2.602099 0.925462
v 1.306191 2.600350 1.039509
v 1.293542 2.574496 1.054110
v 1.287154 2.581355 1.066090
v 1.301899 2.611651 1.048871
v 1.433484 2.627699 1.108121
v 1.142827 2.572422 0.942792
v 1.426374 2.605952 1.144490
v 1.433206 2.572972 1.177821
v 1.279945 2.544051 1.072879
v 1.434546 2.612319 1.150486
v 1.446744 2.586612 1.186580
v 1.287470 2.542961 1.059747
v 1.468089 2.690031 1.172702
v 1.494054 3.173156 1.222437
v 1.490447 2.689117 1.196717
v 1.457697 3.174630 1.183368
v 1.452032 2.534156 1.203241
v 1.281625 2.505736 1.068232
v 1.516876 2.686680 1.224552
v 1.471030 2.555333 1.215293
v 1.455777 2.689668 1.180273
v 1.481703 2.688626 1.207926
v 1.146055 2.538283 0.949707
v 1.542741 3.170287 1.245611
v 1.520407 2.687368 1.210972
v 1.555556 2.683998 1.227214
v 1.503991 2.523199 1.232709
v 1.288892 2.510846 1.055782
v 1.155648 2.505363 0.945230
v 1.479702 2.494759 1.217470
v 1.553413 2.685020 1.213282
v 1.596352 3.166444 1.249382
v 1.291946 2.472275 1.052820
v 1.591872 2.681020 1.215476
v 1.541296 2.495752 1.236339
v 1.584400 2.682435 1.203291
v 1.646711 3.162238 1.233149
v 1.620239 2.678298 1.191085
v 1.578829 2.476019 1.224558
v 1.531860 2.470663 1.229738
v 1.511475 2.459520 1.217592
v 1.169706 2.478270 0.929973
v 1.309303 2.448759 1.029019
v 1.297571 2.482701 1.043021
v 1.566476 2.447157 1.218066
v 1.544361 2.433694 1.203089
v 1.544361 2.433694 1.203089
v 1.566307 2.423356 1.172891
v 1.590747 2.428417 1.143294
v 1.436825 2.629261 1.110886
v 1.434546 2.612319 1.150486
v 1.426374 2.605952 1.144490
v 1.496238 2.684636 1.061743
v 1.463924 3.169658 1.036752
v 1.471989 2.687064 1.082482
v 1.503375 3.165717 1.003006
v 1.441391 3.172743 1.082878
v 1.458131 2.688960 1.110845
v 1.456788 2.690031 1.142495
v 1.439199 3.174483 1.134359
v 1.460530 2.686887 1.074153
v 1.444373 2.689108 1.107238
v 1.454931 2.633880 1.074459
v 1.488821 2.684067 1.049960
v 1.485412 2.623748 1.048277
v 1.442802 2.690366 1.144168
v 1.468089 2.690031 1.172702
v 1.457697 3.174630 1.183368
v 1.481703 2.688626 1.207926
v 1.446744 2.586612 1.186580
v 1.455777 2.689668 1.180273
v 1.322283 2.630834 1.023269
v 1.342755 2.620800 0.993980
v 1.345088 2.635806 0.994378
v 1.366788 2.625782 0.965909
v 1.323410 2.616525 1.018412
v 1.301899 2.611651 1.048871
v 1.361229 2.612398 0.969882
v 1.384724 2.602237 0.942090
v 1.306191 2.600350 1.039509
v 1.287154 2.581355 1.066090
v 1.376090 2.592695 0.949851
v 1.395088 2.569100 0.926942
v 1.385071 2.564384 0.936788
v 1.396709 2.530805 0.922339
v 1.293542 2.574496 1.054110
v 1.279945 2.544051 1.072879
v 1.386532 2.531817 0.932873
v 1.380403 2.500272 0.938684
v 1.287470 2.542961 1.059747
v 1.288892 2.510846 1.055782
v 1.389461 2.493531 0.929187
v 1.367744 2.474339 0.953295
v 1.281625 2.505736 1.068232
v 1.297571 2.482701 1.043021
v 1.350253 2.458026 0.974589
v 1.374442 2.462959 0.946434
v 1.330761 2.453987 0.999101
v 1.353944 2.443718 0.971454
v 1.291946 2.472275 1.052820
v 1.312286 2.462635 1.023120
v 1.331031 2.438775 1.000425
v 1.309303 2.448759 1.029019
v 1.625200 2.470369 1.164232
v 1.607930 2.474810 1.198912
v 1.578829 2.476019 1.224558
v 1.361229 2.612398 0.969882
v 1.171156 2.630500 0.871615
v 1.187838 2.625507 0.843592
v 1.342755 2.620800 0.993980
v 1.156771 2.622373 0.900431
v 1.323410 2.616525 1.018412
v 1.376090 2.592695 0.949851
v 1.204308 2.608448 0.820439
v 1.322283 2.630834 1.023269
v 1.345088 2.635806 0.994378
v 1.453396 2.633821 1.073355
v 1.433484 2.627699 1.108121
v 1.454931 2.633880 1.074459
v 1.481625 2.622245 1.046096
v 1.366788 2.625782 0.965909
v 1.146798 2.602099 0.925462
v 1.306191 2.600350 1.039509
v 1.436825 2.629261 1.110886
v 1.485412 2.623748 1.048277
v 1.301899 2.611651 1.048871
v 1.395088 2.569100 0.926942
v 1.513826 2.596046 1.031925
v 1.384724 2.602237 0.942090
v 1.426374 2.605952 1.144490
v 1.287154 2.581355 1.066090
v 1.471989 2.687064 1.082482
v 1.460530 2.686887 1.074153
v 1.488821 2.684067 1.049960
v 1.496238 2.684636 1.061743
v 1.471989 2.687064 1.082482
v 1.458131 2.688960 1.110845
v 1.444373 2.689108 1.107238
v 1.460530 2.686887 1.074153
v 1.496238 2.684636 1.061743
v 1.488821 2.684067 1.049960
v 1.524970 2.681050 1.038321
v 1.527207 2.682052 1.051761
v 1.442802 2.690366 1.144168
v 1.458131 2.688960 1.110845
v 1.456788 2.690031 1.142495
v 1.444373 2.689108 1.107238
v 1.560163 2.679693 1.054072
v 1.527207 2.682052 1.051761
v 1.524970 2.681050 1.038321
v 1.563424 2.678288 1.041016
v 1.442802 2.690366 1.144168
v 1.456788 2.690031 1.142495
v 1.468089 2.690031 1.172702
v 1.563424 2.678288 1.041016
v 1.590152 2.677846 1.068297
v 1.560163 2.679693 1.054072
v 1.442802 2.690366 1.144168
v 1.468089 2.690031 1.172702
v 1.455777 2.689668 1.180273
v 1.490447 2.689117 1.196717
v 1.481703 2.688626 1.207926
v 1.455777 2.689668 1.180273
v 1.455777 2.689668 1.180273
v 1.468089 2.690031 1.172702
v 1.490447 2.689117 1.196717
v 1.599030 2.675556 1.057588
v 1.590152 2.677846 1.068297
v 1.563424 2.678288 1.041016
v 1.612520 2.676922 1.092312
v 1.590152 2.677846 1.068297
v 1.599030 2.675556 1.057588
v 1.520407 2.687368 1.210972
v 1.516876 2.686680 1.224552
v 1.481703 2.688626 1.207926
v 1.624878 2.674436 1.085409
v 1.612520 2.676922 1.092312
v 1.599030 2.675556 1.057588
v 1.520407 2.687368 1.210972
v 1.481703 2.688626 1.207926
v 1.490447 2.689117 1.196717
v 1.638160 2.674633 1.120764
v 1.623889 2.677030 1.122460
v 1.624878 2.674436 1.085409
v 1.520407 2.687368 1.210972
v 1.553413 2.685020 1.213282
v 1.555556 2.683998 1.227214
v 1.623889 2.677030 1.122460
v 1.612520 2.676922 1.092312
v 1.624878 2.674436 1.085409
v 1.516876 2.686680 1.224552
v 1.520407 2.687368 1.210972
v 1.555556 2.683998 1.227214
v 1.623889 2.677030 1.122460
v 1.636552 2.675949 1.157890
v 1.622537 2.678111 1.154139
v 1.620239 2.678298 1.191085
v 1.608659 2.680018 1.182521
v 1.622537 2.678111 1.154139
v 1.591872 2.681020 1.215476
v 1.608659 2.680018 1.182521
v 1.620239 2.678298 1.191085
v 1.553413 2.685020 1.213282
v 1.584400 2.682435 1.203291
v 1.591872 2.681020 1.215476
v 1.636552 2.675949 1.157890
v 1.623889 2.677030 1.122460
v 1.638160 2.674633 1.120764
v 1.555556 2.683998 1.227214
v 1.622537 2.678111 1.154139
v 1.636552 2.675949 1.157890
v 1.620239 2.678298 1.191085
v 1.591872 2.681020 1.215476
v 1.584400 2.682435 1.203291
v 1.608659 2.680018 1.182521
v 1.535076 3.168547 1.053387
v 1.463924 3.169658 1.036752
v 1.503375 3.165717 1.003006
v 1.512940 3.170758 1.072325
v 1.463924 3.169658 1.036752
v 1.512940 3.170758 1.072325
v 1.441391 3.172743 1.082878
v 1.500294 3.172488 1.098219
v 1.503375 3.165717 1.003006
v 1.553735 3.161501 0.986783
v 1.535076 3.168547 1.053387
v 1.563341 3.166179 1.044289
v 1.439199 3.174483 1.134359
v 1.441391 3.172743 1.082878
v 1.500294 3.172488 1.098219
v 1.499060 3.173470 1.127115
v 1.593426 3.164027 1.046395
v 1.563341 3.166179 1.044289
v 1.553735 3.161501 0.986783
v 1.607335 3.157669 0.990554
v 1.439199 3.174483 1.134359
v 1.499060 3.173470 1.127115
v 1.509436 3.173559 1.154619
v 1.457697 3.174630 1.183368
v 1.656023 3.154789 1.013728
v 1.593426 3.164027 1.046395
v 1.607335 3.157669 0.990554
v 1.620758 3.162425 1.059400
v 1.494054 3.173156 1.222437
v 1.457697 3.174630 1.183368
v 1.509436 3.173559 1.154619
v 1.529847 3.172724 1.176543
v 1.641168 3.161590 1.081333
v 1.620758 3.162425 1.059400
v 1.656023 3.154789 1.013728
v 1.692389 3.153315 1.052797
v 1.494054 3.173156 1.222437
v 1.529847 3.172724 1.176543
v 1.557179 3.171112 1.189557
v 1.542741 3.170287 1.245611
v 1.651545 3.161678 1.108838
v 1.641168 3.161590 1.081333
v 1.692389 3.153315 1.052797
v 1.710888 3.153463 1.101806
v 1.542741 3.170287 1.245611
v 1.557179 3.171112 1.189557
v 1.587264 3.168960 1.191664
v 1.596352 3.166444 1.249382
v 1.710888 3.153463 1.101806
v 1.708696 3.155212 1.153287
v 1.651545 3.161678 1.108838
v 1.650321 3.162651 1.137734
v 1.587264 3.168960 1.191664
v 1.646711 3.162238 1.233149
v 1.596352 3.166444 1.249382
v 1.615529 3.166601 1.182566
v 1.650321 3.162651 1.137734
v 1.708696 3.155212 1.153287
v 1.637674 3.164390 1.163627
v 1.686162 3.158288 1.199412
v 1.686162 3.158288 1.199412
v 1.646711 3.162238 1.233149
v 1.637674 3.164390 1.163627
v 1.615529 3.166601 1.182566
v 1.204308 2.608448 0.820439
v 1.218445 2.581659 0.805345
v 1.376090 2.592695 0.949851
v 1.385071 2.564384 0.936788
v 1.513826 2.596046 1.031925
v 1.521900 2.602099 1.037047
v 1.485412 2.623748 1.048277
v 1.481625 2.622245 1.046096
v 1.384724 2.602237 0.942090
v 1.395088 2.569100 0.926942
v 1.496238 2.684636 1.061743
v 1.553735 3.161501 0.986783
v 1.503375 3.165717 1.003006
v 1.527207 2.682052 1.051761
v 1.228274 2.549014 0.800861
v 1.396709 2.530805 0.922339
v 1.545900 2.560246 1.032624
v 1.488821 2.684067 1.049960
v 1.524970 2.681050 1.038321
v 1.592109 2.541605 1.059274
v 1.559496 2.573473 1.041314
v 1.607335 3.157669 0.990554
v 1.560163 2.679693 1.054072
v 1.386532 2.531817 0.932873
v 1.563424 2.678288 1.041016
v 1.232051 2.515543 0.807603
v 1.380403 2.500272 0.938684
v 1.590152 2.677846 1.068297
v 1.656023 3.154789 1.013728
v 1.389461 2.493531 0.929187
v 1.573131 2.520427 1.047202
v 1.624878 2.674436 1.085409
v 1.599030 2.675556 1.057588
v 1.612520 2.676922 1.092312
v 1.692389 3.153315 1.052797
v 1.615968 2.510512 1.088443
v 1.638160 2.674633 1.120764
v 1.228693 2.485895 0.824432
v 1.367744 2.474339 0.953295
v 1.591796 2.482013 1.073144
v 1.353944 2.443718 0.971454
v 1.599043 2.450243 1.106677
v 1.627541 2.484795 1.124907
v 1.374442 2.462959 0.946434
v -1.511922 0.151835 -0.661464
v -1.251942 -0.219674 -0.979601
v -1.481380 -0.242782 -0.691178
v -1.265580 0.176750 -0.971947
v -0.675253 0.146370 -1.382196
v -0.285189 0.142743 -1.457131
v -0.657383 -0.248316 -1.344305
v -0.294577 -0.251711 -1.413524
v 1.177851 0.177195 -0.962289
v 1.195706 -0.216445 -0.913700
v 0.846992 0.127284 -1.175649
v 0.887794 -0.262887 -1.111705
v -1.401070 0.138166 -0.754670
v -1.463463 -0.279283 -0.649606
v -1.617668 -0.190272 -0.289087
v -1.566401 0.233793 -0.366729
v 1.341254 0.175572 -0.700992
v 1.336583 -0.220699 -0.682885
v 1.085371 0.152998 -1.003865
v 1.098276 -0.241741 -0.964215
v 1.476698 0.233793 -0.399241
v 1.529612 -0.190272 -0.322713
v 1.303116 0.138166 -0.783562
v 1.367739 -0.279282 -0.679855
v -1.622020 0.190298 0.002576
v -1.553336 0.161052 -0.387429
v -1.638206 -0.205795 0.018297
v -1.573866 -0.233070 -0.344275
v -1.635560 0.133463 0.362497
v -1.588951 0.181274 -0.028715
v -1.658094 -0.256943 0.291698
v -1.614287 -0.212581 -0.072042
v 1.539517 0.190298 -0.031202
v 1.556024 -0.205795 -0.015830
v 1.462505 0.161052 -0.419650
v 1.483963 -0.233069 -0.376945
v -1.565874 0.165822 0.658585
v -1.604557 0.185723 0.263820
v -1.597044 -0.228463 0.624843
v -1.632552 -0.210052 0.257705
v 1.581750 -0.256942 0.257084
v 1.505777 0.181274 -0.061779
v 1.560733 0.133464 0.328348
v 1.530182 -0.212581 -0.105637
v -1.428796 0.196471 0.980789
v -1.617017 -0.231119 0.613450
v -1.461045 -0.229671 0.979425
v -1.597021 0.195024 0.587432
v 1.539289 -0.228462 0.591335
v 1.539096 0.185724 0.230233
v 1.508857 0.165822 0.625735
v 1.566945 -0.210051 0.223522
v 1.378685 0.196472 0.950794
v 1.559014 -0.231118 0.579517
v 1.538477 0.195024 0.553933
v 1.410897 -0.229670 0.948741
v -1.426491 -0.239208 0.943552
v -1.222867 0.207062 1.186141
v -1.445193 0.149653 0.862629
v -1.220149 -0.185728 1.244625
v -0.995486 0.211562 1.420811
v -1.270864 -0.206734 1.125507
v -1.026187 -0.205318 1.428156
v -1.259016 0.210146 1.095681
v 1.177200 0.207062 1.160499
v 1.375585 -0.239207 0.913614
v 1.392563 0.149654 0.832310
v 1.175722 -0.185728 1.219028
v -0.406429 0.215440 1.722828
v -0.770320 0.174169 1.569671
v -0.388154 -0.179196 1.761108
v -0.726340 -0.217669 1.618261
v 0.390240 0.215440 1.714316
v 0.372786 -0.179196 1.752978
v 0.750775 0.174169 1.553420
v 0.707843 -0.217669 1.602938
v 0.954877 0.211563 1.399974
v 1.223891 -0.206734 1.098853
v 1.211408 0.210147 1.069287
v 0.985735 -0.205318 1.406661
v -0.745273 -0.204743 1.601294
v -0.656538 0.180794 1.557970
v -0.974985 0.209313 1.322464
v -1.041137 -0.178383 1.381940
v 0.714771 -0.204743 1.585695
v 0.938469 0.209313 1.302021
v 0.625130 0.180794 1.544276
v 1.005876 -0.178382 1.360070
v -0.111765 0.781609 -1.579392
v 0.209023 0.313206 -1.457881
v -0.110767 0.313206 -1.485932
v -0.406547 -0.194581 -1.245889
v -0.122837 -0.194581 -1.276889
v 0.161473 -0.194581 -1.251957
v -0.429881 0.313206 -1.451055
v 0.435454 -0.194581 -1.172029
v -0.447829 0.781609 -1.542663
v -0.457154 1.265972 -1.593509
v -0.100345 1.265972 -1.660375
v 0.225009 0.781609 -1.549851
v 0.245220 1.265972 -1.630063
v 0.517196 0.313206 -1.367989
v 0.688579 -0.194581 -1.040184
v 0.549550 0.781609 -1.455181
v 0.578230 1.265972 -1.532918
v 0.801908 0.313206 -1.219686
v 0.911119 -0.194581 -0.861498
v 1.052222 0.313206 -1.018704
v 0.849385 0.781609 -1.299010
v 0.885892 1.265972 -1.372675
v 1.112989 0.781609 -1.087350
v 1.144404 1.265972 -1.126308
v -1.441606 5.173608 0.532379
v -1.435742 5.327400 0.456738
v -1.483433 5.174511 0.385193
v -1.508625 4.953640 0.314899
v -1.424179 4.956274 0.609918
v -1.370778 4.706619 0.675015
v -1.489898 4.700742 0.246414
v -1.285460 4.420546 0.712312
v -1.428010 4.419799 0.187911
v -1.115611 4.080404 0.689288
v -1.275048 4.079009 0.129624
v -0.913059 3.820912 0.597250
v -1.057010 3.823074 0.095872
v -0.656232 3.628814 0.422980
v -0.747196 3.631477 0.089642
v 1.296795 5.173608 0.503122
v 1.335457 5.174512 0.355075
v 1.289315 5.327400 0.427624
v 1.359151 4.953640 0.284258
v 1.281018 4.956274 0.581016
v 1.229021 4.706619 0.647238
v 1.338956 4.700742 0.216190
v 1.144519 4.420546 0.686350
v 1.275832 4.419799 0.159022
v 0.974218 4.080404 0.666960
v 1.121659 4.079009 0.104017
v 0.769747 3.820912 0.579270
v 0.902955 3.823074 0.074932
v 0.509254 3.628814 0.410528
v 0.593076 3.631477 0.075322
v -1.436843 5.173608 -0.350936
v -1.478915 5.174511 -0.202839
v -1.435623 5.327400 -0.275398
v -1.506402 4.953640 -0.131923
v -1.416036 4.956225 -0.428909
v -1.364245 4.706471 -0.495208
v -1.490273 4.700742 -0.063780
v -1.278997 4.420427 -0.534391
v -1.429420 4.419799 -0.006580
v -1.106506 4.080227 -0.515231
v -1.275159 4.079009 0.048417
v -0.907463 3.820902 -0.427140
v -1.056883 3.823074 0.077466
v -0.658456 3.628814 -0.258288
v -0.747179 3.631477 0.076991
v 1.273160 5.173608 -0.379890
v 1.273544 5.327400 -0.304344
v 1.318376 5.174512 -0.232725
v 1.347372 4.953640 -0.162414
v 1.250682 4.956225 -0.457402
v 1.197487 4.706471 -0.522578
v 1.332704 4.700742 -0.093941
v 1.111421 4.420427 -0.559931
v 1.273086 4.419799 -0.035454
v 0.939377 4.080227 -0.537089
v 1.120035 4.079009 0.022826
v 0.742264 3.820902 -0.444766
v 0.902434 3.823074 0.056533
v 0.496922 3.628814 -0.270632
v 0.592788 3.631477 0.062675
v 0.627692 5.471061 0.994298
v 0.755256 5.470118 0.845251
v 0.648176 5.604295 0.877891
v 0.870727 5.252096 0.819391
v 0.618889 5.251850 1.111350
v 0.588035 4.968744 1.160100
v 0.967898 4.966337 0.750323
v 0.514148 4.605244 1.218725
v 1.009672 4.623571 0.663025
v 0.381612 4.140417 1.123595
v 0.920371 4.161850 0.579912
v 0.717846 3.797081 0.504986
v 0.261692 3.823644 0.935995
v 0.168358 3.553009 0.676484
v 0.443112 3.541864 0.398833
v -0.762169 5.471061 1.009148
v -0.785137 5.604295 0.893205
v -0.892889 5.470118 0.862859
v -1.008891 5.252096 0.839473
v -0.750867 5.251850 1.125984
v -0.718979 4.968744 1.174064
v -1.107508 4.966337 0.772496
v -0.643856 4.605244 1.231097
v -1.151142 4.623571 0.686112
v -0.513383 4.140417 1.133157
v -1.063631 4.161850 0.601110
v -0.862758 3.797081 0.521873
v -0.397499 3.823644 0.943037
v -0.309731 3.553009 0.681592
v -0.590354 3.541864 0.409874
v -0.781163 5.471061 -0.842192
v -0.907341 5.470108 -0.693203
v -0.802036 5.604295 -0.725697
v -1.018142 5.251929 -0.668472
v -0.771014 5.251860 -0.959317
v -0.737635 4.968744 -1.007867
v -1.104619 4.965551 -0.602614
v -0.662276 4.604261 -1.066979
v -1.145068 4.622942 -0.512383
v -0.530978 4.139857 -0.971720
v -1.057468 4.161722 -0.428025
v -0.858020 3.797081 -0.352802
v -0.413616 3.823673 -0.783693
v -0.321804 3.553009 -0.524227
v -0.594301 3.541864 -0.246584
v 0.607126 5.471061 -0.857024
v 0.630482 5.604295 -0.741002
v 0.736457 5.470108 -0.710766
v 0.847761 5.251929 -0.688408
v 0.594477 5.251860 -0.973906
v 0.560068 4.968744 -1.021731
v 0.935621 4.965551 -0.624412
v 0.483463 4.604261 -1.079220
v 0.977992 4.622942 -0.535066
v 0.354229 4.139857 -0.981177
v 0.892214 4.161722 -0.448855
v 0.694420 3.797081 -0.369388
v 0.240912 3.823673 -0.790686
v 0.154665 3.553009 -0.529317
v 0.433032 3.541864 -0.257560
v -0.166690 5.706742 1.178836
v 0.035974 5.706742 1.176671
v -0.066184 5.894103 1.100439
v 0.153938 5.433198 1.237845
v -0.283320 5.433198 1.242517
v 0.283257 5.102185 1.258359
v -0.412172 5.102185 1.265789
v 0.353990 4.694169 1.210402
v -0.483913 4.694169 1.219354
v 0.365314 4.247600 1.112929
v -0.497317 4.247600 1.122146
v 0.288285 3.863679 0.903921
v -0.424771 3.863679 0.911539
v 0.163335 3.517906 0.648716
v -0.305302 3.517906 0.653722
v -0.190230 5.706742 -1.024408
v -0.088072 5.894103 -0.948173
v 0.012434 5.706742 -1.026573
v 0.129064 5.433198 -1.090253
v -0.308194 5.433198 -1.085582
v 0.257544 5.102175 -1.113610
v -0.437144 5.102175 -1.106188
v 0.326772 4.693510 -1.067305
v -0.505367 4.693500 -1.058415
v 0.337524 4.246303 -0.970702
v -0.514053 4.246303 -0.961603
v 0.267098 3.863719 -0.759126
v -0.439123 3.863719 -0.751580
v 0.150385 3.517906 -0.501450
v -0.316930 3.517906 -0.496457
v -0.674434 3.692680 -0.233210
v -0.685575 3.679128 -0.234132
v -0.719842 3.672210 -0.185466
v 0.547332 3.654737 0.401809
v 0.511641 3.642985 0.457388
v 0.493607 3.684700 0.441577
v 0.881048 3.209240 0.849376
v 0.751877 3.343153 0.887685
v 0.818504 3.341836 0.791493
v 0.546241 3.673645 0.312269
v 0.496531 3.674067 0.380175
v 0.555402 3.717974 0.331515
v 0.571250 3.691628 0.271189
v 0.572640 3.670018 0.270670
v 0.592850 3.671915 0.198862
v 0.562849 3.646100 0.250221
v 0.578886 3.674686 0.170948
v 0.570472 3.704679 0.119169
v 0.599653 3.667287 0.130260
v 0.597499 3.678214 0.075251
v 0.606710 3.633777 0.206009
v 0.624787 3.630553 0.133774
v 0.635897 3.662845 0.060247
v 0.600432 3.688434 -0.014899
v 0.602214 3.677123 -0.004917
v 0.580897 3.640115 -0.059828
v 0.572001 3.698428 -0.063249
v 0.550805 3.694685 -0.119480
v 0.611481 3.641314 -0.022089
v 0.574232 3.664653 -0.135405
v 0.638883 3.621001 0.062578
v 0.615078 3.645146 -0.069944
v 0.590695 3.620107 -0.148169
v 0.570651 3.684543 -0.192033
v 0.562209 3.627035 -0.209648
v 0.524725 3.665960 -0.251887
v 0.448719 3.706594 -0.309121
v 0.508370 3.711557 -0.224842
v 0.521598 3.643092 -0.257204
v 0.490901 3.670736 -0.308287
v 0.508519 3.644842 -0.327430
v 0.421806 3.679384 -0.377160
v 0.441003 3.634612 -0.360947
v 0.393475 3.660604 -0.418289
v 0.903402 3.466295 -0.238256
v 0.976005 3.350405 -0.364150
v 1.006767 3.339557 -0.276592
v 0.931366 3.439487 -0.158773
v 1.061562 3.356547 0.062434
v 1.049290 3.331498 -0.044900
v 1.160296 3.219982 0.072255
v 1.129703 3.218439 -0.069355
v 1.265485 3.100495 0.057980
v 1.048488 3.350897 0.155087
v 1.150626 3.187562 0.164241
v 1.047203 3.328600 0.281284
v 1.253386 3.085617 0.189365
v 1.370406 2.883319 0.067337
v 1.137002 3.207413 0.276206
v 1.105809 3.216778 0.423333
v 1.355789 2.907404 0.193975
v 1.475753 2.680784 0.222443
v 1.226699 3.079770 0.324140
v 1.328642 2.905852 0.337154
v 1.193851 3.088044 0.436825
v 1.442148 2.678858 0.377392
v 1.027280 3.352528 0.389617
v 1.052231 3.217171 0.545843
v 0.969755 3.345168 0.497010
v 1.305428 2.883309 0.478732
v 1.170488 3.085568 0.587440
v 1.413715 2.709941 0.509729
v 1.289783 2.873875 0.627779
v 1.106703 3.085588 0.690962
v 1.481616 2.456817 0.534791
v 1.377469 2.685835 0.652054
v 1.203402 2.885854 0.714529
v 1.016862 3.211550 0.631455
v 0.926565 3.331872 0.609173
v 0.960789 3.218410 0.760237
v 1.069183 3.095513 0.831005
v 0.793351 3.450720 0.634240
v 0.864389 3.321209 0.705105
v 0.968226 3.073579 0.908177
v 0.894913 3.113064 1.000711
v 1.047995 2.883240 0.982752
v 1.141731 2.851617 0.870645
v 1.205523 2.681050 0.910304
v 1.302906 2.680833 0.799102
v 1.355289 2.436033 0.838930
v 1.444225 2.445319 0.679455
v 1.498311 2.238481 0.701959
v 1.429759 2.205963 0.855126
v 1.562971 1.959433 0.717140
v 1.548121 2.204725 0.552468
v 1.584154 1.967177 0.562164
v 1.628029 1.743594 0.558918
v 1.619790 1.994260 0.410496
v 1.662723 1.719950 0.412912
v 1.625917 1.496503 0.564522
v 1.595620 2.208017 0.386119
v 1.538897 2.443580 0.372538
v 1.539085 2.443895 0.207079
v 1.610910 2.206769 0.219517
v 1.662580 1.972209 0.211856
v 1.683112 1.731202 0.227731
v 1.687391 1.735535 0.071674
v 1.670444 1.514959 0.408891
v 1.646295 1.237582 0.430718
v 1.694509 1.492612 0.058203
v 1.681143 1.492455 -0.136906
v 1.674387 1.267761 0.039321
v 1.689069 1.477940 0.247137
v 1.679951 1.257904 0.231684
v 1.636216 1.033377 0.394304
v 1.603698 1.032335 0.573811
v 1.625643 0.783732 0.372330
v 1.637917 1.014430 0.246295
v 1.671005 1.020484 0.053895
v 1.620431 0.785353 0.233166
v 0.897956 2.211329 1.487290
v 0.851766 2.449850 1.431108
v 0.956824 2.454095 1.293726
v 0.931520 2.671056 1.287255
v 1.034925 1.974243 1.413299
v 1.035022 2.224988 1.379108
v 1.143547 2.202288 1.265974
v 1.267819 1.969801 1.155815
v 1.180016 1.981603 1.282428
v 1.084988 2.445329 1.219348
v 1.240613 2.206514 1.137955
v 1.355296 1.989170 1.026248
v 1.191352 2.444691 1.092468
v 1.055189 2.683212 1.177801
v 1.352430 2.209540 1.004560
v 1.436198 1.991479 0.873704
v 1.315397 2.459185 0.961976
v 1.142445 2.685963 1.048777
v 0.944439 2.879594 1.065889
v 0.857599 2.883702 1.168522
v 0.796031 2.702698 1.380089
v 0.763332 2.879840 1.276001
v 0.779610 3.086718 1.095973
v 0.789335 3.186226 0.938166
v 0.732897 3.217466 1.020574
v 0.358294 3.699696 0.600751
v 0.384367 3.707813 0.516267
v 0.360923 3.667984 0.596594
v 0.442796 3.673242 0.520510
v 0.421920 3.646385 0.565024
v 0.421068 3.671551 0.564095
v 0.467789 3.637796 0.514034
v 0.185846 3.663778 -0.598089
v 0.246980 3.640174 -0.550687
v 0.224333 3.690066 -0.536334
v 0.296392 3.662874 -0.483553
v 0.169300 3.676092 -0.558104
v 0.137124 3.650188 -0.596409
v 0.179994 3.637815 -0.542553
v 0.396949 3.682499 -0.397382
v 0.350494 3.717041 -0.428913
v 0.351123 3.664073 -0.452420
v 1.365355 1.723173 -0.939799
v 1.363581 1.975422 -0.908041
v 1.249991 1.968907 -1.039932
v 1.220812 2.209295 -1.026206
v 1.387130 1.487885 -0.922558
v 1.478331 1.709169 -0.793733
v 1.330600 2.206091 -0.889624
v 1.165727 2.439433 -0.978478
v 1.440356 1.974095 -0.749695
v 1.272390 2.445035 -0.853005
v 1.386633 2.195380 -0.727208
v 1.087443 2.688666 -0.934132
v 1.019179 2.681305 -1.045593
v 0.954972 2.863222 -0.946690
v 0.913530 2.672726 -1.135556
v 0.845228 2.887426 -1.039185
v 1.014805 2.884184 -0.855308
v 1.200696 2.655155 -0.809977
v 0.882774 3.074522 -0.899541
v 1.119330 2.882827 -0.723786
v 0.932868 3.110765 -0.776428
v 0.809279 3.223932 -0.829101
v 0.593836 3.209918 -0.981059
v 0.696611 3.192721 -0.869619
v 0.644104 3.349708 -0.825123
v 0.724125 3.337748 -0.719062
v 0.866456 3.205674 -0.724255
v 1.028098 3.073304 -0.664347
v 0.947508 3.211354 -0.627976
v 0.870951 3.335439 -0.575377
v 1.002820 3.211796 -0.525531
v 0.926479 3.347851 -0.478473
v 1.093436 3.087003 -0.567304
v 1.192191 2.884036 -0.621803
v 1.283594 2.674053 -0.693770
v 1.252326 2.886011 -0.503081
v 1.359888 2.452208 -0.704601
v 1.356524 2.671812 -0.542083
v 1.423941 2.450901 -0.563244
v 1.482817 2.216980 -0.614812
v 1.549662 1.971727 -0.593894
v 1.539562 2.206877 -0.437263
v 1.466690 2.456964 -0.386669
v 1.574252 1.988856 -0.469494
v 1.570692 1.733098 -0.612366
v 1.629368 1.732027 -0.471964
v 1.624390 1.963069 -0.280242
v 1.594204 2.204214 -0.278002
v 1.413220 2.676313 -0.412263
v 1.492791 2.450557 -0.247894
v 1.450741 2.671419 -0.247696
v 1.307915 2.857356 -0.351812
v 1.152978 3.088221 -0.460006
v 1.080047 3.230644 -0.396567
v 1.194810 3.095808 -0.327938
v 1.353728 2.890758 -0.232518
v 1.117147 3.199148 -0.293464
v 1.231948 3.084320 -0.198270
v 1.379107 2.889067 -0.065708
v 1.136531 3.209388 -0.184594
v 1.267475 3.092319 -0.077638
v 1.042533 3.336992 -0.162236
v 1.472359 2.687457 -0.098937
v 1.535522 2.441585 -0.110766
v 1.495918 2.674446 0.059483
v 1.568371 2.437939 0.066317
v 1.581952 2.216351 -0.101106
v 1.635602 2.217363 0.046131
v 1.677630 1.974931 0.049386
v 1.657817 1.973348 -0.135484
v 1.682354 1.741618 -0.145849
v 0.678835 3.570402 0.482118
v 0.669885 3.632597 0.370960
v 0.721897 3.558001 0.393862
v 0.769153 3.550709 0.308328
v 0.896497 1.482716 -1.425592
v 0.917199 1.228295 -1.432771
v 1.018400 1.223952 -1.322751
v 1.299053 1.493772 1.182675
v 1.298186 1.741146 1.168699
v 1.396320 1.740881 1.057936
v 1.190571 1.754128 1.298049
v 1.289179 1.264557 1.150762
v 1.171336 1.482235 1.318058
v 1.182253 1.256980 1.332673
v 1.278240 1.014990 1.169040
v 1.175867 1.013752 1.313508
v 1.159548 0.812083 1.294617
v 1.062922 1.731555 1.431515
v 1.056289 1.493663 1.426967
v 0.899168 1.230133 1.542655
v 0.930885 1.514320 1.566267
v 0.778293 2.683850 -1.238913
v 0.725202 2.914303 -1.145642
v 0.650515 3.090275 -1.052141
v 0.985006 2.204096 -1.247322
v 0.901330 1.983795 -1.379975
v 1.005499 1.979707 -1.277456
v 1.016003 1.758363 -1.312495
v 1.142289 1.961173 -1.167955
v 1.154144 1.752516 -1.194341
v 1.275982 1.727880 -1.064081
v 1.177706 1.495167 -1.176382
v 1.106337 2.214257 -1.138736
v 1.078721 2.430117 -1.098306
v 1.257876 1.494784 -1.053372
v 1.283396 1.273008 -1.071059
v 1.172128 1.256174 -1.187948
v 1.658775 1.732449 -0.285969
v 1.657722 1.493034 -0.282364
v 1.624155 1.481242 -0.462275
v 1.637904 1.259634 -0.295769
v 1.559685 1.490489 -0.639935
v 1.603351 1.255251 -0.474187
v 1.487884 1.488150 -0.781710
v 1.545785 1.261383 -0.683566
v 1.387771 1.256263 -0.916873
v 1.474837 1.243842 -0.783139
v 1.252288 1.007306 -1.052997
v 1.133369 1.006451 -1.192448
v 1.352927 1.016769 -0.917380
v 1.231747 0.778003 -1.045820
v 1.450348 1.018351 -0.772912
v 1.353559 0.777796 -0.899632
v 1.442840 0.806393 -0.755405
v 1.537375 0.990649 -0.650194
v 1.332171 0.565355 -0.893464
v 1.050657 0.549298 -1.135743
v 1.047004 0.303552 -1.108738
v 1.159705 0.302939 -0.994875
v 0.960386 0.051440 -1.042125
v 1.071113 0.042006 -0.917322
v 0.901559 -0.206965 -0.937242
v 0.990264 -0.210221 -0.842582
v 1.275482 0.299768 -0.837664
v 1.114372 -0.207572 -0.726994
v 1.190008 0.030598 -0.791154
v 1.261218 0.038669 -0.659687
v 1.150859 -0.231241 -0.628894
v 1.358826 0.312943 -0.716590
v 1.402873 0.533710 -0.738653
v 1.335168 0.038561 -0.527438
v 1.230071 -0.246754 -0.490749
v 1.430831 0.304854 -0.569580
v 1.469036 0.542625 -0.576491
v 1.525748 0.786021 -0.607041
v 1.381604 0.012996 -0.368204
v 1.279677 -0.234408 -0.346604
v 1.311080 -0.225036 -0.248745
v 1.615904 1.015266 -0.471141
v 1.403876 0.037692 -0.250222
v 1.628605 1.034399 -0.292338
v 1.552591 0.779673 -0.441119
v 1.538539 0.544566 -0.424460
v 1.619538 0.781658 -0.273603
v 1.675091 1.260027 -0.109076
v 1.678099 1.019069 -0.124670
v 1.484719 0.321395 -0.402800
v 1.578044 0.548996 -0.258145
v 1.541804 0.299686 -0.266041
v 1.438394 0.044976 -0.094413
v 1.358887 -0.231751 -0.080778
v 1.350181 -0.228445 0.059987
v 1.549093 0.329836 -0.112679
v 1.597628 0.562315 -0.112064
v 1.612146 0.796448 -0.097118
v 1.610757 0.541495 0.055265
v 1.657144 0.777285 0.046147
v 1.562285 0.303151 0.058675
v 1.613340 0.547860 0.224368
v 1.465315 0.052065 0.064074
v 1.556183 0.281493 0.217892
v 1.425781 0.043453 0.196725
v 1.333096 -0.231758 0.214136
v 1.330706 -0.221389 0.351891
v 1.442606 0.056060 0.336569
v 1.259256 -0.232843 0.469287
v 1.531708 0.296095 0.383137
v 1.387305 0.046265 0.527751
v 1.245199 -0.214190 0.589453
v 1.358017 0.055164 0.635244
v 1.200165 -0.218088 0.707729
v 1.500229 0.308488 0.529258
v 1.579950 0.552023 0.412368
v 1.271425 0.018652 0.784134
v 1.132565 -0.235262 0.863502
v 1.441315 0.300346 0.687594
v 1.525322 0.534613 0.554351
v 1.593667 0.774563 0.585112
v 1.235363 0.050963 0.905978
v 1.037406 -0.218633 0.969475
v 1.371347 0.304095 0.830638
v 1.482556 0.544886 0.716621
v 1.114247 0.043480 1.028224
v 0.932593 -0.232636 1.087794
v 1.325644 0.300068 0.955248
v 1.177387 0.313933 1.108057
v 1.010596 0.046898 1.144117
v 0.932720 0.044293 1.257908
v 1.087872 0.312440 1.222561
v 1.399263 0.545772 0.843090
v 1.340994 0.539569 0.995700
v 1.235827 0.533443 1.141652
v 0.771653 0.027005 1.320638
v 0.818621 -0.206035 1.150090
v 0.730146 -0.238462 1.260347
v 0.977351 0.303207 1.350163
v 0.664986 0.021765 1.445113
v 0.698551 0.304838 1.495632
v 1.009118 0.536384 1.348959
v 1.124978 0.536553 1.270093
v 1.270071 0.775693 1.154052
v 1.381088 0.765247 1.014730
v 1.370078 1.019943 1.021855
v 1.454228 0.785137 0.895437
v 1.540879 0.783692 0.710753
v 1.443705 1.001665 0.890181
v 1.531621 1.003522 0.714360
v 1.566831 1.254867 0.744537
v 1.463711 1.258582 0.899064
v 1.430202 1.240461 1.032750
v 1.407133 1.483345 1.048013
v 1.611573 1.252627 0.571349
v 1.570168 1.489055 0.736748
v 1.470136 1.510861 0.875873
v 1.555029 1.731241 0.754678
v 1.489432 1.715636 0.912178
v 0.137124 3.650188 -0.596409
v 0.068824 3.677202 -0.619926
v 0.103210 3.651337 -0.575556
v 0.562849 3.646100 0.250221
v 0.546241 3.673645 0.312269
v 0.572640 3.670018 0.270670
v -0.440025 3.671365 0.641392
v -0.501207 3.656516 0.584411
v -0.515054 3.677389 0.597501
v -0.954045 3.206213 0.962261
v -0.838129 3.188004 1.036965
v -1.017576 3.088427 1.031925
v -0.873794 3.333237 0.893987
v -0.789391 3.332962 0.964384
v -0.807158 3.462000 0.814063
v -0.648550 3.581114 0.750889
v -0.710593 3.440607 0.856487
v -0.554312 3.571041 0.800655
v 0.569934 3.585693 0.693884
v 0.587775 3.430643 0.832760
v 0.479456 3.563219 0.740176
v 0.649140 3.452852 0.764832
v 0.818504 3.341836 0.791493
v 0.960789 3.218410 0.760237
v 0.881048 3.209240 0.849376
v 1.069183 3.095513 0.831005
v 1.047995 2.883240 0.982752
v 0.968226 3.073579 0.908177
v 0.154727 3.619449 0.805672
v 0.212674 3.670225 0.731465
v 0.234601 3.584533 0.786136
v 0.299097 3.622348 0.744412
v 0.133786 3.652811 0.718681
v 0.181013 3.697838 0.683670
v 0.191674 3.662009 0.705301
v 0.208867 3.691432 0.661271
v 0.120865 3.689201 0.702906
v 0.277755 3.713248 0.603746
v 0.243032 3.662393 0.669117
v 0.048540 3.674942 0.733676
v 0.060880 3.640685 0.748560
v 0.300007 3.651367 0.633470
v -0.009129 3.658943 0.755221
v 0.358294 3.699696 0.600751
v -0.072567 3.660476 0.781489
v -0.083847 3.688454 0.763807
v -0.133435 3.678185 0.737081
v -0.207508 3.676504 0.702370
v -0.254769 3.655082 0.706418
v -0.257400 3.683481 0.711109
v -0.323043 3.690734 0.686757
v -0.333512 3.654128 0.725710
v -0.380719 3.688719 0.659277
v -0.379057 3.644960 0.694017
v -0.440025 3.671365 0.641392
v -0.407701 3.638778 0.680354
v -0.447474 3.619075 0.679225
v -0.566665 3.642631 0.567831
v -0.515054 3.677389 0.597501
v -0.501207 3.656516 0.584411
v -0.568020 3.680307 0.574875
v -0.598933 3.698065 0.494592
v -0.536478 3.690891 0.553463
v -0.588660 3.669576 0.509715
v -0.633118 3.664741 0.467833
v -0.608133 3.649067 0.489422
v -0.693348 3.687019 0.337413
v -0.669700 3.657833 0.374073
v -0.706918 3.671964 0.339394
v -1.032320 1.968897 1.531165
v -1.033811 1.726268 1.548880
v -1.158703 1.964985 1.422565
v -1.153484 2.186437 1.392250
v -0.880364 1.476476 1.621400
v -1.073522 1.478716 1.549089
v -1.044795 1.262119 1.565695
v -0.906883 1.740763 1.621762
v -0.987366 2.217922 1.512062
v -1.121439 2.441516 1.363427
v -0.878184 1.967835 1.609466
v -0.727783 1.705464 1.734467
v -0.866208 2.206729 1.581054
v -0.988502 2.442676 1.436107
v -1.047627 2.690217 1.278584
v -0.716374 1.977082 1.689846
v -0.931054 2.684842 1.385087
v -0.975990 2.900889 1.211816
v -0.835429 2.442764 1.504109
v -0.690855 2.206415 1.653536
v -0.877449 2.866710 1.317766
v -0.829305 3.061177 1.196245
v -0.785970 2.690738 1.452635
v -0.672013 2.446420 1.603214
v -0.754224 2.899120 1.347593
v -0.688672 3.085519 1.287269
v -0.663233 2.690355 1.530907
v -0.618660 2.884193 1.422809
v -0.603378 3.336137 1.084686
v -0.521523 3.199728 1.200946
v -0.666445 3.203344 1.154448
v -0.572509 3.095002 1.324709
v -0.527724 2.442666 1.637140
v -0.498847 2.712614 1.569473
v -0.484485 2.881402 1.468794
v -0.454405 3.083720 1.354060
v -0.346591 2.876449 1.506611
v -0.410157 3.195748 1.276244
v -0.501603 3.342396 1.137699
v -0.321679 3.071269 1.400128
v -0.332252 3.214537 1.293180
v -0.393302 3.332314 1.137692
v -0.453257 3.455014 0.999155
v -0.351666 3.454395 1.029930
v -0.415630 3.583856 0.891158
v -0.312339 3.330260 1.205630
v 0.060244 3.188289 1.305890
v 0.159020 3.336264 1.193882
v 0.162502 3.197812 1.275826
v 0.261092 3.344735 1.167564
v 0.308967 3.220207 1.257623
v 0.384216 3.329955 1.101848
v 0.348825 2.879191 1.453218
v 0.198664 3.085391 1.391208
v 0.311420 3.097340 1.351617
v 0.412098 3.189744 1.230596
v 0.469252 3.333837 1.072047
v 0.447321 3.086766 1.302099
v 0.526631 3.218969 1.145396
v 0.505908 2.886414 1.422568
v 0.397504 2.687407 1.553322
v 0.552181 3.100918 1.219802
v 0.558601 2.694149 1.509647
v 0.558914 2.453810 1.594967
v 0.623778 2.880950 1.341863
v 0.683646 2.711818 1.440363
v 0.710605 2.441103 1.503522
v 0.596514 2.185209 1.615891
v 0.763332 2.879840 1.276001
v 0.766502 2.201266 1.566106
v 0.756003 1.978154 1.588085
v 0.796031 2.702698 1.380089
v 0.851766 2.449850 1.431108
v 0.908721 1.967010 1.515321
v 0.765201 1.724165 1.621960
v 0.913802 1.728195 1.546125
v 1.034925 1.974243 1.413299
v 0.897956 2.211329 1.487290
v 0.931520 2.671056 1.287255
v 0.956824 2.454095 1.293726
v 1.035022 2.224988 1.379108
v 1.055189 2.683212 1.177801
v 1.143547 2.202288 1.265974
v 1.180016 1.981603 1.282428
v 1.084988 2.445329 1.219348
v 1.315397 2.459185 0.961976
v 1.352430 2.209540 1.004560
v 1.191352 2.444691 1.092468
v 1.142445 2.685963 1.048777
v 0.944439 2.879594 1.065889
v 0.857599 2.883702 1.168522
v 0.894913 3.113064 1.000711
v 0.779610 3.086718 1.095973
v 0.654342 3.094235 1.176364
v 0.732897 3.217466 1.020574
v 0.606392 3.228462 1.122491
v 0.565874 3.338436 1.018987
v 0.628256 3.319765 0.961035
v 0.751877 3.343153 0.887685
v 0.789335 3.186226 0.938166
v 0.360923 3.667984 0.596594
v 0.354412 3.653716 0.612990
v 0.421920 3.646385 0.565024
v 0.421068 3.671551 0.564095
v -0.182854 3.209388 1.303515
v -0.282385 3.460340 1.079438
v -0.177282 3.336844 1.207852
v -0.065387 3.336775 1.217182
v -0.213879 3.093331 1.389189
v -0.067331 3.186452 1.325405
v 0.033048 3.333975 1.195385
v -0.704127 3.316128 1.032163
v -0.785586 3.194657 1.114169
v -0.892377 3.102814 1.134916
v -1.080858 2.874838 1.112627
v -1.189138 2.896290 0.988429
v -1.148835 2.683447 1.183473
v -1.273587 2.702305 1.072968
v -1.196813 2.451687 1.234971
v -1.354348 2.434470 1.132069
v -1.271784 2.208066 1.290551
v -1.289563 1.968238 1.309776
v -1.487295 2.193276 1.020748
v -1.402516 1.979726 1.174056
v -1.519308 1.961074 1.068154
v -1.548728 1.740370 1.051909
v 0.099478 2.443413 1.689876
v 0.251877 2.446626 1.680562
v 0.104641 2.202897 1.761906
v 0.121370 1.956927 1.787957
v -0.062028 1.975019 1.813522
v -0.055498 1.730877 1.875228
v -0.047278 2.209236 1.789670
v -0.215662 1.973457 1.799037
v -0.217956 1.706634 1.819129
v -0.223176 2.205767 1.764524
v -0.388447 1.730268 1.820164
v -0.060467 2.444848 1.709589
v -0.401802 1.498488 1.824100
v -0.396813 1.970125 1.784727
v -0.577038 1.713788 1.786643
v -0.557328 1.965320 1.729187
v -0.560619 2.219947 1.721379
v -0.388168 2.212125 1.745393
v -0.594068 1.482097 1.776211
v -0.379794 2.443118 1.679960
v -0.370864 2.681452 1.619691
v -0.212625 2.457731 1.667580
v -0.062985 2.681875 1.639938
v -0.212854 2.682189 1.625599
v -0.229425 2.890305 1.503453
v -0.068541 2.879555 1.526578
v -0.069465 3.073923 1.432066
v 0.075507 2.701489 1.608327
v 0.078510 2.868598 1.525135
v 0.068175 3.090668 1.406302
v 0.245940 2.684057 1.607253
v 0.192289 2.870759 1.499527
v 1.159548 0.812083 1.294617
v 1.051696 1.020474 1.411047
v 1.175867 1.013752 1.313508
v 1.066962 1.226104 1.427060
v 1.182253 1.256980 1.332673
v 0.904147 1.030193 1.528765
v 1.171336 1.482235 1.318058
v 1.056289 1.493663 1.426967
v 0.899168 1.230133 1.542655
v 0.768294 1.024267 1.575335
v 1.062922 1.731555 1.431515
v 0.782411 1.267682 1.645884
v 0.930885 1.514320 1.566267
v 0.614964 1.256292 1.706530
v 0.579043 1.007306 1.682944
v 0.772625 1.491747 1.624535
v 1.190571 1.754128 1.298049
v 0.614806 1.501319 1.713214
v 0.451929 1.030723 1.745449
v 0.443771 1.260872 1.748612
v 0.461259 1.475179 1.732819
v 0.312844 1.244893 1.828425
v 0.284587 1.043135 1.789230
v 0.285114 0.839087 1.769786
v 0.111152 0.850899 1.786847
v 0.107915 1.065943 1.830114
v 0.288705 1.499668 1.822050
v -0.061372 1.041317 1.849995
v -0.076674 0.863645 1.812401
v 0.113421 1.252951 1.832246
v -0.087064 1.264802 1.850073
v -0.231818 1.035735 1.812300
v -0.227895 0.843254 1.783797
v -0.390767 0.843627 1.781921
v -0.241655 1.262935 1.818635
v -0.400886 1.046152 1.801910
v -0.207618 1.496041 1.823352
v -0.562721 1.034575 1.774559
v -0.078201 1.473822 1.831385
v 0.112885 1.479699 1.827554
v 0.114204 1.730337 1.832258
v 0.298223 1.720735 1.808474
v 0.456085 1.730572 1.758652
v 0.309602 1.960966 1.780875
v 0.616483 1.726897 1.695182
v 0.453668 1.956514 1.737500
v 0.619340 1.964366 1.670445
v 0.420926 2.204882 1.701055
v 0.262515 2.180492 1.752524
v 0.406857 2.430314 1.618870
v -1.543345 1.492130 1.080253
v -1.404941 1.472908 1.207447
v -1.521416 1.250199 1.069552
v -1.417694 1.702369 1.214177
v -1.293479 1.238092 1.327695
v -1.437112 1.253354 1.222522
v -1.317424 1.042859 1.338319
v -1.173611 1.022881 1.414272
v -1.290548 0.779348 1.315035
v -1.321406 1.500630 1.360129
v -1.321667 1.723477 1.356899
v -1.209372 1.719104 1.435567
v -1.178562 1.259014 1.453134
v -1.171644 1.491088 1.450309
v 1.235363 0.050963 0.905978
v 1.177387 0.313933 1.108057
v 1.325644 0.300068 0.955248
v 0.932720 0.044293 1.257908
v 0.932593 -0.232636 1.087794
v 0.818621 -0.206035 1.150090
v 1.340994 0.539569 0.995700
v 0.771653 0.027005 1.320638
v 0.664986 0.021765 1.445113
v 0.730146 -0.238462 1.260347
v 0.595243 -0.231908 1.323751
v 0.851322 0.306930 1.430111
v 0.977351 0.303207 1.350163
v 0.698551 0.304838 1.495632
v 0.506792 0.036832 1.499174
v 0.459286 -0.232498 1.366342
v 0.574683 0.311974 1.592911
v 0.712613 0.554027 1.563164
v 0.611763 0.525824 1.635963
v 0.435422 0.335677 1.638780
v 0.388169 0.052802 1.534239
v 0.333777 -0.218961 1.461614
v 0.247357 0.072021 1.561442
v 0.217315 -0.230906 1.474013
v 0.264390 0.358088 1.681382
v 0.413847 0.550082 1.664248
v 0.269174 0.612532 1.716062
v 0.584117 0.766004 1.658075
v 0.440807 0.790100 1.714081
v 0.735661 0.780764 1.568107
v 0.856427 0.548277 1.486407
v 1.009118 0.536384 1.348959
v 0.910081 0.768352 1.490767
v 1.087872 0.312440 1.222561
v 1.124978 0.536553 1.270093
v 1.040615 0.777482 1.373761
v 1.430202 1.240461 1.032750
v 1.278240 1.014990 1.169040
v 1.289179 1.264557 1.150762
v 1.407133 1.483345 1.048013
v -1.246141 0.328257 1.256784
v -1.374478 0.547604 1.173147
v -1.261711 0.542071 1.259251
v -1.133508 0.549002 1.395584
v -1.159427 0.779624 1.420981
v -1.019614 0.761434 1.516318
v -1.394572 0.791505 1.175288
v -1.025112 0.987248 1.534312
v -0.867111 0.759301 1.612473
v -0.895559 1.022842 1.621995
v -0.738634 1.490646 1.720824
v -0.737579 1.253953 1.723889
v -0.888557 1.255201 1.646518
v -0.569332 1.251428 1.767269
v -0.407237 1.255702 1.818193
v -0.732927 1.016405 1.703094
v -0.559161 0.785461 1.729757
v -0.374147 0.583851 1.724773
v -0.725475 0.787475 1.701795
v -0.554142 0.570208 1.674993
v -0.393786 0.372260 1.668307
v -0.537404 0.334362 1.643749
v -0.725150 0.544000 1.654895
v -0.367324 0.063907 1.611909
v -0.461234 -0.217569 1.444566
v -0.356048 -0.223317 1.474802
v -0.519454 0.048620 1.547906
v -0.597738 -0.225317 1.386863
v -0.634802 0.039907 1.493151
v -0.728444 -0.218606 1.364329
v -0.704866 0.294732 1.603300
v -0.760899 0.062054 1.421145
v -0.854428 0.321984 1.544704
v -0.855752 0.528808 1.575125
v -1.025160 0.534059 1.492142
v -0.949420 0.286892 1.457900
v -0.913132 0.021720 1.353861
v -0.876752 -0.240215 1.290114
v -1.035649 0.017824 1.271970
v -1.081793 -0.234432 1.107930
v -0.968214 -0.211016 1.163018
v -1.094159 0.312457 1.344021
v -1.156000 0.043365 1.161320
v -1.589964 2.440995 -0.534727
v -1.721384 2.224801 -0.411040
v -1.658403 2.206002 -0.546683
v -1.770280 2.204332 -0.240331
v -1.743083 1.964464 -0.411090
v -1.550202 2.448189 -0.681866
v -1.469770 2.668343 -0.624587
v -1.707050 1.974891 -0.560521
v -1.350772 2.887504 -0.590845
v -1.299401 2.896879 -0.705656
v -1.596366 2.211034 -0.708958
v -1.372064 2.684862 -0.813081
v -1.449872 2.424751 -0.819858
v -1.599905 1.977760 -0.717368
v -1.200245 2.882994 -0.825561
v -1.493314 2.215308 -0.868073
v -1.320128 2.687387 -0.884160
v -1.145198 3.073903 -0.759142
v -1.327141 2.444238 -0.956417
v -1.372192 2.200018 -0.970425
v -1.187396 3.093586 -0.681687
v -1.045631 3.076202 -0.892090
v -1.253179 3.056597 -0.543441
v -1.429214 2.871712 -0.473049
v -1.313173 3.076252 -0.418064
v -1.113555 3.209358 -0.613933
v -1.173220 3.211776 -0.499165
v -1.228925 3.223293 -0.400001
v -1.086710 3.360596 -0.454286
v -1.136761 3.342062 -0.354822
v -1.032667 3.334564 -0.547911
v -1.041805 3.208680 -0.717065
v -0.910829 3.335625 -0.731213
v -0.962630 3.325405 -0.627894
v -1.054107 3.436313 -0.033462
v -0.920214 3.562757 -0.078870
v -0.945146 3.561656 -0.003357
v -1.079690 3.440774 0.080481
v -0.972287 3.548399 0.069693
v -0.761626 3.677978 0.018188
v -0.770601 3.682803 0.090202
v -0.758705 3.655180 0.075773
v -0.758517 3.679167 0.006217
v -0.754889 3.640734 0.129343
v -0.728219 3.678833 0.083840
v -0.740852 3.671089 0.173204
v -0.779879 3.640213 0.148637
v -0.756032 3.683511 0.220256
v -0.761808 3.646021 0.201360
v -0.776138 3.664820 -0.061501
v -0.749939 3.692159 -0.053802
v -0.777095 3.651769 -0.064496
v -0.749459 3.642512 -0.111690
v -0.743152 3.679285 -0.134267
v -0.714558 3.643092 -0.195786
v -0.719842 3.672210 -0.185466
v -0.674434 3.692680 -0.233210
v -0.714011 3.646040 -0.247588
v -0.649023 3.666677 -0.299471
v -0.660546 3.641903 -0.314437
v -0.607647 3.668014 -0.347662
v -0.471715 3.710810 -0.476111
v -0.481367 3.711066 -0.430998
v -0.496981 3.670991 -0.451945
v -0.461355 3.666117 -0.491473
v -0.785126 3.347526 -0.804471
v -0.878934 3.194244 -0.893423
v -0.735977 3.348961 -0.897531
v -0.968330 3.206047 -0.790595
v -1.114292 2.883387 -0.950561
v -1.077589 2.678759 -1.120995
v -0.888216 2.885854 -1.124680
v -0.978511 2.866504 -1.043188
v -0.964709 2.702560 -1.233744
v -0.997484 2.444268 -1.276468
v -1.196566 2.660707 -1.044190
v -1.249808 2.448867 -1.068720
v -1.289637 2.197345 -1.122779
v -1.064464 1.964219 -1.383610
v -1.160688 2.217185 -1.215504
v -1.194297 1.968140 -1.244794
v -1.083658 1.725108 -1.401153
v -1.443535 1.970695 -1.003921
v -1.319584 1.962578 -1.138625
v -1.515437 1.968582 -0.873645
v -1.454378 1.729894 -1.032748
v -1.368644 1.725649 -1.195700
v -1.564461 1.741618 -0.887852
v -1.628112 1.723644 -0.768086
v -1.345127 1.492002 -1.162646
v -1.562227 1.487098 -0.892141
v -1.452959 1.490479 -1.031485
v -1.216746 1.701651 -1.296650
v -1.239120 1.490027 -1.275125
v -1.337855 1.255751 -1.160827
v -1.460829 1.269116 -1.007412
v -1.447391 1.038378 -1.041107
v -1.327402 1.013703 -1.121638
v -1.223304 1.011924 -1.254577
v -1.322130 0.791642 -1.161653
v -1.431307 0.799445 -0.995472
v -1.559915 1.255800 -0.890974
v -1.533512 1.010263 -0.896894
v -1.640951 1.479984 -0.750086
v -1.614546 1.250730 -0.731899
v -1.708124 1.497810 -0.598445
v -1.730468 1.262935 -0.599080
v -1.618623 1.025800 -0.712372
v -1.631540 0.764431 -0.729262
v -1.696159 1.725285 -0.603521
v -1.780113 1.739387 -0.424821
v -1.533886 0.775044 -0.886826
v -1.771203 1.492533 -0.416885
v -1.774401 1.954146 -0.265494
v -1.806055 1.954903 -0.097154
v -1.809653 1.739829 -0.265547
v -1.763480 2.188127 -0.055516
v -1.831113 1.498301 -0.264302
v -1.841976 1.725943 -0.076121
v -1.810950 1.959001 0.106991
v -1.855841 1.728597 0.094229
v -1.775468 2.209668 0.100978
v -1.834770 1.492739 -0.077671
v -1.689143 2.435178 0.075219
v -1.854772 1.706781 0.262383
v -1.693524 2.444464 0.250183
v -1.796913 1.976247 0.268243
v -1.644242 2.678916 0.086177
v -1.761943 2.206071 0.256686
v -1.637473 2.693107 0.267160
v -1.510213 2.880085 0.237940
v -1.674762 2.452375 0.400190
v -1.748400 2.202818 0.418616
v -1.474545 2.896634 0.381845
v -1.376916 3.089685 0.350789
v -1.611148 2.684292 0.397446
v -1.367117 3.063987 0.463986
v -1.451555 2.884438 0.504510
v -1.259566 3.216522 0.441703
v -1.594968 2.682395 0.554236
v -1.643034 2.437752 0.555134
v -1.409265 2.887593 0.640848
v -1.308332 3.085656 0.603447
v -1.209165 3.220443 0.547095
v -1.525475 2.685766 0.692441
v -1.237090 3.095591 0.687402
v -1.152589 3.225435 0.679386
v -1.353927 2.883456 0.754771
v -1.586364 2.439285 0.720229
v -1.089314 3.338269 0.628370
v -1.432907 2.691741 0.823205
v -1.666371 2.213186 0.733929
v -1.504773 2.443167 0.858409
v -1.278618 2.889932 0.890070
v -1.366293 2.696792 0.966961
v -1.182878 3.065540 0.848670
v -1.189138 2.896290 0.988429
v -1.094358 3.226172 0.765228
v -1.075625 3.102460 0.925424
v -1.019533 3.214901 0.868031
v -1.023907 3.337905 0.718088
v -0.954045 3.206213 0.962261
v -1.017576 3.088427 1.031925
v -0.807158 3.462000 0.814063
v -0.873794 3.333237 0.893987
v -0.927826 3.316403 0.792000
v -0.837900 3.444656 0.744870
v -0.501207 3.656516 0.584411
v -0.440025 3.671365 0.641392
v -0.447474 3.619075 0.679225
v -0.566665 3.642631 0.567831
v -0.588660 3.669576 0.509715
v -0.568020 3.680307 0.574875
v -0.608133 3.649067 0.489422
v -0.626156 3.685604 0.425119
v -0.598933 3.698065 0.494592
v -0.633118 3.664741 0.467833
v -0.669700 3.657833 0.374073
v -0.664760 3.705180 0.385565
v -0.693348 3.687019 0.337413
v -0.703679 3.668220 0.273152
v -0.706918 3.671964 0.339394
v -0.711165 3.651386 0.368659
v -0.735413 3.656467 0.292036
v -0.742375 3.648694 0.260324
v -1.196836 3.338544 0.302001
v -1.168849 3.347722 0.427807
v -1.128632 3.339035 0.546763
v 0.224333 3.690066 -0.536334
v 0.179994 3.637815 -0.542553
v 0.185846 3.663778 -0.598089
v -1.209684 3.337365 0.197717
v -1.220549 3.328206 0.095128
v -1.081110 3.476721 0.188526
v -1.319112 3.219342 0.220895
v -0.945404 3.585496 0.240195
v -1.038477 3.434780 0.371662
v -1.064598 3.449766 0.276111
v -1.302488 3.196249 0.306079
v -1.311000 3.194077 0.102643
v -1.394001 3.105054 0.242732
v -1.405596 3.063919 0.087435
v -1.297320 3.210351 -0.030733
v -1.213677 3.341954 -0.030697
v -1.405800 3.103325 -0.042092
v -1.321102 3.213230 -0.160373
v -1.532787 2.892929 -0.058173
v -1.532185 2.880262 0.087386
v -1.393222 3.071014 -0.168231
v -1.201025 3.352498 -0.151709
v -1.507677 2.882738 -0.214551
v -1.158588 3.348469 -0.240754
v -1.274194 3.192613 -0.294589
v -1.375096 3.090265 -0.315026
v -1.628674 2.675733 -0.070153
v -1.463809 2.882620 -0.340792
v -1.583924 2.680047 -0.210423
v -1.569423 2.685235 -0.366232
v -1.696781 2.466103 -0.239529
v -1.703034 2.432269 -0.081562
v -1.660317 2.449250 -0.356008
v -1.532719 2.681855 -0.534797
v -1.080858 2.874838 1.112627
v -0.892377 3.102814 1.134916
v -0.975990 2.900889 1.211816
v -1.148835 2.683447 1.183473
v -1.273587 2.702305 1.072968
v -1.047627 2.690217 1.278584
v -1.426433 2.450056 0.989527
v -1.354348 2.434470 1.132069
v -1.577599 2.196726 0.870052
v -1.487295 2.193276 1.020748
v -1.121439 2.441516 1.363427
v -1.196813 2.451687 1.234971
v -1.271784 2.208066 1.290551
v -1.357920 2.190898 1.184989
v -1.289563 1.968238 1.309776
v -1.402516 1.979726 1.174056
v -1.519308 1.961074 1.068154
v -1.591588 1.943857 0.925768
v -1.548728 1.740370 1.051909
v -1.417694 1.702369 1.214177
v -1.618678 1.742649 0.935403
v -1.705146 1.979962 0.761933
v -1.711592 1.727860 0.770366
v -1.639669 1.506743 0.921645
v -1.543345 1.492130 1.080253
v -1.709220 1.481035 0.783545
v -1.753953 1.708864 0.620931
v -1.726966 1.995793 0.594293
v -1.628984 1.264419 0.916328
v -1.703053 2.184953 0.583476
v -1.764927 1.986850 0.431777
v -1.844486 1.721826 0.451575
v -1.750000 1.496395 0.594466
v -1.835393 1.503775 0.421387
v -1.829814 1.490145 0.263808
v -1.806050 1.279208 0.446990
v -1.744806 1.256744 0.597720
v -1.863231 1.490223 0.110849
v -1.845887 1.267514 0.264286
v -1.868751 1.250749 0.090916
v -1.788033 1.030477 0.460180
v -1.833722 1.022763 0.268756
v -1.827762 1.267111 -0.084063
v -1.817965 1.011777 -0.084120
v -1.828249 1.237532 -0.266633
v -1.759147 1.265460 -0.395950
v -1.752835 1.016317 -0.412263
v -1.794918 1.020120 -0.259744
v -1.827694 1.021456 0.106295
v -1.779311 0.778159 -0.245787
v -1.714083 1.012258 -0.575809
v -1.677836 0.799454 -0.585674
v -1.739221 0.757945 -0.410200
v -1.649585 0.547961 -0.536264
v -1.684023 0.543692 -0.381934
v -1.795930 0.781569 -0.075704
v -1.742465 0.534349 -0.068073
v -1.737863 0.508677 -0.241619
v -1.605526 0.308015 -0.531482
v -1.653651 0.301622 -0.386115
v -1.706130 0.309868 -0.049424
v -1.741179 0.548630 0.098307
v -1.836198 0.773826 0.104102
v -1.691056 0.298283 -0.232627
v -1.791730 0.784999 0.262249
v -1.744592 0.538755 0.247982
v -1.735839 0.307931 0.113398
v -1.795874 0.789313 0.426227
v -1.735027 0.560784 0.412880
v -1.762671 0.995483 0.599680
v -1.689240 0.545581 0.583025
v -1.674406 0.322737 0.416014
v -1.690925 0.309755 0.262584
v -1.714439 0.785559 0.602260
v -1.690656 1.018203 0.766973
v -1.662671 0.793244 0.746369
v -1.697983 1.252253 0.781180
v -1.598981 1.024188 0.903427
v -1.599498 0.802098 0.900086
v -1.521416 1.250199 1.069552
v -1.526042 1.018105 1.067007
v -1.548167 0.564523 0.892928
v -1.648204 0.519466 0.733567
v -1.404941 1.472908 1.207447
v -1.437112 1.253354 1.222522
v -1.321406 1.500630 1.360129
v -1.388503 1.018115 1.209816
v -1.293479 1.238092 1.327695
v -1.317424 1.042859 1.338319
v -1.394572 0.791505 1.175288
v -1.290548 0.779348 1.315035
v -1.321667 1.723477 1.356899
v -1.178562 1.259014 1.453134
v -1.173611 1.022881 1.414272
v -1.171644 1.491088 1.450309
v -1.073522 1.478716 1.549089
v -1.033811 1.726268 1.548880
v -1.246141 0.328257 1.256784
v -1.261711 0.542071 1.259251
v -1.133508 0.549002 1.395584
v -1.374478 0.547604 1.173147
v -1.329714 0.305060 1.124327
v -1.159427 0.779624 1.420981
v -1.490718 0.562735 1.043457
v -1.455247 0.319901 0.985884
v -1.508159 0.785883 1.054817
v -0.876752 -0.240215 1.290114
v -0.968214 -0.211016 1.163018
v -1.035649 0.017824 1.271970
v -1.081793 -0.234432 1.107930
v -1.156000 0.043365 1.161320
v -1.094159 0.312457 1.344021
v -1.245726 0.030380 1.052760
v -1.168396 -0.228448 0.998207
v -1.344575 0.053700 0.917248
v -1.240234 -0.221374 0.879661
v -1.435963 0.038432 0.803011
v -1.310861 -0.228536 0.751292
v -1.536762 0.322250 0.852868
v -1.478116 0.040537 0.708052
v -1.392730 -0.228184 0.636692
v -1.585164 0.317178 0.717564
v -1.666025 0.288143 0.572214
v -1.536215 0.027369 0.549951
v -1.426129 -0.253410 0.510232
v -1.476866 -0.228457 0.369671
v -1.579952 0.039336 0.391392
v -1.595261 0.040352 0.244437
v -1.488963 -0.221854 0.229004
v -1.584998 0.032840 0.101204
v -1.528442 -0.234138 0.106553
v -1.600274 0.037728 -0.058285
v -1.506801 -0.254607 -0.049785
v -1.493746 -0.242351 -0.190086
v -1.608449 0.038735 -0.217305
v -1.441411 -0.221897 -0.321331
v -1.550779 0.049469 -0.335783
v -1.504009 0.029295 -0.514163
v -1.392217 -0.245087 -0.464202
v -1.322434 -0.209087 -0.558253
v -1.435797 0.047569 -0.634776
v -1.296673 -0.238164 -0.707831
v -1.527059 0.321619 -0.704963
v -1.579093 0.528151 -0.730450
v -1.462967 0.281241 -0.800909
v -1.467776 0.560131 -0.834408
v -1.382268 0.040128 -0.789446
v -1.339594 0.301530 -0.940929
v -1.402926 0.556931 -0.978037
v -1.189167 -0.226663 -0.823520
v -1.261902 0.067377 -0.872397
v -1.175087 0.038405 -0.999507
v -1.095214 -0.251254 -0.917248
v -1.261875 0.313027 -1.055678
v -1.288707 0.536476 -1.101060
v -1.022882 0.542865 -1.327329
v -1.124885 0.298737 -1.154660
v -0.994053 0.295275 -1.305211
v -1.064142 0.041628 -1.083027
v -0.942163 0.053547 -1.182105
v -0.985416 -0.223850 -1.020726
v -0.905540 -0.226287 -1.106057
v -1.041805 3.208680 -0.717065
v -1.187396 3.093586 -0.681687
v -1.145198 3.073903 -0.759142
v -1.045631 3.076202 -0.892090
v -1.113555 3.209358 -0.613933
v -0.962630 3.325405 -0.627894
v -1.032667 3.334564 -0.547911
v -0.920472 3.444823 -0.478375
v -1.086710 3.360596 -0.454286
v -0.985623 3.456439 -0.373904
v -1.136761 3.342062 -0.354822
v -1.018623 3.464359 -0.294088
v -0.968330 3.206047 -0.790595
v -0.889286 3.554040 -0.253605
v -0.855496 3.559229 -0.336828
v -0.869122 3.450336 -0.554084
v -0.822022 3.554993 -0.422964
v -0.796790 3.449274 -0.632802
v -0.910829 3.335625 -0.731213
v -0.738299 3.565076 -0.482937
v -0.715554 3.580799 -0.555221
v -0.630332 3.601279 -0.485052
v -0.657114 3.567985 -0.588410
v -0.714702 3.602654 -0.444032
v -0.737446 3.587580 -0.353383
v -0.629204 3.638946 -0.374454
v -0.778617 3.602163 -0.291043
v -0.660546 3.641903 -0.314437
v -0.714011 3.646040 -0.247588
v -0.816943 3.598458 -0.218445
v -0.914899 3.560427 -0.169943
v -0.714558 3.643092 -0.195786
v -0.828880 3.599942 -0.150164
v -1.043213 3.434042 -0.187489
v -1.158588 3.348469 -0.240754
v -1.068425 3.466678 -0.114309
v -0.920214 3.562757 -0.078870
v -1.054107 3.436313 -0.033462
v -0.844762 3.598045 -0.067627
v -0.865188 3.605612 0.006013
v -0.945146 3.561656 -0.003357
v -0.947920 3.538209 0.161177
v -1.079690 3.440774 0.080481
v -0.972287 3.548399 0.069693
v -0.874294 3.623016 0.086833
v -0.777095 3.651769 -0.064496
v -0.758705 3.655180 0.075773
v -0.843648 3.609661 0.144770
v -0.849808 3.587088 0.236917
v -0.779879 3.640213 0.148637
v -0.945404 3.585496 0.240195
v -0.761808 3.646021 0.201360
v -0.761626 3.677978 0.018188
v -0.896959 3.555210 0.345318
v -0.758517 3.679167 0.006217
v -0.770601 3.682803 0.090202
v -0.735424 3.684660 0.015734
v -0.728219 3.678833 0.083840
v -0.754889 3.640734 0.129343
v -0.749939 3.692159 -0.053802
v -0.756032 3.683511 0.220256
v -0.740852 3.671089 0.173204
v -0.725273 3.686892 0.209118
v -0.703679 3.668220 0.273152
v -0.776138 3.664820 -0.061501
v -0.743152 3.679285 -0.134267
v -0.711168 3.681270 -0.128669
v -0.749459 3.642512 -0.111690
v -0.715201 3.669468 -0.175892
v -0.719842 3.672210 -0.185466
v -0.685575 3.679128 -0.234132
v -0.649023 3.666677 -0.299471
v -0.674434 3.692680 -0.233210
v -0.635152 3.686263 -0.288309
v -0.607647 3.668014 -0.347662
v -0.596002 3.677458 -0.344652
v -0.542458 3.695765 -0.398579
v -0.581382 3.642071 -0.419566
v -0.535161 3.668879 -0.418888
v -0.577220 3.616196 -0.517181
v -0.535459 3.638965 -0.476195
v -0.496981 3.670991 -0.451945
v -0.461355 3.666117 -0.491473
v -0.460318 3.666314 -0.520344
v -0.541500 3.608384 -0.561645
v -0.572094 3.564211 -0.618785
v -0.643454 3.438170 -0.771658
v -0.732181 3.460939 -0.707672
v -0.785126 3.347526 -0.804471
v -0.735977 3.348961 -0.897531
v -0.878934 3.194244 -0.893423
v -0.943702 3.067328 -0.975327
v -0.873794 3.333237 0.893987
v -0.954045 3.206213 0.962261
v -1.019533 3.214901 0.868031
v -1.023907 3.337905 0.718088
v -0.927826 3.316403 0.792000
v -0.923253 3.458925 0.641030
v -1.089314 3.338269 0.628370
v -0.837900 3.444656 0.744870
v -0.752760 3.553598 0.649479
v -0.797985 3.570058 0.556940
v -0.690909 3.565430 0.696256
v -0.807158 3.462000 0.814063
v -0.698357 3.599470 0.595479
v -0.789391 3.332962 0.964384
v -0.648550 3.581114 0.750889
v -0.710593 3.440607 0.856487
v -0.648056 3.605524 0.658989
v -0.570256 3.599952 0.688603
v -0.554312 3.571041 0.800655
v -0.631859 3.439713 0.916440
v 0.547332 3.654737 0.401809
v 0.594959 3.623979 0.484171
v 0.511641 3.642985 0.457388
v 0.493607 3.684700 0.441577
v 0.529869 3.669507 0.382112
v 0.496531 3.674067 0.380175
v 0.649140 3.452852 0.764832
v 0.751877 3.343153 0.887685
v 0.587775 3.430643 0.832760
v 0.569934 3.585693 0.693884
v 0.685431 3.470138 0.714705
v 0.605384 3.555750 0.603821
v 0.818504 3.341836 0.791493
v 0.546241 3.673645 0.312269
v 0.582122 3.662324 0.352373
v 0.562849 3.646100 0.250221
v 0.571250 3.691628 0.271189
v 0.578886 3.674686 0.170948
v 0.592850 3.671915 0.198862
v 0.615839 3.592601 0.431978
v 0.656962 3.607686 0.309217
v 0.599653 3.667287 0.130260
v 0.606710 3.633777 0.206009
v 0.597499 3.678214 0.075251
v 0.635897 3.662845 0.060247
v 0.602214 3.677123 -0.004917
v 0.527737 3.691274 -0.175146
v 0.574232 3.664653 -0.135405
v 0.550805 3.694685 -0.119480
v 0.611481 3.641314 -0.022089
v 0.580897 3.640115 -0.059828
v 0.615078 3.645146 -0.069944
v 0.708408 3.606261 -0.013593
v 0.638883 3.621001 0.062578
v 0.715100 3.595107 0.079855
v 0.624787 3.630553 0.133774
v 0.696183 3.611931 -0.086184
v 0.570651 3.684543 -0.192033
v 0.508370 3.711557 -0.224842
v 0.673223 3.601662 -0.152486
v 0.590695 3.620107 -0.148169
v 0.562209 3.627035 -0.209648
v 0.524725 3.665960 -0.251887
v 0.448719 3.706594 -0.309121
v 0.490901 3.670736 -0.308287
v 0.437032 3.678981 -0.337985
v 0.421806 3.679384 -0.377160
v 0.396949 3.682499 -0.397382
v 0.623108 3.596837 -0.311041
v 0.521598 3.643092 -0.257204
v 0.508519 3.644842 -0.327430
v 0.351123 3.664073 -0.452420
v 0.413851 3.641894 -0.431887
v 0.393475 3.660604 -0.418289
v 0.441003 3.634612 -0.360947
v 0.372911 3.654855 -0.499761
v 0.475226 3.603283 -0.497192
v 0.521325 3.606624 -0.427334
v 0.591937 3.560271 -0.487945
v 0.578589 3.587482 -0.365890
v 0.648512 3.561273 -0.418894
v 0.687972 3.560389 -0.346617
v 0.791246 3.447015 -0.439395
v 0.848083 3.460163 -0.320994
v 0.667125 3.592582 -0.266378
v 0.728204 3.564290 -0.265674
v 0.734683 3.555623 -0.199669
v 0.776907 3.565587 -0.107842
v 0.903402 3.466295 -0.238256
v 0.976005 3.350405 -0.364150
v 0.931366 3.439487 -0.158773
v 1.006767 3.339557 -0.276592
v 1.042533 3.336992 -0.162236
v 0.780733 3.566059 -0.007832
v 1.049290 3.331498 -0.044900
v 0.906369 3.447152 -0.022320
v 0.793786 3.561735 0.061045
v 0.930404 3.446739 0.065228
v 1.061562 3.356547 0.062434
v 0.802251 3.560202 0.157114
v 1.048488 3.350897 0.155087
v 0.928167 3.450336 0.158121
v 0.928588 3.437227 0.260423
v 1.047203 3.328600 0.281284
v 1.265485 3.100495 0.057980
v 1.253386 3.085617 0.189365
v 1.150626 3.187562 0.164241
v 1.027280 3.352528 0.389617
v 1.052231 3.217171 0.545843
v 1.170488 3.085568 0.587440
v 1.106703 3.085588 0.690962
v 0.815977 3.447673 0.539600
v 0.969755 3.345168 0.497010
v 0.926565 3.331872 0.609173
v 0.864389 3.321209 0.705105
v 0.960789 3.218410 0.760237
v 0.793351 3.450720 0.634240
v 0.881048 3.209240 0.849376
v 0.968226 3.073579 0.908177
v 1.069183 3.095513 0.831005
v 0.669281 3.558620 0.536823
v 0.678835 3.570402 0.482118
v 0.315699 3.445324 1.023233
v 0.268146 3.557401 0.876622
v 0.382620 3.459554 0.953147
v 0.384216 3.329955 1.101848
v 0.261092 3.344735 1.167564
v 0.330078 3.562295 0.828498
v 0.234601 3.584533 0.786136
v 0.299097 3.622348 0.744412
v 0.212674 3.670225 0.731465
v 0.154727 3.619449 0.805672
v 0.139555 3.644252 0.734038
v 0.060880 3.640685 0.748560
v 0.258556 3.643279 0.689106
v 0.191674 3.662009 0.705301
v 0.133786 3.652811 0.718681
v 0.208867 3.691432 0.661271
v 0.243032 3.662393 0.669117
v 0.120865 3.689201 0.702906
v 0.048540 3.674942 0.733676
v 0.055031 3.686204 0.717992
v -0.023887 3.680779 0.709473
v 0.300007 3.651367 0.633470
v -0.009129 3.658943 0.755221
v -0.009242 3.670156 0.785989
v -0.072704 3.686783 0.742615
v -0.072567 3.660476 0.781489
v -0.083847 3.688454 0.763807
v -0.133435 3.678185 0.737081
v -0.137528 3.649942 0.765910
v -0.153221 3.595697 0.855126
v -0.204023 3.668122 0.743113
v -0.134900 3.672279 0.735002
v -0.207508 3.676504 0.702370
v -0.210648 3.653853 0.775534
v -0.220269 3.604885 0.860140
v -0.239029 3.561194 0.933316
v -0.321118 3.561754 0.910218
v -0.302108 3.603844 0.832650
v -0.362970 3.584779 0.821916
v -0.272413 3.651583 0.749275
v -0.254769 3.655082 0.706418
v -0.339884 3.666550 0.746359
v -0.333512 3.654128 0.725710
v -0.380719 3.688719 0.659277
v -0.323043 3.690734 0.686757
v -0.423773 3.608128 0.744492
v -0.480327 3.562128 0.848823
v -0.379057 3.644960 0.694017
v -0.407701 3.638778 0.680354
v -0.444251 3.671237 0.607257
v -0.440025 3.671365 0.641392
v -0.494246 3.677634 0.603180
v -0.518005 3.616383 0.748699
v -0.447474 3.619075 0.679225
v -0.515054 3.677389 0.597501
v -0.501207 3.656516 0.584411
v -0.536478 3.690891 0.553463
v -0.566665 3.642631 0.567831
v -0.568020 3.680307 0.574875
v -0.588660 3.669576 0.509715
v -0.608133 3.649067 0.489422
v -0.659788 3.652428 0.477274
v -0.633118 3.664741 0.467833
v -0.701732 3.654963 0.398494
v -0.669700 3.657833 0.374073
v -0.732773 3.578804 0.514344
v -0.776980 3.596954 0.447816
v -0.711165 3.651386 0.368659
v -0.706918 3.671964 0.339394
v -0.735413 3.656467 0.292036
v -0.799184 3.597229 0.386342
v -0.742375 3.648694 0.260324
v -0.828394 3.589358 0.310565
v -0.843139 3.547073 0.465079
v -0.901164 3.544920 0.436575
v -0.935848 3.442720 0.569059
v -1.038477 3.434780 0.371662
v -0.999159 3.455760 0.474515
v -1.168849 3.347722 0.427807
v -1.196836 3.338544 0.302001
v -1.128632 3.339035 0.546763
v -0.829305 3.061177 1.196245
v -0.666445 3.203344 1.154448
v -0.688672 3.085519 1.287269
v -0.521523 3.199728 1.200946
v -0.572509 3.095002 1.324709
v -0.454405 3.083720 1.354060
v -0.603378 3.336137 1.084686
v -0.453257 3.455014 0.999155
v -0.501603 3.342396 1.137699
v -0.531800 3.445855 0.953179
v -0.410157 3.195748 1.276244
v -0.393302 3.332314 1.137692
v -0.415630 3.583856 0.891158
v -0.332252 3.214537 1.293180
v -0.351666 3.454395 1.029930
v -0.282385 3.460340 1.079438
v -0.312339 3.330260 1.205630
v 0.198664 3.085391 1.391208
v 0.060244 3.188289 1.305890
v 0.162502 3.197812 1.275826
v 0.308967 3.220207 1.257623
v 0.412098 3.189744 1.230596
v 0.469252 3.333837 1.072047
v 0.931520 2.671056 1.287255
v 0.944439 2.879594 1.065889
v 1.055189 2.683212 1.177801
v 0.894913 3.113064 1.000711
v 0.732897 3.217466 1.020574
v 0.789335 3.186226 0.938166
v 0.606392 3.228462 1.122491
v 0.628256 3.319765 0.961035
v 0.565874 3.338436 1.018987
v 0.495724 3.446631 0.904592
v 0.408921 3.572977 0.793730
v 0.479456 3.563219 0.740176
v 0.376653 3.593162 0.717262
v 0.325362 3.640390 0.653577
v 0.427667 3.631035 0.664274
v 0.354412 3.653716 0.612990
v 0.421920 3.646385 0.565024
v 0.360923 3.667984 0.596594
v 0.384367 3.707813 0.516267
v 0.421068 3.671551 0.564095
v 0.442796 3.673242 0.520510
v 0.460184 3.679728 0.467556
v 0.482648 3.607862 0.623432
v 0.467789 3.637796 0.514034
v 0.483097 3.687510 0.441988
v 0.537653 3.589486 0.566361
v 0.062436 3.611420 -0.722686
v -0.000655 3.563759 -0.799072
v 0.077347 3.557657 -0.815924
v -0.036378 3.600944 -0.726855
v 0.179725 3.567483 -0.749985
v 0.203062 3.454935 -0.900076
v 0.037260 3.644272 -0.610377
v 0.148047 3.592130 -0.679404
v 0.209925 3.605426 -0.646311
v 0.233491 3.567975 -0.755826
v 0.299354 3.451781 -0.865825
v 0.132101 3.329189 -1.051663
v 0.254319 3.333945 -1.032567
v 0.366163 3.335812 -0.978023
v 0.422016 3.352823 -0.935024
v 0.419188 3.442592 -0.820170
v 0.555056 3.334594 -0.885946
v 0.331879 3.582313 -0.689216
v 0.476087 3.449727 -0.774751
v 0.547424 3.462679 -0.733349
v 0.416889 3.564506 -0.640178
v 0.644104 3.349708 -0.825123
v 0.355430 3.612953 -0.592925
v 0.315427 3.596886 -0.621250
v 0.468271 3.566157 -0.604259
v 0.412118 3.592208 -0.556284
v 0.607488 3.439625 -0.666109
v 0.301058 3.646237 -0.506218
v 0.551497 3.543614 -0.561751
v 0.724125 3.337748 -0.719062
v 0.698010 3.439595 -0.576962
v 0.246980 3.640174 -0.550687
v 0.185846 3.663778 -0.598089
v 0.103210 3.651337 -0.575556
v 0.179994 3.637815 -0.542553
v 0.296392 3.662874 -0.483553
v 0.137124 3.650188 -0.596409
v 0.169300 3.676092 -0.558104
v 0.127754 3.668987 -0.553137
v 0.060010 3.685860 -0.580780
v 0.068824 3.677202 -0.619926
v 0.009976 3.665459 -0.593901
v -0.021458 3.676269 -0.579550
v -0.105015 3.651730 -0.626656
v -0.080190 3.674902 -0.591449
v -0.029914 3.641776 -0.616853
v -0.148154 3.691844 -0.580235
v -0.108465 3.633069 -0.615708
v -0.111288 3.587953 -0.734198
v -0.144492 3.602045 -0.685724
v -0.145811 3.613563 -0.627521
v -0.172360 3.563012 -0.795603
v -0.217816 3.646679 -0.600601
v -0.171208 3.643643 -0.598974
v -0.241672 3.603234 -0.702480
v -0.257106 3.562246 -0.783233
v -0.286423 3.656565 -0.581192
v -0.217336 3.685722 -0.575871
v -0.260917 3.682155 -0.549577
v -0.330946 3.715075 -0.528669
v -0.330663 3.572279 -0.780057
v -0.308848 3.594252 -0.670575
v -0.309395 3.634838 -0.610158
v -0.338571 3.664329 -0.557434
v -0.383689 3.589398 -0.661859
v -0.345031 3.650354 -0.562418
v -0.381616 3.687855 -0.514464
v -0.400553 3.663258 -0.549972
v -0.471715 3.710810 -0.476111
v -0.417314 3.642463 -0.539508
v -0.462354 3.606526 -0.615371
v -0.462259 3.567002 -0.685626
v -0.420721 3.561735 -0.737892
v -0.557156 3.448783 -0.807548
v -0.457337 3.469047 -0.850058
v -0.619641 3.317603 -0.917782
v -0.522718 3.344529 -0.987716
v -0.419581 3.338524 -1.012857
v -0.680153 3.222006 -1.014436
v -0.567056 3.202381 -1.061008
v -0.621903 3.088958 -1.167759
v -0.443758 3.203846 -1.108790
v -0.480151 3.096250 -1.209733
v -0.177282 3.336844 1.207852
v -0.167475 3.464477 1.064403
v -0.086500 3.438465 1.087645
v -0.065387 3.336775 1.217182
v -0.143728 3.538327 0.956493
v 0.033048 3.333975 1.195385
v -0.064437 3.552694 0.947312
v 0.052381 3.438396 1.089335
v -0.069312 3.586165 0.867342
v 0.007773 3.557116 0.925505
v 0.009244 3.602026 0.859570
v 0.159020 3.336264 1.193882
v 0.122405 3.545569 0.920174
v 0.084982 3.601986 0.847079
v 0.132589 3.428766 1.075830
v 0.227350 3.451673 1.030948
v 0.176475 3.556418 0.904011
v -1.081110 3.476721 0.188526
v -1.064598 3.449766 0.276111
v -1.220549 3.328206 0.095128
v -1.213677 3.341954 -0.030697
v -1.297320 3.210351 -0.030733
v -1.311000 3.194077 0.102643
v -1.405800 3.103325 -0.042092
v -1.201025 3.352498 -0.151709
v -1.375096 3.090265 -0.315026
v -1.228925 3.223293 -0.400001
v -1.274194 3.192613 -0.294589
v -0.704127 3.316128 1.032163
v -0.785586 3.194657 1.114169
v -0.838129 3.188004 1.036965
v -0.892377 3.102814 1.134916
v -1.017576 3.088427 1.031925
v -0.067331 3.186452 1.325405
v 0.068175 3.090668 1.406302
v 0.753042 3.085509 -0.961699
v 0.593836 3.209918 -0.981059
v 0.650515 3.090275 -1.052141
v 0.696611 3.192721 -0.869619
v 0.809279 3.223932 -0.829101
v 0.866456 3.205674 -0.724255
v 0.781053 3.343428 -0.653755
v 0.870951 3.335439 -0.575377
v 0.759373 3.451673 -0.495353
v 0.926479 3.347851 -0.478473
v 1.129703 3.218439 -0.069355
v 1.136531 3.209388 -0.184594
v 1.267475 3.092319 -0.077638
v 0.781060 3.582647 0.218039
v 0.888253 3.472064 0.342703
v 0.727811 3.589771 0.207540
v 0.769153 3.550709 0.308328
v 0.861384 3.448155 0.444771
v 0.721897 3.558001 0.393862
v 0.669885 3.632597 0.370960
v 0.709104 3.621866 0.162865
v -0.312625 3.357903 -1.060995
v -0.266864 3.423508 -0.904550
v -0.373588 3.474707 -0.893194
v -0.194122 3.333523 -1.056728
v -0.185816 3.449471 -0.926289
v -0.205294 3.236815 -1.159483
v -0.108424 3.321101 -1.054292
v -0.090321 3.558865 -0.799571
v -0.084591 3.443182 -0.940492
v 0.010639 3.450994 -0.928719
v 0.010896 3.319273 -1.079045
v -0.089325 3.085204 -1.272717
v 0.029842 3.216571 -1.165563
v -0.105246 3.185538 -1.164473
v -0.200505 3.074944 -1.257535
v 0.101573 3.444135 -0.917024
v 0.497298 3.199905 -1.021041
v 0.422086 3.091533 -1.172722
v 0.539243 3.089636 -1.107804
v -1.449872 2.424751 -0.819858
v -1.493314 2.215308 -0.868073
v -1.372192 2.200018 -0.970425
v -0.910829 3.335625 -0.731213
v -1.041805 3.208680 -0.717065
v -0.968330 3.206047 -0.790595
v -0.796790 3.449274 -0.632802
v -0.657114 3.567985 -0.588410
v -0.715554 3.580799 -0.555221
v -0.542458 3.695765 -0.398579
v -0.607647 3.668014 -0.347662
v -0.535161 3.668879 -0.418888
v -0.496981 3.670991 -0.451945
v -0.481367 3.711066 -0.430998
v -0.878934 3.194244 -0.893423
v -0.785126 3.347526 -0.804471
v -0.779232 3.209810 -0.978598
v -0.735977 3.348961 -0.897531
v -0.804468 3.098009 -1.030404
v -0.943702 3.067328 -0.975327
v -0.888216 2.885854 -1.124680
v -0.978511 2.866504 -1.043188
v -1.045631 3.076202 -0.892090
v -1.114292 2.883387 -0.950561
v -1.077589 2.678759 -1.120995
v -1.196566 2.660707 -1.044190
v -1.128653 2.429586 -1.184535
v -0.997484 2.444268 -1.276468
v -1.045255 2.205973 -1.326904
v -1.249808 2.448867 -1.068720
v -1.160688 2.217185 -1.215504
v -1.064464 1.964219 -1.383610
v -1.289637 2.197345 -1.122779
v -1.194297 1.968140 -1.244794
v -1.083658 1.725108 -1.401153
v -1.216746 1.701651 -1.296650
v -1.094157 1.471267 -1.405090
v -1.319584 1.962578 -1.138625
v -1.515437 1.968582 -0.873645
v -1.368644 1.725649 -1.195700
v -1.345127 1.492002 -1.162646
v -1.239120 1.490027 -1.275125
v -1.208701 1.244470 -1.268413
v -1.337855 1.255751 -1.160827
v -1.071269 1.256469 -1.367420
v -1.083118 1.017457 -1.341427
v -1.223304 1.011924 -1.254577
v -1.447391 1.038378 -1.041107
v -1.327402 1.013703 -1.121638
v -1.182945 0.782523 -1.263086
v -1.060760 0.782365 -1.356997
v -1.322130 0.791642 -1.161653
v -1.431307 0.799445 -0.995472
v 0.570651 3.684543 -0.192033
v 0.508370 3.711557 -0.224842
v 0.524725 3.665960 -0.251887
v 0.437032 3.678981 -0.337985
v 0.490901 3.670736 -0.308287
v 0.448719 3.706594 -0.309121
v 0.393475 3.660604 -0.418289
v 0.421806 3.679384 -0.377160
v 0.396949 3.682499 -0.397382
v 0.351123 3.664073 -0.452420
v 0.441003 3.634612 -0.360947
v 0.508519 3.644842 -0.327430
v -0.072704 3.686783 0.742615
v -0.133435 3.678185 0.737081
v -0.134900 3.672279 0.735002
v -0.204023 3.668122 0.743113
v 0.126542 3.211923 -1.134067
v 0.254319 3.333945 -1.032567
v 0.132101 3.329189 -1.051663
v 0.029842 3.216571 -1.165563
v 0.047708 3.068489 -1.252295
v -0.089325 3.085204 -1.272717
v 0.276597 3.233798 -1.094689
v -0.090468 2.872686 -1.382793
v -0.200505 3.074944 -1.257535
v 0.168982 3.085705 -1.248009
v 0.059263 2.891455 -1.388039
v 0.366163 3.335812 -0.978023
v 0.298196 3.079593 -1.218796
v 0.191397 2.885460 -1.351742
v 0.373115 3.204563 -1.091259
v 0.314567 2.886257 -1.287518
v 0.422016 3.352823 -0.935024
v 0.422086 3.091533 -1.172722
v 0.497298 3.199905 -1.021041
v 0.555056 3.334594 -0.885946
v 0.593836 3.209918 -0.981059
v 0.644104 3.349708 -0.825123
v 0.148047 3.592130 -0.679404
v 0.209925 3.605426 -0.646311
v 0.185846 3.663778 -0.598089
v 0.037260 3.644272 -0.610377
v 0.103210 3.651337 -0.575556
v 0.068824 3.677202 -0.619926
v 0.310302 3.692985 -0.474223
v 0.296392 3.662874 -0.483553
v 0.214733 3.677969 -0.525431
v 0.169300 3.676092 -0.558104
v 0.179994 3.637815 -0.542553
v 0.350494 3.717041 -0.428913
v 0.009976 3.665459 -0.593901
v 0.060010 3.685860 -0.580780
v -0.021458 3.676269 -0.579550
v -0.029914 3.641776 -0.616853
v -0.105015 3.651730 -0.626656
v -0.108465 3.633069 -0.615708
v -0.148154 3.691844 -0.580235
v -0.171208 3.643643 -0.598974
v -0.184519 3.698792 -0.590287
v -0.145811 3.613563 -0.627521
v -0.217336 3.685722 -0.575871
v -0.217816 3.646679 -0.600601
v -0.260917 3.682155 -0.549577
v -0.286423 3.656565 -0.581192
v -0.330946 3.715075 -0.528669
v -0.338571 3.664329 -0.557434
v -0.381616 3.687855 -0.514464
v -0.309395 3.634838 -0.610158
v -0.345031 3.650354 -0.562418
v -0.400553 3.663258 -0.549972
v -0.471715 3.710810 -0.476111
v -0.461355 3.666117 -0.491473
v -0.417314 3.642463 -0.539508
v -0.680153 3.222006 -1.014436
v -0.619641 3.317603 -0.917782
v -0.567056 3.202381 -1.061008
v -0.522718 3.344529 -0.987716
v -0.443758 3.203846 -1.108790
v -0.419581 3.338524 -1.012857
v -0.321648 3.211177 -1.126104
v -0.709622 3.078895 -1.100948
v -0.621903 3.088958 -1.167759
v -0.351939 3.085863 -1.237952
v -0.480151 3.096250 -1.209733
v -0.769456 2.887563 -1.195164
v -0.643622 2.882287 -1.247602
v -0.240516 2.884468 -1.365682
v -0.382844 2.911119 -1.367984
v -0.490347 2.894069 -1.303998
v 0.954972 2.863222 -0.946690
v 0.913530 2.672726 -1.135556
v 1.019179 2.681305 -1.045593
v 0.882774 3.074522 -0.899541
v 0.845228 2.887426 -1.039185
v 0.753042 3.085509 -0.961699
v 0.650515 3.090275 -1.052141
v 0.809279 3.223932 -0.829101
v 0.696611 3.192721 -0.869619
v -0.257106 3.562246 -0.783233
v -0.373588 3.474707 -0.893194
v -0.266864 3.423508 -0.904550
v -0.172360 3.563012 -0.795603
v -0.312625 3.357903 -1.060995
v -0.205294 3.236815 -1.159483
v -0.108424 3.321101 -1.054292
v -0.105246 3.185538 -1.164473
v -0.084591 3.443182 -0.940492
v -0.185816 3.449471 -0.926289
v 0.010896 3.319273 -1.079045
v 0.077347 3.557657 -0.815924
v 0.010639 3.450994 -0.928719
v 0.101573 3.444135 -0.917024
v 0.203062 3.454935 -0.900076
v -0.919406 1.018695 -1.461421
v -0.932191 0.764058 -1.436274
v -1.022882 0.542865 -1.327329
v -0.753799 1.012347 -1.563373
v -0.755525 0.785589 -1.526540
v -0.890719 0.553759 -1.412413
v -0.994053 0.295275 -1.305211
v -0.583238 0.790001 -1.579995
v -0.865497 0.305419 -1.358454
v -0.942163 0.053547 -1.182105
v -0.750390 0.562357 -1.475079
v -0.801064 0.032289 -1.233330
v -0.905540 -0.226287 -1.106057
v -0.761785 -0.238436 -1.172888
v -0.719903 0.308992 -1.442915
v -0.681938 0.039668 -1.343551
v -0.637701 -0.249167 -1.260322
v -0.496187 -0.206684 -1.271161
v -0.561781 0.542027 -1.516837
v -0.539423 0.295471 -1.486040
v -0.500026 0.032959 -1.399792
v -0.352747 0.045514 -1.411507
v -0.324055 -0.222116 -1.304487
v -0.394464 0.310072 -1.533729
v -0.398952 0.556552 -1.561228
v -0.389663 0.779349 -1.626926
v -0.442889 0.988978 -1.620481
v -0.591413 1.014214 -1.584792
v -0.599625 1.248479 -1.603760
v -0.440982 1.229179 -1.666809
v -0.439447 1.485045 -1.658894
v -0.624305 1.506969 -1.620253
v -0.272714 1.467435 -1.667889
v -0.257663 1.232786 -1.682172
v -0.438687 1.728253 -1.668317
v -0.591013 1.738640 -1.619449
v -0.294838 1.751926 -1.692015
v -0.092002 1.489241 -1.698585
v -0.436808 1.968523 -1.632152
v -0.075560 1.218674 -1.731565
v -0.251401 1.976886 -1.665355
v -0.091793 1.748310 -1.713614
v 0.051130 1.497761 -1.709411
v 0.095611 1.235626 -1.701494
v 0.247974 1.471150 -1.705716
v 0.247633 1.262542 -1.687207
v 0.421454 1.479778 -1.637627
v 0.250836 1.742031 -1.690298
v 0.426478 1.238250 -1.654289
v 0.065989 1.747937 -1.690357
v 0.571455 1.469980 -1.574092
v 0.580035 1.226271 -1.615273
v 0.420564 1.736017 -1.622267
v 0.743839 1.467749 -1.508527
v 0.781286 1.245463 -1.527010
v 0.564441 1.707273 -1.564780
v 0.896497 1.482716 -1.425592
v 0.917199 1.228295 -1.432771
v 0.740577 1.723261 -1.505426
v 1.018400 1.223952 -1.322751
v 1.040341 1.498400 -1.284482
v 0.548723 1.963452 -1.531847
v 0.875469 1.735594 -1.413800
v 0.729608 1.973928 -1.455080
v 0.408781 1.967678 -1.592786
v 0.238886 1.972837 -1.643597
v 0.554801 2.204460 -1.511008
v 0.690398 2.199310 -1.424972
v 0.403923 2.205924 -1.548608
v 0.072692 1.972425 -1.656170
v 0.259837 2.212990 -1.608579
v -0.100013 1.976719 -1.685419
v 0.066145 2.201944 -1.626696
v -0.090540 2.206405 -1.657011
v -0.246794 2.228438 -1.595039
v -0.096164 2.442008 -1.565289
v -0.436606 2.209088 -1.581346
v -0.571485 2.224998 -1.525057
v -0.413146 2.447324 -1.528037
v -0.251788 2.428633 -1.551175
v -0.246332 2.683172 -1.476504
v -0.095421 2.686307 -1.494637
v 0.057425 2.475449 -1.539776
v 0.066040 2.684115 -1.475960
v 0.214317 2.681600 -1.461545
v 0.229149 2.451844 -1.536550
v 0.377931 2.706698 -1.435844
v 0.362754 2.430009 -1.516632
v 0.464694 2.882906 -1.277005
v 0.510017 2.688852 -1.389238
v 0.532214 2.445123 -1.445021
v 0.539243 3.089636 -1.107804
v 0.576756 2.862829 -1.196024
v 0.643944 2.686464 -1.310771
v 0.725202 2.914303 -1.145642
v 0.677101 2.441094 -1.389038
v -0.423226 2.677590 -1.450065
v -0.548912 2.685354 -1.409835
v -0.683392 2.683496 -1.357678
v -0.598680 2.443118 -1.473801
v -0.813731 2.676155 -1.315019
v -0.964709 2.702560 -1.233744
v -0.721108 2.433674 -1.409145
v -0.841086 2.453564 -1.375609
v -0.753585 2.222040 -1.508990
v -0.888408 2.208086 -1.408929
v -0.917439 1.969889 -1.445944
v -0.760444 1.967471 -1.523304
v -0.600659 1.966705 -1.578935
v -0.929285 1.730356 -1.472686
v -0.786214 1.726759 -1.550202
v -0.908105 1.477920 -1.457631
v -0.762763 1.473577 -1.546698
v -0.913904 1.256449 -1.477460
v -0.769333 1.251467 -1.548593
v 0.778293 2.683850 -1.238913
v 0.821952 2.438883 -1.284969
v 0.852494 2.201345 -1.354658
v 0.950295 2.452041 -1.185175
v 0.901330 1.983795 -1.379975
v 0.985006 2.204096 -1.247322
v 1.016003 1.758363 -1.312495
v 1.078721 2.430117 -1.098306
v 1.005499 1.979707 -1.277456
v 1.106337 2.214257 -1.138736
v 1.142289 1.961173 -1.167955
v 1.154144 1.752516 -1.194341
v 1.177706 1.495167 -1.176382
v 1.172128 1.256174 -1.187948
v 1.133369 1.006451 -1.192448
v 1.104106 0.786680 -1.145179
v 1.231747 0.778003 -1.045820
v 1.183748 0.544521 -1.011874
v 1.332171 0.565355 -0.893464
v 1.050657 0.549298 -1.135743
v 1.159705 0.302939 -0.994875
v 1.071113 0.042006 -0.917322
v 0.990264 -0.210221 -0.842582
v 1.114372 -0.207572 -0.726994
v -1.631540 0.764431 -0.729262
v -1.579093 0.528151 -0.730450
v -1.467776 0.560131 -0.834408
v -1.462967 0.281241 -0.800909
v -1.533886 0.775044 -0.886826
v -1.402926 0.556931 -0.978037
v -1.382268 0.040128 -0.789446
v -1.296673 -0.238164 -0.707831
v -1.261902 0.067377 -0.872397
v -1.339594 0.301530 -0.940929
v -1.288707 0.536476 -1.101060
v -1.181823 0.557392 -1.210550
v -1.261875 0.313027 -1.055678
v -1.124885 0.298737 -1.154660
v -1.175087 0.038405 -0.999507
v -1.064142 0.041628 -1.083027
v -1.095214 -0.251254 -0.917248
v -0.985416 -0.223850 -1.020726
v -0.195713 3.695244 -0.494190
v -0.305086 3.695244 -0.459732
v -0.077123 3.726612 0.076663
v -0.216471 3.655759 -0.586768
v -0.343222 3.655759 -0.546835
v -0.084365 3.655759 -0.601206
v -0.405635 3.695244 -0.404598
v -0.459748 3.655759 -0.482941
v -0.081720 3.695244 -0.506648
v 0.048020 3.655759 -0.589594
v 0.032514 3.695244 -0.496628
v 0.175596 3.655759 -0.552378
v -0.493496 3.695244 -0.330908
v -0.561569 3.655759 -0.397542
v -0.644774 3.655759 -0.293920
v 0.142598 3.695244 -0.464515
v 0.293460 3.655759 -0.490988
v -0.565293 3.695244 -0.241493
v -0.706164 3.655759 -0.176056
v 0.244302 3.695244 -0.411542
v 0.397082 3.655759 -0.407784
v -0.618266 3.695244 -0.139789
v -0.743380 3.655759 -0.048480
v -0.650380 3.695244 -0.029705
v -0.754992 3.655759 0.083905
v 0.333718 3.695244 -0.339746
v 0.482482 3.655759 -0.305962
v -0.660399 3.695244 0.084529
v -0.740554 3.655759 0.216012
v -0.647941 3.695244 0.198523
v -0.700621 3.655759 0.342763
v 0.407408 3.695244 -0.251885
v 0.546375 3.655759 -0.189437
v -0.613483 3.695244 0.307896
v -0.636727 3.655759 0.459288
v 0.462542 3.695244 -0.151336
v 0.586309 3.655759 -0.062686
v -0.558349 3.695244 0.408445
v -0.551328 3.655759 0.561110
v 0.497000 3.695244 -0.041963
v 0.600746 3.655759 0.069421
v -0.484659 3.695244 0.496306
v -0.447705 3.655759 0.644314
v 0.509459 3.695244 0.072031
v 0.589134 3.655759 0.201806
v -0.395243 3.695244 0.568103
v -0.329841 3.655759 0.705704
v 0.499438 3.695244 0.186264
v 0.551918 3.655759 0.329382
v -0.293540 3.695244 0.621076
v -0.202265 3.655759 0.742920
v 0.467325 3.695244 0.296349
v 0.490529 3.655759 0.447246
v -0.183456 3.695244 0.653189
v -0.069880 3.655759 0.754532
v 0.414352 3.695244 0.398053
v 0.418218 3.648350 0.540633
v -0.069221 3.695244 0.663209
v 0.062226 3.655759 0.740094
v 0.342556 3.695244 0.487469
v 0.305504 3.655759 0.636267
v 0.254695 3.695244 0.561159
v 0.044773 3.695244 0.650751
v 0.188978 3.655759 0.700161
v 0.154145 3.695244 0.616292
v 0.928908 0.823541 1.513268
v 0.949136 0.834773 1.503450
v 0.938608 0.845976 1.526746
v 0.952646 0.859449 1.506734
v 0.912187 0.836974 1.526370
v 0.935924 0.872882 1.519836
v 0.915696 0.861650 1.529654
v 0.701730 0.648153 1.612693
v 0.721960 0.659386 1.602875
v 0.711432 0.670585 1.626181
v 0.725469 0.684057 1.606160
v 0.685010 0.661589 1.625795
v 0.708748 0.697490 1.619262
v 0.688518 0.686258 1.629079
v 1.104766 0.639386 1.366079
v 1.124995 0.650619 1.356261
v 1.114463 0.661818 1.379557
v 1.128499 0.675291 1.359546
v 1.088042 0.652822 1.379181
v 1.111784 0.688724 1.372647
v 1.091556 0.677492 1.382465
v 1.017892 0.395435 1.365268
v 1.038120 0.406669 1.355460
v 1.027598 0.417867 1.378755
v 1.041634 0.431340 1.358744
v 1.001177 0.408871 1.378369
v 1.024910 0.444777 1.371846
v 1.004682 0.433543 1.381654
v 0.746596 0.389112 1.528591
v 0.766825 0.400346 1.518783
v 0.756297 0.411545 1.542079
v 0.770333 0.425018 1.522068
v 0.729876 0.402549 1.541693
v 0.753613 0.438455 1.535169
v 0.733384 0.427221 1.544977
v 0.940438 0.900073 1.524948
v 0.854484 0.787142 1.552341
v 0.926214 0.800045 1.511626
v 0.832300 0.880616 1.586326
v 1.041276 0.868155 1.456719
v 0.735555 0.813164 1.630257
v 0.993098 0.778877 1.466373
v 0.790312 0.742399 1.581478
v 1.117363 0.790395 1.393452
v 0.666930 0.709361 1.649132
v 1.043574 0.727295 1.424401
v 0.744792 0.673545 1.594003
v 1.155558 0.680224 1.346078
v 0.638292 0.587165 1.639699
v 1.068908 0.654220 1.392987
v 0.725796 0.592492 1.587749
v 1.064723 0.572284 1.377533
v 0.654593 0.467707 1.603585
v 1.149255 0.556701 1.322795
v 0.736609 0.513254 1.563792
v 1.031747 0.495657 1.380736
v 0.775360 0.449532 1.526269
v 1.099540 0.441179 1.327621
v 0.713015 0.371641 1.547033
v 0.975674 0.437589 1.402032
v 0.835350 0.412343 1.481689
v 1.015002 0.353636 1.359726
v 0.803454 0.315577 1.479809
v 0.906205 0.408119 1.437740
v 0.910273 0.309208 1.413560
v 0.645149 0.466789 1.598104
v 0.638292 0.587165 1.639699
v 0.628532 0.588564 1.634929
v 0.654593 0.467707 1.603585
v 0.666930 0.709361 1.649132
v 0.704704 0.368859 1.540449
v 0.657725 0.713125 1.644543
v 0.713015 0.371641 1.547033
v 0.727681 0.818942 1.625300
v 0.796897 0.311706 1.471938
v 0.735555 0.813164 1.630257
v 0.803454 0.315577 1.479809
v 0.826303 0.887711 1.580513
v 0.905790 0.305213 1.404400
v 0.832300 0.880616 1.586326
v 0.910273 0.309208 1.413560
v 0.936540 0.907542 1.517943
v 1.015002 0.353636 1.359726
v 0.940438 0.900073 1.524948
v 1.012554 0.350504 1.349522
v 1.041276 0.868155 1.456719
v 1.099540 0.441179 1.327621
v 1.039329 0.875015 1.448396
v 1.098726 0.439746 1.316790
v 1.117363 0.790395 1.393452
v 1.149255 0.556701 1.322795
v 1.116897 0.795740 1.383894
v 1.149403 0.557508 1.311865
v 1.155558 0.680224 1.346078
v 1.155839 0.683428 1.335608
v 0.993098 0.778877 1.466373
v 0.926214 0.800045 1.511626
v 0.901251 0.799052 1.471472
v 0.854484 0.787142 1.552341
v 0.964900 0.778907 1.428406
v 0.832992 0.786768 1.510224
v 1.043574 0.727295 1.424401
v 0.790312 0.742399 1.581478
v 1.012931 0.729821 1.388474
v 0.771923 0.744188 1.537952
v 1.037043 0.660276 1.358567
v 0.744792 0.673545 1.594003
v 1.068908 0.654220 1.392987
v 0.728606 0.678661 1.549863
v 1.033063 0.582305 1.343868
v 0.710529 0.601534 1.543914
v 1.064723 0.572284 1.377533
v 0.725796 0.592492 1.587749
v 1.031747 0.495657 1.380736
v 0.720819 0.526130 1.521113
v 1.001677 0.509385 1.346916
v 0.736609 0.513254 1.563792
v 0.975674 0.437589 1.402032
v 0.775360 0.449532 1.526269
v 0.948319 0.454124 1.367180
v 0.757696 0.465489 1.485408
v 0.906205 0.408119 1.437740
v 0.835350 0.412343 1.481689
v 0.882211 0.426080 1.401163
v 0.814784 0.430100 1.442982
v 1.025030 2.562133 -1.106891
v 1.007211 2.574181 -1.119880
v 1.028809 2.589482 -1.111020
v 1.002806 2.598552 -1.115548
v 1.038453 2.574436 -1.089571
v 1.016229 2.610855 -1.098228
v 1.034057 2.598798 -1.085240
v 1.228078 2.378506 -0.975326
v 1.210249 2.390563 -0.988313
v 1.231856 2.405854 -0.979450
v 1.205853 2.414925 -0.983978
v 1.241500 2.390819 -0.958004
v 1.219276 2.427228 -0.966656
v 1.237105 2.415180 -0.953670
v 0.886322 2.390691 -1.301499
v 0.868495 2.402739 -1.314487
v 0.890098 2.418040 -1.305618
v 0.864091 2.427110 -1.310145
v 0.899746 2.402995 -1.284179
v 0.877515 2.439414 -1.292825
v 0.895343 2.427356 -1.279837
v 0.974176 2.147090 -1.302467
v 0.956348 2.159148 -1.315455
v 0.977955 2.174438 -1.306595
v 0.951944 2.183509 -1.311123
v 0.987599 2.159403 -1.285147
v 0.965368 2.195812 -1.293803
v 0.983193 2.183764 -1.280815
v 1.204935 2.126905 -1.086456
v 1.187107 2.138963 -1.099444
v 1.208704 2.154254 -1.090584
v 1.182702 2.163324 -1.095102
v 1.218358 2.139219 -1.069136
v 1.196124 2.175637 -1.077782
v 1.213953 2.163580 -1.064794
v 1.105507 2.613735 -1.013142
v 1.030411 2.539600 -1.111912
v 1.012556 2.638371 -1.094336
v 1.092065 2.523248 -1.058057
v 0.974826 2.522295 -1.171757
v 1.191559 2.542617 -0.955015
v 0.928768 2.612290 -1.184552
v 1.149142 2.476078 -1.019504
v 0.868637 2.539983 -1.268201
v 1.255833 2.437340 -0.930006
v 0.934944 2.474339 -1.227240
v 1.191775 2.406247 -1.002909
v 0.842559 2.433969 -1.330809
v 1.212590 2.325823 -1.011160
v 0.917647 2.404007 -1.268773
v 1.287208 2.316085 -0.942438
v 0.855044 2.312567 -1.361565
v 1.207977 2.248711 -1.042815
v 0.925929 2.323484 -1.289166
v 1.280251 2.199831 -0.990161
v 0.903933 2.196765 -1.355129
v 1.178750 2.188245 -1.092407
v 0.958358 2.246677 -1.284903
v 1.236191 2.108686 -1.064923
v 1.009327 2.186860 -1.256712
v 1.129946 2.154883 -1.151362
v 0.980770 2.106603 -1.312640
v 1.162626 2.058392 -1.153804
v 1.070025 2.154401 -1.209480
v 1.072278 2.057655 -1.241424
v 1.033063 0.582305 1.343868
v 0.720819 0.526130 1.521113
v 0.757696 0.465489 1.485408
v 1.037043 0.660276 1.358567
v 1.001677 0.509385 1.346916
v 0.710529 0.601534 1.543914
v 0.814784 0.430100 1.442982
v 0.948319 0.454124 1.367180
v 0.882211 0.426080 1.401163
v 1.012931 0.729821 1.388474
v 0.728606 0.678661 1.549863
v 0.964900 0.778907 1.428406
v 0.771923 0.744188 1.537952
v 0.901251 0.799052 1.471472
v 0.832992 0.786768 1.510224
v 1.285275 2.313255 -0.932032
v 1.278190 2.194741 -0.980681
v 1.280251 2.199831 -0.990161
v 1.233270 2.101827 -1.056893
v 1.287208 2.316085 -0.942438
v 1.236191 2.108686 -1.064923
v 1.255833 2.437340 -0.930006
v 1.158271 2.050559 -1.147497
v 1.253294 2.436858 -0.919359
v 1.162626 2.058392 -1.153804
v 1.187776 2.544179 -0.944853
v 1.072278 2.057655 -1.241424
v 1.191559 2.542617 -0.955015
v 1.066176 2.049803 -1.236819
v 1.100051 2.616673 -1.004111
v 0.980770 2.106603 -1.312640
v 1.105507 2.613735 -1.013142
v 0.972893 2.099704 -1.309411
v 1.005294 2.641791 -1.086878
v 0.903933 2.196765 -1.355129
v 1.012556 2.638371 -1.094336
v 0.894564 2.191616 -1.352729
v 0.928768 2.612290 -1.184552
v 0.844726 2.309658 -1.359292
v 0.919880 2.615199 -1.178846
v 0.855044 2.312567 -1.361565
v 0.868637 2.539983 -1.268201
v 0.831999 2.433419 -1.327944
v 0.858582 2.541496 -1.264113
v 0.842559 2.433969 -1.330809
v 1.030411 2.539600 -1.111912
v 0.948037 2.502346 -1.138284
v 0.974826 2.522295 -1.171757
v 0.910080 2.456699 -1.191084
v 1.000921 2.518806 -1.081338
v 0.934944 2.474339 -1.227240
v 1.059599 2.503250 -1.030085
v 0.893619 2.389777 -1.230612
v 1.092065 2.523248 -1.058057
v 0.917647 2.404007 -1.268773
v 1.113924 2.458360 -0.993395
v 0.901501 2.313147 -1.250017
v 1.149142 2.476078 -1.019504
v 0.925929 2.323484 -1.289166
v 1.154484 2.391910 -0.977609
v 0.958358 2.246677 -1.284903
v 1.191775 2.406247 -1.002909
v 0.932360 2.240053 -1.245964
v 1.212590 2.325823 -1.011160
v 1.009327 2.186860 -1.256712
v 1.174291 2.315367 -0.985456
v 0.980865 2.183135 -1.219132
v 1.169901 2.241989 -1.015579
v 1.038620 2.152239 -1.174178
v 1.207977 2.248711 -1.042815
v 1.070025 2.154401 -1.209480
v 1.142086 2.184452 -1.062778
v 1.095651 2.152711 -1.118879
v 1.178750 2.188245 -1.092407
v 1.129946 2.154883 -1.151362
v 0.910080 2.456699 -1.191084
v 1.059599 2.503250 -1.030085
v 0.893619 2.389777 -1.230612
v 1.000921 2.518806 -1.081338
v 0.948037 2.502346 -1.138284
v 1.113924 2.458360 -0.993395
v 0.901501 2.313147 -1.250017
v 1.154484 2.391910 -0.977609
v 0.932360 2.240053 -1.245964
v 1.174291 2.315367 -0.985456
v 0.980865 2.183135 -1.219132
v 1.169901 2.241989 -1.015579
v 1.038620 2.152239 -1.174178
v 1.142086 2.184452 -1.062778
v 1.095651 2.152711 -1.118879
v -0.708893 3.083386 -1.111373
v -0.725511 3.094422 -1.096080
v -0.708259 3.111265 -1.110141
v -0.720014 3.116484 -1.085368
v -0.686776 3.094422 -1.115953
v -0.697898 3.127519 -1.089948
v -0.681279 3.116484 -1.105240
v -0.540417 2.915856 -1.300594
v -0.557036 2.926881 -1.285302
v -0.539785 2.943735 -1.299362
v -0.551538 2.948953 -1.274589
v -0.518302 2.926881 -1.305174
v -0.529423 2.959979 -1.279169
v -0.512805 2.948953 -1.294462
v -0.957285 2.929387 -1.078401
v -0.973904 2.940423 -1.063108
v -0.956652 2.957266 -1.077169
v -0.968406 2.962484 -1.052396
v -0.935169 2.940423 -1.082981
v -0.946291 2.973510 -1.056976
v -0.929672 2.962484 -1.072268
v -0.958091 2.708467 -1.213511
v -0.974709 2.719502 -1.198209
v -0.957459 2.736346 -1.212270
v -0.969212 2.741564 -1.187497
v -0.935976 2.719502 -1.218091
v -0.947097 2.752599 -1.192077
v -0.930478 2.741564 -1.207369
v -0.681988 2.688518 -1.367412
v -0.698607 2.699553 -1.352120
v -0.681356 2.716397 -1.366181
v -0.693109 2.721615 -1.341408
v -0.659873 2.699553 -1.371992
v -0.670994 2.732651 -1.345988
v -0.654376 2.721615 -1.361280
v -0.692200 3.152843 -1.079356
v -0.588392 3.129868 -1.146713
v -0.645630 3.048156 -1.167476
v -0.513980 3.064931 -1.224733
v -0.714488 3.063388 -1.122791
v -0.596272 3.005085 -1.219224
v -0.807455 3.129868 -1.034313
v -0.481829 2.969265 -1.299913
v -0.790938 3.048156 -1.092915
v -0.574946 2.941622 -1.269091
v -0.914227 3.064931 -1.019365
v -0.497499 2.859390 -1.359271
v -0.861762 3.005084 -1.082999
v -0.585340 2.868745 -1.308467
v -0.994052 2.969265 -1.037096
v -0.558281 2.754319 -1.392536
v -0.914712 2.941622 -1.094757
v -0.625658 2.799052 -1.330532
v -0.940635 2.868745 -1.126164
v -0.688928 2.744591 -1.331477
v -1.033131 2.859390 -1.084440
v -0.653666 2.672225 -1.393964
v -0.935047 2.799052 -1.171784
v -0.764209 2.714785 -1.311136
v -1.024707 2.754319 -1.153215
v -0.767159 2.627295 -1.363299
v -0.898915 2.744591 -1.223735
v -0.838486 2.714785 -1.273027
v -0.970238 2.672224 -1.231533
v -0.879137 2.627285 -1.305839
v -0.558281 2.754319 -1.392536
v -0.488730 2.854417 -1.354981
v -0.550692 2.747313 -1.388893
v -0.647926 2.663626 -1.390340
v -0.497499 2.859390 -1.359271
v -0.653666 2.672225 -1.393964
v -0.472756 2.966425 -1.294467
v -0.763622 2.617812 -1.359081
v -0.481829 2.969265 -1.299913
v -0.767159 2.627295 -1.363299
v -0.505530 3.063949 -1.217826
v -0.877772 2.617812 -1.300508
v -0.513980 3.064931 -1.224733
v -0.879137 2.627285 -1.305839
v -0.588392 3.129868 -1.146713
v -0.970238 2.672224 -1.231533
v -0.581388 3.130143 -1.138296
v -0.970642 2.663626 -1.224757
v -0.692200 3.152843 -1.079356
v -1.024707 2.754319 -1.153215
v -0.687210 3.153561 -1.069631
v -1.026171 2.747313 -1.144925
v -0.804700 3.130143 -1.023709
v -1.034758 2.854417 -1.074811
v -0.807455 3.129868 -1.034313
v -1.033131 2.859390 -1.084440
v -0.913544 3.063948 -1.008473
v -0.994922 2.966425 -1.026551
v -0.914227 3.064931 -1.019365
v -0.994052 2.969265 -1.037096
v -0.770819 3.018193 -1.062359
v -0.714488 3.063388 -1.122791
v -0.698067 3.032689 -1.090792
v -0.632541 3.018194 -1.133308
v -0.790938 3.048156 -1.092915
v -0.645630 3.048156 -1.167476
v -0.838216 2.977205 -1.052922
v -0.585569 2.977206 -1.182554
v -0.861762 3.005084 -1.082999
v -0.596272 3.005085 -1.219224
v -0.888605 2.916808 -1.064118
v -0.565274 2.916809 -1.230012
v -0.914712 2.941622 -1.094757
v -0.574946 2.941622 -1.269091
v -0.940635 2.868745 -1.126164
v -0.585340 2.868745 -1.308467
v -0.913273 2.847459 -1.093996
v -0.575166 2.847460 -1.267477
v -0.935047 2.799052 -1.171784
v -0.625658 2.799052 -1.330532
v -0.907956 2.781137 -1.137412
v -0.613533 2.781137 -1.288482
v -0.873571 2.729319 -1.186848
v -0.673743 2.729320 -1.289381
v -0.898915 2.744591 -1.223735
v -0.688928 2.744591 -1.331477
v -0.816066 2.700949 -1.233750
v -0.745382 2.700949 -1.270022
v -0.838486 2.714785 -1.273027
v -0.764209 2.714785 -1.311136
v -0.888605 2.916808 -1.064118
v -0.673743 2.729320 -1.289381
v -0.913273 2.847459 -1.093996
v -0.745382 2.700949 -1.270022
v -0.613533 2.781137 -1.288482
v -0.907956 2.781137 -1.137412
v -0.816066 2.700949 -1.233750
v -0.873571 2.729319 -1.186848
v -0.838216 2.977205 -1.052922
v -0.575166 2.847460 -1.267477
v -0.770819 3.018193 -1.062359
v -0.565274 2.916809 -1.230012
v -0.698067 3.032689 -1.090792
v -0.585569 2.977206 -1.182554
v -0.632541 3.018194 -1.133308
v -0.844965 1.923535 1.684645
v -0.824000 1.935288 1.694023
v -0.848453 1.950215 1.694500
v -0.821958 1.960976 1.692753
v -0.863887 1.937470 1.673998
v -0.840880 1.974911 1.682105
v -0.861844 1.963157 1.672718
v -1.076945 1.740311 1.585595
v -1.055981 1.752064 1.594973
v -1.080436 1.766981 1.595450
v -1.053940 1.777752 1.593703
v -1.095868 1.754236 1.574948
v -1.072864 1.791676 1.583055
v -1.093828 1.779923 1.573678
v -0.642954 1.732420 1.802127
v -0.621989 1.744173 1.811505
v -0.646443 1.759090 1.811983
v -0.619947 1.769861 1.810235
v -0.661876 1.746345 1.791480
v -0.638868 1.783785 1.799588
v -0.659832 1.772033 1.790210
v -0.719258 1.478254 1.786816
v -0.698293 1.490007 1.796193
v -0.722746 1.504935 1.796671
v -0.696251 1.515695 1.794923
v -0.738179 1.492189 1.776168
v -0.715173 1.529630 1.784276
v -0.736137 1.517877 1.774899
v -1.010540 1.470845 1.642623
v -0.989576 1.482608 1.652000
v -1.014032 1.497525 1.652468
v -0.987536 1.508286 1.650730
v -1.029464 1.484779 1.631975
v -1.006450 1.522220 1.640083
v -1.027414 1.510467 1.630695
v -0.954454 1.983077 1.626712
v -0.847820 1.899508 1.687182
v -0.839538 2.003654 1.682022
v -0.924045 1.885858 1.650484
v -0.774416 1.877682 1.725629
v -1.053753 1.912568 1.583608
v -0.728876 1.970744 1.739992
v -0.989907 1.839092 1.621902
v -0.641600 1.890045 1.790576
v -1.120261 1.804334 1.560172
v -0.716525 1.824155 1.759191
v -1.034032 1.767296 1.606354
v -0.592803 1.775501 1.825050
v -1.048772 1.682882 1.606541
v -0.684157 1.748172 1.782048
v -1.142488 1.677074 1.560449
v -0.590922 1.646925 1.837432
v -1.031590 1.600443 1.622426
v -0.682909 1.662884 1.790270
v -1.116582 1.552792 1.584397
v -0.636282 1.526544 1.825593
v -0.985446 1.534249 1.651268
v -0.712996 1.583040 1.782415
v -1.047030 1.452989 1.627878
v -0.769217 1.522427 1.759852
v -0.918337 1.495727 1.688073
v -0.721040 1.435173 1.791582
v -0.945848 1.394921 1.683375
v -0.841850 1.491550 1.726487
v -0.830539 1.388622 1.741275
v -1.143678 1.675983 1.549317
v -1.117266 1.549294 1.573732
v -1.116582 1.552792 1.584397
v -1.142488 1.677074 1.560449
v -1.047030 1.452989 1.627878
v -1.120261 1.804334 1.560172
v -1.046359 1.447555 1.618063
v -1.121019 1.805709 1.549036
v -0.943219 1.388357 1.674629
v -1.053753 1.912568 1.583608
v -0.945848 1.394921 1.683375
v -1.053219 1.916047 1.572920
v -0.825673 1.381930 1.733656
v -0.951993 1.987922 1.616858
v -0.830539 1.388622 1.741275
v -0.954454 1.983077 1.626712
v -0.721040 1.435173 1.791582
v -0.834847 2.008902 1.673255
v -0.714048 1.429395 1.784942
v -0.839538 2.003654 1.682022
v -0.636282 1.526544 1.825593
v -0.728876 1.970744 1.739992
v -0.627647 1.522535 1.819614
v -0.722037 1.975353 1.732342
v -0.581407 1.645254 1.831680
v -0.641600 1.890045 1.790576
v -0.590922 1.646925 1.837432
v -0.633069 1.893091 1.783910
v -0.583324 1.776327 1.819052
v -0.592803 1.775501 1.825050
v -0.757670 1.865035 1.681865
v -0.847820 1.899508 1.687182
v -0.827523 1.885809 1.645277
v -0.900060 1.872818 1.610358
v -0.774416 1.877682 1.725629
v -0.924045 1.885858 1.650484
v -0.702579 1.814092 1.713796
v -0.962741 1.828311 1.583147
v -0.716525 1.824155 1.759191
v -0.989907 1.839092 1.621902
v -0.671777 1.741795 1.735549
v -1.034032 1.767296 1.606354
v -0.684157 1.748172 1.782048
v -1.004730 1.759984 1.568353
v -0.670590 1.660634 1.743369
v -1.048772 1.682882 1.606541
v -0.682909 1.662884 1.790270
v -1.018752 1.679659 1.568532
v -0.712996 1.583040 1.782415
v -1.002404 1.601210 1.583649
v -0.699222 1.584641 1.735901
v -1.031590 1.600443 1.622426
v -0.769217 1.522427 1.759852
v -0.958496 1.538219 1.611090
v -0.752723 1.526967 1.714430
v -0.985446 1.534249 1.651268
v -0.841850 1.491550 1.726487
v -0.918337 1.495727 1.688073
v -0.821843 1.497584 1.682669
v -0.894629 1.501554 1.646121
v -1.002404 1.601210 1.583649
v -0.752723 1.526967 1.714430
v -1.018752 1.679659 1.568532
v -0.699222 1.584641 1.735901
v -0.821843 1.497584 1.682669
v -0.958496 1.538219 1.611090
v -0.894629 1.501554 1.646121
v -1.004730 1.759984 1.568353
v -0.670590 1.660634 1.743369
v -0.962741 1.828311 1.583147
v -0.671777 1.741795 1.735549
v -0.900060 1.872818 1.610358
v -0.702579 1.814092 1.713796
v -0.827523 1.885809 1.645277
v -0.757670 1.865035 1.681865
v -1.798815 1.229209 -0.360448
v -1.805522 1.241738 -0.339714
v -1.812554 1.253216 -0.364161
v -1.807592 1.266777 -0.340272
v -1.794168 1.241738 -0.381742
v -1.802954 1.279297 -0.361566
v -1.796238 1.266777 -0.382301
v -1.721476 1.039046 -0.584302
v -1.728183 1.051566 -0.563567
v -1.735225 1.063054 -0.588015
v -1.730252 1.076605 -0.564126
v -1.716829 1.051566 -0.605595
v -1.725615 1.089125 -0.585420
v -1.718898 1.076605 -0.606155
v -1.845918 1.054406 -0.128659
v -1.852635 1.066926 -0.107925
v -1.859668 1.078413 -0.132372
v -1.854705 1.091975 -0.108483
v -1.841281 1.066926 -0.149953
v -1.850058 1.104494 -0.129777
v -1.843351 1.091975 -0.150512
v -1.809300 0.803641 -0.181911
v -1.816007 0.816160 -0.161177
v -1.823049 0.827648 -0.185625
v -1.818077 0.841209 -0.161736
v -1.804653 0.816160 -0.203205
v -1.813439 0.853729 -0.183030
v -1.806723 0.841209 -0.203765
v -1.725039 0.780999 -0.486388
v -1.731755 0.793519 -0.465653
v -1.738788 0.805007 -0.490101
v -1.733825 0.818558 -0.466212
v -1.720402 0.793519 -0.507682
v -1.729178 0.831088 -0.487506
v -1.722471 0.818558 -0.508240
v -1.806712 1.307048 -0.362824
v -1.772449 1.280977 -0.481090
v -1.775596 1.188220 -0.439005
v -1.753943 1.139331 -0.503116
v -1.798325 1.205516 -0.360557
v -1.739803 1.207265 -0.577743
v -1.818185 1.188220 -0.281338
v -1.737099 1.067299 -0.541805
v -1.836658 1.280977 -0.243394
v -1.714422 1.098667 -0.636070
v -1.857123 1.207265 -0.143450
v -1.727991 0.984575 -0.548382
v -1.831756 1.139331 -0.215044
v -1.700681 0.973962 -0.645985
v -1.864555 1.098667 -0.080274
v -1.728178 0.905468 -0.521711
v -1.836694 1.067299 -0.173138
v -1.700969 0.854692 -0.605777
v -1.832132 0.984575 -0.162866
v -1.737640 0.843647 -0.466403
v -1.857678 0.973962 -0.064789
v -1.715222 0.761503 -0.522394
v -1.818867 0.905468 -0.186006
v -1.740991 0.710500 -0.410256
v -1.837678 0.854692 -0.099673
v -1.754732 0.809812 -0.392020
v -1.799183 0.843647 -0.238554
v -1.773814 0.710500 -0.288753
v -1.808020 0.761503 -0.178893
v -1.776503 0.809812 -0.311425
v -1.700969 0.854692 -0.605777
v -1.700681 0.973962 -0.645985
v -1.690210 0.974139 -0.649207
v -1.714422 1.098667 -0.636070
v -1.690499 0.852560 -0.608218
v -1.704214 1.101271 -0.639099
v -1.715222 0.761503 -0.522394
v -1.739803 1.207265 -0.577743
v -1.705040 0.757562 -0.523217
v -1.730094 1.211972 -0.579640
v -1.731306 0.705567 -0.408904
v -1.763379 1.287109 -0.481113
v -1.740991 0.710500 -0.410256
v -1.772449 1.280977 -0.481090
v -1.773814 0.710500 -0.288753
v -1.798295 1.313691 -0.360552
v -1.764763 0.705567 -0.285043
v -1.806712 1.307048 -0.362824
v -1.808020 0.761503 -0.178893
v -1.836658 1.280977 -0.243394
v -1.799623 0.757562 -0.173052
v -1.828826 1.287109 -0.238804
v -1.829865 0.852560 -0.092294
v -1.857123 1.207265 -0.143450
v -1.837678 0.854692 -0.099673
v -1.849692 1.211972 -0.136921
v -1.850260 0.974139 -0.056734
v -1.857269 1.101271 -0.072519
v -1.857678 0.973962 -0.064789
v -1.864555 1.098667 -0.080274
v -1.798325 1.205516 -0.360557
v -1.771906 1.183326 -0.272929
v -1.818185 1.188220 -0.281338
v -1.753007 1.199787 -0.348316
v -1.784823 1.136805 -0.209842
v -1.731378 1.183326 -0.422969
v -1.831756 1.139331 -0.215044
v -1.775596 1.188220 -0.439005
v -1.836694 1.067299 -0.173138
v -1.710773 1.136805 -0.483978
v -1.789517 1.068252 -0.169963
v -1.753943 1.139331 -0.503116
v -1.832132 0.984575 -0.162866
v -1.737099 1.067299 -0.541805
v -1.785177 0.989528 -0.160188
v -1.694744 1.068252 -0.520796
v -1.772548 0.914253 -0.182208
v -1.727991 0.984575 -0.548382
v -1.818867 0.905468 -0.186006
v -1.686074 0.989528 -0.527055
v -1.753830 0.855429 -0.232214
v -1.686255 0.914253 -0.501673
v -1.799183 0.843647 -0.238554
v -1.728178 0.905468 -0.521711
v -1.776503 0.809812 -0.311425
v -1.695255 0.855429 -0.449041
v -1.732243 0.823226 -0.301561
v -1.737640 0.843647 -0.466403
v -1.754732 0.809812 -0.392020
v -1.711520 0.823226 -0.378256
v -1.043196 1.791775 1.392536
v -1.143678 1.675983 1.549317
v -1.121019 1.805709 1.549036
v -1.065855 1.662039 1.392827
v -0.975396 1.902112 1.416430
v -1.039443 1.535359 1.417242
v -1.053219 1.916047 1.572920
v -1.117266 1.549294 1.573732
v -0.951993 1.987922 1.616858
v -0.968536 1.433620 1.461563
v -0.874166 1.973987 1.460368
v -1.046359 1.447555 1.618063
v -0.834847 2.008902 1.673255
v -0.865393 1.374422 1.518129
v -0.757021 1.994958 1.516755
v -0.943219 1.388357 1.674629
v -0.644211 1.961418 1.575852
v -0.747847 1.367995 1.577156
v -0.722037 1.975353 1.732342
v -0.825673 1.381930 1.733656
v -0.555242 1.879147 1.627419
v -0.714048 1.429395 1.784942
v -0.633069 1.893091 1.783910
v -0.636222 1.415460 1.628442
v -0.505498 1.762382 1.662552
v -0.627647 1.522535 1.819614
v -0.583324 1.776327 1.819052
v -0.549821 1.508600 1.663114
v -0.581407 1.645254 1.831680
v -0.503581 1.631310 1.675180
v -1.789517 1.068252 -0.169963
v -1.732243 0.823226 -0.301561
v -1.785177 0.989528 -0.160188
v -1.753830 0.855429 -0.232214
v -1.772548 0.914253 -0.182208
v -1.695255 0.855429 -0.449041
v -1.711520 0.823226 -0.378256
v -1.753007 1.199787 -0.348316
v -1.784823 1.136805 -0.209842
v -1.771906 1.183326 -0.272929
v -1.710773 1.136805 -0.483978
v -1.731378 1.183326 -0.422969
v -1.694744 1.068252 -0.520796
v -1.686255 0.914253 -0.501673
v -1.686074 0.989528 -0.527055
v -1.704214 1.101271 -0.639099
v -1.539915 1.115835 -0.594715
v -1.690210 0.974139 -0.649207
v -1.525900 0.988703 -0.604823
v -1.565794 1.226545 -0.535256
v -1.690499 0.852560 -0.608218
v -1.730094 1.211972 -0.579640
v -1.526200 0.867133 -0.563833
v -1.599069 1.301683 -0.436728
v -1.705040 0.757562 -0.523217
v -1.763379 1.287109 -0.481113
v -1.540731 0.772135 -0.478833
v -1.798295 1.313691 -0.360552
v -1.731306 0.705567 -0.408904
v -1.633996 1.328265 -0.316168
v -1.566997 0.720141 -0.364519
v -1.828826 1.287109 -0.238804
v -1.764763 0.705567 -0.285043
v -1.664526 1.301683 -0.194420
v -1.600463 0.720141 -0.240659
v -1.685383 1.226545 -0.092537
v -1.799623 0.757562 -0.173052
v -1.849692 1.211972 -0.136921
v -1.635324 0.772135 -0.128668
v -1.692960 1.115835 -0.028135
v -1.829865 0.852560 -0.092294
v -1.857269 1.101271 -0.072519
v -1.665565 0.867133 -0.047910
v -1.685951 0.988703 -0.012349
v -1.850260 0.974139 -0.056734
v 0.541403 0.620064 1.491414
v 0.657725 0.713125 1.644543
v 0.570597 0.744630 1.501038
v 0.640553 0.850447 1.481785
v 0.628532 0.588564 1.634929
v 0.727681 0.818942 1.625300
v 0.558021 0.498289 1.454599
v 0.739175 0.919207 1.437009
v 0.645149 0.466789 1.598104
v 0.826303 0.887711 1.580513
v 0.704704 0.368859 1.540449
v 0.849412 0.939047 1.374428
v 0.617575 0.400358 1.396944
v 0.936540 0.907542 1.517943
v 0.796897 0.311706 1.471938
v 1.039329 0.875015 1.448396
v 0.709770 0.343206 1.328424
v 0.952201 0.906510 1.304881
v 0.905790 0.305213 1.404400
v 1.116897 0.795740 1.383894
v 0.818662 0.336713 1.260885
v 1.029766 0.827236 1.240390
v 0.925425 0.382004 1.206007
v 1.155839 0.683428 1.335608
v 1.012554 0.350504 1.349522
v 1.068707 0.714933 1.192094
v 1.011595 0.471246 1.173285
v 1.062282 0.589009 1.168360
v 1.098726 0.439746 1.316790
v 1.149403 0.557508 1.311865
v -0.472756 2.966425 -1.294467
v -0.404307 2.884586 -1.161062
v -0.488730 2.854417 -1.354981
v -0.505530 3.063949 -1.217826
v -0.420282 2.772588 -1.221576
v -0.437082 2.982119 -1.084420
v -0.550692 2.747313 -1.388893
v -0.581388 3.130143 -1.138296
v -0.482243 2.665483 -1.255488
v -0.512939 3.048313 -1.004891
v -0.579478 2.581787 -1.256935
v -0.687210 3.153561 -1.069631
v -0.647926 2.663626 -1.390340
v -0.618762 3.071722 -0.936230
v -0.695174 2.535983 -1.225676
v -0.736252 3.048313 -0.890309
v -0.763622 2.617812 -1.359081
v -0.804700 3.130143 -1.023709
v -0.877772 2.617812 -1.300508
v -0.845096 2.982119 -0.875069
v -0.809325 2.535983 -1.167103
v -0.913544 3.063948 -1.008473
v -0.970642 2.663626 -1.224757
v -0.926472 2.884586 -0.893145
v -0.902194 2.581787 -1.091352
v -0.994922 2.966425 -1.026551
v -1.026171 2.747313 -1.144925
v -1.034758 2.854417 -1.074811
v -0.957723 2.665483 -1.011519
v -0.966311 2.772588 -0.941411
v 1.253294 2.436858 -0.919359
v 1.138197 2.394868 -0.800329
v 1.285275 2.313255 -0.932032
v 1.170178 2.271264 -0.813002
v 1.072680 2.502198 -0.825823
v 1.163094 2.152760 -0.861652
v 1.187776 2.544179 -0.944853
v 1.278190 2.194741 -0.980681
v 1.100051 2.616673 -1.004111
v 1.118164 2.059836 -0.937866
v 0.984955 2.574682 -0.885077
v 1.233270 2.101827 -1.056893
v 1.005294 2.641791 -1.086878
v 1.043174 2.008569 -1.028465
v 0.890196 2.599810 -0.967844
v 1.158271 2.050559 -1.147497
v 0.804783 2.573218 -1.059813
v 1.066176 2.049803 -1.236819
v 0.919880 2.615199 -1.178846
v 0.951075 2.007822 -1.117786
v 0.743485 2.499516 -1.145081
v 0.972893 2.099704 -1.309411
v 0.858582 2.541496 -1.264113
v 0.857797 2.057713 -1.190388
v 0.716902 2.391438 -1.208912
v 0.779466 2.149635 -1.233706
v 0.831999 2.433419 -1.327944
v 0.894564 2.191616 -1.352729
v 0.729630 2.267677 -1.240260
v 0.844726 2.309658 -1.359292
vn 0.0597 0.9982 0.0082
vn -0.7953 0.2067 0.5698
vn 0.9846 0.0903 -0.1495
vn 0.2891 0.2718 0.9179
vn -0.8369 0.2047 -0.5076
vn 0.1741 0.2312 -0.9572
vn 0.0598 0.9982 0.0081
vn 0.4507 0.1882 0.8726
vn 0.0043 0.1635 -0.9865
vn 0.9480 0.2905 -0.1297
vn -0.6058 0.2490 0.7556
vn -0.8761 0.3537 -0.3276
vn 0.0597 0.9982 0.0081
vn -0.9734 0.2274 -0.0273
vn 0.8775 0.1173 0.4651
vn -0.3096 0.3295 0.8919
vn -0.3611 0.1962 -0.9117
vn 0.7114 0.2342 -0.6626
vn -0.3669 0.2385 -0.8992
vn -0.0470 0.2170 0.9750
vn -0.8982 0.4336 0.0721
vn 0.6795 0.1990 -0.7062
vn 0.8847 0.3103 0.3480
vn -0.8030 0.3767 0.4618
vn 0.9834 0.1262 -0.1303
vn 0.2513 0.1781 0.9514
vn 0.2107 0.1421 -0.9672
vn 0.3445 0.3936 0.8523
vn 0.0252 0.2069 -0.9780
vn 0.9802 0.1734 -0.0955
vn -0.6059 0.2494 0.7554
vn -0.9201 0.2516 -0.3002
vn 0.0598 0.9982 0.0082
vn -0.9038 0.4098 -0.1228
vn 0.8644 0.1573 0.4776
vn -0.3636 0.2271 0.9035
vn 0.7481 0.1373 -0.6492
vn -0.2332 0.4601 -0.8567
vn -0.0611 0.2671 0.9617
vn -0.9515 0.3056 0.0342
vn 0.6794 0.1992 -0.7062
vn 0.8972 0.1939 0.3967
vn -0.0290 0.9982 0.0528
vn -0.2467 0.2067 -0.9468
vn -0.2135 0.0903 0.9728
vn -0.9605 0.2718 -0.0593
vn 0.7740 0.2047 -0.5992
vn 0.8311 0.2312 0.5058
vn -0.0290 0.9982 0.0529
vn -0.9762 0.1882 0.1078
vn 0.9194 0.1635 0.3578
vn -0.2189 0.2905 0.9315
vn -0.4881 0.2490 -0.8365
vn 0.6200 0.3537 -0.7004
vn 0.3746 0.2274 -0.8989
vn -0.7488 0.1173 0.6523
vn -0.7216 0.3295 -0.6089
vn 0.9805 0.1962 -0.0101
vn 0.3634 0.2342 0.9017
vn 0.9709 0.2385 -0.0200
vn -0.8933 0.2170 -0.3936
vn 0.2548 0.4336 -0.8643
vn 0.4155 0.1990 0.8875
vn -0.6421 0.3103 0.7010
vn -0.0291 0.9982 0.0529
vn -0.1431 0.3767 -0.9152
vn -0.2310 0.1262 0.9647
vn -0.9782 0.1781 -0.1066
vn 0.7739 0.2047 -0.5993
vn 0.8273 0.1421 0.5435
vn -0.9191 0.3936 0.0159
vn 0.9040 0.2069 0.3743
vn -0.2624 0.1734 0.9493
vn -0.4879 0.2494 -0.8365
vn 0.6102 0.2516 -0.7512
vn 0.4388 0.4098 -0.7997
vn -0.7558 0.1573 0.6356
vn -0.7130 0.2271 -0.6634
vn 0.3377 0.1373 0.9312
vn -0.0289 0.9982 0.0529
vn 0.8833 0.4601 0.0895
vn -0.8758 0.2671 -0.4019
vn 0.3093 0.3056 -0.9005
vn 0.4155 0.1992 0.8875
vn -0.6921 0.1939 0.6953
vn 0.0683 0.9955 -0.0660
vn 0.8760 0.1348 0.4631
vn -0.5566 0.1322 -0.8202
vn 0.7188 0.2040 -0.6646
vn -0.0703 0.2202 0.9729
vn -0.9126 0.3145 0.2611
vn 0.6003 0.1293 -0.7893
vn -0.8706 0.2442 0.4272
vn -0.5054 0.3289 -0.7977
vn 0.9630 0.1674 0.2110
vn 0.1210 0.3526 0.9279
vn 0.4212 0.1991 0.8848
vn 0.0426 0.1053 -0.9935
vn 0.9625 0.2454 -0.1157
vn -0.6409 0.2595 0.7225
vn -0.8838 0.3095 -0.3510
vn -0.6234 0.3004 0.7219
vn 0.9122 0.1344 -0.3871
vn 0.4953 0.3987 0.7718
vn -0.9119 0.2771 -0.3029
vn -0.0484 0.3073 -0.9504
vn 0.0683 0.9955 -0.0661
vn 0.7975 0.3128 0.5159
vn -0.5358 0.1663 -0.8278
vn 0.7571 0.1067 -0.6445
vn -0.9454 0.2276 0.2334
vn 0.0682 0.9955 -0.0660
vn 0.6465 0.3324 -0.6867
vn -0.8683 0.2874 0.4043
vn -0.4991 0.2104 -0.8406
vn 0.9629 0.1678 0.2112
vn 0.1557 0.2474 0.9563
vn 0.3213 0.3909 0.8626
vn 0.0631 0.1437 -0.9876
vn 0.9875 0.1408 -0.0713
vn -0.6408 0.2595 0.7225
vn -0.8963 0.2130 -0.3890
vn -0.6245 0.5218 0.5811
vn 0.9108 0.1850 -0.3691
vn 0.4735 0.2726 0.8375
vn -0.9118 0.2773 -0.3028
vn -0.0205 0.1878 -0.9820
vn -0.0490 0.9982 0.0351
vn 0.1858 0.2067 -0.9606
vn -0.6122 0.0903 0.7855
vn -0.8410 0.2718 -0.4678
vn 0.9567 0.2047 -0.2068
vn 0.5316 0.2312 0.8148
vn -0.0490 0.9982 0.0352
vn -0.9272 0.1882 -0.3239
vn 0.6751 0.1635 0.7194
vn -0.5993 0.2905 0.7460
vn -0.0795 0.2490 -0.9652
vn 0.8614 0.3537 -0.3645
vn -0.0489 0.9982 0.0352
vn 0.7256 0.2274 -0.6494
vn -0.9569 0.1173 0.2655
vn -0.3884 0.3295 -0.8606
vn 0.8890 0.1962 0.4138
vn -0.0611 0.2342 0.9703
vn 0.8846 0.2385 0.4007
vn -0.6362 0.2170 -0.7404
vn 0.6027 0.4336 -0.6699
vn -0.0080 0.1990 0.9800
vn -0.8817 0.3103 0.3555
vn -0.0489 0.9982 0.0351
vn 0.2657 0.3767 -0.8874
vn -0.6245 0.1262 0.7707
vn -0.8366 0.1781 -0.5181
vn 0.5120 0.1421 0.8472
vn -0.8361 0.3936 -0.3821
vn 0.6541 0.2069 0.7276
vn -0.6462 0.1734 0.7432
vn -0.0794 0.2494 -0.9652
vn 0.8746 0.2516 -0.4145
vn 0.7408 0.4098 -0.5322
vn -0.9560 0.1573 0.2474
vn -0.3571 0.2271 -0.9060
vn -0.0970 0.1373 0.9858
vn 0.7583 0.4601 0.4618
vn -0.6168 0.2671 -0.7404
vn 0.6675 0.3056 -0.6790
vn -0.0079 0.1992 0.9799
vn -0.9243 0.1939 0.3287
vn -0.1607 0.9868 0.0201
vn -0.9323 0.0213 -0.3610
vn 0.6306 0.2373 0.7390
vn -0.6550 0.1784 0.7343
vn -0.0641 0.1619 -0.9847
vn 0.8403 0.3812 -0.3855
vn -0.1606 0.9868 0.0202
vn -0.5161 0.1235 0.8476
vn 0.7868 0.2966 -0.5413
vn 0.5575 0.4264 0.7123
vn -0.9928 0.0619 -0.1024
vn -0.2614 0.2783 -0.9242
vn -0.1606 0.9868 0.0201
vn -0.5377 0.1004 -0.8372
vn 0.0609 0.1655 0.9843
vn -0.9628 0.1608 0.2172
vn 0.5245 0.2709 -0.8072
vn 0.8822 0.4136 0.2250
vn 0.5032 0.3100 -0.8067
vn -0.8708 0.0730 0.4862
vn -0.6181 0.2990 -0.7270
vn 0.9078 0.3808 0.1757
vn 0.1255 0.3719 0.9198
vn -0.8788 0.2020 -0.4324
vn 0.6074 0.2697 0.7472
vn -0.6853 0.0768 0.7242
vn 0.8846 0.2998 -0.3573
vn -0.5940 0.3142 0.7406
vn 0.7828 0.3408 -0.5206
vn 0.5681 0.3108 0.7620
vn -0.9928 0.0623 -0.1026
vn -0.2883 0.1687 -0.9426
vn -0.4557 0.3018 -0.8374
vn 0.0361 0.2013 0.9789
vn -0.9820 0.0516 0.1819
vn 0.5244 0.2710 -0.8072
vn 0.9087 0.3213 0.2664
vn 0.4980 0.5392 -0.6792
vn -0.8766 0.1222 0.4654
vn -0.5913 0.1716 -0.7879
vn 0.9077 0.3810 0.1756
vn 0.1136 0.2526 0.9609
vn -0.0594 0.9982 0.0103
vn 0.5854 0.2067 -0.7839
vn -0.8931 0.0903 0.4407
vn -0.5535 0.2718 -0.7873
vn 0.9513 0.2047 0.2303
vn 0.1239 0.2312 0.9650
vn -0.0594 0.9982 0.0104
vn -0.6938 0.1882 -0.6952
vn 0.2946 0.1635 0.9415
vn -0.8643 0.2905 0.4107
vn 0.3486 0.2490 -0.9036
vn 0.9342 0.3537 0.0469
vn 0.9360 0.2274 -0.2688
vn -0.9771 0.1173 -0.1775
vn 0.0249 0.3295 -0.9438
vn 0.6202 0.1962 0.7595
vn -0.4774 0.2342 0.8469
vn 0.6220 0.2385 0.7458
vn -0.2505 0.2170 -0.9435
vn 0.8342 0.4336 -0.3407
vn -0.4338 0.1990 0.8788
vn -0.9485 0.3103 -0.0638
vn -0.0595 0.9982 0.0104
vn -0.0593 0.9982 0.0103
vn 0.6255 0.3767 -0.6833
vn -0.8978 0.1262 0.4220
vn -0.5276 0.1781 -0.8306
vn 0.9514 0.2047 0.2303
vn 0.0921 0.1421 0.9856
vn -0.5864 0.3936 -0.7079
vn 0.2722 0.2069 0.9397
vn -0.9053 0.1734 0.3878
vn 0.3487 0.2494 -0.9035
vn 0.9678 0.2516 0.0075
vn -0.0595 0.9982 0.0103
vn 0.8986 0.4098 -0.1567
vn -0.9684 0.1573 -0.1934
vn 0.0729 0.2271 -0.9711
vn -0.5164 0.1373 0.8453
vn 0.4817 0.4601 0.7458
vn -0.2330 0.2671 -0.9351
vn 0.8965 0.3056 -0.3207
vn -0.4337 0.1992 0.8788
vn -0.9752 0.1939 -0.1064
vn -0.0064 0.9982 -0.0599
vn 0.7437 0.2067 0.6358
vn -0.3809 0.0903 -0.9202
vn 0.8220 0.2718 -0.5004
vn -0.2924 0.2047 0.9341
vn -0.9710 0.2312 0.0601
vn -0.0064 0.9982 -0.0600
vn 0.7394 0.1882 -0.6465
vn -0.9589 0.1635 0.2320
vn -0.3529 0.2905 -0.8894
vn 0.8787 0.2490 0.4073
vn -0.1083 0.3537 0.9291
vn 0.2066 0.2274 0.9516
vn 0.2414 0.1173 -0.9633
vn 0.9401 0.3295 0.0870
vn -0.7987 0.1962 0.5688
vn -0.8136 0.2342 -0.5321
vn -0.7852 0.2385 0.5715
vn 0.9579 0.2170 -0.1878
vn 0.2851 0.4336 0.8548
vn -0.8483 0.1990 -0.4907
vn 0.1261 0.3103 -0.9423
vn 0.6406 0.3767 0.6691
vn -0.3620 0.1262 -0.9236
vn 0.8636 0.1781 -0.4717
vn -0.9895 0.1421 0.0270
vn -0.0065 0.9982 -0.0600
vn 0.7450 0.3936 -0.5385
vn -0.9556 0.2069 0.2097
vn -0.3274 0.1734 -0.9289
vn 0.8785 0.2494 0.4074
vn -0.0712 0.2516 0.9652
vn -0.0065 0.9982 -0.0599
vn 0.0972 0.4098 0.9070
vn 0.2568 0.1573 -0.9536
vn 0.9642 0.2271 0.1367
vn -0.7987 0.1962 0.5689
vn -0.8094 0.1373 -0.5710
vn -0.7759 0.4601 0.4315
vn 0.9484 0.2671 -0.1709
vn 0.2610 0.3056 0.9157
vn -0.8483 0.1992 -0.4906
vn 0.1704 0.1939 -0.9661
vn -0.5203 -0.2361 -0.8207
vn -0.5440 -0.2362 -0.8051
vn -0.5288 -0.2127 -0.8217
vn -0.5749 -0.1888 -0.7962
vn -0.6162 -0.2371 -0.7511
vn -0.5360 -0.1180 -0.8360
vn -0.5584 -0.2829 -0.7798
vn -0.4887 -0.1887 -0.8518
vn -0.5205 -0.2598 -0.8134
vn -0.5050 -0.3468 -0.7904
vn -0.4751 -0.2846 -0.8326
vn -0.4994 -0.2374 -0.8332
vn -0.4251 -0.2354 -0.8740
vn 0.0104 -0.2369 0.9715
vn 0.0340 -0.2369 0.9709
vn 0.0104 -0.2127 0.9771
vn 0.0576 -0.1883 0.9804
vn 0.1202 -0.2355 0.9644
vn 0.0106 -0.1182 0.9929
vn 0.0573 -0.2827 0.9575
vn -0.0366 -0.1883 0.9814
vn 0.0103 -0.2591 0.9658
vn 0.0100 -0.3468 0.9379
vn -0.0369 -0.2827 0.9585
vn -0.0133 -0.2369 0.9714
vn -0.0996 -0.2355 0.9667
vn -0.8468 0.1966 -0.4943
vn -0.4814 0.4497 -0.7523
vn -0.5384 -0.0711 -0.8397
vn -0.0971 0.1969 -0.9756
vn -0.8247 -0.3231 -0.4641
vn -0.0731 -0.3226 -0.9437
vn -0.4409 -0.5754 -0.6889
vn -0.5384 -0.0712 -0.8397
vn -0.4814 0.4498 -0.7522
vn -0.0730 -0.3227 -0.9437
vn -0.4885 0.4173 -0.7664
vn -0.0969 0.1651 -0.9815
vn -0.5361 -0.1100 -0.8370
vn -0.0649 -0.3532 -0.9333
vn -0.4309 -0.6042 -0.6703
vn -0.8538 0.1650 -0.4937
vn -0.8218 -0.3535 -0.4469
vn -0.8461 -0.0079 -0.5329
vn -0.5216 0.2525 -0.8150
vn -0.5204 -0.2835 -0.8055
vn -0.1288 -0.0079 -0.9916
vn -0.7698 -0.4892 -0.4100
vn -0.0486 -0.4873 -0.8719
vn -0.3598 -0.7388 -0.5699
vn -0.5215 0.2525 -0.8150
vn -0.8461 -0.0079 -0.5330
vn -0.3666 -0.7367 -0.5682
vn -0.8536 0.1414 -0.5014
vn -0.4947 0.4001 -0.7715
vn -0.5355 -0.1257 -0.8352
vn -0.0973 0.1420 -0.9851
vn -0.8169 -0.3627 -0.4486
vn -0.0651 -0.3626 -0.9296
vn -0.4247 -0.6225 -0.6574
vn -0.0651 -0.3627 -0.9296
vn -0.8169 -0.3626 -0.4486
vn -0.8586 0.0237 -0.5121
vn -0.5183 0.2744 -0.8099
vn -0.5205 -0.2599 -0.8133
vn -0.1054 0.0237 -0.9941
vn -0.7845 -0.4728 -0.4014
vn -0.0330 -0.4721 -0.8809
vn -0.3744 -0.7206 -0.5835
vn -0.5183 0.2745 -0.8099
vn -0.8586 0.0237 -0.5122
vn -0.3761 -0.7240 -0.5783
vn -0.5206 -0.2597 -0.8134
vn -0.3765 -0.7168 -0.5868
vn -0.5216 0.2762 -0.8073
vn -0.0331 -0.4721 -0.8809
vn -0.3765 -0.7169 -0.5868
vn -0.8566 0.0710 -0.5110
vn -0.5117 0.3223 -0.7964
vn -0.5288 -0.2127 -0.8216
vn -0.1052 0.0708 -0.9919
vn -0.7995 -0.4329 -0.4165
vn -0.0488 -0.4311 -0.9010
vn -0.3915 -0.6833 -0.6163
vn -0.1052 0.0709 -0.9919
vn -0.5116 0.3224 -0.7964
vn -0.5045 -0.1415 -0.8517
vn -0.5201 -0.1336 -0.8436
vn -0.5199 -0.1336 -0.8437
vn -0.5354 -0.1258 -0.8352
vn -0.4974 -0.1575 -0.8531
vn -0.5349 -0.1335 -0.8343
vn -0.5495 -0.1332 -0.8248
vn -0.4979 -0.1892 -0.8463
vn -0.5530 -0.1341 -0.8223
vn -0.5614 -0.1421 -0.8152
vn -0.4902 -0.2367 -0.8389
vn -0.5656 -0.1568 -0.8097
vn -0.4895 -0.2678 -0.8299
vn -0.5655 -0.1569 -0.8097
vn -0.4915 -0.2770 -0.8257
vn -0.4915 -0.2769 -0.8256
vn -0.5606 -0.1893 -0.8062
vn -0.5606 -0.1892 -0.8062
vn -0.5530 -0.2367 -0.7989
vn -0.5531 -0.2367 -0.7988
vn -0.5430 -0.2673 -0.7960
vn -0.5452 -0.2762 -0.7915
vn 0.6252 0.5756 -0.5271
vn 0.2946 0.8800 -0.3725
vn 0.7814 0.2598 -0.5674
vn 0.2875 0.8821 -0.3733
vn -0.0961 0.9842 -0.1486
vn 0.8296 0.0788 -0.5527
vn -0.0961 0.9842 -0.1485
vn -0.4625 0.8801 0.1071
vn 0.8441 -0.0000 -0.5362
vn -0.7427 0.5735 0.3458
vn 0.8403 -0.0235 -0.5417
vn 0.8380 -0.0237 -0.5452
vn 0.8339 -0.0393 -0.5505
vn 0.8339 -0.0392 -0.5505
vn -0.8426 0.2590 0.4721
vn -0.8486 0.0791 0.5232
vn -0.8486 0.0791 0.5231
vn -0.8382 -0.0000 0.5454
vn -0.8438 -0.0236 0.5361
vn -0.8439 -0.0236 0.5361
vn -0.8470 -0.0395 0.5301
vn -0.9185 -0.2920 -0.2665
vn -0.9499 -0.1973 -0.2425
vn -0.9548 -0.1732 -0.2416
vn -0.9087 -0.3151 -0.2738
vn -0.9548 -0.1731 -0.2416
vn -0.8054 -0.4874 -0.3373
vn -0.9573 -0.1578 -0.2423
vn -0.7852 -0.5130 -0.3468
vn -0.9573 -0.1578 -0.2422
vn -0.9609 -0.1493 -0.2333
vn -0.9609 -0.1492 -0.2332
vn -0.5937 -0.6514 -0.4724
vn -0.5782 -0.6594 -0.4805
vn -0.3837 -0.7076 -0.5934
vn -0.3837 -0.7075 -0.5934
vn -0.1807 -0.6519 -0.7364
vn -0.1883 -0.6592 -0.7280
vn 0.0145 -0.5120 -0.8588
vn 0.0299 -0.4873 -0.8727
vn 0.1319 -0.3154 -0.9397
vn 0.1472 -0.2910 -0.9453
vn 0.1790 -0.1971 -0.9639
vn 0.1789 -0.1971 -0.9639
vn 0.1783 -0.1729 -0.9687
vn 0.1788 -0.1576 -0.9712
vn 0.1863 -0.1574 -0.9698
vn 0.1866 -0.1497 -0.9710
vn -0.5301 -0.1658 -0.8315
vn -0.5271 -0.1963 -0.8268
vn -0.5302 -0.1659 -0.8315
vn -0.5195 -0.2671 -0.8117
vn -0.5194 -0.2672 -0.8117
vn -0.5194 -0.2671 -0.8117
vn -0.5293 -0.2366 -0.8147
vn -0.5294 -0.2366 -0.8147
vn -0.5305 -0.1976 -0.8243
vn -0.5272 -0.1963 -0.8268
vn -0.5193 -0.2435 -0.8192
vn -0.5183 -0.2745 -0.8099
vn -0.7833 -0.2683 0.5608
vn -0.6091 -0.6067 0.5108
vn -0.6091 -0.6066 0.5108
vn -0.2883 -0.8846 0.3664
vn -0.8369 -0.0551 0.5445
vn 0.0883 -0.9861 0.1411
vn -0.8441 -0.0000 0.5362
vn -0.8441 0.0079 0.5362
vn -0.8434 0.0393 0.5358
vn 0.7202 -0.6058 -0.3381
vn 0.8354 -0.2671 -0.4803
vn 0.8354 -0.2672 -0.4803
vn 0.4501 -0.8865 -0.1078
vn 0.8464 -0.0552 -0.5297
vn 0.4501 -0.8865 -0.1077
vn 0.8441 0.0079 -0.5362
vn 0.8376 0.0394 -0.5449
vn 0.8375 0.0394 -0.5449
vn -0.3862 0.6962 -0.6051
vn -0.3863 0.6961 -0.6051
vn -0.3863 0.6962 -0.6051
vn 0.4572 0.1965 0.8674
vn 0.0095 0.4505 0.8927
vn 0.0107 -0.0707 0.9974
vn -0.4386 0.1964 0.8770
vn 0.4572 -0.3225 0.8288
vn -0.4394 -0.3225 0.8384
vn 0.0087 -0.5745 0.8184
vn 0.0106 -0.0707 0.9974
vn 0.4572 0.1964 0.8674
vn 0.4572 -0.3225 0.8289
vn 0.0097 0.4186 0.9081
vn -0.4411 0.1659 0.8820
vn 0.0106 -0.1104 0.9938
vn -0.4406 -0.3548 0.8246
vn 0.0085 -0.6061 0.7953
vn 0.4598 0.1659 0.8724
vn 0.4581 -0.3548 0.8150
vn 0.4347 -0.0078 0.9005
vn 0.0103 0.2518 0.9677
vn 0.0102 -0.2833 0.9590
vn -0.4154 -0.0078 0.9096
vn 0.4328 -0.4876 0.7583
vn -0.4165 -0.4876 0.7673
vn 0.0072 -0.7378 0.6750
vn 0.4584 0.1418 0.8774
vn 0.0098 0.4024 0.9154
vn 0.0106 -0.1260 0.9920
vn -0.4395 0.1418 0.8870
vn 0.4568 -0.3616 0.8127
vn -0.4393 -0.3616 0.8223
vn 0.0084 -0.6203 0.7843
vn 0.0098 0.4025 0.9154
vn 0.0084 -0.6199 0.7846
vn 0.4566 0.0235 0.8894
vn 0.0103 0.2758 0.9612
vn -0.4375 0.0235 0.8989
vn 0.4551 -0.4706 0.7559
vn -0.4389 -0.4706 0.7655
vn 0.0074 -0.7227 0.6911
vn 0.0074 -0.7226 0.6913
vn 0.4566 0.0236 0.8894
vn 0.0103 0.2756 0.9612
vn 0.0074 -0.7188 0.6952
vn 0.0103 -0.2588 0.9659
vn -0.4388 -0.4706 0.7655
vn 0.0074 -0.7189 0.6951
vn 0.4587 0.0709 0.8857
vn 0.0101 0.3234 0.9462
vn -0.4397 0.0710 0.8954
vn 0.4551 -0.4311 0.7791
vn -0.4384 -0.4311 0.7886
vn 0.0078 -0.6832 0.7302
vn -0.4397 0.0709 0.8953
vn 0.0104 -0.2128 0.9770
vn 0.4587 0.0710 0.8858
vn -0.4383 -0.4311 0.7887
vn -0.0208 -0.1413 0.9897
vn -0.0051 -0.1337 0.9910
vn -0.0208 -0.1414 0.9897
vn -0.0289 -0.1579 0.9870
vn 0.0106 -0.1337 0.9910
vn 0.0263 -0.1337 0.9907
vn -0.0288 -0.1884 0.9817
vn 0.0420 -0.1413 0.9891
vn -0.0290 -0.2368 0.9711
vn 0.0420 -0.1414 0.9891
vn -0.0291 -0.2368 0.9711
vn 0.0500 -0.1578 0.9862
vn -0.0213 -0.2683 0.9631
vn 0.0500 -0.1579 0.9862
vn -0.0212 -0.2756 0.9610
vn 0.0497 -0.1884 0.9808
vn 0.0498 -0.2368 0.9703
vn 0.0419 -0.2683 0.9624
vn 0.0418 -0.2683 0.9624
vn 0.0418 -0.2756 0.9604
vn -0.8096 0.5748 0.1189
vn -0.4462 0.8801 0.1620
vn -0.9632 0.2608 0.0657
vn 0.0019 0.9835 0.1809
vn -0.9966 0.0785 0.0263
vn 0.4496 0.8801 0.1524
vn -1.0000 -0.0000 0.0028
vn 0.8120 0.5747 0.1015
vn -0.9997 -0.0236 0.0107
vn 0.8120 0.5748 0.1015
vn -0.9991 -0.0393 0.0186
vn -0.9991 -0.0393 0.0185
vn 0.9644 0.2608 0.0450
vn 0.9643 0.2608 0.0451
vn 0.9969 0.0785 0.0050
vn 0.9998 -0.0000 -0.0186
vn 0.9998 -0.0000 -0.0185
vn 0.9997 -0.0236 -0.0107
vn 0.9992 -0.0393 -0.0028
vn 0.6391 -0.2920 0.7115
vn 0.6769 -0.1968 0.7093
vn 0.6841 -0.1731 0.7086
vn 0.6298 -0.3150 0.7100
vn 0.5042 -0.4887 0.7120
vn 0.6859 -0.1577 0.7104
vn 0.4804 -0.5122 0.7120
vn 0.6909 -0.1492 0.7074
vn 0.2517 -0.6535 0.7138
vn 0.2356 -0.6604 0.7130
vn 0.0076 -0.7071 0.7071
vn -0.2364 -0.6535 0.7191
vn -0.2203 -0.6604 0.7178
vn -0.4651 -0.5122 0.7221
vn -0.4889 -0.4887 0.7226
vn -0.6145 -0.3150 0.7233
vn -0.6237 -0.2920 0.7250
vn -0.6615 -0.1968 0.7236
vn -0.6616 -0.1968 0.7236
vn -0.6688 -0.1731 0.7230
vn -0.6706 -0.1577 0.7249
vn -0.6705 -0.1577 0.7249
vn -0.6756 -0.1492 0.7220
vn 0.0105 -0.1657 0.9861
vn 0.0105 -0.1961 0.9805
vn 0.0104 -0.2370 0.9715
vn 0.0103 -0.2592 0.9658
vn 0.0103 -0.2684 0.9632
vn 0.0104 -0.2444 0.9696
vn 0.0103 -0.2684 0.9633
vn 0.0103 -0.2757 0.9612
vn 0.9617 -0.2682 -0.0576
vn 0.7870 -0.6069 -0.1109
vn 0.9617 -0.2681 -0.0577
vn 0.4405 -0.8843 -0.1547
vn 0.9983 -0.0550 -0.0185
vn -0.0018 -0.9862 -0.1657
vn -0.0018 -0.9862 -0.1656
vn 0.9999 -0.0000 -0.0107
vn 0.9999 0.0079 -0.0107
vn 0.9992 0.0393 -0.0028
vn 0.9992 0.0393 -0.0029
vn 0.9992 0.0394 -0.0107
vn -0.7892 -0.6069 -0.0940
vn -0.9627 -0.2682 -0.0371
vn -0.4437 -0.8843 -0.1453
vn -0.9985 -0.0550 0.0028
vn -0.4438 -0.8843 -0.1453
vn -0.9999 -0.0000 0.0107
vn -0.9999 0.0079 0.0107
vn -0.9991 0.0393 0.0185
vn -0.9992 0.0394 0.0107
vn 0.0077 0.6951 0.7189
vn 0.0077 0.6954 0.7186
vn -0.7638 0.3846 0.5184
vn -0.9005 0.2124 0.3794
vn -0.8059 0.2128 0.5524
vn -0.9757 0.0710 0.2075
vn -0.9187 0.0710 0.3885
vn -0.9974 0.0707 0.0106
vn -0.9992 -0.0394 0.0107
vn -0.9774 -0.0395 0.2079
vn -0.9816 -0.0395 -0.1870
vn -0.9175 -0.0394 0.3958
vn -0.8240 0.0712 0.5622
vn -0.9115 -0.1343 0.3887
vn -0.9689 -0.1342 0.2077
vn -0.9909 -0.1339 0.0103
vn -0.8818 -0.2822 0.3779
vn -0.8217 -0.0394 0.5685
vn -0.8187 -0.1336 0.5585
vn -0.7897 -0.2835 0.5440
vn -0.7651 -0.3696 0.5272
vn -0.8548 -0.3702 0.3637
vn -0.6494 -0.3717 0.6634
vn -0.9387 -0.2822 0.1982
vn -0.9095 -0.3694 0.1905
vn -0.9591 -0.2830 0.0102
vn -0.9289 -0.3703 0.0100
vn -0.9134 -0.3693 -0.1710
vn -0.9427 -0.2822 -0.1780
vn -0.8624 -0.3702 -0.3453
vn -0.9732 -0.1342 -0.1870
vn -0.8897 -0.2822 -0.3589
vn -0.7793 -0.3711 -0.5050
vn -0.8012 -0.2835 -0.5270
vn -0.6633 -0.3716 -0.6495
vn -0.9197 -0.1341 -0.3691
vn -0.6852 -0.2838 -0.6707
vn -0.5440 -0.2835 -0.7897
vn -0.5215 -0.3711 -0.7683
vn -0.5585 -0.1335 -0.8187
vn -0.8304 -0.1334 -0.5409
vn -0.7082 -0.1338 -0.6932
vn -0.5683 -0.0473 -0.8214
vn -0.9284 -0.0395 -0.3694
vn -0.8397 -0.0393 -0.5417
vn -0.7141 -0.0392 -0.6990
vn -0.5625 0.0633 -0.8244
vn -0.9799 0.0709 -0.1867
vn -0.9608 0.2122 -0.1784
vn -0.9268 0.0710 -0.3687
vn -0.9084 0.2124 -0.3600
vn -0.8552 0.3863 -0.3456
vn -0.7132 0.0627 -0.6981
vn -0.8358 0.0711 -0.5444
vn -0.6984 0.2121 -0.6836
vn -0.5525 0.2128 -0.8059
vn -0.8176 0.2128 -0.5351
vn -0.6595 0.3852 -0.6455
vn -0.5184 0.3846 -0.7637
vn -0.7746 0.3846 -0.5020
vn -0.7226 0.6912 0.0077
vn -0.5354 0.8365 0.1162
vn -0.5454 0.8382 0.0058
vn -0.5729 0.8102 0.1241
vn -0.7062 0.6921 0.1491
vn -0.5378 0.8365 -0.1047
vn -0.6649 0.6915 0.2822
vn -0.8346 0.5507 0.0089
vn -0.7093 0.6921 -0.1340
vn -0.5754 0.8102 -0.1118
vn -0.8164 0.5507 0.1740
vn -0.8199 0.5507 -0.1565
vn -0.6708 0.6915 -0.2679
vn -0.9223 0.3863 0.0099
vn -0.7737 0.5502 -0.3140
vn -0.5072 0.8364 -0.2076
vn -0.6028 0.6931 -0.3953
vn -0.9067 0.3855 -0.1713
vn -0.9770 0.2128 0.0104
vn -0.9028 0.3855 0.1906
vn -0.6980 0.5512 -0.4571
vn -0.7668 0.5502 0.3305
vn -0.9568 0.2122 0.1989
vn -0.8476 0.3863 0.3638
vn -0.5943 0.6931 0.4080
vn -0.6880 0.5512 0.4720
vn 0.3280 0.8109 0.4846
vn 0.3049 0.8369 0.4547
vn 0.3910 0.8371 0.3827
vn 0.2109 0.8378 0.5036
vn 0.4080 0.6930 0.5943
vn 0.2822 0.6915 0.6650
vn 0.3305 0.5502 0.7668
vn 0.1740 0.5507 0.8164
vn 0.1491 0.6921 0.7062
vn 0.0089 0.5512 0.8343
vn 0.0099 0.3863 0.9223
vn 0.1906 0.3855 0.9028
vn 0.0104 0.2128 0.9770
vn -0.1565 0.5507 0.8199
vn -0.1339 0.6921 0.7092
vn -0.1713 0.3855 0.9067
vn -0.1784 0.2122 0.9608
vn 0.0107 0.0707 0.9974
vn -0.2679 0.6915 0.6708
vn -0.2001 0.8378 0.5080
vn -0.3953 0.6931 0.6028
vn -0.3140 0.5502 0.7737
vn -0.3456 0.3863 0.8552
vn -0.4571 0.5512 0.6980
vn -0.5053 0.6915 0.5162
vn -0.5839 0.5507 0.5965
vn -0.5020 0.3846 0.7746
vn -0.6455 0.3852 0.6595
vn -0.3600 0.2124 0.9084
vn -0.5351 0.2128 0.8176
vn -0.6836 0.2120 0.6984
vn -0.3687 0.0710 0.9268
vn -0.1867 0.0710 0.9799
vn -0.6978 0.0705 0.7128
vn -0.5444 0.0711 0.8358
vn 0.0107 -0.0550 0.9984
vn 0.1988 -0.0471 0.9789
vn -0.1779 -0.0471 0.9829
vn -0.1948 -0.1262 0.9727
vn -0.3694 -0.0395 0.9284
vn -0.5417 -0.0393 0.8397
vn -0.3592 -0.1413 0.9225
vn -0.6990 -0.0393 0.7141
vn -0.2335 -0.2592 0.9372
vn -0.6932 -0.1339 0.7082
vn -0.5409 -0.1335 0.8304
vn -0.6707 -0.2838 0.6852
vn -0.5270 -0.2835 0.8012
vn -0.5107 -0.3696 0.7762
vn -0.3452 -0.2838 0.8946
vn -0.3300 -0.3629 0.8714
vn -0.2264 -0.3541 0.9074
vn 0.0614 -0.9855 -0.1583
vn 0.0298 -0.9857 -0.1660
vn 0.0298 -0.9857 -0.1659
vn -0.0098 -0.9835 -0.1809
vn -0.0256 -0.9818 -0.1882
vn -0.0495 -0.9792 -0.1969
vn 0.1009 -0.9846 -0.1429
vn 0.1164 -0.9829 -0.1427
vn 0.1398 -0.9809 -0.1349
vn -0.5965 0.5507 -0.5839
vn -0.4720 0.5512 -0.6880
vn -0.4081 0.6931 -0.5942
vn -0.5162 0.6915 -0.5053
vn -0.3049 0.8369 -0.4547
vn -0.3910 0.8371 -0.3827
vn -0.4611 0.8369 -0.2951
vn -0.4204 0.8086 -0.4115
vn -0.3280 0.8109 -0.4846
vn -0.5284 0.6732 -0.5173
vn -0.4175 0.6717 -0.6119
vn -0.6207 0.6718 -0.4043
vn -0.4915 0.8109 -0.3176
vn -0.6889 0.6701 -0.2765
vn -0.5443 0.8090 -0.2220
vn -0.7285 0.6717 -0.1345
vn -0.5886 0.8084 0.0063
vn -0.7417 0.6707 0.0079
vn -0.7255 0.6717 0.1500
vn -0.6828 0.6701 0.2911
vn -0.5395 0.8090 0.2335
vn -0.6119 0.6717 0.4175
vn -0.5027 0.8364 0.2184
vn -0.4846 0.8109 0.3280
vn -0.5173 0.6732 0.5284
vn -0.4546 0.8369 0.3049
vn -0.4116 0.8086 0.4205
vn -0.4043 0.6718 0.6207
vn -0.3827 0.8370 0.3910
vn -0.2951 0.8369 0.4611
vn -0.3176 0.8109 0.4915
vn -0.2765 0.6701 0.6889
vn -0.2219 0.8090 0.5443
vn -0.1118 0.8102 0.5754
vn -0.1345 0.6717 0.7285
vn 0.0063 0.8083 0.5887
vn 0.0079 0.6707 0.7417
vn 0.1500 0.6717 0.7255
vn -0.0970 0.8373 0.5382
vn 0.1241 0.8102 0.5729
vn 0.2911 0.6701 0.6828
vn 0.0058 0.8382 0.5454
vn 0.1162 0.8366 0.5354
vn 0.2335 0.8090 0.5395
vn 0.4175 0.6717 0.6119
vn 0.5284 0.6733 0.5172
vn 0.4205 0.8085 0.4116
vn 0.0077 0.6912 0.7226
vn 0.4915 0.8109 0.3176
vn 0.6207 0.6718 0.4043
vn 0.5443 0.8090 0.2219
vn 0.6888 0.6701 0.2765
vn 0.4611 0.8369 0.2951
vn 0.5754 0.8102 0.1119
vn 0.7285 0.6717 0.1345
vn 0.5072 0.8364 0.2076
vn 0.6028 0.6931 0.3953
vn 0.5886 0.8084 -0.0063
vn 0.7417 0.6707 -0.0079
vn 0.7255 0.6717 -0.1500
vn 0.5729 0.8102 -0.1241
vn 0.6828 0.6701 -0.2911
vn 0.5454 0.8382 -0.0058
vn 0.5378 0.8365 0.1048
vn 0.7092 0.6921 0.1339
vn 0.7226 0.6912 -0.0077
vn 0.5354 0.8365 -0.1162
vn 0.6708 0.6915 0.2679
vn 0.8346 0.5508 -0.0089
vn 0.7063 0.6921 -0.1491
vn 0.8199 0.5507 0.1565
vn 0.8164 0.5507 -0.1739
vn 0.7737 0.5502 0.3140
vn 0.9223 0.3863 -0.0099
vn 0.9067 0.3855 0.1713
vn 0.6980 0.5512 0.4571
vn 0.6649 0.6915 -0.2822
vn 0.8552 0.3863 0.3456
vn 0.5027 0.8364 -0.2184
vn 0.5942 0.6931 -0.4080
vn 0.5395 0.8090 -0.2336
vn 0.4547 0.8368 -0.3049
vn 0.4846 0.8109 -0.3280
vn 0.6120 0.6717 -0.4175
vn 0.4115 0.8086 -0.4204
vn 0.5173 0.6731 -0.5285
vn 0.3827 0.8370 -0.3910
vn 0.3176 0.8109 -0.4915
vn 0.4043 0.6718 -0.6207
vn 0.2951 0.8369 -0.4611
vn 0.5053 0.6916 -0.5162
vn 0.2219 0.8090 -0.5443
vn 0.2765 0.6701 -0.6889
vn 0.2001 0.8378 -0.5080
vn 0.3952 0.6931 -0.6029
vn 0.1118 0.8102 -0.5754
vn 0.1345 0.6717 -0.7285
vn 0.1047 0.8366 -0.5378
vn -0.0063 0.8084 -0.5886
vn -0.0079 0.6707 -0.7417
vn -0.1500 0.6717 -0.7255
vn 0.1339 0.6921 -0.7093
vn -0.1241 0.8102 -0.5729
vn -0.2911 0.6701 -0.6828
vn -0.0058 0.8382 -0.5454
vn -0.1084 0.8372 -0.5360
vn -0.2335 0.8090 -0.5395
vn -0.4175 0.6717 -0.6120
vn -0.2109 0.8378 -0.5036
vn -0.4080 0.6931 -0.5943
vn -0.2822 0.6915 -0.6649
vn -0.1491 0.6921 -0.7063
vn -0.3305 0.5502 -0.7668
vn -0.0077 0.6912 -0.7226
vn -0.1740 0.5507 -0.8164
vn -0.4720 0.5513 -0.6880
vn -0.0089 0.5512 -0.8343
vn -0.3638 0.3863 -0.8476
vn -0.5184 0.3846 -0.7638
vn -0.1906 0.3855 -0.9028
vn -0.0099 0.3863 -0.9223
vn 0.1565 0.5507 -0.8199
vn 0.2679 0.6915 -0.6708
vn 0.3140 0.5502 -0.7737
vn 0.1713 0.3855 -0.9067
vn 0.4572 0.5512 -0.6979
vn -0.0104 0.2128 -0.9770
vn 0.3456 0.3863 -0.8552
vn 0.1784 0.2122 -0.9608
vn -0.1989 0.2122 -0.9568
vn -0.0264 0.1026 -0.9944
vn 0.3668 0.2118 -0.9059
vn -0.3793 0.2124 -0.9006
vn -0.5524 0.2128 -0.8059
vn -0.2225 0.0786 -0.9718
vn -0.3886 0.0631 -0.9193
vn -0.5624 0.0633 -0.8244
vn -0.5683 -0.0473 -0.8215
vn -0.0421 0.0550 -0.9976
vn -0.3957 -0.0472 -0.9172
vn -0.2620 -0.0236 -0.9648
vn -0.3891 -0.1264 -0.9125
vn -0.3002 -0.1255 -0.9456
vn -0.3779 -0.2822 -0.8818
vn -0.2847 -0.2827 -0.9160
vn -0.3636 -0.3702 -0.8548
vn -0.2772 -0.3700 -0.8867
vn 0.1860 0.1100 -0.9764
vn 0.1866 0.0788 -0.9793
vn 0.3674 0.1100 -0.9235
vn 0.3685 0.0788 -0.9263
vn 0.5575 0.1022 -0.8239
vn 0.5739 0.0551 -0.8171
vn 0.5351 0.2128 -0.8176
vn 0.5020 0.3846 -0.7747
vn 0.7092 0.0787 -0.7006
vn 0.7379 -0.0235 -0.6745
vn 0.6836 0.2120 -0.6984
vn 0.6455 0.3852 -0.6595
vn 0.5839 0.5507 -0.5965
vn 0.8203 0.0707 -0.5675
vn 0.8059 0.2128 -0.5524
vn 0.7638 0.3846 -0.5184
vn 0.6880 0.5512 -0.4720
vn 0.8177 -0.0471 -0.5737
vn 0.7585 -0.1263 -0.6393
vn 0.7668 0.5502 -0.3305
vn 0.8476 0.3863 -0.3638
vn 0.9028 0.3855 -0.1906
vn 0.9005 0.2124 -0.3794
vn 0.9568 0.2122 -0.1989
vn 0.9770 0.2128 -0.0104
vn 0.9159 0.0708 -0.3951
vn 0.9772 0.0711 -0.2000
vn 0.9980 0.0629 -0.0107
vn 0.9608 0.2122 0.1784
vn 0.9789 -0.0471 -0.1988
vn 0.9143 -0.0471 -0.4023
vn 0.8125 -0.1338 -0.5674
vn 0.7352 -0.2841 -0.6155
vn 0.9106 -0.1419 -0.3882
vn 0.7897 -0.2835 -0.5440
vn 0.7105 -0.3702 -0.5984
vn 0.7683 -0.3711 -0.5215
vn 0.8818 -0.2822 -0.3778
vn 0.8548 -0.3703 -0.3636
vn 0.9709 -0.1334 -0.1987
vn 0.9377 -0.2843 -0.1995
vn 0.9096 -0.3693 -0.1905
vn 0.9910 -0.1337 -0.0106
vn 0.9591 -0.2830 -0.0102
vn 0.9290 -0.3700 -0.0099
vn 0.9134 -0.3694 0.1710
vn 0.9427 -0.2822 0.1780
vn 0.8623 -0.3703 0.3453
vn 0.9988 -0.0471 -0.0107
vn 0.9731 -0.1342 0.1870
vn 0.8897 -0.2822 0.3589
vn 0.7762 -0.3696 0.5108
vn 0.9799 0.0710 0.1867
vn 0.9816 -0.0395 0.1870
vn 0.9197 -0.1338 0.3691
vn 0.8012 -0.2835 0.5270
vn 0.6634 -0.3717 0.6494
vn 0.9085 0.2124 0.3600
vn 0.9268 0.0710 0.3687
vn 0.9257 -0.0394 0.3761
vn 0.8304 -0.1336 0.5410
vn 0.6852 -0.2838 0.6707
vn 0.8337 -0.0394 0.5508
vn 0.5440 -0.2835 0.7897
vn 0.5272 -0.3696 0.7651
vn 0.7082 -0.1339 0.6932
vn 0.5585 -0.1336 0.8187
vn 0.3643 -0.2838 0.8870
vn 0.3485 -0.3629 0.8642
vn 0.2535 -0.2592 0.9320
vn 0.2458 -0.3541 0.9023
vn 0.3788 -0.1413 0.9146
vn 0.2155 -0.1262 0.9683
vn 0.3891 -0.0395 0.9203
vn 0.5595 -0.0393 0.8279
vn 0.7141 -0.0393 0.6990
vn 0.3951 0.0708 0.9159
vn 0.5621 0.0711 0.8240
vn 0.2075 0.0710 0.9756
vn 0.7129 0.0706 0.6977
vn 0.5524 0.2128 0.8059
vn 0.8358 0.0710 0.5445
vn 0.6984 0.2121 0.6836
vn 0.8176 0.2128 0.5351
vn 0.6595 0.3852 0.6455
vn 0.7747 0.3846 0.5020
vn 0.5965 0.5507 0.5839
vn 0.5184 0.3846 0.7638
vn 0.3860 0.2118 0.8978
vn 0.5162 0.6916 0.5053
vn 0.4720 0.5512 0.6880
vn 0.3638 0.3863 0.8476
vn 0.1989 0.2122 0.9568
vn -0.9022 0.0079 -0.4313
vn -0.9281 0.0474 -0.3692
vn -0.9377 0.0549 -0.3431
vn -0.9538 0.1257 -0.2727
vn -0.9508 0.1580 -0.2663
vn -0.9476 0.1890 -0.2576
vn 0.9326 0.1653 0.3208
vn 0.9224 0.2042 0.3279
vn 0.9380 0.1335 0.3198
vn 0.9224 0.2042 0.3278
vn 0.9602 0.0628 0.2722
vn 0.9646 0.0552 0.2578
vn 0.9775 0.0236 0.2097
vn 0.9775 0.0236 0.2098
vn 0.0703 0.9970 -0.0321
vn 0.0703 0.9970 -0.0322
vn 0.0704 0.9970 -0.0321
vn 0.9247 0.2047 0.3208
vn 0.7887 0.2134 0.5765
vn 0.5890 0.2433 0.7707
vn 0.9538 0.1818 -0.2394
vn 0.0576 0.2921 0.9547
vn 0.8497 0.1804 -0.4954
vn -0.2179 0.2985 0.9292
vn 0.6750 0.1883 -0.7134
vn -0.4794 0.3228 0.8161
vn 0.1629 0.2203 -0.9617
vn -0.8540 0.3386 0.3950
vn -0.9351 0.3305 0.1280
vn -0.1202 0.2355 -0.9644
vn -0.9073 0.3382 -0.2499
vn -0.4649 0.2909 -0.8362
vn -0.7534 0.2910 -0.5897
vn -0.8011 0.0393 -0.5973
vn -0.8010 0.0394 -0.5973
vn -0.8010 0.0393 -0.5973
vn -0.1626 0.9468 0.2778
vn -0.1518 0.9689 -0.1953
vn -0.4472 0.8675 0.2177
vn -0.3337 0.8039 0.4923
vn -0.6783 0.4824 -0.5543
vn -0.4656 0.5908 0.6589
vn -0.6151 0.5737 0.5410
vn -0.5771 0.2373 0.7815
vn -0.8923 0.4417 -0.0930
vn -0.9642 0.0630 -0.2576
vn -0.9865 0.0784 0.1438
vn -0.8770 0.3146 0.3633
vn -0.8932 0.0787 0.4428
vn -0.7174 0.0709 0.6931
vn -0.7191 0.1816 0.6708
vn -0.4016 0.0554 0.9141
vn -0.6528 0.2516 0.7145
vn -0.5993 -0.1421 0.7878
vn -0.4867 0.0630 0.8713
vn -0.0286 0.0314 0.9991
vn -0.6054 -0.0629 0.7934
vn -0.5347 -0.5106 0.6733
vn -0.2096 -0.0471 0.9766
vn 0.3568 -0.0000 0.9342
vn -0.4805 -0.3550 0.8019
vn -0.3871 -0.7997 0.4589
vn 0.1208 -0.1339 0.9836
vn 0.8011 -0.0393 0.5973
vn -0.3313 -0.6534 0.6807
vn -0.0703 -0.9970 0.0321
vn -0.1240 -0.3856 0.9143
vn 0.5122 -0.1966 0.8360
vn -0.0892 -0.8857 0.4556
vn 0.2130 -0.5823 0.7846
vn 0.9285 -0.2824 0.2412
vn 0.7697 -0.2439 0.5899
vn 0.5457 -0.6975 0.4644
vn 0.9525 -0.2681 -0.1442
vn 0.9939 -0.0710 0.0840
vn 0.7635 -0.6451 0.0312
vn 0.1427 -0.9714 0.1900
vn 0.5709 -0.7169 -0.4001
vn 0.3296 -0.9372 -0.1138
vn 0.2638 -0.8754 -0.4050
vn 0.6091 -0.4816 -0.6302
vn 0.4579 -0.6222 -0.6350
vn 0.8700 -0.1813 -0.4586
vn 0.9502 -0.0788 -0.3017
vn 0.5827 -0.2049 -0.7865
vn 0.5660 -0.2754 -0.7770
vn 0.7017 -0.0709 -0.7089
vn 0.7655 -0.0788 -0.6386
vn 0.5180 0.1180 -0.8472
vn 0.6034 0.1019 -0.7909
vn 0.4561 0.0473 -0.8887
vn 0.4713 -0.0631 -0.8797
vn 0.1780 -0.0393 -0.9833
vn 0.1238 0.1974 -0.9725
vn -0.1442 -0.0236 -0.9893
vn 0.3912 0.4624 -0.7957
vn 0.5449 0.4733 -0.6922
vn -0.3080 0.3693 -0.8768
vn -0.5062 0.0079 -0.8624
vn 0.1592 0.7955 -0.5846
vn -0.6782 0.4824 -0.5544
vn 0.4428 0.7160 -0.5398
vn -0.1517 0.9689 -0.1954
vn 0.2950 0.8955 -0.3331
vn -0.0165 -0.9974 -0.0705
vn -0.0704 -0.9972 0.0243
vn -0.2421 -0.9460 0.2154
vn -0.3194 -0.8897 0.3262
vn -0.4536 -0.7513 0.4793
vn -0.5219 -0.6460 0.5571
vn -0.6394 -0.3155 0.7011
vn -0.5819 -0.4555 0.6738
vn -0.6446 0.0629 0.7619
vn -0.6439 -0.0786 0.7610
vn -0.6015 0.3323 0.7265
vn -0.5587 0.4481 0.6979
vn -0.4421 0.6919 0.5708
vn -0.4038 0.7555 0.5159
vn -0.1942 0.9453 0.2620
vn -0.2243 0.9189 0.3244
vn 0.0466 0.9978 -0.0476
vn 0.0082 0.9995 0.0314
vn 0.2797 0.8973 -0.3415
vn 0.2413 0.9365 -0.2544
vn 0.4767 0.6649 -0.5751
vn 0.4194 0.7628 -0.4921
vn 0.5513 0.4799 -0.6825
vn 0.6045 0.3218 -0.7287
vn 0.6283 0.1179 -0.7690
vn 0.6272 -0.0706 -0.7756
vn 0.5502 -0.4476 -0.7049
vn 0.6231 -0.2524 -0.7403
vn 0.3955 -0.7549 -0.5232
vn 0.4953 -0.6116 -0.6169
vn 0.2721 -0.8834 -0.3816
vn 0.1776 -0.9489 -0.2607
vn -0.0005 -0.9989 -0.0472
vn -0.5136 -0.0867 -0.8537
vn -0.8038 -0.0632 -0.5915
vn -0.1443 -0.1181 -0.9825
vn 0.2333 -0.1493 -0.9609
vn 0.5884 -0.1649 -0.7916
vn 0.8476 -0.1816 -0.4987
vn 0.8475 -0.1816 -0.4987
vn 0.9764 -0.1735 -0.1287
vn 0.9542 -0.1651 0.2493
vn 0.7878 -0.1421 0.5993
vn 0.4972 -0.1102 0.8606
vn 0.1284 -0.0786 0.9886
vn -0.2504 -0.0553 0.9666
vn -0.5975 -0.0315 0.8013
vn -0.5974 -0.0315 0.8013
vn -0.8622 -0.0236 0.5061
vn -0.8622 -0.0237 0.5061
vn -0.9904 -0.0236 0.1365
vn -0.9697 -0.0393 -0.2412
vn -0.8001 -0.0629 -0.5966
vn -0.8001 -0.0629 -0.5965
vn -0.8339 0.1883 0.5188
vn -0.9699 0.1896 0.1525
vn -0.8598 0.1180 0.4968
vn -0.9226 0.2979 0.2451
vn -0.9769 0.1888 -0.0998
vn -0.9338 0.2047 0.2934
vn -0.7467 0.2197 0.6279
vn -0.6272 0.0706 0.7756
vn -0.9530 0.1728 -0.2490
vn -0.9276 0.2767 -0.2510
vn -0.7790 0.1261 -0.6143
vn -0.7764 0.1492 -0.6123
vn -0.4754 0.1185 -0.8717
vn -0.0656 0.0315 -0.9973
vn -0.3408 0.1103 -0.9336
vn -0.7789 0.1261 -0.6144
vn -0.5317 0.6870 0.4953
vn -0.7813 0.6230 -0.0390
vn -0.4745 0.1340 -0.8700
vn -0.7375 -0.4408 -0.5116
vn -0.5327 0.7007 -0.4746
vn -0.2130 0.5823 -0.7846
vn -0.4745 0.1341 -0.8700
vn -0.5198 0.5893 0.6185
vn -0.3019 0.8709 0.3877
vn 0.2680 0.5027 0.8219
vn 0.4345 0.7386 -0.5154
vn 0.9052 0.4250 -0.0018
vn 0.7741 0.6067 0.1809
vn 0.4309 0.6520 0.6239
vn -0.6375 0.3852 0.6672
vn 0.1507 0.5196 0.8410
vn 0.2991 0.7108 0.6366
vn 0.6944 0.7174 0.0557
vn 0.8365 0.5219 -0.1671
vn 0.5344 0.3146 -0.7845
vn 0.5315 0.7719 0.3488
vn -0.3528 0.9217 0.1613
vn 0.4103 0.6144 -0.6739
vn 0.1213 0.8622 -0.4917
vn -0.1812 0.9827 -0.0373
vn 0.2257 0.9445 -0.2386
vn 0.5487 0.6772 0.4903
vn 0.2990 0.7108 0.6366
vn -0.7812 0.6231 -0.0390
vn 0.3920 0.7816 0.4853
vn -0.5326 0.7008 -0.4746
vn 0.1213 0.8622 -0.4918
vn 0.4191 -0.6854 -0.5954
vn 0.8279 -0.5595 0.0385
vn 0.9327 -0.3453 -0.1041
vn 0.8987 -0.3321 -0.2865
vn 0.7959 -0.5920 -0.1269
vn 0.3909 -0.8965 -0.2086
vn 0.5757 -0.3312 -0.7476
vn 0.6651 -0.5911 -0.4564
vn 0.7027 -0.2603 -0.6621
vn 0.9456 -0.0314 -0.3238
vn 0.8523 -0.3692 -0.3705
vn 0.6958 -0.2764 -0.6629
vn 0.9857 -0.0711 -0.1527
vn 0.8987 -0.3322 -0.2864
vn 0.8494 0.0314 -0.5269
vn 0.5884 0.0393 -0.8076
vn 0.8494 0.0314 -0.5268
vn 0.6454 0.0393 -0.7628
vn 0.9190 0.2444 -0.3093
vn 0.3778 0.0870 -0.9218
vn 0.4955 -0.1419 -0.8569
vn 0.8764 0.0866 -0.4738
vn 0.6839 0.1022 -0.7224
vn 0.6138 0.0709 -0.7863
vn 0.2576 0.0630 -0.9642
vn 0.0209 0.0947 -0.9953
vn 0.2340 -0.0158 -0.9721
vn 0.6838 0.1021 -0.7225
vn 0.9755 0.1890 -0.1128
vn 0.5521 0.4414 -0.7074
vn -0.1051 0.0866 -0.9907
vn -0.3408 0.1103 -0.9337
vn -0.0657 0.0314 -0.9973
vn -0.4754 0.1185 -0.8718
vn -0.4744 0.1340 -0.8701
vn 0.1396 0.3618 -0.9217
vn 0.4103 0.6144 -0.6740
vn 0.4346 0.7386 -0.5154
vn 0.9052 0.4250 -0.0017
vn -0.2129 0.5822 -0.7846
vn 0.3921 0.7815 0.4853
vn -0.3529 0.9216 0.1613
vn 0.8554 -0.5178 0.0144
vn 0.8523 -0.3692 -0.3704
vn 0.6651 -0.5911 -0.4563
vn 0.4884 0.1021 0.8666
vn 0.7965 0.2450 0.5528
vn 0.7632 -0.1024 0.6379
vn 0.9693 0.0472 0.2412
vn 0.9876 0.0393 -0.1519
vn 0.9864 0.0392 -0.1595
vn 0.7909 0.1019 0.6034
vn 0.9603 -0.1099 0.2566
vn 0.2517 -0.6617 0.7063
vn 0.4809 -0.0550 0.8750
vn 0.2140 -0.4409 0.8717
vn 0.9804 -0.1257 -0.1519
vn 0.8523 -0.3691 -0.3705
vn 0.8764 0.0865 -0.4737
vn 0.6323 -0.7566 0.1666
vn 0.5161 -0.7235 0.4585
vn 0.3976 -0.7852 0.4747
vn 0.2747 -0.7007 0.6584
vn 0.6845 -0.6898 0.2357
vn 0.3457 -0.6535 0.6734
vn 0.1272 -0.5121 0.8495
vn 0.8279 -0.5595 0.0384
vn 0.2050 -0.4941 0.8449
vn 0.0179 -0.3233 0.9461
vn 0.1127 -0.2524 0.9610
vn 0.0421 -0.0000 0.9991
vn 0.9456 -0.0313 -0.3239
vn 0.0975 0.0317 0.9947
vn 0.1596 0.2913 0.9432
vn 0.9755 0.1890 -0.1129
vn 0.0577 0.2608 0.9637
vn 0.9190 0.2444 -0.3094
vn 0.9052 0.4251 -0.0018
vn 0.1507 0.5197 0.8410
vn 0.5486 0.6772 0.4903
vn 0.7741 0.6067 0.1808
vn 0.6944 0.7174 0.0556
vn -0.9276 0.2768 -0.2509
vn -0.7375 -0.4408 -0.5117
vn -0.4744 0.1341 -0.8700
vn 0.3458 -0.6534 0.6734
vn -0.0319 -0.9984 -0.0469
vn -0.2658 -0.9317 0.2476
vn 0.5161 -0.7235 0.4586
vn 0.2089 -0.9136 -0.3488
vn 0.6846 -0.6898 0.2357
vn 0.2052 -0.4941 0.8449
vn -0.4437 -0.7483 0.4931
vn 0.3977 -0.7851 0.4747
vn -0.2760 -0.9605 -0.0360
vn 0.3910 -0.8964 -0.2086
vn 0.2518 -0.6616 0.7063
vn -0.1996 -0.8435 0.4987
vn 0.2748 -0.7007 0.6585
vn 0.4191 -0.6855 -0.5954
vn 0.2141 -0.4409 0.8717
vn 0.0180 -0.3233 0.9461
vn -0.3838 -0.5407 0.7485
vn -0.1996 -0.8434 0.4988
vn 0.1273 -0.5120 0.8495
vn 0.6650 -0.5911 -0.4564
vn -0.0385 -0.9967 0.0710
vn -0.0385 -0.9967 0.0711
vn -0.0384 -0.9967 0.0712
vn -0.0230 -0.9982 0.0553
vn -0.0544 -0.9947 0.0874
vn -0.0543 -0.9947 0.0874
vn -0.0232 -0.9992 0.0317
vn -0.0778 -0.9931 0.0875
vn -0.0236 -0.9997 0.0081
vn -0.1014 -0.9916 0.0798
vn 0.0154 -0.9996 -0.0238
vn -0.0004 -0.9992 -0.0394
vn 0.0074 -0.9992 -0.0394
vn -0.1252 -0.9867 0.1040
vn -0.1408 -0.9854 0.0961
vn -0.0242 -0.9982 -0.0548
vn -0.1485 -0.9842 0.0961
vn -0.0243 -0.9977 -0.0626
vn -0.1569 -0.9855 0.0647
vn -0.0639 -0.9960 -0.0626
vn -0.1647 -0.9842 0.0648
vn -0.0639 -0.9955 -0.0705
vn -0.1576 -0.9872 0.0254
vn -0.1415 -0.9899 -0.0063
vn -0.1262 -0.9915 -0.0302
vn -0.1031 -0.9932 -0.0541
vn -0.1654 -0.9859 0.0254
vn -0.1492 -0.9888 -0.0062
vn -0.1263 -0.9913 -0.0380
vn -0.0306 -0.9964 0.0788
vn -0.0151 -0.9984 0.0552
vn -0.0543 -0.9947 0.0875
vn -0.0154 -0.9994 0.0316
vn -0.0154 -0.9994 0.0317
vn -0.0778 -0.9924 0.0954
vn -0.0777 -0.9924 0.0953
vn -0.0777 -0.9924 0.0954
vn -0.0157 -0.9998 0.0081
vn -0.0157 -0.9998 0.0080
vn -0.1013 -0.9910 0.0876
vn -0.1014 -0.9910 0.0876
vn -0.0316 -0.9994 -0.0154
vn -0.1172 -0.9905 0.0720
vn -0.1171 -0.9905 0.0720
vn -0.0474 -0.9986 -0.0231
vn -0.1331 -0.9899 0.0486
vn -0.1330 -0.9899 0.0486
vn -0.0710 -0.9970 -0.0306
vn -0.0710 -0.9970 -0.0307
vn -0.0709 -0.9970 -0.0307
vn -0.1334 -0.9907 0.0250
vn -0.0951 -0.9950 -0.0306
vn -0.1260 -0.9920 0.0014
vn -0.1260 -0.9920 0.0013
vn -0.1106 -0.9938 -0.0146
vn -0.4437 -0.7483 0.4932
vn -0.5693 -0.4659 0.6774
vn 0.2051 -0.4941 0.8449
vn 0.1129 -0.2523 0.9610
vn -0.3838 -0.5407 0.7486
vn -0.0527 -0.1896 0.9804
vn 0.4884 0.1021 0.8667
vn 0.1209 0.1262 0.9846
vn 0.4883 0.1021 0.8667
vn 0.1210 0.1262 0.9846
vn -0.6453 -0.1181 0.7547
vn 0.0422 -0.0000 0.9991
vn -0.5185 -0.1968 0.8321
vn 0.4808 -0.0550 0.8751
vn 0.1210 -0.0237 0.9924
vn -0.3922 -0.0473 0.9186
vn -0.2423 0.1578 0.9573
vn 0.0976 0.0316 0.9947
vn -0.1947 -0.0000 0.9809
vn 0.0181 -0.3233 0.9461
vn -0.6387 0.2365 0.7322
vn 0.1597 0.2913 0.9432
vn -0.5736 0.1731 0.8007
vn -0.5736 0.1730 0.8006
vn 0.0578 0.2608 0.9637
vn -0.5984 0.1025 0.7946
vn -0.7466 0.2197 0.6279
vn -0.4718 0.1734 0.8645
vn -0.8339 0.1883 0.5189
vn -0.5199 0.5893 0.6185
vn 0.2680 0.5026 0.8219
vn 0.2991 0.7109 0.6366
vn -0.7844 -0.0157 -0.6201
vn -0.7843 -0.0157 -0.6201
vn -0.1842 -0.1027 -0.9775
vn 0.5496 -0.0787 -0.8317
vn 0.5495 -0.0786 -0.8318
vn 0.5495 -0.0787 -0.8318
vn -0.9161 0.0393 -0.3990
vn 0.7634 -0.0393 -0.6448
vn 0.7633 -0.0393 -0.6448
vn 0.9074 0.0393 -0.4185
vn -0.9835 0.0314 -0.1779
vn -0.9835 0.0314 -0.1780
vn -0.9911 0.0786 -0.1073
vn -0.9911 0.0785 -0.1073
vn 0.9795 0.0314 -0.1989
vn -0.9927 0.0710 0.0974
vn 0.9886 0.0785 -0.1284
vn 0.9886 0.0786 -0.1284
vn -0.9159 0.0708 0.3951
vn 0.9946 0.0710 0.0761
vn 0.9241 0.0708 0.3755
vn -0.8296 0.0788 0.5527
vn -0.8296 0.0788 0.5528
vn -0.7730 0.0709 0.6305
vn -0.7730 0.0709 0.6304
vn 0.8412 0.0788 0.5349
vn -0.3917 0.0708 0.9174
vn 0.4112 0.0708 0.9088
vn 0.7863 0.0709 0.6138
vn -0.5667 0.2205 0.7939
vn -0.5666 0.2206 0.7939
vn -0.5667 0.2206 0.7939
vn 0.5835 0.2205 0.7816
vn 0.5835 0.2206 0.7816
vn -0.0184 -0.1733 -0.9847
vn 0.1791 -0.2916 -0.9396
vn -0.0102 -0.2902 -0.9569
vn -0.1043 -0.3779 -0.9200
vn -0.0099 -0.3796 -0.9251
vn 0.1713 -0.3855 -0.9067
vn -0.1048 -0.2839 -0.9531
vn 0.3456 -0.3863 -0.8552
vn -0.1289 -0.1658 -0.9777
vn -0.1440 -0.1335 -0.9805
vn -0.0262 -0.1491 -0.9885
vn 0.1795 -0.1819 -0.9668
vn 0.1785 -0.1653 -0.9700
vn 0.3607 -0.2914 -0.8860
vn 0.5051 -0.3870 -0.7715
vn 0.3690 -0.1815 -0.9115
vn 0.3674 -0.1650 -0.9153
vn 0.5258 -0.2907 -0.7994
vn 0.5745 -0.3855 -0.7221
vn 0.5983 -0.2913 -0.7465
vn 0.5503 -0.1732 -0.8168
vn 0.5578 -0.1495 -0.8164
vn 0.6364 -0.1650 -0.7535
vn 0.6524 -0.1336 -0.7460
vn -0.9595 0.0789 0.2706
vn -0.9474 0.1728 0.2693
vn -0.9600 -0.0711 0.2707
vn -0.9600 -0.0710 0.2707
vn -0.9430 -0.2049 0.2623
vn -0.9430 -0.2050 0.2622
vn -0.9006 -0.3534 0.2531
vn -0.8080 -0.5429 0.2289
vn -0.6455 -0.7421 0.1806
vn -0.5245 -0.8400 0.1390
vn -0.5245 -0.8400 0.1391
vn 0.9650 0.0789 0.2500
vn 0.9530 0.1728 0.2490
vn 0.9656 -0.0710 0.2501
vn 0.9484 -0.2049 0.2421
vn 0.9484 -0.2050 0.2420
vn 0.9058 -0.3534 0.2338
vn 0.8127 -0.5429 0.2116
vn 0.8127 -0.5429 0.2117
vn 0.6492 -0.7421 0.1668
vn 0.6492 -0.7422 0.1667
vn 0.5274 -0.8400 0.1278
vn -0.9575 0.0631 -0.2816
vn -0.9518 0.1412 -0.2722
vn -0.9569 -0.0709 -0.2815
vn -0.9414 -0.1971 -0.2738
vn -0.9413 -0.1972 -0.2738
vn -0.8991 -0.3538 -0.2577
vn -0.8973 -0.3531 -0.2650
vn -0.8058 -0.5434 -0.2356
vn -0.8058 -0.5433 -0.2355
vn -0.6466 -0.7389 -0.1896
vn -0.6504 -0.7353 -0.1907
vn -0.5298 -0.8358 -0.1442
vn -0.5298 -0.8358 -0.1441
vn 0.9512 0.0631 -0.3020
vn 0.9458 0.1411 -0.2924
vn 0.9484 -0.0708 -0.3090
vn 0.9353 -0.1971 -0.2939
vn 0.9353 -0.1972 -0.2939
vn 0.8934 -0.3538 -0.2769
vn 0.8914 -0.3531 -0.2841
vn 0.8005 -0.5434 -0.2527
vn 0.8006 -0.5433 -0.2527
vn 0.6424 -0.7389 -0.2034
vn 0.6462 -0.7353 -0.2046
vn 0.5266 -0.8358 -0.1554
vn 0.7139 0.3380 0.6133
vn 0.7139 0.3379 0.6133
vn 0.6931 0.4105 0.5926
vn 0.7399 0.1576 0.6540
vn 0.7389 0.1653 0.6532
vn 0.7414 -0.0079 0.6710
vn 0.7413 -0.0158 0.6710
vn 0.7247 -0.1893 0.6626
vn 0.7245 -0.1892 0.6628
vn 0.6521 -0.4091 0.6383
vn 0.6587 -0.4005 0.6370
vn 0.5490 -0.5978 0.5841
vn 0.4779 -0.7004 0.5301
vn -0.7007 0.3380 0.6284
vn -0.6803 0.4105 0.6072
vn -0.7007 0.3379 0.6284
vn -0.7257 0.1576 0.6697
vn -0.7248 0.1653 0.6689
vn -0.7269 -0.0079 0.6867
vn -0.7268 -0.0158 0.6867
vn -0.7104 -0.1893 0.6779
vn -0.7101 -0.1892 0.6782
vn -0.6383 -0.4091 0.6521
vn -0.6449 -0.4005 0.6509
vn -0.5364 -0.5978 0.5957
vn -0.4665 -0.7004 0.5402
vn -0.7230 0.3307 -0.6065
vn -0.7211 0.3377 -0.6049
vn -0.6994 0.4017 -0.5911
vn -0.7481 0.1498 -0.6465
vn -0.7488 -0.0158 -0.6627
vn -0.7486 -0.0237 -0.6626
vn -0.7322 -0.1892 -0.6543
vn -0.6598 -0.4092 -0.6303
vn -0.6664 -0.4005 -0.6290
vn -0.5570 -0.5980 -0.5763
vn -0.4866 -0.6938 -0.5309
vn 0.7099 0.3307 -0.6218
vn 0.6866 0.4017 -0.6059
vn 0.7042 0.3396 -0.6236
vn 0.7341 0.1498 -0.6623
vn 0.7344 -0.0158 -0.6785
vn 0.7343 -0.0237 -0.6784
vn 0.7180 -0.1892 -0.6698
vn 0.6462 -0.4091 -0.6442
vn 0.6528 -0.4005 -0.6431
vn 0.5445 -0.5980 -0.5881
vn 0.4751 -0.6938 -0.5412
vn 0.4752 -0.6938 -0.5412
vn 0.0102 0.2830 0.9591
vn 0.0099 0.3796 0.9251
vn 0.0106 0.1260 0.9920
vn 0.0106 0.1258 0.9920
vn 0.0107 -0.0394 0.9992
vn 0.0091 -0.5271 0.8497
vn 0.0091 -0.5272 0.8497
vn 0.0086 -0.5975 0.8018
vn -0.0102 0.2830 -0.9591
vn -0.0099 0.3795 -0.9251
vn -0.0106 0.1259 -0.9920
vn -0.0106 0.1255 -0.9920
vn -0.0107 -0.0393 -0.9992
vn -0.0107 -0.0394 -0.9992
vn -0.0105 -0.1661 -0.9861
vn -0.0100 -0.3468 -0.9379
vn -0.0090 -0.5328 -0.8462
vn -0.0086 -0.5975 -0.8019
vn -0.0086 -0.5975 -0.8018
vn 0.4915 -0.8109 0.3176
vn -0.7201 -0.5425 -0.4326
vn 0.6942 -0.7085 0.1265
vn -0.4444 -0.8345 -0.3259
vn -0.5070 -0.7699 -0.3875
vn -0.4260 -0.8788 -0.2152
vn -0.5817 -0.6234 -0.5225
vn -0.4928 -0.6594 -0.5678
vn -0.5980 -0.6563 -0.4601
vn -0.8739 -0.3561 -0.3309
vn -0.4880 -0.8634 -0.1283
vn -0.8461 -0.0157 -0.5329
vn -0.9399 -0.1180 -0.3205
vn -0.9252 -0.3155 -0.2110
vn -0.8684 -0.4487 -0.2112
vn -0.7876 -0.5892 -0.1801
vn -0.6345 -0.7595 -0.1436
vn -0.6049 -0.7835 -0.1424
vn -0.7574 -0.6296 -0.1729
vn -0.5992 -0.7948 -0.0959
vn -0.6323 -0.7400 -0.2294
vn -0.6319 -0.7645 -0.1273
vn -0.8533 -0.5214 0.0012
vn -0.5991 -0.7949 -0.0959
vn -0.8944 -0.2599 0.3641
vn -0.7959 -0.5534 0.2457
vn -0.7439 -0.6053 0.2832
vn -0.9332 -0.2281 0.2775
vn -0.7789 -0.6221 0.0792
vn -0.5489 -0.8182 0.1711
vn -0.7959 -0.5920 0.1269
vn -0.6408 -0.7676 0.0148
vn -0.4015 -0.9014 0.1624
vn -0.5588 -0.8059 0.1956
vn -0.7797 -0.5535 0.2930
vn -0.6733 -0.6765 0.2982
vn -0.7559 -0.4549 0.4709
vn -0.5139 -0.7232 0.4614
vn -0.7558 -0.4550 0.4709
vn -0.5785 -0.7318 0.3603
vn -0.7044 -0.6060 0.3696
vn -0.6763 -0.5328 0.5087
vn -0.5318 -0.7333 0.4236
vn -0.6762 -0.5328 0.5087
vn -0.5766 -0.6449 0.5016
vn -0.5373 -0.6841 0.4933
vn -0.6235 -0.6362 0.4544
vn -0.5969 -0.7801 0.1876
vn -0.6554 -0.6977 0.2892
vn -0.7205 -0.6674 0.1883
vn -0.6528 -0.7556 0.0542
vn -0.7142 -0.6988 0.0390
vn -0.7229 -0.6845 0.0943
vn -0.7702 -0.6361 -0.0467
vn -0.7631 -0.6381 0.1027
vn -0.8047 -0.5912 -0.0545
vn -0.7260 -0.6774 -0.1183
vn -0.7705 -0.6198 -0.1487
vn -0.7592 -0.6478 -0.0630
vn -0.8064 -0.5761 -0.1334
vn -0.8809 -0.4717 -0.0378
vn -0.8025 -0.5893 -0.0936
vn -0.7799 -0.5891 -0.2116
vn -0.8680 -0.4806 -0.1247
vn -0.9115 -0.3922 -0.1236
vn -0.8127 -0.5590 -0.1645
vn -0.8503 -0.4948 -0.1794
vn -0.8078 -0.5609 -0.1810
vn -0.9008 -0.4022 -0.1639
vn -0.7137 -0.6719 -0.1979
vn -0.7127 -0.6225 -0.3233
vn -0.6508 -0.6787 -0.3403
vn -0.8514 -0.4956 -0.1718
vn -0.7605 -0.5678 -0.3152
vn -0.8869 -0.4107 -0.2117
vn -0.8005 -0.4891 -0.3464
vn -0.7506 -0.5581 -0.3536
vn -0.9237 -0.2834 -0.2578
vn -0.8530 -0.3774 -0.3604
vn -0.7657 -0.4470 -0.4624
vn -0.6882 -0.6533 -0.3154
vn -0.6606 -0.6727 -0.3333
vn -0.6256 -0.6684 -0.4023
vn -0.7015 -0.5381 -0.4673
vn -0.5837 -0.7449 -0.3231
vn -0.6605 -0.6727 -0.3333
vn -0.6426 -0.6701 -0.3716
vn -0.5980 -0.6562 -0.4601
vn -0.5963 -0.5428 -0.5914
vn -0.5960 -0.5902 -0.5445
vn -0.6774 -0.4659 -0.5692
vn -0.6774 -0.4659 -0.5693
vn -0.7623 -0.4417 -0.4730
vn -0.7680 -0.4247 -0.4794
vn -0.7848 -0.4017 -0.4721
vn -0.8540 -0.2910 -0.4313
vn -0.8874 -0.2760 -0.3691
vn -0.8996 -0.2357 -0.3675
vn -0.8672 -0.1881 -0.4611
vn -0.9149 -0.1492 -0.3750
vn -0.9450 -0.2120 -0.2491
vn -0.9585 -0.1501 -0.2426
vn -0.9611 -0.0785 -0.2646
vn -0.9680 -0.1492 -0.2017
vn -0.9793 -0.0788 -0.1866
vn -0.9592 0.0158 -0.2822
vn -0.9594 -0.2119 -0.1859
vn -0.9452 -0.2830 -0.1629
vn -0.9522 -0.2829 -0.1156
vn -0.9669 -0.2277 -0.1153
vn -0.9834 -0.1336 -0.1230
vn -0.9938 -0.0630 -0.0918
vn -0.9989 -0.0472 0.0028
vn -0.9822 0.0158 -0.1871
vn -0.9813 0.0711 -0.1791
vn -0.9997 0.0236 0.0107
vn -0.9939 0.0316 0.1054
vn -0.9984 0.0550 -0.0129
vn -0.9969 0.0235 -0.0756
vn -0.9933 0.0866 -0.0760
vn -0.9908 0.0707 -0.1151
vn -0.9579 0.0553 -0.2818
vn -0.9888 0.1027 -0.1079
vn -0.9927 0.0866 -0.0839
vn -0.9955 0.0869 -0.0368
vn -0.9920 0.0865 -0.0916
vn -0.5515 -0.2203 -0.8045
vn -0.5659 -0.2906 -0.7715
vn -0.6363 -0.2671 -0.7238
vn -0.6284 -0.3537 -0.6928
vn -0.6530 -0.1180 -0.7481
vn -0.6458 -0.2599 -0.7179
vn -0.7225 -0.2280 -0.6527
vn -0.7887 -0.1343 -0.6000
vn -0.7468 -0.1259 -0.6531
vn -0.6846 -0.2678 -0.6779
vn -0.7636 -0.1971 -0.6148
vn -0.8270 -0.1421 -0.5439
vn -0.7482 -0.2840 -0.5996
vn -0.6530 -0.3939 -0.6469
vn -0.8335 -0.1656 -0.5272
vn -0.8569 -0.1419 -0.4955
vn -0.8061 -0.3140 -0.5016
vn -0.7360 -0.4162 -0.5340
vn -0.7360 -0.4162 -0.5339
vn -0.6230 -0.4900 -0.6098
vn -0.6230 -0.4899 -0.6098
vn -0.5894 -0.5039 -0.6314
vn -0.5894 -0.5039 -0.6315
vn -0.5344 -0.3928 -0.7484
vn -0.4964 -0.5284 -0.6888
vn -0.5960 -0.5901 -0.5445
vn -0.5642 -0.5338 -0.6299
vn -0.5659 -0.6312 -0.5305
vn -0.5349 -0.6234 -0.5704
vn -0.4182 -0.4968 -0.7605
vn -0.5261 -0.7675 -0.3663
vn -0.4408 -0.4800 -0.7585
vn -0.6341 -0.6452 -0.4261
vn -0.5804 -0.6780 -0.4510
vn -0.6341 -0.5180 -0.5741
vn -0.5503 -0.7116 -0.4369
vn -0.0126 -0.9540 0.2997
vn -0.2711 -0.8364 0.4764
vn -0.3541 -0.6594 0.6632
vn -0.3955 -0.6857 0.6111
vn -0.4168 -0.3469 0.8402
vn -0.3379 -0.9243 0.1775
vn -0.1985 -0.8096 0.5524
vn -0.5462 -0.6387 0.5421
vn -0.6208 -0.3064 0.7216
vn -0.4670 -0.6934 0.5487
vn -0.7977 -0.0631 0.5998
vn -0.8301 -0.1498 0.5372
vn -0.7505 -0.1341 0.6471
vn -0.7407 -0.2124 0.6374
vn -0.7925 -0.0079 0.6098
vn -0.8486 -0.0791 0.5231
vn -0.8310 -0.2131 0.5139
vn -0.7407 -0.3067 0.5977
vn -0.8442 -0.1809 0.5046
vn -0.7879 -0.2907 0.5428
vn -0.8510 -0.2120 0.4804
vn -0.7276 -0.4179 0.5440
vn -0.6716 -0.4022 0.6223
vn -0.6551 -0.4724 0.5896
vn -0.5916 -0.3706 0.7160
vn -0.6551 -0.4724 0.5897
vn -0.5764 -0.4810 0.6606
vn -0.7243 -0.4552 0.5179
vn -0.7259 -0.4013 0.5586
vn -0.5977 -0.5101 0.6185
vn -0.7047 -0.4735 0.5284
vn -0.7111 -0.5350 0.4561
vn -0.5222 -0.6385 0.5653
vn -0.4340 -0.6064 0.6663
vn -0.4660 -0.5989 0.6513
vn -0.4764 -0.6723 0.5667
vn -0.5302 -0.7160 0.4542
vn -0.6438 -0.6247 0.4418
vn -0.6928 -0.5255 0.4937
vn -0.6557 -0.5899 0.4711
vn -0.5780 -0.6773 0.4551
vn -0.6882 -0.5826 0.4325
vn -0.6187 -0.6935 0.3692
vn -0.7435 -0.4806 0.4649
vn -0.7835 -0.4021 0.4737
vn -0.8140 -0.4717 0.3389
vn -0.8386 -0.2681 0.4742
vn -0.8545 -0.3858 0.3477
vn -0.8864 -0.2758 0.3719
vn -0.8692 -0.2362 0.4344
vn -0.8905 -0.1806 0.4177
vn -0.9320 -0.2592 0.2535
vn -0.9289 -0.2763 0.2467
vn -0.9481 -0.1807 0.2616
vn -0.9083 -0.0787 0.4110
vn -0.9621 -0.0785 0.2613
vn -0.9676 -0.1734 0.1838
vn -0.9516 -0.2522 0.1756
vn -0.8893 -0.3632 0.2780
vn -0.9442 -0.2681 0.1914
vn -0.9214 -0.3237 0.2151
vn -0.8303 -0.4795 0.2840
vn -0.7808 -0.5255 0.3378
vn -0.7368 -0.6138 0.2834
vn -0.8099 -0.5364 0.2374
vn -0.8485 -0.4728 0.2376
vn -0.7724 -0.6084 0.1821
vn -0.7925 -0.5743 0.2052
vn -0.8823 -0.4651 0.0725
vn -0.7630 -0.6305 0.1421
vn -0.8010 -0.5897 0.1029
vn -0.7391 -0.6690 0.0787
vn -0.9256 -0.3535 0.1356
vn -0.9497 -0.2595 0.1753
vn -0.9290 -0.3700 -0.0058
vn -0.9611 -0.2757 0.0182
vn -0.9541 -0.2528 0.1603
vn -0.9684 -0.2442 0.0497
vn -0.9896 -0.1414 0.0263
vn -0.9767 -0.1657 0.1367
vn -0.9911 -0.0551 0.1209
vn -0.5393 -0.8218 -0.1839
vn -0.4828 -0.8594 -0.1683
vn -0.5452 -0.8104 -0.2145
vn -0.5217 -0.8348 -0.1756
vn -0.6054 -0.0630 0.7934
vn -0.6304 -0.0867 0.7714
vn -0.6827 -0.0471 0.7292
vn -0.7562 0.0079 -0.6543
vn -0.7720 -0.0789 -0.6307
vn -0.8281 -0.0949 -0.5525
vn -0.7361 -0.0627 -0.6740
vn -0.7735 0.0474 -0.6320
vn -0.7300 -0.0079 -0.6834
vn -0.7413 0.0158 -0.6709
vn -0.8001 0.0629 -0.5966
vn -0.7235 0.0866 -0.6848
vn -0.6852 0.1260 -0.7174
vn -0.6729 -0.0633 -0.7370
vn -0.6747 -0.0000 -0.7381
vn -0.5615 0.0868 -0.8229
vn -0.5654 -0.0078 -0.8248
vn -0.5035 -0.3779 0.7770
vn -0.4482 -0.4955 0.7440
vn -0.4413 -0.5745 0.6894
vn -0.6204 -0.2199 0.7528
vn -0.5488 -0.1492 0.8225
vn -0.6380 -0.1497 0.7553
vn -0.6400 -0.0632 0.7657
vn -0.6917 -0.1493 0.7066
vn -0.7021 -0.0631 0.7093
vn -0.7670 -0.0474 0.6399
vn -0.7152 -0.0157 0.6988
vn -0.6756 -0.2120 0.7061
vn -0.6802 -0.2765 0.6789
vn -0.7748 -0.0158 0.6320
vn -0.7817 0.0237 0.6233
vn -0.7192 0.0079 0.6948
vn -0.9805 -0.0707 0.1834
vn -0.9836 0.0394 0.1761
vn -0.9663 0.0394 0.2545
vn -0.9822 0.0394 0.1837
vn -0.9153 0.0079 0.4028
vn -0.9708 0.0314 0.2380
vn -0.8477 -0.0000 0.5305
vn -0.8953 0.0395 0.4438
vn -0.8111 0.0550 0.5824
vn -0.8306 0.0631 0.5534
vn -0.7554 0.1179 0.6446
vn -0.7159 0.1415 0.6837
vn -0.8161 0.0948 0.5701
vn -0.7035 0.1500 0.6947
vn -0.8285 0.0945 0.5520
vn -0.8047 0.1102 0.5833
vn -0.8590 0.1257 0.4963
vn -0.8936 0.1103 0.4351
vn -0.7860 0.1883 0.5889
vn -0.6624 0.1577 0.7324
vn -0.6849 0.2517 0.6838
vn -0.6998 0.2749 0.6593
vn -0.6639 0.4023 0.6304
vn -0.6703 0.3936 0.6291
vn -0.6639 0.4022 0.6304
vn -0.6548 0.3938 0.6451
vn -0.7732 0.2991 0.5592
vn -0.7485 0.3928 0.5343
vn -0.7498 0.3778 0.5432
vn -0.8133 0.3697 0.4492
vn -0.8446 0.2910 0.4495
vn -0.8705 0.1971 0.4509
vn -0.8548 0.3624 0.3716
vn -0.8450 0.3695 0.3864
vn -0.8844 0.2830 0.3711
vn -0.9116 0.1894 0.3649
vn -0.9076 0.1807 0.3791
vn -0.8940 0.3697 0.2534
vn -0.8975 0.3710 0.2385
vn -0.9221 0.3317 0.1994
vn -0.9665 0.0945 0.2388
vn -0.9096 0.3693 0.1904
vn -0.9813 0.0786 0.1757
vn -0.9487 0.1652 0.2696
vn -0.9349 0.1734 0.3096
vn -0.9744 0.1496 0.1679
vn -0.9898 0.0865 0.1128
vn -0.9125 0.2763 0.3018
vn -0.9719 0.1571 0.1753
vn -0.9340 0.3067 0.1830
vn -0.9274 0.3541 0.1201
vn -0.9389 0.3161 0.1365
vn -0.9388 0.3390 -0.0609
vn -0.9546 0.2843 0.0892
vn -0.9839 0.1497 0.0972
vn -0.9814 0.1494 0.1205
vn -0.9849 0.1656 0.0499
vn -0.9928 0.1182 0.0185
vn -0.9532 0.2995 0.0417
vn -0.9833 0.1572 -0.0917
vn -0.9288 0.3699 -0.0216
vn -0.9430 0.3219 -0.0841
vn -0.9226 0.3781 -0.0768
vn -0.9358 0.3457 -0.0686
vn -0.9094 0.3788 -0.1718
vn -0.9083 0.3942 -0.1401
vn -0.8699 0.4098 -0.2744
vn -0.9361 0.2983 -0.1863
vn -0.8792 0.3947 -0.2669
vn -0.8680 0.4089 -0.2817
vn -0.8640 0.3868 -0.3224
vn -0.8554 0.3785 -0.3536
vn -0.9219 0.2670 -0.2808
vn -0.9640 0.1813 -0.1947
vn -0.8555 0.3706 -0.3615
vn -0.7784 0.3628 -0.5123
vn -0.8867 0.2680 -0.3767
vn -0.9378 0.2042 -0.2806
vn -0.9479 0.1338 -0.2891
vn -0.7846 0.3621 -0.5032
vn -0.6916 0.3384 -0.6381
vn -0.8787 0.2600 -0.4003
vn -0.8921 0.2121 -0.3990
vn -0.6932 0.3471 -0.6317
vn -0.6438 0.3851 -0.6612
vn -0.8258 0.2682 -0.4961
vn -0.7143 0.3066 -0.6292
vn -0.6907 0.3695 -0.6216
vn -0.5894 0.4010 -0.7013
vn -0.7215 0.2906 -0.6285
vn -0.8800 0.1971 -0.4322
vn -0.8425 0.1895 -0.5043
vn -0.7566 0.1973 -0.6234
vn -0.5377 0.3794 -0.7530
vn -0.5751 0.4178 -0.7033
vn -0.5658 0.3929 -0.7249
vn -0.6133 0.2752 -0.7403
vn -0.4584 0.3708 -0.8077
vn -0.5056 0.2839 -0.8147
vn -0.6280 0.1569 -0.7622
vn -0.6859 0.1893 -0.7026
vn -0.7879 0.1026 -0.6072
vn -0.8487 0.1024 -0.5189
vn -0.8417 0.0710 -0.5352
vn -0.8857 0.0944 -0.4546
vn -0.9027 0.1103 -0.4159
vn -0.8887 0.0473 -0.4561
vn -0.9042 0.0474 -0.4244
vn -0.9034 0.0631 -0.4240
vn -0.9008 0.0550 -0.4306
vn -0.8562 0.0787 -0.5107
vn -0.8461 0.0157 -0.5329
vn -0.9602 0.0628 -0.2722
vn -0.9095 0.0157 -0.4153
vn -0.8894 0.0237 -0.4565
vn -0.9083 -0.0550 -0.4147
vn -0.8750 -0.0554 -0.4809
vn -0.3378 -0.9243 0.1775
vn -0.1794 -0.3782 0.9081
vn -0.2023 -0.3067 0.9301
vn -0.7876 -0.5893 -0.1801
vn 0.4517 -0.6556 -0.6051
vn 0.4631 -0.4710 -0.7508
vn 0.3531 -0.5494 -0.7573
vn 0.5453 -0.6532 -0.5253
vn 0.4725 -0.6438 -0.6018
vn 0.6025 -0.5611 -0.5676
vn 0.5525 -0.6601 -0.5089
vn 0.4174 -0.6673 -0.6169
vn 0.5224 -0.7315 -0.4382
vn 0.3097 -0.8410 -0.4435
vn 0.3393 -0.7304 -0.5928
vn 0.2380 -0.8247 -0.5131
vn -0.4283 -0.8334 -0.3493
vn -0.3759 -0.7479 -0.5471
vn -0.3126 -0.8118 -0.4932
vn -0.4228 -0.7561 -0.4996
vn -0.5980 -0.6563 -0.4602
vn -0.5817 -0.6234 -0.5226
vn -0.7014 -0.5381 -0.4674
vn -0.6773 -0.4660 -0.5693
vn -0.5963 -0.5427 -0.5915
vn -0.1153 -0.8743 -0.4714
vn -0.1775 -0.9060 -0.3842
vn -0.1786 -0.8594 -0.4791
vn -0.2559 -0.8808 -0.3983
vn -0.0940 -0.7161 -0.6916
vn -0.3384 -0.5663 -0.7515
vn -0.1542 -0.8812 -0.4469
vn -0.4798 -0.5989 -0.6412
vn -0.1980 -0.5282 -0.8257
vn -0.4797 -0.5990 -0.6412
vn -0.3699 -0.4635 -0.8052
vn -0.4060 -0.7943 -0.4519
vn -0.1169 -0.7979 -0.5913
vn -0.2019 -0.8324 -0.5161
vn -0.3149 -0.7110 -0.6287
vn -0.1698 -0.9167 -0.3617
vn -0.1699 -0.9167 -0.3617
vn 0.0962 -0.8116 -0.5763
vn 0.0832 -0.9451 -0.3159
vn 0.1477 -0.9636 -0.2228
vn 0.1760 -0.8582 -0.4822
vn 0.1206 -0.8443 -0.5221
vn 0.1095 -0.5599 -0.8213
vn 0.2508 -0.5732 -0.7801
vn 0.0610 -0.9829 -0.1736
vn 0.4029 -0.7156 -0.5706
vn 0.0611 -0.9829 -0.1736
vn 0.2195 -0.9636 -0.1524
vn 0.4517 -0.6556 -0.6052
vn 0.3404 -0.7708 -0.5386
vn 0.2556 -0.8744 -0.4124
vn 0.5215 -0.6533 -0.5488
vn 0.3530 -0.5494 -0.7573
vn 0.4630 -0.4710 -0.7508
vn 0.6234 -0.3627 -0.6927
vn 0.7313 -0.5380 -0.4192
vn 0.3436 -0.8610 -0.3749
vn 0.7923 -0.4025 -0.4584
vn 0.5991 -0.6047 -0.5247
vn 0.5356 -0.6434 -0.5470
vn 0.7834 -0.4804 -0.3943
vn 0.5780 -0.6927 -0.4313
vn 0.7368 -0.6139 -0.2833
vn 0.5420 -0.1180 -0.8321
vn 0.5208 -0.0554 -0.8519
vn 0.6130 -0.1416 -0.7773
vn 0.6385 -0.1813 -0.7479
vn 0.4721 -0.0237 -0.8812
vn 0.5419 -0.0236 -0.8401
vn 0.5508 0.0394 -0.8337
vn 0.4776 -0.0550 -0.8769
vn 0.5019 -0.2122 -0.8385
vn 0.6404 -0.2924 -0.7102
vn 0.4558 -0.1340 -0.8800
vn 0.4145 -0.0628 -0.9079
vn 0.4331 -0.2212 -0.8738
vn 0.4869 -0.2911 -0.8235
vn 0.6309 -0.3938 -0.6685
vn 0.3845 -0.1498 -0.9109
vn 0.4809 -0.3709 -0.7944
vn 0.5911 -0.4643 -0.6596
vn 0.4386 -0.2828 -0.8530
vn 0.3836 -0.2045 -0.9006
vn 0.4737 -0.4659 -0.7474
vn 0.4562 -0.5734 -0.6805
vn 0.4317 -0.3697 -0.8227
vn 0.3786 -0.2772 -0.8831
vn 0.4029 -0.4666 -0.7874
vn 0.3557 -0.5925 -0.7228
vn 0.3698 -0.3788 -0.8484
vn 0.3224 -0.4808 -0.8154
vn 0.3491 -0.6802 -0.6445
vn 0.2598 -0.6450 -0.7187
vn 0.3398 -0.6390 -0.6901
vn 0.2675 -0.6138 -0.7427
vn 0.2578 -0.2834 -0.9237
vn 0.2506 -0.4097 -0.8771
vn 0.2339 -0.5014 -0.8330
vn 0.2360 -0.5755 -0.7830
vn 0.1251 -0.5052 -0.8539
vn 0.2846 -0.6397 -0.7139
vn 0.2514 -0.6590 -0.7088
vn 0.1249 -0.5351 -0.8355
vn 0.1966 -0.6220 -0.7580
vn 0.2910 -0.6749 -0.6781
vn 0.2529 -0.7393 -0.6241
vn 0.2294 -0.7400 -0.6323
vn 0.2157 -0.8660 -0.4511
vn 0.2911 -0.6749 -0.6781
vn 0.2368 -0.6697 -0.7038
vn -0.1105 -0.6544 -0.7480
vn -0.0788 -0.6690 -0.7391
vn -0.0871 -0.6304 -0.7714
vn -0.2119 -0.6922 -0.6899
vn -0.2366 -0.6309 -0.7389
vn -0.3227 -0.6865 -0.6516
vn -0.2292 -0.4797 -0.8469
vn -0.1582 -0.5665 -0.8088
vn -0.2134 -0.5592 -0.8011
vn -0.3697 -0.6143 -0.6971
vn -0.3226 -0.6866 -0.6516
vn -0.2906 -0.7013 -0.6509
vn -0.3712 -0.5527 -0.7462
vn -0.3063 -0.6048 -0.7351
vn -0.3316 -0.5122 -0.7923
vn -0.2387 -0.3872 -0.8905
vn -0.3864 -0.5440 -0.7448
vn -0.3315 -0.3852 -0.8612
vn -0.3323 -0.2517 -0.9090
vn -0.4169 -0.5349 -0.7349
vn -0.4416 -0.4094 -0.7984
vn -0.4411 -0.2592 -0.8592
vn -0.3731 -0.2054 -0.9047
vn -0.4258 -0.1964 -0.8832
vn -0.4342 -0.1258 -0.8920
vn -0.5343 -0.3928 -0.7485
vn -0.5659 -0.2906 -0.7716
vn -0.4425 -0.0866 -0.8926
vn -0.5373 -0.0947 -0.8381
vn -0.5515 -0.2203 -0.8046
vn -0.6284 -0.3537 -0.6929
vn -0.6362 -0.2671 -0.7238
vn -0.6458 -0.2600 -0.7179
vn -0.6284 -0.3536 -0.6929
vn -0.6529 -0.3939 -0.6470
vn -0.7225 -0.2280 -0.6528
vn -0.7467 -0.1259 -0.6531
vn -0.8060 -0.3140 -0.5017
vn -0.8334 -0.1656 -0.5273
vn -0.7482 -0.2841 -0.5996
vn -0.7360 -0.4161 -0.5340
vn -0.6773 -0.4659 -0.5693
vn -0.5641 -0.5338 -0.6299
vn -0.4404 -0.5270 -0.7269
vn -0.5348 -0.6234 -0.5704
vn -0.3938 -0.6073 -0.6900
vn -0.4072 -0.7318 -0.5465
vn -0.4702 -0.7168 -0.5149
vn -0.4927 -0.6594 -0.5678
vn -0.5659 -0.6311 -0.5305
vn -0.4409 -0.4799 -0.7585
vn -0.2260 -0.8350 -0.5018
vn -0.6341 -0.5181 -0.5741
vn 0.0548 -0.6089 -0.7914
vn 0.1903 -0.7640 -0.6165
vn 0.0237 -0.6786 -0.7341
vn -0.0394 -0.6786 -0.7335
vn 0.0698 -0.5584 -0.8266
vn -0.0160 -0.6456 -0.7635
vn -0.0943 -0.6764 -0.7305
vn 0.4106 -0.6845 -0.6024
vn 0.4580 -0.6456 -0.6112
vn 0.5060 -0.6071 -0.6127
vn 0.5060 -0.6071 -0.6126
vn 0.6312 -0.4646 -0.6210
vn 0.6361 -0.5014 -0.5865
vn 0.6370 -0.4005 -0.6587
vn 0.6519 -0.4156 -0.6343
vn 0.6713 -0.2998 -0.6779
vn 0.6309 -0.3938 -0.6684
vn 0.7201 -0.2686 -0.6398
vn 0.6937 -0.1970 -0.6928
vn 0.6937 -0.1969 -0.6928
vn 0.7074 -0.1492 -0.6909
vn 0.8134 -0.2048 -0.5444
vn 0.7569 -0.1417 -0.6380
vn 0.7987 -0.1420 -0.5847
vn 0.8076 -0.0711 -0.5855
vn -0.1046 -0.2911 -0.9510
vn -0.1996 -0.2843 -0.9377
vn -0.1125 -0.2041 -0.9725
vn -0.1205 -0.1494 -0.9814
vn 0.0051 -0.1491 -0.9888
vn 0.0208 -0.0550 -0.9983
vn -0.0104 -0.2203 -0.9754
vn 0.1153 -0.1337 -0.9843
vn 0.1152 -0.0472 -0.9922
vn 0.1073 -0.2353 -0.9660
vn 0.1237 -0.0869 -0.9885
vn 0.0135 -0.2995 -0.9540
vn 0.1153 0.0079 -0.9933
vn 0.1550 -0.1339 -0.9788
vn 0.2666 -0.0870 -0.9599
vn 0.2740 -0.1499 -0.9500
vn 0.2807 -0.2042 -0.9378
vn 0.1320 -0.2214 -0.9662
vn 0.2821 0.0237 -0.9591
vn 0.1233 -0.2826 -0.9513
vn 0.1319 -0.3622 -0.9227
vn 0.0924 -0.2764 -0.9566
vn 0.0058 -0.3700 -0.9290
vn 0.0686 -0.3689 -0.9269
vn 0.0697 -0.4895 -0.8692
vn 0.0142 -0.4721 -0.8814
vn 0.0227 -0.5599 -0.8283
vn -0.0962 -0.4010 -0.9110
vn -0.1038 -0.4640 -0.8797
vn -0.1030 -0.5985 -0.7944
vn -0.1982 -0.3850 -0.9014
vn -0.1833 -0.4748 -0.8608
vn -0.6851 0.1260 -0.7174
vn -0.6153 0.1024 -0.7816
vn -0.7235 0.0866 -0.6849
vn -0.6313 0.0473 -0.7741
vn -0.7413 0.0158 -0.6710
vn -0.5211 0.1182 -0.8453
vn -0.7299 -0.0079 -0.6835
vn -0.5614 0.0868 -0.8230
vn -0.4427 0.1418 -0.8854
vn -0.4644 0.0863 -0.8814
vn -0.5653 -0.0078 -0.8249
vn -0.3492 0.0631 -0.9349
vn -0.4122 0.1184 -0.9034
vn -0.4502 -0.0315 -0.8924
vn -0.3334 -0.0157 -0.9427
vn -0.3411 0.1025 -0.9344
vn -0.3567 0.0236 -0.9339
vn -0.3263 -0.0079 -0.9452
vn -0.2619 0.0393 -0.9643
vn -0.2230 0.1261 -0.9666
vn -0.2236 0.1580 -0.9618
vn -0.1365 0.1733 -0.9754
vn -0.1212 0.1106 -0.9864
vn -0.2381 -0.0157 -0.9711
vn 0.0288 0.1025 -0.9943
vn 0.0366 0.1883 -0.9814
vn -0.0735 0.0079 -0.9973
vn 0.0522 -0.0157 -0.9985
vn 0.1158 0.0948 -0.9887
vn 0.1074 0.1415 -0.9841
vn 0.1543 0.1647 -0.9742
vn 0.0920 0.0158 -0.9956
vn 0.1315 0.0868 -0.9875
vn 0.2573 0.0787 -0.9631
vn 0.0443 0.0157 -0.9989
vn -0.0735 -0.0000 -0.9973
vn -0.1285 -0.0708 -0.9892
vn -0.2153 -0.0552 -0.9750
vn -0.3261 -0.0395 -0.9445
vn -0.1909 -0.1413 -0.9714
vn -0.3955 -0.0551 -0.9168
vn -0.3418 -0.1423 -0.9289
vn -0.4105 -0.1493 -0.8996
vn -0.3242 -0.2358 -0.9161
vn -0.1760 -0.2131 -0.9611
vn -0.2932 -0.2676 -0.9178
vn 0.8020 0.0079 -0.5973
vn 0.7818 0.0079 -0.6234
vn 0.8211 0.0551 -0.5681
vn 0.7807 -0.0551 -0.6225
vn 0.6829 0.0392 -0.7294
vn 0.7675 0.0316 -0.6403
vn 0.6944 0.0552 -0.7174
vn 0.6050 0.0708 -0.7930
vn 0.7011 0.1338 -0.7004
vn 0.7070 0.0314 -0.7065
vn 0.7087 -0.0866 -0.7002
vn 0.5908 -0.0789 -0.8029
vn 0.6400 0.0632 -0.7658
vn 0.6153 0.0158 -0.7882
vn 0.6400 0.0632 -0.7657
vn -0.7846 0.3621 -0.5033
vn -0.5893 0.4010 -0.7014
vn -0.6437 0.3852 -0.6613
vn -0.5751 0.4178 -0.7034
vn -0.8424 0.1895 -0.5044
vn -0.5376 0.3794 -0.7531
vn -0.4583 0.3708 -0.8078
vn -0.5658 0.3930 -0.7249
vn -0.4088 0.4317 -0.8041
vn -0.5067 0.2766 -0.8166
vn -0.6133 0.2752 -0.7404
vn -0.5055 0.2839 -0.8148
vn -0.3315 0.3852 -0.8612
vn -0.3245 0.4338 -0.8405
vn -0.3719 0.2758 -0.8864
vn -0.5039 0.1492 -0.8508
vn -0.4100 0.1570 -0.8985
vn -0.2070 0.2599 -0.9432
vn -0.2308 0.3554 -0.9058
vn -0.2619 0.3389 -0.9036
vn -0.1441 0.3393 -0.9296
vn -0.1359 0.2829 -0.9495
vn -0.2143 0.2356 -0.9479
vn -0.2312 0.1578 -0.9600
vn -0.2539 0.1887 -0.9487
vn -0.4101 0.1020 -0.9063
vn -0.2845 0.1568 -0.9457
vn -0.4647 0.0785 -0.8820
vn -0.5217 0.1577 -0.8384
vn -0.5445 0.1260 -0.8292
vn -0.7214 0.2906 -0.6286
vn -0.6160 0.1421 -0.7748
vn -0.8561 0.0787 -0.5107
vn -0.8460 0.0157 -0.5329
vn 0.6700 0.2677 -0.6924
vn 0.7323 0.1651 -0.6607
vn 0.6850 0.1731 -0.7077
vn 0.6376 0.1889 -0.7468
vn 0.6116 0.1099 -0.7835
vn 0.5579 0.0944 -0.8245
vn 0.6849 0.1731 -0.7077
vn 0.7494 0.1024 -0.6541
vn 0.5726 0.0864 -0.8153
vn 0.5034 0.1104 -0.8570
vn 0.4952 0.0867 -0.8645
vn 0.4376 0.0078 -0.8991
vn 0.3992 0.0236 -0.9166
vn 0.4722 0.0158 -0.8814
vn 0.2821 0.0316 -0.9589
vn 0.1384 0.0392 -0.9896
vn 0.3850 0.0711 -0.9202
vn 0.2097 0.1807 -0.9609
vn 0.2101 0.2124 -0.9543
vn 0.3458 0.1344 -0.9286
vn 0.1710 0.2050 -0.9637
vn 0.2027 0.2444 -0.9483
vn 0.3124 0.1887 -0.9310
vn 0.2652 0.3298 -0.9060
vn 0.3226 0.4028 -0.8565
vn 0.2981 0.4097 -0.8621
vn 0.2828 0.3633 -0.8877
vn 0.3542 0.3555 -0.8650
vn 0.3446 0.3930 -0.8525
vn 0.3691 0.2761 -0.8874
vn 0.3297 0.3234 -0.8870
vn 0.3913 0.3845 -0.8361
vn 0.4572 0.3081 -0.8343
vn 0.4878 0.1656 -0.8571
vn 0.5728 0.1807 -0.7995
vn 0.5171 0.3295 -0.7900
vn 0.5029 0.3461 -0.7921
vn 0.5933 0.3637 -0.7181
vn 0.6363 0.3610 -0.6818
vn 0.6067 0.3779 -0.6994
vn 0.6068 0.2916 -0.7394
vn 0.6459 0.3698 -0.6679
vn 0.6699 0.2678 -0.6924
vn 0.8970 -0.2846 0.3383
vn 0.9270 -0.2052 0.3138
vn 0.9047 -0.2036 0.3741
vn 0.9762 -0.1729 0.1311
vn 0.9548 -0.1180 0.2730
vn 0.8540 -0.2910 0.4313
vn 0.8075 -0.4014 0.4322
vn 0.9091 -0.1180 0.3994
vn 0.7678 -0.5117 0.3855
vn 0.7552 -0.4978 0.4265
vn 0.8697 -0.1729 0.4624
vn 0.7597 -0.3928 0.5182
vn 0.7634 -0.2602 0.5912
vn 0.8702 -0.1180 0.4783
vn 0.6922 -0.4733 0.5448
vn 0.7717 -0.1893 0.6071
vn 0.7182 -0.3877 0.5778
vn 0.6690 -0.5291 0.5220
vn 0.7704 -0.2205 0.5982
vn 0.7668 -0.2195 0.6032
vn 0.7218 -0.5517 0.4179
vn 0.5910 -0.5371 0.6019
vn 0.7682 -0.5279 0.3621
vn 0.7764 -0.5044 0.3779
vn 0.7526 -0.5278 0.3937
vn 0.6642 -0.6204 0.4170
vn 0.7292 -0.5594 0.3941
vn 0.7449 -0.5836 0.3233
vn 0.6099 -0.7002 0.3712
vn 0.6959 -0.6857 0.2133
vn 0.5689 -0.6894 0.4484
vn 0.6040 -0.6463 0.4664
vn 0.5566 -0.6764 0.4823
vn 0.5768 -0.6976 0.4250
vn 0.6453 -0.7636 -0.0226
vn 0.5198 -0.8488 0.0967
vn 0.5904 -0.8014 0.0959
vn 0.6387 -0.7635 0.0955
vn 0.6237 -0.7810 0.0328
vn 0.9311 -0.3549 0.0847
vn 0.7339 -0.6642 -0.1423
vn 0.8098 -0.5823 -0.0716
vn 0.7000 -0.7089 -0.0862
vn 0.7449 -0.6520 -0.1416
vn 0.2824 -0.9470 -0.1529
vn 0.4448 -0.8691 0.2165
vn 0.7449 -0.6520 -0.1415
vn 0.5892 -0.8026 -0.0929
vn 0.6686 -0.7330 -0.1253
vn 0.7239 -0.6854 -0.0786
vn 0.7001 -0.7088 -0.0863
vn 0.8513 -0.5115 0.1168
vn 0.5029 -0.8637 0.0339
vn 0.7836 -0.5679 0.2520
vn 0.7892 -0.5027 0.3529
vn 0.7042 -0.6059 0.3702
vn 0.7289 -0.6394 0.2448
vn 0.6942 -0.7086 0.1264
vn 0.4916 -0.8109 0.3175
vn 0.5638 -0.7657 0.3097
vn 0.5496 -0.7026 0.4521
vn 0.5638 -0.7656 0.3098
vn 0.5168 -0.7814 0.3497
vn 0.5637 -0.6765 0.4739
vn 0.7150 -0.3858 0.5830
vn 0.7046 -0.3844 0.5965
vn 0.5953 -0.6373 0.4894
vn 0.4710 -0.7100 0.5235
vn 0.5018 -0.7011 0.5066
vn 0.5329 -0.6051 0.5915
vn 0.3600 -0.7069 0.6088
vn 0.5329 -0.6051 0.5916
vn 0.5562 -0.6769 0.4821
vn 0.5576 -0.6386 0.5303
vn 0.6131 -0.4645 0.6390
vn 0.5907 -0.4098 0.6951
vn 0.4958 -0.5198 0.6957
vn 0.5519 -0.4815 0.6808
vn 0.5423 -0.4244 0.7251
vn 0.5609 -0.2446 0.7910
vn 0.6457 -0.3784 0.6632
vn 0.7198 -0.2428 0.6503
vn 0.7225 -0.2044 0.6605
vn 0.5532 -0.1736 0.8147
vn 0.6374 -0.2124 0.7407
vn 0.6405 -0.1897 0.7442
vn 0.5295 -0.0631 0.8460
vn 0.7877 -0.1973 0.5836
vn 0.7021 -0.2132 0.6794
vn 0.8251 -0.1576 0.5426
vn 0.8163 -0.0708 0.5733
vn 0.7240 -0.0788 0.6853
vn 0.8459 -0.0942 0.5250
vn 0.8863 -0.0866 0.4549
vn 0.7395 0.0709 0.6694
vn 0.8436 0.0237 0.5364
vn 0.7944 0.0394 0.6061
vn 0.6390 -0.0710 0.7659
vn 0.6521 0.0707 0.7548
vn 0.7174 0.0552 0.6944
vn 0.7702 0.0314 0.6371
vn 0.7554 0.0473 0.6536
vn 0.7174 0.0553 0.6944
vn 0.7141 0.0392 0.6989
vn 0.6403 0.0316 0.7674
vn 0.7142 0.1099 0.6913
vn 0.7810 0.1422 0.6081
vn 0.8633 0.0472 0.5024
vn 0.8547 0.0393 0.5177
vn 0.8896 0.0158 0.4565
vn 0.8717 0.0552 0.4870
vn 0.9209 -0.0000 0.3898
vn 0.9161 0.0393 0.3990
vn 0.8726 0.0316 0.4874
vn 0.8786 0.1180 0.4628
vn 0.9137 -0.0633 0.4015
vn 0.9526 -0.0707 0.2959
vn 0.8101 0.1498 0.5668
vn 0.9449 0.0079 0.3272
vn 0.9782 -0.1181 0.1707
vn 0.9856 -0.1418 0.0919
vn 0.9779 -0.0944 0.1863
vn 0.9783 -0.2050 0.0290
vn 0.9793 -0.0000 0.2023
vn 0.9905 -0.0864 0.1072
vn 0.9849 -0.1733 -0.0026
vn 0.9962 -0.0870 0.0052
vn 0.9715 -0.2370 -0.0104
vn 0.9950 -0.0000 0.0998
vn 0.9653 -0.2611 0.0055
vn 0.9947 -0.0790 -0.0659
vn 0.9632 -0.2607 -0.0656
vn 0.9793 -0.1818 -0.0895
vn 0.9354 -0.3537 -0.0021
vn 0.9722 -0.2197 -0.0810
vn 0.9139 -0.3943 -0.0965
vn 0.8484 -0.5191 -0.1035
vn 0.9529 -0.2525 -0.1680
vn 0.9628 -0.1977 -0.1842
vn 0.8411 -0.5120 -0.1744
vn 0.8257 -0.5282 -0.1980
vn 0.9022 -0.4009 -0.1590
vn 0.8175 -0.5282 -0.2295
vn 0.8249 -0.5200 -0.2216
vn 0.7752 -0.5891 -0.2282
vn 0.8826 -0.3952 -0.2545
vn 0.9339 -0.2518 -0.2539
vn 0.7753 -0.5116 -0.3704
vn 0.7627 -0.5452 -0.3479
vn 0.7521 -0.5745 -0.3228
vn 0.8199 -0.4004 -0.4091
vn 0.7335 -0.5493 -0.4003
vn 0.7188 -0.5737 -0.3927
vn 0.7575 -0.5027 -0.4166
vn 0.8663 -0.2746 -0.4172
vn 0.6337 -0.6923 -0.3451
vn 0.8062 -0.3936 -0.4417
vn 0.8943 -0.2364 -0.3799
vn 0.8281 -0.2751 -0.4884
vn 0.7185 -0.5111 -0.4717
vn 0.7830 -0.3941 -0.4813
vn 0.6883 -0.5437 -0.4802
vn 0.6361 -0.5013 -0.5865
vn 0.6160 -0.6134 -0.4942
vn 0.6403 -0.5515 -0.5347
vn 0.5939 -0.6462 -0.4793
vn 0.5517 -0.6900 -0.4685
vn 0.5454 -0.6532 -0.5253
vn 0.5526 -0.6601 -0.5088
vn 0.5841 -0.6675 -0.4617
vn 0.5799 -0.7180 -0.3849
vn 0.4631 -0.4711 -0.7508
vn 0.2555 -0.8744 -0.4124
vn 0.5215 -0.6534 -0.5488
vn 0.7924 -0.4025 -0.4584
vn 0.5356 -0.6433 -0.5471
vn 0.7914 -0.3864 -0.4737
vn 0.5780 -0.6928 -0.4313
vn 0.7943 -0.2745 -0.5419
vn 0.2739 -0.9455 -0.1763
vn 0.4628 -0.8593 -0.2178
vn 0.7431 -0.6202 -0.2514
vn 0.8485 -0.4728 -0.2376
vn 0.6995 -0.6934 -0.1729
vn 0.6832 -0.7011 -0.2043
vn 0.6575 -0.6920 -0.2980
vn -0.3540 -0.6594 0.6632
vn -0.1984 -0.8096 0.5524
vn -0.0126 -0.9539 0.2998
vn 0.7295 -0.6828 -0.0392
vn 0.7331 -0.6772 0.0630
vn 0.6371 -0.7707 0.0010
vn 0.7871 -0.6143 -0.0557
vn 0.4626 -0.8801 -0.1071
vn 0.5959 -0.7789 -0.1952
vn 0.6219 -0.7582 -0.1962
vn 0.7701 -0.6067 -0.1973
vn 0.8016 -0.5970 0.0307
vn 0.8346 -0.5438 -0.0877
vn 0.8279 -0.5600 -0.0325
vn 0.8051 -0.5922 -0.0323
vn 0.7101 -0.7026 -0.0471
vn 0.8122 -0.5834 -0.0008
vn 0.7836 -0.6084 0.1260
vn 0.8734 -0.4795 0.0850
vn 0.8635 -0.5026 -0.0406
vn 0.8270 -0.5423 0.1484
vn 0.6725 -0.7262 0.1428
vn 0.8743 -0.4479 0.1871
vn 0.6561 -0.7165 0.2371
vn 0.7513 -0.6067 0.2599
vn 0.8030 -0.5334 0.2660
vn 0.9279 -0.3613 0.0922
vn 0.8536 -0.4649 0.2352
vn 0.9024 -0.3950 0.1721
vn 0.8899 -0.4006 0.2183
vn 0.9280 -0.3455 0.1393
vn 0.9561 -0.2923 0.0214
vn 0.9030 -0.3237 0.2825
vn 0.8454 -0.4011 0.3528
vn 0.6313 -0.4646 -0.6210
vn 0.5061 -0.6071 -0.6126
vn 0.5911 -0.4643 -0.6595
vn 0.6309 -0.3939 -0.6684
vn 0.8226 -0.2602 -0.5056
vn 0.8222 -0.2286 -0.5212
vn 0.8135 -0.2048 -0.5444
vn 0.6405 -0.2924 -0.7102
vn 0.6713 -0.2998 -0.6778
vn 0.7404 -0.1888 -0.6451
vn 0.7988 -0.1420 -0.5846
vn 0.8493 -0.1333 -0.5109
vn 0.8076 -0.0711 -0.5854
vn 0.8637 -0.0711 -0.4990
vn 0.9165 -0.1259 -0.3796
vn 0.9305 -0.0471 -0.3633
vn 0.8677 0.0079 -0.4969
vn 0.8020 0.0078 -0.5972
vn 0.9367 0.0158 -0.3498
vn 0.9501 -0.0394 -0.3096
vn 0.9587 -0.1418 -0.2466
vn 0.8637 0.0711 -0.4990
vn 0.9512 -0.2049 -0.2308
vn 0.9609 -0.1737 -0.2155
vn 0.9659 -0.0787 -0.2466
vn 0.9392 0.0471 -0.3400
vn 0.9711 0.0628 -0.2302
vn 0.9949 0.0237 -0.0976
vn 0.9646 0.0315 -0.2620
vn 0.9507 0.0158 -0.3098
vn 1.0000 -0.0000 0.0050
vn 0.9890 0.0314 -0.1442
vn 0.9982 0.0471 0.0365
vn 0.9693 0.0553 -0.2395
vn 0.9939 0.0473 0.0997
vn 0.9911 0.0786 0.1073
vn 0.9738 0.0632 0.2186
vn 0.9513 0.0395 0.3058
vn 0.9597 0.0706 0.2721
vn 0.9763 0.0786 0.2017
vn 0.9967 0.0785 0.0207
vn 0.9763 0.1336 0.1703
vn 0.9219 0.0627 0.3824
vn 0.9316 0.1179 0.3439
vn 0.9458 0.1493 0.2884
vn 0.9333 0.1892 0.3053
vn 0.9379 0.1807 0.2963
vn 0.9838 0.1494 0.0996
vn 0.9795 0.1894 0.0685
vn 0.9672 0.1883 0.1702
vn 0.9005 0.2754 0.3366
vn 0.9218 0.2591 0.2885
vn 0.9644 0.2607 0.0450
vn 0.9785 0.2052 -0.0183
vn 0.9849 0.1733 -0.0026
vn 0.9481 0.2681 0.1712
vn 0.9815 0.1651 -0.0970
vn 0.9713 0.2134 -0.1053
vn 0.9653 0.2591 -0.0338
vn 0.9698 0.1501 -0.1921
vn 0.9669 0.2047 -0.1521
vn 0.9429 0.0710 -0.3255
vn 0.9478 0.1571 -0.2773
vn 0.9544 0.2764 -0.1129
vn 0.9514 0.2834 -0.1204
vn 0.9349 0.1419 -0.3254
vn 0.9039 0.0790 -0.4204
vn 0.9034 0.1184 -0.4122
vn 0.9215 0.0392 -0.3864
vn 0.8724 0.0711 -0.4837
vn 0.8833 0.1022 -0.4575
vn 0.8240 0.0711 -0.5621
vn 0.8773 0.1654 -0.4505
vn 0.9014 0.1575 -0.4034
vn 0.7819 0.0078 -0.6234
vn 0.7071 0.0314 -0.7064
vn 0.7819 0.0079 -0.6234
vn 0.7790 0.0864 -0.6211
vn 0.6829 0.0393 -0.7294
vn 0.6945 0.0552 -0.7174
vn 0.7012 0.1338 -0.7003
vn 0.7087 -0.0866 -0.7001
vn 0.6401 0.0633 -0.7657
vn 0.6051 0.0708 -0.7930
vn 0.6401 0.0632 -0.7657
vn 0.6153 0.0158 -0.7881
vn 0.5420 -0.0236 -0.8400
vn 0.5209 -0.0554 -0.8518
vn 0.7323 0.1652 -0.6606
vn 0.6700 0.2678 -0.6924
vn 0.7318 0.3142 -0.6047
vn 0.6117 0.1099 -0.7835
vn 0.6850 0.1732 -0.7077
vn 0.8185 0.1648 -0.5504
vn 0.7813 0.3069 -0.5435
vn 0.8187 0.0943 -0.5664
vn 0.5344 0.3147 -0.7845
vn 0.6067 0.3779 -0.6993
vn 0.5934 0.3638 -0.7180
vn 0.5934 0.3637 -0.7181
vn 0.6460 0.3698 -0.6678
vn 0.7487 0.3694 -0.5504
vn 0.7638 0.3377 -0.5500
vn 0.7516 0.3944 -0.5287
vn 0.7724 0.3771 -0.5111
vn 0.7890 0.3931 -0.4723
vn 0.7658 0.4092 -0.4961
vn 0.8465 0.2838 -0.4505
vn 0.8352 0.3844 -0.3933
vn 0.8329 0.3948 -0.3879
vn 0.8701 0.2836 -0.4032
vn 0.9177 0.2989 -0.2616
vn 0.8797 0.3862 -0.2774
vn 0.8804 0.3786 -0.2855
vn 0.9120 0.3780 -0.1594
vn 0.9201 0.3701 -0.1280
vn 0.9283 0.3545 -0.1123
vn 0.9377 0.3313 -0.1047
vn 0.9367 0.3465 -0.0494
vn 0.9596 0.2754 -0.0575
vn 0.9403 0.3397 0.0215
vn 0.9539 0.2995 0.0213
vn 0.9079 0.3623 0.2108
vn 0.9147 0.3540 0.1948
vn 0.8707 0.3785 0.3140
vn 0.8773 0.3701 0.3056
vn 0.8385 0.3936 0.3768
vn 0.8207 0.4161 0.3917
vn 0.8128 0.4239 0.3995
vn 0.8386 0.3857 0.3847
vn 0.7921 0.3777 0.4794
vn 0.8419 0.2605 0.4726
vn 0.8418 0.2131 0.4960
vn 0.7853 0.2676 0.5583
vn 0.7785 0.2128 0.5905
vn 0.7626 0.3626 0.5358
vn 0.7482 0.2841 0.5996
vn 0.7917 0.2121 0.5729
vn 0.7921 0.3777 0.4795
vn 0.6900 0.3298 0.6443
vn 0.6898 0.3454 0.6363
vn 0.6760 0.3542 0.6461
vn 0.6779 0.3473 0.6479
vn 0.6917 0.3069 0.6537
vn 0.7021 0.2369 0.6716
vn 0.5652 0.1959 0.8014
vn 0.6231 0.3076 0.7191
vn 0.5296 0.3237 0.7840
vn 0.6036 0.3528 0.7149
vn 0.5053 0.3786 0.7755
vn 0.6036 0.3371 0.7226
vn 0.5213 0.2997 0.7990
vn 0.7217 -0.5518 0.4179
vn 0.6642 -0.6205 0.4170
vn 0.5689 -0.6895 0.4484
vn 0.5159 -0.7555 0.4038
vn 0.6098 -0.7003 0.3712
vn 0.5473 -0.7806 0.3017
vn 0.6086 -0.7804 0.1433
vn 0.5576 -0.6387 0.5302
vn 0.5143 -0.8440 0.1523
vn 0.4440 -0.8589 0.2553
vn 0.5551 -0.7400 0.3798
vn 0.4610 -0.8283 0.3185
vn 0.5246 -0.7406 0.4199
vn 0.5562 -0.6770 0.4821
vn 0.4596 -0.8507 0.2551
vn 0.4201 -0.8409 0.3412
vn 0.2481 -0.9336 0.2585
vn 0.2566 -0.8494 0.4613
vn 0.3644 -0.9142 0.1774
vn 0.3735 -0.9000 0.2249
vn 0.4279 -0.8491 0.3099
vn 0.3802 -0.8973 0.2242
vn 0.4257 -0.8956 0.1290
vn 0.5207 -0.8416 0.1439
vn 0.5872 -0.7825 0.2071
vn 0.5992 -0.7949 0.0959
vn 0.5198 -0.8488 0.0966
vn 0.6453 -0.7636 -0.0227
vn 0.4806 -0.8637 0.1519
vn 0.4973 -0.8580 0.1285
vn 0.5903 -0.8015 0.0959
vn 0.5449 -0.8377 -0.0374
vn 0.6386 -0.7636 0.0955
vn 0.6236 -0.7810 0.0328
vn 0.4803 -0.8684 -0.1235
vn 0.7836 -0.5679 0.2519
vn 0.4311 -0.8890 -0.1541
vn 0.3680 -0.9261 -0.0824
vn 0.5892 -0.8027 -0.0928
vn 0.4625 -0.8801 -0.1071
vn 0.9311 -0.3547 0.0846
vn 0.4629 -0.8667 -0.1862
vn 0.7001 -0.7088 -0.0862
vn 0.7339 -0.6642 -0.1422
vn 0.7001 -0.7089 -0.0863
vn 0.2121 -0.9764 -0.0416
vn 0.2825 -0.9470 -0.1530
vn 0.7448 -0.6520 -0.1416
vn 0.5029 -0.8637 0.0338
vn 0.6686 -0.7330 -0.1254
vn 0.5893 -0.8026 -0.0928
vn 0.2444 -0.9697 0.0053
vn 0.8513 -0.5116 0.1168
vn 0.7043 -0.6058 0.3702
vn 0.1598 -0.9706 0.1798
vn 0.7892 -0.5026 0.3529
vn -0.3702 -0.9283 -0.0354
vn -0.7202 -0.5424 -0.4326
vn 0.5496 -0.7026 0.4520
vn 0.4695 -0.7721 0.4283
vn 0.5636 -0.6766 0.4739
vn 0.6194 -0.5585 0.5518
vn 0.6138 -0.4730 0.6320
vn 0.3678 -0.8541 0.3678
vn 0.5173 -0.6531 0.5531
vn 0.2869 -0.9057 0.3120
vn 0.3828 -0.8695 0.3121
vn 0.5953 -0.6373 0.4893
vn 0.4711 -0.7099 0.5235
vn 0.2730 -0.8351 0.4776
vn 0.2638 -0.8639 0.4291
vn 0.2572 -0.8264 0.5010
vn 0.2495 -0.7935 0.5551
vn 0.3752 -0.7707 0.5150
vn 0.5017 -0.7011 0.5067
vn 0.3600 -0.7070 0.6088
vn 0.5328 -0.6051 0.5916
vn 0.5115 -0.5042 0.6958
vn 0.5939 -0.6463 -0.4792
vn 0.5841 -0.6676 -0.4618
vn 0.5540 -0.7618 -0.3358
vn 0.6336 -0.6924 -0.3451
vn 0.5798 -0.7181 -0.3850
vn 0.4620 -0.8358 -0.2967
vn 0.4559 -0.8685 -0.1944
vn 0.4063 -0.8436 -0.3512
vn 0.3681 -0.9060 -0.2088
vn 0.5223 -0.7315 -0.4383
vn 0.4174 -0.6673 -0.6168
vn 0.3097 -0.8411 -0.4435
vn 0.3393 -0.7305 -0.5927
vn 0.2884 -0.9207 -0.2628
vn 0.1936 -0.9434 -0.2694
vn 0.3320 -0.7394 -0.5857
vn -0.3869 -0.8946 -0.2235
vn -0.5069 -0.7700 -0.3874
vn -0.4260 -0.8788 -0.2151
vn -0.5379 -0.7781 -0.3244
vn -0.4880 -0.8634 -0.1282
vn -0.4283 -0.8334 -0.3492
vn -0.5389 -0.7633 -0.3563
vn -0.4351 -0.8563 -0.2782
vn -0.5979 -0.6563 -0.4602
vn -0.8739 -0.3560 -0.3309
vn -0.4119 -0.8995 -0.1455
vn -0.9399 -0.1181 -0.3205
vn -0.6344 -0.7595 -0.1436
vn -0.8683 -0.4488 -0.2112
vn -0.4342 -0.8544 -0.2854
vn -0.4556 -0.8887 0.0521
vn -0.5037 -0.8525 0.1396
vn -0.7789 -0.6222 0.0792
vn -0.7438 -0.6054 0.2831
vn -0.4014 -0.9014 0.1624
vn -0.4025 -0.9144 -0.0430
vn -0.3851 -0.9210 0.0592
vn -0.6319 -0.7645 -0.1272
vn -0.3908 -0.9101 0.1376
vn -0.7797 -0.5534 0.2930
vn -0.5785 -0.7318 0.3604
vn -0.3525 -0.9140 0.2008
vn -0.5589 -0.8059 0.1956
vn -0.6734 -0.6765 0.2983
vn -0.7559 -0.4549 0.4708
vn -0.3881 -0.7940 0.4680
vn -0.5766 -0.6448 0.5017
vn -0.5462 -0.6386 0.5421
vn -0.3430 -0.9178 0.1998
vn -0.5317 -0.7334 0.4236
vn -0.4787 -0.8368 0.2656
vn -0.2797 -0.8973 0.3414
vn -0.3508 -0.8888 0.2948
vn -0.3283 -0.9136 0.2398
vn -0.4128 -0.8408 0.3502
vn -0.3360 -0.9129 0.2318
vn -0.4290 -0.8563 0.2874
vn -0.4458 -0.8501 0.2803
vn -0.5408 -0.7806 0.3133
vn -0.5483 -0.7875 0.2815
vn -0.3842 -0.9129 0.1379
vn -0.4961 -0.8461 0.1951
vn -0.4938 -0.8571 0.1468
vn -0.5421 -0.8343 0.1003
vn -0.7204 -0.6675 0.1883
vn -0.5599 -0.8283 0.0218
vn -0.6436 -0.7622 0.0697
vn -0.5583 -0.8268 0.0689
vn -0.6214 -0.7797 0.0775
vn -0.7142 -0.6989 0.0391
vn -0.5834 -0.8121 0.0063
vn -0.7260 -0.6775 -0.1183
vn -0.6452 -0.7625 -0.0481
vn -0.6528 -0.7541 -0.0716
vn -0.7591 -0.6479 -0.0630
vn -0.8046 -0.5913 -0.0545
vn -0.8064 -0.5761 -0.1335
vn -0.7136 -0.6720 -0.1979
vn -0.7127 -0.6225 -0.3234
vn -0.7604 -0.5678 -0.3152
vn -0.7506 -0.5582 -0.3536
vn -0.6021 -0.7570 -0.2538
vn -0.6605 -0.6728 -0.3333
vn -0.5963 -0.5428 -0.5915
vn -0.4764 -0.8364 -0.2711
vn -0.2739 -0.7555 -0.5952
vn -0.2103 -0.8522 -0.4791
vn -0.3133 -0.7641 -0.5639
vn -0.3226 -0.6866 -0.6515
vn -0.2027 -0.8535 -0.4800
vn -0.2559 -0.8808 -0.3984
vn -0.1774 -0.9061 -0.3842
vn -0.1153 -0.8744 -0.4714
vn -0.0209 -0.8729 -0.4874
vn -0.2018 -0.8324 -0.5161
vn -0.3177 -0.8958 -0.3109
vn -0.1543 -0.8812 -0.4468
vn -0.0939 -0.7162 -0.6915
vn -0.4060 -0.7944 -0.4519
vn -0.1981 -0.5282 -0.8257
vn -0.1102 -0.7034 -0.7022
vn -0.1460 -0.9147 -0.3770
vn -0.3148 -0.7111 -0.6287
vn -0.1390 -0.8667 -0.4791
vn -0.2130 -0.9747 -0.0685
vn 0.0963 -0.8116 -0.5763
vn 0.0833 -0.9451 -0.3159
vn 0.1477 -0.9636 -0.2227
vn 0.0877 -0.7781 -0.6219
vn -0.0293 -0.8530 -0.5210
vn 0.1138 -0.9252 -0.3619
vn 0.0719 -0.9937 0.0859
vn 0.0660 -0.8953 -0.4405
vn 0.0184 -0.8728 -0.4877
vn 0.0650 -0.8476 -0.5266
vn 0.1443 -0.8506 -0.5056
vn 0.1135 -0.8768 -0.4673
vn 0.1620 -0.9231 -0.3489
vn 0.0995 -0.9602 -0.2608
vn 0.1207 -0.8443 -0.5221
vn 0.1699 -0.9565 -0.2370
vn 0.0611 -0.9829 -0.1737
vn 0.0610 -0.9829 -0.1737
vn 0.4028 -0.7157 -0.5706
vn 0.2559 -0.9046 -0.3410
vn 0.2616 -0.8319 -0.4894
vn 0.3404 -0.7708 -0.5385
vn 0.0687 -0.9763 -0.2054
vn 0.4517 -0.6555 -0.6052
vn -0.0484 -0.9936 -0.1020
vn 0.1304 -0.9369 -0.3242
vn 0.3435 -0.8610 -0.3749
vn 0.5216 -0.6534 -0.5487
vn 0.5355 -0.6434 -0.5471
vn 0.4053 -0.8568 -0.3188
vn 0.5991 -0.6047 -0.5248
vn 0.3606 -0.9072 -0.2168
vn 0.3981 -0.8875 -0.2320
vn 0.4291 -0.8639 -0.2638
vn 0.7368 -0.6138 -0.2834
vn 0.7432 -0.6201 -0.2513
vn 0.4618 -0.8720 -0.1621
vn 0.4003 -0.9059 -0.1382
vn 0.4623 -0.8436 -0.2730
vn 0.4999 -0.8247 -0.2645
vn 0.5628 -0.7855 -0.2574
vn 0.5959 -0.7790 -0.1952
vn 0.5396 -0.8017 -0.2573
vn 0.6832 -0.7011 -0.2042
vn 0.6995 -0.6934 -0.1730
vn 0.6574 -0.6921 -0.2980
vn 0.4562 -0.5735 -0.6804
vn 0.3398 -0.6391 -0.6900
vn 0.3557 -0.5926 -0.7227
vn 0.2598 -0.6451 -0.7186
vn 0.2675 -0.6139 -0.7427
vn 0.3491 -0.6803 -0.6445
vn 0.2513 -0.6591 -0.7089
vn 0.3646 -0.7412 -0.5637
vn 0.2846 -0.6398 -0.7139
vn 0.2909 -0.6749 -0.6781
vn 0.2157 -0.8661 -0.4510
vn 0.1967 -0.6220 -0.7579
vn 0.1904 -0.7640 -0.6164
vn -0.1581 -0.5665 -0.8087
vn -0.1105 -0.6545 -0.7480
vn -0.0870 -0.6304 -0.7713
vn -0.2366 -0.6310 -0.7389
vn -0.3226 -0.6865 -0.6516
vn -0.3698 -0.6143 -0.6970
vn -0.6229 -0.4900 -0.6098
vn -0.6529 -0.3939 -0.6469
vn -0.3939 -0.6074 -0.6899
vn -0.4703 -0.7168 -0.5149
vn -0.3999 -0.7572 -0.5164
vn -0.2957 -0.8327 -0.4682
vn -0.3127 -0.8118 -0.4932
vn -0.1935 -0.8992 -0.3924
vn -0.5816 -0.6234 -0.5226
vn -0.1933 -0.8891 -0.4149
vn -0.1927 -0.9217 -0.3367
vn -0.2259 -0.8350 -0.5017
vn -0.5804 -0.6780 -0.4511
vn -0.6341 -0.6453 -0.4260
vn -0.0966 -0.9759 -0.1957
vn -0.3391 -0.9255 -0.1689
vn -0.5502 -0.7116 -0.4369
vn -0.0557 -0.9970 -0.0544
vn -0.3403 -0.9112 -0.2321
vn -0.0982 -0.9203 0.3786
vn 0.0297 -0.8183 0.5741
vn -0.1042 -0.8045 0.5848
vn 0.0751 -0.9131 0.4007
vn -0.1207 -0.8727 0.4730
vn -0.1590 -0.7576 0.6331
vn -0.0080 -0.6912 0.7227
vn -0.0981 -0.9064 0.4109
vn -0.0900 -0.8920 0.4430
vn -0.1365 -0.8516 0.5061
vn -0.2452 -0.7550 0.6082
vn -0.1183 -0.6775 0.7260
vn -0.1816 -0.6703 0.7195
vn -0.3157 -0.6771 0.6647
vn -0.3157 -0.6925 0.6487
vn -0.3243 -0.7551 0.5698
vn -0.3849 -0.6506 0.6547
vn -0.2464 -0.8705 0.4261
vn -0.3093 -0.7723 0.5549
vn -0.3956 -0.7857 0.4756
vn -0.3099 -0.8491 0.4279
vn -0.4764 -0.6723 0.5666
vn -0.2084 -0.9046 0.3719
vn -0.1772 -0.9206 0.3481
vn -0.3494 -0.8561 0.3808
vn -0.3268 -0.8811 0.3418
vn -0.5149 -0.7629 0.3909
vn -0.2620 -0.8406 0.4741
vn -0.4366 -0.8106 0.3903
vn -0.4685 -0.7574 0.4548
vn -0.2711 -0.8364 0.4763
vn -0.0125 -0.9539 0.2997
vn -0.2024 -0.3067 0.9301
vn -0.0125 -0.9540 0.2997
vn -0.3954 -0.6857 0.6111
vn -0.4167 -0.3468 0.8403
vn -0.4365 -0.7572 0.4858
vn -0.0745 -0.9262 0.3697
vn -0.1795 -0.3782 0.9082
vn 0.1491 -0.6921 0.7063
vn -0.0179 -0.8378 0.5456
vn 0.0487 -0.4625 0.8853
vn 0.0146 -0.7778 0.6284
vn 0.0002 -0.6668 0.7453
vn 0.1347 -0.4624 0.8764
vn 0.1265 -0.6145 0.7787
vn 0.0750 -0.9228 0.3778
vn 0.0510 -0.9394 0.3389
vn 0.0770 -0.8101 0.5812
vn 0.0687 -0.8423 0.5346
vn 0.0067 -0.7778 0.6285
vn 0.0485 -0.5026 0.8632
vn 0.0275 -0.9288 0.3697
vn 0.0293 -0.8402 0.5415
vn 0.1651 -0.7100 0.6846
vn 0.2120 -0.6601 0.7207
vn 0.2357 -0.7341 0.6368
vn 0.1816 -0.6640 0.7253
vn 0.0917 -0.8731 0.4789
vn 0.1463 -0.9174 0.3702
vn 0.1865 -0.8255 0.5327
vn 0.2220 -0.5937 0.7734
vn 0.1529 -0.9176 0.3670
vn 0.2355 -0.6357 0.7352
vn 0.3299 -0.6371 0.6966
vn 0.3002 -0.4247 0.8541
vn 0.7151 -0.3859 0.5829
vn 0.1959 -0.7652 0.6133
vn 0.1937 -0.8654 0.4621
vn 0.2721 -0.8489 0.4530
vn 0.2872 -0.8641 0.4133
vn 0.3295 -0.7737 0.5412
vn 0.3601 -0.7556 0.5472
vn 0.2834 -0.7029 0.6524
vn 0.3370 -0.6676 0.6639
vn 0.2833 -0.7029 0.6525
vn 0.3137 -0.6118 0.7262
vn 0.3158 -0.6403 0.7002
vn 0.3479 -0.5452 0.7627
vn 0.2215 -0.6247 0.7488
vn 0.2519 -0.5895 0.7675
vn -0.0146 -0.7816 -0.6236
vn -0.0224 -0.7777 -0.6283
vn -0.0394 -0.6786 -0.7334
vn -0.0293 -0.8402 -0.5415
vn 0.0022 -0.8440 -0.5364
vn -0.0853 -0.7792 -0.6209
vn 0.0651 -0.8419 -0.5358
vn -0.0609 -0.8332 -0.5496
vn -0.0765 -0.8324 -0.5489
vn -0.0787 -0.6690 -0.7390
vn -0.0929 -0.8128 -0.5751
vn -0.1236 -0.8597 -0.4956
vn -0.0930 -0.7856 -0.6118
vn -0.1399 -0.7852 -0.6032
vn -0.1322 -0.8385 -0.5286
vn 0.6371 -0.7708 0.0011
vn 0.6218 -0.7582 -0.1962
vn 0.7330 -0.6773 0.0630
vn 0.7100 -0.7026 -0.0471
vn 0.8051 -0.5923 -0.0323
vn 0.8016 -0.5971 0.0307
vn 0.8122 -0.5834 -0.0020
vn 0.7449 -0.5837 0.3233
vn 0.7513 -0.6067 0.2598
vn 0.4580 -0.6456 -0.6111
vn 0.4726 -0.6438 -0.6018
vn 0.5060 -0.6072 -0.6126
vn 0.6025 -0.5612 -0.5676
vn -0.1030 -0.5986 -0.7944
vn -0.4967 -0.5745 0.6506
vn -0.4340 -0.6065 0.6662
vn -0.4412 -0.5745 0.6894
vn -0.4660 -0.5990 0.6512
vn -0.4659 -0.5990 0.6513
vn -0.5221 -0.6386 0.5653
vn -0.6438 -0.6248 0.4418
vn -0.5282 -0.7134 0.4604
vn -0.5780 -0.6774 0.4551
vn -0.5077 -0.7716 0.3833
vn -0.6186 -0.6936 0.3691
vn -0.7630 -0.6306 0.1421
vn -0.8010 -0.5898 0.1029
vn -0.4968 -0.8571 -0.1362
vn -0.5844 -0.7868 -0.1983
vn -0.3492 -0.9242 -0.1543
vn -0.5217 -0.8349 -0.1756
vn -0.5553 -0.7810 -0.2860
vn -0.3235 -0.9455 -0.0360
vn 0.1259 -0.6942 0.7087
vn 0.0538 -0.7769 0.6273
vn 0.1091 -0.7635 0.6365
vn -0.0239 -0.7068 0.7070
vn 0.0776 -0.7618 0.6432
vn 0.0005 -0.6199 0.7847
vn -0.0159 -0.6869 0.7266
vn 0.0151 -0.7417 0.6706
vn -0.0165 -0.7415 0.6707
vn -0.0159 -0.6788 0.7342
vn 0.0010 -0.5655 0.8247
vn -0.0388 -0.6143 0.7881
vn -0.0312 -0.6319 0.7744
vn 0.0561 -0.5595 0.8269
vn -0.0955 -0.7491 0.6555
vn -0.3462 -0.6209 0.7033
vn -0.3295 -0.5419 0.7732
vn -0.3704 -0.5440 0.7529
vn 0.7668 -0.2194 0.6033
vn 0.6040 -0.6462 0.4665
vn 0.5245 -0.7407 0.4199
vn 0.2566 -0.8493 0.4613
vn 0.4202 -0.8408 0.3413
vn 0.6138 -0.4730 0.6321
vn 0.5174 -0.6530 0.5531
vn 0.7045 -0.3844 0.5965
vn 0.4389 -0.5806 0.6858
vn 0.3599 -0.7069 0.6089
vn 0.4647 -0.5043 0.7278
vn 0.5116 -0.5042 0.6957
vn 0.5519 -0.4814 0.6809
vn 0.6130 -0.4645 0.6391
vn 0.5906 -0.4098 0.6951
vn 0.6220 -0.2520 0.7413
vn 0.5608 -0.2446 0.7910
vn 0.5683 -0.2287 0.7904
vn 0.5532 -0.1736 0.8148
vn 0.7224 -0.2044 0.6606
vn 0.6404 -0.1897 0.7442
vn 0.5205 0.0551 0.8521
vn 0.8250 -0.1575 0.5427
vn 0.6471 0.0789 0.7583
vn 0.7174 0.0552 0.6945
vn 0.5531 0.0710 0.8301
vn 0.5685 0.0394 0.8217
vn 0.6403 0.0316 0.7675
vn 0.7553 0.0473 0.6537
vn 0.7141 0.0393 0.6990
vn 0.6234 0.1104 0.7741
vn 0.5655 0.1098 0.8174
vn 0.7141 0.1100 0.6913
vn -0.7796 -0.5535 0.2930
vn -0.3881 -0.7939 0.4680
vn -0.5139 -0.7232 0.4615
vn -0.5766 -0.6449 0.5017
vn -0.2130 -0.9747 -0.0684
vn 0.0719 -0.9937 0.0860
vn 0.1137 -0.9252 -0.3620
vn -0.1414 -0.6070 0.7820
vn -0.1816 -0.6702 0.7196
vn -0.1183 -0.6774 0.7260
vn -0.0389 -0.6143 0.7881
vn -0.0697 -0.5727 0.8168
vn 0.0009 -0.5655 0.8248
vn -0.1963 -0.6134 0.7650
vn 0.0329 -0.4875 0.8725
vn -0.1722 -0.5582 0.8117
vn -0.0853 -0.4888 0.8682
vn -0.3157 -0.6771 0.6648
vn -0.2195 -0.5273 0.8209
vn -0.1960 -0.4966 0.8456
vn -0.3092 -0.6257 0.7162
vn -0.2275 -0.4964 0.8377
vn -0.3294 -0.5419 0.7732
vn -0.3849 -0.6505 0.6547
vn -0.4339 -0.6065 0.6663
vn -0.4764 -0.6722 0.5667
vn -0.0126 -0.9539 0.2997
vn -0.0080 -0.6912 0.7226
vn -0.1794 -0.3783 0.9081
vn -0.5513 -0.3388 0.7624
vn -0.4075 -0.3457 0.8452
vn -0.4075 -0.3458 0.8452
vn 0.1491 -0.6920 0.7063
vn -0.0746 -0.9261 0.3698
vn -0.0179 -0.8378 0.5457
vn 0.0001 -0.6667 0.7453
vn 0.0485 -0.5025 0.8632
vn 0.0972 -0.1893 0.9771
vn 0.2121 -0.6600 0.7207
vn 0.2357 -0.7341 0.6369
vn 0.1817 -0.6640 0.7253
vn 0.2220 -0.5937 0.7735
vn 0.3300 -0.6371 0.6966
vn 0.2221 -0.5937 0.7734
vn 0.2355 -0.6356 0.7352
vn 0.1958 -0.7652 0.6133
vn 0.3370 -0.6675 0.6640
vn 0.2834 -0.7028 0.6525
vn 0.2215 -0.6246 0.7488
vn 0.2120 -0.6600 0.7207
vn 0.1818 -0.5909 0.7860
vn 0.4180 -0.5204 0.7446
vn 0.3480 -0.5451 0.7627
vn 0.1578 -0.5895 0.7922
vn 0.2518 -0.5894 0.7676
vn 0.3944 -0.5044 0.7682
vn 0.3471 -0.4643 0.8148
vn 0.0488 -0.4812 0.8752
vn 0.1827 -0.4810 0.8575
vn 0.3393 -0.4564 0.8226
vn -0.6715 -0.4022 0.6223
vn -0.5976 -0.5101 0.6186
vn -0.5764 -0.4809 0.6606
vn -0.4967 -0.5744 0.6506
vn -0.4659 -0.5989 0.6513
vn 0.0294 -0.8401 0.5416
vn -0.0158 -0.6787 0.7342
vn -0.1042 -0.8044 0.5848
vn -0.1589 -0.7576 0.6331
vn 0.5300 0.0474 0.8467
vn 0.4991 0.1343 0.8561
vn 0.5651 0.1960 0.8014
vn 0.3494 0.0552 0.9354
vn 0.3480 0.1573 0.9242
vn 0.5295 0.3238 0.7841
vn 0.2386 0.1575 0.9583
vn 0.4428 0.3155 0.8393
vn 0.5052 0.3786 0.7755
vn 0.3411 0.1972 0.9191
vn 0.4734 0.3545 0.8064
vn 0.5126 0.2755 0.8132
vn 0.3719 0.2757 0.8864
vn 0.3968 0.3640 0.8426
vn 0.4016 0.3375 0.8514
vn 0.1358 0.4022 0.9054
vn 0.2465 0.1891 0.9505
vn 0.2312 0.2606 0.9374
vn 0.1754 0.3866 0.9054
vn 0.1436 0.4018 0.9044
vn 0.1277 0.4251 0.8961
vn 0.2150 0.2522 0.9435
vn 0.2549 0.2053 0.9449
vn 0.2389 0.1574 0.9582
vn 0.2707 0.0711 0.9600
vn 0.2541 0.0708 0.9646
vn 0.3022 0.0552 0.9517
vn 0.2305 0.0393 0.9723
vn 0.1762 0.0158 0.9842
vn 0.3334 0.0158 0.9427
vn 0.1288 -0.0000 0.9917
vn 0.1440 -0.0628 0.9876
vn 0.2079 -0.0474 0.9770
vn 0.3182 -0.0790 0.9447
vn 0.1365 -0.0394 0.9899
vn 0.0657 -0.0157 0.9977
vn 0.2390 -0.1894 0.9524
vn 0.0739 -0.0633 0.9953
vn 0.1682 -0.1815 0.9689
vn 0.0107 -0.0472 0.9988
vn -0.0443 -0.0236 0.9987
vn -0.0522 -0.0000 0.9986
vn -0.1781 -0.0157 0.9839
vn -0.1628 0.0236 0.9864
vn -0.3362 -0.0551 0.9402
vn -0.1950 -0.1185 0.9736
vn -0.3055 -0.0631 0.9501
vn -0.0603 -0.0946 0.9937
vn -0.3519 -0.0865 0.9320
vn -0.3458 -0.1344 0.9286
vn -0.3677 -0.1023 0.9243
vn -0.4391 -0.0866 0.8942
vn -0.4557 -0.1340 0.8800
vn -0.3680 -0.0945 0.9250
vn -0.6054 -0.0630 0.7935
vn -0.6303 -0.0867 0.7715
vn -0.4165 -0.0947 0.9042
vn -0.6540 -0.0315 0.7558
vn -0.3754 -0.1415 0.9160
vn -0.5640 -0.0785 0.8220
vn -0.4162 -0.1577 0.8955
vn -0.3454 -0.1421 0.9276
vn -0.1939 -0.1571 0.9684
vn -0.3831 -0.1728 0.9074
vn -0.4392 -0.1889 0.8783
vn -0.3124 -0.1887 0.9310
vn -0.1152 -0.1414 0.9832
vn -0.2026 -0.2128 0.9559
vn 0.0105 -0.1491 0.9888
vn -0.1155 -0.2202 0.9686
vn 0.0341 -0.2369 0.9709
vn 0.1751 -0.2355 0.9560
vn 0.0260 -0.2996 0.9537
vn 0.2226 -0.2203 0.9497
vn 0.2779 -0.2207 0.9349
vn 0.1995 -0.2604 0.9447
vn 0.1442 -0.2681 0.9525
vn 0.0968 -0.3713 0.9234
vn 0.0177 -0.3768 0.9261
vn -0.0926 -0.3003 0.9493
vn -0.0927 -0.3708 0.9241
vn -0.1473 -0.4004 0.9044
vn -0.1395 -0.2913 0.9464
vn -0.2343 -0.4400 0.8669
vn -0.2741 -0.2603 0.9258
vn -0.3537 -0.5116 0.7830
vn -0.3770 -0.4251 0.8229
vn -0.3830 -0.2433 0.8911
vn -0.3704 -0.5439 0.7529
vn -0.3861 -0.4969 0.7772
vn -0.4322 -0.4171 0.7995
vn -0.4482 -0.4954 0.7441
vn -0.4642 -0.2524 0.8490
vn 0.2137 -0.3609 0.9078
vn 0.3477 -0.3858 0.8545
vn 0.3327 -0.3945 0.8566
vn 0.3154 -0.2822 0.9060
vn 0.3638 -0.3863 0.8476
vn 0.5422 -0.4244 0.7252
vn 0.3464 -0.2977 0.8896
vn 0.4181 -0.2673 0.8682
vn 0.3550 -0.2276 0.9067
vn 0.4735 -0.2203 0.8528
vn 0.4516 -0.1500 0.8795
vn 0.2935 -0.1653 0.9416
vn 0.4279 -0.0394 0.9030
vn 0.4277 -0.0473 0.9027
vn 0.4409 0.0235 0.8972
vn 0.4347 0.0157 0.9005
vn 0.4969 0.0157 0.8677
vn 0.4028 0.0079 0.9153
vn -0.5440 -0.2683 0.7950
vn -0.5242 -0.2273 0.8207
vn -0.5900 -0.2676 0.7618
vn -0.5487 -0.1492 0.8226
vn -0.6801 -0.2765 0.6789
vn -0.6916 -0.1493 0.7066
vn -0.7151 -0.0157 0.6988
vn -0.7191 0.0079 0.6948
vn -0.6552 0.1816 0.7333
vn -0.7034 0.1501 0.6947
vn -0.6850 0.1731 0.7077
vn -0.7860 0.1882 0.5889
vn -0.6623 0.1577 0.7324
vn -0.6998 0.2748 0.6594
vn -0.7485 0.3928 0.5344
vn 0.8785 0.1181 0.4629
vn 0.8417 0.2131 0.4961
vn 0.7785 0.2127 0.5906
vn 0.7852 0.2676 0.5584
vn 0.7625 0.3626 0.5358
vn 0.7921 0.3778 0.4795
vn 0.6897 0.3454 0.6364
vn 0.7481 0.2841 0.5997
vn 0.7020 0.2369 0.6716
vn 0.6316 0.2211 0.7431
vn 0.6230 0.3077 0.7192
vn 0.6760 0.3542 0.6462
vn 0.6036 0.3528 0.7150
vn 0.6779 0.3473 0.6480
vn 0.6035 0.3371 0.7226
vn -0.0495 0.9726 -0.2270
vn -0.0886 0.9735 -0.2110
vn -0.0002 1.0000 -0.0001
vn -0.0828 0.9223 -0.3775
vn -0.1536 0.9228 -0.3533
vn -0.0041 0.9224 -0.3863
vn -0.1276 0.9725 -0.1947
vn -0.2167 0.9244 -0.3138
vn -0.0025 0.9715 -0.2369
vn 0.0670 0.9228 -0.3793
vn 0.0450 0.9722 -0.2297
vn 0.1455 0.9202 -0.3633
vn -0.1664 0.9725 -0.1629
vn -0.2717 0.9249 -0.2659
vn -0.3183 0.9244 -0.2099
vn 0.0845 0.9714 -0.2220
vn 0.2094 0.9221 -0.3254
vn -0.1974 0.9725 -0.1234
vn -0.3565 0.9228 -0.1460
vn 0.1321 0.9711 -0.1988
vn 0.2725 0.9210 -0.2784
vn -0.2129 0.9735 -0.0841
vn -0.3792 0.9223 -0.0748
vn -0.2280 0.9726 -0.0446
vn -0.3863 0.9224 0.0041
vn 0.1643 0.9720 -0.1678
vn 0.3202 0.9205 -0.2237
vn -0.2369 0.9715 0.0025
vn -0.3778 0.9228 0.0750
vn -0.2287 0.9722 0.0498
vn -0.3602 0.9202 0.1533
vn 0.1959 0.9711 -0.1363
vn 0.3602 0.9202 -0.1533
vn -0.2202 0.9714 0.0892
vn -0.3209 0.9221 0.2163
vn 0.2199 0.9707 -0.0970
vn 0.3842 0.9195 -0.0827
vn -0.1959 0.9711 0.1363
vn -0.2726 0.9210 0.2784
vn 0.2362 0.9704 -0.0499
vn 0.3930 0.9195 -0.0042
vn -0.1643 0.9720 0.1679
vn -0.2169 0.9206 0.3249
vn 0.2444 0.9697 -0.0026
vn 0.3925 0.9167 0.0741
vn -0.1321 0.9711 0.1988
vn -0.1456 0.9202 0.3634
vn 0.2372 0.9704 0.0448
vn 0.3728 0.9163 0.1461
vn -0.0923 0.9707 0.2220
vn -0.0745 0.9195 0.3859
vn 0.2220 0.9707 0.0923
vn 0.3397 0.9095 0.2394
vn -0.0448 0.9704 0.2372
vn 0.0042 0.9196 0.3929
vn 0.2062 0.9685 0.1395
vn 0.3097 0.9038 0.2954
vn 0.0026 0.9697 0.2444
vn 0.0825 0.9167 0.3909
vn 0.1827 0.9668 0.1788
vn 0.2467 0.9095 0.3345
vn 0.1439 0.9685 0.2032
vn 0.0498 0.9704 0.2361
vn 0.1541 0.9163 0.3696
vn 0.0971 0.9707 0.2199
vn 0.4022 -0.5921 0.6983
vn 0.7474 -0.4024 0.5286
vn 0.5138 -0.1814 0.8385
vn 0.8078 0.0314 0.5886
vn 0.1120 -0.3613 0.9257
vn 0.5205 0.2599 0.8134
vn 0.1682 0.0631 0.9837
vn 0.5205 0.2598 0.8134
vn 0.5206 0.2597 0.8134
vn 0.4022 -0.5921 0.6984
vn 0.1682 0.0630 0.9837
vn -0.6374 -0.4790 0.6036
vn -0.4552 -0.1417 0.8790
vn -0.6918 -0.1022 0.7148
vn -0.4080 -0.4713 0.7820
vn -0.3680 0.1967 0.9088
vn -0.4516 -0.7863 0.4216
vn -0.5982 0.2913 0.7465
vn -0.2455 -0.7408 0.6252
vn -0.3775 0.6204 0.6874
vn -0.1638 -0.9645 0.2074
vn -0.1801 0.4888 0.8536
vn 0.0126 -0.9006 0.4344
vn -0.0730 0.8355 0.5447
vn 0.1734 -0.9849 -0.0018
vn 0.0865 0.6768 0.7311
vn 0.3088 -0.9183 0.2479
vn 0.2711 0.8963 0.3510
vn 0.5988 -0.7942 0.1037
vn 0.3906 0.7299 0.5609
vn 0.5102 -0.8429 -0.1709
vn 0.6741 0.6385 0.3713
vn 0.8345 -0.5510 0.0068
vn 0.5917 0.7947 0.1354
vn 0.7764 -0.5667 -0.2759
vn 0.8838 0.4251 0.1953
vn 0.9737 -0.2277 -0.0026
vn 0.8362 0.5447 -0.0641
vn 0.9912 0.1179 0.0601
vn 0.9567 0.1965 -0.2146
vn -0.3586 -0.8956 0.2632
vn -0.0309 -0.9984 0.0475
vn -0.0310 -0.9984 0.0475
vn 0.3134 -0.9372 -0.1530
vn -0.3586 -0.8956 0.2631
vn -0.6012 -0.6456 0.4709
vn 0.6283 -0.7183 -0.2988
vn -0.7263 -0.2916 0.6225
vn 0.8547 -0.3780 -0.3557
vn -0.7071 0.1100 0.6985
vn 0.9451 0.0158 -0.3263
vn -0.5437 0.4880 0.6828
vn 0.8929 0.4004 -0.2058
vn 0.8929 0.4004 -0.2059
vn -0.2692 0.7710 0.5772
vn 0.7029 0.7110 -0.0233
vn -0.2692 0.7709 0.5772
vn 0.0673 0.9136 0.4010
vn 0.4119 0.8906 0.1926
vn 0.6858 -0.1969 -0.7006
vn 0.3764 0.0079 -0.9264
vn 0.6746 0.2431 -0.6971
vn 0.2972 0.4319 -0.8515
vn 0.9152 0.0157 -0.4027
vn 0.5299 0.6460 -0.5494
vn 0.8383 0.4327 -0.3316
vn 0.6858 -0.1970 -0.7006
vn 0.2972 0.4320 -0.8515
vn 0.5299 0.6461 -0.5493
vn 0.8384 0.4327 -0.3315
vn 0.3763 0.0079 -0.9264
vn 0.6746 0.2430 -0.6971
vn 0.8383 0.4327 -0.3315
vn 0.8862 -0.0236 0.4626
vn 0.8635 -0.3945 0.3143
vn 0.9595 -0.2750 0.0605
vn 0.7252 -0.6849 0.0710
vn 0.9798 0.0473 0.1945
vn 0.8385 -0.5260 -0.1424
vn 0.8923 0.3858 0.2346
vn 0.4944 -0.8434 -0.2103
vn 0.7846 0.3620 0.5033
vn 0.6325 -0.6681 -0.3919
vn 0.5819 0.6959 0.4208
vn 0.3783 -0.6681 -0.6407
vn 0.7108 0.6854 0.1579
vn 0.1992 -0.8489 -0.4896
vn 0.3098 0.9218 0.2331
vn 0.4722 0.8815 -0.0050
vn -0.0864 -0.6930 -0.7158
vn 0.0156 0.9996 -0.0238
vn -0.0892 -0.2843 -0.9546
vn 0.2096 0.9503 -0.2300
vn -0.3316 -0.4011 -0.8539
vn -0.0209 0.8763 -0.4814
vn -0.4905 -0.0394 -0.8705
vn -0.2557 0.9148 -0.3127
vn -0.2230 0.0394 -0.9740
vn -0.1881 0.6756 -0.7129
vn -0.5285 0.3469 -0.7748
vn -0.4464 0.6840 -0.5770
vn -0.2617 0.3784 -0.8879
vn 0.3118 -0.8980 -0.3106
vn 0.5831 -0.8121 -0.0220
vn 0.5832 -0.8121 -0.0220
vn 0.7735 -0.5819 0.2513
vn 0.3117 -0.8980 -0.3106
vn 0.0097 -0.8184 -0.5746
vn 0.8596 -0.2353 0.4535
vn 0.0098 -0.8183 -0.5746
vn -0.2680 -0.5906 -0.7611
vn 0.8190 0.1578 0.5517
vn -0.2680 -0.5907 -0.7611
vn 0.8190 0.1579 0.5517
vn -0.4740 -0.2443 -0.8460
vn 0.6619 0.5296 0.5305
vn 0.6618 0.5296 0.5305
vn -0.5758 0.1418 -0.8052
vn 0.4138 0.8191 0.3973
vn -0.5578 0.5194 -0.6473
vn 0.1201 0.9790 0.1645
vn 0.1202 0.9790 0.1645
vn -0.4152 0.8139 -0.4065
vn -0.1747 0.9777 -0.1164
vn -0.1747 0.9777 -0.1165
vn -0.4593 0.0474 -0.8870
vn -0.7453 0.2436 -0.6207
vn -0.4012 0.4789 -0.7808
vn -0.6487 0.6205 -0.4407
vn -0.0733 0.2439 -0.9670
vn -0.2658 0.8130 -0.5180
vn 0.0232 0.6234 -0.7816
vn -0.4010 0.4789 -0.7809
vn -0.6487 0.6204 -0.4407
vn -0.2657 0.8132 -0.5178
vn 0.0232 0.6235 -0.7815
vn -0.2659 0.8130 -0.5180
vn 0.0233 0.6234 -0.7815
vn -0.4594 0.0474 -0.8870
vn -0.4011 0.4788 -0.7809
vn -0.2661 0.8129 -0.5181
vn 0.0233 0.6235 -0.7815
vn -0.4007 0.4790 -0.7810
vn -0.4007 0.4791 -0.7810
vn -0.4011 0.4789 -0.7809
vn -0.4013 0.4788 -0.7809
vn -0.4009 0.4790 -0.7809
vn -0.4012 0.4788 -0.7809
vn 0.3442 -0.1102 -0.9324
vn 0.7224 0.0392 -0.6904
vn 0.5292 -0.2926 -0.7965
vn 0.2286 -0.5534 -0.8010
vn 0.5109 0.1811 -0.8403
vn 0.0764 -0.3455 -0.9353
vn 0.7708 0.3920 -0.5022
vn -0.1336 -0.7014 -0.7001
vn 0.5576 0.4863 -0.6727
vn -0.2385 -0.4667 -0.8517
vn 0.6694 0.6958 -0.2602
vn -0.4919 -0.6981 -0.5203
vn 0.4668 0.7547 -0.4610
vn -0.5511 -0.4728 -0.6876
vn 0.2565 0.9347 -0.2462
vn -0.8091 -0.3389 -0.4801
vn 0.4344 0.9006 -0.0126
vn -0.7841 -0.5521 -0.2835
vn -0.0320 0.9975 -0.0625
vn -0.9576 -0.1105 -0.2660
vn 0.1043 0.9736 0.2030
vn -0.9557 -0.2921 -0.0372
vn -0.2651 0.9012 0.3427
vn -0.9822 0.0394 0.1836
vn -0.3523 0.9335 0.0666
vn -0.9804 0.1817 -0.0764
vn -0.6032 0.6941 0.3929
vn -0.8565 0.3946 0.3326
vn -0.6494 0.7526 0.1086
vn -0.8715 0.4871 0.0564
vn 0.0788 -0.6845 -0.7247
vn -0.2964 -0.7606 -0.5776
vn -0.6329 -0.6840 -0.3628
vn -0.6329 -0.6840 -0.3627
vn 0.4262 -0.4738 -0.7706
vn -0.8715 -0.4782 -0.1083
vn 0.4261 -0.4739 -0.7706
vn -0.8715 -0.4783 -0.1083
vn 0.6779 -0.1655 -0.7163
vn -0.9767 -0.1656 0.1366
vn 0.6778 -0.1655 -0.7164
vn -0.9767 -0.1657 0.1366
vn 0.8062 0.1892 -0.5606
vn -0.9266 0.1891 0.3252
vn -0.9265 0.1891 0.3252
vn 0.7778 0.5288 -0.3398
vn -0.7294 0.5288 0.4340
vn 0.6036 0.7928 -0.0849
vn -0.4204 0.7950 0.4374
vn -0.4204 0.7949 0.4374
vn 0.3091 0.9384 0.1544
vn -0.0517 0.9390 0.3399
vn 0.3092 0.9384 0.1544
vn -0.0516 0.9391 0.3399
vn -0.4330 -0.3629 0.8251
vn -0.0838 -0.1649 0.9827
vn -0.4458 0.0785 0.8917
vn -0.0449 0.2680 0.9624
vn -0.7547 -0.1256 0.6439
vn -0.3620 0.5043 0.7840
vn -0.7191 0.3076 0.6231
vn -0.4457 0.0785 0.8917
vn -0.7547 -0.1256 0.6440
vn -0.4330 -0.3628 0.8251
vn -0.0838 -0.1650 0.9827
vn -0.9821 -0.0314 -0.1855
vn -0.9016 -0.4186 -0.1088
vn -0.9249 -0.3377 0.1748
vn -0.9944 -0.0079 0.1054
vn -0.7351 -0.6125 0.2906
vn -0.9352 0.3383 0.1044
vn -0.6868 -0.7265 0.0232
vn -0.9135 0.3614 -0.1866
vn -0.3755 -0.9048 0.2007
vn -0.7531 0.6368 0.1653
vn -0.4602 -0.7721 0.4383
vn -0.7073 0.6982 -0.1101
vn -0.0195 -0.9260 0.3770
vn -0.4023 0.9153 0.0201
vn -0.1432 -0.7872 0.5998
vn -0.4846 0.8259 0.2883
vn 0.1500 -0.6635 0.7330
vn -0.0455 0.9807 0.1903
vn 0.3217 -0.7820 0.5338
vn -0.1690 0.8840 0.4359
vn 0.3799 -0.4184 0.8250
vn 0.1319 0.7927 0.5951
vn 0.5888 -0.4954 0.6386
vn 0.3017 0.8775 0.3729
vn 0.7243 -0.1261 0.6779
vn 0.3704 0.5754 0.7292
vn 0.5043 -0.0862 0.8592
vn 0.5712 0.6284 0.5281
vn 0.7211 0.2748 0.6360
vn 0.4997 0.2613 0.8259
vn -0.5171 -0.8547 0.0448
vn -0.1703 -0.9583 0.2296
vn 0.1938 -0.8920 0.4084
vn -0.7918 -0.6008 -0.1101
vn 0.5104 -0.6703 0.5387
vn -0.7917 -0.6009 -0.1101
vn -0.9469 -0.2362 -0.2182
vn 0.7158 -0.3309 0.6149
vn -0.9469 -0.2361 -0.2182
vn 0.7158 -0.3308 0.6150
vn -0.9523 0.1648 -0.2567
vn 0.7862 0.0709 0.6139
vn -0.8086 0.5454 -0.2206
vn 0.7058 0.4641 0.5353
vn -0.8087 0.5454 -0.2206
vn 0.7058 0.4641 0.5352
vn -0.5429 0.8323 -0.1120
vn 0.4832 0.7772 0.4031
vn -0.5430 0.8323 -0.1120
vn -0.1970 0.9795 0.0416
vn 0.1675 0.9595 0.2264
vn -0.8287 -0.5115 -0.2272
vn -0.9465 -0.2923 0.1365
vn -0.9625 -0.0865 -0.2572
vn -0.9816 0.1415 0.1284
vn -0.7500 -0.2926 -0.5932
vn -0.9026 0.3552 -0.2430
vn -0.7841 0.1414 -0.6043
vn -0.7500 -0.2927 -0.5932
vn -0.9026 0.3553 -0.2430
vn -0.9027 0.3552 -0.2430
vn -0.2934 -0.4663 -0.8346
vn -0.2855 -0.1337 -0.9490
vn -0.0028 -0.1260 -0.9920
vn -0.3260 0.2134 -0.9210
vn -0.0014 -0.5029 -0.8643
vn -0.0418 0.2756 -0.9604
vn -0.3299 -0.7257 -0.6038
vn -0.4001 0.5175 -0.7564
vn -0.0457 -0.8013 -0.5965
vn -0.1259 0.6194 -0.7749
vn -0.1287 -0.9615 -0.2429
vn -0.2336 0.8510 -0.4704
vn -0.4054 -0.8677 -0.2876
vn -0.4912 0.7211 -0.4886
vn -0.4961 -0.8671 0.0447
vn -0.3394 0.9363 -0.0908
vn -0.2349 -0.9612 0.1443
vn -0.5846 0.7956 -0.1592
vn -0.5887 -0.7268 0.3539
vn -0.6675 0.7244 0.1725
vn -0.3407 -0.8018 0.4910
vn -0.4320 0.8542 0.2893
vn -0.4402 -0.5031 0.7437
vn -0.7246 0.5177 0.4549
vn -0.6725 -0.4656 0.5754
vn -0.4978 0.6224 0.6040
vn -0.5025 -0.1259 0.8554
vn -0.5192 0.2757 0.8090
vn -0.7243 -0.1337 0.6764
vn -0.7479 0.2122 0.6290
vn -0.1184 -0.9925 -0.0303
vn -0.0203 -0.9081 -0.4183
vn -0.1185 -0.9925 -0.0303
vn 0.0472 -0.6697 -0.7411
vn -0.2255 -0.9091 0.3503
vn 0.0685 -0.3223 -0.9442
vn -0.3315 -0.6693 0.6649
vn 0.0685 -0.3223 -0.9441
vn 0.0446 0.0868 -0.9952
vn -0.4144 -0.3215 0.8514
vn -0.0173 0.4722 -0.8813
vn -0.4610 0.0862 0.8832
vn -0.1090 0.7706 -0.6279
vn -0.4569 0.4728 0.7535
vn -0.2231 0.9358 -0.2729
vn -0.4121 0.7715 0.4847
vn -0.3295 0.9363 0.1218
vn -0.3294 0.9363 0.1218
vn -0.8246 0.3547 -0.4406
vn -0.9821 -0.0314 -0.1856
vn -0.9135 0.3615 -0.1867
vn -0.8962 -0.0553 -0.4402
vn -0.6115 0.7023 -0.3644
vn -0.8136 -0.4559 -0.3609
vn -0.7073 0.6982 -0.1102
vn -0.9016 -0.4187 -0.1089
vn -0.4022 0.9153 0.0200
vn -0.5853 -0.7798 -0.2222
vn -0.2937 0.9290 -0.2252
vn -0.6868 -0.7265 0.0231
vn -0.0454 0.9807 0.1902
vn -0.2614 -0.9642 -0.0446
vn 0.0785 0.9957 -0.0483
vn 0.4348 0.8900 0.1372
vn 0.1039 -0.9846 0.1407
vn 0.3018 0.8775 0.3728
vn -0.0195 -0.9260 0.3769
vn 0.7181 0.6285 0.2988
vn 0.3217 -0.7821 0.5337
vn 0.5712 0.6284 0.5280
vn 0.4601 -0.8348 0.3023
vn 0.8741 0.2609 0.4097
vn 0.5888 -0.4955 0.6386
vn 0.7212 0.2747 0.6359
vn 0.7347 -0.5418 0.4083
vn 0.7244 -0.1261 0.6778
vn 0.8780 -0.1495 0.4547
vn -0.0417 0.2757 -0.9603
vn 0.2190 0.3078 -0.9259
vn -0.0027 -0.1259 -0.9920
vn 0.2662 -0.1026 -0.9584
vn 0.1413 0.6671 -0.7314
vn -0.0013 -0.5029 -0.8644
vn 0.2678 -0.4979 -0.8248
vn 0.0271 0.9121 -0.4092
vn -0.0456 -0.8013 -0.5966
vn -0.2335 0.8510 -0.4704
vn 0.2233 -0.8062 -0.5478
vn -0.3393 0.9363 -0.0908
vn -0.0788 0.9966 -0.0227
vn 0.1317 -0.9744 -0.1822
vn -0.4319 0.8542 0.2893
vn -0.2348 -0.9613 0.1443
vn -0.1844 0.9102 0.3708
vn 0.0259 -0.9752 0.2199
vn -0.2515 0.6671 0.7012
vn -0.3406 -0.8018 0.4911
vn -0.4977 0.6224 0.6041
vn -0.0884 -0.8058 0.5856
vn -0.2745 0.3079 0.9110
vn -0.4401 -0.5031 0.7438
vn -0.5191 0.2757 0.8090
vn -0.1883 -0.4974 0.8468
vn -0.2495 -0.1023 0.9630
vn -0.5024 -0.1259 0.8554
vn -0.8576 -0.0549 0.5113
vn -0.5983 0.2912 0.7465
vn -0.7630 0.3529 0.5415
vn -0.5386 0.6934 0.4786
vn -0.6919 -0.1022 0.7147
vn -0.3776 0.6205 0.6873
vn -0.8061 -0.4483 0.3862
vn -0.2162 0.9182 0.3319
vn -0.6375 -0.4790 0.6035
vn -0.0730 0.8355 0.5446
vn 0.1426 0.9810 0.1319
vn -0.6121 -0.7642 0.2035
vn 0.2711 0.8963 0.3509
vn -0.1638 -0.9645 0.2072
vn 0.5917 0.7948 0.1353
vn -0.3140 -0.9492 -0.0202
vn 0.4728 0.8764 -0.0919
vn 0.1733 -0.9849 -0.0019
vn 0.8362 0.5447 -0.0642
vn 0.0370 -0.9708 -0.2372
vn 0.7207 0.6217 -0.3067
vn 0.3881 -0.8242 -0.4124
vn 0.8528 0.2518 -0.4576
vn 0.6649 -0.5363 -0.5199
vn 0.8301 -0.1498 -0.5372
vn 0.7763 -0.5667 -0.2760
vn 0.9144 0.2689 -0.3025
vn 0.8620 -0.0946 -0.4980
vn 0.8070 0.5880 -0.0556
vn 0.5293 -0.2926 -0.7964
vn 0.4345 0.9006 -0.0125
vn 0.6627 -0.4408 -0.6054
vn 0.5605 0.8020 0.2063
vn 0.3486 -0.7103 -0.6115
vn 0.1042 0.9736 0.2031
vn 0.2286 -0.5534 -0.8009
vn 0.2182 0.8785 0.4251
vn -0.0292 -0.8587 -0.5117
vn -0.1590 0.8020 0.5757
vn -0.1336 -0.7015 -0.7000
vn -0.2651 0.9012 0.3428
vn -0.4918 -0.6981 -0.5203
vn -0.5116 0.5888 0.6258
vn -0.3980 -0.8601 -0.3193
vn -0.6031 0.6941 0.3930
vn -0.7840 -0.5523 -0.2835
vn -0.7797 0.2672 0.5662
vn -0.7014 -0.7084 -0.0791
vn -0.8565 0.3945 0.3327
vn -0.9557 -0.2921 -0.0371
vn -0.9822 0.0393 0.1837
vn -0.8790 -0.4405 0.1824
vn -0.9070 -0.0943 0.4104
vn 0.6279 0.3061 0.7156
vn 0.8862 -0.0236 0.4627
vn 0.7306 -0.0944 0.6763
vn 0.4159 0.6530 0.6329
vn 0.7063 -0.4803 0.5200
vn 0.5818 0.6959 0.4209
vn 0.8634 -0.3945 0.3143
vn 0.5632 -0.7810 0.2700
vn 0.1306 0.8889 0.4392
vn 0.7251 -0.6849 0.0711
vn 0.0155 0.9996 -0.0237
vn 0.3230 -0.9460 -0.0271
vn -0.1715 0.9695 0.1752
vn 0.4944 -0.8435 -0.2102
vn -0.4509 0.8832 -0.1292
vn 0.1991 -0.8490 -0.4895
vn -0.2558 0.9148 -0.3127
vn 0.0203 -0.9492 -0.3140
vn -0.6496 0.6452 -0.4022
vn -0.0864 -0.6930 -0.7157
vn -0.4464 0.6839 -0.5770
vn -0.2814 -0.7875 -0.5483
vn -0.7394 0.2916 -0.6068
vn -0.5358 -0.4890 -0.6883
vn -0.5286 0.3468 -0.7748
vn -0.3317 -0.4012 -0.8539
vn -0.6945 -0.1105 -0.7110
vn -0.4906 -0.0395 -0.8705
vt 0.008940 0.432900
vt 0.008940 0.432890
vt 0.008940 0.462720
vt 0.012040 0.268890
vt 0.012040 0.268880
vt 0.012040 0.296720
vt 0.012430 0.387230
vt 0.012430 0.419240
vt 0.009330 0.342000
vt 0.009330 0.341990
vt 0.009330 0.371810
vt 0.500000 0.500000
vt 0.750000 0.500000
vt 0.500000 0.250000
vt 1.000000 0.000000
vt 1.000000 0.500000
vt 0.500000 0.000000
vt 1.000000 1.000000
vt 0.000000 0.000000
vt 0.500000 0.750000
vt 0.500000 1.000000
vt 0.000000 1.000000
vt 0.250000 0.500000
vt 0.000000 0.500000
vt 0.937005 0.085202
vt 0.882540 0.053757
vt 0.882540 0.116647
vt 0.828076 0.085202
vt 0.937005 0.148092
vt 0.828076 0.148092
vt 0.882540 0.179537
vt 0.171828 0.211486
vt 0.228304 0.163282
vt 0.194828 0.103205
vt 0.112942 0.173521
vt 0.317198 0.075772
vt 0.067435 0.282468
vt 0.317198 0.145052
vt 0.127043 0.302810
vt 0.406092 0.163282
vt 0.046507 0.425554
vt 0.439568 0.103205
vt 0.114885 0.429573
vt 0.462568 0.211486
vt 0.111784 0.565886
vt 0.521454 0.173521
vt 0.041486 0.567402
vt 0.566961 0.282468
vt 0.116451 0.702214
vt 0.507353 0.302810
vt 0.046411 0.709237
vt 0.142371 0.923614
vt 0.069180 0.923573
vt 0.587888 0.425554
vt 0.519511 0.429573
vt 0.522612 0.565886
vt 0.592910 0.567402
vt 0.517945 0.702214
vt 0.587985 0.709237
vt 0.492025 0.923614
vt 0.565215 0.923573
vt 0.834130 0.496743
vt 0.774728 0.497582
vt 0.834422 0.537323
vt 0.833573 0.452746
vt 0.775017 0.537734
vt 0.774174 0.453659
vt 0.834527 0.584387
vt 0.832751 0.398915
vt 0.775122 0.584387
vt 0.773351 0.399864
vt 0.775017 0.631040
vt 0.772430 0.347064
vt 0.834422 0.631451
vt 0.831845 0.346336
vt 0.774728 0.671192
vt 0.771555 0.294270
vt 0.834130 0.672031
vt 0.830963 0.293762
vt 0.770154 0.214091
vt 0.828324 0.206556
vt 0.833573 0.716028
vt 0.774174 0.715115
vt 0.832751 0.769859
vt 0.773351 0.768910
vt 0.772430 0.821710
vt 0.831845 0.822438
vt 0.771555 0.874504
vt 0.830963 0.875013
vt 0.770154 0.954683
vt 0.828324 0.962219
vt 0.440602 0.326947
vt 0.462058 0.437670
vt 0.454865 0.438431
vt 0.466213 0.567443
vt 0.447737 0.324553
vt 0.458781 0.567371
vt 0.409395 0.259675
vt 0.460241 0.699781
vt 0.415401 0.254849
vt 0.452683 0.699202
vt 0.441891 0.843405
vt 0.449268 0.850598
vt 0.370382 0.227300
vt 0.373539 0.220110
vt 0.317198 0.211113
vt 0.317198 0.218795
vt 0.264014 0.227300
vt 0.260856 0.220110
vt 0.218995 0.254849
vt 0.225001 0.259675
vt 0.186659 0.324553
vt 0.193794 0.326947
vt 0.172337 0.437670
vt 0.179531 0.438431
vt 0.168183 0.567443
vt 0.175614 0.567371
vt 0.174155 0.699781
vt 0.181713 0.699202
vt 0.192504 0.843405
vt 0.185128 0.850598
vt 0.519511 0.429028
vt 0.522612 0.565342
vt 0.507353 0.302265
vt 0.517945 0.701669
vt 0.462568 0.210941
vt 0.406092 0.162737
vt 0.492025 0.923069
vt 0.317198 0.144507
vt 0.142371 0.923069
vt 0.116450 0.701669
vt 0.228304 0.162737
vt 0.171828 0.210941
vt 0.111784 0.565342
vt 0.127043 0.302265
vt 0.114885 0.429028
vt 0.640023 0.363120
vt 0.640023 0.415621
vt 0.695869 0.415621
vt 0.695869 0.363120
vt 0.695869 0.453945
vt 0.640023 0.297388
vt 0.640023 0.453945
vt 0.640023 0.501225
vt 0.695869 0.501225
vt 0.695869 0.297388
vt 0.695869 0.227023
vt 0.640023 0.227023
vt 0.695870 0.156529
vt 0.640023 0.156529
vt 0.695870 0.041124
vt 0.640024 0.041124
vt 0.260940 0.430489
vt 0.230314 0.552776
vt 0.261504 0.552337
vt 0.199553 0.663259
vt 0.230813 0.662784
vt 0.168289 0.663637
vt 0.168603 0.746927
vt 0.199968 0.746472
vt 0.137222 0.747249
vt 0.231312 0.745901
vt 0.262068 0.662232
vt 0.231811 0.832861
vt 0.200382 0.833529
vt 0.168917 0.834061
vt 0.232310 0.927446
vt 0.262632 0.745236
vt 0.263197 0.832084
vt 0.263761 0.926557
vt 0.264325 1.005810
vt 0.232808 1.006813
vt 0.295751 1.004705
vt 0.200796 0.928211
vt 0.201211 1.007674
vt 0.169231 0.928820
vt 0.169545 1.008360
vt 0.137826 1.008846
vt 0.137625 0.929251
vt 0.106074 1.009112
vt 0.137424 0.834438
vt 0.105993 0.929487
vt 0.074308 1.009148
vt 0.074350 0.929520
vt 0.042549 1.008953
vt 0.105912 0.834644
vt 0.042714 0.929347
vt 0.011098 0.928975
vt 0.010818 1.008534
vt 0.011378 0.834196
vt 0.074393 0.834672
vt 0.042878 0.834521
vt 0.011658 0.747043
vt 0.105831 0.747425
vt 0.074436 0.747450
vt 0.043042 0.747320
vt 0.011937 0.663733
vt 0.137021 0.663905
vt 0.136820 0.553669
vt 0.105750 0.664051
vt 0.105669 0.553785
vt 0.105588 0.431567
vt 0.043207 0.663964
vt 0.074478 0.664071
vt 0.043371 0.553716
vt 0.012217 0.553532
vt 0.074521 0.553801
vt 0.043535 0.431516
vt 0.012497 0.431379
vt 0.074563 0.431579
vt 0.167191 0.203728
vt 0.197896 0.098299
vt 0.167034 0.098369
vt 0.197896 0.056029
vt 0.198103 0.203619
vt 0.136216 0.098419
vt 0.229067 0.203483
vt 0.167348 0.315164
vt 0.136317 0.203805
vt 0.136216 0.056149
vt 0.198310 0.315017
vt 0.136417 0.315268
vt 0.105467 0.203847
vt 0.167661 0.431322
vt 0.105507 0.315326
vt 0.105426 0.098446
vt 0.074627 0.203853
vt 0.136618 0.431481
vt 0.167975 0.553456
vt 0.198725 0.431098
vt 0.074606 0.315333
vt 0.229316 0.314833
vt 0.199139 0.553154
vt 0.229815 0.430817
vt 0.260093 0.203324
vt 0.260375 0.314618
vt 0.510985 0.055013
vt 0.510985 0.097283
vt 0.542716 0.097241
vt 0.479300 0.097347
vt 0.511124 0.202046
vt 0.479492 0.202145
vt 0.479685 0.313020
vt 0.448154 0.313194
vt 0.447917 0.202273
vt 0.416682 0.313400
vt 0.417228 0.428634
vt 0.448628 0.428319
vt 0.417775 0.549844
vt 0.385278 0.313631
vt 0.384979 0.202596
vt 0.385874 0.428986
vt 0.386471 0.550316
vt 0.418321 0.659101
vt 0.353632 0.202778
vt 0.353320 0.097756
vt 0.322370 0.202965
vt 0.353945 0.313878
vt 0.354569 0.429362
vt 0.322684 0.314131
vt 0.291192 0.203150
vt 0.291496 0.314381
vt 0.323313 0.429748
vt 0.292104 0.430128
vt 0.355193 0.550822
vt 0.323941 0.551340
vt 0.292712 0.551852
vt 0.355818 0.660330
vt 0.387068 0.659695
vt 0.293320 0.661623
vt 0.324569 0.660981
vt 0.418867 0.741467
vt 0.450051 0.740829
vt 0.419413 0.827678
vt 0.387665 0.742182
vt 0.388261 0.828513
vt 0.356442 0.742946
vt 0.325197 0.743729
vt 0.357067 0.829406
vt 0.293928 0.744503
vt 0.388858 0.922470
vt 0.294536 0.831226
vt 0.325826 0.830323
vt 0.295144 0.925575
vt 0.326454 0.924541
vt 0.327082 1.003539
vt 0.357691 0.923492
vt 0.358316 1.002358
vt 0.389455 1.001207
vt 0.808261 0.003653
vt 0.808634 0.003662
vt 0.808634 0.054457
vt 0.809008 0.054466
vt 0.808261 0.054448
vt 0.809008 0.003670
vt 0.809381 0.054474
vt 0.809381 0.003678
vt 0.807889 0.054439
vt 0.807889 0.003643
vt 0.807516 0.054430
vt 0.807516 0.003634
vt 0.043700 0.315292
vt 0.012777 0.315202
vt 0.012917 0.203756
vt 0.043782 0.203822
vt 0.013057 0.098387
vt 0.043864 0.098430
vt 0.074648 0.098450
vt 0.043864 0.056159
vt 0.013057 0.056117
vt 0.043864 0.013889
vt 0.013057 0.013846
vt 0.074648 0.013909
vt 0.074648 0.056179
vt 0.105426 0.013905
vt 0.105426 0.056176
vt 0.136216 0.013878
vt 0.167034 0.056099
vt 0.167034 0.013829
vt 0.197896 0.013758
vt 0.228817 0.013670
vt 0.228817 0.055941
vt 0.259811 0.013568
vt 0.228817 0.098211
vt 0.259811 0.055838
vt 0.290888 0.013455
vt 0.259811 0.098109
vt 0.290888 0.055725
vt 0.322056 0.013336
vt 0.290888 0.097996
vt 0.322056 0.097877
vt 0.322056 0.055606
vt 0.353320 0.013215
vt 0.353320 0.055486
vt 0.384681 0.055368
vt 0.384681 0.013098
vt 0.416136 0.055258
vt 0.416136 0.012988
vt 0.447680 0.012889
vt 0.384681 0.097638
vt 0.447680 0.055160
vt 0.479300 0.012807
vt 0.416136 0.097529
vt 0.447680 0.097430
vt 0.479300 0.055077
vt 0.510985 0.012743
vt 0.542716 0.012700
vt 0.542716 0.054970
vt 0.416409 0.202425
vt 0.574474 0.054950
vt 0.574474 0.012680
vt 0.606240 0.054954
vt 0.606240 0.012684
vt 0.574474 0.097221
vt 0.637992 0.054981
vt 0.637992 0.012711
vt 0.606240 0.097225
vt 0.574496 0.201949
vt 0.669711 0.055031
vt 0.669711 0.012761
vt 0.701377 0.012831
vt 0.701377 0.055101
vt 0.732975 0.012919
vt 0.669711 0.097301
vt 0.637992 0.097252
vt 0.637892 0.201997
vt 0.669554 0.202074
vt 0.701377 0.097372
vt 0.606200 0.201954
vt 0.669397 0.312923
vt 0.701170 0.202182
vt 0.637791 0.312819
vt 0.700963 0.313070
vt 0.606159 0.312762
vt 0.669083 0.427908
vt 0.637590 0.427749
vt 0.574517 0.312754
vt 0.732725 0.202318
vt 0.606078 0.427662
vt 0.732975 0.097460
vt 0.764209 0.202477
vt 0.732975 0.055189
vt 0.764491 0.097562
vt 0.764491 0.055291
vt 0.764491 0.013021
vt 0.795918 0.055404
vt 0.795918 0.013134
vt 0.795918 0.097675
vt 0.827248 0.055523
vt 0.827248 0.013253
vt 0.827248 0.097794
vt 0.795614 0.202652
vt 0.858482 0.055644
vt 0.858482 0.013374
vt 0.858482 0.097914
vt 0.826934 0.202836
vt 0.889621 0.055762
vt 0.889621 0.013491
vt 0.889621 0.098032
vt 0.920671 0.055872
vt 0.920671 0.013601
vt 0.951640 0.013700
vt 0.889322 0.203206
vt 0.951640 0.055970
vt 0.982542 0.013782
vt 0.920671 0.098142
vt 0.951640 0.098240
vt 0.982542 0.056053
vt 1.013390 0.013846
vt 1.013390 0.056117
vt 0.982542 0.098323
vt 1.013390 0.098387
vt 1.013250 0.203756
vt 0.982350 0.203656
vt 0.951403 0.203528
vt 0.982157 0.315068
vt 0.920398 0.203376
vt 0.951166 0.314894
vt 1.013110 0.315202
vt 0.920125 0.314688
vt 0.981773 0.431175
vt 1.012830 0.431379
vt 0.950692 0.430910
vt 0.919579 0.430596
vt 0.889024 0.314457
vt 0.858170 0.203023
vt 0.857857 0.314210
vt 0.888427 0.430244
vt 0.826620 0.313957
vt 0.919033 0.552480
vt 0.857233 0.429868
vt 0.887831 0.552007
vt 0.950217 0.552902
vt 0.918486 0.662412
vt 0.856609 0.551502
vt 0.981388 0.553257
vt 1.012550 0.553532
vt 0.949743 0.662942
vt 0.981004 0.663388
vt 1.012270 0.663733
vt 1.011990 0.747043
vt 0.917940 0.745452
vt 0.980619 0.746627
vt 1.011710 0.834196
vt 0.949268 0.746090
vt 0.980235 0.833711
vt 1.011430 0.928975
vt 0.948794 0.833083
vt 0.979851 0.928419
vt 1.011150 1.008534
vt 0.948320 0.927701
vt 0.979466 1.007908
vt 0.947845 1.007099
vt 0.887234 0.661818
vt 0.886637 0.744737
vt 0.855984 0.661183
vt 0.855359 0.743974
vt 0.824735 0.660533
vt 0.824107 0.743190
vt 0.825364 0.550983
vt 0.825992 0.429482
vt 0.793486 0.659890
vt 0.792878 0.742417
vt 0.794094 0.550472
vt 0.794702 0.429101
vt 0.795310 0.313707
vt 0.762234 0.659281
vt 0.762798 0.549987
vt 0.763363 0.428740
vt 0.763927 0.313470
vt 0.761670 0.741684
vt 0.792270 0.828788
vt 0.732476 0.313255
vt 0.731977 0.428413
vt 0.700548 0.428132
vt 0.731478 0.549547
vt 0.700134 0.549169
vt 0.668769 0.548868
vt 0.730979 0.658729
vt 0.699719 0.658254
vt 0.668455 0.657876
vt 0.637388 0.548655
vt 0.699305 0.740448
vt 0.730480 0.741019
vt 0.761106 0.827931
vt 0.791662 0.922784
vt 0.729981 0.827153
vt 0.760541 0.921803
vt 0.791054 1.001561
vt 0.759977 1.000455
vt 0.729482 0.920913
vt 0.728984 0.999453
vt 0.698891 0.826486
vt 0.698476 0.920149
vt 0.698062 0.998592
vt 0.667827 0.825953
vt 0.667514 0.919539
vt 0.667200 0.997906
vt 0.636382 0.997420
vt 0.636583 0.919108
vt 0.605592 0.997154
vt 0.668141 0.739993
vt 0.636785 0.825577
vt 0.605673 0.918872
vt 0.574814 0.997118
vt 0.637187 0.657609
vt 0.636986 0.739671
vt 0.605754 0.825371
vt 0.574772 0.918840
vt 0.544030 0.997313
vt 0.605997 0.548538
vt 0.605916 0.657462
vt 0.605835 0.739494
vt 0.574729 0.825342
vt 0.543866 0.919013
vt 0.574687 0.739470
vt 0.512943 0.919384
vt 0.513223 0.997731
vt 0.543701 0.825494
vt 0.512663 0.825818
vt 0.481992 0.919940
vt 0.482376 0.998358
vt 0.451000 0.920659
vt 0.451475 0.999167
vt 0.481607 0.826304
vt 0.450526 0.826932
vt 0.481223 0.740292
vt 0.512384 0.739877
vt 0.543537 0.739599
vt 0.480838 0.658125
vt 0.512104 0.657780
vt 0.449577 0.658571
vt 0.543373 0.657549
vt 0.511824 0.548791
vt 0.574644 0.657442
vt 0.543208 0.548608
vt 0.574602 0.548522
vt 0.543044 0.427714
vt 0.574559 0.427650
vt 0.542880 0.312796
vt 0.511544 0.427850
vt 0.480454 0.549066
vt 0.542798 0.201980
vt 0.511264 0.312886
vt 0.480069 0.428055
vt 0.449103 0.549421
vt 0.807509 0.047449
vt 0.807509 0.004761
vt 0.807502 0.048093
vt 0.807502 0.005888
vt 0.807494 0.033518
vt 0.807494 0.007015
vt 0.809370 0.005947
vt 0.809364 0.033584
vt 0.809370 0.048152
vt 0.809364 0.007081
vt 0.809376 0.004812
vt 0.809376 0.047500
vt 0.545821 0.529675
vt 0.539345 0.522737
vt 0.532869 0.531988
vt 0.549521 0.516724
vt 0.541195 0.536151
vt 0.552297 0.525512
vt 0.530094 0.543552
vt 0.560623 0.524587
vt 0.538420 0.544015
vt 0.561548 0.515336
vt 0.531019 0.554654
vt 0.572649 0.518111
vt 0.540270 0.551878
vt 0.568949 0.526437
vt 0.543970 0.558817
vt 0.575425 0.531526
vt 0.537495 0.564830
vt 0.581900 0.525512
vt 0.546746 0.571768
vt 0.579125 0.538464
vt 0.550446 0.563905
vt 0.587451 0.535226
vt 0.557847 0.565755
vt 0.589301 0.546790
vt 0.557847 0.575006
vt 0.580050 0.546328
vt 0.566173 0.564830
vt 0.578200 0.554191
vt 0.568949 0.573156
vt 0.586526 0.558354
vt 0.579125 0.567605
vt 0.573574 0.560667
vt 0.609654 0.477406
vt 0.654060 0.479719
vt 0.614280 0.460754
vt 0.624456 0.447108
vt 0.612429 0.494521
vt 0.639258 0.438320
vt 0.620756 0.509323
vt 0.655910 0.436007
vt 0.634632 0.519499
vt 0.672562 0.440401
vt 0.651285 0.524125
vt 0.686439 0.450809
vt 0.695691 0.465611
vt 0.667937 0.521812
vt 0.697541 0.482494
vt 0.682739 0.513023
vt 0.692915 0.499146
vt 0.682739 0.290531
vt 0.682739 0.282899
vt 0.679038 0.282899
vt 0.679038 0.290531
vt 0.682739 0.299783
vt 0.679038 0.299783
vt 0.682739 0.307415
vt 0.679038 0.307415
vt 0.682739 0.315047
vt 0.679038 0.315047
vt 0.679038 0.322448
vt 0.682739 0.322448
vt 0.679038 0.331931
vt 0.682739 0.331931
vt 0.679038 0.337481
vt 0.682739 0.337481
vt 0.679038 0.346964
vt 0.682739 0.346964
vt 0.682739 0.354596
vt 0.679038 0.354596
vt 0.682739 0.363847
vt 0.679038 0.363847
vt 0.682739 0.371480
vt 0.679038 0.371480
vt 0.682739 0.379112
vt 0.679038 0.379112
vt 0.679038 0.386513
vt 0.682739 0.386513
vt 0.679038 0.395995
vt 0.682739 0.395995
vt 0.679038 0.403396
vt 0.682739 0.403396
vt 0.679038 0.411029
vt 0.682739 0.411029
vt 0.772476 0.724414
vt 0.773401 0.755868
vt 0.779877 0.726264
vt 0.765075 0.756330
vt 0.765075 0.722101
vt 0.773401 0.758643
vt 0.756748 0.717938
vt 0.755823 0.757718
vt 0.748422 0.712850
vt 0.766000 0.760956
vt 0.773401 0.772520
vt 0.779877 0.768357
vt 0.766925 0.777608
vt 0.756748 0.763269
vt 0.761374 0.784547
vt 0.754898 0.792873
vt 0.747497 0.766044
vt 0.745647 0.801661
vt 0.745647 0.759106
vt 0.738246 0.707299
vt 0.737321 0.768357
vt 0.735471 0.809987
vt 0.736396 0.760956
vt 0.727145 0.702211
vt 0.728070 0.770207
vt 0.722519 0.816001
vt 0.727145 0.762344
vt 0.714193 0.698973
vt 0.718818 0.771132
vt 0.708642 0.818776
vt 0.717893 0.763731
vt 0.702166 0.698048
vt 0.716968 0.767432
vt 0.711418 0.772057
vt 0.710492 0.764656
vt 0.710492 0.767894
vt 0.697541 0.772520
vt 0.704942 0.772057
vt 0.704942 0.768357
vt 0.690140 0.772983
vt 0.693840 0.817851
vt 0.699391 0.768357
vt 0.704017 0.765119
vt 0.691065 0.764656
vt 0.697541 0.765119
vt 0.689215 0.699898
vt 0.682739 0.764656
vt 0.677188 0.704061
vt 0.682739 0.772520
vt 0.679963 0.813225
vt 0.673488 0.764194
vt 0.667012 0.710537
vt 0.672562 0.771595
vt 0.667937 0.805824
vt 0.663311 0.763269
vt 0.657761 0.717013
vt 0.663311 0.770207
vt 0.658686 0.797961
vt 0.650360 0.790097
vt 0.653135 0.768357
vt 0.643884 0.783621
vt 0.653135 0.762344
vt 0.649434 0.723026
vt 0.643884 0.766507
vt 0.637408 0.778996
vt 0.643884 0.761881
vt 0.635558 0.764656
vt 0.630007 0.775295
vt 0.642033 0.727652
vt 0.635558 0.761881
vt 0.634632 0.730889
vt 0.626306 0.733202
vt 0.703091 0.288450
vt 0.706792 0.296082
vt 0.706792 0.288450
vt 0.703091 0.296082
vt 0.706792 0.303714
vt 0.703091 0.303714
vt 0.703091 0.311347
vt 0.706792 0.311347
vt 0.703091 0.318979
vt 0.706792 0.318979
vt 0.703091 0.326611
vt 0.706792 0.326611
vt 0.703091 0.334012
vt 0.706792 0.334012
vt 0.706792 0.341644
vt 0.703091 0.341644
vt 0.706792 0.349277
vt 0.703091 0.349277
vt 0.706792 0.356678
vt 0.703091 0.356678
vt 0.703091 0.364310
vt 0.706792 0.364310
vt 0.703091 0.371711
vt 0.706792 0.371711
vt 0.706792 0.379112
vt 0.703091 0.379112
vt 0.706792 0.386744
vt 0.703091 0.386744
vt 0.706792 0.394376
vt 0.703091 0.394376
vt 0.703091 0.402009
vt 0.706792 0.402009
vt 0.703091 0.409641
vt 0.706792 0.409641
vt 0.811331 0.721638
vt 0.811331 0.816001
vt 0.818732 0.721638
vt 0.818732 0.816001
vt 0.826133 0.721638
vt 0.826133 0.816001
vt 0.833534 0.816001
vt 0.833534 0.721638
vt 0.840935 0.816001
vt 0.840935 0.721638
vt 0.848336 0.721638
vt 0.848336 0.816001
vt 0.855737 0.721638
vt 0.855737 0.816001
vt 0.862212 0.816001
vt 0.862212 0.721638
vt 0.869613 0.816001
vt 0.869613 0.721638
vt 0.877014 0.816001
vt 0.877014 0.721638
vt 0.884415 0.816001
vt 0.884415 0.721638
vt 0.891816 0.721638
vt 0.891816 0.816001
vt 0.899217 0.721638
vt 0.899217 0.816001
vt 0.906618 0.816001
vt 0.906618 0.721638
vt 0.914019 0.816001
vt 0.914019 0.721638
vt 0.921420 0.721638
vt 0.921420 0.816001
vt 0.928821 0.721638
vt 0.928821 0.816001
vt 0.788203 0.837741
vt 0.778026 0.837741
vt 0.778026 0.971421
vt 0.788203 0.971421
vt 0.797454 0.971421
vt 0.797454 0.837741
vt 0.806705 0.971421
vt 0.806705 0.837741
vt 0.815956 0.837741
vt 0.815956 0.971421
vt 0.826133 0.837741
vt 0.826133 0.971421
vt 0.835384 0.971421
vt 0.835384 0.837741
vt 0.844635 0.971421
vt 0.844635 0.837741
vt 0.853886 0.837741
vt 0.853886 0.971421
vt 0.864063 0.837741
vt 0.864063 0.971421
vt 0.873314 0.971421
vt 0.873314 0.837741
vt 0.882565 0.971421
vt 0.882565 0.837741
vt 0.891816 0.837741
vt 0.891816 0.971421
vt 0.901068 0.837741
vt 0.901068 0.971421
vt 0.911244 0.971421
vt 0.911244 0.837741
vt 0.920495 0.971421
vt 0.920495 0.837741
vt 0.929746 0.837741
vt 0.929746 0.971421
vt -6.574210 5.968420
vt -6.579630 5.352060
vt -6.631530 5.354810
vt -6.542280 5.966710
vt -6.587940 6.178270
vt -6.549640 6.209160
vt -6.504530 5.966320
vt -6.550080 5.967700
vt -6.587560 5.969790
vt -6.612300 6.142330
vt -6.516480 5.350240
vt -6.503420 5.965580
vt -6.501870 6.227790
vt -6.457870 5.965730
vt -6.463560 5.965200
vt -6.451710 5.349640
vt -6.428770 5.965650
vt -6.395160 5.350340
vt -6.380420 6.207810
vt -6.417070 5.966390
vt -6.562000 6.256890
vt -6.506440 6.264860
vt -6.410400 6.227380
vt -6.452950 6.224700
vt -6.457040 6.274470
vt -6.414690 6.265610
vt -6.830490 5.633720
vt -6.829920 5.666740
vt -6.610700 5.733900
vt -6.858270 5.784200
vt -6.660370 5.870430
vt -6.647900 5.839640
vt -6.621010 5.765790
vt -6.295060 5.790480
vt -6.603850 5.722440
vt -6.615890 5.759880
vt -6.647260 5.847310
vt -6.661810 5.884020
vt -6.373910 6.009740
vt -6.631200 5.803710
vt -6.261140 5.873170
vt -6.268710 5.826660
vt -6.330950 5.995700
vt -6.293750 5.963980
vt -6.834980 5.707030
vt -6.845020 5.748190
vt -6.634120 5.802930
vt -6.230230 5.882210
vt -6.278020 5.918350
vt -6.237190 5.931610
vt -6.263060 5.973960
vt -6.214640 6.129330
vt -6.451630 6.108930
vt -6.445750 6.143430
vt -6.441930 6.135690
vt -6.448680 6.095270
vt -6.628060 6.056260
vt -6.220790 6.167430
vt -6.636930 6.084820
vt -6.662870 6.125580
vt -6.441020 6.183890
vt -6.648270 6.075610
vt -6.680770 6.106420
vt -6.444970 6.184170
vt -6.686870 5.972620
vt -6.672460 5.358350
vt -6.723390 5.970630
vt -6.613060 5.361620
vt -6.700840 6.171990
vt -6.446380 6.232070
vt -6.766530 5.969970
vt -6.725580 6.142530
vt -6.675160 5.974860
vt -6.717420 5.972520
vt -6.232040 6.210130
vt -6.740530 5.355060
vt -6.765280 5.968580
vt -6.814390 5.967830
vt -6.776430 6.178460
vt -6.449450 6.224550
vt -6.246230 6.250360
vt -6.745050 6.217850
vt -6.806130 5.966830
vt -6.806900 5.352240
vt -6.457150 6.272860
vt -6.853710 5.966390
vt -6.826370 6.207810
vt -6.839700 5.965650
vt -6.861470 5.350340
vt -6.878430 5.965730
vt -6.869420 6.227380
vt -6.815810 6.240870
vt -6.788020 6.257840
vt -6.260700 6.282570
vt -6.471700 6.300070
vt -6.458590 6.258870
vt -6.855900 6.265610
vt -6.825210 6.285770
vt -6.694290 6.285770
vt -6.648660 6.295650
vt -6.603480 6.285710
vt -6.634450 6.053820
vt -6.682400 6.075610
vt -6.678100 6.084820
vt -6.554140 5.975250
vt -6.559130 5.366800
vt -6.588900 5.975680
vt -6.502580 5.366090
vt -6.623900 5.366190
vt -6.628720 5.975310
vt -6.667550 5.974200
vt -6.687050 5.364380
vt -6.583370 5.977530
vt -6.629820 5.977090
vt -6.583500 6.045330
vt -6.542820 5.977020
vt -6.539340 6.053740
vt -6.675120 5.975780
vt -6.699570 5.972620
vt -6.738950 5.361620
vt -6.736690 5.972520
vt -6.720000 6.106420
vt -6.713570 5.974860
vt -6.573960 6.068070
vt -6.530000 6.077780
vt -6.530260 6.058480
vt -6.486820 6.068010
vt -6.566980 6.085990
vt -6.612050 6.095270
vt -6.493200 6.085720
vt -6.449870 6.095160
vt -6.598520 6.108930
vt -6.637280 6.135690
vt -6.462220 6.108470
vt -6.425940 6.135540
vt -6.441580 6.142950
vt -6.417970 6.183710
vt -6.619970 6.143430
vt -6.646620 6.183890
vt -6.434770 6.183900
vt -6.442750 6.224660
vt -6.627730 6.184170
vt -6.620880 6.224550
vt -6.427390 6.231860
vt -6.464210 6.259260
vt -6.638560 6.232070
vt -6.600740 6.258870
vt -6.496100 6.282420
vt -6.452750 6.272680
vt -6.533240 6.290350
vt -6.490200 6.299970
vt -6.614330 6.272860
vt -6.569960 6.282090
vt -6.534020 6.309530
vt -6.577620 6.300070
vt -6.901840 5.886780
vt -6.894310 5.935700
vt -6.869420 5.978260
vt -6.488360 5.762890
vt -6.218610 5.720150
vt -6.228160 5.679470
vt -6.474640 5.799690
vt -6.213920 5.760270
vt -6.461720 5.836660
vt -6.500900 5.731910
vt -6.241030 5.644200
vt -6.460360 5.843650
vt -6.475560 5.799940
vt -6.637300 5.852450
vt -6.628060 5.902040
vt -6.639570 5.853190
vt -6.661900 5.807830
vt -6.491640 5.756510
vt -6.214640 5.793520
vt -6.451630 5.868210
vt -6.632960 5.904140
vt -6.667120 5.809030
vt -6.448680 5.881740
vt -6.517780 5.695630
vt -6.698470 5.776760
vt -6.506890 5.719560
vt -6.636930 5.947790
vt -6.441930 5.906970
vt -6.656040 5.858590
vt -6.638990 5.853060
vt -6.663720 5.812510
vt -6.677230 5.823830
vt -6.650440 5.898410
vt -6.632470 5.899510
vt -6.702880 5.784010
vt -6.710790 5.799420
vt -6.645120 5.944810
vt -6.661280 5.937230
vt -6.751590 5.789070
vt -6.750500 5.771940
vt -6.686870 5.969260
vt -6.793500 5.794310
vt -6.675160 5.983260
vt -6.723390 5.989400
vt -6.717420 6.006380
vt -6.800210 5.777760
vt -6.830040 5.814440
vt -6.765280 5.994690
vt -6.766530 6.012470
vt -6.842470 5.801090
vt -6.872460 5.838570
vt -6.855680 5.846370
vt -6.806130 5.984320
vt -6.814390 6.000260
vt -6.885130 5.884120
vt -6.866520 5.885230
vt -6.878430 5.930780
vt -6.860890 5.925100
vt -6.853710 5.971590
vt -6.839700 5.959890
vt -6.655050 5.820740
vt -6.562850 5.828820
vt -6.597320 5.772270
vt -6.635710 5.852470
vt -6.553740 5.893590
vt -6.630590 5.888820
vt -6.651890 5.732570
vt -6.685680 5.798450
vt -6.571370 5.956740
vt -6.640490 5.924270
vt -6.722930 5.789010
vt -6.718260 5.715750
vt -6.663880 5.953400
vt -6.613060 6.008640
vt -6.786330 5.724370
vt -6.761130 5.793850
vt -6.672460 6.041390
vt -6.697220 5.971780
vt -6.794470 5.812230
vt -6.845730 5.757130
vt -6.735420 5.976620
vt -6.740530 6.050010
vt -6.817880 5.841360
vt -6.887420 5.809030
vt -6.772680 5.967180
vt -6.806900 6.033190
vt -6.905050 5.872170
vt -6.827770 5.876800
vt -6.861470 5.993490
vt -6.803310 5.944900
vt -6.822660 5.913160
vt -6.895940 5.936950
vt -6.877940 6.112920
vt -6.863350 6.144740
vt -6.618060 6.108470
vt -6.608660 6.142950
vt -6.420500 6.084670
vt -6.409590 6.075860
vt -6.451850 6.053740
vt -6.457070 6.056180
vt -6.612080 6.095160
vt -6.601180 6.135540
vt -6.441730 5.975250
vt -6.467070 5.364190
vt -6.521650 5.366090
vt -6.408180 5.974080
vt -6.848920 6.184590
vt -6.595890 6.183710
vt -6.376870 6.125330
vt -6.455250 5.977020
vt -6.416080 5.975650
vt -6.308260 6.142330
vt -6.358870 6.106680
vt -6.400700 5.361380
vt -6.367370 5.972350
vt -6.604050 6.183900
vt -6.368470 5.973640
vt -6.837160 6.226360
vt -6.604820 6.224660
vt -6.325460 5.970410
vt -6.332640 5.358080
vt -6.596820 6.231860
vt -6.332980 6.171790
vt -6.276500 5.969790
vt -6.318750 5.972020
vt -6.288930 5.968420
vt -6.273240 5.354810
vt -6.263810 6.178270
vt -6.246500 5.967700
vt -6.830490 6.264340
vt -6.610700 6.259260
vt -6.295060 6.217720
vt -6.615890 6.299970
vt -6.268710 6.256890
vt -6.231920 6.209160
vt -6.603850 6.272680
vt -0.000000 1.000000
vt 0.000000 0.000000
vt 1.000000 1.000000
vt 0.000000 1.000000
vt 1.000000 1.000000
vt 0.000000 1.000000
vt -0.000000 0.000000
vt 0.000000 1.000000
vt 0.000000 1.000000
vt 0.000000 0.000000
vt 0.000000 1.000000
vt -0.000000 1.000000
vt 0.000000 0.000000
vt -0.000000 0.000000
vt 0.000000 1.000000
vt 0.096730 0.789649
vt 0.128680 0.883684
vt 0.097276 0.884641
vt 0.066279 0.980595
vt 0.097822 0.979633
vt 0.129277 0.978555
vt 0.065804 0.885495
vt 0.160638 0.977404
vt 0.065330 0.790395
vt 0.064856 0.695295
vt 0.096184 0.694656
vt 0.128084 0.788813
vt 0.127487 0.693942
vt 0.160013 0.882662
vt 0.191902 0.976223
vt 0.159389 0.787920
vt 0.158765 0.693178
vt 0.191274 0.881613
vt 0.223070 0.975057
vt 0.222462 0.880578
vt 0.190645 0.787004
vt 0.190017 0.692394
vt 0.221854 0.786100
vt 0.221246 0.691621
vt 0.251813 0.111218
vt 0.207303 0.041010
vt 0.162793 0.111217
vt 0.110729 0.221172
vt 0.303876 0.221172
vt 0.351586 0.347777
vt 0.063019 0.347777
vt 0.383960 0.486962
vt 0.030645 0.486961
vt 0.397567 0.652721
vt 0.017037 0.652720
vt 0.380079 0.807406
vt 0.034525 0.807406
vt 0.324783 0.958990
vt 0.089821 0.958990
vt 0.162792 0.111218
vt 0.251812 0.111217
vt 0.207302 0.041010
vt 0.063019 0.347777
vt 0.030645 0.486962
vt 0.383960 0.486961
vt 0.017037 0.652721
vt 0.397568 0.652720
vt 0.034526 0.807406
vt 0.089822 0.958990
vt 0.324784 0.958990
vt 0.397568 0.652721
vt 54.272400 43.053299
vt 54.271099 43.070599
vt 54.332500 43.079399
vt 55.096699 43.101601
vt 55.166901 43.116501
vt 55.146599 43.063499
vt 55.670502 43.668301
vt 55.717499 43.497898
vt 55.596100 43.499599
vt 54.982800 43.077499
vt 55.068501 43.077000
vt 55.007401 43.021099
vt 54.930901 43.054699
vt 54.930302 43.082199
vt 54.839199 43.079700
vt 54.904099 43.112598
vt 54.803501 43.076199
vt 54.737499 43.038101
vt 54.751999 43.085602
vt 54.681999 43.071701
vt 54.848499 43.128300
vt 54.756802 43.132401
vt 54.663502 43.091301
vt 54.567402 43.058701
vt 54.580101 43.073101
vt 54.509998 43.120201
vt 54.505501 43.046001
vt 54.433701 43.050800
vt 54.558399 43.118698
vt 54.413799 43.089001
vt 54.666500 43.144501
vt 54.497601 43.113800
vt 54.397800 43.145599
vt 54.341702 43.063702
vt 54.319199 43.136799
vt 54.264900 43.087299
vt 54.191101 43.035599
vt 54.299099 43.029301
vt 54.258099 43.116402
vt 54.192799 43.081200
vt 54.168598 43.114201
vt 54.104198 43.070202
vt 54.125099 43.127201
vt 54.051498 43.094101
vt 54.287399 43.341301
vt 54.128300 43.488701
vt 54.240101 43.502499
vt 54.388901 43.375401
vt 54.672001 43.480900
vt 54.535400 43.512798
vt 54.685902 43.654598
vt 54.505299 43.656601
vt 54.669102 43.806599
vt 54.789700 43.488098
vt 54.802700 43.695801
vt 54.950199 43.516399
vt 54.836102 43.825500
vt 54.682499 44.082802
vt 54.945000 43.670601
vt 55.131699 43.658699
vt 54.843300 44.052200
vt 54.881199 44.340500
vt 55.007198 43.833000
vt 55.025101 44.054199
vt 55.150002 43.822399
vt 55.077801 44.342899
vt 55.087700 43.486000
vt 55.286800 43.658199
vt 55.223499 43.495399
vt 55.204899 44.082802
vt 55.341301 43.825600
vt 55.245800 44.303398
vt 55.394199 44.094799
vt 55.472099 43.825600
vt 55.278599 44.625401
vt 55.426300 44.334000
vt 55.503399 44.079601
vt 55.395199 43.665298
vt 55.365601 43.512299
vt 55.558201 43.656601
vt 55.649700 43.812901
vt 55.395699 43.361099
vt 55.486801 43.525799
vt 55.746498 43.840801
vt 55.863201 43.790600
vt 55.842400 44.082901
vt 55.701099 44.123199
vt 55.752399 44.340099
vt 55.612301 44.340401
vt 55.663700 44.651798
vt 55.462101 44.639999
vt 55.491402 44.903099
vt 55.685299 44.944401
vt 55.511600 45.257999
vt 55.301899 44.945999
vt 55.314800 45.248199
vt 55.311199 45.532600
vt 55.122299 45.213699
vt 55.125999 45.562599
vt 55.318298 45.846901
vt 55.091000 44.941799
vt 55.073002 44.642200
vt 54.862499 44.641800
vt 54.879299 44.943401
vt 54.870300 45.241798
vt 54.890701 45.548302
vt 54.692299 45.542801
vt 55.120998 45.823399
vt 55.148399 46.176201
vt 54.675301 45.851799
vt 54.426899 45.852001
vt 54.651001 46.137798
vt 54.915501 45.870499
vt 54.895699 46.150398
vt 55.102001 46.436001
vt 55.329800 46.437302
vt 55.073898 46.753502
vt 54.913700 46.460098
vt 54.669498 46.452400
vt 54.896801 46.751499
vt 56.482101 44.937599
vt 56.410000 44.634201
vt 56.236698 44.628799
vt 56.228199 44.352798
vt 56.389900 45.239201
vt 56.346401 44.920200
vt 56.203999 44.949100
vt 56.065498 45.244801
vt 56.225399 45.229801
vt 56.143902 44.639999
vt 56.042500 44.943699
vt 55.901901 45.220200
vt 55.983898 44.640800
vt 56.090599 44.337399
vt 55.874298 44.939899
vt 55.709000 45.217300
vt 55.819599 44.622299
vt 55.927700 44.333900
vt 55.946800 44.087601
vt 56.076099 44.082298
vt 56.344398 44.312599
vt 56.211601 44.087299
vt 55.982800 43.824100
vt 55.782200 43.697498
vt 55.886299 43.657799
vt 55.347198 43.044399
vt 55.240101 43.034100
vt 55.341900 43.084702
vt 55.246300 43.077999
vt 55.302601 43.112202
vt 55.301399 43.080200
vt 55.238400 43.123100
vt 53.820000 43.090099
vt 53.881100 43.120098
vt 53.899101 43.056702
vt 53.967201 43.091202
vt 53.870602 43.074402
vt 53.821499 43.107399
vt 53.890598 43.123100
vt 54.078201 43.066299
vt 54.037399 43.022301
vt 54.007500 43.089699
vt 53.401402 45.558498
vt 53.441799 45.237701
vt 53.272499 45.245998
vt 53.289501 44.940201
vt 53.423599 45.857800
vt 53.588699 45.576401
vt 53.464699 44.944302
vt 53.349499 44.647499
vt 53.644199 45.239399
vt 53.510502 44.640301
vt 53.672100 44.957901
vt 53.404800 44.330399
vt 53.262100 44.339802
vt 53.387100 44.108398
vt 53.146301 44.350700
vt 53.267899 44.077599
vt 53.504101 44.081699
vt 53.564301 44.373100
vt 53.445999 43.839600
vt 53.672798 44.083500
vt 53.603298 43.793499
vt 53.534599 43.649601
vt 53.338402 43.667400
vt 53.481602 43.689301
vt 53.537498 43.489601
vt 53.673401 43.504799
vt 53.668800 43.672798
vt 53.747200 43.841202
vt 53.792301 43.665600
vt 53.858200 43.507702
vt 53.923401 43.665001
vt 53.982201 43.492001
vt 53.871498 43.823799
vt 53.803501 44.081902
vt 53.713200 44.348999
vt 53.955299 44.079399
vt 53.700500 44.631199
vt 53.907101 44.351898
vt 53.881100 44.632900
vt 53.816399 44.930401
vt 53.843899 45.242401
vt 54.042999 44.943298
vt 54.106300 44.625198
vt 54.002399 45.220600
vt 53.820702 45.545898
vt 54.000000 45.547298
vt 54.243801 45.253399
vt 54.246300 44.946701
vt 54.073002 44.346199
vt 54.283199 44.633301
vt 54.282902 44.352402
vt 54.148499 44.115898
vt 54.008801 43.822201
vt 54.088501 43.640999
vt 54.177299 43.812500
vt 54.300900 44.073399
vt 54.220100 43.681099
vt 54.342800 43.827202
vt 54.513401 44.075500
vt 54.358898 43.668098
vt 54.496700 43.817001
vt 54.386002 43.505798
vt 54.472401 44.332001
vt 54.458199 44.644699
vt 54.674198 44.348499
vt 54.683899 44.649399
vt 54.471100 44.931198
vt 54.659100 44.929901
vt 54.663799 45.238300
vt 54.428398 45.240299
vt 54.415600 45.535099
vt 55.200600 43.208900
vt 55.059101 43.129799
vt 55.089001 43.224602
vt 54.980801 43.233898
vt 52.777100 45.864399
vt 52.768299 46.188000
vt 52.909599 46.193600
vt 56.100101 45.850399
vt 56.082298 45.535702
vt 55.942799 45.535999
vt 56.245399 45.519199
vt 56.059399 46.141899
vt 56.270599 45.865002
vt 56.289299 46.151600
vt 56.082500 46.459400
vt 56.264900 46.460899
vt 56.240601 46.717499
vt 56.413399 45.547901
vt 56.407600 45.850498
vt 56.552601 46.185699
vt 56.583000 45.824200
vt 53.013000 44.336601
vt 53.130901 44.043400
vt 53.248798 43.819599
vt 53.005100 44.946800
vt 52.835201 45.227001
vt 52.966999 45.232201
vt 52.922600 45.513802
vt 53.108200 45.255798
vt 53.074799 45.521198
vt 53.242100 45.552601
vt 53.097900 45.848598
vt 53.144798 44.933899
vt 53.195900 44.659302
vt 53.255501 45.849098
vt 53.233299 46.131199
vt 53.083099 46.152599
vt 54.237000 45.546799
vt 54.241600 45.851299
vt 54.012299 45.866299
vt 54.224300 46.148201
vt 53.785400 45.854500
vt 53.996899 46.153801
vt 53.604099 45.857498
vt 53.729801 46.146000
vt 53.430901 46.152500
vt 53.602100 46.168301
vt 53.255901 46.469101
vt 53.076900 46.470200
vt 53.429699 46.457100
vt 53.264702 46.760799
vt 53.614799 46.455101
vt 53.452301 46.761101
vt 53.637001 46.724701
vt 53.772099 46.490299
vt 53.459900 47.031300
vt 53.147900 47.051701
vt 53.182201 47.364300
vt 53.328499 47.365101
vt 53.265701 47.685001
vt 53.425999 47.696999
vt 53.398300 48.013699
vt 53.520000 48.017799
vt 53.530102 47.369099
vt 53.668701 48.014500
vt 53.588100 47.711498
vt 53.756302 47.701302
vt 53.793900 48.044601
vt 53.685200 47.352402
vt 53.657700 47.071602
vt 53.925499 47.701401
vt 53.970699 48.064301
vt 53.873199 47.362701
vt 53.864899 47.060200
vt 53.826801 46.750599
vt 54.128601 47.733898
vt 54.154701 48.048599
vt 54.279598 48.036701
vt 54.000900 46.459000
vt 54.278999 47.702499
vt 54.228500 46.434700
vt 54.038200 46.758701
vt 54.059200 47.057701
vt 54.252201 46.756199
vt 54.462200 46.147701
vt 54.442402 46.454201
vt 54.085999 47.341599
vt 54.271301 47.052101
vt 54.260799 47.369202
vt 54.477699 47.693199
vt 54.493900 48.045200
vt 54.672901 48.041000
vt 54.455898 47.330898
vt 54.457401 47.035198
vt 54.476601 46.737400
vt 54.670399 47.061699
vt 54.659401 46.761700
vt 54.674099 47.364799
vt 54.885502 47.053600
vt 54.679600 47.684200
vt 54.876499 47.392399
vt 54.847801 47.695202
vt 54.868698 48.045200
vt 55.043900 48.032001
vt 55.025902 47.679100
vt 55.192200 48.046600
vt 55.086300 47.373798
vt 55.268299 47.691601
vt 55.344898 48.022900
vt 55.404598 47.680302
vt 55.494701 48.027802
vt 55.271801 47.358002
vt 55.124199 47.048302
vt 55.592800 47.726700
vt 55.691898 48.049702
vt 55.472401 47.368401
vt 55.304001 47.070400
vt 55.344101 46.765202
vt 55.747299 47.685600
vt 55.825401 48.028500
vt 55.653400 47.363602
vt 55.509800 47.057301
vt 55.901199 47.695099
vt 55.974499 48.046398
vt 55.811199 47.368801
vt 56.003601 47.351101
vt 56.047199 47.690800
vt 56.190899 47.694099
vt 56.147999 47.353001
vt 55.669601 47.056198
vt 55.862900 47.064098
vt 56.047100 47.071899
vt 56.268398 47.716099
vt 56.052200 48.012501
vt 56.191200 48.053799
vt 56.308800 47.364799
vt 56.425301 47.722801
vt 56.490002 47.362701
vt 56.307701 47.068199
vt 56.209000 47.067902
vt 56.063301 46.763802
vt 55.887600 46.777000
vt 55.896500 46.453098
vt 55.736900 46.751701
vt 55.503201 46.753601
vt 55.730099 46.476299
vt 55.507599 46.473900
vt 55.546501 46.154202
vt 55.741600 46.149502
vt 55.911201 46.172600
vt 55.930302 45.863602
vt 55.326801 46.157101
vt 55.536598 45.856400
vt 55.712200 45.828602
vt 55.559200 45.548302
vt 55.758701 45.568100
vt 54.963001 44.700500
vt 54.876499 44.669701
vt 54.919601 44.726601
vt 55.493000 45.783199
vt 55.471001 45.861900
vt 55.505199 45.809299
vt 54.212101 46.267101
vt 54.135101 46.193802
vt 54.117298 46.210201
vt 55.783401 43.672100
vt 55.637001 43.695301
vt 55.865200 43.821899
vt 55.680401 43.510502
vt 55.574001 43.510899
vt 55.594601 43.346802
vt 55.391998 43.195202
vt 55.472301 43.374001
vt 55.272800 43.208000
vt 53.841400 43.189400
vt 53.820599 43.386600
vt 53.957100 43.217999
vt 53.741600 43.358398
vt 53.526501 43.499599
vt 53.345100 43.656601
vt 53.447800 43.668301
vt 53.208199 43.812901
vt 53.237202 44.082901
vt 53.337700 43.840801
vt 54.370998 43.146500
vt 54.296299 43.081902
vt 54.269100 43.190899
vt 54.186501 43.142799
vt 54.396500 43.104000
vt 54.335899 43.046799
vt 54.322601 43.092300
vt 54.300201 43.054901
vt 54.412701 43.057800
vt 54.211800 43.027199
vt 54.256802 43.091900
vt 54.505100 43.075901
vt 54.489601 43.119499
vt 54.183899 43.105900
vt 54.578701 43.096199
vt 54.109299 43.044399
vt 54.659801 43.094299
vt 54.673901 43.058701
vt 54.736599 43.071800
vt 54.830299 43.073898
vt 54.890499 43.101101
vt 54.893902 43.064999
vt 54.977100 43.055801
vt 54.990898 43.102402
vt 55.050098 43.058399
vt 55.048401 43.113998
vt 55.125301 43.080399
vt 55.084702 43.121899
vt 55.135201 43.146999
vt 55.285301 43.117001
vt 55.220100 43.072800
vt 55.202301 43.099300
vt 55.287201 43.069099
vt 55.325401 43.046501
vt 55.246700 43.055599
vt 55.312500 43.082699
vt 55.368500 43.088902
vt 55.337002 43.108799
vt 55.443298 43.060501
vt 55.413799 43.097698
vt 55.460602 43.079700
vt 55.890701 45.245998
vt 55.892799 45.554600
vt 56.049999 45.250999
vt 56.042900 44.969299
vt 55.698700 45.872398
vt 55.943401 45.869499
vt 55.907001 46.145000
vt 55.732399 45.536201
vt 55.833302 44.929199
vt 56.001801 44.644798
vt 55.695702 45.247299
vt 55.506100 45.581100
vt 55.680099 44.943501
vt 55.833698 44.643299
vt 55.906700 44.328499
vt 55.491001 45.235600
vt 55.759899 44.335300
vt 55.814701 44.060501
vt 55.639900 44.643200
vt 55.458000 44.943901
vt 55.690800 44.104000
vt 55.627899 43.856602
vt 55.576302 44.327801
vt 55.433399 44.638599
vt 55.534500 44.062698
vt 55.450298 43.825600
vt 55.421200 44.328300
vt 55.363098 44.081699
vt 55.339100 43.506802
vt 55.236500 43.680401
vt 55.420200 43.675800
vt 55.303101 43.813599
vt 55.250301 44.643398
vt 55.212700 44.299999
vt 55.193100 44.085300
vt 55.153198 43.827900
vt 55.018200 44.091599
vt 55.095901 43.685398
vt 55.210300 43.498901
vt 54.985001 43.843800
vt 54.997002 43.661499
vt 55.072601 43.511700
vt 55.146900 43.355598
vt 55.018200 43.356400
vt 55.097599 43.191799
vt 54.970501 43.514301
vt 54.498001 43.694901
vt 54.370800 43.506699
vt 54.367500 43.682800
vt 54.240601 43.495899
vt 54.181000 43.654301
vt 54.083099 43.514702
vt 54.132900 44.088100
vt 54.323101 43.825802
vt 54.179100 43.810600
vt 54.049400 43.693100
vt 53.974602 43.509800
vt 54.005600 43.824001
vt 53.902599 43.655899
vt 53.932701 44.078899
vt 54.072399 44.332001
vt 53.871101 43.806000
vt 53.866901 44.323502
vt 53.867599 44.629200
vt 53.781700 44.085800
vt 53.706902 44.300999
vt 53.673401 44.645302
vt 53.820099 44.970798
vt 53.603298 44.087299
vt 53.603199 44.950401
vt 53.616901 45.234200
vt 53.563099 44.312599
vt 53.492901 44.634201
vt 53.421600 45.248402
vt 53.605598 45.557301
vt 53.415600 45.552200
vt 53.259701 45.239201
vt 53.434898 44.937599
vt 53.389500 44.352798
vt 53.357399 44.628799
vt 53.259102 44.920200
vt 53.230701 44.337399
vt 53.119499 44.949100
vt 53.073399 45.229801
vt 53.193401 44.639999
vt 52.896801 44.622299
vt 52.850300 44.939899
vt 53.056400 44.640800
vt 53.118000 44.333900
vt 53.370098 44.087601
vt 53.481899 44.082298
vt 53.432201 43.790600
vt 53.580101 43.824100
vt 53.740601 43.814602
vt 53.638500 43.657799
vt 53.800800 43.643799
vt 53.851002 43.503899
vt 53.770802 43.527699
vt 53.612598 43.497898
vt 53.565601 43.697498
vt 54.105900 43.084702
vt 54.114399 43.102901
vt 54.027901 43.112202
vt 54.028999 43.080200
vt 54.807098 43.668098
vt 54.930698 43.348900
vt 54.798801 43.506001
vt 54.656601 43.506001
vt 54.847801 43.815701
vt 54.660500 43.697300
vt 54.531101 43.509602
vt 55.466499 43.532299
vt 55.571201 43.686798
vt 55.707298 43.803600
vt 55.946800 44.093601
vt 56.082802 44.066299
vt 56.034199 44.337101
vt 56.191399 44.313099
vt 56.095901 44.631901
vt 56.294899 44.653801
vt 56.192001 44.941799
vt 56.214901 45.246799
vt 56.462502 44.960602
vt 56.356701 45.232201
vt 56.503799 45.255901
vt 56.541000 45.536701
vt 54.453300 44.642399
vt 54.259300 44.638302
vt 54.447701 44.948299
vt 54.426800 45.261200
vt 54.660400 45.238201
vt 54.652901 45.548801
vt 54.641300 44.940300
vt 54.855598 45.240200
vt 54.858799 45.579601
vt 54.864700 44.944698
vt 55.075699 45.549500
vt 54.657001 44.640598
vt 55.092701 45.844299
vt 55.085800 45.244400
vt 55.315102 45.570499
vt 55.289200 45.250500
vt 55.293301 44.926701
vt 55.074299 44.936600
vt 55.336601 45.865200
vt 55.062801 44.642799
vt 55.050598 44.339600
vt 54.849998 44.624199
vt 54.659302 44.339100
vt 54.849701 44.338699
vt 54.869099 44.074001
vt 54.664799 44.087601
vt 54.664700 43.840401
vt 54.482700 44.314098
vt 54.477699 44.101601
vt 54.489300 43.819099
vt 54.265900 44.336300
vt 54.332699 44.098801
vt 53.099602 46.717499
vt 53.238300 46.452400
vt 53.079102 46.460899
vt 53.219200 46.190800
vt 53.071201 46.151600
vt 53.427601 46.439999
vt 53.084900 45.865002
vt 53.232700 45.850498
vt 53.434101 46.185699
vt 53.601002 46.447601
vt 53.224300 45.547901
vt 53.584000 46.137901
vt 53.394100 45.824200
vt 53.797901 46.152401
vt 53.843201 46.469101
vt 53.596199 45.852901
vt 53.060200 45.519199
vt 53.798100 45.840801
vt 54.005798 46.439400
vt 54.016201 46.146599
vt 53.993698 45.874001
vt 54.183800 46.166901
vt 54.219200 46.423599
vt 54.218300 46.683102
vt 54.439800 46.668098
vt 54.444500 46.394600
vt 54.214401 45.842800
vt 54.660099 46.425900
vt 54.679001 46.651901
vt 54.437500 46.156700
vt 54.692699 46.141602
vt 54.876301 46.432999
vt 54.870998 46.677799
vt 55.078098 46.677299
vt 54.888901 46.144001
vt 55.091202 46.419701
vt 54.845699 45.847500
vt 55.296700 46.434502
vt 54.681198 45.875702
vt 54.438099 45.868301
vt 54.436501 45.549400
vt 54.202099 45.561600
vt 54.000599 45.549099
vt 54.187302 45.256100
vt 53.795799 45.553799
vt 54.003399 45.261700
vt 53.791801 45.251801
vt 54.044601 44.945801
vt 54.246799 44.976799
vt 54.061401 44.659100
vt 56.534599 45.852402
vt 56.360298 45.876900
vt 56.506500 46.160198
vt 56.376598 45.584999
vt 56.220100 46.175598
vt 56.401402 46.156200
vt 56.250702 46.423901
vt 56.068802 46.449299
vt 56.216202 46.759102
vt 56.256100 45.841599
vt 56.256401 45.558201
vt 56.114601 45.563702
vt 56.075699 46.148998
vt 56.066799 45.853802
vt 52.997898 47.685600
vt 53.074402 47.351101
vt 52.883701 47.368801
vt 53.387600 47.694099
vt 53.385399 48.046398
vt 53.531300 48.012501
vt 52.864700 47.064098
vt 53.593300 47.716099
vt 53.730701 47.722801
vt 53.645302 48.053799
vt 53.817699 48.045399
vt 53.493500 47.360001
vt 53.332100 47.364799
vt 53.688702 47.362701
vt 53.932598 47.703602
vt 53.991199 48.046200
vt 53.847500 47.353600
vt 53.671700 47.045700
vt 53.800999 47.081600
vt 54.025299 47.323502
vt 54.084000 47.683300
vt 54.152199 48.028999
vt 54.263500 47.658798
vt 54.300499 48.044201
vt 54.243401 47.294899
vt 54.053101 47.050701
vt 54.237801 46.971298
vt 53.836399 46.776100
vt 54.019501 46.745399
vt 53.642502 46.757301
vt 53.487701 47.053001
vt 53.291698 47.068199
vt 53.419601 46.773102
vt 53.189800 47.353001
vt 53.143200 47.067902
vt 53.251900 46.761501
vt 52.751801 46.172600
vt 52.946899 46.459400
vt 52.932701 46.141899
vt 52.781300 45.863602
vt 56.158901 47.332901
vt 56.320999 47.053902
vt 56.178799 47.060902
vt 56.017601 47.052101
vt 56.050900 46.758801
vt 55.874401 46.781898
vt 56.346600 46.743599
vt 55.881599 46.494701
vt 55.681702 46.784599
vt 55.717999 46.449402
vt 55.519699 45.854301
vt 55.518398 46.155399
vt 55.709400 46.153801
vt 55.305000 46.158600
vt 55.099499 46.153198
vt 55.512199 46.457600
vt 55.291599 46.751301
vt 55.056198 47.007801
vt 55.502701 46.748798
vt 55.284500 47.025101
vt 55.080399 47.276901
vt 55.262699 47.325100
vt 55.501701 47.058498
vt 55.046001 47.669102
vt 55.163101 48.027199
vt 55.029800 48.034500
vt 55.238602 47.688599
vt 55.335999 48.036999
vt 55.384602 47.699699
vt 55.501900 48.028500
vt 55.475201 47.375500
vt 55.543999 47.671501
vt 55.664600 47.340900
vt 55.666698 47.077801
vt 55.881100 47.071098
vt 55.784302 47.385502
vt 55.736698 47.722801
vt 55.689602 48.056000
vt 55.891399 47.727798
vt 55.947899 48.048599
vt 55.804199 48.018902
vt 55.966801 47.353001
vt 56.042999 47.695301
vt 55.460899 44.645500
vt 55.305401 44.920502
vt 55.477001 44.944401
vt 55.088902 44.946499
vt 55.305698 45.251598
vt 55.647499 44.636299
vt 55.573601 44.356300
vt 55.495300 45.238400
vt 55.528999 44.077499
vt 55.674400 44.065601
vt 55.682598 44.938000
vt 55.812000 44.335300
vt 55.821701 44.666100
vt 55.693298 45.234699
vt 55.825500 44.083302
vt 55.883598 44.932598
vt 55.901699 44.332100
vt 55.740299 43.840401
vt 55.993698 44.641399
vt 56.012100 44.952000
vt 55.642300 43.815399
vt 55.908001 43.837502
vt 55.467400 43.862400
vt 55.380299 44.097599
vt 55.308701 43.837399
vt 55.555199 43.668098
vt 55.410000 43.665001
vt 55.284599 43.650398
vt 55.351700 43.475700
vt 55.225899 43.499298
vt 55.470100 43.508900
vt 55.685398 43.668999
vt 55.701599 43.507500
vt 55.570900 43.520500
vt 54.816002 43.379398
vt 54.872002 43.218601
vt 54.776299 43.220001
vt 54.671501 43.373798
vt 54.683701 43.236900
vt 54.746399 43.071999
vt 54.654900 43.065899
vt 54.673100 43.101002
vt 54.761600 43.070499
vt 54.604900 43.119400
vt 54.662399 43.070900
vt 54.548901 43.080799
vt 54.580700 43.120098
vt 54.489300 43.064999
vt 54.513401 43.112701
vt 54.847900 43.088799
vt 54.837799 43.054001
vt 54.851700 43.105400
vt 54.911400 43.117100
vt 54.939999 43.070400
vt 55.017899 43.116402
vt 55.004799 43.079399
vt 55.064899 43.053299
vt 55.083801 43.112701
vt 55.148899 43.086399
vt 55.168098 43.117901
vt 55.209599 43.084702
vt 55.371101 43.030300
vt 55.313900 43.029900
vt 55.340801 43.080898
vt 55.390499 43.087101
vt 55.793098 43.492401
vt 55.907501 43.687302
vt 55.910801 43.490501
vt 55.777901 43.672298
vt 55.983299 44.082802
vt 56.199600 44.342999
vt 56.201698 44.079601
vt 56.099300 44.104198
vt 56.341499 44.312801
vt 56.396301 44.641300
vt 56.103600 44.366001
vt 56.135502 44.635502
vt 56.204800 44.955399
vt 56.533501 45.251900
vt 56.320999 44.930199
vt 56.358700 45.246899
vt 56.556099 45.556099
vt 56.055698 45.243698
vt 56.225300 45.254002
vt 55.890999 45.246399
vt 56.092499 45.549999
vt 56.298599 45.555401
vt 55.909698 45.535099
vt 55.758202 45.557899
vt 56.256199 45.852600
vt 55.915100 45.858799
vt 56.090900 45.854500
vt 56.424900 45.585899
vt 56.397900 45.855099
vt 56.253799 46.153099
vt 56.060398 46.136101
vt 56.103001 46.429600
vt 56.203800 46.460999
vt 56.371498 46.463299
vt 56.254700 46.743500
vt 56.044800 46.733501
vt 55.913601 46.153000
vt 55.920799 46.465401
vt 55.735500 45.867901
vt 55.712002 46.159500
vt 55.543499 45.845200
vt 55.544701 46.144001
vt 55.687199 46.445599
vt 55.708900 46.778099
vt 55.549801 45.555901
vt 55.323700 45.537899
vt 55.908001 46.764599
vt 55.313499 45.851898
vt 55.120998 45.264702
vt 54.907299 45.263802
vt 55.121498 45.537399
vt 54.853699 44.967098
vt 55.120201 45.844601
vt 54.881001 45.555000
vt 54.647701 45.258598
vt 54.664501 45.551701
vt 54.654800 44.939701
vt 54.882900 45.851700
vt 54.686401 44.652901
vt 54.450600 45.579399
vt 54.464001 44.641102
vt 54.442402 45.236599
vt 54.671902 44.342800
vt 54.456600 44.944302
vt 54.441601 44.324799
vt 54.477001 44.087002
vt 54.272900 44.631001
vt 54.250500 44.948399
vt 54.293499 44.065899
vt 54.331699 43.820301
vt 54.275501 44.335999
vt 54.187599 43.853001
vt 54.137199 44.081402
vt 54.214500 43.659000
vt 54.075901 44.338402
vt 54.075401 44.649601
vt 53.963200 44.077400
vt 54.009399 43.825500
vt 54.079700 43.653999
vt 53.899101 44.334099
vt 53.901600 43.812801
vt 53.910702 43.647701
vt 53.817501 44.082699
vt 53.864601 44.647701
vt 53.974701 43.504101
vt 53.731602 44.326500
vt 53.848301 44.935200
vt 53.687801 44.642700
vt 53.644402 44.074402
vt 53.547798 44.320099
vt 53.695801 43.851002
vt 53.518101 44.066299
vt 53.800701 43.646702
vt 53.596699 43.804100
vt 53.668900 43.661098
vt 53.859699 43.504601
vt 53.548199 43.672100
vt 53.460400 43.821899
vt 53.734699 43.346802
vt 53.633900 43.510502
vt 53.764400 43.531898
vt 53.823101 43.368801
vt 54.022598 43.099300
vt 53.949299 43.080399
vt 53.901299 43.146999
vt 54.044601 43.117001
vt 54.118801 43.082699
vt 54.035702 43.069099
vt 54.144901 43.108799
vt 54.226898 43.062302
vt 54.138199 43.046501
vt 54.172699 43.088902
vt 54.292500 43.097698
vt 54.277802 43.037399
vt 54.339401 43.060501
vt 54.421299 43.084400
vt 54.337101 43.079700
vt 54.299900 43.105900
vt 54.397701 43.099400
vt 54.438099 43.109299
vt 54.391300 43.503799
vt 54.230900 43.492100
vt 54.078999 43.503201
vt 55.438301 43.056702
vt 55.446800 43.123100
vt 55.517399 43.090099
vt 54.524101 43.505299
vt 54.654701 43.516899
vt 54.534100 43.327999
vt 54.496101 43.655399
vt 54.466499 43.189701
vt 54.300499 43.381401
vt 54.422401 43.362301
vt 54.387501 43.684799
vt 54.646400 43.687599
vt 54.469398 43.800800
vt 54.667000 43.853100
vt 54.815899 43.666901
vt 54.814701 43.499500
vt 54.831799 43.803001
vt 54.981098 43.663200
vt 54.854000 44.070599
vt 54.668800 44.086700
vt 54.992100 43.844101
vt 54.968399 43.486000
vt 55.052502 44.083599
vt 55.081100 43.491199
vt 55.151199 43.689400
vt 55.178501 43.819599
vt 54.870499 44.346901
vt 55.212502 44.083698
vt 55.048302 44.341400
vt 55.246300 44.334801
vt 55.086899 44.613499
vt 54.886002 44.656601
vt 55.234501 44.634998
vt 55.460201 44.339100
vt 53.358700 44.093601
vt 53.327702 43.803600
vt 53.231098 44.060501
vt 53.269501 44.337101
vt 53.411701 44.313099
vt 53.147099 44.328499
vt 53.519901 44.633999
vt 53.337601 44.653801
vt 53.673901 44.956200
vt 53.480999 44.960602
vt 53.040199 44.644798
vt 53.204601 44.631901
vt 53.134899 44.941799
vt 53.270401 44.963600
vt 53.110699 45.246799
vt 53.284901 45.232201
vt 53.421200 45.255901
vt 53.603298 45.277802
vt 53.442200 45.536701
vt 53.234100 45.584999
vt 53.591400 45.533798
vt 53.813202 45.231899
vt 53.802601 45.552601
vt 53.609200 45.833900
vt 53.406101 45.852402
vt 53.785801 45.866600
vt 53.993198 45.576801
vt 54.026699 45.211800
vt 53.615799 46.142101
vt 54.040199 44.971199
vt 54.233898 45.223202
vt 54.209801 45.560299
vt 54.026798 45.847000
vt 54.248100 45.837601
vt 54.448502 45.855000
vt 54.215199 46.123299
vt 54.022598 46.151798
vt 54.643501 45.854900
vt 54.448101 46.138199
vt 54.668900 46.159500
vt 54.198101 46.439701
vt 54.442200 46.449501
vt 54.890900 46.138699
vt 54.890900 46.463501
vt 55.123100 46.176300
vt 55.286701 46.140800
vt 55.307301 46.457699
vt 55.113899 46.452801
vt 54.648800 46.451099
vt 55.096001 46.760601
vt 55.514801 46.462799
vt 55.526901 46.733501
vt 55.304501 46.786301
vt 55.463699 47.053398
vt 55.267799 47.058899
vt 54.879799 46.756302
vt 54.869400 47.070702
vt 55.090099 47.103401
vt 55.457001 47.358601
vt 55.272701 47.366798
vt 54.845200 47.356300
vt 54.657799 47.052601
vt 54.651699 46.766102
vt 55.077999 47.370998
vt 54.449902 46.751900
vt 54.467400 47.065102
vt 54.638500 47.358700
vt 54.241402 46.746399
vt 54.257599 47.037102
vt 54.020401 46.484200
vt 54.040501 47.056499
vt 54.252800 47.339901
vt 54.448101 47.356400
vt 54.016399 46.751202
vt 53.806599 46.455299
vt 53.832401 46.741402
vt 53.788601 46.157600
vt 53.631802 46.447701
vt 53.636002 46.730202
vt 53.419399 46.160198
vt 53.422699 46.455399
vt 53.644402 47.032398
vt 53.848499 47.089699
vt 53.242500 45.876900
vt 53.223701 46.156200
vt 53.047100 45.841599
vt 53.239201 46.455399
vt 53.088001 46.175598
vt 53.074799 46.423901
vt 53.283199 46.743599
vt 53.104099 46.759102
vt 53.051201 45.558201
vt 52.926899 46.148998
vt 52.976200 46.449299
vt 52.930401 45.853802
vt 52.803398 45.869499
vt 52.803101 45.554600
vt 53.177502 47.332901
vt 53.174599 47.060902
vt 52.999500 47.052101
vt 53.285702 47.053902
vt 53.347198 47.362400
vt 52.967499 46.758801
vt 53.452202 47.034599
vt 53.524899 47.343498
vt 53.438000 46.750801
vt 53.130100 48.056000
vt 53.292999 48.018902
vt 53.155399 47.727798
vt 53.364601 48.048599
vt 53.297699 47.695301
vt 53.064499 47.353001
vt 53.437000 47.711800
vt 53.505402 48.041000
vt 53.610699 47.682098
vt 53.657101 48.032001
vt 53.757301 47.701599
vt 53.821400 48.041100
vt 53.695202 47.340500
vt 53.878601 47.698898
vt 53.968300 48.040699
vt 53.868000 47.347000
vt 54.054001 47.383900
vt 54.080502 47.715599
vt 54.129601 48.072800
vt 54.308998 48.041000
vt 54.282799 47.700401
vt 54.469898 47.699100
vt 54.488098 48.032600
vt 54.652000 47.708698
vt 54.644402 48.048302
vt 54.855000 47.702400
vt 54.842999 48.074299
vt 55.021198 48.058701
vt 55.057400 47.701199
vt 55.187500 48.032700
vt 55.207298 47.687500
vt 55.433601 47.713200
vt 55.368500 48.062199
vt 55.487202 48.016399
vt 55.586102 47.689899
vt 55.677101 48.053398
vt 55.676601 47.341301
vt 55.709702 47.078602
vt 55.797699 47.392700
vt 55.840401 47.037899
vt 55.782101 47.699402
vt 55.974201 47.366901
vt 56.022202 47.042000
vt 55.822800 48.038799
vt 55.885899 47.664700
vt 56.046398 47.701599
vt 55.940701 48.070000
vt 56.119099 47.352299
vt 56.177101 47.068001
vt 56.461300 47.059898
vt 56.243099 47.370399
vt 56.432800 47.374802
vt 56.151199 47.697498
vt 56.275501 47.682301
vt 56.070801 48.035198
vt 56.178299 48.038300
vt 55.872200 44.530998
vt 56.057899 44.574100
vt 56.003201 44.476101
vt 55.874699 44.308399
vt 55.964901 44.661201
vt 55.772701 44.645500
vt 55.862900 44.746300
vt 55.721100 44.836300
vt 55.932899 44.864700
vt 55.805401 44.968300
vt 55.997898 44.990501
vt 55.848499 45.069302
vt 55.777802 44.438499
vt 55.684502 45.122601
vt 55.640400 45.017200
vt 55.654800 44.740700
vt 55.596699 44.908100
vt 55.561699 44.641499
vt 55.705399 44.514801
vt 55.489399 44.833000
vt 55.459400 44.741299
vt 55.352001 44.831699
vt 55.384701 44.699902
vt 55.459900 44.882801
vt 55.490002 44.997700
vt 55.352100 44.972401
vt 55.543301 45.076500
vt 55.392799 45.048302
vt 55.461700 45.132599
vt 55.592999 45.168301
vt 55.718201 45.228699
vt 55.463100 45.198502
vt 55.609100 45.255001
vt 55.881199 45.204601
vt 56.027199 45.135300
vt 55.914299 45.297298
vt 55.726200 45.344398
vt 55.897202 45.400398
vt 55.630402 45.359798
vt 55.657398 45.453098
vt 55.758999 45.440102
vt 55.764702 45.649399
vt 55.931301 45.544899
vt 55.794498 45.532700
vt 55.670101 45.555801
vt 55.544399 45.364700
vt 55.522900 45.543301
vt 55.631901 45.629902
vt 55.640999 45.747002
vt 55.550800 45.635700
vt 55.762600 45.749901
vt 55.528599 45.702999
vt 55.525799 45.470001
vt 55.702400 45.884300
vt 55.521702 45.454800
vt 55.538200 45.561501
vt 55.492500 45.467300
vt 55.484200 45.554001
vt 55.518799 45.611500
vt 55.509998 45.378601
vt 55.521500 45.727100
vt 55.501499 45.667500
vt 55.482201 45.713402
vt 55.455601 45.795101
vt 55.543201 45.368500
vt 55.500301 45.276402
vt 55.459702 45.283901
vt 55.508598 45.305000
vt 55.464199 45.223801
vt 55.469898 45.211601
vt 55.425701 45.150101
vt 55.378300 45.067501
vt 55.411499 45.151501
vt 55.360802 45.081902
vt 55.325001 45.006802
vt 55.310200 45.010799
vt 55.241402 44.942902
vt 55.290600 44.915699
vt 55.231899 44.917198
vt 55.284000 44.791599
vt 55.231499 44.844299
vt 55.182800 44.875702
vt 55.137001 44.825901
vt 55.135300 44.789200
vt 55.237999 44.735500
vt 55.276100 44.662399
vt 55.364799 44.466999
vt 55.478500 44.547199
vt 55.544601 44.423302
vt 55.480801 44.305599
vt 55.662701 44.308899
vt 55.743900 44.203899
vt 55.680401 46.582500
vt 55.783401 46.668201
vt 55.865398 46.547501
vt 55.868999 46.356701
vt 55.747799 46.452000
vt 55.739899 46.260101
vt 55.950901 46.241699
vt 55.632702 46.393299
vt 55.523102 46.273102
vt 55.579399 46.154800
vt 55.445099 46.333500
vt 55.594601 46.481701
vt 55.453201 46.205200
vt 55.574001 46.673199
vt 55.391998 46.403500
vt 55.472301 46.536999
vt 55.390099 46.286598
vt 55.291500 46.325401
vt 55.272800 46.468102
vt 55.373001 46.614300
vt 53.866100 45.975800
vt 53.806702 46.081200
vt 53.912300 46.046001
vt 53.935001 46.025600
vt 53.888100 45.950500
vt 53.930500 45.947601
vt 53.741600 46.438900
vt 53.612598 46.596500
vt 53.820599 46.524502
vt 53.841400 46.347599
vt 53.694698 46.375599
vt 53.795101 46.233501
vt 53.526501 46.475101
vt 53.866299 45.861900
vt 53.821201 45.913399
vt 53.844398 45.783199
vt 53.834000 45.809898
vt 53.822899 45.682598
vt 53.805500 45.718201
vt 53.779400 46.015099
vt 53.725399 45.859501
vt 53.795898 45.631100
vt 53.787998 45.727501
vt 53.797901 45.561100
vt 53.748901 45.542500
vt 53.790798 45.459202
vt 53.883202 45.241600
vt 53.824600 45.292801
vt 53.854599 45.312801
vt 53.778801 45.437500
vt 53.817200 45.389000
vt 53.773602 45.376598
vt 53.655602 45.449600
vt 53.745098 45.545502
vt 53.648399 45.568501
vt 53.764000 45.635899
vt 53.670200 45.357101
vt 53.828400 45.220798
vt 53.907200 45.178200
vt 53.698502 45.272400
vt 53.803501 45.276798
vt 53.838902 45.198200
vt 53.886002 45.144001
vt 53.981899 45.070202
vt 53.928299 45.071800
vt 53.996399 45.033298
vt 54.015202 44.983299
vt 54.046600 44.957199
vt 53.760101 45.070099
vt 53.889900 45.137199
vt 53.905602 45.047699
vt 54.104099 44.886600
vt 54.024601 44.913502
vt 54.050701 44.930599
vt 53.991001 45.004101
vt 54.075699 44.826698
vt 53.945599 44.831299
vt 53.888000 44.920799
vt 53.797298 44.844700
vt 53.816002 44.999699
vt 53.726299 44.933300
vt 53.677101 45.025700
vt 53.544498 44.909100
vt 53.473801 45.060501
vt 53.704700 45.127499
vt 53.626999 45.129200
vt 53.619701 45.213299
vt 53.567200 45.330601
vt 53.404598 45.166500
vt 53.310501 45.007301
vt 53.370098 45.268002
vt 53.272598 45.119099
vt 53.228600 45.265099
vt 53.563702 45.457901
vt 53.221600 45.414398
vt 53.403702 45.441200
vt 53.548000 45.545700
vt 53.374298 45.552898
vt 53.207500 45.551102
vt 53.538601 45.667999
vt 53.225399 45.668800
vt 53.378399 45.671001
vt 53.379299 45.801102
vt 53.228699 45.829300
vt 52.948002 45.548199
vt 52.965199 45.715099
vt 53.095600 45.681801
vt 53.255501 45.966801
vt 53.225899 46.165798
vt 53.076099 46.220299
vt 53.158600 46.351101
vt 53.526299 46.154701
vt 53.330101 46.102600
vt 53.386600 46.244701
vt 53.466999 46.365799
vt 53.345100 46.437302
vt 53.556400 46.274700
vt 53.447800 46.549599
vt 53.337700 46.625500
vt 53.208199 46.528801
vt 53.712898 46.149101
vt 53.700001 46.079700
vt 54.169201 46.763000
vt 54.227699 46.575901
vt 54.083099 46.674801
vt 54.083099 46.863998
vt 54.240601 46.945900
vt 54.148300 46.515499
vt 54.269100 46.460400
vt 54.186501 46.408199
vt 54.296299 46.390499
vt 54.370998 46.484100
vt 54.389301 46.392799
vt 54.489601 46.410198
vt 54.237400 46.337299
vt 54.322601 46.356998
vt 54.396500 46.373199
vt 54.300201 46.301201
vt 54.256802 46.311600
vt 54.412701 46.352901
vt 54.505100 46.391102
vt 54.496601 46.371201
vt 54.596901 46.359299
vt 54.183899 46.267101
vt 54.578701 46.417702
vt 54.579300 46.456902
vt 54.659401 46.400799
vt 54.659801 46.450298
vt 54.673901 46.427601
vt 54.736599 46.393002
vt 54.742199 46.429600
vt 54.763401 46.542801
vt 54.826500 46.399700
vt 54.738400 46.390301
vt 54.830299 46.347801
vt 54.835300 46.440800
vt 54.848701 46.548302
vt 54.873600 46.641102
vt 54.977699 46.610600
vt 54.952400 46.512199
vt 55.029701 46.497700
vt 54.913502 46.406601
vt 54.890499 46.352299
vt 54.999298 46.402000
vt 54.990898 46.375801
vt 55.050098 46.290600
vt 54.977100 46.326401
vt 55.105999 46.398399
vt 55.179298 46.530399
vt 55.048401 46.334801
vt 55.084702 46.317101
vt 55.130199 46.223598
vt 55.125301 46.267101
vt 55.193699 46.217701
vt 55.225899 46.402500
vt 55.135201 46.315102
vt 55.220100 46.210201
vt 55.202301 46.193802
vt 55.246700 46.153900
vt 55.285301 46.171799
vt 55.287201 46.180698
vt 55.312500 46.097599
vt 55.337002 46.071499
vt 55.402500 46.055302
vt 55.368500 46.043701
vt 55.454800 45.954601
vt 55.413799 45.923901
vt 55.495899 46.101501
vt 55.551201 46.016300
vt 55.466400 45.916500
vt 55.460602 45.879299
vt 55.496201 45.818699
vt 55.578602 45.937801
vt 55.504601 45.778301
vt 55.614700 45.841000
vt 55.635601 46.037300
vt 55.709000 46.000301
vt 55.754902 46.168301
vt 55.882801 45.915901
vt 55.834202 46.047199
vt 56.049400 45.985500
vt 56.083302 45.825100
vt 55.999802 46.137402
vt 55.627899 46.967499
vt 55.420200 46.916599
vt 55.450298 47.085201
vt 55.236500 46.977699
vt 55.303101 47.134399
vt 55.153198 47.173302
vt 55.339100 46.828701
vt 55.146900 46.722000
vt 55.210300 46.897499
vt 55.246201 46.662399
vt 55.095901 47.075001
vt 55.072601 46.898998
vt 55.097599 46.585098
vt 54.997002 47.097599
vt 55.018200 46.762501
vt 54.930698 46.826401
vt 54.970501 46.986500
vt 54.323101 47.229500
vt 54.498001 47.119099
vt 54.367500 47.082199
vt 54.181000 47.061100
vt 54.049400 47.028099
vt 53.974602 46.827202
vt 53.389500 47.107201
vt 53.370098 46.825802
vt 53.230701 46.969700
vt 53.432201 46.742199
vt 53.638500 46.765301
vt 53.565601 46.661301
vt 53.800800 46.893200
vt 53.770802 46.688202
vt 53.851002 46.761002
vt 53.938599 46.614601
vt 54.047501 46.472401
vt 53.957100 46.405201
vt 54.087502 46.374699
vt 54.151901 46.292999
vt 54.021900 46.307999
vt 54.114399 46.241699
vt 54.027901 46.181702
vt 54.105900 46.221001
vt 54.075001 46.119099
vt 54.028999 46.180500
vt 54.000702 46.125301
vt 53.977901 46.058201
vt 53.951401 46.256802
vt 53.968800 46.117401
vt 53.948399 46.026001
vt 53.880699 46.184898
vt 54.467602 44.538898
vt 54.546799 44.440899
vt 54.447399 44.420502
vt 54.593300 44.532200
vt 54.318100 44.505798
vt 54.286301 44.315201
vt 54.501202 44.681400
vt 54.359299 44.595100
vt 54.281101 44.638000
vt 54.249599 44.499100
vt 54.164299 44.360001
vt 54.374500 44.121399
vt 54.219299 44.147301
vt 54.077801 44.218201
vt 54.007401 44.273701
vt 54.012501 44.419701
vt 53.838799 44.337898
vt 54.125401 44.585098
vt 53.940800 44.478298
vt 53.850601 44.531898
vt 54.017899 44.648701
vt 53.726398 44.416500
vt 54.096699 44.707901
vt 54.147202 44.671299
vt 53.952999 44.695000
vt 54.025101 44.755299
vt 53.775101 44.618301
vt 54.167000 44.817501
vt 53.847801 44.750198
vt 53.625999 44.552502
vt 53.661201 44.732899
vt 54.235199 44.760201
vt 54.312302 44.699001
vt 54.417801 44.726601
vt 54.320499 44.769600
vt 54.173302 44.846199
vt 54.374298 44.700500
vt 54.333900 44.749699
vt 54.386799 44.755402
vt 54.472599 44.719398
vt 54.460899 44.669701
vt 54.536098 44.702000
vt 54.576302 44.719799
vt 54.681900 44.658798
vt 54.650799 44.703899
vt 54.586498 44.672199
vt 54.737400 44.717201
vt 54.686501 44.672600
vt 54.688400 44.521900
vt 54.731300 44.583099
vt 54.733799 44.657101
vt 54.765301 44.443001
vt 54.825699 44.690399
vt 54.766499 44.693100
vt 54.854698 44.560501
vt 54.873199 44.457500
vt 54.913300 44.714100
vt 54.825500 44.721802
vt 54.881302 44.754700
vt 54.970600 44.780300
vt 54.966801 44.460602
vt 54.940601 44.600101
vt 54.942101 44.676998
vt 54.979900 44.743599
vt 55.035900 44.610199
vt 54.988098 44.737202
vt 55.035301 44.797699
vt 55.058899 44.752300
vt 55.150398 44.845299
vt 55.080299 44.765400
vt 55.136600 44.668301
vt 55.135502 44.578899
vt 55.082001 44.513000
vt 55.254501 44.422501
vt 55.126999 44.369801
vt 55.332500 44.281502
vt 55.208302 44.193802
vt 55.076801 44.163300
vt 55.408199 44.157700
vt 55.263699 44.099998
vt 55.332001 43.963501
vt 55.106201 44.040901
vt 55.151100 43.911999
vt 54.798801 46.991100
vt 54.784302 46.808800
vt 54.681702 46.839500
vt 54.656601 47.004501
vt 54.752701 46.671902
vt 54.531101 46.978100
vt 54.651699 46.661301
vt 54.505001 46.843498
vt 54.656799 46.559502
vt 54.559502 46.634499
vt 54.556801 46.550701
vt 54.370800 46.977901
vt 54.413700 46.629299
vt 54.460300 46.535801
vt 54.402802 46.827400
vt 54.281700 46.771599
vt 54.344700 46.609501
vt 55.934502 45.682400
vt 55.914700 45.793999
vt 56.110600 45.561699
vt 56.100201 45.401699
vt 56.206501 45.400501
vt 56.225800 45.570000
vt 56.344398 45.384602
vt 56.082401 45.248001
vt 56.301601 45.037899
vt 56.114498 44.931801
vt 56.173500 45.065201
vt 55.466499 46.760502
vt 55.571201 46.863701
vt 55.637001 46.764801
vt 55.707298 46.888699
vt 55.865200 46.756001
vt 54.660500 47.142200
vt 54.489300 47.246899
vt 53.585999 44.244301
vt 53.788200 44.217499
vt 53.715099 44.127800
vt 53.659000 44.360600
vt 53.516201 44.413700
vt 53.444901 44.547798
vt 53.554501 44.636299
vt 53.441200 44.737202
vt 53.584301 44.837502
vt 53.371899 44.861301
vt 53.118999 45.384399
vt 53.108799 45.237900
vt 52.943699 45.375702
vt 53.566399 45.745201
vt 53.431702 45.905201
vt 53.633900 45.731098
vt 53.582699 45.859901
vt 53.467300 46.034698
vt 53.644001 45.967999
vt 53.709900 45.938202
vt 53.657101 45.674000
vt 54.940102 44.103500
vt 54.883999 44.303101
vt 55.019901 44.316101
vt 54.789398 44.110500
vt 54.780602 44.276501
vt 54.802200 43.979698
vt 54.680401 44.114799
vt 54.660900 44.438999
vt 54.651699 44.259899
vt 54.530701 44.276100
vt 54.528301 44.084900
vt 54.653198 43.837200
vt 54.503101 43.975101
vt 54.674900 43.974701
vt 54.794800 43.855000
vt 54.415199 44.292198
vt 53.910400 44.165298
vt 54.004101 43.971401
vt 53.855900 44.055500
vt 52.947498 44.666100
vt 52.892899 44.932598
vt 53.048302 44.952000
vt 53.631901 43.507500
vt 53.465099 43.668999
vt 53.559601 43.672298
vt 53.775600 43.362900
vt 53.952702 43.211899
vt 53.877899 43.195599
vt 54.095901 43.049400
vt 54.012299 43.084702
vt 54.105499 43.083599
vt 54.154499 43.080898
vt 54.174099 43.029900
vt 53.674702 43.687302
vt 53.792801 43.492401
vt 53.802700 43.667500
vt 53.856602 43.490501
vt 53.771301 43.809799
vt 53.593399 43.848801
vt 53.666000 44.079601
vt 53.550098 44.104198
vt 53.462700 43.837502
vt 53.376099 44.082802
vt 53.425098 44.342999
vt 53.272701 44.366001
vt 53.361000 44.660000
vt 53.529099 44.641300
vt 53.469002 44.944401
vt 53.205299 44.635502
vt 53.320702 44.930199
vt 53.445400 45.251900
vt 53.155399 44.955399
vt 53.278301 45.246899
vt 53.421200 45.556099
vt 53.250500 45.585899
vt 53.407902 45.879002
vt 53.117500 45.254002
vt 52.864799 45.246399
vt 53.055901 45.555401
vt 53.085400 45.852600
vt 53.221699 45.855099
vt 53.260300 46.167500
vt 53.094601 46.153099
vt 53.436501 46.152199
vt 53.421101 46.456200
vt 53.241600 46.463299
vt 52.953701 46.429600
vt 53.107399 46.460999
vt 53.292999 46.755100
vt 53.449699 46.755299
vt 53.114601 46.743500
vt 52.973499 46.733501
vt 55.508900 43.063702
vt 55.430199 43.029301
vt 55.451302 43.087299
vt 55.341000 43.070801
vt 55.409100 43.081200
vt 55.355400 43.035599
vt 55.286701 43.094101
vt 55.322102 43.070202
vt 55.290798 43.066299
vt 55.233299 43.089699
vt 55.346298 43.127201
vt 55.431801 43.114201
vt 54.677898 43.060799
vt 54.600800 43.071800
vt 54.598900 43.079300
vt 54.510899 43.084599
vt 54.956902 43.664902
vt 55.118000 43.509602
vt 54.962799 43.515701
vt 54.834301 43.658901
vt 54.858200 43.847301
vt 54.684200 43.826000
vt 55.147202 43.637001
vt 54.684200 44.096401
vt 54.542599 43.839100
vt 55.012402 43.825401
vt 54.874699 44.072498
vt 55.259499 43.507301
vt 55.176300 43.833199
vt 55.042301 44.080101
vt 55.269901 43.674198
vt 55.198101 44.079102
vt 55.330002 43.485600
vt 55.333302 43.818001
vt 55.426899 43.680099
vt 55.498501 43.508801
vt 55.549198 43.667400
vt 55.611000 43.489601
vt 54.978001 43.181198
vt 55.056301 43.164299
vt 55.025002 43.090099
vt 54.836201 43.114899
vt 54.919601 43.105900
vt 54.876499 43.073002
vt 55.181599 43.052898
vt 55.164101 43.091202
vt 55.060799 43.071999
vt 55.003399 43.074402
vt 55.016800 43.123100
vt 55.232101 43.022301
vt 54.801300 43.087898
vt 54.864700 43.062000
vt 54.761101 43.074200
vt 54.750801 43.118099
vt 54.655399 43.105400
vt 54.650902 43.129200
vt 54.599899 43.054401
vt 54.570900 43.115700
vt 54.553799 43.045601
vt 54.603600 43.153999
vt 54.511902 43.062199
vt 54.511600 43.111801
vt 54.456100 43.066700
vt 54.424099 43.099300
vt 54.366699 43.024799
vt 54.357399 43.089401
vt 54.302101 43.059502
vt 54.395302 43.126900
vt 54.349300 43.107201
vt 54.278500 43.090801
vt 54.187000 43.030300
vt 54.200401 43.087101
vt 54.257000 43.117199
vt 53.929199 43.652000
vt 54.004799 43.530399
vt 54.073700 43.676998
vt 54.129101 43.496201
vt 54.231098 43.675098
vt 54.260601 43.503799
vt 54.386700 43.665798
vt 53.892899 43.834099
vt 54.005299 43.821301
vt 54.349701 43.825199
vt 54.186199 43.812000
vt 53.818001 44.077400
vt 53.978802 44.084202
vt 54.493099 44.081402
vt 54.312099 44.047501
vt 54.174500 44.069199
vt 56.007999 44.108398
vt 55.957901 44.350700
vt 56.091000 44.339802
vt 55.915600 43.839600
vt 55.869701 44.077599
vt 55.751400 43.825600
vt 55.622200 43.819599
vt 55.821098 43.649601
vt 55.678398 43.689301
vt 54.464100 43.219200
vt 54.317501 43.330601
vt 54.453400 43.395699
vt 54.572102 43.218300
vt 54.397301 43.479198
vt 54.535099 43.633202
vt 54.656898 43.526001
vt 54.662498 43.698399
vt 54.685699 43.370701
vt 54.556702 43.362701
vt 54.808998 43.528301
vt 54.889999 43.225101
vt 54.806702 43.360802
vt 54.922199 43.369499
vt 55.050999 43.355701
vt 53.630901 46.454700
vt 53.614300 46.778599
vt 53.497501 47.059898
vt 53.842999 46.462700
vt 53.840302 46.751202
vt 53.666801 47.046101
vt 53.533901 47.374802
vt 54.060101 46.745602
vt 53.698101 47.361900
vt 53.598202 47.682301
vt 53.846100 47.035099
vt 53.778400 47.709400
vt 53.643700 48.038300
vt 53.827499 48.053699
vt 53.884399 47.357399
vt 53.931400 47.700001
vt 53.986500 48.067402
vt 54.166698 48.013302
vt 54.086601 47.061001
vt 54.114601 47.374599
vt 54.163502 47.708500
vt 54.351002 47.692501
vt 54.386101 48.033001
vt 54.299599 47.355999
vt 54.294300 47.042500
vt 54.306999 46.759102
vt 54.239201 46.492500
vt 54.049801 46.460400
vt 54.039600 46.162399
vt 54.242298 46.186901
vt 54.244099 45.861500
vt 54.008400 45.833599
vt 54.456299 45.883900
vt 54.475601 46.182301
vt 54.245201 45.552101
vt 54.050800 45.538898
vt 54.428501 45.521999
vt 54.686600 45.856098
vt 54.247101 45.246498
vt 54.707901 46.200298
vt 54.483398 45.235802
vt 54.687000 45.526600
vt 54.868801 45.845299
vt 54.925201 46.178699
vt 55.119099 45.879101
vt 55.118401 46.144501
vt 55.338799 45.868198
vt 55.122501 45.534599
vt 55.345402 46.175400
vt 54.887402 45.527100
vt 55.528702 45.880600
vt 55.540199 46.190601
vt 55.337502 45.542198
vt 55.747101 45.883499
vt 55.794998 46.166199
vt 55.519699 45.578800
vt 55.940201 45.864399
vt 55.966599 46.188000
vt 55.742901 45.558399
vt 56.093800 46.193600
vt 56.121201 45.844501
vt 55.499298 45.252899
vt 55.913200 45.542702
vt 55.728298 45.239601
vt 55.322102 45.247501
vt 55.106701 45.241001
vt 55.506699 44.946400
vt 55.678001 44.952900
vt 55.315300 44.944500
vt 54.895500 45.241501
vt 55.132900 44.935501
vt 54.676201 45.236000
vt 54.886700 44.949600
vt 54.687901 44.943901
vt 54.488300 44.915901
vt 54.679501 44.644199
vt 54.246700 44.940498
vt 54.074299 44.920200
vt 54.275799 44.637402
vt 54.481300 44.661201
vt 54.487202 44.337399
vt 54.679401 44.333401
vt 54.874500 44.601700
vt 54.884602 44.336201
vt 55.073002 44.339401
vt 55.092800 44.631699
vt 55.280701 44.307499
vt 55.262501 44.659500
vt 55.388901 44.083401
vt 55.448101 44.330200
vt 55.477100 44.640202
vt 55.481400 43.820400
vt 55.530300 44.108898
vt 55.617401 44.333199
vt 55.718498 44.043400
vt 55.660599 44.645401
vt 54.261902 44.344501
vt 54.101501 44.334599
vt 53.929699 44.337002
vt 54.039001 44.642799
vt 53.763401 44.346401
vt 53.570202 44.312801
vt 53.882401 44.654800
vt 53.729401 44.629501
vt 53.842499 44.924000
vt 53.669701 44.941700
vt 53.633202 45.244701
vt 53.834000 45.247799
vt 54.037998 45.248798
vt 53.618500 45.549400
vt 53.801601 45.554001
vt 53.645302 45.870499
vt 53.831299 45.875999
vt 53.638199 46.152199
vt 53.823002 46.158600
vt 55.787300 44.336601
vt 55.843399 44.648201
vt 55.883202 44.950298
vt 56.005299 44.631401
vt 55.945702 45.227001
vt 56.050301 44.946800
vt 56.090599 45.513802
vt 56.167500 44.659302
vt 56.076801 45.232201
vt 56.203201 44.933899
vt 56.249298 45.255798
vt 56.264702 45.521198
vt 56.294399 45.848598
vt 56.287498 46.152599
vt 56.238300 46.470200
vt 56.200401 46.749802
vt 56.361401 46.760799
vt 56.299900 47.057800
vt 56.487099 47.031300
vt 56.132301 47.051701
vt 56.269100 47.365101
vt 56.155300 47.696999
vt 56.051498 48.017799
vt 56.207802 48.014500
vt 52.715199 46.778099
vt 52.781898 47.078602
vt 52.924900 47.037899
vt 52.930599 47.392700
vt 52.841499 46.764599
vt 53.009399 47.042000
vt 53.033100 47.699402
vt 53.140800 48.053398
vt 53.187302 47.664700
vt 53.089401 47.366901
vt 53.156300 47.068001
vt 53.293800 47.041401
vt 53.189800 47.352299
vt 53.365398 47.370399
vt 53.299400 47.701599
vt 53.441700 47.697498
vt 53.399899 48.070000
vt 53.541000 48.035198
vt 0.568117 0.078014
vt 0.484312 0.072815
vt 0.499007 0.499463
vt 0.579009 0.003944
vt 0.480848 -0.002080
vt 0.674143 0.029007
vt 0.401124 0.084030
vt 0.383460 0.011146
vt 0.649317 0.099456
vt 0.762580 0.072159
vt 0.724787 0.136329
vt 0.840912 0.131746
vt 0.321732 0.111173
vt 0.290626 0.043036
vt 0.205718 0.092288
vt 0.791621 0.187223
vt 0.906123 0.205479
vt 0.249215 0.153379
vt 0.131928 0.157209
vt 0.847247 0.250184
vt 0.955702 0.290530
vt 0.186247 0.208888
vt 0.072174 0.235323
vt 0.135276 0.275616
vt 0.028789 0.323626
vt 0.889523 0.322793
vt 0.987739 0.383630
vt 0.098283 0.351018
vt 0.003459 0.418718
vt 0.076705 0.432200
vt -0.002833 0.516943
vt 0.916824 0.402261
vt 1.001000 0.481202
vt 0.071378 0.516042
vt 0.010161 0.614522
vt 0.928097 0.485534
vt 0.994967 0.579499
vt 0.082512 0.599321
vt 0.041947 0.707704
vt 0.922908 0.569413
vt 0.969873 0.674741
vt 0.109682 0.678834
vt 0.091308 0.792907
vt 0.901454 0.650676
vt 0.926676 0.763274
vt 0.151846 0.751526
vt 0.156351 0.866852
vt 0.864555 0.726201
vt 0.867029 0.841702
vt 0.207387 0.814601
vt 0.234582 0.926698
vt 0.813620 0.793089
vt 0.793197 0.907028
vt 0.274174 0.865634
vt 0.323002 0.970145
vt 0.750584 0.848762
vt 0.719070 0.954239
vt 0.349645 0.902660
vt 0.418234 0.995518
vt 0.677853 0.891003
vt 0.614589 0.988737
vt 0.598247 0.918216
vt 0.430911 0.924246
vt 0.516661 1.001825
vt 0.514857 0.929529
vt 0.678817 0.830996
vt 0.769728 0.883484
vt 0.769728 0.778509
vt 0.860640 0.830996
vt 0.678817 0.726021
vt 0.860640 0.726021
vt 0.769728 0.673533
vt 0.681649 0.720505
vt 0.678593 0.825436
vt 0.770994 0.775617
vt 0.767938 0.880549
vt 0.774050 0.670687
vt 0.860339 0.830729
vt 0.863395 0.725798
vt 0.682586 0.725241
vt 0.679530 0.830172
vt 0.771931 0.780353
vt 0.768875 0.885284
vt 0.774987 0.675422
vt 0.861276 0.835465
vt 0.864332 0.730534
vt 0.682254 0.722957
vt 0.679198 0.827888
vt 0.771599 0.778069
vt 0.768543 0.883000
vt 0.774655 0.673138
vt 0.860944 0.833181
vt 0.864000 0.728250
vt 0.682404 0.722713
vt 0.679348 0.827644
vt 0.771749 0.777825
vt 0.768693 0.882756
vt 0.774805 0.672894
vt 0.861094 0.832937
vt 0.864150 0.728006
vt 0.213623 0.112606
vt 0.190273 0.250493
vt 0.255416 0.201489
vt 0.115484 0.186156
vt 0.332842 0.085714
vt 0.055658 0.293716
vt 0.334531 0.183592
vt 0.150559 0.322184
vt 0.452327 0.109915
vt 0.044663 0.416631
vt 0.413775 0.199859
vt 0.143285 0.404202
vt 0.551484 0.180759
vt 0.084379 0.533548
vt 0.479296 0.247230
vt 0.169706 0.482433
vt 0.519584 0.317994
vt 0.167699 0.624156
vt 0.613478 0.285919
vt 0.224749 0.543441
vt 0.529229 0.399984
vt 0.299215 0.576497
vt 0.628316 0.407815
vt 0.280266 0.672823
vt 0.505827 0.478888
vt 0.380131 0.575775
vt 0.593061 0.525592
vt 0.402571 0.670983
vt 0.453300 0.541220
vt 0.513286 0.618842
vt 0.161100 0.633355
vt 0.074585 0.539296
vt 0.278010 0.683886
vt 0.033369 0.417935
vt 0.044819 0.290334
vt 0.405066 0.681986
vt 0.106982 0.178678
vt 0.520093 0.627857
vt 0.208931 0.102340
vt 0.602969 0.531059
vt 0.332761 0.074459
vt 0.639586 0.408828
vt 0.456850 0.099627
vt 0.624179 0.282357
vt 0.559809 0.173204
vt 0.334751 0.204333
vt 0.263919 0.220357
vt 0.279542 0.255192
vt 0.205596 0.264230
vt 0.334674 0.242343
vt 0.234243 0.289785
vt 0.405698 0.218897
vt 0.170040 0.328415
vt 0.389911 0.253404
vt 0.206789 0.340205
vt 0.435611 0.286473
vt 0.163528 0.401845
vt 0.464359 0.261308
vt 0.202088 0.397809
vt 0.463440 0.336153
vt 0.221121 0.452832
vt 0.500429 0.324663
vt 0.187183 0.471886
vt 0.509064 0.398069
vt 0.259703 0.495903
vt 0.470414 0.394020
vt 0.236463 0.526506
vt 0.488112 0.468712
vt 0.303133 0.556101
vt 0.454284 0.449916
vt 0.311667 0.519021
vt 0.441085 0.524517
vt 0.375576 0.555454
vt 0.418519 0.494065
vt 0.367946 0.518407
vt 0.301671 0.907109
vt 0.036270 0.850697
vt 0.054600 0.907109
vt 0.320001 0.850697
vt 0.261981 0.951190
vt 0.042470 0.791706
vt 0.094290 0.951190
vt 0.207793 0.975316
vt 0.148478 0.975316
vt 0.313800 0.791706
vt 0.072128 0.740337
vt 0.284142 0.740337
vt 0.120115 0.705472
vt 0.236155 0.705472
vt 0.178135 0.693139
vt 0.734597 0.478899
vt 0.675099 0.432685
vt 0.675099 0.490145
vt 0.733640 0.446882
vt 0.748700 0.508057
vt 0.745892 0.417676
vt 0.698753 0.542634
vt 0.698884 0.380624
vt 0.741640 0.581007
vt 0.769079 0.396490
vt 0.773577 0.529262
vt 0.742047 0.343499
vt 0.796115 0.598995
vt 0.799098 0.387175
vt 0.804743 0.539150
vt 0.796417 0.327866
vt 0.836951 0.535708
vt 0.830768 0.391767
vt 0.853010 0.593637
vt 0.852108 0.335506
vt 0.864595 0.519925
vt 0.900975 0.363974
vt 0.902629 0.565880
vt 0.859627 0.407964
vt 0.882786 0.494531
vt 0.935069 0.409378
vt 0.936332 0.520284
vt 0.880028 0.433311
vt 0.947828 0.464719
vt 0.888248 0.463835
s 0
usemtl stick.001
f 1/1/1 2/2/1 3/2/1
f 4/3/2 5/1/2 6/2/2
f 7/3/3 8/2/3 9/2/3
f 10/3/4 11/1/4 12/3/4
f 13/3/5 14/2/5 15/2/5
f 16/3/6 17/2/6 18/3/6
f 19/4/7 20/5/7 21/5/7
f 22/6/8 23/4/8 24/5/8
f 25/6/9 26/5/9 27/5/9
f 28/6/10 29/4/10 30/6/10
f 31/6/11 32/5/11 33/5/11
f 34/6/12 35/5/12 36/5/12
f 37/7/13 38/7/13 39/7/13
f 40/8/14 41/7/14 42/7/14
f 43/8/15 44/7/15 45/7/15
f 46/8/16 47/7/16 48/8/16
f 49/8/17 50/7/17 51/8/17
f 52/8/18 53/7/18 54/8/18
f 55/9/13 56/10/13 57/10/13
f 58/11/19 59/9/19 60/10/19
f 61/11/20 62/10/20 63/10/20
f 64/11/21 65/9/21 66/11/21
f 67/11/22 68/10/22 69/11/22
f 70/11/23 71/10/23 72/11/23
f 73/2/7 74/2/7 75/1/7
f 76/1/13 77/2/13 78/2/13
f 79/3/24 80/3/24 81/1/24
f 82/3/25 83/3/25 84/2/25
f 85/3/26 86/2/26 87/1/26
f 88/3/5 89/3/5 90/2/5
f 91/3/27 92/2/27 93/2/27
f 94/5/7 95/5/7 96/4/7
f 97/4/13 98/5/13 99/5/13
f 100/6/28 101/6/28 102/4/28
f 103/6/29 104/6/29 105/5/29
f 106/6/30 107/5/30 108/4/30
f 109/6/31 110/6/31 111/5/31
f 112/6/32 113/6/32 114/5/32
f 115/7/33 116/7/33 117/7/33
f 118/7/13 119/7/13 120/7/13
f 121/8/34 122/8/34 123/7/34
f 124/8/35 125/8/35 126/7/35
f 127/8/36 128/7/36 129/7/36
f 130/8/17 131/7/17 132/7/17
f 133/8/37 134/7/37 135/7/37
f 136/10/13 137/10/13 138/9/13
f 139/9/13 140/10/13 141/10/13
f 142/11/38 143/11/38 144/9/38
f 145/11/39 146/11/39 147/10/39
f 148/11/40 149/10/40 150/9/40
f 151/11/41 152/10/41 153/10/41
f 154/11/42 155/10/42 156/10/42
f 157/1/43 158/2/43 159/2/43
f 160/3/44 161/1/44 162/2/44
f 163/3/45 164/2/45 165/2/45
f 166/3/46 167/1/46 168/3/46
f 169/3/47 170/2/47 171/2/47
f 172/3/48 173/2/48 174/3/48
f 175/4/49 176/5/49 177/5/49
f 178/6/50 179/4/50 180/5/50
f 181/6/51 182/5/51 183/5/51
f 184/6/52 185/4/52 186/6/52
f 187/6/53 188/5/53 189/5/53
f 190/6/54 191/5/54 192/5/54
f 193/7/43 194/7/43 195/7/43
f 196/8/55 197/7/55 198/7/55
f 199/8/56 200/7/56 201/7/56
f 202/8/57 203/7/57 204/8/57
f 205/8/58 206/7/58 207/8/58
f 208/8/59 209/7/59 210/8/59
f 211/9/43 212/10/43 213/10/43
f 214/11/60 215/9/60 216/10/60
f 217/11/61 218/10/61 219/10/61
f 220/11/62 221/9/62 222/11/62
f 223/11/63 224/10/63 225/11/63
f 226/11/64 227/10/64 228/11/64
f 229/2/65 230/2/65 231/1/65
f 232/1/43 233/2/43 234/2/43
f 235/3/66 236/3/66 237/1/66
f 238/3/67 239/3/67 240/2/67
f 241/3/68 242/2/68 243/1/68
f 244/3/69 245/3/69 246/2/69
f 247/3/70 248/2/70 249/2/70
f 250/5/49 251/5/49 252/4/49
f 253/4/49 254/5/49 255/5/49
f 256/6/71 257/6/71 258/4/71
f 259/6/72 260/6/72 261/5/72
f 262/6/73 263/5/73 264/4/73
f 265/6/74 266/6/74 267/5/74
f 268/6/75 269/6/75 270/5/75
f 271/7/65 272/7/65 273/7/65
f 274/7/43 275/7/43 276/7/43
f 277/8/76 278/8/76 279/7/76
f 280/8/77 281/8/77 282/7/77
f 283/8/78 284/7/78 285/7/78
f 286/8/58 287/7/58 288/7/58
f 289/8/79 290/7/79 291/7/79
f 292/10/43 293/10/43 294/9/43
f 295/9/80 296/10/80 297/10/80
f 298/11/81 299/11/81 300/9/81
f 301/11/82 302/11/82 303/10/82
f 304/11/83 305/10/83 306/9/83
f 307/11/84 308/10/84 309/10/84
f 310/11/85 311/10/85 312/10/85
f 313/1/86 314/2/86 315/2/86
f 316/3/87 317/1/87 318/2/87
f 319/3/88 320/2/88 321/2/88
f 322/3/89 323/1/89 324/3/89
f 325/3/90 326/2/90 327/2/90
f 328/3/91 329/2/91 330/3/91
f 331/4/86 332/5/86 333/5/86
f 334/6/92 335/4/92 336/5/92
f 337/6/93 338/5/93 339/5/93
f 340/6/94 341/4/94 342/6/94
f 343/6/95 344/5/95 345/5/95
f 346/6/96 347/5/96 348/5/96
f 349/7/86 350/7/86 351/7/86
f 352/8/97 353/7/97 354/7/97
f 355/8/98 356/7/98 357/7/98
f 358/8/99 359/7/99 360/8/99
f 361/8/100 362/7/100 363/8/100
f 364/8/101 365/7/101 366/8/101
f 367/9/86 368/10/86 369/10/86
f 370/11/102 371/9/102 372/10/102
f 373/11/103 374/10/103 375/10/103
f 376/11/104 377/9/104 378/11/104
f 379/11/105 380/10/105 381/11/105
f 382/11/106 383/10/106 384/11/106
f 385/2/107 386/2/107 387/1/107
f 388/1/86 389/2/86 390/2/86
f 391/3/108 392/3/108 393/1/108
f 394/3/109 395/3/109 396/2/109
f 397/3/110 398/2/110 399/1/110
f 400/3/90 401/3/90 402/2/90
f 403/3/111 404/2/111 405/2/111
f 406/5/112 407/5/112 408/4/112
f 409/4/86 410/5/86 411/5/86
f 412/6/113 413/6/113 414/4/113
f 415/6/114 416/6/114 417/5/114
f 418/6/115 419/5/115 420/4/115
f 421/6/116 422/6/116 423/5/116
f 424/6/117 425/6/117 426/5/117
f 427/7/107 428/7/107 429/7/107
f 430/7/86 431/7/86 432/7/86
f 433/8/118 434/8/118 435/7/118
f 436/8/119 437/8/119 438/7/119
f 439/8/120 440/7/120 441/7/120
f 442/8/121 443/7/121 444/7/121
f 445/8/122 446/7/122 447/7/122
f 448/10/86 449/10/86 450/9/86
f 451/9/112 452/10/112 453/10/112
f 454/11/123 455/11/123 456/9/123
f 457/11/124 458/11/124 459/10/124
f 460/11/125 461/10/125 462/9/125
f 463/11/126 464/10/126 465/10/126
f 466/11/127 467/10/127 468/10/127
f 469/1/128 470/2/128 471/2/128
f 472/3/129 473/1/129 474/2/129
f 475/3/130 476/2/130 477/2/130
f 478/3/131 479/1/131 480/3/131
f 481/3/132 482/2/132 483/2/132
f 484/3/133 485/2/133 486/3/133
f 487/4/134 488/5/134 489/5/134
f 490/6/135 491/4/135 492/5/135
f 493/6/136 494/5/136 495/5/136
f 496/6/137 497/4/137 498/6/137
f 499/6/138 500/5/138 501/5/138
f 502/6/139 503/5/139 504/5/139
f 505/7/140 506/7/140 507/7/140
f 508/8/141 509/7/141 510/7/141
f 511/8/142 512/7/142 513/7/142
f 514/8/143 515/7/143 516/8/143
f 517/8/144 518/7/144 519/8/144
f 520/8/145 521/7/145 522/8/145
f 523/9/140 524/10/140 525/10/140
f 526/11/146 527/9/146 528/10/146
f 529/11/147 530/10/147 531/10/147
f 532/11/148 533/9/148 534/11/148
f 535/11/149 536/10/149 537/11/149
f 538/11/150 539/10/150 540/11/150
f 541/2/134 542/2/134 543/1/134
f 544/1/151 545/2/151 546/2/151
f 547/3/152 548/3/152 549/1/152
f 550/3/153 551/3/153 552/2/153
f 553/3/154 554/2/154 555/1/154
f 556/3/132 557/3/132 558/2/132
f 559/3/155 560/2/155 561/2/155
f 562/5/140 563/5/140 564/4/140
f 565/4/134 566/5/134 567/5/134
f 568/6/156 569/6/156 570/4/156
f 571/6/157 572/6/157 573/5/157
f 574/6/158 575/5/158 576/4/158
f 577/6/159 578/6/159 579/5/159
f 580/6/160 581/6/160 582/5/160
f 583/7/134 584/7/134 585/7/134
f 586/7/140 587/7/140 588/7/140
f 589/8/161 590/8/161 591/7/161
f 592/8/162 593/8/162 594/7/162
f 595/8/163 596/7/163 597/7/163
f 598/8/144 599/7/144 600/7/144
f 601/8/164 602/7/164 603/7/164
f 604/10/151 605/10/151 606/9/151
f 607/9/140 608/10/140 609/10/140
f 610/11/165 611/11/165 612/9/165
f 613/11/166 614/11/166 615/10/166
f 616/11/167 617/10/167 618/9/167
f 619/11/168 620/10/168 621/10/168
f 622/11/169 623/10/169 624/10/169
f 625/1/170 626/2/170 627/2/170
f 628/3/171 629/1/171 630/2/171
f 631/3/172 632/2/172 633/2/172
f 634/3/173 635/1/173 636/3/173
f 637/3/174 638/2/174 639/2/174
f 640/3/175 641/2/175 642/3/175
f 643/4/176 644/5/176 645/5/176
f 646/6/177 647/4/177 648/5/177
f 649/6/178 650/5/178 651/5/178
f 652/6/179 653/4/179 654/6/179
f 655/6/180 656/5/180 657/5/180
f 658/6/181 659/5/181 660/5/181
f 661/7/182 662/7/182 663/7/182
f 664/8/183 665/7/183 666/7/183
f 667/8/184 668/7/184 669/7/184
f 670/8/185 671/7/185 672/8/185
f 673/8/186 674/7/186 675/8/186
f 676/8/187 677/7/187 678/8/187
f 679/9/182 680/10/182 681/10/182
f 682/11/188 683/9/188 684/10/188
f 685/11/189 686/10/189 687/10/189
f 688/11/190 689/9/190 690/11/190
f 691/11/191 692/10/191 693/11/191
f 694/11/192 695/10/192 696/11/192
f 697/2/176 698/2/176 699/1/176
f 700/1/170 701/2/170 702/2/170
f 703/3/193 704/3/193 705/1/193
f 706/3/194 707/3/194 708/2/194
f 709/3/195 710/2/195 711/1/195
f 712/3/174 713/3/174 714/2/174
f 715/3/196 716/2/196 717/2/196
f 718/5/182 719/5/182 720/4/182
f 721/4/182 722/5/182 723/5/182
f 724/6/197 725/6/197 726/4/197
f 727/6/198 728/6/198 729/5/198
f 730/6/199 731/5/199 732/4/199
f 733/6/200 734/6/200 735/5/200
f 736/6/201 737/6/201 738/5/201
f 739/7/176 740/7/176 741/7/176
f 742/7/182 743/7/182 744/7/182
f 745/8/202 746/8/202 747/7/202
f 748/8/203 749/8/203 750/7/203
f 751/8/204 752/7/204 753/7/204
f 754/8/205 755/7/205 756/7/205
f 757/8/206 758/7/206 759/7/206
f 760/10/170 761/10/170 762/9/170
f 763/9/182 764/10/182 765/10/182
f 766/11/207 767/11/207 768/9/207
f 769/11/208 770/11/208 771/10/208
f 772/11/209 773/10/209 774/9/209
f 775/11/210 776/10/210 777/10/210
f 778/11/211 779/10/211 780/10/211
f 781/1/212 782/2/212 783/2/212
f 784/3/213 785/1/213 786/2/213
f 787/3/214 788/2/214 789/2/214
f 790/3/215 791/1/215 792/3/215
f 793/3/216 794/2/216 795/2/216
f 796/3/217 797/2/217 798/3/217
f 799/4/218 800/5/218 801/5/218
f 802/6/219 803/4/219 804/5/219
f 805/6/220 806/5/220 807/5/220
f 808/6/221 809/4/221 810/6/221
f 811/6/222 812/5/222 813/5/222
f 814/6/223 815/5/223 816/5/223
f 817/7/212 818/7/212 819/7/212
f 820/8/224 821/7/224 822/7/224
f 823/8/225 824/7/225 825/7/225
f 826/8/226 827/7/226 828/8/226
f 829/8/227 830/7/227 831/8/227
f 832/8/228 833/7/228 834/8/228
f 835/9/218 836/10/218 837/10/218
f 838/11/229 839/9/229 840/10/229
f 841/11/230 842/10/230 843/10/230
f 844/11/231 845/9/231 846/11/231
f 847/11/232 848/10/232 849/11/232
f 850/11/233 851/10/233 852/11/233
f 853/2/234 854/2/234 855/1/234
f 856/1/235 857/2/235 858/2/235
f 859/3/236 860/3/236 861/1/236
f 862/3/237 863/3/237 864/2/237
f 865/3/238 866/2/238 867/1/238
f 868/3/239 869/3/239 870/2/239
f 871/3/240 872/2/240 873/2/240
f 874/5/218 875/5/218 876/4/218
f 877/4/212 878/5/212 879/5/212
f 880/6/241 881/6/241 882/4/241
f 883/6/242 884/6/242 885/5/242
f 886/6/243 887/5/243 888/4/243
f 889/6/244 890/6/244 891/5/244
f 892/6/245 893/6/245 894/5/245
f 895/7/246 896/7/246 897/7/246
f 898/7/218 899/7/218 900/7/218
f 901/8/247 902/8/247 903/7/247
f 904/8/248 905/8/248 906/7/248
f 907/8/249 908/7/249 909/7/249
f 910/8/227 911/7/227 912/7/227
f 913/8/250 914/7/250 915/7/250
f 916/10/212 917/10/212 918/9/212
f 919/9/218 920/10/218 921/10/218
f 922/11/251 923/11/251 924/9/251
f 925/11/252 926/11/252 927/10/252
f 928/11/253 929/10/253 930/9/253
f 931/11/254 932/10/254 933/10/254
f 934/11/255 935/10/255 936/10/255
f 937/1/256 938/2/256 939/2/256
f 940/3/257 941/1/257 942/2/257
f 943/3/258 944/2/258 945/2/258
f 946/3/259 947/1/259 948/3/259
f 949/3/260 950/2/260 951/2/260
f 952/3/261 953/2/261 954/3/261
f 955/4/262 956/5/262 957/5/262
f 958/6/263 959/4/263 960/5/263
f 961/6/264 962/5/264 963/5/264
f 964/6/265 965/4/265 966/6/265
f 967/6/266 968/5/266 969/5/266
f 970/6/267 971/5/267 972/5/267
f 973/7/256 974/7/256 975/7/256
f 976/8/268 977/7/268 978/7/268
f 979/8/269 980/7/269 981/7/269
f 982/8/270 983/7/270 984/8/270
f 985/8/271 986/7/271 987/8/271
f 988/8/272 989/7/272 990/8/272
f 991/9/256 992/10/256 993/10/256
f 994/11/273 995/9/273 996/10/273
f 997/11/274 998/10/274 999/10/274
f 1000/11/275 1001/9/275 1002/11/275
f 1003/11/276 1004/10/276 1005/11/276
f 1006/11/277 1007/10/277 1008/11/277
f 1009/2/262 1010/2/262 1011/1/262
f 1012/1/256 1013/2/256 1014/2/256
f 1015/3/278 1016/3/278 1017/1/278
f 1018/3/279 1019/3/279 1020/2/279
f 1021/3/280 1022/2/280 1023/1/280
f 1024/3/260 1025/3/260 1026/2/260
f 1027/3/281 1028/2/281 1029/2/281
f 1030/5/282 1031/5/282 1032/4/282
f 1033/4/262 1034/5/262 1035/5/262
f 1036/6/283 1037/6/283 1038/4/283
f 1039/6/284 1040/6/284 1041/5/284
f 1042/6/285 1043/5/285 1044/4/285
f 1045/6/286 1046/6/286 1047/5/286
f 1048/6/287 1049/6/287 1050/5/287
f 1051/7/262 1052/7/262 1053/7/262
f 1054/7/288 1055/7/288 1056/7/288
f 1057/8/289 1058/8/289 1059/7/289
f 1060/8/290 1061/8/290 1062/7/290
f 1063/8/291 1064/7/291 1065/7/291
f 1066/8/292 1067/7/292 1068/7/292
f 1069/8/293 1070/7/293 1071/7/293
f 1072/10/256 1073/10/256 1074/9/256
f 1075/9/288 1076/10/288 1077/10/288
f 1078/11/294 1079/11/294 1080/9/294
f 1081/11/295 1082/11/295 1083/10/295
f 1084/11/296 1085/10/296 1086/9/296
f 1087/11/297 1088/10/297 1089/10/297
f 1090/11/298 1091/10/298 1092/10/298
s 1
usemtl Backdoor1Mtl
f 1093/12/299 1094/13/300 1095/14/301
f 1095/14/301 1094/13/300 1096/15/302
f 1094/13/300 1097/16/303 1096/15/302
f 1098/17/304 1095/14/301 1096/15/302
f 1099/18/305 1097/16/303 1094/13/300
f 1095/14/301 1098/17/304 1100/19/306
f 1099/18/305 1094/13/300 1101/20/307
f 1101/20/307 1094/13/300 1093/12/299
f 1101/20/307 1102/21/308 1099/18/305
f 1103/22/309 1102/21/308 1101/20/307
f 1104/23/310 1095/14/301 1100/19/306
f 1095/14/301 1104/23/310 1093/12/299
f 1104/23/310 1101/20/307 1093/12/299
f 1104/23/310 1103/22/309 1101/20/307
f 1100/19/306 1105/24/311 1104/23/310
f 1105/24/311 1103/22/309 1104/23/310
f 1106/12/312 1107/13/313 1108/14/314
f 1108/14/314 1107/13/313 1109/15/315
f 1107/13/313 1110/16/316 1109/15/315
f 1111/17/317 1108/14/314 1109/15/315
f 1112/18/318 1110/16/316 1107/13/313
f 1108/14/314 1111/17/317 1113/19/319
f 1112/18/318 1107/13/313 1114/20/320
f 1114/20/320 1107/13/313 1106/12/312
f 1114/20/320 1115/21/321 1112/18/318
f 1116/22/322 1115/21/321 1114/20/320
f 1117/23/323 1108/14/314 1113/19/319
f 1108/14/314 1117/23/323 1106/12/312
f 1117/23/323 1114/20/320 1106/12/312
f 1117/23/323 1116/22/322 1114/20/320
f 1113/19/319 1118/24/324 1117/23/323
f 1118/24/324 1116/22/322 1117/23/323
usemtl Backdoor2Mtl
f 1119/25/325 1120/26/326 1121/27/327
f 1120/26/326 1122/28/328 1121/27/327
f 1123/29/329 1119/25/325 1121/27/327
f 1122/28/328 1124/30/330 1121/27/327
f 1125/31/331 1123/29/329 1121/27/327
f 1124/30/330 1125/31/331 1121/27/327
f 1126/25/328 1127/27/332 1128/26/333
f 1128/26/333 1127/27/332 1129/28/325
f 1130/29/334 1127/27/332 1126/25/328
f 1129/28/325 1127/27/332 1131/30/329
f 1132/31/331 1127/27/332 1130/29/334
f 1131/30/329 1127/27/332 1132/31/331
f 1133/26/335 1134/28/336 1135/27/337
f 1134/28/336 1136/30/338 1135/27/337
f 1136/30/338 1137/31/339 1135/27/337
f 1133/26/335 1135/27/337 1138/28/340
f 1138/28/340 1135/27/337 1139/30/341
f 1139/30/341 1135/27/337 1137/31/339
f 1140/25/342 1141/26/343 1142/27/344
f 1141/26/343 1143/28/345 1142/27/344
f 1144/29/346 1140/25/342 1142/27/344
f 1143/28/345 1145/30/347 1142/27/344
f 1146/31/348 1144/29/346 1142/27/344
f 1145/30/347 1146/31/348 1142/27/344
f 1147/25/345 1148/27/344 1149/26/349
f 1149/26/349 1148/27/344 1150/28/350
f 1151/29/347 1148/27/344 1147/25/345
f 1150/28/350 1148/27/344 1152/30/346
f 1153/31/351 1148/27/344 1151/29/347
f 1152/30/346 1148/27/344 1153/31/351
f 1154/25/352 1155/26/353 1156/27/354
f 1155/26/353 1157/28/355 1156/27/354
f 1158/29/356 1154/25/352 1156/27/354
f 1157/28/355 1159/30/357 1156/27/354
f 1160/31/358 1158/29/356 1156/27/354
f 1159/30/357 1160/31/358 1156/27/354
f 1161/25/355 1162/27/354 1163/26/353
f 1163/26/353 1162/27/354 1164/28/352
f 1165/29/359 1162/27/354 1161/25/355
f 1164/28/352 1162/27/354 1166/30/360
f 1167/31/358 1162/27/354 1165/29/359
f 1166/30/360 1162/27/354 1167/31/358
f 1168/25/361 1169/26/362 1170/27/363
f 1169/26/362 1171/28/364 1170/27/363
f 1172/29/365 1168/25/361 1170/27/363
f 1171/28/364 1173/30/366 1170/27/363
f 1174/31/367 1172/29/365 1170/27/363
f 1173/30/366 1174/31/367 1170/27/363
f 1175/25/364 1176/27/363 1177/26/368
f 1177/26/368 1176/27/363 1178/28/369
f 1179/29/366 1176/27/363 1175/25/364
f 1178/28/369 1176/27/363 1180/30/365
f 1181/31/370 1176/27/363 1179/29/366
f 1180/30/365 1176/27/363 1181/31/370
f 1182/25/369 1183/26/368 1184/27/371
f 1183/26/368 1185/28/364 1184/27/371
f 1186/29/365 1182/25/369 1184/27/371
f 1185/28/364 1187/30/366 1184/27/371
f 1188/31/372 1186/29/365 1184/27/371
f 1187/30/366 1188/31/372 1184/27/371
f 1189/25/364 1190/27/307 1191/26/373
f 1191/26/373 1190/27/307 1192/28/369
f 1193/29/374 1190/27/307 1189/25/364
f 1192/28/369 1190/27/307 1194/30/365
f 1195/31/375 1190/27/307 1193/29/374
f 1194/30/365 1190/27/307 1195/31/375
f 1196/25/376 1197/26/377 1198/27/378
f 1197/26/377 1199/28/379 1198/27/378
f 1200/29/380 1196/25/376 1198/27/378
f 1199/28/379 1201/30/381 1198/27/378
f 1202/31/382 1200/29/380 1198/27/378
f 1201/30/381 1202/31/382 1198/27/378
f 1203/25/383 1204/27/301 1205/26/384
f 1205/26/384 1204/27/301 1206/28/376
f 1207/29/381 1204/27/301 1203/25/383
f 1206/28/376 1204/27/301 1208/30/380
f 1209/31/382 1204/27/301 1207/29/381
f 1208/30/380 1204/27/301 1209/31/382
f 1210/32/385 1211/33/386 1212/34/387
f 1210/32/385 1212/34/387 1213/35/385
f 1214/36/388 1212/34/387 1211/33/386
f 1215/37/389 1210/32/385 1213/35/385
f 1216/38/390 1214/36/388 1211/33/386
f 1210/32/385 1215/37/389 1217/39/389
f 1216/38/390 1218/40/391 1214/36/388
f 1219/41/392 1217/39/389 1215/37/389
f 1218/40/391 1220/42/393 1214/36/388
f 1217/39/389 1219/41/392 1221/43/392
f 1222/44/394 1220/42/393 1218/40/391
f 1219/41/392 1223/45/395 1221/43/392
f 1224/46/394 1220/42/393 1222/44/394
f 1223/45/395 1219/41/392 1225/47/395
f 1222/44/394 1226/48/396 1224/46/394
f 1225/47/395 1227/49/397 1223/45/395
f 1226/48/396 1222/44/394 1228/50/398
f 1227/49/397 1225/47/395 1229/51/397
f 1229/51/397 1230/52/399 1227/49/397
f 1230/52/399 1229/51/397 1231/53/400
f 1228/50/398 1232/54/401 1226/48/396
f 1232/54/401 1228/50/398 1233/55/402
f 1233/55/402 1234/56/403 1232/54/401
f 1232/54/401 1234/56/403 1235/57/404
f 1234/56/403 1236/58/405 1235/57/404
f 1235/57/404 1236/58/405 1237/59/405
f 1236/58/405 1238/60/406 1237/59/405
f 1237/59/405 1238/60/406 1239/61/406
f 1240/62/407 1241/63/407 1242/64/408
f 1243/65/409 1241/63/407 1240/62/407
f 1242/64/408 1241/63/407 1244/66/410
f 1241/63/407 1243/65/409 1245/67/409
f 1246/68/411 1242/64/408 1244/66/410
f 1247/69/412 1245/67/409 1243/65/409
f 1246/68/411 1244/66/410 1248/70/413
f 1245/67/409 1247/69/412 1249/71/412
f 1250/72/414 1246/68/411 1248/70/413
f 1247/69/412 1251/73/415 1249/71/412
f 1246/68/411 1250/72/414 1252/74/414
f 1251/73/415 1247/69/412 1253/75/415
f 1254/76/416 1252/74/414 1250/72/414
f 1253/75/415 1255/77/417 1251/73/415
f 1252/74/414 1254/76/416 1256/78/416
f 1255/77/417 1253/75/415 1257/79/418
f 1257/79/418 1258/80/419 1255/77/417
f 1258/80/419 1257/79/418 1259/81/420
f 1254/76/416 1260/82/421 1256/78/416
f 1260/82/421 1254/76/416 1261/83/421
f 1261/83/421 1262/84/422 1260/82/421
f 1262/84/422 1261/83/421 1263/85/423
f 1262/84/422 1263/85/423 1264/86/424
f 1262/84/422 1264/86/424 1265/87/424
f 1265/87/424 1264/86/424 1266/88/425
f 1265/87/424 1266/88/425 1267/89/426
f 1267/89/426 1266/88/425 1268/90/427
f 1267/89/426 1268/90/427 1269/91/427
f 1270/92/428 1271/93/429 1272/94/429
f 1273/95/430 1272/94/429 1271/93/429
f 1271/93/429 1270/92/428 1274/96/431
f 1272/94/429 1273/95/430 1275/97/432
f 1276/98/433 1274/96/431 1270/92/428
f 1277/99/434 1275/97/432 1273/95/430
f 1274/96/431 1276/98/433 1278/100/435
f 1275/97/432 1277/99/434 1279/101/436
f 1277/99/434 1280/102/437 1279/101/436
f 1277/99/434 1281/103/438 1280/102/437
f 1282/104/439 1278/100/435 1276/98/433
f 1278/100/435 1282/104/439 1283/105/440
f 1284/106/441 1283/105/440 1282/104/439
f 1284/106/441 1282/104/439 1285/107/442
f 1286/108/443 1284/106/441 1285/107/442
f 1284/106/441 1286/108/443 1287/109/444
f 1286/108/443 1288/110/445 1287/109/444
f 1288/110/445 1286/108/443 1289/111/446
f 1289/111/446 1290/112/447 1288/110/445
f 1290/112/447 1289/111/446 1291/113/448
f 1291/113/448 1292/114/449 1290/112/447
f 1292/114/449 1291/113/448 1293/115/450
f 1293/115/450 1294/116/451 1292/114/449
f 1294/116/451 1293/115/450 1295/117/451
f 1295/117/451 1296/118/452 1294/116/451
f 1296/118/452 1295/117/451 1297/119/453
f 1297/119/453 1298/120/454 1296/118/452
f 1296/118/452 1298/120/454 1299/121/454
f 1300/96/455 1301/122/456 1302/93/456
f 1303/123/299 1302/93/456 1301/122/456
f 1301/122/456 1300/96/455 1304/124/457
f 1302/93/456 1303/123/299 1305/95/299
f 1306/100/457 1304/124/457 1300/96/455
f 1307/125/307 1305/95/299 1303/123/299
f 1304/124/457 1306/100/457 1308/126/455
f 1305/95/299 1307/125/307 1309/99/307
f 1310/105/457 1308/126/455 1306/100/457
f 1307/125/307 1311/103/458 1309/99/307
f 1308/126/455 1310/105/457 1312/127/457
f 1307/125/307 1313/128/459 1311/103/458
f 1314/129/457 1312/127/457 1310/105/457
f 1315/130/460 1311/103/458 1313/128/459
f 1316/106/457 1314/129/457 1310/105/457
f 1311/103/458 1315/130/460 1317/121/460
f 1316/106/457 1318/109/457 1314/129/457
f 1315/130/460 1319/131/307 1317/121/460
f 1318/109/457 1320/132/457 1314/129/457
f 1321/118/307 1317/121/460 1319/131/307
f 1318/109/457 1322/133/457 1320/132/457
f 1319/131/307 1323/116/461 1321/118/307
f 1322/133/457 1318/109/457 1324/110/457
f 1323/116/461 1319/131/307 1325/134/462
f 1324/110/457 1326/135/457 1322/133/457
f 1325/134/462 1327/114/463 1323/116/461
f 1326/135/457 1324/110/457 1328/112/455
f 1327/114/463 1325/134/462 1329/136/463
f 1328/112/455 1329/136/463 1326/135/457
f 1329/136/463 1328/112/455 1327/114/463
f 1330/113/457 1331/107/457 1332/92/457
f 1333/98/457 1332/92/457 1331/107/457
f 1331/107/457 1334/104/457 1333/98/457
f 1335/94/464 1330/113/457 1332/92/457
f 1330/113/457 1336/111/457 1331/107/457
f 1336/111/457 1337/108/457 1331/107/457
f 1338/115/456 1330/113/457 1335/94/464
f 1335/94/464 1339/97/465 1338/115/456
f 1340/117/465 1338/115/456 1339/97/465
f 1341/101/458 1340/117/465 1339/97/465
f 1342/119/458 1340/117/465 1341/101/458
f 1341/101/458 1343/102/466 1342/119/458
f 1343/102/466 1344/120/466 1342/119/458
f 1345/137/467 1346/138/468 1347/139/469
f 1347/139/469 1348/140/467 1345/137/467
f 1347/139/469 1346/138/468 1349/141/470
f 1350/142/471 1345/137/467 1348/140/467
f 1349/141/470 1346/138/468 1351/143/470
f 1352/144/472 1349/141/470 1351/143/470
f 1349/141/470 1352/144/472 1353/145/472
f 1348/140/467 1354/146/471 1350/142/471
f 1355/147/473 1350/142/471 1354/146/471
f 1350/142/471 1355/147/473 1356/148/474
f 1357/149/475 1356/148/474 1355/147/473
f 1356/148/474 1357/149/475 1358/150/475
f 1359/151/475 1358/150/475 1357/149/475
f 1358/150/475 1359/151/475 1360/152/475
f 1361/138/476 1362/137/477 1363/139/476
f 1363/139/476 1362/137/477 1364/140/478
f 1363/139/476 1365/141/479 1361/138/476
f 1362/137/477 1366/142/480 1364/140/478
f 1365/141/479 1367/143/481 1361/138/476
f 1365/141/479 1352/144/472 1367/143/481
f 1352/144/472 1365/141/479 1353/145/472
f 1364/140/478 1366/142/480 1368/146/480
f 1366/142/480 1369/147/415 1368/146/480
f 1369/147/415 1366/142/480 1370/148/482
f 1370/148/482 1371/149/483 1369/147/415
f 1371/149/483 1370/148/482 1372/150/483
f 1372/150/483 1373/151/484 1371/149/483
f 1373/151/484 1372/150/483 1374/152/483
f 1375/121/485 1376/102/486 1377/103/486
f 1376/102/486 1375/121/485 1378/120/487
f 1379/25/488 1380/26/489 1381/27/490
f 1380/26/489 1382/28/491 1381/27/490
f 1383/29/492 1379/25/488 1381/27/490
f 1382/28/491 1384/30/493 1381/27/490
f 1385/31/494 1383/29/492 1381/27/490
f 1384/30/493 1385/31/494 1381/27/490
f 1386/25/491 1387/27/495 1388/26/489
f 1388/26/489 1387/27/495 1389/28/496
f 1390/29/493 1387/27/495 1386/25/491
f 1389/28/496 1387/27/495 1391/30/497
f 1392/31/494 1387/27/495 1390/29/493
f 1391/30/497 1387/27/495 1392/31/494
f 1393/26/498 1394/28/499 1395/27/500
f 1394/28/499 1396/30/501 1395/27/500
f 1396/30/501 1397/31/502 1395/27/500
f 1393/26/498 1395/27/500 1398/28/503
f 1398/28/503 1395/27/500 1399/30/504
f 1399/30/504 1395/27/500 1397/31/502
f 1400/25/505 1401/26/506 1402/27/507
f 1401/26/506 1403/28/508 1402/27/507
f 1404/29/509 1400/25/505 1402/27/507
f 1403/28/508 1405/30/510 1402/27/507
f 1406/31/511 1404/29/509 1402/27/507
f 1405/30/510 1406/31/511 1402/27/507
f 1407/25/508 1408/27/507 1409/26/506
f 1409/26/506 1408/27/507 1410/28/505
f 1411/29/510 1408/27/507 1407/25/508
f 1410/28/505 1408/27/507 1412/30/509
f 1413/31/511 1408/27/507 1411/29/510
f 1412/30/509 1408/27/507 1413/31/511
f 1414/25/512 1415/26/513 1416/27/514
f 1415/26/513 1417/28/515 1416/27/514
f 1418/29/516 1414/25/512 1416/27/514
f 1417/28/515 1419/30/517 1416/27/514
f 1420/31/518 1418/29/516 1416/27/514
f 1419/30/517 1420/31/518 1416/27/514
f 1421/25/515 1422/27/514 1423/26/519
f 1423/26/519 1422/27/514 1424/28/512
f 1425/29/517 1422/27/514 1421/25/515
f 1424/28/512 1422/27/514 1426/30/516
f 1427/31/520 1422/27/514 1425/29/517
f 1426/30/516 1422/27/514 1427/31/520
f 1428/25/521 1429/26/522 1430/27/320
f 1429/26/522 1431/28/523 1430/27/320
f 1432/29/524 1428/25/521 1430/27/320
f 1431/28/523 1433/30/525 1430/27/320
f 1434/31/526 1432/29/524 1430/27/320
f 1433/30/525 1434/31/526 1430/27/320
f 1435/25/523 1436/27/320 1437/26/522
f 1437/26/522 1436/27/320 1438/28/521
f 1439/29/525 1436/27/320 1435/25/523
f 1438/28/521 1436/27/320 1440/30/524
f 1441/31/527 1436/27/320 1439/29/525
f 1440/30/524 1436/27/320 1441/31/527
f 1442/25/528 1443/26/529 1444/27/320
f 1443/26/529 1445/28/523 1444/27/320
f 1446/29/524 1442/25/528 1444/27/320
f 1445/28/523 1447/30/525 1444/27/320
f 1448/31/530 1446/29/524 1444/27/320
f 1447/30/525 1448/31/530 1444/27/320
f 1449/25/523 1450/27/531 1451/26/529
f 1451/26/529 1450/27/531 1452/28/521
f 1453/29/532 1450/27/531 1449/25/523
f 1452/28/521 1450/27/531 1454/30/524
f 1455/31/533 1450/27/531 1453/29/532
f 1454/30/524 1450/27/531 1455/31/533
f 1456/25/534 1457/26/535 1458/27/314
f 1457/26/535 1459/28/536 1458/27/314
f 1460/29/537 1456/25/534 1458/27/314
f 1459/28/536 1461/30/538 1458/27/314
f 1462/31/539 1460/29/537 1458/27/314
f 1461/30/538 1462/31/539 1458/27/314
f 1463/25/540 1464/27/541 1465/26/535
f 1465/26/535 1464/27/541 1466/28/542
f 1467/29/543 1464/27/541 1463/25/540
f 1466/28/542 1464/27/541 1468/30/537
f 1469/31/539 1464/27/541 1467/29/543
f 1468/30/537 1464/27/541 1469/31/539
f 1470/32/544 1471/33/545 1472/34/545
f 1470/32/544 1472/34/545 1473/35/546
f 1474/36/514 1472/34/545 1471/33/545
f 1475/37/547 1470/32/544 1473/35/546
f 1476/38/548 1474/36/514 1471/33/545
f 1470/32/544 1475/37/547 1477/39/547
f 1476/38/548 1478/40/549 1474/36/514
f 1479/41/550 1477/39/547 1475/37/547
f 1478/40/549 1480/42/549 1474/36/514
f 1477/39/547 1479/41/550 1481/43/550
f 1482/44/551 1480/42/549 1478/40/549
f 1479/41/550 1483/45/552 1481/43/550
f 1484/46/553 1480/42/549 1482/44/551
f 1483/45/552 1479/41/550 1485/47/554
f 1482/44/551 1486/48/555 1484/46/553
f 1485/47/554 1487/49/556 1483/45/552
f 1486/48/555 1482/44/551 1488/50/557
f 1487/49/556 1485/47/554 1489/51/556
f 1489/51/556 1490/52/558 1487/49/556
f 1490/52/558 1489/51/556 1491/53/558
f 1488/50/557 1492/54/559 1486/48/555
f 1492/54/559 1488/50/557 1493/55/559
f 1493/55/559 1494/56/560 1492/54/559
f 1492/54/559 1494/56/560 1495/57/560
f 1494/56/560 1496/58/561 1495/57/560
f 1495/57/560 1496/58/561 1497/59/562
f 1496/58/561 1498/60/563 1497/59/562
f 1497/59/562 1498/60/563 1499/61/563
f 1500/62/564 1501/63/564 1502/64/565
f 1503/65/566 1501/63/564 1500/62/564
f 1502/64/565 1501/63/564 1504/66/565
f 1501/63/564 1503/65/566 1505/67/566
f 1506/68/567 1502/64/565 1504/66/565
f 1507/69/568 1505/67/566 1503/65/566
f 1506/68/567 1504/66/565 1508/70/567
f 1505/67/566 1507/69/568 1509/71/568
f 1510/72/569 1506/68/567 1508/70/567
f 1507/69/568 1511/73/570 1509/71/568
f 1506/68/567 1510/72/569 1512/74/569
f 1511/73/570 1507/69/568 1513/75/570
f 1514/76/571 1512/74/569 1510/72/569
f 1513/75/570 1515/77/572 1511/73/570
f 1512/74/569 1514/76/571 1516/78/573
f 1515/77/572 1513/75/570 1517/79/572
f 1517/79/572 1518/80/574 1515/77/572
f 1518/80/574 1517/79/572 1519/81/575
f 1514/76/571 1520/82/576 1516/78/573
f 1520/82/576 1514/76/571 1521/83/577
f 1521/83/577 1522/84/578 1520/82/576
f 1522/84/578 1521/83/577 1523/85/578
f 1522/84/578 1523/85/578 1524/86/579
f 1522/84/578 1524/86/579 1525/87/580
f 1525/87/580 1524/86/579 1526/88/581
f 1525/87/580 1526/88/581 1527/89/581
f 1527/89/581 1526/88/581 1528/90/582
f 1527/89/581 1528/90/582 1529/91/582
f 1530/92/583 1531/93/584 1532/94/584
f 1533/95/585 1532/94/584 1531/93/584
f 1531/93/584 1530/92/583 1534/96/586
f 1532/94/584 1533/95/585 1535/97/585
f 1536/98/587 1534/96/586 1530/92/583
f 1537/99/588 1535/97/585 1533/95/585
f 1534/96/586 1536/98/587 1538/100/589
f 1535/97/585 1537/99/588 1539/101/588
f 1537/99/588 1540/102/590 1539/101/588
f 1537/99/588 1541/103/590 1540/102/590
f 1542/104/591 1538/100/589 1536/98/587
f 1538/100/589 1542/104/591 1543/105/592
f 1544/106/593 1543/105/592 1542/104/591
f 1544/106/593 1542/104/591 1545/107/593
f 1546/108/594 1544/106/593 1545/107/593
f 1544/106/593 1546/108/594 1547/109/595
f 1546/108/594 1548/110/596 1547/109/595
f 1548/110/596 1546/108/594 1549/111/597
f 1549/111/597 1550/112/598 1548/110/596
f 1550/112/598 1549/111/597 1551/113/599
f 1551/113/599 1552/114/600 1550/112/598
f 1552/114/600 1551/113/599 1553/115/601
f 1553/115/601 1554/116/602 1552/114/600
f 1554/116/602 1553/115/601 1555/117/602
f 1555/117/602 1556/118/603 1554/116/602
f 1556/118/603 1555/117/602 1557/119/604
f 1557/119/604 1558/120/605 1556/118/603
f 1556/118/603 1558/120/605 1559/121/605
f 1560/96/606 1561/122/607 1562/93/607
f 1563/123/608 1562/93/607 1561/122/607
f 1561/122/607 1560/96/606 1564/124/606
f 1562/93/607 1563/123/608 1565/95/608
f 1566/100/606 1564/124/606 1560/96/606
f 1567/125/320 1565/95/608 1563/123/608
f 1564/124/606 1566/100/606 1568/126/606
f 1565/95/608 1567/125/320 1569/99/609
f 1570/105/606 1568/126/606 1566/100/606
f 1567/125/320 1571/103/610 1569/99/609
f 1568/126/606 1570/105/606 1572/127/606
f 1567/125/320 1573/128/610 1571/103/610
f 1574/129/606 1572/127/606 1570/105/606
f 1575/130/610 1571/103/610 1573/128/610
f 1576/106/606 1574/129/606 1570/105/606
f 1571/103/610 1575/130/610 1577/121/610
f 1576/106/606 1578/109/606 1574/129/606
f 1575/130/610 1579/131/320 1577/121/610
f 1578/109/606 1580/132/606 1574/129/606
f 1581/118/320 1577/121/610 1579/131/320
f 1578/109/606 1582/133/606 1580/132/606
f 1579/131/320 1583/116/608 1581/118/320
f 1582/133/606 1578/109/606 1584/110/606
f 1583/116/608 1579/131/320 1585/134/608
f 1584/110/606 1586/135/606 1582/133/606
f 1585/134/608 1587/114/607 1583/116/608
f 1586/135/606 1584/110/606 1588/112/606
f 1587/114/607 1585/134/608 1589/136/607
f 1588/112/606 1589/136/607 1586/135/606
f 1589/136/607 1588/112/606 1587/114/607
f 1590/113/606 1591/107/606 1592/92/606
f 1593/98/606 1592/92/606 1591/107/606
f 1591/107/606 1594/104/606 1593/98/606
f 1595/94/607 1590/113/606 1592/92/606
f 1590/113/606 1596/111/606 1591/107/606
f 1596/111/606 1597/108/606 1591/107/606
f 1598/115/607 1590/113/606 1595/94/607
f 1595/94/607 1599/97/611 1598/115/607
f 1600/117/611 1598/115/607 1599/97/611
f 1601/101/612 1600/117/611 1599/97/611
f 1602/119/612 1600/117/611 1601/101/612
f 1601/101/612 1603/102/613 1602/119/612
f 1603/102/613 1604/120/613 1602/119/612
f 1605/137/614 1606/138/615 1607/139/615
f 1607/139/615 1608/140/616 1605/137/614
f 1607/139/615 1606/138/615 1609/141/617
f 1610/142/618 1605/137/614 1608/140/616
f 1609/141/617 1606/138/615 1611/143/617
f 1612/144/619 1609/141/617 1611/143/617
f 1609/141/617 1612/144/619 1613/145/620
f 1608/140/616 1614/146/618 1610/142/618
f 1615/147/621 1610/142/618 1614/146/618
f 1610/142/618 1615/147/621 1616/148/622
f 1617/149/623 1616/148/622 1615/147/621
f 1616/148/622 1617/149/623 1618/150/624
f 1619/151/625 1618/150/624 1617/149/623
f 1618/150/624 1619/151/625 1620/152/625
f 1621/138/626 1622/137/627 1623/139/626
f 1623/139/626 1622/137/627 1624/140/627
f 1623/139/626 1625/141/628 1621/138/626
f 1622/137/627 1626/142/629 1624/140/627
f 1625/141/628 1627/143/630 1621/138/626
f 1625/141/628 1612/144/619 1627/143/630
f 1612/144/619 1625/141/628 1613/145/620
f 1624/140/627 1626/142/629 1628/146/629
f 1626/142/629 1629/147/631 1628/146/629
f 1629/147/631 1626/142/629 1630/148/632
f 1630/148/632 1631/149/633 1629/147/631
f 1631/149/633 1630/148/632 1632/150/633
f 1632/150/633 1633/151/634 1631/149/633
f 1633/151/634 1632/150/633 1634/152/634
s 0
f 1635/121/635 1636/102/635 1637/103/635
f 1636/102/636 1635/121/636 1638/120/636
s 1
usemtl Body1Mtl
f 1639/153/637 1640/154/638 1641/155/639
f 1640/154/638 1642/156/640 1643/157/641
f 1640/154/638 1643/157/641 1641/155/639
f 1644/158/642 1645/159/643 1642/156/640
f 1642/156/640 1646/160/644 1643/157/641
f 1642/156/640 1645/159/643 1646/160/644
f 1644/158/642 1647/161/645 1645/159/643
f 1643/157/641 1646/160/644 1648/162/646
f 1641/155/639 1643/157/641 1649/163/647
f 1643/157/641 1648/162/646 1649/163/647
f 1646/160/644 1650/164/648 1648/162/646
f 1645/159/643 1651/165/649 1646/160/644
f 1650/164/648 1646/160/644 1651/165/649
f 1651/165/649 1645/159/643 1652/166/650
f 1647/161/645 1652/166/650 1645/159/643
f 1651/165/649 1653/167/651 1650/164/648
f 1649/163/647 1648/162/646 1654/168/652
f 1655/169/653 1648/162/646 1650/164/648
f 1648/162/646 1655/169/653 1654/168/652
f 1650/164/648 1656/170/654 1655/169/653
f 1656/170/654 1650/164/648 1653/167/651
f 1653/167/651 1657/171/655 1656/170/654
f 1657/171/655 1653/167/651 1658/172/656
f 1659/173/657 1656/170/654 1657/171/655
f 1660/174/658 1658/172/656 1653/167/651
f 1653/167/651 1651/165/649 1660/174/658
f 1658/172/656 1660/174/658 1661/175/659
f 1652/166/650 1660/174/658 1651/165/649
f 1662/176/660 1661/175/659 1660/174/658
f 1660/174/658 1652/166/650 1662/176/660
f 1661/175/659 1662/176/660 1663/177/661
f 1662/176/660 1664/178/662 1663/177/661
f 1664/178/662 1662/176/660 1665/179/663
f 1652/166/650 1665/179/663 1662/176/660
f 1665/179/663 1666/180/664 1664/178/662
f 1667/181/665 1665/179/663 1652/166/650
f 1668/182/666 1666/180/664 1665/179/663
f 1667/181/665 1668/182/666 1665/179/663
f 1668/182/666 1669/183/667 1666/180/664
f 1652/166/650 1647/161/645 1667/181/665
f 1670/184/668 1669/183/667 1668/182/666
f 1670/184/668 1671/185/669 1669/183/667
f 1672/186/670 1668/182/666 1667/181/665
f 1672/186/670 1670/184/668 1668/182/666
f 1647/161/645 1672/186/670 1667/181/665
f 1671/185/669 1670/184/668 1673/187/671
f 1671/185/669 1674/188/672 1675/189/673
f 1674/188/672 1671/185/669 1673/187/671
f 1673/187/671 1676/190/674 1674/188/672
f 1677/191/675 1673/187/671 1670/184/668
f 1677/191/675 1670/184/668 1672/186/670
f 1676/190/674 1673/187/671 1678/192/676
f 1673/187/671 1677/191/675 1678/192/676
f 1678/192/676 1679/193/677 1676/190/674
f 1680/194/678 1677/191/675 1672/186/670
f 1680/194/678 1672/186/670 1647/161/645
f 1681/195/679 1678/192/676 1677/191/675
f 1681/195/679 1677/191/675 1680/194/678
f 1679/193/677 1678/192/676 1682/196/680
f 1682/196/680 1678/192/676 1681/195/679
f 1682/196/680 1683/197/681 1679/193/677
f 1684/198/682 1680/194/678 1647/161/645
f 1684/198/682 1647/161/645 1644/158/642
f 1644/158/642 1685/199/683 1684/198/682
f 1686/200/684 1680/194/678 1684/198/682
f 1686/200/684 1681/195/679 1680/194/678
f 1687/201/685 1684/198/682 1685/199/683
f 1684/198/682 1687/201/685 1686/200/684
f 1685/199/683 1688/202/686 1687/201/685
f 1683/197/681 1682/196/680 1689/203/687
f 1690/204/688 1682/196/680 1681/195/679
f 1690/204/688 1681/195/679 1686/200/684
f 1689/203/687 1682/196/680 1690/204/688
f 1691/205/689 1683/197/681 1689/203/687
f 1690/204/688 1691/205/689 1689/203/687
f 1683/197/681 1691/205/689 1692/206/690
f 1686/200/684 1693/207/691 1690/204/688
f 1691/205/689 1690/204/688 1693/207/691
f 1693/207/691 1686/200/684 1687/201/685
f 1694/208/692 1692/206/690 1691/205/689
f 1693/207/691 1694/208/692 1691/205/689
f 1695/209/693 1692/206/690 1694/208/692
f 1687/201/685 1696/210/694 1693/207/691
f 1696/210/694 1687/201/685 1688/202/686
f 1694/208/692 1693/207/691 1696/210/694
f 1697/211/695 1698/212/696 1699/213/697
f 1699/213/697 1698/212/696 1700/214/698
f 1698/212/696 1697/211/695 1701/215/699
f 1702/216/700 1697/211/695 1699/213/697
f 1703/217/701 1698/212/696 1701/215/699
f 1697/211/695 1704/218/702 1701/215/699
f 1697/211/695 1702/216/700 1705/219/703
f 1705/219/703 1704/218/702 1697/211/695
f 1706/220/704 1702/216/700 1699/213/697
f 1701/215/699 1704/218/702 1707/221/705
f 1701/215/699 1707/221/705 1703/217/701
f 1704/218/702 1705/219/703 1708/222/706
f 1702/216/700 1709/223/707 1705/219/703
f 1709/223/707 1708/222/706 1705/219/703
f 1708/222/706 1710/224/708 1704/218/702
f 1704/218/702 1710/224/708 1707/221/705
f 1708/222/706 1709/223/707 1711/225/709
f 1709/223/707 1702/216/700 1712/226/710
f 1712/226/710 1702/216/700 1706/220/704
f 1712/226/710 1713/227/711 1709/223/707
f 1713/227/711 1711/225/709 1709/223/707
f 1710/224/708 1708/222/706 1714/228/712
f 1711/225/709 1714/228/712 1708/222/706
f 1714/228/712 1715/229/713 1710/224/708
f 1714/228/712 1711/225/709 1688/202/686
f 1707/221/705 1710/224/708 1716/230/714
f 1710/224/708 1715/229/713 1716/230/714
f 1715/229/713 1714/228/712 1685/199/683
f 1688/202/686 1685/199/683 1714/228/712
f 1717/231/715 1688/202/686 1711/225/709
f 1711/225/709 1713/227/711 1717/231/715
f 1707/221/705 1716/230/714 1718/232/716
f 1685/199/683 1644/158/642 1715/229/713
f 1703/217/701 1707/221/705 1718/232/716
f 1716/230/714 1715/229/713 1719/233/717
f 1715/229/713 1644/158/642 1719/233/717
f 1718/232/716 1716/230/714 1720/234/718
f 1716/230/714 1719/233/717 1720/234/718
f 1703/217/701 1718/232/716 1721/235/719
f 1720/234/718 1722/236/720 1718/232/716
f 1721/235/719 1718/232/716 1722/236/720
f 1720/234/718 1719/233/717 1640/154/638
f 1722/236/720 1720/234/718 1639/153/637
f 1720/234/718 1640/154/638 1639/153/637
f 1719/233/717 1642/156/640 1640/154/638
f 1719/233/717 1644/158/642 1642/156/640
f 1723/237/721 1724/238/722 1725/239/723
f 1723/237/721 1726/240/724 1724/238/722
f 1726/240/724 1727/241/725 1724/238/722
f 1726/240/724 1728/242/726 1727/241/725
f 1728/242/726 1729/243/727 1727/241/725
f 1728/242/726 1730/244/728 1729/243/727
f 1726/240/724 1731/245/729 1728/242/726
f 1731/245/729 1730/244/728 1728/242/726
f 1731/245/729 1732/246/730 1730/244/728
f 1730/244/728 1733/247/731 1734/248/732
f 1733/247/731 1730/244/728 1732/246/730
f 1733/247/731 1735/249/733 1734/248/732
f 1736/250/734 1733/247/731 1732/246/730
f 1732/246/730 1737/251/735 1736/250/734
f 1738/252/736 1735/249/733 1733/247/731
f 1733/247/731 1736/250/734 1738/252/736
f 1735/249/733 1738/252/736 1739/253/737
f 1739/253/737 1740/254/738 1735/249/733
f 1741/255/739 1736/250/734 1737/251/735
f 1737/251/735 1742/256/740 1741/255/739
f 1741/255/739 1742/256/740 1743/257/741
f 1736/250/734 1741/255/739 1744/258/742
f 1744/258/742 1738/252/736 1736/250/734
f 1743/257/741 1744/258/742 1741/255/739
f 1745/259/743 1739/253/737 1738/252/736
f 1738/252/736 1744/258/742 1745/259/743
f 1744/258/742 1743/257/741 1746/260/744
f 1746/260/744 1745/259/743 1744/258/742
f 1747/261/745 1746/260/744 1743/257/741
f 1746/260/744 1747/261/745 1748/262/746
f 1722/236/720 1748/262/746 1747/261/745
f 1722/236/720 1639/153/637 1748/262/746
f 1748/262/746 1749/263/747 1746/260/744
f 1745/259/743 1746/260/744 1749/263/747
f 1748/262/746 1639/153/637 1750/264/748
f 1749/263/747 1748/262/746 1750/264/748
f 1639/153/637 1641/155/639 1750/264/748
f 1749/263/747 1751/265/749 1745/259/743
f 1739/253/737 1745/259/743 1751/265/749
f 1750/264/748 1752/266/750 1749/263/747
f 1751/265/749 1749/263/747 1752/266/750
f 1750/264/748 1641/155/639 1753/267/751
f 1752/266/750 1750/264/748 1753/267/751
f 1641/155/639 1649/163/647 1753/267/751
f 1752/266/750 1754/268/752 1751/265/749
f 1751/265/749 1755/269/753 1739/253/737
f 1755/269/753 1751/265/749 1754/268/752
f 1740/254/738 1739/253/737 1755/269/753
f 1753/267/751 1649/163/647 1756/270/754
f 1649/163/647 1654/168/652 1756/270/754
f 1753/267/751 1757/271/755 1752/266/750
f 1757/271/755 1753/267/751 1756/270/754
f 1754/268/752 1752/266/750 1757/271/755
f 1755/269/753 1758/272/756 1740/254/738
f 1759/273/757 1740/254/738 1758/272/756
f 1758/272/756 1760/274/500 1759/273/757
f 1758/272/756 1755/269/753 1761/275/758
f 1761/275/758 1760/274/500 1758/272/756
f 1754/268/752 1761/275/758 1755/269/753
f 1760/274/500 1761/275/758 1762/276/759
f 1761/275/758 1754/268/752 1763/277/760
f 1763/277/760 1762/276/759 1761/275/758
f 1754/268/752 1764/278/761 1763/277/760
f 1757/271/755 1764/278/761 1754/268/752
f 1762/276/759 1763/277/760 1765/279/762
f 1756/270/754 1766/280/763 1757/271/755
f 1757/271/755 1766/280/763 1764/278/761
f 1756/270/754 1654/168/652 1766/280/763
f 1765/279/762 1767/281/764 1762/276/759
f 1654/168/652 1768/282/765 1766/280/763
f 1766/280/763 1768/282/765 1764/278/761
f 1768/282/765 1654/168/652 1655/169/653
f 1764/278/761 1769/283/766 1763/277/760
f 1764/278/761 1768/282/765 1769/283/766
f 1763/277/760 1769/283/766 1765/279/762
f 1655/169/653 1770/284/767 1768/282/765
f 1768/282/765 1770/284/767 1769/283/766
f 1770/284/767 1655/169/653 1656/170/654
f 1656/170/654 1659/173/657 1770/284/767
f 1769/283/766 1770/284/767 1771/285/768
f 1659/173/657 1771/285/768 1770/284/767
f 1769/283/766 1771/285/768 1765/279/762
f 1771/285/768 1659/173/657 1772/286/769
f 1765/279/762 1771/285/768 1773/287/770
f 1771/285/768 1772/286/769 1773/287/770
f 1767/281/764 1765/279/762 1773/287/770
f 1773/287/770 1772/286/769 1774/288/771
f 1774/288/771 1767/281/764 1773/287/770
f 1767/281/764 1774/288/771 1775/289/772
f 1776/290/773 1777/291/774 1778/292/775
f 1779/293/776 1778/292/775 1777/291/774
f 1778/292/775 1780/294/773 1776/290/773
f 1777/291/774 1781/295/777 1779/293/776
f 1782/296/778 1779/293/776 1781/295/777
f 1781/295/777 1783/297/778 1782/296/778
f 1780/294/773 1784/298/779 1776/290/773
f 1776/290/773 1784/298/779 1785/299/780
f 1784/298/779 1786/300/781 1785/299/780
f 1787/301/781 1785/299/780 1786/300/781
f 1688/202/686 1717/231/715 1696/210/694
f 1788/302/782 1695/209/693 1694/208/692
f 1696/210/694 1788/302/782 1694/208/692
f 1788/302/782 1696/210/694 1717/231/715
f 1789/303/783 1695/209/693 1788/302/782
f 1788/302/782 1790/304/784 1789/303/783
f 1713/227/711 1788/302/782 1717/231/715
f 1790/304/784 1788/302/782 1791/305/785
f 1713/227/711 1791/305/785 1788/302/782
f 1791/305/785 1792/306/786 1790/304/784
f 1713/227/711 1793/307/787 1791/305/785
f 1792/306/786 1791/305/785 1793/307/787
f 1793/307/787 1713/227/711 1794/308/788
f 1713/227/711 1712/226/710 1794/308/788
f 1795/309/789 1792/306/786 1793/307/787
f 1792/306/786 1795/309/789 1796/310/790
f 1797/311/791 1796/310/790 1795/309/789
f 1796/310/790 1797/311/791 1798/312/792
f 1795/309/789 1799/313/793 1797/311/791
f 1793/307/787 1800/314/794 1795/309/789
f 1799/313/793 1795/309/789 1800/314/794
f 1800/314/794 1793/307/787 1794/308/788
f 1801/315/795 1799/313/793 1800/314/794
f 1802/316/796 1800/314/794 1794/308/788
f 1801/315/795 1800/314/794 1802/316/796
f 1794/308/788 1712/226/710 1802/316/796
f 1802/316/796 1712/226/710 1706/220/704
f 1706/220/704 1801/315/795 1802/316/796
f 1801/315/795 1706/220/704 1803/317/797
f 1804/318/798 1803/317/797 1706/220/704
f 1803/317/797 1804/318/798 1805/319/799
f 1706/220/704 1699/213/697 1804/318/798
f 1804/318/798 1806/320/800 1805/319/799
f 1804/318/798 1699/213/697 1700/214/698
f 1806/320/800 1804/318/798 1700/214/698
f 1700/214/698 1807/321/801 1806/320/800
f 1807/321/801 1700/214/698 1808/322/802
f 1808/322/802 1809/323/803 1807/321/801
f 1810/324/804 1808/322/802 1700/214/698
f 1700/214/698 1698/212/696 1810/324/804
f 1698/212/696 1703/217/701 1810/324/804
f 1808/322/802 1811/325/805 1809/323/803
f 1810/324/804 1811/325/805 1808/322/802
f 1811/325/805 1812/326/806 1809/323/803
f 1703/217/701 1813/327/807 1810/324/804
f 1813/327/807 1811/325/805 1810/324/804
f 1703/217/701 1721/235/719 1813/327/807
f 1812/326/806 1811/325/805 1814/328/808
f 1813/327/807 1814/328/808 1811/325/805
f 1814/328/808 1815/329/809 1812/326/806
f 1721/235/719 1816/330/810 1813/327/807
f 1814/328/808 1813/327/807 1816/330/810
f 1747/261/745 1816/330/810 1721/235/719
f 1722/236/720 1747/261/745 1721/235/719
f 1817/331/811 1814/328/808 1816/330/810
f 1815/329/809 1814/328/808 1818/332/812
f 1818/332/812 1814/328/808 1817/331/811
f 1818/332/812 1819/333/813 1815/329/809
f 1743/257/741 1817/331/811 1816/330/810
f 1743/257/741 1816/330/810 1747/261/745
f 1742/256/740 1818/332/812 1817/331/811
f 1742/256/740 1817/331/811 1743/257/741
f 1819/333/813 1818/332/812 1820/334/814
f 1818/332/812 1742/256/740 1820/334/814
f 1821/335/815 1819/333/813 1820/334/814
f 1742/256/740 1821/335/815 1820/334/814
f 1819/333/813 1821/335/815 1822/336/816
f 1823/337/817 1822/336/816 1821/335/815
f 1822/336/816 1823/337/817 1824/338/818
f 1823/337/817 1825/339/819 1824/338/818
f 1821/335/815 1742/256/740 1826/340/820
f 1826/340/820 1823/337/817 1821/335/815
f 1742/256/740 1737/251/735 1826/340/820
f 1825/339/819 1823/337/817 1827/341/821
f 1828/342/822 1825/339/819 1827/341/821
f 1823/337/817 1826/340/820 1829/343/823
f 1826/340/820 1737/251/735 1829/343/823
f 1823/337/817 1830/344/824 1827/341/821
f 1830/344/824 1823/337/817 1829/343/823
f 1827/341/821 1831/345/825 1828/342/822
f 1832/346/826 1828/342/822 1831/345/825
f 1726/240/724 1827/341/821 1830/344/824
f 1827/341/821 1726/240/724 1831/345/825
f 1831/345/825 1723/237/721 1832/346/826
f 1726/240/724 1723/237/721 1831/345/825
f 1723/237/721 1833/347/827 1832/346/826
f 1829/343/823 1731/245/729 1830/344/824
f 1731/245/729 1726/240/724 1830/344/824
f 1833/347/827 1723/237/721 1834/348/828
f 1731/245/729 1829/343/823 1835/349/829
f 1829/343/823 1737/251/735 1835/349/829
f 1732/246/730 1731/245/729 1835/349/829
f 1737/251/735 1732/246/730 1835/349/829
f 1834/348/828 1836/350/830 1833/347/827
f 1837/351/831 1833/347/827 1836/350/830
f 1725/239/723 1834/348/828 1723/237/721
f 1725/239/723 1836/350/830 1834/348/828
f 1836/350/830 1838/352/832 1837/351/831
f 1839/353/833 1837/351/831 1838/352/832
f 1840/354/834 1838/352/832 1836/350/830
f 1836/350/830 1725/239/723 1840/354/834
f 1841/355/835 1839/353/833 1838/352/832
f 1839/353/833 1841/355/835 1842/356/836
f 1838/352/832 1840/354/834 1843/357/837
f 1843/357/837 1841/355/835 1838/352/832
f 1725/239/723 1844/358/838 1840/354/834
f 1844/358/838 1843/357/837 1840/354/834
f 1845/359/839 1842/356/836 1841/355/835
f 1842/356/836 1845/359/839 1846/360/840
f 1845/359/839 1847/361/841 1846/360/840
f 1847/361/841 1845/359/839 1848/362/842
f 1848/362/842 1849/363/843 1847/361/841
f 1841/355/835 1850/364/844 1845/359/839
f 1850/364/844 1848/362/842 1845/359/839
f 1841/355/835 1843/357/837 1851/365/845
f 1850/364/844 1841/355/835 1851/365/845
f 1852/366/846 1851/365/845 1843/357/837
f 1851/365/845 1853/367/847 1850/364/844
f 1853/367/847 1851/365/845 1852/366/846
f 1848/362/842 1850/364/844 1854/368/848
f 1854/368/848 1850/364/844 1853/367/847
f 1852/366/846 1843/357/837 1855/369/849
f 1844/358/838 1855/369/849 1843/357/837
f 1852/366/846 1856/370/850 1853/367/847
f 1857/371/851 1854/368/848 1853/367/847
f 1853/367/847 1856/370/850 1857/371/851
f 1856/370/850 1852/366/846 1858/372/852
f 1855/369/849 1858/372/852 1852/366/846
f 1857/371/851 1856/370/850 1859/373/853
f 1858/372/852 1855/369/849 1860/374/854
f 1844/358/838 1860/374/854 1855/369/849
f 1858/372/852 1861/375/855 1856/370/850
f 1856/370/850 1861/375/855 1859/373/853
f 1860/374/854 1862/376/856 1858/372/852
f 1861/375/855 1858/372/852 1862/376/856
f 1860/374/854 1844/358/838 1863/377/857
f 1859/373/853 1864/378/858 1857/371/851
f 1864/378/858 1854/368/848 1857/371/851
f 1862/376/856 1860/374/854 1865/379/859
f 1863/377/857 1865/379/859 1860/374/854
f 1854/368/848 1864/378/858 1866/380/860
f 1866/380/860 1848/362/842 1854/368/848
f 1867/381/861 1866/380/860 1864/378/858
f 1848/362/842 1866/380/860 1868/382/862
f 1849/363/843 1848/362/842 1868/382/862
f 1869/383/863 1868/382/862 1866/380/860
f 1866/380/860 1867/381/861 1869/383/863
f 1870/384/864 1849/363/843 1868/382/862
f 1868/382/862 1869/383/863 1870/384/864
f 1849/363/843 1870/384/864 1871/385/865
f 1872/386/866 1871/385/865 1870/384/864
f 1869/383/863 1872/386/866 1870/384/864
f 1871/385/865 1872/386/866 1873/387/867
f 1872/386/866 1869/383/863 1874/388/868
f 1867/381/861 1874/388/868 1869/383/863
f 1872/386/866 1875/389/869 1873/387/867
f 1873/387/867 1875/389/869 1876/390/870
f 1877/391/871 1872/386/866 1874/388/868
f 1872/386/866 1877/391/871 1875/389/869
f 1874/388/868 1867/381/861 1878/392/872
f 1875/389/869 1879/393/873 1876/390/870
f 1876/390/870 1879/393/873 1880/394/874
f 1881/395/875 1875/389/869 1877/391/871
f 1875/389/869 1881/395/875 1879/393/873
f 1874/388/868 1882/396/876 1877/391/871
f 1882/396/876 1874/388/868 1878/392/872
f 1883/397/877 1880/394/874 1879/393/873
f 1880/394/874 1883/397/877 1884/398/878
f 1879/393/873 1881/395/875 1885/399/879
f 1885/399/879 1883/397/877 1879/393/873
f 1886/400/880 1884/398/878 1883/397/877
f 1885/399/879 1886/400/880 1883/397/877
f 1884/398/878 1886/400/880 1887/401/881
f 1886/400/880 1888/402/882 1887/401/881
f 1889/403/883 1885/399/879 1881/395/875
f 1888/402/882 1886/400/880 1890/404/884
f 1890/404/884 1891/405/885 1888/402/882
f 1892/406/886 1886/400/880 1885/399/879
f 1889/403/883 1892/406/886 1885/399/879
f 1893/407/887 1890/404/884 1886/400/880
f 1892/406/886 1893/407/887 1886/400/880
f 1891/405/885 1890/404/884 1894/408/888
f 1894/408/888 1895/409/889 1891/405/885
f 1895/409/889 1894/408/888 1896/410/790
f 1897/411/890 1894/408/888 1890/404/884
f 1897/411/890 1896/410/790 1894/408/888
f 1897/411/890 1890/404/884 1893/407/887
f 1896/410/790 1897/411/890 1898/412/786
f 1897/411/890 1899/413/891 1898/412/786
f 1893/407/887 1900/414/892 1897/411/890
f 1899/413/891 1897/411/890 1900/414/892
f 1900/414/892 1893/407/887 1901/415/893
f 1892/406/886 1901/415/893 1893/407/887
f 1900/414/892 1902/416/894 1899/413/891
f 1901/415/893 1892/406/886 1903/417/895
f 1889/403/883 1903/417/895 1892/406/886
f 1901/415/893 1904/418/896 1900/414/892
f 1900/414/892 1904/418/896 1902/416/894
f 1899/413/891 1902/416/894 1905/419/897
f 1903/417/895 1906/420/898 1901/415/893
f 1901/415/893 1906/420/898 1904/418/896
f 1889/403/883 1906/420/898 1903/417/895
f 1902/416/894 1907/421/899 1905/419/897
f 1905/419/897 1907/421/899 1908/422/900
f 1904/418/896 1909/423/901 1902/416/894
f 1902/416/894 1909/423/901 1907/421/899
f 1906/420/898 1910/424/902 1904/418/896
f 1904/418/896 1910/424/902 1909/423/901
f 1906/420/898 1889/403/883 1911/425/903
f 1911/425/903 1910/424/902 1906/420/898
f 1912/426/904 1911/425/903 1889/403/883
f 1881/395/875 1912/426/904 1889/403/883
f 1877/391/871 1912/426/904 1881/395/875
f 1877/391/871 1882/396/876 1912/426/904
f 1911/425/903 1912/426/904 1913/427/905
f 1882/396/876 1913/427/905 1912/426/904
f 1910/424/902 1911/425/903 1914/428/906
f 1913/427/905 1914/428/906 1911/425/903
f 1913/427/905 1882/396/876 1915/429/907
f 1914/428/906 1916/430/908 1910/424/902
f 1910/424/902 1916/430/908 1909/423/901
f 1914/428/906 1913/427/905 1917/431/909
f 1915/429/907 1917/431/909 1913/427/905
f 1878/392/872 1915/429/907 1882/396/876
f 1917/431/909 1918/432/910 1914/428/906
f 1916/430/908 1914/428/906 1918/432/910
f 1909/423/901 1916/430/908 1919/433/911
f 1909/423/901 1919/433/911 1907/421/899
f 1918/432/910 1920/434/912 1916/430/908
f 1916/430/908 1920/434/912 1919/433/911
f 1918/432/910 1917/431/909 1921/435/913
f 1907/421/899 1919/433/911 1922/436/914
f 1907/421/899 1922/436/914 1908/422/900
f 1908/422/900 1922/436/914 1923/437/915
f 1919/433/911 1924/438/916 1922/436/914
f 1919/433/911 1920/434/912 1924/438/916
f 1922/436/914 1925/439/917 1923/437/915
f 1922/436/914 1924/438/916 1925/439/917
f 1923/437/915 1925/439/917 1926/440/918
f 1925/439/917 1927/441/919 1926/440/918
f 1928/442/920 1924/438/916 1920/434/912
f 1927/441/919 1925/439/917 1929/443/921
f 1929/443/921 1930/444/674 1927/441/919
f 1924/438/916 1931/445/922 1925/439/917
f 1925/439/917 1931/445/922 1929/443/921
f 1924/438/916 1928/442/920 1931/445/922
f 1930/444/674 1929/443/921 1932/446/923
f 1931/445/922 1932/446/923 1929/443/921
f 1932/446/923 1933/447/672 1930/444/674
f 1932/446/923 1931/445/922 1934/448/924
f 1933/447/672 1932/446/923 1935/449/925
f 1934/448/924 1935/449/925 1932/446/923
f 1935/449/925 1936/450/673 1933/447/672
f 1935/449/925 1934/448/924 1937/451/926
f 1936/450/673 1935/449/925 1938/452/927
f 1937/451/926 1938/452/927 1935/449/925
f 1938/452/927 1937/451/926 1939/453/928
f 1940/454/929 1928/442/920 1920/434/912
f 1920/434/912 1918/432/910 1940/454/929
f 1928/442/920 1940/454/929 1941/455/930
f 1921/435/913 1940/454/929 1918/432/910
f 1942/456/931 1941/455/930 1940/454/929
f 1940/454/929 1921/435/913 1942/456/931
f 1941/455/930 1942/456/931 1943/457/932
f 1944/458/933 1943/457/932 1942/456/931
f 1943/457/932 1944/458/933 1945/459/934
f 1946/460/935 1942/456/931 1921/435/913
f 1942/456/931 1946/460/935 1944/458/933
f 1921/435/913 1947/461/936 1946/460/935
f 1947/461/936 1921/435/913 1917/431/909
f 1917/431/909 1915/429/907 1947/461/936
f 1948/462/937 1945/459/934 1944/458/933
f 1945/459/934 1948/462/937 1949/463/938
f 1950/464/939 1944/458/933 1946/460/935
f 1944/458/933 1950/464/939 1948/462/937
f 1951/465/940 1946/460/935 1947/461/936
f 1946/460/935 1951/465/940 1950/464/939
f 1952/466/941 1947/461/936 1915/429/907
f 1947/461/936 1952/466/941 1951/465/940
f 1915/429/907 1878/392/872 1952/466/941
f 1950/464/939 1953/467/942 1948/462/937
f 1953/467/942 1949/463/938 1948/462/937
f 1951/465/940 1954/468/943 1950/464/939
f 1954/468/943 1953/467/942 1950/464/939
f 1952/466/941 1955/469/944 1951/465/940
f 1954/468/943 1951/465/940 1955/469/944
f 1878/392/872 1956/470/945 1952/466/941
f 1955/469/944 1952/466/941 1956/470/945
f 1956/470/945 1878/392/872 1867/381/861
f 1949/463/938 1953/467/942 1957/471/946
f 1957/471/946 1958/472/947 1949/463/938
f 1867/381/861 1959/473/948 1956/470/945
f 1959/473/948 1867/381/861 1864/378/858
f 1864/378/858 1859/373/853 1959/473/948
f 1959/473/948 1960/474/949 1956/470/945
f 1956/470/945 1960/474/949 1955/469/944
f 1961/475/950 1959/473/948 1859/373/853
f 1959/473/948 1961/475/950 1960/474/949
f 1859/373/853 1861/375/855 1961/475/950
f 1960/474/949 1962/476/951 1955/469/944
f 1955/469/944 1962/476/951 1954/468/943
f 1961/475/950 1963/477/952 1960/474/949
f 1960/474/949 1963/477/952 1962/476/951
f 1964/478/953 1961/475/950 1861/375/855
f 1961/475/950 1964/478/953 1963/477/952
f 1862/376/856 1964/478/953 1861/375/855
f 1962/476/951 1965/479/954 1954/468/943
f 1954/468/943 1965/479/954 1953/467/942
f 1963/477/952 1966/480/955 1962/476/951
f 1962/476/951 1966/480/955 1965/479/954
f 1964/478/953 1967/481/956 1963/477/952
f 1963/477/952 1967/481/956 1966/480/955
f 1964/478/953 1862/376/856 1968/482/957
f 1968/482/957 1967/481/956 1964/478/953
f 1865/379/859 1968/482/957 1862/376/856
f 1967/481/956 1969/483/958 1966/480/955
f 1966/480/955 1969/483/958 1965/479/954
f 1965/479/954 1970/484/959 1953/467/942
f 1965/479/954 1969/483/958 1970/484/959
f 1953/467/942 1970/484/959 1957/471/946
f 1970/484/959 1971/485/960 1957/471/946
f 1958/472/947 1957/471/946 1971/485/960
f 1971/485/960 1972/486/961 1958/472/947
f 1971/485/960 1970/484/959 1973/487/962
f 1969/483/958 1973/487/962 1970/484/959
f 1972/486/961 1971/485/960 1974/488/963
f 1973/487/962 1974/488/963 1971/485/960
f 1974/488/963 1975/489/964 1972/486/961
f 1975/489/964 1974/488/963 1976/490/965
f 1977/491/966 1976/490/965 1974/488/963
f 1974/488/963 1973/487/962 1977/491/966
f 1976/490/965 1977/491/966 1978/492/967
f 1973/487/962 1969/483/958 1979/493/968
f 1979/493/968 1977/491/966 1973/487/962
f 1980/494/969 1978/492/967 1977/491/966
f 1977/491/966 1979/493/968 1980/494/969
f 1978/492/967 1980/494/969 1981/495/970
f 1969/483/958 1982/496/971 1979/493/968
f 1982/496/971 1980/494/969 1979/493/968
f 1983/497/972 1981/495/970 1980/494/969
f 1980/494/969 1982/496/971 1983/497/972
f 1981/495/970 1983/497/972 1984/498/973
f 1983/497/972 1985/499/974 1984/498/973
f 1986/500/975 1985/499/974 1983/497/972
f 1982/496/971 1986/500/975 1983/497/972
f 1986/500/975 1987/501/976 1985/499/974
f 1988/502/977 1982/496/971 1969/483/958
f 1969/483/958 1967/481/956 1988/502/977
f 1986/500/975 1982/496/971 1989/503/978
f 1988/502/977 1989/503/978 1982/496/971
f 1990/504/979 1987/501/976 1986/500/975
f 1989/503/978 1990/504/979 1986/500/975
f 1990/504/979 1991/505/980 1987/501/976
f 1992/506/981 1988/502/977 1967/481/956
f 1967/481/956 1968/482/957 1992/506/981
f 1993/507/982 1989/503/978 1988/502/977
f 1988/502/977 1992/506/981 1993/507/982
f 1994/508/983 1990/504/979 1989/503/978
f 1993/507/982 1994/508/983 1989/503/978
f 1995/509/984 1991/505/980 1990/504/979
f 1994/508/983 1995/509/984 1990/504/979
f 1995/509/984 1996/510/985 1991/505/980
f 1997/511/986 1992/506/981 1968/482/957
f 1968/482/957 1865/379/859 1997/511/986
f 1998/512/987 1993/507/982 1992/506/981
f 1992/506/981 1997/511/986 1998/512/987
f 1999/513/988 1994/508/983 1993/507/982
f 1993/507/982 1998/512/987 1999/513/988
f 2000/514/989 1995/509/984 1994/508/983
f 1999/513/988 2000/514/989 1994/508/983
f 2000/514/989 2001/515/990 1995/509/984
f 2001/515/990 1996/510/985 1995/509/984
f 2002/516/991 2000/514/989 1999/513/988
f 2003/517/992 1996/510/985 2001/515/990
f 1996/510/985 2003/517/992 2004/518/993
f 2005/519/994 2001/515/990 2000/514/989
f 2002/516/991 2005/519/994 2000/514/989
f 2001/515/990 2006/520/995 2003/517/992
f 2006/520/995 2001/515/990 2005/519/994
f 2007/521/996 2004/518/993 2003/517/992
f 2004/518/993 2007/521/996 2008/522/997
f 2009/523/998 2008/522/997 2007/521/996
f 2008/522/997 2009/523/998 2010/524/999
f 2003/517/992 2011/525/1000 2007/521/996
f 2011/525/1000 2009/523/998 2007/521/996
f 2011/525/1000 2003/517/992 2006/520/995
f 2012/526/1001 2009/523/998 2011/525/1000
f 2006/520/995 2013/527/1002 2011/525/1000
f 2013/527/1002 2012/526/1001 2011/525/1000
f 2005/519/994 2014/528/1003 2006/520/995
f 2013/527/1002 2006/520/995 2014/528/1003
f 2014/528/1003 2005/519/994 2015/529/1004
f 2005/519/994 2002/516/991 2015/529/1004
f 2014/528/1003 2016/530/1005 2013/527/1002
f 2012/526/1001 2013/527/1002 1759/273/757
f 2015/529/1004 2017/531/1006 2014/528/1003
f 2016/530/1005 2014/528/1003 2017/531/1006
f 1759/273/757 1760/274/500 2012/526/1001
f 2018/532/1007 2013/527/1002 2016/530/1005
f 2013/527/1002 2018/532/1007 1759/273/757
f 2017/531/1006 2015/529/1004 2019/533/1008
f 2002/516/991 2019/533/1008 2015/529/1004
f 2020/534/1009 2016/530/1005 2017/531/1006
f 2019/533/1008 2002/516/991 2021/535/1010
f 1999/513/988 2021/535/1010 2002/516/991
f 2021/535/1010 1999/513/988 1998/512/987
f 2022/536/1011 2017/531/1006 2019/533/1008
f 2021/535/1010 2022/536/1011 2019/533/1008
f 2020/534/1009 2017/531/1006 2022/536/1011
f 1998/512/987 2023/537/1012 2021/535/1010
f 2022/536/1011 2021/535/1010 2023/537/1012
f 2023/537/1012 1998/512/987 1997/511/986
f 2024/538/1013 2020/534/1009 2022/536/1011
f 2023/537/1012 2024/538/1013 2022/536/1011
f 1997/511/986 2025/539/1014 2023/537/1012
f 2024/538/1013 2023/537/1012 2025/539/1014
f 2025/539/1014 1997/511/986 1865/379/859
f 1865/379/859 1863/377/857 2025/539/1014
f 2026/540/1015 2025/539/1014 1863/377/857
f 2025/539/1014 2026/540/1015 2024/538/1013
f 2026/540/1015 1863/377/857 1844/358/838
f 2027/541/1016 2020/534/1009 2024/538/1013
f 2026/540/1015 2027/541/1016 2024/538/1013
f 2027/541/1016 2028/542/1017 2020/534/1009
f 2028/542/1017 2016/530/1005 2020/534/1009
f 2028/542/1017 2018/532/1007 2016/530/1005
f 2026/540/1015 1844/358/838 2029/543/1018
f 1844/358/838 1725/239/723 2029/543/1018
f 2027/541/1016 2026/540/1015 2030/544/1019
f 2029/543/1018 2030/544/1019 2026/540/1015
f 2028/542/1017 2027/541/1016 2031/545/1020
f 2030/544/1019 2031/545/1020 2027/541/1016
f 2032/546/1021 2018/532/1007 2028/542/1017
f 2031/545/1020 2032/546/1021 2028/542/1017
f 2032/546/1021 1740/254/738 2018/532/1007
f 1740/254/738 1759/273/757 2018/532/1007
f 1734/248/732 2032/546/1021 2031/545/1020
f 2031/545/1020 2030/544/1019 1729/243/727
f 1729/243/727 1734/248/732 2031/545/1020
f 1727/241/725 1729/243/727 2030/544/1019
f 2030/544/1019 2029/543/1018 1727/241/725
f 1730/244/728 1734/248/732 1729/243/727
f 1734/248/732 1735/249/733 2032/546/1021
f 1735/249/733 1740/254/738 2032/546/1021
f 1724/238/722 1727/241/725 2029/543/1018
f 2029/543/1018 1725/239/723 1724/238/722
f 2033/300/1022 2034/547/1023 2035/301/1022
f 2034/547/1023 2036/548/1024 2035/301/1022
f 2034/547/1023 2037/549/1025 2036/548/1024
f 2038/550/1026 2036/548/1024 2037/549/1025
f 2037/549/1025 2039/551/1027 2038/550/1026
f 2040/552/1027 2038/550/1026 2039/551/1027
f 2041/553/1028 2042/554/1029 2043/555/1030
f 2042/554/1029 2041/553/1028 2044/556/1031
f 2043/555/1030 2045/557/1032 2041/553/1028
f 2045/557/1032 2043/555/1030 2046/558/1033
f 2046/558/1033 2047/297/1034 2045/557/1032
f 2047/297/1034 2046/558/1033 2048/296/1035
usemtl Chimney1Mtl
f 2049/559/1036 2050/560/1037 2051/561/1036
f 2050/560/1037 2049/559/1036 2052/562/1036
f 2053/563/1036 2049/559/1036 2051/561/1036
f 2049/559/1036 2054/564/1037 2052/562/1036
f 2051/561/1036 2055/565/1038 2053/563/1036
f 2056/566/1037 2052/562/1036 2054/564/1037
f 2053/563/1036 2055/565/1038 2057/567/1036
f 2052/562/1036 2056/566/1037 2058/568/1037
f 2059/569/1037 2057/567/1036 2055/565/1038
f 2060/570/1036 2058/568/1037 2056/566/1037
f 2057/567/1036 2059/569/1037 2061/571/1037
f 2060/570/1036 2056/566/1037 2062/572/1037
f 2059/569/1037 2063/573/1036 2061/571/1037
f 2064/574/1036 2060/570/1036 2062/572/1037
f 2063/573/1036 2059/569/1037 2065/575/1037
f 2060/570/1036 2064/574/1036 2066/576/1038
f 2067/577/1037 2063/573/1036 2065/575/1037
f 2068/578/1037 2066/576/1038 2064/574/1036
f 2063/573/1036 2067/577/1037 2069/579/1037
f 2068/578/1037 2070/580/1037 2066/576/1038
f 2067/577/1037 2071/581/1036 2069/579/1037
f 2070/580/1037 2068/578/1037 2072/582/1036
f 2071/581/1036 2067/577/1037 2073/583/1036
f 2068/578/1037 2074/584/1037 2072/582/1036
f 2073/583/1036 2075/585/1037 2071/581/1036
f 2074/584/1037 2076/586/1036 2072/582/1036
f 2075/585/1037 2073/583/1036 2077/587/1037
f 2078/588/1037 2072/582/1036 2076/586/1036
f 2075/585/1037 2077/587/1037 2079/589/1036
f 2078/588/1037 2076/586/1036 2079/589/1036
f 2075/585/1037 2079/589/1036 2080/590/1036
f 2079/589/1036 2076/586/1036 2080/590/1036
f 2081/591/1039 2082/592/1037 2083/593/1040
f 2082/592/1037 2084/594/1041 2083/593/1040
f 2081/591/1039 2085/595/1042 2082/592/1037
f 2086/596/1043 2084/594/1041 2082/592/1037
f 2082/592/1037 2085/595/1042 2087/597/1044
f 2086/596/1043 2082/592/1037 2088/598/1045
f 2089/599/1046 2082/592/1037 2087/597/1044
f 2082/592/1037 2090/600/1047 2088/598/1045
f 2089/599/1046 2091/601/1048 2082/592/1037
f 2092/602/1049 2090/600/1047 2082/592/1037
f 2092/602/1049 2082/592/1037 2093/603/1050
f 2082/592/1037 2091/601/1048 2094/604/1051
f 2082/592/1037 2095/605/1052 2093/603/1050
f 2096/606/1053 2082/592/1037 2094/604/1051
f 2095/605/1052 2082/592/1037 2097/607/1054
f 2082/592/1037 2096/606/1053 2097/607/1054
f 2098/608/1055 2099/609/1056 2100/610/1055
f 2098/608/1055 2100/610/1055 2101/611/1055
f 2101/611/1055 2102/612/1055 2098/608/1055
f 2102/612/1055 2101/611/1055 2103/613/1055
f 2103/613/1055 2104/614/1055 2102/612/1055
f 2104/614/1055 2103/613/1055 2105/615/1055
f 2105/615/1055 2106/616/1057 2104/614/1055
f 2106/616/1057 2105/615/1055 2107/617/1055
f 2108/618/1057 2106/616/1057 2107/617/1055
f 2106/616/1057 2108/618/1057 2109/619/1057
f 2110/620/1055 2109/619/1057 2108/618/1057
f 2109/619/1057 2110/620/1055 2111/621/1055
f 2112/622/1055 2111/621/1055 2110/620/1055
f 2113/623/1055 2111/621/1055 2112/622/1055
f 2114/624/1055 2113/623/1055 2112/622/1055
f 2115/625/1055 2113/623/1055 2114/624/1055
f 2114/624/1055 2116/626/1056 2115/625/1055
f 2114/624/1055 2117/627/1057 2116/626/1056
f 2118/628/1057 2116/626/1056 2117/627/1057
f 2117/627/1057 2119/629/1055 2118/628/1057
f 2120/630/1057 2118/628/1057 2119/629/1055
f 2120/630/1057 2119/629/1055 2121/631/1055
f 2122/632/1055 2120/630/1057 2121/631/1055
f 2122/632/1055 2121/631/1055 2123/633/1057
f 2124/634/1055 2122/632/1055 2123/633/1057
f 2125/635/1055 2122/632/1055 2124/634/1055
f 2124/634/1055 2126/636/1055 2125/635/1055
f 2127/637/1055 2125/635/1055 2126/636/1055
f 2126/636/1055 2128/638/1057 2127/637/1055
f 2128/638/1057 2129/639/1057 2127/637/1055
f 2130/640/1055 2129/639/1057 2128/638/1057
f 2129/639/1057 2130/640/1055 2131/641/1055
f 2132/642/1058 2133/643/1059 2134/644/1036
f 2133/643/1059 2132/642/1058 2135/645/1060
f 2136/646/1061 2135/645/1060 2132/642/1058
f 2135/645/1060 2137/647/1062 2133/643/1059
f 2138/648/1063 2135/645/1060 2136/646/1061
f 2135/645/1060 2138/648/1063 2139/649/1064
f 2140/650/1065 2139/649/1064 2138/648/1063
f 2137/647/1062 2135/645/1060 2141/651/1066
f 2139/649/1064 2141/651/1066 2135/645/1060
f 2142/652/1067 2137/647/1062 2141/651/1066
f 2143/653/1055 2137/647/1062 2142/652/1067
f 2142/652/1067 2141/651/1066 2144/654/1068
f 2145/655/1069 2144/654/1068 2141/651/1066
f 2141/651/1066 2139/649/1064 2145/655/1069
f 2144/654/1068 2145/655/1069 2146/656/1070
f 2145/655/1069 2147/657/1071 2146/656/1070
f 2147/657/1071 2145/655/1069 2148/658/1072
f 2139/649/1064 2148/658/1072 2145/655/1069
f 2148/658/1072 2149/659/1073 2147/657/1071
f 2139/649/1064 2140/650/1065 2150/660/1074
f 2150/660/1074 2148/658/1072 2139/649/1064
f 2151/661/1075 2150/660/1074 2140/650/1065
f 2149/659/1073 2148/658/1072 2152/662/1076
f 2150/660/1074 2152/662/1076 2148/658/1072
f 2152/662/1076 2153/663/1077 2149/659/1073
f 2150/660/1074 2151/661/1075 2154/664/1078
f 2152/662/1076 2150/660/1074 2154/664/1078
f 2155/665/1079 2154/664/1078 2151/661/1075
f 2153/663/1077 2152/662/1076 2156/666/1080
f 2154/664/1078 2156/666/1080 2152/662/1076
f 2156/666/1080 2157/667/1081 2153/663/1077
f 2154/664/1078 2155/665/1079 2158/668/1082
f 2156/666/1080 2154/664/1078 2158/668/1082
f 2159/669/1083 2158/668/1082 2155/665/1079
f 2157/667/1081 2156/666/1080 2160/670/1084
f 2158/668/1082 2160/670/1084 2156/666/1080
f 2160/670/1084 2161/671/1085 2157/667/1081
f 2158/668/1082 2159/669/1083 2162/672/1086
f 2163/673/1087 2162/672/1086 2159/669/1083
f 2160/670/1084 2158/668/1082 2164/674/1088
f 2158/668/1082 2162/672/1086 2164/674/1088
f 2161/671/1085 2160/670/1084 2165/675/1089
f 2164/674/1088 2165/675/1089 2160/670/1084
f 2162/672/1086 2166/676/1090 2164/674/1088
f 2162/672/1086 2163/673/1087 2166/676/1090
f 2165/675/1089 2164/674/1088 2167/677/1091
f 2167/677/1091 2164/674/1088 2166/676/1090
f 2165/675/1089 2168/678/1092 2161/671/1085
f 2165/675/1089 2167/677/1091 2169/679/1093
f 2168/678/1092 2165/675/1089 2169/679/1093
f 2169/679/1093 2167/677/1091 2170/680/1094
f 2171/681/1095 2161/671/1085 2168/678/1092
f 2161/671/1085 2171/681/1095 2172/682/1096
f 2169/679/1093 2173/683/1097 2168/678/1092
f 2173/683/1097 2169/679/1093 2170/680/1094
f 2170/680/1094 2167/677/1091 2174/684/1098
f 2174/684/1098 2173/683/1097 2170/680/1094
f 2166/676/1090 2174/684/1098 2167/677/1091
f 2175/685/1099 2168/678/1092 2173/683/1097
f 2168/678/1092 2175/685/1099 2171/681/1095
f 2174/684/1098 2176/686/1100 2173/683/1097
f 2166/676/1090 2176/686/1100 2174/684/1098
f 2175/685/1099 2173/683/1097 2176/686/1100
f 2176/686/1100 2166/676/1090 2163/673/1087
f 2163/673/1087 2175/685/1099 2176/686/1100
f 2175/685/1099 2163/673/1087 2177/687/1101
f 2177/687/1101 2178/688/1102 2175/685/1099
f 2175/685/1099 2178/688/1102 2171/681/1095
f 2178/688/1102 2177/687/1101 2179/689/1103
f 2171/681/1095 2178/688/1102 2180/690/1104
f 2180/690/1104 2172/682/1096 2171/681/1095
f 2172/682/1096 2180/690/1104 2181/691/1105
f 2179/689/1103 2182/692/1106 2178/688/1102
f 2178/688/1102 2182/692/1106 2180/690/1104
f 2182/692/1106 2179/689/1103 2183/693/1107
f 2184/694/1108 2181/691/1105 2180/690/1104
f 2182/692/1106 2184/694/1108 2180/690/1104
f 2181/691/1105 2184/694/1108 2185/695/1109
f 2183/693/1107 2186/696/1110 2182/692/1106
f 2182/692/1106 2186/696/1110 2184/694/1108
f 2186/696/1110 2183/693/1107 2187/697/1111
f 2188/698/1112 2185/695/1109 2184/694/1108
f 2186/696/1110 2188/698/1112 2184/694/1108
f 2185/695/1109 2188/698/1112 2189/699/1113
f 2189/699/1113 2188/698/1112 2190/700/1114
f 2191/701/1115 2190/700/1114 2188/698/1112
f 2186/696/1110 2191/701/1115 2188/698/1112
f 2191/701/1115 2192/702/1116 2190/700/1114
f 2187/697/1111 2193/703/1117 2186/696/1110
f 2186/696/1110 2193/703/1117 2191/701/1115
f 2193/703/1117 2187/697/1111 2194/704/1118
f 2192/702/1116 2191/701/1115 2195/705/1119
f 2193/703/1117 2195/705/1119 2191/701/1115
f 2196/706/1120 2192/702/1116 2195/705/1119
f 2194/704/1118 2197/707/1121 2193/703/1117
f 2193/703/1117 2197/707/1121 2195/705/1119
f 2198/708/1122 2196/706/1120 2195/705/1119
f 2196/706/1120 2198/708/1122 2199/709/1057
f 2198/708/1122 2195/705/1119 2197/707/1121
f 2197/707/1121 2194/704/1118 2200/710/1123
f 2198/708/1122 2197/707/1121 2201/711/1124
f 2197/707/1121 2200/710/1123 2202/712/1125
f 2197/707/1121 2202/712/1125 2201/711/1124
f 2202/712/1125 2203/713/1037 2201/711/1124
f 2204/714/1037 2205/715/1037 2206/716/1037
f 2204/714/1037 2207/717/1038 2205/715/1037
f 2207/717/1038 2208/718/1037 2205/715/1037
f 2208/718/1037 2207/717/1038 2209/719/1036
f 2210/720/1036 2208/718/1037 2209/719/1036
f 2208/718/1037 2210/720/1036 2211/721/1038
f 2211/721/1038 2210/720/1036 2212/722/1036
f 2213/723/1036 2211/721/1038 2212/722/1036
f 2214/724/1037 2213/723/1036 2212/722/1036
f 2215/725/1037 2213/723/1036 2214/724/1037
f 2216/726/1037 2215/725/1037 2214/724/1037
f 2217/727/1036 2215/725/1037 2216/726/1037
f 2218/728/1036 2217/727/1036 2216/726/1037
f 2216/726/1037 2219/729/1036 2218/728/1036
f 2219/729/1036 2220/730/1038 2218/728/1036
f 2220/730/1038 2219/729/1036 2221/731/1037
f 2222/732/1037 2220/730/1038 2221/731/1037
f 2222/732/1037 2221/731/1037 2223/733/1036
f 2224/734/1037 2222/732/1037 2223/733/1036
f 2225/735/1037 2222/732/1037 2224/734/1037
f 2226/736/1037 2225/735/1037 2224/734/1037
f 2227/737/1037 2225/735/1037 2226/736/1037
f 2226/736/1037 2228/738/1036 2227/737/1037
f 2226/736/1037 2229/739/1037 2228/738/1036
f 2229/739/1037 2230/740/1037 2228/738/1036
f 2230/740/1037 2229/739/1037 2231/741/1037
f 2232/742/1036 2230/740/1037 2231/741/1037
f 2232/742/1036 2231/741/1037 2233/743/1036
f 2232/742/1036 2233/743/1036 2234/744/1037
f 2235/745/1036 2232/742/1036 2234/744/1037
f 2236/746/1037 2235/745/1036 2234/744/1037
f 2237/747/1036 2235/745/1036 2236/746/1037
f 2238/748/1126 2239/749/1127 2240/750/1128
f 2240/750/1128 2239/749/1127 2241/751/1129
f 2240/750/1128 2241/751/1129 2242/752/1130
f 2242/752/1130 2241/751/1129 2243/753/1131
f 2242/752/1130 2243/753/1131 2244/754/1132
f 2244/754/1132 2245/755/1133 2242/752/1130
f 2246/756/1134 2245/755/1133 2244/754/1132
f 2246/756/1134 2247/757/1135 2245/755/1133
f 2246/756/1134 2248/758/1136 2247/757/1135
f 2248/758/1136 2246/756/1134 2249/759/1137
f 2249/759/1137 2250/760/1138 2248/758/1136
f 2250/760/1138 2249/759/1137 2251/761/1139
f 2250/760/1138 2251/761/1139 2252/762/1140
f 2252/762/1140 2253/763/1141 2250/760/1138
f 2253/763/1141 2252/762/1140 2254/764/1142
f 2254/764/1142 2255/765/1143 2253/763/1141
f 2255/765/1143 2254/764/1142 2256/766/1144
f 2256/766/1144 2257/767/1145 2255/765/1143
f 2257/767/1145 2256/766/1144 2258/768/1146
f 2258/768/1146 2259/769/1147 2257/767/1145
f 2259/769/1147 2258/768/1146 2260/770/1148
f 2261/771/1149 2260/770/1148 2258/768/1146
f 2260/770/1148 2261/771/1149 2262/772/1150
f 2263/773/1151 2262/772/1150 2261/771/1149
f 2262/772/1150 2263/773/1151 2264/774/1152
f 2262/772/1150 2264/774/1152 2265/775/1153
f 2265/775/1153 2264/774/1152 2266/776/1154
f 2265/775/1153 2266/776/1154 2267/777/1155
f 2267/777/1155 2266/776/1154 2268/778/1156
f 2268/778/1156 2266/776/1154 2269/779/1157
f 2268/778/1156 2269/779/1157 2270/780/1158
f 2270/780/1158 2269/779/1157 2271/781/1087
f 2272/782/1159 2273/783/1160 2274/784/1160
f 2275/785/1159 2272/782/1159 2274/784/1160
f 2272/782/1159 2275/785/1159 2276/786/1161
f 2276/786/1161 2277/787/1161 2272/782/1159
f 2277/787/1161 2276/786/1161 2278/788/1162
f 2278/788/1162 2279/789/1162 2277/787/1161
f 2278/788/1162 2280/790/1163 2279/789/1162
f 2281/791/1163 2280/790/1163 2278/788/1162
f 2282/792/1164 2280/790/1163 2281/791/1163
f 2283/793/1165 2282/792/1164 2281/791/1163
f 2282/792/1164 2283/793/1165 2284/794/1166
f 2284/794/1166 2285/795/1166 2282/792/1164
f 2285/795/1166 2284/794/1166 2286/796/1167
f 2286/796/1167 2287/797/1167 2285/795/1166
f 2286/796/1167 2288/798/1168 2287/797/1167
f 2289/799/1168 2288/798/1168 2286/796/1167
f 2290/800/1169 2288/798/1168 2289/799/1168
f 2291/801/1169 2290/800/1169 2289/799/1168
f 2290/800/1169 2291/801/1169 2292/802/1170
f 2292/802/1170 2293/803/1170 2290/800/1169
f 2293/803/1170 2292/802/1170 2294/804/1171
f 2294/804/1171 2295/805/1171 2293/803/1170
f 2294/804/1171 2296/806/1172 2295/805/1171
f 2297/807/1173 2296/806/1172 2294/804/1171
f 2298/808/1174 2296/806/1172 2297/807/1173
f 2299/809/1175 2298/808/1174 2297/807/1173
f 2298/808/1174 2299/809/1175 2300/810/1176
f 2300/810/1176 2301/811/1176 2298/808/1174
f 2301/811/1176 2300/810/1176 2302/812/1177
f 2302/812/1177 2303/813/1177 2301/811/1176
f 2302/812/1177 2304/814/1178 2303/813/1177
f 2305/815/1179 2304/814/1178 2302/812/1177
usemtl ChimneyOutline1Mtl
f 2306/816/1180 2307/817/1181 2308/818/1180
f 2307/817/1181 2306/816/1180 2309/819/1181
f 2310/820/1182 2311/821/1183 2312/822/1184
f 2313/823/1185 2314/824/1186 2315/825/1187
f 2309/819/1181 2316/826/1188 2307/817/1181
f 2316/826/1188 2309/819/1181 2317/827/1188
f 2311/821/1183 2318/828/1189 2319/829/1190
f 2316/826/1188 2317/827/1188 2320/830/1191
f 2321/831/1191 2316/826/1188 2320/830/1191
f 2322/832/1192 2321/831/1191 2320/830/1191
f 2323/833/1192 2321/831/1191 2322/832/1192
f 2312/822/1184 2313/823/1185 2310/820/1182
f 2324/834/1193 2325/835/1194 2319/829/1195
f 2319/829/1190 2312/822/1184 2311/821/1183
f 2326/836/1196 2327/837/1197 2318/828/1189
f 2328/838/1198 2319/829/1190 2318/828/1189
f 2329/839/1199 2330/840/1200 2331/841/1201
f 2318/828/1189 2311/821/1183 2326/836/1196
f 2328/838/1202 2329/839/1199 2331/841/1201
f 2329/839/1199 2318/828/1189 2327/837/1197
f 2327/837/1197 2330/840/1200 2329/839/1199
f 2332/842/1203 2333/843/1204 2334/844/1205
f 2335/845/1206 2336/846/1207 2337/847/1208
f 2333/843/1204 2338/848/1209 2334/844/1205
f 2339/849/1210 2340/850/1211 2341/851/1212
f 2342/852/1213 2343/853/1214 2344/854/1215
f 2345/855/1216 2346/856/1217 2347/857/1196
f 2348/858/1218 2349/859/1219 2345/855/1216
f 2333/843/1204 2350/860/1220 2338/848/1209
f 2351/861/1221 2335/845/1206 2337/847/1208
f 2350/860/1220 2352/862/1222 2338/848/1209
f 2351/861/1221 2337/847/1208 2352/862/1222
f 2350/860/1220 2351/861/1221 2352/862/1222
f 2347/857/1196 2341/851/1223 2345/855/1216
f 2345/855/1216 2342/852/1213 2348/858/1218
f 2347/857/1196 2346/856/1217 2353/863/1224
f 2346/856/1217 2345/855/1216 2349/859/1219
f 2354/864/1225 2355/865/1226 2353/863/1224
f 2355/865/1226 2354/864/1225 2356/866/1201
f 2349/859/1227 2356/866/1201 2354/864/1225
f 2354/864/1225 2353/863/1224 2346/856/1217
f 2357/867/1228 2358/868/1229 2359/869/1230
f 2360/870/1231 2361/871/1232 2362/872/1233
f 2359/869/1230 2363/873/1234 2357/867/1228
f 2364/874/1235 2365/875/1236 2366/876/1237
f 2364/874/1235 2367/877/1238 2368/878/1239
f 2365/875/1236 2364/874/1235 2368/878/1239
f 2363/873/1234 2359/869/1230 2369/879/1240
f 2366/876/1237 2360/870/1241 2364/874/1235
f 2370/880/1242 2371/881/1243 2372/882/1243
f 2373/883/1244 2371/881/1243 2370/880/1242
f 2365/875/1236 2374/884/1245 2375/885/1246
f 2376/886/1247 2377/887/1248 2368/878/1239
f 2365/875/1236 2368/878/1239 2377/887/1248
f 2377/887/1248 2374/884/1245 2365/875/1236
f 2367/877/1238 2378/888/1249 2379/889/1250
f 2369/879/1240 2380/890/1251 2363/873/1234
f 2381/891/1252 2382/892/1252 2372/882/1243
f 2371/881/1243 2381/891/1252 2372/882/1243
f 2383/893/1253 2384/894/1254 2377/887/1248
f 2368/878/1239 2379/889/1255 2376/886/1247
f 2375/885/1246 2366/876/1237 2365/875/1236
f 2369/879/1240 2385/895/1256 2386/896/1257
f 2384/894/1254 2387/897/1215 2374/884/1245
f 2374/884/1245 2377/887/1248 2384/894/1254
f 2388/898/1258 2381/891/1252 2389/899/1258
f 2381/891/1252 2388/898/1258 2382/892/1252
f 2369/879/1240 2386/896/1257 2380/890/1251
f 2374/884/1245 2387/897/1215 2390/900/1214
f 2391/901/1259 2392/902/1260 2384/894/1254
f 2377/887/1248 2376/886/1247 2383/893/1253
f 2393/903/1261 2389/899/1258 2394/904/1261
f 2389/899/1258 2393/903/1261 2388/898/1258
f 2395/905/1190 2396/906/1262 2392/902/1260
f 2392/902/1260 2397/907/1263 2387/897/1215
f 2384/894/1254 2383/893/1253 2391/901/1259
f 2390/900/1214 2375/885/1246 2374/884/1245
f 2387/897/1215 2384/894/1254 2392/902/1260
f 2387/897/1215 2397/907/1263 2398/908/1264
f 2385/895/1256 2399/909/1265 2386/896/1257
f 2387/897/1215 2398/908/1264 2400/910/1213
f 2399/909/1265 2385/895/1256 2401/911/1266
f 2396/906/1262 2402/912/1267 2397/907/1263
f 2397/907/1263 2392/902/1260 2396/906/1262
f 2402/912/1267 2403/913/1227 2397/907/1263
f 2398/908/1264 2397/907/1263 2403/913/1227
f 2404/914/1227 2405/915/1268 2406/916/1269
f 2407/917/1270 2408/918/1271 2409/919/1272
f 2410/920/1273 2411/921/1274 2412/922/1275
f 2413/923/1273 2411/921/1274 2410/920/1273
f 2414/924/1276 2415/925/1276 2412/922/1275
f 2411/921/1274 2414/924/1276 2412/922/1275
f 2416/926/1277 2414/924/1276 2417/927/1278
f 2414/924/1276 2416/926/1277 2415/925/1276
f 2418/928/1279 2419/929/1280 2420/930/1281
f 2421/931/1282 2418/928/1279 2420/930/1281
f 2419/929/1280 2407/917/1270 2420/930/1281
f 2420/930/1281 2422/932/1283 2421/931/1282
f 2419/929/1280 2423/933/1284 2407/917/1270
f 2408/918/1271 2407/917/1270 2423/933/1284
f 2424/934/1244 2417/927/1278 2425/935/1244
f 2417/927/1278 2424/934/1244 2416/926/1277
f 2426/936/1250 2427/937/1239 2408/918/1285
f 2423/933/1284 2428/938/1286 2408/918/1271
f 2429/939/1287 2430/940/1288 2431/941/1289
f 2432/942/1290 2431/941/1289 2430/940/1288
f 2429/939/1287 2433/943/1291 2430/940/1288
f 2433/943/1291 2429/939/1287 2434/944/1232
f 2435/945/1292 2436/946/1293 2432/942/1290
f 2430/940/1288 2435/945/1292 2432/942/1290
f 2434/944/1232 2437/947/1294 2433/943/1291
f 2437/947/1294 2434/944/1232 2438/948/1231
f 2436/946/1293 2439/949/1295 2440/950/1296
f 2439/949/1295 2436/946/1293 2435/945/1292
f 2440/950/1296 2441/951/1297 2442/952/1298
f 2441/951/1297 2440/950/1296 2439/949/1295
f 2438/948/1231 2443/953/1230 2437/947/1294
f 2443/953/1230 2438/948/1231 2444/954/1299
f 2442/952/1298 2445/955/1300 2446/956/1301
f 2441/951/1297 2445/955/1300 2442/952/1298
f 2444/954/1299 2447/957/1240 2443/953/1230
f 2448/958/1302 2447/957/1240 2444/954/1299
f 2449/959/1303 2446/956/1301 2450/960/1205
f 2442/952/1298 2446/956/1301 2449/959/1303
f 2444/954/1299 2451/961/1304 2448/958/1302
f 2452/962/1305 2448/958/1302 2451/961/1304
f 2453/963/1209 2454/964/1306 2450/960/1205
f 2449/959/1303 2450/960/1205 2454/964/1306
f 2455/965/1307 2456/966/1223 2453/963/1209
f 2454/964/1306 2453/963/1209 2456/966/1223
f 2451/961/1304 2457/967/1214 2452/962/1305
f 2458/968/1308 2452/962/1305 2457/967/1214
f 2459/969/1216 2455/965/1307 2460/970/1309
f 2455/965/1307 2459/969/1216 2456/966/1223
f 2460/970/1309 2458/968/1308 2457/967/1214
f 2455/965/1307 2458/968/1308 2460/970/1309
f 2461/971/1310 2462/972/1311 2463/973/1312
f 2464/974/1313 2465/975/1314 2466/976/1315
f 2465/975/1314 2464/974/1313 2467/977/1316
f 2467/977/1316 2468/978/1317 2465/975/1314
f 2468/978/1317 2467/977/1316 2469/979/1318
f 2470/980/1319 2466/976/1315 2471/981/1320
f 2472/982/1287 2473/983/1321 2474/984/1322
f 2474/984/1322 2475/985/1323 2472/982/1287
f 2476/986/1324 2474/984/1322 2477/987/1325
f 2477/987/1325 2474/984/1322 2478/988/1326
f 2478/988/1326 2474/984/1322 2473/983/1321
f 2475/985/1323 2474/984/1322 2476/986/1324
f 2466/976/1315 2470/980/1319 2464/974/1313
f 2479/989/1327 2469/979/1318 2480/990/1229
f 2476/986/1324 2481/991/1270 2475/985/1323
f 2476/986/1324 2477/987/1325 2482/992/1328
f 2469/979/1318 2479/989/1327 2468/978/1317
f 2483/993/1232 2472/982/1287 2475/985/1323
f 2484/994/1329 2485/995/1330 2477/987/1331
f 2477/987/1325 2478/988/1326 2486/996/1332
f 2475/985/1323 2487/997/1333 2488/998/1241
f 2487/997/1333 2475/985/1323 2481/991/1270
f 2489/999/1334 2490/1000/1335 2491/1001/1336
f 2489/999/1334 2491/1001/1336 2492/1002/1335
f 2493/999/1337 2494/1003/1337 2495/1004/1337
f 2496/1000/1337 2493/999/1337 2495/1004/1337
f 2497/1002/1338 2498/1001/1339 2499/1005/1339
f 2499/1005/1339 2500/1006/1339 2497/1002/1338
f 2501/1007/1340 2502/1003/1340 2503/1008/1340
f 2504/1004/1340 2502/1003/1340 2501/1007/1340
f 2505/1009/1341 2506/1006/1341 2507/1005/1341
s 0
f 2507/1005/1341 2508/1010/1341 2505/1009/1341
s 1
f 2509/1007/1342 2510/1008/1342 2511/1011/1342
f 2512/1010/1343 2513/1012/1343 2514/1009/1343
f 2515/1007/1344 2516/1011/1344 2517/1013/1344
f 2518/1014/1345 2519/1015/1345 2520/1013/1345
f 2521/1013/1346 2522/1011/1346 2523/1014/1346
f 2524/1016/1347 2525/1012/1347 2526/1010/1347
f 2527/1017/1348 2528/1012/1348 2529/1016/1348
f 2530/1018/1349 2531/1019/1349 2532/1015/1349
f 2533/1020/1350 2534/1017/1350 2535/1016/1350
f 2536/1018/1351 2537/1015/1351 2538/1014/1351
f 2539/1021/1352 2540/1022/1352 2541/1020/1352
f 2542/1018/1353 2543/1023/1353 2544/1024/1353
f 2545/1022/1354 2546/1017/1354 2547/1020/1354
f 2548/1019/1355 2549/1018/1355 2550/1024/1355
f 2551/1022/1356 2552/1025/1356 2553/1026/1356
f 2554/1027/1357 2555/1028/1357 2556/1026/1357
f 2557/1029/1358 2558/1028/1358 2559/1027/1358
f 2560/1023/1359 2561/1030/1359 2562/1029/1359
f 2563/1025/1360 2564/1022/1360 2565/1021/1360
f 2566/1024/1359 2560/1023/1359 2562/1029/1359
f 2567/1026/1361 2568/1025/1361 2569/1027/1361
f 2570/1029/1362 2571/1030/1362 2572/1028/1362
f 2573/1031/1363 2574/1032/1363 2575/1033/1363
f 2576/1034/1363 2574/1032/1363 2573/1031/1363
f 2577/1032/1364 2578/1034/1364 2579/1035/1364
f 2578/1034/1364 2580/1036/1364 2579/1035/1364
f 2581/1033/1339 2582/1037/1339 2583/1031/1365
f 2583/1031/1365 2582/1037/1339 2584/1038/1339
f 2585/1039/1366 2586/1035/1366 2587/1036/1367
f 2587/1036/1367 2588/1040/1366 2585/1039/1366
f 2589/1041/1368 2590/1038/1369 2591/1037/1370
f 2591/1037/1370 2592/1042/1369 2589/1041/1368
f 2593/1039/1371 2594/1040/1371 2595/1043/1372
f 2595/1043/1372 2596/1044/1372 2593/1039/1371
f 2597/1045/1373 2598/1041/1373 2599/1042/1373
f 2597/1045/1373 2600/1046/1374 2598/1041/1373
f 2601/1047/1375 2602/1044/1375 2603/1043/1375
f 2603/1043/1375 2604/1048/1375 2601/1047/1375
f 2605/1049/1376 2606/1046/1376 2607/1045/1376
f 2607/1045/1376 2608/1050/1377 2605/1049/1376
f 2609/1047/1378 2610/1048/1378 2611/1051/1378
f 2611/1051/1378 2612/1052/1378 2609/1047/1378
f 2613/1053/1379 2614/1049/1380 2615/1050/1380
f 2613/1053/1379 2615/1050/1380 2616/1054/1380
f 2617/1052/1381 2618/1051/1381 2619/1055/1382
f 2619/1055/1382 2620/1056/1383 2617/1052/1381
f 2621/1054/1384 2622/1057/1384 2623/1053/1384
f 2623/1053/1384 2622/1057/1384 2624/1058/1384
f 2625/1055/1385 2626/1059/1385 2627/1056/1385
f 2625/1055/1385 2628/1060/1385 2626/1059/1385
f 2629/1058/1386 2630/1057/1386 2631/1061/1387
f 2632/1062/1387 2631/1061/1387 2630/1057/1386
f 2633/1062/1388 2634/1059/1388 2635/1061/1388
f 2634/1059/1388 2636/1060/1388 2635/1061/1388
f 2637/1063/1389 2638/1064/1390 2639/1065/1391
f 2640/1066/1392 2639/1065/1391 2638/1064/1390
f 2641/1067/1393 2642/1068/1394 2643/1069/1283
f 2644/1070/1331 2645/1071/1332 2646/1072/1329
f 2647/1073/1395 2648/1074/1396 2649/1075/1397
f 2648/1074/1396 2647/1073/1395 2650/1076/1398
f 2638/1064/1390 2651/1077/1399 2640/1066/1392
f 2652/1078/1400 2653/1079/1401 2641/1067/1393
f 2654/1080/1402 2643/1069/1283 2655/1081/1403
f 2653/1079/1401 2656/1082/1187 2657/1083/1404
f 2653/1079/1401 2657/1083/1404 2642/1068/1394
f 2655/1081/1403 2643/1069/1283 2642/1068/1394
f 2641/1067/1393 2643/1069/1283 2644/1070/1331
f 2653/1079/1401 2642/1068/1394 2641/1067/1393
f 2650/1076/1398 2658/1084/1405 2648/1074/1396
f 2658/1084/1405 2650/1076/1398 2659/1085/1405
f 2660/1086/1406 2640/1066/1392 2651/1077/1399
f 2642/1068/1394 2661/1087/1407 2655/1081/1403
f 2642/1068/1394 2657/1083/1404 2661/1087/1407
f 2641/1067/1393 2646/1072/1408 2652/1078/1400
f 2651/1077/1399 2662/1088/1409 2663/1089/1410
f 2658/1084/1405 2659/1085/1405 2664/1090/1411
f 2665/1091/1412 2658/1084/1405 2664/1090/1411
f 2666/1092/1413 2667/1093/1414 2653/1079/1401
f 2657/1083/1404 2656/1082/1187 2668/1094/1415
f 2667/1093/1414 2656/1082/1187 2653/1079/1401
f 2669/1095/1416 2661/1087/1407 2657/1083/1404
f 2670/1096/1417 2665/1091/1412 2664/1090/1411
f 2671/1097/1417 2665/1091/1412 2670/1096/1417
f 2651/1077/1399 2663/1089/1410 2660/1086/1406
f 2656/1082/1187 2672/1098/1182 2673/1099/1185
f 2668/1094/1415 2669/1095/1416 2657/1083/1404
f 2653/1079/1401 2652/1078/1400 2666/1092/1413
f 2662/1088/1409 2674/1100/1418 2675/1101/1419
f 2676/1102/1210 2672/1098/1182 2667/1093/1414
f 2667/1093/1414 2672/1098/1182 2656/1082/1187
f 2677/1103/1420 2678/1104/1196 2676/1102/1210
f 2678/1104/1196 2679/1105/1183 2676/1102/1210
f 2680/1106/1306 2676/1102/1210 2667/1093/1414
f 2662/1088/1409 2675/1101/1419 2663/1089/1410
f 2667/1093/1414 2666/1092/1413 2680/1106/1306
f 2679/1105/1183 2672/1098/1182 2676/1102/1210
usemtl Flowows1Mtl
f 2681/15/1421 2682/1107/1422 2683/18/1421
f 2682/1107/1422 2681/15/1421 2684/1108/1421
f 2685/1108/1423 2686/1107/1423 2687/15/1423
f 2686/1107/1423 2688/1109/1423 2687/15/1423
f 2689/15/1424 2690/18/1424 2691/1108/1425
f 2691/1108/1425 2690/18/1424 2692/1110/1426
f 2693/19/1427 2694/15/1427 2695/1111/1427
f 2693/19/1427 2695/1111/1427 2696/1112/1427
f 2697/15/1428 2698/1113/1428 2699/1111/1429
f 2699/1111/1429 2698/1113/1428 2700/1114/1428
f 2701/15/1430 2702/18/1430 2703/1108/1430
f 2703/1108/1430 2702/18/1430 2704/1110/1430
f 2705/15/1431 2706/1108/1432 2707/18/1432
f 2706/1108/1432 2708/1110/1432 2707/18/1432
f 2709/1108/1433 2710/1110/1434 2711/15/1434
f 2710/1110/1434 2712/18/1434 2711/15/1434
f 2713/1111/1435 2714/15/1435 2715/1115/1435
f 2715/1115/1435 2714/15/1435 2716/1113/1435
f 2717/1111/1436 2718/15/1436 2719/1110/1436
f 2718/15/1436 2720/1108/1436 2719/1110/1436
f 2721/18/1437 2722/1108/1437 2723/15/1438
f 2722/1108/1437 2721/18/1437 2724/1110/1438
f 2725/1112/1439 2726/15/1439 2727/1111/1439
f 2726/15/1439 2725/1112/1439 2728/19/1439
f 2729/1113/1440 2730/1111/1440 2731/15/1440
f 2730/1111/1440 2729/1113/1440 2732/1114/1440
f 2733/1108/1441 2734/18/1441 2735/1110/1441
f 2734/18/1441 2733/1108/1441 2736/15/1441
f 2737/1110/1442 2738/15/1442 2739/1108/1442
f 2738/15/1442 2737/1110/1442 2740/18/1443
f 2741/1112/1444 2742/15/1444 2743/1111/1445
f 2742/15/1444 2741/1112/1444 2744/19/1445
f 2745/1109/1446 2746/1116/1446 2747/1107/1446
f 2746/1116/1446 2745/1109/1446 2748/15/1446
f 2749/15/1447 2750/1111/1447 2751/19/1447
f 2750/1111/1447 2752/1117/1447 2751/19/1447
f 2753/1118/1448 2754/1119/1448 2755/18/1448
f 2755/18/1448 2754/1119/1448 2756/15/1448
f 2757/1108/1449 2758/18/1449 2759/1110/1449
f 2758/18/1449 2757/1108/1449 2760/15/1449
f 2761/18/1450 2762/15/1451 2763/1108/1452
f 2763/1108/1452 2764/1110/1451 2761/18/1450
f 2765/1120/1453 2766/1111/1453 2767/15/1454
f 2766/1111/1453 2765/1120/1453 2768/1121/1454
usemtl GarageDoor1Mtl
f 2769/1122/1455 2770/1123/1456 2771/1124/1457
f 2772/1125/1458 2771/1124/1457 2773/1126/1459
f 2771/1124/1457 2774/1127/1460 2773/1126/1459
f 2771/1124/1457 2772/1125/1458 2775/1128/1461
f 2774/1127/1460 2771/1124/1457 2770/1123/1456
f 2775/1128/1461 2769/1122/1455 2771/1124/1457
f 2770/1123/1456 2776/1129/1462 2774/1127/1460
f 2769/1122/1455 2775/1128/1461 2777/1130/1463
f 2778/1131/1464 2769/1122/1455 2777/1130/1463
f 2769/1122/1455 2778/1131/1464 2779/1132/1465
f 2779/1132/1465 2780/1133/1466 2769/1122/1455
f 2770/1123/1456 2769/1122/1455 2780/1133/1466
f 2780/1133/1466 2779/1132/1465 2781/1134/1467
f 2776/1129/1462 2770/1123/1456 2782/1135/1468
f 2780/1133/1466 2782/1135/1468 2770/1123/1456
f 2782/1135/1468 2783/1136/1469 2776/1129/1462
f 2781/1134/1467 2784/1137/1470 2780/1133/1466
f 2782/1135/1468 2780/1133/1466 2784/1137/1470
f 2784/1137/1470 2781/1134/1467 2785/1138/1471
f 2783/1136/1469 2782/1135/1468 2786/1139/1472
f 2784/1137/1470 2786/1139/1472 2782/1135/1468
f 2786/1139/1472 2787/1140/1473 2783/1136/1469
f 2787/1140/1473 2786/1139/1472 2788/1141/1474
f 2786/1139/1472 2784/1137/1470 2789/1142/1475
f 2785/1138/1471 2789/1142/1475 2784/1137/1470
f 2789/1142/1475 2788/1141/1474 2786/1139/1472
f 2789/1142/1475 2785/1138/1471 2790/1143/1476
f 2788/1141/1474 2789/1142/1475 2791/1144/1477
f 2790/1143/1476 2791/1144/1477 2789/1142/1475
f 2791/1144/1477 2790/1143/1476 2792/1145/1478
usemtl Leaves1Mtl
f 2793/1146/1479 2794/1147/1480 2795/1148/1479
f 2796/1149/1481 2793/1146/1479 2795/1148/1479
f 2793/1146/1479 2796/1149/1481 2797/1150/1482
f 2796/1149/1481 2798/1151/1483 2797/1150/1482
f 2798/1151/1483 2796/1149/1481 2799/1152/1484
f 2799/1152/1484 2800/1153/1485 2798/1151/1483
f 2800/1153/1485 2799/1152/1484 2801/1154/1485
f 2801/1154/1485 2802/1155/1486 2800/1153/1485
f 2802/1155/1486 2801/1154/1485 2803/1156/1486
f 2803/1156/1486 2804/1157/1487 2802/1155/1486
f 2804/1157/1487 2803/1156/1486 2805/1158/1487
f 2805/1158/1487 2806/1159/1488 2804/1157/1487
f 2806/1159/1488 2805/1158/1487 2807/1160/1489
f 2808/1161/1490 2809/1162/1490 2810/1163/1491
f 2808/1161/1490 2811/1150/1492 2809/1162/1490
f 2811/1150/1492 2808/1161/1490 2812/1149/1492
f 2813/1164/1493 2811/1150/1492 2812/1149/1492
f 2813/1164/1493 2814/1151/1494 2811/1150/1492
f 2814/1151/1494 2813/1164/1493 2815/1165/1495
f 2815/1165/1495 2816/1166/1495 2814/1151/1494
f 2816/1166/1495 2815/1165/1495 2817/1167/1496
f 2816/1166/1495 2817/1167/1496 2818/1168/1497
f 2818/1168/1497 2817/1167/1496 2819/1169/1498
f 2818/1168/1497 2819/1169/1498 2820/1157/1499
f 2820/1157/1499 2819/1169/1498 2821/1170/1500
f 2820/1157/1499 2821/1170/1500 2822/1171/1500
f 2823/1161/1501 2824/1162/1501 2825/1163/1502
f 2823/1161/1501 2826/1150/1503 2824/1162/1501
f 2826/1150/1503 2823/1161/1501 2827/1149/1503
f 2828/1164/1504 2826/1150/1503 2827/1149/1503
f 2828/1164/1504 2829/1151/1505 2826/1150/1503
f 2829/1151/1505 2828/1164/1504 2830/1165/1506
f 2830/1165/1506 2831/1166/1507 2829/1151/1505
f 2831/1166/1507 2830/1165/1506 2832/1167/1508
f 2831/1166/1507 2832/1167/1508 2833/1168/1509
f 2833/1168/1509 2832/1167/1508 2834/1169/1510
f 2833/1168/1509 2834/1169/1510 2835/1157/1511
f 2836/1170/1512 2835/1157/1511 2834/1169/1510
f 2836/1170/1512 2837/1171/1513 2835/1157/1511
f 2838/1146/1514 2839/1147/1515 2840/1148/1514
f 2841/1149/1516 2838/1146/1514 2840/1148/1514
f 2838/1146/1514 2841/1149/1516 2842/1150/1516
f 2841/1149/1516 2843/1151/1517 2842/1150/1516
f 2843/1151/1517 2841/1149/1516 2844/1152/1518
f 2844/1152/1518 2845/1153/1519 2843/1151/1517
f 2845/1153/1519 2844/1152/1518 2846/1154/1520
f 2846/1154/1520 2847/1155/1521 2845/1153/1519
f 2847/1155/1521 2846/1154/1520 2848/1156/1522
f 2848/1156/1522 2849/1157/1523 2847/1155/1521
f 2849/1157/1523 2848/1156/1522 2850/1158/1524
f 2849/1157/1523 2850/1158/1524 2851/1159/1525
f 2851/1159/1525 2850/1158/1524 2852/1160/1525
f 2853/1161/1526 2854/1162/1527 2855/1163/1528
f 2853/1161/1526 2856/1150/1529 2854/1162/1527
f 2856/1150/1529 2853/1161/1526 2857/1149/1530
f 2856/1150/1529 2857/1149/1530 2858/1164/1531
f 2858/1164/1531 2859/1151/1532 2856/1150/1529
f 2859/1151/1532 2858/1164/1531 2860/1165/1533
f 2860/1165/1533 2861/1166/1534 2859/1151/1532
f 2861/1166/1534 2860/1165/1533 2862/1167/1535
f 2862/1167/1535 2863/1168/1536 2861/1166/1534
f 2862/1167/1535 2864/1157/1537 2863/1168/1536
f 2864/1157/1537 2862/1167/1535 2865/1169/1537
f 2864/1157/1537 2865/1169/1537 2866/1170/1538
f 2864/1157/1537 2866/1170/1538 2867/1171/1538
f 2868/1146/1539 2869/1147/1540 2870/1148/1541
f 2871/1149/1542 2868/1146/1539 2870/1148/1541
f 2868/1146/1539 2871/1149/1542 2872/1150/1543
f 2871/1149/1542 2873/1151/1544 2872/1150/1543
f 2873/1151/1544 2871/1149/1542 2874/1152/1545
f 2874/1152/1545 2875/1153/1546 2873/1151/1544
f 2875/1153/1546 2874/1152/1545 2876/1154/1547
f 2876/1154/1547 2877/1155/1548 2875/1153/1546
f 2877/1155/1548 2876/1154/1547 2878/1156/1549
f 2879/1158/1550 2877/1155/1548 2878/1156/1549
f 2877/1155/1548 2879/1158/1550 2880/1157/1550
f 2880/1157/1550 2879/1158/1550 2881/1159/1551
f 2881/1159/1551 2879/1158/1550 2882/1160/1551
f 2883/1161/1552 2884/1162/1553 2885/1163/1554
f 2883/1161/1552 2886/1150/1555 2884/1162/1553
f 2886/1150/1555 2883/1161/1552 2887/1149/1555
f 2886/1150/1555 2887/1149/1555 2888/1164/1556
f 2888/1164/1556 2889/1151/1557 2886/1150/1555
f 2889/1151/1557 2888/1164/1556 2890/1165/1558
f 2890/1165/1558 2891/1166/1558 2889/1151/1557
f 2891/1166/1558 2890/1165/1558 2892/1167/1559
f 2892/1167/1559 2893/1168/1560 2891/1166/1558
f 2892/1167/1559 2894/1157/1561 2893/1168/1560
f 2894/1157/1561 2892/1167/1559 2895/1169/1561
f 2896/1170/1562 2894/1157/1561 2895/1169/1561
f 2894/1157/1561 2896/1170/1562 2897/1171/1562
f 2898/1146/1563 2899/1147/1564 2900/1148/1565
f 2901/1149/1566 2898/1146/1563 2900/1148/1565
f 2898/1146/1563 2901/1149/1566 2902/1150/1566
f 2901/1149/1566 2903/1151/1567 2902/1150/1566
f 2903/1151/1567 2901/1149/1566 2904/1152/1568
f 2904/1152/1568 2905/1153/1569 2903/1151/1567
f 2905/1153/1569 2904/1152/1568 2906/1154/1569
f 2906/1154/1569 2907/1155/1570 2905/1153/1569
f 2907/1155/1570 2906/1154/1569 2908/1156/1571
f 2909/1158/1572 2907/1155/1570 2908/1156/1571
f 2907/1155/1570 2909/1158/1572 2910/1157/1572
f 2911/1159/1573 2910/1157/1572 2909/1158/1572
f 2912/1160/1574 2911/1159/1573 2909/1158/1572
f 2913/1161/1575 2914/1162/1575 2915/1163/1576
f 2913/1161/1575 2916/1150/1577 2914/1162/1575
f 2916/1150/1577 2913/1161/1575 2917/1149/1578
f 2917/1149/1578 2918/1151/1579 2916/1150/1577
f 2918/1151/1579 2917/1149/1578 2919/1164/1579
f 2919/1164/1579 2920/1166/606 2918/1151/1579
f 2920/1166/606 2919/1164/1579 2921/1165/606
f 2921/1165/606 2922/1168/321 2920/1166/606
f 2922/1168/321 2921/1165/606 2923/1167/321
f 2923/1167/321 2924/1157/1580 2922/1168/321
f 2924/1157/1580 2923/1167/321 2925/1169/1581
f 2925/1169/1581 2926/1171/1582 2924/1157/1580
f 2926/1171/1582 2925/1169/1581 2927/1170/1582
f 2928/1146/1583 2929/1147/1584 2930/1148/1583
f 2931/1149/1585 2928/1146/1583 2930/1148/1583
f 2928/1146/1583 2931/1149/1585 2932/1150/1586
f 2933/1152/1587 2932/1150/1586 2931/1149/1585
f 2932/1150/1586 2933/1152/1587 2934/1151/1588
f 2935/1154/1589 2934/1151/1588 2933/1152/1587
f 2934/1151/1588 2935/1154/1589 2936/1153/1589
f 2937/1156/1590 2936/1153/1589 2935/1154/1589
f 2936/1153/1589 2937/1156/1590 2938/1172/1590
f 2939/1158/1591 2938/1172/1590 2937/1156/1590
f 2938/1172/1590 2939/1158/1591 2940/1157/1591
f 2941/1160/1592 2940/1157/1591 2939/1158/1591
f 2940/1157/1591 2941/1160/1592 2942/1159/1593
usemtl Outline1Mtl
f 2943/1173/1594 2944/1174/1595 2945/1175/1596
f 2946/1176/1597 2947/1177/1598 2948/1178/1599
f 2949/1179/1600 2950/1180/1601 2951/1181/1602
f 2952/1182/1603 2953/1183/1604 2954/1184/1605
f 2955/1185/1606 2952/1182/1603 2954/1184/1605
f 2952/1182/1603 2955/1185/1606 2956/1186/1607
f 2955/1185/1606 2957/1187/1608 2956/1186/1607
f 2956/1186/1607 2957/1187/1608 2958/1188/1609
f 2959/1189/1610 2960/1190/1611 2961/1191/1612
f 2962/1192/1613 2961/1191/1612 2960/1190/1611
f 2958/1188/1609 2957/1187/1608 2963/1193/1614
f 2957/1187/1608 2961/1191/1612 2964/1194/1615
f 2957/1187/1608 2964/1194/1615 2963/1193/1614
f 2965/1195/1616 2964/1194/1615 2961/1191/1612
f 2962/1192/1617 2966/1196/1618 2967/1197/1619
f 2968/1198/1620 2967/1197/1619 2966/1196/1618
f 2966/1196/1618 2969/1199/1621 2968/1198/1620
f 2970/1200/1622 2968/1198/1620 2969/1199/1621
f 2968/1198/1620 2971/1201/1623 2967/1197/1619
f 2971/1201/1623 2965/1195/1616 2967/1197/1619
f 2968/1198/1620 2970/1200/1622 2972/1202/1624
f 2965/1195/1616 2971/1201/1623 2973/1203/1625
f 2964/1194/1615 2965/1195/1616 2973/1203/1625
f 2974/1204/1626 2972/1202/1624 2975/1205/1627
f 2976/1206/1628 2975/1205/1627 2972/1202/1624
f 2975/1205/1627 2976/1206/1628 2977/1207/1629
f 2978/1208/1630 2977/1207/1629 2976/1206/1628
f 2979/1209/1631 2978/1208/1632 2980/1210/1633
f 2977/1207/1629 2978/1208/1630 2981/1211/1634
f 2982/1212/1635 2981/1211/1634 2978/1208/1630
f 2981/1211/1634 2982/1212/1635 2983/1213/1636
f 2982/1212/1637 2984/1214/1638 2985/1215/1639
f 2986/1216/1640 2985/1215/1639 2984/1214/1638
f 2987/1217/1641 2988/1218/1642 2989/1219/1643
f 2989/1219/1643 2990/1220/1644 2987/1217/1641
f 2991/1221/1645 2992/1222/1646 2993/1223/1647
f 2992/1222/1646 2994/1224/1648 2993/1223/1647
f 2993/1223/1647 2994/1224/1648 2995/1225/1649
f 2996/1226/1650 2991/1221/1645 2993/1223/1647
f 2997/1227/1651 2993/1223/1647 2995/1225/1649
f 2996/1226/1650 2993/1223/1647 2997/1227/1651
f 2998/1228/1652 2996/1226/1650 2997/1227/1651
f 2999/1229/1653 2995/1225/1649 3000/1230/1654
f 2998/1228/1652 2997/1227/1651 3001/1231/1655
f 3001/1231/1655 2997/1227/1651 2999/1229/1653
f 3002/1232/1656 2998/1228/1652 3001/1231/1655
f 2999/1229/1653 3000/1230/1654 3003/1233/1657
f 3000/1230/1654 3004/1234/1658 3003/1233/1657
f 2999/1229/1653 3005/1235/1659 3001/1231/1655
f 3005/1235/1659 2999/1229/1653 3003/1233/1657
f 3002/1232/1656 3001/1231/1655 3005/1235/1659
f 3003/1233/1657 3004/1234/1658 3006/1236/1660
f 3005/1235/1659 3003/1233/1657 3006/1236/1660
f 3006/1236/1660 3007/1237/1661 3005/1235/1659
f 3002/1232/1656 3005/1235/1659 3007/1237/1661
f 3004/1234/1658 3008/1238/1662 3006/1236/1660
f 2998/1228/1652 3002/1232/1656 3009/1239/1663
f 3010/1240/1664 3002/1232/1656 3007/1237/1661
f 3009/1239/1663 3002/1232/1656 3011/1241/1665
f 3002/1232/1656 3010/1240/1664 3011/1241/1665
f 3007/1237/1661 3006/1236/1660 3012/1242/1666
f 3008/1238/1662 3012/1242/1666 3006/1236/1660
f 3012/1242/1666 3013/1243/1667 3007/1237/1661
f 3007/1237/1661 3013/1243/1667 3010/1240/1664
f 3012/1242/1666 3008/1238/1662 3014/1244/1668
f 3013/1243/1667 3012/1242/1666 3015/1245/1669
f 3014/1244/1668 3015/1245/1669 3012/1242/1666
f 3015/1245/1669 3016/1246/1670 3013/1243/1667
f 3014/1244/1668 3008/1238/1662 3017/1247/1671
f 3015/1245/1669 3014/1244/1668 3018/1248/1672
f 3017/1247/1671 3018/1248/1672 3014/1244/1668
f 3018/1248/1672 3019/1249/1673 3015/1245/1669
f 3016/1246/1670 3015/1245/1669 3019/1249/1673
f 3020/1250/1674 3010/1240/1664 3016/1246/1670
f 3021/1251/1675 3010/1240/1664 3020/1250/1674
f 3010/1240/1664 3021/1251/1675 3011/1241/1665
f 3016/1246/1670 3022/1252/1676 3020/1250/1674
f 3021/1251/1675 3020/1250/1674 3022/1252/1676
f 3019/1249/1673 3023/1253/1677 3016/1246/1670
f 3022/1252/1676 3016/1246/1670 3023/1253/1677
f 3024/1254/1678 3021/1251/1679 3025/1255/1680
f 3024/1254/1678 3025/1255/1680 2951/1181/1681
f 2949/1179/1600 3026/1256/1682 3027/1257/1683
f 3026/1256/1682 3028/1258/1684 3027/1257/1683
f 3028/1258/1685 3023/1253/1677 3029/1259/1686
f 3023/1253/1677 3019/1249/1673 3029/1259/1686
f 3029/1259/1686 3030/1260/1687 3028/1258/1685
f 3031/1261/1688 3029/1259/1686 3019/1249/1673
f 3029/1259/1686 3031/1261/1688 3030/1260/1687
f 3019/1249/1673 3018/1248/1672 3031/1261/1688
f 3031/1261/1688 3032/1262/1689 3030/1260/1687
f 3018/1248/1672 3033/1263/1690 3031/1261/1688
f 3033/1263/1690 3032/1262/1689 3031/1261/1688
f 3018/1248/1672 3017/1247/1671 3033/1263/1690
f 3032/1262/1689 3033/1263/1690 3034/1264/1691
f 3032/1262/1689 3034/1264/1691 3035/1265/1692
f 3036/1266/1693 3035/1265/1692 3034/1264/1691
f 3033/1263/1690 3037/1267/1694 3034/1264/1691
f 3034/1264/1691 3037/1267/1694 3036/1266/1693
f 3037/1267/1694 3033/1263/1690 3017/1247/1671
f 3037/1267/1694 3038/1268/1695 3036/1266/1693
f 3039/1269/1696 3036/1266/1693 3038/1268/1695
f 3037/1267/1694 3040/1270/1697 3038/1268/1695
f 3038/1268/1695 3041/1271/1698 3039/1269/1696
f 3041/1271/1698 3038/1268/1695 3040/1270/1697
f 3039/1269/1696 3041/1271/1698 3042/1272/1699
f 3017/1247/1671 3043/1273/1700 3037/1267/1694
f 3040/1270/1697 3037/1267/1694 3043/1273/1700
f 3043/1273/1700 3017/1247/1671 3044/1274/1701
f 3008/1238/1662 3044/1274/1701 3017/1247/1671
f 3004/1234/1658 3044/1274/1701 3008/1238/1662
f 3044/1274/1701 3004/1234/1658 3045/1275/1702
f 3044/1274/1701 3045/1275/1702 3046/1276/1703
f 3044/1274/1701 3046/1276/1703 3043/1273/1700
f 3043/1273/1700 3046/1276/1703 3040/1270/1697
f 3046/1276/1703 3047/1277/1704 3040/1270/1697
f 3048/1278/1705 3040/1270/1697 3047/1277/1704
f 3040/1270/1697 3048/1278/1705 3041/1271/1698
f 3047/1277/1704 3049/1279/1706 3048/1278/1705
f 3041/1271/1698 3050/1280/1707 3042/1272/1699
f 3041/1271/1698 3048/1278/1705 3050/1280/1707
f 3051/1281/1708 3042/1272/1699 3050/1280/1707
f 3052/1282/1709 3048/1278/1705 3049/1279/1706
f 3049/1279/1706 3053/1283/1710 3052/1282/1709
f 3052/1282/1709 3053/1283/1710 3054/1284/1711
f 3048/1278/1705 3055/1285/1712 3050/1280/1707
f 3048/1278/1705 3052/1282/1709 3055/1285/1712
f 3050/1280/1707 3055/1285/1712 3051/1281/1708
f 3052/1282/1709 3054/1284/1711 3056/1286/1713
f 3055/1285/1712 3052/1282/1709 3056/1286/1713
f 3055/1285/1712 3056/1286/1713 3051/1281/1708
f 3051/1281/1708 3056/1286/1713 3057/1287/1714
f 3051/1281/1708 3057/1287/1714 3058/1288/1715
f 3059/1289/1716 3058/1288/1715 3057/1287/1714
f 3056/1286/1713 3060/1290/1717 3057/1287/1714
f 3059/1289/1716 3057/1287/1714 3060/1290/1717
f 3056/1286/1713 3061/1291/1718 3060/1290/1717
f 3060/1290/1717 3062/1292/1719 3059/1289/1716
f 3060/1290/1717 3061/1291/1718 3062/1292/1719
f 3063/1293/1720 3064/1294/1721 3065/1295/1722
f 3066/1296/1723 3065/1295/1722 3064/1294/1721
f 3067/1297/1724 3068/1298/1725 3069/1299/1726
f 3069/1299/1726 3070/1300/1727 3071/1301/1728
f 3072/1302/1729 3069/1299/1726 3068/1298/1725
f 3070/1300/1727 3069/1299/1726 3073/1303/1730
f 3073/1303/1730 3069/1299/1726 3072/1302/1729
f 3073/1303/1730 3074/1304/1731 3070/1300/1727
f 3075/1305/1732 3072/1302/1729 3076/1306/1733
f 3075/1305/1732 3073/1303/1730 3072/1302/1729
f 3074/1304/1731 3073/1303/1730 3077/1307/1734
f 3077/1307/1734 3073/1303/1730 3075/1305/1732
f 3077/1307/1734 3078/1308/1735 3074/1304/1731
f 3078/1308/1735 3077/1307/1734 3035/1265/1692
f 3035/1265/1692 3077/1307/1734 3079/1309/1736
f 3035/1265/1692 3036/1266/1693 3078/1308/1735
f 3080/1310/1737 3075/1305/1732 3076/1306/1733
f 3032/1262/1689 3035/1265/1692 3079/1309/1736
f 3030/1260/1687 3079/1309/1736 3080/1310/1738
f 3032/1262/1689 3079/1309/1736 3030/1260/1687
f 3080/1310/1737 3076/1306/1733 3081/1311/1739
f 3030/1260/1687 3080/1310/1738 3028/1258/1685
f 3081/1311/1740 3066/1296/1723 3082/1312/1741
f 3082/1312/1742 3083/1313/1743 3084/1314/1744
f 3082/1312/1741 3027/1257/1745 3081/1311/1740
f 3084/1314/1744 3085/1315/1746 3082/1312/1742
f 2950/1180/1601 3086/1316/1747 3087/1317/1748
f 3088/1318/1749 3089/1319/1750 3090/1320/1751
f 3091/1321/1752 3092/1322/1753 3093/1323/1754
f 3092/1322/1753 3091/1321/1752 3094/1324/1755
f 3091/1321/1752 2947/1177/1598 3094/1324/1755
f 3091/1321/1752 2948/1178/1599 2947/1177/1598
f 3095/1325/1756 3096/1326/1757 3097/1327/1758
f 3098/1328/1759 3097/1327/1758 3096/1326/1757
f 3099/1329/1760 3100/1330/1761 3101/1331/1762
f 3102/1332/1763 3103/1333/1764 3104/1334/1765
f 3105/1335/1766 3106/1336/1767 3107/1337/1768
f 3108/1338/1769 3107/1337/1768 3106/1336/1767
f 3109/1339/1770 3110/1340/1771 3105/1335/1766
f 3106/1336/1767 3105/1335/1766 3110/1340/1771
f 3106/1336/1767 3111/1341/1772 3108/1338/1769
f 3111/1341/1772 3112/1342/1773 3108/1338/1769
f 3111/1341/1772 3106/1336/1767 3113/1343/1774
f 3110/1340/1771 3113/1343/1774 3106/1336/1767
f 3112/1342/1773 3111/1341/1772 3114/1344/1775
f 3115/1345/1776 3111/1341/1772 3113/1343/1774
f 3114/1344/1775 3111/1341/1772 3115/1345/1776
f 3114/1344/1775 3116/1346/1777 3112/1342/1773
f 3117/1347/1778 3112/1342/1773 3116/1346/1777
f 3116/1346/1777 3118/1348/1779 3117/1347/1778
f 3119/1349/1780 3118/1348/1781 3120/1350/1782
f 3118/1348/1779 3116/1346/1777 3121/1351/1783
f 3116/1346/1777 3114/1344/1775 3122/1352/1784
f 3122/1352/1784 3121/1351/1783 3116/1346/1777
f 3121/1351/1783 3123/1353/1785 3118/1348/1779
f 3121/1351/1783 3122/1352/1784 3124/1354/1786
f 3123/1353/1785 3121/1351/1783 3125/1355/1787
f 3124/1354/1786 3125/1355/1787 3121/1351/1783
f 3126/1356/1788 3123/1353/1785 3125/1355/1787
f 3127/1357/1789 3128/1358/1790 3129/1359/1791
f 3129/1359/1791 3128/1358/1790 3130/1360/1792
f 3125/1355/1787 3131/1361/1793 3126/1356/1788
f 3125/1355/1787 3124/1354/1786 3132/1362/1794
f 3131/1361/1793 3125/1355/1787 3132/1362/1794
f 3132/1362/1794 3133/1363/1795 3131/1361/1793
f 3134/1364/1796 3131/1361/1793 3133/1363/1795
f 3135/1365/1797 3134/1364/1796 3133/1363/1795
f 3134/1364/1796 3135/1365/1797 3136/1366/1798
f 3137/1367/1787 3133/1363/1795 3132/1362/1794
f 3133/1363/1795 3137/1367/1787 3135/1365/1797
f 3138/1368/1799 3137/1367/1787 3132/1362/1794
f 3132/1362/1794 3124/1354/1786 3138/1368/1799
f 3139/1369/1800 3138/1368/1799 3124/1354/1786
f 3124/1354/1786 3122/1352/1784 3139/1369/1800
f 3137/1367/1787 3138/1368/1799 3140/1370/1801
f 3141/1371/1802 3139/1369/1800 3122/1352/1784
f 3122/1352/1784 3114/1344/1775 3141/1371/1802
f 3115/1345/1776 3141/1371/1802 3114/1344/1775
f 3138/1368/1799 3139/1369/1800 3142/1372/1803
f 3142/1372/1803 3140/1370/1801 3138/1368/1799
f 3139/1369/1800 3141/1371/1802 3143/1373/1804
f 3142/1372/1803 3139/1369/1800 3143/1373/1804
f 3141/1371/1802 3115/1345/1776 3144/1374/1805
f 3144/1374/1805 3143/1373/1804 3141/1371/1802
f 3145/1375/1806 3144/1374/1805 3115/1345/1776
f 3115/1345/1776 3113/1343/1774 3145/1375/1806
f 3143/1373/1804 3144/1374/1805 3146/1376/1807
f 3142/1372/1803 3143/1373/1804 3147/1377/1808
f 3146/1376/1807 3147/1377/1808 3143/1373/1804
f 3146/1376/1807 3144/1374/1805 3148/1378/1809
f 3144/1374/1805 3145/1375/1806 3148/1378/1809
f 3145/1375/1806 3113/1343/1774 3149/1379/1810
f 3113/1343/1774 3110/1340/1771 3149/1379/1810
f 3150/1380/1811 3148/1378/1809 3145/1375/1806
f 3145/1375/1806 3149/1379/1810 3150/1380/1811
f 3146/1376/1807 3148/1378/1809 3151/1381/1812
f 3150/1380/1811 3151/1381/1812 3148/1378/1809
f 3147/1377/1808 3146/1376/1807 3152/1382/1813
f 3152/1382/1813 3146/1376/1807 3151/1381/1812
f 3153/1383/1814 3142/1372/1803 3147/1377/1808
f 3153/1383/1814 3140/1370/1801 3142/1372/1803
f 3152/1382/1813 3154/1384/1815 3147/1377/1808
f 3147/1377/1808 3155/1385/1816 3153/1383/1814
f 3155/1385/1816 3147/1377/1808 3154/1384/1815
f 3140/1370/1801 3153/1383/1814 3156/1386/1817
f 3155/1385/1816 3156/1386/1817 3153/1383/1814
f 3156/1386/1817 3157/1387/1818 3140/1370/1801
f 3140/1370/1801 3157/1387/1818 3137/1367/1787
f 3157/1387/1818 3135/1365/1797 3137/1367/1787
f 3135/1365/1797 3157/1387/1818 3158/1388/1819
f 3158/1388/1819 3136/1366/1798 3135/1365/1797
f 3157/1387/1818 3156/1386/1817 3159/1389/1820
f 3159/1389/1820 3158/1388/1819 3157/1387/1818
f 3156/1386/1817 3155/1385/1816 3160/1390/1821
f 3160/1390/1821 3159/1389/1820 3156/1386/1817
f 3136/1366/1798 3158/1388/1819 2988/1218/1642
f 3158/1388/1819 2989/1219/1643 2988/1218/1642
f 3158/1388/1819 3159/1389/1820 3161/1391/1822
f 2989/1219/1643 3158/1388/1819 3161/1391/1822
f 3159/1389/1820 3160/1390/1821 3162/1392/1823
f 3162/1392/1823 3161/1391/1822 3159/1389/1820
f 3162/1392/1823 3160/1390/1821 3163/1393/1824
f 3161/1391/1822 3162/1392/1823 3164/1394/1825
f 3164/1394/1825 2989/1219/1643 3161/1391/1822
f 3164/1394/1825 3162/1392/1823 3165/1395/1826
f 3165/1395/1826 3162/1392/1823 3163/1393/1824
f 2989/1219/1643 3164/1394/1825 3166/1396/1827
f 3166/1396/1827 3164/1394/1825 2994/1224/1648
f 3163/1393/1824 2995/1225/1649 3165/1395/1826
f 2992/1222/1646 3166/1396/1827 2994/1224/1648
f 3163/1393/1824 3160/1390/1821 3167/1397/1828
f 3160/1390/1821 3155/1385/1816 3167/1397/1828
f 3155/1385/1816 3168/1398/1829 3167/1397/1828
f 3163/1393/1824 3167/1397/1828 3169/1399/1830
f 3169/1399/1830 3167/1397/1828 3168/1398/1829
f 3168/1398/1829 3155/1385/1816 3154/1384/1815
f 3169/1399/1830 3000/1230/1654 3163/1393/1824
f 2995/1225/1649 3163/1393/1824 3000/1230/1654
f 3169/1399/1830 3168/1398/1829 3170/1400/1831
f 3154/1384/1815 3171/1401/1832 3168/1398/1829
f 3171/1401/1832 3154/1384/1815 3152/1382/1813
f 3168/1398/1829 3172/1402/1833 3170/1400/1831
f 3172/1402/1833 3168/1398/1829 3171/1401/1832
f 3045/1275/1702 3169/1399/1830 3170/1400/1831
f 3046/1276/1703 3170/1400/1831 3172/1402/1833
f 3170/1400/1831 3046/1276/1703 3045/1275/1702
f 3172/1402/1833 3171/1401/1832 3173/1403/1834
f 3173/1403/1834 3046/1276/1703 3172/1402/1833
f 3171/1401/1832 3152/1382/1813 3174/1404/1835
f 3171/1401/1832 3174/1404/1835 3173/1403/1834
f 3152/1382/1813 3151/1381/1812 3174/1404/1835
f 3169/1399/1830 3045/1275/1702 3004/1234/1658
f 3004/1234/1658 3000/1230/1654 3169/1399/1830
f 3175/1405/1836 3173/1403/1834 3174/1404/1835
f 3174/1404/1835 3151/1381/1812 3175/1405/1836
f 3176/1406/1837 3177/1407/1838 3178/1408/1839
f 3177/1407/1838 3179/1409/1840 3178/1408/1839
f 3180/1410/1841 3181/1411/1842 3182/1412/1843
f 3183/1413/1844 3184/1414/1845 3185/1415/1846
f 3185/1415/1846 3070/1300/1727 3074/1304/1731
f 3070/1300/1727 3185/1415/1846 3184/1414/1845
f 3183/1413/1844 3186/1416/1847 3184/1414/1845
f 3070/1300/1727 3184/1414/1845 3186/1416/1847
f 3187/1417/1848 3188/1418/1849 3183/1413/1844
f 3186/1416/1847 3183/1413/1844 3188/1418/1849
f 3071/1301/1728 3070/1300/1727 3186/1416/1847
f 3188/1418/1849 3187/1417/1848 3189/1419/1850
f 3189/1419/1850 3187/1417/1848 3190/1420/1851
f 3189/1419/1850 3190/1420/1851 3191/1421/1852
f 3190/1420/1851 3192/1422/1853 3191/1421/1852
f 3186/1416/1847 3188/1418/1849 3193/1423/1854
f 3194/1424/1855 3195/1425/1856 3196/1426/1857
f 3196/1426/1857 3193/1423/1854 3194/1424/1855
f 3197/1427/1858 3120/1350/1782 3198/1428/1859
f 3199/1429/1860 3198/1428/1859 3120/1350/1782
f 3200/1430/1861 3201/1431/1862 3202/1432/1863
f 3203/1433/1864 3202/1432/1863 3201/1431/1862
f 3204/1434/1865 3205/1435/1866 3206/1436/1867
f 3207/1437/1868 3206/1436/1867 3205/1435/1866
f 3208/1438/1869 3204/1434/1865 3107/1337/1768
f 3206/1436/1867 3107/1337/1768 3204/1434/1865
f 3107/1337/1768 3108/1338/1769 3208/1438/1869
f 3108/1338/1769 3209/1439/1870 3208/1438/1869
f 3206/1436/1867 3207/1437/1868 3210/1440/1871
f 3209/1439/1870 3108/1338/1769 3112/1342/1773
f 3112/1342/1773 3117/1347/1778 3209/1439/1870
f 3210/1440/1871 3105/1335/1766 3206/1436/1867
f 3107/1337/1768 3206/1436/1867 3105/1335/1766
f 3211/1441/1872 3210/1440/1871 3207/1437/1868
f 3207/1437/1868 3212/1442/1873 3211/1441/1872
f 3105/1335/1766 3210/1440/1871 3109/1339/1770
f 3211/1441/1872 3109/1339/1770 3210/1440/1871
f 3151/1381/1812 3213/1443/1874 3175/1405/1836
f 3151/1381/1812 3150/1380/1811 3213/1443/1874
f 3173/1403/1834 3175/1405/1836 3049/1279/1706
f 3175/1405/1836 3213/1443/1874 3053/1283/1710
f 3053/1283/1710 3049/1279/1706 3175/1405/1836
f 3213/1443/1874 3150/1380/1811 3214/1444/1875
f 3213/1443/1874 3214/1444/1875 3053/1283/1710
f 3150/1380/1811 3215/1445/1876 3214/1444/1875
f 3150/1380/1811 3149/1379/1810 3215/1445/1876
f 3049/1279/1706 3047/1277/1704 3173/1403/1834
f 3046/1276/1703 3173/1403/1834 3047/1277/1704
f 3214/1444/1875 3215/1445/1876 3216/1446/1877
f 3216/1446/1877 3053/1283/1710 3214/1444/1875
f 3149/1379/1810 3217/1447/1878 3215/1445/1876
f 3149/1379/1810 3110/1340/1771 3217/1447/1878
f 3215/1445/1876 3218/1448/1879 3216/1446/1877
f 3215/1445/1876 3217/1447/1878 3218/1448/1879
f 3110/1340/1771 3219/1449/1880 3217/1447/1878
f 3110/1340/1771 3109/1339/1770 3219/1449/1880
f 3220/1450/1881 3217/1447/1878 3219/1449/1880
f 3217/1447/1878 3220/1450/1881 3218/1448/1879
f 3221/1451/1882 3219/1449/1880 3109/1339/1770
f 3109/1339/1770 3211/1441/1872 3221/1451/1882
f 3219/1449/1880 3222/1452/1883 3220/1450/1881
f 3219/1449/1880 3221/1451/1882 3222/1452/1883
f 3223/1453/1884 3221/1451/1882 3211/1441/1872
f 3223/1453/1884 3211/1441/1872 3212/1442/1873
f 3212/1442/1873 3224/1454/1885 3223/1453/1884
f 3221/1451/1882 3223/1453/1884 3225/1455/1886
f 3221/1451/1882 3225/1455/1886 3222/1452/1883
f 3226/1456/1887 3223/1453/1884 3224/1454/1885
f 3226/1456/1887 3225/1455/1886 3223/1453/1884
f 3222/1452/1883 3225/1455/1886 3227/1457/1888
f 3222/1452/1883 3227/1457/1888 3220/1450/1881
f 3225/1455/1886 3226/1456/1887 3228/1458/1889
f 3225/1455/1886 3229/1459/1890 3227/1457/1888
f 3229/1459/1890 3225/1455/1886 3228/1458/1889
f 3227/1457/1888 3230/1460/1891 3220/1450/1881
f 3227/1457/1888 3229/1459/1890 3230/1460/1891
f 3218/1448/1879 3220/1450/1881 3230/1460/1891
f 3228/1458/1889 3226/1456/1887 3231/1461/1892
f 3231/1461/1892 3229/1459/1890 3228/1458/1889
f 3232/1462/1893 3233/1463/1894 3234/1464/1895
f 3235/1465/1896 3234/1464/1895 3233/1463/1894
f 3234/1464/1895 3235/1465/1896 3236/1466/1897
f 3237/1467/1898 3236/1466/1897 3235/1465/1896
f 3236/1466/1897 3237/1467/1898 3238/1468/1899
f 3236/1466/1897 3239/1469/1900 3234/1464/1895
f 3231/1461/1892 3234/1464/1895 3239/1469/1900
f 3240/1470/1901 3241/1471/1902 3236/1466/1897
f 3239/1469/1900 3236/1466/1897 3241/1471/1902
f 3241/1471/1902 3240/1470/1901 3242/1472/1903
f 3240/1470/1901 3243/1473/1903 3242/1472/1903
f 3239/1469/1900 3241/1471/1902 3244/1474/1904
f 3241/1471/1902 3242/1472/1903 3244/1474/1904
f 3239/1469/1900 3245/1475/1905 3231/1461/1892
f 3245/1475/1905 3239/1469/1900 3244/1474/1904
f 3229/1459/1890 3231/1461/1892 3245/1475/1905
f 3242/1472/1903 3243/1473/1903 3246/1476/1906
f 3243/1473/1903 3247/1477/1907 3246/1476/1906
f 3244/1474/1904 3242/1472/1903 3248/1478/1908
f 3242/1472/1903 3246/1476/1906 3248/1478/1908
f 3244/1474/1904 3249/1479/1909 3245/1475/1905
f 3249/1479/1909 3244/1474/1904 3248/1478/1908
f 3245/1475/1905 3250/1480/1910 3229/1459/1890
f 3250/1480/1910 3245/1475/1905 3249/1479/1909
f 3229/1459/1890 3250/1480/1910 3230/1460/1891
f 3246/1476/1906 3247/1477/1907 3251/1481/1911
f 3251/1481/1911 3247/1477/1907 3252/1482/1912
f 3253/1483/1913 3251/1481/1911 3252/1482/1912
f 3254/1484/1914 3230/1460/1891 3250/1480/1910
f 3218/1448/1879 3230/1460/1891 3254/1484/1914
f 3251/1481/1911 3253/1483/1913 3255/1485/1915
f 3256/1486/1916 3218/1448/1879 3254/1484/1914
f 3254/1484/1914 3250/1480/1910 3257/1487/1917
f 3249/1479/1909 3257/1487/1917 3250/1480/1910
f 3256/1486/1916 3254/1484/1914 3257/1487/1917
f 3218/1448/1879 3256/1486/1916 3216/1446/1877
f 3257/1487/1917 3249/1479/1909 3258/1488/1918
f 3248/1478/1908 3258/1488/1918 3249/1479/1909
f 3256/1486/1916 3257/1487/1917 3259/1489/1919
f 3258/1488/1918 3259/1489/1919 3257/1487/1917
f 3256/1486/1916 3260/1490/1710 3216/1446/1877
f 3053/1283/1710 3216/1446/1877 3260/1490/1710
f 3260/1490/1710 3256/1486/1916 3261/1491/1920
f 3259/1489/1919 3261/1491/1920 3256/1486/1916
f 3053/1283/1710 3260/1490/1710 3054/1284/1711
f 3258/1488/1918 3248/1478/1908 3262/1492/1921
f 3248/1478/1908 3246/1476/1906 3262/1492/1921
f 3262/1492/1921 3246/1476/1906 3251/1481/1911
f 3262/1492/1921 3263/1493/1922 3258/1488/1918
f 3259/1489/1919 3258/1488/1918 3263/1493/1922
f 3262/1492/1921 3251/1481/1911 3264/1494/1923
f 3263/1493/1922 3262/1492/1921 3264/1494/1923
f 3264/1494/1923 3251/1481/1911 3255/1485/1915
f 3265/1495/1924 3264/1494/1923 3255/1485/1915
f 3255/1485/1915 3253/1483/1913 3265/1495/1924
f 3265/1495/1924 3253/1483/1913 3266/1496/1925
f 3267/1497/1926 3265/1495/1924 3266/1496/1925
f 3263/1493/1922 3264/1494/1923 3268/1498/1927
f 3264/1494/1923 3265/1495/1924 3268/1498/1927
f 3269/1499/1928 3263/1493/1922 3268/1498/1927
f 3259/1489/1919 3263/1493/1922 3269/1499/1928
f 3270/1500/1929 3259/1489/1919 3269/1499/1928
f 3261/1491/1920 3259/1489/1919 3270/1500/1929
f 3268/1498/1927 3271/1501/1930 3269/1499/1928
f 3270/1500/1929 3061/1291/1718 3261/1491/1920
f 3260/1490/1710 3261/1491/1920 3061/1291/1718
f 3269/1499/1928 3272/1502/1931 3270/1500/1929
f 3272/1502/1931 3269/1499/1928 3271/1501/1930
f 3061/1291/1718 3270/1500/1929 3272/1502/1931
f 3054/1284/1711 3260/1490/1710 3061/1291/1718
f 3271/1501/1930 3268/1498/1927 3273/1503/1932
f 3273/1503/1932 3268/1498/1927 3265/1495/1924
f 3274/1504/1933 3272/1502/1931 3271/1501/1930
f 3274/1504/1933 3271/1501/1930 3273/1503/1932
f 3061/1291/1718 3272/1502/1931 3062/1292/1719
f 3272/1502/1931 3274/1504/1933 3062/1292/1719
f 3061/1291/1718 3056/1286/1713 3054/1284/1711
f 3273/1503/1932 3265/1495/1924 3275/1505/1934
f 3265/1495/1924 3267/1497/1926 3275/1505/1934
f 3275/1505/1934 3276/1506/1935 3273/1503/1932
f 3274/1504/1933 3273/1503/1932 3276/1506/1935
f 3267/1497/1926 3277/1507/1936 3275/1505/1934
f 3276/1506/1935 3275/1505/1934 3277/1507/1936
f 3277/1507/1936 3267/1497/1926 3278/1508/1937
f 3277/1507/1936 3278/1508/1937 3279/1509/1938
f 3280/1510/1939 3277/1507/1936 3279/1509/1938
f 3276/1506/1935 3277/1507/1936 3280/1510/1939
f 3280/1510/1939 3279/1509/1938 3281/1511/1940
f 3282/1512/1941 3274/1504/1933 3276/1506/1935
f 3280/1510/1939 3282/1512/1941 3276/1506/1935
f 3281/1511/1940 3283/1513/1942 3280/1510/1939
f 3282/1512/1941 3280/1510/1939 3283/1513/1942
f 3283/1513/1942 3281/1511/1940 3284/1514/1943
f 3284/1514/1943 3285/1515/1944 3283/1513/1942
f 3285/1515/1944 3284/1514/1943 3286/1516/1945
f 3283/1513/1942 3287/1517/1946 3282/1512/1941
f 3287/1517/1946 3283/1513/1942 3285/1515/1944
f 3274/1504/1933 3282/1512/1941 3288/1518/1947
f 3288/1518/1947 3282/1512/1941 3287/1517/1946
f 3274/1504/1933 3288/1518/1947 3059/1289/1716
f 3059/1289/1716 3062/1292/1719 3274/1504/1933
f 3286/1516/1945 3289/1519/1948 3285/1515/1944
f 3289/1519/1948 3286/1516/1945 3290/1520/1949
f 3285/1515/1944 3291/1521/1950 3287/1517/1946
f 3291/1521/1950 3285/1515/1944 3289/1519/1948
f 3287/1517/1946 3292/1522/1951 3288/1518/1947
f 3292/1522/1951 3287/1517/1946 3291/1521/1950
f 3293/1523/1952 3288/1518/1947 3292/1522/1951
f 3288/1518/1947 3293/1523/1952 3059/1289/1716
f 3290/1520/1949 3294/1524/1953 3289/1519/1948
f 3294/1524/1953 3290/1520/1949 3295/1525/1954
f 3289/1519/1948 3296/1526/1955 3291/1521/1950
f 3296/1526/1955 3289/1519/1948 3294/1524/1953
f 3291/1521/1950 3297/1527/1956 3292/1522/1951
f 3297/1527/1956 3291/1521/1950 3296/1526/1955
f 3293/1523/1952 3292/1522/1951 3297/1527/1956
f 3295/1525/1954 3298/1528/1957 3294/1524/1953
f 3298/1528/1957 3295/1525/1954 3299/1529/1958
f 3294/1524/1953 3300/1530/1959 3296/1526/1955
f 3301/1531/1960 3294/1524/1953 3298/1528/1957
f 3299/1529/1958 3302/1532/1961 3298/1528/1957
f 3301/1531/1960 3298/1528/1957 3302/1532/1961
f 3299/1529/1958 3303/1533/1962 3302/1532/1961
f 3302/1532/1961 3304/1534/1963 3301/1531/1960
f 3304/1534/1963 3302/1532/1961 3303/1533/1962
f 3305/1535/1964 3296/1526/1955 3300/1530/1959
f 3296/1526/1955 3305/1535/1964 3297/1527/1956
f 3300/1530/1959 3306/1536/1965 3305/1535/1964
f 3301/1531/1960 3307/1537/1966 3306/1536/1965
f 3307/1537/1966 3301/1531/1960 3304/1534/1963
f 3308/1538/1967 3309/1539/1968 3310/1540/1969
f 3303/1533/1962 3311/1541/1970 3304/1534/1963
f 3310/1540/1969 3312/1542/1971 3308/1538/1967
f 3313/1543/1972 3308/1538/1967 3312/1542/1971
f 3314/1544/1973 3304/1534/1963 3311/1541/1970
f 3304/1534/1963 3315/1545/1974 3307/1537/1966
f 3316/1546/1975 3307/1537/1966 3315/1545/1974
f 3315/1545/1974 3192/1422/1853 3316/1546/1975
f 3192/1422/1853 3190/1420/1851 3316/1546/1975
f 3307/1537/1966 3316/1546/1975 3317/1547/1976
f 3317/1547/1976 3306/1536/1965 3307/1537/1966
f 3316/1546/1975 3318/1548/1977 3317/1547/1976
f 3318/1548/1977 3316/1546/1975 3190/1420/1851
f 3306/1536/1965 3317/1547/1976 3319/1549/1978
f 3318/1548/1977 3319/1549/1978 3317/1547/1976
f 3319/1549/1978 3305/1535/1964 3306/1536/1965
f 3319/1549/1978 3320/1550/1979 3305/1535/1964
f 3320/1550/1979 3297/1527/1956 3305/1535/1964
f 3297/1527/1956 3320/1550/1979 3293/1523/1952
f 3321/1551/1980 3320/1550/1979 3319/1549/1978
f 3319/1549/1978 3318/1548/1977 3321/1551/1980
f 3322/1552/1981 3293/1523/1952 3320/1550/1979
f 3320/1550/1979 3321/1551/1980 3322/1552/1981
f 3293/1523/1952 3322/1552/1981 3058/1288/1715
f 3058/1288/1715 3059/1289/1716 3293/1523/1952
f 3323/1553/1982 3322/1552/1981 3321/1551/1980
f 3323/1553/1982 3058/1288/1715 3322/1552/1981
f 3324/1554/1983 3321/1551/1980 3318/1548/1977
f 3321/1551/1980 3324/1554/1983 3323/1553/1982
f 3318/1548/1977 3325/1555/1984 3324/1554/1983
f 3190/1420/1851 3325/1555/1984 3318/1548/1977
f 3326/1556/1985 3324/1554/1983 3325/1555/1984
f 3058/1288/1715 3323/1553/1982 3327/1557/1986
f 3324/1554/1983 3328/1558/1987 3323/1553/1982
f 3328/1558/1987 3327/1557/1986 3323/1553/1982
f 3328/1558/1987 3324/1554/1983 3329/1559/1988
f 3326/1556/1985 3329/1559/1988 3324/1554/1983
f 3327/1557/1986 3328/1558/1987 3042/1272/1699
f 3327/1557/1986 3051/1281/1708 3058/1288/1715
f 3042/1272/1699 3051/1281/1708 3327/1557/1986
f 3329/1559/1988 3330/1560/1989 3328/1558/1987
f 3330/1560/1989 3042/1272/1699 3328/1558/1987
f 3326/1556/1985 3331/1561/1990 3329/1559/1988
f 3330/1560/1989 3329/1559/1988 3331/1561/1990
f 3331/1561/1990 3326/1556/1985 3185/1415/1846
f 3042/1272/1699 3330/1560/1989 3039/1269/1696
f 3078/1308/1735 3330/1560/1989 3331/1561/1990
f 3036/1266/1693 3039/1269/1696 3330/1560/1989
f 3330/1560/1989 3078/1308/1735 3036/1266/1693
f 3331/1561/1990 3074/1304/1731 3078/1308/1735
f 3074/1304/1731 3331/1561/1990 3185/1415/1846
f 3185/1415/1846 3326/1556/1985 3183/1413/1844
f 3187/1417/1848 3183/1413/1844 3326/1556/1985
f 3332/1562/1991 3333/1563/1992 3334/1564/1993
f 3335/1565/1994 3336/1566/1603 3337/1567/1607
f 3338/1568/1995 3339/1569/1996 3340/1570/1997
f 3341/1571/1998 3342/1572/1999 3343/1573/2000
f 3344/1574/2001 3342/1572/1999 3341/1571/1998
f 3342/1572/1999 3344/1574/2001 3345/1575/2002
f 3346/1576/2003 3347/1577/2004 3348/1578/2005
f 3349/1579/2006 3348/1578/2005 3347/1577/2004
f 3350/1580/2007 3351/1581/2008 3352/1582/2009
f 3351/1581/2008 3350/1580/2007 3353/1583/2010
f 3354/1584/2011 3355/1585/1676 3356/1586/2012
f 3357/1587/2013 3358/1588/2014 3359/1589/2015
f 3360/1590/2016 3361/1591/2017 3362/1592/2018
f 3363/1593/2019 3362/1592/2018 3361/1591/2017
f 3364/1594/2020 3365/1595/2021 3366/1596/2022
f 3367/1597/2023 3366/1596/2022 3365/1595/2021
f 3365/1595/2021 3364/1594/2020 3368/1598/2024
f 3367/1597/2025 3369/1599/2026 3370/1600/2027
f 3371/1601/2028 3368/1598/2024 3364/1594/2020
f 3364/1594/2020 3372/1602/2029 3371/1601/2028
f 3370/1600/2027 3369/1599/2026 3373/1603/2030
f 3374/1604/2031 3371/1601/2028 3372/1602/2029
f 3375/1605/1749 3373/1603/2030 3369/1599/2026
f 3374/1604/2032 3376/1606/2033 3377/1607/2034
f 3376/1606/2033 3378/1608/2035 3377/1607/2034
f 3379/1609/2036 3380/1610/2037 3381/1611/2038
f 3380/1610/2037 3382/1612/2039 3381/1611/2038
f 3382/1612/2039 3380/1610/2037 3383/1613/2040
f 3384/1614/2041 3383/1613/2042 3385/1615/2043
f 3385/1615/2043 3386/1616/2044 3384/1614/2041
f 3386/1616/2044 3385/1615/2043 3387/1617/2045
f 3388/1618/2046 3386/1616/2044 3387/1617/2045
f 3389/1619/2047 3390/1620/2048 3391/1621/2049
f 3390/1620/2048 3389/1619/2047 3392/1622/2050
f 3393/1623/2051 3394/1624/2052 3395/1625/2053
f 3396/1626/2054 3393/1623/2051 3395/1625/2053
f 3395/1625/2053 3397/1627/2055 3396/1626/2054
f 3398/1628/2056 3399/1629/2057 3400/1630/2058
f 3401/1631/2059 3402/1632/2060 3403/1633/2061
f 3404/1634/2062 3401/1631/2059 3403/1633/2061
f 3402/1632/2060 3405/1635/2063 3406/1636/2064
f 3406/1636/2064 3405/1635/2063 3407/1637/2065
f 3401/1631/2059 3408/1638/2066 3402/1632/2060
f 3405/1635/2063 3402/1632/2060 3408/1638/2066
f 3409/1639/2067 3401/1631/2059 3404/1634/2062
f 3410/1640/2068 3409/1639/2067 3404/1634/2062
f 3408/1638/2066 3401/1631/2059 3411/1641/2069
f 3409/1639/2067 3411/1641/2069 3401/1631/2059
f 3411/1641/2069 3412/1642/2070 3408/1638/2066
f 3408/1638/2066 3412/1642/2070 3405/1635/2063
f 3411/1641/2069 3409/1639/2067 3413/1643/2071
f 3409/1639/2067 3410/1640/2068 3414/1644/2072
f 3414/1644/2072 3413/1643/2071 3409/1639/2067
f 3415/1645/2073 3414/1644/2072 3410/1640/2068
f 3413/1643/2071 3416/1646/2074 3411/1641/2069
f 3412/1642/2070 3411/1641/2069 3416/1646/2074
f 3414/1644/2072 3415/1645/2073 3417/1647/2075
f 3417/1647/2075 3415/1645/2073 3418/1648/2076
f 3413/1643/2071 3414/1644/2072 3419/1649/2077
f 3417/1647/2075 3419/1649/2077 3414/1644/2072
f 3416/1646/2074 3413/1643/2071 3420/1650/2078
f 3419/1649/2077 3420/1650/2078 3413/1643/2071
f 3421/1651/2079 3417/1647/2075 3418/1648/2076
f 3418/1648/2076 3422/1652/2080 3421/1651/2079
f 3419/1649/2077 3417/1647/2075 3423/1653/2081
f 3423/1653/2081 3417/1647/2075 3421/1651/2079
f 3420/1650/2078 3419/1649/2077 3424/1654/2082
f 3423/1653/2081 3424/1654/2082 3419/1649/2077
f 3425/1655/2083 3421/1651/2079 3422/1652/2080
f 3425/1655/2083 3423/1653/2081 3421/1651/2079
f 3426/1656/2084 3425/1655/2083 3422/1652/2080
f 3427/1657/2085 3423/1653/2081 3425/1655/2083
f 3424/1654/2082 3423/1653/2081 3427/1657/2085
f 3428/1658/2086 3425/1655/2083 3426/1656/2084
f 3428/1658/2086 3427/1657/2085 3425/1655/2083
f 3429/1659/2087 3430/1660/2088 3431/1661/2089
f 3432/1662/2090 3428/1658/2086 3426/1656/2084
f 3427/1657/2085 3433/1663/2091 3424/1654/2082
f 3434/1664/2092 3427/1657/2085 3428/1658/2086
f 3434/1664/2092 3433/1663/2091 3427/1657/2085
f 3435/1665/2093 3428/1658/2086 3432/1662/2090
f 3428/1658/2086 3435/1665/2093 3434/1664/2092
f 3436/1666/2094 3435/1665/2093 3432/1662/2090
f 3437/1667/2095 3435/1665/2093 3436/1666/2094
f 3437/1667/2095 3434/1664/2092 3435/1665/2093
f 3436/1666/2094 3430/1660/2088 3438/1668/2096
f 3430/1660/2088 3429/1659/2087 3439/1669/2097
f 3439/1669/2097 3438/1668/2096 3430/1660/2088
f 3438/1668/2096 3440/1670/2098 3436/1666/2094
f 3440/1670/2098 3437/1667/2095 3436/1666/2094
f 3440/1670/2098 3438/1668/2096 3441/1671/2099
f 3442/1672/2100 3443/1673/2101 3444/1674/2102
f 3445/1675/2103 3444/1674/2102 3443/1673/2101
f 3441/1671/2099 3442/1672/2104 3446/1676/2105
f 3447/1677/2106 3448/1678/2107 3449/1679/2108
f 3448/1678/2107 3450/1680/2109 3449/1679/2108
f 3450/1680/2109 3451/1681/2110 3449/1679/2108
f 3450/1680/2109 3452/1682/2111 3451/1681/2110
f 3453/1683/2112 3454/1684/2113 3455/1685/2114
f 3451/1681/2110 3455/1685/2114 3454/1684/2113
f 3451/1681/2110 3456/1686/2115 3455/1685/2114
f 3456/1686/2115 3452/1682/2116 3457/1687/2117
f 3456/1686/2115 3458/1688/2118 3455/1685/2114
f 3453/1683/2112 3455/1685/2114 3458/1688/2118
f 3457/1687/2117 3459/1689/2119 3456/1686/2115
f 3456/1686/2115 3459/1689/2119 3458/1688/2118
f 3458/1688/2118 3460/1690/2120 3453/1683/2112
f 3461/1691/2121 3453/1683/2112 3460/1690/2120
f 3459/1689/2119 3462/1692/2122 3458/1688/2118
f 3462/1692/2122 3460/1690/2120 3458/1688/2118
f 3460/1690/2120 3463/1693/2123 3461/1691/2121
f 3464/1694/2124 3461/1691/2121 3463/1693/2123
f 3460/1690/2120 3462/1692/2122 3465/1695/2125
f 3465/1695/2125 3463/1693/2123 3460/1690/2120
f 3466/1696/2126 3464/1694/2124 3463/1693/2123
f 3463/1693/2123 3465/1695/2125 3466/1696/2126
f 3464/1694/2124 3466/1696/2126 3467/1697/2127
f 3467/1697/2127 3468/1698/2128 3464/1694/2124
f 3469/1699/1744 3466/1696/2126 3465/1695/2125
f 3468/1698/2128 3467/1697/2127 3470/1700/2129
f 3471/1701/2130 3468/1698/2128 3470/1700/2129
f 3472/1702/2131 3467/1697/2127 3466/1696/2126
f 3466/1696/2126 3469/1699/1744 3472/1702/2131
f 3473/1703/2132 3470/1700/2129 3467/1697/2127
f 3467/1697/2127 3472/1702/2131 3473/1703/2132
f 3470/1700/2129 3474/1704/304 3471/1701/2130
f 3471/1701/2130 3474/1704/304 3475/1705/2133
f 3474/1704/304 3476/1706/2134 3475/1705/2133
f 3476/1706/2134 3474/1704/304 3477/1707/1724
f 3474/1704/304 3470/1700/2129 3478/1708/2135
f 3470/1700/2129 3473/1703/2132 3478/1708/2135
f 3478/1708/2135 3477/1707/1724 3474/1704/304
f 3473/1703/2132 3472/1702/2131 3479/1709/2136
f 3480/1710/2137 3481/1711/2138 3478/1708/2135
f 3477/1707/1724 3478/1708/2135 3481/1711/2138
f 3480/1710/2137 3479/1709/2139 3482/1712/2140
f 3483/1713/2141 3484/1714/2142 3477/1707/1724
f 3481/1711/2138 3480/1710/2137 3485/1715/1729
f 3482/1712/2140 3485/1715/1729 3480/1710/2137
f 3486/1716/2143 3487/1717/2144 3488/1718/2145
f 3486/1716/2143 3488/1718/2145 3489/1719/2146
f 3358/1588/2147 3489/1719/1737 3490/1720/1739
f 3472/1702/2131 3491/1721/1742 3479/1709/2136
f 3358/1588/2147 3490/1720/1739 3492/1722/1745
f 3492/1722/1683 3491/1721/1742 3493/1723/2148
f 3493/1723/2148 3469/1699/1744 3494/1724/2149
f 3465/1695/2125 3494/1724/2149 3469/1699/1744
f 3494/1724/2149 3465/1695/2125 3462/1692/2122
f 3495/1725/2150 3493/1723/2148 3494/1724/2149
f 3495/1725/2150 3492/1722/1683 3493/1723/2148
f 3496/1726/2151 3494/1724/2149 3462/1692/2122
f 3496/1726/2151 3495/1725/2150 3494/1724/2149
f 3462/1692/2122 3459/1689/2119 3496/1726/2151
f 3497/1727/2152 3496/1726/2151 3459/1689/2119
f 3459/1689/2119 3457/1687/2117 3497/1727/2152
f 3495/1725/2150 3498/1728/2153 3499/1729/2154
f 3499/1729/1601 3356/1586/2012 3500/1730/2155
f 3373/1603/2030 3501/1731/2156 3502/1732/2157
f 3373/1603/2030 3375/1605/1749 3501/1731/2156
f 3503/1733/1753 3502/1732/2157 3501/1731/2156
f 3501/1731/2156 3504/1734/2158 3503/1733/1753
f 3446/1676/2105 3505/1735/2159 3441/1671/2099
f 3506/1736/2160 3507/1737/2161 3446/1676/2105
f 3505/1735/2159 3446/1676/2105 3507/1737/2161
f 3507/1737/2161 3508/1738/2162 3505/1735/2159
f 3509/1739/2163 3441/1671/2099 3505/1735/2159
f 3441/1671/2099 3509/1739/2163 3440/1670/2098
f 3508/1738/2162 3510/1740/2164 3505/1735/2159
f 3510/1740/2164 3509/1739/2163 3505/1735/2159
f 3511/1741/2165 3510/1740/2164 3508/1738/2162
f 3510/1740/2164 3511/1741/2165 3447/1677/2106
f 3448/1678/2107 3447/1677/2106 3511/1741/2165
f 3342/1572/1999 3345/1575/2002 3512/1742/2166
f 3512/1742/2166 3431/1661/2089 3513/1743/2167
f 3431/1661/2089 3512/1742/2166 3429/1659/2087
f 3513/1743/2167 3422/1652/2080 3514/1744/2168
f 3431/1661/2089 3422/1652/2080 3513/1743/2167
f 3514/1744/2169 3515/1745/2170 3343/1573/2000
f 3422/1652/2080 3418/1648/2076 3514/1744/2168
f 3516/1746/2171 3517/1747/2172 3518/1748/2173
f 3519/1749/2174 3518/1748/2173 3517/1747/2172
f 3519/1749/2174 3517/1747/2172 3415/1645/2175
f 3518/1748/2173 3519/1749/2174 3520/1750/2176
f 3521/1751/2177 3520/1750/2176 3519/1749/2174
f 3410/1640/2068 3404/1634/2062 3521/1751/2178
f 3404/1634/2062 3522/1752/2179 3521/1751/2178
f 3523/1753/2180 3524/1754/2181 3525/1755/2182
f 3526/1756/2183 3525/1755/2182 3524/1754/2181
f 3527/1757/2184 3528/1758/2185 3529/1759/2186
f 3529/1759/2186 3530/1760/2187 3531/1761/2188
f 3531/1761/2188 3530/1760/2187 3532/1762/2189
f 3533/1763/2190 3529/1759/2186 3531/1761/2188
f 3527/1757/2184 3529/1759/2186 3533/1763/2190
f 3534/1764/2191 3531/1761/2188 3532/1762/2189
f 3534/1764/2191 3532/1762/2189 3535/1765/2192
f 3536/1766/2193 3533/1763/2190 3531/1761/2188
f 3536/1766/2193 3531/1761/2188 3534/1764/2191
f 3537/1767/2194 3534/1764/2191 3535/1765/2192
f 3538/1768/2195 3533/1763/2190 3536/1766/2193
f 3538/1768/2195 3527/1757/2184 3533/1763/2190
f 3535/1765/2192 3539/1769/2196 3537/1767/2194
f 3534/1764/2191 3537/1767/2194 3540/1770/2197
f 3540/1770/2197 3536/1766/2193 3534/1764/2191
f 3539/1769/2196 3541/1771/2198 3537/1767/2194
f 3537/1767/2194 3542/1772/2199 3540/1770/2197
f 3542/1772/2199 3537/1767/2194 3541/1771/2198
f 3541/1771/2198 3416/1646/2074 3542/1772/2199
f 3420/1650/2078 3542/1772/2199 3416/1646/2074
f 3416/1646/2074 3541/1771/2198 3412/1642/2070
f 3542/1772/2199 3420/1650/2078 3543/1773/2200
f 3543/1773/2200 3540/1770/2197 3542/1772/2199
f 3424/1654/2082 3543/1773/2200 3420/1650/2078
f 3433/1663/2091 3543/1773/2200 3424/1654/2082
f 3540/1770/2197 3543/1773/2200 3544/1774/2201
f 3544/1774/2201 3543/1773/2200 3433/1663/2091
f 3536/1766/2193 3540/1770/2197 3544/1774/2201
f 3545/1775/2202 3412/1642/2070 3541/1771/2198
f 3541/1771/2198 3539/1769/2196 3545/1775/2202
f 3433/1663/2091 3546/1776/2203 3544/1774/2201
f 3546/1776/2203 3536/1766/2193 3544/1774/2201
f 3433/1663/2091 3547/1777/2204 3546/1776/2203
f 3547/1777/2204 3433/1663/2091 3434/1664/2092
f 3536/1766/2193 3546/1776/2203 3548/1778/2205
f 3547/1777/2204 3548/1778/2205 3546/1776/2203
f 3548/1778/2205 3538/1768/2195 3536/1766/2193
f 3434/1664/2092 3437/1667/2095 3547/1777/2204
f 3549/1779/2206 3538/1768/2195 3548/1778/2205
f 3549/1779/2206 3527/1757/2184 3538/1768/2195
f 3548/1778/2205 3547/1777/2204 3550/1780/2207
f 3550/1780/2207 3549/1779/2206 3548/1778/2205
f 3437/1667/2095 3550/1780/2207 3547/1777/2204
f 3550/1780/2207 3437/1667/2095 3551/1781/2208
f 3440/1670/2098 3551/1781/2208 3437/1667/2095
f 3551/1781/2208 3440/1670/2098 3509/1739/2163
f 3551/1781/2208 3552/1782/2209 3550/1780/2207
f 3552/1782/2209 3549/1779/2206 3550/1780/2207
f 3509/1739/2163 3553/1783/2210 3551/1781/2208
f 3553/1783/2210 3552/1782/2209 3551/1781/2208
f 3510/1740/2164 3553/1783/2210 3509/1739/2163
f 3552/1782/2209 3554/1784/2211 3549/1779/2206
f 3527/1757/2184 3549/1779/2206 3554/1784/2211
f 3553/1783/2210 3555/1785/2212 3552/1782/2209
f 3552/1782/2209 3555/1785/2212 3554/1784/2211
f 3510/1740/2164 3556/1786/2213 3553/1783/2210
f 3553/1783/2210 3556/1786/2213 3555/1785/2212
f 3554/1784/2211 3557/1787/2214 3527/1757/2184
f 3557/1787/2214 3528/1758/2185 3527/1757/2184
f 3558/1788/2215 3554/1784/2211 3555/1785/2212
f 3554/1784/2211 3558/1788/2215 3557/1787/2214
f 3454/1684/2113 3555/1785/2212 3556/1786/2213
f 3555/1785/2212 3454/1684/2113 3558/1788/2215
f 3557/1787/2214 3461/1691/2121 3528/1758/2185
f 3557/1787/2214 3558/1788/2215 3453/1683/2112
f 3453/1683/2112 3461/1691/2121 3557/1787/2214
f 3454/1684/2113 3453/1683/2112 3558/1788/2215
f 3559/1789/2216 3560/1790/2217 3561/1791/2218
f 3562/1792/2219 3561/1791/2218 3560/1790/2217
f 3561/1791/2218 3562/1792/2219 3563/1793/2220
f 3562/1792/2219 3560/1790/2217 3564/1794/2221
f 3565/1795/2222 3563/1793/2220 3566/1796/1855
f 3566/1796/1855 3563/1793/2220 3562/1792/2219
f 3567/1797/2223 3562/1792/2219 3564/1794/2221
f 3567/1797/2223 3566/1796/1855 3562/1792/2219
f 3567/1797/2223 3564/1794/2221 3568/1798/2224
f 3569/1799/1854 3565/1795/2222 3566/1796/1855
f 3570/1800/2225 3567/1797/2223 3568/1798/2224
f 3571/1801/2226 3567/1797/2223 3570/1800/2225
f 3568/1798/2224 3572/1802/2227 3570/1800/2225
f 3572/1802/2227 3568/1798/2224 3573/1803/2228
f 3574/1804/2229 3571/1801/2226 3570/1800/2225
f 3574/1804/2229 3570/1800/2225 3572/1802/2227
f 3477/1707/1724 3575/1805/1847 3569/1799/1854
f 3575/1805/1847 3477/1707/1724 3484/1714/2142
f 3569/1799/1854 3571/1801/2226 3476/1706/2134
f 3477/1707/1724 3569/1799/1854 3476/1706/2134
f 3475/1705/2133 3571/1801/2226 3574/1804/2229
f 3571/1801/2226 3475/1705/2133 3476/1706/2134
f 3576/1806/2230 3574/1804/2229 3572/1802/2227
f 3475/1705/2133 3574/1804/2229 3576/1806/2230
f 3572/1802/2227 3573/1803/2228 3577/1807/2231
f 3578/1808/2232 3572/1802/2227 3577/1807/2231
f 3579/1809/2233 3576/1806/2230 3572/1802/2227
f 3579/1809/2233 3572/1802/2227 3578/1808/2232
f 3577/1807/2231 3580/1810/2234 3578/1808/2232
f 3580/1810/2234 3579/1809/2233 3578/1808/2232
f 3580/1810/2234 3577/1807/2231 3581/1811/2235
f 3581/1811/2235 3577/1807/2231 3582/1812/2236
f 3581/1811/2235 3582/1812/2236 3583/1813/2237
f 3580/1810/2234 3581/1811/2235 3584/1814/2238
f 3584/1814/2238 3581/1811/2235 3583/1813/2237
f 3579/1809/2233 3580/1810/2234 3585/1815/2239
f 3583/1813/2237 3586/1816/2240 3584/1814/2238
f 3586/1816/2240 3583/1813/2237 3587/1817/2241
f 3588/1818/2242 3580/1810/2234 3584/1814/2238
f 3585/1815/2239 3580/1810/2234 3588/1818/2242
f 3589/1819/2243 3584/1814/2238 3586/1816/2240
f 3584/1814/2238 3589/1819/2243 3588/1818/2242
f 3590/1820/2244 3586/1816/2240 3587/1817/2241
f 3590/1820/2244 3589/1819/2243 3586/1816/2240
f 3590/1820/2244 3587/1817/2241 3591/1821/2245
f 3592/1822/2246 3590/1820/2244 3591/1821/2245
f 3589/1819/2243 3590/1820/2244 3593/1823/2247
f 3590/1820/2244 3592/1822/2246 3594/1824/2248
f 3594/1824/2248 3593/1823/2247 3590/1820/2244
f 3589/1819/2243 3593/1823/2247 3595/1825/2247
f 3596/1826/2249 3594/1824/2248 3592/1822/2246
f 3597/1827/2250 3589/1819/2243 3595/1825/2247
f 3597/1827/2250 3588/1818/2242 3589/1819/2243
f 3539/1769/2196 3595/1825/2247 3593/1823/2247
f 3588/1818/2242 3597/1827/2250 3598/1828/2251
f 3598/1828/2251 3585/1815/2239 3588/1818/2242
f 3535/1765/2192 3597/1827/2250 3595/1825/2247
f 3539/1769/2196 3535/1765/2192 3595/1825/2247
f 3532/1762/2189 3598/1828/2251 3597/1827/2250
f 3535/1765/2192 3532/1762/2189 3597/1827/2250
f 3599/1829/2252 3585/1815/2239 3598/1828/2251
f 3598/1828/2251 3532/1762/2189 3599/1829/2252
f 3585/1815/2239 3599/1829/2252 3600/1830/2253
f 3530/1760/2187 3599/1829/2252 3532/1762/2189
f 3530/1760/2187 3600/1830/2253 3599/1829/2252
f 3601/1831/2254 3585/1815/2239 3600/1830/2253
f 3585/1815/2239 3601/1831/2254 3579/1809/2233
f 3601/1831/2254 3576/1806/2230 3579/1809/2233
f 3602/1832/2255 3601/1831/2254 3600/1830/2253
f 3600/1830/2253 3530/1760/2187 3602/1832/2255
f 3601/1831/2254 3603/1833/2256 3576/1806/2230
f 3603/1833/2256 3475/1705/2133 3576/1806/2230
f 3601/1831/2254 3602/1832/2255 3604/1834/2257
f 3604/1834/2257 3603/1833/2256 3601/1831/2254
f 3605/1835/2258 3475/1705/2133 3603/1833/2256
f 3603/1833/2256 3604/1834/2257 3605/1835/2258
f 3475/1705/2133 3605/1835/2258 3471/1701/2130
f 3468/1698/2128 3605/1835/2258 3604/1834/2257
f 3468/1698/2128 3471/1701/2130 3605/1835/2258
f 3606/1836/2259 3604/1834/2257 3602/1832/2255
f 3606/1836/2259 3468/1698/2128 3604/1834/2257
f 3602/1832/2255 3607/1837/2260 3606/1836/2259
f 3607/1837/2260 3602/1832/2255 3530/1760/2187
f 3464/1694/2124 3468/1698/2128 3606/1836/2259
f 3608/1838/2261 3606/1836/2259 3607/1837/2260
f 3606/1836/2259 3608/1838/2261 3464/1694/2124
f 3529/1759/2186 3607/1837/2260 3530/1760/2187
f 3607/1837/2260 3528/1758/2185 3608/1838/2261
f 3528/1758/2185 3607/1837/2260 3529/1759/2186
f 3461/1691/2121 3608/1838/2261 3528/1758/2185
f 3461/1691/2121 3464/1694/2124 3608/1838/2261
f 3609/1839/2262 3610/1840/2263 3611/1841/2264
f 3612/1842/2265 3610/1840/2263 3609/1839/2262
f 3610/1840/2263 3613/1843/2266 3614/1844/2267
f 3615/1845/2268 3614/1844/2267 3613/1843/2266
f 3613/1843/2266 3616/1846/2269 3615/1845/2268
f 3617/1847/2270 3615/1845/2268 3616/1846/2269
f 3618/1848/2271 3619/1849/2272 3620/1850/2273
f 3620/1850/2273 3619/1849/2272 3522/1752/2179
f 3621/1851/2274 3618/1848/2271 3622/1852/2275
f 3620/1850/2273 3622/1852/2275 3618/1848/2271
f 3616/1846/2269 3621/1851/2276 3407/1637/2065
f 3403/1633/2061 3620/1850/2273 3522/1752/2179
f 3522/1752/2179 3404/1634/2062 3403/1633/2061
f 3620/1850/2273 3402/1632/2060 3622/1852/2275
f 3402/1632/2060 3620/1850/2273 3403/1633/2061
f 3406/1636/2064 3407/1637/2065 3621/1851/2276
f 3623/1853/2277 3624/1854/1960 3625/1855/1959
f 3626/1856/2278 3627/1857/2279 3628/1858/2280
f 3629/1859/2281 3625/1855/1959 3624/1854/1960
f 3628/1858/2280 3630/1860/2282 3626/1856/2278
f 3631/1861/2283 3632/1862/2284 3633/1863/2285
f 3634/1864/2286 3626/1856/2278 3630/1860/2282
f 3626/1856/2278 3634/1864/2286 3635/1865/2287
f 3630/1860/2282 3636/1866/2288 3634/1864/2286
f 3633/1863/2285 3637/1867/2289 3631/1861/2283
f 3637/1867/2289 3633/1863/2285 3638/1868/2290
f 3631/1861/2283 3639/1869/2291 3636/1866/2288
f 3639/1869/2291 3631/1861/2283 3637/1867/2289
f 3640/1870/2292 3634/1864/2286 3636/1866/2288
f 3641/1871/2293 3636/1866/2288 3639/1869/2291
f 3636/1866/2288 3641/1871/2293 3640/1870/2292
f 3637/1867/2289 3642/1872/2294 3639/1869/2291
f 3641/1871/2293 3639/1869/2291 3642/1872/2294
f 3638/1868/2290 3643/1873/2295 3637/1867/2289
f 3642/1872/2294 3637/1867/2289 3643/1873/2295
f 3643/1873/2295 3638/1868/2290 3644/1874/2296
f 3644/1874/2296 3645/1875/2297 3643/1873/2295
f 3642/1872/2294 3643/1873/2295 3645/1875/2297
f 3645/1875/2297 3644/1874/2296 3646/1876/2298
f 3647/1877/2299 3642/1872/2294 3645/1875/2297
f 3648/1878/2300 3642/1872/2294 3647/1877/2299
f 3648/1878/2300 3641/1871/2293 3642/1872/2294
f 3649/1879/2301 3648/1878/2300 3647/1877/2299
f 3650/1880/2302 3641/1871/2293 3648/1878/2300
f 3650/1880/2302 3640/1870/2292 3641/1871/2293
f 3651/1881/2303 3648/1878/2300 3649/1879/2301
f 3651/1881/2303 3650/1880/2302 3648/1878/2300
f 3582/1812/2236 3651/1881/2303 3649/1879/2301
f 3640/1870/2292 3650/1880/2302 3652/1882/2304
f 3577/1807/2231 3651/1881/2303 3582/1812/2236
f 3573/1803/2228 3650/1880/2302 3651/1881/2303
f 3577/1807/2231 3573/1803/2228 3651/1881/2303
f 3573/1803/2228 3652/1882/2304 3650/1880/2302
f 3652/1882/2304 3653/1883/2305 3640/1870/2292
f 3634/1864/2286 3640/1870/2292 3653/1883/2305
f 3653/1883/2305 3635/1865/2287 3634/1864/2286
f 3635/1865/2287 3653/1883/2305 3654/1884/1973
f 3653/1883/2305 3652/1882/2304 3655/1885/2306
f 3655/1885/2306 3654/1884/1973 3653/1883/2305
f 3652/1882/2304 3573/1803/2228 3568/1798/2224
f 3568/1798/2224 3655/1885/2306 3652/1882/2304
f 3656/1886/2307 3654/1884/1973 3657/1887/1974
f 3654/1884/1973 3655/1885/2306 3658/1888/2308
f 3658/1888/2308 3657/1887/1974 3654/1884/1973
f 3564/1794/2221 3658/1888/2308 3655/1885/2306
f 3655/1885/2306 3568/1798/2224 3564/1794/2221
f 3657/1887/1974 3658/1888/2308 3559/1789/2216
f 3560/1790/2217 3559/1789/2216 3658/1888/2308
f 3658/1888/2308 3564/1794/2221 3560/1790/2217
f 3659/1889/2309 3660/1890/1851 3661/1891/1848
f 3662/1892/2310 3659/1889/2309 3661/1891/1848
f 3663/1893/2311 3664/1894/2312 3665/1895/2313
f 3666/1896/2314 3667/1897/2315 3668/1898/2316
f 3665/1895/2317 3617/1847/2270 3667/1897/2315
f 3616/1846/2269 3667/1897/2315 3617/1847/2270
f 3669/1899/2318 3665/1895/2313 3664/1894/2312
f 3616/1846/2269 3670/1900/2319 3667/1897/2315
f 3670/1900/2319 3668/1898/2316 3667/1897/2315
f 3407/1637/2065 3670/1900/2319 3616/1846/2269
f 3670/1900/2319 3671/1901/2320 3668/1898/2316
f 3407/1637/2065 3672/1902/2321 3670/1900/2319
f 3671/1901/2320 3670/1900/2319 3672/1902/2321
f 3673/1903/2322 3545/1775/2202 3674/1904/2323
f 3412/1642/2070 3545/1775/2202 3673/1903/2322
f 3412/1642/2070 3673/1903/2322 3405/1635/2063
f 3674/1904/2323 3405/1635/2063 3673/1903/2322
f 3405/1635/2063 3674/1904/2323 3675/1905/2324
f 3405/1635/2063 3675/1905/2324 3407/1637/2065
f 3672/1902/2321 3407/1637/2065 3675/1905/2324
f 3675/1905/2324 3674/1904/2323 3672/1902/2321
f 3545/1775/2202 3676/1906/2325 3674/1904/2323
f 3545/1775/2202 3677/1907/2326 3676/1906/2325
f 3677/1907/2326 3545/1775/2202 3539/1769/2196
f 3539/1769/2196 3593/1823/2247 3677/1907/2326
f 3593/1823/2247 3594/1824/2248 3677/1907/2326
f 3676/1906/2325 3677/1907/2326 3594/1824/2248
f 3676/1906/2325 3594/1824/2248 3596/1826/2249
f 3674/1904/2323 3676/1906/2325 3596/1826/2249
f 3674/1904/2323 3596/1826/2249 3678/1908/2327
f 3674/1904/2323 3678/1908/2327 3672/1902/2321
f 3678/1908/2327 3596/1826/2249 3679/1909/2328
f 3596/1826/2249 3592/1822/2246 3679/1909/2328
f 3679/1909/2328 3592/1822/2246 3680/1910/2329
f 3678/1908/2327 3679/1909/2328 3681/1911/2330
f 3681/1911/2330 3672/1902/2321 3678/1908/2327
f 3679/1909/2328 3680/1910/2329 3682/1912/2331
f 3681/1911/2330 3679/1909/2328 3682/1912/2331
f 3682/1912/2331 3680/1910/2329 3683/1913/2329
f 3682/1912/2331 3683/1913/2329 3684/1914/2332
f 3681/1911/2330 3682/1912/2331 3685/1915/2333
f 3685/1915/2333 3682/1912/2331 3684/1914/2332
f 3684/1914/2332 3683/1913/2329 3686/1916/2334
f 3672/1902/2321 3681/1911/2330 3671/1901/2320
f 3685/1915/2333 3671/1901/2320 3681/1911/2330
f 3687/1917/2335 3686/1916/2334 3688/1918/2336
f 3686/1916/2334 3687/1917/2335 3689/1919/2337
f 3684/1914/2332 3686/1916/2334 3689/1919/2337
f 3690/1920/2338 3689/1919/2337 3687/1917/2335
f 3689/1919/2337 3690/1920/2338 3691/1921/2339
f 3691/1921/2339 3684/1914/2332 3689/1919/2337
f 3691/1921/2339 3690/1920/2338 3692/1922/2340
f 3685/1915/2333 3684/1914/2332 3693/1923/2341
f 3684/1914/2332 3691/1921/2339 3693/1923/2341
f 3693/1923/2341 3691/1921/2339 3694/1924/2342
f 3692/1922/2340 3694/1924/2342 3691/1921/2339
f 3685/1915/2333 3693/1923/2341 3695/1925/2343
f 3694/1924/2342 3695/1925/2343 3693/1923/2341
f 3696/1926/2344 3685/1915/2333 3695/1925/2343
f 3671/1901/2320 3685/1915/2333 3696/1926/2344
f 3695/1925/2343 3697/1927/2345 3696/1926/2344
f 3671/1901/2320 3696/1926/2344 3697/1927/2345
f 3694/1924/2342 3698/1928/2346 3695/1925/2343
f 3697/1927/2345 3695/1925/2343 3698/1928/2346
f 3692/1922/2340 3699/1929/2347 3694/1924/2342
f 3698/1928/2346 3694/1924/2342 3699/1929/2347
f 3699/1929/2347 3692/1922/2340 3700/1930/1215
f 3699/1929/2347 3700/1930/1215 3701/1931/2348
f 3701/1931/2348 3698/1928/2346 3699/1929/2347
f 3702/1932/2349 3701/1931/2348 3703/1933/2350
f 3698/1928/2346 3701/1931/2348 3704/1934/2351
f 3697/1927/2345 3698/1928/2346 3704/1934/2351
f 3704/1934/2351 3705/1935/2352 3663/1893/2353
f 3666/1896/2314 3704/1934/2351 3663/1893/2353
f 3704/1934/2351 3666/1896/2314 3697/1927/2345
f 3668/1898/2316 3697/1927/2345 3666/1896/2314
f 3668/1898/2316 3671/1901/2320 3697/1927/2345
f 3706/1936/2354 3707/1937/2355 3708/1938/2356
f 3707/1937/2355 3709/1939/2357 3710/1940/2358
f 3710/1940/2358 3708/1938/2356 3707/1937/2355
f 3708/1938/2356 3711/1941/2359 3706/1936/2354
f 3712/1942/2360 3706/1936/2354 3711/1941/2359
f 3708/1938/2356 3710/1940/2358 3713/1943/2361
f 3714/1944/2362 3712/1942/2360 3715/1945/2363
f 3711/1941/2359 3708/1938/2356 3716/1946/2364
f 3713/1943/2361 3716/1946/2364 3708/1938/2356
f 3711/1941/2359 3717/1947/2365 3712/1942/2360
f 3712/1942/2360 3717/1947/2365 3715/1945/2363
f 3716/1946/2364 3718/1948/2366 3711/1941/2359
f 3717/1947/2365 3711/1941/2359 3718/1948/2366
f 3716/1946/2364 3713/1943/2361 3719/1949/2367
f 3717/1947/2365 3720/1950/2368 3715/1945/2363
f 3718/1948/2366 3716/1946/2364 3721/1951/2369
f 3719/1949/2367 3721/1951/2369 3716/1946/2364
f 3718/1948/2366 3722/1952/2370 3717/1947/2365
f 3720/1950/2368 3717/1947/2365 3722/1952/2370
f 3723/1953/2371 3715/1945/2363 3720/1950/2368
f 3722/1952/2370 3718/1948/2366 3724/1954/2372
f 3725/1955/2373 3724/1954/2372 3718/1948/2366
f 3715/1945/2363 3723/1953/2371 3726/1956/2374
f 3726/1956/2374 3714/1944/2362 3715/1945/2363
f 3720/1950/2368 3727/1957/2375 3723/1953/2371
f 3728/1958/2376 3714/1944/2362 3726/1956/2374
f 3729/1959/2377 3714/1944/2362 3728/1958/2376
f 3730/1960/2378 3729/1959/2377 3728/1958/2376
f 3731/1961/2379 3728/1958/2376 3726/1956/2374
f 3732/1962/2380 3730/1960/2378 3728/1958/2376
f 3728/1958/2376 3731/1961/2379 3732/1962/2380
f 3730/1960/2378 3732/1962/2380 3733/1963/2381
f 3734/1964/2382 3733/1963/2381 3732/1962/2380
f 3733/1963/2381 3734/1964/2382 3735/1965/2383
f 3736/1966/2384 3732/1962/2380 3731/1961/2379
f 3732/1962/2380 3736/1966/2384 3734/1964/2382
f 3737/1967/2385 3738/1968/2386 3739/1969/2387
f 3740/1970/2388 3741/1971/2389 3742/1972/2390
f 3742/1972/2390 3743/1973/2391 3740/1970/2388
f 3743/1973/2391 3742/1972/2390 3744/1974/2392
f 3745/1975/2393 3746/1976/2394 3747/1977/2395
f 3748/1978/2396 3746/1976/2394 3745/1975/2393
f 3746/1976/2394 3749/1979/2397 3747/1977/2395
f 3750/1980/2398 3751/1981/2399 3749/1979/2400
f 3752/1982/2401 3753/1983/2402 3754/1984/2403
f 3748/1978/2404 3755/1985/2405 3756/1986/2406
f 3748/1978/2404 3757/1987/2407 3755/1985/2405
f 3758/1988/2408 3755/1985/2405 3757/1987/2407
f 3759/1989/2409 3755/1985/2405 3758/1988/2408
f 3760/1990/2410 3759/1989/2409 3758/1988/2408
f 3759/1989/2409 3760/1990/2410 3761/1991/2411
f 3760/1990/2410 3762/1992/2412 3761/1991/2411
f 3762/1992/2412 3760/1990/2410 3763/1993/2413
f 3764/1994/2414 3763/1993/2415 3765/1995/2416
f 3765/1995/2416 3766/1996/2417 3764/1994/2414
f 3767/1997/2418 3768/1998/2419 3769/1999/2420
f 3769/1999/2420 3770/2000/2421 3767/1997/2418
f 3771/2001/2422 3772/2002/2423 3773/2003/2424
f 3772/2002/2425 3738/1968/2426 3774/2004/2427
f 3727/1957/2375 3720/1950/2368 3775/2005/2428
f 3722/1952/2370 3775/2005/2428 3720/1950/2368
f 3776/2006/2429 3777/2007/2430 3778/2008/2431
f 3777/2007/2430 3776/2006/2429 3779/2009/2432
f 3780/2010/2433 3779/2009/2432 3776/2006/2429
f 3775/2005/2428 3722/1952/2370 3781/2011/2434
f 3724/1954/2372 3781/2011/2434 3722/1952/2370
f 3781/2011/2434 3724/1954/2372 3782/2012/2435
f 3725/1955/2373 3782/2012/2435 3724/1954/2372
f 3782/2012/2435 3725/1955/2373 3783/2013/2436
f 3784/2014/2437 3785/2015/2438 3786/2016/2439
f 3786/2016/2439 3787/2017/2440 3784/2014/2437
f 3788/2018/2441 3783/2013/2436 3725/1955/2373
f 3783/2013/2436 3788/2018/2441 3789/2019/2442
f 3725/1955/2373 3790/2020/2443 3788/2018/2441
f 3721/1951/2369 3719/1949/2367 3790/2020/2443
f 3791/2021/2444 3789/2019/2442 3788/2018/2441
f 3789/2019/2442 3791/2021/2444 3792/2022/2445
f 3793/2023/2446 3788/2018/2441 3790/2020/2443
f 3788/2018/2441 3793/2023/2446 3791/2021/2444
f 3794/2024/2447 3790/2020/2443 3719/1949/2367
f 3790/2020/2443 3794/2024/2447 3793/2023/2446
f 3795/2025/2448 3792/2022/2445 3791/2021/2444
f 3796/2026/2449 3791/2021/2444 3793/2023/2446
f 3796/2026/2449 3793/2023/2446 3794/2024/2447
f 3791/2021/2444 3797/2027/2450 3795/2025/2448
f 3791/2021/2444 3796/2026/2449 3797/2027/2450
f 3798/2028/2451 3795/2025/2448 3799/2029/2452
f 3800/2030/2453 3795/2025/2448 3797/2027/2450
f 3800/2030/2453 3799/2029/2452 3795/2025/2448
f 3801/2031/2454 3797/2027/2450 3796/2026/2449
f 3797/2027/2450 3801/2031/2454 3800/2030/2453
f 3802/2032/2455 3800/2030/2453 3801/2031/2454
f 3800/2030/2456 3803/2033/2457 3804/2034/2458
f 3805/2035/2459 3804/2034/2458 3803/2033/2457
f 3803/2033/2457 3806/2036/2460 3805/2035/2459
f 3807/2037/2461 3802/2032/2455 3801/2031/2454
f 3796/2026/2449 3807/2037/2461 3801/2031/2454
f 3807/2037/2461 3808/2038/2462 3802/2032/2455
f 3806/2036/2460 3802/2032/2455 3808/2038/2462
f 3796/2026/2449 3809/2039/2463 3807/2037/2461
f 3794/2024/2447 3809/2039/2463 3796/2026/2449
f 3809/2039/2463 3810/2040/2464 3807/2037/2461
f 3807/2037/2461 3810/2040/2464 3808/2038/2462
f 3794/2024/2447 3811/2041/2465 3809/2039/2463
f 3809/2039/2463 3812/2042/2466 3810/2040/2464
f 3812/2042/2466 3809/2039/2463 3811/2041/2465
f 3810/2040/2464 3813/2043/2467 3808/2038/2462
f 3813/2043/2467 3810/2040/2464 3812/2042/2466
f 3814/2044/2468 3808/2038/2462 3813/2043/2467
f 3811/2041/2465 3794/2024/2447 3815/2045/2469
f 3719/1949/2367 3815/2045/2469 3794/2024/2447
f 3815/2045/2469 3719/1949/2367 3713/1943/2361
f 3713/1943/2361 3816/2046/2470 3815/2045/2469
f 3815/2045/2469 3816/2046/2470 3811/2041/2465
f 3816/2046/2470 3713/1943/2361 3710/1940/2358
f 3808/2038/2462 3814/2044/2468 3817/2047/2471
f 3808/2038/2462 3817/2047/2471 3806/2036/2460
f 3816/2046/2470 3818/2048/2472 3811/2041/2465
f 3811/2041/2465 3818/2048/2472 3812/2042/2466
f 3710/1940/2358 3819/2049/2473 3816/2046/2470
f 3709/1939/2357 3819/2049/2473 3710/1940/2358
f 3709/1939/2357 3820/2050/2474 3819/2049/2473
f 3819/2049/2473 3821/2051/2475 3816/2046/2470
f 3819/2049/2473 3820/2050/2474 3821/2051/2475
f 3820/2050/2474 3709/1939/2357 3822/2052/2476
f 3823/2053/2477 3816/2046/2470 3821/2051/2475
f 3816/2046/2470 3823/2053/2477 3818/2048/2472
f 3820/2050/2474 3824/2054/2478 3821/2051/2475
f 3821/2051/2475 3824/2054/2478 3823/2053/2477
f 3822/2052/2476 3825/2055/2479 3820/2050/2474
f 3820/2050/2474 3826/2056/2480 3824/2054/2478
f 3826/2056/2480 3820/2050/2474 3825/2055/2479
f 3825/2055/2479 3822/2052/2476 3827/2057/2481
f 3824/2054/2478 3826/2056/2480 3828/2058/2482
f 3824/2054/2478 3828/2058/2482 3823/2053/2477
f 3829/2059/2483 3827/2057/2481 3822/2052/2476
f 3825/2055/2479 3830/2060/2484 3826/2056/2480
f 3829/2059/2483 3831/2061/2485 3827/2057/2481
f 3827/2057/2481 3832/2062/2486 3825/2055/2479
f 3830/2060/2484 3825/2055/2479 3832/2062/2486
f 3833/2063/2487 3831/2061/2485 3829/2059/2483
f 3831/2061/2485 3834/2064/2488 3827/2057/2481
f 3832/2062/2486 3827/2057/2481 3834/2064/2488
f 3831/2061/2485 3833/2063/2487 3835/2065/2489
f 3836/2066/2490 3835/2065/2489 3833/2063/2487
f 3831/2061/2485 3837/2067/2491 3834/2064/2488
f 3835/2065/2489 3837/2067/2491 3831/2061/2485
f 3834/2064/2488 3838/2068/2492 3832/2062/2486
f 3837/2067/2491 3838/2068/2492 3834/2064/2488
f 3836/2066/2490 3839/2069/2493 3835/2065/2489
f 3840/2070/2494 3839/2069/2493 3836/2066/2490
f 3837/2067/2491 3835/2065/2489 3841/2071/2495
f 3839/2069/2493 3841/2071/2495 3835/2065/2489
f 3839/2069/2493 3840/2070/2494 3842/2072/2496
f 3841/2071/2495 3839/2069/2493 3843/2073/2497
f 3842/2072/2496 3843/2073/2497 3839/2069/2493
f 3844/2074/2498 3842/2072/2496 3840/2070/2494
f 3843/2073/2497 3845/2075/2499 3841/2071/2495
f 3841/2071/2495 3845/2075/2499 3837/2067/2491
f 3845/2075/2499 3846/2076/2500 3837/2067/2491
f 3837/2067/2491 3846/2076/2500 3838/2068/2492
f 3845/2075/2499 3843/2073/2497 3847/2077/2501
f 3843/2073/2497 3842/2072/2496 3848/2078/2502
f 3848/2078/2502 3847/2077/2501 3843/2073/2497
f 3842/2072/2496 3844/2074/2498 3849/2079/2503
f 3849/2079/2503 3848/2078/2502 3842/2072/2496
f 3847/2077/2501 3850/2080/2504 3845/2075/2499
f 3846/2076/2500 3845/2075/2499 3850/2080/2504
f 3851/2081/2505 3847/2077/2501 3848/2078/2502
f 3849/2079/2503 3852/2082/2506 3848/2078/2502
f 3852/2082/2506 3851/2081/2505 3848/2078/2502
f 3853/2083/2507 3850/2080/2504 3847/2077/2501
f 3847/2077/2501 3851/2081/2505 3853/2083/2507
f 3850/2080/2504 3854/2084/2508 3846/2076/2500
f 3855/2085/2509 3852/2082/2506 3849/2079/2503
f 3850/2080/2504 3853/2083/2507 3856/2086/2510
f 3854/2084/2508 3850/2080/2504 3856/2086/2510
f 3857/2087/2511 3846/2076/2500 3854/2084/2508
f 3856/2086/2510 3858/2088/2512 3854/2084/2508
f 3857/2087/2511 3854/2084/2508 3858/2088/2512
f 3859/2089/2513 3856/2086/2510 3853/2083/2507
f 3858/2088/2512 3856/2086/2510 3860/2090/2514
f 3856/2086/2510 3859/2089/2513 3860/2090/2514
f 3853/2083/2507 3861/2091/2515 3859/2089/2513
f 3861/2091/2515 3853/2083/2507 3851/2081/2505
f 3860/2090/2514 3859/2089/2513 3862/2092/2516
f 3863/2093/2517 3861/2091/2515 3851/2081/2505
f 3852/2082/2506 3863/2093/2517 3851/2081/2505
f 3859/2089/2513 3861/2091/2515 3864/2094/2518
f 3864/2094/2518 3862/2092/2516 3859/2089/2513
f 3861/2091/2515 3863/2093/2517 3865/2095/2519
f 3861/2091/2515 3865/2095/2519 3864/2094/2518
f 3866/2096/2520 3863/2093/2517 3852/2082/2506
f 3866/2096/2520 3865/2095/2519 3863/2093/2517
f 3852/2082/2506 3855/2085/2509 3866/2096/2520
f 3864/2094/2518 3865/2095/2519 3867/2097/2521
f 3867/2097/2521 3868/2098/2000 3864/2094/2518
f 3862/2092/2516 3864/2094/2518 3868/2098/2000
f 3869/2099/2003 3870/2100/2522 3871/2101/2523
f 3871/2101/2523 3872/2102/2524 3869/2099/2003
f 3873/2103/2525 3874/2104/1995 3875/2105/2526
f 3876/2106/2527 3877/2107/2528 3878/2108/2050
f 3877/2107/2528 3876/2106/2527 3879/2109/2529
f 3880/2110/2530 3881/2111/2051 3882/2112/2054
f 3882/2112/2054 3883/2113/2531 3880/2110/2530
f 3880/2110/2530 3883/2113/2531 3884/2114/2532
f 3883/2113/2531 3885/2115/2056 3884/2114/2532
f 3886/2116/2533 3885/2115/2056 3887/2117/2058
f 3888/2118/2534 3889/2119/2535 3887/2117/2058
f 3753/1983/2402 3889/2119/2535 3890/2120/2536
f 3888/2118/2534 3890/2120/2536 3889/2119/2535
f 3890/2120/2536 3754/1984/2403 3753/1983/2402
f 3844/2074/2498 3891/2121/2537 3892/2122/2538
f 3892/2122/2538 3893/2123/2539 3844/2074/2498
f 3893/2123/2539 3849/2079/2503 3844/2074/2498
f 3893/2123/2539 3855/2085/2509 3849/2079/2503
f 3894/2124/2540 3895/2125/2541 3896/2126/2542
f 3897/2127/2543 3898/2128/2544 3899/2129/2545
f 3900/2130/2546 3898/2128/2544 3897/2127/2543
f 3899/2129/2545 3891/2121/2537 3897/2127/2543
f 3897/2127/2543 3891/2121/2537 3900/2130/2546
f 3901/2131/2547 3902/2132/2548 3903/2133/2549
f 3891/2121/2537 3904/2134/2550 3900/2130/2546
f 3891/2121/2537 3844/2074/2498 3904/2134/2550
f 3898/2128/2544 3900/2130/2546 3905/2135/2551
f 3900/2130/2546 3904/2134/2550 3906/2136/2552
f 3906/2136/2552 3905/2135/2551 3900/2130/2546
f 3904/2134/2550 3840/2070/2494 3906/2136/2552
f 3904/2134/2550 3844/2074/2498 3840/2070/2494
f 3905/2135/2551 3906/2136/2552 3907/2137/2553
f 3836/2066/2490 3906/2136/2552 3840/2070/2494
f 3836/2066/2490 3907/2137/2553 3906/2136/2552
f 3898/2128/2544 3905/2135/2551 3908/2138/2554
f 3909/2139/2555 3898/2128/2544 3908/2138/2554
f 3905/2135/2551 3907/2137/2553 3910/2140/2556
f 3910/2140/2556 3911/2141/2557 3908/2138/2554
f 3909/2139/2555 3908/2138/2554 3911/2141/2557
f 3910/2140/2556 3907/2137/2553 3912/2142/2558
f 3907/2137/2553 3836/2066/2490 3913/2143/2559
f 3907/2137/2553 3913/2143/2559 3912/2142/2558
f 3913/2143/2559 3836/2066/2490 3833/2063/2487
f 3833/2063/2487 3912/2142/2558 3913/2143/2559
f 3912/2142/2558 3914/2144/2560 3910/2140/2556
f 3911/2141/2557 3910/2140/2556 3914/2144/2560
f 3915/2145/2561 3909/2139/2555 3911/2141/2557
f 3914/2144/2560 3912/2142/2558 3916/2146/2562
f 3911/2141/2557 3917/2147/2563 3915/2145/2561
f 3914/2144/2560 3918/2148/2564 3911/2141/2557
f 3917/2147/2563 3911/2141/2557 3918/2148/2564
f 3918/2148/2564 3914/2144/2560 3919/2149/2565
f 3916/2146/2562 3919/2149/2565 3914/2144/2560
f 3918/2148/2564 3735/1965/2383 3917/2147/2563
f 3920/2150/2566 3916/2146/2562 3912/2142/2558
f 3912/2142/2558 3833/2063/2487 3920/2150/2566
f 3735/1965/2383 3918/2148/2564 3733/1963/2381
f 3919/2149/2565 3916/2146/2562 3921/2151/2567
f 3733/1963/2381 3919/2149/2565 3730/1960/2378
f 3921/2151/2567 3730/1960/2378 3919/2149/2565
f 3922/2152/2568 3921/2151/2567 3916/2146/2562
f 3916/2146/2562 3920/2150/2566 3922/2152/2568
f 3730/1960/2378 3921/2151/2567 3729/1959/2377
f 3921/2151/2567 3922/2152/2568 3923/2153/2569
f 3923/2153/2569 3729/1959/2377 3921/2151/2567
f 3920/2150/2566 3924/2154/2570 3922/2152/2568
f 3924/2154/2570 3923/2153/2569 3922/2152/2568
f 3920/2150/2566 3925/2155/2571 3924/2154/2570
f 3920/2150/2566 3829/2059/2483 3925/2155/2571
f 3829/2059/2483 3920/2150/2566 3833/2063/2487
f 3924/2154/2570 3925/2155/2571 3709/1939/2357
f 3822/2052/2476 3925/2155/2571 3829/2059/2483
f 3925/2155/2571 3822/2052/2476 3709/1939/2357
f 3923/2153/2569 3924/2154/2570 3926/2156/2572
f 3709/1939/2357 3926/2156/2572 3924/2154/2570
f 3926/2156/2572 3927/2157/2573 3923/2153/2569
f 3729/1959/2377 3923/2153/2569 3927/2157/2573
f 3927/2157/2573 3926/2156/2572 3706/1936/2354
f 3729/1959/2377 3927/2157/2573 3714/1944/2362
f 3926/2156/2572 3709/1939/2357 3707/1937/2355
f 3707/1937/2355 3706/1936/2354 3926/2156/2572
f 3706/1936/2354 3712/1942/2360 3927/2157/2573
f 3927/2157/2573 3712/1942/2360 3714/1944/2362
f 3868/2098/2000 3928/2158/2574 3862/2092/2516
f 3928/2158/2574 3929/2159/2575 3930/2160/2576
f 3931/2161/2172 3862/2092/2516 3928/2158/2574
f 3930/2160/2576 3931/2161/2172 3928/2158/2574
f 3862/2092/2516 3932/2162/2173 3860/2090/2514
f 3931/2161/2172 3930/2160/2576 3933/2163/2577
f 3934/2164/2578 3860/2090/2514 3932/2162/2173
f 3860/2090/2514 3934/2164/2578 3858/2088/2512
f 3932/2162/2173 3935/2165/2176 3934/2164/2578
f 3936/2166/2579 3858/2088/2512 3934/2164/2578
f 3937/2167/2580 3934/2164/2578 3935/2165/2176
f 3934/2164/2578 3937/2167/2580 3936/2166/2579
f 3858/2088/2512 3936/2166/2579 3857/2087/2511
f 3933/2163/2175 3938/2168/2581 3939/2169/2582
f 3940/2170/2177 3939/2169/2582 3938/2168/2581
f 3935/2165/2176 3940/2170/2178 3941/2171/2583
f 3935/2165/2176 3941/2171/2583 3937/2167/2580
f 3942/2172/2179 3941/2171/2583 3940/2170/2178
f 3943/2173/2181 3937/2167/2580 3941/2171/2583
f 3941/2171/2583 3942/2172/2179 3943/2173/2181
f 3937/2167/2580 3944/2174/2584 3945/2175/2585
f 3945/2175/2585 3936/2166/2579 3937/2167/2580
f 3946/2176/2586 3945/2175/2585 3944/2174/2584
f 3947/2177/2265 3943/2173/2181 3942/2172/2179
f 3943/2173/2181 3947/2177/2265 3946/2176/2586
f 3945/2175/2585 3946/2176/2586 3948/2178/2587
f 3936/2166/2579 3945/2175/2585 3949/2179/2588
f 3949/2179/2588 3857/2087/2511 3936/2166/2579
f 3945/2175/2585 3948/2178/2587 3950/2180/2589
f 3949/2179/2588 3945/2175/2585 3950/2180/2589
f 3951/2181/2590 3948/2178/2587 3946/2176/2586
f 3951/2181/2590 3950/2180/2589 3948/2178/2587
f 3946/2176/2586 3952/2182/2591 3951/2181/2590
f 3946/2176/2586 3947/2177/2265 3952/2182/2591
f 3950/2180/2589 3951/2181/2590 3953/2183/2592
f 3949/2179/2588 3950/2180/2589 3954/2184/2593
f 3953/2183/2592 3954/2184/2593 3950/2180/2589
f 3954/2184/2593 3955/2185/2594 3949/2179/2588
f 3857/2087/2511 3949/2179/2588 3955/2185/2594
f 3951/2181/2590 3952/2182/2591 3956/2186/2595
f 3956/2186/2595 3953/2183/2592 3951/2181/2590
f 3957/2187/2596 3857/2087/2511 3955/2185/2594
f 3846/2076/2500 3857/2087/2511 3957/2187/2596
f 3846/2076/2500 3957/2187/2596 3838/2068/2492
f 3838/2068/2492 3957/2187/2596 3958/2188/2597
f 3957/2187/2596 3955/2185/2594 3958/2188/2597
f 3838/2068/2492 3958/2188/2597 3832/2062/2486
f 3959/2189/2598 3958/2188/2597 3955/2185/2594
f 3959/2189/2598 3832/2062/2486 3958/2188/2597
f 3955/2185/2594 3954/2184/2593 3959/2189/2598
f 3832/2062/2486 3959/2189/2598 3830/2060/2484
f 3960/2190/2599 3959/2189/2598 3954/2184/2593
f 3954/2184/2593 3953/2183/2592 3960/2190/2599
f 3961/2191/2600 3830/2060/2484 3959/2189/2598
f 3959/2189/2598 3960/2190/2599 3961/2191/2600
f 3830/2060/2484 3961/2191/2600 3962/2192/2601
f 3961/2191/2600 3960/2190/2599 3963/2193/2602
f 3963/2193/2602 3962/2192/2601 3961/2191/2600
f 3960/2190/2599 3953/2183/2592 3964/2194/2603
f 3960/2190/2599 3964/2194/2603 3963/2193/2602
f 3830/2060/2484 3962/2192/2601 3965/2195/2604
f 3826/2056/2480 3830/2060/2484 3965/2195/2604
f 3826/2056/2480 3965/2195/2604 3828/2058/2482
f 3966/2196/2605 3965/2195/2604 3962/2192/2601
f 3962/2192/2601 3963/2193/2602 3966/2196/2605
f 3967/2197/2606 3828/2058/2482 3965/2195/2604
f 3965/2195/2604 3966/2196/2605 3967/2197/2606
f 3966/2196/2605 3963/2193/2602 3968/2198/2607
f 3963/2193/2602 3964/2194/2603 3968/2198/2607
f 3966/2196/2605 3968/2198/2607 3969/2199/1438
f 3967/2197/2606 3966/2196/2605 3969/2199/1438
f 3828/2058/2482 3967/2197/2606 3970/2200/2608
f 3970/2200/2608 3823/2053/2477 3828/2058/2482
f 3970/2200/2608 3967/2197/2606 3971/2201/2609
f 3823/2053/2477 3970/2200/2608 3972/2202/2610
f 3971/2201/2609 3972/2202/2610 3970/2200/2608
f 3823/2053/2477 3972/2202/2610 3973/2203/2611
f 3818/2048/2472 3823/2053/2477 3973/2203/2611
f 3818/2048/2472 3973/2203/2611 3812/2042/2466
f 3973/2203/2611 3972/2202/2610 3974/2204/2612
f 3974/2204/2612 3812/2042/2466 3973/2203/2611
f 3972/2202/2610 3971/2201/2609 3975/2205/2613
f 3972/2202/2610 3975/2205/2613 3974/2204/2612
f 3967/2197/2606 3976/2206/2614 3971/2201/2609
f 3967/2197/2606 3969/2199/1438 3976/2206/2614
f 3975/2205/2613 3971/2201/2609 3977/2207/2615
f 3977/2207/2615 3974/2204/2612 3975/2205/2613
f 3812/2042/2466 3974/2204/2612 3978/2208/2616
f 3812/2042/2466 3978/2208/2616 3813/2043/2467
f 3979/2209/2617 3813/2043/2467 3978/2208/2616
f 3978/2208/2616 3974/2204/2612 3979/2209/2617
f 3813/2043/2467 3979/2209/2617 3814/2044/2468
f 3974/2204/2612 3980/2210/2618 3979/2209/2617
f 3974/2204/2612 3977/2207/2615 3980/2210/2618
f 3981/2211/2619 3814/2044/2468 3979/2209/2617
f 3981/2211/2619 3979/2209/2617 3980/2210/2618
f 3980/2210/2618 3977/2207/2615 3982/2212/2620
f 3980/2210/2618 3982/2212/2620 3981/2211/2619
f 3971/2201/2609 3983/2213/2621 3977/2207/2615
f 3971/2201/2609 3976/2206/2614 3983/2213/2621
f 3984/2214/2622 3977/2207/2615 3983/2213/2621
f 3977/2207/2615 3985/2215/2623 3982/2212/2620
f 3977/2207/2615 3984/2214/2622 3985/2215/2623
f 3981/2211/2619 3982/2212/2620 3986/2216/2624
f 3982/2212/2620 3985/2215/2623 3987/2217/2625
f 3982/2212/2620 3987/2217/2625 3986/2216/2624
f 3988/2218/2626 3985/2215/2623 3984/2214/2622
f 3983/2213/2621 3989/2219/2627 3984/2214/2622
f 3984/2214/2622 3989/2219/2627 3988/2218/2626
f 3989/2219/2627 3983/2213/2621 3990/2220/2628
f 3976/2206/2614 3990/2220/2628 3983/2213/2621
f 3985/2215/2623 3991/2221/2629 3987/2217/2625
f 3985/2215/2623 3988/2218/2626 3991/2221/2629
f 3976/2206/2614 3992/2222/2630 3990/2220/2628
f 3976/2206/2614 3969/2199/1438 3992/2222/2630
f 3990/2220/2628 3993/2223/2631 3989/2219/2627
f 3993/2223/2631 3990/2220/2628 3992/2222/2630
f 3989/2219/2627 3994/2224/2632 3988/2218/2626
f 3994/2224/2632 3989/2219/2627 3993/2223/2631
f 3969/2199/1438 3995/2225/2633 3992/2222/2630
f 3969/2199/1438 3968/2198/2607 3995/2225/2633
f 3992/2222/2630 3996/2226/2634 3993/2223/2631
f 3996/2226/2634 3992/2222/2630 3995/2225/2633
f 3997/2227/2635 3995/2225/2633 3968/2198/2607
f 3964/2194/2603 3997/2227/2635 3968/2198/2607
f 3995/2225/2633 3998/2228/2636 3996/2226/2634
f 3999/2229/2637 3993/2223/2631 3996/2226/2634
f 3996/2226/2634 3998/2228/2636 3999/2229/2637
f 3993/2223/2631 3999/2229/2637 4000/2230/2638
f 3993/2223/2631 4000/2230/2638 3994/2224/2632
f 3997/2227/2635 4001/2231/2639 3995/2225/2633
f 3998/2228/2636 3995/2225/2633 4001/2231/2639
f 3964/2194/2603 4002/2232/2640 3997/2227/2635
f 3997/2227/2635 4003/2233/2641 4001/2231/2639
f 4003/2233/2641 3997/2227/2635 4002/2232/2640
f 4002/2232/2640 3964/2194/2603 4004/2234/2642
f 3953/2183/2592 4004/2234/2642 3964/2194/2603
f 3953/2183/2592 3956/2186/2595 4004/2234/2642
f 4004/2234/2642 4005/2235/2643 4002/2232/2640
f 3956/2186/2595 4005/2235/2643 4004/2234/2642
f 4002/2232/2640 4006/2236/2644 4003/2233/2641
f 4002/2232/2640 4005/2235/2643 4006/2236/2644
f 4007/2237/2264 4005/2235/2643 3956/2186/2595
f 3952/2182/2591 4007/2237/2264 3956/2186/2595
f 4008/2238/2645 4006/2236/2644 4005/2235/2643
f 4005/2235/2643 4007/2237/2264 4008/2238/2645
f 4009/2239/2646 4003/2233/2641 4006/2236/2644
f 4010/2240/2647 4001/2231/2639 4003/2233/2641
f 4003/2233/2641 4009/2239/2646 4010/2240/2647
f 4001/2231/2639 4010/2240/2647 3998/2228/2636
f 4011/2241/2648 4012/2242/2267 4007/2237/2264
f 3947/2177/2265 4013/2243/2649 4011/2241/2650
f 4014/2244/2651 4007/2237/2264 4012/2242/2267
f 4007/2237/2264 4014/2244/2651 4008/2238/2645
f 4015/2245/2652 4011/2241/2650 4013/2243/2649
f 4012/2242/2267 4016/2246/2653 4014/2244/2651
f 4017/2247/2318 4008/2238/2645 4014/2244/2651
f 4018/2248/2654 4014/2244/2651 4016/2246/2653
f 4014/2244/2651 4018/2248/2654 4017/2247/2318
f 4013/2243/2649 3947/2177/2265 4019/2249/2655
f 3942/2172/2179 4019/2249/2655 3947/2177/2265
f 4013/2243/2649 4020/2250/2656 4015/2245/2652
f 4021/2251/2657 4015/2245/2652 4020/2250/2656
f 4020/2250/2658 4022/2252/2659 4023/2253/2660
f 4024/2254/2661 4023/2253/2660 4022/2252/2659
f 4025/2255/2311 4026/2256/2313 4027/2257/2314
f 4028/2258/2662 4025/2255/2663 4029/2259/2664
f 4030/2260/2665 4027/2257/2314 4026/2256/2313
f 4026/2256/2666 4017/2247/2318 4018/2248/2654
f 4017/2247/2318 4028/2258/2662 4031/2261/2667
f 4029/2259/2664 4031/2261/2667 4028/2258/2662
f 4031/2261/2667 4029/2259/2664 4032/2262/2668
f 4032/2262/2668 4009/2239/2646 4031/2261/2667
f 4033/2263/2669 4017/2247/2318 4031/2261/2667
f 4033/2263/2669 4031/2261/2667 4009/2239/2646
f 4008/2238/2645 4017/2247/2318 4033/2263/2669
f 4006/2236/2644 4033/2263/2669 4009/2239/2646
f 4006/2236/2644 4008/2238/2645 4033/2263/2669
f 4034/2264/2670 4035/2265/2671 4036/2266/2672
f 4036/2266/2673 4037/2267/2349 4038/2268/2674
f 4038/2268/2674 4039/2269/2351 4036/2266/2673
f 4037/2267/2349 4040/2270/2675 4038/2268/2674
f 4040/2270/2675 4037/2267/2349 4041/2271/2676
f 4029/2259/2664 4038/2268/2674 4040/2270/2675
f 4038/2268/2674 4029/2259/2664 4025/2255/2663
f 4041/2271/2676 4042/2272/2677 4040/2270/2675
f 4042/2272/2677 4041/2271/2676 4043/2273/2678
f 4040/2270/2675 4032/2262/2668 4029/2259/2664
f 4032/2262/2668 4040/2270/2675 4042/2272/2677
f 4043/2273/2678 4044/2274/2679 4042/2272/2677
f 4044/2274/2679 4043/2273/2678 4045/2275/2680
f 4042/2272/2677 4046/2276/2681 4032/2262/2668
f 4046/2276/2681 4042/2272/2677 4044/2274/2679
f 4045/2275/2680 4047/2277/2682 4044/2274/2679
f 4047/2277/2682 4045/2275/2680 4048/2278/2683
f 4044/2274/2679 4049/2279/2684 4046/2276/2681
f 4049/2279/2684 4044/2274/2679 4047/2277/2682
f 4010/2240/2647 4046/2276/2681 4049/2279/2684
f 4049/2279/2684 3998/2228/2636 4010/2240/2647
f 4046/2276/2681 4010/2240/2647 4009/2239/2646
f 4009/2239/2646 4032/2262/2668 4046/2276/2681
f 3998/2228/2636 4049/2279/2684 4050/2280/2685
f 4047/2277/2682 4050/2280/2685 4049/2279/2684
f 3998/2228/2636 4050/2280/2685 3999/2229/2637
f 4048/2278/2683 4051/2281/2686 4047/2277/2682
f 4050/2280/2685 4047/2277/2682 4051/2281/2686
f 4051/2281/2686 4048/2278/2683 4052/2282/2687
f 4051/2281/2686 4052/2282/2687 4053/2283/2688
f 4050/2280/2685 4051/2281/2686 4054/2284/2689
f 3999/2229/2637 4050/2280/2685 4054/2284/2689
f 4054/2284/2689 4051/2281/2686 4053/2283/2688
f 4054/2284/2689 4000/2230/2638 3999/2229/2637
f 4053/2283/2688 4055/2285/2690 4054/2284/2689
f 4000/2230/2638 4054/2284/2689 4055/2285/2690
f 4055/2285/2690 4053/2283/2688 4056/2286/2691
f 4055/2285/2690 3994/2224/2632 4000/2230/2638
f 4056/2286/2691 4057/2287/2692 4055/2285/2690
f 3994/2224/2632 4055/2285/2690 4057/2287/2692
f 4057/2287/2692 4056/2286/2691 4058/2288/2693
f 3994/2224/2632 4057/2287/2692 3988/2218/2626
f 4059/2289/2694 4057/2287/2692 4058/2288/2693
f 3988/2218/2626 4057/2287/2692 4059/2289/2694
f 4059/2289/2694 4058/2288/2693 4060/2290/2695
f 3991/2221/2629 3988/2218/2626 4059/2289/2694
f 4061/2291/2696 4059/2289/2694 4060/2290/2695
f 4059/2289/2694 4061/2291/2696 4062/2292/2697
f 3991/2221/2629 4059/2289/2694 4062/2292/2697
f 4062/2292/2697 4061/2291/2696 4063/2293/2698
f 3991/2221/2629 4062/2292/2697 4064/2294/2699
f 4063/2293/2698 4064/2294/2699 4062/2292/2697
f 4064/2294/2699 3987/2217/2625 3991/2221/2629
f 4063/2293/2698 4065/2295/2700 4064/2294/2699
f 3987/2217/2625 4064/2294/2699 4065/2295/2700
f 4065/2295/2700 4063/2293/2698 4066/2296/2701
f 4065/2295/2700 3986/2216/2624 3987/2217/2625
f 4065/2295/2700 4066/2296/2701 4067/2297/2702
f 4067/2297/2702 4068/2298/2703 4065/2295/2700
f 3986/2216/2624 4065/2295/2700 4068/2298/2703
f 4068/2298/2703 4067/2297/2702 4069/2299/2704
f 4068/2298/2703 4070/2300/2705 3986/2216/2624
f 3981/2211/2619 3986/2216/2624 4070/2300/2705
f 4071/2301/2706 3981/2211/2619 4070/2300/2705
f 3814/2044/2468 3981/2211/2619 4071/2301/2706
f 4068/2298/2703 4072/2302/2707 4070/2300/2705
f 4072/2302/2707 4071/2301/2706 4070/2300/2705
f 4073/2303/2708 3817/2047/2471 3814/2044/2468
f 4072/2302/2707 4068/2298/2703 4074/2304/2709
f 4069/2299/2704 4074/2304/2709 4068/2298/2703
f 4075/2305/2710 4073/2303/2708 4072/2302/2707
f 4072/2302/2707 4074/2304/2709 4075/2305/2710
f 4076/2306/2711 3817/2047/2471 4073/2303/2708
f 4073/2303/2708 4075/2305/2710 4076/2306/2711
f 4069/2299/2712 4077/2307/2713 4078/2308/2714
f 4077/2307/2713 4079/2309/2715 4078/2308/2714
f 4079/2309/2715 4075/2305/2710 4078/2308/2714
f 4079/2309/2715 4077/2307/2713 4080/2310/2716
f 4081/2311/2717 4076/2306/2711 4075/2305/2710
f 4075/2305/2710 4079/2309/2715 4081/2311/2717
f 4082/2312/2718 3806/2036/2460 4076/2306/2711
f 4076/2306/2711 4081/2311/2717 4082/2312/2718
f 3806/2036/2460 4082/2312/2718 3805/2035/2459
f 4083/2313/2719 4084/2314/2720 4085/2315/2721
f 4086/2316/2722 4085/2315/2721 4084/2314/2720
f 4087/2317/2723 4088/2318/2724 4089/2319/2725
f 4090/2320/2385 4091/2321/2726 4092/2322/2371
f 4093/2323/2375 4090/2320/2385 4092/2322/2371
f 4091/2321/2726 4090/2320/2385 4094/2324/2727
f 4094/2324/2727 4095/2325/2387 4096/2326/2728
f 4095/2325/2387 4094/2324/2727 4090/2320/2385
f 4097/2327/2729 4098/2328/2730 4096/2326/2728
f 4095/2325/2387 4097/2327/2729 4096/2326/2728
f 4099/2329/2731 4100/2330/2383 4098/2328/2730
f 4098/2328/2730 4097/2327/2729 4099/2329/2731
f 4100/2330/2383 4099/2329/2731 4101/2331/2732
f 4090/2320/2385 4093/2323/2375 4102/2332/2733
f 4099/2329/2731 4103/2333/2734 4101/2331/2732
f 4097/2327/2729 4104/2334/2735 4099/2329/2731
f 4103/2333/2734 4099/2329/2731 4104/2334/2735
f 4097/2327/2729 4095/2325/2387 4105/2335/2736
f 4104/2334/2735 4097/2327/2729 4106/2336/2737
f 4105/2335/2736 4106/2336/2737 4097/2327/2729
f 4095/2325/2387 4107/2337/2738 4105/2335/2736
f 4108/2338/2739 4107/2337/2738 4095/2325/2387
f 4106/2336/2737 4105/2335/2736 4109/2339/2740
f 4110/2340/2741 4105/2335/2736 4107/2337/2738
f 4105/2335/2736 4110/2340/2741 4109/2339/2740
f 4111/2341/2742 4109/2339/2740 4110/2340/2741
f 4112/2342/2743 4111/2341/2742 4110/2340/2741
f 4113/2343/2744 4106/2336/2737 4109/2339/2740
f 4109/2339/2740 4111/2341/2742 4113/2343/2744
f 4106/2336/2737 4113/2343/2744 4114/2344/2745
f 4114/2344/2745 4104/2334/2735 4106/2336/2737
f 4111/2341/2742 4115/2345/2746 4113/2343/2744
f 4115/2345/2746 4114/2344/2745 4113/2343/2744
f 4104/2334/2735 4114/2344/2745 4116/2346/2747
f 4116/2346/2747 4103/2333/2734 4104/2334/2735
f 4114/2344/2745 4115/2345/2746 4117/2347/2416
f 4116/2346/2747 4114/2344/2745 4118/2348/2413
f 4114/2344/2745 4117/2347/2416 4118/2348/2413
f 4103/2333/2734 4116/2346/2747 4119/2349/2748
f 4118/2348/2413 4119/2349/2748 4116/2346/2747
f 4119/2349/2748 4120/2350/2749 4103/2333/2734
f 4120/2350/2749 4101/2331/2732 4103/2333/2734
f 4119/2349/2748 4118/2348/2413 4121/2351/2410
f 4120/2350/2749 4119/2349/2748 4122/2352/2748
f 4121/2351/2410 4122/2352/2748 4119/2349/2748
f 4101/2331/2732 4120/2350/2749 4123/2353/2750
f 4124/2354/2563 4101/2331/2732 4123/2353/2750
f 4125/2355/2751 4124/2354/2563 4123/2353/2750
f 4126/2356/2752 4123/2353/2750 4120/2350/2749
f 4123/2353/2750 4126/2356/2752 4125/2355/2751
f 4122/2352/2748 4126/2356/2752 4120/2350/2749
f 4126/2356/2752 4127/2357/2753 4125/2355/2751
f 4126/2356/2752 4122/2352/2748 4128/2358/2754
f 4129/2359/2755 4126/2356/2752 4128/2358/2754
f 4126/2356/2752 4129/2359/2755 4130/2360/2756
f 4131/2361/2757 4132/2362/2758 4133/2363/2759
f 4130/2360/2756 4134/2364/2760 4133/2363/2759
f 4134/2364/2760 4131/2361/2757 4133/2363/2759
f 4134/2364/2760 4130/2360/2756 4129/2359/2755
f 4128/2358/2754 4122/2352/2748 4135/2365/2761
f 4129/2359/2755 4128/2358/2754 4135/2365/2761
f 4129/2359/2755 4136/2366/2395 4134/2364/2760
f 4131/2361/2757 4134/2364/2760 4137/2367/2762
f 4136/2366/2395 4137/2367/2762 4134/2364/2760
f 4138/2368/2763 4131/2361/2757 4137/2367/2762
f 4137/2367/2762 4136/2366/2395 4139/2369/2764
f 4138/2368/2763 4140/2370/2765 4131/2361/2757
f 4141/2371/2403 4137/2367/2762 4139/2369/2764
f 4141/2371/2403 4138/2368/2763 4137/2367/2762
f 4136/2366/2395 4129/2359/2755 4142/2372/2766
f 4142/2372/2766 4129/2359/2755 4135/2365/2761
f 4143/2373/2767 4140/2370/2765 4138/2368/2763
f 4135/2365/2761 4144/2374/2768 4142/2372/2766
f 4145/2375/2769 4144/2374/2770 4146/2376/2771
f 4146/2376/2771 4147/2377/2772 4145/2375/2769
f 4148/2378/2773 4145/2375/2769 4147/2377/2772
f 4149/2379/2774 4146/2376/2771 4144/2374/2770
f 4150/2380/2775 4148/2378/2400 4151/2381/2399
f 4148/2378/2400 4150/2380/2775 4139/2369/2776
f 4151/2381/2399 4152/2382/2777 4150/2380/2775
f 4153/2383/2533 4150/2380/2775 4152/2382/2777
f 4154/2384/2778 4155/2385/2779 4149/2379/2406
f 4156/2386/2780 4149/2379/2406 4155/2385/2779
f 4122/2352/2748 4157/2387/2781 4135/2365/2761
f 4155/2385/2779 4158/2388/2782 4156/2386/2780
f 4122/2352/2748 4121/2351/2410 4157/2387/2781
f 4158/2388/2782 4155/2385/2779 4159/2389/2411
f 4160/2390/2783 4158/2388/2782 4159/2389/2411
f 4118/2348/2415 4161/2391/2784 4162/2392/1594
f 4162/2392/1594 4161/2391/2784 4163/2393/2785
f 4161/2391/2784 4164/2394/2786 4163/2393/2785
f 4165/2395/2787 4163/2393/2785 4164/2394/2786
f 4164/2394/2786 4117/2347/2416 4115/2345/2746
f 4164/2394/2786 4166/2396/2788 4165/2395/2787
f 4167/2397/2789 4164/2394/2786 4115/2345/2746
f 4111/2341/2742 4167/2397/2789 4115/2345/2746
f 4168/2398/2790 4164/2394/2786 4167/2397/2789
f 4169/2399/2791 4167/2397/2789 4111/2341/2742
f 4168/2398/2790 4170/2400/2792 4171/2401/2793
f 4170/2400/2792 4172/2402/2794 4171/2401/2793
f 4170/2400/2792 4168/2398/2790 4167/2397/2789
f 4170/2400/2792 4167/2397/2789 4169/2399/2791
f 4172/2402/2794 4170/2400/2792 4173/2403/2795
f 4173/2403/2795 4170/2400/2792 4174/2404/2796
f 4174/2404/2796 4170/2400/2792 4169/2399/2791
f 4169/2399/2791 4175/2405/2797 4174/2404/2796
f 4112/2342/2743 4169/2399/2791 4111/2341/2742
f 4175/2405/2797 4169/2399/2791 4112/2342/2743
f 4176/2406/2798 4175/2405/2797 4112/2342/2743
f 4176/2406/2798 4112/2342/2743 4177/2407/2799
f 4112/2342/2743 4107/2337/2738 4177/2407/2799
f 4108/2338/2739 4177/2407/2799 4107/2337/2738
f 4178/2408/2800 4176/2406/2798 4177/2407/2799
f 4177/2407/2799 4108/2338/2739 4178/2408/2800
f 4176/2406/2798 4178/2408/2800 4179/2409/2801
f 4093/2323/2375 4180/2410/2802 4102/2332/2733
f 4180/2410/2802 4093/2323/2375 4181/2411/2803
f 4182/2412/2522 4183/2413/1998 4184/2414/2804
f 4184/2414/2804 4185/2415/2520 4186/2416/2805
f 4186/2416/2805 4182/2412/2522 4184/2414/2804
f 4187/2417/2806 4186/2416/2805 4185/2415/2520
f 4187/2417/2806 4185/2415/2520 4188/2418/2807
f 4186/2416/2805 4187/2417/2806 4189/2419/2808
f 4190/2420/2809 4189/2419/2808 4187/2417/2806
f 4191/2421/2810 4190/2420/2809 4187/2417/2806
f 4189/2419/2808 4190/2420/2809 4192/2422/2811
f 4192/2422/2811 4193/2423/2003 4189/2419/2808
f 4194/2424/2812 4192/2422/2811 4190/2420/2809
f 4191/2421/2810 4194/2424/2812 4190/2420/2809
f 4193/2423/2813 4195/2425/2814 4182/2412/2001
f 4196/2426/2815 4193/2423/2003 4192/2422/2811
f 4195/2425/2814 4193/2423/2813 4197/2427/2816
f 4198/2428/2817 4196/2426/2815 4192/2422/2811
f 4192/2422/2811 4194/2424/2812 4198/2428/2817
f 4196/2426/2815 4198/2428/2817 4199/2429/2818
f 4199/2429/2818 4200/2430/2006 4196/2426/2815
f 4201/2431/2819 4195/2425/2814 4197/2427/2816
f 4197/2427/2816 4200/2430/2006 4201/2431/2819
f 4202/2432/1597 4203/2433/2820 4204/2434/2821
f 4205/2435/2822 4206/2436/2823 4202/2432/1597
f 4205/2435/2822 4207/2437/2824 4206/2436/2823
f 4208/2438/2010 4209/2439/1601 4210/2440/2008
f 4211/2441/2825 4212/2442/2826 4208/2438/2010
f 4212/2442/2826 4211/2441/2825 4213/2443/2827
f 4208/2438/2010 4214/2444/2828 4209/2439/1601
f 4214/2444/2828 4208/2438/2010 4212/2442/2826
f 4215/2445/2829 4206/2436/2823 4207/2437/2824
f 4206/2436/2823 4215/2445/2829 4216/2446/2830
f 4216/2446/2830 4202/2432/1597 4206/2436/2823
f 4215/2445/2829 4217/2447/1609 4216/2446/2830
f 4218/2448/2831 4219/2449/2832 4220/2450/2833
f 4216/2446/2830 4221/2451/2834 4202/2432/1597
f 4203/2433/2820 4202/2432/1597 4221/2451/2834
f 4222/2452/2835 4216/2446/2830 4217/2447/1609
f 4223/2453/1612 4220/2450/2833 4219/2449/2832
f 4224/2454/1614 4222/2452/2835 4217/2447/1609
f 4223/2453/1612 4225/2455/1617 4226/2456/1616
f 4225/2455/1617 4227/2457/1619 4226/2456/1616
f 4228/2458/2836 4229/2459/1624 4230/2460/2837
f 4231/2461/1623 4232/2462/2838 4233/2463/2839
f 4229/2459/1624 4233/2463/2839 4232/2462/2838
f 4234/2464/2840 4235/2465/1625 4231/2461/1623
f 4233/2463/2839 4234/2464/2840 4231/2461/1623
f 4236/2466/2841 4237/2467/2842 4235/2465/1625
f 4235/2465/1625 4234/2464/2840 4236/2466/2841
f 4234/2464/2840 4233/2463/2839 4238/2468/2843
f 4229/2459/1624 4228/2458/2836 4239/2469/2844
f 4240/2470/2845 4239/2469/2844 4228/2458/2836
f 4233/2463/2839 4241/2471/2846 4238/2468/2843
f 4241/2471/2846 4233/2463/2839 4242/2472/2847
f 4243/2473/2848 4241/2471/2846 4242/2472/2847
f 4244/2474/2849 4245/2475/1631 4246/2476/1635
f 4246/2476/1635 4247/2477/2850 4248/2478/2851
f 4247/2477/2850 4249/2479/2852 4248/2478/2851
f 4250/2480/2853 4243/2473/2848 4251/2481/1634
f 4252/2482/2854 4250/2480/2853 4251/2481/1634
f 4253/2483/1765 4254/2484/2855 4255/2485/1640
f 4256/2486/1639 4255/2485/1640 4254/2484/2855
f 4254/2484/2855 4253/2483/1765 4257/2487/2856
f 4258/2488/2857 4254/2484/2855 4257/2487/2856
f 4254/2484/2855 4259/2489/2858 4256/2486/1639
f 4259/2489/2858 4254/2484/2855 4258/2488/2857
f 4256/2486/1639 4259/2489/2858 4252/2482/2854
f 4258/2488/2857 4260/2490/2859 4259/2489/2858
f 4261/2491/2860 4252/2482/2854 4259/2489/2858
f 4260/2490/2859 4261/2491/2860 4259/2489/2858
f 4250/2480/2853 4252/2482/2854 4261/2491/2860
f 4262/2492/2861 4261/2491/2860 4260/2490/2859
f 4262/2492/2861 4250/2480/2853 4261/2491/2860
f 4250/2480/2853 4262/2492/2861 4263/2493/2862
f 4262/2492/2861 4264/2494/2863 4263/2493/2862
f 4265/2495/2864 4263/2493/2862 4264/2494/2863
f 4263/2493/2862 4266/2496/2865 4250/2480/2853
f 4266/2496/2865 4243/2473/2848 4250/2480/2853
f 4263/2493/2862 4265/2495/2864 4267/2497/2866
f 4266/2496/2865 4263/2493/2862 4267/2497/2866
f 4241/2471/2846 4243/2473/2848 4266/2496/2865
f 4268/2498/2867 4266/2496/2865 4267/2497/2866
f 4266/2496/2865 4268/2498/2867 4241/2471/2846
f 4265/2495/2864 4268/2498/2867 4267/2497/2866
f 4269/2499/2868 4241/2471/2846 4268/2498/2867
f 4241/2471/2846 4269/2499/2868 4238/2468/2843
f 4270/2500/1641 4268/2498/2867 4265/2495/2864
f 4270/2500/1641 4269/2499/2868 4268/2498/2867
f 4271/2501/1642 4270/2500/1641 4265/2495/2864
f 4269/2499/2868 4234/2464/2840 4238/2468/2843
f 4269/2499/2868 4270/2500/1641 4272/2502/1644
f 4272/2502/1644 4273/2503/2869 4274/2504/1827
f 4234/2464/2840 4269/2499/2868 4275/2505/2870
f 4276/2506/1646 4272/2502/1644 4274/2504/1827
f 4275/2505/2870 4236/2466/2841 4234/2464/2840
f 4269/2499/2868 4272/2502/1644 4277/2507/2871
f 4277/2507/2871 4275/2505/2870 4269/2499/2868
f 4276/2506/1646 4277/2507/2871 4272/2502/1644
f 4236/2466/2841 4275/2505/2870 4278/2508/2872
f 4277/2507/2871 4278/2508/2872 4275/2505/2870
f 4276/2506/1646 4279/2509/2873 4277/2507/2871
f 4278/2508/2872 4277/2507/2871 4279/2509/2873
f 4279/2509/2873 4276/2506/1646 4280/2510/2874
f 4281/2511/2875 4236/2466/2841 4278/2508/2872
f 4279/2509/2873 4281/2511/2875 4278/2508/2872
f 4282/2512/2876 4279/2509/2873 4280/2510/2874
f 4279/2509/2873 4282/2512/2876 4283/2513/2877
f 4281/2511/2875 4279/2509/2873 4283/2513/2877
f 4282/2512/2876 4284/2514/2878 4283/2513/2877
f 4284/2514/2878 4281/2511/2875 4283/2513/2877
f 4284/2514/2878 4282/2512/2876 4285/2515/2879
f 4286/2516/2880 4287/2517/2881 4288/2518/1651
f 4289/2519/2882 4284/2514/2878 4285/2515/2879
f 4290/2520/2883 4291/2521/2884 4292/2522/2885
f 4293/2523/2886 4294/2524/1665 4295/2525/2887
f 4296/2526/1680 4295/2525/2887 4297/2527/1676
f 4297/2527/1676 4214/2444/1602 4296/2526/1680
f 4295/2525/2887 4298/2528/1678 4293/2523/2886
f 4212/2442/2826 4298/2528/1678 4214/2444/2828
f 4299/2529/1600 4297/2527/1676 4300/2530/2888
f 4297/2527/1676 4301/2531/2013 4300/2530/2888
f 4302/2532/2889 4298/2528/1678 4212/2442/2826
f 4302/2532/2889 4212/2442/2826 4213/2443/2827
f 4302/2532/2889 4293/2523/2886 4298/2528/1678
f 4213/2443/2827 4203/2433/2820 4302/2532/2889
f 4303/2533/1837 4302/2532/2889 4203/2433/2820
f 4293/2523/2886 4302/2532/2889 4303/2533/1837
f 4203/2433/2820 4221/2451/2834 4303/2533/1837
f 4304/2534/2890 4305/2535/2891 4306/2536/2892
f 4307/2537/2893 4308/2538/2109 4304/2534/2890
f 4306/2536/2892 4307/2537/2893 4304/2534/2890
f 4309/2539/2894 4305/2535/2891 4310/2540/2018
f 4309/2539/2894 4306/2536/2892 4305/2535/2891
f 4311/2541/2895 4309/2539/2894 4310/2540/2018
f 4312/2542/2896 4313/2543/2897 4314/2544/2898
f 4313/2543/2897 4315/2545/2899 4314/2544/2898
f 4316/2546/2900 4311/2541/2895 4312/2542/2896
f 4312/2542/2896 4314/2544/2898 4317/2547/2901
f 4317/2547/2901 4316/2546/2900 4312/2542/2896
f 4315/2545/2899 4318/2548/2902 4314/2544/2898
f 4318/2548/2902 4317/2547/2901 4314/2544/2898
f 4317/2547/2901 4319/2549/2025 4320/2550/2903
f 4316/2546/2900 4317/2547/2901 4320/2550/2903
f 4321/2551/2904 4322/2552/2028 4323/2553/2905
f 4322/2552/2028 4324/2554/2906 4323/2553/2905
f 4325/2555/2907 4316/2546/2900 4320/2550/2903
f 4322/2552/2028 4326/2556/2031 4324/2554/2906
f 4315/2545/2899 4327/2557/2908 4326/2556/2031
f 4324/2554/2906 4326/2556/2031 4328/2558/2909
f 4329/2559/2910 4326/2556/2031 4327/2557/2908
f 4326/2556/2031 4330/2560/2911 4328/2558/2909
f 4331/2561/2912 4328/2558/2909 4330/2560/2911
f 4331/2561/2035 4329/2559/2910 4332/2562/2913
f 4329/2559/2910 4333/2563/2914 4332/2562/2913
f 4332/2562/2913 4334/2564/2915 4331/2561/2035
f 4335/2565/2916 4334/2564/2915 4336/2566/2036
f 4333/2563/2914 4337/2567/2917 4332/2562/2913
f 4332/2562/2913 4337/2567/2917 4334/2564/2915
f 4338/2568/2918 4337/2567/2917 4333/2563/2914
f 4333/2563/2914 4339/2569/2919 4338/2568/2918
f 4340/2570/2920 4338/2568/2918 4339/2569/2919
f 4341/2571/2921 4338/2568/2918 4340/2570/2920
f 4338/2568/2918 4341/2571/2921 4337/2567/2917
f 4340/2570/2920 4342/2572/2922 4341/2571/2921
f 4343/2573/2923 4334/2564/2915 4337/2567/2917
f 4341/2571/2921 4343/2573/2923 4337/2567/2917
f 4344/2574/2924 4336/2566/2036 4334/2564/2915
f 4344/2574/2924 4334/2564/2915 4343/2573/2923
f 4345/2575/2925 4341/2571/2921 4342/2572/2922
f 4341/2571/2921 4345/2575/2925 4343/2573/2923
f 4343/2573/2923 4346/2576/2926 4344/2574/2924
f 4346/2576/2926 4343/2573/2923 4345/2575/2925
f 4346/2576/2927 4347/2577/2928 4348/2578/2039
f 4349/2579/2929 4345/2575/2925 4342/2572/2922
f 4349/2579/2929 4342/2572/2922 4350/2580/2930
f 4351/2581/2043 4346/2576/2926 4345/2575/2925
f 4352/2582/2931 4345/2575/2925 4349/2579/2929
f 4345/2575/2925 4352/2582/2931 4351/2581/2043
f 4353/2583/2932 4347/2577/2041 4354/2584/2933
f 4354/2584/2933 4355/2585/2934 4353/2583/2932
f 4350/2580/2930 4356/2586/2935 4349/2579/2929
f 4356/2586/2935 4350/2580/2930 4200/2430/2006
f 4349/2579/2929 4357/2587/2046 4352/2582/2931
f 4357/2587/2046 4349/2579/2929 4356/2586/2935
f 4200/2430/2006 4199/2429/2818 4356/2586/2935
f 4199/2429/2818 4357/2587/2046 4356/2586/2935
f 4354/2584/2933 4358/2588/2048 4355/2585/2934
f 4357/2587/2046 4199/2429/2818 4359/2589/1996
f 4358/2588/2048 4360/2590/2936 4355/2585/2934
f 4199/2429/2818 4361/2591/2937 4359/2589/1996
f 4361/2591/2937 4199/2429/2818 4198/2428/2817
f 4360/2590/2936 4358/2588/2048 4362/2592/2050
f 4363/2593/2528 4360/2590/2936 4362/2592/2050
f 4194/2424/2812 4361/2591/2937 4198/2428/2817
f 4361/2591/2937 4194/2424/2812 4364/2594/2938
f 4194/2424/2812 4365/2595/2939 4364/2594/2938
f 4365/2595/2939 4366/2596/2940 4364/2594/2938
f 4367/2597/2941 4366/2596/2940 4365/2595/2939
f 4366/2596/2940 4367/2597/2941 4368/2598/2057
f 4365/2595/2939 4194/2424/2812 4369/2599/2942
f 4369/2599/2942 4367/2597/2941 4365/2595/2939
f 4194/2424/2812 4191/2421/2810 4369/2599/2942
f 4367/2597/2941 4369/2599/2942 4370/2600/2943
f 4191/2421/2810 4370/2600/2943 4369/2599/2942
f 4371/2601/2534 4368/2598/2057 4367/2597/2941
f 4372/2602/2944 4368/2598/2057 4371/2601/2534
f 4153/2383/2533 4372/2602/2944 4373/2603/2945
f 4150/2380/2775 4153/2383/2533 4373/2603/2945
f 4367/2597/2941 4374/2604/2946 4371/2601/2534
f 4374/2604/2946 4367/2597/2941 4370/2600/2943
f 4375/2605/2536 4138/2368/2763 4141/2371/2403
f 4371/2601/2534 4376/2606/2947 4375/2605/2536
f 4138/2368/2763 4375/2605/2536 4376/2606/2947
f 4376/2606/2947 4371/2601/2534 4374/2604/2946
f 4138/2368/2763 4376/2606/2947 4143/2373/2767
f 4374/2604/2946 4143/2373/2767 4376/2606/2947
f 4377/2607/2948 4374/2604/2946 4370/2600/2943
f 4370/2600/2943 4191/2421/2810 4377/2607/2948
f 4143/2373/2767 4374/2604/2946 4378/2608/2949
f 4374/2604/2946 4377/2607/2948 4378/2608/2949
f 4379/2609/2950 4377/2607/2948 4191/2421/2810
f 4379/2609/2950 4378/2608/2949 4377/2607/2948
f 4191/2421/2810 4187/2417/2806 4379/2609/2950
f 4187/2417/2806 4188/2418/2807 4379/2609/2950
f 4378/2608/2949 4380/2610/2951 4143/2373/2767
f 4380/2610/2951 4140/2370/2765 4143/2373/2767
f 4378/2608/2949 4379/2609/2950 4381/2611/2952
f 4378/2608/2949 4381/2611/2952 4380/2610/2951
f 4188/2418/2807 4381/2611/2952 4379/2609/2950
f 4380/2610/2951 4381/2611/2952 4382/2612/2953
f 4380/2610/2951 4382/2612/2953 4383/2613/2954
f 4381/2611/2952 4384/2614/2955 4382/2612/2953
f 4381/2611/2952 4188/2418/2807 4384/2614/2955
f 4385/2615/2956 4386/2616/2957 4387/2617/2958
f 4388/2618/2959 4387/2617/2958 4386/2616/2957
f 4387/2617/2958 4388/2618/2959 4389/2619/2960
f 4388/2618/2959 4390/2620/2094 4389/2619/2960
f 4391/2621/2961 4392/2622/2101 4393/2623/2962
f 4391/2621/2961 4394/2624/2963 4392/2622/2101
f 4395/2625/2964 4393/2623/2962 4396/2626/2965
f 4392/2622/2101 4396/2626/2965 4393/2623/2962
f 4394/2624/2963 4397/2627/2966 4392/2622/2101
f 4396/2626/2965 4398/2628/2967 4395/2625/2964
f 4394/2624/2963 4350/2580/2930 4397/2627/2966
f 4396/2626/2100 4399/2629/2102 4400/2630/2968
f 4400/2630/2968 4401/2631/2105 4396/2626/2100
f 4399/2629/2102 4339/2569/2919 4400/2630/2968
f 4399/2629/2102 4397/2627/2966 4340/2570/2920
f 4339/2569/2919 4399/2629/2102 4340/2570/2920
f 4342/2572/2922 4340/2570/2920 4397/2627/2966
f 4350/2580/2930 4342/2572/2922 4397/2627/2966
f 4402/2632/2969 4403/2633/2970 4404/2634/2971
f 4404/2634/2971 4405/2635/2972 4402/2632/2969
f 4307/2537/2973 4406/2636/2974 4405/2635/2110
f 4307/2537/2893 4306/2536/2892 4407/2637/2117
f 4408/2638/1723 4409/2639/2975 4410/2640/2976
f 4411/2641/1683 4412/2642/2150 4413/2643/1747
f 4412/2642/2150 4414/2644/2977 4415/2645/2978
f 4415/2645/2978 4414/2644/2977 4416/2646/2152
f 4407/2637/2117 4417/2647/2979 4416/2646/2152
f 4415/2645/2978 4416/2646/2152 4417/2647/2979
f 4417/2647/2979 4407/2637/2117 4306/2536/2892
f 4210/2440/2008 4415/2645/2978 4417/2647/2979
f 4209/2439/1601 4415/2645/2978 4210/2440/2008
f 4306/2536/2892 4418/2648/2980 4417/2647/2979
f 4418/2648/2980 4306/2536/2892 4309/2539/2894
f 4417/2647/2979 4419/2649/2981 4210/2440/2008
f 4419/2649/2981 4417/2647/2979 4418/2648/2980
f 4309/2539/2894 4420/2650/2982 4418/2648/2980
f 4419/2649/2981 4418/2648/2980 4420/2650/2982
f 4420/2650/2982 4309/2539/2894 4311/2541/2895
f 4413/2643/1747 4299/2529/2983 4411/2641/1683
f 4311/2541/2895 4421/2651/2984 4420/2650/2982
f 4421/2651/2984 4311/2541/2895 4316/2546/2900
f 4421/2651/2984 4316/2546/2900 4325/2555/2907
f 4422/2652/2985 4420/2650/2982 4421/2651/2984
f 4422/2652/2985 4419/2649/2981 4420/2650/2982
f 4423/2653/2986 4421/2651/2984 4325/2555/2907
f 4423/2653/2986 4422/2652/2985 4421/2651/2984
f 4424/2654/2987 4422/2652/2985 4423/2653/2986
f 4425/2655/2156 4426/2656/1750 4427/2657/1754
f 4428/2658/2988 4427/2657/1754 4426/2656/1750
f 4429/2659/2989 4428/2658/2988 4426/2656/1750
f 4422/2652/2985 4424/2654/2987 4430/2660/2990
f 4430/2660/2990 4419/2649/2981 4422/2652/2985
f 4431/2661/2991 4430/2660/2990 4424/2654/2987
f 4205/2435/2822 4428/2658/2988 4429/2659/2989
f 4205/2435/2822 4429/2659/2989 4432/2662/2992
f 4207/2437/2824 4205/2435/2822 4432/2662/2992
f 4204/2434/2821 4433/2663/2993 4431/2661/2991
f 4430/2660/2990 4431/2661/2991 4433/2663/2993
f 4433/2663/2993 4204/2434/2821 4203/2433/2820
f 4430/2660/2990 4433/2663/2993 4213/2443/2827
f 4203/2433/2820 4213/2443/2827 4433/2663/2993
f 4419/2649/2981 4430/2660/2990 4211/2441/2825
f 4213/2443/2827 4211/2441/2825 4430/2660/2990
f 4434/2664/2994 4435/2665/2995 4436/2666/2996
f 4435/2665/2995 4434/2664/2994 4437/2667/2997
f 4438/2668/2998 4434/2664/2994 4436/2666/2996
f 4436/2666/2996 4439/2669/2999 4438/2668/2998
f 4440/2670/3000 4437/2667/2997 4434/2664/2994
f 4434/2664/2994 4438/2668/2998 4441/2671/3001
f 4441/2671/3001 4440/2670/3000 4434/2664/2994
f 4441/2671/3001 4438/2668/2998 4442/2672/3002
f 4438/2668/2998 4439/2669/2999 4443/2673/3003
f 4438/2668/2998 4443/2673/3003 4442/2672/3002
f 4439/2669/2999 4444/2674/3004 4443/2673/3003
f 4445/2675/3005 4446/2676/3006 4439/2669/2999
f 4439/2669/2999 4446/2676/3006 4444/2674/3004
f 4446/2676/3006 4447/2677/3007 4444/2674/3004
f 4448/2678/3008 4444/2674/3004 4447/2677/3007
f 4444/2674/3004 4448/2678/3008 4449/2679/3009
f 4450/2680/3010 4449/2679/3009 4448/2678/3008
f 4444/2674/3004 4449/2679/3009 4451/2681/3011
f 4443/2673/3003 4444/2674/3004 4451/2681/3011
f 4449/2679/3009 4450/2680/3010 4452/2682/3012
f 4452/2682/3012 4451/2681/3011 4449/2679/3009
f 4442/2672/3002 4443/2673/3003 4451/2681/3011
f 4450/2680/3010 4453/2683/3013 4452/2682/3012
f 4451/2681/3011 4452/2682/3012 4454/2684/3014
f 4454/2684/3014 4452/2682/3012 4453/2683/3013
f 4453/2683/3013 4450/2680/3010 4455/2685/3015
f 4456/2686/3016 4451/2681/3011 4454/2684/3014
f 4442/2672/3002 4451/2681/3011 4457/2687/3017
f 4451/2681/3011 4456/2686/3016 4457/2687/3017
f 4454/2684/3014 4453/2683/3013 4458/2688/3018
f 4454/2684/3014 4459/2689/3019 4456/2686/3016
f 4459/2689/3019 4454/2684/3014 4458/2688/3018
f 4460/2690/3020 4458/2688/3018 4453/2683/3013
f 4455/2685/3015 4460/2690/3020 4453/2683/3013
f 4458/2688/3018 4258/2488/2857 4459/2689/3019
f 4257/2487/2856 4456/2686/3016 4459/2689/3019
f 4459/2689/3019 4258/2488/2857 4257/2487/2856
f 4456/2686/3016 4257/2487/2856 4461/2691/3021
f 4461/2691/3021 4457/2687/3017 4456/2686/3016
f 4458/2688/3018 4460/2690/3020 4462/2692/3022
f 4258/2488/2857 4458/2688/3018 4462/2692/3022
f 4460/2690/3020 4455/2685/3015 4463/2693/1792
f 4460/2690/3020 4464/2694/3023 4462/2692/3022
f 4463/2693/1792 4464/2694/3023 4460/2690/3020
f 4457/2687/3017 4461/2691/3021 4465/2695/3024
f 4465/2695/3024 4442/2672/3002 4457/2687/3017
f 4260/2490/2859 4258/2488/2857 4462/2692/3022
f 4462/2692/3022 4464/2694/3023 4260/2490/2859
f 4442/2672/3002 4465/2695/3024 4466/2696/3025
f 4467/2697/3026 4441/2671/3001 4466/2696/3027
f 4467/2697/3026 4466/2696/3027 4468/2698/1762
f 4465/2695/3024 4461/2691/3021 4469/2699/3028
f 4440/2670/3000 4441/2671/3001 4467/2697/3026
f 4253/2483/1765 4469/2699/3028 4461/2691/3021
f 4461/2691/3021 4257/2487/2856 4253/2483/1765
f 4470/2700/1991 4471/2701/3029 4472/2702/3030
f 4473/2703/3031 4470/2700/1991 4472/2702/3030
f 4470/2700/1991 4473/2703/3031 4474/2704/3032
f 4473/2703/3031 4475/2705/3033 4474/2704/3032
f 4476/2706/3034 4477/2707/3035 4475/2705/3033
f 4477/2707/3035 4476/2706/3034 4478/2708/3036
f 4437/2667/2997 4440/2670/3000 4479/2709/3037
f 4480/2710/3038 4477/2707/3035 4478/2708/3036
f 4481/2711/3039 4437/2667/2997 4479/2709/3037
f 4437/2667/2997 4481/2711/3039 4482/2712/3040
f 4482/2712/3040 4481/2711/3039 4483/2713/3041
f 4481/2711/3039 4484/2714/3042 4483/2713/3041
f 4485/2715/3043 4482/2712/3040 4483/2713/3041
f 4486/2716/3044 4484/2714/3042 4487/2717/3045
f 4486/2716/3044 4483/2713/3041 4484/2714/3042
f 4488/2718/3046 4485/2715/3043 4483/2713/3041
f 4483/2713/3041 4486/2716/3044 4488/2718/3046
f 4485/2715/3043 4488/2718/3046 4489/2719/3047
f 4490/2720/3048 4491/2721/3049 4492/2722/3050
f 4493/2723/3051 4490/2720/3048 4492/2722/3050
f 4488/2718/3046 4494/2724/3052 4489/2719/3047
f 4486/2716/3044 4495/2725/3053 4488/2718/3046
f 4494/2724/3052 4488/2718/3046 4495/2725/3053
f 4486/2716/3044 4490/2720/3048 4496/2726/3054
f 4486/2716/3044 4496/2726/3054 4495/2725/3053
f 4497/2727/3055 4496/2726/3054 4490/2720/3048
f 4496/2726/3054 4498/2728/3056 4495/2725/3053
f 4498/2728/3056 4494/2724/3052 4495/2725/3053
f 4498/2728/3056 4496/2726/3054 4499/2729/3057
f 4497/2727/3055 4500/2730/3058 4501/2731/3059
f 4502/2732/3060 4501/2731/3059 4500/2730/3058
f 4503/2733/3061 4498/2728/3056 4499/2729/3057
f 4503/2733/3061 4172/2402/2794 4173/2403/2795
f 4504/2734/3062 4503/2733/3061 4173/2403/2795
f 4498/2728/3056 4503/2733/3061 4504/2734/3062
f 4174/2404/2796 4504/2734/3062 4173/2403/2795
f 4175/2405/2797 4504/2734/3062 4174/2404/2796
f 4505/2735/3063 4498/2728/3056 4504/2734/3062
f 4504/2734/3062 4175/2405/2797 4505/2735/3063
f 4498/2728/3056 4505/2735/3063 4506/2736/3064
f 4494/2724/3052 4498/2728/3056 4506/2736/3064
f 4507/2737/3065 4505/2735/3063 4175/2405/2797
f 4507/2737/3065 4506/2736/3064 4505/2735/3063
f 4507/2737/3065 4175/2405/2797 4176/2406/2798
f 4508/2738/3066 4494/2724/3052 4506/2736/3064
f 4506/2736/3064 4507/2737/3065 4508/2738/3066
f 4509/2739/3067 4507/2737/3065 4176/2406/2798
f 4509/2739/3067 4508/2738/3066 4507/2737/3065
f 4176/2406/2798 4179/2409/2801 4509/2739/3067
f 4508/2738/3066 4509/2739/3067 4510/2740/3068
f 4508/2738/3066 4510/2740/3068 4511/2741/3049
f 4509/2739/3069 4512/2742/3070 4513/2743/3071
f 4514/2744/3072 4513/2743/3071 4512/2742/3070
f 4515/2745/3073 4513/2743/3071 4516/2746/3074
f 4513/2743/3071 4514/2744/3072 4516/2746/3074
f 4517/2747/2161 4400/2630/2968 4518/2748/3075
f 4339/2569/2919 4518/2748/3075 4400/2630/2968
f 4519/2749/3076 4517/2747/2161 4518/2748/3075
f 4517/2747/2161 4519/2749/3076 4520/2750/3077
f 4518/2748/3075 4339/2569/2919 4521/2751/3078
f 4521/2751/3078 4519/2749/3076 4518/2748/3075
f 4520/2750/3077 4519/2749/3076 4522/2752/2165
f 4519/2749/3076 4521/2751/3078 4523/2753/3079
f 4522/2752/2165 4519/2749/3076 4524/2754/3080
f 4523/2753/3079 4524/2754/3080 4519/2749/3076
f 4521/2751/3078 4525/2755/3081 4523/2753/3079
f 4339/2569/2919 4333/2563/2914 4521/2751/3078
f 4525/2755/3081 4521/2751/3078 4333/2563/2914
f 4523/2753/3079 4525/2755/3081 4526/2756/3082
f 4524/2754/3080 4523/2753/3079 4526/2756/3082
f 4526/2756/3082 4525/2755/3081 4527/2757/3083
f 4522/2752/2165 4524/2754/3080 4528/2758/3084
f 4529/2759/3085 4524/2754/3080 4526/2756/3082
f 4530/2760/3086 4526/2756/3082 4527/2757/3083
f 4526/2756/3082 4530/2760/3086 4529/2759/3085
f 4525/2755/3081 4327/2557/2908 4527/2757/3083
f 4527/2757/3083 4327/2557/2908 4530/2760/3086
f 4327/2557/2908 4525/2755/3081 4329/2559/2910
f 4333/2563/2914 4329/2559/2910 4525/2755/3081
f 4524/2754/3080 4529/2759/3085 4531/2761/3087
f 4528/2758/3084 4524/2754/3080 4531/2761/3087
f 4315/2545/2899 4530/2760/3086 4327/2557/2908
f 4531/2761/3087 4308/2538/2109 4528/2758/3084
f 4529/2759/3085 4532/2762/3088 4531/2761/3087
f 4308/2538/2109 4531/2761/3087 4532/2762/3088
f 4529/2759/3085 4530/2760/3086 4533/2763/3089
f 4532/2762/3088 4529/2759/3085 4533/2763/3089
f 4313/2543/2897 4533/2763/3089 4530/2760/3086
f 4530/2760/3086 4315/2545/2899 4313/2543/2897
f 4305/2535/2891 4532/2762/3088 4533/2763/3089
f 4310/2540/2018 4533/2763/3089 4313/2543/2897
f 4533/2763/3089 4310/2540/2018 4305/2535/2891
f 4532/2762/3088 4305/2535/2891 4304/2534/2890
f 4304/2534/2890 4308/2538/2109 4532/2762/3088
f 4383/2613/2954 4534/2764/3090 4535/2765/3091
f 4140/2370/2765 4535/2765/3091 4534/2764/3090
f 4380/2610/2951 4383/2613/2954 4535/2765/3091
f 4140/2370/2765 4534/2764/3090 4131/2361/2757
f 4534/2764/3090 4536/2766/3092 4132/2362/2758
f 4534/2764/3090 4132/2362/2758 4131/2361/2757
f 4536/2766/3092 4537/2767/3093 4132/2362/2758
f 4538/2768/3094 4539/2769/3095 4540/2770/3096
f 4125/2355/2751 4537/2767/3093 4541/2771/2561
f 4124/2354/2563 4125/2355/2751 4541/2771/2561
f 4537/2767/3093 4125/2355/2751 4127/2357/2753
f 4132/2362/2758 4537/2767/3093 4127/2357/2753
f 4542/2772/2565 4543/2773/3097 4544/2774/3098
f 4101/2331/2732 4124/2354/2563 4100/2330/2383
f 4195/2425/2814 4201/2431/2819 4545/2775/2166
f 4201/2431/2819 4391/2621/2961 4545/2775/2166
f 4200/2430/2006 4394/2624/2963 4201/2431/2819
f 4391/2621/2961 4201/2431/2819 4394/2624/2963
f 4394/2624/2963 4200/2430/2006 4350/2580/2930
f 4545/2775/2166 4546/2776/3099 4547/2777/3100
f 4548/2778/3101 4547/2777/3100 4546/2776/3099
f 4547/2777/3100 4548/2778/3101 4549/2779/3102
f 4550/2780/2164 4403/2633/2970 4551/2781/3103
f 4551/2781/3103 4403/2633/2970 4402/2632/2969
f 4552/2782/3104 4553/2783/3105 4554/2784/3106
f 4553/2783/3105 4552/2782/3104 4555/2785/3107
f 4555/2785/3108 4556/2786/3109 4463/2693/1792
f 4557/2787/3110 4463/2693/1792 4556/2786/3109
f 4463/2693/1792 4557/2787/3110 4558/2788/3111
f 4464/2694/3023 4463/2693/1792 4558/2788/3111
f 4557/2787/3110 4559/2789/3112 4558/2788/3111
f 4558/2788/3111 4560/2790/3113 4464/2694/3023
f 4560/2790/3113 4558/2788/3111 4559/2789/3112
f 4262/2492/2861 4464/2694/3023 4560/2790/3113
f 4464/2694/3023 4262/2492/2861 4260/2490/2859
f 4559/2789/3112 4264/2494/2863 4560/2790/3113
f 4264/2494/2863 4262/2492/2861 4560/2790/3113
f 4561/2791/3114 4264/2494/2863 4559/2789/3112
f 4561/2791/3114 4265/2495/2864 4264/2494/2863
f 4265/2495/2864 4561/2791/3114 4271/2501/1642
f 4562/2792/1648 4563/2793/3115 4564/2794/3116
f 4562/2792/1648 4564/2794/3116 4286/2516/1649
f 4281/2511/2875 4284/2514/2878 4565/2795/3117
f 4566/2796/3118 4565/2795/3117 4284/2514/2878
f 4284/2514/2878 4289/2519/2882 4566/2796/3118
f 4567/2797/3119 4281/2511/2875 4565/2795/3117
f 4565/2795/3117 4566/2796/3118 4568/2798/3120
f 4568/2798/3120 4567/2797/3119 4565/2795/3117
f 4289/2519/2882 4569/2799/3121 4566/2796/3118
f 4569/2799/3121 4568/2798/3120 4566/2796/3118
f 4569/2799/3121 4289/2519/2882 4294/2524/1665
f 4294/2524/1665 4293/2523/2886 4569/2799/3121
f 4570/2800/1839 4569/2799/3121 4293/2523/2886
f 4568/2798/3120 4569/2799/3121 4570/2800/1839
f 4293/2523/2886 4303/2533/1837 4570/2800/1839
f 4222/2452/2835 4567/2797/3119 4568/2798/3120
f 4568/2798/3120 4571/2801/1838 4222/2452/2835
f 4571/2801/1838 4303/2533/1837 4221/2451/2834
f 4221/2451/2834 4216/2446/2830 4571/2801/1838
f 4216/2446/2830 4222/2452/2835 4571/2801/1838
f 4222/2452/2835 4224/2454/1614 4567/2797/3119
f 4567/2797/3119 4224/2454/1614 4572/2802/3122
f 4281/2511/2875 4567/2797/3119 4572/2802/3122
f 4572/2802/3122 4224/2454/1614 4237/2467/2842
f 4236/2466/2841 4281/2511/2875 4572/2802/3122
f 4237/2467/2842 4236/2466/2841 4572/2802/3122
f 4573/2803/3123 4574/2804/3124 4575/2805/3125
f 4575/2805/3125 4489/2719/3047 4494/2724/3052
f 4494/2724/3052 4508/2738/3066 4575/2805/3125
f 4573/2803/3123 4575/2805/3125 4511/2741/3049
f 4511/2741/3049 4575/2805/3125 4508/2738/3066
f 4574/2804/3124 4573/2803/3123 4576/2806/3126
f 4576/2806/3126 4577/2807/3127 4574/2804/3124
f 4485/2715/3043 4574/2804/3124 4577/2807/3127
f 4576/2806/3126 4573/2803/3123 4578/2808/3128
f 4578/2808/3128 4579/2809/3129 4576/2806/3126
f 4577/2807/3127 4576/2806/3126 4579/2809/3129
f 4580/2810/3047 4577/2807/3127 4581/2811/3130
f 4577/2807/3127 4580/2810/3047 4485/2715/3043
f 4582/2812/3131 4581/2811/3130 4583/2813/3132
f 4580/2810/3047 4581/2811/3130 4582/2812/3131
f 4485/2715/3043 4580/2810/3047 4482/2712/3040
f 4582/2812/3131 4583/2813/3132 4445/2675/3005
f 4584/2814/3133 4585/2815/3134 4586/2816/3135
f 4586/2816/3135 4587/2817/3136 4584/2814/3133
f 4580/2810/3047 4437/2667/2997 4482/2712/3040
f 4435/2665/2995 4580/2810/3047 4582/2812/3131
f 4437/2667/2997 4580/2810/3047 4435/2665/2995
f 4582/2812/3131 4445/2675/3005 4588/2818/3137
f 4582/2812/3131 4436/2666/2996 4435/2665/2995
f 4588/2818/3137 4445/2675/3005 4439/2669/2999
f 4589/2819/3138 4590/2820/3139 4591/2821/3140
f 4592/2822/2366 4593/2823/2369 4594/2824/3141
f 4595/2825/2426 4596/2826/3142 4597/2827/2427
f 4598/2828/3143 4599/2829/3144 4600/2830/3145
f 4601/2831/3146 4602/2832/2786 4603/2833/3147
f 4604/2834/2420 4601/2831/3146 4603/2833/3147
f 4601/2831/3146 4604/2834/2420 4605/2835/3148
f 4595/2825/2426 4606/2836/2802 4607/2837/2800
f 4606/2836/2802 4608/2838/3149 4609/2839/3150
f 4606/2836/2802 4610/2840/3151 4608/2838/3149
f 4610/2840/3151 4606/2836/2802 4611/2841/3152
f 4612/2842/2430 4610/2840/3151 4611/2841/3152
f 4613/2843/3153 4611/2841/3152 4614/2844/2375
f 4611/2841/3152 4613/2843/3153 4612/2842/2430
f 4614/2844/2375 4615/2845/3154 4613/2843/3153
f 4616/2846/3155 4613/2843/3153 4615/2845/3154
f 4615/2845/3154 4617/2847/2434 4616/2846/3155
f 4616/2846/3155 4618/2848/3156 4619/2849/3157
f 4618/2848/3156 4616/2846/3155 4617/2847/2434
f 4620/2850/3158 4619/2849/3157 4618/2848/3156
f 4617/2847/2434 4621/2851/2435 4618/2848/3156
f 4618/2848/3156 4622/2852/2438 4620/2850/3158
f 4622/2852/2438 4618/2848/3156 4621/2851/2435
f 4622/2852/2438 4623/2853/3159 4620/2850/3158
f 4621/2851/2435 4624/2854/3160 4622/2852/2438
f 4624/2854/3160 4625/2855/3161 4622/2852/2438
f 4626/2856/2440 4625/2855/3161 4627/2857/2451
f 4628/2858/3162 4626/2856/2440 4627/2857/2451
f 4625/2855/3161 4624/2854/3160 4629/2859/2442
f 4629/2859/2442 4627/2857/2451 4625/2855/3161
f 4630/2860/3163 4594/2824/3141 4593/2823/2369
f 4627/2857/2451 4629/2859/2442 4631/2861/2445
f 4632/2862/2448 4627/2857/2451 4631/2861/2445
f 4627/2857/2451 4633/2863/2452 4628/2858/3162
f 4634/2864/3164 4628/2858/3162 4633/2863/2452
f 4633/2863/2452 4635/2865/3165 4634/2864/3164
f 4628/2858/3162 4634/2864/3164 4636/2866/3166
f 4637/2867/3167 4636/2866/3166 4634/2864/3164
f 4638/2868/3168 4634/2864/3164 4635/2865/3165
f 4634/2864/3164 4638/2868/3168 4637/2867/3167
f 4635/2865/3165 4639/2869/3169 4640/2870/3170
f 4641/2871/3171 4637/2867/3167 4638/2868/3168
f 4637/2867/3167 4641/2871/3171 4642/2872/3172
f 4638/2868/3168 4643/2873/3173 4641/2871/3171
f 4644/2874/2460 4640/2870/3170 4639/2869/3169
f 4645/2875/3174 4646/2876/1633 4647/2877/1632
f 4648/2878/3175 4649/2879/1637 4650/2880/3176
f 4651/2881/1640 4652/2882/3177 4653/2883/1763
f 4653/2883/1763 4654/2884/1765 4651/2881/1640
f 4655/2885/1639 4656/2886/2854 4649/2879/1635
f 4657/2887/3178 4658/2888/2035 4659/2889/3179
f 4660/2890/3180 4659/2889/3179 4658/2888/2035
f 4661/2891/3181 4662/2892/3182 4663/2893/3183
f 4663/2893/3183 4664/2894/3184 4661/2891/3181
f 4665/2895/3185 4661/2891/3181 4664/2894/3184
f 4664/2894/3184 4666/2896/3186 4665/2895/3185
f 4662/2892/3182 4661/2891/3181 4667/2897/3187
f 4665/2895/3185 4666/2896/3186 4668/2898/3188
f 4668/2898/3188 4666/2896/3186 4669/2899/3136
f 4661/2891/3181 4665/2895/3185 4670/2900/3189
f 4670/2900/3189 4667/2897/3187 4661/2891/3181
f 4665/2895/3185 4671/2901/3190 4670/2900/3189
f 4665/2895/3185 4668/2898/3188 4671/2901/3190
f 4667/2897/3187 4672/2902/3191 4662/2892/3182
f 4667/2897/3187 4670/2900/3189 4673/2903/3192
f 4670/2900/3189 4671/2901/3190 4674/2904/3193
f 4674/2904/3193 4673/2903/3192 4670/2900/3189
f 4673/2903/3192 4675/2905/3194 4667/2897/3187
f 4672/2902/3191 4667/2897/3187 4675/2905/3194
f 4673/2903/3192 4674/2904/3193 4676/2906/3195
f 4675/2905/3194 4677/2907/3008 4672/2902/3191
f 4675/2905/3194 4673/2903/3192 4678/2908/3196
f 4676/2906/3195 4678/2908/3196 4673/2903/3192
f 4677/2907/3008 4675/2905/3194 4679/2909/3138
f 4678/2908/3196 4679/2909/3138 4675/2905/3194
f 4679/2909/3138 4680/2910/3197 4677/2907/3008
f 4680/2910/3197 4679/2909/3138 4681/2911/3198
f 4680/2910/3197 4681/2911/3198 4682/2912/3199
f 4683/2913/3001 4684/2914/3002 4685/2915/3200
f 4686/2916/3201 4687/2917/3026 4688/2918/3202
f 4654/2884/1765 4689/2919/3203 4690/2920/3028
f 4689/2919/3203 4691/2921/3204 4690/2920/3028
f 4691/2921/3205 4692/2922/1760 4693/2923/1762
f 4689/2919/3203 4654/2884/1765 4694/2924/1764
f 4688/2918/3202 4695/2925/3206 4686/2916/3201
f 4695/2925/3033 4696/2926/3207 4697/2927/3208
f 4698/2928/3209 4686/2916/3201 4695/2925/3206
f 4695/2925/3206 4699/2929/3035 4698/2928/3209
f 4698/2928/3209 4699/2929/3035 4700/2930/3039
f 4699/2929/3035 4701/2931/3038 4702/2932/3210
f 4702/2932/3210 4700/2930/3039 4699/2929/3035
f 4703/2933/3211 4702/2932/3210 4701/2931/3038
f 4700/2930/3039 4702/2932/3210 4704/2934/3042
f 4702/2932/3210 4703/2933/3211 4705/2935/3212
f 4702/2932/3210 4705/2935/3212 4706/2936/3044
f 4703/2933/3211 4707/2937/3213 4705/2935/3212
f 4708/2938/3048 4706/2936/3044 4705/2935/3212
f 4708/2938/3048 4709/2939/3214 4710/2940/3215
f 4711/2941/3216 4710/2940/3215 4709/2939/3214
f 4712/2942/3054 4710/2940/3217 4713/2943/3218
f 4714/2944/3059 4713/2943/3218 4710/2940/3217
f 4714/2944/3059 4715/2945/2418 4716/2946/2421
f 4713/2943/3218 4714/2944/3059 4717/2947/3219
f 4714/2944/3059 4716/2946/2421 4717/2947/3219
f 4718/2948/3070 4719/2949/3069 4609/2839/3150
f 4609/2839/3150 4608/2838/3149 4718/2948/3070
f 4720/2950/3071 4721/2951/3220 4719/2949/3221
f 4722/2952/3222 4723/2953/3223 4721/2951/3220
f 4721/2951/3220 4720/2950/3071 4722/2952/3222
f 4723/2953/3223 4722/2952/3222 4724/2954/3224
f 4725/2955/3225 4718/2948/3070 4608/2838/3149
f 4608/2838/3149 4610/2840/3151 4725/2955/3225
f 4718/2948/3070 4725/2955/3225 4726/2956/3226
f 4724/2954/3224 4722/2952/3222 4727/2957/3227
f 4722/2952/3222 4728/2958/3228 4727/2957/3227
f 4724/2954/3224 4727/2957/3227 4669/2899/3136
f 4729/2959/3229 4725/2955/3225 4610/2840/3151
f 4610/2840/3151 4612/2842/2430 4729/2959/3229
f 4730/2960/3230 4726/2956/3226 4725/2955/3225
f 4725/2955/3225 4729/2959/3229 4730/2960/3230
f 4731/2961/3231 4669/2899/3136 4727/2957/3227
f 4669/2899/3136 4731/2961/3231 4668/2898/3188
f 4727/2957/3227 4732/2962/3232 4731/2961/3231
f 4732/2962/3232 4727/2957/3227 4728/2958/3228
f 4728/2958/3228 4726/2956/3226 4733/2963/3233
f 4728/2958/3228 4733/2963/3233 4732/2962/3232
f 4726/2956/3226 4730/2960/3230 4733/2963/3233
f 4734/2964/1781 4735/2965/1780 4736/2966/3234
f 4737/2967/3235 4738/2968/3236 4734/2964/1781
f 4738/2968/3236 4737/2967/3235 4739/2969/3237
f 4738/2968/3236 4739/2969/3237 4740/2970/3106
f 4739/2969/3237 4737/2967/3235 4741/2971/1788
f 4742/2972/3238 4739/2969/3237 4741/2971/1788
f 4743/2973/3239 4744/2974/3125 4745/2975/3124
f 4745/2975/3124 4746/2976/3043 4743/2973/3239
f 4747/2977/3123 4723/2953/3223 4724/2954/3224
f 4747/2977/3123 4724/2954/3224 4748/2978/3128
f 4748/2978/3128 4724/2954/3224 4669/2899/3136
f 4749/2979/3129 4748/2978/3128 4750/2980/3135
f 4669/2899/3136 4750/2980/3135 4748/2978/3128
f 4751/2981/3130 4752/2982/3127 4749/2979/3129
f 4751/2981/3130 4749/2979/3129 4753/2983/3240
f 4750/2980/3135 4753/2983/3240 4749/2979/3129
f 4753/2983/3240 4750/2980/3135 4664/2894/3184
f 4664/2894/3184 4663/2893/3183 4753/2983/3240
f 4754/2984/3241 4755/2985/3131 4756/2986/3137
f 4757/2987/3242 4754/2984/3241 4756/2986/3137
f 4758/2988/3243 4642/2872/3172 4759/2989/3244
f 4760/2990/3245 4759/2989/3244 4642/2872/3172
f 4761/2991/3246 4758/2988/3243 4762/2992/3247
f 4758/2988/3243 4759/2989/3244 4762/2992/3247
f 4759/2989/3244 4760/2990/3245 4763/2993/488
f 4763/2993/488 4762/2992/3247 4759/2989/3244
f 4764/2994/3248 4763/2993/488 4760/2990/3245
f 4761/2991/3246 4762/2992/3247 4765/2995/3249
f 4763/2993/488 4764/2994/3248 4766/2996/3250
f 4764/2994/3248 4767/2997/3251 4766/2996/3250
f 4762/2992/3247 4763/2993/488 4768/2998/3252
f 4766/2996/3250 4768/2998/3252 4763/2993/488
f 4768/2998/3252 4765/2995/3249 4762/2992/3247
f 4767/2997/3251 4769/2999/3253 4766/2996/3250
f 4767/2997/3251 4770/3000/2725 4769/2999/3253
f 4770/3000/2725 4771/3001/3254 4769/2999/3253
f 4766/2996/3250 4769/2999/3253 4772/3002/3255
f 4768/2998/3252 4766/2996/3250 4772/3002/3255
f 4769/2999/3253 4771/3001/3254 4773/3003/3256
f 4769/2999/3253 4773/3003/3256 4772/3002/3255
f 4771/3001/3254 4774/3004/3257 4773/3003/3256
f 4773/3003/3256 4774/3004/3257 4775/3005/3258
f 4772/3002/3255 4776/3006/3259 4768/2998/3252
f 4765/2995/3249 4768/2998/3252 4776/3006/3259
f 4773/3003/3256 4777/3007/3260 4772/3002/3255
f 4776/3006/3259 4772/3002/3255 4777/3007/3260
f 4778/3008/3261 4773/3003/3256 4775/3005/3258
f 4777/3007/3260 4773/3003/3256 4778/3008/3261
f 4775/3005/3258 4779/3009/3262 4778/3008/3261
f 4779/3009/3262 4775/3005/3258 4780/3010/3263
f 4781/3011/3264 4778/3008/3261 4779/3009/3262
f 4778/3008/3261 4781/3011/3264 4777/3007/3260
f 4776/3006/3259 4777/3007/3260 4781/3011/3264
f 4782/3012/3265 4776/3006/3259 4781/3011/3264
f 4783/3013/3266 4776/3006/3259 4782/3012/3265
f 4776/3006/3259 4783/3013/3266 4765/2995/3249
f 4784/3014/3267 4765/2995/3249 4783/3013/3266
f 4765/2995/3249 4784/3014/3267 4785/3015/3268
f 4785/3015/3268 4761/2991/3246 4765/2995/3249
f 4786/3016/3269 4761/2991/3246 4785/3015/3268
f 4787/3017/3270 4785/3015/3268 4784/3014/3267
f 4785/3015/3268 4787/3017/3270 4786/3016/3269
f 4788/3018/3271 4786/3016/3269 4787/3017/3270
f 4786/3016/3269 4788/3018/3271 4789/3019/3272
f 4790/3020/3273 4788/3018/3271 4787/3017/3270
f 4790/3020/3273 4787/3017/3270 4791/3021/3274
f 4792/3022/3275 4789/3019/3272 4788/3018/3271
f 4789/3019/3272 4792/3022/3275 4793/3023/3276
f 4794/3024/3277 4788/3018/3271 4790/3020/3273
f 4792/3022/3275 4788/3018/3271 4794/3024/3277
f 4795/3025/3278 4790/3020/3273 4791/3021/3274
f 4796/3026/3279 4793/3023/3276 4792/3022/3275
f 4796/3026/3279 4792/3022/3275 4794/3024/3277
f 4795/3025/3278 4794/3024/3277 4790/3020/3273
f 4795/3025/3278 4791/3021/3274 4797/3027/3280
f 4798/3028/3281 4796/3026/3279 4794/3024/3277
f 4794/3024/3277 4795/3025/3278 4799/3029/3282
f 4798/3028/3281 4794/3024/3277 4799/3029/3282
f 4797/3027/3280 4800/3030/3283 4795/3025/3278
f 4799/3029/3282 4795/3025/3278 4800/3030/3283
f 4800/3030/3283 4797/3027/3280 4801/3031/3284
f 4801/3031/3284 4802/3032/3285 4800/3030/3283
f 4802/3032/3285 4801/3031/3284 4803/3033/3286
f 4803/3033/3286 4804/3034/3287 4802/3032/3285
f 4805/3035/3288 4800/3030/3283 4802/3032/3285
f 4805/3035/3288 4802/3032/3285 4804/3034/3287
f 4804/3034/3287 4803/3033/3286 4806/3036/3289
f 4800/3030/3283 4805/3035/3288 4807/3037/3290
f 4807/3037/3290 4799/3029/3282 4800/3030/3283
f 4806/3036/3289 4808/3038/3291 4804/3034/3287
f 4808/3038/3291 4806/3036/3289 4809/3039/3292
f 4810/3040/3293 4805/3035/3288 4804/3034/3287
f 4809/3039/3292 4811/3041/3294 4808/3038/3291
f 4811/3041/3294 4809/3039/3292 4812/3042/3295
f 4813/3043/3296 4804/3034/3287 4808/3038/3291
f 4813/3043/3296 4808/3038/3291 4811/3041/3294
f 4804/3034/3287 4813/3043/3296 4810/3040/3293
f 4812/3042/3295 4814/3044/3297 4811/3041/3294
f 4814/3044/3297 4812/3042/3295 4815/3045/3298
f 4816/3046/3299 4811/3041/3294 4814/3044/3297
f 4816/3046/3299 4813/3043/3296 4811/3041/3294
f 4817/3047/1843 4818/3048/3300 4814/3044/3297
f 4819/3049/3301 4813/3043/3296 4816/3046/3299
f 4819/3049/3301 4810/3040/3293 4813/3043/3296
f 4820/3050/3302 4816/3046/3299 4814/3044/3297
f 4820/3050/3302 4814/3044/3297 4818/3048/3300
f 4821/3051/3303 4816/3046/3299 4820/3050/3302
f 4821/3051/3303 4819/3049/3301 4816/3046/3299
f 4810/3040/3293 4819/3049/3301 4822/3052/3304
f 4822/3052/3304 4805/3035/3288 4810/3040/3293
f 4805/3035/3288 4822/3052/3304 4823/3053/3305
f 4823/3053/3305 4807/3037/3290 4805/3035/3288
f 4824/3054/3306 4822/3052/3304 4819/3049/3301
f 4825/3055/3307 4819/3049/3301 4821/3051/3303
f 4819/3049/3301 4825/3055/3307 4824/3054/3306
f 4822/3052/3304 4824/3054/3306 4826/3056/3308
f 4826/3056/3308 4823/3053/3305 4822/3052/3304
f 4807/3037/3290 4823/3053/3305 4827/3057/3309
f 4827/3057/3309 4799/3029/3282 4807/3037/3290
f 4823/3053/3305 4826/3056/3308 4828/3058/3310
f 4799/3029/3282 4827/3057/3309 4829/3059/3311
f 4830/3060/3312 4827/3057/3309 4823/3053/3305
f 4828/3058/3310 4830/3060/3312 4823/3053/3305
f 4830/3060/3312 4829/3059/3311 4827/3057/3309
f 4829/3059/3311 4798/3028/3281 4799/3029/3282
f 4831/3061/3313 4798/3028/3281 4829/3059/3311
f 4829/3059/3311 4830/3060/3312 4831/3061/3313
f 4798/3028/3281 4831/3061/3313 4832/3062/3314
f 4833/3063/3315 4831/3061/3313 4830/3060/3312
f 4833/3063/3315 4832/3062/3314 4831/3061/3313
f 4832/3062/3314 4834/3064/3316 4798/3028/3281
f 4834/3064/3316 4796/3026/3279 4798/3028/3281
f 4796/3026/3279 4834/3064/3316 4835/3065/3317
f 4836/3066/3318 4835/3065/3317 4834/3064/3316
f 4836/3066/3318 4834/3064/3316 4832/3062/3314
f 4837/3067/3319 4836/3066/3318 4832/3062/3314
f 4832/3062/3314 4833/3063/3315 4837/3067/3319
f 4838/3068/3320 4836/3066/3318 4837/3067/3319
f 4838/3068/3320 4837/3067/3319 4833/3063/3315
f 4839/3069/3321 4838/3068/3320 4833/3063/3315
f 4668/2898/3188 4838/3068/3320 4839/3069/3321
f 4839/3069/3321 4833/3063/3315 4840/3070/3322
f 4840/3070/3322 4833/3063/3315 4830/3060/3312
f 4841/3071/3323 4668/2898/3188 4839/3069/3321
f 4841/3071/3323 4839/3069/3321 4840/3070/3322
f 4668/2898/3188 4841/3071/3323 4671/2901/3190
f 4674/2904/3193 4671/2901/3190 4841/3071/3323
f 4674/2904/3193 4841/3071/3323 4842/3072/3324
f 4840/3070/3322 4842/3072/3324 4841/3071/3323
f 4842/3072/3324 4676/2906/3195 4674/2904/3193
f 4830/3060/3312 4843/3073/3325 4840/3070/3322
f 4842/3072/3324 4840/3070/3322 4843/3073/3325
f 4843/3073/3325 4830/3060/3312 4828/3058/3310
f 4676/2906/3195 4842/3072/3324 4844/3074/3326
f 4843/3073/3325 4844/3074/3326 4842/3072/3324
f 4828/3058/3310 4845/3075/3327 4843/3073/3325
f 4844/3074/3326 4843/3073/3325 4845/3075/3327
f 4845/3075/3327 4828/3058/3310 4826/3056/3308
f 4844/3074/3326 4846/3076/3328 4676/2906/3195
f 4678/2908/3196 4676/2906/3195 4846/3076/3328
f 4845/3075/3327 4847/3077/3329 4844/3074/3326
f 4846/3076/3328 4844/3074/3326 4847/3077/3329
f 4826/3056/3308 4848/3078/3330 4845/3075/3327
f 4847/3077/3329 4845/3075/3327 4848/3078/3330
f 4848/3078/3330 4826/3056/3308 4824/3054/3306
f 4846/3076/3328 4849/3079/3331 4678/2908/3196
f 4847/3077/3329 4850/3080/3332 4846/3076/3328
f 4849/3079/3331 4846/3076/3328 4850/3080/3332
f 4849/3079/3331 4681/2911/3198 4679/2909/3138
f 4850/3080/3332 4847/3077/3329 4851/3081/3333
f 4848/3078/3330 4851/3081/3333 4847/3077/3329
f 4850/3080/3332 4740/2970/3106 4849/3079/3331
f 4681/2911/3198 4849/3079/3331 4740/2970/3106
f 4851/3081/3333 4852/3082/3334 4850/3080/3332
f 4740/2970/3106 4850/3080/3332 4852/3082/3334
f 4851/3081/3333 4848/3078/3330 4853/3083/3335
f 4824/3054/3306 4853/3083/3335 4848/3078/3330
f 4731/2961/3231 4732/2962/3232 4838/3068/3320
f 4838/3068/3320 4668/2898/3188 4731/2961/3231
f 4854/3084/3336 4732/2962/3232 4733/2963/3233
f 4732/2962/3232 4854/3084/3336 4838/3068/3320
f 4855/3085/3337 4733/2963/3233 4730/2960/3230
f 4733/2963/3233 4855/3085/3337 4854/3084/3336
f 4730/2960/3230 4856/3086/3338 4855/3085/3337
f 4856/3086/3338 4730/2960/3230 4729/2959/3229
f 4836/3066/3318 4854/3084/3336 4855/3085/3337
f 4836/3066/3318 4838/3068/3320 4854/3084/3336
f 4857/3087/3339 4855/3085/3337 4856/3086/3338
f 4855/3085/3337 4857/3087/3339 4836/3066/3318
f 4729/2959/3229 4858/3088/3340 4856/3086/3338
f 4858/3088/3340 4729/2959/3229 4612/2842/2430
f 4612/2842/2430 4859/3089/3341 4858/3088/3340
f 4860/3090/3342 4856/3086/3338 4858/3088/3340
f 4856/3086/3338 4860/3090/3342 4857/3087/3339
f 4861/3091/3343 4858/3088/3340 4859/3089/3341
f 4858/3088/3340 4861/3091/3343 4860/3090/3342
f 4859/3089/3341 4619/2849/3157 4861/3091/3343
f 4857/3087/3339 4860/3090/3342 4835/3065/3317
f 4835/3065/3317 4836/3066/3318 4857/3087/3339
f 4862/3092/3344 4860/3090/3342 4861/3091/3343
f 4860/3090/3342 4862/3092/3344 4835/3065/3317
f 4863/3093/3345 4861/3091/3343 4619/2849/3157
f 4861/3091/3343 4863/3093/3345 4862/3092/3344
f 4619/2849/3157 4620/2850/3158 4863/3093/3345
f 4864/3094/3346 4863/3093/3345 4620/2850/3158
f 4620/2850/3158 4623/2853/3159 4864/3094/3346
f 4865/3095/1000 4862/3092/3344 4863/3093/3345
f 4863/3093/3345 4864/3094/3346 4865/3095/1000
f 4835/3065/3317 4862/3092/3344 4866/3096/3347
f 4862/3092/3344 4865/3095/1000 4866/3096/3347
f 4867/3097/3348 4864/3094/3346 4623/2853/3159
f 4623/2853/3159 4626/2856/2440 4867/3097/3348
f 4868/3098/3349 4865/3095/1000 4864/3094/3346
f 4864/3094/3346 4867/3097/3348 4868/3098/3349
f 4867/3097/3348 4626/2856/2440 4869/3099/3350
f 4869/3099/3350 4868/3098/3349 4867/3097/3348
f 4626/2856/2440 4628/2858/3162 4869/3099/3350
f 4636/2866/3166 4869/3099/3350 4628/2858/3162
f 4866/3096/3347 4865/3095/1000 4793/3023/3276
f 4865/3095/1000 4868/3098/3349 4793/3023/3276
f 4793/3023/3276 4796/3026/3279 4866/3096/3347
f 4835/3065/3317 4866/3096/3347 4796/3026/3279
f 4793/3023/3276 4868/3098/3349 4789/3019/3272
f 4868/3098/3349 4869/3099/3350 4870/3100/3351
f 4868/3098/3349 4870/3100/3351 4789/3019/3272
f 4869/3099/3350 4636/2866/3166 4871/3101/3352
f 4871/3101/3352 4870/3100/3351 4869/3099/3350
f 4871/3101/3352 4636/2866/3166 4758/2988/3243
f 4636/2866/3166 4637/2867/3167 4758/2988/3243
f 4870/3100/3351 4871/3101/3352 4872/3102/3353
f 4758/2988/3243 4872/3102/3353 4871/3101/3352
f 4642/2872/3172 4758/2988/3243 4637/2867/3167
f 4870/3100/3351 4872/3102/3353 4786/3016/3269
f 4789/3019/3272 4870/3100/3351 4786/3016/3269
f 4872/3102/3353 4758/2988/3243 4761/2991/3246
f 4761/2991/3246 4786/3016/3269 4872/3102/3353
f 4853/3083/3335 4824/3054/3306 4825/3055/3307
f 4853/3083/3335 4873/3103/1858 4851/3081/3333
f 4852/3082/3334 4851/3081/3333 4873/3103/1858
f 4825/3055/3307 4874/3104/3354 4853/3083/3335
f 4873/3103/1858 4853/3083/3335 4874/3104/3354
f 4873/3103/1858 4874/3104/3354 4735/2965/1780
f 4738/2968/1782 4873/3103/1858 4735/2965/1780
f 4874/3104/3354 4825/3055/3307 4875/3105/3355
f 4821/3051/3303 4875/3105/3355 4825/3055/3307
f 4874/3104/3354 4876/3106/3356 4735/2965/1780
f 4874/3104/3354 4875/3105/3355 4876/3106/3356
f 4875/3105/3355 4821/3051/3303 4877/3107/3357
f 4877/3107/3357 4821/3051/3303 4820/3050/3302
f 4875/3105/3355 4878/3108/1861 4876/3106/3356
f 4877/3107/3357 4878/3108/1861 4875/3105/3355
f 4735/2965/1780 4876/3106/3356 4736/2966/3234
f 4877/3107/3357 4820/3050/3302 4879/3109/1864
f 4876/3106/3356 4878/3108/1861 4880/3110/3358
f 4876/3106/3356 4880/3110/3358 4736/2966/3234
f 4879/3109/1864 4820/3050/3302 4818/3048/3300
f 4881/3111/1863 4882/3112/1869 4878/3108/1861
f 4878/3108/1861 4882/3112/1869 4880/3110/3358
f 4879/3109/1864 4883/3113/3359 4881/3111/1863
f 4882/3112/1869 4881/3111/1863 4883/3113/3359
f 4818/3048/3300 4884/3114/1866 4879/3109/1864
f 4883/3113/3359 4879/3109/1864 4884/3114/1866
f 4884/3114/1866 4818/3048/3300 4885/3115/3360
f 4886/3116/3361 4885/3115/3360 4818/3048/3300
f 4818/3048/3300 4817/3047/1843 4886/3116/3361
f 4887/3117/1885 4888/3118/3362 4889/3119/3363
f 4890/3120/3364 4889/3119/3363 4888/3118/3362
f 4889/3119/3363 4890/3120/3364 4891/3121/3365
f 4888/3118/3362 4892/3122/3366 4890/3120/3364
f 4893/3123/3367 4890/3120/3364 4892/3122/3366
f 4893/3123/3367 4891/3121/3365 4890/3120/3364
f 4894/3124/1897 4895/3125/1899 4896/3126/3368
f 4897/3127/3369 4898/3128/3370 4899/3129/3371
f 4900/3130/3372 4899/3129/3371 4898/3128/3370
f 4901/3131/2471 4902/3132/2711 4644/2874/2460
f 4903/3133/3373 4904/3134/3374 4905/3135/3375
f 4903/3133/3373 4905/3135/3375 4906/3136/3376
f 4907/3137/3377 4641/2871/3171 4643/2873/3173
f 4641/2871/3171 4907/3137/3377 4908/3138/3378
f 4909/3139/2717 4908/3138/3378 4907/3137/3377
f 4908/3138/3378 4642/2872/3172 4641/2871/3171
f 4642/2872/3172 4908/3138/3378 4760/2990/3245
f 4908/3138/3378 4909/3139/2717 4910/3140/3379
f 4910/3140/3379 4760/2990/3245 4908/3138/3378
f 4911/3141/3380 4910/3140/3379 4909/3139/2717
f 4910/3140/3379 4911/3141/3380 4912/3142/3381
f 4913/3143/3382 4912/3142/3381 4911/3141/3380
f 4764/2994/3248 4912/3142/3381 4767/2997/3251
f 4912/3142/3381 4913/3143/3382 4914/3144/3383
f 4914/3144/3383 4767/2997/3251 4912/3142/3381
usemtl RooofTop1Mtl
f 4915/3145/3384 4916/3146/3385 4917/3147/3386
f 4918/3148/3387 4916/3146/3385 4915/3145/3384
f 4916/3146/3385 4918/3148/3387 4919/3149/3388
f 4915/3145/3384 4920/3150/3389 4918/3148/3387
f 4919/3149/3388 4921/3151/3390 4916/3146/3385
f 4916/3146/3385 4921/3151/3390 4917/3147/3386
f 4921/3151/3390 4919/3149/3388 4922/3152/3391
f 4920/3150/3389 4915/3145/3384 4923/3153/3392
f 4923/3153/3392 4915/3145/3384 4917/3147/3386
f 4923/3153/3392 4924/3154/3393 4920/3150/3389
f 4924/3154/3393 4923/3153/3392 4925/3155/3394
f 4925/3155/3394 4923/3153/3392 4917/3147/3386
f 4925/3155/3394 4926/3156/3395 4924/3154/3393
f 4922/3152/3391 4927/3157/3396 4921/3151/3390
f 4921/3151/3390 4927/3157/3396 4917/3147/3386
f 4927/3157/3396 4922/3152/3391 4928/3158/3397
f 4927/3157/3396 4928/3158/3397 4929/3159/3398
f 4926/3156/3395 4925/3155/3394 4930/3160/3399
f 4930/3160/3399 4925/3155/3394 4917/3147/3386
f 4930/3160/3399 4931/3161/3400 4926/3156/3395
f 4932/3162/3401 4927/3157/3396 4929/3159/3398
f 4927/3157/3396 4932/3162/3401 4917/3147/3386
f 4932/3162/3401 4929/3159/3398 4933/3163/3402
f 4931/3161/3400 4930/3160/3399 4934/3164/3403
f 4934/3164/3403 4930/3160/3399 4917/3147/3386
f 4934/3164/3403 4935/3165/3404 4931/3161/3400
f 4936/3166/3405 4932/3162/3401 4933/3163/3402
f 4932/3162/3401 4936/3166/3405 4917/3147/3386
f 4933/3163/3402 4937/3167/3406 4936/3166/3405
f 4936/3166/3405 4937/3167/3406 4938/3168/3407
f 4936/3166/3405 4938/3168/3407 4917/3147/3386
f 4937/3167/3406 4939/3169/3408 4938/3168/3407
f 4935/3165/3404 4934/3164/3403 4940/3170/3409
f 4940/3170/3409 4934/3164/3403 4917/3147/3386
f 4940/3170/3409 4941/3171/3410 4935/3165/3404
f 4938/3168/3407 4939/3169/3408 4942/3172/3411
f 4938/3168/3407 4942/3172/3411 4917/3147/3386
f 4939/3169/3408 4943/3173/3412 4942/3172/3411
f 4942/3172/3411 4943/3173/3412 4944/3174/3413
f 4942/3172/3411 4944/3174/3413 4917/3147/3386
f 4945/3175/3414 4944/3174/3413 4943/3173/3412
f 4941/3171/3410 4940/3170/3409 4946/3176/3415
f 4946/3176/3415 4940/3170/3409 4917/3147/3386
f 4946/3176/3415 4947/3177/3416 4941/3171/3410
f 4944/3174/3413 4945/3175/3414 4948/3178/3417
f 4944/3174/3413 4948/3178/3417 4917/3147/3386
f 4949/3179/3418 4948/3178/3417 4945/3175/3414
f 4947/3177/3416 4946/3176/3415 4950/3180/3419
f 4950/3180/3419 4946/3176/3415 4917/3147/3386
f 4950/3180/3419 4951/3181/3420 4947/3177/3416
f 4948/3178/3417 4949/3179/3418 4952/3182/3421
f 4948/3178/3417 4952/3182/3421 4917/3147/3386
f 4953/3183/3422 4952/3182/3421 4949/3179/3418
f 4951/3181/3420 4950/3180/3419 4954/3184/3423
f 4954/3184/3423 4950/3180/3419 4917/3147/3386
f 4954/3184/3423 4955/3185/3424 4951/3181/3420
f 4952/3182/3421 4953/3183/3422 4956/3186/3425
f 4952/3182/3421 4956/3186/3425 4917/3147/3386
f 4957/3187/3426 4956/3186/3425 4953/3183/3422
f 4955/3185/3424 4954/3184/3423 4958/3188/3427
f 4958/3188/3427 4954/3184/3423 4917/3147/3386
f 4958/3188/3427 4959/3189/3428 4955/3185/3424
f 4956/3186/3425 4957/3187/3426 4960/3190/3429
f 4956/3186/3425 4960/3190/3429 4917/3147/3386
f 4961/3191/3430 4960/3190/3429 4957/3187/3426
f 4959/3189/3428 4958/3188/3427 4962/3192/3431
f 4962/3192/3431 4958/3188/3427 4917/3147/3386
f 4962/3192/3431 4963/3193/3432 4959/3189/3428
f 4961/3191/3430 4964/3194/3433 4960/3190/3429
f 4960/3190/3429 4964/3194/3433 4917/3147/3386
f 4964/3194/3433 4961/3191/3430 4965/3195/3434
f 4963/3193/3432 4962/3192/3431 4966/3196/3435
f 4966/3196/3435 4962/3192/3431 4917/3147/3386
f 4966/3196/3435 4967/3197/3436 4963/3193/3432
f 4968/3198/3437 4964/3194/3433 4965/3195/3434
f 4964/3194/3433 4968/3198/3437 4917/3147/3386
f 4968/3198/3437 4965/3195/3434 4969/3199/3438
f 4967/3197/3436 4966/3196/3435 4970/3200/3439
f 4970/3200/3439 4966/3196/3435 4917/3147/3386
f 4970/3200/3439 4971/3201/3440 4967/3197/3436
f 4972/3202/3441 4968/3198/3437 4969/3199/3438
f 4968/3198/3437 4972/3202/3441 4917/3147/3386
f 4972/3202/3441 4969/3199/3438 4973/3203/3442
f 4971/3201/3440 4970/3200/3439 4974/3204/3443
f 4974/3204/3443 4970/3200/3439 4917/3147/3386
f 4974/3204/3443 4975/3205/3444 4971/3201/3440
f 4976/3206/3445 4974/3204/3443 4917/3147/3386
f 4975/3205/3444 4974/3204/3443 4976/3206/3445
f 4972/3202/3441 4973/3203/3442 4977/3207/3446
f 4972/3202/3441 4977/3207/3446 4917/3147/3386
f 4973/3203/3442 4978/3208/3447 4977/3207/3446
f 4979/3209/3448 4976/3206/3445 4917/3147/3386
f 4979/3209/3448 4975/3205/3444 4976/3206/3445
f 4977/3207/3446 4979/3209/3448 4917/3147/3386
f 4978/3208/3447 4975/3205/3444 4979/3209/3448
f 4977/3207/3446 4978/3208/3447 4979/3209/3448
usemtl Window1Mtl
f 4980/3210/3449 4981/3211/3450 4982/3212/3451
f 4981/3211/3450 4983/3213/3452 4982/3212/3451
f 4984/3214/3453 4980/3210/3449 4982/3212/3451
f 4983/3213/3452 4985/3215/3454 4982/3212/3451
f 4986/3216/3455 4984/3214/3453 4982/3212/3451
f 4985/3215/3454 4986/3216/3455 4982/3212/3451
f 4987/3217/3449 4988/3218/3450 4989/3219/3451
f 4988/3218/3450 4990/3220/3452 4989/3219/3451
f 4991/3221/3453 4987/3217/3449 4989/3219/3451
f 4990/3220/3452 4992/3222/3456 4989/3219/3451
f 4993/3223/3455 4991/3221/3453 4989/3219/3451
f 4992/3222/3456 4993/3223/3455 4989/3219/3451
f 4994/3224/3449 4995/3225/3450 4996/3226/3451
f 4995/3225/3450 4997/3227/3452 4996/3226/3451
f 4998/3228/3453 4994/3224/3449 4996/3226/3451
f 4997/3227/3452 4999/3229/3457 4996/3226/3451
f 5000/3230/3455 4998/3228/3453 4996/3226/3451
f 4999/3229/3457 5000/3230/3455 4996/3226/3451
f 5001/3231/3449 5002/3232/3450 5003/3233/3451
f 5002/3232/3450 5004/3234/3452 5003/3233/3451
f 5005/3235/3453 5001/3231/3449 5003/3233/3451
f 5004/3234/3452 5006/3236/3456 5003/3233/3451
f 5007/3237/3455 5005/3235/3453 5003/3233/3451
f 5006/3236/3456 5007/3237/3455 5003/3233/3451
f 5008/3238/3458 5009/3239/3450 5010/3240/3451
f 5009/3239/3450 5011/3241/3452 5010/3240/3451
f 5012/3242/3453 5008/3238/3458 5010/3240/3451
f 5011/3241/3452 5013/3243/3456 5010/3240/3451
f 5014/3244/3459 5012/3242/3453 5010/3240/3451
f 5013/3243/3456 5014/3244/3459 5010/3240/3451
f 5015/3245/3451 5016/3246/3451 5017/3247/3451
f 5016/3246/3451 5015/3245/3451 5018/3248/3451
f 5015/3245/3451 5017/3247/3451 5019/3249/3451
f 5020/3250/3451 5016/3246/3451 5018/3248/3451
f 5021/3251/3451 5019/3249/3451 5017/3247/3451
f 5016/3246/3451 5020/3250/3451 5022/3252/3451
f 5019/3249/3451 5021/3251/3451 5023/3253/3451
f 5024/3254/3451 5022/3252/3451 5020/3250/3451
f 5021/3251/3451 5025/3255/3451 5023/3253/3451
f 5022/3252/3451 5024/3254/3451 5026/3256/3451
f 5027/3257/3451 5023/3253/3451 5025/3255/3451
f 5028/3258/3451 5026/3256/3451 5024/3254/3451
f 5027/3257/3451 5025/3255/3451 5029/3259/3451
f 5026/3256/3451 5028/3258/3451 5030/3260/3451
f 5031/3261/3451 5027/3257/3451 5029/3259/3451
f 5032/3262/3451 5030/3260/3451 5028/3258/3451
f 5027/3257/3451 5031/3261/3451 5033/3263/3451
f 5030/3260/3451 5032/3262/3451 5034/3264/3451
f 5035/3265/3451 5033/3263/3451 5031/3261/3451
f 5032/3262/3451 5036/3266/3451 5034/3264/3451
f 5033/3263/3451 5035/3265/3451 5037/3267/3451
f 5036/3266/3451 5032/3262/3451 5038/3268/3451
f 5039/3269/3451 5037/3267/3451 5035/3265/3451
f 5038/3268/3451 5040/3270/3451 5036/3266/3451
f 5037/3267/3451 5039/3269/3451 5041/3271/3451
f 5038/3268/3451 5042/3272/3451 5040/3270/3451
f 5043/3273/3451 5041/3271/3451 5039/3269/3451
f 5042/3272/3451 5043/3273/3451 5040/3270/3451
f 5041/3271/3451 5043/3273/3451 5044/3274/3451
f 5042/3272/3451 5044/3274/3451 5043/3273/3451
f 5045/3275/3460 5046/3258/3461 5047/3276/3462
f 5046/3258/3461 5045/3275/3460 5048/3262/3463
f 5049/3254/3464 5047/3276/3462 5046/3258/3461
f 5050/3277/3465 5048/3262/3463 5045/3275/3460
f 5047/3276/3462 5049/3254/3464 5051/3278/3466
f 5048/3262/3463 5050/3277/3465 5052/3268/3467
f 5049/3254/3464 5053/3279/3468 5051/3278/3466
f 5054/3280/3469 5052/3268/3467 5050/3277/3465
f 5053/3279/3468 5049/3254/3464 5055/3250/3470
f 5052/3268/3467 5054/3280/3469 5056/3272/3471
f 5055/3250/3470 5057/3281/3472 5053/3279/3468
f 5058/3282/3473 5056/3272/3471 5054/3280/3469
f 5057/3281/3472 5055/3250/3470 5059/3248/3474
f 5056/3272/3471 5058/3282/3473 5060/3274/3475
f 5059/3248/3474 5061/3283/3476 5057/3281/3472
f 5062/3271/3477 5060/3274/3475 5058/3282/3473
f 5061/3283/3476 5059/3248/3474 5063/3245/3478
f 5058/3282/3473 5064/3284/3479 5062/3271/3477
f 5065/3249/3480 5061/3283/3476 5063/3245/3478
f 5066/3267/3481 5062/3271/3477 5064/3284/3479
f 5061/3283/3476 5065/3249/3480 5067/3285/3482
f 5066/3267/3481 5064/3284/3479 5068/3286/3483
f 5069/3253/3484 5067/3285/3482 5065/3249/3480
f 5068/3286/3483 5070/3263/3485 5066/3267/3481
f 5067/3285/3482 5069/3253/3484 5071/3287/3486
f 5070/3263/3485 5068/3286/3483 5072/3288/1517
f 5073/3257/3487 5071/3287/3486 5069/3253/3484
f 5072/3288/1517 5073/3257/3487 5070/3263/3485
f 5071/3287/3486 5073/3257/3487 5074/3289/3488
f 5072/3288/1517 5074/3289/3488 5073/3257/3487
f 5075/3290/3489 5076/3291/3490 5077/3292/3491
f 5078/3293/3492 5077/3292/3491 5076/3291/3490
f 5075/3290/3489 5077/3292/3491 5079/3294/3493
f 5077/3292/3491 5078/3293/3492 5080/3295/3492
f 5081/3296/3494 5075/3290/3489 5079/3294/3493
f 5082/3297/3495 5080/3295/3492 5078/3293/3492
f 5083/3298/3494 5081/3296/3494 5079/3294/3493
f 5080/3295/3492 5082/3297/3495 5084/3299/3495
f 5085/3300/3496 5081/3296/3494 5083/3298/3494
f 5086/3301/3497 5084/3299/3495 5082/3297/3495
f 5081/3296/3494 5085/3300/3496 5087/3302/3496
f 5084/3299/3495 5086/3301/3497 5088/3303/3497
f 5089/3304/3498 5087/3302/3496 5085/3300/3496
f 5086/3301/3497 5090/3305/3499 5088/3303/3497
f 5087/3302/3496 5089/3304/3498 5091/3306/3498
f 5090/3305/3499 5086/3301/3497 5092/3307/3499
f 5089/3304/3498 5093/3308/3500 5091/3306/3498
f 5092/3307/3499 5094/3309/3501 5090/3305/3499
f 5093/3308/3500 5089/3304/3498 5095/3310/3500
f 5094/3309/3501 5092/3307/3499 5096/3311/3502
f 5095/3310/3500 5097/3312/3503 5093/3308/3500
f 5098/3313/3504 5094/3309/3501 5096/3311/3502
f 5097/3312/3503 5095/3310/3500 5099/3314/3505
f 5094/3309/3501 5098/3313/3504 5100/3315/3504
f 5099/3314/3505 5101/3316/3506 5097/3312/3503
f 5102/3317/3507 5100/3315/3504 5098/3313/3504
f 5101/3316/3506 5099/3314/3505 5103/3318/3506
f 5100/3315/3504 5102/3317/3507 5104/3319/3507
f 5101/3316/3506 5104/3319/3507 5102/3317/3507
f 5104/3319/3507 5101/3316/3506 5103/3318/3506
f 5105/3210/3508 5106/3211/3509 5107/3212/3510
f 5106/3211/3509 5108/3213/3511 5107/3212/3510
f 5109/3214/3512 5105/3210/3508 5107/3212/3510
f 5108/3213/3511 5110/3215/3513 5107/3212/3510
f 5111/3216/3514 5109/3214/3512 5107/3212/3510
f 5110/3215/3513 5111/3216/3514 5107/3212/3510
f 5112/3217/3515 5113/3218/3509 5114/3219/3510
f 5113/3218/3509 5115/3220/3516 5114/3219/3510
f 5116/3221/3512 5112/3217/3515 5114/3219/3510
f 5115/3220/3516 5117/3222/3517 5114/3219/3510
f 5118/3223/3518 5116/3221/3512 5114/3219/3510
f 5117/3222/3517 5118/3223/3518 5114/3219/3510
f 5119/3224/3508 5120/3225/3519 5121/3226/3520
f 5120/3225/3519 5122/3227/3516 5121/3226/3520
f 5123/3228/3512 5119/3224/3508 5121/3226/3520
f 5122/3227/3516 5124/3229/3513 5121/3226/3520
f 5125/3230/3514 5123/3228/3512 5121/3226/3520
f 5124/3229/3513 5125/3230/3514 5121/3226/3520
f 5126/3231/3515 5127/3232/3509 5128/3233/3520
f 5127/3232/3509 5129/3234/3516 5128/3233/3520
f 5130/3235/3512 5126/3231/3515 5128/3233/3520
f 5129/3234/3516 5131/3236/3517 5128/3233/3520
f 5132/3237/3514 5130/3235/3512 5128/3233/3520
f 5131/3236/3517 5132/3237/3514 5128/3233/3520
f 5133/3238/3515 5134/3239/3509 5135/3240/3520
f 5134/3239/3509 5136/3241/3516 5135/3240/3520
f 5137/3242/3512 5133/3238/3515 5135/3240/3520
f 5136/3241/3516 5138/3243/3513 5135/3240/3520
f 5139/3244/3521 5137/3242/3512 5135/3240/3520
f 5138/3243/3513 5139/3244/3521 5135/3240/3520
f 5140/3248/3520 5141/3247/3520 5142/3245/3520
f 5141/3247/3520 5140/3248/3520 5143/3246/3510
f 5144/3251/3520 5142/3245/3520 5141/3247/3520
f 5145/3250/3520 5143/3246/3510 5140/3248/3520
f 5142/3245/3520 5144/3251/3520 5146/3249/3520
f 5143/3246/3510 5145/3250/3520 5147/3252/3520
f 5144/3251/3520 5148/3253/3520 5146/3249/3520
f 5149/3254/3520 5147/3252/3520 5145/3250/3520
f 5150/3255/3520 5148/3253/3520 5144/3251/3520
f 5147/3252/3520 5149/3254/3520 5151/3256/3520
f 5148/3253/3520 5150/3255/3520 5152/3257/3520
f 5151/3256/3520 5149/3254/3520 5153/3260/3520
f 5150/3255/3520 5154/3259/3520 5152/3257/3520
f 5153/3260/3520 5149/3254/3520 5155/3258/3520
f 5156/3263/3520 5152/3257/3520 5154/3259/3520
f 5155/3258/3520 5157/3264/3520 5153/3260/3520
f 5156/3263/3520 5154/3259/3520 5158/3261/3510
f 5157/3264/3520 5155/3258/3520 5159/3262/3520
f 5160/3267/3520 5156/3263/3520 5158/3261/3510
f 5159/3262/3520 5161/3266/3520 5157/3264/3520
f 5160/3267/3520 5158/3261/3510 5162/3265/3520
f 5159/3262/3520 5163/3268/3520 5161/3266/3520
f 5164/3269/3520 5160/3267/3520 5162/3265/3520
f 5163/3268/3520 5165/3270/3520 5161/3266/3520
f 5160/3267/3520 5164/3269/3520 5166/3271/3520
f 5163/3268/3520 5167/3272/3520 5165/3270/3520
f 5168/3273/3520 5166/3271/3520 5164/3269/3520
f 5169/3274/3520 5165/3270/3520 5167/3272/3520
f 5166/3271/3520 5168/3273/3520 5169/3274/3520
f 5165/3270/3520 5169/3274/3520 5168/3273/3520
f 5170/3320/3451 5171/3321/3451 5172/3322/3451
f 5173/3323/3451 5171/3321/3451 5170/3320/3451
f 5172/3322/3451 5174/3324/3451 5170/3320/3451
f 5171/3321/3451 5173/3323/3451 5175/3325/3451
f 5174/3324/3451 5172/3322/3451 5176/3326/3451
f 5174/3324/3451 5176/3326/3451 5177/3327/3451
f 5177/3327/3451 5176/3326/3451 5178/3328/3451
f 5179/3329/3451 5175/3325/3451 5173/3323/3451
f 5175/3325/3451 5179/3329/3451 5180/3330/3451
f 5181/3331/3451 5180/3330/3451 5179/3329/3451
f 5180/3330/3451 5181/3331/3451 5182/3332/3451
f 5183/3333/3451 5182/3332/3451 5181/3331/3451
f 5182/3332/3451 5183/3333/3451 5184/3334/3451
f 5185/3276/3522 5186/3275/3523 5187/3262/3524
f 5188/3277/3525 5187/3262/3524 5186/3275/3523
f 5187/3262/3524 5189/3258/3526 5185/3276/3522
f 5187/3262/3524 5188/3277/3525 5190/3268/3527
f 5191/3254/3528 5185/3276/3522 5189/3258/3526
f 5192/3280/3529 5190/3268/3527 5188/3277/3525
f 5185/3276/3522 5191/3254/3528 5193/3278/3530
f 5190/3268/3527 5192/3280/3529 5194/3272/3531
f 5195/3279/3532 5193/3278/3530 5191/3254/3528
f 5196/3274/3533 5194/3272/3531 5192/3280/3529
f 5191/3254/3528 5197/3250/3534 5195/3279/3532
f 5196/3274/3533 5192/3280/3529 5198/3282/3535
f 5197/3250/3534 5199/3281/3536 5195/3279/3532
f 5200/3271/2098 5196/3274/3533 5198/3282/3535
f 5199/3281/3536 5197/3250/3534 5201/3248/3537
f 5200/3271/2098 5198/3282/3535 5202/3284/3538
f 5201/3248/3537 5203/3283/3539 5199/3281/3536
f 5202/3284/3538 5204/3267/3540 5200/3271/2098
f 5203/3283/3539 5201/3248/3537 5205/3245/3541
f 5204/3267/3540 5202/3284/3538 5206/3286/3542
f 5207/3249/3543 5203/3283/3539 5205/3245/3541
f 5208/3288/3544 5204/3267/3540 5206/3286/3542
f 5203/3283/3539 5207/3249/3543 5209/3285/3545
f 5204/3267/3540 5208/3288/3544 5210/3263/3546
f 5211/3253/3547 5209/3285/3545 5207/3249/3543
f 5212/3289/3548 5210/3263/3546 5208/3288/3544
f 5209/3285/3545 5211/3253/3547 5213/3287/3549
f 5210/3263/3546 5212/3289/3548 5214/3257/3550
f 5214/3257/3550 5213/3287/3549 5211/3253/3547
f 5213/3287/3549 5214/3257/3550 5212/3289/3548
f 5215/3291/3551 5216/3294/3552 5217/3290/3553
f 5218/3298/3554 5217/3290/3553 5216/3294/3552
f 5216/3294/3552 5215/3291/3551 5219/3292/3555
f 5217/3290/3553 5218/3298/3554 5220/3296/3554
f 5215/3291/3551 5221/3295/3556 5219/3292/3555
f 5222/3300/3557 5220/3296/3554 5218/3298/3554
f 5215/3291/3551 5223/3293/3558 5221/3295/3556
f 5220/3296/3554 5222/3300/3557 5224/3302/3557
f 5223/3293/3558 5225/3299/3559 5221/3295/3556
f 5226/3304/3560 5224/3302/3557 5222/3300/3557
f 5227/3297/3561 5225/3299/3559 5223/3293/3558
f 5224/3302/3557 5226/3304/3560 5228/3306/3562
f 5227/3297/3561 5229/3303/3563 5225/3299/3559
f 5230/3308/3564 5228/3306/3562 5226/3304/3560
f 5229/3303/3563 5227/3297/3561 5231/3301/3563
f 5232/3310/3565 5230/3308/3564 5226/3304/3560
f 5233/3307/3566 5229/3303/3563 5231/3301/3563
f 5234/3312/3567 5230/3308/3564 5232/3310/3565
f 5229/3303/3563 5233/3307/3566 5235/3305/3566
f 5232/3310/3565 5236/3314/3567 5234/3312/3567
f 5237/3309/3568 5235/3305/3566 5233/3307/3566
f 5238/3318/3569 5234/3312/3567 5236/3314/3567
f 5233/3307/3566 5239/3311/3568 5237/3309/3568
f 5234/3312/3567 5238/3318/3569 5240/3316/3570
f 5239/3311/3568 5241/3315/3571 5237/3309/3568
f 5242/3319/3572 5240/3316/3570 5238/3318/3569
f 5239/3311/3568 5243/3313/3571 5241/3315/3571
f 5243/3313/3571 5242/3319/3572 5241/3315/3571
f 5240/3316/3570 5242/3319/3572 5244/3317/3573
f 5243/3313/3571 5244/3317/3573 5242/3319/3572
f 5245/3329/3520 5246/3334/3520 5247/3323/3520
f 5245/3329/3520 5248/3333/3520 5246/3334/3520
f 5248/3333/3520 5245/3329/3520 5249/3331/3520
f 5250/3332/3520 5247/3323/3520 5246/3334/3520
f 5247/3323/3520 5250/3332/3520 5251/3320/3520
f 5252/3330/3510 5251/3320/3520 5250/3332/3520
f 5252/3330/3510 5253/3324/3520 5251/3320/3520
f 5254/3325/3520 5253/3324/3520 5252/3330/3510
f 5253/3324/3520 5254/3325/3520 5255/3327/3520
f 5256/3321/3520 5255/3327/3520 5254/3325/3520
f 5255/3327/3520 5256/3321/3520 5257/3328/3520
f 5258/3322/3520 5257/3328/3520 5256/3321/3520
f 5257/3328/3520 5258/3322/3520 5259/3326/3520
f 5260/3210/3574 5261/3211/3575 5262/3212/3576
f 5261/3211/3575 5263/3213/3577 5262/3212/3576
f 5264/3214/3578 5260/3210/3574 5262/3212/3576
f 5263/3213/3577 5265/3215/3579 5262/3212/3576
f 5266/3216/3580 5264/3214/3578 5262/3212/3576
f 5265/3215/3579 5266/3216/3580 5262/3212/3576
f 5267/3217/3574 5268/3218/3575 5269/3219/3581
f 5268/3218/3575 5270/3220/3582 5269/3219/3581
f 5271/3221/3578 5267/3217/3574 5269/3219/3581
f 5270/3220/3582 5272/3222/3583 5269/3219/3581
f 5273/3223/3584 5271/3221/3578 5269/3219/3581
f 5272/3222/3583 5273/3223/3584 5269/3219/3581
f 5274/3224/3574 5275/3225/3575 5276/3226/3581
f 5275/3225/3575 5277/3227/3582 5276/3226/3581
f 5278/3228/3578 5274/3224/3574 5276/3226/3581
f 5277/3227/3582 5279/3229/3585 5276/3226/3581
f 5280/3230/3586 5278/3228/3578 5276/3226/3581
f 5279/3229/3585 5280/3230/3586 5276/3226/3581
f 5281/3231/3587 5282/3232/3575 5283/3233/3588
f 5282/3232/3575 5284/3234/3582 5283/3233/3588
f 5285/3235/3578 5281/3231/3587 5283/3233/3588
f 5284/3234/3582 5286/3236/3589 5283/3233/3588
f 5287/3237/3590 5285/3235/3578 5283/3233/3588
f 5286/3236/3589 5287/3237/3590 5283/3233/3588
f 5288/3238/3587 5289/3239/3575 5290/3240/3591
f 5289/3239/3575 5291/3241/3582 5290/3240/3591
f 5292/3242/3578 5288/3238/3587 5290/3240/3591
f 5291/3241/3582 5293/3243/3579 5290/3240/3591
f 5294/3244/3580 5292/3242/3578 5290/3240/3591
f 5293/3243/3579 5294/3244/3580 5290/3240/3591
s 0
f 5295/3245/3592 5296/3248/3592 5297/3246/3592
f 5298/3250/3593 5297/3246/3593 5296/3248/3593
f 5295/3245/3593 5297/3246/3593 5299/3247/3593
f 5297/3246/3588 5298/3250/3588 5300/3252/3588
f 5301/3249/3593 5295/3245/3593 5299/3247/3593
f 5302/3254/3594 5300/3252/3594 5298/3250/3594
f 5301/3249/3581 5299/3247/3581 5303/3251/3581
f 5300/3252/3576 5302/3254/3576 5304/3256/3576
f 5303/3251/3581 5305/3253/3581 5301/3249/3581
f 5306/3258/3581 5304/3256/3581 5302/3254/3581
f 5307/3255/3581 5305/3253/3581 5303/3251/3581
f 5304/3256/3595 5306/3258/3595 5308/3260/3595
f 5307/3255/3588 5309/3257/3588 5305/3253/3588
f 5310/3262/3593 5308/3260/3593 5306/3258/3593
f 5307/3255/3581 5311/3259/3581 5309/3257/3581
f 5308/3260/3581 5310/3262/3581 5312/3264/3581
f 5313/3261/3581 5309/3257/3581 5311/3259/3581
f 5310/3262/3592 5314/3266/3592 5312/3264/3592
f 5309/3257/3581 5313/3261/3581 5315/3263/3581
f 5310/3262/3593 5316/3268/3593 5314/3266/3593
f 5317/3265/3588 5315/3263/3588 5313/3261/3588
f 5318/3270/3592 5314/3266/3592 5316/3268/3592
f 5315/3263/3592 5317/3265/3592 5319/3267/3592
f 5320/3272/3592 5318/3270/3592 5316/3268/3592
f 5321/3269/3596 5319/3267/3596 5317/3265/3596
f 5318/3270/3596 5320/3272/3596 5322/3273/3596
f 5319/3267/3588 5321/3269/3588 5323/3271/3588
f 5324/3274/3593 5322/3273/3593 5320/3272/3593
f 5324/3274/3596 5321/3269/3596 5322/3273/3596
f 5321/3269/3593 5324/3274/3593 5323/3271/3593
s 1
f 5325/3262/3597 5326/3276/3598 5327/3275/3599
f 5328/3277/3600 5325/3262/3597 5327/3275/3599
f 5326/3276/3598 5325/3262/3597 5329/3258/3601
f 5325/3262/3597 5328/3277/3600 5330/3268/3602
f 5329/3258/3601 5331/3278/3603 5326/3276/3598
f 5332/3280/3604 5330/3268/3602 5328/3277/3600
f 5331/3278/3603 5329/3258/3601 5333/3254/3605
f 5330/3268/3602 5332/3280/3604 5334/3272/3606
f 5333/3254/3605 5335/3279/3607 5331/3278/3603
f 5336/3282/3608 5334/3272/3606 5332/3280/3604
f 5333/3254/3605 5337/3250/3609 5335/3279/3607
f 5334/3272/3606 5336/3282/3608 5338/3274/3610
f 5339/3248/3611 5335/3279/3607 5337/3250/3609
f 5336/3282/3608 5340/3271/3612 5338/3274/3610
f 5335/3279/3607 5339/3248/3611 5341/3281/3613
f 5340/3271/3612 5336/3282/3608 5342/3284/3614
f 5343/3245/3615 5341/3281/3613 5339/3248/3611
f 5342/3284/3614 5344/3267/3616 5340/3271/3612
f 5341/3281/3613 5343/3245/3615 5345/3283/3617
f 5342/3284/3614 5346/3286/3618 5344/3267/3616
f 5347/3285/3619 5345/3283/3617 5343/3245/3615
f 5348/3288/3620 5344/3267/3616 5346/3286/3618
f 5347/3285/3619 5343/3245/3615 5349/3249/3621
f 5344/3267/3616 5348/3288/3620 5350/3263/3622
f 5351/3287/3623 5347/3285/3619 5349/3249/3621
f 5352/3289/3624 5350/3263/3622 5348/3288/3620
f 5351/3287/3623 5349/3249/3621 5353/3253/3625
f 5352/3289/3624 5351/3287/3623 5353/3253/3625
f 5350/3263/3622 5352/3289/3624 5354/3257/3626
f 5352/3289/3624 5353/3253/3625 5354/3257/3626
f 5355/3294/3627 5356/3291/3628 5357/3292/3628
f 5358/3295/3629 5357/3292/3628 5356/3291/3628
f 5356/3291/3628 5355/3294/3627 5359/3290/3627
f 5358/3295/3629 5356/3291/3628 5360/3293/3630
f 5361/3298/3631 5359/3290/3627 5355/3294/3627
f 5360/3293/3630 5362/3299/3632 5358/3295/3629
f 5359/3290/3627 5361/3298/3631 5363/3296/3633
f 5362/3299/3632 5360/3293/3630 5364/3297/3634
f 5365/3300/3635 5363/3296/3633 5361/3298/3631
f 5364/3297/3634 5366/3303/3636 5362/3299/3632
f 5363/3296/3633 5365/3300/3635 5367/3302/3637
f 5366/3303/3636 5364/3297/3634 5368/3301/3638
f 5365/3300/3635 5369/3306/3639 5367/3302/3637
f 5370/3307/3640 5366/3303/3636 5368/3301/3638
f 5369/3306/3639 5365/3300/3635 5371/3304/3639
f 5366/3303/3636 5370/3307/3640 5372/3305/3641
f 5371/3304/3639 5373/3308/3642 5369/3306/3639
f 5374/3311/3643 5372/3305/3641 5370/3307/3640
f 5373/3308/3642 5371/3304/3639 5375/3310/3642
f 5372/3305/3641 5374/3311/3643 5376/3309/3643
f 5377/3314/3644 5373/3308/3642 5375/3310/3642
f 5378/3315/3645 5376/3309/3643 5374/3311/3643
f 5373/3308/3642 5377/3314/3644 5379/3312/3644
f 5378/3315/3645 5374/3311/3643 5380/3313/3646
f 5381/3318/3647 5379/3312/3644 5377/3314/3644
f 5382/3319/3648 5378/3315/3645 5380/3313/3646
f 5379/3312/3644 5381/3318/3647 5383/3316/3649
f 5382/3319/3648 5383/3316/3649 5381/3318/3647
f 5383/3316/3649 5382/3319/3648 5384/3317/3650
f 5382/3319/3648 5380/3313/3646 5384/3317/3650
s 0
f 5385/3323/3596 5386/3322/3596 5387/3320/3596
f 5388/3326/3596 5387/3320/3596 5386/3322/3596
f 5386/3322/3596 5385/3323/3596 5389/3321/3596
f 5388/3326/3588 5390/3324/3588 5387/3320/3588
f 5391/3328/3593 5390/3324/3593 5388/3326/3593
f 5390/3324/3581 5391/3328/3581 5392/3327/3581
f 5393/3329/3592 5389/3321/3592 5385/3323/3592
f 5389/3321/3593 5393/3329/3593 5394/3325/3593
f 5395/3331/3593 5394/3325/3593 5393/3329/3593
f 5394/3325/3596 5395/3331/3596 5396/3330/3596
f 5397/3333/3593 5396/3330/3593 5395/3331/3593
f 5396/3330/3593 5397/3333/3593 5398/3332/3593
f 5398/3332/3596 5397/3333/3596 5399/3334/3596
s 1
f 5400/3210/3651 5401/3211/3652 5402/3212/3653
f 5401/3211/3652 5403/3213/3654 5402/3212/3653
f 5404/3214/3655 5400/3210/3651 5402/3212/3653
f 5403/3213/3654 5405/3215/3656 5402/3212/3653
f 5406/3216/3657 5404/3214/3655 5402/3212/3653
f 5405/3215/3656 5406/3216/3657 5402/3212/3653
f 5407/3217/3651 5408/3218/3652 5409/3219/3658
f 5408/3218/3652 5410/3220/3654 5409/3219/3658
f 5411/3221/3659 5407/3217/3651 5409/3219/3658
f 5410/3220/3654 5412/3222/3656 5409/3219/3658
f 5413/3223/3657 5411/3221/3659 5409/3219/3658
f 5412/3222/3656 5413/3223/3657 5409/3219/3658
f 5414/3224/3660 5415/3225/3652 5416/3226/3658
f 5415/3225/3652 5417/3227/3654 5416/3226/3658
f 5418/3228/3659 5414/3224/3660 5416/3226/3658
f 5417/3227/3654 5419/3229/3656 5416/3226/3658
f 5420/3230/3657 5418/3228/3659 5416/3226/3658
f 5419/3229/3656 5420/3230/3657 5416/3226/3658
f 5421/3231/3651 5422/3232/3652 5423/3233/3658
f 5422/3232/3652 5424/3234/3654 5423/3233/3658
f 5425/3235/3659 5421/3231/3651 5423/3233/3658
f 5424/3234/3654 5426/3236/3656 5423/3233/3658
f 5427/3237/3657 5425/3235/3659 5423/3233/3658
f 5426/3236/3656 5427/3237/3657 5423/3233/3658
f 5428/3238/3651 5429/3239/3661 5430/3240/3658
f 5429/3239/3661 5431/3241/3654 5430/3240/3658
f 5432/3242/3659 5428/3238/3651 5430/3240/3658
f 5431/3241/3654 5433/3243/3656 5430/3240/3658
f 5434/3244/3657 5432/3242/3659 5430/3240/3658
f 5433/3243/3656 5434/3244/3657 5430/3240/3658
f 5435/3248/3658 5436/3247/3658 5437/3245/3658
f 5436/3247/3658 5435/3248/3658 5438/3246/3658
f 5439/3251/3658 5437/3245/3658 5436/3247/3658
f 5440/3250/3658 5438/3246/3658 5435/3248/3658
f 5437/3245/3658 5439/3251/3658 5441/3249/3658
f 5438/3246/3658 5440/3250/3658 5442/3252/3658
f 5443/3253/3658 5441/3249/3658 5439/3251/3658
f 5444/3254/3658 5442/3252/3658 5440/3250/3658
f 5443/3253/3658 5439/3251/3658 5445/3255/3658
f 5442/3252/3658 5444/3254/3658 5446/3256/3658
f 5445/3255/3658 5447/3257/3658 5443/3253/3658
f 5444/3254/3658 5448/3260/3658 5446/3256/3658
f 5447/3257/3658 5445/3255/3658 5449/3259/3658
f 5444/3254/3658 5450/3258/3658 5448/3260/3658
f 5449/3259/3658 5451/3263/3658 5447/3257/3658
f 5450/3258/3658 5452/3264/3658 5448/3260/3658
f 5453/3261/3658 5451/3263/3658 5449/3259/3658
f 5450/3258/3658 5454/3262/3658 5452/3264/3658
f 5451/3263/3658 5453/3261/3658 5455/3267/3658
f 5456/3266/3658 5452/3264/3658 5454/3262/3658
f 5453/3261/3658 5457/3265/3658 5455/3267/3658
f 5458/3268/3658 5456/3266/3658 5454/3262/3658
f 5459/3269/3658 5455/3267/3658 5457/3265/3658
f 5456/3266/3658 5458/3268/3658 5460/3270/3658
f 5455/3267/3658 5459/3269/3658 5461/3271/3658
f 5460/3270/3658 5458/3268/3658 5462/3272/3658
f 5463/3273/3658 5461/3271/3658 5459/3269/3658
f 5464/3274/3658 5460/3270/3658 5462/3272/3658
f 5461/3271/3658 5463/3273/3658 5464/3274/3658
f 5460/3270/3658 5464/3274/3658 5463/3273/3658
f 5465/3276/3662 5466/3275/3663 5467/3262/3664
f 5465/3276/3662 5467/3262/3664 5468/3258/3665
f 5466/3275/3663 5469/3268/3666 5467/3262/3664
f 5470/3254/3667 5465/3276/3662 5468/3258/3665
f 5466/3275/3663 5471/3277/3668 5469/3268/3666
f 5465/3276/3662 5470/3254/3667 5472/3278/3669
f 5473/3280/3670 5469/3268/3666 5471/3277/3668
f 5474/3250/3671 5472/3278/3669 5470/3254/3667
f 5469/3268/3666 5473/3280/3670 5475/3272/3672
f 5472/3278/3669 5474/3250/3671 5476/3279/3673
f 5477/3282/3674 5475/3272/3672 5473/3280/3670
f 5478/3281/3675 5476/3279/3673 5474/3250/3671
f 5475/3272/3672 5477/3282/3674 5479/3274/3676
f 5474/3250/3671 5480/3248/3677 5478/3281/3675
f 5477/3282/3674 5481/3271/3678 5479/3274/3676
f 5482/3283/3679 5478/3281/3675 5480/3248/3677
f 5477/3282/3674 5483/3284/3680 5481/3271/3678
f 5480/3248/3677 5484/3245/3681 5482/3283/3679
f 5483/3284/3680 5485/3267/3682 5481/3271/3678
f 5486/3249/3683 5482/3283/3679 5484/3245/3681
f 5483/3284/3680 5487/3286/3684 5485/3267/3682
f 5482/3283/3679 5486/3249/3683 5488/3285/3685
f 5489/3288/3686 5485/3267/3682 5487/3286/3684
f 5490/3253/3687 5488/3285/3685 5486/3249/3683
f 5485/3267/3682 5489/3288/3686 5491/3263/3688
f 5488/3285/3685 5490/3253/3687 5492/3287/3689
f 5493/3289/3690 5491/3263/3688 5489/3288/3686
f 5490/3253/3687 5493/3289/3690 5492/3287/3689
f 5491/3263/3688 5493/3289/3690 5494/3257/3691
f 5493/3289/3690 5490/3253/3687 5494/3257/3691
f 5495/3294/3692 5496/3291/3693 5497/3292/3693
f 5496/3291/3693 5498/3295/3694 5497/3292/3693
f 5496/3291/3693 5495/3294/3692 5499/3290/3692
f 5498/3295/3694 5496/3291/3693 5500/3293/3694
f 5501/3298/3695 5499/3290/3692 5495/3294/3692
f 5500/3293/3694 5502/3299/3696 5498/3295/3694
f 5499/3290/3692 5501/3298/3695 5503/3296/3697
f 5502/3299/3696 5500/3293/3694 5504/3297/3696
f 5505/3300/3698 5503/3296/3697 5501/3298/3695
f 5506/3301/3699 5502/3299/3696 5504/3297/3696
f 5503/3296/3697 5505/3300/3698 5507/3302/3700
f 5502/3299/3696 5506/3301/3699 5508/3303/3701
f 5509/3304/3702 5507/3302/3700 5505/3300/3698
f 5510/3307/3703 5508/3303/3701 5506/3301/3699
f 5507/3302/3700 5509/3304/3702 5511/3306/3702
f 5508/3303/3701 5510/3307/3703 5512/3305/1449
f 5509/3304/3702 5513/3308/3704 5511/3306/3702
f 5510/3307/3703 5514/3309/3705 5512/3305/1449
f 5513/3308/3704 5509/3304/3702 5515/3310/3706
f 5514/3309/3705 5510/3307/3703 5516/3311/3707
f 5517/3312/3708 5513/3308/3704 5515/3310/3706
f 5516/3311/3707 5518/3315/3709 5514/3309/3705
f 5519/3314/3710 5517/3312/3708 5515/3310/3706
f 5518/3315/3709 5516/3311/3707 5520/3313/3709
f 5521/3316/3711 5517/3312/3708 5519/3314/3710
f 5522/3317/3712 5518/3315/3709 5520/3313/3709
f 5519/3314/3710 5523/3318/3711 5521/3316/3711
f 5518/3315/3709 5522/3317/3712 5524/3319/3712
f 5524/3319/3712 5521/3316/3711 5523/3318/3711
f 5521/3316/3711 5524/3319/3712 5522/3317/3712
f 5525/3321/3658 5526/3327/3658 5527/3325/3658
f 5528/3324/3658 5527/3325/3658 5526/3327/3658
f 5526/3327/3658 5525/3321/3658 5529/3328/3658
f 5530/3322/3658 5529/3328/3658 5525/3321/3658
f 5529/3328/3658 5530/3322/3658 5531/3326/3658
f 5527/3325/3658 5528/3324/3658 5532/3330/3658
f 5532/3330/3658 5528/3324/3658 5533/3320/3658
f 5532/3330/3658 5533/3320/3658 5534/3332/3658
f 5535/3323/3658 5534/3332/3658 5533/3320/3658
f 5534/3332/3658 5535/3323/3658 5536/3334/3658
f 5536/3334/3658 5535/3323/3658 5537/3329/3658
f 5537/3329/3658 5538/3333/3658 5536/3334/3658
f 5538/3333/3658 5537/3329/3658 5539/3331/3658
f 5540/3210/3713 5541/3211/3714 5542/3212/3715
f 5541/3211/3714 5543/3213/3716 5542/3212/3715
f 5544/3214/3717 5540/3210/3713 5542/3212/3715
f 5543/3213/3716 5545/3215/3718 5542/3212/3715
f 5546/3216/3719 5544/3214/3717 5542/3212/3715
f 5545/3215/3718 5546/3216/3719 5542/3212/3715
f 5547/3217/3713 5548/3218/3714 5549/3219/3715
f 5548/3218/3714 5550/3220/3716 5549/3219/3715
f 5551/3221/3720 5547/3217/3713 5549/3219/3715
f 5550/3220/3716 5552/3222/3721 5549/3219/3715
f 5553/3223/3719 5551/3221/3720 5549/3219/3715
f 5552/3222/3721 5553/3223/3719 5549/3219/3715
f 5554/3224/3713 5555/3225/3714 5556/3226/3715
f 5555/3225/3714 5557/3227/3716 5556/3226/3715
f 5558/3228/3720 5554/3224/3713 5556/3226/3715
f 5557/3227/3716 5559/3229/3721 5556/3226/3715
f 5560/3230/3719 5558/3228/3720 5556/3226/3715
f 5559/3229/3721 5560/3230/3719 5556/3226/3715
f 5561/3231/3713 5562/3232/3714 5563/3233/3715
f 5562/3232/3714 5564/3234/3716 5563/3233/3715
f 5565/3235/3720 5561/3231/3713 5563/3233/3715
f 5564/3234/3716 5566/3236/3722 5563/3233/3715
f 5567/3237/3719 5565/3235/3720 5563/3233/3715
f 5566/3236/3722 5567/3237/3719 5563/3233/3715
f 5568/3238/3713 5569/3239/3714 5570/3240/3715
f 5569/3239/3714 5571/3241/3716 5570/3240/3715
f 5572/3242/3720 5568/3238/3713 5570/3240/3715
f 5571/3241/3716 5573/3243/3722 5570/3240/3715
f 5574/3244/3719 5572/3242/3720 5570/3240/3715
f 5573/3243/3722 5574/3244/3719 5570/3240/3715
f 5575/3245/3715 5576/3248/3715 5577/3246/3715
f 5578/3252/3715 5577/3246/3715 5576/3248/3715
f 5575/3245/3715 5577/3246/3715 5579/3247/3715
f 5578/3252/3715 5576/3248/3715 5580/3250/3715
f 5581/3251/3715 5575/3245/3715 5579/3247/3715
f 5580/3250/3715 5582/3256/3715 5578/3252/3715
f 5575/3245/3715 5581/3251/3715 5583/3249/3715
f 5582/3256/3715 5580/3250/3715 5584/3254/3715
f 5581/3251/3715 5585/3253/3715 5583/3249/3715
f 5584/3254/3715 5586/3260/3715 5582/3256/3715
f 5585/3253/3715 5581/3251/3715 5587/3255/3715
f 5586/3260/3715 5584/3254/3715 5588/3258/3715
f 5587/3255/3715 5589/3257/3715 5585/3253/3715
f 5588/3258/3715 5590/3264/3715 5586/3260/3715
f 5591/3259/3715 5589/3257/3715 5587/3255/3715
f 5588/3258/3715 5592/3262/3715 5590/3264/3715
f 5593/3261/3715 5589/3257/3715 5591/3259/3715
f 5592/3262/3715 5594/3266/3715 5590/3264/3715
f 5589/3257/3715 5593/3261/3715 5595/3263/3715
f 5592/3262/3715 5596/3268/3715 5594/3266/3715
f 5597/3265/3715 5595/3263/3715 5593/3261/3715
f 5598/3272/3715 5594/3266/3715 5596/3268/3715
f 5595/3263/3715 5597/3265/3715 5599/3267/3715
f 5594/3266/3715 5598/3272/3715 5600/3270/3715
f 5601/3269/3715 5599/3267/3715 5597/3265/3715
f 5602/3274/3715 5600/3270/3715 5598/3272/3715
f 5599/3267/3715 5601/3269/3715 5603/3271/3715
f 5601/3269/3715 5602/3274/3715 5603/3271/3715
f 5600/3270/3715 5602/3274/3715 5604/3273/3715
f 5602/3274/3715 5601/3269/3715 5604/3273/3715
f 5605/3262/3723 5606/3258/3724 5607/3276/3725
f 5608/3254/3726 5607/3276/3725 5606/3258/3724
f 5605/3262/3723 5607/3276/3725 5609/3275/3727
f 5607/3276/3725 5608/3254/3726 5610/3278/3728
f 5611/3268/3729 5605/3262/3723 5609/3275/3727
f 5612/3250/3730 5610/3278/3728 5608/3254/3726
f 5611/3268/3729 5609/3275/3727 5613/3277/3731
f 5610/3278/3728 5612/3250/3730 5614/3279/3732
f 5615/3280/3733 5611/3268/3729 5613/3277/3731
f 5612/3250/3730 5616/3281/3734 5614/3279/3732
f 5611/3268/3729 5615/3280/3733 5617/3272/3735
f 5612/3250/3730 5618/3248/3736 5616/3281/3734
f 5619/3274/3737 5617/3272/3735 5615/3280/3733
f 5618/3248/3736 5620/3283/3738 5616/3281/3734
f 5619/3274/3737 5615/3280/3733 5621/3282/3739
f 5618/3248/3736 5622/3245/3740 5620/3283/3738
f 5623/3271/3741 5619/3274/3737 5621/3282/3739
f 5624/3249/3742 5620/3283/3738 5622/3245/3740
f 5623/3271/3741 5621/3282/3739 5625/3284/3743
f 5620/3283/3738 5624/3249/3742 5626/3285/3744
f 5627/3286/3745 5623/3271/3741 5625/3284/3743
f 5628/3253/3746 5626/3285/3744 5624/3249/3742
f 5623/3271/3741 5627/3286/3745 5629/3267/3747
f 5626/3285/3744 5628/3253/3746 5630/3287/3748
f 5631/3288/3749 5629/3267/3747 5627/3286/3745
f 5628/3253/3746 5632/3289/3750 5630/3287/3748
f 5629/3267/3747 5631/3288/3749 5633/3263/3751
f 5628/3253/3746 5634/3257/3752 5632/3289/3750
f 5634/3257/3752 5633/3263/3751 5631/3288/3749
f 5634/3257/3752 5631/3288/3749 5632/3289/3750
f 5635/3291/3753 5636/3294/3754 5637/3290/3754
f 5636/3294/3754 5635/3291/3753 5638/3292/3755
f 5639/3298/3756 5637/3290/3754 5636/3294/3754
f 5635/3291/3753 5640/3295/3757 5638/3292/3755
f 5637/3290/3754 5639/3298/3756 5641/3296/3756
f 5640/3295/3757 5635/3291/3753 5642/3293/3757
f 5641/3296/3756 5639/3298/3756 5643/3302/3758
f 5642/3293/3757 5644/3299/3759 5640/3295/3757
f 5643/3302/3758 5639/3298/3756 5645/3300/3760
f 5646/3297/3759 5644/3299/3759 5642/3293/3757
f 5643/3302/3758 5645/3300/3760 5647/3306/3761
f 5648/3301/3762 5644/3299/3759 5646/3297/3759
f 5647/3306/3761 5645/3300/3760 5649/3304/3761
f 5644/3299/3759 5648/3301/3762 5650/3303/3762
f 5651/3310/3763 5647/3306/3761 5649/3304/3761
f 5652/3307/3764 5650/3303/3762 5648/3301/3762
f 5647/3306/3761 5651/3310/3763 5653/3308/3763
f 5650/3303/3762 5652/3307/3764 5654/3305/3764
f 5655/3314/3765 5653/3308/3763 5651/3310/3763
f 5652/3307/3764 5656/3309/3766 5654/3305/3764
f 5653/3308/3763 5655/3314/3765 5657/3312/3765
f 5658/3311/3766 5656/3309/3766 5652/3307/3764
f 5657/3312/3765 5655/3314/3765 5659/3316/3767
f 5658/3311/3766 5660/3315/3768 5656/3309/3766
f 5659/3316/3767 5655/3314/3765 5661/3318/3767
f 5662/3313/3768 5660/3315/3768 5658/3311/3766
f 5663/3317/3769 5659/3316/3767 5661/3318/3767
f 5663/3317/3769 5660/3315/3768 5662/3313/3768
f 5663/3317/3769 5661/3318/3767 5664/3319/3770
f 5660/3315/3768 5663/3317/3769 5664/3319/3770
f 5665/3335/3771 5666/3336/3772 5667/3337/3773
f 5666/3336/3772 5665/3335/3771 5668/3338/3774
f 5667/3337/3773 5669/3339/3775 5665/3335/3771
f 5670/3340/3776 5666/3336/3772 5668/3338/3774
f 5669/3339/3775 5667/3337/3773 5671/3341/3777
f 5666/3336/3772 5670/3340/3776 5672/3342/3778
f 5673/3343/3779 5669/3339/3775 5671/3341/3777
f 5674/3344/3780 5672/3342/3778 5670/3340/3776
f 5669/3339/3775 5673/3343/3779 5675/3345/3781
f 5672/3342/3778 5674/3344/3780 5676/3346/3782
f 5677/3347/3783 5675/3345/3781 5673/3343/3779
f 5678/3348/3784 5676/3346/3782 5674/3344/3780
f 5675/3345/3781 5677/3347/3783 5679/3349/3785
f 5676/3346/3782 5678/3348/3784 5680/3350/3670
f 5679/3349/3785 5677/3347/3783 5681/3351/3786
f 5682/3352/3787 5680/3350/3670 5678/3348/3784
f 5677/3347/3783 5683/3353/3788 5681/3351/3786
f 5680/3350/3670 5682/3352/3787 5684/3354/3789
f 5681/3351/3786 5683/3353/3788 5685/3355/3790
f 5682/3352/3787 5686/3356/3791 5684/3354/3789
f 5683/3353/3788 5687/3357/3792 5685/3355/3790
f 5686/3356/3791 5682/3352/3787 5688/3358/3793
f 5687/3357/3792 5689/3359/3794 5685/3355/3790
f 5688/3358/3793 5690/3360/3795 5686/3356/3791
f 5689/3359/3794 5687/3357/3792 5691/3361/3796
f 5690/3360/3795 5688/3358/3793 5692/3362/3797
f 5693/3363/3798 5689/3359/3794 5691/3361/3796
f 5694/3364/3799 5690/3360/3795 5692/3362/3797
f 5689/3359/3794 5693/3363/3798 5694/3364/3799
f 5690/3360/3795 5694/3364/3799 5693/3363/3798
f 5695/3323/3715 5696/3328/3715 5697/3320/3715
f 5697/3320/3715 5696/3328/3715 5698/3327/3715
f 5697/3320/3715 5698/3327/3715 5699/3324/3715
f 5696/3328/3715 5695/3323/3715 5700/3322/3715
f 5696/3328/3715 5700/3322/3715 5701/3326/3715
f 5702/3333/3715 5700/3322/3715 5695/3323/3715
f 5702/3333/3715 5695/3323/3715 5703/3329/3715
f 5702/3333/3715 5703/3329/3715 5704/3331/3715
f 5700/3322/3715 5702/3333/3715 5705/3332/3715
f 5705/3332/3715 5702/3333/3715 5706/3334/3715
f 5700/3322/3715 5705/3332/3715 5707/3330/3715
f 5707/3330/3715 5708/3321/3715 5700/3322/3715
f 5708/3321/3715 5707/3330/3715 5709/3325/3715
f 5710/3337/3800 5711/3335/3801 5712/3336/3802
f 5712/3336/3802 5711/3335/3801 5713/3338/3803
f 5710/3337/3800 5714/3339/3804 5711/3335/3801
f 5712/3336/3802 5713/3338/3803 5715/3342/3805
f 5716/3341/3732 5714/3339/3804 5710/3337/3800
f 5715/3342/3805 5713/3338/3803 5717/3340/3806
f 5716/3341/3732 5718/3345/3807 5714/3339/3804
f 5717/3340/3806 5719/3346/3808 5715/3342/3805
f 5720/3343/3809 5718/3345/3807 5716/3341/3732
f 5719/3346/3808 5717/3340/3806 5721/3344/3810
f 5722/3347/3811 5718/3345/3807 5720/3343/3809
f 5719/3346/3808 5721/3344/3810 5723/3350/3733
f 5718/3345/3807 5722/3347/3811 5724/3349/3812
f 5723/3350/3733 5721/3344/3810 5725/3348/3813
f 5726/3353/3814 5724/3349/3812 5722/3347/3811
f 5723/3350/3733 5725/3348/3813 5727/3354/3815
f 5724/3349/3812 5726/3353/3814 5728/3351/3816
f 5727/3354/3815 5725/3348/3813 5729/3352/3817
f 5726/3353/3814 5730/3355/3818 5728/3351/3816
f 5727/3354/3815 5729/3352/3817 5731/3356/3819
f 5732/3357/3820 5730/3355/3818 5726/3353/3814
f 5731/3356/3819 5729/3352/3817 5733/3358/3821
f 5732/3357/3820 5734/3359/3822 5730/3355/3818
f 5731/3356/3819 5733/3358/3821 5735/3360/3823
f 5736/3361/3824 5734/3359/3822 5732/3357/3820
f 5735/3360/3823 5733/3358/3821 5737/3362/3825
f 5736/3361/3824 5738/3364/3826 5734/3359/3822
f 5735/3360/3823 5737/3362/3825 5739/3363/3827
f 5739/3363/3827 5738/3364/3826 5736/3361/3824
f 5739/3363/3827 5737/3362/3825 5738/3364/3826
f 5740/3338/3828 5741/3337/3829 5742/3335/3830
f 5741/3337/3829 5743/3339/3831 5742/3335/3830
f 5741/3337/3829 5740/3338/3828 5744/3336/3832
f 5743/3339/3831 5741/3337/3829 5745/3341/3833
f 5746/3340/3834 5744/3336/3832 5740/3338/3828
f 5745/3341/3833 5747/3345/3835 5743/3339/3831
f 5744/3336/3832 5746/3340/3834 5748/3342/3836
f 5747/3345/3835 5745/3341/3833 5749/3343/3837
f 5748/3342/3836 5746/3340/3834 5750/3346/3465
f 5749/3343/3837 5751/3349/3838 5747/3345/3835
f 5750/3346/3465 5746/3340/3834 5752/3344/3839
f 5751/3349/3838 5749/3343/3837 5753/3347/3840
f 5750/3346/3465 5752/3344/3839 5754/3350/3841
f 5755/3353/3842 5751/3349/3838 5753/3347/3840
f 5756/3348/3843 5754/3350/3841 5752/3344/3839
f 5751/3349/3838 5755/3353/3842 5757/3351/3844
f 5754/3350/3841 5756/3348/3843 5758/3354/3845
f 5759/3357/3846 5757/3351/3844 5755/3353/3842
f 5758/3354/3845 5756/3348/3843 5760/3352/3847
f 5757/3351/3844 5759/3357/3846 5761/3355/3848
f 5762/3358/3849 5758/3354/3845 5760/3352/3847
f 5763/3361/3488 5761/3355/3848 5759/3357/3846
f 5758/3354/3845 5762/3358/3849 5764/3356/3479
f 5761/3355/3848 5763/3361/3488 5765/3359/3850
f 5766/3362/3851 5764/3356/3479 5762/3358/3849
f 5767/3364/3852 5765/3359/3850 5763/3361/3488
f 5764/3356/3479 5766/3362/3851 5768/3360/3853
f 5767/3364/3852 5768/3360/3853 5766/3362/3851
f 5768/3360/3853 5767/3364/3852 5769/3363/1517
f 5763/3361/3488 5769/3363/1517 5767/3364/3852
f 5770/3337/3603 5771/3335/3854 5772/3336/3598
f 5773/3341/3607 5771/3335/3854 5770/3337/3603
f 5772/3336/3598 5771/3335/3854 5774/3338/3855
f 5771/3335/3854 5773/3341/3607 5775/3339/3856
f 5774/3338/3855 5776/3342/3857 5772/3336/3598
f 5777/3343/3858 5775/3339/3856 5773/3341/3607
f 5776/3342/3857 5774/3338/3855 5778/3340/3859
f 5775/3339/3856 5777/3343/3858 5779/3345/3860
f 5780/3344/3861 5776/3342/3857 5778/3340/3859
f 5781/3347/3862 5779/3345/3860 5777/3343/3858
f 5776/3342/3857 5780/3344/3861 5782/3346/3863
f 5779/3345/3860 5781/3347/3862 5783/3349/3864
f 5784/3348/3865 5782/3346/3863 5780/3344/3861
f 5785/3351/3866 5783/3349/3864 5781/3347/3862
f 5782/3346/3863 5784/3348/3865 5786/3350/3867
f 5781/3347/3862 5787/3353/3868 5785/3351/3866
f 5784/3348/3865 5788/3354/3869 5786/3350/3867
f 5789/3355/3870 5785/3351/3866 5787/3353/3868
f 5788/3354/3869 5784/3348/3865 5790/3352/3871
f 5787/3353/3868 5791/3357/3872 5789/3355/3870
f 5790/3352/3871 5792/3356/3873 5788/3354/3869
f 5789/3355/3870 5791/3357/3872 5793/3359/3874
f 5792/3356/3873 5790/3352/3871 5794/3358/3875
f 5791/3357/3872 5795/3361/3876 5793/3359/3874
f 5794/3358/3875 5796/3360/3877 5792/3356/3873
f 5797/3363/3878 5793/3359/3874 5795/3361/3876
f 5796/3360/3877 5794/3358/3875 5798/3362/3879
f 5793/3359/3874 5797/3363/3878 5799/3364/3880
f 5796/3360/3877 5799/3364/3880 5797/3363/3878
f 5799/3364/3880 5796/3360/3877 5798/3362/3879
f 5800/3337/3530 5801/3335/3881 5802/3336/3882
f 5802/3336/3882 5801/3335/3881 5803/3338/3883
f 5801/3335/3881 5800/3337/3530 5804/3339/3884
f 5805/3340/3885 5802/3336/3882 5803/3338/3883
f 5806/3341/3886 5804/3339/3884 5800/3337/3530
f 5802/3336/3882 5805/3340/3885 5807/3342/3887
f 5808/3343/3536 5804/3339/3884 5806/3341/3886
f 5809/3344/3888 5807/3342/3887 5805/3340/3885
f 5804/3339/3884 5808/3343/3536 5810/3345/3889
f 5807/3342/3887 5809/3344/3888 5811/3346/3890
f 5812/3347/3891 5810/3345/3889 5808/3343/3536
f 5813/3348/3892 5811/3346/3890 5809/3344/3888
f 5810/3345/3889 5812/3347/3891 5814/3349/3893
f 5811/3346/3890 5813/3348/3892 5815/3350/3894
f 5812/3347/3891 5816/3351/3895 5814/3349/3893
f 5815/3350/3894 5813/3348/3892 5817/3354/3896
f 5818/3353/3897 5816/3351/3895 5812/3347/3891
f 5817/3354/3896 5813/3348/3892 5819/3352/3898
f 5818/3353/3897 5820/3355/3899 5816/3351/3895
f 5817/3354/3896 5819/3352/3898 5821/3356/3900
f 5822/3357/3901 5820/3355/3899 5818/3353/3897
f 5821/3356/3900 5819/3352/3898 5823/3358/3902
f 5820/3355/3899 5822/3357/3901 5824/3359/3903
f 5825/3362/3904 5821/3356/3900 5823/3358/3902
f 5822/3357/3901 5826/3361/3905 5824/3359/3903
f 5821/3356/3900 5825/3362/3904 5827/3360/3906
f 5824/3359/3903 5826/3361/3905 5828/3364/3907
f 5828/3364/3907 5827/3360/3906 5825/3362/3904
f 5826/3361/3905 5829/3363/3908 5828/3364/3907
f 5827/3360/3906 5828/3364/3907 5829/3363/3908
