# Blender 5.1.2
# www.blender.org
mtllib flower_3.mtl
o flower_3
v -0.128178 -1.786789 -0.000000
v -0.088763 -1.759639 -0.000000
v -0.052056 -1.728714 -0.000000
v -0.018195 -1.694281 -0.000000
v 0.012684 -1.656608 0.000000
v 0.040443 -1.615963 0.000000
v 0.064945 -1.572613 0.000000
v 0.086053 -1.526828 0.000000
v 0.103631 -1.478874 0.000000
v 0.117541 -1.429020 0.000000
v 0.127647 -1.377533 0.000000
v 0.133811 -1.324681 0.000000
v 0.135895 -1.270732 0.000000
v 0.135885 -1.257940 0.000000
v 0.135853 -1.245146 0.000000
v 0.135803 -1.232358 0.000000
v 0.135737 -1.219583 0.000000
v 0.135656 -1.206825 0.000000
v 0.135562 -1.194093 0.000000
v 0.135457 -1.181392 0.000000
v 0.135343 -1.168728 0.000000
v 0.135222 -1.156109 0.000000
v 0.135096 -1.143540 0.000000
v 0.134967 -1.131028 0.000000
v 0.134837 -1.118580 0.000000
v 0.134279 -1.062284 0.000000
v 0.133900 -1.006659 0.000000
v 0.133874 -0.951853 0.000000
v 0.134375 -0.898016 0.000000
v 0.135579 -0.845295 0.000000
v 0.137659 -0.793839 0.000000
v 0.140790 -0.743799 0.000000
v 0.145147 -0.695321 0.000000
v 0.150904 -0.648556 0.000000
v 0.158236 -0.603652 0.000000
v 0.167317 -0.560757 0.000000
v 0.178322 -0.520022 0.000000
v 0.178322 -0.520021 0.000000
v 0.178322 -0.520021 0.000000
v 0.178322 -0.520019 0.000000
v 0.178322 -0.520018 0.000000
v 0.178322 -0.520016 0.000000
v 0.178322 -0.520014 0.000000
v 0.178322 -0.520012 0.000000
v 0.178322 -0.520010 0.000000
v 0.178322 -0.520008 0.000000
v 0.178322 -0.520007 0.000000
v 0.178322 -0.520006 0.000000
v 0.178322 -0.520006 0.000000
v 0.181732 -0.509483 0.000000
v 0.185909 -0.498156 0.000000
v 0.190901 -0.486354 0.000000
v 0.196757 -0.474405 0.000000
v 0.203524 -0.462636 0.000000
v 0.211250 -0.451376 0.000000
v 0.219984 -0.440952 0.000000
v 0.229772 -0.431694 0.000000
v 0.240663 -0.423928 0.000000
v 0.252704 -0.417982 0.000000
v 0.265944 -0.414185 0.000000
v 0.280431 -0.412865 0.000000
v 0.295300 -0.414212 0.000000
v 0.310923 -0.418232 0.000000
v 0.327083 -0.424969 0.000000
v 0.343561 -0.434465 0.000000
v 0.360139 -0.446761 0.000000
v 0.376601 -0.461902 0.000000
v 0.392726 -0.479928 0.000000
v 0.408299 -0.500883 0.000000
v 0.423099 -0.524808 0.000000
v 0.436911 -0.551747 0.000000
v 0.449515 -0.581742 0.000000
v 0.460694 -0.614834 0.000000
v 0.463299 -0.623579 0.000000
v 0.465895 -0.632412 0.000000
v 0.468485 -0.641334 0.000000
v 0.471072 -0.650344 0.000000
v 0.473658 -0.659444 0.000000
v 0.476248 -0.668632 0.000000
v 0.478844 -0.677910 0.000000
v 0.481450 -0.687277 0.000000
v 0.484068 -0.696733 0.000000
v 0.486701 -0.706279 0.000000
v 0.489354 -0.715916 0.000000
v 0.492028 -0.725642 0.000000
v 0.511128 -0.794475 0.000000
v 0.531676 -0.864808 0.000000
v 0.554363 -0.935381 0.000000
v 0.579877 -1.004935 0.000000
v 0.608911 -1.072210 0.000000
v 0.642153 -1.135947 0.000000
v 0.680295 -1.194888 0.000000
v 0.724026 -1.247772 0.000000
v 0.774036 -1.293340 0.000000
v 0.831016 -1.330333 0.000000
v 0.895656 -1.357493 0.000000
v 0.968647 -1.373558 0.000000
v 1.021048 -1.378477 0.000000
v 1.079740 -1.380223 0.000000
v 1.143597 -1.378414 0.000000
v 1.211494 -1.372667 0.000000
v 1.282307 -1.362598 0.000000
v 1.354910 -1.347826 0.000000
v 1.428180 -1.327967 0.000000
v 1.500991 -1.302638 0.000000
v 1.572218 -1.271457 0.000000
v 1.640736 -1.234040 0.000000
v 1.705422 -1.190004 0.000000
v 1.765149 -1.138968 0.000000
v 1.796346 -1.106701 0.000000
v 1.824573 -1.072757 0.000000
v 1.849810 -1.037198 0.000000
v 1.872032 -1.000086 0.000000
v 1.891218 -0.961484 0.000000
v 1.907344 -0.921453 0.000000
v 1.920390 -0.880056 0.000000
v 1.930330 -0.837356 0.000000
v 1.937145 -0.793413 0.000000
v 1.940810 -0.748291 0.000000
v 1.941303 -0.702052 0.000000
v 1.938601 -0.654757 0.000000
v 1.924767 -0.578406 0.000000
v 1.898733 -0.511074 0.000000
v 1.861766 -0.451982 0.000000
v 1.815131 -0.400350 0.000000
v 1.760095 -0.355398 0.000000
v 1.697924 -0.316346 0.000000
v 1.629884 -0.282413 0.000000
v 1.557243 -0.252819 0.000000
v 1.481265 -0.226784 0.000000
v 1.403217 -0.203528 0.000000
v 1.324366 -0.182272 0.000000
v 1.245977 -0.162233 0.000000
v 1.200221 -0.150598 0.000000
v 1.154706 -0.138765 0.000000
v 1.109931 -0.126603 0.000000
v 1.066397 -0.113978 0.000000
v 1.024603 -0.100758 0.000000
v 0.985050 -0.086809 0.000000
v 0.948238 -0.072000 0.000000
v 0.914666 -0.056198 0.000000
v 0.884835 -0.039269 0.000000
v 0.859244 -0.021082 0.000000
v 0.838394 -0.001503 0.000000
v 0.822784 0.019600 0.000000
v 0.818977 0.026696 0.000000
v 0.815750 0.033985 0.000000
v 0.813101 0.041483 0.000000
v 0.811030 0.049207 0.000000
v 0.809533 0.057173 0.000000
v 0.808611 0.065399 0.000000
v 0.808263 0.073900 0.000000
v 0.808486 0.082694 0.000000
v 0.809280 0.091798 0.000000
v 0.810643 0.101227 0.000000
v 0.812574 0.110999 0.000000
v 0.815072 0.121130 0.000000
v 0.828021 0.150020 0.000000
v 0.849042 0.172695 0.000000
v 0.877454 0.189713 0.000000
v 0.912579 0.201632 0.000000
v 0.953737 0.209009 0.000000
v 1.000249 0.212401 0.000000
v 1.051436 0.212365 0.000000
v 1.106618 0.209460 0.000000
v 1.165116 0.204242 0.000000
v 1.226250 0.197269 0.000000
v 1.289342 0.189099 0.000000
v 1.353711 0.180287 0.000000
v 1.428668 0.170059 0.000000
v 1.504579 0.160414 0.000000
v 1.580749 0.152162 0.000000
v 1.656482 0.146115 0.000000
v 1.731083 0.143082 0.000000
v 1.803855 0.143875 0.000000
v 1.874103 0.149305 0.000000
v 1.941130 0.160181 0.000000
v 2.004242 0.177316 0.000000
v 2.062742 0.201519 0.000000
v 2.115935 0.233601 0.000000
v 2.163124 0.274373 0.000000
v 2.188273 0.303294 0.000000
v 2.210283 0.334903 0.000000
v 2.229160 0.369237 0.000000
v 2.244911 0.406329 0.000000
v 2.257542 0.446215 0.000000
v 2.267060 0.488929 0.000000
v 2.273470 0.534506 0.000000
v 2.276779 0.582981 0.000000
v 2.276994 0.634388 0.000000
v 2.274120 0.688762 0.000000
v 2.268165 0.746138 0.000000
v 2.259133 0.806551 0.000000
v 2.248526 0.855721 0.000000
v 2.233820 0.903590 0.000000
v 2.215231 0.949883 0.000000
v 2.192974 0.994328 0.000000
v 2.167265 1.036650 0.000000
v 2.138321 1.076576 0.000000
v 2.106358 1.113832 0.000000
v 2.071590 1.148145 0.000000
v 2.034235 1.179241 0.000000
v 1.994507 1.206846 0.000000
v 1.952623 1.230688 0.000000
v 1.908800 1.250491 0.000000
v 1.868366 1.264627 0.000000
v 1.823754 1.276163 0.000000
v 1.775013 1.284283 0.000000
v 1.722188 1.288174 0.000000
v 1.665326 1.287020 0.000000
v 1.604474 1.280007 0.000000
v 1.539679 1.266320 0.000000
v 1.470987 1.245146 0.000000
v 1.398445 1.215669 0.000000
v 1.322099 1.177074 0.000000
v 1.241997 1.128547 0.000000
v 1.158185 1.069274 0.000000
v 1.022629 0.967647 0.000000
v 0.903460 0.881025 0.000000
v 0.799168 0.808774 0.000000
v 0.708246 0.750261 0.000000
v 0.629185 0.704851 0.000000
v 0.560476 0.671911 0.000000
v 0.500611 0.650805 0.000000
v 0.448082 0.640901 0.000000
v 0.401381 0.641563 0.000000
v 0.358999 0.652158 0.000000
v 0.319427 0.672053 0.000000
v 0.281158 0.700612 0.000000
v 0.263820 0.718102 0.000000
v 0.249973 0.737745 0.000000
v 0.239357 0.759602 0.000000
v 0.231709 0.783735 0.000000
v 0.226770 0.810204 0.000000
v 0.224277 0.839070 0.000000
v 0.223969 0.870393 0.000000
v 0.225585 0.904235 0.000000
v 0.228863 0.940656 0.000000
v 0.233544 0.979717 0.000000
v 0.239364 1.021479 0.000000
v 0.246063 1.066002 0.000000
v 0.251621 1.102484 0.000000
v 0.257053 1.139680 0.000000
v 0.262110 1.177505 0.000000
v 0.266541 1.215868 0.000000
v 0.270098 1.254684 0.000000
v 0.272530 1.293864 0.000000
v 0.273590 1.333319 0.000000
v 0.273026 1.372963 0.000000
v 0.270590 1.412706 0.000000
v 0.266033 1.452462 0.000000
v 0.259104 1.492142 0.000000
v 0.249555 1.531658 0.000000
v 0.233461 1.580032 0.000000
v 0.212440 1.627452 0.000000
v 0.186775 1.673636 0.000000
v 0.156748 1.718304 0.000000
v 0.122639 1.761175 0.000000
v 0.084730 1.801967 0.000000
v 0.043303 1.840401 0.000000
v -0.001361 1.876195 -0.000000
v -0.048981 1.909069 -0.000000
v -0.099275 1.938741 -0.000000
v -0.151961 1.964931 -0.000000
v -0.206759 1.987357 -0.000000
v -0.265948 2.006492 -0.000000
v -0.325506 2.020669 -0.000000
v -0.385276 2.029909 -0.000000
v -0.445097 2.034234 -0.000000
v -0.504812 2.033664 -0.000000
v -0.564260 2.028220 -0.000000
v -0.623283 2.017925 -0.000000
v -0.681723 2.002799 -0.000000
v -0.739419 1.982863 -0.000000
v -0.796214 1.958139 -0.000000
v -0.851948 1.928647 -0.000000
v -0.906462 1.894409 -0.000000
v -0.960571 1.855088 -0.000000
v -1.009847 1.814020 -0.000000
v -1.054218 1.771331 -0.000000
v -1.093615 1.727148 -0.000000
v -1.127965 1.681597 -0.000000
v -1.157199 1.634804 -0.000000
v -1.181244 1.586897 -0.000000
v -1.200030 1.538001 -0.000000
v -1.213486 1.488244 -0.000000
v -1.221541 1.437750 -0.000000
v -1.224123 1.386648 -0.000000
v -1.221163 1.335063 -0.000000
v -1.212597 1.283611 -0.000000
v -1.198618 1.233504 -0.000000
v -1.179402 1.184946 -0.000000
v -1.155126 1.138142 -0.000000
v -1.125970 1.093295 -0.000000
v -1.092109 1.050611 -0.000000
v -1.053721 1.010292 -0.000000
v -1.010985 0.972543 -0.000000
v -0.964078 0.937567 -0.000000
v -0.913176 0.905570 -0.000000
v -0.858459 0.876755 -0.000000
v -0.800103 0.851326 -0.000000
v -0.740663 0.826445 -0.000000
v -0.684375 0.799899 -0.000000
v -0.631433 0.771844 -0.000000
v -0.582033 0.742438 -0.000000
v -0.536370 0.711841 -0.000000
v -0.494639 0.680208 -0.000000
v -0.457035 0.647698 -0.000000
v -0.423753 0.614469 -0.000000
v -0.394989 0.580678 -0.000000
v -0.370937 0.546483 -0.000000
v -0.351794 0.512042 -0.000000
v -0.337753 0.477512 -0.000000
v -0.335133 0.469064 -0.000000
v -0.332748 0.460083 -0.000000
v -0.330698 0.450644 -0.000000
v -0.329085 0.440823 -0.000000
v -0.328011 0.430697 -0.000000
v -0.327578 0.420340 -0.000000
v -0.327889 0.409830 -0.000000
v -0.329044 0.399242 -0.000000
v -0.331146 0.388652 -0.000000
v -0.334297 0.378137 -0.000000
v -0.338598 0.367772 -0.000000
v -0.344152 0.357633 -0.000000
v -0.350212 0.348717 -0.000000
v -0.356988 0.340284 -0.000000
v -0.364465 0.332345 -0.000000
v -0.372629 0.324908 -0.000000
v -0.381464 0.317984 -0.000000
v -0.390956 0.311582 -0.000000
v -0.401089 0.305711 -0.000000
v -0.411848 0.300381 -0.000000
v -0.423218 0.295602 -0.000000
v -0.435184 0.291382 -0.000000
v -0.447732 0.287733 -0.000000
v -0.460846 0.284662 -0.000000
v -0.498416 0.279318 -0.000000
v -0.538701 0.278231 -0.000000
v -0.581508 0.281336 -0.000000
v -0.626648 0.288567 -0.000000
v -0.673930 0.299860 -0.000000
v -0.723163 0.315148 -0.000000
v -0.774156 0.334365 -0.000000
v -0.826719 0.357447 -0.000000
v -0.880660 0.384328 -0.000000
v -0.935789 0.414941 -0.000000
v -0.991916 0.449222 -0.000000
v -1.048848 0.487105 -0.000000
v -1.112038 0.526897 -0.000000
v -1.177853 0.560810 -0.000000
v -1.245719 0.588788 -0.000000
v -1.315062 0.610778 -0.000000
v -1.385306 0.626723 -0.000000
v -1.455878 0.636567 -0.000000
v -1.526201 0.640257 -0.000000
v -1.595703 0.637735 -0.000000
v -1.663808 0.628948 -0.000000
v -1.729941 0.613840 -0.000000
v -1.793528 0.592355 -0.000000
v -1.853994 0.564438 -0.000000
v -1.895025 0.540420 -0.000000
v -1.932929 0.513615 -0.000000
v -1.967623 0.484162 -0.000000
v -1.999022 0.452204 -0.000000
v -2.027042 0.417880 -0.000000
v -2.051599 0.381332 -0.000000
v -2.072609 0.342700 -0.000000
v -2.089987 0.302126 -0.000000
v -2.103649 0.259750 -0.000000
v -2.113511 0.215712 -0.000000
v -2.119488 0.170154 -0.000000
v -2.121497 0.123217 -0.000000
v -2.121496 0.122746 -0.000000
v -2.121495 0.122275 -0.000000
v -2.121494 0.121804 -0.000000
v -2.121492 0.121332 -0.000000
v -2.121490 0.120860 -0.000000
v -2.121487 0.120388 -0.000000
v -2.121484 0.119915 -0.000000
v -2.121480 0.119443 -0.000000
v -2.121477 0.118972 -0.000000
v -2.121473 0.118500 -0.000000
v -2.121469 0.118029 -0.000000
v -2.121465 0.117558 -0.000000
v -2.118681 0.056832 -0.000000
v -2.111897 0.001029 -0.000000
v -2.101543 -0.050051 -0.000000
v -2.088053 -0.096606 -0.000000
v -2.071859 -0.138836 -0.000000
v -2.053391 -0.176942 -0.000000
v -2.033082 -0.211121 -0.000000
v -2.011363 -0.241574 -0.000000
v -1.988667 -0.268500 -0.000000
v -1.965426 -0.292099 -0.000000
v -1.942070 -0.312569 -0.000000
v -1.919033 -0.330112 -0.000000
v -1.882556 -0.353389 -0.000000
v -1.843635 -0.373264 -0.000000
v -1.802502 -0.389716 -0.000000
v -1.759387 -0.402724 -0.000000
v -1.714522 -0.412265 -0.000000
v -1.668138 -0.418320 -0.000000
v -1.620466 -0.420866 -0.000000
v -1.571737 -0.419883 -0.000000
v -1.522183 -0.415348 -0.000000
v -1.472035 -0.407242 -0.000000
v -1.421524 -0.395543 -0.000000
v -1.370881 -0.380229 -0.000000
v -1.356201 -0.375162 -0.000000
v -1.341054 -0.369748 -0.000000
v -1.325467 -0.364011 -0.000000
v -1.309468 -0.357977 -0.000000
v -1.293083 -0.351670 -0.000000
v -1.276340 -0.345116 -0.000000
v -1.259264 -0.338341 -0.000000
v -1.241882 -0.331370 -0.000000
v -1.224222 -0.324227 -0.000000
v -1.206311 -0.316939 -0.000000
v -1.188174 -0.309530 -0.000000
v -1.169840 -0.302026 -0.000000
v -1.088812 -0.269026 -0.000000
v -1.004396 -0.235690 -0.000000
v -0.918063 -0.203668 -0.000000
v -0.831279 -0.174613 -0.000000
v -0.745513 -0.150175 -0.000000
v -0.662235 -0.132007 -0.000000
v -0.582912 -0.121759 -0.000000
v -0.509014 -0.121084 -0.000000
v -0.442008 -0.131633 -0.000000
v -0.383363 -0.155057 -0.000000
v -0.334549 -0.193008 -0.000000
v -0.297032 -0.247137 -0.000000
v -0.296131 -0.249027 -0.000000
v -0.295286 -0.251035 -0.000000
v -0.294525 -0.253175 -0.000000
v -0.293876 -0.255464 -0.000000
v -0.293366 -0.257917 -0.000000
v -0.293023 -0.260549 -0.000000
v -0.292874 -0.263376 -0.000000
v -0.292946 -0.266415 -0.000000
v -0.293268 -0.269680 -0.000000
v -0.293867 -0.273187 -0.000000
v -0.294770 -0.276952 -0.000000
v -0.296005 -0.280990 -0.000000
v -0.302242 -0.295508 -0.000000
v -0.312220 -0.312009 -0.000000
v -0.326542 -0.330572 -0.000000
v -0.345809 -0.351275 -0.000000
v -0.370622 -0.374196 -0.000000
v -0.401584 -0.399415 -0.000000
v -0.439296 -0.427010 -0.000000
v -0.484360 -0.457060 -0.000000
v -0.537378 -0.489643 -0.000000
v -0.598951 -0.524837 -0.000000
v -0.669681 -0.562722 -0.000000
v -0.750170 -0.603376 -0.000000
v -0.796480 -0.629256 -0.000000
v -0.844597 -0.662204 -0.000000
v -0.893412 -0.701613 -0.000000
v -0.941817 -0.746875 -0.000000
v -0.988704 -0.797381 -0.000000
v -1.032966 -0.852522 -0.000000
v -1.073495 -0.911691 -0.000000
v -1.109182 -0.974280 -0.000000
v -1.138920 -1.039680 -0.000000
v -1.161601 -1.107282 -0.000000
v -1.176116 -1.176479 -0.000000
v -1.181359 -1.246662 -0.000000
v -1.181359 -1.246799 -0.000000
v -1.181359 -1.246936 -0.000000
v -1.181359 -1.247072 -0.000000
v -1.181359 -1.247207 -0.000000
v -1.181359 -1.247341 -0.000000
v -1.181359 -1.247476 -0.000000
v -1.181359 -1.247610 -0.000000
v -1.181359 -1.247745 -0.000000
v -1.181359 -1.247880 -0.000000
v -1.181359 -1.248015 -0.000000
v -1.181359 -1.248152 -0.000000
v -1.181359 -1.248290 -0.000000
v -1.179871 -1.285865 -0.000000
v -1.174984 -1.325575 -0.000000
v -1.166068 -1.367041 -0.000000
v -1.152490 -1.409886 -0.000000
v -1.133619 -1.453733 -0.000000
v -1.108823 -1.498204 -0.000000
v -1.077471 -1.542922 -0.000000
v -1.038931 -1.587509 -0.000000
v -0.992572 -1.631588 -0.000000
v -0.937761 -1.674780 -0.000000
v -0.873868 -1.716709 -0.000000
v -0.800260 -1.756998 -0.000000
v -0.720290 -1.793628 -0.000000
v -0.644885 -1.821707 -0.000000
v -0.573982 -1.841938 -0.000000
v -0.507520 -1.855023 -0.000000
v -0.445436 -1.861665 -0.000000
v -0.387667 -1.862567 -0.000000
v -0.334151 -1.858432 -0.000000
v -0.284826 -1.849962 -0.000000
v -0.239628 -1.837860 -0.000000
v -0.198496 -1.822829 -0.000000
v -0.161367 -1.805571 -0.000000
v -0.748352 -1.653113 -0.000000
v -0.798766 -1.626174 -0.000000
v -0.844849 -1.597957 -0.000000
v -0.886591 -1.568474 -0.000000
v -0.923983 -1.537739 -0.000000
v -0.957013 -1.505763 -0.000000
v -0.985672 -1.472561 -0.000000
v -1.009950 -1.438145 -0.000000
v -1.029837 -1.402528 -0.000000
v -1.045322 -1.365722 -0.000000
v -1.056395 -1.327742 -0.000000
v -1.063047 -1.288598 -0.000000
v -1.065266 -1.248305 -0.000000
v -1.065266 -1.248199 -0.000000
v -1.065266 -1.248091 -0.000000
v -1.065266 -1.247983 -0.000000
v -1.065266 -1.247875 -0.000000
v -1.065266 -1.247767 -0.000000
v -1.065266 -1.247659 -0.000000
v -1.065266 -1.247552 -0.000000
v -1.065266 -1.247445 -0.000000
v -1.065266 -1.247339 -0.000000
v -1.065266 -1.247233 -0.000000
v -1.065266 -1.247128 -0.000000
v -1.065266 -1.247025 -0.000000
v -1.060742 -1.189119 -0.000000
v -1.048220 -1.131675 -0.000000
v -1.028680 -1.075261 -0.000000
v -1.003105 -1.020445 -0.000000
v -0.972474 -0.967793 -0.000000
v -0.937770 -0.917875 -0.000000
v -0.899975 -0.871257 -0.000000
v -0.860068 -0.828508 -0.000000
v -0.819031 -0.790194 -0.000000
v -0.777847 -0.756884 -0.000000
v -0.737495 -0.729145 -0.000000
v -0.698958 -0.707545 -0.000000
v -0.623133 -0.669382 -0.000000
v -0.553765 -0.632593 -0.000000
v -0.490722 -0.597077 -0.000000
v -0.433870 -0.562733 -0.000000
v -0.383077 -0.529460 -0.000000
v -0.338209 -0.497156 -0.000000
v -0.299133 -0.465721 -0.000000
v -0.265716 -0.435054 -0.000000
v -0.237826 -0.405052 -0.000000
v -0.215328 -0.375617 -0.000000
v -0.198090 -0.346645 -0.000000
v -0.185980 -0.318037 -0.000000
v -0.182758 -0.307440 -0.000000
v -0.180234 -0.296855 -0.000000
v -0.178406 -0.286297 -0.000000
v -0.177275 -0.275782 -0.000000
v -0.176839 -0.265326 -0.000000
v -0.177097 -0.254946 -0.000000
v -0.178049 -0.244657 -0.000000
v -0.179694 -0.234475 -0.000000
v -0.182031 -0.224416 -0.000000
v -0.185059 -0.214497 -0.000000
v -0.188777 -0.204732 -0.000000
v -0.193185 -0.195139 -0.000000
v -0.214291 -0.158172 -0.000000
v -0.238662 -0.125163 -0.000000
v -0.266286 -0.096117 -0.000000
v -0.297145 -0.071039 -0.000000
v -0.331225 -0.049936 -0.000000
v -0.368510 -0.032814 -0.000000
v -0.408986 -0.019678 -0.000000
v -0.452638 -0.010535 -0.000000
v -0.499450 -0.005389 -0.000000
v -0.549407 -0.004248 -0.000000
v -0.602494 -0.007116 -0.000000
v -0.658695 -0.014000 -0.000000
v -0.704939 -0.022182 -0.000000
v -0.751921 -0.032454 -0.000000
v -0.799420 -0.044563 -0.000000
v -0.847218 -0.058256 -0.000000
v -0.895091 -0.073280 -0.000000
v -0.942821 -0.089383 -0.000000
v -0.990186 -0.106313 -0.000000
v -1.036965 -0.123815 -0.000000
v -1.082938 -0.141639 -0.000000
v -1.127885 -0.159530 -0.000000
v -1.171584 -0.177237 -0.000000
v -1.213815 -0.194507 -0.000000
v -1.231717 -0.201833 -0.000000
v -1.249418 -0.209065 -0.000000
v -1.266887 -0.216174 -0.000000
v -1.284089 -0.223134 -0.000000
v -1.300991 -0.229918 -0.000000
v -1.317560 -0.236498 -0.000000
v -1.333760 -0.242847 -0.000000
v -1.349560 -0.248938 -0.000000
v -1.364925 -0.254744 -0.000000
v -1.379822 -0.260238 -0.000000
v -1.394218 -0.265392 -0.000000
v -1.408078 -0.270180 -0.000000
v -1.449862 -0.282889 -0.000000
v -1.491397 -0.292711 -0.000000
v -1.532495 -0.299660 -0.000000
v -1.572970 -0.303752 -0.000000
v -1.612634 -0.305001 -0.000000
v -1.651300 -0.303421 -0.000000
v -1.688780 -0.299028 -0.000000
v -1.724887 -0.291835 -0.000000
v -1.759435 -0.281857 -0.000000
v -1.792235 -0.269109 -0.000000
v -1.823101 -0.253606 -0.000000
v -1.851846 -0.235362 -0.000000
v -1.875890 -0.216576 -0.000000
v -1.897905 -0.195801 -0.000000
v -1.917887 -0.173049 -0.000000
v -1.935830 -0.148332 -0.000000
v -1.951729 -0.121661 -0.000000
v -1.965580 -0.093048 -0.000000
v -1.977377 -0.062504 -0.000000
v -1.987116 -0.030041 -0.000000
v -1.994792 0.004331 -0.000000
v -2.000399 0.040598 -0.000000
v -2.003932 0.078750 -0.000000
v -2.005388 0.118775 -0.000000
v -2.004187 0.155608 -0.000000
v -1.999937 0.191215 -0.000000
v -1.992682 0.225516 -0.000000
v -1.982467 0.258428 -0.000000
v -1.969337 0.289868 -0.000000
v -1.953338 0.319757 -0.000000
v -1.934514 0.348011 -0.000000
v -1.912911 0.374548 -0.000000
v -1.888574 0.399287 -0.000000
v -1.861547 0.422146 -0.000000
v -1.831876 0.443044 -0.000000
v -1.799606 0.461897 -0.000000
v -1.748691 0.485331 -0.000000
v -1.695029 0.503272 -0.000000
v -1.639111 0.515772 -0.000000
v -1.581425 0.522880 -0.000000
v -1.522459 0.524646 -0.000000
v -1.462703 0.521121 -0.000000
v -1.402646 0.512355 -0.000000
v -1.342776 0.498398 -0.000000
v -1.283582 0.479299 -0.000000
v -1.225553 0.455110 -0.000000
v -1.169178 0.425881 -0.000000
v -1.114946 0.391661 -0.000000
v -1.050639 0.348960 -0.000000
v -0.987244 0.310513 -0.000000
v -0.924914 0.276370 -0.000000
v -0.863802 0.246580 -0.000000
v -0.804065 0.221194 -0.000000
v -0.745854 0.200261 -0.000000
v -0.689324 0.183832 -0.000000
v -0.634630 0.171957 -0.000000
v -0.581925 0.164685 -0.000000
v -0.531364 0.162068 -0.000000
v -0.483099 0.164154 -0.000000
v -0.437286 0.170994 -0.000000
v -0.416329 0.175955 -0.000000
v -0.396195 0.181968 -0.000000
v -0.376908 0.189016 -0.000000
v -0.358493 0.197083 -0.000000
v -0.340976 0.206153 -0.000000
v -0.324381 0.216210 -0.000000
v -0.308733 0.227237 -0.000000
v -0.294058 0.239218 -0.000000
v -0.280380 0.252137 -0.000000
v -0.267725 0.265978 -0.000000
v -0.256118 0.280723 -0.000000
v -0.245583 0.296358 -0.000000
v -0.240174 0.305545 -0.000000
v -0.235232 0.314963 -0.000000
v -0.230758 0.324602 -0.000000
v -0.226750 0.334451 -0.000000
v -0.223212 0.344499 -0.000000
v -0.220143 0.354737 -0.000000
v -0.217543 0.365152 -0.000000
v -0.215415 0.375736 -0.000000
v -0.213758 0.386478 -0.000000
v -0.212574 0.397366 -0.000000
v -0.211863 0.408390 -0.000000
v -0.211626 0.419540 -0.000000
v -0.211736 0.427196 -0.000000
v -0.212066 0.434903 -0.000000
v -0.212617 0.442657 -0.000000
v -0.213388 0.450456 -0.000000
v -0.214381 0.458295 -0.000000
v -0.215596 0.466172 -0.000000
v -0.217032 0.474083 -0.000000
v -0.218690 0.482025 -0.000000
v -0.220571 0.489995 -0.000000
v -0.222675 0.497989 -0.000000
v -0.225002 0.506004 -0.000000
v -0.227553 0.514037 -0.000000
v -0.244669 0.557033 -0.000000
v -0.267278 0.599441 -0.000000
v -0.295207 0.641118 -0.000000
v -0.328284 0.681917 -0.000000
v -0.366338 0.721696 -0.000000
v -0.409197 0.760309 -0.000000
v -0.456687 0.797611 -0.000000
v -0.508637 0.833459 -0.000000
v -0.564876 0.867708 -0.000000
v -0.625230 0.900213 -0.000000
v -0.689527 0.930831 -0.000000
v -0.757597 0.959415 -0.000000
v -0.806045 0.980430 -0.000000
v -0.851449 1.004057 -0.000000
v -0.893664 1.030133 -0.000000
v -0.932542 1.058495 -0.000000
v -0.967935 1.088977 -0.000000
v -0.999698 1.121416 -0.000000
v -1.027683 1.155648 -0.000000
v -1.051743 1.191509 -0.000000
v -1.071731 1.228834 -0.000000
v -1.087501 1.267461 -0.000000
v -1.098905 1.307224 -0.000000
v -1.105797 1.347960 -0.000000
v -1.107975 1.388444 -0.000000
v -1.105551 1.428734 -0.000000
v -1.098583 1.468727 -0.000000
v -1.087131 1.508322 -0.000000
v -1.071255 1.547414 -0.000000
v -1.051013 1.585902 -0.000000
v -1.026466 1.623683 -0.000000
v -0.997672 1.660655 -0.000000
v -0.964690 1.696715 -0.000000
v -0.927581 1.731760 -0.000000
v -0.886404 1.765687 -0.000000
v -0.841217 1.798395 -0.000000
v -0.794760 1.827590 -0.000000
v -0.747292 1.852749 -0.000000
v -0.698949 1.873854 -0.000000
v -0.649865 1.890886 -0.000000
v -0.600175 1.903828 -0.000000
v -0.550015 1.912662 -0.000000
v -0.499520 1.917369 -0.000000
v -0.448824 1.917931 -0.000000
v -0.398062 1.914330 -0.000000
v -0.347371 1.906548 -0.000000
v -0.296884 1.894566 -0.000000
v -0.246736 1.878368 -0.000000
v -0.200902 1.859603 -0.000000
v -0.156663 1.837627 -0.000000
v -0.114291 1.812710 -0.000000
v -0.074062 1.785120 -0.000000
v -0.036251 1.755130 -0.000000
v -0.001131 1.723007 -0.000000
v 0.031023 1.689021 0.000000
v 0.059937 1.653443 0.000000
v 0.085335 1.616543 0.000000
v 0.106944 1.578589 0.000000
v 0.124489 1.539852 0.000000
v 0.137696 1.500602 0.000000
v 0.145773 1.466994 0.000000
v 0.151591 1.433003 0.000000
v 0.155358 1.398682 0.000000
v 0.157282 1.364084 0.000000
v 0.157572 1.329261 0.000000
v 0.156435 1.294267 0.000000
v 0.154080 1.259153 0.000000
v 0.150715 1.223973 0.000000
v 0.146547 1.188779 0.000000
v 0.141786 1.153624 0.000000
v 0.136638 1.118560 0.000000
v 0.131313 1.083641 0.000000
v 0.124326 1.037590 0.000000
v 0.117943 0.992152 0.000000
v 0.112704 0.947515 0.000000
v 0.109143 0.903864 0.000000
v 0.107800 0.861385 0.000000
v 0.109211 0.820264 0.000000
v 0.113913 0.780687 0.000000
v 0.122443 0.742839 0.000000
v 0.135339 0.706908 0.000000
v 0.153139 0.673078 0.000000
v 0.176378 0.641537 0.000000
v 0.205596 0.612469 0.000000
v 0.263904 0.569698 0.000000
v 0.323348 0.540900 0.000000
v 0.385053 0.525872 0.000000
v 0.450149 0.524409 0.000000
v 0.519762 0.536311 0.000000
v 0.595022 0.561372 0.000000
v 0.677054 0.599391 0.000000
v 0.766989 0.650164 0.000000
v 0.865952 0.713488 0.000000
v 0.975072 0.789160 0.000000
v 1.095478 0.876978 0.000000
v 1.228295 0.976737 0.000000
v 1.287215 1.019116 0.000000
v 1.345362 1.056374 0.000000
v 1.402652 1.088488 0.000000
v 1.459004 1.115437 0.000000
v 1.514334 1.137201 0.000000
v 1.568559 1.153756 0.000000
v 1.621598 1.165083 0.000000
v 1.673367 1.171159 0.000000
v 1.723783 1.171963 0.000000
v 1.772763 1.167474 0.000000
v 1.820226 1.157670 0.000000
v 1.866089 1.142529 0.000000
v 1.900878 1.126786 0.000000
v 1.934135 1.107789 0.000000
v 1.965689 1.085756 0.000000
v 1.995367 1.060907 0.000000
v 2.022999 1.033461 0.000000
v 2.048412 1.003637 0.000000
v 2.071434 0.971654 0.000000
v 2.091895 0.937732 0.000000
v 2.109622 0.902090 0.000000
v 2.124444 0.864946 0.000000
v 2.136188 0.826521 0.000000
v 2.144684 0.787032 0.000000
v 2.152279 0.736846 0.000000
v 2.157501 0.689194 0.000000
v 2.160352 0.644089 0.000000
v 2.160836 0.601547 0.000000
v 2.158953 0.561582 0.000000
v 2.154708 0.524207 0.000000
v 2.148101 0.489438 0.000000
v 2.139134 0.457288 0.000000
v 2.127811 0.427771 0.000000
v 2.114134 0.400903 0.000000
v 2.098104 0.376697 0.000000
v 2.079724 0.355167 0.000000
v 2.042567 0.324022 0.000000
v 1.999013 0.299791 0.000000
v 1.949780 0.281826 0.000000
v 1.895587 0.269481 0.000000
v 1.837151 0.262107 0.000000
v 1.775189 0.259058 0.000000
v 1.710419 0.259687 0.000000
v 1.643560 0.263345 0.000000
v 1.575328 0.269386 0.000000
v 1.506442 0.277162 0.000000
v 1.437618 0.286026 0.000000
v 1.369576 0.295330 0.000000
v 1.332468 0.300439 0.000000
v 1.295768 0.305407 0.000000
v 1.259538 0.310139 0.000000
v 1.223842 0.314544 0.000000
v 1.188743 0.318527 0.000000
v 1.154304 0.321995 0.000000
v 1.120587 0.324855 0.000000
v 1.087656 0.327014 0.000000
v 1.055573 0.328377 0.000000
v 1.024401 0.328853 0.000000
v 0.994204 0.328347 0.000000
v 0.965044 0.326766 0.000000
v 0.929879 0.323035 0.000000
v 0.897109 0.317307 0.000000
v 0.866742 0.309586 0.000000
v 0.838786 0.299879 0.000000
v 0.813249 0.288192 0.000000
v 0.790142 0.274529 0.000000
v 0.769470 0.258898 0.000000
v 0.751244 0.241302 0.000000
v 0.735472 0.221749 0.000000
v 0.722162 0.200243 0.000000
v 0.711322 0.176790 0.000000
v 0.702961 0.151396 0.000000
v 0.698691 0.133734 0.000000
v 0.695496 0.116376 0.000000
v 0.693375 0.099329 0.000000
v 0.692327 0.082598 0.000000
v 0.692354 0.066191 0.000000
v 0.693453 0.050113 0.000000
v 0.695624 0.034372 0.000000
v 0.698868 0.018973 0.000000
v 0.703183 0.003924 0.000000
v 0.708570 -0.010770 0.000000
v 0.715027 -0.025103 0.000000
v 0.722555 -0.039067 0.000000
v 0.744107 -0.069888 0.000000
v 0.770578 -0.097738 0.000000
v 0.801567 -0.122900 0.000000
v 0.836672 -0.145654 0.000000
v 0.875491 -0.166283 0.000000
v 0.917622 -0.185067 0.000000
v 0.962662 -0.202289 0.000000
v 1.010210 -0.218230 0.000000
v 1.059864 -0.233171 0.000000
v 1.111222 -0.247393 0.000000
v 1.163881 -0.261180 0.000000
v 1.217440 -0.274811 0.000000
v 1.289213 -0.293126 0.000000
v 1.360405 -0.312117 0.000000
v 1.430028 -0.332358 0.000000
v 1.497092 -0.354421 0.000000
v 1.560610 -0.378877 0.000000
v 1.619594 -0.406301 0.000000
v 1.673056 -0.437263 0.000000
v 1.720006 -0.472338 0.000000
v 1.759458 -0.512096 0.000000
v 1.790422 -0.557112 0.000000
v 1.811911 -0.607957 0.000000
v 1.822935 -0.665204 0.000000
v 1.825208 -0.703927 0.000000
v 1.824958 -0.741560 0.000000
v 1.822190 -0.778092 0.000000
v 1.816908 -0.813510 0.000000
v 1.809117 -0.847801 0.000000
v 1.798820 -0.880953 0.000000
v 1.786023 -0.912954 0.000000
v 1.770728 -0.943791 0.000000
v 1.752942 -0.973451 0.000000
v 1.732668 -1.001923 0.000000
v 1.709910 -1.029194 0.000000
v 1.684673 -1.055250 0.000000
v 1.638049 -1.095164 0.000000
v 1.586396 -1.130698 0.000000
v 1.530579 -1.161913 0.000000
v 1.471465 -1.188869 0.000000
v 1.409917 -1.211626 0.000000
v 1.346800 -1.230244 0.000000
v 1.282982 -1.244785 0.000000
v 1.219325 -1.255307 0.000000
v 1.156696 -1.261871 0.000000
v 1.095960 -1.264538 0.000000
v 1.037982 -1.263368 0.000000
v 0.983626 -1.258420 0.000000
v 0.928500 -1.245716 0.000000
v 0.879335 -1.223471 0.000000
v 0.835623 -1.192678 0.000000
v 0.796857 -1.154331 0.000000
v 0.762531 -1.109424 0.000000
v 0.732137 -1.058950 0.000000
v 0.705167 -1.003905 0.000000
v 0.681114 -0.945280 0.000000
v 0.659472 -0.884070 0.000000
v 0.639732 -0.821270 0.000000
v 0.621389 -0.757872 0.000000
v 0.603934 -0.694870 0.000000
v 0.601212 -0.684978 0.000000
v 0.598513 -0.675175 0.000000
v 0.595831 -0.665459 0.000000
v 0.593163 -0.655826 0.000000
v 0.590505 -0.646275 0.000000
v 0.587854 -0.636803 0.000000
v 0.585205 -0.627407 0.000000
v 0.582554 -0.618086 0.000000
v 0.579897 -0.608835 0.000000
v 0.577232 -0.599654 0.000000
v 0.574553 -0.590538 0.000000
v 0.571857 -0.581487 0.000000
v 0.557760 -0.540157 0.000000
v 0.541121 -0.501351 0.000000
v 0.522146 -0.465270 0.000000
v 0.501045 -0.432119 0.000000
v 0.478023 -0.402101 0.000000
v 0.453291 -0.375418 0.000000
v 0.427054 -0.352275 0.000000
v 0.399522 -0.332874 0.000000
v 0.370901 -0.317419 0.000000
v 0.341400 -0.306114 0.000000
v 0.311227 -0.299161 0.000000
v 0.280589 -0.296764 0.000000
v 0.256589 -0.298190 0.000000
v 0.233419 -0.302495 0.000000
v 0.211170 -0.309600 0.000000
v 0.189932 -0.319423 0.000000
v 0.169793 -0.331885 0.000000
v 0.150846 -0.346906 0.000000
v 0.133178 -0.364406 0.000000
v 0.116881 -0.384306 0.000000
v 0.102043 -0.406524 0.000000
v 0.088756 -0.430982 0.000000
v 0.077109 -0.457598 0.000000
v 0.067191 -0.486295 0.000000
v 0.054993 -0.531136 0.000000
v 0.044920 -0.577819 0.000000
v 0.036780 -0.626223 0.000000
v 0.030379 -0.676231 0.000000
v 0.025525 -0.727725 0.000000
v 0.022026 -0.780585 0.000000
v 0.019690 -0.834694 0.000000
v 0.018322 -0.889932 0.000000
v 0.017732 -0.946181 0.000000
v 0.017726 -1.003324 0.000000
v 0.018111 -1.061240 0.000000
v 0.018696 -1.119813 0.000000
v 0.018827 -1.132186 0.000000
v 0.018956 -1.144621 0.000000
v 0.019082 -1.157112 0.000000
v 0.019202 -1.169649 0.000000
v 0.019316 -1.182226 0.000000
v 0.019421 -1.194836 0.000000
v 0.019515 -1.207470 0.000000
v 0.019596 -1.220121 0.000000
v 0.019663 -1.232782 0.000000
v 0.019712 -1.245445 0.000000
v 0.019744 -1.258103 0.000000
v 0.019755 -1.270748 0.000000
v 0.018104 -1.314764 0.000000
v 0.013226 -1.357823 0.000000
v 0.005227 -1.399706 0.000000
v -0.005783 -1.440197 -0.000000
v -0.019696 -1.479081 -0.000000
v -0.036404 -1.516139 -0.000000
v -0.055798 -1.551155 -0.000000
v -0.077769 -1.583913 -0.000000
v -0.102210 -1.614196 -0.000000
v -0.129013 -1.641786 -0.000000
v -0.158067 -1.666469 -0.000000
v -0.189266 -1.688025 -0.000000
v -0.226079 -1.708054 -0.000000
v -0.264912 -1.723897 -0.000000
v -0.305693 -1.735558 -0.000000
v -0.348348 -1.743043 -0.000000
v -0.392806 -1.746356 -0.000000
v -0.438992 -1.745502 -0.000000
v -0.486835 -1.740484 -0.000000
v -0.536262 -1.731308 -0.000000
v -0.587200 -1.717979 -0.000000
v -0.639576 -1.700500 -0.000000
v -0.693318 -1.678876 -0.000000
v 0.234148 -0.054066 0.000000
v 0.248886 -0.040971 0.000000
v 0.261986 -0.026344 0.000000
v 0.273401 -0.010362 0.000000
v 0.283085 0.006797 0.000000
v 0.290989 0.024955 0.000000
v 0.297068 0.043934 0.000000
v 0.301274 0.063556 0.000000
v 0.303560 0.083643 0.000000
v 0.303880 0.104017 0.000000
v 0.302185 0.124501 0.000000
v 0.298430 0.144915 0.000000
v 0.292567 0.165083 0.000000
v 0.285081 0.183631 0.000000
v 0.275988 0.200903 0.000000
v 0.265379 0.216836 0.000000
v 0.253346 0.231366 0.000000
v 0.239980 0.244428 0.000000
v 0.225373 0.255957 0.000000
v 0.209615 0.265889 0.000000
v 0.192797 0.274160 0.000000
v 0.175012 0.280705 0.000000
v 0.156350 0.285459 0.000000
v 0.136902 0.288359 0.000000
v 0.116760 0.289340 0.000000
v 0.094645 0.288726 0.000000
v 0.073263 0.286894 0.000000
v 0.052662 0.283864 0.000000
v 0.032887 0.279655 0.000000
v 0.013987 0.274286 0.000000
v -0.003993 0.267777 -0.000000
v -0.021004 0.260145 -0.000000
v -0.037000 0.251411 -0.000000
v -0.051933 0.241594 -0.000000
v -0.065758 0.230711 -0.000000
v -0.078426 0.218783 -0.000000
v -0.089891 0.205828 -0.000000
v -0.096359 0.197309 -0.000000
v -0.102281 0.188483 -0.000000
v -0.107654 0.179365 -0.000000
v -0.112474 0.169972 -0.000000
v -0.116740 0.160317 -0.000000
v -0.120447 0.150416 -0.000000
v -0.123593 0.140286 -0.000000
v -0.126174 0.129939 -0.000000
v -0.128187 0.119393 -0.000000
v -0.129629 0.108662 -0.000000
v -0.130496 0.097762 -0.000000
v -0.130786 0.086707 -0.000000
v -0.130748 0.082727 -0.000000
v -0.130637 0.078730 -0.000000
v -0.130451 0.074715 -0.000000
v -0.130190 0.070685 -0.000000
v -0.129855 0.066639 -0.000000
v -0.129444 0.062580 -0.000000
v -0.128960 0.058506 -0.000000
v -0.128400 0.054420 -0.000000
v -0.127766 0.050322 -0.000000
v -0.127056 0.046213 -0.000000
v -0.126272 0.042094 -0.000000
v -0.125413 0.037966 -0.000000
v -0.121176 0.021781 -0.000000
v -0.115658 0.006197 -0.000000
v -0.108911 -0.008726 -0.000000
v -0.100988 -0.022930 -0.000000
v -0.091940 -0.036353 -0.000000
v -0.081821 -0.048937 -0.000000
v -0.070681 -0.060621 -0.000000
v -0.058574 -0.071346 -0.000000
v -0.045552 -0.081052 -0.000000
v -0.031666 -0.089678 -0.000000
v -0.016969 -0.097166 -0.000000
v -0.001514 -0.103456 -0.000000
v 0.017601 -0.109298 0.000000
v 0.037066 -0.113277 0.000000
v 0.056805 -0.115408 0.000000
v 0.076741 -0.115707 0.000000
v 0.096797 -0.114189 0.000000
v 0.116898 -0.110872 0.000000
v 0.136966 -0.105771 0.000000
v 0.156926 -0.098901 0.000000
v 0.176701 -0.090280 0.000000
v 0.196214 -0.079923 0.000000
v 0.215388 -0.067846 0.000000
v 0.037658 0.005866 0.000000
v 0.031317 0.008428 0.000000
v 0.025340 0.011427 0.000000
v 0.019737 0.014850 0.000000
v 0.014519 0.018685 0.000000
v 0.009699 0.022919 0.000000
v 0.005286 0.027538 0.000000
v 0.001294 0.032532 0.000000
v -0.002267 0.037885 -0.000000
v -0.005386 0.043587 -0.000000
v -0.008051 0.049624 -0.000000
v -0.010251 0.055984 -0.000000
v -0.011975 0.062653 -0.000000
v -0.013317 0.069715 -0.000000
v -0.014226 0.076567 -0.000000
v -0.014699 0.083205 -0.000000
v -0.014740 0.089628 -0.000000
v -0.014347 0.095834 -0.000000
v -0.013521 0.101819 -0.000000
v -0.012263 0.107582 -0.000000
v -0.010573 0.113120 -0.000000
v -0.008452 0.118432 -0.000000
v -0.005901 0.123515 -0.000000
v -0.002919 0.128366 -0.000000
v 0.000493 0.132984 0.000000
v 0.006095 0.139151 0.000000
v 0.012565 0.144850 0.000000
v 0.019866 0.150069 0.000000
v 0.027960 0.154793 0.000000
v 0.036810 0.159010 0.000000
v 0.046378 0.162707 0.000000
v 0.056627 0.165871 0.000000
v 0.067518 0.168488 0.000000
v 0.079014 0.170547 0.000000
v 0.091079 0.172034 0.000000
v 0.103673 0.172935 0.000000
v 0.116760 0.173238 0.000000
v 0.126618 0.172732 0.000000
v 0.135525 0.171278 0.000000
v 0.143529 0.168980 0.000000
v 0.150678 0.165938 0.000000
v 0.157021 0.162255 0.000000
v 0.162606 0.158030 0.000000
v 0.167480 0.153367 0.000000
v 0.171693 0.148365 0.000000
v 0.175292 0.143128 0.000000
v 0.178325 0.137755 0.000000
v 0.180841 0.132348 0.000000
v 0.182889 0.127010 0.000000
v 0.183668 0.124654 0.000000
v 0.184385 0.122252 0.000000
v 0.185038 0.119807 0.000000
v 0.185627 0.117323 0.000000
v 0.186151 0.114802 0.000000
v 0.186608 0.112250 0.000000
v 0.186998 0.109669 0.000000
v 0.187319 0.107063 0.000000
v 0.187571 0.104435 0.000000
v 0.187752 0.101790 0.000000
v 0.187861 0.099130 0.000000
v 0.187898 0.096459 0.000000
v 0.187737 0.090899 0.000000
v 0.187248 0.085341 0.000000
v 0.186421 0.079820 0.000000
v 0.185247 0.074367 0.000000
v 0.183716 0.069015 0.000000
v 0.181818 0.063796 0.000000
v 0.179545 0.058743 0.000000
v 0.176886 0.053888 0.000000
v 0.173832 0.049263 0.000000
v 0.170374 0.044901 0.000000
v 0.166501 0.040835 0.000000
v 0.162205 0.037096 0.000000
v 0.151641 0.029259 0.000000
v 0.140977 0.022339 0.000000
v 0.130252 0.016348 0.000000
v 0.119507 0.011295 0.000000
v 0.108782 0.007190 0.000000
v 0.098118 0.004045 0.000000
v 0.087555 0.001868 0.000000
v 0.077132 0.000669 0.000000
v 0.066891 0.000460 0.000000
v 0.056871 0.001250 0.000000
v 0.047114 0.003048 0.000000
vn -0.0000 -0.0000 1.0000
vn -0.0000 -0.0000 -1.0000
s 0
usemtl SVGMat.007
f 191//1 189//1 190//1
f 191//1 188//1 189//1
f 192//1 188//1 191//1
f 192//1 187//1 188//1
f 193//1 187//1 192//1
f 193//1 186//1 187//1
f 194//1 186//1 193//1
f 194//1 185//1 186//1
f 195//1 185//1 194//1
f 195//1 184//1 185//1
f 196//1 184//1 195//1
f 196//1 183//1 184//1
f 197//1 183//1 196//1
f 197//1 182//1 183//1
f 198//1 182//1 197//1
f 198//1 181//1 182//1
f 199//1 820//1 198//1
f 820//1 821//1 198//1
f 821//1 181//1 198//1
f 821//1 822//1 181//1
f 822//1 823//1 181//1
f 823//1 180//1 181//1
f 199//1 819//1 820//1
f 199//1 818//1 819//1
f 824//1 180//1 823//1
f 199//1 817//1 818//1
f 825//1 180//1 824//1
f 199//1 816//1 817//1
f 826//1 180//1 825//1
f 200//1 816//1 199//1
f 200//1 815//1 816//1
f 827//1 180//1 826//1
f 200//1 814//1 815//1
f 827//1 179//1 180//1
f 828//1 179//1 827//1
f 200//1 813//1 814//1
f 201//1 813//1 200//1
f 829//1 179//1 828//1
f 201//1 812//1 813//1
f 830//1 179//1 829//1
f 202//1 812//1 201//1
f 202//1 811//1 812//1
f 830//1 178//1 179//1
f 202//1 810//1 811//1
f 831//1 178//1 830//1
f 203//1 810//1 202//1
f 203//1 809//1 810//1
f 831//1 177//1 178//1
f 832//1 177//1 831//1
f 203//1 808//1 809//1
f 204//1 808//1 203//1
f 204//1 807//1 808//1
f 205//1 807//1 204//1
f 833//1 177//1 832//1
f 121//1 119//1 120//1
f 833//1 176//1 177//1
f 121//1 118//1 119//1
f 122//1 118//1 121//1
f 122//1 117//1 118//1
f 205//1 806//1 807//1
f 122//1 116//1 117//1
f 123//1 116//1 122//1
f 123//1 115//1 116//1
f 206//1 806//1 205//1
f 123//1 114//1 115//1
f 206//1 805//1 806//1
f 124//1 114//1 123//1
f 834//1 176//1 833//1
f 124//1 113//1 114//1
f 834//1 175//1 176//1
f 124//1 112//1 113//1
f 207//1 805//1 206//1
f 207//1 804//1 805//1
f 125//1 112//1 124//1
f 125//1 902//1 112//1
f 902//1 111//1 112//1
f 835//1 175//1 834//1
f 125//1 901//1 902//1
f 903//1 111//1 902//1
f 904//1 111//1 903//1
f 904//1 110//1 111//1
f 208//1 804//1 207//1
f 125//1 900//1 901//1
f 905//1 110//1 904//1
f 208//1 803//1 804//1
f 906//1 110//1 905//1
f 126//1 900//1 125//1
f 126//1 899//1 900//1
f 907//1 110//1 906//1
f 835//1 174//1 175//1
f 908//1 110//1 907//1
f 908//1 109//1 110//1
f 126//1 898//1 899//1
f 909//1 109//1 908//1
f 836//1 174//1 835//1
f 209//1 803//1 208//1
f 209//1 802//1 803//1
f 910//1 109//1 909//1
f 910//1 108//1 109//1
f 127//1 898//1 126//1
f 127//1 897//1 898//1
f 911//1 108//1 910//1
f 912//1 108//1 911//1
f 836//1 173//1 174//1
f 209//1 801//1 802//1
f 210//1 801//1 209//1
f 127//1 896//1 897//1
f 837//1 173//1 836//1
f 913//1 108//1 912//1
f 913//1 107//1 108//1
f 128//1 896//1 127//1
f 914//1 107//1 913//1
f 210//1 800//1 801//1
f 128//1 895//1 896//1
f 211//1 800//1 210//1
f 837//1 172//1 173//1
f 838//1 172//1 837//1
f 914//1 106//1 107//1
f 915//1 106//1 914//1
f 129//1 895//1 128//1
f 211//1 799//1 800//1
f 129//1 894//1 895//1
f 212//1 799//1 211//1
f 916//1 106//1 915//1
f 838//1 171//1 172//1
f 839//1 171//1 838//1
f 916//1 105//1 106//1
f 212//1 798//1 799//1
f 129//1 893//1 894//1
f 130//1 893//1 129//1
f 213//1 798//1 212//1
f 917//1 105//1 916//1
f 213//1 797//1 798//1
f 840//1 171//1 839//1
f 840//1 170//1 171//1
f 917//1 104//1 105//1
f 130//1 892//1 893//1
f 131//1 892//1 130//1
f 918//1 104//1 917//1
f 214//1 797//1 213//1
f 214//1 796//1 797//1
f 841//1 170//1 840//1
f 131//1 891//1 892//1
f 841//1 169//1 170//1
f 918//1 103//1 104//1
f 919//1 103//1 918//1
f 132//1 891//1 131//1
f 214//1 795//1 796//1
f 215//1 795//1 214//1
f 842//1 169//1 841//1
f 132//1 890//1 891//1
f 919//1 102//1 103//1
f 842//1 168//1 169//1
f 920//1 102//1 919//1
f 215//1 794//1 795//1
f 843//1 168//1 842//1
f 133//1 890//1 132//1
f 216//1 794//1 215//1
f 844//1 168//1 843//1
f 844//1 167//1 168//1
f 133//1 889//1 890//1
f 216//1 793//1 794//1
f 921//1 102//1 920//1
f 921//1 101//1 102//1
f 845//1 167//1 844//1
f 134//1 889//1 133//1
f 217//1 793//1 216//1
f 217//1 792//1 793//1
f 845//1 166//1 167//1
f 846//1 166//1 845//1
f 922//1 101//1 921//1
f 134//1 888//1 889//1
f 922//1 100//1 101//1
f 135//1 888//1 134//1
f 847//1 166//1 846//1
f 847//1 165//1 166//1
f 135//1 887//1 888//1
f 218//1 792//1 217//1
f 923//1 100//1 922//1
f 136//1 887//1 135//1
f 848//1 165//1 847//1
f 923//1 99//1 100//1
f 849//1 165//1 848//1
f 136//1 886//1 887//1
f 137//1 886//1 136//1
f 849//1 164//1 165//1
f 924//1 99//1 923//1
f 218//1 791//1 792//1
f 850//1 164//1 849//1
f 924//1 98//1 99//1
f 138//1 886//1 137//1
f 138//1 885//1 886//1
f 851//1 164//1 850//1
f 851//1 163//1 164//1
f 925//1 98//1 924//1
f 139//1 885//1 138//1
f 852//1 163//1 851//1
f 219//1 791//1 218//1
f 925//1 97//1 98//1
f 139//1 884//1 885//1
f 852//1 162//1 163//1
f 853//1 162//1 852//1
f 140//1 884//1 139//1
f 926//1 97//1 925//1
f 219//1 790//1 791//1
f 926//1 96//1 97//1
f 854//1 162//1 853//1
f 140//1 883//1 884//1
f 854//1 161//1 162//1
f 141//1 883//1 140//1
f 855//1 161//1 854//1
f 927//1 96//1 926//1
f 141//1 882//1 883//1
f 142//1 882//1 141//1
f 855//1 160//1 161//1
f 220//1 790//1 219//1
f 856//1 160//1 855//1
f 927//1 95//1 96//1
f 143//1 882//1 142//1
f 928//1 95//1 927//1
f 856//1 159//1 160//1
f 143//1 881//1 882//1
f 857//1 159//1 856//1
f 220//1 789//1 790//1
f 144//1 881//1 143//1
f 857//1 158//1 159//1
f 858//1 158//1 857//1
f 145//1 881//1 144//1
f 145//1 880//1 881//1
f 929//1 95//1 928//1
f 929//1 94//1 95//1
f 858//1 157//1 158//1
f 146//1 880//1 145//1
f 147//1 880//1 146//1
f 148//1 880//1 147//1
f 858//1 156//1 157//1
f 859//1 156//1 858//1
f 149//1 880//1 148//1
f 859//1 155//1 156//1
f 150//1 880//1 149//1
f 859//1 154//1 155//1
f 151//1 880//1 150//1
f 859//1 153//1 154//1
f 152//1 880//1 151//1
f 859//1 152//1 153//1
f 859//1 880//1 152//1
f 859//1 879//1 880//1
f 221//1 789//1 220//1
f 930//1 94//1 929//1
f 860//1 879//1 859//1
f 930//1 93//1 94//1
f 860//1 878//1 879//1
f 861//1 878//1 860//1
f 221//1 788//1 789//1
f 931//1 93//1 930//1
f 862//1 878//1 861//1
f 862//1 877//1 878//1
f 863//1 877//1 862//1
f 932//1 93//1 931//1
f 932//1 92//1 93//1
f 863//1 876//1 877//1
f 864//1 876//1 863//1
f 864//1 875//1 876//1
f 865//1 875//1 864//1
f 865//1 874//1 875//1
f 222//1 788//1 221//1
f 933//1 92//1 932//1
f 865//1 873//1 874//1
f 866//1 873//1 865//1
f 866//1 872//1 873//1
f 867//1 872//1 866//1
f 867//1 871//1 872//1
f 868//1 871//1 867//1
f 868//1 870//1 871//1
f 869//1 870//1 868//1
f 934//1 92//1 933//1
f 934//1 91//1 92//1
f 222//1 787//1 788//1
f 935//1 91//1 934//1
f 935//1 90//1 91//1
f 936//1 90//1 935//1
f 223//1 787//1 222//1
f 937//1 90//1 936//1
f 937//1 89//1 90//1
f 938//1 89//1 937//1
f 939//1 89//1 938//1
f 940//1 89//1 939//1
f 941//1 89//1 940//1
f 223//1 786//1 787//1
f 942//1 89//1 941//1
f 943//1 89//1 942//1
f 944//1 89//1 943//1
f 945//1 89//1 944//1
f 946//1 89//1 945//1
f 947//1 89//1 946//1
f 947//1 88//1 89//1
f 948//1 88//1 947//1
f 949//1 88//1 948//1
f 950//1 88//1 949//1
f 224//1 786//1 223//1
f 951//1 88//1 950//1
f 951//1 87//1 88//1
f 952//1 87//1 951//1
f 952//1 86//1 87//1
f 953//1 86//1 952//1
f 224//1 785//1 786//1
f 953//1 85//1 86//1
f 954//1 85//1 953//1
f 225//1 785//1 224//1
f 954//1 84//1 85//1
f 954//1 83//1 84//1
f 954//1 82//1 83//1
f 954//1 81//1 82//1
f 954//1 80//1 81//1
f 954//1 79//1 80//1
f 955//1 79//1 954//1
f 955//1 78//1 79//1
f 955//1 77//1 78//1
f 955//1 76//1 77//1
f 955//1 75//1 76//1
f 955//1 74//1 75//1
f 955//1 73//1 74//1
f 955//1 72//1 73//1
f 956//1 72//1 955//1
f 225//1 784//1 785//1
f 956//1 71//1 72//1
f 226//1 784//1 225//1
f 956//1 70//1 71//1
f 957//1 70//1 956//1
f 957//1 69//1 70//1
f 957//1 68//1 69//1
f 227//1 784//1 226//1
f 958//1 68//1 957//1
f 958//1 67//1 68//1
f 227//1 783//1 784//1
f 958//1 66//1 67//1
f 959//1 66//1 958//1
f 959//1 65//1 66//1
f 228//1 783//1 227//1
f 959//1 64//1 65//1
f 960//1 64//1 959//1
f 960//1 63//1 64//1
f 228//1 782//1 783//1
f 229//1 782//1 228//1
f 961//1 63//1 960//1
f 961//1 62//1 63//1
f 1031//1 1029//1 1030//1
f 1031//1 1028//1 1029//1
f 1032//1 1028//1 1031//1
f 1032//1 1027//1 1028//1
f 1033//1 1027//1 1032//1
f 1033//1 1026//1 1027//1
f 961//1 61//1 62//1
f 1034//1 1026//1 1033//1
f 1034//1 1025//1 1026//1
f 1035//1 1025//1 1034//1
f 1035//1 1024//1 1025//1
f 230//1 782//1 229//1
f 962//1 61//1 961//1
f 962//1 60//1 61//1
f 1036//1 1024//1 1035//1
f 249//1 247//1 248//1
f 1036//1 1023//1 1024//1
f 250//1 247//1 249//1
f 250//1 246//1 247//1
f 251//1 246//1 250//1
f 251//1 245//1 246//1
f 251//1 244//1 245//1
f 252//1 244//1 251//1
f 962//1 59//1 60//1
f 1037//1 1023//1 1036//1
f 230//1 781//1 782//1
f 231//1 781//1 230//1
f 252//1 243//1 244//1
f 1037//1 1022//1 1023//1
f 253//1 243//1 252//1
f 253//1 242//1 243//1
f 963//1 59//1 962//1
f 1038//1 1022//1 1037//1
f 963//1 58//1 59//1
f 253//1 241//1 242//1
f 232//1 781//1 231//1
f 254//1 241//1 253//1
f 1038//1 1021//1 1022//1
f 254//1 240//1 241//1
f 963//1 57//1 58//1
f 1039//1 1021//1 1038//1
f 254//1 239//1 240//1
f 233//1 781//1 232//1
f 1039//1 1104//1 1021//1
f 254//1 238//1 239//1
f 255//1 238//1 254//1
f 964//1 57//1 963//1
f 234//1 781//1 233//1
f 964//1 56//1 57//1
f 255//1 237//1 238//1
f 235//1 781//1 234//1
f 255//1 236//1 237//1
f 1040//1 1104//1 1039//1
f 236//1 781//1 235//1
f 255//1 781//1 236//1
f 964//1 55//1 56//1
f 1040//1 1103//1 1104//1
f 256//1 781//1 255//1
f 964//1 54//1 55//1
f 965//1 54//1 964//1
f 1041//1 1103//1 1040//1
f 256//1 780//1 781//1
f 965//1 53//1 54//1
f 965//1 52//1 53//1
f 1041//1 1165//1 1103//1
f 1165//1 1166//1 1103//1
f 1166//1 1102//1 1103//1
f 1042//1 1162//1 1041//1
f 1162//1 1163//1 1041//1
f 1163//1 1164//1 1041//1
f 1164//1 1165//1 1041//1
f 965//1 51//1 52//1
f 966//1 51//1 965//1
f 1167//1 1102//1 1166//1
f 1042//1 1161//1 1162//1
f 1042//1 1160//1 1161//1
f 1168//1 1102//1 1167//1
f 1042//1 1159//1 1160//1
f 257//1 780//1 256//1
f 1042//1 1158//1 1159//1
f 1169//1 1102//1 1168//1
f 1042//1 1157//1 1158//1
f 966//1 50//1 51//1
f 1042//1 1156//1 1157//1
f 1170//1 1102//1 1169//1
f 1042//1 1155//1 1156//1
f 1042//1 1154//1 1155//1
f 1171//1 1102//1 1170//1
f 1042//1 1153//1 1154//1
f 1042//1 1152//1 1153//1
f 1172//1 1102//1 1171//1
f 966//1 49//1 50//1
f 1042//1 1151//1 1152//1
f 1173//1 1102//1 1172//1
f 1042//1 1150//1 1151//1
f 966//2 48//2 49//2
f 966//1 47//1 48//1
f 966//1 46//1 47//1
f 966//1 45//1 46//1
f 966//1 44//1 45//1
f 966//1 43//1 44//1
f 966//1 42//1 43//1
f 966//1 41//1 42//1
f 966//1 40//1 41//1
f 966//1 39//1 40//1
f 966//1 38//1 39//1
f 966//1 37//1 38//1
f 966//1 36//1 37//1
f 1174//1 1102//1 1173//1
f 1174//1 1101//1 1102//1
f 257//1 762//1 780//1
f 762//1 779//1 780//1
f 1042//1 1149//1 1150//1
f 1043//1 1149//1 1042//1
f 1175//1 1101//1 1174//1
f 1043//1 1148//1 1149//1
f 1176//1 1101//1 1175//1
f 967//1 36//1 966//1
f 1043//1 1147//1 1148//1
f 967//1 35//1 36//1
f 1177//1 1101//1 1176//1
f 1043//1 1146//1 1147//1
f 1178//1 1101//1 1177//1
f 967//1 34//1 35//1
f 257//1 761//1 762//1
f 763//1 779//1 762//1
f 257//1 760//1 761//1
f 1043//1 1145//1 1146//1
f 1178//1 1100//1 1101//1
f 258//1 760//1 257//1
f 764//1 779//1 763//1
f 1044//1 1145//1 1043//1
f 258//1 759//1 760//1
f 765//1 779//1 764//1
f 765//1 778//1 779//1
f 1179//1 1100//1 1178//1
f 258//1 758//1 759//1
f 967//1 33//1 34//1
f 968//1 33//1 967//1
f 766//1 778//1 765//1
f 1044//1 1144//1 1145//1
f 767//1 778//1 766//1
f 258//1 757//1 758//1
f 968//1 32//1 33//1
f 1044//1 1143//1 1144//1
f 768//1 778//1 767//1
f 1180//1 1100//1 1179//1
f 968//1 31//1 32//1
f 258//1 756//1 757//1
f 968//1 30//1 31//1
f 1180//1 1099//1 1100//1
f 1045//1 1143//1 1044//1
f 769//1 778//1 768//1
f 14//1 12//1 13//1
f 15//1 12//1 14//1
f 16//1 12//1 15//1
f 17//1 12//1 16//1
f 18//1 12//1 17//1
f 19//1 12//1 18//1
f 968//1 29//1 30//1
f 20//1 12//1 19//1
f 1045//1 1142//1 1143//1
f 21//1 12//1 20//1
f 22//1 12//1 21//1
f 769//1 777//1 778//1
f 23//1 12//1 22//1
f 24//1 12//1 23//1
f 25//1 12//1 24//1
f 26//1 12//1 25//1
f 968//1 28//1 29//1
f 27//1 12//1 26//1
f 28//1 12//1 27//1
f 968//1 12//1 28//1
f 968//1 11//1 12//1
f 969//1 11//1 968//1
f 770//1 777//1 769//1
f 1181//1 1099//1 1180//1
f 969//1 10//1 11//1
f 1045//1 1141//1 1142//1
f 258//1 755//1 756//1
f 771//1 777//1 770//1
f 259//1 755//1 258//1
f 771//1 776//1 777//1
f 1182//1 1099//1 1181//1
f 772//1 776//1 771//1
f 969//1 9//1 10//1
f 1182//1 1098//1 1099//1
f 970//1 9//1 969//1
f 1046//1 1141//1 1045//1
f 1046//1 1140//1 1141//1
f 772//1 775//1 776//1
f 773//1 775//1 772//1
f 773//1 774//1 775//1
f 1183//1 1098//1 1182//1
f 259//1 754//1 755//1
f 1046//1 1139//1 1140//1
f 970//1 8//1 9//1
f 971//1 8//1 970//1
f 1184//1 1098//1 1183//1
f 1184//1 1097//1 1098//1
f 1047//1 1139//1 1046//1
f 1047//1 1138//1 1139//1
f 972//1 8//1 971//1
f 1185//1 1097//1 1184//1
f 972//1 7//1 8//1
f 259//1 753//1 754//1
f 260//1 753//1 259//1
f 1047//1 1137//1 1138//1
f 1186//1 1097//1 1185//1
f 973//1 7//1 972//1
f 1186//1 1096//1 1097//1
f 1048//1 1137//1 1047//1
f 1048//1 1136//1 1137//1
f 974//1 7//1 973//1
f 1187//1 1096//1 1186//1
f 974//1 6//1 7//1
f 260//1 752//1 753//1
f 1188//1 1096//1 1187//1
f 1188//1 1095//1 1096//1
f 1048//1 1135//1 1136//1
f 975//1 6//1 974//1
f 1049//1 1135//1 1048//1
f 1105//1 1095//1 1188//1
f 1049//1 1134//1 1135//1
f 976//1 6//1 975//1
f 261//1 752//1 260//1
f 976//1 5//1 6//1
f 1106//1 1095//1 1105//1
f 1106//1 1094//1 1095//1
f 1049//1 1133//1 1134//1
f 977//1 997//1 976//1
f 997//1 5//1 976//1
f 1050//1 1133//1 1049//1
f 1107//1 1094//1 1106//1
f 261//1 751//1 752//1
f 978//1 997//1 977//1
f 1050//1 1132//1 1133//1
f 979//1 997//1 978//1
f 1108//1 1094//1 1107//1
f 980//1 997//1 979//1
f 1050//1 1131//1 1132//1
f 980//1 996//1 997//1
f 998//1 5//1 997//1
f 980//1 995//1 996//1
f 1109//1 1094//1 1108//1
f 980//1 994//1 995//1
f 981//1 994//1 980//1
f 981//1 993//1 994//1
f 981//1 992//1 993//1
f 981//1 991//1 992//1
f 981//1 990//1 991//1
f 981//1 989//1 990//1
f 981//1 988//1 989//1
f 981//1 987//1 988//1
f 981//1 986//1 987//1
f 981//1 985//1 986//1
f 981//1 984//1 985//1
f 982//1 984//1 981//1
f 982//1 983//1 984//1
f 999//1 5//1 998//1
f 1109//1 1093//1 1094//1
f 1110//1 1093//1 1109//1
f 1051//1 1131//1 1050//1
f 1000//1 5//1 999//1
f 1000//1 4//1 5//1
f 1051//1 1130//1 1131//1
f 1111//1 1093//1 1110//1
f 1051//1 1129//1 1130//1
f 1112//1 1093//1 1111//1
f 1001//1 4//1 1000//1
f 1113//1 1093//1 1112//1
f 1051//1 1128//1 1129//1
f 261//1 750//1 751//1
f 262//1 750//1 261//1
f 1113//1 1092//1 1093//1
f 1114//1 1092//1 1113//1
f 1051//1 1127//1 1128//1
f 1052//1 1127//1 1051//1
f 1115//1 1092//1 1114//1
f 1002//1 4//1 1001//1
f 1052//1 1126//1 1127//1
f 1116//1 1092//1 1115//1
f 1052//1 1125//1 1126//1
f 1117//1 1092//1 1116//1
f 1052//1 1124//1 1125//1
f 1118//1 1092//1 1117//1
f 1052//1 1123//1 1124//1
f 1119//1 1092//1 1118//1
f 1052//1 1122//1 1123//1
f 1120//1 1092//1 1119//1
f 1052//1 1121//1 1122//1
f 1121//1 1092//1 1120//1
f 1052//1 1092//1 1121//1
f 1052//1 1091//1 1092//1
f 1002//1 3//1 4//1
f 1003//1 3//1 1002//1
f 1053//1 1091//1 1052//1
f 1053//1 1090//1 1091//1
f 262//1 749//1 750//1
f 1004//1 3//1 1003//1
f 1054//1 1090//1 1053//1
f 1054//1 1089//1 1090//1
f 263//1 749//1 262//1
f 1055//1 1089//1 1054//1
f 1004//1 2//1 3//1
f 1005//1 2//1 1004//1
f 1055//1 1088//1 1089//1
f 1056//1 1088//1 1055//1
f 1056//1 1087//1 1088//1
f 263//1 748//1 749//1
f 1006//1 2//1 1005//1
f 1057//1 1087//1 1056//1
f 1057//1 1086//1 1087//1
f 1006//1 1//1 2//1
f 1058//1 1086//1 1057//1
f 1058//1 1085//1 1086//1
f 1059//1 1085//1 1058//1
f 264//1 748//1 263//1
f 1059//1 1084//1 1085//1
f 1007//1 1//1 1006//1
f 1060//1 1084//1 1059//1
f 1061//1 1084//1 1060//1
f 1061//1 1083//1 1084//1
f 1062//1 1083//1 1061//1
f 264//1 747//1 748//1
f 1062//1 1082//1 1083//1
f 1063//1 1082//1 1062//1
f 1064//1 1082//1 1063//1
f 1064//1 1081//1 1082//1
f 1065//1 1081//1 1064//1
f 1065//1 1080//1 1081//1
f 1066//1 1080//1 1065//1
f 1066//1 1079//1 1080//1
f 1066//1 1078//1 1079//1
f 1066//1 1077//1 1078//1
f 1007//1 504//1 1//1
f 1067//1 1077//1 1066//1
f 1067//1 1076//1 1077//1
f 1067//1 1075//1 1076//1
f 1008//1 504//1 1007//1
f 1067//1 1074//1 1075//1
f 1068//1 1074//1 1067//1
f 1068//1 1073//1 1074//1
f 1068//1 1072//1 1073//1
f 1068//1 1071//1 1072//1
f 1069//1 1071//1 1068//1
f 1069//1 1070//1 1071//1
f 265//1 747//1 264//1
f 265//1 746//1 747//1
f 1009//1 504//1 1008//1
f 1009//1 503//1 504//1
f 559//1 557//1 558//1
f 560//1 557//1 559//1
f 560//1 556//1 557//1
f 561//1 556//1 560//1
f 561//1 555//1 556//1
f 562//1 555//1 561//1
f 562//1 554//1 555//1
f 563//1 554//1 562//1
f 563//1 553//1 554//1
f 564//1 553//1 563//1
f 564//1 552//1 553//1
f 565//1 552//1 564//1
f 1010//1 503//1 1009//1
f 566//1 552//1 565//1
f 566//1 551//1 552//1
f 1010//1 502//1 503//1
f 265//1 745//1 746//1
f 266//1 745//1 265//1
f 686//1 684//1 685//1
f 687//1 684//1 686//1
f 687//1 683//1 684//1
f 688//1 683//1 687//1
f 688//1 682//1 683//1
f 689//1 682//1 688//1
f 690//1 682//1 689//1
f 690//1 681//1 682//1
f 567//1 551//1 566//1
f 691//1 681//1 690//1
f 567//1 550//1 551//1
f 691//1 680//1 681//1
f 692//1 680//1 691//1
f 693//1 680//1 692//1
f 693//1 679//1 680//1
f 694//1 679//1 693//1
f 694//1 678//1 679//1
f 695//1 678//1 694//1
f 696//1 678//1 695//1
f 696//1 677//1 678//1
f 697//1 677//1 696//1
f 1011//1 502//1 1010//1
f 697//1 676//1 677//1
f 698//1 676//1 697//1
f 698//1 675//1 676//1
f 698//1 674//1 675//1
f 567//1 549//1 550//1
f 568//1 549//1 567//1
f 1011//1 501//1 502//1
f 698//1 673//1 674//1
f 699//1 673//1 698//1
f 699//1 672//1 673//1
f 266//1 744//1 745//1
f 699//1 671//1 672//1
f 1012//1 501//1 1011//1
f 568//1 548//1 549//1
f 267//1 744//1 266//1
f 569//1 440//1 568//1
f 440//1 441//1 568//1
f 441//1 548//1 568//1
f 700//1 671//1 699//1
f 700//1 670//1 671//1
f 700//1 669//1 670//1
f 1012//1 500//1 501//1
f 569//1 439//1 440//1
f 442//1 548//1 441//1
f 569//1 438//1 439//1
f 443//1 548//1 442//1
f 569//1 437//1 438//1
f 444//1 548//1 443//1
f 569//1 436//1 437//1
f 700//1 668//1 669//1
f 569//1 435//1 436//1
f 445//1 548//1 444//1
f 701//1 668//1 700//1
f 569//1 434//1 435//1
f 446//1 548//1 445//1
f 569//1 433//1 434//1
f 267//1 743//1 744//1
f 569//1 432//1 433//1
f 570//1 432//1 569//1
f 446//1 547//1 548//1
f 447//1 547//1 446//1
f 1013//1 500//1 1012//1
f 701//1 667//1 668//1
f 448//1 547//1 447//1
f 701//1 319//1 667//1
f 319//1 320//1 667//1
f 320//1 666//1 667//1
f 268//1 743//1 267//1
f 449//1 547//1 448//1
f 701//1 318//1 319//1
f 321//1 666//1 320//1
f 701//1 317//1 318//1
f 702//1 317//1 701//1
f 322//1 666//1 321//1
f 702//1 316//1 317//1
f 702//1 315//1 316//1
f 323//1 666//1 322//1
f 571//1 432//1 570//1
f 702//1 314//1 315//1
f 1013//1 499//1 500//1
f 324//1 666//1 323//1
f 571//1 431//1 432//1
f 702//1 313//1 314//1
f 702//1 312//1 313//1
f 449//1 546//1 547//1
f 325//1 666//1 324//1
f 325//1 665//1 666//1
f 326//1 665//1 325//1
f 450//1 546//1 449//1
f 268//1 742//1 743//1
f 1014//1 499//1 1013//1
f 327//1 665//1 326//1
f 702//1 311//1 312//1
f 328//1 665//1 327//1
f 328//1 664//1 665//1
f 329//1 664//1 328//1
f 703//1 311//1 702//1
f 572//1 431//1 571//1
f 451//1 546//1 450//1
f 703//1 310//1 311//1
f 330//1 664//1 329//1
f 330//1 663//1 664//1
f 331//1 663//1 330//1
f 451//1 545//1 546//1
f 572//1 430//1 431//1
f 269//1 742//1 268//1
f 1014//1 498//1 499//1
f 332//1 663//1 331//1
f 1015//1 498//1 1014//1
f 703//1 309//1 310//1
f 332//1 662//1 663//1
f 269//1 741//1 742//1
f 333//1 662//1 332//1
f 452//1 545//1 451//1
f 573//1 430//1 572//1
f 704//1 309//1 703//1
f 334//1 662//1 333//1
f 334//1 661//1 662//1
f 335//1 661//1 334//1
f 704//1 308//1 309//1
f 452//1 544//1 545//1
f 336//1 661//1 335//1
f 336//1 660//1 661//1
f 1016//1 498//1 1015//1
f 453//1 544//1 452//1
f 573//1 429//1 430//1
f 270//1 741//1 269//1
f 1016//1 497//1 498//1
f 337//1 660//1 336//1
f 270//1 740//1 741//1
f 574//1 429//1 573//1
f 705//1 308//1 704//1
f 705//1 307//1 308//1
f 338//1 660//1 337//1
f 338//1 659//1 660//1
f 454//1 544//1 453//1
f 1017//1 497//1 1016//1
f 454//1 543//1 544//1
f 705//1 306//1 307//1
f 339//1 659//1 338//1
f 575//1 429//1 574//1
f 270//1 739//1 740//1
f 271//1 739//1 270//1
f 1017//1 496//1 497//1
f 706//1 306//1 705//1
f 575//1 428//1 429//1
f 339//1 658//1 659//1
f 1018//1 496//1 1017//1
f 706//1 305//1 306//1
f 455//1 543//1 454//1
f 340//1 658//1 339//1
f 576//1 428//1 575//1
f 271//1 738//1 739//1
f 455//1 542//1 543//1
f 272//1 738//1 271//1
f 707//1 305//1 706//1
f 1018//1 495//1 496//1
f 341//1 658//1 340//1
f 341//1 657//1 658//1
f 707//1 304//1 305//1
f 576//1 427//1 428//1
f 1019//1 495//1 1018//1
f 456//1 542//1 455//1
f 272//1 737//1 738//1
f 577//1 427//1 576//1
f 456//1 541//1 542//1
f 273//1 737//1 272//1
f 708//1 304//1 707//1
f 342//1 657//1 341//1
f 708//1 303//1 304//1
f 342//1 656//1 657//1
f 1020//1 495//1 1019//1
f 1020//1 494//1 495//1
f 273//1 736//1 737//1
f 578//1 427//1 577//1
f 578//1 426//1 427//1
f 457//1 541//1 456//1
f 343//1 656//1 342//1
f 274//1 736//1 273//1
f 708//1 302//1 303//1
f 343//1 655//1 656//1
f 709//1 302//1 708//1
f 505//1 494//1 1020//1
f 274//1 735//1 736//1
f 457//1 540//1 541//1
f 579//1 426//1 578//1
f 505//1 493//1 494//1
f 344//1 655//1 343//1
f 457//1 539//1 540//1
f 275//1 735//1 274//1
f 709//1 301//1 302//1
f 579//1 425//1 426//1
f 344//1 654//1 655//1
f 275//1 734//1 735//1
f 506//1 493//1 505//1
f 458//1 539//1 457//1
f 580//1 425//1 579//1
f 710//1 301//1 709//1
f 345//1 654//1 344//1
f 458//1 538//1 539//1
f 275//1 733//1 734//1
f 276//1 733//1 275//1
f 459//1 538//1 458//1
f 507//1 493//1 506//1
f 581//1 425//1 580//1
f 710//1 300//1 301//1
f 507//1 492//1 493//1
f 345//1 653//1 654//1
f 711//1 300//1 710//1
f 459//1 537//1 538//1
f 346//1 653//1 345//1
f 581//1 424//1 425//1
f 276//1 732//1 733//1
f 460//1 537//1 459//1
f 508//1 492//1 507//1
f 582//1 424//1 581//1
f 712//1 300//1 711//1
f 277//1 732//1 276//1
f 712//1 299//1 300//1
f 460//1 536//1 537//1
f 346//1 652//1 653//1
f 508//1 491//1 492//1
f 347//1 652//1 346//1
f 277//1 731//1 732//1
f 509//1 491//1 508//1
f 461//1 536//1 460//1
f 713//1 299//1 712//1
f 583//1 424//1 582//1
f 461//1 535//1 536//1
f 278//1 731//1 277//1
f 713//1 298//1 299//1
f 583//1 423//1 424//1
f 510//1 491//1 509//1
f 347//1 651//1 652//1
f 278//1 730//1 731//1
f 714//1 298//1 713//1
f 348//1 651//1 347//1
f 510//1 490//1 491//1
f 461//1 534//1 535//1
f 462//1 534//1 461//1
f 584//1 423//1 583//1
f 511//1 490//1 510//1
f 279//1 730//1 278//1
f 714//1 297//1 298//1
f 279//1 729//1 730//1
f 715//1 297//1 714//1
f 462//1 533//1 534//1
f 512//1 490//1 511//1
f 348//1 650//1 651//1
f 463//1 533//1 462//1
f 585//1 423//1 584//1
f 349//1 650//1 348//1
f 512//1 489//1 490//1
f 279//1 728//1 729//1
f 716//1 297//1 715//1
f 463//1 532//1 533//1
f 585//1 422//1 423//1
f 280//1 728//1 279//1
f 513//1 489//1 512//1
f 716//1 296//1 297//1
f 280//1 727//1 728//1
f 717//1 296//1 716//1
f 463//1 531//1 532//1
f 514//1 489//1 513//1
f 464//1 531//1 463//1
f 586//1 422//1 585//1
f 514//1 488//1 489//1
f 515//1 488//1 514//1
f 464//1 530//1 531//1
f 350//1 650//1 349//1
f 350//1 649//1 650//1
f 280//1 726//1 727//1
f 718//1 296//1 717//1
f 718//1 295//1 296//1
f 281//1 726//1 280//1
f 516//1 488//1 515//1
f 464//1 529//1 530//1
f 517//1 488//1 516//1
f 464//1 528//1 529//1
f 464//1 527//1 528//1
f 464//1 526//1 527//1
f 464//1 525//1 526//1
f 464//1 524//1 525//1
f 464//1 523//1 524//1
f 464//1 522//1 523//1
f 464//1 521//1 522//1
f 464//1 520//1 521//1
f 464//1 519//1 520//1
f 464//1 518//1 519//1
f 464//1 517//1 518//1
f 464//1 488//1 517//1
f 281//1 725//1 726//1
f 719//1 295//1 718//1
f 465//1 488//1 464//1
f 465//1 487//1 488//1
f 587//1 422//1 586//1
f 281//1 724//1 725//1
f 720//1 295//1 719//1
f 587//1 421//1 422//1
f 720//1 294//1 295//1
f 282//1 724//1 281//1
f 282//1 723//1 724//1
f 721//1 294//1 720//1
f 282//1 722//1 723//1
f 722//1 294//1 721//1
f 282//1 294//1 722//1
f 465//1 486//1 487//1
f 466//1 486//1 465//1
f 351//1 649//1 350//1
f 351//1 648//1 649//1
f 282//1 293//1 294//1
f 588//1 421//1 587//1
f 283//1 293//1 282//1
f 466//1 485//1 486//1
f 467//1 485//1 466//1
f 467//1 484//1 485//1
f 283//1 292//1 293//1
f 284//1 292//1 283//1
f 468//1 484//1 467//1
f 468//1 483//1 484//1
f 351//1 647//1 648//1
f 588//1 420//1 421//1
f 589//1 420//1 588//1
f 468//1 482//1 483//1
f 469//1 482//1 468//1
f 352//1 647//1 351//1
f 284//1 291//1 292//1
f 469//1 481//1 482//1
f 285//1 291//1 284//1
f 470//1 481//1 469//1
f 471//1 481//1 470//1
f 472//1 481//1 471//1
f 473//1 481//1 472//1
f 474//1 481//1 473//1
f 475//1 481//1 474//1
f 476//1 481//1 475//1
f 477//1 481//1 476//1
f 478//1 481//1 477//1
f 479//2 481//2 478//2
f 480//1 481//1 479//1
f 589//1 419//1 420//1
f 285//1 290//1 291//1
f 286//1 290//1 285//1
f 589//1 418//1 419//1
f 286//1 289//1 290//1
f 287//1 289//1 286//1
f 590//1 418//1 589//1
f 287//1 288//1 289//1
f 590//1 417//1 418//1
f 352//1 646//1 647//1
f 591//1 417//1 590//1
f 591//1 416//1 417//1
f 353//1 646//1 352//1
f 592//1 416//1 591//1
f 592//1 415//1 416//1
f 593//1 415//1 592//1
f 593//1 414//1 415//1
f 353//1 645//1 646//1
f 594//1 414//1 593//1
f 594//1 413//1 414//1
f 595//1 413//1 594//1
f 595//1 412//1 413//1
f 354//1 645//1 353//1
f 596//1 412//1 595//1
f 596//1 411//1 412//1
f 597//1 411//1 596//1
f 597//1 410//1 411//1
f 354//1 644//1 645//1
f 598//1 410//1 597//1
f 598//1 409//1 410//1
f 599//1 409//1 598//1
f 599//1 408//1 409//1
f 600//1 408//1 599//1
f 355//1 644//1 354//1
f 601//1 408//1 600//1
f 355//1 643//1 644//1
f 602//1 408//1 601//1
f 602//1 407//1 408//1
f 603//1 407//1 602//1
f 356//1 643//1 355//1
f 356//1 642//1 643//1
f 603//1 406//1 407//1
f 604//1 406//1 603//1
f 604//1 405//1 406//1
f 356//1 641//1 642//1
f 357//1 641//1 356//1
f 605//1 405//1 604//1
f 605//1 404//1 405//1
f 606//1 404//1 605//1
f 357//1 640//1 641//1
f 358//1 640//1 357//1
f 607//1 404//1 606//1
f 607//1 403//1 404//1
f 358//1 639//1 640//1
f 608//1 403//1 607//1
f 359//1 639//1 358//1
f 608//1 402//1 403//1
f 609//1 402//1 608//1
f 359//1 638//1 639//1
f 609//1 401//1 402//1
f 610//1 401//1 609//1
f 360//1 638//1 359//1
f 360//1 637//1 638//1
f 610//1 400//1 401//1
f 611//1 400//1 610//1
f 612//1 400//1 611//1
f 361//1 637//1 360//1
f 361//1 636//1 637//1
f 612//1 399//1 400//1
f 613//1 399//1 612//1
f 361//1 635//1 636//1
f 613//1 398//1 399//1
f 614//1 398//1 613//1
f 362//1 635//1 361//1
f 362//1 634//1 635//1
f 615//1 398//1 614//1
f 615//1 397//1 398//1
f 362//1 633//1 634//1
f 363//1 633//1 362//1
f 616//1 397//1 615//1
f 363//1 632//1 633//1
f 617//1 397//1 616//1
f 617//1 396//1 397//1
f 364//1 632//1 363//1
f 364//1 631//1 632//1
f 618//1 396//1 617//1
f 618//1 395//1 396//1
f 619//1 395//1 618//1
f 364//1 630//1 631//1
f 619//1 394//1 395//1
f 620//1 394//1 619//1
f 365//1 630//1 364//1
f 365//1 629//1 630//1
f 621//1 394//1 620//1
f 365//1 628//1 629//1
f 622//1 394//1 621//1
f 622//1 393//1 394//1
f 365//1 627//1 628//1
f 623//1 393//1 622//1
f 366//1 627//1 365//1
f 366//1 626//1 627//1
f 624//1 393//1 623//1
f 625//1 393//1 624//1
f 366//1 625//1 626//1
f 366//1 393//1 625//1
f 366//1 392//1 393//1
f 367//1 392//1 366//1
f 367//1 391//1 392//1
f 368//1 391//1 367//1
f 368//1 390//1 391//1
f 368//1 389//1 390//1
f 369//1 389//1 368//1
f 369//1 388//1 389//1
f 370//1 388//1 369//1
f 370//1 387//1 388//1
f 371//1 387//1 370//1
f 371//1 386//1 387//1
f 372//1 386//1 371//1
f 372//1 385//1 386//1
f 373//1 385//1 372//1
f 373//1 384//1 385//1
f 373//1 383//1 384//1
f 373//1 382//1 383//1
f 373//1 381//1 382//1
f 373//1 380//1 381//1
f 373//1 379//1 380//1
f 373//1 378//1 379//1
f 373//1 377//1 378//1
f 373//1 376//1 377//1
f 373//1 375//1 376//1
f 373//1 374//1 375//1
o flower_3
v -0.128178 -1.786789 -0.000000
v -0.088763 -1.759639 -0.000000
v -0.052056 -1.728714 -0.000000
v -0.018195 -1.694281 -0.000000
v 0.012684 -1.656608 0.000000
v 0.040443 -1.615963 0.000000
v 0.064945 -1.572613 0.000000
v 0.086053 -1.526828 0.000000
v 0.103631 -1.478874 0.000000
v 0.117541 -1.429020 0.000000
v 0.127647 -1.377533 0.000000
v 0.133811 -1.324681 0.000000
v 0.135895 -1.270732 0.000000
v 0.135885 -1.257940 0.000000
v 0.135853 -1.245146 0.000000
v 0.135803 -1.232358 0.000000
v 0.135737 -1.219583 0.000000
v 0.135656 -1.206825 0.000000
v 0.135562 -1.194093 0.000000
v 0.135457 -1.181392 0.000000
v 0.135343 -1.168728 0.000000
v 0.135222 -1.156109 0.000000
v 0.135096 -1.143540 0.000000
v 0.134967 -1.131028 0.000000
v 0.134837 -1.118580 0.000000
v 0.134279 -1.062284 0.000000
v 0.133900 -1.006659 0.000000
v 0.133874 -0.951853 0.000000
v 0.134375 -0.898016 0.000000
v 0.135579 -0.845295 0.000000
v 0.137659 -0.793839 0.000000
v 0.140790 -0.743799 0.000000
v 0.145147 -0.695321 0.000000
v 0.150904 -0.648556 0.000000
v 0.158236 -0.603652 0.000000
v 0.167317 -0.560757 0.000000
v 0.178322 -0.520022 0.000000
v 0.178322 -0.520021 0.000000
v 0.178322 -0.520021 0.000000
v 0.178322 -0.520019 0.000000
v 0.178322 -0.520018 0.000000
v 0.178322 -0.520016 0.000000
v 0.178322 -0.520014 0.000000
v 0.178322 -0.520012 0.000000
v 0.178322 -0.520010 0.000000
v 0.178322 -0.520008 0.000000
v 0.178322 -0.520007 0.000000
v 0.178322 -0.520006 0.000000
v 0.178322 -0.520006 0.000000
v 0.181732 -0.509483 0.000000
v 0.185909 -0.498156 0.000000
v 0.190901 -0.486354 0.000000
v 0.196757 -0.474405 0.000000
v 0.203524 -0.462636 0.000000
v 0.211250 -0.451376 0.000000
v 0.219984 -0.440952 0.000000
v 0.229772 -0.431694 0.000000
v 0.240663 -0.423928 0.000000
v 0.252704 -0.417982 0.000000
v 0.265944 -0.414185 0.000000
v 0.280431 -0.412865 0.000000
v 0.295300 -0.414212 0.000000
v 0.310923 -0.418232 0.000000
v 0.327083 -0.424969 0.000000
v 0.343561 -0.434465 0.000000
v 0.360139 -0.446761 0.000000
v 0.376601 -0.461902 0.000000
v 0.392726 -0.479928 0.000000
v 0.408299 -0.500883 0.000000
v 0.423099 -0.524808 0.000000
v 0.436911 -0.551747 0.000000
v 0.449515 -0.581742 0.000000
v 0.460694 -0.614834 0.000000
v 0.463299 -0.623579 0.000000
v 0.465895 -0.632412 0.000000
v 0.468485 -0.641334 0.000000
v 0.471072 -0.650344 0.000000
v 0.473658 -0.659444 0.000000
v 0.476248 -0.668632 0.000000
v 0.478844 -0.677910 0.000000
v 0.481450 -0.687277 0.000000
v 0.484068 -0.696733 0.000000
v 0.486701 -0.706279 0.000000
v 0.489354 -0.715916 0.000000
v 0.492028 -0.725642 0.000000
v 0.511128 -0.794475 0.000000
v 0.531676 -0.864808 0.000000
v 0.554363 -0.935381 0.000000
v 0.579877 -1.004935 0.000000
v 0.608911 -1.072210 0.000000
v 0.642153 -1.135947 0.000000
v 0.680295 -1.194888 0.000000
v 0.724026 -1.247772 0.000000
v 0.774036 -1.293340 0.000000
v 0.831016 -1.330333 0.000000
v 0.895656 -1.357493 0.000000
v 0.968647 -1.373558 0.000000
v 1.021048 -1.378477 0.000000
v 1.079740 -1.380223 0.000000
v 1.143597 -1.378414 0.000000
v 1.211494 -1.372667 0.000000
v 1.282307 -1.362598 0.000000
v 1.354910 -1.347826 0.000000
v 1.428180 -1.327967 0.000000
v 1.500991 -1.302638 0.000000
v 1.572218 -1.271457 0.000000
v 1.640736 -1.234040 0.000000
v 1.705422 -1.190004 0.000000
v 1.765149 -1.138968 0.000000
v 1.796346 -1.106701 0.000000
v 1.824573 -1.072757 0.000000
v 1.849810 -1.037198 0.000000
v 1.872032 -1.000086 0.000000
v 1.891218 -0.961484 0.000000
v 1.907344 -0.921453 0.000000
v 1.920390 -0.880056 0.000000
v 1.930330 -0.837356 0.000000
v 1.937145 -0.793413 0.000000
v 1.940810 -0.748291 0.000000
v 1.941303 -0.702052 0.000000
v 1.938601 -0.654757 0.000000
v 1.924767 -0.578406 0.000000
v 1.898733 -0.511074 0.000000
v 1.861766 -0.451982 0.000000
v 1.815131 -0.400350 0.000000
v 1.760095 -0.355398 0.000000
v 1.697924 -0.316346 0.000000
v 1.629884 -0.282413 0.000000
v 1.557243 -0.252819 0.000000
v 1.481265 -0.226784 0.000000
v 1.403217 -0.203528 0.000000
v 1.324366 -0.182272 0.000000
v 1.245977 -0.162233 0.000000
v 1.200221 -0.150598 0.000000
v 1.154706 -0.138765 0.000000
v 1.109931 -0.126603 0.000000
v 1.066397 -0.113978 0.000000
v 1.024603 -0.100758 0.000000
v 0.985050 -0.086809 0.000000
v 0.948238 -0.072000 0.000000
v 0.914666 -0.056198 0.000000
v 0.884835 -0.039269 0.000000
v 0.859244 -0.021082 0.000000
v 0.838394 -0.001503 0.000000
v 0.822784 0.019600 0.000000
v 0.818977 0.026696 0.000000
v 0.815750 0.033985 0.000000
v 0.813101 0.041483 0.000000
v 0.811030 0.049207 0.000000
v 0.809533 0.057173 0.000000
v 0.808611 0.065399 0.000000
v 0.808263 0.073900 0.000000
v 0.808486 0.082694 0.000000
v 0.809280 0.091798 0.000000
v 0.810643 0.101227 0.000000
v 0.812574 0.110999 0.000000
v 0.815072 0.121130 0.000000
v 0.828021 0.150020 0.000000
v 0.849042 0.172695 0.000000
v 0.877454 0.189713 0.000000
v 0.912579 0.201632 0.000000
v 0.953737 0.209009 0.000000
v 1.000249 0.212401 0.000000
v 1.051436 0.212365 0.000000
v 1.106618 0.209460 0.000000
v 1.165116 0.204242 0.000000
v 1.226250 0.197269 0.000000
v 1.289342 0.189099 0.000000
v 1.353711 0.180287 0.000000
v 1.428668 0.170059 0.000000
v 1.504579 0.160414 0.000000
v 1.580749 0.152162 0.000000
v 1.656482 0.146115 0.000000
v 1.731083 0.143082 0.000000
v 1.803855 0.143875 0.000000
v 1.874103 0.149305 0.000000
v 1.941130 0.160181 0.000000
v 2.004242 0.177316 0.000000
v 2.062742 0.201519 0.000000
v 2.115935 0.233601 0.000000
v 2.163124 0.274373 0.000000
v 2.188273 0.303294 0.000000
v 2.210283 0.334903 0.000000
v 2.229160 0.369237 0.000000
v 2.244911 0.406329 0.000000
v 2.257542 0.446215 0.000000
v 2.267060 0.488929 0.000000
v 2.273470 0.534506 0.000000
v 2.276779 0.582981 0.000000
v 2.276994 0.634388 0.000000
v 2.274120 0.688762 0.000000
v 2.268165 0.746138 0.000000
v 2.259133 0.806551 0.000000
v 2.248526 0.855721 0.000000
v 2.233820 0.903590 0.000000
v 2.215231 0.949883 0.000000
v 2.192974 0.994328 0.000000
v 2.167265 1.036650 0.000000
v 2.138321 1.076576 0.000000
v 2.106358 1.113832 0.000000
v 2.071590 1.148145 0.000000
v 2.034235 1.179241 0.000000
v 1.994507 1.206846 0.000000
v 1.952623 1.230688 0.000000
v 1.908800 1.250491 0.000000
v 1.868366 1.264627 0.000000
v 1.823754 1.276163 0.000000
v 1.775013 1.284283 0.000000
v 1.722188 1.288174 0.000000
v 1.665326 1.287020 0.000000
v 1.604474 1.280007 0.000000
v 1.539679 1.266320 0.000000
v 1.470987 1.245146 0.000000
v 1.398445 1.215669 0.000000
v 1.322099 1.177074 0.000000
v 1.241997 1.128547 0.000000
v 1.158185 1.069274 0.000000
v 1.022629 0.967647 0.000000
v 0.903460 0.881025 0.000000
v 0.799168 0.808774 0.000000
v 0.708246 0.750261 0.000000
v 0.629185 0.704851 0.000000
v 0.560476 0.671911 0.000000
v 0.500611 0.650805 0.000000
v 0.448082 0.640901 0.000000
v 0.401381 0.641563 0.000000
v 0.358999 0.652158 0.000000
v 0.319427 0.672053 0.000000
v 0.281158 0.700612 0.000000
v 0.263820 0.718102 0.000000
v 0.249973 0.737745 0.000000
v 0.239357 0.759602 0.000000
v 0.231709 0.783735 0.000000
v 0.226770 0.810204 0.000000
v 0.224277 0.839070 0.000000
v 0.223969 0.870393 0.000000
v 0.225585 0.904235 0.000000
v 0.228863 0.940656 0.000000
v 0.233544 0.979717 0.000000
v 0.239364 1.021479 0.000000
v 0.246063 1.066002 0.000000
v 0.251621 1.102484 0.000000
v 0.257053 1.139680 0.000000
v 0.262110 1.177505 0.000000
v 0.266541 1.215868 0.000000
v 0.270098 1.254684 0.000000
v 0.272530 1.293864 0.000000
v 0.273590 1.333319 0.000000
v 0.273026 1.372963 0.000000
v 0.270590 1.412706 0.000000
v 0.266033 1.452462 0.000000
v 0.259104 1.492142 0.000000
v 0.249555 1.531658 0.000000
v 0.233461 1.580032 0.000000
v 0.212440 1.627452 0.000000
v 0.186775 1.673636 0.000000
v 0.156748 1.718304 0.000000
v 0.122639 1.761175 0.000000
v 0.084730 1.801967 0.000000
v 0.043303 1.840401 0.000000
v -0.001361 1.876195 -0.000000
v -0.048981 1.909069 -0.000000
v -0.099275 1.938741 -0.000000
v -0.151961 1.964931 -0.000000
v -0.206759 1.987357 -0.000000
v -0.265948 2.006492 -0.000000
v -0.325506 2.020669 -0.000000
v -0.385276 2.029909 -0.000000
v -0.445097 2.034234 -0.000000
v -0.504812 2.033664 -0.000000
v -0.564260 2.028220 -0.000000
v -0.623283 2.017925 -0.000000
v -0.681723 2.002799 -0.000000
v -0.739419 1.982863 -0.000000
v -0.796214 1.958139 -0.000000
v -0.851948 1.928647 -0.000000
v -0.906462 1.894409 -0.000000
v -0.960571 1.855088 -0.000000
v -1.009847 1.814020 -0.000000
v -1.054218 1.771331 -0.000000
v -1.093615 1.727148 -0.000000
v -1.127965 1.681597 -0.000000
v -1.157199 1.634804 -0.000000
v -1.181244 1.586897 -0.000000
v -1.200030 1.538001 -0.000000
v -1.213486 1.488244 -0.000000
v -1.221541 1.437750 -0.000000
v -1.224123 1.386648 -0.000000
v -1.221163 1.335063 -0.000000
v -1.212597 1.283611 -0.000000
v -1.198618 1.233504 -0.000000
v -1.179402 1.184946 -0.000000
v -1.155126 1.138142 -0.000000
v -1.125970 1.093295 -0.000000
v -1.092109 1.050611 -0.000000
v -1.053721 1.010292 -0.000000
v -1.010985 0.972543 -0.000000
v -0.964078 0.937567 -0.000000
v -0.913176 0.905570 -0.000000
v -0.858459 0.876755 -0.000000
v -0.800103 0.851326 -0.000000
v -0.740663 0.826445 -0.000000
v -0.684375 0.799899 -0.000000
v -0.631433 0.771844 -0.000000
v -0.582033 0.742438 -0.000000
v -0.536370 0.711841 -0.000000
v -0.494639 0.680208 -0.000000
v -0.457035 0.647698 -0.000000
v -0.423753 0.614469 -0.000000
v -0.394989 0.580678 -0.000000
v -0.370937 0.546483 -0.000000
v -0.351794 0.512042 -0.000000
v -0.337753 0.477512 -0.000000
v -0.335133 0.469064 -0.000000
v -0.332748 0.460083 -0.000000
v -0.330698 0.450644 -0.000000
v -0.329085 0.440823 -0.000000
v -0.328011 0.430697 -0.000000
v -0.327578 0.420340 -0.000000
v -0.327889 0.409830 -0.000000
v -0.329044 0.399242 -0.000000
v -0.331146 0.388652 -0.000000
v -0.334297 0.378137 -0.000000
v -0.338598 0.367772 -0.000000
v -0.344152 0.357633 -0.000000
v -0.350212 0.348717 -0.000000
v -0.356988 0.340284 -0.000000
v -0.364465 0.332345 -0.000000
v -0.372629 0.324908 -0.000000
v -0.381464 0.317984 -0.000000
v -0.390956 0.311582 -0.000000
v -0.401089 0.305711 -0.000000
v -0.411848 0.300381 -0.000000
v -0.423218 0.295602 -0.000000
v -0.435184 0.291382 -0.000000
v -0.447732 0.287733 -0.000000
v -0.460846 0.284662 -0.000000
v -0.498416 0.279318 -0.000000
v -0.538701 0.278231 -0.000000
v -0.581508 0.281336 -0.000000
v -0.626648 0.288567 -0.000000
v -0.673930 0.299860 -0.000000
v -0.723163 0.315148 -0.000000
v -0.774156 0.334365 -0.000000
v -0.826719 0.357447 -0.000000
v -0.880660 0.384328 -0.000000
v -0.935789 0.414941 -0.000000
v -0.991916 0.449222 -0.000000
v -1.048848 0.487105 -0.000000
v -1.112038 0.526897 -0.000000
v -1.177853 0.560810 -0.000000
v -1.245719 0.588788 -0.000000
v -1.315062 0.610778 -0.000000
v -1.385306 0.626723 -0.000000
v -1.455878 0.636567 -0.000000
v -1.526201 0.640257 -0.000000
v -1.595703 0.637735 -0.000000
v -1.663808 0.628948 -0.000000
v -1.729941 0.613840 -0.000000
v -1.793528 0.592355 -0.000000
v -1.853994 0.564438 -0.000000
v -1.895025 0.540420 -0.000000
v -1.932929 0.513615 -0.000000
v -1.967623 0.484162 -0.000000
v -1.999022 0.452204 -0.000000
v -2.027042 0.417880 -0.000000
v -2.051599 0.381332 -0.000000
v -2.072609 0.342700 -0.000000
v -2.089987 0.302126 -0.000000
v -2.103649 0.259750 -0.000000
v -2.113511 0.215712 -0.000000
v -2.119488 0.170154 -0.000000
v -2.121497 0.123217 -0.000000
v -2.121496 0.122746 -0.000000
v -2.121495 0.122275 -0.000000
v -2.121494 0.121804 -0.000000
v -2.121492 0.121332 -0.000000
v -2.121490 0.120860 -0.000000
v -2.121487 0.120388 -0.000000
v -2.121484 0.119915 -0.000000
v -2.121480 0.119443 -0.000000
v -2.121477 0.118972 -0.000000
v -2.121473 0.118500 -0.000000
v -2.121469 0.118029 -0.000000
v -2.121465 0.117558 -0.000000
v -2.118681 0.056832 -0.000000
v -2.111897 0.001029 -0.000000
v -2.101543 -0.050051 -0.000000
v -2.088053 -0.096606 -0.000000
v -2.071859 -0.138836 -0.000000
v -2.053391 -0.176942 -0.000000
v -2.033082 -0.211121 -0.000000
v -2.011363 -0.241574 -0.000000
v -1.988667 -0.268500 -0.000000
v -1.965426 -0.292099 -0.000000
v -1.942070 -0.312569 -0.000000
v -1.919033 -0.330112 -0.000000
v -1.882556 -0.353389 -0.000000
v -1.843635 -0.373264 -0.000000
v -1.802502 -0.389716 -0.000000
v -1.759387 -0.402724 -0.000000
v -1.714522 -0.412265 -0.000000
v -1.668138 -0.418320 -0.000000
v -1.620466 -0.420866 -0.000000
v -1.571737 -0.419883 -0.000000
v -1.522183 -0.415348 -0.000000
v -1.472035 -0.407242 -0.000000
v -1.421524 -0.395543 -0.000000
v -1.370881 -0.380229 -0.000000
v -1.356201 -0.375162 -0.000000
v -1.341054 -0.369748 -0.000000
v -1.325467 -0.364011 -0.000000
v -1.309468 -0.357977 -0.000000
v -1.293083 -0.351670 -0.000000
v -1.276340 -0.345116 -0.000000
v -1.259264 -0.338341 -0.000000
v -1.241882 -0.331370 -0.000000
v -1.224222 -0.324227 -0.000000
v -1.206311 -0.316939 -0.000000
v -1.188174 -0.309530 -0.000000
v -1.169840 -0.302026 -0.000000
v -1.088812 -0.269026 -0.000000
v -1.004396 -0.235690 -0.000000
v -0.918063 -0.203668 -0.000000
v -0.831279 -0.174613 -0.000000
v -0.745513 -0.150175 -0.000000
v -0.662235 -0.132007 -0.000000
v -0.582912 -0.121759 -0.000000
v -0.509014 -0.121084 -0.000000
v -0.442008 -0.131633 -0.000000
v -0.383363 -0.155057 -0.000000
v -0.334549 -0.193008 -0.000000
v -0.297032 -0.247137 -0.000000
v -0.296131 -0.249027 -0.000000
v -0.295286 -0.251035 -0.000000
v -0.294525 -0.253175 -0.000000
v -0.293876 -0.255464 -0.000000
v -0.293366 -0.257917 -0.000000
v -0.293023 -0.260549 -0.000000
v -0.292874 -0.263376 -0.000000
v -0.292946 -0.266415 -0.000000
v -0.293268 -0.269680 -0.000000
v -0.293867 -0.273187 -0.000000
v -0.294770 -0.276952 -0.000000
v -0.296005 -0.280990 -0.000000
v -0.302242 -0.295508 -0.000000
v -0.312220 -0.312009 -0.000000
v -0.326542 -0.330572 -0.000000
v -0.345809 -0.351275 -0.000000
v -0.370622 -0.374196 -0.000000
v -0.401584 -0.399415 -0.000000
v -0.439296 -0.427010 -0.000000
v -0.484360 -0.457060 -0.000000
v -0.537378 -0.489643 -0.000000
v -0.598951 -0.524837 -0.000000
v -0.669681 -0.562722 -0.000000
v -0.750170 -0.603376 -0.000000
v -0.796480 -0.629256 -0.000000
v -0.844597 -0.662204 -0.000000
v -0.893412 -0.701613 -0.000000
v -0.941817 -0.746875 -0.000000
v -0.988704 -0.797381 -0.000000
v -1.032966 -0.852522 -0.000000
v -1.073495 -0.911691 -0.000000
v -1.109182 -0.974280 -0.000000
v -1.138920 -1.039680 -0.000000
v -1.161601 -1.107282 -0.000000
v -1.176116 -1.176479 -0.000000
v -1.181359 -1.246662 -0.000000
v -1.181359 -1.246799 -0.000000
v -1.181359 -1.246936 -0.000000
v -1.181359 -1.247072 -0.000000
v -1.181359 -1.247207 -0.000000
v -1.181359 -1.247341 -0.000000
v -1.181359 -1.247476 -0.000000
v -1.181359 -1.247610 -0.000000
v -1.181359 -1.247745 -0.000000
v -1.181359 -1.247880 -0.000000
v -1.181359 -1.248015 -0.000000
v -1.181359 -1.248152 -0.000000
v -1.181359 -1.248290 -0.000000
v -1.179871 -1.285865 -0.000000
v -1.174984 -1.325575 -0.000000
v -1.166068 -1.367041 -0.000000
v -1.152490 -1.409886 -0.000000
v -1.133619 -1.453733 -0.000000
v -1.108823 -1.498204 -0.000000
v -1.077471 -1.542922 -0.000000
v -1.038931 -1.587509 -0.000000
v -0.992572 -1.631588 -0.000000
v -0.937761 -1.674780 -0.000000
v -0.873868 -1.716709 -0.000000
v -0.800260 -1.756998 -0.000000
v -0.720290 -1.793628 -0.000000
v -0.644885 -1.821707 -0.000000
v -0.573982 -1.841938 -0.000000
v -0.507520 -1.855023 -0.000000
v -0.445436 -1.861665 -0.000000
v -0.387667 -1.862567 -0.000000
v -0.334151 -1.858432 -0.000000
v -0.284826 -1.849962 -0.000000
v -0.239628 -1.837860 -0.000000
v -0.198496 -1.822829 -0.000000
v -0.161367 -1.805571 -0.000000
v -0.748352 -1.653113 -0.000000
v -0.798766 -1.626174 -0.000000
v -0.844849 -1.597957 -0.000000
v -0.886591 -1.568474 -0.000000
v -0.923983 -1.537739 -0.000000
v -0.957013 -1.505763 -0.000000
v -0.985672 -1.472561 -0.000000
v -1.009950 -1.438145 -0.000000
v -1.029837 -1.402528 -0.000000
v -1.045322 -1.365722 -0.000000
v -1.056395 -1.327742 -0.000000
v -1.063047 -1.288598 -0.000000
v -1.065266 -1.248305 -0.000000
v -1.065266 -1.248199 -0.000000
v -1.065266 -1.248091 -0.000000
v -1.065266 -1.247983 -0.000000
v -1.065266 -1.247875 -0.000000
v -1.065266 -1.247767 -0.000000
v -1.065266 -1.247659 -0.000000
v -1.065266 -1.247552 -0.000000
v -1.065266 -1.247445 -0.000000
v -1.065266 -1.247339 -0.000000
v -1.065266 -1.247233 -0.000000
v -1.065266 -1.247128 -0.000000
v -1.065266 -1.247025 -0.000000
v -1.060742 -1.189119 -0.000000
v -1.048220 -1.131675 -0.000000
v -1.028680 -1.075261 -0.000000
v -1.003105 -1.020445 -0.000000
v -0.972474 -0.967793 -0.000000
v -0.937770 -0.917875 -0.000000
v -0.899975 -0.871257 -0.000000
v -0.860068 -0.828508 -0.000000
v -0.819031 -0.790194 -0.000000
v -0.777847 -0.756884 -0.000000
v -0.737495 -0.729145 -0.000000
v -0.698958 -0.707545 -0.000000
v -0.623133 -0.669382 -0.000000
v -0.553765 -0.632593 -0.000000
v -0.490722 -0.597077 -0.000000
v -0.433870 -0.562733 -0.000000
v -0.383077 -0.529460 -0.000000
v -0.338209 -0.497156 -0.000000
v -0.299133 -0.465721 -0.000000
v -0.265716 -0.435054 -0.000000
v -0.237826 -0.405052 -0.000000
v -0.215328 -0.375617 -0.000000
v -0.198090 -0.346645 -0.000000
v -0.185980 -0.318037 -0.000000
v -0.182758 -0.307440 -0.000000
v -0.180234 -0.296855 -0.000000
v -0.178406 -0.286297 -0.000000
v -0.177275 -0.275782 -0.000000
v -0.176839 -0.265326 -0.000000
v -0.177097 -0.254946 -0.000000
v -0.178049 -0.244657 -0.000000
v -0.179694 -0.234475 -0.000000
v -0.182031 -0.224416 -0.000000
v -0.185059 -0.214497 -0.000000
v -0.188777 -0.204732 -0.000000
v -0.193185 -0.195139 -0.000000
v -0.214291 -0.158172 -0.000000
v -0.238662 -0.125163 -0.000000
v -0.266286 -0.096117 -0.000000
v -0.297145 -0.071039 -0.000000
v -0.331225 -0.049936 -0.000000
v -0.368510 -0.032814 -0.000000
v -0.408986 -0.019678 -0.000000
v -0.452638 -0.010535 -0.000000
v -0.499450 -0.005389 -0.000000
v -0.549407 -0.004248 -0.000000
v -0.602494 -0.007116 -0.000000
v -0.658695 -0.014000 -0.000000
v -0.704939 -0.022182 -0.000000
v -0.751921 -0.032454 -0.000000
v -0.799420 -0.044563 -0.000000
v -0.847218 -0.058256 -0.000000
v -0.895091 -0.073280 -0.000000
v -0.942821 -0.089383 -0.000000
v -0.990186 -0.106313 -0.000000
v -1.036965 -0.123815 -0.000000
v -1.082938 -0.141639 -0.000000
v -1.127885 -0.159530 -0.000000
v -1.171584 -0.177237 -0.000000
v -1.213815 -0.194507 -0.000000
v -1.231717 -0.201833 -0.000000
v -1.249418 -0.209065 -0.000000
v -1.266887 -0.216174 -0.000000
v -1.284089 -0.223134 -0.000000
v -1.300991 -0.229918 -0.000000
v -1.317560 -0.236498 -0.000000
v -1.333760 -0.242847 -0.000000
v -1.349560 -0.248938 -0.000000
v -1.364925 -0.254744 -0.000000
v -1.379822 -0.260238 -0.000000
v -1.394218 -0.265392 -0.000000
v -1.408078 -0.270180 -0.000000
v -1.449862 -0.282889 -0.000000
v -1.491397 -0.292711 -0.000000
v -1.532495 -0.299660 -0.000000
v -1.572970 -0.303752 -0.000000
v -1.612634 -0.305001 -0.000000
v -1.651300 -0.303421 -0.000000
v -1.688780 -0.299028 -0.000000
v -1.724887 -0.291835 -0.000000
v -1.759435 -0.281857 -0.000000
v -1.792235 -0.269109 -0.000000
v -1.823101 -0.253606 -0.000000
v -1.851846 -0.235362 -0.000000
v -1.875890 -0.216576 -0.000000
v -1.897905 -0.195801 -0.000000
v -1.917887 -0.173049 -0.000000
v -1.935830 -0.148332 -0.000000
v -1.951729 -0.121661 -0.000000
v -1.965580 -0.093048 -0.000000
v -1.977377 -0.062504 -0.000000
v -1.987116 -0.030041 -0.000000
v -1.994792 0.004331 -0.000000
v -2.000399 0.040598 -0.000000
v -2.003932 0.078750 -0.000000
v -2.005388 0.118775 -0.000000
v -2.004187 0.155608 -0.000000
v -1.999937 0.191215 -0.000000
v -1.992682 0.225516 -0.000000
v -1.982467 0.258428 -0.000000
v -1.969337 0.289868 -0.000000
v -1.953338 0.319757 -0.000000
v -1.934514 0.348011 -0.000000
v -1.912911 0.374548 -0.000000
v -1.888574 0.399287 -0.000000
v -1.861547 0.422146 -0.000000
v -1.831876 0.443044 -0.000000
v -1.799606 0.461897 -0.000000
v -1.748691 0.485331 -0.000000
v -1.695029 0.503272 -0.000000
v -1.639111 0.515772 -0.000000
v -1.581425 0.522880 -0.000000
v -1.522459 0.524646 -0.000000
v -1.462703 0.521121 -0.000000
v -1.402646 0.512355 -0.000000
v -1.342776 0.498398 -0.000000
v -1.283582 0.479299 -0.000000
v -1.225553 0.455110 -0.000000
v -1.169178 0.425881 -0.000000
v -1.114946 0.391661 -0.000000
v -1.050639 0.348960 -0.000000
v -0.987244 0.310513 -0.000000
v -0.924914 0.276370 -0.000000
v -0.863802 0.246580 -0.000000
v -0.804065 0.221194 -0.000000
v -0.745854 0.200261 -0.000000
v -0.689324 0.183832 -0.000000
v -0.634630 0.171957 -0.000000
v -0.581925 0.164685 -0.000000
v -0.531364 0.162068 -0.000000
v -0.483099 0.164154 -0.000000
v -0.437286 0.170994 -0.000000
v -0.416329 0.175955 -0.000000
v -0.396195 0.181968 -0.000000
v -0.376908 0.189016 -0.000000
v -0.358493 0.197083 -0.000000
v -0.340976 0.206153 -0.000000
v -0.324381 0.216210 -0.000000
v -0.308733 0.227237 -0.000000
v -0.294058 0.239218 -0.000000
v -0.280380 0.252137 -0.000000
v -0.267725 0.265978 -0.000000
v -0.256118 0.280723 -0.000000
v -0.245583 0.296358 -0.000000
v -0.240174 0.305545 -0.000000
v -0.235232 0.314963 -0.000000
v -0.230758 0.324602 -0.000000
v -0.226750 0.334451 -0.000000
v -0.223212 0.344499 -0.000000
v -0.220143 0.354737 -0.000000
v -0.217543 0.365152 -0.000000
v -0.215415 0.375736 -0.000000
v -0.213758 0.386478 -0.000000
v -0.212574 0.397366 -0.000000
v -0.211863 0.408390 -0.000000
v -0.211626 0.419540 -0.000000
v -0.211736 0.427196 -0.000000
v -0.212066 0.434903 -0.000000
v -0.212617 0.442657 -0.000000
v -0.213388 0.450456 -0.000000
v -0.214381 0.458295 -0.000000
v -0.215596 0.466172 -0.000000
v -0.217032 0.474083 -0.000000
v -0.218690 0.482025 -0.000000
v -0.220571 0.489995 -0.000000
v -0.222675 0.497989 -0.000000
v -0.225002 0.506004 -0.000000
v -0.227553 0.514037 -0.000000
v -0.244669 0.557033 -0.000000
v -0.267278 0.599441 -0.000000
v -0.295207 0.641118 -0.000000
v -0.328284 0.681917 -0.000000
v -0.366338 0.721696 -0.000000
v -0.409197 0.760309 -0.000000
v -0.456687 0.797611 -0.000000
v -0.508637 0.833459 -0.000000
v -0.564876 0.867708 -0.000000
v -0.625230 0.900213 -0.000000
v -0.689527 0.930831 -0.000000
v -0.757597 0.959415 -0.000000
v -0.806045 0.980430 -0.000000
v -0.851449 1.004057 -0.000000
v -0.893664 1.030133 -0.000000
v -0.932542 1.058495 -0.000000
v -0.967935 1.088977 -0.000000
v -0.999698 1.121416 -0.000000
v -1.027683 1.155648 -0.000000
v -1.051743 1.191509 -0.000000
v -1.071731 1.228834 -0.000000
v -1.087501 1.267461 -0.000000
v -1.098905 1.307224 -0.000000
v -1.105797 1.347960 -0.000000
v -1.107975 1.388444 -0.000000
v -1.105551 1.428734 -0.000000
v -1.098583 1.468727 -0.000000
v -1.087131 1.508322 -0.000000
v -1.071255 1.547414 -0.000000
v -1.051013 1.585902 -0.000000
v -1.026466 1.623683 -0.000000
v -0.997672 1.660655 -0.000000
v -0.964690 1.696715 -0.000000
v -0.927581 1.731760 -0.000000
v -0.886404 1.765687 -0.000000
v -0.841217 1.798395 -0.000000
v -0.794760 1.827590 -0.000000
v -0.747292 1.852749 -0.000000
v -0.698949 1.873854 -0.000000
v -0.649865 1.890886 -0.000000
v -0.600175 1.903828 -0.000000
v -0.550015 1.912662 -0.000000
v -0.499520 1.917369 -0.000000
v -0.448824 1.917931 -0.000000
v -0.398062 1.914330 -0.000000
v -0.347371 1.906548 -0.000000
v -0.296884 1.894566 -0.000000
v -0.246736 1.878368 -0.000000
v -0.200902 1.859603 -0.000000
v -0.156663 1.837627 -0.000000
v -0.114291 1.812710 -0.000000
v -0.074062 1.785120 -0.000000
v -0.036251 1.755130 -0.000000
v -0.001131 1.723007 -0.000000
v 0.031023 1.689021 0.000000
v 0.059937 1.653443 0.000000
v 0.085335 1.616543 0.000000
v 0.106944 1.578589 0.000000
v 0.124489 1.539852 0.000000
v 0.137696 1.500602 0.000000
v 0.145773 1.466994 0.000000
v 0.151591 1.433003 0.000000
v 0.155358 1.398682 0.000000
v 0.157282 1.364084 0.000000
v 0.157572 1.329261 0.000000
v 0.156435 1.294267 0.000000
v 0.154080 1.259153 0.000000
v 0.150715 1.223973 0.000000
v 0.146547 1.188779 0.000000
v 0.141786 1.153624 0.000000
v 0.136638 1.118560 0.000000
v 0.131313 1.083641 0.000000
v 0.124326 1.037590 0.000000
v 0.117943 0.992152 0.000000
v 0.112704 0.947515 0.000000
v 0.109143 0.903864 0.000000
v 0.107800 0.861385 0.000000
v 0.109211 0.820264 0.000000
v 0.113913 0.780687 0.000000
v 0.122443 0.742839 0.000000
v 0.135339 0.706908 0.000000
v 0.153139 0.673078 0.000000
v 0.176378 0.641537 0.000000
v 0.205596 0.612469 0.000000
v 0.263904 0.569698 0.000000
v 0.323348 0.540900 0.000000
v 0.385053 0.525872 0.000000
v 0.450149 0.524409 0.000000
v 0.519762 0.536311 0.000000
v 0.595022 0.561372 0.000000
v 0.677054 0.599391 0.000000
v 0.766989 0.650164 0.000000
v 0.865952 0.713488 0.000000
v 0.975072 0.789160 0.000000
v 1.095478 0.876978 0.000000
v 1.228295 0.976737 0.000000
v 1.287215 1.019116 0.000000
v 1.345362 1.056374 0.000000
v 1.402652 1.088488 0.000000
v 1.459004 1.115437 0.000000
v 1.514334 1.137201 0.000000
v 1.568559 1.153756 0.000000
v 1.621598 1.165083 0.000000
v 1.673367 1.171159 0.000000
v 1.723783 1.171963 0.000000
v 1.772763 1.167474 0.000000
v 1.820226 1.157670 0.000000
v 1.866089 1.142529 0.000000
v 1.900878 1.126786 0.000000
v 1.934135 1.107789 0.000000
v 1.965689 1.085756 0.000000
v 1.995367 1.060907 0.000000
v 2.022999 1.033461 0.000000
v 2.048412 1.003637 0.000000
v 2.071434 0.971654 0.000000
v 2.091895 0.937732 0.000000
v 2.109622 0.902090 0.000000
v 2.124444 0.864946 0.000000
v 2.136188 0.826521 0.000000
v 2.144684 0.787032 0.000000
v 2.152279 0.736846 0.000000
v 2.157501 0.689194 0.000000
v 2.160352 0.644089 0.000000
v 2.160836 0.601547 0.000000
v 2.158953 0.561582 0.000000
v 2.154708 0.524207 0.000000
v 2.148101 0.489438 0.000000
v 2.139134 0.457288 0.000000
v 2.127811 0.427771 0.000000
v 2.114134 0.400903 0.000000
v 2.098104 0.376697 0.000000
v 2.079724 0.355167 0.000000
v 2.042567 0.324022 0.000000
v 1.999013 0.299791 0.000000
v 1.949780 0.281826 0.000000
v 1.895587 0.269481 0.000000
v 1.837151 0.262107 0.000000
v 1.775189 0.259058 0.000000
v 1.710419 0.259687 0.000000
v 1.643560 0.263345 0.000000
v 1.575328 0.269386 0.000000
v 1.506442 0.277162 0.000000
v 1.437618 0.286026 0.000000
v 1.369576 0.295330 0.000000
v 1.332468 0.300439 0.000000
v 1.295768 0.305407 0.000000
v 1.259538 0.310139 0.000000
v 1.223842 0.314544 0.000000
v 1.188743 0.318527 0.000000
v 1.154304 0.321995 0.000000
v 1.120587 0.324855 0.000000
v 1.087656 0.327014 0.000000
v 1.055573 0.328377 0.000000
v 1.024401 0.328853 0.000000
v 0.994204 0.328347 0.000000
v 0.965044 0.326766 0.000000
v 0.929879 0.323035 0.000000
v 0.897109 0.317307 0.000000
v 0.866742 0.309586 0.000000
v 0.838786 0.299879 0.000000
v 0.813249 0.288192 0.000000
v 0.790142 0.274529 0.000000
v 0.769470 0.258898 0.000000
v 0.751244 0.241302 0.000000
v 0.735472 0.221749 0.000000
v 0.722162 0.200243 0.000000
v 0.711322 0.176790 0.000000
v 0.702961 0.151396 0.000000
v 0.698691 0.133734 0.000000
v 0.695496 0.116376 0.000000
v 0.693375 0.099329 0.000000
v 0.692327 0.082598 0.000000
v 0.692354 0.066191 0.000000
v 0.693453 0.050113 0.000000
v 0.695624 0.034372 0.000000
v 0.698868 0.018973 0.000000
v 0.703183 0.003924 0.000000
v 0.708570 -0.010770 0.000000
v 0.715027 -0.025103 0.000000
v 0.722555 -0.039067 0.000000
v 0.744107 -0.069888 0.000000
v 0.770578 -0.097738 0.000000
v 0.801567 -0.122900 0.000000
v 0.836672 -0.145654 0.000000
v 0.875491 -0.166283 0.000000
v 0.917622 -0.185067 0.000000
v 0.962662 -0.202289 0.000000
v 1.010210 -0.218230 0.000000
v 1.059864 -0.233171 0.000000
v 1.111222 -0.247393 0.000000
v 1.163881 -0.261180 0.000000
v 1.217440 -0.274811 0.000000
v 1.289213 -0.293126 0.000000
v 1.360405 -0.312117 0.000000
v 1.430028 -0.332358 0.000000
v 1.497092 -0.354421 0.000000
v 1.560610 -0.378877 0.000000
v 1.619594 -0.406301 0.000000
v 1.673056 -0.437263 0.000000
v 1.720006 -0.472338 0.000000
v 1.759458 -0.512096 0.000000
v 1.790422 -0.557112 0.000000
v 1.811911 -0.607957 0.000000
v 1.822935 -0.665204 0.000000
v 1.825208 -0.703927 0.000000
v 1.824958 -0.741560 0.000000
v 1.822190 -0.778092 0.000000
v 1.816908 -0.813510 0.000000
v 1.809117 -0.847801 0.000000
v 1.798820 -0.880953 0.000000
v 1.786023 -0.912954 0.000000
v 1.770728 -0.943791 0.000000
v 1.752942 -0.973451 0.000000
v 1.732668 -1.001923 0.000000
v 1.709910 -1.029194 0.000000
v 1.684673 -1.055250 0.000000
v 1.638049 -1.095164 0.000000
v 1.586396 -1.130698 0.000000
v 1.530579 -1.161913 0.000000
v 1.471465 -1.188869 0.000000
v 1.409917 -1.211626 0.000000
v 1.346800 -1.230244 0.000000
v 1.282982 -1.244785 0.000000
v 1.219325 -1.255307 0.000000
v 1.156696 -1.261871 0.000000
v 1.095960 -1.264538 0.000000
v 1.037982 -1.263368 0.000000
v 0.983626 -1.258420 0.000000
v 0.928500 -1.245716 0.000000
v 0.879335 -1.223471 0.000000
v 0.835623 -1.192678 0.000000
v 0.796857 -1.154331 0.000000
v 0.762531 -1.109424 0.000000
v 0.732137 -1.058950 0.000000
v 0.705167 -1.003905 0.000000
v 0.681114 -0.945280 0.000000
v 0.659472 -0.884070 0.000000
v 0.639732 -0.821270 0.000000
v 0.621389 -0.757872 0.000000
v 0.603934 -0.694870 0.000000
v 0.601212 -0.684978 0.000000
v 0.598513 -0.675175 0.000000
v 0.595831 -0.665459 0.000000
v 0.593163 -0.655826 0.000000
v 0.590505 -0.646275 0.000000
v 0.587854 -0.636803 0.000000
v 0.585205 -0.627407 0.000000
v 0.582554 -0.618086 0.000000
v 0.579897 -0.608835 0.000000
v 0.577232 -0.599654 0.000000
v 0.574553 -0.590538 0.000000
v 0.571857 -0.581487 0.000000
v 0.557760 -0.540157 0.000000
v 0.541121 -0.501351 0.000000
v 0.522146 -0.465270 0.000000
v 0.501045 -0.432119 0.000000
v 0.478023 -0.402101 0.000000
v 0.453291 -0.375418 0.000000
v 0.427054 -0.352275 0.000000
v 0.399522 -0.332874 0.000000
v 0.370901 -0.317419 0.000000
v 0.341400 -0.306114 0.000000
v 0.311227 -0.299161 0.000000
v 0.280589 -0.296764 0.000000
v 0.256589 -0.298190 0.000000
v 0.233419 -0.302495 0.000000
v 0.211170 -0.309600 0.000000
v 0.189932 -0.319423 0.000000
v 0.169793 -0.331885 0.000000
v 0.150846 -0.346906 0.000000
v 0.133178 -0.364406 0.000000
v 0.116881 -0.384306 0.000000
v 0.102043 -0.406524 0.000000
v 0.088756 -0.430982 0.000000
v 0.077109 -0.457598 0.000000
v 0.067191 -0.486295 0.000000
v 0.054993 -0.531136 0.000000
v 0.044920 -0.577819 0.000000
v 0.036780 -0.626223 0.000000
v 0.030379 -0.676231 0.000000
v 0.025525 -0.727725 0.000000
v 0.022026 -0.780585 0.000000
v 0.019690 -0.834694 0.000000
v 0.018322 -0.889932 0.000000
v 0.017732 -0.946181 0.000000
v 0.017726 -1.003324 0.000000
v 0.018111 -1.061240 0.000000
v 0.018696 -1.119813 0.000000
v 0.018827 -1.132186 0.000000
v 0.018956 -1.144621 0.000000
v 0.019082 -1.157112 0.000000
v 0.019202 -1.169649 0.000000
v 0.019316 -1.182226 0.000000
v 0.019421 -1.194836 0.000000
v 0.019515 -1.207470 0.000000
v 0.019596 -1.220121 0.000000
v 0.019663 -1.232782 0.000000
v 0.019712 -1.245445 0.000000
v 0.019744 -1.258103 0.000000
v 0.019755 -1.270748 0.000000
v 0.018104 -1.314764 0.000000
v 0.013226 -1.357823 0.000000
v 0.005227 -1.399706 0.000000
v -0.005783 -1.440197 -0.000000
v -0.019696 -1.479081 -0.000000
v -0.036404 -1.516139 -0.000000
v -0.055798 -1.551155 -0.000000
v -0.077769 -1.583913 -0.000000
v -0.102210 -1.614196 -0.000000
v -0.129013 -1.641786 -0.000000
v -0.158067 -1.666469 -0.000000
v -0.189266 -1.688025 -0.000000
v -0.226079 -1.708054 -0.000000
v -0.264912 -1.723897 -0.000000
v -0.305693 -1.735558 -0.000000
v -0.348348 -1.743043 -0.000000
v -0.392806 -1.746356 -0.000000
v -0.438992 -1.745502 -0.000000
v -0.486835 -1.740484 -0.000000
v -0.536262 -1.731308 -0.000000
v -0.587200 -1.717979 -0.000000
v -0.639576 -1.700500 -0.000000
v -0.693318 -1.678876 -0.000000
v 0.234148 -0.054066 0.000000
v 0.248886 -0.040971 0.000000
v 0.261986 -0.026344 0.000000
v 0.273401 -0.010362 0.000000
v 0.283085 0.006797 0.000000
v 0.290989 0.024955 0.000000
v 0.297068 0.043934 0.000000
v 0.301274 0.063556 0.000000
v 0.303560 0.083643 0.000000
v 0.303880 0.104017 0.000000
v 0.302185 0.124501 0.000000
v 0.298430 0.144915 0.000000
v 0.292567 0.165083 0.000000
v 0.285081 0.183631 0.000000
v 0.275988 0.200903 0.000000
v 0.265379 0.216836 0.000000
v 0.253346 0.231366 0.000000
v 0.239980 0.244428 0.000000
v 0.225373 0.255957 0.000000
v 0.209615 0.265889 0.000000
v 0.192797 0.274160 0.000000
v 0.175012 0.280705 0.000000
v 0.156350 0.285459 0.000000
v 0.136902 0.288359 0.000000
v 0.116760 0.289340 0.000000
v 0.094645 0.288726 0.000000
v 0.073263 0.286894 0.000000
v 0.052662 0.283864 0.000000
v 0.032887 0.279655 0.000000
v 0.013987 0.274286 0.000000
v -0.003993 0.267777 -0.000000
v -0.021004 0.260145 -0.000000
v -0.037000 0.251411 -0.000000
v -0.051933 0.241594 -0.000000
v -0.065758 0.230711 -0.000000
v -0.078426 0.218783 -0.000000
v -0.089891 0.205828 -0.000000
v -0.096359 0.197309 -0.000000
v -0.102281 0.188483 -0.000000
v -0.107654 0.179365 -0.000000
v -0.112474 0.169972 -0.000000
v -0.116740 0.160317 -0.000000
v -0.120447 0.150416 -0.000000
v -0.123593 0.140286 -0.000000
v -0.126174 0.129939 -0.000000
v -0.128187 0.119393 -0.000000
v -0.129629 0.108662 -0.000000
v -0.130496 0.097762 -0.000000
v -0.130786 0.086707 -0.000000
v -0.130748 0.082727 -0.000000
v -0.130637 0.078730 -0.000000
v -0.130451 0.074715 -0.000000
v -0.130190 0.070685 -0.000000
v -0.129855 0.066639 -0.000000
v -0.129444 0.062580 -0.000000
v -0.128960 0.058506 -0.000000
v -0.128400 0.054420 -0.000000
v -0.127766 0.050322 -0.000000
v -0.127056 0.046213 -0.000000
v -0.126272 0.042094 -0.000000
v -0.125413 0.037966 -0.000000
v -0.121176 0.021781 -0.000000
v -0.115658 0.006197 -0.000000
v -0.108911 -0.008726 -0.000000
v -0.100988 -0.022930 -0.000000
v -0.091940 -0.036353 -0.000000
v -0.081821 -0.048937 -0.000000
v -0.070681 -0.060621 -0.000000
v -0.058574 -0.071346 -0.000000
v -0.045552 -0.081052 -0.000000
v -0.031666 -0.089678 -0.000000
v -0.016969 -0.097166 -0.000000
v -0.001514 -0.103456 -0.000000
v 0.017601 -0.109298 0.000000
v 0.037066 -0.113277 0.000000
v 0.056805 -0.115408 0.000000
v 0.076741 -0.115707 0.000000
v 0.096797 -0.114189 0.000000
v 0.116898 -0.110872 0.000000
v 0.136966 -0.105771 0.000000
v 0.156926 -0.098901 0.000000
v 0.176701 -0.090280 0.000000
v 0.196214 -0.079923 0.000000
v 0.215388 -0.067846 0.000000
v 0.037658 0.005866 0.000000
v 0.031317 0.008428 0.000000
v 0.025340 0.011427 0.000000
v 0.019737 0.014850 0.000000
v 0.014519 0.018685 0.000000
v 0.009699 0.022919 0.000000
v 0.005286 0.027538 0.000000
v 0.001294 0.032532 0.000000
v -0.002267 0.037885 -0.000000
v -0.005386 0.043587 -0.000000
v -0.008051 0.049624 -0.000000
v -0.010251 0.055984 -0.000000
v -0.011975 0.062653 -0.000000
v -0.013317 0.069715 -0.000000
v -0.014226 0.076567 -0.000000
v -0.014699 0.083205 -0.000000
v -0.014740 0.089628 -0.000000
v -0.014347 0.095834 -0.000000
v -0.013521 0.101819 -0.000000
v -0.012263 0.107582 -0.000000
v -0.010573 0.113120 -0.000000
v -0.008452 0.118432 -0.000000
v -0.005901 0.123515 -0.000000
v -0.002919 0.128366 -0.000000
v 0.000493 0.132984 0.000000
v 0.006095 0.139151 0.000000
v 0.012565 0.144850 0.000000
v 0.019866 0.150069 0.000000
v 0.027960 0.154793 0.000000
v 0.036810 0.159010 0.000000
v 0.046378 0.162707 0.000000
v 0.056627 0.165871 0.000000
v 0.067518 0.168488 0.000000
v 0.079014 0.170547 0.000000
v 0.091079 0.172034 0.000000
v 0.103673 0.172935 0.000000
v 0.116760 0.173238 0.000000
v 0.126618 0.172732 0.000000
v 0.135525 0.171278 0.000000
v 0.143529 0.168980 0.000000
v 0.150678 0.165938 0.000000
v 0.157021 0.162255 0.000000
v 0.162606 0.158030 0.000000
v 0.167480 0.153367 0.000000
v 0.171693 0.148365 0.000000
v 0.175292 0.143128 0.000000
v 0.178325 0.137755 0.000000
v 0.180841 0.132348 0.000000
v 0.182889 0.127010 0.000000
v 0.183668 0.124654 0.000000
v 0.184385 0.122252 0.000000
v 0.185038 0.119807 0.000000
v 0.185627 0.117323 0.000000
v 0.186151 0.114802 0.000000
v 0.186608 0.112250 0.000000
v 0.186998 0.109669 0.000000
v 0.187319 0.107063 0.000000
v 0.187571 0.104435 0.000000
v 0.187752 0.101790 0.000000
v 0.187861 0.099130 0.000000
v 0.187898 0.096459 0.000000
v 0.187737 0.090899 0.000000
v 0.187248 0.085341 0.000000
v 0.186421 0.079820 0.000000
v 0.185247 0.074367 0.000000
v 0.183716 0.069015 0.000000
v 0.181818 0.063796 0.000000
v 0.179545 0.058743 0.000000
v 0.176886 0.053888 0.000000
v 0.173832 0.049263 0.000000
v 0.170374 0.044901 0.000000
v 0.166501 0.040835 0.000000
v 0.162205 0.037096 0.000000
v 0.151641 0.029259 0.000000
v 0.140977 0.022339 0.000000
v 0.130252 0.016348 0.000000
v 0.119507 0.011295 0.000000
v 0.108782 0.007190 0.000000
v 0.098118 0.004045 0.000000
v 0.087555 0.001868 0.000000
v 0.077132 0.000669 0.000000
v 0.066891 0.000460 0.000000
v 0.056871 0.001250 0.000000
v 0.047114 0.003048 0.000000
vn -0.0000 -0.0000 1.0000
vn -0.0000 -0.0000 -1.0000
s 0
usemtl SVGMat.007
f 1379//3 1377//3 1378//3
f 1379//3 1376//3 1377//3
f 1380//3 1376//3 1379//3
f 1380//3 1375//3 1376//3
f 1381//3 1375//3 1380//3
f 1381//3 1374//3 1375//3
f 1382//3 1374//3 1381//3
f 1382//3 1373//3 1374//3
f 1383//3 1373//3 1382//3
f 1383//3 1372//3 1373//3
f 1384//3 1372//3 1383//3
f 1384//3 1371//3 1372//3
f 1385//3 1371//3 1384//3
f 1385//3 1370//3 1371//3
f 1386//3 1370//3 1385//3
f 1386//3 1369//3 1370//3
f 1387//3 2008//3 1386//3
f 2008//3 2009//3 1386//3
f 2009//3 1369//3 1386//3
f 2009//3 2010//3 1369//3
f 2010//3 2011//3 1369//3
f 2011//3 1368//3 1369//3
f 1387//3 2007//3 2008//3
f 1387//3 2006//3 2007//3
f 2012//3 1368//3 2011//3
f 1387//3 2005//3 2006//3
f 2013//3 1368//3 2012//3
f 1387//3 2004//3 2005//3
f 2014//3 1368//3 2013//3
f 1388//3 2004//3 1387//3
f 1388//3 2003//3 2004//3
f 2015//3 1368//3 2014//3
f 1388//3 2002//3 2003//3
f 2015//3 1367//3 1368//3
f 2016//3 1367//3 2015//3
f 1388//3 2001//3 2002//3
f 1389//3 2001//3 1388//3
f 2017//3 1367//3 2016//3
f 1389//3 2000//3 2001//3
f 2018//3 1367//3 2017//3
f 1390//3 2000//3 1389//3
f 1390//3 1999//3 2000//3
f 2018//3 1366//3 1367//3
f 1390//3 1998//3 1999//3
f 2019//3 1366//3 2018//3
f 1391//3 1998//3 1390//3
f 1391//3 1997//3 1998//3
f 2019//3 1365//3 1366//3
f 2020//3 1365//3 2019//3
f 1391//3 1996//3 1997//3
f 1392//3 1996//3 1391//3
f 1392//3 1995//3 1996//3
f 1393//3 1995//3 1392//3
f 2021//3 1365//3 2020//3
f 1309//3 1307//3 1308//3
f 2021//3 1364//3 1365//3
f 1309//3 1306//3 1307//3
f 1310//3 1306//3 1309//3
f 1310//3 1305//3 1306//3
f 1393//3 1994//3 1995//3
f 1310//3 1304//3 1305//3
f 1311//3 1304//3 1310//3
f 1311//3 1303//3 1304//3
f 1394//3 1994//3 1393//3
f 1311//3 1302//3 1303//3
f 1394//3 1993//3 1994//3
f 1312//3 1302//3 1311//3
f 2022//3 1364//3 2021//3
f 1312//3 1301//3 1302//3
f 2022//3 1363//3 1364//3
f 1312//3 1300//3 1301//3
f 1395//3 1993//3 1394//3
f 1395//3 1992//3 1993//3
f 1313//3 1300//3 1312//3
f 1313//3 2090//3 1300//3
f 2090//3 1299//3 1300//3
f 2023//3 1363//3 2022//3
f 1313//3 2089//3 2090//3
f 2091//3 1299//3 2090//3
f 2092//3 1299//3 2091//3
f 2092//3 1298//3 1299//3
f 1396//3 1992//3 1395//3
f 1313//3 2088//3 2089//3
f 2093//3 1298//3 2092//3
f 1396//3 1991//3 1992//3
f 2094//3 1298//3 2093//3
f 1314//3 2088//3 1313//3
f 1314//3 2087//3 2088//3
f 2095//3 1298//3 2094//3
f 2023//3 1362//3 1363//3
f 2096//3 1298//3 2095//3
f 2096//3 1297//3 1298//3
f 1314//3 2086//3 2087//3
f 2097//3 1297//3 2096//3
f 2024//3 1362//3 2023//3
f 1397//3 1991//3 1396//3
f 1397//3 1990//3 1991//3
f 2098//3 1297//3 2097//3
f 2098//3 1296//3 1297//3
f 1315//3 2086//3 1314//3
f 1315//3 2085//3 2086//3
f 2099//3 1296//3 2098//3
f 2100//3 1296//3 2099//3
f 2024//3 1361//3 1362//3
f 1397//3 1989//3 1990//3
f 1398//3 1989//3 1397//3
f 1315//3 2084//3 2085//3
f 2025//3 1361//3 2024//3
f 2101//3 1296//3 2100//3
f 2101//3 1295//3 1296//3
f 1316//3 2084//3 1315//3
f 2102//3 1295//3 2101//3
f 1398//3 1988//3 1989//3
f 1316//3 2083//3 2084//3
f 1399//3 1988//3 1398//3
f 2025//3 1360//3 1361//3
f 2026//3 1360//3 2025//3
f 2102//3 1294//3 1295//3
f 2103//3 1294//3 2102//3
f 1317//3 2083//3 1316//3
f 1399//3 1987//3 1988//3
f 1317//3 2082//3 2083//3
f 1400//3 1987//3 1399//3
f 2104//3 1294//3 2103//3
f 2026//3 1359//3 1360//3
f 2027//3 1359//3 2026//3
f 2104//3 1293//3 1294//3
f 1400//3 1986//3 1987//3
f 1317//3 2081//3 2082//3
f 1318//3 2081//3 1317//3
f 1401//3 1986//3 1400//3
f 2105//3 1293//3 2104//3
f 1401//3 1985//3 1986//3
f 2028//3 1359//3 2027//3
f 2028//3 1358//3 1359//3
f 2105//3 1292//3 1293//3
f 1318//3 2080//3 2081//3
f 1319//3 2080//3 1318//3
f 2106//3 1292//3 2105//3
f 1402//3 1985//3 1401//3
f 1402//3 1984//3 1985//3
f 2029//3 1358//3 2028//3
f 1319//3 2079//3 2080//3
f 2029//3 1357//3 1358//3
f 2106//3 1291//3 1292//3
f 2107//3 1291//3 2106//3
f 1320//3 2079//3 1319//3
f 1402//3 1983//3 1984//3
f 1403//3 1983//3 1402//3
f 2030//3 1357//3 2029//3
f 1320//3 2078//3 2079//3
f 2107//3 1290//3 1291//3
f 2030//3 1356//3 1357//3
f 2108//3 1290//3 2107//3
f 1403//3 1982//3 1983//3
f 2031//3 1356//3 2030//3
f 1321//3 2078//3 1320//3
f 1404//3 1982//3 1403//3
f 2032//3 1356//3 2031//3
f 2032//3 1355//3 1356//3
f 1321//3 2077//3 2078//3
f 1404//3 1981//3 1982//3
f 2109//3 1290//3 2108//3
f 2109//3 1289//3 1290//3
f 2033//3 1355//3 2032//3
f 1322//3 2077//3 1321//3
f 1405//3 1981//3 1404//3
f 1405//3 1980//3 1981//3
f 2033//3 1354//3 1355//3
f 2034//3 1354//3 2033//3
f 2110//3 1289//3 2109//3
f 1322//3 2076//3 2077//3
f 2110//3 1288//3 1289//3
f 1323//3 2076//3 1322//3
f 2035//3 1354//3 2034//3
f 2035//3 1353//3 1354//3
f 1323//3 2075//3 2076//3
f 1406//3 1980//3 1405//3
f 2111//3 1288//3 2110//3
f 1324//3 2075//3 1323//3
f 2036//3 1353//3 2035//3
f 2111//3 1287//3 1288//3
f 2037//3 1353//3 2036//3
f 1324//3 2074//3 2075//3
f 1325//3 2074//3 1324//3
f 2037//3 1352//3 1353//3
f 2112//3 1287//3 2111//3
f 1406//3 1979//3 1980//3
f 2038//3 1352//3 2037//3
f 2112//3 1286//3 1287//3
f 1326//3 2074//3 1325//3
f 1326//3 2073//3 2074//3
f 2039//3 1352//3 2038//3
f 2039//3 1351//3 1352//3
f 2113//3 1286//3 2112//3
f 1327//3 2073//3 1326//3
f 2040//3 1351//3 2039//3
f 1407//3 1979//3 1406//3
f 2113//3 1285//3 1286//3
f 1327//3 2072//3 2073//3
f 2040//3 1350//3 1351//3
f 2041//3 1350//3 2040//3
f 1328//3 2072//3 1327//3
f 2114//3 1285//3 2113//3
f 1407//3 1978//3 1979//3
f 2114//3 1284//3 1285//3
f 2042//3 1350//3 2041//3
f 1328//3 2071//3 2072//3
f 2042//3 1349//3 1350//3
f 1329//3 2071//3 1328//3
f 2043//3 1349//3 2042//3
f 2115//3 1284//3 2114//3
f 1329//3 2070//3 2071//3
f 1330//3 2070//3 1329//3
f 2043//3 1348//3 1349//3
f 1408//3 1978//3 1407//3
f 2044//3 1348//3 2043//3
f 2115//3 1283//3 1284//3
f 1331//3 2070//3 1330//3
f 2116//3 1283//3 2115//3
f 2044//3 1347//3 1348//3
f 1331//3 2069//3 2070//3
f 2045//3 1347//3 2044//3
f 1408//3 1977//3 1978//3
f 1332//3 2069//3 1331//3
f 2045//3 1346//3 1347//3
f 2046//3 1346//3 2045//3
f 1333//3 2069//3 1332//3
f 1333//3 2068//3 2069//3
f 2117//3 1283//3 2116//3
f 2117//3 1282//3 1283//3
f 2046//3 1345//3 1346//3
f 1334//3 2068//3 1333//3
f 1335//3 2068//3 1334//3
f 1336//3 2068//3 1335//3
f 2046//3 1344//3 1345//3
f 2047//3 1344//3 2046//3
f 1337//3 2068//3 1336//3
f 2047//3 1343//3 1344//3
f 1338//3 2068//3 1337//3
f 2047//3 1342//3 1343//3
f 1339//3 2068//3 1338//3
f 2047//3 1341//3 1342//3
f 1340//3 2068//3 1339//3
f 2047//3 1340//3 1341//3
f 2047//3 2068//3 1340//3
f 2047//3 2067//3 2068//3
f 1409//3 1977//3 1408//3
f 2118//3 1282//3 2117//3
f 2048//3 2067//3 2047//3
f 2118//3 1281//3 1282//3
f 2048//3 2066//3 2067//3
f 2049//3 2066//3 2048//3
f 1409//3 1976//3 1977//3
f 2119//3 1281//3 2118//3
f 2050//3 2066//3 2049//3
f 2050//3 2065//3 2066//3
f 2051//3 2065//3 2050//3
f 2120//3 1281//3 2119//3
f 2120//3 1280//3 1281//3
f 2051//3 2064//3 2065//3
f 2052//3 2064//3 2051//3
f 2052//3 2063//3 2064//3
f 2053//3 2063//3 2052//3
f 2053//3 2062//3 2063//3
f 1410//3 1976//3 1409//3
f 2121//3 1280//3 2120//3
f 2053//3 2061//3 2062//3
f 2054//3 2061//3 2053//3
f 2054//3 2060//3 2061//3
f 2055//3 2060//3 2054//3
f 2055//3 2059//3 2060//3
f 2056//3 2059//3 2055//3
f 2056//3 2058//3 2059//3
f 2057//3 2058//3 2056//3
f 2122//3 1280//3 2121//3
f 2122//3 1279//3 1280//3
f 1410//3 1975//3 1976//3
f 2123//3 1279//3 2122//3
f 2123//3 1278//3 1279//3
f 2124//3 1278//3 2123//3
f 1411//3 1975//3 1410//3
f 2125//3 1278//3 2124//3
f 2125//3 1277//3 1278//3
f 2126//3 1277//3 2125//3
f 2127//3 1277//3 2126//3
f 2128//3 1277//3 2127//3
f 2129//3 1277//3 2128//3
f 1411//3 1974//3 1975//3
f 2130//3 1277//3 2129//3
f 2131//3 1277//3 2130//3
f 2132//3 1277//3 2131//3
f 2133//3 1277//3 2132//3
f 2134//3 1277//3 2133//3
f 2135//3 1277//3 2134//3
f 2135//3 1276//3 1277//3
f 2136//3 1276//3 2135//3
f 2137//3 1276//3 2136//3
f 2138//3 1276//3 2137//3
f 1412//3 1974//3 1411//3
f 2139//3 1276//3 2138//3
f 2139//3 1275//3 1276//3
f 2140//3 1275//3 2139//3
f 2140//3 1274//3 1275//3
f 2141//3 1274//3 2140//3
f 1412//3 1973//3 1974//3
f 2141//3 1273//3 1274//3
f 2142//3 1273//3 2141//3
f 1413//3 1973//3 1412//3
f 2142//3 1272//3 1273//3
f 2142//3 1271//3 1272//3
f 2142//3 1270//3 1271//3
f 2142//3 1269//3 1270//3
f 2142//3 1268//3 1269//3
f 2142//3 1267//3 1268//3
f 2143//3 1267//3 2142//3
f 2143//3 1266//3 1267//3
f 2143//3 1265//3 1266//3
f 2143//3 1264//3 1265//3
f 2143//3 1263//3 1264//3
f 2143//3 1262//3 1263//3
f 2143//3 1261//3 1262//3
f 2143//3 1260//3 1261//3
f 2144//3 1260//3 2143//3
f 1413//3 1972//3 1973//3
f 2144//3 1259//3 1260//3
f 1414//3 1972//3 1413//3
f 2144//3 1258//3 1259//3
f 2145//3 1258//3 2144//3
f 2145//3 1257//3 1258//3
f 2145//3 1256//3 1257//3
f 1415//3 1972//3 1414//3
f 2146//3 1256//3 2145//3
f 2146//3 1255//3 1256//3
f 1415//3 1971//3 1972//3
f 2146//3 1254//3 1255//3
f 2147//3 1254//3 2146//3
f 2147//3 1253//3 1254//3
f 1416//3 1971//3 1415//3
f 2147//3 1252//3 1253//3
f 2148//3 1252//3 2147//3
f 2148//3 1251//3 1252//3
f 1416//3 1970//3 1971//3
f 1417//3 1970//3 1416//3
f 2149//3 1251//3 2148//3
f 2149//3 1250//3 1251//3
f 2219//3 2217//3 2218//3
f 2219//3 2216//3 2217//3
f 2220//3 2216//3 2219//3
f 2220//3 2215//3 2216//3
f 2221//3 2215//3 2220//3
f 2221//3 2214//3 2215//3
f 2149//3 1249//3 1250//3
f 2222//3 2214//3 2221//3
f 2222//3 2213//3 2214//3
f 2223//3 2213//3 2222//3
f 2223//3 2212//3 2213//3
f 1418//3 1970//3 1417//3
f 2150//3 1249//3 2149//3
f 2150//3 1248//3 1249//3
f 2224//3 2212//3 2223//3
f 1437//3 1435//3 1436//3
f 2224//3 2211//3 2212//3
f 1438//3 1435//3 1437//3
f 1438//3 1434//3 1435//3
f 1439//3 1434//3 1438//3
f 1439//3 1433//3 1434//3
f 1439//3 1432//3 1433//3
f 1440//3 1432//3 1439//3
f 2150//3 1247//3 1248//3
f 2225//3 2211//3 2224//3
f 1418//3 1969//3 1970//3
f 1419//3 1969//3 1418//3
f 1440//3 1431//3 1432//3
f 2225//3 2210//3 2211//3
f 1441//3 1431//3 1440//3
f 1441//3 1430//3 1431//3
f 2151//3 1247//3 2150//3
f 2226//3 2210//3 2225//3
f 2151//3 1246//3 1247//3
f 1441//3 1429//3 1430//3
f 1420//3 1969//3 1419//3
f 1442//3 1429//3 1441//3
f 2226//3 2209//3 2210//3
f 1442//3 1428//3 1429//3
f 2151//3 1245//3 1246//3
f 2227//3 2209//3 2226//3
f 1442//3 1427//3 1428//3
f 1421//3 1969//3 1420//3
f 2227//3 2292//3 2209//3
f 1442//3 1426//3 1427//3
f 1443//3 1426//3 1442//3
f 2152//3 1245//3 2151//3
f 1422//3 1969//3 1421//3
f 2152//3 1244//3 1245//3
f 1443//3 1425//3 1426//3
f 1423//3 1969//3 1422//3
f 1443//3 1424//3 1425//3
f 2228//3 2292//3 2227//3
f 1424//3 1969//3 1423//3
f 1443//3 1969//3 1424//3
f 2152//3 1243//3 1244//3
f 2228//3 2291//3 2292//3
f 1444//3 1969//3 1443//3
f 2152//3 1242//3 1243//3
f 2153//3 1242//3 2152//3
f 2229//3 2291//3 2228//3
f 1444//3 1968//3 1969//3
f 2153//3 1241//3 1242//3
f 2153//3 1240//3 1241//3
f 2229//3 2353//3 2291//3
f 2353//3 2354//3 2291//3
f 2354//3 2290//3 2291//3
f 2230//3 2350//3 2229//3
f 2350//3 2351//3 2229//3
f 2351//3 2352//3 2229//3
f 2352//3 2353//3 2229//3
f 2153//3 1239//3 1240//3
f 2154//3 1239//3 2153//3
f 2355//3 2290//3 2354//3
f 2230//3 2349//3 2350//3
f 2230//3 2348//3 2349//3
f 2356//3 2290//3 2355//3
f 2230//3 2347//3 2348//3
f 1445//3 1968//3 1444//3
f 2230//3 2346//3 2347//3
f 2357//3 2290//3 2356//3
f 2230//3 2345//3 2346//3
f 2154//3 1238//3 1239//3
f 2230//3 2344//3 2345//3
f 2358//3 2290//3 2357//3
f 2230//3 2343//3 2344//3
f 2230//3 2342//3 2343//3
f 2359//3 2290//3 2358//3
f 2230//3 2341//3 2342//3
f 2230//3 2340//3 2341//3
f 2360//3 2290//3 2359//3
f 2154//3 1237//3 1238//3
f 2230//3 2339//3 2340//3
f 2361//3 2290//3 2360//3
f 2230//3 2338//3 2339//3
f 2154//4 1236//4 1237//4
f 2154//3 1235//3 1236//3
f 2154//3 1234//3 1235//3
f 2154//3 1233//3 1234//3
f 2154//3 1232//3 1233//3
f 2154//3 1231//3 1232//3
f 2154//3 1230//3 1231//3
f 2154//3 1229//3 1230//3
f 2154//3 1228//3 1229//3
f 2154//3 1227//3 1228//3
f 2154//3 1226//3 1227//3
f 2154//3 1225//3 1226//3
f 2154//3 1224//3 1225//3
f 2362//3 2290//3 2361//3
f 2362//3 2289//3 2290//3
f 1445//3 1950//3 1968//3
f 1950//3 1967//3 1968//3
f 2230//3 2337//3 2338//3
f 2231//3 2337//3 2230//3
f 2363//3 2289//3 2362//3
f 2231//3 2336//3 2337//3
f 2364//3 2289//3 2363//3
f 2155//3 1224//3 2154//3
f 2231//3 2335//3 2336//3
f 2155//3 1223//3 1224//3
f 2365//3 2289//3 2364//3
f 2231//3 2334//3 2335//3
f 2366//3 2289//3 2365//3
f 2155//3 1222//3 1223//3
f 1445//3 1949//3 1950//3
f 1951//3 1967//3 1950//3
f 1445//3 1948//3 1949//3
f 2231//3 2333//3 2334//3
f 2366//3 2288//3 2289//3
f 1446//3 1948//3 1445//3
f 1952//3 1967//3 1951//3
f 2232//3 2333//3 2231//3
f 1446//3 1947//3 1948//3
f 1953//3 1967//3 1952//3
f 1953//3 1966//3 1967//3
f 2367//3 2288//3 2366//3
f 1446//3 1946//3 1947//3
f 2155//3 1221//3 1222//3
f 2156//3 1221//3 2155//3
f 1954//3 1966//3 1953//3
f 2232//3 2332//3 2333//3
f 1955//3 1966//3 1954//3
f 1446//3 1945//3 1946//3
f 2156//3 1220//3 1221//3
f 2232//3 2331//3 2332//3
f 1956//3 1966//3 1955//3
f 2368//3 2288//3 2367//3
f 2156//3 1219//3 1220//3
f 1446//3 1944//3 1945//3
f 2156//3 1218//3 1219//3
f 2368//3 2287//3 2288//3
f 2233//3 2331//3 2232//3
f 1957//3 1966//3 1956//3
f 1202//3 1200//3 1201//3
f 1203//3 1200//3 1202//3
f 1204//3 1200//3 1203//3
f 1205//3 1200//3 1204//3
f 1206//3 1200//3 1205//3
f 1207//3 1200//3 1206//3
f 2156//3 1217//3 1218//3
f 1208//3 1200//3 1207//3
f 2233//3 2330//3 2331//3
f 1209//3 1200//3 1208//3
f 1210//3 1200//3 1209//3
f 1957//3 1965//3 1966//3
f 1211//3 1200//3 1210//3
f 1212//3 1200//3 1211//3
f 1213//3 1200//3 1212//3
f 1214//3 1200//3 1213//3
f 2156//3 1216//3 1217//3
f 1215//3 1200//3 1214//3
f 1216//3 1200//3 1215//3
f 2156//3 1200//3 1216//3
f 2156//3 1199//3 1200//3
f 2157//3 1199//3 2156//3
f 1958//3 1965//3 1957//3
f 2369//3 2287//3 2368//3
f 2157//3 1198//3 1199//3
f 2233//3 2329//3 2330//3
f 1446//3 1943//3 1944//3
f 1959//3 1965//3 1958//3
f 1447//3 1943//3 1446//3
f 1959//3 1964//3 1965//3
f 2370//3 2287//3 2369//3
f 1960//3 1964//3 1959//3
f 2157//3 1197//3 1198//3
f 2370//3 2286//3 2287//3
f 2158//3 1197//3 2157//3
f 2234//3 2329//3 2233//3
f 2234//3 2328//3 2329//3
f 1960//3 1963//3 1964//3
f 1961//3 1963//3 1960//3
f 1961//3 1962//3 1963//3
f 2371//3 2286//3 2370//3
f 1447//3 1942//3 1943//3
f 2234//3 2327//3 2328//3
f 2158//3 1196//3 1197//3
f 2159//3 1196//3 2158//3
f 2372//3 2286//3 2371//3
f 2372//3 2285//3 2286//3
f 2235//3 2327//3 2234//3
f 2235//3 2326//3 2327//3
f 2160//3 1196//3 2159//3
f 2373//3 2285//3 2372//3
f 2160//3 1195//3 1196//3
f 1447//3 1941//3 1942//3
f 1448//3 1941//3 1447//3
f 2235//3 2325//3 2326//3
f 2374//3 2285//3 2373//3
f 2161//3 1195//3 2160//3
f 2374//3 2284//3 2285//3
f 2236//3 2325//3 2235//3
f 2236//3 2324//3 2325//3
f 2162//3 1195//3 2161//3
f 2375//3 2284//3 2374//3
f 2162//3 1194//3 1195//3
f 1448//3 1940//3 1941//3
f 2376//3 2284//3 2375//3
f 2376//3 2283//3 2284//3
f 2236//3 2323//3 2324//3
f 2163//3 1194//3 2162//3
f 2237//3 2323//3 2236//3
f 2293//3 2283//3 2376//3
f 2237//3 2322//3 2323//3
f 2164//3 1194//3 2163//3
f 1449//3 1940//3 1448//3
f 2164//3 1193//3 1194//3
f 2294//3 2283//3 2293//3
f 2294//3 2282//3 2283//3
f 2237//3 2321//3 2322//3
f 2165//3 2185//3 2164//3
f 2185//3 1193//3 2164//3
f 2238//3 2321//3 2237//3
f 2295//3 2282//3 2294//3
f 1449//3 1939//3 1940//3
f 2166//3 2185//3 2165//3
f 2238//3 2320//3 2321//3
f 2167//3 2185//3 2166//3
f 2296//3 2282//3 2295//3
f 2168//3 2185//3 2167//3
f 2238//3 2319//3 2320//3
f 2168//3 2184//3 2185//3
f 2186//3 1193//3 2185//3
f 2168//3 2183//3 2184//3
f 2297//3 2282//3 2296//3
f 2168//3 2182//3 2183//3
f 2169//3 2182//3 2168//3
f 2169//3 2181//3 2182//3
f 2169//3 2180//3 2181//3
f 2169//3 2179//3 2180//3
f 2169//3 2178//3 2179//3
f 2169//3 2177//3 2178//3
f 2169//3 2176//3 2177//3
f 2169//3 2175//3 2176//3
f 2169//3 2174//3 2175//3
f 2169//3 2173//3 2174//3
f 2169//3 2172//3 2173//3
f 2170//3 2172//3 2169//3
f 2170//3 2171//3 2172//3
f 2187//3 1193//3 2186//3
f 2297//3 2281//3 2282//3
f 2298//3 2281//3 2297//3
f 2239//3 2319//3 2238//3
f 2188//3 1193//3 2187//3
f 2188//3 1192//3 1193//3
f 2239//3 2318//3 2319//3
f 2299//3 2281//3 2298//3
f 2239//3 2317//3 2318//3
f 2300//3 2281//3 2299//3
f 2189//3 1192//3 2188//3
f 2301//3 2281//3 2300//3
f 2239//3 2316//3 2317//3
f 1449//3 1938//3 1939//3
f 1450//3 1938//3 1449//3
f 2301//3 2280//3 2281//3
f 2302//3 2280//3 2301//3
f 2239//3 2315//3 2316//3
f 2240//3 2315//3 2239//3
f 2303//3 2280//3 2302//3
f 2190//3 1192//3 2189//3
f 2240//3 2314//3 2315//3
f 2304//3 2280//3 2303//3
f 2240//3 2313//3 2314//3
f 2305//3 2280//3 2304//3
f 2240//3 2312//3 2313//3
f 2306//3 2280//3 2305//3
f 2240//3 2311//3 2312//3
f 2307//3 2280//3 2306//3
f 2240//3 2310//3 2311//3
f 2308//3 2280//3 2307//3
f 2240//3 2309//3 2310//3
f 2309//3 2280//3 2308//3
f 2240//3 2280//3 2309//3
f 2240//3 2279//3 2280//3
f 2190//3 1191//3 1192//3
f 2191//3 1191//3 2190//3
f 2241//3 2279//3 2240//3
f 2241//3 2278//3 2279//3
f 1450//3 1937//3 1938//3
f 2192//3 1191//3 2191//3
f 2242//3 2278//3 2241//3
f 2242//3 2277//3 2278//3
f 1451//3 1937//3 1450//3
f 2243//3 2277//3 2242//3
f 2192//3 1190//3 1191//3
f 2193//3 1190//3 2192//3
f 2243//3 2276//3 2277//3
f 2244//3 2276//3 2243//3
f 2244//3 2275//3 2276//3
f 1451//3 1936//3 1937//3
f 2194//3 1190//3 2193//3
f 2245//3 2275//3 2244//3
f 2245//3 2274//3 2275//3
f 2194//3 1189//3 1190//3
f 2246//3 2274//3 2245//3
f 2246//3 2273//3 2274//3
f 2247//3 2273//3 2246//3
f 1452//3 1936//3 1451//3
f 2247//3 2272//3 2273//3
f 2195//3 1189//3 2194//3
f 2248//3 2272//3 2247//3
f 2249//3 2272//3 2248//3
f 2249//3 2271//3 2272//3
f 2250//3 2271//3 2249//3
f 1452//3 1935//3 1936//3
f 2250//3 2270//3 2271//3
f 2251//3 2270//3 2250//3
f 2252//3 2270//3 2251//3
f 2252//3 2269//3 2270//3
f 2253//3 2269//3 2252//3
f 2253//3 2268//3 2269//3
f 2254//3 2268//3 2253//3
f 2254//3 2267//3 2268//3
f 2254//3 2266//3 2267//3
f 2254//3 2265//3 2266//3
f 2195//3 1692//3 1189//3
f 2255//3 2265//3 2254//3
f 2255//3 2264//3 2265//3
f 2255//3 2263//3 2264//3
f 2196//3 1692//3 2195//3
f 2255//3 2262//3 2263//3
f 2256//3 2262//3 2255//3
f 2256//3 2261//3 2262//3
f 2256//3 2260//3 2261//3
f 2256//3 2259//3 2260//3
f 2257//3 2259//3 2256//3
f 2257//3 2258//3 2259//3
f 1453//3 1935//3 1452//3
f 1453//3 1934//3 1935//3
f 2197//3 1692//3 2196//3
f 2197//3 1691//3 1692//3
f 1747//3 1745//3 1746//3
f 1748//3 1745//3 1747//3
f 1748//3 1744//3 1745//3
f 1749//3 1744//3 1748//3
f 1749//3 1743//3 1744//3
f 1750//3 1743//3 1749//3
f 1750//3 1742//3 1743//3
f 1751//3 1742//3 1750//3
f 1751//3 1741//3 1742//3
f 1752//3 1741//3 1751//3
f 1752//3 1740//3 1741//3
f 1753//3 1740//3 1752//3
f 2198//3 1691//3 2197//3
f 1754//3 1740//3 1753//3
f 1754//3 1739//3 1740//3
f 2198//3 1690//3 1691//3
f 1453//3 1933//3 1934//3
f 1454//3 1933//3 1453//3
f 1874//3 1872//3 1873//3
f 1875//3 1872//3 1874//3
f 1875//3 1871//3 1872//3
f 1876//3 1871//3 1875//3
f 1876//3 1870//3 1871//3
f 1877//3 1870//3 1876//3
f 1878//3 1870//3 1877//3
f 1878//3 1869//3 1870//3
f 1755//3 1739//3 1754//3
f 1879//3 1869//3 1878//3
f 1755//3 1738//3 1739//3
f 1879//3 1868//3 1869//3
f 1880//3 1868//3 1879//3
f 1881//3 1868//3 1880//3
f 1881//3 1867//3 1868//3
f 1882//3 1867//3 1881//3
f 1882//3 1866//3 1867//3
f 1883//3 1866//3 1882//3
f 1884//3 1866//3 1883//3
f 1884//3 1865//3 1866//3
f 1885//3 1865//3 1884//3
f 2199//3 1690//3 2198//3
f 1885//3 1864//3 1865//3
f 1886//3 1864//3 1885//3
f 1886//3 1863//3 1864//3
f 1886//3 1862//3 1863//3
f 1755//3 1737//3 1738//3
f 1756//3 1737//3 1755//3
f 2199//3 1689//3 1690//3
f 1886//3 1861//3 1862//3
f 1887//3 1861//3 1886//3
f 1887//3 1860//3 1861//3
f 1454//3 1932//3 1933//3
f 1887//3 1859//3 1860//3
f 2200//3 1689//3 2199//3
f 1756//3 1736//3 1737//3
f 1455//3 1932//3 1454//3
f 1757//3 1628//3 1756//3
f 1628//3 1629//3 1756//3
f 1629//3 1736//3 1756//3
f 1888//3 1859//3 1887//3
f 1888//3 1858//3 1859//3
f 1888//3 1857//3 1858//3
f 2200//3 1688//3 1689//3
f 1757//3 1627//3 1628//3
f 1630//3 1736//3 1629//3
f 1757//3 1626//3 1627//3
f 1631//3 1736//3 1630//3
f 1757//3 1625//3 1626//3
f 1632//3 1736//3 1631//3
f 1757//3 1624//3 1625//3
f 1888//3 1856//3 1857//3
f 1757//3 1623//3 1624//3
f 1633//3 1736//3 1632//3
f 1889//3 1856//3 1888//3
f 1757//3 1622//3 1623//3
f 1634//3 1736//3 1633//3
f 1757//3 1621//3 1622//3
f 1455//3 1931//3 1932//3
f 1757//3 1620//3 1621//3
f 1758//3 1620//3 1757//3
f 1634//3 1735//3 1736//3
f 1635//3 1735//3 1634//3
f 2201//3 1688//3 2200//3
f 1889//3 1855//3 1856//3
f 1636//3 1735//3 1635//3
f 1889//3 1507//3 1855//3
f 1507//3 1508//3 1855//3
f 1508//3 1854//3 1855//3
f 1456//3 1931//3 1455//3
f 1637//3 1735//3 1636//3
f 1889//3 1506//3 1507//3
f 1509//3 1854//3 1508//3
f 1889//3 1505//3 1506//3
f 1890//3 1505//3 1889//3
f 1510//3 1854//3 1509//3
f 1890//3 1504//3 1505//3
f 1890//3 1503//3 1504//3
f 1511//3 1854//3 1510//3
f 1759//3 1620//3 1758//3
f 1890//3 1502//3 1503//3
f 2201//3 1687//3 1688//3
f 1512//3 1854//3 1511//3
f 1759//3 1619//3 1620//3
f 1890//3 1501//3 1502//3
f 1890//3 1500//3 1501//3
f 1637//3 1734//3 1735//3
f 1513//3 1854//3 1512//3
f 1513//3 1853//3 1854//3
f 1514//3 1853//3 1513//3
f 1638//3 1734//3 1637//3
f 1456//3 1930//3 1931//3
f 2202//3 1687//3 2201//3
f 1515//3 1853//3 1514//3
f 1890//3 1499//3 1500//3
f 1516//3 1853//3 1515//3
f 1516//3 1852//3 1853//3
f 1517//3 1852//3 1516//3
f 1891//3 1499//3 1890//3
f 1760//3 1619//3 1759//3
f 1639//3 1734//3 1638//3
f 1891//3 1498//3 1499//3
f 1518//3 1852//3 1517//3
f 1518//3 1851//3 1852//3
f 1519//3 1851//3 1518//3
f 1639//3 1733//3 1734//3
f 1760//3 1618//3 1619//3
f 1457//3 1930//3 1456//3
f 2202//3 1686//3 1687//3
f 1520//3 1851//3 1519//3
f 2203//3 1686//3 2202//3
f 1891//3 1497//3 1498//3
f 1520//3 1850//3 1851//3
f 1457//3 1929//3 1930//3
f 1521//3 1850//3 1520//3
f 1640//3 1733//3 1639//3
f 1761//3 1618//3 1760//3
f 1892//3 1497//3 1891//3
f 1522//3 1850//3 1521//3
f 1522//3 1849//3 1850//3
f 1523//3 1849//3 1522//3
f 1892//3 1496//3 1497//3
f 1640//3 1732//3 1733//3
f 1524//3 1849//3 1523//3
f 1524//3 1848//3 1849//3
f 2204//3 1686//3 2203//3
f 1641//3 1732//3 1640//3
f 1761//3 1617//3 1618//3
f 1458//3 1929//3 1457//3
f 2204//3 1685//3 1686//3
f 1525//3 1848//3 1524//3
f 1458//3 1928//3 1929//3
f 1762//3 1617//3 1761//3
f 1893//3 1496//3 1892//3
f 1893//3 1495//3 1496//3
f 1526//3 1848//3 1525//3
f 1526//3 1847//3 1848//3
f 1642//3 1732//3 1641//3
f 2205//3 1685//3 2204//3
f 1642//3 1731//3 1732//3
f 1893//3 1494//3 1495//3
f 1527//3 1847//3 1526//3
f 1763//3 1617//3 1762//3
f 1458//3 1927//3 1928//3
f 1459//3 1927//3 1458//3
f 2205//3 1684//3 1685//3
f 1894//3 1494//3 1893//3
f 1763//3 1616//3 1617//3
f 1527//3 1846//3 1847//3
f 2206//3 1684//3 2205//3
f 1894//3 1493//3 1494//3
f 1643//3 1731//3 1642//3
f 1528//3 1846//3 1527//3
f 1764//3 1616//3 1763//3
f 1459//3 1926//3 1927//3
f 1643//3 1730//3 1731//3
f 1460//3 1926//3 1459//3
f 1895//3 1493//3 1894//3
f 2206//3 1683//3 1684//3
f 1529//3 1846//3 1528//3
f 1529//3 1845//3 1846//3
f 1895//3 1492//3 1493//3
f 1764//3 1615//3 1616//3
f 2207//3 1683//3 2206//3
f 1644//3 1730//3 1643//3
f 1460//3 1925//3 1926//3
f 1765//3 1615//3 1764//3
f 1644//3 1729//3 1730//3
f 1461//3 1925//3 1460//3
f 1896//3 1492//3 1895//3
f 1530//3 1845//3 1529//3
f 1896//3 1491//3 1492//3
f 1530//3 1844//3 1845//3
f 2208//3 1683//3 2207//3
f 2208//3 1682//3 1683//3
f 1461//3 1924//3 1925//3
f 1766//3 1615//3 1765//3
f 1766//3 1614//3 1615//3
f 1645//3 1729//3 1644//3
f 1531//3 1844//3 1530//3
f 1462//3 1924//3 1461//3
f 1896//3 1490//3 1491//3
f 1531//3 1843//3 1844//3
f 1897//3 1490//3 1896//3
f 1693//3 1682//3 2208//3
f 1462//3 1923//3 1924//3
f 1645//3 1728//3 1729//3
f 1767//3 1614//3 1766//3
f 1693//3 1681//3 1682//3
f 1532//3 1843//3 1531//3
f 1645//3 1727//3 1728//3
f 1463//3 1923//3 1462//3
f 1897//3 1489//3 1490//3
f 1767//3 1613//3 1614//3
f 1532//3 1842//3 1843//3
f 1463//3 1922//3 1923//3
f 1694//3 1681//3 1693//3
f 1646//3 1727//3 1645//3
f 1768//3 1613//3 1767//3
f 1898//3 1489//3 1897//3
f 1533//3 1842//3 1532//3
f 1646//3 1726//3 1727//3
f 1463//3 1921//3 1922//3
f 1464//3 1921//3 1463//3
f 1647//3 1726//3 1646//3
f 1695//3 1681//3 1694//3
f 1769//3 1613//3 1768//3
f 1898//3 1488//3 1489//3
f 1695//3 1680//3 1681//3
f 1533//3 1841//3 1842//3
f 1899//3 1488//3 1898//3
f 1647//3 1725//3 1726//3
f 1534//3 1841//3 1533//3
f 1769//3 1612//3 1613//3
f 1464//3 1920//3 1921//3
f 1648//3 1725//3 1647//3
f 1696//3 1680//3 1695//3
f 1770//3 1612//3 1769//3
f 1900//3 1488//3 1899//3
f 1465//3 1920//3 1464//3
f 1900//3 1487//3 1488//3
f 1648//3 1724//3 1725//3
f 1534//3 1840//3 1841//3
f 1696//3 1679//3 1680//3
f 1535//3 1840//3 1534//3
f 1465//3 1919//3 1920//3
f 1697//3 1679//3 1696//3
f 1649//3 1724//3 1648//3
f 1901//3 1487//3 1900//3
f 1771//3 1612//3 1770//3
f 1649//3 1723//3 1724//3
f 1466//3 1919//3 1465//3
f 1901//3 1486//3 1487//3
f 1771//3 1611//3 1612//3
f 1698//3 1679//3 1697//3
f 1535//3 1839//3 1840//3
f 1466//3 1918//3 1919//3
f 1902//3 1486//3 1901//3
f 1536//3 1839//3 1535//3
f 1698//3 1678//3 1679//3
f 1649//3 1722//3 1723//3
f 1650//3 1722//3 1649//3
f 1772//3 1611//3 1771//3
f 1699//3 1678//3 1698//3
f 1467//3 1918//3 1466//3
f 1902//3 1485//3 1486//3
f 1467//3 1917//3 1918//3
f 1903//3 1485//3 1902//3
f 1650//3 1721//3 1722//3
f 1700//3 1678//3 1699//3
f 1536//3 1838//3 1839//3
f 1651//3 1721//3 1650//3
f 1773//3 1611//3 1772//3
f 1537//3 1838//3 1536//3
f 1700//3 1677//3 1678//3
f 1467//3 1916//3 1917//3
f 1904//3 1485//3 1903//3
f 1651//3 1720//3 1721//3
f 1773//3 1610//3 1611//3
f 1468//3 1916//3 1467//3
f 1701//3 1677//3 1700//3
f 1904//3 1484//3 1485//3
f 1468//3 1915//3 1916//3
f 1905//3 1484//3 1904//3
f 1651//3 1719//3 1720//3
f 1702//3 1677//3 1701//3
f 1652//3 1719//3 1651//3
f 1774//3 1610//3 1773//3
f 1702//3 1676//3 1677//3
f 1703//3 1676//3 1702//3
f 1652//3 1718//3 1719//3
f 1538//3 1838//3 1537//3
f 1538//3 1837//3 1838//3
f 1468//3 1914//3 1915//3
f 1906//3 1484//3 1905//3
f 1906//3 1483//3 1484//3
f 1469//3 1914//3 1468//3
f 1704//3 1676//3 1703//3
f 1652//3 1717//3 1718//3
f 1705//3 1676//3 1704//3
f 1652//3 1716//3 1717//3
f 1652//3 1715//3 1716//3
f 1652//3 1714//3 1715//3
f 1652//3 1713//3 1714//3
f 1652//3 1712//3 1713//3
f 1652//3 1711//3 1712//3
f 1652//3 1710//3 1711//3
f 1652//3 1709//3 1710//3
f 1652//3 1708//3 1709//3
f 1652//3 1707//3 1708//3
f 1652//3 1706//3 1707//3
f 1652//3 1705//3 1706//3
f 1652//3 1676//3 1705//3
f 1469//3 1913//3 1914//3
f 1907//3 1483//3 1906//3
f 1653//3 1676//3 1652//3
f 1653//3 1675//3 1676//3
f 1775//3 1610//3 1774//3
f 1469//3 1912//3 1913//3
f 1908//3 1483//3 1907//3
f 1775//3 1609//3 1610//3
f 1908//3 1482//3 1483//3
f 1470//3 1912//3 1469//3
f 1470//3 1911//3 1912//3
f 1909//3 1482//3 1908//3
f 1470//3 1910//3 1911//3
f 1910//3 1482//3 1909//3
f 1470//3 1482//3 1910//3
f 1653//3 1674//3 1675//3
f 1654//3 1674//3 1653//3
f 1539//3 1837//3 1538//3
f 1539//3 1836//3 1837//3
f 1470//3 1481//3 1482//3
f 1776//3 1609//3 1775//3
f 1471//3 1481//3 1470//3
f 1654//3 1673//3 1674//3
f 1655//3 1673//3 1654//3
f 1655//3 1672//3 1673//3
f 1471//3 1480//3 1481//3
f 1472//3 1480//3 1471//3
f 1656//3 1672//3 1655//3
f 1656//3 1671//3 1672//3
f 1539//3 1835//3 1836//3
f 1776//3 1608//3 1609//3
f 1777//3 1608//3 1776//3
f 1656//3 1670//3 1671//3
f 1657//3 1670//3 1656//3
f 1540//3 1835//3 1539//3
f 1472//3 1479//3 1480//3
f 1657//3 1669//3 1670//3
f 1473//3 1479//3 1472//3
f 1658//3 1669//3 1657//3
f 1659//3 1669//3 1658//3
f 1660//3 1669//3 1659//3
f 1661//3 1669//3 1660//3
f 1662//3 1669//3 1661//3
f 1663//3 1669//3 1662//3
f 1664//3 1669//3 1663//3
f 1665//3 1669//3 1664//3
f 1666//3 1669//3 1665//3
f 1667//4 1669//4 1666//4
f 1668//3 1669//3 1667//3
f 1777//3 1607//3 1608//3
f 1473//3 1478//3 1479//3
f 1474//3 1478//3 1473//3
f 1777//3 1606//3 1607//3
f 1474//3 1477//3 1478//3
f 1475//3 1477//3 1474//3
f 1778//3 1606//3 1777//3
f 1475//3 1476//3 1477//3
f 1778//3 1605//3 1606//3
f 1540//3 1834//3 1835//3
f 1779//3 1605//3 1778//3
f 1779//3 1604//3 1605//3
f 1541//3 1834//3 1540//3
f 1780//3 1604//3 1779//3
f 1780//3 1603//3 1604//3
f 1781//3 1603//3 1780//3
f 1781//3 1602//3 1603//3
f 1541//3 1833//3 1834//3
f 1782//3 1602//3 1781//3
f 1782//3 1601//3 1602//3
f 1783//3 1601//3 1782//3
f 1783//3 1600//3 1601//3
f 1542//3 1833//3 1541//3
f 1784//3 1600//3 1783//3
f 1784//3 1599//3 1600//3
f 1785//3 1599//3 1784//3
f 1785//3 1598//3 1599//3
f 1542//3 1832//3 1833//3
f 1786//3 1598//3 1785//3
f 1786//3 1597//3 1598//3
f 1787//3 1597//3 1786//3
f 1787//3 1596//3 1597//3
f 1788//3 1596//3 1787//3
f 1543//3 1832//3 1542//3
f 1789//3 1596//3 1788//3
f 1543//3 1831//3 1832//3
f 1790//3 1596//3 1789//3
f 1790//3 1595//3 1596//3
f 1791//3 1595//3 1790//3
f 1544//3 1831//3 1543//3
f 1544//3 1830//3 1831//3
f 1791//3 1594//3 1595//3
f 1792//3 1594//3 1791//3
f 1792//3 1593//3 1594//3
f 1544//3 1829//3 1830//3
f 1545//3 1829//3 1544//3
f 1793//3 1593//3 1792//3
f 1793//3 1592//3 1593//3
f 1794//3 1592//3 1793//3
f 1545//3 1828//3 1829//3
f 1546//3 1828//3 1545//3
f 1795//3 1592//3 1794//3
f 1795//3 1591//3 1592//3
f 1546//3 1827//3 1828//3
f 1796//3 1591//3 1795//3
f 1547//3 1827//3 1546//3
f 1796//3 1590//3 1591//3
f 1797//3 1590//3 1796//3
f 1547//3 1826//3 1827//3
f 1797//3 1589//3 1590//3
f 1798//3 1589//3 1797//3
f 1548//3 1826//3 1547//3
f 1548//3 1825//3 1826//3
f 1798//3 1588//3 1589//3
f 1799//3 1588//3 1798//3
f 1800//3 1588//3 1799//3
f 1549//3 1825//3 1548//3
f 1549//3 1824//3 1825//3
f 1800//3 1587//3 1588//3
f 1801//3 1587//3 1800//3
f 1549//3 1823//3 1824//3
f 1801//3 1586//3 1587//3
f 1802//3 1586//3 1801//3
f 1550//3 1823//3 1549//3
f 1550//3 1822//3 1823//3
f 1803//3 1586//3 1802//3
f 1803//3 1585//3 1586//3
f 1550//3 1821//3 1822//3
f 1551//3 1821//3 1550//3
f 1804//3 1585//3 1803//3
f 1551//3 1820//3 1821//3
f 1805//3 1585//3 1804//3
f 1805//3 1584//3 1585//3
f 1552//3 1820//3 1551//3
f 1552//3 1819//3 1820//3
f 1806//3 1584//3 1805//3
f 1806//3 1583//3 1584//3
f 1807//3 1583//3 1806//3
f 1552//3 1818//3 1819//3
f 1807//3 1582//3 1583//3
f 1808//3 1582//3 1807//3
f 1553//3 1818//3 1552//3
f 1553//3 1817//3 1818//3
f 1809//3 1582//3 1808//3
f 1553//3 1816//3 1817//3
f 1810//3 1582//3 1809//3
f 1810//3 1581//3 1582//3
f 1553//3 1815//3 1816//3
f 1811//3 1581//3 1810//3
f 1554//3 1815//3 1553//3
f 1554//3 1814//3 1815//3
f 1812//3 1581//3 1811//3
f 1813//3 1581//3 1812//3
f 1554//3 1813//3 1814//3
f 1554//3 1581//3 1813//3
f 1554//3 1580//3 1581//3
f 1555//3 1580//3 1554//3
f 1555//3 1579//3 1580//3
f 1556//3 1579//3 1555//3
f 1556//3 1578//3 1579//3
f 1556//3 1577//3 1578//3
f 1557//3 1577//3 1556//3
f 1557//3 1576//3 1577//3
f 1558//3 1576//3 1557//3
f 1558//3 1575//3 1576//3
f 1559//3 1575//3 1558//3
f 1559//3 1574//3 1575//3
f 1560//3 1574//3 1559//3
f 1560//3 1573//3 1574//3
f 1561//3 1573//3 1560//3
f 1561//3 1572//3 1573//3
f 1561//3 1571//3 1572//3
f 1561//3 1570//3 1571//3
f 1561//3 1569//3 1570//3
f 1561//3 1568//3 1569//3
f 1561//3 1567//3 1568//3
f 1561//3 1566//3 1567//3
f 1561//3 1565//3 1566//3
f 1561//3 1564//3 1565//3
f 1561//3 1563//3 1564//3
f 1561//3 1562//3 1563//3
