# Blender 5.1.2
# www.blender.org
mtllib flower_6.mtl
o flower_6
v 0.267522 -1.923056 0.000000
v 0.305824 -1.903435 0.000000
v 0.342326 -1.880545 0.000000
v 0.376956 -1.854483 0.000000
v 0.409639 -1.825345 0.000000
v 0.440302 -1.793231 0.000000
v 0.468872 -1.758236 0.000000
v 0.495275 -1.720458 0.000000
v 0.519438 -1.679994 0.000000
v 0.541288 -1.636942 0.000000
v 0.560750 -1.591398 0.000000
v 0.577752 -1.543460 0.000000
v 0.592220 -1.493225 0.000000
v 0.606809 -1.423247 0.000000
v 0.614822 -1.354390 0.000000
v 0.616900 -1.286667 0.000000
v 0.613687 -1.220090 0.000000
v 0.605826 -1.154671 0.000000
v 0.593960 -1.090421 0.000000
v 0.578732 -1.027352 0.000000
v 0.560785 -0.965477 0.000000
v 0.540761 -0.904806 0.000000
v 0.519304 -0.845352 0.000000
v 0.497057 -0.787127 0.000000
v 0.474663 -0.730142 0.000000
v 0.466573 -0.709646 0.000000
v 0.458579 -0.689325 0.000000
v 0.450703 -0.669163 0.000000
v 0.442965 -0.649145 0.000000
v 0.435386 -0.629255 0.000000
v 0.427988 -0.609477 0.000000
v 0.420791 -0.589795 0.000000
v 0.413817 -0.570194 0.000000
v 0.407087 -0.550658 0.000000
v 0.400621 -0.531171 0.000000
v 0.394440 -0.511717 0.000000
v 0.388567 -0.492282 0.000000
v 0.385790 -0.482272 0.000000
v 0.383302 -0.471937 0.000000
v 0.381220 -0.461428 0.000000
v 0.379661 -0.450896 0.000000
v 0.378742 -0.440491 0.000000
v 0.378580 -0.430364 0.000000
v 0.379294 -0.420667 0.000000
v 0.381000 -0.411550 0.000000
v 0.383815 -0.403164 0.000000
v 0.387858 -0.395660 0.000000
v 0.393244 -0.389189 0.000000
v 0.400092 -0.383902 0.000000
v 0.416937 -0.376525 0.000000
v 0.438200 -0.372075 0.000000
v 0.463319 -0.370652 0.000000
v 0.491736 -0.372356 0.000000
v 0.522891 -0.377289 0.000000
v 0.556224 -0.385550 0.000000
v 0.591175 -0.397240 0.000000
v 0.627185 -0.412459 0.000000
v 0.663695 -0.431308 0.000000
v 0.700144 -0.453887 0.000000
v 0.735973 -0.480297 0.000000
v 0.770621 -0.510637 0.000000
v 0.773929 -0.513806 0.000000
v 0.777335 -0.517089 0.000000
v 0.780838 -0.520483 0.000000
v 0.784437 -0.523986 0.000000
v 0.788131 -0.527596 0.000000
v 0.791919 -0.531310 0.000000
v 0.795801 -0.535125 0.000000
v 0.799775 -0.539039 0.000000
v 0.803840 -0.543050 0.000000
v 0.807996 -0.547155 0.000000
v 0.812242 -0.551351 0.000000
v 0.816576 -0.555636 0.000000
v 0.864722 -0.602972 0.000000
v 0.920083 -0.656056 0.000000
v 0.981892 -0.712756 0.000000
v 1.049386 -0.770936 0.000000
v 1.121799 -0.828465 0.000000
v 1.198367 -0.883208 0.000000
v 1.278325 -0.933032 0.000000
v 1.360908 -0.975802 0.000000
v 1.445352 -1.009386 0.000000
v 1.530891 -1.031650 0.000000
v 1.616762 -1.040460 0.000000
v 1.702199 -1.033683 0.000000
v 1.741312 -1.024722 0.000000
v 1.779101 -1.012159 0.000000
v 1.815553 -0.996004 0.000000
v 1.850657 -0.976269 0.000000
v 1.884400 -0.952966 0.000000
v 1.916769 -0.926104 0.000000
v 1.947753 -0.895697 0.000000
v 1.977339 -0.861754 0.000000
v 2.005515 -0.824287 0.000000
v 2.032269 -0.783308 0.000000
v 2.057587 -0.738828 0.000000
v 2.081459 -0.690857 0.000000
v 2.111241 -0.619385 0.000000
v 2.132608 -0.552035 0.000000
v 2.146284 -0.488748 0.000000
v 2.152992 -0.429463 0.000000
v 2.153457 -0.374120 0.000000
v 2.148402 -0.322659 0.000000
v 2.138552 -0.275019 0.000000
v 2.124630 -0.231141 0.000000
v 2.107360 -0.190964 0.000000
v 2.087466 -0.154428 0.000000
v 2.065672 -0.121472 0.000000
v 2.042701 -0.092037 0.000000
v 1.982584 -0.031397 0.000000
v 1.912377 0.020951 0.000000
v 1.833538 0.065187 0.000000
v 1.747525 0.101489 0.000000
v 1.655794 0.130036 0.000000
v 1.559803 0.151009 0.000000
v 1.461011 0.164585 0.000000
v 1.360873 0.170943 0.000000
v 1.260849 0.170264 0.000000
v 1.162396 0.162726 0.000000
v 1.066970 0.148507 0.000000
v 0.976031 0.127788 0.000000
v 0.913031 0.112337 0.000000
v 0.854299 0.101087 0.000000
v 0.799909 0.093759 0.000000
v 0.749932 0.090075 0.000000
v 0.704441 0.089756 0.000000
v 0.663507 0.092524 0.000000
v 0.627204 0.098099 0.000000
v 0.595604 0.106204 0.000000
v 0.568778 0.116559 0.000000
v 0.546800 0.128886 0.000000
v 0.529741 0.142906 0.000000
v 0.517674 0.158341 0.000000
v 0.513796 0.165346 0.000000
v 0.510666 0.171990 0.000000
v 0.508220 0.178279 0.000000
v 0.506391 0.184216 0.000000
v 0.505116 0.189807 0.000000
v 0.504331 0.195056 0.000000
v 0.503969 0.199967 0.000000
v 0.503968 0.204545 0.000000
v 0.504263 0.208794 0.000000
v 0.504788 0.212720 0.000000
v 0.505479 0.216326 0.000000
v 0.506272 0.219618 0.000000
v 0.509459 0.229300 0.000000
v 0.513987 0.239159 0.000000
v 0.519817 0.249156 0.000000
v 0.526910 0.259253 0.000000
v 0.535228 0.269409 0.000000
v 0.544732 0.279587 0.000000
v 0.555385 0.289747 0.000000
v 0.567147 0.299849 0.000000
v 0.579980 0.309856 0.000000
v 0.593846 0.319727 0.000000
v 0.608706 0.329424 0.000000
v 0.624522 0.338907 0.000000
v 0.632164 0.342802 0.000000
v 0.641513 0.346741 0.000000
v 0.652406 0.350717 0.000000
v 0.664677 0.354725 0.000000
v 0.678164 0.358758 0.000000
v 0.692702 0.362810 0.000000
v 0.708126 0.366876 0.000000
v 0.724274 0.370950 0.000000
v 0.740979 0.375024 0.000000
v 0.758079 0.379094 0.000000
v 0.775410 0.383153 0.000000
v 0.792807 0.387196 0.000000
v 0.847334 0.399967 0.000000
v 0.904914 0.414179 0.000000
v 0.964518 0.430326 0.000000
v 1.025115 0.448900 0.000000
v 1.085677 0.470395 0.000000
v 1.145172 0.495303 0.000000
v 1.202572 0.524118 0.000000
v 1.256847 0.557333 0.000000
v 1.306966 0.595440 0.000000
v 1.351900 0.638933 0.000000
v 1.390620 0.688305 0.000000
v 1.422095 0.744049 0.000000
v 1.424768 0.749913 0.000000
v 1.427360 0.755844 0.000000
v 1.429868 0.761840 0.000000
v 1.432292 0.767904 0.000000
v 1.434632 0.774035 0.000000
v 1.436885 0.780235 0.000000
v 1.439052 0.786504 0.000000
v 1.441132 0.792842 0.000000
v 1.443123 0.799251 0.000000
v 1.445026 0.805731 0.000000
v 1.446838 0.812283 0.000000
v 1.448559 0.818907 0.000000
v 1.456800 0.857944 0.000000
v 1.461882 0.896879 0.000000
v 1.463819 0.935655 0.000000
v 1.462623 0.974213 0.000000
v 1.458310 1.012494 0.000000
v 1.450894 1.050441 0.000000
v 1.440387 1.087995 0.000000
v 1.426803 1.125098 0.000000
v 1.410158 1.161692 0.000000
v 1.390463 1.197719 0.000000
v 1.367734 1.233120 0.000000
v 1.341984 1.267837 0.000000
v 1.306762 1.308641 0.000000
v 1.267740 1.347344 0.000000
v 1.225473 1.383658 0.000000
v 1.180513 1.417293 0.000000
v 1.133417 1.447960 0.000000
v 1.084740 1.475371 0.000000
v 1.035034 1.499236 0.000000
v 0.984856 1.519268 0.000000
v 0.934759 1.535176 0.000000
v 0.885299 1.546672 0.000000
v 0.837030 1.553467 0.000000
v 0.790507 1.555273 0.000000
v 0.706926 1.545715 0.000000
v 0.631413 1.521285 0.000000
v 0.563380 1.483751 0.000000
v 0.502241 1.434878 0.000000
v 0.447410 1.376433 0.000000
v 0.398299 1.310183 0.000000
v 0.354323 1.237893 0.000000
v 0.314894 1.161330 0.000000
v 0.279426 1.082261 0.000000
v 0.247332 1.002451 0.000000
v 0.218027 0.923668 0.000000
v 0.190923 0.847678 0.000000
v 0.182348 0.823482 0.000000
v 0.173844 0.799603 0.000000
v 0.165402 0.776131 0.000000
v 0.157014 0.753156 0.000000
v 0.148671 0.730768 0.000000
v 0.140365 0.709056 0.000000
v 0.132088 0.688111 0.000000
v 0.123830 0.668024 0.000000
v 0.115584 0.648883 0.000000
v 0.107340 0.630779 0.000000
v 0.099091 0.613803 0.000000
v 0.090828 0.598043 0.000000
v 0.080714 0.580969 0.000000
v 0.069953 0.565447 0.000000
v 0.058608 0.551516 0.000000
v 0.046744 0.539215 0.000000
v 0.034422 0.528585 0.000000
v 0.021707 0.519665 0.000000
v 0.008662 0.512494 0.000000
v -0.004650 0.507111 -0.000000
v -0.018166 0.503557 -0.000000
v -0.031823 0.501871 -0.000000
v -0.045556 0.502092 -0.000000
v -0.059304 0.504259 -0.000000
v -0.080699 0.511519 -0.000000
v -0.102538 0.523776 -0.000000
v -0.124447 0.541257 -0.000000
v -0.146050 0.564188 -0.000000
v -0.166973 0.592795 -0.000000
v -0.186840 0.627305 -0.000000
v -0.205277 0.667943 -0.000000
v -0.221909 0.714935 -0.000000
v -0.236360 0.768509 -0.000000
v -0.248256 0.828889 -0.000000
v -0.257222 0.896302 -0.000000
v -0.262883 0.970975 -0.000000
v -0.269338 1.057873 -0.000000
v -0.279873 1.141334 -0.000000
v -0.294414 1.221183 -0.000000
v -0.312886 1.297242 -0.000000
v -0.335213 1.369335 -0.000000
v -0.361321 1.437286 -0.000000
v -0.391135 1.500919 -0.000000
v -0.424579 1.560056 -0.000000
v -0.461580 1.614523 -0.000000
v -0.502062 1.664143 -0.000000
v -0.545950 1.708738 -0.000000
v -0.593170 1.748134 -0.000000
v -0.626640 1.771460 -0.000000
v -0.661275 1.792033 -0.000000
v -0.696974 1.809832 -0.000000
v -0.733631 1.824836 -0.000000
v -0.771145 1.837024 -0.000000
v -0.809410 1.846374 -0.000000
v -0.848325 1.852865 -0.000000
v -0.887784 1.856476 -0.000000
v -0.927685 1.857185 -0.000000
v -0.967925 1.854973 -0.000000
v -1.008399 1.849816 -0.000000
v -1.049005 1.841695 -0.000000
v -1.106555 1.824714 -0.000000
v -1.161292 1.801835 -0.000000
v -1.212905 1.773424 -0.000000
v -1.261082 1.739847 -0.000000
v -1.305511 1.701470 -0.000000
v -1.345881 1.658661 -0.000000
v -1.381879 1.611786 -0.000000
v -1.413195 1.561210 -0.000000
v -1.439517 1.507301 -0.000000
v -1.460532 1.450425 -0.000000
v -1.475930 1.390948 -0.000000
v -1.485398 1.329237 -0.000000
v -1.488640 1.265249 -0.000000
v -1.485249 1.202909 -0.000000
v -1.475379 1.142473 -0.000000
v -1.459183 1.084195 -0.000000
v -1.436817 1.028328 -0.000000
v -1.408434 0.975128 -0.000000
v -1.374188 0.924848 -0.000000
v -1.334234 0.877744 -0.000000
v -1.288725 0.834069 -0.000000
v -1.237815 0.794077 -0.000000
v -1.181658 0.758024 -0.000000
v -1.120409 0.726163 -0.000000
v -1.017862 0.675769 -0.000000
v -0.929986 0.627436 -0.000000
v -0.855649 0.581421 -0.000000
v -0.793721 0.537980 -0.000000
v -0.743070 0.497371 -0.000000
v -0.702563 0.459850 -0.000000
v -0.671068 0.425675 -0.000000
v -0.647455 0.395102 -0.000000
v -0.630590 0.368388 -0.000000
v -0.619343 0.345790 -0.000000
v -0.612581 0.327565 -0.000000
v -0.609173 0.313971 -0.000000
v -0.607936 0.305847 -0.000000
v -0.607332 0.297930 -0.000000
v -0.607366 0.290205 -0.000000
v -0.608042 0.282658 -0.000000
v -0.609364 0.275276 -0.000000
v -0.611337 0.268044 -0.000000
v -0.613966 0.260948 -0.000000
v -0.617255 0.253974 -0.000000
v -0.621208 0.247107 -0.000000
v -0.625829 0.240335 -0.000000
v -0.631124 0.233642 -0.000000
v -0.637097 0.227015 -0.000000
v -0.662880 0.206156 -0.000000
v -0.692813 0.192390 -0.000000
v -0.726425 0.185034 -0.000000
v -0.763250 0.183402 -0.000000
v -0.802818 0.186811 -0.000000
v -0.844661 0.194576 -0.000000
v -0.888310 0.206015 -0.000000
v -0.933297 0.220442 -0.000000
v -0.979152 0.237173 -0.000000
v -1.025407 0.255525 -0.000000
v -1.071594 0.274813 -0.000000
v -1.117243 0.294353 -0.000000
v -1.137646 0.303113 -0.000000
v -1.157855 0.311750 -0.000000
v -1.177866 0.320222 -0.000000
v -1.197675 0.328488 -0.000000
v -1.217276 0.336506 -0.000000
v -1.236665 0.344232 -0.000000
v -1.255837 0.351625 -0.000000
v -1.274787 0.358644 -0.000000
v -1.293511 0.365245 -0.000000
v -1.312004 0.371387 -0.000000
v -1.330261 0.377028 -0.000000
v -1.348277 0.382125 -0.000000
v -1.400206 0.393929 -0.000000
v -1.451223 0.401246 -0.000000
v -1.501155 0.404122 -0.000000
v -1.549833 0.402603 -0.000000
v -1.597086 0.396736 -0.000000
v -1.642745 0.386569 -0.000000
v -1.686638 0.372146 -0.000000
v -1.728595 0.353516 -0.000000
v -1.768447 0.330725 -0.000000
v -1.806022 0.303819 -0.000000
v -1.841150 0.272845 -0.000000
v -1.873661 0.237850 -0.000000
v -1.910811 0.187804 -0.000000
v -1.941983 0.133297 -0.000000
v -1.967150 0.074814 -0.000000
v -1.986281 0.012842 -0.000000
v -1.999350 -0.052132 -0.000000
v -2.006326 -0.119621 -0.000000
v -2.007184 -0.189138 -0.000000
v -2.001892 -0.260197 -0.000000
v -1.990424 -0.332312 -0.000000
v -1.972751 -0.404995 -0.000000
v -1.948843 -0.477760 -0.000000
v -1.918675 -0.550120 -0.000000
v -1.892212 -0.602505 -0.000000
v -1.862994 -0.651299 -0.000000
v -1.831128 -0.696416 -0.000000
v -1.796722 -0.737773 -0.000000
v -1.759884 -0.775285 -0.000000
v -1.720723 -0.808866 -0.000000
v -1.679346 -0.838432 -0.000000
v -1.635861 -0.863899 -0.000000
v -1.590376 -0.885182 -0.000000
v -1.543000 -0.902195 -0.000000
v -1.493840 -0.914855 -0.000000
v -1.443005 -0.923077 -0.000000
v -1.392051 -0.926641 -0.000000
v -1.340680 -0.925736 -0.000000
v -1.289332 -0.920534 -0.000000
v -1.238446 -0.911210 -0.000000
v -1.188461 -0.897938 -0.000000
v -1.139819 -0.880892 -0.000000
v -1.092958 -0.860245 -0.000000
v -1.048319 -0.836172 -0.000000
v -1.006342 -0.808846 -0.000000
v -0.967466 -0.778441 -0.000000
v -0.932131 -0.745131 -0.000000
v -0.900778 -0.709089 -0.000000
v -0.895976 -0.702899 -0.000000
v -0.891083 -0.696507 -0.000000
v -0.886102 -0.689925 -0.000000
v -0.881037 -0.683164 -0.000000
v -0.875891 -0.676237 -0.000000
v -0.870668 -0.669155 -0.000000
v -0.865372 -0.661930 -0.000000
v -0.860005 -0.654573 -0.000000
v -0.854571 -0.647096 -0.000000
v -0.849075 -0.639511 -0.000000
v -0.843518 -0.631830 -0.000000
v -0.837906 -0.624063 -0.000000
v -0.810945 -0.586858 -0.000000
v -0.781519 -0.547007 -0.000000
v -0.750038 -0.505842 -0.000000
v -0.716909 -0.464697 -0.000000
v -0.682542 -0.424904 -0.000000
v -0.647346 -0.387795 -0.000000
v -0.611728 -0.354704 -0.000000
v -0.576098 -0.326963 -0.000000
v -0.540865 -0.305905 -0.000000
v -0.506436 -0.292863 -0.000000
v -0.473222 -0.289168 -0.000000
v -0.441630 -0.296155 -0.000000
v -0.429320 -0.301679 -0.000000
v -0.417797 -0.307656 -0.000000
v -0.407056 -0.314093 -0.000000
v -0.397090 -0.320995 -0.000000
v -0.387892 -0.328369 -0.000000
v -0.379457 -0.336222 -0.000000
v -0.371777 -0.344560 -0.000000
v -0.364845 -0.353389 -0.000000
v -0.358656 -0.362716 -0.000000
v -0.353203 -0.372547 -0.000000
v -0.348479 -0.382889 -0.000000
v -0.344478 -0.393748 -0.000000
v -0.338211 -0.418739 -0.000000
v -0.334987 -0.445965 -0.000000
v -0.334779 -0.475329 -0.000000
v -0.337558 -0.506732 -0.000000
v -0.343298 -0.540079 -0.000000
v -0.351972 -0.575273 -0.000000
v -0.363552 -0.612215 -0.000000
v -0.378010 -0.650810 -0.000000
v -0.395321 -0.690960 -0.000000
v -0.415455 -0.732568 -0.000000
v -0.438386 -0.775536 -0.000000
v -0.464087 -0.819769 -0.000000
v -0.500813 -0.883787 -0.000000
v -0.533203 -0.946992 -0.000000
v -0.561237 -1.009294 -0.000000
v -0.584895 -1.070601 -0.000000
v -0.604157 -1.130824 -0.000000
v -0.619004 -1.189873 -0.000000
v -0.629416 -1.247656 -0.000000
v -0.635372 -1.304083 -0.000000
v -0.636852 -1.359064 -0.000000
v -0.633838 -1.412509 -0.000000
v -0.626308 -1.464326 -0.000000
v -0.614243 -1.514426 -0.000000
v -0.601373 -1.553178 -0.000000
v -0.585759 -1.590512 -0.000000
v -0.567412 -1.626414 -0.000000
v -0.546342 -1.660874 -0.000000
v -0.522562 -1.693879 -0.000000
v -0.496081 -1.725417 -0.000000
v -0.466909 -1.755477 -0.000000
v -0.435060 -1.784046 -0.000000
v -0.400541 -1.811112 -0.000000
v -0.363366 -1.836665 -0.000000
v -0.323544 -1.860690 -0.000000
v -0.281087 -1.883178 -0.000000
v -0.219427 -1.911225 -0.000000
v -0.160581 -1.933121 -0.000000
v -0.104574 -1.949363 -0.000000
v -0.051431 -1.960448 -0.000000
v -0.001178 -1.966872 -0.000000
v 0.046159 -1.969131 0.000000
v 0.090555 -1.967723 0.000000
v 0.131984 -1.963145 0.000000
v 0.170421 -1.955892 0.000000
v 0.205840 -1.946462 0.000000
v 0.238216 -1.935351 0.000000
v -0.209013 -1.737764 -0.000000
v -0.241187 -1.720791 -0.000000
v -0.271316 -1.702802 -0.000000
v -0.299395 -1.683808 -0.000000
v -0.325414 -1.663816 -0.000000
v -0.349366 -1.642836 -0.000000
v -0.371242 -1.620875 -0.000000
v -0.391036 -1.597944 -0.000000
v -0.408738 -1.574051 -0.000000
v -0.424340 -1.549204 -0.000000
v -0.437836 -1.523413 -0.000000
v -0.449216 -1.496685 -0.000000
v -0.458474 -1.469031 -0.000000
v -0.467668 -1.430117 -0.000000
v -0.473114 -1.389472 -0.000000
v -0.474829 -1.347167 -0.000000
v -0.472830 -1.303275 -0.000000
v -0.467134 -1.257868 -0.000000
v -0.457759 -1.211021 -0.000000
v -0.444722 -1.162804 -0.000000
v -0.428041 -1.113291 -0.000000
v -0.407731 -1.062555 -0.000000
v -0.383812 -1.010668 -0.000000
v -0.356299 -0.957703 -0.000000
v -0.325211 -0.903732 -0.000000
v -0.293284 -0.848451 -0.000000
v -0.265060 -0.794488 -0.000000
v -0.240556 -0.741916 -0.000000
v -0.219791 -0.690807 -0.000000
v -0.202781 -0.641233 -0.000000
v -0.189543 -0.593267 -0.000000
v -0.180094 -0.546982 -0.000000
v -0.174451 -0.502450 -0.000000
v -0.172633 -0.459744 -0.000000
v -0.174655 -0.418936 -0.000000
v -0.180535 -0.380100 -0.000000
v -0.190291 -0.343307 -0.000000
v -0.198359 -0.321381 -0.000000
v -0.207905 -0.300372 -0.000000
v -0.218905 -0.280306 -0.000000
v -0.231333 -0.261208 -0.000000
v -0.245166 -0.243105 -0.000000
v -0.260379 -0.226021 -0.000000
v -0.276946 -0.209982 -0.000000
v -0.294845 -0.195015 -0.000000
v -0.314049 -0.181143 -0.000000
v -0.334535 -0.168394 -0.000000
v -0.356278 -0.156792 -0.000000
v -0.379253 -0.146363 -0.000000
v -0.438897 -0.129088 -0.000000
v -0.497101 -0.126420 -0.000000
v -0.553728 -0.136660 -0.000000
v -0.608638 -0.158107 -0.000000
v -0.661693 -0.189060 -0.000000
v -0.712756 -0.227818 -0.000000
v -0.761687 -0.272681 -0.000000
v -0.808349 -0.321948 -0.000000
v -0.852603 -0.373918 -0.000000
v -0.894311 -0.426892 -0.000000
v -0.933335 -0.479167 -0.000000
v -0.969536 -0.529043 -0.000000
v -0.974914 -0.536483 -0.000000
v -0.980234 -0.543839 -0.000000
v -0.985489 -0.551094 -0.000000
v -0.990672 -0.558230 -0.000000
v -0.995776 -0.565233 -0.000000
v -1.000793 -0.572084 -0.000000
v -1.005716 -0.578768 -0.000000
v -1.010539 -0.585268 -0.000000
v -1.015253 -0.591568 -0.000000
v -1.019852 -0.597650 -0.000000
v -1.024328 -0.603498 -0.000000
v -1.028674 -0.609096 -0.000000
v -1.048149 -0.631474 -0.000000
v -1.071007 -0.653161 -0.000000
v -1.096969 -0.673838 -0.000000
v -1.125758 -0.693186 -0.000000
v -1.157095 -0.710887 -0.000000
v -1.190701 -0.726620 -0.000000
v -1.226299 -0.740067 -0.000000
v -1.263609 -0.750910 -0.000000
v -1.302353 -0.758829 -0.000000
v -1.342253 -0.763506 -0.000000
v -1.383030 -0.764621 -0.000000
v -1.424406 -0.761856 -0.000000
v -1.461360 -0.755860 -0.000000
v -1.497004 -0.746592 -0.000000
v -1.531292 -0.734088 -0.000000
v -1.564179 -0.718385 -0.000000
v -1.595620 -0.699520 -0.000000
v -1.625571 -0.677529 -0.000000
v -1.653985 -0.652449 -0.000000
v -1.680818 -0.624316 -0.000000
v -1.706025 -0.593167 -0.000000
v -1.729561 -0.559038 -0.000000
v -1.751380 -0.521967 -0.000000
v -1.771438 -0.481990 -0.000000
v -1.795753 -0.424077 -0.000000
v -1.815272 -0.366107 -0.000000
v -1.830008 -0.308461 -0.000000
v -1.839974 -0.251516 -0.000000
v -1.845183 -0.195652 -0.000000
v -1.845647 -0.141249 -0.000000
v -1.841381 -0.088685 -0.000000
v -1.832397 -0.038341 -0.000000
v -1.818709 0.009404 -0.000000
v -1.800330 0.054172 -0.000000
v -1.777272 0.095582 -0.000000
v -1.749549 0.133256 -0.000000
v -1.727770 0.156661 -0.000000
v -1.704237 0.177275 -0.000000
v -1.679033 0.195077 -0.000000
v -1.652238 0.210045 -0.000000
v -1.623934 0.222160 -0.000000
v -1.594203 0.231400 -0.000000
v -1.563126 0.237744 -0.000000
v -1.530786 0.241172 -0.000000
v -1.497264 0.241664 -0.000000
v -1.462641 0.239197 -0.000000
v -1.427000 0.233752 -0.000000
v -1.390422 0.225308 -0.000000
v -1.375091 0.220950 -0.000000
v -1.359291 0.216019 -0.000000
v -1.343049 0.210561 -0.000000
v -1.326390 0.204621 -0.000000
v -1.309342 0.198244 -0.000000
v -1.291931 0.191475 -0.000000
v -1.274184 0.184359 -0.000000
v -1.256126 0.176941 -0.000000
v -1.237785 0.169267 -0.000000
v -1.219187 0.161381 -0.000000
v -1.200359 0.153329 -0.000000
v -1.181327 0.145155 -0.000000
v -1.125792 0.121435 -0.000000
v -1.068564 0.097870 -0.000000
v -1.010173 0.075570 -0.000000
v -0.951150 0.055642 -0.000000
v -0.892023 0.039197 -0.000000
v -0.833324 0.027344 -0.000000
v -0.775583 0.021193 -0.000000
v -0.719329 0.021851 -0.000000
v -0.665092 0.030430 -0.000000
v -0.613403 0.048037 -0.000000
v -0.564791 0.075783 -0.000000
v -0.519787 0.114776 -0.000000
v -0.505101 0.131258 -0.000000
v -0.491993 0.148315 -0.000000
v -0.480470 0.165916 -0.000000
v -0.470543 0.184034 -0.000000
v -0.462220 0.202636 -0.000000
v -0.455511 0.221696 -0.000000
v -0.450426 0.241182 -0.000000
v -0.446972 0.261065 -0.000000
v -0.445160 0.281316 -0.000000
v -0.445000 0.301904 -0.000000
v -0.446499 0.322802 -0.000000
v -0.449668 0.343978 -0.000000
v -0.461691 0.388684 -0.000000
v -0.480913 0.433510 -0.000000
v -0.507257 0.478389 -0.000000
v -0.540645 0.523251 -0.000000
v -0.580997 0.568029 -0.000000
v -0.628236 0.612653 -0.000000
v -0.682284 0.657056 -0.000000
v -0.743063 0.701167 -0.000000
v -0.810495 0.744919 -0.000000
v -0.884500 0.788243 -0.000000
v -0.965002 0.831070 -0.000000
v -1.051923 0.873332 -0.000000
v -1.097428 0.896934 -0.000000
v -1.139164 0.923520 -0.000000
v -1.177017 0.952906 -0.000000
v -1.210870 0.984904 -0.000000
v -1.240609 1.019331 -0.000000
v -1.266119 1.056001 -0.000000
v -1.287285 1.094728 -0.000000
v -1.303993 1.135327 -0.000000
v -1.316127 1.177613 -0.000000
v -1.323573 1.221400 -0.000000
v -1.326215 1.266503 -0.000000
v -1.323939 1.312737 -0.000000
v -1.317099 1.357536 -0.000000
v -1.306028 1.400692 -0.000000
v -1.290950 1.441942 -0.000000
v -1.272086 1.481021 -0.000000
v -1.249660 1.517664 -0.000000
v -1.223896 1.551606 -0.000000
v -1.195016 1.582582 -0.000000
v -1.163242 1.610328 -0.000000
v -1.128799 1.634579 -0.000000
v -1.091910 1.655071 -0.000000
v -1.052796 1.671537 -0.000000
v -1.011681 1.683715 -0.000000
v -0.982686 1.689556 -0.000000
v -0.953960 1.693316 -0.000000
v -0.925547 1.695006 -0.000000
v -0.897486 1.694631 -0.000000
v -0.869821 1.692202 -0.000000
v -0.842593 1.687726 -0.000000
v -0.815843 1.681212 -0.000000
v -0.789612 1.672667 -0.000000
v -0.763943 1.662101 -0.000000
v -0.738877 1.649522 -0.000000
v -0.714455 1.634937 -0.000000
v -0.690719 1.618356 -0.000000
v -0.652964 1.586620 -0.000000
v -0.617846 1.550227 -0.000000
v -0.585427 1.509326 -0.000000
v -0.555765 1.464067 -0.000000
v -0.528923 1.414597 -0.000000
v -0.504959 1.361067 -0.000000
v -0.483934 1.303624 -0.000000
v -0.465909 1.242418 -0.000000
v -0.450944 1.177597 -0.000000
v -0.439098 1.109310 -0.000000
v -0.430433 1.037707 -0.000000
v -0.425009 0.962935 -0.000000
v -0.418573 0.879621 -0.000000
v -0.407854 0.801239 -0.000000
v -0.392991 0.728051 -0.000000
v -0.374122 0.660317 -0.000000
v -0.351388 0.598298 -0.000000
v -0.324926 0.542254 -0.000000
v -0.294875 0.492446 -0.000000
v -0.261376 0.449133 -0.000000
v -0.224565 0.412578 -0.000000
v -0.184584 0.383039 -0.000000
v -0.141569 0.360779 -0.000000
v -0.095661 0.346056 -0.000000
v -0.063750 0.340695 -0.000000
v -0.032089 0.339246 -0.000000
v -0.000851 0.341619 -0.000000
v 0.029795 0.347724 0.000000
v 0.059678 0.357470 0.000000
v 0.088626 0.370767 0.000000
v 0.116470 0.387525 0.000000
v 0.143039 0.407653 0.000000
v 0.168161 0.431062 0.000000
v 0.191666 0.457661 0.000000
v 0.213384 0.487359 0.000000
v 0.233143 0.520067 0.000000
v 0.242903 0.538586 0.000000
v 0.252487 0.558114 0.000000
v 0.261919 0.578581 0.000000
v 0.271223 0.599918 0.000000
v 0.280422 0.622054 0.000000
v 0.289541 0.644919 0.000000
v 0.298603 0.668443 0.000000
v 0.307632 0.692556 0.000000
v 0.316652 0.717189 0.000000
v 0.325687 0.742270 0.000000
v 0.334761 0.767731 0.000000
v 0.343898 0.793501 0.000000
v 0.367906 0.860936 0.000000
v 0.393214 0.929716 0.000000
v 0.420166 0.998483 0.000000
v 0.449105 1.065881 0.000000
v 0.480374 1.130552 0.000000
v 0.514317 1.191141 0.000000
v 0.551275 1.246290 0.000000
v 0.591594 1.294644 0.000000
v 0.635615 1.334844 0.000000
v 0.683682 1.365536 0.000000
v 0.736138 1.385361 0.000000
v 0.793326 1.392964 0.000000
v 0.823599 1.391653 0.000000
v 0.856606 1.386791 0.000000
v 0.891790 1.378487 0.000000
v 0.928597 1.366852 0.000000
v 0.966471 1.351993 0.000000
v 1.004858 1.334021 0.000000
v 1.043200 1.313045 0.000000
v 1.080945 1.289174 0.000000
v 1.117535 1.262517 0.000000
v 1.152417 1.233185 0.000000
v 1.185034 1.201285 0.000000
v 1.214830 1.166928 0.000000
v 1.233134 1.142380 0.000000
v 1.249274 1.117589 0.000000
v 1.263248 1.092564 0.000000
v 1.275054 1.067316 0.000000
v 1.284688 1.041856 0.000000
v 1.292149 1.016194 0.000000
v 1.297434 0.990339 0.000000
v 1.300541 0.964302 0.000000
v 1.301466 0.938093 0.000000
v 1.300209 0.911723 0.000000
v 1.296765 0.885201 0.000000
v 1.291132 0.858539 0.000000
v 1.273895 0.811110 0.000000
v 1.248155 0.768929 0.000000
v 1.214970 0.731583 0.000000
v 1.175400 0.698662 0.000000
v 1.130505 0.669756 0.000000
v 1.081342 0.644455 0.000000
v 1.028972 0.622347 0.000000
v 0.974454 0.603023 0.000000
v 0.918846 0.586072 0.000000
v 0.863208 0.571083 0.000000
v 0.808599 0.557645 0.000000
v 0.756078 0.545349 0.000000
v 0.733470 0.540097 0.000000
v 0.711689 0.534978 0.000000
v 0.690753 0.529941 0.000000
v 0.670682 0.524934 0.000000
v 0.651496 0.519903 0.000000
v 0.633213 0.514798 0.000000
v 0.615852 0.509564 0.000000
v 0.599434 0.504150 0.000000
v 0.583977 0.498503 0.000000
v 0.569501 0.492572 0.000000
v 0.556026 0.486303 0.000000
v 0.543569 0.479644 0.000000
v 0.522308 0.466885 0.000000
v 0.502152 0.453715 0.000000
v 0.483115 0.440150 0.000000
v 0.465212 0.426208 0.000000
v 0.448457 0.411903 0.000000
v 0.432864 0.397252 0.000000
v 0.418448 0.382272 0.000000
v 0.405223 0.366978 0.000000
v 0.393204 0.351386 0.000000
v 0.382405 0.335513 0.000000
v 0.372841 0.319374 0.000000
v 0.364526 0.302987 0.000000
v 0.362941 0.299519 0.000000
v 0.361411 0.296041 0.000000
v 0.359939 0.292555 0.000000
v 0.358523 0.289059 0.000000
v 0.357163 0.285554 0.000000
v 0.355860 0.282039 0.000000
v 0.354612 0.278516 0.000000
v 0.353421 0.274983 0.000000
v 0.352286 0.271441 0.000000
v 0.351207 0.267889 0.000000
v 0.350183 0.264328 0.000000
v 0.349216 0.260758 0.000000
v 0.345699 0.245191 0.000000
v 0.343273 0.229564 0.000000
v 0.341932 0.213902 0.000000
v 0.341675 0.198229 0.000000
v 0.342496 0.182569 0.000000
v 0.344393 0.166947 0.000000
v 0.347361 0.151385 0.000000
v 0.351398 0.135909 0.000000
v 0.356499 0.120543 0.000000
v 0.362661 0.105310 0.000000
v 0.369880 0.090236 0.000000
v 0.378153 0.075343 0.000000
v 0.403512 0.040211 0.000000
v 0.434861 0.009742 0.000000
v 0.471932 -0.016023 0.000000
v 0.514453 -0.037037 0.000000
v 0.562155 -0.053259 0.000000
v 0.614767 -0.064643 0.000000
v 0.672020 -0.071146 0.000000
v 0.733642 -0.072723 0.000000
v 0.799364 -0.069332 0.000000
v 0.868915 -0.060928 0.000000
v 0.942024 -0.047466 0.000000
v 1.018423 -0.028905 0.000000
v 1.095231 -0.011330 0.000000
v 1.176177 0.001018 0.000000
v 1.259921 0.007987 0.000000
v 1.345123 0.009424 0.000000
v 1.430444 0.005175 0.000000
v 1.514545 -0.004912 0.000000
v 1.596085 -0.020990 0.000000
v 1.673725 -0.043213 0.000000
v 1.746125 -0.071733 0.000000
v 1.811946 -0.106703 0.000000
v 1.869848 -0.148277 0.000000
v 1.918491 -0.196607 0.000000
v 1.939550 -0.224471 0.000000
v 1.957021 -0.253767 0.000000
v 1.970903 -0.284480 0.000000
v 1.981195 -0.316596 0.000000
v 1.987897 -0.350101 0.000000
v 1.991009 -0.384981 0.000000
v 1.990531 -0.421223 0.000000
v 1.986462 -0.458811 0.000000
v 1.978802 -0.497733 0.000000
v 1.967550 -0.537974 0.000000
v 1.952707 -0.579520 0.000000
v 1.934271 -0.622356 0.000000
v 1.916636 -0.658083 0.000000
v 1.898227 -0.691152 0.000000
v 1.879053 -0.721555 0.000000
v 1.859122 -0.749286 0.000000
v 1.838442 -0.774335 0.000000
v 1.817023 -0.796695 0.000000
v 1.794871 -0.816357 0.000000
v 1.771997 -0.833313 0.000000
v 1.748407 -0.847556 0.000000
v 1.724112 -0.859077 0.000000
v 1.699118 -0.867868 0.000000
v 1.673434 -0.873922 0.000000
v 1.607611 -0.877837 0.000000
v 1.539277 -0.867811 0.000000
v 1.469397 -0.845840 0.000000
v 1.398941 -0.813921 0.000000
v 1.328875 -0.774052 0.000000
v 1.260166 -0.728230 0.000000
v 1.193783 -0.678454 0.000000
v 1.130691 -0.626720 0.000000
v 1.071860 -0.575026 0.000000
v 1.018255 -0.525369 0.000000
v 0.970845 -0.479747 0.000000
v 0.930596 -0.440157 0.000000
v 0.926072 -0.435693 0.000000
v 0.921642 -0.431321 0.000000
v 0.917305 -0.427043 0.000000
v 0.913063 -0.422862 0.000000
v 0.908916 -0.418781 0.000000
v 0.904867 -0.414803 0.000000
v 0.900916 -0.410931 0.000000
v 0.897063 -0.407167 0.000000
v 0.893310 -0.403515 0.000000
v 0.889659 -0.399976 0.000000
v 0.886109 -0.396555 0.000000
v 0.882663 -0.393253 0.000000
v 0.837613 -0.353831 0.000000
v 0.789892 -0.318743 0.000000
v 0.740180 -0.288166 0.000000
v 0.689160 -0.262278 0.000000
v 0.637511 -0.241256 0.000000
v 0.585916 -0.225279 0.000000
v 0.535055 -0.214524 0.000000
v 0.485609 -0.209168 0.000000
v 0.438260 -0.209389 0.000000
v 0.393689 -0.215365 0.000000
v 0.352576 -0.227274 0.000000
v 0.315603 -0.245293 0.000000
v 0.303887 -0.253025 0.000000
v 0.290732 -0.263214 0.000000
v 0.276833 -0.276032 0.000000
v 0.262884 -0.291651 0.000000
v 0.249579 -0.310242 0.000000
v 0.237613 -0.331979 0.000000
v 0.227681 -0.357034 0.000000
v 0.220476 -0.385578 0.000000
v 0.216693 -0.417784 0.000000
v 0.217027 -0.453824 0.000000
v 0.222171 -0.493871 0.000000
v 0.232821 -0.538097 0.000000
v 0.239222 -0.559280 0.000000
v 0.245948 -0.580460 0.000000
v 0.252967 -0.601626 0.000000
v 0.260243 -0.622766 0.000000
v 0.267743 -0.643873 0.000000
v 0.275433 -0.664934 0.000000
v 0.283280 -0.685940 0.000000
v 0.291248 -0.706881 0.000000
v 0.299305 -0.727746 0.000000
v 0.307417 -0.748526 0.000000
v 0.315548 -0.769209 0.000000
v 0.323667 -0.789787 0.000000
v 0.345418 -0.845087 0.000000
v 0.366489 -0.899989 0.000000
v 0.386405 -0.954612 0.000000
v 0.404687 -1.009070 0.000000
v 0.420860 -1.063482 0.000000
v 0.434447 -1.117964 0.000000
v 0.444970 -1.172633 0.000000
v 0.451955 -1.227606 0.000000
v 0.454923 -1.283000 0.000000
v 0.453399 -1.338932 0.000000
v 0.446906 -1.395518 0.000000
v 0.434966 -1.452876 0.000000
v 0.424003 -1.491233 0.000000
v 0.411293 -1.527749 0.000000
v 0.396891 -1.562348 0.000000
v 0.380849 -1.594959 0.000000
v 0.363220 -1.625509 0.000000
v 0.344059 -1.653923 0.000000
v 0.323418 -1.680129 0.000000
v 0.301350 -1.704053 0.000000
v 0.277908 -1.725622 0.000000
v 0.253147 -1.744763 0.000000
v 0.227119 -1.761402 0.000000
v 0.199877 -1.775467 0.000000
v 0.171003 -1.787084 0.000000
v 0.141006 -1.796002 0.000000
v 0.109940 -1.802224 0.000000
v 0.077857 -1.805757 0.000000
v 0.044812 -1.806604 0.000000
v 0.010856 -1.804772 0.000000
v -0.023957 -1.800264 -0.000000
v -0.059573 -1.793085 -0.000000
v -0.095940 -1.783241 -0.000000
v -0.133005 -1.770736 -0.000000
v -0.170714 -1.755576 -0.000000
v -0.113988 -0.123826 -0.000000
v -0.159558 -0.097639 -0.000000
v -0.194666 -0.069619 -0.000000
v -0.220190 -0.040283 -0.000000
v -0.237007 -0.010150 -0.000000
v -0.245992 0.020261 -0.000000
v -0.248024 0.050432 -0.000000
v -0.243978 0.079844 -0.000000
v -0.234732 0.107979 -0.000000
v -0.221163 0.134318 -0.000000
v -0.204147 0.158344 -0.000000
v -0.184561 0.179536 -0.000000
v -0.163282 0.197378 -0.000000
v -0.139220 0.210438 -0.000000
v -0.111493 0.217792 -0.000000
v -0.081286 0.219703 -0.000000
v -0.049785 0.216432 -0.000000
v -0.018176 0.208241 -0.000000
v 0.012355 0.195393 0.000000
v 0.040622 0.178148 0.000000
v 0.065438 0.156768 0.000000
v 0.085619 0.131516 0.000000
v 0.099977 0.102654 0.000000
v 0.107328 0.070442 0.000000
v 0.106484 0.035143 0.000000
v 0.099259 0.000341 0.000000
v 0.088550 -0.030544 0.000000
v 0.074793 -0.057509 0.000000
v 0.058426 -0.080556 0.000000
v 0.039886 -0.099684 0.000000
v 0.019611 -0.114893 0.000000
v -0.001962 -0.126182 -0.000000
v -0.024395 -0.133552 -0.000000
v -0.047252 -0.137001 -0.000000
v -0.070095 -0.136530 -0.000000
v -0.092486 -0.132139 -0.000000
vn -0.0000 -0.0000 1.0000
s 0
usemtl SVGMat.008
f 103//1 101//1 102//1
f 103//1 100//1 101//1
f 104//1 100//1 103//1
f 104//1 99//1 100//1
f 105//1 99//1 104//1
f 105//1 98//1 99//1
f 106//1 98//1 105//1
f 106//1 97//1 98//1
f 107//1 97//1 106//1
f 108//1 97//1 107//1
f 108//1 96//1 97//1
f 109//1 96//1 108//1
f 109//1 95//1 96//1
f 110//1 95//1 109//1
f 110//1 94//1 95//1
f 110//1 871//1 94//1
f 871//1 872//1 94//1
f 872//1 93//1 94//1
f 110//1 870//1 871//1
f 873//1 93//1 872//1
f 110//1 869//1 870//1
f 874//1 93//1 873//1
f 111//1 869//1 110//1
f 111//1 868//1 869//1
f 875//1 93//1 874//1
f 875//1 92//1 93//1
f 111//1 867//1 868//1
f 876//1 92//1 875//1
f 111//1 866//1 867//1
f 877//1 92//1 876//1
f 877//1 91//1 92//1
f 111//1 865//1 866//1
f 878//1 91//1 877//1
f 111//1 864//1 865//1
f 878//1 90//1 91//1
f 879//1 90//1 878//1
f 112//1 864//1 111//1
f 880//1 90//1 879//1
f 880//1 89//1 90//1
f 881//1 89//1 880//1
f 112//1 863//1 864//1
f 882//1 89//1 881//1
f 882//1 88//1 89//1
f 883//1 88//1 882//1
f 113//1 863//1 112//1
f 884//1 88//1 883//1
f 884//1 87//1 88//1
f 113//1 862//1 863//1
f 885//1 87//1 884//1
f 885//1 86//1 87//1
f 886//1 86//1 885//1
f 887//1 86//1 886//1
f 114//1 862//1 113//1
f 114//1 861//1 862//1
f 887//1 85//1 86//1
f 888//1 85//1 887//1
f 888//1 84//1 85//1
f 889//1 84//1 888//1
f 114//1 860//1 861//1
f 890//1 84//1 889//1
f 115//1 860//1 114//1
f 890//1 83//1 84//1
f 891//1 83//1 890//1
f 115//1 859//1 860//1
f 116//1 859//1 115//1
f 892//1 83//1 891//1
f 892//1 82//1 83//1
f 116//1 858//1 859//1
f 893//1 82//1 892//1
f 197//1 195//1 196//1
f 198//1 195//1 197//1
f 198//1 194//1 195//1
f 117//1 858//1 116//1
f 199//1 194//1 198//1
f 199//1 193//1 194//1
f 200//1 193//1 199//1
f 200//1 192//1 193//1
f 200//1 191//1 192//1
f 893//1 81//1 82//1
f 200//1 190//1 191//1
f 200//1 189//1 190//1
f 200//1 188//1 189//1
f 201//1 188//1 200//1
f 201//1 187//1 188//1
f 201//1 186//1 187//1
f 201//1 185//1 186//1
f 201//1 184//1 185//1
f 117//1 857//1 858//1
f 201//1 183//1 184//1
f 201//1 182//1 183//1
f 202//1 182//1 201//1
f 202//1 181//1 182//1
f 202//1 180//1 181//1
f 203//1 180//1 202//1
f 894//1 81//1 893//1
f 203//1 179//1 180//1
f 204//1 179//1 203//1
f 205//1 179//1 204//1
f 894//1 80//1 81//1
f 118//1 857//1 117//1
f 205//1 178//1 179//1
f 118//1 856//1 857//1
f 206//1 178//1 205//1
f 895//1 80//1 894//1
f 206//1 778//1 178//1
f 778//1 779//1 178//1
f 779//1 177//1 178//1
f 207//1 777//1 206//1
f 777//1 778//1 206//1
f 207//1 776//1 777//1
f 780//1 177//1 779//1
f 207//1 775//1 776//1
f 781//1 177//1 780//1
f 207//1 774//1 775//1
f 782//1 177//1 781//1
f 207//1 773//1 774//1
f 895//1 79//1 80//1
f 207//1 772//1 773//1
f 783//1 177//1 782//1
f 208//1 772//1 207//1
f 208//1 771//1 772//1
f 119//1 856//1 118//1
f 896//1 79//1 895//1
f 119//1 855//1 856//1
f 783//1 176//1 177//1
f 208//1 770//1 771//1
f 784//1 176//1 783//1
f 208//1 769//1 770//1
f 209//1 769//1 208//1
f 785//1 176//1 784//1
f 209//1 768//1 769//1
f 785//1 175//1 176//1
f 896//1 78//1 79//1
f 897//1 78//1 896//1
f 209//1 767//1 768//1
f 210//1 767//1 209//1
f 119//1 854//1 855//1
f 786//1 175//1 785//1
f 120//1 854//1 119//1
f 210//1 766//1 767//1
f 786//1 174//1 175//1
f 211//1 766//1 210//1
f 898//1 78//1 897//1
f 787//1 174//1 786//1
f 898//1 77//1 78//1
f 211//1 765//1 766//1
f 120//1 853//1 854//1
f 787//1 173//1 174//1
f 212//1 765//1 211//1
f 788//1 173//1 787//1
f 212//1 764//1 765//1
f 899//1 77//1 898//1
f 121//1 853//1 120//1
f 899//1 76//1 77//1
f 212//1 763//1 764//1
f 213//1 763//1 212//1
f 789//1 173//1 788//1
f 789//1 172//1 173//1
f 121//1 852//1 853//1
f 900//1 76//1 899//1
f 213//1 762//1 763//1
f 214//1 762//1 213//1
f 900//1 75//1 76//1
f 122//1 852//1 121//1
f 790//1 172//1 789//1
f 901//1 75//1 900//1
f 214//1 761//1 762//1
f 790//1 171//1 172//1
f 122//1 851//1 852//1
f 215//1 761//1 214//1
f 902//1 75//1 901//1
f 215//1 760//1 761//1
f 903//1 75//1 902//1
f 904//1 75//1 903//1
f 904//1 74//1 75//1
f 791//1 171//1 790//1
f 905//1 74//1 904//1
f 906//1 74//1 905//1
f 123//1 851//1 122//1
f 907//1 74//1 906//1
f 791//1 170//1 171//1
f 908//1 74//1 907//1
f 909//1 74//1 908//1
f 910//1 74//1 909//1
f 911//1 74//1 910//1
f 215//1 759//1 760//1
f 912//1 74//1 911//1
f 913//1 74//1 912//1
f 216//1 759//1 215//1
f 914//1 74//1 913//1
f 123//1 850//1 851//1
f 914//1 73//1 74//1
f 792//1 170//1 791//1
f 216//1 758//1 759//1
f 124//1 850//1 123//1
f 792//1 169//1 170//1
f 915//1 73//1 914//1
f 217//1 758//1 216//1
f 217//1 757//1 758//1
f 915//1 72//1 73//1
f 915//1 71//1 72//1
f 793//1 169//1 792//1
f 915//1 70//1 71//1
f 915//1 69//1 70//1
f 125//1 850//1 124//1
f 915//1 68//1 69//1
f 125//1 849//1 850//1
f 915//1 67//1 68//1
f 217//1 756//1 757//1
f 793//1 168//1 169//1
f 915//1 66//1 67//1
f 218//1 756//1 217//1
f 916//1 66//1 915//1
f 916//1 65//1 66//1
f 916//1 64//1 65//1
f 916//1 63//1 64//1
f 916//1 62//1 63//1
f 793//1 167//1 168//1
f 916//1 61//1 62//1
f 916//1 60//1 61//1
f 793//1 166//1 167//1
f 794//1 166//1 793//1
f 126//1 849//1 125//1
f 794//1 165//1 166//1
f 917//1 60//1 916//1
f 218//1 755//1 756//1
f 917//1 59//1 60//1
f 126//1 848//1 849//1
f 795//1 165//1 794//1
f 795//1 164//1 165//1
f 796//1 164//1 795//1
f 796//1 163//1 164//1
f 219//1 755//1 218//1
f 127//1 848//1 126//1
f 917//1 58//1 59//1
f 796//1 162//1 163//1
f 797//1 162//1 796//1
f 918//1 58//1 917//1
f 219//1 754//1 755//1
f 797//1 161//1 162//1
f 127//1 847//1 848//1
f 798//1 161//1 797//1
f 798//1 160//1 161//1
f 918//1 57//1 58//1
f 128//1 847//1 127//1
f 798//1 159//1 160//1
f 799//1 159//1 798//1
f 799//1 158//1 159//1
f 919//1 57//1 918//1
f 219//1 753//1 754//1
f 800//1 158//1 799//1
f 800//1 157//1 158//1
f 220//1 753//1 219//1
f 129//1 847//1 128//1
f 919//1 56//1 57//1
f 800//1 156//1 157//1
f 17//1 15//1 16//1
f 801//1 156//1 800//1
f 17//1 14//1 15//1
f 129//1 846//1 847//1
f 18//1 14//1 17//1
f 801//1 155//1 156//1
f 18//1 13//1 14//1
f 19//1 13//1 18//1
f 802//1 155//1 801//1
f 130//1 846//1 129//1
f 20//1 13//1 19//1
f 802//1 154//1 155//1
f 20//1 12//1 13//1
f 220//1 752//1 753//1
f 919//1 55//1 56//1
f 920//1 55//1 919//1
f 803//1 154//1 802//1
f 803//1 153//1 154//1
f 21//1 12//1 20//1
f 21//1 11//1 12//1
f 804//1 153//1 803//1
f 131//1 846//1 130//1
f 804//1 152//1 153//1
f 221//1 752//1 220//1
f 131//1 845//1 846//1
f 22//1 11//1 21//1
f 22//1 10//1 11//1
f 920//1 54//1 55//1
f 805//1 152//1 804//1
f 805//1 151//1 152//1
f 221//1 751//1 752//1
f 132//1 845//1 131//1
f 805//1 150//1 151//1
f 806//1 150//1 805//1
f 22//1 9//1 10//1
f 23//1 9//1 22//1
f 806//1 149//1 150//1
f 921//1 54//1 920//1
f 133//1 845//1 132//1
f 806//1 148//1 149//1
f 921//1 53//1 54//1
f 807//1 148//1 806//1
f 807//1 147//1 148//1
f 23//1 8//1 9//1
f 24//1 8//1 23//1
f 134//1 845//1 133//1
f 134//1 844//1 845//1
f 221//1 750//1 751//1
f 807//1 146//1 147//1
f 135//1 844//1 134//1
f 136//1 844//1 135//1
f 807//1 145//1 146//1
f 137//1 844//1 136//1
f 138//1 844//1 137//1
f 807//1 144//1 145//1
f 807//1 143//1 144//1
f 139//1 844//1 138//1
f 807//1 142//1 143//1
f 140//1 844//1 139//1
f 807//1 141//1 142//1
f 141//1 844//1 140//1
f 807//1 844//1 141//1
f 222//1 750//1 221//1
f 808//1 844//1 807//1
f 25//1 8//1 24//1
f 25//1 7//1 8//1
f 921//1 52//1 53//1
f 922//1 52//1 921//1
f 809//1 844//1 808//1
f 222//1 749//1 750//1
f 26//1 7//1 25//1
f 809//1 843//1 844//1
f 26//1 958//1 7//1
f 958//1 959//1 7//1
f 959//1 6//1 7//1
f 27//1 958//1 26//1
f 810//1 843//1 809//1
f 922//1 51//1 52//1
f 28//1 958//1 27//1
f 28//1 957//1 958//1
f 960//1 6//1 959//1
f 28//1 956//1 957//1
f 29//1 956//1 28//1
f 222//1 748//1 749//1
f 811//1 843//1 810//1
f 223//1 748//1 222//1
f 961//1 6//1 960//1
f 29//1 955//1 956//1
f 30//1 955//1 29//1
f 961//1 5//1 6//1
f 923//1 51//1 922//1
f 923//1 50//1 51//1
f 31//1 955//1 30//1
f 962//1 5//1 961//1
f 811//1 842//1 843//1
f 31//1 954//1 955//1
f 812//1 842//1 811//1
f 32//1 954//1 31//1
f 963//1 5//1 962//1
f 32//1 953//1 954//1
f 33//1 953//1 32//1
f 223//1 747//1 748//1
f 813//1 842//1 812//1
f 923//1 49//1 50//1
f 34//1 953//1 33//1
f 964//1 5//1 963//1
f 964//1 4//1 5//1
f 35//1 953//1 34//1
f 814//1 842//1 813//1
f 35//1 952//1 953//1
f 814//1 841//1 842//1
f 36//1 952//1 35//1
f 923//1 48//1 49//1
f 224//1 747//1 223//1
f 965//1 4//1 964//1
f 37//1 952//1 36//1
f 924//1 48//1 923//1
f 924//1 47//1 48//1
f 224//1 746//1 747//1
f 815//1 841//1 814//1
f 38//1 952//1 37//1
f 924//1 46//1 47//1
f 38//1 951//1 952//1
f 39//1 951//1 38//1
f 924//1 45//1 46//1
f 40//1 951//1 39//1
f 816//1 841//1 815//1
f 41//1 951//1 40//1
f 924//1 44//1 45//1
f 966//1 4//1 965//1
f 42//1 951//1 41//1
f 924//1 43//1 44//1
f 43//1 951//1 42//1
f 924//1 951//1 43//1
f 816//1 840//1 841//1
f 966//1 3//1 4//1
f 817//1 840//1 816//1
f 817//1 839//1 840//1
f 224//1 745//1 746//1
f 924//1 950//1 951//1
f 818//1 839//1 817//1
f 967//1 3//1 966//1
f 819//1 839//1 818//1
f 819//1 838//1 839//1
f 820//1 838//1 819//1
f 821//1 838//1 820//1
f 822//1 838//1 821//1
f 823//1 838//1 822//1
f 823//1 837//1 838//1
f 824//1 837//1 823//1
f 825//1 837//1 824//1
f 225//1 745//1 224//1
f 826//1 837//1 825//1
f 925//1 950//1 924//1
f 827//1 837//1 826//1
f 827//1 836//1 837//1
f 828//1 836//1 827//1
f 829//1 836//1 828//1
f 830//1 836//1 829//1
f 830//1 835//1 836//1
f 831//1 835//1 830//1
f 925//1 949//1 950//1
f 831//1 834//1 835//1
f 968//1 3//1 967//1
f 225//1 744//1 745//1
f 832//1 834//1 831//1
f 832//1 833//1 834//1
f 968//1 2//1 3//1
f 225//1 743//1 744//1
f 225//1 742//1 743//1
f 925//1 948//1 949//1
f 969//1 2//1 968//1
f 225//1 741//1 742//1
f 926//1 948//1 925//1
f 926//1 947//1 948//1
f 226//1 741//1 225//1
f 226//1 740//1 741//1
f 926//1 946//1 947//1
f 969//1 1//1 2//1
f 927//1 946//1 926//1
f 970//1 1//1 969//1
f 927//1 945//1 946//1
f 226//1 739//1 740//1
f 927//1 944//1 945//1
f 928//1 944//1 927//1
f 226//1 738//1 739//1
f 928//1 943//1 944//1
f 226//1 737//1 738//1
f 227//1 737//1 226//1
f 971//1 1//1 970//1
f 929//1 943//1 928//1
f 929//1 942//1 943//1
f 227//1 736//1 737//1
f 929//1 941//1 942//1
f 971//1 492//1 1//1
f 930//1 941//1 929//1
f 227//1 735//1 736//1
f 930//1 940//1 941//1
f 972//1 492//1 971//1
f 930//1 939//1 940//1
f 227//1 734//1 735//1
f 931//1 939//1 930//1
f 228//1 734//1 227//1
f 931//1 938//1 939//1
f 228//1 733//1 734//1
f 931//1 937//1 938//1
f 972//1 491//1 492//1
f 932//1 937//1 931//1
f 228//1 732//1 733//1
f 932//1 936//1 937//1
f 933//1 936//1 932//1
f 973//1 491//1 972//1
f 933//1 935//1 936//1
f 934//1 935//1 933//1
f 229//1 732//1 228//1
f 229//1 731//1 732//1
f 973//1 490//1 491//1
f 974//1 490//1 973//1
f 229//1 730//1 731//1
f 230//1 730//1 229//1
f 231//1 730//1 230//1
f 232//1 730//1 231//1
f 975//1 490//1 974//1
f 975//1 489//1 490//1
f 232//1 729//1 730//1
f 233//1 729//1 232//1
f 234//1 729//1 233//1
f 235//1 729//1 234//1
f 235//1 728//1 729//1
f 976//1 489//1 975//1
f 236//1 728//1 235//1
f 237//1 728//1 236//1
f 976//1 488//1 489//1
f 238//1 728//1 237//1
f 238//1 727//1 728//1
f 239//1 727//1 238//1
f 977//1 488//1 976//1
f 240//1 727//1 239//1
f 1007//1 1009//1 1008//1
f 1007//1 1010//1 1009//1
f 1006//1 1010//1 1007//1
f 1006//1 1011//1 1010//1
f 241//1 727//1 240//1
f 242//1 727//1 241//1
f 977//1 487//1 488//1
f 242//1 726//1 727//1
f 1006//1 1012//1 1011//1
f 1005//1 1012//1 1006//1
f 243//1 726//1 242//1
f 978//1 487//1 977//1
f 1005//1 1013//1 1012//1
f 244//1 726//1 243//1
f 1004//1 1013//1 1005//1
f 244//1 725//1 726//1
f 245//1 725//1 244//1
f 1004//1 1014//1 1013//1
f 246//1 725//1 245//1
f 978//1 486//1 487//1
f 979//1 486//1 978//1
f 1003//1 1014//1 1004//1
f 1003//1 1015//1 1014//1
f 247//1 725//1 246//1
f 247//1 724//1 725//1
f 248//1 724//1 247//1
f 1003//1 1016//1 1015//1
f 1002//1 1016//1 1003//1
f 980//1 486//1 979//1
f 249//1 724//1 248//1
f 249//1 723//1 724//1
f 980//1 485//1 486//1
f 1002//1 1017//1 1016//1
f 250//1 723//1 249//1
f 251//1 723//1 250//1
f 1001//1 1017//1 1002//1
f 981//1 485//1 980//1
f 1001//1 1018//1 1017//1
f 252//1 723//1 251//1
f 252//1 722//1 723//1
f 253//1 722//1 252//1
f 1001//1 1019//1 1018//1
f 1000//1 1019//1 1001//1
f 981//1 484//1 485//1
f 254//1 722//1 253//1
f 982//1 484//1 981//1
f 254//1 721//1 722//1
f 1000//1 1020//1 1019//1
f 255//1 721//1 254//1
f 999//1 1020//1 1000//1
f 999//1 985//1 1020//1
f 255//1 720//1 721//1
f 983//1 484//1 982//1
f 256//1 720//1 255//1
f 983//1 483//1 484//1
f 998//1 985//1 999//1
f 998//1 986//1 985//1
f 257//1 720//1 256//1
f 984//1 483//1 983//1
f 997//1 986//1 998//1
f 257//1 719//1 720//1
f 258//1 719//1 257//1
f 997//1 987//1 986//1
f 984//1 482//1 483//1
f 996//1 987//1 997//1
f 259//1 719//1 258//1
f 493//1 482//1 984//1
f 527//1 525//1 526//1
f 527//1 524//1 525//1
f 528//1 524//1 527//1
f 528//1 523//1 524//1
f 529//1 523//1 528//1
f 995//1 987//1 996//1
f 259//1 718//1 719//1
f 260//1 718//1 259//1
f 529//1 522//1 523//1
f 530//1 522//1 529//1
f 995//1 988//1 987//1
f 531//1 522//1 530//1
f 531//1 521//1 522//1
f 994//1 988//1 995//1
f 261//1 718//1 260//1
f 532//1 521//1 531//1
f 494//1 482//1 493//1
f 533//1 521//1 532//1
f 494//1 481//1 482//1
f 533//1 520//1 521//1
f 994//1 989//1 988//1
f 993//1 989//1 994//1
f 262//1 718//1 261//1
f 262//1 717//1 718//1
f 534//1 520//1 533//1
f 992//1 989//1 993//1
f 263//1 717//1 262//1
f 992//1 990//1 989//1
f 534//1 519//1 520//1
f 495//1 481//1 494//1
f 991//1 990//1 992//1
f 535//1 519//1 534//1
f 264//1 717//1 263//1
f 265//1 717//1 264//1
f 536//1 519//1 535//1
f 265//1 716//1 717//1
f 266//1 716//1 265//1
f 536//1 518//1 519//1
f 267//1 716//1 266//1
f 496//1 481//1 495//1
f 537//1 518//1 536//1
f 268//1 716//1 267//1
f 496//1 480//1 481//1
f 537//1 517//1 518//1
f 269//1 716//1 268//1
f 538//1 517//1 537//1
f 269//1 715//1 716//1
f 497//1 480//1 496//1
f 270//1 715//1 269//1
f 539//1 517//1 538//1
f 497//1 479//1 480//1
f 270//1 714//1 715//1
f 539//1 448//1 517//1
f 448//1 516//1 517//1
f 498//1 479//1 497//1
f 540//1 447//1 539//1
f 447//1 448//1 539//1
f 449//1 516//1 448//1
f 540//1 446//1 447//1
f 271//1 714//1 270//1
f 450//1 516//1 449//1
f 540//1 445//1 446//1
f 451//1 516//1 450//1
f 540//1 444//1 445//1
f 540//1 443//1 444//1
f 499//1 479//1 498//1
f 271//1 713//1 714//1
f 452//1 516//1 451//1
f 540//1 442//1 443//1
f 541//1 442//1 540//1
f 452//1 515//1 516//1
f 541//1 441//1 442//1
f 272//1 713//1 271//1
f 499//1 478//1 479//1
f 453//1 515//1 452//1
f 541//1 440//1 441//1
f 500//1 478//1 499//1
f 541//1 439//1 440//1
f 272//1 712//1 713//1
f 454//1 515//1 453//1
f 542//1 439//1 541//1
f 542//1 438//1 439//1
f 454//1 514//1 515//1
f 542//1 437//1 438//1
f 501//1 478//1 500//1
f 273//1 712//1 272//1
f 273//1 711//1 712//1
f 455//1 514//1 454//1
f 542//1 436//1 437//1
f 501//1 477//1 478//1
f 542//1 435//1 436//1
f 455//1 513//1 514//1
f 273//1 710//1 711//1
f 502//1 477//1 501//1
f 456//1 513//1 455//1
f 542//1 434//1 435//1
f 273//1 709//1 710//1
f 503//1 477//1 502//1
f 274//1 709//1 273//1
f 274//1 708//1 709//1
f 456//1 512//1 513//1
f 542//1 433//1 434//1
f 274//1 707//1 708//1
f 503//1 476//1 477//1
f 504//1 476//1 503//1
f 457//1 512//1 456//1
f 543//1 433//1 542//1
f 274//1 706//1 707//1
f 543//1 432//1 433//1
f 457//1 511//1 512//1
f 648//1 646//1 647//1
f 648//1 645//1 646//1
f 649//1 645//1 648//1
f 649//1 644//1 645//1
f 505//1 476//1 504//1
f 650//1 644//1 649//1
f 650//1 643//1 644//1
f 274//1 705//1 706//1
f 650//1 642//1 643//1
f 457//1 510//1 511//1
f 506//1 476//1 505//1
f 275//1 705//1 274//1
f 651//1 642//1 650//1
f 651//1 641//1 642//1
f 458//1 510//1 457//1
f 275//1 704//1 705//1
f 506//1 475//1 476//1
f 458//1 509//1 510//1
f 507//1 475//1 506//1
f 651//1 640//1 641//1
f 458//1 508//1 509//1
f 508//1 475//1 507//1
f 543//1 431//1 432//1
f 458//1 475//1 508//1
f 651//1 639//1 640//1
f 652//1 639//1 651//1
f 275//1 703//1 704//1
f 652//1 638//1 639//1
f 458//1 474//1 475//1
f 544//1 431//1 543//1
f 459//1 474//1 458//1
f 276//1 703//1 275//1
f 276//1 702//1 703//1
f 652//1 637//1 638//1
f 544//1 430//1 431//1
f 653//1 637//1 652//1
f 653//1 636//1 637//1
f 459//1 473//1 474//1
f 276//1 701//1 702//1
f 460//1 473//1 459//1
f 654//1 636//1 653//1
f 544//1 429//1 430//1
f 277//1 701//1 276//1
f 460//1 472//1 473//1
f 545//1 429//1 544//1
f 277//1 700//1 701//1
f 461//1 472//1 460//1
f 654//1 635//1 636//1
f 461//1 471//1 472//1
f 545//1 428//1 429//1
f 655//1 327//1 654//1
f 327//1 328//1 654//1
f 328//1 635//1 654//1
f 462//1 471//1 461//1
f 277//1 699//1 700//1
f 462//1 470//1 471//1
f 278//1 699//1 277//1
f 462//1 469//1 470//1
f 463//1 469//1 462//1
f 655//1 326//1 327//1
f 329//1 635//1 328//1
f 655//1 325//1 326//1
f 330//1 635//1 329//1
f 546//1 428//1 545//1
f 655//1 324//1 325//1
f 331//1 635//1 330//1
f 332//1 635//1 331//1
f 546//1 427//1 428//1
f 655//1 323//1 324//1
f 332//1 634//1 635//1
f 333//1 634//1 332//1
f 463//1 468//1 469//1
f 334//1 634//1 333//1
f 278//1 698//1 699//1
f 464//1 468//1 463//1
f 655//1 322//1 323//1
f 335//1 634//1 334//1
f 336//1 634//1 335//1
f 464//1 467//1 468//1
f 279//1 698//1 278//1
f 656//1 322//1 655//1
f 465//1 467//1 464//1
f 656//1 321//1 322//1
f 337//1 634//1 336//1
f 465//1 466//1 467//1
f 338//1 634//1 337//1
f 546//1 426//1 427//1
f 656//1 320//1 321//1
f 279//1 697//1 698//1
f 280//1 697//1 279//1
f 547//1 426//1 546//1
f 339//1 634//1 338//1
f 339//1 633//1 634//1
f 656//1 319//1 320//1
f 657//1 319//1 656//1
f 547//1 425//1 426//1
f 280//1 696//1 697//1
f 340//1 633//1 339//1
f 281//1 696//1 280//1
f 657//1 318//1 319//1
f 548//1 425//1 547//1
f 281//1 695//1 696//1
f 548//1 424//1 425//1
f 340//1 632//1 633//1
f 341//1 632//1 340//1
f 282//1 695//1 281//1
f 282//1 694//1 695//1
f 658//1 318//1 657//1
f 658//1 317//1 318//1
f 548//1 423//1 424//1
f 549//1 423//1 548//1
f 342//1 632//1 341//1
f 282//1 693//1 694//1
f 283//1 693//1 282//1
f 342//1 631//1 632//1
f 549//1 422//1 423//1
f 283//1 692//1 693//1
f 658//1 316//1 317//1
f 343//1 631//1 342//1
f 550//1 422//1 549//1
f 284//1 692//1 283//1
f 659//1 316//1 658//1
f 550//1 421//1 422//1
f 284//1 691//1 692//1
f 343//1 630//1 631//1
f 550//1 420//1 421//1
f 284//1 690//1 691//1
f 550//1 419//1 420//1
f 344//1 630//1 343//1
f 285//1 690//1 284//1
f 550//1 418//1 419//1
f 551//1 418//1 550//1
f 551//1 417//1 418//1
f 659//1 315//1 316//1
f 551//1 416//1 417//1
f 551//1 415//1 416//1
f 285//1 689//1 690//1
f 551//1 414//1 415//1
f 551//1 413//1 414//1
f 551//1 412//1 413//1
f 660//1 315//1 659//1
f 551//1 411//1 412//1
f 286//1 689//1 285//1
f 345//1 630//1 344//1
f 551//1 410//1 411//1
f 345//1 629//1 630//1
f 552//1 410//1 551//1
f 552//1 409//1 410//1
f 286//1 688//1 689//1
f 552//1 408//1 409//1
f 286//1 687//1 688//1
f 287//1 687//1 286//1
f 660//1 314//1 315//1
f 552//1 407//1 408//1
f 346//1 629//1 345//1
f 553//1 407//1 552//1
f 346//1 628//1 629//1
f 287//1 686//1 687//1
f 661//1 314//1 660//1
f 553//1 406//1 407//1
f 288//1 686//1 287//1
f 554//1 406//1 553//1
f 555//1 406//1 554//1
f 347//1 628//1 346//1
f 556//1 406//1 555//1
f 288//1 685//1 686//1
f 557//1 406//1 556//1
f 558//1 406//1 557//1
f 559//1 406//1 558//1
f 560//1 406//1 559//1
f 561//1 406//1 560//1
f 561//1 405//1 406//1
f 289//1 685//1 288//1
f 347//1 627//1 628//1
f 562//1 405//1 561//1
f 289//1 684//1 685//1
f 563//1 405//1 562//1
f 661//1 313//1 314//1
f 564//1 405//1 563//1
f 565//1 405//1 564//1
f 348//1 627//1 347//1
f 566//1 405//1 565//1
f 567//1 405//1 566//1
f 567//1 404//1 405//1
f 290//1 684//1 289//1
f 662//1 313//1 661//1
f 290//1 683//1 684//1
f 348//1 626//1 627//1
f 568//1 404//1 567//1
f 349//1 626//1 348//1
f 290//1 682//1 683//1
f 568//1 403//1 404//1
f 569//1 403//1 568//1
f 663//1 313//1 662//1
f 291//1 682//1 290//1
f 350//1 626//1 349//1
f 663//1 312//1 313//1
f 570//1 403//1 569//1
f 350//1 625//1 626//1
f 291//1 681//1 682//1
f 351//1 625//1 350//1
f 664//1 312//1 663//1
f 570//1 402//1 403//1
f 571//1 402//1 570//1
f 352//1 625//1 351//1
f 292//1 681//1 291//1
f 292//1 680//1 681//1
f 665//1 312//1 664//1
f 353//1 625//1 352//1
f 353//1 624//1 625//1
f 665//1 311//1 312//1
f 571//1 401//1 402//1
f 572//1 401//1 571//1
f 292//1 679//1 680//1
f 354//1 624//1 353//1
f 354//1 623//1 624//1
f 666//1 311//1 665//1
f 293//1 679//1 292//1
f 355//1 623//1 354//1
f 355//1 622//1 623//1
f 293//1 678//1 679//1
f 573//1 401//1 572//1
f 356//1 622//1 355//1
f 356//1 621//1 622//1
f 666//1 310//1 311//1
f 573//1 400//1 401//1
f 667//1 310//1 666//1
f 293//1 677//1 678//1
f 357//1 621//1 356//1
f 357//1 620//1 621//1
f 294//1 677//1 293//1
f 574//1 400//1 573//1
f 668//1 310//1 667//1
f 294//1 676//1 677//1
f 357//1 619//1 620//1
f 358//1 619//1 357//1
f 669//1 310//1 668//1
f 669//1 309//1 310//1
f 574//1 399//1 400//1
f 294//1 675//1 676//1
f 358//1 618//1 619//1
f 359//1 618//1 358//1
f 575//1 399//1 574//1
f 670//1 309//1 669//1
f 295//1 675//1 294//1
f 295//1 674//1 675//1
f 359//1 617//1 618//1
f 360//1 617//1 359//1
f 671//1 309//1 670//1
f 295//1 673//1 674//1
f 672//1 309//1 671//1
f 295//1 672//1 673//1
f 295//1 309//1 672//1
f 360//1 616//1 617//1
f 361//1 616//1 360//1
f 295//1 308//1 309//1
f 575//1 398//1 399//1
f 576//1 398//1 575//1
f 361//1 615//1 616//1
f 296//1 308//1 295//1
f 362//1 615//1 361//1
f 362//1 614//1 615//1
f 296//1 307//1 308//1
f 362//1 613//1 614//1
f 297//1 307//1 296//1
f 577//1 398//1 576//1
f 362//1 612//1 613//1
f 577//1 397//1 398//1
f 363//1 612//1 362//1
f 297//1 306//1 307//1
f 298//1 306//1 297//1
f 578//1 397//1 577//1
f 363//1 611//1 612//1
f 298//1 305//1 306//1
f 299//1 305//1 298//1
f 578//1 396//1 397//1
f 364//1 611//1 363//1
f 299//1 304//1 305//1
f 300//1 304//1 299//1
f 579//1 396//1 578//1
f 364//1 610//1 611//1
f 300//1 303//1 304//1
f 301//1 303//1 300//1
f 301//1 302//1 303//1
f 579//1 395//1 396//1
f 580//1 395//1 579//1
f 364//1 609//1 610//1
f 365//1 609//1 364//1
f 365//1 608//1 609//1
f 581//1 395//1 580//1
f 581//1 394//1 395//1
f 366//1 608//1 365//1
f 366//1 607//1 608//1
f 582//1 394//1 581//1
f 582//1 393//1 394//1
f 366//1 606//1 607//1
f 583//1 393//1 582//1
f 367//1 606//1 366//1
f 367//1 605//1 606//1
f 584//1 393//1 583//1
f 584//1 392//1 393//1
f 368//1 605//1 367//1
f 368//1 604//1 605//1
f 585//1 392//1 584//1
f 368//1 603//1 604//1
f 585//1 391//1 392//1
f 586//1 391//1 585//1
f 369//1 603//1 368//1
f 369//1 602//1 603//1
f 587//1 391//1 586//1
f 587//1 390//1 391//1
f 369//1 601//1 602//1
f 370//1 601//1 369//1
f 588//1 390//1 587//1
f 370//1 600//1 601//1
f 589//1 390//1 588//1
f 589//1 389//1 390//1
f 371//1 600//1 370//1
f 590//1 389//1 589//1
f 371//1 599//1 600//1
f 591//1 389//1 590//1
f 591//1 388//1 389//1
f 371//1 598//1 599//1
f 372//1 598//1 371//1
f 592//1 388//1 591//1
f 372//1 597//1 598//1
f 593//1 388//1 592//1
f 593//1 387//1 388//1
f 372//1 596//1 597//1
f 594//1 387//1 593//1
f 373//1 596//1 372//1
f 373//1 595//1 596//1
f 595//1 387//1 594//1
f 373//1 387//1 595//1
f 373//1 386//1 387//1
f 374//1 386//1 373//1
f 374//1 385//1 386//1
f 375//1 385//1 374//1
f 375//1 384//1 385//1
f 376//1 384//1 375//1
f 376//1 383//1 384//1
f 377//1 383//1 376//1
f 377//1 382//1 383//1
f 378//1 382//1 377//1
f 378//1 381//1 382//1
f 379//1 381//1 378//1
f 379//1 380//1 381//1
o flower_6
v 0.267522 -1.923056 0.000000
v 0.305824 -1.903435 0.000000
v 0.342326 -1.880545 0.000000
v 0.376956 -1.854483 0.000000
v 0.409639 -1.825345 0.000000
v 0.440302 -1.793231 0.000000
v 0.468872 -1.758236 0.000000
v 0.495275 -1.720458 0.000000
v 0.519438 -1.679994 0.000000
v 0.541288 -1.636942 0.000000
v 0.560750 -1.591398 0.000000
v 0.577752 -1.543460 0.000000
v 0.592220 -1.493225 0.000000
v 0.606809 -1.423247 0.000000
v 0.614822 -1.354390 0.000000
v 0.616900 -1.286667 0.000000
v 0.613687 -1.220090 0.000000
v 0.605826 -1.154671 0.000000
v 0.593960 -1.090421 0.000000
v 0.578732 -1.027352 0.000000
v 0.560785 -0.965477 0.000000
v 0.540761 -0.904806 0.000000
v 0.519304 -0.845352 0.000000
v 0.497057 -0.787127 0.000000
v 0.474663 -0.730142 0.000000
v 0.466573 -0.709646 0.000000
v 0.458579 -0.689325 0.000000
v 0.450703 -0.669163 0.000000
v 0.442965 -0.649145 0.000000
v 0.435386 -0.629255 0.000000
v 0.427988 -0.609477 0.000000
v 0.420791 -0.589795 0.000000
v 0.413817 -0.570194 0.000000
v 0.407087 -0.550658 0.000000
v 0.400621 -0.531171 0.000000
v 0.394440 -0.511717 0.000000
v 0.388567 -0.492282 0.000000
v 0.385790 -0.482272 0.000000
v 0.383302 -0.471937 0.000000
v 0.381220 -0.461428 0.000000
v 0.379661 -0.450896 0.000000
v 0.378742 -0.440491 0.000000
v 0.378580 -0.430364 0.000000
v 0.379294 -0.420667 0.000000
v 0.381000 -0.411550 0.000000
v 0.383815 -0.403164 0.000000
v 0.387858 -0.395660 0.000000
v 0.393244 -0.389189 0.000000
v 0.400092 -0.383902 0.000000
v 0.416937 -0.376525 0.000000
v 0.438200 -0.372075 0.000000
v 0.463319 -0.370652 0.000000
v 0.491736 -0.372356 0.000000
v 0.522891 -0.377289 0.000000
v 0.556224 -0.385550 0.000000
v 0.591175 -0.397240 0.000000
v 0.627185 -0.412459 0.000000
v 0.663695 -0.431308 0.000000
v 0.700144 -0.453887 0.000000
v 0.735973 -0.480297 0.000000
v 0.770621 -0.510637 0.000000
v 0.773929 -0.513806 0.000000
v 0.777335 -0.517089 0.000000
v 0.780838 -0.520483 0.000000
v 0.784437 -0.523986 0.000000
v 0.788131 -0.527596 0.000000
v 0.791919 -0.531310 0.000000
v 0.795801 -0.535125 0.000000
v 0.799775 -0.539039 0.000000
v 0.803840 -0.543050 0.000000
v 0.807996 -0.547155 0.000000
v 0.812242 -0.551351 0.000000
v 0.816576 -0.555636 0.000000
v 0.864722 -0.602972 0.000000
v 0.920083 -0.656056 0.000000
v 0.981892 -0.712756 0.000000
v 1.049386 -0.770936 0.000000
v 1.121799 -0.828465 0.000000
v 1.198367 -0.883208 0.000000
v 1.278325 -0.933032 0.000000
v 1.360908 -0.975802 0.000000
v 1.445352 -1.009386 0.000000
v 1.530891 -1.031650 0.000000
v 1.616762 -1.040460 0.000000
v 1.702199 -1.033683 0.000000
v 1.741312 -1.024722 0.000000
v 1.779101 -1.012159 0.000000
v 1.815553 -0.996004 0.000000
v 1.850657 -0.976269 0.000000
v 1.884400 -0.952966 0.000000
v 1.916769 -0.926104 0.000000
v 1.947753 -0.895697 0.000000
v 1.977339 -0.861754 0.000000
v 2.005515 -0.824287 0.000000
v 2.032269 -0.783308 0.000000
v 2.057587 -0.738828 0.000000
v 2.081459 -0.690857 0.000000
v 2.111241 -0.619385 0.000000
v 2.132608 -0.552035 0.000000
v 2.146284 -0.488748 0.000000
v 2.152992 -0.429463 0.000000
v 2.153457 -0.374120 0.000000
v 2.148402 -0.322659 0.000000
v 2.138552 -0.275019 0.000000
v 2.124630 -0.231141 0.000000
v 2.107360 -0.190964 0.000000
v 2.087466 -0.154428 0.000000
v 2.065672 -0.121472 0.000000
v 2.042701 -0.092037 0.000000
v 1.982584 -0.031397 0.000000
v 1.912377 0.020951 0.000000
v 1.833538 0.065187 0.000000
v 1.747525 0.101489 0.000000
v 1.655794 0.130036 0.000000
v 1.559803 0.151009 0.000000
v 1.461011 0.164585 0.000000
v 1.360873 0.170943 0.000000
v 1.260849 0.170264 0.000000
v 1.162396 0.162726 0.000000
v 1.066970 0.148507 0.000000
v 0.976031 0.127788 0.000000
v 0.913031 0.112337 0.000000
v 0.854299 0.101087 0.000000
v 0.799909 0.093759 0.000000
v 0.749932 0.090075 0.000000
v 0.704441 0.089756 0.000000
v 0.663507 0.092524 0.000000
v 0.627204 0.098099 0.000000
v 0.595604 0.106204 0.000000
v 0.568778 0.116559 0.000000
v 0.546800 0.128886 0.000000
v 0.529741 0.142906 0.000000
v 0.517674 0.158341 0.000000
v 0.513796 0.165346 0.000000
v 0.510666 0.171990 0.000000
v 0.508220 0.178279 0.000000
v 0.506391 0.184216 0.000000
v 0.505116 0.189807 0.000000
v 0.504331 0.195056 0.000000
v 0.503969 0.199967 0.000000
v 0.503968 0.204545 0.000000
v 0.504263 0.208794 0.000000
v 0.504788 0.212720 0.000000
v 0.505479 0.216326 0.000000
v 0.506272 0.219618 0.000000
v 0.509459 0.229300 0.000000
v 0.513987 0.239159 0.000000
v 0.519817 0.249156 0.000000
v 0.526910 0.259253 0.000000
v 0.535228 0.269409 0.000000
v 0.544732 0.279587 0.000000
v 0.555385 0.289747 0.000000
v 0.567147 0.299849 0.000000
v 0.579980 0.309856 0.000000
v 0.593846 0.319727 0.000000
v 0.608706 0.329424 0.000000
v 0.624522 0.338907 0.000000
v 0.632164 0.342802 0.000000
v 0.641513 0.346741 0.000000
v 0.652406 0.350717 0.000000
v 0.664677 0.354725 0.000000
v 0.678164 0.358758 0.000000
v 0.692702 0.362810 0.000000
v 0.708126 0.366876 0.000000
v 0.724274 0.370950 0.000000
v 0.740979 0.375024 0.000000
v 0.758079 0.379094 0.000000
v 0.775410 0.383153 0.000000
v 0.792807 0.387196 0.000000
v 0.847334 0.399967 0.000000
v 0.904914 0.414179 0.000000
v 0.964518 0.430326 0.000000
v 1.025115 0.448900 0.000000
v 1.085677 0.470395 0.000000
v 1.145172 0.495303 0.000000
v 1.202572 0.524118 0.000000
v 1.256847 0.557333 0.000000
v 1.306966 0.595440 0.000000
v 1.351900 0.638933 0.000000
v 1.390620 0.688305 0.000000
v 1.422095 0.744049 0.000000
v 1.424768 0.749913 0.000000
v 1.427360 0.755844 0.000000
v 1.429868 0.761840 0.000000
v 1.432292 0.767904 0.000000
v 1.434632 0.774035 0.000000
v 1.436885 0.780235 0.000000
v 1.439052 0.786504 0.000000
v 1.441132 0.792842 0.000000
v 1.443123 0.799251 0.000000
v 1.445026 0.805731 0.000000
v 1.446838 0.812283 0.000000
v 1.448559 0.818907 0.000000
v 1.456800 0.857944 0.000000
v 1.461882 0.896879 0.000000
v 1.463819 0.935655 0.000000
v 1.462623 0.974213 0.000000
v 1.458310 1.012494 0.000000
v 1.450894 1.050441 0.000000
v 1.440387 1.087995 0.000000
v 1.426803 1.125098 0.000000
v 1.410158 1.161692 0.000000
v 1.390463 1.197719 0.000000
v 1.367734 1.233120 0.000000
v 1.341984 1.267837 0.000000
v 1.306762 1.308641 0.000000
v 1.267740 1.347344 0.000000
v 1.225473 1.383658 0.000000
v 1.180513 1.417293 0.000000
v 1.133417 1.447960 0.000000
v 1.084740 1.475371 0.000000
v 1.035034 1.499236 0.000000
v 0.984856 1.519268 0.000000
v 0.934759 1.535176 0.000000
v 0.885299 1.546672 0.000000
v 0.837030 1.553467 0.000000
v 0.790507 1.555273 0.000000
v 0.706926 1.545715 0.000000
v 0.631413 1.521285 0.000000
v 0.563380 1.483751 0.000000
v 0.502241 1.434878 0.000000
v 0.447410 1.376433 0.000000
v 0.398299 1.310183 0.000000
v 0.354323 1.237893 0.000000
v 0.314894 1.161330 0.000000
v 0.279426 1.082261 0.000000
v 0.247332 1.002451 0.000000
v 0.218027 0.923668 0.000000
v 0.190923 0.847678 0.000000
v 0.182348 0.823482 0.000000
v 0.173844 0.799603 0.000000
v 0.165402 0.776131 0.000000
v 0.157014 0.753156 0.000000
v 0.148671 0.730768 0.000000
v 0.140365 0.709056 0.000000
v 0.132088 0.688111 0.000000
v 0.123830 0.668024 0.000000
v 0.115584 0.648883 0.000000
v 0.107340 0.630779 0.000000
v 0.099091 0.613803 0.000000
v 0.090828 0.598043 0.000000
v 0.080714 0.580969 0.000000
v 0.069953 0.565447 0.000000
v 0.058608 0.551516 0.000000
v 0.046744 0.539215 0.000000
v 0.034422 0.528585 0.000000
v 0.021707 0.519665 0.000000
v 0.008662 0.512494 0.000000
v -0.004650 0.507111 -0.000000
v -0.018166 0.503557 -0.000000
v -0.031823 0.501871 -0.000000
v -0.045556 0.502092 -0.000000
v -0.059304 0.504259 -0.000000
v -0.080699 0.511519 -0.000000
v -0.102538 0.523776 -0.000000
v -0.124447 0.541257 -0.000000
v -0.146050 0.564188 -0.000000
v -0.166973 0.592795 -0.000000
v -0.186840 0.627305 -0.000000
v -0.205277 0.667943 -0.000000
v -0.221909 0.714935 -0.000000
v -0.236360 0.768509 -0.000000
v -0.248256 0.828889 -0.000000
v -0.257222 0.896302 -0.000000
v -0.262883 0.970975 -0.000000
v -0.269338 1.057873 -0.000000
v -0.279873 1.141334 -0.000000
v -0.294414 1.221183 -0.000000
v -0.312886 1.297242 -0.000000
v -0.335213 1.369335 -0.000000
v -0.361321 1.437286 -0.000000
v -0.391135 1.500919 -0.000000
v -0.424579 1.560056 -0.000000
v -0.461580 1.614523 -0.000000
v -0.502062 1.664143 -0.000000
v -0.545950 1.708738 -0.000000
v -0.593170 1.748134 -0.000000
v -0.626640 1.771460 -0.000000
v -0.661275 1.792033 -0.000000
v -0.696974 1.809832 -0.000000
v -0.733631 1.824836 -0.000000
v -0.771145 1.837024 -0.000000
v -0.809410 1.846374 -0.000000
v -0.848325 1.852865 -0.000000
v -0.887784 1.856476 -0.000000
v -0.927685 1.857185 -0.000000
v -0.967925 1.854973 -0.000000
v -1.008399 1.849816 -0.000000
v -1.049005 1.841695 -0.000000
v -1.106555 1.824714 -0.000000
v -1.161292 1.801835 -0.000000
v -1.212905 1.773424 -0.000000
v -1.261082 1.739847 -0.000000
v -1.305511 1.701470 -0.000000
v -1.345881 1.658661 -0.000000
v -1.381879 1.611786 -0.000000
v -1.413195 1.561210 -0.000000
v -1.439517 1.507301 -0.000000
v -1.460532 1.450425 -0.000000
v -1.475930 1.390948 -0.000000
v -1.485398 1.329237 -0.000000
v -1.488640 1.265249 -0.000000
v -1.485249 1.202909 -0.000000
v -1.475379 1.142473 -0.000000
v -1.459183 1.084195 -0.000000
v -1.436817 1.028328 -0.000000
v -1.408434 0.975128 -0.000000
v -1.374188 0.924848 -0.000000
v -1.334234 0.877744 -0.000000
v -1.288725 0.834069 -0.000000
v -1.237815 0.794077 -0.000000
v -1.181658 0.758024 -0.000000
v -1.120409 0.726163 -0.000000
v -1.017862 0.675769 -0.000000
v -0.929986 0.627436 -0.000000
v -0.855649 0.581421 -0.000000
v -0.793721 0.537980 -0.000000
v -0.743070 0.497371 -0.000000
v -0.702563 0.459850 -0.000000
v -0.671068 0.425675 -0.000000
v -0.647455 0.395102 -0.000000
v -0.630590 0.368388 -0.000000
v -0.619343 0.345790 -0.000000
v -0.612581 0.327565 -0.000000
v -0.609173 0.313971 -0.000000
v -0.607936 0.305847 -0.000000
v -0.607332 0.297930 -0.000000
v -0.607366 0.290205 -0.000000
v -0.608042 0.282658 -0.000000
v -0.609364 0.275276 -0.000000
v -0.611337 0.268044 -0.000000
v -0.613966 0.260948 -0.000000
v -0.617255 0.253974 -0.000000
v -0.621208 0.247107 -0.000000
v -0.625829 0.240335 -0.000000
v -0.631124 0.233642 -0.000000
v -0.637097 0.227015 -0.000000
v -0.662880 0.206156 -0.000000
v -0.692813 0.192390 -0.000000
v -0.726425 0.185034 -0.000000
v -0.763250 0.183402 -0.000000
v -0.802818 0.186811 -0.000000
v -0.844661 0.194576 -0.000000
v -0.888310 0.206015 -0.000000
v -0.933297 0.220442 -0.000000
v -0.979152 0.237173 -0.000000
v -1.025407 0.255525 -0.000000
v -1.071594 0.274813 -0.000000
v -1.117243 0.294353 -0.000000
v -1.137646 0.303113 -0.000000
v -1.157855 0.311750 -0.000000
v -1.177866 0.320222 -0.000000
v -1.197675 0.328488 -0.000000
v -1.217276 0.336506 -0.000000
v -1.236665 0.344232 -0.000000
v -1.255837 0.351625 -0.000000
v -1.274787 0.358644 -0.000000
v -1.293511 0.365245 -0.000000
v -1.312004 0.371387 -0.000000
v -1.330261 0.377028 -0.000000
v -1.348277 0.382125 -0.000000
v -1.400206 0.393929 -0.000000
v -1.451223 0.401246 -0.000000
v -1.501155 0.404122 -0.000000
v -1.549833 0.402603 -0.000000
v -1.597086 0.396736 -0.000000
v -1.642745 0.386569 -0.000000
v -1.686638 0.372146 -0.000000
v -1.728595 0.353516 -0.000000
v -1.768447 0.330725 -0.000000
v -1.806022 0.303819 -0.000000
v -1.841150 0.272845 -0.000000
v -1.873661 0.237850 -0.000000
v -1.910811 0.187804 -0.000000
v -1.941983 0.133297 -0.000000
v -1.967150 0.074814 -0.000000
v -1.986281 0.012842 -0.000000
v -1.999350 -0.052132 -0.000000
v -2.006326 -0.119621 -0.000000
v -2.007184 -0.189138 -0.000000
v -2.001892 -0.260197 -0.000000
v -1.990424 -0.332312 -0.000000
v -1.972751 -0.404995 -0.000000
v -1.948843 -0.477760 -0.000000
v -1.918675 -0.550120 -0.000000
v -1.892212 -0.602505 -0.000000
v -1.862994 -0.651299 -0.000000
v -1.831128 -0.696416 -0.000000
v -1.796722 -0.737773 -0.000000
v -1.759884 -0.775285 -0.000000
v -1.720723 -0.808866 -0.000000
v -1.679346 -0.838432 -0.000000
v -1.635861 -0.863899 -0.000000
v -1.590376 -0.885182 -0.000000
v -1.543000 -0.902195 -0.000000
v -1.493840 -0.914855 -0.000000
v -1.443005 -0.923077 -0.000000
v -1.392051 -0.926641 -0.000000
v -1.340680 -0.925736 -0.000000
v -1.289332 -0.920534 -0.000000
v -1.238446 -0.911210 -0.000000
v -1.188461 -0.897938 -0.000000
v -1.139819 -0.880892 -0.000000
v -1.092958 -0.860245 -0.000000
v -1.048319 -0.836172 -0.000000
v -1.006342 -0.808846 -0.000000
v -0.967466 -0.778441 -0.000000
v -0.932131 -0.745131 -0.000000
v -0.900778 -0.709089 -0.000000
v -0.895976 -0.702899 -0.000000
v -0.891083 -0.696507 -0.000000
v -0.886102 -0.689925 -0.000000
v -0.881037 -0.683164 -0.000000
v -0.875891 -0.676237 -0.000000
v -0.870668 -0.669155 -0.000000
v -0.865372 -0.661930 -0.000000
v -0.860005 -0.654573 -0.000000
v -0.854571 -0.647096 -0.000000
v -0.849075 -0.639511 -0.000000
v -0.843518 -0.631830 -0.000000
v -0.837906 -0.624063 -0.000000
v -0.810945 -0.586858 -0.000000
v -0.781519 -0.547007 -0.000000
v -0.750038 -0.505842 -0.000000
v -0.716909 -0.464697 -0.000000
v -0.682542 -0.424904 -0.000000
v -0.647346 -0.387795 -0.000000
v -0.611728 -0.354704 -0.000000
v -0.576098 -0.326963 -0.000000
v -0.540865 -0.305905 -0.000000
v -0.506436 -0.292863 -0.000000
v -0.473222 -0.289168 -0.000000
v -0.441630 -0.296155 -0.000000
v -0.429320 -0.301679 -0.000000
v -0.417797 -0.307656 -0.000000
v -0.407056 -0.314093 -0.000000
v -0.397090 -0.320995 -0.000000
v -0.387892 -0.328369 -0.000000
v -0.379457 -0.336222 -0.000000
v -0.371777 -0.344560 -0.000000
v -0.364845 -0.353389 -0.000000
v -0.358656 -0.362716 -0.000000
v -0.353203 -0.372547 -0.000000
v -0.348479 -0.382889 -0.000000
v -0.344478 -0.393748 -0.000000
v -0.338211 -0.418739 -0.000000
v -0.334987 -0.445965 -0.000000
v -0.334779 -0.475329 -0.000000
v -0.337558 -0.506732 -0.000000
v -0.343298 -0.540079 -0.000000
v -0.351972 -0.575273 -0.000000
v -0.363552 -0.612215 -0.000000
v -0.378010 -0.650810 -0.000000
v -0.395321 -0.690960 -0.000000
v -0.415455 -0.732568 -0.000000
v -0.438386 -0.775536 -0.000000
v -0.464087 -0.819769 -0.000000
v -0.500813 -0.883787 -0.000000
v -0.533203 -0.946992 -0.000000
v -0.561237 -1.009294 -0.000000
v -0.584895 -1.070601 -0.000000
v -0.604157 -1.130824 -0.000000
v -0.619004 -1.189873 -0.000000
v -0.629416 -1.247656 -0.000000
v -0.635372 -1.304083 -0.000000
v -0.636852 -1.359064 -0.000000
v -0.633838 -1.412509 -0.000000
v -0.626308 -1.464326 -0.000000
v -0.614243 -1.514426 -0.000000
v -0.601373 -1.553178 -0.000000
v -0.585759 -1.590512 -0.000000
v -0.567412 -1.626414 -0.000000
v -0.546342 -1.660874 -0.000000
v -0.522562 -1.693879 -0.000000
v -0.496081 -1.725417 -0.000000
v -0.466909 -1.755477 -0.000000
v -0.435060 -1.784046 -0.000000
v -0.400541 -1.811112 -0.000000
v -0.363366 -1.836665 -0.000000
v -0.323544 -1.860690 -0.000000
v -0.281087 -1.883178 -0.000000
v -0.219427 -1.911225 -0.000000
v -0.160581 -1.933121 -0.000000
v -0.104574 -1.949363 -0.000000
v -0.051431 -1.960448 -0.000000
v -0.001178 -1.966872 -0.000000
v 0.046159 -1.969131 0.000000
v 0.090555 -1.967723 0.000000
v 0.131984 -1.963145 0.000000
v 0.170421 -1.955892 0.000000
v 0.205840 -1.946462 0.000000
v 0.238216 -1.935351 0.000000
v -0.209013 -1.737764 -0.000000
v -0.241187 -1.720791 -0.000000
v -0.271316 -1.702802 -0.000000
v -0.299395 -1.683808 -0.000000
v -0.325414 -1.663816 -0.000000
v -0.349366 -1.642836 -0.000000
v -0.371242 -1.620875 -0.000000
v -0.391036 -1.597944 -0.000000
v -0.408738 -1.574051 -0.000000
v -0.424340 -1.549204 -0.000000
v -0.437836 -1.523413 -0.000000
v -0.449216 -1.496685 -0.000000
v -0.458474 -1.469031 -0.000000
v -0.467668 -1.430117 -0.000000
v -0.473114 -1.389472 -0.000000
v -0.474829 -1.347167 -0.000000
v -0.472830 -1.303275 -0.000000
v -0.467134 -1.257868 -0.000000
v -0.457759 -1.211021 -0.000000
v -0.444722 -1.162804 -0.000000
v -0.428041 -1.113291 -0.000000
v -0.407731 -1.062555 -0.000000
v -0.383812 -1.010668 -0.000000
v -0.356299 -0.957703 -0.000000
v -0.325211 -0.903732 -0.000000
v -0.293284 -0.848451 -0.000000
v -0.265060 -0.794488 -0.000000
v -0.240556 -0.741916 -0.000000
v -0.219791 -0.690807 -0.000000
v -0.202781 -0.641233 -0.000000
v -0.189543 -0.593267 -0.000000
v -0.180094 -0.546982 -0.000000
v -0.174451 -0.502450 -0.000000
v -0.172633 -0.459744 -0.000000
v -0.174655 -0.418936 -0.000000
v -0.180535 -0.380100 -0.000000
v -0.190291 -0.343307 -0.000000
v -0.198359 -0.321381 -0.000000
v -0.207905 -0.300372 -0.000000
v -0.218905 -0.280306 -0.000000
v -0.231333 -0.261208 -0.000000
v -0.245166 -0.243105 -0.000000
v -0.260379 -0.226021 -0.000000
v -0.276946 -0.209982 -0.000000
v -0.294845 -0.195015 -0.000000
v -0.314049 -0.181143 -0.000000
v -0.334535 -0.168394 -0.000000
v -0.356278 -0.156792 -0.000000
v -0.379253 -0.146363 -0.000000
v -0.438897 -0.129088 -0.000000
v -0.497101 -0.126420 -0.000000
v -0.553728 -0.136660 -0.000000
v -0.608638 -0.158107 -0.000000
v -0.661693 -0.189060 -0.000000
v -0.712756 -0.227818 -0.000000
v -0.761687 -0.272681 -0.000000
v -0.808349 -0.321948 -0.000000
v -0.852603 -0.373918 -0.000000
v -0.894311 -0.426892 -0.000000
v -0.933335 -0.479167 -0.000000
v -0.969536 -0.529043 -0.000000
v -0.974914 -0.536483 -0.000000
v -0.980234 -0.543839 -0.000000
v -0.985489 -0.551094 -0.000000
v -0.990672 -0.558230 -0.000000
v -0.995776 -0.565233 -0.000000
v -1.000793 -0.572084 -0.000000
v -1.005716 -0.578768 -0.000000
v -1.010539 -0.585268 -0.000000
v -1.015253 -0.591568 -0.000000
v -1.019852 -0.597650 -0.000000
v -1.024328 -0.603498 -0.000000
v -1.028674 -0.609096 -0.000000
v -1.048149 -0.631474 -0.000000
v -1.071007 -0.653161 -0.000000
v -1.096969 -0.673838 -0.000000
v -1.125758 -0.693186 -0.000000
v -1.157095 -0.710887 -0.000000
v -1.190701 -0.726620 -0.000000
v -1.226299 -0.740067 -0.000000
v -1.263609 -0.750910 -0.000000
v -1.302353 -0.758829 -0.000000
v -1.342253 -0.763506 -0.000000
v -1.383030 -0.764621 -0.000000
v -1.424406 -0.761856 -0.000000
v -1.461360 -0.755860 -0.000000
v -1.497004 -0.746592 -0.000000
v -1.531292 -0.734088 -0.000000
v -1.564179 -0.718385 -0.000000
v -1.595620 -0.699520 -0.000000
v -1.625571 -0.677529 -0.000000
v -1.653985 -0.652449 -0.000000
v -1.680818 -0.624316 -0.000000
v -1.706025 -0.593167 -0.000000
v -1.729561 -0.559038 -0.000000
v -1.751380 -0.521967 -0.000000
v -1.771438 -0.481990 -0.000000
v -1.795753 -0.424077 -0.000000
v -1.815272 -0.366107 -0.000000
v -1.830008 -0.308461 -0.000000
v -1.839974 -0.251516 -0.000000
v -1.845183 -0.195652 -0.000000
v -1.845647 -0.141249 -0.000000
v -1.841381 -0.088685 -0.000000
v -1.832397 -0.038341 -0.000000
v -1.818709 0.009404 -0.000000
v -1.800330 0.054172 -0.000000
v -1.777272 0.095582 -0.000000
v -1.749549 0.133256 -0.000000
v -1.727770 0.156661 -0.000000
v -1.704237 0.177275 -0.000000
v -1.679033 0.195077 -0.000000
v -1.652238 0.210045 -0.000000
v -1.623934 0.222160 -0.000000
v -1.594203 0.231400 -0.000000
v -1.563126 0.237744 -0.000000
v -1.530786 0.241172 -0.000000
v -1.497264 0.241664 -0.000000
v -1.462641 0.239197 -0.000000
v -1.427000 0.233752 -0.000000
v -1.390422 0.225308 -0.000000
v -1.375091 0.220950 -0.000000
v -1.359291 0.216019 -0.000000
v -1.343049 0.210561 -0.000000
v -1.326390 0.204621 -0.000000
v -1.309342 0.198244 -0.000000
v -1.291931 0.191475 -0.000000
v -1.274184 0.184359 -0.000000
v -1.256126 0.176941 -0.000000
v -1.237785 0.169267 -0.000000
v -1.219187 0.161381 -0.000000
v -1.200359 0.153329 -0.000000
v -1.181327 0.145155 -0.000000
v -1.125792 0.121435 -0.000000
v -1.068564 0.097870 -0.000000
v -1.010173 0.075570 -0.000000
v -0.951150 0.055642 -0.000000
v -0.892023 0.039197 -0.000000
v -0.833324 0.027344 -0.000000
v -0.775583 0.021193 -0.000000
v -0.719329 0.021851 -0.000000
v -0.665092 0.030430 -0.000000
v -0.613403 0.048037 -0.000000
v -0.564791 0.075783 -0.000000
v -0.519787 0.114776 -0.000000
v -0.505101 0.131258 -0.000000
v -0.491993 0.148315 -0.000000
v -0.480470 0.165916 -0.000000
v -0.470543 0.184034 -0.000000
v -0.462220 0.202636 -0.000000
v -0.455511 0.221696 -0.000000
v -0.450426 0.241182 -0.000000
v -0.446972 0.261065 -0.000000
v -0.445160 0.281316 -0.000000
v -0.445000 0.301904 -0.000000
v -0.446499 0.322802 -0.000000
v -0.449668 0.343978 -0.000000
v -0.461691 0.388684 -0.000000
v -0.480913 0.433510 -0.000000
v -0.507257 0.478389 -0.000000
v -0.540645 0.523251 -0.000000
v -0.580997 0.568029 -0.000000
v -0.628236 0.612653 -0.000000
v -0.682284 0.657056 -0.000000
v -0.743063 0.701167 -0.000000
v -0.810495 0.744919 -0.000000
v -0.884500 0.788243 -0.000000
v -0.965002 0.831070 -0.000000
v -1.051923 0.873332 -0.000000
v -1.097428 0.896934 -0.000000
v -1.139164 0.923520 -0.000000
v -1.177017 0.952906 -0.000000
v -1.210870 0.984904 -0.000000
v -1.240609 1.019331 -0.000000
v -1.266119 1.056001 -0.000000
v -1.287285 1.094728 -0.000000
v -1.303993 1.135327 -0.000000
v -1.316127 1.177613 -0.000000
v -1.323573 1.221400 -0.000000
v -1.326215 1.266503 -0.000000
v -1.323939 1.312737 -0.000000
v -1.317099 1.357536 -0.000000
v -1.306028 1.400692 -0.000000
v -1.290950 1.441942 -0.000000
v -1.272086 1.481021 -0.000000
v -1.249660 1.517664 -0.000000
v -1.223896 1.551606 -0.000000
v -1.195016 1.582582 -0.000000
v -1.163242 1.610328 -0.000000
v -1.128799 1.634579 -0.000000
v -1.091910 1.655071 -0.000000
v -1.052796 1.671537 -0.000000
v -1.011681 1.683715 -0.000000
v -0.982686 1.689556 -0.000000
v -0.953960 1.693316 -0.000000
v -0.925547 1.695006 -0.000000
v -0.897486 1.694631 -0.000000
v -0.869821 1.692202 -0.000000
v -0.842593 1.687726 -0.000000
v -0.815843 1.681212 -0.000000
v -0.789612 1.672667 -0.000000
v -0.763943 1.662101 -0.000000
v -0.738877 1.649522 -0.000000
v -0.714455 1.634937 -0.000000
v -0.690719 1.618356 -0.000000
v -0.652964 1.586620 -0.000000
v -0.617846 1.550227 -0.000000
v -0.585427 1.509326 -0.000000
v -0.555765 1.464067 -0.000000
v -0.528923 1.414597 -0.000000
v -0.504959 1.361067 -0.000000
v -0.483934 1.303624 -0.000000
v -0.465909 1.242418 -0.000000
v -0.450944 1.177597 -0.000000
v -0.439098 1.109310 -0.000000
v -0.430433 1.037707 -0.000000
v -0.425009 0.962935 -0.000000
v -0.418573 0.879621 -0.000000
v -0.407854 0.801239 -0.000000
v -0.392991 0.728051 -0.000000
v -0.374122 0.660317 -0.000000
v -0.351388 0.598298 -0.000000
v -0.324926 0.542254 -0.000000
v -0.294875 0.492446 -0.000000
v -0.261376 0.449133 -0.000000
v -0.224565 0.412578 -0.000000
v -0.184584 0.383039 -0.000000
v -0.141569 0.360779 -0.000000
v -0.095661 0.346056 -0.000000
v -0.063750 0.340695 -0.000000
v -0.032089 0.339246 -0.000000
v -0.000851 0.341619 -0.000000
v 0.029795 0.347724 0.000000
v 0.059678 0.357470 0.000000
v 0.088626 0.370767 0.000000
v 0.116470 0.387525 0.000000
v 0.143039 0.407653 0.000000
v 0.168161 0.431062 0.000000
v 0.191666 0.457661 0.000000
v 0.213384 0.487359 0.000000
v 0.233143 0.520067 0.000000
v 0.242903 0.538586 0.000000
v 0.252487 0.558114 0.000000
v 0.261919 0.578581 0.000000
v 0.271223 0.599918 0.000000
v 0.280422 0.622054 0.000000
v 0.289541 0.644919 0.000000
v 0.298603 0.668443 0.000000
v 0.307632 0.692556 0.000000
v 0.316652 0.717189 0.000000
v 0.325687 0.742270 0.000000
v 0.334761 0.767731 0.000000
v 0.343898 0.793501 0.000000
v 0.367906 0.860936 0.000000
v 0.393214 0.929716 0.000000
v 0.420166 0.998483 0.000000
v 0.449105 1.065881 0.000000
v 0.480374 1.130552 0.000000
v 0.514317 1.191141 0.000000
v 0.551275 1.246290 0.000000
v 0.591594 1.294644 0.000000
v 0.635615 1.334844 0.000000
v 0.683682 1.365536 0.000000
v 0.736138 1.385361 0.000000
v 0.793326 1.392964 0.000000
v 0.823599 1.391653 0.000000
v 0.856606 1.386791 0.000000
v 0.891790 1.378487 0.000000
v 0.928597 1.366852 0.000000
v 0.966471 1.351993 0.000000
v 1.004858 1.334021 0.000000
v 1.043200 1.313045 0.000000
v 1.080945 1.289174 0.000000
v 1.117535 1.262517 0.000000
v 1.152417 1.233185 0.000000
v 1.185034 1.201285 0.000000
v 1.214830 1.166928 0.000000
v 1.233134 1.142380 0.000000
v 1.249274 1.117589 0.000000
v 1.263248 1.092564 0.000000
v 1.275054 1.067316 0.000000
v 1.284688 1.041856 0.000000
v 1.292149 1.016194 0.000000
v 1.297434 0.990339 0.000000
v 1.300541 0.964302 0.000000
v 1.301466 0.938093 0.000000
v 1.300209 0.911723 0.000000
v 1.296765 0.885201 0.000000
v 1.291132 0.858539 0.000000
v 1.273895 0.811110 0.000000
v 1.248155 0.768929 0.000000
v 1.214970 0.731583 0.000000
v 1.175400 0.698662 0.000000
v 1.130505 0.669756 0.000000
v 1.081342 0.644455 0.000000
v 1.028972 0.622347 0.000000
v 0.974454 0.603023 0.000000
v 0.918846 0.586072 0.000000
v 0.863208 0.571083 0.000000
v 0.808599 0.557645 0.000000
v 0.756078 0.545349 0.000000
v 0.733470 0.540097 0.000000
v 0.711689 0.534978 0.000000
v 0.690753 0.529941 0.000000
v 0.670682 0.524934 0.000000
v 0.651496 0.519903 0.000000
v 0.633213 0.514798 0.000000
v 0.615852 0.509564 0.000000
v 0.599434 0.504150 0.000000
v 0.583977 0.498503 0.000000
v 0.569501 0.492572 0.000000
v 0.556026 0.486303 0.000000
v 0.543569 0.479644 0.000000
v 0.522308 0.466885 0.000000
v 0.502152 0.453715 0.000000
v 0.483115 0.440150 0.000000
v 0.465212 0.426208 0.000000
v 0.448457 0.411903 0.000000
v 0.432864 0.397252 0.000000
v 0.418448 0.382272 0.000000
v 0.405223 0.366978 0.000000
v 0.393204 0.351386 0.000000
v 0.382405 0.335513 0.000000
v 0.372841 0.319374 0.000000
v 0.364526 0.302987 0.000000
v 0.362941 0.299519 0.000000
v 0.361411 0.296041 0.000000
v 0.359939 0.292555 0.000000
v 0.358523 0.289059 0.000000
v 0.357163 0.285554 0.000000
v 0.355860 0.282039 0.000000
v 0.354612 0.278516 0.000000
v 0.353421 0.274983 0.000000
v 0.352286 0.271441 0.000000
v 0.351207 0.267889 0.000000
v 0.350183 0.264328 0.000000
v 0.349216 0.260758 0.000000
v 0.345699 0.245191 0.000000
v 0.343273 0.229564 0.000000
v 0.341932 0.213902 0.000000
v 0.341675 0.198229 0.000000
v 0.342496 0.182569 0.000000
v 0.344393 0.166947 0.000000
v 0.347361 0.151385 0.000000
v 0.351398 0.135909 0.000000
v 0.356499 0.120543 0.000000
v 0.362661 0.105310 0.000000
v 0.369880 0.090236 0.000000
v 0.378153 0.075343 0.000000
v 0.403512 0.040211 0.000000
v 0.434861 0.009742 0.000000
v 0.471932 -0.016023 0.000000
v 0.514453 -0.037037 0.000000
v 0.562155 -0.053259 0.000000
v 0.614767 -0.064643 0.000000
v 0.672020 -0.071146 0.000000
v 0.733642 -0.072723 0.000000
v 0.799364 -0.069332 0.000000
v 0.868915 -0.060928 0.000000
v 0.942024 -0.047466 0.000000
v 1.018423 -0.028905 0.000000
v 1.095231 -0.011330 0.000000
v 1.176177 0.001018 0.000000
v 1.259921 0.007987 0.000000
v 1.345123 0.009424 0.000000
v 1.430444 0.005175 0.000000
v 1.514545 -0.004912 0.000000
v 1.596085 -0.020990 0.000000
v 1.673725 -0.043213 0.000000
v 1.746125 -0.071733 0.000000
v 1.811946 -0.106703 0.000000
v 1.869848 -0.148277 0.000000
v 1.918491 -0.196607 0.000000
v 1.939550 -0.224471 0.000000
v 1.957021 -0.253767 0.000000
v 1.970903 -0.284480 0.000000
v 1.981195 -0.316596 0.000000
v 1.987897 -0.350101 0.000000
v 1.991009 -0.384981 0.000000
v 1.990531 -0.421223 0.000000
v 1.986462 -0.458811 0.000000
v 1.978802 -0.497733 0.000000
v 1.967550 -0.537974 0.000000
v 1.952707 -0.579520 0.000000
v 1.934271 -0.622356 0.000000
v 1.916636 -0.658083 0.000000
v 1.898227 -0.691152 0.000000
v 1.879053 -0.721555 0.000000
v 1.859122 -0.749286 0.000000
v 1.838442 -0.774335 0.000000
v 1.817023 -0.796695 0.000000
v 1.794871 -0.816357 0.000000
v 1.771997 -0.833313 0.000000
v 1.748407 -0.847556 0.000000
v 1.724112 -0.859077 0.000000
v 1.699118 -0.867868 0.000000
v 1.673434 -0.873922 0.000000
v 1.607611 -0.877837 0.000000
v 1.539277 -0.867811 0.000000
v 1.469397 -0.845840 0.000000
v 1.398941 -0.813921 0.000000
v 1.328875 -0.774052 0.000000
v 1.260166 -0.728230 0.000000
v 1.193783 -0.678454 0.000000
v 1.130691 -0.626720 0.000000
v 1.071860 -0.575026 0.000000
v 1.018255 -0.525369 0.000000
v 0.970845 -0.479747 0.000000
v 0.930596 -0.440157 0.000000
v 0.926072 -0.435693 0.000000
v 0.921642 -0.431321 0.000000
v 0.917305 -0.427043 0.000000
v 0.913063 -0.422862 0.000000
v 0.908916 -0.418781 0.000000
v 0.904867 -0.414803 0.000000
v 0.900916 -0.410931 0.000000
v 0.897063 -0.407167 0.000000
v 0.893310 -0.403515 0.000000
v 0.889659 -0.399976 0.000000
v 0.886109 -0.396555 0.000000
v 0.882663 -0.393253 0.000000
v 0.837613 -0.353831 0.000000
v 0.789892 -0.318743 0.000000
v 0.740180 -0.288166 0.000000
v 0.689160 -0.262278 0.000000
v 0.637511 -0.241256 0.000000
v 0.585916 -0.225279 0.000000
v 0.535055 -0.214524 0.000000
v 0.485609 -0.209168 0.000000
v 0.438260 -0.209389 0.000000
v 0.393689 -0.215365 0.000000
v 0.352576 -0.227274 0.000000
v 0.315603 -0.245293 0.000000
v 0.303887 -0.253025 0.000000
v 0.290732 -0.263214 0.000000
v 0.276833 -0.276032 0.000000
v 0.262884 -0.291651 0.000000
v 0.249579 -0.310242 0.000000
v 0.237613 -0.331979 0.000000
v 0.227681 -0.357034 0.000000
v 0.220476 -0.385578 0.000000
v 0.216693 -0.417784 0.000000
v 0.217027 -0.453824 0.000000
v 0.222171 -0.493871 0.000000
v 0.232821 -0.538097 0.000000
v 0.239222 -0.559280 0.000000
v 0.245948 -0.580460 0.000000
v 0.252967 -0.601626 0.000000
v 0.260243 -0.622766 0.000000
v 0.267743 -0.643873 0.000000
v 0.275433 -0.664934 0.000000
v 0.283280 -0.685940 0.000000
v 0.291248 -0.706881 0.000000
v 0.299305 -0.727746 0.000000
v 0.307417 -0.748526 0.000000
v 0.315548 -0.769209 0.000000
v 0.323667 -0.789787 0.000000
v 0.345418 -0.845087 0.000000
v 0.366489 -0.899989 0.000000
v 0.386405 -0.954612 0.000000
v 0.404687 -1.009070 0.000000
v 0.420860 -1.063482 0.000000
v 0.434447 -1.117964 0.000000
v 0.444970 -1.172633 0.000000
v 0.451955 -1.227606 0.000000
v 0.454923 -1.283000 0.000000
v 0.453399 -1.338932 0.000000
v 0.446906 -1.395518 0.000000
v 0.434966 -1.452876 0.000000
v 0.424003 -1.491233 0.000000
v 0.411293 -1.527749 0.000000
v 0.396891 -1.562348 0.000000
v 0.380849 -1.594959 0.000000
v 0.363220 -1.625509 0.000000
v 0.344059 -1.653923 0.000000
v 0.323418 -1.680129 0.000000
v 0.301350 -1.704053 0.000000
v 0.277908 -1.725622 0.000000
v 0.253147 -1.744763 0.000000
v 0.227119 -1.761402 0.000000
v 0.199877 -1.775467 0.000000
v 0.171003 -1.787084 0.000000
v 0.141006 -1.796002 0.000000
v 0.109940 -1.802224 0.000000
v 0.077857 -1.805757 0.000000
v 0.044812 -1.806604 0.000000
v 0.010856 -1.804772 0.000000
v -0.023957 -1.800264 -0.000000
v -0.059573 -1.793085 -0.000000
v -0.095940 -1.783241 -0.000000
v -0.133005 -1.770736 -0.000000
v -0.170714 -1.755576 -0.000000
v -0.113988 -0.123826 -0.000000
v -0.159558 -0.097639 -0.000000
v -0.194666 -0.069619 -0.000000
v -0.220190 -0.040283 -0.000000
v -0.237007 -0.010150 -0.000000
v -0.245992 0.020261 -0.000000
v -0.248024 0.050432 -0.000000
v -0.243978 0.079844 -0.000000
v -0.234732 0.107979 -0.000000
v -0.221163 0.134318 -0.000000
v -0.204147 0.158344 -0.000000
v -0.184561 0.179536 -0.000000
v -0.163282 0.197378 -0.000000
v -0.139220 0.210438 -0.000000
v -0.111493 0.217792 -0.000000
v -0.081286 0.219703 -0.000000
v -0.049785 0.216432 -0.000000
v -0.018176 0.208241 -0.000000
v 0.012355 0.195393 0.000000
v 0.040622 0.178148 0.000000
v 0.065438 0.156768 0.000000
v 0.085619 0.131516 0.000000
v 0.099977 0.102654 0.000000
v 0.107328 0.070442 0.000000
v 0.106484 0.035143 0.000000
v 0.099259 0.000341 0.000000
v 0.088550 -0.030544 0.000000
v 0.074793 -0.057509 0.000000
v 0.058426 -0.080556 0.000000
v 0.039886 -0.099684 0.000000
v 0.019611 -0.114893 0.000000
v -0.001962 -0.126182 -0.000000
v -0.024395 -0.133552 -0.000000
v -0.047252 -0.137001 -0.000000
v -0.070095 -0.136530 -0.000000
v -0.092486 -0.132139 -0.000000
vn -0.0000 -0.0000 1.0000
s 0
usemtl SVGMat.008
f 1123//2 1121//2 1122//2
f 1123//2 1120//2 1121//2
f 1124//2 1120//2 1123//2
f 1124//2 1119//2 1120//2
f 1125//2 1119//2 1124//2
f 1125//2 1118//2 1119//2
f 1126//2 1118//2 1125//2
f 1126//2 1117//2 1118//2
f 1127//2 1117//2 1126//2
f 1128//2 1117//2 1127//2
f 1128//2 1116//2 1117//2
f 1129//2 1116//2 1128//2
f 1129//2 1115//2 1116//2
f 1130//2 1115//2 1129//2
f 1130//2 1114//2 1115//2
f 1130//2 1891//2 1114//2
f 1891//2 1892//2 1114//2
f 1892//2 1113//2 1114//2
f 1130//2 1890//2 1891//2
f 1893//2 1113//2 1892//2
f 1130//2 1889//2 1890//2
f 1894//2 1113//2 1893//2
f 1131//2 1889//2 1130//2
f 1131//2 1888//2 1889//2
f 1895//2 1113//2 1894//2
f 1895//2 1112//2 1113//2
f 1131//2 1887//2 1888//2
f 1896//2 1112//2 1895//2
f 1131//2 1886//2 1887//2
f 1897//2 1112//2 1896//2
f 1897//2 1111//2 1112//2
f 1131//2 1885//2 1886//2
f 1898//2 1111//2 1897//2
f 1131//2 1884//2 1885//2
f 1898//2 1110//2 1111//2
f 1899//2 1110//2 1898//2
f 1132//2 1884//2 1131//2
f 1900//2 1110//2 1899//2
f 1900//2 1109//2 1110//2
f 1901//2 1109//2 1900//2
f 1132//2 1883//2 1884//2
f 1902//2 1109//2 1901//2
f 1902//2 1108//2 1109//2
f 1903//2 1108//2 1902//2
f 1133//2 1883//2 1132//2
f 1904//2 1108//2 1903//2
f 1904//2 1107//2 1108//2
f 1133//2 1882//2 1883//2
f 1905//2 1107//2 1904//2
f 1905//2 1106//2 1107//2
f 1906//2 1106//2 1905//2
f 1907//2 1106//2 1906//2
f 1134//2 1882//2 1133//2
f 1134//2 1881//2 1882//2
f 1907//2 1105//2 1106//2
f 1908//2 1105//2 1907//2
f 1908//2 1104//2 1105//2
f 1909//2 1104//2 1908//2
f 1134//2 1880//2 1881//2
f 1910//2 1104//2 1909//2
f 1135//2 1880//2 1134//2
f 1910//2 1103//2 1104//2
f 1911//2 1103//2 1910//2
f 1135//2 1879//2 1880//2
f 1136//2 1879//2 1135//2
f 1912//2 1103//2 1911//2
f 1912//2 1102//2 1103//2
f 1136//2 1878//2 1879//2
f 1913//2 1102//2 1912//2
f 1217//2 1215//2 1216//2
f 1218//2 1215//2 1217//2
f 1218//2 1214//2 1215//2
f 1137//2 1878//2 1136//2
f 1219//2 1214//2 1218//2
f 1219//2 1213//2 1214//2
f 1220//2 1213//2 1219//2
f 1220//2 1212//2 1213//2
f 1220//2 1211//2 1212//2
f 1913//2 1101//2 1102//2
f 1220//2 1210//2 1211//2
f 1220//2 1209//2 1210//2
f 1220//2 1208//2 1209//2
f 1221//2 1208//2 1220//2
f 1221//2 1207//2 1208//2
f 1221//2 1206//2 1207//2
f 1221//2 1205//2 1206//2
f 1221//2 1204//2 1205//2
f 1137//2 1877//2 1878//2
f 1221//2 1203//2 1204//2
f 1221//2 1202//2 1203//2
f 1222//2 1202//2 1221//2
f 1222//2 1201//2 1202//2
f 1222//2 1200//2 1201//2
f 1223//2 1200//2 1222//2
f 1914//2 1101//2 1913//2
f 1223//2 1199//2 1200//2
f 1224//2 1199//2 1223//2
f 1225//2 1199//2 1224//2
f 1914//2 1100//2 1101//2
f 1138//2 1877//2 1137//2
f 1225//2 1198//2 1199//2
f 1138//2 1876//2 1877//2
f 1226//2 1198//2 1225//2
f 1915//2 1100//2 1914//2
f 1226//2 1798//2 1198//2
f 1798//2 1799//2 1198//2
f 1799//2 1197//2 1198//2
f 1227//2 1797//2 1226//2
f 1797//2 1798//2 1226//2
f 1227//2 1796//2 1797//2
f 1800//2 1197//2 1799//2
f 1227//2 1795//2 1796//2
f 1801//2 1197//2 1800//2
f 1227//2 1794//2 1795//2
f 1802//2 1197//2 1801//2
f 1227//2 1793//2 1794//2
f 1915//2 1099//2 1100//2
f 1227//2 1792//2 1793//2
f 1803//2 1197//2 1802//2
f 1228//2 1792//2 1227//2
f 1228//2 1791//2 1792//2
f 1139//2 1876//2 1138//2
f 1916//2 1099//2 1915//2
f 1139//2 1875//2 1876//2
f 1803//2 1196//2 1197//2
f 1228//2 1790//2 1791//2
f 1804//2 1196//2 1803//2
f 1228//2 1789//2 1790//2
f 1229//2 1789//2 1228//2
f 1805//2 1196//2 1804//2
f 1229//2 1788//2 1789//2
f 1805//2 1195//2 1196//2
f 1916//2 1098//2 1099//2
f 1917//2 1098//2 1916//2
f 1229//2 1787//2 1788//2
f 1230//2 1787//2 1229//2
f 1139//2 1874//2 1875//2
f 1806//2 1195//2 1805//2
f 1140//2 1874//2 1139//2
f 1230//2 1786//2 1787//2
f 1806//2 1194//2 1195//2
f 1231//2 1786//2 1230//2
f 1918//2 1098//2 1917//2
f 1807//2 1194//2 1806//2
f 1918//2 1097//2 1098//2
f 1231//2 1785//2 1786//2
f 1140//2 1873//2 1874//2
f 1807//2 1193//2 1194//2
f 1232//2 1785//2 1231//2
f 1808//2 1193//2 1807//2
f 1232//2 1784//2 1785//2
f 1919//2 1097//2 1918//2
f 1141//2 1873//2 1140//2
f 1919//2 1096//2 1097//2
f 1232//2 1783//2 1784//2
f 1233//2 1783//2 1232//2
f 1809//2 1193//2 1808//2
f 1809//2 1192//2 1193//2
f 1141//2 1872//2 1873//2
f 1920//2 1096//2 1919//2
f 1233//2 1782//2 1783//2
f 1234//2 1782//2 1233//2
f 1920//2 1095//2 1096//2
f 1142//2 1872//2 1141//2
f 1810//2 1192//2 1809//2
f 1921//2 1095//2 1920//2
f 1234//2 1781//2 1782//2
f 1810//2 1191//2 1192//2
f 1142//2 1871//2 1872//2
f 1235//2 1781//2 1234//2
f 1922//2 1095//2 1921//2
f 1235//2 1780//2 1781//2
f 1923//2 1095//2 1922//2
f 1924//2 1095//2 1923//2
f 1924//2 1094//2 1095//2
f 1811//2 1191//2 1810//2
f 1925//2 1094//2 1924//2
f 1926//2 1094//2 1925//2
f 1143//2 1871//2 1142//2
f 1927//2 1094//2 1926//2
f 1811//2 1190//2 1191//2
f 1928//2 1094//2 1927//2
f 1929//2 1094//2 1928//2
f 1930//2 1094//2 1929//2
f 1931//2 1094//2 1930//2
f 1235//2 1779//2 1780//2
f 1932//2 1094//2 1931//2
f 1933//2 1094//2 1932//2
f 1236//2 1779//2 1235//2
f 1934//2 1094//2 1933//2
f 1143//2 1870//2 1871//2
f 1934//2 1093//2 1094//2
f 1812//2 1190//2 1811//2
f 1236//2 1778//2 1779//2
f 1144//2 1870//2 1143//2
f 1812//2 1189//2 1190//2
f 1935//2 1093//2 1934//2
f 1237//2 1778//2 1236//2
f 1237//2 1777//2 1778//2
f 1935//2 1092//2 1093//2
f 1935//2 1091//2 1092//2
f 1813//2 1189//2 1812//2
f 1935//2 1090//2 1091//2
f 1935//2 1089//2 1090//2
f 1145//2 1870//2 1144//2
f 1935//2 1088//2 1089//2
f 1145//2 1869//2 1870//2
f 1935//2 1087//2 1088//2
f 1237//2 1776//2 1777//2
f 1813//2 1188//2 1189//2
f 1935//2 1086//2 1087//2
f 1238//2 1776//2 1237//2
f 1936//2 1086//2 1935//2
f 1936//2 1085//2 1086//2
f 1936//2 1084//2 1085//2
f 1936//2 1083//2 1084//2
f 1936//2 1082//2 1083//2
f 1813//2 1187//2 1188//2
f 1936//2 1081//2 1082//2
f 1936//2 1080//2 1081//2
f 1813//2 1186//2 1187//2
f 1814//2 1186//2 1813//2
f 1146//2 1869//2 1145//2
f 1814//2 1185//2 1186//2
f 1937//2 1080//2 1936//2
f 1238//2 1775//2 1776//2
f 1937//2 1079//2 1080//2
f 1146//2 1868//2 1869//2
f 1815//2 1185//2 1814//2
f 1815//2 1184//2 1185//2
f 1816//2 1184//2 1815//2
f 1816//2 1183//2 1184//2
f 1239//2 1775//2 1238//2
f 1147//2 1868//2 1146//2
f 1937//2 1078//2 1079//2
f 1816//2 1182//2 1183//2
f 1817//2 1182//2 1816//2
f 1938//2 1078//2 1937//2
f 1239//2 1774//2 1775//2
f 1817//2 1181//2 1182//2
f 1147//2 1867//2 1868//2
f 1818//2 1181//2 1817//2
f 1818//2 1180//2 1181//2
f 1938//2 1077//2 1078//2
f 1148//2 1867//2 1147//2
f 1818//2 1179//2 1180//2
f 1819//2 1179//2 1818//2
f 1819//2 1178//2 1179//2
f 1939//2 1077//2 1938//2
f 1239//2 1773//2 1774//2
f 1820//2 1178//2 1819//2
f 1820//2 1177//2 1178//2
f 1240//2 1773//2 1239//2
f 1149//2 1867//2 1148//2
f 1939//2 1076//2 1077//2
f 1820//2 1176//2 1177//2
f 1037//2 1035//2 1036//2
f 1821//2 1176//2 1820//2
f 1037//2 1034//2 1035//2
f 1149//2 1866//2 1867//2
f 1038//2 1034//2 1037//2
f 1821//2 1175//2 1176//2
f 1038//2 1033//2 1034//2
f 1039//2 1033//2 1038//2
f 1822//2 1175//2 1821//2
f 1150//2 1866//2 1149//2
f 1040//2 1033//2 1039//2
f 1822//2 1174//2 1175//2
f 1040//2 1032//2 1033//2
f 1240//2 1772//2 1773//2
f 1939//2 1075//2 1076//2
f 1940//2 1075//2 1939//2
f 1823//2 1174//2 1822//2
f 1823//2 1173//2 1174//2
f 1041//2 1032//2 1040//2
f 1041//2 1031//2 1032//2
f 1824//2 1173//2 1823//2
f 1151//2 1866//2 1150//2
f 1824//2 1172//2 1173//2
f 1241//2 1772//2 1240//2
f 1151//2 1865//2 1866//2
f 1042//2 1031//2 1041//2
f 1042//2 1030//2 1031//2
f 1940//2 1074//2 1075//2
f 1825//2 1172//2 1824//2
f 1825//2 1171//2 1172//2
f 1241//2 1771//2 1772//2
f 1152//2 1865//2 1151//2
f 1825//2 1170//2 1171//2
f 1826//2 1170//2 1825//2
f 1042//2 1029//2 1030//2
f 1043//2 1029//2 1042//2
f 1826//2 1169//2 1170//2
f 1941//2 1074//2 1940//2
f 1153//2 1865//2 1152//2
f 1826//2 1168//2 1169//2
f 1941//2 1073//2 1074//2
f 1827//2 1168//2 1826//2
f 1827//2 1167//2 1168//2
f 1043//2 1028//2 1029//2
f 1044//2 1028//2 1043//2
f 1154//2 1865//2 1153//2
f 1154//2 1864//2 1865//2
f 1241//2 1770//2 1771//2
f 1827//2 1166//2 1167//2
f 1155//2 1864//2 1154//2
f 1156//2 1864//2 1155//2
f 1827//2 1165//2 1166//2
f 1157//2 1864//2 1156//2
f 1158//2 1864//2 1157//2
f 1827//2 1164//2 1165//2
f 1827//2 1163//2 1164//2
f 1159//2 1864//2 1158//2
f 1827//2 1162//2 1163//2
f 1160//2 1864//2 1159//2
f 1827//2 1161//2 1162//2
f 1161//2 1864//2 1160//2
f 1827//2 1864//2 1161//2
f 1242//2 1770//2 1241//2
f 1828//2 1864//2 1827//2
f 1045//2 1028//2 1044//2
f 1045//2 1027//2 1028//2
f 1941//2 1072//2 1073//2
f 1942//2 1072//2 1941//2
f 1829//2 1864//2 1828//2
f 1242//2 1769//2 1770//2
f 1046//2 1027//2 1045//2
f 1829//2 1863//2 1864//2
f 1046//2 1978//2 1027//2
f 1978//2 1979//2 1027//2
f 1979//2 1026//2 1027//2
f 1047//2 1978//2 1046//2
f 1830//2 1863//2 1829//2
f 1942//2 1071//2 1072//2
f 1048//2 1978//2 1047//2
f 1048//2 1977//2 1978//2
f 1980//2 1026//2 1979//2
f 1048//2 1976//2 1977//2
f 1049//2 1976//2 1048//2
f 1242//2 1768//2 1769//2
f 1831//2 1863//2 1830//2
f 1243//2 1768//2 1242//2
f 1981//2 1026//2 1980//2
f 1049//2 1975//2 1976//2
f 1050//2 1975//2 1049//2
f 1981//2 1025//2 1026//2
f 1943//2 1071//2 1942//2
f 1943//2 1070//2 1071//2
f 1051//2 1975//2 1050//2
f 1982//2 1025//2 1981//2
f 1831//2 1862//2 1863//2
f 1051//2 1974//2 1975//2
f 1832//2 1862//2 1831//2
f 1052//2 1974//2 1051//2
f 1983//2 1025//2 1982//2
f 1052//2 1973//2 1974//2
f 1053//2 1973//2 1052//2
f 1243//2 1767//2 1768//2
f 1833//2 1862//2 1832//2
f 1943//2 1069//2 1070//2
f 1054//2 1973//2 1053//2
f 1984//2 1025//2 1983//2
f 1984//2 1024//2 1025//2
f 1055//2 1973//2 1054//2
f 1834//2 1862//2 1833//2
f 1055//2 1972//2 1973//2
f 1834//2 1861//2 1862//2
f 1056//2 1972//2 1055//2
f 1943//2 1068//2 1069//2
f 1244//2 1767//2 1243//2
f 1985//2 1024//2 1984//2
f 1057//2 1972//2 1056//2
f 1944//2 1068//2 1943//2
f 1944//2 1067//2 1068//2
f 1244//2 1766//2 1767//2
f 1835//2 1861//2 1834//2
f 1058//2 1972//2 1057//2
f 1944//2 1066//2 1067//2
f 1058//2 1971//2 1972//2
f 1059//2 1971//2 1058//2
f 1944//2 1065//2 1066//2
f 1060//2 1971//2 1059//2
f 1836//2 1861//2 1835//2
f 1061//2 1971//2 1060//2
f 1944//2 1064//2 1065//2
f 1986//2 1024//2 1985//2
f 1062//2 1971//2 1061//2
f 1944//2 1063//2 1064//2
f 1063//2 1971//2 1062//2
f 1944//2 1971//2 1063//2
f 1836//2 1860//2 1861//2
f 1986//2 1023//2 1024//2
f 1837//2 1860//2 1836//2
f 1837//2 1859//2 1860//2
f 1244//2 1765//2 1766//2
f 1944//2 1970//2 1971//2
f 1838//2 1859//2 1837//2
f 1987//2 1023//2 1986//2
f 1839//2 1859//2 1838//2
f 1839//2 1858//2 1859//2
f 1840//2 1858//2 1839//2
f 1841//2 1858//2 1840//2
f 1842//2 1858//2 1841//2
f 1843//2 1858//2 1842//2
f 1843//2 1857//2 1858//2
f 1844//2 1857//2 1843//2
f 1845//2 1857//2 1844//2
f 1245//2 1765//2 1244//2
f 1846//2 1857//2 1845//2
f 1945//2 1970//2 1944//2
f 1847//2 1857//2 1846//2
f 1847//2 1856//2 1857//2
f 1848//2 1856//2 1847//2
f 1849//2 1856//2 1848//2
f 1850//2 1856//2 1849//2
f 1850//2 1855//2 1856//2
f 1851//2 1855//2 1850//2
f 1945//2 1969//2 1970//2
f 1851//2 1854//2 1855//2
f 1988//2 1023//2 1987//2
f 1245//2 1764//2 1765//2
f 1852//2 1854//2 1851//2
f 1852//2 1853//2 1854//2
f 1988//2 1022//2 1023//2
f 1245//2 1763//2 1764//2
f 1245//2 1762//2 1763//2
f 1945//2 1968//2 1969//2
f 1989//2 1022//2 1988//2
f 1245//2 1761//2 1762//2
f 1946//2 1968//2 1945//2
f 1946//2 1967//2 1968//2
f 1246//2 1761//2 1245//2
f 1246//2 1760//2 1761//2
f 1946//2 1966//2 1967//2
f 1989//2 1021//2 1022//2
f 1947//2 1966//2 1946//2
f 1990//2 1021//2 1989//2
f 1947//2 1965//2 1966//2
f 1246//2 1759//2 1760//2
f 1947//2 1964//2 1965//2
f 1948//2 1964//2 1947//2
f 1246//2 1758//2 1759//2
f 1948//2 1963//2 1964//2
f 1246//2 1757//2 1758//2
f 1247//2 1757//2 1246//2
f 1991//2 1021//2 1990//2
f 1949//2 1963//2 1948//2
f 1949//2 1962//2 1963//2
f 1247//2 1756//2 1757//2
f 1949//2 1961//2 1962//2
f 1991//2 1512//2 1021//2
f 1950//2 1961//2 1949//2
f 1247//2 1755//2 1756//2
f 1950//2 1960//2 1961//2
f 1992//2 1512//2 1991//2
f 1950//2 1959//2 1960//2
f 1247//2 1754//2 1755//2
f 1951//2 1959//2 1950//2
f 1248//2 1754//2 1247//2
f 1951//2 1958//2 1959//2
f 1248//2 1753//2 1754//2
f 1951//2 1957//2 1958//2
f 1992//2 1511//2 1512//2
f 1952//2 1957//2 1951//2
f 1248//2 1752//2 1753//2
f 1952//2 1956//2 1957//2
f 1953//2 1956//2 1952//2
f 1993//2 1511//2 1992//2
f 1953//2 1955//2 1956//2
f 1954//2 1955//2 1953//2
f 1249//2 1752//2 1248//2
f 1249//2 1751//2 1752//2
f 1993//2 1510//2 1511//2
f 1994//2 1510//2 1993//2
f 1249//2 1750//2 1751//2
f 1250//2 1750//2 1249//2
f 1251//2 1750//2 1250//2
f 1252//2 1750//2 1251//2
f 1995//2 1510//2 1994//2
f 1995//2 1509//2 1510//2
f 1252//2 1749//2 1750//2
f 1253//2 1749//2 1252//2
f 1254//2 1749//2 1253//2
f 1255//2 1749//2 1254//2
f 1255//2 1748//2 1749//2
f 1996//2 1509//2 1995//2
f 1256//2 1748//2 1255//2
f 1257//2 1748//2 1256//2
f 1996//2 1508//2 1509//2
f 1258//2 1748//2 1257//2
f 1258//2 1747//2 1748//2
f 1259//2 1747//2 1258//2
f 1997//2 1508//2 1996//2
f 1260//2 1747//2 1259//2
f 2027//2 2029//2 2028//2
f 2027//2 2030//2 2029//2
f 2026//2 2030//2 2027//2
f 2026//2 2031//2 2030//2
f 1261//2 1747//2 1260//2
f 1262//2 1747//2 1261//2
f 1997//2 1507//2 1508//2
f 1262//2 1746//2 1747//2
f 2026//2 2032//2 2031//2
f 2025//2 2032//2 2026//2
f 1263//2 1746//2 1262//2
f 1998//2 1507//2 1997//2
f 2025//2 2033//2 2032//2
f 1264//2 1746//2 1263//2
f 2024//2 2033//2 2025//2
f 1264//2 1745//2 1746//2
f 1265//2 1745//2 1264//2
f 2024//2 2034//2 2033//2
f 1266//2 1745//2 1265//2
f 1998//2 1506//2 1507//2
f 1999//2 1506//2 1998//2
f 2023//2 2034//2 2024//2
f 2023//2 2035//2 2034//2
f 1267//2 1745//2 1266//2
f 1267//2 1744//2 1745//2
f 1268//2 1744//2 1267//2
f 2023//2 2036//2 2035//2
f 2022//2 2036//2 2023//2
f 2000//2 1506//2 1999//2
f 1269//2 1744//2 1268//2
f 1269//2 1743//2 1744//2
f 2000//2 1505//2 1506//2
f 2022//2 2037//2 2036//2
f 1270//2 1743//2 1269//2
f 1271//2 1743//2 1270//2
f 2021//2 2037//2 2022//2
f 2001//2 1505//2 2000//2
f 2021//2 2038//2 2037//2
f 1272//2 1743//2 1271//2
f 1272//2 1742//2 1743//2
f 1273//2 1742//2 1272//2
f 2021//2 2039//2 2038//2
f 2020//2 2039//2 2021//2
f 2001//2 1504//2 1505//2
f 1274//2 1742//2 1273//2
f 2002//2 1504//2 2001//2
f 1274//2 1741//2 1742//2
f 2020//2 2040//2 2039//2
f 1275//2 1741//2 1274//2
f 2019//2 2040//2 2020//2
f 2019//2 2005//2 2040//2
f 1275//2 1740//2 1741//2
f 2003//2 1504//2 2002//2
f 1276//2 1740//2 1275//2
f 2003//2 1503//2 1504//2
f 2018//2 2005//2 2019//2
f 2018//2 2006//2 2005//2
f 1277//2 1740//2 1276//2
f 2004//2 1503//2 2003//2
f 2017//2 2006//2 2018//2
f 1277//2 1739//2 1740//2
f 1278//2 1739//2 1277//2
f 2017//2 2007//2 2006//2
f 2004//2 1502//2 1503//2
f 2016//2 2007//2 2017//2
f 1279//2 1739//2 1278//2
f 1513//2 1502//2 2004//2
f 1547//2 1545//2 1546//2
f 1547//2 1544//2 1545//2
f 1548//2 1544//2 1547//2
f 1548//2 1543//2 1544//2
f 1549//2 1543//2 1548//2
f 2015//2 2007//2 2016//2
f 1279//2 1738//2 1739//2
f 1280//2 1738//2 1279//2
f 1549//2 1542//2 1543//2
f 1550//2 1542//2 1549//2
f 2015//2 2008//2 2007//2
f 1551//2 1542//2 1550//2
f 1551//2 1541//2 1542//2
f 2014//2 2008//2 2015//2
f 1281//2 1738//2 1280//2
f 1552//2 1541//2 1551//2
f 1514//2 1502//2 1513//2
f 1553//2 1541//2 1552//2
f 1514//2 1501//2 1502//2
f 1553//2 1540//2 1541//2
f 2014//2 2009//2 2008//2
f 2013//2 2009//2 2014//2
f 1282//2 1738//2 1281//2
f 1282//2 1737//2 1738//2
f 1554//2 1540//2 1553//2
f 2012//2 2009//2 2013//2
f 1283//2 1737//2 1282//2
f 2012//2 2010//2 2009//2
f 1554//2 1539//2 1540//2
f 1515//2 1501//2 1514//2
f 2011//2 2010//2 2012//2
f 1555//2 1539//2 1554//2
f 1284//2 1737//2 1283//2
f 1285//2 1737//2 1284//2
f 1556//2 1539//2 1555//2
f 1285//2 1736//2 1737//2
f 1286//2 1736//2 1285//2
f 1556//2 1538//2 1539//2
f 1287//2 1736//2 1286//2
f 1516//2 1501//2 1515//2
f 1557//2 1538//2 1556//2
f 1288//2 1736//2 1287//2
f 1516//2 1500//2 1501//2
f 1557//2 1537//2 1538//2
f 1289//2 1736//2 1288//2
f 1558//2 1537//2 1557//2
f 1289//2 1735//2 1736//2
f 1517//2 1500//2 1516//2
f 1290//2 1735//2 1289//2
f 1559//2 1537//2 1558//2
f 1517//2 1499//2 1500//2
f 1290//2 1734//2 1735//2
f 1559//2 1468//2 1537//2
f 1468//2 1536//2 1537//2
f 1518//2 1499//2 1517//2
f 1560//2 1467//2 1559//2
f 1467//2 1468//2 1559//2
f 1469//2 1536//2 1468//2
f 1560//2 1466//2 1467//2
f 1291//2 1734//2 1290//2
f 1470//2 1536//2 1469//2
f 1560//2 1465//2 1466//2
f 1471//2 1536//2 1470//2
f 1560//2 1464//2 1465//2
f 1560//2 1463//2 1464//2
f 1519//2 1499//2 1518//2
f 1291//2 1733//2 1734//2
f 1472//2 1536//2 1471//2
f 1560//2 1462//2 1463//2
f 1561//2 1462//2 1560//2
f 1472//2 1535//2 1536//2
f 1561//2 1461//2 1462//2
f 1292//2 1733//2 1291//2
f 1519//2 1498//2 1499//2
f 1473//2 1535//2 1472//2
f 1561//2 1460//2 1461//2
f 1520//2 1498//2 1519//2
f 1561//2 1459//2 1460//2
f 1292//2 1732//2 1733//2
f 1474//2 1535//2 1473//2
f 1562//2 1459//2 1561//2
f 1562//2 1458//2 1459//2
f 1474//2 1534//2 1535//2
f 1562//2 1457//2 1458//2
f 1521//2 1498//2 1520//2
f 1293//2 1732//2 1292//2
f 1293//2 1731//2 1732//2
f 1475//2 1534//2 1474//2
f 1562//2 1456//2 1457//2
f 1521//2 1497//2 1498//2
f 1562//2 1455//2 1456//2
f 1475//2 1533//2 1534//2
f 1293//2 1730//2 1731//2
f 1522//2 1497//2 1521//2
f 1476//2 1533//2 1475//2
f 1562//2 1454//2 1455//2
f 1293//2 1729//2 1730//2
f 1523//2 1497//2 1522//2
f 1294//2 1729//2 1293//2
f 1294//2 1728//2 1729//2
f 1476//2 1532//2 1533//2
f 1562//2 1453//2 1454//2
f 1294//2 1727//2 1728//2
f 1523//2 1496//2 1497//2
f 1524//2 1496//2 1523//2
f 1477//2 1532//2 1476//2
f 1563//2 1453//2 1562//2
f 1294//2 1726//2 1727//2
f 1563//2 1452//2 1453//2
f 1477//2 1531//2 1532//2
f 1668//2 1666//2 1667//2
f 1668//2 1665//2 1666//2
f 1669//2 1665//2 1668//2
f 1669//2 1664//2 1665//2
f 1525//2 1496//2 1524//2
f 1670//2 1664//2 1669//2
f 1670//2 1663//2 1664//2
f 1294//2 1725//2 1726//2
f 1670//2 1662//2 1663//2
f 1477//2 1530//2 1531//2
f 1526//2 1496//2 1525//2
f 1295//2 1725//2 1294//2
f 1671//2 1662//2 1670//2
f 1671//2 1661//2 1662//2
f 1478//2 1530//2 1477//2
f 1295//2 1724//2 1725//2
f 1526//2 1495//2 1496//2
f 1478//2 1529//2 1530//2
f 1527//2 1495//2 1526//2
f 1671//2 1660//2 1661//2
f 1478//2 1528//2 1529//2
f 1528//2 1495//2 1527//2
f 1563//2 1451//2 1452//2
f 1478//2 1495//2 1528//2
f 1671//2 1659//2 1660//2
f 1672//2 1659//2 1671//2
f 1295//2 1723//2 1724//2
f 1672//2 1658//2 1659//2
f 1478//2 1494//2 1495//2
f 1564//2 1451//2 1563//2
f 1479//2 1494//2 1478//2
f 1296//2 1723//2 1295//2
f 1296//2 1722//2 1723//2
f 1672//2 1657//2 1658//2
f 1564//2 1450//2 1451//2
f 1673//2 1657//2 1672//2
f 1673//2 1656//2 1657//2
f 1479//2 1493//2 1494//2
f 1296//2 1721//2 1722//2
f 1480//2 1493//2 1479//2
f 1674//2 1656//2 1673//2
f 1564//2 1449//2 1450//2
f 1297//2 1721//2 1296//2
f 1480//2 1492//2 1493//2
f 1565//2 1449//2 1564//2
f 1297//2 1720//2 1721//2
f 1481//2 1492//2 1480//2
f 1674//2 1655//2 1656//2
f 1481//2 1491//2 1492//2
f 1565//2 1448//2 1449//2
f 1675//2 1347//2 1674//2
f 1347//2 1348//2 1674//2
f 1348//2 1655//2 1674//2
f 1482//2 1491//2 1481//2
f 1297//2 1719//2 1720//2
f 1482//2 1490//2 1491//2
f 1298//2 1719//2 1297//2
f 1482//2 1489//2 1490//2
f 1483//2 1489//2 1482//2
f 1675//2 1346//2 1347//2
f 1349//2 1655//2 1348//2
f 1675//2 1345//2 1346//2
f 1350//2 1655//2 1349//2
f 1566//2 1448//2 1565//2
f 1675//2 1344//2 1345//2
f 1351//2 1655//2 1350//2
f 1352//2 1655//2 1351//2
f 1566//2 1447//2 1448//2
f 1675//2 1343//2 1344//2
f 1352//2 1654//2 1655//2
f 1353//2 1654//2 1352//2
f 1483//2 1488//2 1489//2
f 1354//2 1654//2 1353//2
f 1298//2 1718//2 1719//2
f 1484//2 1488//2 1483//2
f 1675//2 1342//2 1343//2
f 1355//2 1654//2 1354//2
f 1356//2 1654//2 1355//2
f 1484//2 1487//2 1488//2
f 1299//2 1718//2 1298//2
f 1676//2 1342//2 1675//2
f 1485//2 1487//2 1484//2
f 1676//2 1341//2 1342//2
f 1357//2 1654//2 1356//2
f 1485//2 1486//2 1487//2
f 1358//2 1654//2 1357//2
f 1566//2 1446//2 1447//2
f 1676//2 1340//2 1341//2
f 1299//2 1717//2 1718//2
f 1300//2 1717//2 1299//2
f 1567//2 1446//2 1566//2
f 1359//2 1654//2 1358//2
f 1359//2 1653//2 1654//2
f 1676//2 1339//2 1340//2
f 1677//2 1339//2 1676//2
f 1567//2 1445//2 1446//2
f 1300//2 1716//2 1717//2
f 1360//2 1653//2 1359//2
f 1301//2 1716//2 1300//2
f 1677//2 1338//2 1339//2
f 1568//2 1445//2 1567//2
f 1301//2 1715//2 1716//2
f 1568//2 1444//2 1445//2
f 1360//2 1652//2 1653//2
f 1361//2 1652//2 1360//2
f 1302//2 1715//2 1301//2
f 1302//2 1714//2 1715//2
f 1678//2 1338//2 1677//2
f 1678//2 1337//2 1338//2
f 1568//2 1443//2 1444//2
f 1569//2 1443//2 1568//2
f 1362//2 1652//2 1361//2
f 1302//2 1713//2 1714//2
f 1303//2 1713//2 1302//2
f 1362//2 1651//2 1652//2
f 1569//2 1442//2 1443//2
f 1303//2 1712//2 1713//2
f 1678//2 1336//2 1337//2
f 1363//2 1651//2 1362//2
f 1570//2 1442//2 1569//2
f 1304//2 1712//2 1303//2
f 1679//2 1336//2 1678//2
f 1570//2 1441//2 1442//2
f 1304//2 1711//2 1712//2
f 1363//2 1650//2 1651//2
f 1570//2 1440//2 1441//2
f 1304//2 1710//2 1711//2
f 1570//2 1439//2 1440//2
f 1364//2 1650//2 1363//2
f 1305//2 1710//2 1304//2
f 1570//2 1438//2 1439//2
f 1571//2 1438//2 1570//2
f 1571//2 1437//2 1438//2
f 1679//2 1335//2 1336//2
f 1571//2 1436//2 1437//2
f 1571//2 1435//2 1436//2
f 1305//2 1709//2 1710//2
f 1571//2 1434//2 1435//2
f 1571//2 1433//2 1434//2
f 1571//2 1432//2 1433//2
f 1680//2 1335//2 1679//2
f 1571//2 1431//2 1432//2
f 1306//2 1709//2 1305//2
f 1365//2 1650//2 1364//2
f 1571//2 1430//2 1431//2
f 1365//2 1649//2 1650//2
f 1572//2 1430//2 1571//2
f 1572//2 1429//2 1430//2
f 1306//2 1708//2 1709//2
f 1572//2 1428//2 1429//2
f 1306//2 1707//2 1708//2
f 1307//2 1707//2 1306//2
f 1680//2 1334//2 1335//2
f 1572//2 1427//2 1428//2
f 1366//2 1649//2 1365//2
f 1573//2 1427//2 1572//2
f 1366//2 1648//2 1649//2
f 1307//2 1706//2 1707//2
f 1681//2 1334//2 1680//2
f 1573//2 1426//2 1427//2
f 1308//2 1706//2 1307//2
f 1574//2 1426//2 1573//2
f 1575//2 1426//2 1574//2
f 1367//2 1648//2 1366//2
f 1576//2 1426//2 1575//2
f 1308//2 1705//2 1706//2
f 1577//2 1426//2 1576//2
f 1578//2 1426//2 1577//2
f 1579//2 1426//2 1578//2
f 1580//2 1426//2 1579//2
f 1581//2 1426//2 1580//2
f 1581//2 1425//2 1426//2
f 1309//2 1705//2 1308//2
f 1367//2 1647//2 1648//2
f 1582//2 1425//2 1581//2
f 1309//2 1704//2 1705//2
f 1583//2 1425//2 1582//2
f 1681//2 1333//2 1334//2
f 1584//2 1425//2 1583//2
f 1585//2 1425//2 1584//2
f 1368//2 1647//2 1367//2
f 1586//2 1425//2 1585//2
f 1587//2 1425//2 1586//2
f 1587//2 1424//2 1425//2
f 1310//2 1704//2 1309//2
f 1682//2 1333//2 1681//2
f 1310//2 1703//2 1704//2
f 1368//2 1646//2 1647//2
f 1588//2 1424//2 1587//2
f 1369//2 1646//2 1368//2
f 1310//2 1702//2 1703//2
f 1588//2 1423//2 1424//2
f 1589//2 1423//2 1588//2
f 1683//2 1333//2 1682//2
f 1311//2 1702//2 1310//2
f 1370//2 1646//2 1369//2
f 1683//2 1332//2 1333//2
f 1590//2 1423//2 1589//2
f 1370//2 1645//2 1646//2
f 1311//2 1701//2 1702//2
f 1371//2 1645//2 1370//2
f 1684//2 1332//2 1683//2
f 1590//2 1422//2 1423//2
f 1591//2 1422//2 1590//2
f 1372//2 1645//2 1371//2
f 1312//2 1701//2 1311//2
f 1312//2 1700//2 1701//2
f 1685//2 1332//2 1684//2
f 1373//2 1645//2 1372//2
f 1373//2 1644//2 1645//2
f 1685//2 1331//2 1332//2
f 1591//2 1421//2 1422//2
f 1592//2 1421//2 1591//2
f 1312//2 1699//2 1700//2
f 1374//2 1644//2 1373//2
f 1374//2 1643//2 1644//2
f 1686//2 1331//2 1685//2
f 1313//2 1699//2 1312//2
f 1375//2 1643//2 1374//2
f 1375//2 1642//2 1643//2
f 1313//2 1698//2 1699//2
f 1593//2 1421//2 1592//2
f 1376//2 1642//2 1375//2
f 1376//2 1641//2 1642//2
f 1686//2 1330//2 1331//2
f 1593//2 1420//2 1421//2
f 1687//2 1330//2 1686//2
f 1313//2 1697//2 1698//2
f 1377//2 1641//2 1376//2
f 1377//2 1640//2 1641//2
f 1314//2 1697//2 1313//2
f 1594//2 1420//2 1593//2
f 1688//2 1330//2 1687//2
f 1314//2 1696//2 1697//2
f 1377//2 1639//2 1640//2
f 1378//2 1639//2 1377//2
f 1689//2 1330//2 1688//2
f 1689//2 1329//2 1330//2
f 1594//2 1419//2 1420//2
f 1314//2 1695//2 1696//2
f 1378//2 1638//2 1639//2
f 1379//2 1638//2 1378//2
f 1595//2 1419//2 1594//2
f 1690//2 1329//2 1689//2
f 1315//2 1695//2 1314//2
f 1315//2 1694//2 1695//2
f 1379//2 1637//2 1638//2
f 1380//2 1637//2 1379//2
f 1691//2 1329//2 1690//2
f 1315//2 1693//2 1694//2
f 1692//2 1329//2 1691//2
f 1315//2 1692//2 1693//2
f 1315//2 1329//2 1692//2
f 1380//2 1636//2 1637//2
f 1381//2 1636//2 1380//2
f 1315//2 1328//2 1329//2
f 1595//2 1418//2 1419//2
f 1596//2 1418//2 1595//2
f 1381//2 1635//2 1636//2
f 1316//2 1328//2 1315//2
f 1382//2 1635//2 1381//2
f 1382//2 1634//2 1635//2
f 1316//2 1327//2 1328//2
f 1382//2 1633//2 1634//2
f 1317//2 1327//2 1316//2
f 1597//2 1418//2 1596//2
f 1382//2 1632//2 1633//2
f 1597//2 1417//2 1418//2
f 1383//2 1632//2 1382//2
f 1317//2 1326//2 1327//2
f 1318//2 1326//2 1317//2
f 1598//2 1417//2 1597//2
f 1383//2 1631//2 1632//2
f 1318//2 1325//2 1326//2
f 1319//2 1325//2 1318//2
f 1598//2 1416//2 1417//2
f 1384//2 1631//2 1383//2
f 1319//2 1324//2 1325//2
f 1320//2 1324//2 1319//2
f 1599//2 1416//2 1598//2
f 1384//2 1630//2 1631//2
f 1320//2 1323//2 1324//2
f 1321//2 1323//2 1320//2
f 1321//2 1322//2 1323//2
f 1599//2 1415//2 1416//2
f 1600//2 1415//2 1599//2
f 1384//2 1629//2 1630//2
f 1385//2 1629//2 1384//2
f 1385//2 1628//2 1629//2
f 1601//2 1415//2 1600//2
f 1601//2 1414//2 1415//2
f 1386//2 1628//2 1385//2
f 1386//2 1627//2 1628//2
f 1602//2 1414//2 1601//2
f 1602//2 1413//2 1414//2
f 1386//2 1626//2 1627//2
f 1603//2 1413//2 1602//2
f 1387//2 1626//2 1386//2
f 1387//2 1625//2 1626//2
f 1604//2 1413//2 1603//2
f 1604//2 1412//2 1413//2
f 1388//2 1625//2 1387//2
f 1388//2 1624//2 1625//2
f 1605//2 1412//2 1604//2
f 1388//2 1623//2 1624//2
f 1605//2 1411//2 1412//2
f 1606//2 1411//2 1605//2
f 1389//2 1623//2 1388//2
f 1389//2 1622//2 1623//2
f 1607//2 1411//2 1606//2
f 1607//2 1410//2 1411//2
f 1389//2 1621//2 1622//2
f 1390//2 1621//2 1389//2
f 1608//2 1410//2 1607//2
f 1390//2 1620//2 1621//2
f 1609//2 1410//2 1608//2
f 1609//2 1409//2 1410//2
f 1391//2 1620//2 1390//2
f 1610//2 1409//2 1609//2
f 1391//2 1619//2 1620//2
f 1611//2 1409//2 1610//2
f 1611//2 1408//2 1409//2
f 1391//2 1618//2 1619//2
f 1392//2 1618//2 1391//2
f 1612//2 1408//2 1611//2
f 1392//2 1617//2 1618//2
f 1613//2 1408//2 1612//2
f 1613//2 1407//2 1408//2
f 1392//2 1616//2 1617//2
f 1614//2 1407//2 1613//2
f 1393//2 1616//2 1392//2
f 1393//2 1615//2 1616//2
f 1615//2 1407//2 1614//2
f 1393//2 1407//2 1615//2
f 1393//2 1406//2 1407//2
f 1394//2 1406//2 1393//2
f 1394//2 1405//2 1406//2
f 1395//2 1405//2 1394//2
f 1395//2 1404//2 1405//2
f 1396//2 1404//2 1395//2
f 1396//2 1403//2 1404//2
f 1397//2 1403//2 1396//2
f 1397//2 1402//2 1403//2
f 1398//2 1402//2 1397//2
f 1398//2 1401//2 1402//2
f 1399//2 1401//2 1398//2
f 1399//2 1400//2 1401//2
