# Blender 5.1.2
# www.blender.org
mtllib flower_4.mtl
o flower_4
v 1.228592 0.170911 0.000000
v 1.216057 0.195382 0.000000
v 1.201433 0.218702 0.000000
v 1.184782 0.240826 0.000000
v 1.166167 0.261706 0.000000
v 1.145650 0.281296 0.000000
v 1.123293 0.299549 0.000000
v 1.099157 0.316417 0.000000
v 1.073306 0.331854 0.000000
v 1.045801 0.345813 0.000000
v 1.016704 0.358247 0.000000
v 0.986078 0.369109 0.000000
v 0.953984 0.378353 0.000000
v 0.909277 0.387674 0.000000
v 0.865286 0.392792 0.000000
v 0.822020 0.394120 0.000000
v 0.779485 0.392068 0.000000
v 0.737691 0.387045 0.000000
v 0.696643 0.379465 0.000000
v 0.656350 0.369736 0.000000
v 0.616819 0.358269 0.000000
v 0.578058 0.345477 0.000000
v 0.540075 0.331769 0.000000
v 0.502876 0.317556 0.000000
v 0.466470 0.303248 0.000000
v 0.453376 0.298080 0.000000
v 0.440393 0.292973 0.000000
v 0.427513 0.287941 0.000000
v 0.414724 0.282997 0.000000
v 0.402016 0.278156 0.000000
v 0.389380 0.273429 0.000000
v 0.376806 0.268831 0.000000
v 0.364284 0.264376 0.000000
v 0.351802 0.260076 0.000000
v 0.339353 0.255945 0.000000
v 0.326924 0.251996 0.000000
v 0.314507 0.248244 0.000000
v 0.308113 0.246470 0.000000
v 0.301510 0.244880 0.000000
v 0.294796 0.243550 0.000000
v 0.288067 0.242554 0.000000
v 0.281420 0.241967 0.000000
v 0.274950 0.241864 0.000000
v 0.268755 0.242320 0.000000
v 0.262930 0.243410 0.000000
v 0.257572 0.245208 0.000000
v 0.252778 0.247791 0.000000
v 0.248644 0.251232 0.000000
v 0.245266 0.255607 0.000000
v 0.240553 0.266369 0.000000
v 0.237710 0.279953 0.000000
v 0.236801 0.296001 0.000000
v 0.237890 0.314156 0.000000
v 0.241042 0.334060 0.000000
v 0.246320 0.355356 0.000000
v 0.253788 0.377685 0.000000
v 0.263511 0.400691 0.000000
v 0.275553 0.424016 0.000000
v 0.289978 0.447302 0.000000
v 0.306851 0.470192 0.000000
v 0.326234 0.492329 0.000000
v 0.328259 0.494442 0.000000
v 0.330356 0.496618 0.000000
v 0.332524 0.498856 0.000000
v 0.334763 0.501155 0.000000
v 0.337069 0.503515 0.000000
v 0.339441 0.505935 0.000000
v 0.341879 0.508415 0.000000
v 0.344380 0.510954 0.000000
v 0.346942 0.513551 0.000000
v 0.349564 0.516206 0.000000
v 0.352245 0.518919 0.000000
v 0.354983 0.521688 0.000000
v 0.385225 0.552447 0.000000
v 0.419139 0.587815 0.000000
v 0.455362 0.627304 0.000000
v 0.492533 0.670424 0.000000
v 0.529286 0.716687 0.000000
v 0.564260 0.765604 0.000000
v 0.596091 0.816687 0.000000
v 0.623416 0.869447 0.000000
v 0.644872 0.923396 0.000000
v 0.659096 0.978045 0.000000
v 0.664724 1.032906 0.000000
v 0.660394 1.087489 0.000000
v 0.654670 1.112477 0.000000
v 0.646643 1.136620 0.000000
v 0.636323 1.159908 0.000000
v 0.623715 1.182335 0.000000
v 0.608826 1.203892 0.000000
v 0.591665 1.224572 0.000000
v 0.572239 1.244367 0.000000
v 0.550554 1.263269 0.000000
v 0.526617 1.281270 0.000000
v 0.500437 1.298362 0.000000
v 0.472019 1.314537 0.000000
v 0.441372 1.329788 0.000000
v 0.395710 1.348815 0.000000
v 0.352682 1.362466 0.000000
v 0.312250 1.371203 0.000000
v 0.274374 1.375489 0.000000
v 0.239017 1.375786 0.000000
v 0.206140 1.372557 0.000000
v 0.175704 1.366264 0.000000
v 0.147671 1.357369 0.000000
v 0.122003 1.346336 0.000000
v 0.098661 1.333626 0.000000
v 0.077607 1.319702 0.000000
v 0.058802 1.305027 0.000000
v 0.020060 1.266620 0.000000
v -0.013383 1.221767 0.000000
v -0.041645 1.171399 0.000000
v -0.064837 1.116447 0.000000
v -0.083075 1.057842 0.000000
v -0.096474 0.996516 0.000000
v -0.105147 0.933400 0.000000
v -0.109210 0.869425 0.000000
v -0.108776 0.805523 0.000000
v -0.103960 0.742623 0.000000
v -0.094876 0.681659 0.000000
v -0.081639 0.623559 0.000000
v -0.071768 0.583310 0.000000
v -0.064580 0.545788 0.000000
v -0.059899 0.511040 0.000000
v -0.057545 0.479111 0.000000
v -0.057341 0.450048 0.000000
v -0.059110 0.423896 0.000000
v -0.062672 0.400703 0.000000
v -0.067849 0.380514 0.000000
v -0.074465 0.363376 0.000000
v -0.082340 0.349335 0.000000
v -0.091298 0.338436 0.000000
v -0.101158 0.330727 0.000000
v -0.105634 0.328250 0.000000
v -0.109879 0.326250 0.000000
v -0.113896 0.324687 0.000000
v -0.117689 0.323519 0.000000
v -0.121261 0.322704 0.000000
v -0.124614 0.322202 0.000000
v -0.127752 0.321972 0.000000
v -0.130677 0.321971 0.000000
v -0.133392 0.322159 0.000000
v -0.135900 0.322494 0.000000
v -0.138204 0.322936 0.000000
v -0.140307 0.323443 0.000000
v -0.146492 0.325479 0.000000
v -0.152791 0.328372 0.000000
v -0.159178 0.332096 0.000000
v -0.165628 0.336628 0.000000
v -0.172117 0.341942 0.000000
v -0.178619 0.348014 0.000000
v -0.185110 0.354820 0.000000
v -0.191564 0.362334 0.000000
v -0.197957 0.370533 0.000000
v -0.204264 0.379392 0.000000
v -0.210459 0.388885 0.000000
v -0.216517 0.398989 0.000000
v -0.219006 0.403872 0.000000
v -0.221522 0.409845 0.000000
v -0.224063 0.416804 0.000000
v -0.226623 0.424644 0.000000
v -0.229200 0.433260 0.000000
v -0.231789 0.442548 0.000000
v -0.234386 0.452402 0.000000
v -0.236988 0.462718 0.000000
v -0.239592 0.473391 0.000000
v -0.242192 0.484316 0.000000
v -0.244785 0.495388 0.000000
v -0.247368 0.506502 0.000000
v -0.255527 0.541338 0.000000
v -0.264607 0.578125 0.000000
v -0.274923 0.616204 0.000000
v -0.286789 0.654918 0.000000
v -0.300522 0.693609 0.000000
v -0.316435 0.731619 0.000000
v -0.334844 0.768291 0.000000
v -0.356064 0.802965 0.000000
v -0.380410 0.834985 0.000000
v -0.408196 0.863692 0.000000
v -0.439739 0.888429 0.000000
v -0.475352 0.908538 0.000000
v -0.479099 0.910246 0.000000
v -0.482887 0.911902 0.000000
v -0.486718 0.913504 0.000000
v -0.490592 0.915053 0.000000
v -0.494509 0.916548 0.000000
v -0.498470 0.917987 0.000000
v -0.502475 0.919372 0.000000
v -0.506525 0.920700 0.000000
v -0.510619 0.921973 0.000000
v -0.514759 0.923188 0.000000
v -0.518945 0.924346 0.000000
v -0.523177 0.925445 0.000000
v -0.548117 0.930710 0.000000
v -0.572991 0.933957 0.000000
v -0.597764 0.935194 0.000000
v -0.622398 0.934431 0.000000
v -0.646855 0.931675 0.000000
v -0.671098 0.926937 0.000000
v -0.695090 0.920224 0.000000
v -0.718794 0.911546 0.000000
v -0.742173 0.900912 0.000000
v -0.765190 0.888329 0.000000
v -0.787806 0.873808 0.000000
v -0.809986 0.857357 0.000000
v -0.836055 0.834855 0.000000
v -0.860782 0.809925 0.000000
v -0.883981 0.782921 0.000000
v -0.905470 0.754198 0.000000
v -0.925062 0.724110 0.000000
v -0.942574 0.693011 0.000000
v -0.957821 0.661255 0.000000
v -0.970619 0.629198 0.000000
v -0.980782 0.597192 0.000000
v -0.988127 0.565593 0.000000
v -0.992468 0.534756 0.000000
v -0.993622 0.505033 0.000000
v -0.987515 0.451636 0.000000
v -0.971908 0.403392 0.000000
v -0.947928 0.359928 0.000000
v -0.916705 0.320868 0.000000
v -0.879366 0.285837 0.000000
v -0.837040 0.254462 0.000000
v -0.790856 0.226366 0.000000
v -0.741942 0.201176 0.000000
v -0.691427 0.178517 0.000000
v -0.640438 0.158013 0.000000
v -0.590106 0.139291 0.000000
v -0.541558 0.121975 0.000000
v -0.526100 0.116496 0.000000
v -0.510844 0.111063 0.000000
v -0.495848 0.105670 0.000000
v -0.481170 0.100311 0.000000
v -0.466867 0.094981 0.000000
v -0.452996 0.089674 0.000000
v -0.439615 0.084386 0.000000
v -0.426781 0.079110 0.000000
v -0.414553 0.073842 0.000000
v -0.402987 0.068576 0.000000
v -0.392141 0.063305 0.000000
v -0.382072 0.058026 0.000000
v -0.371164 0.051565 0.000000
v -0.361248 0.044690 0.000000
v -0.352347 0.037442 0.000000
v -0.344489 0.029862 0.000000
v -0.337698 0.021990 0.000000
v -0.331999 0.013867 0.000000
v -0.327417 0.005533 0.000000
v -0.323979 -0.002972 -0.000000
v -0.321708 -0.011607 -0.000000
v -0.320631 -0.020332 -0.000000
v -0.320772 -0.029106 -0.000000
v -0.322156 -0.037889 -0.000000
v -0.326795 -0.051558 -0.000000
v -0.334625 -0.065510 -0.000000
v -0.345794 -0.079507 -0.000000
v -0.360444 -0.093309 -0.000000
v -0.378720 -0.106676 -0.000000
v -0.400767 -0.119369 -0.000000
v -0.426730 -0.131148 -0.000000
v -0.456752 -0.141773 -0.000000
v -0.490979 -0.151006 -0.000000
v -0.529554 -0.158606 -0.000000
v -0.572623 -0.164334 -0.000000
v -0.620329 -0.167950 -0.000000
v -0.675846 -0.172074 -0.000000
v -0.729167 -0.178805 -0.000000
v -0.780180 -0.188095 -0.000000
v -0.828772 -0.199896 -0.000000
v -0.874831 -0.214160 -0.000000
v -0.918243 -0.230840 -0.000000
v -0.958896 -0.249887 -0.000000
v -0.996678 -0.271254 -0.000000
v -1.031475 -0.294893 -0.000000
v -1.063176 -0.320756 -0.000000
v -1.091667 -0.348795 -0.000000
v -1.116836 -0.378962 -0.000000
v -1.131738 -0.400345 -0.000000
v -1.144882 -0.422473 -0.000000
v -1.156253 -0.445280 -0.000000
v -1.165839 -0.468699 -0.000000
v -1.173625 -0.492666 -0.000000
v -1.179598 -0.517112 -0.000000
v -1.183745 -0.541974 -0.000000
v -1.186052 -0.567183 -0.000000
v -1.186506 -0.592675 -0.000000
v -1.185092 -0.618383 -0.000000
v -1.181798 -0.644241 -0.000000
v -1.176609 -0.670183 -0.000000
v -1.165761 -0.706950 -0.000000
v -1.151144 -0.741921 -0.000000
v -1.132993 -0.774895 -0.000000
v -1.111541 -0.805674 -0.000000
v -1.087024 -0.834058 -0.000000
v -1.059674 -0.859849 -0.000000
v -1.029726 -0.882848 -0.000000
v -0.997415 -0.902855 -0.000000
v -0.962974 -0.919671 -0.000000
v -0.926637 -0.933097 -0.000000
v -0.888639 -0.942934 -0.000000
v -0.849214 -0.948983 -0.000000
v -0.808333 -0.951054 -0.000000
v -0.768506 -0.948888 -0.000000
v -0.729895 -0.942582 -0.000000
v -0.692662 -0.932235 -0.000000
v -0.656971 -0.917946 -0.000000
v -0.622982 -0.899813 -0.000000
v -0.590860 -0.877934 -0.000000
v -0.560766 -0.852408 -0.000000
v -0.532863 -0.823334 -0.000000
v -0.507314 -0.790809 -0.000000
v -0.484280 -0.754932 -0.000000
v -0.463925 -0.715802 -0.000000
v -0.431730 -0.650286 -0.000000
v -0.400851 -0.594145 -0.000000
v -0.371453 -0.546653 -0.000000
v -0.343700 -0.507089 -0.000000
v -0.317756 -0.474729 -0.000000
v -0.293785 -0.448850 -0.000000
v -0.271951 -0.428729 -0.000000
v -0.252419 -0.413643 -0.000000
v -0.235352 -0.402869 -0.000000
v -0.220915 -0.395683 -0.000000
v -0.209272 -0.391363 -0.000000
v -0.200586 -0.389186 -0.000000
v -0.195396 -0.388396 -0.000000
v -0.190338 -0.388010 -0.000000
v -0.185403 -0.388032 -0.000000
v -0.180581 -0.388463 -0.000000
v -0.175865 -0.389308 -0.000000
v -0.171245 -0.390569 -0.000000
v -0.166711 -0.392248 -0.000000
v -0.162256 -0.394349 -0.000000
v -0.157869 -0.396875 -0.000000
v -0.153542 -0.399827 -0.000000
v -0.149266 -0.403210 -0.000000
v -0.145033 -0.407026 -0.000000
v -0.131706 -0.423498 -0.000000
v -0.122912 -0.442621 -0.000000
v -0.118212 -0.464096 -0.000000
v -0.117169 -0.487622 -0.000000
v -0.119347 -0.512901 -0.000000
v -0.124308 -0.539633 -0.000000
v -0.131616 -0.567520 -0.000000
v -0.140833 -0.596260 -0.000000
v -0.151522 -0.625556 -0.000000
v -0.163247 -0.655107 -0.000000
v -0.175569 -0.684615 -0.000000
v -0.188053 -0.713779 -0.000000
v -0.193649 -0.726814 -0.000000
v -0.199167 -0.739725 -0.000000
v -0.204580 -0.752509 -0.000000
v -0.209861 -0.765165 -0.000000
v -0.214983 -0.777687 -0.000000
v -0.219919 -0.790074 -0.000000
v -0.224643 -0.802323 -0.000000
v -0.229126 -0.814430 -0.000000
v -0.233344 -0.826392 -0.000000
v -0.237268 -0.838206 -0.000000
v -0.240872 -0.849870 -0.000000
v -0.244128 -0.861380 -0.000000
v -0.251670 -0.894557 -0.000000
v -0.256344 -0.927150 -0.000000
v -0.258181 -0.959050 -0.000000
v -0.257211 -0.990149 -0.000000
v -0.253463 -1.020338 -0.000000
v -0.246967 -1.049508 -0.000000
v -0.237753 -1.077550 -0.000000
v -0.225851 -1.104356 -0.000000
v -0.211290 -1.129816 -0.000000
v -0.194100 -1.153821 -0.000000
v -0.174312 -1.176264 -0.000000
v -0.151954 -1.197034 -0.000000
v -0.119982 -1.220769 -0.000000
v -0.085158 -1.240684 -0.000000
v -0.047795 -1.256762 -0.000000
v -0.008203 -1.268984 -0.000000
v 0.033307 -1.277333 -0.000000
v 0.076424 -1.281791 -0.000000
v 0.120837 -1.282338 -0.000000
v 0.166235 -1.278958 -0.000000
v 0.212307 -1.271631 -0.000000
v 0.258742 -1.260340 -0.000000
v 0.305230 -1.245067 -0.000000
v 0.351459 -1.225792 -0.000000
v 0.384926 -1.208886 -0.000000
v 0.416099 -1.190220 -0.000000
v 0.444924 -1.169861 -0.000000
v 0.471346 -1.147880 -0.000000
v 0.495311 -1.124345 -0.000000
v 0.516765 -1.099326 -0.000000
v 0.535654 -1.072891 -0.000000
v 0.551924 -1.045110 -0.000000
v 0.565521 -1.016051 -0.000000
v 0.576391 -0.985784 -0.000000
v 0.584479 -0.954377 -0.000000
v 0.589731 -0.921899 -0.000000
v 0.592008 -0.889347 -0.000000
v 0.591430 -0.856527 -0.000000
v 0.588107 -0.823722 -0.000000
v 0.582150 -0.791212 -0.000000
v 0.573671 -0.759278 -0.000000
v 0.562780 -0.728202 -0.000000
v 0.549590 -0.698264 -0.000000
v 0.534210 -0.669745 -0.000000
v 0.516752 -0.642927 -0.000000
v 0.497327 -0.618090 -0.000000
v 0.476046 -0.595515 -0.000000
v 0.453020 -0.575485 -0.000000
v 0.449065 -0.572417 -0.000000
v 0.444982 -0.569291 -0.000000
v 0.440776 -0.566109 -0.000000
v 0.436457 -0.562873 -0.000000
v 0.432032 -0.559585 -0.000000
v 0.427507 -0.556249 -0.000000
v 0.422891 -0.552865 -0.000000
v 0.418191 -0.549436 -0.000000
v 0.413415 -0.545965 -0.000000
v 0.408569 -0.542453 -0.000000
v 0.403661 -0.538903 -0.000000
v 0.398699 -0.535318 -0.000000
v 0.374930 -0.518093 -0.000000
v 0.349470 -0.499294 -0.000000
v 0.323171 -0.479181 -0.000000
v 0.296884 -0.458016 -0.000000
v 0.271462 -0.436060 -0.000000
v 0.247754 -0.413574 -0.000000
v 0.226613 -0.390818 -0.000000
v 0.208890 -0.368055 -0.000000
v 0.195436 -0.345546 -0.000000
v 0.187104 -0.323550 -0.000000
v 0.184744 -0.302330 -0.000000
v 0.189207 -0.282147 -0.000000
v 0.192736 -0.274282 -0.000000
v 0.196555 -0.266921 -0.000000
v 0.200667 -0.260059 -0.000000
v 0.205077 -0.253692 -0.000000
v 0.209788 -0.247816 -0.000000
v 0.214805 -0.242426 -0.000000
v 0.220132 -0.237520 -0.000000
v 0.225772 -0.233091 -0.000000
v 0.231731 -0.229137 -0.000000
v 0.238012 -0.225653 -0.000000
v 0.244619 -0.222635 -0.000000
v 0.251557 -0.220079 -0.000000
v 0.267523 -0.216076 -0.000000
v 0.284917 -0.214016 -0.000000
v 0.303677 -0.213883 -0.000000
v 0.323740 -0.215658 -0.000000
v 0.345044 -0.219326 -0.000000
v 0.367528 -0.224867 -0.000000
v 0.391130 -0.232265 -0.000000
v 0.415787 -0.241502 -0.000000
v 0.441438 -0.252561 -0.000000
v 0.468020 -0.265425 -0.000000
v 0.495472 -0.280075 -0.000000
v 0.523731 -0.296495 -0.000000
v 0.564630 -0.319958 -0.000000
v 0.605010 -0.340651 -0.000000
v 0.644813 -0.358561 -0.000000
v 0.683981 -0.373675 -0.000000
v 0.722456 -0.385982 -0.000000
v 0.760180 -0.395467 -0.000000
v 0.797096 -0.402119 -0.000000
v 0.833146 -0.405924 -0.000000
v 0.868272 -0.406870 -0.000000
v 0.902416 -0.404944 -0.000000
v 0.935521 -0.400133 -0.000000
v 0.967529 -0.392425 -0.000000
v 0.992287 -0.384203 -0.000000
v 1.016138 -0.374227 -0.000000
v 1.039075 -0.362506 -0.000000
v 1.061091 -0.349045 -0.000000
v 1.082177 -0.333852 -0.000000
v 1.102326 -0.316934 -0.000000
v 1.121530 -0.298298 -0.000000
v 1.139782 -0.277949 -0.000000
v 1.157074 -0.255897 -0.000000
v 1.173398 -0.232146 -0.000000
v 1.188748 -0.206705 -0.000000
v 1.203115 -0.179580 -0.000000
v 1.221033 -0.140188 -0.000000
v 1.235022 -0.102592 -0.000000
v 1.245399 -0.066811 -0.000000
v 1.252481 -0.032859 -0.000000
v 1.256585 -0.000754 -0.000000
v 1.258028 0.029489 0.000000
v 1.257129 0.057852 0.000000
v 1.254204 0.084320 0.000000
v 1.249570 0.108876 0.000000
v 1.243546 0.131505 0.000000
v 1.236447 0.152188 0.000000
v 1.110214 -0.133534 -0.000000
v 1.099370 -0.154089 -0.000000
v 1.087878 -0.173338 -0.000000
v 1.075742 -0.191277 -0.000000
v 1.062970 -0.207900 -0.000000
v 1.049566 -0.223202 -0.000000
v 1.035537 -0.237178 -0.000000
v 1.020886 -0.249824 -0.000000
v 1.005622 -0.261133 -0.000000
v 0.989748 -0.271101 -0.000000
v 0.973270 -0.279723 -0.000000
v 0.956195 -0.286994 -0.000000
v 0.938527 -0.292908 -0.000000
v 0.913666 -0.298782 -0.000000
v 0.887699 -0.302261 -0.000000
v 0.860671 -0.303357 -0.000000
v 0.832630 -0.302080 -0.000000
v 0.803621 -0.298441 -0.000000
v 0.773691 -0.292452 -0.000000
v 0.742887 -0.284123 -0.000000
v 0.711254 -0.273465 -0.000000
v 0.678840 -0.260490 -0.000000
v 0.645691 -0.245209 -0.000000
v 0.611853 -0.227632 -0.000000
v 0.577372 -0.207770 -0.000000
v 0.542055 -0.187373 -0.000000
v 0.507579 -0.169341 -0.000000
v 0.473992 -0.153687 -0.000000
v 0.441340 -0.140420 -0.000000
v 0.409668 -0.129553 -0.000000
v 0.379024 -0.121095 -0.000000
v 0.349454 -0.115058 -0.000000
v 0.321004 -0.111454 -0.000000
v 0.293720 -0.110292 -0.000000
v 0.267649 -0.111584 -0.000000
v 0.242837 -0.115341 -0.000000
v 0.219331 -0.121573 -0.000000
v 0.205323 -0.126728 -0.000000
v 0.191901 -0.132827 -0.000000
v 0.179082 -0.139854 -0.000000
v 0.166881 -0.147794 -0.000000
v 0.155315 -0.156632 -0.000000
v 0.144401 -0.166350 -0.000000
v 0.134154 -0.176935 -0.000000
v 0.124591 -0.188370 -0.000000
v 0.115729 -0.200639 -0.000000
v 0.107584 -0.213727 -0.000000
v 0.100172 -0.227618 -0.000000
v 0.093509 -0.242296 -0.000000
v 0.082472 -0.280401 -0.000000
v 0.080768 -0.317587 -0.000000
v 0.087310 -0.353764 -0.000000
v 0.101012 -0.388844 -0.000000
v 0.120787 -0.422740 -0.000000
v 0.145548 -0.455362 -0.000000
v 0.174210 -0.486623 -0.000000
v 0.205686 -0.516434 -0.000000
v 0.238888 -0.544707 -0.000000
v 0.272731 -0.571353 -0.000000
v 0.306129 -0.596285 -0.000000
v 0.337993 -0.619413 -0.000000
v 0.342747 -0.622848 -0.000000
v 0.347446 -0.626247 -0.000000
v 0.352081 -0.629605 -0.000000
v 0.356640 -0.632916 -0.000000
v 0.361114 -0.636177 -0.000000
v 0.365491 -0.639382 -0.000000
v 0.369762 -0.642527 -0.000000
v 0.373914 -0.645608 -0.000000
v 0.377939 -0.648620 -0.000000
v 0.381825 -0.651558 -0.000000
v 0.385561 -0.654418 -0.000000
v 0.389137 -0.657194 -0.000000
v 0.403434 -0.669636 -0.000000
v 0.417289 -0.684239 -0.000000
v 0.430499 -0.700826 -0.000000
v 0.442860 -0.719219 -0.000000
v 0.454168 -0.739239 -0.000000
v 0.464220 -0.760709 -0.000000
v 0.472811 -0.783451 -0.000000
v 0.479738 -0.807288 -0.000000
v 0.484798 -0.832040 -0.000000
v 0.487786 -0.857531 -0.000000
v 0.488498 -0.883583 -0.000000
v 0.486731 -0.910017 -0.000000
v 0.482901 -0.933626 -0.000000
v 0.476980 -0.956398 -0.000000
v 0.468991 -0.978304 -0.000000
v 0.458959 -0.999314 -0.000000
v 0.446907 -1.019401 -0.000000
v 0.432857 -1.038536 -0.000000
v 0.416834 -1.056689 -0.000000
v 0.398861 -1.073832 -0.000000
v 0.378960 -1.089936 -0.000000
v 0.357157 -1.104972 -0.000000
v 0.333473 -1.118912 -0.000000
v 0.307932 -1.131727 -0.000000
v 0.270933 -1.147261 -0.000000
v 0.233898 -1.159731 -0.000000
v 0.197069 -1.169146 -0.000000
v 0.160688 -1.175512 -0.000000
v 0.124998 -1.178840 -0.000000
v 0.090242 -1.179137 -0.000000
v 0.056660 -1.176411 -0.000000
v 0.024497 -1.170672 -0.000000
v -0.006006 -1.161927 -0.000000
v -0.034607 -1.150185 -0.000000
v -0.061063 -1.135454 -0.000000
v -0.085132 -1.117743 -0.000000
v -0.100085 -1.103829 -0.000000
v -0.113255 -1.088794 -0.000000
v -0.124628 -1.072691 -0.000000
v -0.134191 -1.055573 -0.000000
v -0.141930 -1.037490 -0.000000
v -0.147834 -1.018496 -0.000000
v -0.151887 -0.998642 -0.000000
v -0.154077 -0.977981 -0.000000
v -0.154391 -0.956564 -0.000000
v -0.152815 -0.934445 -0.000000
v -0.149337 -0.911675 -0.000000
v -0.143942 -0.888306 -0.000000
v -0.141157 -0.878511 -0.000000
v -0.138007 -0.868417 -0.000000
v -0.134520 -0.858040 -0.000000
v -0.130725 -0.847397 -0.000000
v -0.126651 -0.836506 -0.000000
v -0.122327 -0.825382 -0.000000
v -0.117781 -0.814044 -0.000000
v -0.113042 -0.802508 -0.000000
v -0.108139 -0.790790 -0.000000
v -0.103101 -0.778908 -0.000000
v -0.097956 -0.766880 -0.000000
v -0.092734 -0.754721 -0.000000
v -0.077580 -0.719241 -0.000000
v -0.062525 -0.682679 -0.000000
v -0.048278 -0.645375 -0.000000
v -0.035547 -0.607666 -0.000000
v -0.025041 -0.569892 -0.000000
v -0.017468 -0.532390 -0.000000
v -0.013538 -0.495501 -0.000000
v -0.013959 -0.459562 -0.000000
v -0.019439 -0.424911 -0.000000
v -0.030688 -0.391888 -0.000000
v -0.048414 -0.360831 -0.000000
v -0.073326 -0.332080 -0.000000
v -0.083856 -0.322697 -0.000000
v -0.094753 -0.314323 -0.000000
v -0.105998 -0.306961 -0.000000
v -0.117573 -0.300619 -0.000000
v -0.129458 -0.295302 -0.000000
v -0.141634 -0.291016 -0.000000
v -0.154083 -0.287766 -0.000000
v -0.166786 -0.285560 -0.000000
v -0.179724 -0.284403 -0.000000
v -0.192877 -0.284300 -0.000000
v -0.206228 -0.285258 -0.000000
v -0.219757 -0.287283 -0.000000
v -0.248318 -0.294964 -0.000000
v -0.276957 -0.307244 -0.000000
v -0.305629 -0.324075 -0.000000
v -0.334290 -0.345405 -0.000000
v -0.362898 -0.371185 -0.000000
v -0.391407 -0.401365 -0.000000
v -0.419774 -0.435895 -0.000000
v -0.447956 -0.474725 -0.000000
v -0.475908 -0.517805 -0.000000
v -0.503586 -0.565086 -0.000000
v -0.530947 -0.616516 -0.000000
v -0.557948 -0.672047 -0.000000
v -0.573026 -0.701120 -0.000000
v -0.590012 -0.727784 -0.000000
v -0.608785 -0.751966 -0.000000
v -0.629228 -0.773594 -0.000000
v -0.651223 -0.792594 -0.000000
v -0.674650 -0.808892 -0.000000
v -0.699392 -0.822414 -0.000000
v -0.725329 -0.833088 -0.000000
v -0.752345 -0.840841 -0.000000
v -0.780319 -0.845597 -0.000000
v -0.809134 -0.847285 -0.000000
v -0.838672 -0.845831 -0.000000
v -0.867293 -0.841462 -0.000000
v -0.894864 -0.834389 -0.000000
v -0.921218 -0.824755 -0.000000
v -0.946184 -0.812704 -0.000000
v -0.969594 -0.798377 -0.000000
v -0.991279 -0.781916 -0.000000
v -1.011069 -0.763466 -0.000000
v -1.028795 -0.743166 -0.000000
v -1.044288 -0.721162 -0.000000
v -1.057380 -0.697594 -0.000000
v -1.067900 -0.672605 -0.000000
v -1.075680 -0.646338 -0.000000
v -1.079412 -0.627814 -0.000000
v -1.081814 -0.609462 -0.000000
v -1.082893 -0.591309 -0.000000
v -1.082654 -0.573382 -0.000000
v -1.081102 -0.555707 -0.000000
v -1.078243 -0.538312 -0.000000
v -1.074081 -0.521222 -0.000000
v -1.068622 -0.504464 -0.000000
v -1.061872 -0.488064 -0.000000
v -1.053835 -0.472050 -0.000000
v -1.044517 -0.456448 -0.000000
v -1.033924 -0.441283 -0.000000
v -1.013648 -0.417163 -0.000000
v -0.990398 -0.394727 -0.000000
v -0.964268 -0.374015 -0.000000
v -0.935353 -0.355065 -0.000000
v -0.903748 -0.337916 -0.000000
v -0.869548 -0.322607 -0.000000
v -0.832850 -0.309174 -0.000000
v -0.793747 -0.297659 -0.000000
v -0.752334 -0.288098 -0.000000
v -0.708708 -0.280530 -0.000000
v -0.662962 -0.274994 -0.000000
v -0.615193 -0.271528 -0.000000
v -0.561965 -0.267417 -0.000000
v -0.511889 -0.260569 -0.000000
v -0.465131 -0.251073 -0.000000
v -0.421858 -0.239018 -0.000000
v -0.382236 -0.224494 -0.000000
v -0.346430 -0.207588 -0.000000
v -0.314609 -0.188390 -0.000000
v -0.286938 -0.166987 -0.000000
v -0.263584 -0.143470 -0.000000
v -0.244712 -0.117927 -0.000000
v -0.230491 -0.090446 -0.000000
v -0.221085 -0.061117 -0.000000
v -0.217660 -0.040729 -0.000000
v -0.216734 -0.020502 -0.000000
v -0.218250 -0.000545 -0.000000
v -0.222150 0.019034 0.000000
v -0.228377 0.038125 0.000000
v -0.236872 0.056620 0.000000
v -0.247578 0.074408 0.000000
v -0.260437 0.091382 0.000000
v -0.275393 0.107432 0.000000
v -0.292386 0.122449 0.000000
v -0.311359 0.136324 0.000000
v -0.332256 0.148948 0.000000
v -0.344087 0.155183 0.000000
v -0.356563 0.161306 0.000000
v -0.369639 0.167332 0.000000
v -0.383270 0.173276 0.000000
v -0.397412 0.179153 0.000000
v -0.412020 0.184979 0.000000
v -0.427049 0.190768 0.000000
v -0.442455 0.196537 0.000000
v -0.458192 0.202300 0.000000
v -0.474216 0.208072 0.000000
v -0.490482 0.213869 0.000000
v -0.506945 0.219706 0.000000
v -0.550028 0.235044 0.000000
v -0.593970 0.251213 0.000000
v -0.637903 0.268432 0.000000
v -0.680962 0.286920 0.000000
v -0.722279 0.306897 0.000000
v -0.760987 0.328582 0.000000
v -0.796221 0.352194 0.000000
v -0.827113 0.377952 0.000000
v -0.852796 0.406076 0.000000
v -0.872404 0.436785 0.000000
v -0.885070 0.470298 0.000000
v -0.889927 0.506834 0.000000
v -0.889089 0.526175 0.000000
v -0.885983 0.547262 0.000000
v -0.880678 0.569740 0.000000
v -0.873244 0.593255 0.000000
v -0.863752 0.617452 0.000000
v -0.852270 0.641976 0.000000
v -0.838869 0.666472 0.000000
v -0.823618 0.690586 0.000000
v -0.806588 0.713963 0.000000
v -0.787848 0.736248 0.000000
v -0.767468 0.757086 0.000000
v -0.745519 0.776122 0.000000
v -0.729835 0.787816 0.000000
v -0.713997 0.798127 0.000000
v -0.698009 0.807055 0.000000
v -0.681879 0.814597 0.000000
v -0.665613 0.820753 0.000000
v -0.649218 0.825519 0.000000
v -0.632700 0.828896 0.000000
v -0.616066 0.830880 0.000000
v -0.599322 0.831472 0.000000
v -0.582475 0.830668 0.000000
v -0.565531 0.828468 0.000000
v -0.548496 0.824870 0.000000
v -0.518196 0.813857 0.000000
v -0.491247 0.797412 0.000000
v -0.467388 0.776211 0.000000
v -0.446355 0.750931 0.000000
v -0.427888 0.722249 0.000000
v -0.411724 0.690840 0.000000
v -0.397600 0.657382 0.000000
v -0.385254 0.622552 0.000000
v -0.374424 0.587025 0.000000
v -0.364848 0.551480 0.000000
v -0.356264 0.516591 0.000000
v -0.348408 0.483037 0.000000
v -0.345052 0.468594 0.000000
v -0.341782 0.454678 0.000000
v -0.338564 0.441303 0.000000
v -0.335365 0.428480 0.000000
v -0.332151 0.416222 0.000000
v -0.328889 0.404542 0.000000
v -0.325546 0.393451 0.000000
v -0.322087 0.382961 0.000000
v -0.318479 0.373087 0.000000
v -0.314690 0.363838 0.000000
v -0.310685 0.355229 0.000000
v -0.306431 0.347271 0.000000
v -0.298279 0.333688 0.000000
v -0.289865 0.320811 0.000000
v -0.281199 0.308648 0.000000
v -0.272292 0.297210 0.000000
v -0.263153 0.286506 0.000000
v -0.253793 0.276544 0.000000
v -0.244222 0.267334 0.000000
v -0.234451 0.258885 0.000000
v -0.224490 0.251207 0.000000
v -0.214349 0.244308 0.000000
v -0.204038 0.238197 0.000000
v -0.193569 0.232885 0.000000
v -0.191353 0.231872 0.000000
v -0.189132 0.230895 0.000000
v -0.186904 0.229954 0.000000
v -0.184671 0.229050 0.000000
v -0.182431 0.228181 0.000000
v -0.180186 0.227348 0.000000
v -0.177935 0.226551 0.000000
v -0.175678 0.225790 0.000000
v -0.173415 0.225065 0.000000
v -0.171146 0.224376 0.000000
v -0.168871 0.223722 0.000000
v -0.166590 0.223103 0.000000
v -0.156645 0.220857 0.000000
v -0.146661 0.219307 0.000000
v -0.136655 0.218450 0.000000
v -0.126642 0.218286 0.000000
v -0.116637 0.218810 0.000000
v -0.106656 0.220022 0.000000
v -0.096715 0.221919 0.000000
v -0.086827 0.224498 0.000000
v -0.077010 0.227757 0.000000
v -0.067279 0.231693 0.000000
v -0.057648 0.236306 0.000000
v -0.048133 0.241591 0.000000
v -0.025689 0.257792 0.000000
v -0.006222 0.277820 0.000000
v 0.010238 0.301504 0.000000
v 0.023664 0.328669 0.000000
v 0.034027 0.359145 0.000000
v 0.041300 0.392758 0.000000
v 0.045455 0.429335 0.000000
v 0.046462 0.468703 0.000000
v 0.044296 0.510691 0.000000
v 0.038927 0.555126 0.000000
v 0.030327 0.601834 0.000000
v 0.018468 0.650643 0.000000
v 0.007240 0.699713 0.000000
v -0.000649 0.751427 0.000000
v -0.005101 0.804929 0.000000
v -0.006019 0.859363 0.000000
v -0.003305 0.913872 0.000000
v 0.003140 0.967602 0.000000
v 0.013412 1.019696 0.000000
v 0.027609 1.069298 0.000000
v 0.045830 1.115552 0.000000
v 0.068171 1.157604 0.000000
v 0.094732 1.194596 0.000000
v 0.125608 1.225673 0.000000
v 0.143410 1.239127 0.000000
v 0.162127 1.250288 0.000000
v 0.181748 1.259157 0.000000
v 0.202266 1.265732 0.000000
v 0.223672 1.270014 0.000000
v 0.245956 1.272003 0.000000
v 0.269110 1.271697 0.000000
v 0.293124 1.269097 0.000000
v 0.317990 1.264204 0.000000
v 0.343699 1.257015 0.000000
v 0.370241 1.247532 0.000000
v 0.397609 1.235754 0.000000
v 0.420433 1.224488 0.000000
v 0.441560 1.212727 0.000000
v 0.460984 1.200477 0.000000
v 0.478701 1.187743 0.000000
v 0.494704 1.174532 0.000000
v 0.508989 1.160847 0.000000
v 0.521550 1.146695 0.000000
v 0.532384 1.132081 0.000000
v 0.541483 1.117011 0.000000
v 0.548843 1.101489 0.000000
v 0.554460 1.085521 0.000000
v 0.558327 1.069112 0.000000
v 0.560829 1.027060 0.000000
v 0.554423 0.983402 0.000000
v 0.540386 0.938758 0.000000
v 0.519994 0.893746 0.000000
v 0.494523 0.848982 0.000000
v 0.465249 0.805086 0.000000
v 0.433448 0.762675 0.000000
v 0.400397 0.722368 0.000000
v 0.367370 0.684782 0.000000
v 0.335646 0.650535 0.000000
v 0.306499 0.620246 0.000000
v 0.281206 0.594532 0.000000
v 0.278355 0.591642 0.000000
v 0.275561 0.588812 0.000000
v 0.272828 0.586041 0.000000
v 0.270157 0.583331 0.000000
v 0.267550 0.580682 0.000000
v 0.265009 0.578095 0.000000
v 0.262535 0.575570 0.000000
v 0.260130 0.573109 0.000000
v 0.257796 0.570711 0.000000
v 0.255536 0.568379 0.000000
v 0.253350 0.566111 0.000000
v 0.251241 0.563909 0.000000
v 0.226055 0.535128 0.000000
v 0.203638 0.504640 0.000000
v 0.184103 0.472881 0.000000
v 0.167564 0.440285 0.000000
v 0.154134 0.407288 0.000000
v 0.143926 0.374325 0.000000
v 0.137055 0.341831 0.000000
v 0.133633 0.310242 0.000000
v 0.133775 0.279992 0.000000
v 0.137593 0.251516 0.000000
v 0.145201 0.225250 0.000000
v 0.156713 0.201629 0.000000
v 0.161653 0.194144 0.000000
v 0.168162 0.185740 0.000000
v 0.176351 0.176860 0.000000
v 0.186330 0.167948 0.000000
v 0.198207 0.159448 0.000000
v 0.212094 0.151804 0.000000
v 0.228101 0.145458 0.000000
v 0.246337 0.140855 0.000000
v 0.266913 0.138438 0.000000
v 0.289938 0.138651 0.000000
v 0.315523 0.141938 0.000000
v 0.343777 0.148742 0.000000
v 0.357311 0.152831 0.000000
v 0.370842 0.157129 0.000000
v 0.384364 0.161613 0.000000
v 0.397871 0.166261 0.000000
v 0.411355 0.171053 0.000000
v 0.424810 0.175966 0.000000
v 0.438231 0.180979 0.000000
v 0.451609 0.186070 0.000000
v 0.464940 0.191217 0.000000
v 0.478215 0.196399 0.000000
v 0.491429 0.201594 0.000000
v 0.504576 0.206781 0.000000
v 0.539905 0.220677 0.000000
v 0.574981 0.234139 0.000000
v 0.609878 0.246862 0.000000
v 0.644670 0.258543 0.000000
v 0.679432 0.268875 0.000000
v 0.714240 0.277555 0.000000
v 0.749166 0.284279 0.000000
v 0.784287 0.288741 0.000000
v 0.819677 0.290637 0.000000
v 0.855410 0.289664 0.000000
v 0.891562 0.285515 0.000000
v 0.928206 0.277887 0.000000
v 0.952712 0.270883 0.000000
v 0.976040 0.262763 0.000000
v 0.998145 0.253562 0.000000
v 1.018980 0.243313 0.000000
v 1.038497 0.232051 0.000000
v 1.056650 0.219809 0.000000
v 1.073392 0.206622 0.000000
v 1.088676 0.192523 0.000000
v 1.102456 0.177547 0.000000
v 1.114685 0.161728 0.000000
v 1.125315 0.145099 0.000000
v 1.134301 0.127695 0.000000
v 1.141723 0.109248 0.000000
v 1.147420 0.090084 0.000000
v 1.151396 0.070236 0.000000
v 1.153653 0.049740 0.000000
v 1.154194 0.028628 0.000000
v 1.153023 0.006934 0.000000
v 1.150143 -0.015307 -0.000000
v 1.145557 -0.038061 -0.000000
v 1.139268 -0.061295 -0.000000
v 1.131279 -0.084975 -0.000000
v 1.121593 -0.109066 -0.000000
v 0.079111 -0.072825 -0.000000
v 0.062381 -0.101939 -0.000000
v 0.044479 -0.124369 -0.000000
v 0.025737 -0.140675 -0.000000
v 0.006486 -0.151419 -0.000000
v -0.012943 -0.157159 -0.000000
v -0.032218 -0.158457 -0.000000
v -0.051009 -0.155873 -0.000000
v -0.068983 -0.149966 -0.000000
v -0.085811 -0.141297 -0.000000
v -0.101160 -0.130425 -0.000000
v -0.114700 -0.117912 -0.000000
v -0.126098 -0.104318 -0.000000
v -0.134442 -0.088946 -0.000000
v -0.139140 -0.071231 -0.000000
v -0.140361 -0.051933 -0.000000
v -0.138271 -0.031808 -0.000000
v -0.133038 -0.011613 -0.000000
v -0.124830 0.007892 0.000000
v -0.113812 0.025951 0.000000
v -0.100154 0.041806 0.000000
v -0.084021 0.054698 0.000000
v -0.065581 0.063872 0.000000
v -0.045002 0.068568 0.000000
v -0.022450 0.068029 0.000000
v -0.000216 0.063413 0.000000
v 0.019515 0.056571 0.000000
v 0.036743 0.047782 0.000000
v 0.051467 0.037326 0.000000
v 0.063687 0.025481 0.000000
v 0.073404 0.012528 0.000000
v 0.080616 -0.001255 -0.000000
v 0.085324 -0.015587 -0.000000
v 0.087528 -0.030190 -0.000000
v 0.087227 -0.044783 -0.000000
v 0.084422 -0.059088 -0.000000
vn -0.0000 -0.0000 1.0000
s 0
usemtl SVGMat.005
f 103//1 101//1 102//1
f 103//1 100//1 101//1
f 104//1 100//1 103//1
f 104//1 99//1 100//1
f 105//1 99//1 104//1
f 105//1 98//1 99//1
f 106//1 98//1 105//1
f 106//1 97//1 98//1
f 107//1 97//1 106//1
f 108//1 97//1 107//1
f 108//1 96//1 97//1
f 109//1 96//1 108//1
f 109//1 95//1 96//1
f 110//1 95//1 109//1
f 110//1 94//1 95//1
f 110//1 871//1 94//1
f 871//1 872//1 94//1
f 872//1 93//1 94//1
f 110//1 870//1 871//1
f 873//1 93//1 872//1
f 110//1 869//1 870//1
f 874//1 93//1 873//1
f 111//1 869//1 110//1
f 111//1 868//1 869//1
f 875//1 93//1 874//1
f 875//1 92//1 93//1
f 111//1 867//1 868//1
f 876//1 92//1 875//1
f 111//1 866//1 867//1
f 877//1 92//1 876//1
f 877//1 91//1 92//1
f 111//1 865//1 866//1
f 878//1 91//1 877//1
f 111//1 864//1 865//1
f 878//1 90//1 91//1
f 879//1 90//1 878//1
f 112//1 864//1 111//1
f 880//1 90//1 879//1
f 880//1 89//1 90//1
f 881//1 89//1 880//1
f 112//1 863//1 864//1
f 882//1 89//1 881//1
f 882//1 88//1 89//1
f 883//1 88//1 882//1
f 113//1 863//1 112//1
f 884//1 88//1 883//1
f 884//1 87//1 88//1
f 113//1 862//1 863//1
f 885//1 87//1 884//1
f 885//1 86//1 87//1
f 886//1 86//1 885//1
f 887//1 86//1 886//1
f 114//1 862//1 113//1
f 114//1 861//1 862//1
f 887//1 85//1 86//1
f 888//1 85//1 887//1
f 888//1 84//1 85//1
f 889//1 84//1 888//1
f 114//1 860//1 861//1
f 890//1 84//1 889//1
f 115//1 860//1 114//1
f 890//1 83//1 84//1
f 891//1 83//1 890//1
f 115//1 859//1 860//1
f 116//1 859//1 115//1
f 892//1 83//1 891//1
f 892//1 82//1 83//1
f 116//1 858//1 859//1
f 893//1 82//1 892//1
f 197//1 195//1 196//1
f 198//1 195//1 197//1
f 198//1 194//1 195//1
f 117//1 858//1 116//1
f 199//1 194//1 198//1
f 199//1 193//1 194//1
f 200//1 193//1 199//1
f 200//1 192//1 193//1
f 200//1 191//1 192//1
f 893//1 81//1 82//1
f 200//1 190//1 191//1
f 200//1 189//1 190//1
f 200//1 188//1 189//1
f 201//1 188//1 200//1
f 201//1 187//1 188//1
f 201//1 186//1 187//1
f 201//1 185//1 186//1
f 201//1 184//1 185//1
f 117//1 857//1 858//1
f 201//1 183//1 184//1
f 201//1 182//1 183//1
f 202//1 182//1 201//1
f 202//1 181//1 182//1
f 202//1 180//1 181//1
f 203//1 180//1 202//1
f 894//1 81//1 893//1
f 203//1 179//1 180//1
f 204//1 179//1 203//1
f 205//1 179//1 204//1
f 894//1 80//1 81//1
f 118//1 857//1 117//1
f 205//1 178//1 179//1
f 118//1 856//1 857//1
f 206//1 178//1 205//1
f 895//1 80//1 894//1
f 206//1 778//1 178//1
f 778//1 779//1 178//1
f 779//1 177//1 178//1
f 207//1 777//1 206//1
f 777//1 778//1 206//1
f 207//1 776//1 777//1
f 780//1 177//1 779//1
f 207//1 775//1 776//1
f 781//1 177//1 780//1
f 207//1 774//1 775//1
f 782//1 177//1 781//1
f 207//1 773//1 774//1
f 895//1 79//1 80//1
f 207//1 772//1 773//1
f 783//1 177//1 782//1
f 208//1 772//1 207//1
f 208//1 771//1 772//1
f 119//1 856//1 118//1
f 896//1 79//1 895//1
f 119//1 855//1 856//1
f 783//1 176//1 177//1
f 208//1 770//1 771//1
f 784//1 176//1 783//1
f 208//1 769//1 770//1
f 209//1 769//1 208//1
f 785//1 176//1 784//1
f 209//1 768//1 769//1
f 785//1 175//1 176//1
f 896//1 78//1 79//1
f 897//1 78//1 896//1
f 209//1 767//1 768//1
f 210//1 767//1 209//1
f 119//1 854//1 855//1
f 786//1 175//1 785//1
f 120//1 854//1 119//1
f 210//1 766//1 767//1
f 786//1 174//1 175//1
f 211//1 766//1 210//1
f 898//1 78//1 897//1
f 787//1 174//1 786//1
f 898//1 77//1 78//1
f 211//1 765//1 766//1
f 120//1 853//1 854//1
f 787//1 173//1 174//1
f 212//1 765//1 211//1
f 788//1 173//1 787//1
f 212//1 764//1 765//1
f 899//1 77//1 898//1
f 121//1 853//1 120//1
f 899//1 76//1 77//1
f 212//1 763//1 764//1
f 213//1 763//1 212//1
f 789//1 173//1 788//1
f 789//1 172//1 173//1
f 121//1 852//1 853//1
f 900//1 76//1 899//1
f 213//1 762//1 763//1
f 214//1 762//1 213//1
f 900//1 75//1 76//1
f 122//1 852//1 121//1
f 790//1 172//1 789//1
f 901//1 75//1 900//1
f 214//1 761//1 762//1
f 790//1 171//1 172//1
f 122//1 851//1 852//1
f 215//1 761//1 214//1
f 902//1 75//1 901//1
f 215//1 760//1 761//1
f 903//1 75//1 902//1
f 904//1 75//1 903//1
f 904//1 74//1 75//1
f 791//1 171//1 790//1
f 905//1 74//1 904//1
f 906//1 74//1 905//1
f 123//1 851//1 122//1
f 907//1 74//1 906//1
f 791//1 170//1 171//1
f 908//1 74//1 907//1
f 909//1 74//1 908//1
f 910//1 74//1 909//1
f 911//1 74//1 910//1
f 215//1 759//1 760//1
f 912//1 74//1 911//1
f 913//1 74//1 912//1
f 216//1 759//1 215//1
f 914//1 74//1 913//1
f 123//1 850//1 851//1
f 914//1 73//1 74//1
f 792//1 170//1 791//1
f 216//1 758//1 759//1
f 124//1 850//1 123//1
f 792//1 169//1 170//1
f 915//1 73//1 914//1
f 217//1 758//1 216//1
f 217//1 757//1 758//1
f 915//1 72//1 73//1
f 915//1 71//1 72//1
f 793//1 169//1 792//1
f 915//1 70//1 71//1
f 915//1 69//1 70//1
f 125//1 850//1 124//1
f 915//1 68//1 69//1
f 125//1 849//1 850//1
f 915//1 67//1 68//1
f 217//1 756//1 757//1
f 793//1 168//1 169//1
f 915//1 66//1 67//1
f 218//1 756//1 217//1
f 916//1 66//1 915//1
f 916//1 65//1 66//1
f 916//1 64//1 65//1
f 916//1 63//1 64//1
f 916//1 62//1 63//1
f 793//1 167//1 168//1
f 916//1 61//1 62//1
f 916//1 60//1 61//1
f 793//1 166//1 167//1
f 794//1 166//1 793//1
f 126//1 849//1 125//1
f 794//1 165//1 166//1
f 917//1 60//1 916//1
f 218//1 755//1 756//1
f 917//1 59//1 60//1
f 126//1 848//1 849//1
f 795//1 165//1 794//1
f 795//1 164//1 165//1
f 796//1 164//1 795//1
f 796//1 163//1 164//1
f 219//1 755//1 218//1
f 127//1 848//1 126//1
f 917//1 58//1 59//1
f 796//1 162//1 163//1
f 797//1 162//1 796//1
f 918//1 58//1 917//1
f 219//1 754//1 755//1
f 797//1 161//1 162//1
f 127//1 847//1 848//1
f 798//1 161//1 797//1
f 798//1 160//1 161//1
f 918//1 57//1 58//1
f 128//1 847//1 127//1
f 798//1 159//1 160//1
f 799//1 159//1 798//1
f 799//1 158//1 159//1
f 919//1 57//1 918//1
f 219//1 753//1 754//1
f 800//1 158//1 799//1
f 800//1 157//1 158//1
f 220//1 753//1 219//1
f 129//1 847//1 128//1
f 919//1 56//1 57//1
f 800//1 156//1 157//1
f 17//1 15//1 16//1
f 801//1 156//1 800//1
f 17//1 14//1 15//1
f 129//1 846//1 847//1
f 18//1 14//1 17//1
f 801//1 155//1 156//1
f 18//1 13//1 14//1
f 19//1 13//1 18//1
f 802//1 155//1 801//1
f 130//1 846//1 129//1
f 20//1 13//1 19//1
f 802//1 154//1 155//1
f 20//1 12//1 13//1
f 220//1 752//1 753//1
f 919//1 55//1 56//1
f 920//1 55//1 919//1
f 803//1 154//1 802//1
f 803//1 153//1 154//1
f 21//1 12//1 20//1
f 21//1 11//1 12//1
f 804//1 153//1 803//1
f 131//1 846//1 130//1
f 804//1 152//1 153//1
f 221//1 752//1 220//1
f 131//1 845//1 846//1
f 22//1 11//1 21//1
f 22//1 10//1 11//1
f 920//1 54//1 55//1
f 805//1 152//1 804//1
f 805//1 151//1 152//1
f 221//1 751//1 752//1
f 132//1 845//1 131//1
f 805//1 150//1 151//1
f 806//1 150//1 805//1
f 22//1 9//1 10//1
f 23//1 9//1 22//1
f 806//1 149//1 150//1
f 921//1 54//1 920//1
f 133//1 845//1 132//1
f 806//1 148//1 149//1
f 921//1 53//1 54//1
f 807//1 148//1 806//1
f 807//1 147//1 148//1
f 23//1 8//1 9//1
f 24//1 8//1 23//1
f 134//1 845//1 133//1
f 134//1 844//1 845//1
f 221//1 750//1 751//1
f 807//1 146//1 147//1
f 135//1 844//1 134//1
f 136//1 844//1 135//1
f 807//1 145//1 146//1
f 137//1 844//1 136//1
f 138//1 844//1 137//1
f 807//1 144//1 145//1
f 807//1 143//1 144//1
f 139//1 844//1 138//1
f 807//1 142//1 143//1
f 140//1 844//1 139//1
f 807//1 141//1 142//1
f 141//1 844//1 140//1
f 807//1 844//1 141//1
f 222//1 750//1 221//1
f 808//1 844//1 807//1
f 25//1 8//1 24//1
f 25//1 7//1 8//1
f 921//1 52//1 53//1
f 922//1 52//1 921//1
f 809//1 844//1 808//1
f 222//1 749//1 750//1
f 26//1 7//1 25//1
f 809//1 843//1 844//1
f 26//1 958//1 7//1
f 958//1 959//1 7//1
f 959//1 6//1 7//1
f 27//1 958//1 26//1
f 810//1 843//1 809//1
f 922//1 51//1 52//1
f 28//1 958//1 27//1
f 28//1 957//1 958//1
f 960//1 6//1 959//1
f 28//1 956//1 957//1
f 29//1 956//1 28//1
f 222//1 748//1 749//1
f 811//1 843//1 810//1
f 223//1 748//1 222//1
f 961//1 6//1 960//1
f 29//1 955//1 956//1
f 30//1 955//1 29//1
f 961//1 5//1 6//1
f 923//1 51//1 922//1
f 923//1 50//1 51//1
f 31//1 955//1 30//1
f 962//1 5//1 961//1
f 811//1 842//1 843//1
f 31//1 954//1 955//1
f 812//1 842//1 811//1
f 32//1 954//1 31//1
f 963//1 5//1 962//1
f 32//1 953//1 954//1
f 33//1 953//1 32//1
f 223//1 747//1 748//1
f 813//1 842//1 812//1
f 923//1 49//1 50//1
f 34//1 953//1 33//1
f 964//1 5//1 963//1
f 964//1 4//1 5//1
f 35//1 953//1 34//1
f 814//1 842//1 813//1
f 35//1 952//1 953//1
f 814//1 841//1 842//1
f 36//1 952//1 35//1
f 923//1 48//1 49//1
f 224//1 747//1 223//1
f 965//1 4//1 964//1
f 37//1 952//1 36//1
f 924//1 48//1 923//1
f 924//1 47//1 48//1
f 224//1 746//1 747//1
f 815//1 841//1 814//1
f 38//1 952//1 37//1
f 924//1 46//1 47//1
f 38//1 951//1 952//1
f 39//1 951//1 38//1
f 924//1 45//1 46//1
f 40//1 951//1 39//1
f 816//1 841//1 815//1
f 41//1 951//1 40//1
f 924//1 44//1 45//1
f 966//1 4//1 965//1
f 42//1 951//1 41//1
f 924//1 43//1 44//1
f 43//1 951//1 42//1
f 924//1 951//1 43//1
f 816//1 840//1 841//1
f 966//1 3//1 4//1
f 817//1 840//1 816//1
f 817//1 839//1 840//1
f 224//1 745//1 746//1
f 924//1 950//1 951//1
f 818//1 839//1 817//1
f 967//1 3//1 966//1
f 819//1 839//1 818//1
f 819//1 838//1 839//1
f 820//1 838//1 819//1
f 821//1 838//1 820//1
f 822//1 838//1 821//1
f 823//1 838//1 822//1
f 823//1 837//1 838//1
f 824//1 837//1 823//1
f 825//1 837//1 824//1
f 225//1 745//1 224//1
f 826//1 837//1 825//1
f 925//1 950//1 924//1
f 827//1 837//1 826//1
f 827//1 836//1 837//1
f 828//1 836//1 827//1
f 829//1 836//1 828//1
f 830//1 836//1 829//1
f 830//1 835//1 836//1
f 831//1 835//1 830//1
f 925//1 949//1 950//1
f 831//1 834//1 835//1
f 968//1 3//1 967//1
f 225//1 744//1 745//1
f 832//1 834//1 831//1
f 832//1 833//1 834//1
f 968//1 2//1 3//1
f 225//1 743//1 744//1
f 225//1 742//1 743//1
f 925//1 948//1 949//1
f 969//1 2//1 968//1
f 225//1 741//1 742//1
f 926//1 948//1 925//1
f 926//1 947//1 948//1
f 226//1 741//1 225//1
f 226//1 740//1 741//1
f 926//1 946//1 947//1
f 969//1 1//1 2//1
f 927//1 946//1 926//1
f 970//1 1//1 969//1
f 927//1 945//1 946//1
f 226//1 739//1 740//1
f 927//1 944//1 945//1
f 928//1 944//1 927//1
f 226//1 738//1 739//1
f 928//1 943//1 944//1
f 226//1 737//1 738//1
f 227//1 737//1 226//1
f 971//1 1//1 970//1
f 929//1 943//1 928//1
f 929//1 942//1 943//1
f 227//1 736//1 737//1
f 929//1 941//1 942//1
f 971//1 492//1 1//1
f 930//1 941//1 929//1
f 227//1 735//1 736//1
f 930//1 940//1 941//1
f 972//1 492//1 971//1
f 930//1 939//1 940//1
f 227//1 734//1 735//1
f 931//1 939//1 930//1
f 228//1 734//1 227//1
f 931//1 938//1 939//1
f 228//1 733//1 734//1
f 931//1 937//1 938//1
f 972//1 491//1 492//1
f 932//1 937//1 931//1
f 228//1 732//1 733//1
f 932//1 936//1 937//1
f 933//1 936//1 932//1
f 973//1 491//1 972//1
f 933//1 935//1 936//1
f 934//1 935//1 933//1
f 229//1 732//1 228//1
f 229//1 731//1 732//1
f 973//1 490//1 491//1
f 974//1 490//1 973//1
f 229//1 730//1 731//1
f 230//1 730//1 229//1
f 231//1 730//1 230//1
f 232//1 730//1 231//1
f 975//1 490//1 974//1
f 975//1 489//1 490//1
f 232//1 729//1 730//1
f 233//1 729//1 232//1
f 234//1 729//1 233//1
f 235//1 729//1 234//1
f 235//1 728//1 729//1
f 976//1 489//1 975//1
f 236//1 728//1 235//1
f 237//1 728//1 236//1
f 976//1 488//1 489//1
f 238//1 728//1 237//1
f 238//1 727//1 728//1
f 239//1 727//1 238//1
f 977//1 488//1 976//1
f 240//1 727//1 239//1
f 1007//1 1009//1 1008//1
f 1007//1 1010//1 1009//1
f 1006//1 1010//1 1007//1
f 1006//1 1011//1 1010//1
f 241//1 727//1 240//1
f 242//1 727//1 241//1
f 977//1 487//1 488//1
f 242//1 726//1 727//1
f 1006//1 1012//1 1011//1
f 1005//1 1012//1 1006//1
f 243//1 726//1 242//1
f 978//1 487//1 977//1
f 1005//1 1013//1 1012//1
f 244//1 726//1 243//1
f 1004//1 1013//1 1005//1
f 244//1 725//1 726//1
f 245//1 725//1 244//1
f 1004//1 1014//1 1013//1
f 246//1 725//1 245//1
f 978//1 486//1 487//1
f 979//1 486//1 978//1
f 1003//1 1014//1 1004//1
f 1003//1 1015//1 1014//1
f 247//1 725//1 246//1
f 247//1 724//1 725//1
f 248//1 724//1 247//1
f 1003//1 1016//1 1015//1
f 1002//1 1016//1 1003//1
f 980//1 486//1 979//1
f 249//1 724//1 248//1
f 249//1 723//1 724//1
f 980//1 485//1 486//1
f 1002//1 1017//1 1016//1
f 250//1 723//1 249//1
f 251//1 723//1 250//1
f 1001//1 1017//1 1002//1
f 981//1 485//1 980//1
f 1001//1 1018//1 1017//1
f 252//1 723//1 251//1
f 252//1 722//1 723//1
f 253//1 722//1 252//1
f 1001//1 1019//1 1018//1
f 1000//1 1019//1 1001//1
f 981//1 484//1 485//1
f 254//1 722//1 253//1
f 982//1 484//1 981//1
f 254//1 721//1 722//1
f 1000//1 1020//1 1019//1
f 255//1 721//1 254//1
f 999//1 1020//1 1000//1
f 999//1 985//1 1020//1
f 255//1 720//1 721//1
f 983//1 484//1 982//1
f 256//1 720//1 255//1
f 983//1 483//1 484//1
f 998//1 985//1 999//1
f 998//1 986//1 985//1
f 257//1 720//1 256//1
f 984//1 483//1 983//1
f 997//1 986//1 998//1
f 257//1 719//1 720//1
f 258//1 719//1 257//1
f 997//1 987//1 986//1
f 984//1 482//1 483//1
f 996//1 987//1 997//1
f 259//1 719//1 258//1
f 493//1 482//1 984//1
f 527//1 525//1 526//1
f 527//1 524//1 525//1
f 528//1 524//1 527//1
f 528//1 523//1 524//1
f 529//1 523//1 528//1
f 995//1 987//1 996//1
f 259//1 718//1 719//1
f 260//1 718//1 259//1
f 529//1 522//1 523//1
f 530//1 522//1 529//1
f 995//1 988//1 987//1
f 531//1 522//1 530//1
f 531//1 521//1 522//1
f 994//1 988//1 995//1
f 261//1 718//1 260//1
f 532//1 521//1 531//1
f 494//1 482//1 493//1
f 533//1 521//1 532//1
f 494//1 481//1 482//1
f 533//1 520//1 521//1
f 994//1 989//1 988//1
f 993//1 989//1 994//1
f 262//1 718//1 261//1
f 262//1 717//1 718//1
f 534//1 520//1 533//1
f 992//1 989//1 993//1
f 263//1 717//1 262//1
f 992//1 990//1 989//1
f 534//1 519//1 520//1
f 495//1 481//1 494//1
f 991//1 990//1 992//1
f 535//1 519//1 534//1
f 264//1 717//1 263//1
f 265//1 717//1 264//1
f 536//1 519//1 535//1
f 265//1 716//1 717//1
f 266//1 716//1 265//1
f 536//1 518//1 519//1
f 267//1 716//1 266//1
f 496//1 481//1 495//1
f 537//1 518//1 536//1
f 268//1 716//1 267//1
f 496//1 480//1 481//1
f 537//1 517//1 518//1
f 269//1 716//1 268//1
f 538//1 517//1 537//1
f 269//1 715//1 716//1
f 497//1 480//1 496//1
f 270//1 715//1 269//1
f 539//1 517//1 538//1
f 497//1 479//1 480//1
f 270//1 714//1 715//1
f 539//1 448//1 517//1
f 448//1 516//1 517//1
f 498//1 479//1 497//1
f 540//1 447//1 539//1
f 447//1 448//1 539//1
f 449//1 516//1 448//1
f 540//1 446//1 447//1
f 271//1 714//1 270//1
f 450//1 516//1 449//1
f 540//1 445//1 446//1
f 451//1 516//1 450//1
f 540//1 444//1 445//1
f 540//1 443//1 444//1
f 499//1 479//1 498//1
f 271//1 713//1 714//1
f 452//1 516//1 451//1
f 540//1 442//1 443//1
f 541//1 442//1 540//1
f 452//1 515//1 516//1
f 541//1 441//1 442//1
f 272//1 713//1 271//1
f 499//1 478//1 479//1
f 453//1 515//1 452//1
f 541//1 440//1 441//1
f 500//1 478//1 499//1
f 541//1 439//1 440//1
f 272//1 712//1 713//1
f 454//1 515//1 453//1
f 542//1 439//1 541//1
f 542//1 438//1 439//1
f 454//1 514//1 515//1
f 542//1 437//1 438//1
f 501//1 478//1 500//1
f 273//1 712//1 272//1
f 273//1 711//1 712//1
f 455//1 514//1 454//1
f 542//1 436//1 437//1
f 501//1 477//1 478//1
f 542//1 435//1 436//1
f 455//1 513//1 514//1
f 273//1 710//1 711//1
f 502//1 477//1 501//1
f 456//1 513//1 455//1
f 542//1 434//1 435//1
f 273//1 709//1 710//1
f 503//1 477//1 502//1
f 274//1 709//1 273//1
f 274//1 708//1 709//1
f 456//1 512//1 513//1
f 542//1 433//1 434//1
f 274//1 707//1 708//1
f 503//1 476//1 477//1
f 504//1 476//1 503//1
f 457//1 512//1 456//1
f 543//1 433//1 542//1
f 274//1 706//1 707//1
f 543//1 432//1 433//1
f 457//1 511//1 512//1
f 648//1 646//1 647//1
f 648//1 645//1 646//1
f 649//1 645//1 648//1
f 649//1 644//1 645//1
f 505//1 476//1 504//1
f 650//1 644//1 649//1
f 650//1 643//1 644//1
f 274//1 705//1 706//1
f 650//1 642//1 643//1
f 457//1 510//1 511//1
f 506//1 476//1 505//1
f 275//1 705//1 274//1
f 651//1 642//1 650//1
f 651//1 641//1 642//1
f 458//1 510//1 457//1
f 275//1 704//1 705//1
f 506//1 475//1 476//1
f 458//1 509//1 510//1
f 507//1 475//1 506//1
f 651//1 640//1 641//1
f 458//1 508//1 509//1
f 508//1 475//1 507//1
f 543//1 431//1 432//1
f 458//1 475//1 508//1
f 651//1 639//1 640//1
f 652//1 639//1 651//1
f 275//1 703//1 704//1
f 652//1 638//1 639//1
f 458//1 474//1 475//1
f 544//1 431//1 543//1
f 459//1 474//1 458//1
f 276//1 703//1 275//1
f 276//1 702//1 703//1
f 652//1 637//1 638//1
f 544//1 430//1 431//1
f 653//1 637//1 652//1
f 653//1 636//1 637//1
f 459//1 473//1 474//1
f 276//1 701//1 702//1
f 460//1 473//1 459//1
f 654//1 636//1 653//1
f 544//1 429//1 430//1
f 277//1 701//1 276//1
f 460//1 472//1 473//1
f 545//1 429//1 544//1
f 277//1 700//1 701//1
f 461//1 472//1 460//1
f 654//1 635//1 636//1
f 461//1 471//1 472//1
f 545//1 428//1 429//1
f 655//1 327//1 654//1
f 327//1 328//1 654//1
f 328//1 635//1 654//1
f 462//1 471//1 461//1
f 277//1 699//1 700//1
f 462//1 470//1 471//1
f 278//1 699//1 277//1
f 462//1 469//1 470//1
f 463//1 469//1 462//1
f 655//1 326//1 327//1
f 329//1 635//1 328//1
f 655//1 325//1 326//1
f 330//1 635//1 329//1
f 546//1 428//1 545//1
f 655//1 324//1 325//1
f 331//1 635//1 330//1
f 332//1 635//1 331//1
f 546//1 427//1 428//1
f 655//1 323//1 324//1
f 332//1 634//1 635//1
f 333//1 634//1 332//1
f 463//1 468//1 469//1
f 334//1 634//1 333//1
f 278//1 698//1 699//1
f 464//1 468//1 463//1
f 655//1 322//1 323//1
f 335//1 634//1 334//1
f 336//1 634//1 335//1
f 464//1 467//1 468//1
f 279//1 698//1 278//1
f 656//1 322//1 655//1
f 465//1 467//1 464//1
f 656//1 321//1 322//1
f 337//1 634//1 336//1
f 465//1 466//1 467//1
f 338//1 634//1 337//1
f 546//1 426//1 427//1
f 656//1 320//1 321//1
f 279//1 697//1 698//1
f 280//1 697//1 279//1
f 547//1 426//1 546//1
f 339//1 634//1 338//1
f 339//1 633//1 634//1
f 656//1 319//1 320//1
f 657//1 319//1 656//1
f 547//1 425//1 426//1
f 280//1 696//1 697//1
f 340//1 633//1 339//1
f 281//1 696//1 280//1
f 657//1 318//1 319//1
f 548//1 425//1 547//1
f 281//1 695//1 696//1
f 548//1 424//1 425//1
f 340//1 632//1 633//1
f 341//1 632//1 340//1
f 282//1 695//1 281//1
f 282//1 694//1 695//1
f 658//1 318//1 657//1
f 658//1 317//1 318//1
f 548//1 423//1 424//1
f 549//1 423//1 548//1
f 342//1 632//1 341//1
f 282//1 693//1 694//1
f 283//1 693//1 282//1
f 342//1 631//1 632//1
f 549//1 422//1 423//1
f 283//1 692//1 693//1
f 658//1 316//1 317//1
f 343//1 631//1 342//1
f 550//1 422//1 549//1
f 284//1 692//1 283//1
f 659//1 316//1 658//1
f 550//1 421//1 422//1
f 284//1 691//1 692//1
f 343//1 630//1 631//1
f 550//1 420//1 421//1
f 284//1 690//1 691//1
f 550//1 419//1 420//1
f 344//1 630//1 343//1
f 285//1 690//1 284//1
f 550//1 418//1 419//1
f 551//1 418//1 550//1
f 551//1 417//1 418//1
f 659//1 315//1 316//1
f 551//1 416//1 417//1
f 551//1 415//1 416//1
f 285//1 689//1 690//1
f 551//1 414//1 415//1
f 551//1 413//1 414//1
f 551//1 412//1 413//1
f 660//1 315//1 659//1
f 551//1 411//1 412//1
f 286//1 689//1 285//1
f 345//1 630//1 344//1
f 551//1 410//1 411//1
f 345//1 629//1 630//1
f 552//1 410//1 551//1
f 552//1 409//1 410//1
f 286//1 688//1 689//1
f 552//1 408//1 409//1
f 286//1 687//1 688//1
f 287//1 687//1 286//1
f 660//1 314//1 315//1
f 552//1 407//1 408//1
f 346//1 629//1 345//1
f 553//1 407//1 552//1
f 346//1 628//1 629//1
f 287//1 686//1 687//1
f 661//1 314//1 660//1
f 553//1 406//1 407//1
f 288//1 686//1 287//1
f 554//1 406//1 553//1
f 555//1 406//1 554//1
f 347//1 628//1 346//1
f 556//1 406//1 555//1
f 288//1 685//1 686//1
f 557//1 406//1 556//1
f 558//1 406//1 557//1
f 559//1 406//1 558//1
f 560//1 406//1 559//1
f 561//1 406//1 560//1
f 561//1 405//1 406//1
f 289//1 685//1 288//1
f 347//1 627//1 628//1
f 562//1 405//1 561//1
f 289//1 684//1 685//1
f 563//1 405//1 562//1
f 661//1 313//1 314//1
f 564//1 405//1 563//1
f 565//1 405//1 564//1
f 348//1 627//1 347//1
f 566//1 405//1 565//1
f 567//1 405//1 566//1
f 567//1 404//1 405//1
f 290//1 684//1 289//1
f 662//1 313//1 661//1
f 290//1 683//1 684//1
f 348//1 626//1 627//1
f 568//1 404//1 567//1
f 349//1 626//1 348//1
f 290//1 682//1 683//1
f 568//1 403//1 404//1
f 569//1 403//1 568//1
f 663//1 313//1 662//1
f 291//1 682//1 290//1
f 350//1 626//1 349//1
f 663//1 312//1 313//1
f 570//1 403//1 569//1
f 350//1 625//1 626//1
f 291//1 681//1 682//1
f 351//1 625//1 350//1
f 664//1 312//1 663//1
f 570//1 402//1 403//1
f 571//1 402//1 570//1
f 352//1 625//1 351//1
f 292//1 681//1 291//1
f 292//1 680//1 681//1
f 665//1 312//1 664//1
f 353//1 625//1 352//1
f 353//1 624//1 625//1
f 665//1 311//1 312//1
f 571//1 401//1 402//1
f 572//1 401//1 571//1
f 292//1 679//1 680//1
f 354//1 624//1 353//1
f 354//1 623//1 624//1
f 666//1 311//1 665//1
f 293//1 679//1 292//1
f 355//1 623//1 354//1
f 355//1 622//1 623//1
f 293//1 678//1 679//1
f 573//1 401//1 572//1
f 356//1 622//1 355//1
f 356//1 621//1 622//1
f 666//1 310//1 311//1
f 573//1 400//1 401//1
f 667//1 310//1 666//1
f 293//1 677//1 678//1
f 357//1 621//1 356//1
f 357//1 620//1 621//1
f 294//1 677//1 293//1
f 574//1 400//1 573//1
f 668//1 310//1 667//1
f 294//1 676//1 677//1
f 357//1 619//1 620//1
f 358//1 619//1 357//1
f 669//1 310//1 668//1
f 669//1 309//1 310//1
f 574//1 399//1 400//1
f 294//1 675//1 676//1
f 358//1 618//1 619//1
f 359//1 618//1 358//1
f 575//1 399//1 574//1
f 670//1 309//1 669//1
f 295//1 675//1 294//1
f 295//1 674//1 675//1
f 359//1 617//1 618//1
f 360//1 617//1 359//1
f 671//1 309//1 670//1
f 295//1 673//1 674//1
f 672//1 309//1 671//1
f 295//1 672//1 673//1
f 295//1 309//1 672//1
f 360//1 616//1 617//1
f 361//1 616//1 360//1
f 295//1 308//1 309//1
f 575//1 398//1 399//1
f 576//1 398//1 575//1
f 361//1 615//1 616//1
f 296//1 308//1 295//1
f 362//1 615//1 361//1
f 362//1 614//1 615//1
f 296//1 307//1 308//1
f 362//1 613//1 614//1
f 297//1 307//1 296//1
f 577//1 398//1 576//1
f 362//1 612//1 613//1
f 577//1 397//1 398//1
f 363//1 612//1 362//1
f 297//1 306//1 307//1
f 298//1 306//1 297//1
f 578//1 397//1 577//1
f 363//1 611//1 612//1
f 298//1 305//1 306//1
f 299//1 305//1 298//1
f 578//1 396//1 397//1
f 364//1 611//1 363//1
f 299//1 304//1 305//1
f 300//1 304//1 299//1
f 579//1 396//1 578//1
f 364//1 610//1 611//1
f 300//1 303//1 304//1
f 301//1 303//1 300//1
f 301//1 302//1 303//1
f 579//1 395//1 396//1
f 580//1 395//1 579//1
f 364//1 609//1 610//1
f 365//1 609//1 364//1
f 365//1 608//1 609//1
f 581//1 395//1 580//1
f 581//1 394//1 395//1
f 366//1 608//1 365//1
f 366//1 607//1 608//1
f 582//1 394//1 581//1
f 582//1 393//1 394//1
f 366//1 606//1 607//1
f 583//1 393//1 582//1
f 367//1 606//1 366//1
f 367//1 605//1 606//1
f 584//1 393//1 583//1
f 584//1 392//1 393//1
f 368//1 605//1 367//1
f 368//1 604//1 605//1
f 585//1 392//1 584//1
f 368//1 603//1 604//1
f 585//1 391//1 392//1
f 586//1 391//1 585//1
f 369//1 603//1 368//1
f 369//1 602//1 603//1
f 587//1 391//1 586//1
f 587//1 390//1 391//1
f 369//1 601//1 602//1
f 370//1 601//1 369//1
f 588//1 390//1 587//1
f 370//1 600//1 601//1
f 589//1 390//1 588//1
f 589//1 389//1 390//1
f 371//1 600//1 370//1
f 590//1 389//1 589//1
f 371//1 599//1 600//1
f 591//1 389//1 590//1
f 591//1 388//1 389//1
f 371//1 598//1 599//1
f 372//1 598//1 371//1
f 592//1 388//1 591//1
f 372//1 597//1 598//1
f 593//1 388//1 592//1
f 593//1 387//1 388//1
f 372//1 596//1 597//1
f 594//1 387//1 593//1
f 373//1 596//1 372//1
f 373//1 595//1 596//1
f 595//1 387//1 594//1
f 373//1 387//1 595//1
f 373//1 386//1 387//1
f 374//1 386//1 373//1
f 374//1 385//1 386//1
f 375//1 385//1 374//1
f 375//1 384//1 385//1
f 376//1 384//1 375//1
f 376//1 383//1 384//1
f 377//1 383//1 376//1
f 377//1 382//1 383//1
f 378//1 382//1 377//1
f 378//1 381//1 382//1
f 379//1 381//1 378//1
f 379//1 380//1 381//1
o flower_4
v 1.228592 0.170911 0.000000
v 1.216057 0.195382 0.000000
v 1.201433 0.218702 0.000000
v 1.184782 0.240826 0.000000
v 1.166167 0.261706 0.000000
v 1.145650 0.281296 0.000000
v 1.123293 0.299549 0.000000
v 1.099157 0.316417 0.000000
v 1.073306 0.331854 0.000000
v 1.045801 0.345813 0.000000
v 1.016704 0.358247 0.000000
v 0.986078 0.369109 0.000000
v 0.953984 0.378353 0.000000
v 0.909277 0.387674 0.000000
v 0.865286 0.392792 0.000000
v 0.822020 0.394120 0.000000
v 0.779485 0.392068 0.000000
v 0.737691 0.387045 0.000000
v 0.696643 0.379465 0.000000
v 0.656350 0.369736 0.000000
v 0.616819 0.358269 0.000000
v 0.578058 0.345477 0.000000
v 0.540075 0.331769 0.000000
v 0.502876 0.317556 0.000000
v 0.466470 0.303248 0.000000
v 0.453376 0.298080 0.000000
v 0.440393 0.292973 0.000000
v 0.427513 0.287941 0.000000
v 0.414724 0.282997 0.000000
v 0.402016 0.278156 0.000000
v 0.389380 0.273429 0.000000
v 0.376806 0.268831 0.000000
v 0.364284 0.264376 0.000000
v 0.351802 0.260076 0.000000
v 0.339353 0.255945 0.000000
v 0.326924 0.251996 0.000000
v 0.314507 0.248244 0.000000
v 0.308113 0.246470 0.000000
v 0.301510 0.244880 0.000000
v 0.294796 0.243550 0.000000
v 0.288067 0.242554 0.000000
v 0.281420 0.241967 0.000000
v 0.274950 0.241864 0.000000
v 0.268755 0.242320 0.000000
v 0.262930 0.243410 0.000000
v 0.257572 0.245208 0.000000
v 0.252778 0.247791 0.000000
v 0.248644 0.251232 0.000000
v 0.245266 0.255607 0.000000
v 0.240553 0.266369 0.000000
v 0.237710 0.279953 0.000000
v 0.236801 0.296001 0.000000
v 0.237890 0.314156 0.000000
v 0.241042 0.334060 0.000000
v 0.246320 0.355356 0.000000
v 0.253788 0.377685 0.000000
v 0.263511 0.400691 0.000000
v 0.275553 0.424016 0.000000
v 0.289978 0.447302 0.000000
v 0.306851 0.470192 0.000000
v 0.326234 0.492329 0.000000
v 0.328259 0.494442 0.000000
v 0.330356 0.496618 0.000000
v 0.332524 0.498856 0.000000
v 0.334763 0.501155 0.000000
v 0.337069 0.503515 0.000000
v 0.339441 0.505935 0.000000
v 0.341879 0.508415 0.000000
v 0.344380 0.510954 0.000000
v 0.346942 0.513551 0.000000
v 0.349564 0.516206 0.000000
v 0.352245 0.518919 0.000000
v 0.354983 0.521688 0.000000
v 0.385225 0.552447 0.000000
v 0.419139 0.587815 0.000000
v 0.455362 0.627304 0.000000
v 0.492533 0.670424 0.000000
v 0.529286 0.716687 0.000000
v 0.564260 0.765604 0.000000
v 0.596091 0.816687 0.000000
v 0.623416 0.869447 0.000000
v 0.644872 0.923396 0.000000
v 0.659096 0.978045 0.000000
v 0.664724 1.032906 0.000000
v 0.660394 1.087489 0.000000
v 0.654670 1.112477 0.000000
v 0.646643 1.136620 0.000000
v 0.636323 1.159908 0.000000
v 0.623715 1.182335 0.000000
v 0.608826 1.203892 0.000000
v 0.591665 1.224572 0.000000
v 0.572239 1.244367 0.000000
v 0.550554 1.263269 0.000000
v 0.526617 1.281270 0.000000
v 0.500437 1.298362 0.000000
v 0.472019 1.314537 0.000000
v 0.441372 1.329788 0.000000
v 0.395710 1.348815 0.000000
v 0.352682 1.362466 0.000000
v 0.312250 1.371203 0.000000
v 0.274374 1.375489 0.000000
v 0.239017 1.375786 0.000000
v 0.206140 1.372557 0.000000
v 0.175704 1.366264 0.000000
v 0.147671 1.357369 0.000000
v 0.122003 1.346336 0.000000
v 0.098661 1.333626 0.000000
v 0.077607 1.319702 0.000000
v 0.058802 1.305027 0.000000
v 0.020060 1.266620 0.000000
v -0.013383 1.221767 0.000000
v -0.041645 1.171399 0.000000
v -0.064837 1.116447 0.000000
v -0.083075 1.057842 0.000000
v -0.096474 0.996516 0.000000
v -0.105147 0.933400 0.000000
v -0.109210 0.869425 0.000000
v -0.108776 0.805523 0.000000
v -0.103960 0.742623 0.000000
v -0.094876 0.681659 0.000000
v -0.081639 0.623559 0.000000
v -0.071768 0.583310 0.000000
v -0.064580 0.545788 0.000000
v -0.059899 0.511040 0.000000
v -0.057545 0.479111 0.000000
v -0.057341 0.450048 0.000000
v -0.059110 0.423896 0.000000
v -0.062672 0.400703 0.000000
v -0.067849 0.380514 0.000000
v -0.074465 0.363376 0.000000
v -0.082340 0.349335 0.000000
v -0.091298 0.338436 0.000000
v -0.101158 0.330727 0.000000
v -0.105634 0.328250 0.000000
v -0.109879 0.326250 0.000000
v -0.113896 0.324687 0.000000
v -0.117689 0.323519 0.000000
v -0.121261 0.322704 0.000000
v -0.124614 0.322202 0.000000
v -0.127752 0.321972 0.000000
v -0.130677 0.321971 0.000000
v -0.133392 0.322159 0.000000
v -0.135900 0.322494 0.000000
v -0.138204 0.322936 0.000000
v -0.140307 0.323443 0.000000
v -0.146492 0.325479 0.000000
v -0.152791 0.328372 0.000000
v -0.159178 0.332096 0.000000
v -0.165628 0.336628 0.000000
v -0.172117 0.341942 0.000000
v -0.178619 0.348014 0.000000
v -0.185110 0.354820 0.000000
v -0.191564 0.362334 0.000000
v -0.197957 0.370533 0.000000
v -0.204264 0.379392 0.000000
v -0.210459 0.388885 0.000000
v -0.216517 0.398989 0.000000
v -0.219006 0.403872 0.000000
v -0.221522 0.409845 0.000000
v -0.224063 0.416804 0.000000
v -0.226623 0.424644 0.000000
v -0.229200 0.433260 0.000000
v -0.231789 0.442548 0.000000
v -0.234386 0.452402 0.000000
v -0.236988 0.462718 0.000000
v -0.239592 0.473391 0.000000
v -0.242192 0.484316 0.000000
v -0.244785 0.495388 0.000000
v -0.247368 0.506502 0.000000
v -0.255527 0.541338 0.000000
v -0.264607 0.578125 0.000000
v -0.274923 0.616204 0.000000
v -0.286789 0.654918 0.000000
v -0.300522 0.693609 0.000000
v -0.316435 0.731619 0.000000
v -0.334844 0.768291 0.000000
v -0.356064 0.802965 0.000000
v -0.380410 0.834985 0.000000
v -0.408196 0.863692 0.000000
v -0.439739 0.888429 0.000000
v -0.475352 0.908538 0.000000
v -0.479099 0.910246 0.000000
v -0.482887 0.911902 0.000000
v -0.486718 0.913504 0.000000
v -0.490592 0.915053 0.000000
v -0.494509 0.916548 0.000000
v -0.498470 0.917987 0.000000
v -0.502475 0.919372 0.000000
v -0.506525 0.920700 0.000000
v -0.510619 0.921973 0.000000
v -0.514759 0.923188 0.000000
v -0.518945 0.924346 0.000000
v -0.523177 0.925445 0.000000
v -0.548117 0.930710 0.000000
v -0.572991 0.933957 0.000000
v -0.597764 0.935194 0.000000
v -0.622398 0.934431 0.000000
v -0.646855 0.931675 0.000000
v -0.671098 0.926937 0.000000
v -0.695090 0.920224 0.000000
v -0.718794 0.911546 0.000000
v -0.742173 0.900912 0.000000
v -0.765190 0.888329 0.000000
v -0.787806 0.873808 0.000000
v -0.809986 0.857357 0.000000
v -0.836055 0.834855 0.000000
v -0.860782 0.809925 0.000000
v -0.883981 0.782921 0.000000
v -0.905470 0.754198 0.000000
v -0.925062 0.724110 0.000000
v -0.942574 0.693011 0.000000
v -0.957821 0.661255 0.000000
v -0.970619 0.629198 0.000000
v -0.980782 0.597192 0.000000
v -0.988127 0.565593 0.000000
v -0.992468 0.534756 0.000000
v -0.993622 0.505033 0.000000
v -0.987515 0.451636 0.000000
v -0.971908 0.403392 0.000000
v -0.947928 0.359928 0.000000
v -0.916705 0.320868 0.000000
v -0.879366 0.285837 0.000000
v -0.837040 0.254462 0.000000
v -0.790856 0.226366 0.000000
v -0.741942 0.201176 0.000000
v -0.691427 0.178517 0.000000
v -0.640438 0.158013 0.000000
v -0.590106 0.139291 0.000000
v -0.541558 0.121975 0.000000
v -0.526100 0.116496 0.000000
v -0.510844 0.111063 0.000000
v -0.495848 0.105670 0.000000
v -0.481170 0.100311 0.000000
v -0.466867 0.094981 0.000000
v -0.452996 0.089674 0.000000
v -0.439615 0.084386 0.000000
v -0.426781 0.079110 0.000000
v -0.414553 0.073842 0.000000
v -0.402987 0.068576 0.000000
v -0.392141 0.063305 0.000000
v -0.382072 0.058026 0.000000
v -0.371164 0.051565 0.000000
v -0.361248 0.044690 0.000000
v -0.352347 0.037442 0.000000
v -0.344489 0.029862 0.000000
v -0.337698 0.021990 0.000000
v -0.331999 0.013867 0.000000
v -0.327417 0.005533 0.000000
v -0.323979 -0.002972 -0.000000
v -0.321708 -0.011607 -0.000000
v -0.320631 -0.020332 -0.000000
v -0.320772 -0.029106 -0.000000
v -0.322156 -0.037889 -0.000000
v -0.326795 -0.051558 -0.000000
v -0.334625 -0.065510 -0.000000
v -0.345794 -0.079507 -0.000000
v -0.360444 -0.093309 -0.000000
v -0.378720 -0.106676 -0.000000
v -0.400767 -0.119369 -0.000000
v -0.426730 -0.131148 -0.000000
v -0.456752 -0.141773 -0.000000
v -0.490979 -0.151006 -0.000000
v -0.529554 -0.158606 -0.000000
v -0.572623 -0.164334 -0.000000
v -0.620329 -0.167950 -0.000000
v -0.675846 -0.172074 -0.000000
v -0.729167 -0.178805 -0.000000
v -0.780180 -0.188095 -0.000000
v -0.828772 -0.199896 -0.000000
v -0.874831 -0.214160 -0.000000
v -0.918243 -0.230840 -0.000000
v -0.958896 -0.249887 -0.000000
v -0.996678 -0.271254 -0.000000
v -1.031475 -0.294893 -0.000000
v -1.063176 -0.320756 -0.000000
v -1.091667 -0.348795 -0.000000
v -1.116836 -0.378962 -0.000000
v -1.131738 -0.400345 -0.000000
v -1.144882 -0.422473 -0.000000
v -1.156253 -0.445280 -0.000000
v -1.165839 -0.468699 -0.000000
v -1.173625 -0.492666 -0.000000
v -1.179598 -0.517112 -0.000000
v -1.183745 -0.541974 -0.000000
v -1.186052 -0.567183 -0.000000
v -1.186506 -0.592675 -0.000000
v -1.185092 -0.618383 -0.000000
v -1.181798 -0.644241 -0.000000
v -1.176609 -0.670183 -0.000000
v -1.165761 -0.706950 -0.000000
v -1.151144 -0.741921 -0.000000
v -1.132993 -0.774895 -0.000000
v -1.111541 -0.805674 -0.000000
v -1.087024 -0.834058 -0.000000
v -1.059674 -0.859849 -0.000000
v -1.029726 -0.882848 -0.000000
v -0.997415 -0.902855 -0.000000
v -0.962974 -0.919671 -0.000000
v -0.926637 -0.933097 -0.000000
v -0.888639 -0.942934 -0.000000
v -0.849214 -0.948983 -0.000000
v -0.808333 -0.951054 -0.000000
v -0.768506 -0.948888 -0.000000
v -0.729895 -0.942582 -0.000000
v -0.692662 -0.932235 -0.000000
v -0.656971 -0.917946 -0.000000
v -0.622982 -0.899813 -0.000000
v -0.590860 -0.877934 -0.000000
v -0.560766 -0.852408 -0.000000
v -0.532863 -0.823334 -0.000000
v -0.507314 -0.790809 -0.000000
v -0.484280 -0.754932 -0.000000
v -0.463925 -0.715802 -0.000000
v -0.431730 -0.650286 -0.000000
v -0.400851 -0.594145 -0.000000
v -0.371453 -0.546653 -0.000000
v -0.343700 -0.507089 -0.000000
v -0.317756 -0.474729 -0.000000
v -0.293785 -0.448850 -0.000000
v -0.271951 -0.428729 -0.000000
v -0.252419 -0.413643 -0.000000
v -0.235352 -0.402869 -0.000000
v -0.220915 -0.395683 -0.000000
v -0.209272 -0.391363 -0.000000
v -0.200586 -0.389186 -0.000000
v -0.195396 -0.388396 -0.000000
v -0.190338 -0.388010 -0.000000
v -0.185403 -0.388032 -0.000000
v -0.180581 -0.388463 -0.000000
v -0.175865 -0.389308 -0.000000
v -0.171245 -0.390569 -0.000000
v -0.166711 -0.392248 -0.000000
v -0.162256 -0.394349 -0.000000
v -0.157869 -0.396875 -0.000000
v -0.153542 -0.399827 -0.000000
v -0.149266 -0.403210 -0.000000
v -0.145033 -0.407026 -0.000000
v -0.131706 -0.423498 -0.000000
v -0.122912 -0.442621 -0.000000
v -0.118212 -0.464096 -0.000000
v -0.117169 -0.487622 -0.000000
v -0.119347 -0.512901 -0.000000
v -0.124308 -0.539633 -0.000000
v -0.131616 -0.567520 -0.000000
v -0.140833 -0.596260 -0.000000
v -0.151522 -0.625556 -0.000000
v -0.163247 -0.655107 -0.000000
v -0.175569 -0.684615 -0.000000
v -0.188053 -0.713779 -0.000000
v -0.193649 -0.726814 -0.000000
v -0.199167 -0.739725 -0.000000
v -0.204580 -0.752509 -0.000000
v -0.209861 -0.765165 -0.000000
v -0.214983 -0.777687 -0.000000
v -0.219919 -0.790074 -0.000000
v -0.224643 -0.802323 -0.000000
v -0.229126 -0.814430 -0.000000
v -0.233344 -0.826392 -0.000000
v -0.237268 -0.838206 -0.000000
v -0.240872 -0.849870 -0.000000
v -0.244128 -0.861380 -0.000000
v -0.251670 -0.894557 -0.000000
v -0.256344 -0.927150 -0.000000
v -0.258181 -0.959050 -0.000000
v -0.257211 -0.990149 -0.000000
v -0.253463 -1.020338 -0.000000
v -0.246967 -1.049508 -0.000000
v -0.237753 -1.077550 -0.000000
v -0.225851 -1.104356 -0.000000
v -0.211290 -1.129816 -0.000000
v -0.194100 -1.153821 -0.000000
v -0.174312 -1.176264 -0.000000
v -0.151954 -1.197034 -0.000000
v -0.119982 -1.220769 -0.000000
v -0.085158 -1.240684 -0.000000
v -0.047795 -1.256762 -0.000000
v -0.008203 -1.268984 -0.000000
v 0.033307 -1.277333 -0.000000
v 0.076424 -1.281791 -0.000000
v 0.120837 -1.282338 -0.000000
v 0.166235 -1.278958 -0.000000
v 0.212307 -1.271631 -0.000000
v 0.258742 -1.260340 -0.000000
v 0.305230 -1.245067 -0.000000
v 0.351459 -1.225792 -0.000000
v 0.384926 -1.208886 -0.000000
v 0.416099 -1.190220 -0.000000
v 0.444924 -1.169861 -0.000000
v 0.471346 -1.147880 -0.000000
v 0.495311 -1.124345 -0.000000
v 0.516765 -1.099326 -0.000000
v 0.535654 -1.072891 -0.000000
v 0.551924 -1.045110 -0.000000
v 0.565521 -1.016051 -0.000000
v 0.576391 -0.985784 -0.000000
v 0.584479 -0.954377 -0.000000
v 0.589731 -0.921899 -0.000000
v 0.592008 -0.889347 -0.000000
v 0.591430 -0.856527 -0.000000
v 0.588107 -0.823722 -0.000000
v 0.582150 -0.791212 -0.000000
v 0.573671 -0.759278 -0.000000
v 0.562780 -0.728202 -0.000000
v 0.549590 -0.698264 -0.000000
v 0.534210 -0.669745 -0.000000
v 0.516752 -0.642927 -0.000000
v 0.497327 -0.618090 -0.000000
v 0.476046 -0.595515 -0.000000
v 0.453020 -0.575485 -0.000000
v 0.449065 -0.572417 -0.000000
v 0.444982 -0.569291 -0.000000
v 0.440776 -0.566109 -0.000000
v 0.436457 -0.562873 -0.000000
v 0.432032 -0.559585 -0.000000
v 0.427507 -0.556249 -0.000000
v 0.422891 -0.552865 -0.000000
v 0.418191 -0.549436 -0.000000
v 0.413415 -0.545965 -0.000000
v 0.408569 -0.542453 -0.000000
v 0.403661 -0.538903 -0.000000
v 0.398699 -0.535318 -0.000000
v 0.374930 -0.518093 -0.000000
v 0.349470 -0.499294 -0.000000
v 0.323171 -0.479181 -0.000000
v 0.296884 -0.458016 -0.000000
v 0.271462 -0.436060 -0.000000
v 0.247754 -0.413574 -0.000000
v 0.226613 -0.390818 -0.000000
v 0.208890 -0.368055 -0.000000
v 0.195436 -0.345546 -0.000000
v 0.187104 -0.323550 -0.000000
v 0.184744 -0.302330 -0.000000
v 0.189207 -0.282147 -0.000000
v 0.192736 -0.274282 -0.000000
v 0.196555 -0.266921 -0.000000
v 0.200667 -0.260059 -0.000000
v 0.205077 -0.253692 -0.000000
v 0.209788 -0.247816 -0.000000
v 0.214805 -0.242426 -0.000000
v 0.220132 -0.237520 -0.000000
v 0.225772 -0.233091 -0.000000
v 0.231731 -0.229137 -0.000000
v 0.238012 -0.225653 -0.000000
v 0.244619 -0.222635 -0.000000
v 0.251557 -0.220079 -0.000000
v 0.267523 -0.216076 -0.000000
v 0.284917 -0.214016 -0.000000
v 0.303677 -0.213883 -0.000000
v 0.323740 -0.215658 -0.000000
v 0.345044 -0.219326 -0.000000
v 0.367528 -0.224867 -0.000000
v 0.391130 -0.232265 -0.000000
v 0.415787 -0.241502 -0.000000
v 0.441438 -0.252561 -0.000000
v 0.468020 -0.265425 -0.000000
v 0.495472 -0.280075 -0.000000
v 0.523731 -0.296495 -0.000000
v 0.564630 -0.319958 -0.000000
v 0.605010 -0.340651 -0.000000
v 0.644813 -0.358561 -0.000000
v 0.683981 -0.373675 -0.000000
v 0.722456 -0.385982 -0.000000
v 0.760180 -0.395467 -0.000000
v 0.797096 -0.402119 -0.000000
v 0.833146 -0.405924 -0.000000
v 0.868272 -0.406870 -0.000000
v 0.902416 -0.404944 -0.000000
v 0.935521 -0.400133 -0.000000
v 0.967529 -0.392425 -0.000000
v 0.992287 -0.384203 -0.000000
v 1.016138 -0.374227 -0.000000
v 1.039075 -0.362506 -0.000000
v 1.061091 -0.349045 -0.000000
v 1.082177 -0.333852 -0.000000
v 1.102326 -0.316934 -0.000000
v 1.121530 -0.298298 -0.000000
v 1.139782 -0.277949 -0.000000
v 1.157074 -0.255897 -0.000000
v 1.173398 -0.232146 -0.000000
v 1.188748 -0.206705 -0.000000
v 1.203115 -0.179580 -0.000000
v 1.221033 -0.140188 -0.000000
v 1.235022 -0.102592 -0.000000
v 1.245399 -0.066811 -0.000000
v 1.252481 -0.032859 -0.000000
v 1.256585 -0.000754 -0.000000
v 1.258028 0.029489 0.000000
v 1.257129 0.057852 0.000000
v 1.254204 0.084320 0.000000
v 1.249570 0.108876 0.000000
v 1.243546 0.131505 0.000000
v 1.236447 0.152188 0.000000
v 1.110214 -0.133534 -0.000000
v 1.099370 -0.154089 -0.000000
v 1.087878 -0.173338 -0.000000
v 1.075742 -0.191277 -0.000000
v 1.062970 -0.207900 -0.000000
v 1.049566 -0.223202 -0.000000
v 1.035537 -0.237178 -0.000000
v 1.020886 -0.249824 -0.000000
v 1.005622 -0.261133 -0.000000
v 0.989748 -0.271101 -0.000000
v 0.973270 -0.279723 -0.000000
v 0.956195 -0.286994 -0.000000
v 0.938527 -0.292908 -0.000000
v 0.913666 -0.298782 -0.000000
v 0.887699 -0.302261 -0.000000
v 0.860671 -0.303357 -0.000000
v 0.832630 -0.302080 -0.000000
v 0.803621 -0.298441 -0.000000
v 0.773691 -0.292452 -0.000000
v 0.742887 -0.284123 -0.000000
v 0.711254 -0.273465 -0.000000
v 0.678840 -0.260490 -0.000000
v 0.645691 -0.245209 -0.000000
v 0.611853 -0.227632 -0.000000
v 0.577372 -0.207770 -0.000000
v 0.542055 -0.187373 -0.000000
v 0.507579 -0.169341 -0.000000
v 0.473992 -0.153687 -0.000000
v 0.441340 -0.140420 -0.000000
v 0.409668 -0.129553 -0.000000
v 0.379024 -0.121095 -0.000000
v 0.349454 -0.115058 -0.000000
v 0.321004 -0.111454 -0.000000
v 0.293720 -0.110292 -0.000000
v 0.267649 -0.111584 -0.000000
v 0.242837 -0.115341 -0.000000
v 0.219331 -0.121573 -0.000000
v 0.205323 -0.126728 -0.000000
v 0.191901 -0.132827 -0.000000
v 0.179082 -0.139854 -0.000000
v 0.166881 -0.147794 -0.000000
v 0.155315 -0.156632 -0.000000
v 0.144401 -0.166350 -0.000000
v 0.134154 -0.176935 -0.000000
v 0.124591 -0.188370 -0.000000
v 0.115729 -0.200639 -0.000000
v 0.107584 -0.213727 -0.000000
v 0.100172 -0.227618 -0.000000
v 0.093509 -0.242296 -0.000000
v 0.082472 -0.280401 -0.000000
v 0.080768 -0.317587 -0.000000
v 0.087310 -0.353764 -0.000000
v 0.101012 -0.388844 -0.000000
v 0.120787 -0.422740 -0.000000
v 0.145548 -0.455362 -0.000000
v 0.174210 -0.486623 -0.000000
v 0.205686 -0.516434 -0.000000
v 0.238888 -0.544707 -0.000000
v 0.272731 -0.571353 -0.000000
v 0.306129 -0.596285 -0.000000
v 0.337993 -0.619413 -0.000000
v 0.342747 -0.622848 -0.000000
v 0.347446 -0.626247 -0.000000
v 0.352081 -0.629605 -0.000000
v 0.356640 -0.632916 -0.000000
v 0.361114 -0.636177 -0.000000
v 0.365491 -0.639382 -0.000000
v 0.369762 -0.642527 -0.000000
v 0.373914 -0.645608 -0.000000
v 0.377939 -0.648620 -0.000000
v 0.381825 -0.651558 -0.000000
v 0.385561 -0.654418 -0.000000
v 0.389137 -0.657194 -0.000000
v 0.403434 -0.669636 -0.000000
v 0.417289 -0.684239 -0.000000
v 0.430499 -0.700826 -0.000000
v 0.442860 -0.719219 -0.000000
v 0.454168 -0.739239 -0.000000
v 0.464220 -0.760709 -0.000000
v 0.472811 -0.783451 -0.000000
v 0.479738 -0.807288 -0.000000
v 0.484798 -0.832040 -0.000000
v 0.487786 -0.857531 -0.000000
v 0.488498 -0.883583 -0.000000
v 0.486731 -0.910017 -0.000000
v 0.482901 -0.933626 -0.000000
v 0.476980 -0.956398 -0.000000
v 0.468991 -0.978304 -0.000000
v 0.458959 -0.999314 -0.000000
v 0.446907 -1.019401 -0.000000
v 0.432857 -1.038536 -0.000000
v 0.416834 -1.056689 -0.000000
v 0.398861 -1.073832 -0.000000
v 0.378960 -1.089936 -0.000000
v 0.357157 -1.104972 -0.000000
v 0.333473 -1.118912 -0.000000
v 0.307932 -1.131727 -0.000000
v 0.270933 -1.147261 -0.000000
v 0.233898 -1.159731 -0.000000
v 0.197069 -1.169146 -0.000000
v 0.160688 -1.175512 -0.000000
v 0.124998 -1.178840 -0.000000
v 0.090242 -1.179137 -0.000000
v 0.056660 -1.176411 -0.000000
v 0.024497 -1.170672 -0.000000
v -0.006006 -1.161927 -0.000000
v -0.034607 -1.150185 -0.000000
v -0.061063 -1.135454 -0.000000
v -0.085132 -1.117743 -0.000000
v -0.100085 -1.103829 -0.000000
v -0.113255 -1.088794 -0.000000
v -0.124628 -1.072691 -0.000000
v -0.134191 -1.055573 -0.000000
v -0.141930 -1.037490 -0.000000
v -0.147834 -1.018496 -0.000000
v -0.151887 -0.998642 -0.000000
v -0.154077 -0.977981 -0.000000
v -0.154391 -0.956564 -0.000000
v -0.152815 -0.934445 -0.000000
v -0.149337 -0.911675 -0.000000
v -0.143942 -0.888306 -0.000000
v -0.141157 -0.878511 -0.000000
v -0.138007 -0.868417 -0.000000
v -0.134520 -0.858040 -0.000000
v -0.130725 -0.847397 -0.000000
v -0.126651 -0.836506 -0.000000
v -0.122327 -0.825382 -0.000000
v -0.117781 -0.814044 -0.000000
v -0.113042 -0.802508 -0.000000
v -0.108139 -0.790790 -0.000000
v -0.103101 -0.778908 -0.000000
v -0.097956 -0.766880 -0.000000
v -0.092734 -0.754721 -0.000000
v -0.077580 -0.719241 -0.000000
v -0.062525 -0.682679 -0.000000
v -0.048278 -0.645375 -0.000000
v -0.035547 -0.607666 -0.000000
v -0.025041 -0.569892 -0.000000
v -0.017468 -0.532390 -0.000000
v -0.013538 -0.495501 -0.000000
v -0.013959 -0.459562 -0.000000
v -0.019439 -0.424911 -0.000000
v -0.030688 -0.391888 -0.000000
v -0.048414 -0.360831 -0.000000
v -0.073326 -0.332080 -0.000000
v -0.083856 -0.322697 -0.000000
v -0.094753 -0.314323 -0.000000
v -0.105998 -0.306961 -0.000000
v -0.117573 -0.300619 -0.000000
v -0.129458 -0.295302 -0.000000
v -0.141634 -0.291016 -0.000000
v -0.154083 -0.287766 -0.000000
v -0.166786 -0.285560 -0.000000
v -0.179724 -0.284403 -0.000000
v -0.192877 -0.284300 -0.000000
v -0.206228 -0.285258 -0.000000
v -0.219757 -0.287283 -0.000000
v -0.248318 -0.294964 -0.000000
v -0.276957 -0.307244 -0.000000
v -0.305629 -0.324075 -0.000000
v -0.334290 -0.345405 -0.000000
v -0.362898 -0.371185 -0.000000
v -0.391407 -0.401365 -0.000000
v -0.419774 -0.435895 -0.000000
v -0.447956 -0.474725 -0.000000
v -0.475908 -0.517805 -0.000000
v -0.503586 -0.565086 -0.000000
v -0.530947 -0.616516 -0.000000
v -0.557948 -0.672047 -0.000000
v -0.573026 -0.701120 -0.000000
v -0.590012 -0.727784 -0.000000
v -0.608785 -0.751966 -0.000000
v -0.629228 -0.773594 -0.000000
v -0.651223 -0.792594 -0.000000
v -0.674650 -0.808892 -0.000000
v -0.699392 -0.822414 -0.000000
v -0.725329 -0.833088 -0.000000
v -0.752345 -0.840841 -0.000000
v -0.780319 -0.845597 -0.000000
v -0.809134 -0.847285 -0.000000
v -0.838672 -0.845831 -0.000000
v -0.867293 -0.841462 -0.000000
v -0.894864 -0.834389 -0.000000
v -0.921218 -0.824755 -0.000000
v -0.946184 -0.812704 -0.000000
v -0.969594 -0.798377 -0.000000
v -0.991279 -0.781916 -0.000000
v -1.011069 -0.763466 -0.000000
v -1.028795 -0.743166 -0.000000
v -1.044288 -0.721162 -0.000000
v -1.057380 -0.697594 -0.000000
v -1.067900 -0.672605 -0.000000
v -1.075680 -0.646338 -0.000000
v -1.079412 -0.627814 -0.000000
v -1.081814 -0.609462 -0.000000
v -1.082893 -0.591309 -0.000000
v -1.082654 -0.573382 -0.000000
v -1.081102 -0.555707 -0.000000
v -1.078243 -0.538312 -0.000000
v -1.074081 -0.521222 -0.000000
v -1.068622 -0.504464 -0.000000
v -1.061872 -0.488064 -0.000000
v -1.053835 -0.472050 -0.000000
v -1.044517 -0.456448 -0.000000
v -1.033924 -0.441283 -0.000000
v -1.013648 -0.417163 -0.000000
v -0.990398 -0.394727 -0.000000
v -0.964268 -0.374015 -0.000000
v -0.935353 -0.355065 -0.000000
v -0.903748 -0.337916 -0.000000
v -0.869548 -0.322607 -0.000000
v -0.832850 -0.309174 -0.000000
v -0.793747 -0.297659 -0.000000
v -0.752334 -0.288098 -0.000000
v -0.708708 -0.280530 -0.000000
v -0.662962 -0.274994 -0.000000
v -0.615193 -0.271528 -0.000000
v -0.561965 -0.267417 -0.000000
v -0.511889 -0.260569 -0.000000
v -0.465131 -0.251073 -0.000000
v -0.421858 -0.239018 -0.000000
v -0.382236 -0.224494 -0.000000
v -0.346430 -0.207588 -0.000000
v -0.314609 -0.188390 -0.000000
v -0.286938 -0.166987 -0.000000
v -0.263584 -0.143470 -0.000000
v -0.244712 -0.117927 -0.000000
v -0.230491 -0.090446 -0.000000
v -0.221085 -0.061117 -0.000000
v -0.217660 -0.040729 -0.000000
v -0.216734 -0.020502 -0.000000
v -0.218250 -0.000545 -0.000000
v -0.222150 0.019034 0.000000
v -0.228377 0.038125 0.000000
v -0.236872 0.056620 0.000000
v -0.247578 0.074408 0.000000
v -0.260437 0.091382 0.000000
v -0.275393 0.107432 0.000000
v -0.292386 0.122449 0.000000
v -0.311359 0.136324 0.000000
v -0.332256 0.148948 0.000000
v -0.344087 0.155183 0.000000
v -0.356563 0.161306 0.000000
v -0.369639 0.167332 0.000000
v -0.383270 0.173276 0.000000
v -0.397412 0.179153 0.000000
v -0.412020 0.184979 0.000000
v -0.427049 0.190768 0.000000
v -0.442455 0.196537 0.000000
v -0.458192 0.202300 0.000000
v -0.474216 0.208072 0.000000
v -0.490482 0.213869 0.000000
v -0.506945 0.219706 0.000000
v -0.550028 0.235044 0.000000
v -0.593970 0.251213 0.000000
v -0.637903 0.268432 0.000000
v -0.680962 0.286920 0.000000
v -0.722279 0.306897 0.000000
v -0.760987 0.328582 0.000000
v -0.796221 0.352194 0.000000
v -0.827113 0.377952 0.000000
v -0.852796 0.406076 0.000000
v -0.872404 0.436785 0.000000
v -0.885070 0.470298 0.000000
v -0.889927 0.506834 0.000000
v -0.889089 0.526175 0.000000
v -0.885983 0.547262 0.000000
v -0.880678 0.569740 0.000000
v -0.873244 0.593255 0.000000
v -0.863752 0.617452 0.000000
v -0.852270 0.641976 0.000000
v -0.838869 0.666472 0.000000
v -0.823618 0.690586 0.000000
v -0.806588 0.713963 0.000000
v -0.787848 0.736248 0.000000
v -0.767468 0.757086 0.000000
v -0.745519 0.776122 0.000000
v -0.729835 0.787816 0.000000
v -0.713997 0.798127 0.000000
v -0.698009 0.807055 0.000000
v -0.681879 0.814597 0.000000
v -0.665613 0.820753 0.000000
v -0.649218 0.825519 0.000000
v -0.632700 0.828896 0.000000
v -0.616066 0.830880 0.000000
v -0.599322 0.831472 0.000000
v -0.582475 0.830668 0.000000
v -0.565531 0.828468 0.000000
v -0.548496 0.824870 0.000000
v -0.518196 0.813857 0.000000
v -0.491247 0.797412 0.000000
v -0.467388 0.776211 0.000000
v -0.446355 0.750931 0.000000
v -0.427888 0.722249 0.000000
v -0.411724 0.690840 0.000000
v -0.397600 0.657382 0.000000
v -0.385254 0.622552 0.000000
v -0.374424 0.587025 0.000000
v -0.364848 0.551480 0.000000
v -0.356264 0.516591 0.000000
v -0.348408 0.483037 0.000000
v -0.345052 0.468594 0.000000
v -0.341782 0.454678 0.000000
v -0.338564 0.441303 0.000000
v -0.335365 0.428480 0.000000
v -0.332151 0.416222 0.000000
v -0.328889 0.404542 0.000000
v -0.325546 0.393451 0.000000
v -0.322087 0.382961 0.000000
v -0.318479 0.373087 0.000000
v -0.314690 0.363838 0.000000
v -0.310685 0.355229 0.000000
v -0.306431 0.347271 0.000000
v -0.298279 0.333688 0.000000
v -0.289865 0.320811 0.000000
v -0.281199 0.308648 0.000000
v -0.272292 0.297210 0.000000
v -0.263153 0.286506 0.000000
v -0.253793 0.276544 0.000000
v -0.244222 0.267334 0.000000
v -0.234451 0.258885 0.000000
v -0.224490 0.251207 0.000000
v -0.214349 0.244308 0.000000
v -0.204038 0.238197 0.000000
v -0.193569 0.232885 0.000000
v -0.191353 0.231872 0.000000
v -0.189132 0.230895 0.000000
v -0.186904 0.229954 0.000000
v -0.184671 0.229050 0.000000
v -0.182431 0.228181 0.000000
v -0.180186 0.227348 0.000000
v -0.177935 0.226551 0.000000
v -0.175678 0.225790 0.000000
v -0.173415 0.225065 0.000000
v -0.171146 0.224376 0.000000
v -0.168871 0.223722 0.000000
v -0.166590 0.223103 0.000000
v -0.156645 0.220857 0.000000
v -0.146661 0.219307 0.000000
v -0.136655 0.218450 0.000000
v -0.126642 0.218286 0.000000
v -0.116637 0.218810 0.000000
v -0.106656 0.220022 0.000000
v -0.096715 0.221919 0.000000
v -0.086827 0.224498 0.000000
v -0.077010 0.227757 0.000000
v -0.067279 0.231693 0.000000
v -0.057648 0.236306 0.000000
v -0.048133 0.241591 0.000000
v -0.025689 0.257792 0.000000
v -0.006222 0.277820 0.000000
v 0.010238 0.301504 0.000000
v 0.023664 0.328669 0.000000
v 0.034027 0.359145 0.000000
v 0.041300 0.392758 0.000000
v 0.045455 0.429335 0.000000
v 0.046462 0.468703 0.000000
v 0.044296 0.510691 0.000000
v 0.038927 0.555126 0.000000
v 0.030327 0.601834 0.000000
v 0.018468 0.650643 0.000000
v 0.007240 0.699713 0.000000
v -0.000649 0.751427 0.000000
v -0.005101 0.804929 0.000000
v -0.006019 0.859363 0.000000
v -0.003305 0.913872 0.000000
v 0.003140 0.967602 0.000000
v 0.013412 1.019696 0.000000
v 0.027609 1.069298 0.000000
v 0.045830 1.115552 0.000000
v 0.068171 1.157604 0.000000
v 0.094732 1.194596 0.000000
v 0.125608 1.225673 0.000000
v 0.143410 1.239127 0.000000
v 0.162127 1.250288 0.000000
v 0.181748 1.259157 0.000000
v 0.202266 1.265732 0.000000
v 0.223672 1.270014 0.000000
v 0.245956 1.272003 0.000000
v 0.269110 1.271697 0.000000
v 0.293124 1.269097 0.000000
v 0.317990 1.264204 0.000000
v 0.343699 1.257015 0.000000
v 0.370241 1.247532 0.000000
v 0.397609 1.235754 0.000000
v 0.420433 1.224488 0.000000
v 0.441560 1.212727 0.000000
v 0.460984 1.200477 0.000000
v 0.478701 1.187743 0.000000
v 0.494704 1.174532 0.000000
v 0.508989 1.160847 0.000000
v 0.521550 1.146695 0.000000
v 0.532384 1.132081 0.000000
v 0.541483 1.117011 0.000000
v 0.548843 1.101489 0.000000
v 0.554460 1.085521 0.000000
v 0.558327 1.069112 0.000000
v 0.560829 1.027060 0.000000
v 0.554423 0.983402 0.000000
v 0.540386 0.938758 0.000000
v 0.519994 0.893746 0.000000
v 0.494523 0.848982 0.000000
v 0.465249 0.805086 0.000000
v 0.433448 0.762675 0.000000
v 0.400397 0.722368 0.000000
v 0.367370 0.684782 0.000000
v 0.335646 0.650535 0.000000
v 0.306499 0.620246 0.000000
v 0.281206 0.594532 0.000000
v 0.278355 0.591642 0.000000
v 0.275561 0.588812 0.000000
v 0.272828 0.586041 0.000000
v 0.270157 0.583331 0.000000
v 0.267550 0.580682 0.000000
v 0.265009 0.578095 0.000000
v 0.262535 0.575570 0.000000
v 0.260130 0.573109 0.000000
v 0.257796 0.570711 0.000000
v 0.255536 0.568379 0.000000
v 0.253350 0.566111 0.000000
v 0.251241 0.563909 0.000000
v 0.226055 0.535128 0.000000
v 0.203638 0.504640 0.000000
v 0.184103 0.472881 0.000000
v 0.167564 0.440285 0.000000
v 0.154134 0.407288 0.000000
v 0.143926 0.374325 0.000000
v 0.137055 0.341831 0.000000
v 0.133633 0.310242 0.000000
v 0.133775 0.279992 0.000000
v 0.137593 0.251516 0.000000
v 0.145201 0.225250 0.000000
v 0.156713 0.201629 0.000000
v 0.161653 0.194144 0.000000
v 0.168162 0.185740 0.000000
v 0.176351 0.176860 0.000000
v 0.186330 0.167948 0.000000
v 0.198207 0.159448 0.000000
v 0.212094 0.151804 0.000000
v 0.228101 0.145458 0.000000
v 0.246337 0.140855 0.000000
v 0.266913 0.138438 0.000000
v 0.289938 0.138651 0.000000
v 0.315523 0.141938 0.000000
v 0.343777 0.148742 0.000000
v 0.357311 0.152831 0.000000
v 0.370842 0.157129 0.000000
v 0.384364 0.161613 0.000000
v 0.397871 0.166261 0.000000
v 0.411355 0.171053 0.000000
v 0.424810 0.175966 0.000000
v 0.438231 0.180979 0.000000
v 0.451609 0.186070 0.000000
v 0.464940 0.191217 0.000000
v 0.478215 0.196399 0.000000
v 0.491429 0.201594 0.000000
v 0.504576 0.206781 0.000000
v 0.539905 0.220677 0.000000
v 0.574981 0.234139 0.000000
v 0.609878 0.246862 0.000000
v 0.644670 0.258543 0.000000
v 0.679432 0.268875 0.000000
v 0.714240 0.277555 0.000000
v 0.749166 0.284279 0.000000
v 0.784287 0.288741 0.000000
v 0.819677 0.290637 0.000000
v 0.855410 0.289664 0.000000
v 0.891562 0.285515 0.000000
v 0.928206 0.277887 0.000000
v 0.952712 0.270883 0.000000
v 0.976040 0.262763 0.000000
v 0.998145 0.253562 0.000000
v 1.018980 0.243313 0.000000
v 1.038497 0.232051 0.000000
v 1.056650 0.219809 0.000000
v 1.073392 0.206622 0.000000
v 1.088676 0.192523 0.000000
v 1.102456 0.177547 0.000000
v 1.114685 0.161728 0.000000
v 1.125315 0.145099 0.000000
v 1.134301 0.127695 0.000000
v 1.141723 0.109248 0.000000
v 1.147420 0.090084 0.000000
v 1.151396 0.070236 0.000000
v 1.153653 0.049740 0.000000
v 1.154194 0.028628 0.000000
v 1.153023 0.006934 0.000000
v 1.150143 -0.015307 -0.000000
v 1.145557 -0.038061 -0.000000
v 1.139268 -0.061295 -0.000000
v 1.131279 -0.084975 -0.000000
v 1.121593 -0.109066 -0.000000
v 0.079111 -0.072825 -0.000000
v 0.062381 -0.101939 -0.000000
v 0.044479 -0.124369 -0.000000
v 0.025737 -0.140675 -0.000000
v 0.006486 -0.151419 -0.000000
v -0.012943 -0.157159 -0.000000
v -0.032218 -0.158457 -0.000000
v -0.051009 -0.155873 -0.000000
v -0.068983 -0.149966 -0.000000
v -0.085811 -0.141297 -0.000000
v -0.101160 -0.130425 -0.000000
v -0.114700 -0.117912 -0.000000
v -0.126098 -0.104318 -0.000000
v -0.134442 -0.088946 -0.000000
v -0.139140 -0.071231 -0.000000
v -0.140361 -0.051933 -0.000000
v -0.138271 -0.031808 -0.000000
v -0.133038 -0.011613 -0.000000
v -0.124830 0.007892 0.000000
v -0.113812 0.025951 0.000000
v -0.100154 0.041806 0.000000
v -0.084021 0.054698 0.000000
v -0.065581 0.063872 0.000000
v -0.045002 0.068568 0.000000
v -0.022450 0.068029 0.000000
v -0.000216 0.063413 0.000000
v 0.019515 0.056571 0.000000
v 0.036743 0.047782 0.000000
v 0.051467 0.037326 0.000000
v 0.063687 0.025481 0.000000
v 0.073404 0.012528 0.000000
v 0.080616 -0.001255 -0.000000
v 0.085324 -0.015587 -0.000000
v 0.087528 -0.030190 -0.000000
v 0.087227 -0.044783 -0.000000
v 0.084422 -0.059088 -0.000000
vn -0.0000 -0.0000 1.0000
s 0
usemtl SVGMat.005
f 1123//2 1121//2 1122//2
f 1123//2 1120//2 1121//2
f 1124//2 1120//2 1123//2
f 1124//2 1119//2 1120//2
f 1125//2 1119//2 1124//2
f 1125//2 1118//2 1119//2
f 1126//2 1118//2 1125//2
f 1126//2 1117//2 1118//2
f 1127//2 1117//2 1126//2
f 1128//2 1117//2 1127//2
f 1128//2 1116//2 1117//2
f 1129//2 1116//2 1128//2
f 1129//2 1115//2 1116//2
f 1130//2 1115//2 1129//2
f 1130//2 1114//2 1115//2
f 1130//2 1891//2 1114//2
f 1891//2 1892//2 1114//2
f 1892//2 1113//2 1114//2
f 1130//2 1890//2 1891//2
f 1893//2 1113//2 1892//2
f 1130//2 1889//2 1890//2
f 1894//2 1113//2 1893//2
f 1131//2 1889//2 1130//2
f 1131//2 1888//2 1889//2
f 1895//2 1113//2 1894//2
f 1895//2 1112//2 1113//2
f 1131//2 1887//2 1888//2
f 1896//2 1112//2 1895//2
f 1131//2 1886//2 1887//2
f 1897//2 1112//2 1896//2
f 1897//2 1111//2 1112//2
f 1131//2 1885//2 1886//2
f 1898//2 1111//2 1897//2
f 1131//2 1884//2 1885//2
f 1898//2 1110//2 1111//2
f 1899//2 1110//2 1898//2
f 1132//2 1884//2 1131//2
f 1900//2 1110//2 1899//2
f 1900//2 1109//2 1110//2
f 1901//2 1109//2 1900//2
f 1132//2 1883//2 1884//2
f 1902//2 1109//2 1901//2
f 1902//2 1108//2 1109//2
f 1903//2 1108//2 1902//2
f 1133//2 1883//2 1132//2
f 1904//2 1108//2 1903//2
f 1904//2 1107//2 1108//2
f 1133//2 1882//2 1883//2
f 1905//2 1107//2 1904//2
f 1905//2 1106//2 1107//2
f 1906//2 1106//2 1905//2
f 1907//2 1106//2 1906//2
f 1134//2 1882//2 1133//2
f 1134//2 1881//2 1882//2
f 1907//2 1105//2 1106//2
f 1908//2 1105//2 1907//2
f 1908//2 1104//2 1105//2
f 1909//2 1104//2 1908//2
f 1134//2 1880//2 1881//2
f 1910//2 1104//2 1909//2
f 1135//2 1880//2 1134//2
f 1910//2 1103//2 1104//2
f 1911//2 1103//2 1910//2
f 1135//2 1879//2 1880//2
f 1136//2 1879//2 1135//2
f 1912//2 1103//2 1911//2
f 1912//2 1102//2 1103//2
f 1136//2 1878//2 1879//2
f 1913//2 1102//2 1912//2
f 1217//2 1215//2 1216//2
f 1218//2 1215//2 1217//2
f 1218//2 1214//2 1215//2
f 1137//2 1878//2 1136//2
f 1219//2 1214//2 1218//2
f 1219//2 1213//2 1214//2
f 1220//2 1213//2 1219//2
f 1220//2 1212//2 1213//2
f 1220//2 1211//2 1212//2
f 1913//2 1101//2 1102//2
f 1220//2 1210//2 1211//2
f 1220//2 1209//2 1210//2
f 1220//2 1208//2 1209//2
f 1221//2 1208//2 1220//2
f 1221//2 1207//2 1208//2
f 1221//2 1206//2 1207//2
f 1221//2 1205//2 1206//2
f 1221//2 1204//2 1205//2
f 1137//2 1877//2 1878//2
f 1221//2 1203//2 1204//2
f 1221//2 1202//2 1203//2
f 1222//2 1202//2 1221//2
f 1222//2 1201//2 1202//2
f 1222//2 1200//2 1201//2
f 1223//2 1200//2 1222//2
f 1914//2 1101//2 1913//2
f 1223//2 1199//2 1200//2
f 1224//2 1199//2 1223//2
f 1225//2 1199//2 1224//2
f 1914//2 1100//2 1101//2
f 1138//2 1877//2 1137//2
f 1225//2 1198//2 1199//2
f 1138//2 1876//2 1877//2
f 1226//2 1198//2 1225//2
f 1915//2 1100//2 1914//2
f 1226//2 1798//2 1198//2
f 1798//2 1799//2 1198//2
f 1799//2 1197//2 1198//2
f 1227//2 1797//2 1226//2
f 1797//2 1798//2 1226//2
f 1227//2 1796//2 1797//2
f 1800//2 1197//2 1799//2
f 1227//2 1795//2 1796//2
f 1801//2 1197//2 1800//2
f 1227//2 1794//2 1795//2
f 1802//2 1197//2 1801//2
f 1227//2 1793//2 1794//2
f 1915//2 1099//2 1100//2
f 1227//2 1792//2 1793//2
f 1803//2 1197//2 1802//2
f 1228//2 1792//2 1227//2
f 1228//2 1791//2 1792//2
f 1139//2 1876//2 1138//2
f 1916//2 1099//2 1915//2
f 1139//2 1875//2 1876//2
f 1803//2 1196//2 1197//2
f 1228//2 1790//2 1791//2
f 1804//2 1196//2 1803//2
f 1228//2 1789//2 1790//2
f 1229//2 1789//2 1228//2
f 1805//2 1196//2 1804//2
f 1229//2 1788//2 1789//2
f 1805//2 1195//2 1196//2
f 1916//2 1098//2 1099//2
f 1917//2 1098//2 1916//2
f 1229//2 1787//2 1788//2
f 1230//2 1787//2 1229//2
f 1139//2 1874//2 1875//2
f 1806//2 1195//2 1805//2
f 1140//2 1874//2 1139//2
f 1230//2 1786//2 1787//2
f 1806//2 1194//2 1195//2
f 1231//2 1786//2 1230//2
f 1918//2 1098//2 1917//2
f 1807//2 1194//2 1806//2
f 1918//2 1097//2 1098//2
f 1231//2 1785//2 1786//2
f 1140//2 1873//2 1874//2
f 1807//2 1193//2 1194//2
f 1232//2 1785//2 1231//2
f 1808//2 1193//2 1807//2
f 1232//2 1784//2 1785//2
f 1919//2 1097//2 1918//2
f 1141//2 1873//2 1140//2
f 1919//2 1096//2 1097//2
f 1232//2 1783//2 1784//2
f 1233//2 1783//2 1232//2
f 1809//2 1193//2 1808//2
f 1809//2 1192//2 1193//2
f 1141//2 1872//2 1873//2
f 1920//2 1096//2 1919//2
f 1233//2 1782//2 1783//2
f 1234//2 1782//2 1233//2
f 1920//2 1095//2 1096//2
f 1142//2 1872//2 1141//2
f 1810//2 1192//2 1809//2
f 1921//2 1095//2 1920//2
f 1234//2 1781//2 1782//2
f 1810//2 1191//2 1192//2
f 1142//2 1871//2 1872//2
f 1235//2 1781//2 1234//2
f 1922//2 1095//2 1921//2
f 1235//2 1780//2 1781//2
f 1923//2 1095//2 1922//2
f 1924//2 1095//2 1923//2
f 1924//2 1094//2 1095//2
f 1811//2 1191//2 1810//2
f 1925//2 1094//2 1924//2
f 1926//2 1094//2 1925//2
f 1143//2 1871//2 1142//2
f 1927//2 1094//2 1926//2
f 1811//2 1190//2 1191//2
f 1928//2 1094//2 1927//2
f 1929//2 1094//2 1928//2
f 1930//2 1094//2 1929//2
f 1931//2 1094//2 1930//2
f 1235//2 1779//2 1780//2
f 1932//2 1094//2 1931//2
f 1933//2 1094//2 1932//2
f 1236//2 1779//2 1235//2
f 1934//2 1094//2 1933//2
f 1143//2 1870//2 1871//2
f 1934//2 1093//2 1094//2
f 1812//2 1190//2 1811//2
f 1236//2 1778//2 1779//2
f 1144//2 1870//2 1143//2
f 1812//2 1189//2 1190//2
f 1935//2 1093//2 1934//2
f 1237//2 1778//2 1236//2
f 1237//2 1777//2 1778//2
f 1935//2 1092//2 1093//2
f 1935//2 1091//2 1092//2
f 1813//2 1189//2 1812//2
f 1935//2 1090//2 1091//2
f 1935//2 1089//2 1090//2
f 1145//2 1870//2 1144//2
f 1935//2 1088//2 1089//2
f 1145//2 1869//2 1870//2
f 1935//2 1087//2 1088//2
f 1237//2 1776//2 1777//2
f 1813//2 1188//2 1189//2
f 1935//2 1086//2 1087//2
f 1238//2 1776//2 1237//2
f 1936//2 1086//2 1935//2
f 1936//2 1085//2 1086//2
f 1936//2 1084//2 1085//2
f 1936//2 1083//2 1084//2
f 1936//2 1082//2 1083//2
f 1813//2 1187//2 1188//2
f 1936//2 1081//2 1082//2
f 1936//2 1080//2 1081//2
f 1813//2 1186//2 1187//2
f 1814//2 1186//2 1813//2
f 1146//2 1869//2 1145//2
f 1814//2 1185//2 1186//2
f 1937//2 1080//2 1936//2
f 1238//2 1775//2 1776//2
f 1937//2 1079//2 1080//2
f 1146//2 1868//2 1869//2
f 1815//2 1185//2 1814//2
f 1815//2 1184//2 1185//2
f 1816//2 1184//2 1815//2
f 1816//2 1183//2 1184//2
f 1239//2 1775//2 1238//2
f 1147//2 1868//2 1146//2
f 1937//2 1078//2 1079//2
f 1816//2 1182//2 1183//2
f 1817//2 1182//2 1816//2
f 1938//2 1078//2 1937//2
f 1239//2 1774//2 1775//2
f 1817//2 1181//2 1182//2
f 1147//2 1867//2 1868//2
f 1818//2 1181//2 1817//2
f 1818//2 1180//2 1181//2
f 1938//2 1077//2 1078//2
f 1148//2 1867//2 1147//2
f 1818//2 1179//2 1180//2
f 1819//2 1179//2 1818//2
f 1819//2 1178//2 1179//2
f 1939//2 1077//2 1938//2
f 1239//2 1773//2 1774//2
f 1820//2 1178//2 1819//2
f 1820//2 1177//2 1178//2
f 1240//2 1773//2 1239//2
f 1149//2 1867//2 1148//2
f 1939//2 1076//2 1077//2
f 1820//2 1176//2 1177//2
f 1037//2 1035//2 1036//2
f 1821//2 1176//2 1820//2
f 1037//2 1034//2 1035//2
f 1149//2 1866//2 1867//2
f 1038//2 1034//2 1037//2
f 1821//2 1175//2 1176//2
f 1038//2 1033//2 1034//2
f 1039//2 1033//2 1038//2
f 1822//2 1175//2 1821//2
f 1150//2 1866//2 1149//2
f 1040//2 1033//2 1039//2
f 1822//2 1174//2 1175//2
f 1040//2 1032//2 1033//2
f 1240//2 1772//2 1773//2
f 1939//2 1075//2 1076//2
f 1940//2 1075//2 1939//2
f 1823//2 1174//2 1822//2
f 1823//2 1173//2 1174//2
f 1041//2 1032//2 1040//2
f 1041//2 1031//2 1032//2
f 1824//2 1173//2 1823//2
f 1151//2 1866//2 1150//2
f 1824//2 1172//2 1173//2
f 1241//2 1772//2 1240//2
f 1151//2 1865//2 1866//2
f 1042//2 1031//2 1041//2
f 1042//2 1030//2 1031//2
f 1940//2 1074//2 1075//2
f 1825//2 1172//2 1824//2
f 1825//2 1171//2 1172//2
f 1241//2 1771//2 1772//2
f 1152//2 1865//2 1151//2
f 1825//2 1170//2 1171//2
f 1826//2 1170//2 1825//2
f 1042//2 1029//2 1030//2
f 1043//2 1029//2 1042//2
f 1826//2 1169//2 1170//2
f 1941//2 1074//2 1940//2
f 1153//2 1865//2 1152//2
f 1826//2 1168//2 1169//2
f 1941//2 1073//2 1074//2
f 1827//2 1168//2 1826//2
f 1827//2 1167//2 1168//2
f 1043//2 1028//2 1029//2
f 1044//2 1028//2 1043//2
f 1154//2 1865//2 1153//2
f 1154//2 1864//2 1865//2
f 1241//2 1770//2 1771//2
f 1827//2 1166//2 1167//2
f 1155//2 1864//2 1154//2
f 1156//2 1864//2 1155//2
f 1827//2 1165//2 1166//2
f 1157//2 1864//2 1156//2
f 1158//2 1864//2 1157//2
f 1827//2 1164//2 1165//2
f 1827//2 1163//2 1164//2
f 1159//2 1864//2 1158//2
f 1827//2 1162//2 1163//2
f 1160//2 1864//2 1159//2
f 1827//2 1161//2 1162//2
f 1161//2 1864//2 1160//2
f 1827//2 1864//2 1161//2
f 1242//2 1770//2 1241//2
f 1828//2 1864//2 1827//2
f 1045//2 1028//2 1044//2
f 1045//2 1027//2 1028//2
f 1941//2 1072//2 1073//2
f 1942//2 1072//2 1941//2
f 1829//2 1864//2 1828//2
f 1242//2 1769//2 1770//2
f 1046//2 1027//2 1045//2
f 1829//2 1863//2 1864//2
f 1046//2 1978//2 1027//2
f 1978//2 1979//2 1027//2
f 1979//2 1026//2 1027//2
f 1047//2 1978//2 1046//2
f 1830//2 1863//2 1829//2
f 1942//2 1071//2 1072//2
f 1048//2 1978//2 1047//2
f 1048//2 1977//2 1978//2
f 1980//2 1026//2 1979//2
f 1048//2 1976//2 1977//2
f 1049//2 1976//2 1048//2
f 1242//2 1768//2 1769//2
f 1831//2 1863//2 1830//2
f 1243//2 1768//2 1242//2
f 1981//2 1026//2 1980//2
f 1049//2 1975//2 1976//2
f 1050//2 1975//2 1049//2
f 1981//2 1025//2 1026//2
f 1943//2 1071//2 1942//2
f 1943//2 1070//2 1071//2
f 1051//2 1975//2 1050//2
f 1982//2 1025//2 1981//2
f 1831//2 1862//2 1863//2
f 1051//2 1974//2 1975//2
f 1832//2 1862//2 1831//2
f 1052//2 1974//2 1051//2
f 1983//2 1025//2 1982//2
f 1052//2 1973//2 1974//2
f 1053//2 1973//2 1052//2
f 1243//2 1767//2 1768//2
f 1833//2 1862//2 1832//2
f 1943//2 1069//2 1070//2
f 1054//2 1973//2 1053//2
f 1984//2 1025//2 1983//2
f 1984//2 1024//2 1025//2
f 1055//2 1973//2 1054//2
f 1834//2 1862//2 1833//2
f 1055//2 1972//2 1973//2
f 1834//2 1861//2 1862//2
f 1056//2 1972//2 1055//2
f 1943//2 1068//2 1069//2
f 1244//2 1767//2 1243//2
f 1985//2 1024//2 1984//2
f 1057//2 1972//2 1056//2
f 1944//2 1068//2 1943//2
f 1944//2 1067//2 1068//2
f 1244//2 1766//2 1767//2
f 1835//2 1861//2 1834//2
f 1058//2 1972//2 1057//2
f 1944//2 1066//2 1067//2
f 1058//2 1971//2 1972//2
f 1059//2 1971//2 1058//2
f 1944//2 1065//2 1066//2
f 1060//2 1971//2 1059//2
f 1836//2 1861//2 1835//2
f 1061//2 1971//2 1060//2
f 1944//2 1064//2 1065//2
f 1986//2 1024//2 1985//2
f 1062//2 1971//2 1061//2
f 1944//2 1063//2 1064//2
f 1063//2 1971//2 1062//2
f 1944//2 1971//2 1063//2
f 1836//2 1860//2 1861//2
f 1986//2 1023//2 1024//2
f 1837//2 1860//2 1836//2
f 1837//2 1859//2 1860//2
f 1244//2 1765//2 1766//2
f 1944//2 1970//2 1971//2
f 1838//2 1859//2 1837//2
f 1987//2 1023//2 1986//2
f 1839//2 1859//2 1838//2
f 1839//2 1858//2 1859//2
f 1840//2 1858//2 1839//2
f 1841//2 1858//2 1840//2
f 1842//2 1858//2 1841//2
f 1843//2 1858//2 1842//2
f 1843//2 1857//2 1858//2
f 1844//2 1857//2 1843//2
f 1845//2 1857//2 1844//2
f 1245//2 1765//2 1244//2
f 1846//2 1857//2 1845//2
f 1945//2 1970//2 1944//2
f 1847//2 1857//2 1846//2
f 1847//2 1856//2 1857//2
f 1848//2 1856//2 1847//2
f 1849//2 1856//2 1848//2
f 1850//2 1856//2 1849//2
f 1850//2 1855//2 1856//2
f 1851//2 1855//2 1850//2
f 1945//2 1969//2 1970//2
f 1851//2 1854//2 1855//2
f 1988//2 1023//2 1987//2
f 1245//2 1764//2 1765//2
f 1852//2 1854//2 1851//2
f 1852//2 1853//2 1854//2
f 1988//2 1022//2 1023//2
f 1245//2 1763//2 1764//2
f 1245//2 1762//2 1763//2
f 1945//2 1968//2 1969//2
f 1989//2 1022//2 1988//2
f 1245//2 1761//2 1762//2
f 1946//2 1968//2 1945//2
f 1946//2 1967//2 1968//2
f 1246//2 1761//2 1245//2
f 1246//2 1760//2 1761//2
f 1946//2 1966//2 1967//2
f 1989//2 1021//2 1022//2
f 1947//2 1966//2 1946//2
f 1990//2 1021//2 1989//2
f 1947//2 1965//2 1966//2
f 1246//2 1759//2 1760//2
f 1947//2 1964//2 1965//2
f 1948//2 1964//2 1947//2
f 1246//2 1758//2 1759//2
f 1948//2 1963//2 1964//2
f 1246//2 1757//2 1758//2
f 1247//2 1757//2 1246//2
f 1991//2 1021//2 1990//2
f 1949//2 1963//2 1948//2
f 1949//2 1962//2 1963//2
f 1247//2 1756//2 1757//2
f 1949//2 1961//2 1962//2
f 1991//2 1512//2 1021//2
f 1950//2 1961//2 1949//2
f 1247//2 1755//2 1756//2
f 1950//2 1960//2 1961//2
f 1992//2 1512//2 1991//2
f 1950//2 1959//2 1960//2
f 1247//2 1754//2 1755//2
f 1951//2 1959//2 1950//2
f 1248//2 1754//2 1247//2
f 1951//2 1958//2 1959//2
f 1248//2 1753//2 1754//2
f 1951//2 1957//2 1958//2
f 1992//2 1511//2 1512//2
f 1952//2 1957//2 1951//2
f 1248//2 1752//2 1753//2
f 1952//2 1956//2 1957//2
f 1953//2 1956//2 1952//2
f 1993//2 1511//2 1992//2
f 1953//2 1955//2 1956//2
f 1954//2 1955//2 1953//2
f 1249//2 1752//2 1248//2
f 1249//2 1751//2 1752//2
f 1993//2 1510//2 1511//2
f 1994//2 1510//2 1993//2
f 1249//2 1750//2 1751//2
f 1250//2 1750//2 1249//2
f 1251//2 1750//2 1250//2
f 1252//2 1750//2 1251//2
f 1995//2 1510//2 1994//2
f 1995//2 1509//2 1510//2
f 1252//2 1749//2 1750//2
f 1253//2 1749//2 1252//2
f 1254//2 1749//2 1253//2
f 1255//2 1749//2 1254//2
f 1255//2 1748//2 1749//2
f 1996//2 1509//2 1995//2
f 1256//2 1748//2 1255//2
f 1257//2 1748//2 1256//2
f 1996//2 1508//2 1509//2
f 1258//2 1748//2 1257//2
f 1258//2 1747//2 1748//2
f 1259//2 1747//2 1258//2
f 1997//2 1508//2 1996//2
f 1260//2 1747//2 1259//2
f 2027//2 2029//2 2028//2
f 2027//2 2030//2 2029//2
f 2026//2 2030//2 2027//2
f 2026//2 2031//2 2030//2
f 1261//2 1747//2 1260//2
f 1262//2 1747//2 1261//2
f 1997//2 1507//2 1508//2
f 1262//2 1746//2 1747//2
f 2026//2 2032//2 2031//2
f 2025//2 2032//2 2026//2
f 1263//2 1746//2 1262//2
f 1998//2 1507//2 1997//2
f 2025//2 2033//2 2032//2
f 1264//2 1746//2 1263//2
f 2024//2 2033//2 2025//2
f 1264//2 1745//2 1746//2
f 1265//2 1745//2 1264//2
f 2024//2 2034//2 2033//2
f 1266//2 1745//2 1265//2
f 1998//2 1506//2 1507//2
f 1999//2 1506//2 1998//2
f 2023//2 2034//2 2024//2
f 2023//2 2035//2 2034//2
f 1267//2 1745//2 1266//2
f 1267//2 1744//2 1745//2
f 1268//2 1744//2 1267//2
f 2023//2 2036//2 2035//2
f 2022//2 2036//2 2023//2
f 2000//2 1506//2 1999//2
f 1269//2 1744//2 1268//2
f 1269//2 1743//2 1744//2
f 2000//2 1505//2 1506//2
f 2022//2 2037//2 2036//2
f 1270//2 1743//2 1269//2
f 1271//2 1743//2 1270//2
f 2021//2 2037//2 2022//2
f 2001//2 1505//2 2000//2
f 2021//2 2038//2 2037//2
f 1272//2 1743//2 1271//2
f 1272//2 1742//2 1743//2
f 1273//2 1742//2 1272//2
f 2021//2 2039//2 2038//2
f 2020//2 2039//2 2021//2
f 2001//2 1504//2 1505//2
f 1274//2 1742//2 1273//2
f 2002//2 1504//2 2001//2
f 1274//2 1741//2 1742//2
f 2020//2 2040//2 2039//2
f 1275//2 1741//2 1274//2
f 2019//2 2040//2 2020//2
f 2019//2 2005//2 2040//2
f 1275//2 1740//2 1741//2
f 2003//2 1504//2 2002//2
f 1276//2 1740//2 1275//2
f 2003//2 1503//2 1504//2
f 2018//2 2005//2 2019//2
f 2018//2 2006//2 2005//2
f 1277//2 1740//2 1276//2
f 2004//2 1503//2 2003//2
f 2017//2 2006//2 2018//2
f 1277//2 1739//2 1740//2
f 1278//2 1739//2 1277//2
f 2017//2 2007//2 2006//2
f 2004//2 1502//2 1503//2
f 2016//2 2007//2 2017//2
f 1279//2 1739//2 1278//2
f 1513//2 1502//2 2004//2
f 1547//2 1545//2 1546//2
f 1547//2 1544//2 1545//2
f 1548//2 1544//2 1547//2
f 1548//2 1543//2 1544//2
f 1549//2 1543//2 1548//2
f 2015//2 2007//2 2016//2
f 1279//2 1738//2 1739//2
f 1280//2 1738//2 1279//2
f 1549//2 1542//2 1543//2
f 1550//2 1542//2 1549//2
f 2015//2 2008//2 2007//2
f 1551//2 1542//2 1550//2
f 1551//2 1541//2 1542//2
f 2014//2 2008//2 2015//2
f 1281//2 1738//2 1280//2
f 1552//2 1541//2 1551//2
f 1514//2 1502//2 1513//2
f 1553//2 1541//2 1552//2
f 1514//2 1501//2 1502//2
f 1553//2 1540//2 1541//2
f 2014//2 2009//2 2008//2
f 2013//2 2009//2 2014//2
f 1282//2 1738//2 1281//2
f 1282//2 1737//2 1738//2
f 1554//2 1540//2 1553//2
f 2012//2 2009//2 2013//2
f 1283//2 1737//2 1282//2
f 2012//2 2010//2 2009//2
f 1554//2 1539//2 1540//2
f 1515//2 1501//2 1514//2
f 2011//2 2010//2 2012//2
f 1555//2 1539//2 1554//2
f 1284//2 1737//2 1283//2
f 1285//2 1737//2 1284//2
f 1556//2 1539//2 1555//2
f 1285//2 1736//2 1737//2
f 1286//2 1736//2 1285//2
f 1556//2 1538//2 1539//2
f 1287//2 1736//2 1286//2
f 1516//2 1501//2 1515//2
f 1557//2 1538//2 1556//2
f 1288//2 1736//2 1287//2
f 1516//2 1500//2 1501//2
f 1557//2 1537//2 1538//2
f 1289//2 1736//2 1288//2
f 1558//2 1537//2 1557//2
f 1289//2 1735//2 1736//2
f 1517//2 1500//2 1516//2
f 1290//2 1735//2 1289//2
f 1559//2 1537//2 1558//2
f 1517//2 1499//2 1500//2
f 1290//2 1734//2 1735//2
f 1559//2 1468//2 1537//2
f 1468//2 1536//2 1537//2
f 1518//2 1499//2 1517//2
f 1560//2 1467//2 1559//2
f 1467//2 1468//2 1559//2
f 1469//2 1536//2 1468//2
f 1560//2 1466//2 1467//2
f 1291//2 1734//2 1290//2
f 1470//2 1536//2 1469//2
f 1560//2 1465//2 1466//2
f 1471//2 1536//2 1470//2
f 1560//2 1464//2 1465//2
f 1560//2 1463//2 1464//2
f 1519//2 1499//2 1518//2
f 1291//2 1733//2 1734//2
f 1472//2 1536//2 1471//2
f 1560//2 1462//2 1463//2
f 1561//2 1462//2 1560//2
f 1472//2 1535//2 1536//2
f 1561//2 1461//2 1462//2
f 1292//2 1733//2 1291//2
f 1519//2 1498//2 1499//2
f 1473//2 1535//2 1472//2
f 1561//2 1460//2 1461//2
f 1520//2 1498//2 1519//2
f 1561//2 1459//2 1460//2
f 1292//2 1732//2 1733//2
f 1474//2 1535//2 1473//2
f 1562//2 1459//2 1561//2
f 1562//2 1458//2 1459//2
f 1474//2 1534//2 1535//2
f 1562//2 1457//2 1458//2
f 1521//2 1498//2 1520//2
f 1293//2 1732//2 1292//2
f 1293//2 1731//2 1732//2
f 1475//2 1534//2 1474//2
f 1562//2 1456//2 1457//2
f 1521//2 1497//2 1498//2
f 1562//2 1455//2 1456//2
f 1475//2 1533//2 1534//2
f 1293//2 1730//2 1731//2
f 1522//2 1497//2 1521//2
f 1476//2 1533//2 1475//2
f 1562//2 1454//2 1455//2
f 1293//2 1729//2 1730//2
f 1523//2 1497//2 1522//2
f 1294//2 1729//2 1293//2
f 1294//2 1728//2 1729//2
f 1476//2 1532//2 1533//2
f 1562//2 1453//2 1454//2
f 1294//2 1727//2 1728//2
f 1523//2 1496//2 1497//2
f 1524//2 1496//2 1523//2
f 1477//2 1532//2 1476//2
f 1563//2 1453//2 1562//2
f 1294//2 1726//2 1727//2
f 1563//2 1452//2 1453//2
f 1477//2 1531//2 1532//2
f 1668//2 1666//2 1667//2
f 1668//2 1665//2 1666//2
f 1669//2 1665//2 1668//2
f 1669//2 1664//2 1665//2
f 1525//2 1496//2 1524//2
f 1670//2 1664//2 1669//2
f 1670//2 1663//2 1664//2
f 1294//2 1725//2 1726//2
f 1670//2 1662//2 1663//2
f 1477//2 1530//2 1531//2
f 1526//2 1496//2 1525//2
f 1295//2 1725//2 1294//2
f 1671//2 1662//2 1670//2
f 1671//2 1661//2 1662//2
f 1478//2 1530//2 1477//2
f 1295//2 1724//2 1725//2
f 1526//2 1495//2 1496//2
f 1478//2 1529//2 1530//2
f 1527//2 1495//2 1526//2
f 1671//2 1660//2 1661//2
f 1478//2 1528//2 1529//2
f 1528//2 1495//2 1527//2
f 1563//2 1451//2 1452//2
f 1478//2 1495//2 1528//2
f 1671//2 1659//2 1660//2
f 1672//2 1659//2 1671//2
f 1295//2 1723//2 1724//2
f 1672//2 1658//2 1659//2
f 1478//2 1494//2 1495//2
f 1564//2 1451//2 1563//2
f 1479//2 1494//2 1478//2
f 1296//2 1723//2 1295//2
f 1296//2 1722//2 1723//2
f 1672//2 1657//2 1658//2
f 1564//2 1450//2 1451//2
f 1673//2 1657//2 1672//2
f 1673//2 1656//2 1657//2
f 1479//2 1493//2 1494//2
f 1296//2 1721//2 1722//2
f 1480//2 1493//2 1479//2
f 1674//2 1656//2 1673//2
f 1564//2 1449//2 1450//2
f 1297//2 1721//2 1296//2
f 1480//2 1492//2 1493//2
f 1565//2 1449//2 1564//2
f 1297//2 1720//2 1721//2
f 1481//2 1492//2 1480//2
f 1674//2 1655//2 1656//2
f 1481//2 1491//2 1492//2
f 1565//2 1448//2 1449//2
f 1675//2 1347//2 1674//2
f 1347//2 1348//2 1674//2
f 1348//2 1655//2 1674//2
f 1482//2 1491//2 1481//2
f 1297//2 1719//2 1720//2
f 1482//2 1490//2 1491//2
f 1298//2 1719//2 1297//2
f 1482//2 1489//2 1490//2
f 1483//2 1489//2 1482//2
f 1675//2 1346//2 1347//2
f 1349//2 1655//2 1348//2
f 1675//2 1345//2 1346//2
f 1350//2 1655//2 1349//2
f 1566//2 1448//2 1565//2
f 1675//2 1344//2 1345//2
f 1351//2 1655//2 1350//2
f 1352//2 1655//2 1351//2
f 1566//2 1447//2 1448//2
f 1675//2 1343//2 1344//2
f 1352//2 1654//2 1655//2
f 1353//2 1654//2 1352//2
f 1483//2 1488//2 1489//2
f 1354//2 1654//2 1353//2
f 1298//2 1718//2 1719//2
f 1484//2 1488//2 1483//2
f 1675//2 1342//2 1343//2
f 1355//2 1654//2 1354//2
f 1356//2 1654//2 1355//2
f 1484//2 1487//2 1488//2
f 1299//2 1718//2 1298//2
f 1676//2 1342//2 1675//2
f 1485//2 1487//2 1484//2
f 1676//2 1341//2 1342//2
f 1357//2 1654//2 1356//2
f 1485//2 1486//2 1487//2
f 1358//2 1654//2 1357//2
f 1566//2 1446//2 1447//2
f 1676//2 1340//2 1341//2
f 1299//2 1717//2 1718//2
f 1300//2 1717//2 1299//2
f 1567//2 1446//2 1566//2
f 1359//2 1654//2 1358//2
f 1359//2 1653//2 1654//2
f 1676//2 1339//2 1340//2
f 1677//2 1339//2 1676//2
f 1567//2 1445//2 1446//2
f 1300//2 1716//2 1717//2
f 1360//2 1653//2 1359//2
f 1301//2 1716//2 1300//2
f 1677//2 1338//2 1339//2
f 1568//2 1445//2 1567//2
f 1301//2 1715//2 1716//2
f 1568//2 1444//2 1445//2
f 1360//2 1652//2 1653//2
f 1361//2 1652//2 1360//2
f 1302//2 1715//2 1301//2
f 1302//2 1714//2 1715//2
f 1678//2 1338//2 1677//2
f 1678//2 1337//2 1338//2
f 1568//2 1443//2 1444//2
f 1569//2 1443//2 1568//2
f 1362//2 1652//2 1361//2
f 1302//2 1713//2 1714//2
f 1303//2 1713//2 1302//2
f 1362//2 1651//2 1652//2
f 1569//2 1442//2 1443//2
f 1303//2 1712//2 1713//2
f 1678//2 1336//2 1337//2
f 1363//2 1651//2 1362//2
f 1570//2 1442//2 1569//2
f 1304//2 1712//2 1303//2
f 1679//2 1336//2 1678//2
f 1570//2 1441//2 1442//2
f 1304//2 1711//2 1712//2
f 1363//2 1650//2 1651//2
f 1570//2 1440//2 1441//2
f 1304//2 1710//2 1711//2
f 1570//2 1439//2 1440//2
f 1364//2 1650//2 1363//2
f 1305//2 1710//2 1304//2
f 1570//2 1438//2 1439//2
f 1571//2 1438//2 1570//2
f 1571//2 1437//2 1438//2
f 1679//2 1335//2 1336//2
f 1571//2 1436//2 1437//2
f 1571//2 1435//2 1436//2
f 1305//2 1709//2 1710//2
f 1571//2 1434//2 1435//2
f 1571//2 1433//2 1434//2
f 1571//2 1432//2 1433//2
f 1680//2 1335//2 1679//2
f 1571//2 1431//2 1432//2
f 1306//2 1709//2 1305//2
f 1365//2 1650//2 1364//2
f 1571//2 1430//2 1431//2
f 1365//2 1649//2 1650//2
f 1572//2 1430//2 1571//2
f 1572//2 1429//2 1430//2
f 1306//2 1708//2 1709//2
f 1572//2 1428//2 1429//2
f 1306//2 1707//2 1708//2
f 1307//2 1707//2 1306//2
f 1680//2 1334//2 1335//2
f 1572//2 1427//2 1428//2
f 1366//2 1649//2 1365//2
f 1573//2 1427//2 1572//2
f 1366//2 1648//2 1649//2
f 1307//2 1706//2 1707//2
f 1681//2 1334//2 1680//2
f 1573//2 1426//2 1427//2
f 1308//2 1706//2 1307//2
f 1574//2 1426//2 1573//2
f 1575//2 1426//2 1574//2
f 1367//2 1648//2 1366//2
f 1576//2 1426//2 1575//2
f 1308//2 1705//2 1706//2
f 1577//2 1426//2 1576//2
f 1578//2 1426//2 1577//2
f 1579//2 1426//2 1578//2
f 1580//2 1426//2 1579//2
f 1581//2 1426//2 1580//2
f 1581//2 1425//2 1426//2
f 1309//2 1705//2 1308//2
f 1367//2 1647//2 1648//2
f 1582//2 1425//2 1581//2
f 1309//2 1704//2 1705//2
f 1583//2 1425//2 1582//2
f 1681//2 1333//2 1334//2
f 1584//2 1425//2 1583//2
f 1585//2 1425//2 1584//2
f 1368//2 1647//2 1367//2
f 1586//2 1425//2 1585//2
f 1587//2 1425//2 1586//2
f 1587//2 1424//2 1425//2
f 1310//2 1704//2 1309//2
f 1682//2 1333//2 1681//2
f 1310//2 1703//2 1704//2
f 1368//2 1646//2 1647//2
f 1588//2 1424//2 1587//2
f 1369//2 1646//2 1368//2
f 1310//2 1702//2 1703//2
f 1588//2 1423//2 1424//2
f 1589//2 1423//2 1588//2
f 1683//2 1333//2 1682//2
f 1311//2 1702//2 1310//2
f 1370//2 1646//2 1369//2
f 1683//2 1332//2 1333//2
f 1590//2 1423//2 1589//2
f 1370//2 1645//2 1646//2
f 1311//2 1701//2 1702//2
f 1371//2 1645//2 1370//2
f 1684//2 1332//2 1683//2
f 1590//2 1422//2 1423//2
f 1591//2 1422//2 1590//2
f 1372//2 1645//2 1371//2
f 1312//2 1701//2 1311//2
f 1312//2 1700//2 1701//2
f 1685//2 1332//2 1684//2
f 1373//2 1645//2 1372//2
f 1373//2 1644//2 1645//2
f 1685//2 1331//2 1332//2
f 1591//2 1421//2 1422//2
f 1592//2 1421//2 1591//2
f 1312//2 1699//2 1700//2
f 1374//2 1644//2 1373//2
f 1374//2 1643//2 1644//2
f 1686//2 1331//2 1685//2
f 1313//2 1699//2 1312//2
f 1375//2 1643//2 1374//2
f 1375//2 1642//2 1643//2
f 1313//2 1698//2 1699//2
f 1593//2 1421//2 1592//2
f 1376//2 1642//2 1375//2
f 1376//2 1641//2 1642//2
f 1686//2 1330//2 1331//2
f 1593//2 1420//2 1421//2
f 1687//2 1330//2 1686//2
f 1313//2 1697//2 1698//2
f 1377//2 1641//2 1376//2
f 1377//2 1640//2 1641//2
f 1314//2 1697//2 1313//2
f 1594//2 1420//2 1593//2
f 1688//2 1330//2 1687//2
f 1314//2 1696//2 1697//2
f 1377//2 1639//2 1640//2
f 1378//2 1639//2 1377//2
f 1689//2 1330//2 1688//2
f 1689//2 1329//2 1330//2
f 1594//2 1419//2 1420//2
f 1314//2 1695//2 1696//2
f 1378//2 1638//2 1639//2
f 1379//2 1638//2 1378//2
f 1595//2 1419//2 1594//2
f 1690//2 1329//2 1689//2
f 1315//2 1695//2 1314//2
f 1315//2 1694//2 1695//2
f 1379//2 1637//2 1638//2
f 1380//2 1637//2 1379//2
f 1691//2 1329//2 1690//2
f 1315//2 1693//2 1694//2
f 1692//2 1329//2 1691//2
f 1315//2 1692//2 1693//2
f 1315//2 1329//2 1692//2
f 1380//2 1636//2 1637//2
f 1381//2 1636//2 1380//2
f 1315//2 1328//2 1329//2
f 1595//2 1418//2 1419//2
f 1596//2 1418//2 1595//2
f 1381//2 1635//2 1636//2
f 1316//2 1328//2 1315//2
f 1382//2 1635//2 1381//2
f 1382//2 1634//2 1635//2
f 1316//2 1327//2 1328//2
f 1382//2 1633//2 1634//2
f 1317//2 1327//2 1316//2
f 1597//2 1418//2 1596//2
f 1382//2 1632//2 1633//2
f 1597//2 1417//2 1418//2
f 1383//2 1632//2 1382//2
f 1317//2 1326//2 1327//2
f 1318//2 1326//2 1317//2
f 1598//2 1417//2 1597//2
f 1383//2 1631//2 1632//2
f 1318//2 1325//2 1326//2
f 1319//2 1325//2 1318//2
f 1598//2 1416//2 1417//2
f 1384//2 1631//2 1383//2
f 1319//2 1324//2 1325//2
f 1320//2 1324//2 1319//2
f 1599//2 1416//2 1598//2
f 1384//2 1630//2 1631//2
f 1320//2 1323//2 1324//2
f 1321//2 1323//2 1320//2
f 1321//2 1322//2 1323//2
f 1599//2 1415//2 1416//2
f 1600//2 1415//2 1599//2
f 1384//2 1629//2 1630//2
f 1385//2 1629//2 1384//2
f 1385//2 1628//2 1629//2
f 1601//2 1415//2 1600//2
f 1601//2 1414//2 1415//2
f 1386//2 1628//2 1385//2
f 1386//2 1627//2 1628//2
f 1602//2 1414//2 1601//2
f 1602//2 1413//2 1414//2
f 1386//2 1626//2 1627//2
f 1603//2 1413//2 1602//2
f 1387//2 1626//2 1386//2
f 1387//2 1625//2 1626//2
f 1604//2 1413//2 1603//2
f 1604//2 1412//2 1413//2
f 1388//2 1625//2 1387//2
f 1388//2 1624//2 1625//2
f 1605//2 1412//2 1604//2
f 1388//2 1623//2 1624//2
f 1605//2 1411//2 1412//2
f 1606//2 1411//2 1605//2
f 1389//2 1623//2 1388//2
f 1389//2 1622//2 1623//2
f 1607//2 1411//2 1606//2
f 1607//2 1410//2 1411//2
f 1389//2 1621//2 1622//2
f 1390//2 1621//2 1389//2
f 1608//2 1410//2 1607//2
f 1390//2 1620//2 1621//2
f 1609//2 1410//2 1608//2
f 1609//2 1409//2 1410//2
f 1391//2 1620//2 1390//2
f 1610//2 1409//2 1609//2
f 1391//2 1619//2 1620//2
f 1611//2 1409//2 1610//2
f 1611//2 1408//2 1409//2
f 1391//2 1618//2 1619//2
f 1392//2 1618//2 1391//2
f 1612//2 1408//2 1611//2
f 1392//2 1617//2 1618//2
f 1613//2 1408//2 1612//2
f 1613//2 1407//2 1408//2
f 1392//2 1616//2 1617//2
f 1614//2 1407//2 1613//2
f 1393//2 1616//2 1392//2
f 1393//2 1615//2 1616//2
f 1615//2 1407//2 1614//2
f 1393//2 1407//2 1615//2
f 1393//2 1406//2 1407//2
f 1394//2 1406//2 1393//2
f 1394//2 1405//2 1406//2
f 1395//2 1405//2 1394//2
f 1395//2 1404//2 1405//2
f 1396//2 1404//2 1395//2
f 1396//2 1403//2 1404//2
f 1397//2 1403//2 1396//2
f 1397//2 1402//2 1403//2
f 1398//2 1402//2 1397//2
f 1398//2 1401//2 1402//2
f 1399//2 1401//2 1398//2
f 1399//2 1400//2 1401//2
