# Blender 5.1.2
# www.blender.org
mtllib flower_10.mtl
o flower_10
v 1.423612 0.479495 0.000000
v 1.400179 0.505898 0.000000
v 1.374591 0.529842 0.000000
v 1.346976 0.551279 0.000000
v 1.317461 0.570164 0.000000
v 1.286174 0.586448 0.000000
v 1.253244 0.600086 0.000000
v 1.218798 0.611029 0.000000
v 1.182963 0.619232 0.000000
v 1.145869 0.624648 0.000000
v 1.107642 0.627229 0.000000
v 1.068411 0.626928 0.000000
v 1.028303 0.623699 0.000000
v 0.992669 0.617946 0.000000
v 0.958896 0.609411 0.000000
v 0.926888 0.598414 0.000000
v 0.896550 0.585276 0.000000
v 0.867788 0.570320 0.000000
v 0.840506 0.553865 0.000000
v 0.814609 0.536232 0.000000
v 0.790002 0.517744 0.000000
v 0.766589 0.498721 0.000000
v 0.744275 0.479483 0.000000
v 0.722966 0.460353 0.000000
v 0.702566 0.441651 0.000000
v 0.676841 0.418190 0.000000
v 0.653256 0.397431 0.000000
v 0.631444 0.379515 0.000000
v 0.611033 0.364584 0.000000
v 0.591654 0.352780 0.000000
v 0.572938 0.344243 0.000000
v 0.554514 0.339115 0.000000
v 0.536013 0.337538 0.000000
v 0.517066 0.339653 0.000000
v 0.497302 0.345601 0.000000
v 0.476352 0.355525 0.000000
v 0.453847 0.369564 0.000000
v 0.411100 0.408476 0.000000
v 0.382092 0.455218 0.000000
v 0.365324 0.508539 0.000000
v 0.359295 0.567185 0.000000
v 0.362505 0.629902 0.000000
v 0.373454 0.695436 0.000000
v 0.390641 0.762534 0.000000
v 0.412567 0.829942 0.000000
v 0.437731 0.896408 0.000000
v 0.464633 0.960677 0.000000
v 0.491773 1.021496 0.000000
v 0.517650 1.077611 0.000000
v 0.536144 1.122809 0.000000
v 0.551339 1.171367 0.000000
v 0.563026 1.222538 0.000000
v 0.570993 1.275575 0.000000
v 0.575029 1.329731 0.000000
v 0.574925 1.384257 0.000000
v 0.570469 1.438408 0.000000
v 0.561450 1.491436 0.000000
v 0.547657 1.542594 0.000000
v 0.528880 1.591133 0.000000
v 0.504908 1.636308 0.000000
v 0.475531 1.677370 0.000000
v 0.457531 1.697402 0.000000
v 0.436715 1.717030 0.000000
v 0.412913 1.735745 0.000000
v 0.385960 1.753038 0.000000
v 0.355686 1.768401 0.000000
v 0.321926 1.781324 0.000000
v 0.284511 1.791297 0.000000
v 0.243274 1.797813 0.000000
v 0.198048 1.800362 0.000000
v 0.148665 1.798434 0.000000
v 0.094958 1.791522 0.000000
v 0.036759 1.779116 0.000000
v 0.003406 1.769737 0.000000
v -0.028408 1.758902 0.000000
v -0.058675 1.746617 0.000000
v -0.087383 1.732888 0.000000
v -0.114525 1.717722 0.000000
v -0.140088 1.701125 0.000000
v -0.164065 1.683105 0.000000
v -0.186445 1.663668 0.000000
v -0.207219 1.642820 0.000000
v -0.226376 1.620568 0.000000
v -0.243907 1.596919 0.000000
v -0.259802 1.571880 0.000000
v -0.288597 1.512927 0.000000
v -0.308956 1.450221 0.000000
v -0.321737 1.384446 0.000000
v -0.327799 1.316284 0.000000
v -0.328000 1.246416 0.000000
v -0.323201 1.175524 0.000000
v -0.314258 1.104292 0.000000
v -0.302032 1.033401 0.000000
v -0.287381 0.963533 0.000000
v -0.271165 0.895370 0.000000
v -0.254241 0.829596 0.000000
v -0.237470 0.766891 0.000000
v -0.235526 0.759671 0.000000
v -0.233598 0.752510 0.000000
v -0.231689 0.745408 0.000000
v -0.229800 0.738368 0.000000
v -0.227933 0.731389 0.000000
v -0.226088 0.724474 0.000000
v -0.224268 0.717625 0.000000
v -0.222475 0.710841 0.000000
v -0.220709 0.704124 0.000000
v -0.218973 0.697477 0.000000
v -0.217268 0.690899 0.000000
v -0.215596 0.684392 0.000000
v -0.203981 0.632779 0.000000
v -0.196234 0.584543 0.000000
v -0.192108 0.539800 0.000000
v -0.191356 0.498667 0.000000
v -0.193732 0.461260 0.000000
v -0.198989 0.427696 0.000000
v -0.206879 0.398091 0.000000
v -0.217155 0.372562 0.000000
v -0.229571 0.351225 0.000000
v -0.243880 0.334197 0.000000
v -0.259834 0.321594 0.000000
v -0.277187 0.313533 0.000000
v -0.291522 0.310599 0.000000
v -0.306826 0.310665 0.000000
v -0.322896 0.313771 0.000000
v -0.339528 0.319958 0.000000
v -0.356515 0.329266 0.000000
v -0.373655 0.341736 0.000000
v -0.390744 0.357408 0.000000
v -0.407575 0.376323 0.000000
v -0.423946 0.398520 0.000000
v -0.439652 0.424041 0.000000
v -0.454488 0.452926 0.000000
v -0.468251 0.485215 0.000000
v -0.509915 0.583448 0.000000
v -0.555768 0.674139 0.000000
v -0.605331 0.756868 0.000000
v -0.658125 0.831215 0.000000
v -0.713670 0.896761 0.000000
v -0.771487 0.953084 0.000000
v -0.831096 0.999764 0.000000
v -0.892018 1.036383 0.000000
v -0.953773 1.062519 0.000000
v -1.015881 1.077753 0.000000
v -1.077865 1.081665 0.000000
v -1.139243 1.073834 0.000000
v -1.171473 1.065236 0.000000
v -1.202574 1.054384 0.000000
v -1.232451 1.041355 0.000000
v -1.261010 1.026226 0.000000
v -1.288156 1.009071 0.000000
v -1.313794 0.989968 0.000000
v -1.337830 0.968993 0.000000
v -1.360170 0.946221 0.000000
v -1.380717 0.921729 0.000000
v -1.399379 0.895593 0.000000
v -1.416060 0.867889 0.000000
v -1.430666 0.838693 0.000000
v -1.442312 0.810283 0.000000
v -1.452602 0.778749 0.000000
v -1.461023 0.744087 0.000000
v -1.467056 0.706294 0.000000
v -1.470186 0.665365 0.000000
v -1.469896 0.621295 0.000000
v -1.465669 0.574081 0.000000
v -1.456990 0.523717 0.000000
v -1.443342 0.470200 0.000000
v -1.424207 0.413525 0.000000
v -1.399071 0.353688 0.000000
v -1.367416 0.290684 0.000000
v -1.331142 0.233909 0.000000
v -1.290550 0.187732 0.000000
v -1.246293 0.151159 0.000000
v -1.199024 0.123197 0.000000
v -1.149397 0.102855 0.000000
v -1.098065 0.089138 0.000000
v -1.045681 0.081056 0.000000
v -0.992898 0.077614 0.000000
v -0.940369 0.077820 0.000000
v -0.888748 0.080682 0.000000
v -0.838688 0.085206 0.000000
v -0.790842 0.090401 0.000000
v -0.748843 0.094845 0.000000
v -0.711559 0.098145 0.000000
v -0.678717 0.100169 0.000000
v -0.650043 0.100787 0.000000
v -0.625264 0.099867 0.000000
v -0.604107 0.097278 0.000000
v -0.586299 0.092890 0.000000
v -0.571566 0.086572 0.000000
v -0.559637 0.078193 0.000000
v -0.550237 0.067621 0.000000
v -0.543094 0.054726 0.000000
v -0.537934 0.039378 0.000000
v -0.534861 0.020460 0.000000
v -0.535743 0.002799 0.000000
v -0.540645 -0.013876 -0.000000
v -0.549628 -0.029839 -0.000000
v -0.562756 -0.045362 -0.000000
v -0.580091 -0.060716 -0.000000
v -0.601698 -0.076175 -0.000000
v -0.627639 -0.092009 -0.000000
v -0.657976 -0.108492 -0.000000
v -0.692774 -0.125896 -0.000000
v -0.732095 -0.144493 -0.000000
v -0.776002 -0.164556 -0.000000
v -0.824094 -0.186409 -0.000000
v -0.873445 -0.209554 -0.000000
v -0.923389 -0.234414 -0.000000
v -0.973258 -0.261412 -0.000000
v -1.022388 -0.290971 -0.000000
v -1.070110 -0.323512 -0.000000
v -1.115760 -0.359459 -0.000000
v -1.158669 -0.399234 -0.000000
v -1.198172 -0.443259 -0.000000
v -1.233602 -0.491958 -0.000000
v -1.264292 -0.545754 -0.000000
v -1.289577 -0.605068 -0.000000
v -1.309455 -0.674115 -0.000000
v -1.319818 -0.742612 -0.000000
v -1.321342 -0.810053 -0.000000
v -1.314706 -0.875935 -0.000000
v -1.300585 -0.939753 -0.000000
v -1.279658 -1.001004 -0.000000
v -1.252600 -1.059183 -0.000000
v -1.220090 -1.113785 -0.000000
v -1.182804 -1.164307 -0.000000
v -1.141419 -1.210243 -0.000000
v -1.096612 -1.251091 -0.000000
v -1.049061 -1.286347 -0.000000
v -1.001535 -1.314634 -0.000000
v -0.953153 -1.337179 -0.000000
v -0.904205 -1.354001 -0.000000
v -0.854984 -1.365118 -0.000000
v -0.805782 -1.370548 -0.000000
v -0.756891 -1.370309 -0.000000
v -0.708603 -1.364421 -0.000000
v -0.661210 -1.352901 -0.000000
v -0.615004 -1.335768 -0.000000
v -0.570277 -1.313039 -0.000000
v -0.527320 -1.284735 -0.000000
v -0.486427 -1.250872 -0.000000
v -0.438760 -1.200727 -0.000000
v -0.398838 -1.146174 -0.000000
v -0.365961 -1.087934 -0.000000
v -0.339430 -1.026730 -0.000000
v -0.318545 -0.963283 -0.000000
v -0.302607 -0.898314 -0.000000
v -0.290916 -0.832546 -0.000000
v -0.282773 -0.766698 -0.000000
v -0.277478 -0.701495 -0.000000
v -0.274332 -0.637656 -0.000000
v -0.272635 -0.575903 -0.000000
v -0.271687 -0.516958 -0.000000
v -0.271356 -0.493990 -0.000000
v -0.270992 -0.471596 -0.000000
v -0.270552 -0.449820 -0.000000
v -0.269995 -0.428707 -0.000000
v -0.269280 -0.408303 -0.000000
v -0.268366 -0.388651 -0.000000
v -0.267210 -0.369798 -0.000000
v -0.265771 -0.351787 -0.000000
v -0.264008 -0.334664 -0.000000
v -0.261879 -0.318474 -0.000000
v -0.259342 -0.303261 -0.000000
v -0.256356 -0.289070 -0.000000
v -0.253125 -0.276719 -0.000000
v -0.249785 -0.266412 -0.000000
v -0.246363 -0.257964 -0.000000
v -0.242884 -0.251189 -0.000000
v -0.239376 -0.245901 -0.000000
v -0.235864 -0.241915 -0.000000
v -0.232373 -0.239045 -0.000000
v -0.228931 -0.237105 -0.000000
v -0.225563 -0.235910 -0.000000
v -0.222295 -0.235273 -0.000000
v -0.219154 -0.235010 -0.000000
v -0.216165 -0.234935 -0.000000
v -0.216129 -0.234935 -0.000000
v -0.216094 -0.234935 -0.000000
v -0.216058 -0.234935 -0.000000
v -0.216023 -0.234935 -0.000000
v -0.215987 -0.234935 -0.000000
v -0.215951 -0.234935 -0.000000
v -0.215916 -0.234935 -0.000000
v -0.215880 -0.234935 -0.000000
v -0.215845 -0.234935 -0.000000
v -0.215809 -0.234935 -0.000000
v -0.215774 -0.234935 -0.000000
v -0.215738 -0.234935 -0.000000
v -0.209733 -0.235482 -0.000000
v -0.201853 -0.237612 -0.000000
v -0.192254 -0.242061 -0.000000
v -0.181093 -0.249565 -0.000000
v -0.168530 -0.260856 -0.000000
v -0.154720 -0.276672 -0.000000
v -0.139821 -0.297747 -0.000000
v -0.123992 -0.324816 -0.000000
v -0.107389 -0.358613 -0.000000
v -0.090170 -0.399875 -0.000000
v -0.072492 -0.449336 -0.000000
v -0.054514 -0.507731 -0.000000
v -0.042472 -0.551856 -0.000000
v -0.031142 -0.597369 -0.000000
v -0.020502 -0.643868 -0.000000
v -0.010527 -0.690950 -0.000000
v -0.001193 -0.738210 -0.000000
v 0.007524 -0.785245 -0.000000
v 0.015647 -0.831653 -0.000000
v 0.023201 -0.877030 -0.000000
v 0.030210 -0.920972 -0.000000
v 0.036697 -0.963077 -0.000000
v 0.042686 -1.002941 -0.000000
v 0.048202 -1.040160 -0.000000
v 0.050559 -1.056094 -0.000000
v 0.052836 -1.071445 -0.000000
v 0.055038 -1.086197 -0.000000
v 0.057171 -1.100334 -0.000000
v 0.059237 -1.113842 -0.000000
v 0.061243 -1.126705 -0.000000
v 0.063192 -1.138906 -0.000000
v 0.065089 -1.150431 -0.000000
v 0.066940 -1.161263 -0.000000
v 0.068748 -1.171388 -0.000000
v 0.070519 -1.180790 -0.000000
v 0.072256 -1.189452 -0.000000
v 0.080276 -1.219697 -0.000000
v 0.092307 -1.252370 -0.000000
v 0.108232 -1.286696 -0.000000
v 0.127933 -1.321906 -0.000000
v 0.151292 -1.357226 -0.000000
v 0.178192 -1.391884 -0.000000
v 0.208514 -1.425108 -0.000000
v 0.242140 -1.456126 -0.000000
v 0.278953 -1.484166 -0.000000
v 0.318835 -1.508455 -0.000000
v 0.361668 -1.528221 -0.000000
v 0.407333 -1.542693 -0.000000
v 0.413451 -1.544139 -0.000000
v 0.419690 -1.545494 -0.000000
v 0.426047 -1.546751 -0.000000
v 0.432521 -1.547905 -0.000000
v 0.439110 -1.548947 -0.000000
v 0.445812 -1.549872 -0.000000
v 0.452624 -1.550673 -0.000000
v 0.459546 -1.551343 -0.000000
v 0.466575 -1.551876 -0.000000
v 0.473709 -1.552265 -0.000000
v 0.480947 -1.552503 -0.000000
v 0.488286 -1.552584 -0.000000
v 0.513516 -1.551629 -0.000000
v 0.539775 -1.548601 -0.000000
v 0.566987 -1.543253 -0.000000
v 0.595078 -1.535340 -0.000000
v 0.623973 -1.524615 -0.000000
v 0.653595 -1.510833 -0.000000
v 0.683871 -1.493748 -0.000000
v 0.714725 -1.473114 -0.000000
v 0.746083 -1.448685 -0.000000
v 0.777868 -1.420215 -0.000000
v 0.810006 -1.387458 -0.000000
v 0.842422 -1.350168 -0.000000
v 0.873392 -1.310422 -0.000000
v 0.900985 -1.270777 -0.000000
v 0.925195 -1.231249 -0.000000
v 0.946019 -1.191852 -0.000000
v 0.963452 -1.152602 -0.000000
v 0.977488 -1.113514 -0.000000
v 0.988123 -1.074603 -0.000000
v 0.995353 -1.035885 -0.000000
v 0.999172 -0.997374 -0.000000
v 0.999576 -0.959085 -0.000000
v 0.996559 -0.921034 -0.000000
v 0.990118 -0.883236 -0.000000
v 0.977088 -0.836000 -0.000000
v 0.958650 -0.789611 -0.000000
v 0.934821 -0.744083 -0.000000
v 0.905618 -0.699435 -0.000000
v 0.871056 -0.655682 -0.000000
v 0.831152 -0.612840 -0.000000
v 0.785923 -0.570926 -0.000000
v 0.735385 -0.529957 -0.000000
v 0.679555 -0.489949 -0.000000
v 0.618450 -0.450917 -0.000000
v 0.552085 -0.412880 -0.000000
v 0.480477 -0.375852 -0.000000
v 0.440763 -0.355519 -0.000000
v 0.403279 -0.334728 -0.000000
v 0.368154 -0.313583 -0.000000
v 0.335514 -0.292190 -0.000000
v 0.305488 -0.270655 -0.000000
v 0.278202 -0.249085 -0.000000
v 0.253784 -0.227584 -0.000000
v 0.232360 -0.206259 -0.000000
v 0.214059 -0.185216 -0.000000
v 0.199007 -0.164559 -0.000000
v 0.187331 -0.144396 -0.000000
v 0.179160 -0.124831 -0.000000
v 0.177168 -0.118236 -0.000000
v 0.175612 -0.111757 -0.000000
v 0.174491 -0.105382 -0.000000
v 0.173807 -0.099098 -0.000000
v 0.173562 -0.092894 -0.000000
v 0.173755 -0.086757 -0.000000
v 0.174388 -0.080676 -0.000000
v 0.175462 -0.074637 -0.000000
v 0.176977 -0.068630 -0.000000
v 0.178936 -0.062642 -0.000000
v 0.181338 -0.056661 -0.000000
v 0.184186 -0.050675 -0.000000
v 0.186165 -0.047058 -0.000000
v 0.188152 -0.043896 -0.000000
v 0.190142 -0.041155 -0.000000
v 0.192134 -0.038801 -0.000000
v 0.194124 -0.036802 -0.000000
v 0.196110 -0.035122 -0.000000
v 0.198090 -0.033729 -0.000000
v 0.200061 -0.032588 -0.000000
v 0.202019 -0.031667 -0.000000
v 0.203964 -0.030931 -0.000000
v 0.205891 -0.030346 -0.000000
v 0.207798 -0.029880 -0.000000
v 0.232872 -0.029061 -0.000000
v 0.263256 -0.035757 -0.000000
v 0.298107 -0.049006 -0.000000
v 0.336581 -0.067843 -0.000000
v 0.377835 -0.091305 -0.000000
v 0.421026 -0.118429 -0.000000
v 0.465312 -0.148250 -0.000000
v 0.509848 -0.179806 -0.000000
v 0.553793 -0.212132 -0.000000
v 0.596302 -0.244265 -0.000000
v 0.636534 -0.275242 -0.000000
v 0.673644 -0.304098 -0.000000
v 0.705355 -0.327022 -0.000000
v 0.737949 -0.347113 -0.000000
v 0.771333 -0.364352 -0.000000
v 0.805410 -0.378719 -0.000000
v 0.840086 -0.390196 -0.000000
v 0.875267 -0.398764 -0.000000
v 0.910858 -0.404403 -0.000000
v 0.946764 -0.407095 -0.000000
v 0.982891 -0.406820 -0.000000
v 1.019144 -0.403559 -0.000000
v 1.055428 -0.397293 -0.000000
v 1.091648 -0.388004 -0.000000
v 1.134274 -0.373040 -0.000000
v 1.175528 -0.354128 -0.000000
v 1.215247 -0.331438 -0.000000
v 1.253268 -0.305140 -0.000000
v 1.289431 -0.275404 -0.000000
v 1.323571 -0.242399 -0.000000
v 1.355527 -0.206296 -0.000000
v 1.385137 -0.167263 -0.000000
v 1.412237 -0.125472 -0.000000
v 1.436665 -0.081091 -0.000000
v 1.458260 -0.034291 -0.000000
v 1.476857 0.014759 0.000000
v 1.490559 0.059668 0.000000
v 1.500923 0.103805 0.000000
v 1.507961 0.147064 0.000000
v 1.511686 0.189340 0.000000
v 1.512109 0.230528 0.000000
v 1.509242 0.270521 0.000000
v 1.503096 0.309215 0.000000
v 1.493685 0.346504 0.000000
v 1.481018 0.382282 0.000000
v 1.465110 0.416443 0.000000
v 1.445970 0.448883 0.000000
v 1.366857 0.052130 0.000000
v 1.351617 0.011790 0.000000
v 1.334040 -0.026662 -0.000000
v 1.314255 -0.063087 -0.000000
v 1.292393 -0.097345 -0.000000
v 1.268583 -0.129298 -0.000000
v 1.242955 -0.158808 -0.000000
v 1.215641 -0.185734 -0.000000
v 1.186769 -0.209939 -0.000000
v 1.156470 -0.231283 -0.000000
v 1.124875 -0.249627 -0.000000
v 1.092114 -0.264833 -0.000000
v 1.058316 -0.276761 -0.000000
v 1.031351 -0.283661 -0.000000
v 1.004303 -0.288284 -0.000000
v 0.977244 -0.290645 -0.000000
v 0.950244 -0.290759 -0.000000
v 0.923376 -0.288639 -0.000000
v 0.896710 -0.284301 -0.000000
v 0.870318 -0.277759 -0.000000
v 0.844270 -0.269027 -0.000000
v 0.818639 -0.258121 -0.000000
v 0.793495 -0.245054 -0.000000
v 0.768910 -0.229841 -0.000000
v 0.744955 -0.212497 -0.000000
v 0.686371 -0.167140 -0.000000
v 0.629738 -0.124124 -0.000000
v 0.575109 -0.083876 -0.000000
v 0.522540 -0.046821 -0.000000
v 0.472083 -0.013385 -0.000000
v 0.423794 0.016004 0.000000
v 0.377727 0.040920 0.000000
v 0.333936 0.060938 0.000000
v 0.292476 0.075631 0.000000
v 0.253400 0.084572 0.000000
v 0.216764 0.087336 0.000000
v 0.182621 0.083496 0.000000
v 0.171694 0.080656 0.000000
v 0.161165 0.077066 0.000000
v 0.151049 0.072735 0.000000
v 0.141359 0.067676 0.000000
v 0.132107 0.061898 0.000000
v 0.123308 0.055413 0.000000
v 0.114974 0.048230 0.000000
v 0.107118 0.040360 0.000000
v 0.099754 0.031815 0.000000
v 0.092894 0.022604 0.000000
v 0.086553 0.012738 0.000000
v 0.080744 0.002229 0.000000
v 0.074643 -0.010700 -0.000000
v 0.069466 -0.023828 -0.000000
v 0.065216 -0.037134 -0.000000
v 0.061893 -0.050595 -0.000000
v 0.059499 -0.064191 -0.000000
v 0.058036 -0.077900 -0.000000
v 0.057505 -0.091702 -0.000000
v 0.057906 -0.105575 -0.000000
v 0.059243 -0.119497 -0.000000
v 0.061515 -0.133447 -0.000000
v 0.064725 -0.147405 -0.000000
v 0.068874 -0.161348 -0.000000
v 0.083051 -0.195653 -0.000000
v 0.102020 -0.228705 -0.000000
v 0.125209 -0.260456 -0.000000
v 0.152043 -0.290859 -0.000000
v 0.181950 -0.319869 -0.000000
v 0.214355 -0.347437 -0.000000
v 0.248686 -0.373519 -0.000000
v 0.284368 -0.398066 -0.000000
v 0.320829 -0.421033 -0.000000
v 0.357494 -0.442372 -0.000000
v 0.393790 -0.462038 -0.000000
v 0.429144 -0.479983 -0.000000
v 0.492659 -0.512684 -0.000000
v 0.551453 -0.545966 -0.000000
v 0.605513 -0.579817 -0.000000
v 0.654823 -0.614222 -0.000000
v 0.699368 -0.649167 -0.000000
v 0.739135 -0.684640 -0.000000
v 0.774108 -0.720625 -0.000000
v 0.804273 -0.757109 -0.000000
v 0.829615 -0.794078 -0.000000
v 0.850120 -0.831519 -0.000000
v 0.865774 -0.869418 -0.000000
v 0.876561 -0.907760 -0.000000
v 0.881361 -0.936531 -0.000000
v 0.883397 -0.965697 -0.000000
v 0.882672 -0.995247 -0.000000
v 0.879190 -1.025169 -0.000000
v 0.872957 -1.055450 -0.000000
v 0.863975 -1.086079 -0.000000
v 0.852248 -1.117044 -0.000000
v 0.837781 -1.148332 -0.000000
v 0.820577 -1.179933 -0.000000
v 0.800642 -1.211834 -0.000000
v 0.777977 -1.244022 -0.000000
v 0.752589 -1.276487 -0.000000
v 0.726322 -1.306860 -0.000000
v 0.699985 -1.334051 -0.000000
v 0.673589 -1.358057 -0.000000
v 0.647143 -1.378871 -0.000000
v 0.620657 -1.396489 -0.000000
v 0.594142 -1.410907 -0.000000
v 0.567607 -1.422119 -0.000000
v 0.541064 -1.430122 -0.000000
v 0.514523 -1.434909 -0.000000
v 0.487992 -1.436477 -0.000000
v 0.461484 -1.434820 -0.000000
v 0.435007 -1.429934 -0.000000
v 0.402759 -1.419594 -0.000000
v 0.372040 -1.405178 -0.000000
v 0.343018 -1.387272 -0.000000
v 0.315861 -1.366462 -0.000000
v 0.290736 -1.343336 -0.000000
v 0.267813 -1.318478 -0.000000
v 0.247258 -1.292477 -0.000000
v 0.229240 -1.265917 -0.000000
v 0.213926 -1.239386 -0.000000
v 0.201485 -1.213470 -0.000000
v 0.192085 -1.188756 -0.000000
v 0.185893 -1.165829 -0.000000
v 0.184309 -1.157904 -0.000000
v 0.182663 -1.149095 -0.000000
v 0.180957 -1.139450 -0.000000
v 0.179191 -1.129019 -0.000000
v 0.177366 -1.117851 -0.000000
v 0.175483 -1.105995 -0.000000
v 0.173544 -1.093500 -0.000000
v 0.171548 -1.080415 -0.000000
v 0.169497 -1.066789 -0.000000
v 0.167392 -1.052671 -0.000000
v 0.165234 -1.038111 -0.000000
v 0.163023 -1.023157 -0.000000
v 0.145680 -0.909214 -0.000000
v 0.127186 -0.797244 -0.000000
v 0.107114 -0.688759 -0.000000
v 0.085032 -0.585273 -0.000000
v 0.060513 -0.488297 -0.000000
v 0.033128 -0.399345 -0.000000
v 0.002446 -0.319928 -0.000000
v -0.031961 -0.251559 -0.000000
v -0.070522 -0.195750 -0.000000
v -0.113667 -0.154014 -0.000000
v -0.161824 -0.127863 -0.000000
v -0.215422 -0.118810 -0.000000
v -0.215628 -0.118810 -0.000000
v -0.215833 -0.118810 -0.000000
v -0.216039 -0.118810 -0.000000
v -0.216244 -0.118811 -0.000000
v -0.216450 -0.118811 -0.000000
v -0.216655 -0.118812 -0.000000
v -0.216860 -0.118813 -0.000000
v -0.217066 -0.118815 -0.000000
v -0.217271 -0.118817 -0.000000
v -0.217477 -0.118819 -0.000000
v -0.217682 -0.118822 -0.000000
v -0.217887 -0.118826 -0.000000
v -0.231656 -0.119574 -0.000000
v -0.245894 -0.121587 -0.000000
v -0.260399 -0.125096 -0.000000
v -0.274967 -0.130334 -0.000000
v -0.289396 -0.137533 -0.000000
v -0.303482 -0.146927 -0.000000
v -0.317022 -0.158747 -0.000000
v -0.329813 -0.173226 -0.000000
v -0.341652 -0.190597 -0.000000
v -0.352335 -0.211091 -0.000000
v -0.361660 -0.234942 -0.000000
v -0.369424 -0.262382 -0.000000
v -0.373079 -0.279528 -0.000000
v -0.376179 -0.297453 -0.000000
v -0.378773 -0.316137 -0.000000
v -0.380913 -0.335563 -0.000000
v -0.382651 -0.355709 -0.000000
v -0.384037 -0.376557 -0.000000
v -0.385123 -0.398088 -0.000000
v -0.385961 -0.420282 -0.000000
v -0.386602 -0.443119 -0.000000
v -0.387096 -0.466581 -0.000000
v -0.387496 -0.490648 -0.000000
v -0.387852 -0.515300 -0.000000
v -0.388738 -0.571254 -0.000000
v -0.390232 -0.628856 -0.000000
v -0.392908 -0.687515 -0.000000
v -0.397342 -0.746639 -0.000000
v -0.404110 -0.805637 -0.000000
v -0.413788 -0.863919 -0.000000
v -0.426950 -0.920893 -0.000000
v -0.444173 -0.975969 -0.000000
v -0.466032 -1.028555 -0.000000
v -0.493103 -1.078061 -0.000000
v -0.525961 -1.123894 -0.000000
v -0.565181 -1.165465 -0.000000
v -0.595810 -1.190887 -0.000000
v -0.627821 -1.212084 -0.000000
v -0.661035 -1.229046 -0.000000
v -0.695277 -1.241765 -0.000000
v -0.730369 -1.250230 -0.000000
v -0.766133 -1.254431 -0.000000
v -0.802393 -1.254359 -0.000000
v -0.838972 -1.250003 -0.000000
v -0.875691 -1.241354 -0.000000
v -0.912375 -1.228401 -0.000000
v -0.948845 -1.211135 -0.000000
v -0.984924 -1.189546 -0.000000
v -1.023281 -1.161148 -0.000000
v -1.059444 -1.128298 -0.000000
v -1.092869 -1.091402 -0.000000
v -1.123008 -1.050866 -0.000000
v -1.149317 -1.007096 -0.000000
v -1.171249 -0.960499 -0.000000
v -1.188258 -0.911481 -0.000000
v -1.199798 -0.860447 -0.000000
v -1.205323 -0.807805 -0.000000
v -1.204288 -0.753960 -0.000000
v -1.196146 -0.699318 -0.000000
v -1.180350 -0.644287 -0.000000
v -1.159554 -0.595908 -0.000000
v -1.133925 -0.551825 -0.000000
v -1.103991 -0.511689 -0.000000
v -1.070283 -0.475150 -0.000000
v -1.033329 -0.441857 -0.000000
v -0.993658 -0.411461 -0.000000
v -0.951801 -0.383611 -0.000000
v -0.908285 -0.357958 -0.000000
v -0.863640 -0.334152 -0.000000
v -0.818395 -0.311842 -0.000000
v -0.773080 -0.290680 -0.000000
v -0.728223 -0.270314 -0.000000
v -0.685333 -0.250818 -0.000000
v -0.642996 -0.230871 -0.000000
v -0.602011 -0.210133 -0.000000
v -0.563174 -0.188264 -0.000000
v -0.527283 -0.164924 -0.000000
v -0.495135 -0.139773 -0.000000
v -0.467526 -0.112470 -0.000000
v -0.445255 -0.082677 -0.000000
v -0.429118 -0.050051 -0.000000
v -0.419912 -0.014254 -0.000000
v -0.418435 0.025055 0.000000
v -0.425483 0.068216 0.000000
v -0.439351 0.107996 0.000000
v -0.458202 0.140347 0.000000
v -0.481506 0.165955 0.000000
v -0.508730 0.185501 0.000000
v -0.539342 0.199672 0.000000
v -0.572810 0.209150 0.000000
v -0.608601 0.214621 0.000000
v -0.646183 0.216768 0.000000
v -0.685025 0.216275 0.000000
v -0.724595 0.213826 0.000000
v -0.764359 0.210106 0.000000
v -0.803786 0.205799 0.000000
v -0.848509 0.200908 0.000000
v -0.893165 0.196691 0.000000
v -0.937435 0.193850 0.000000
v -0.980996 0.193087 0.000000
v -1.023527 0.195106 0.000000
v -1.064707 0.200608 0.000000
v -1.104214 0.210296 0.000000
v -1.141727 0.224873 0.000000
v -1.176925 0.245041 0.000000
v -1.209486 0.271502 0.000000
v -1.239089 0.304959 0.000000
v -1.265412 0.346115 0.000000
v -1.292002 0.398742 0.000000
v -1.313264 0.448421 0.000000
v -1.329618 0.495189 0.000000
v -1.341480 0.539079 0.000000
v -1.349270 0.580128 0.000000
v -1.353407 0.618370 0.000000
v -1.354307 0.653841 0.000000
v -1.352391 0.686576 0.000000
v -1.348075 0.716611 0.000000
v -1.341778 0.743980 0.000000
v -1.333919 0.768719 0.000000
v -1.324916 0.790862 0.000000
v -1.314380 0.811907 0.000000
v -1.302328 0.831881 0.000000
v -1.288829 0.850729 0.000000
v -1.273952 0.868398 0.000000
v -1.257765 0.884831 0.000000
v -1.240337 0.899973 0.000000
v -1.221738 0.913770 0.000000
v -1.202034 0.926167 0.000000
v -1.181296 0.937108 0.000000
v -1.159592 0.946539 0.000000
v -1.136990 0.954404 0.000000
v -1.113560 0.960649 0.000000
v -1.067263 0.965788 0.000000
v -1.019794 0.960756 0.000000
v -0.971590 0.945971 0.000000
v -0.923086 0.921854 0.000000
v -0.874718 0.888825 0.000000
v -0.826922 0.847303 0.000000
v -0.780135 0.797709 0.000000
v -0.734793 0.740463 0.000000
v -0.691331 0.675985 0.000000
v -0.650187 0.604695 0.000000
v -0.611795 0.527012 0.000000
v -0.576592 0.443357 0.000000
v -0.554689 0.393095 0.000000
v -0.530535 0.348992 0.000000
v -0.504476 0.310850 0.000000
v -0.476863 0.278469 0.000000
v -0.448044 0.251652 0.000000
v -0.418367 0.230198 0.000000
v -0.388181 0.213909 0.000000
v -0.357835 0.202586 0.000000
v -0.327676 0.196029 0.000000
v -0.298055 0.194040 0.000000
v -0.269318 0.196420 0.000000
v -0.241816 0.202970 0.000000
v -0.211607 0.215657 0.000000
v -0.183237 0.233876 0.000000
v -0.157173 0.257592 0.000000
v -0.133878 0.286775 0.000000
v -0.113820 0.321393 0.000000
v -0.097463 0.361413 0.000000
v -0.085274 0.406803 0.000000
v -0.077717 0.457531 0.000000
v -0.075258 0.513565 0.000000
v -0.078364 0.574873 0.000000
v -0.087499 0.641423 0.000000
v -0.103129 0.713182 0.000000
v -0.104829 0.719800 0.000000
v -0.106563 0.726491 0.000000
v -0.108328 0.733252 0.000000
v -0.110124 0.740083 0.000000
v -0.111947 0.746982 0.000000
v -0.113797 0.753948 0.000000
v -0.115673 0.760980 0.000000
v -0.117571 0.768075 0.000000
v -0.119492 0.775234 0.000000
v -0.121432 0.782454 0.000000
v -0.123391 0.789734 0.000000
v -0.125367 0.797072 0.000000
v -0.140785 0.854667 0.000000
v -0.156390 0.915002 0.000000
v -0.171442 0.977368 0.000000
v -0.185197 1.041059 0.000000
v -0.196915 1.105364 0.000000
v -0.205854 1.169575 0.000000
v -0.211273 1.232985 0.000000
v -0.212431 1.294884 0.000000
v -0.208585 1.354564 0.000000
v -0.198995 1.411318 0.000000
v -0.182919 1.464435 0.000000
v -0.159616 1.513209 0.000000
v -0.147856 1.531709 0.000000
v -0.134875 1.549137 0.000000
v -0.120659 1.565502 0.000000
v -0.105193 1.580813 0.000000
v -0.088462 1.595081 0.000000
v -0.070453 1.608315 0.000000
v -0.051150 1.620527 0.000000
v -0.030540 1.631724 0.000000
v -0.008607 1.641918 0.000000
v 0.014663 1.651118 0.000000
v 0.039284 1.659335 0.000000
v 0.065271 1.666577 0.000000
v 0.101235 1.674676 0.000000
v 0.135556 1.680336 0.000000
v 0.168225 1.683560 0.000000
v 0.199230 1.684349 0.000000
v 0.228561 1.682706 0.000000
v 0.256208 1.678632 0.000000
v 0.282160 1.672130 0.000000
v 0.306406 1.663201 0.000000
v 0.328936 1.651847 0.000000
v 0.349739 1.638072 0.000000
v 0.368805 1.621876 0.000000
v 0.386123 1.603261 0.000000
v 0.407793 1.572481 0.000000
v 0.425451 1.537794 0.000000
v 0.439236 1.499883 0.000000
v 0.449288 1.459430 0.000000
v 0.455747 1.417114 0.000000
v 0.458752 1.373617 0.000000
v 0.458443 1.329621 0.000000
v 0.454959 1.285807 0.000000
v 0.448441 1.242856 0.000000
v 0.439028 1.201449 0.000000
v 0.426859 1.162269 0.000000
v 0.412075 1.125995 0.000000
v 0.382250 1.061231 0.000000
v 0.351126 0.990892 0.000000
v 0.320610 0.916309 0.000000
v 0.292607 0.838815 0.000000
v 0.269025 0.759743 0.000000
v 0.251769 0.680426 0.000000
v 0.242747 0.602197 0.000000
v 0.243864 0.526388 0.000000
v 0.257028 0.454332 0.000000
v 0.284144 0.387363 0.000000
v 0.327120 0.326812 0.000000
v 0.387862 0.274013 0.000000
v 0.430119 0.248648 0.000000
v 0.470152 0.231915 0.000000
v 0.508110 0.222984 0.000000
v 0.544145 0.221019 0.000000
v 0.578405 0.225190 0.000000
v 0.611041 0.234664 0.000000
v 0.642203 0.248607 0.000000
v 0.672042 0.266188 0.000000
v 0.700707 0.286573 0.000000
v 0.728349 0.308929 0.000000
v 0.755118 0.332426 0.000000
v 0.781163 0.356228 0.000000
v 0.799870 0.373386 0.000000
v 0.818784 0.390432 0.000000
v 0.838006 0.407153 0.000000
v 0.857639 0.423341 0.000000
v 0.877784 0.438785 0.000000
v 0.898544 0.453275 0.000000
v 0.920019 0.466599 0.000000
v 0.942313 0.478548 0.000000
v 0.965526 0.488910 0.000000
v 0.989761 0.497477 0.000000
v 1.015120 0.504037 0.000000
v 1.041705 0.508380 0.000000
v 1.071750 0.510856 0.000000
v 1.101068 0.511229 0.000000
v 1.129564 0.509531 0.000000
v 1.157141 0.505795 0.000000
v 1.183705 0.500055 0.000000
v 1.209160 0.492344 0.000000
v 1.233411 0.482694 0.000000
v 1.256362 0.471140 0.000000
v 1.277917 0.457715 0.000000
v 1.297982 0.442451 0.000000
v 1.316460 0.425382 0.000000
v 1.333256 0.406540 0.000000
v 1.349534 0.384094 0.000000
v 1.363386 0.360091 0.000000
v 1.374807 0.334611 0.000000
v 1.383786 0.307735 0.000000
v 1.390318 0.279543 0.000000
v 1.394394 0.250116 0.000000
v 1.396007 0.219534 0.000000
v 1.395150 0.187879 0.000000
v 1.391813 0.155230 0.000000
v 1.385991 0.121668 0.000000
v 1.377674 0.087275 0.000000
v -0.023647 0.100150 0.000000
v -0.020095 0.086793 0.000000
v -0.017566 0.072607 0.000000
v -0.016320 0.057900 0.000000
v -0.016621 0.042982 0.000000
v -0.018732 0.028162 0.000000
v -0.022914 0.013750 0.000000
v -0.029430 0.000054 0.000000
v -0.038543 -0.012616 -0.000000
v -0.050515 -0.023951 -0.000000
v -0.065609 -0.033641 -0.000000
v -0.084087 -0.041377 -0.000000
v -0.106211 -0.046851 -0.000000
v -0.129069 -0.049586 -0.000000
v -0.149579 -0.049429 -0.000000
v -0.167748 -0.046547 -0.000000
v -0.183585 -0.041109 -0.000000
v -0.197096 -0.033284 -0.000000
v -0.208290 -0.023241 -0.000000
v -0.217175 -0.011149 -0.000000
v -0.223758 0.002823 0.000000
v -0.228047 0.018507 0.000000
v -0.230049 0.035734 0.000000
v -0.229774 0.054335 0.000000
v -0.227228 0.074141 0.000000
v -0.222849 0.093005 0.000000
v -0.217166 0.109046 0.000000
v -0.210340 0.122502 0.000000
v -0.202529 0.133614 0.000000
v -0.193893 0.142621 0.000000
v -0.184591 0.149763 0.000000
v -0.174783 0.155279 0.000000
v -0.164627 0.159409 0.000000
v -0.154284 0.162393 0.000000
v -0.143913 0.164470 0.000000
v -0.133673 0.165880 0.000000
v -0.123723 0.166864 0.000000
v -0.113840 0.167172 0.000000
v -0.103787 0.166400 0.000000
v -0.093697 0.164553 0.000000
v -0.083707 0.161633 0.000000
v -0.073953 0.157645 0.000000
v -0.064569 0.152593 0.000000
v -0.055692 0.146481 0.000000
v -0.047457 0.139312 0.000000
v -0.039999 0.131091 0.000000
v -0.033455 0.121821 0.000000
v -0.027959 0.111506 0.000000
vn -0.0000 -0.0000 1.0000
vn -0.0000 -0.0000 -1.0000
s 0
usemtl SVGMat.003
f 71//1 69//1 70//1
f 72//1 69//1 71//1
f 72//1 68//1 69//1
f 73//1 68//1 72//1
f 73//1 67//1 68//1
f 73//1 66//1 67//1
f 74//1 66//1 73//1
f 75//1 66//1 74//1
f 75//1 65//1 66//1
f 76//1 65//1 75//1
f 76//1 64//1 65//1
f 77//1 64//1 76//1
f 77//1 63//1 64//1
f 78//1 63//1 77//1
f 79//1 63//1 78//1
f 79//1 62//1 63//1
f 80//1 62//1 79//1
f 80//1 833//1 62//1
f 833//1 61//1 62//1
f 80//1 832//1 833//1
f 834//1 61//1 833//1
f 80//1 831//1 832//1
f 81//1 831//1 80//1
f 835//1 61//1 834//1
f 81//1 830//1 831//1
f 836//1 61//1 835//1
f 836//1 60//1 61//1
f 81//1 829//1 830//1
f 837//1 60//1 836//1
f 81//1 828//1 829//1
f 82//1 828//1 81//1
f 838//1 60//1 837//1
f 82//1 827//1 828//1
f 839//1 60//1 838//1
f 82//1 826//1 827//1
f 83//1 826//1 82//1
f 83//1 825//1 826//1
f 840//1 60//1 839//1
f 840//1 59//1 60//1
f 83//1 824//1 825//1
f 841//1 59//1 840//1
f 84//1 824//1 83//1
f 84//1 823//1 824//1
f 84//1 822//1 823//1
f 842//1 59//1 841//1
f 85//1 822//1 84//1
f 85//1 821//1 822//1
f 842//1 58//1 59//1
f 85//1 820//1 821//1
f 843//1 58//1 842//1
f 86//1 820//1 85//1
f 86//1 819//1 820//1
f 86//1 818//1 819//1
f 843//1 57//1 58//1
f 844//1 57//1 843//1
f 86//1 817//1 818//1
f 86//1 816//1 817//1
f 87//1 816//1 86//1
f 845//1 57//1 844//1
f 845//1 56//1 57//1
f 87//1 815//1 816//1
f 846//1 56//1 845//1
f 88//1 815//1 87//1
f 846//1 55//1 56//1
f 847//1 55//1 846//1
f 88//1 814//1 815//1
f 89//1 814//1 88//1
f 847//1 54//1 55//1
f 848//1 54//1 847//1
f 89//1 813//1 814//1
f 848//1 53//1 54//1
f 849//1 53//1 848//1
f 90//1 813//1 89//1
f 90//1 812//1 813//1
f 850//1 53//1 849//1
f 850//1 52//1 53//1
f 91//1 812//1 90//1
f 851//1 52//1 850//1
f 91//1 811//1 812//1
f 851//1 51//1 52//1
f 852//1 51//1 851//1
f 92//1 811//1 91//1
f 852//1 50//1 51//1
f 92//1 810//1 811//1
f 853//1 50//1 852//1
f 854//1 50//1 853//1
f 854//1 49//1 50//1
f 92//1 809//1 810//1
f 93//1 809//1 92//1
f 145//1 143//1 144//1
f 145//1 142//1 143//1
f 854//1 48//1 49//1
f 146//1 142//1 145//1
f 147//1 142//1 146//1
f 147//1 141//1 142//1
f 855//1 48//1 854//1
f 148//1 141//1 147//1
f 149//1 141//1 148//1
f 93//1 808//1 809//1
f 149//1 140//1 141//1
f 94//1 808//1 93//1
f 150//1 140//1 149//1
f 855//1 47//1 48//1
f 151//1 140//1 150//1
f 151//1 139//1 140//1
f 856//1 47//1 855//1
f 152//1 758//1 151//1
f 758//1 139//1 151//1
f 94//1 807//1 808//1
f 153//1 758//1 152//1
f 153//1 757//1 758//1
f 759//1 139//1 758//1
f 95//1 807//1 94//1
f 760//1 139//1 759//1
f 856//1 46//1 47//1
f 153//1 756//1 757//1
f 153//1 755//1 756//1
f 760//1 138//1 139//1
f 153//1 754//1 755//1
f 154//1 754//1 153//1
f 761//1 138//1 760//1
f 154//1 753//1 754//1
f 154//1 752//1 753//1
f 762//1 138//1 761//1
f 155//1 752//1 154//1
f 857//1 46//1 856//1
f 95//1 806//1 807//1
f 155//1 751//1 752//1
f 155//1 750//1 751//1
f 762//1 137//1 138//1
f 857//1 45//1 46//1
f 156//1 750//1 155//1
f 96//1 806//1 95//1
f 763//1 137//1 762//1
f 156//1 749//1 750//1
f 156//1 748//1 749//1
f 157//1 748//1 156//1
f 96//1 805//1 806//1
f 157//1 747//1 748//1
f 764//1 137//1 763//1
f 858//1 45//1 857//1
f 158//1 747//1 157//1
f 158//1 746//1 747//1
f 764//1 136//1 137//1
f 858//1 44//1 45//1
f 97//1 805//1 96//1
f 158//1 745//1 746//1
f 159//1 745//1 158//1
f 765//1 136//1 764//1
f 97//1 804//1 805//1
f 159//1 744//1 745//1
f 97//1 803//1 804//1
f 97//1 802//1 803//1
f 160//1 744//1 159//1
f 97//1 801//1 802//1
f 160//1 743//1 744//1
f 97//1 800//1 801//1
f 98//1 800//1 97//1
f 858//1 43//1 44//1
f 98//1 799//1 800//1
f 859//1 43//1 858//1
f 99//1 799//1 98//1
f 765//1 135//1 136//1
f 99//1 798//1 799//1
f 100//1 798//1 99//1
f 100//1 797//1 798//1
f 101//1 797//1 100//1
f 161//1 743//1 160//1
f 161//1 742//1 743//1
f 766//1 135//1 765//1
f 101//1 796//1 797//1
f 102//1 796//1 101//1
f 102//1 795//1 796//1
f 103//1 795//1 102//1
f 103//1 794//1 795//1
f 104//1 794//1 103//1
f 104//1 793//1 794//1
f 105//1 793//1 104//1
f 161//1 741//1 742//1
f 105//1 792//1 793//1
f 106//1 792//1 105//1
f 162//1 741//1 161//1
f 107//1 792//1 106//1
f 108//1 792//1 107//1
f 859//1 42//1 43//1
f 109//1 792//1 108//1
f 162//1 740//1 741//1
f 110//1 792//1 109//1
f 860//1 42//1 859//1
f 767//1 135//1 766//1
f 767//1 134//1 135//1
f 163//1 740//1 162//1
f 163//1 739//1 740//1
f 110//1 791//1 792//1
f 111//1 791//1 110//1
f 860//1 41//1 42//1
f 12//1 10//1 11//1
f 13//1 10//1 12//1
f 13//1 9//1 10//1
f 14//1 9//1 13//1
f 164//1 739//1 163//1
f 14//1 8//1 9//1
f 164//1 738//1 739//1
f 15//1 8//1 14//1
f 15//1 7//1 8//1
f 16//1 7//1 15//1
f 768//1 134//1 767//1
f 861//1 41//1 860//1
f 16//1 6//1 7//1
f 17//1 6//1 16//1
f 17//1 5//1 6//1
f 18//1 5//1 17//1
f 112//1 791//1 111//1
f 768//1 133//1 134//1
f 164//1 737//1 738//1
f 112//1 790//1 791//1
f 165//1 737//1 164//1
f 19//1 5//1 18//1
f 19//1 4//1 5//1
f 861//1 40//1 41//1
f 20//1 4//1 19//1
f 20//1 3//1 4//1
f 113//1 790//1 112//1
f 165//1 736//1 737//1
f 21//1 3//1 20//1
f 21//1 2//1 3//1
f 769//1 133//1 768//1
f 862//1 40//1 861//1
f 166//1 736//1 165//1
f 22//1 890//1 21//1
f 890//1 891//1 21//1
f 891//1 2//1 21//1
f 113//1 789//1 790//1
f 892//1 2//1 891//1
f 22//1 889//1 890//1
f 893//1 2//1 892//1
f 862//1 39//1 40//1
f 22//1 888//1 889//1
f 893//1 1//1 2//1
f 894//1 1//1 893//1
f 22//1 887//1 888//1
f 895//1 1//1 894//1
f 23//1 887//1 22//1
f 114//1 789//1 113//1
f 23//1 886//1 887//1
f 166//1 735//1 736//1
f 896//1 1//1 895//1
f 23//1 885//1 886//1
f 769//1 132//1 133//1
f 897//1 1//1 896//1
f 897//1 468//1 1//1
f 24//1 885//1 23//1
f 24//1 884//1 885//1
f 898//1 468//1 897//1
f 167//1 735//1 166//1
f 24//1 883//1 884//1
f 115//1 789//1 114//1
f 25//1 883//1 24//1
f 899//1 468//1 898//1
f 115//1 788//1 789//1
f 862//1 38//1 39//1
f 863//1 38//1 862//1
f 25//1 882//1 883//1
f 769//1 131//1 132//1
f 899//1 467//1 468//1
f 167//1 734//1 735//1
f 770//1 131//1 769//1
f 900//1 467//1 899//1
f 26//1 882//1 25//1
f 26//1 881//1 882//1
f 116//1 788//1 115//1
f 901//1 467//1 900//1
f 770//1 130//1 131//1
f 26//1 880//1 881//1
f 27//1 880//1 26//1
f 901//1 466//1 467//1
f 168//1 734//1 167//1
f 863//1 37//1 38//1
f 27//1 879//1 880//1
f 116//1 787//1 788//1
f 902//1 466//1 901//1
f 168//1 733//1 734//1
f 770//1 129//1 130//1
f 117//1 787//1 116//1
f 28//1 879//1 27//1
f 771//1 129//1 770//1
f 28//1 878//1 879//1
f 864//1 37//1 863//1
f 903//1 466//1 902//1
f 903//1 465//1 466//1
f 29//1 878//1 28//1
f 771//1 128//1 129//1
f 29//1 877//1 878//1
f 118//1 787//1 117//1
f 864//1 36//1 37//1
f 30//1 877//1 29//1
f 118//1 786//1 787//1
f 904//1 465//1 903//1
f 771//1 127//1 128//1
f 30//1 876//1 877//1
f 864//1 35//1 36//1
f 169//1 733//1 168//1
f 31//1 876//1 30//1
f 119//1 786//1 118//1
f 772//1 127//1 771//1
f 904//1 464//1 465//1
f 169//1 732//1 733//1
f 864//1 34//1 35//1
f 32//1 876//1 31//1
f 772//1 126//1 127//1
f 864//1 33//1 34//1
f 33//1 876//1 32//1
f 864//1 876//1 33//1
f 905//1 464//1 904//1
f 120//1 786//1 119//1
f 864//1 875//1 876//1
f 772//1 125//1 126//1
f 865//1 875//1 864//1
f 121//1 786//1 120//1
f 121//1 785//1 786//1
f 772//1 124//1 125//1
f 772//1 123//1 124//1
f 122//1 785//1 121//1
f 773//1 123//1 772//1
f 773//1 122//1 123//1
f 773//1 785//1 122//1
f 905//1 463//1 464//1
f 865//1 874//1 875//1
f 906//1 463//1 905//1
f 169//1 731//1 732//1
f 170//1 731//1 169//1
f 773//1 784//1 785//1
f 865//1 873//1 874//1
f 907//1 463//1 906//1
f 774//1 784//1 773//1
f 866//1 873//1 865//1
f 170//1 730//1 731//1
f 907//1 462//1 463//1
f 866//1 872//1 873//1
f 774//1 783//1 784//1
f 775//1 783//1 774//1
f 908//1 462//1 907//1
f 867//1 872//1 866//1
f 867//1 871//1 872//1
f 170//1 729//1 730//1
f 867//1 870//1 871//1
f 171//1 729//1 170//1
f 775//1 782//1 783//1
f 868//1 870//1 867//1
f 908//1 461//1 462//1
f 776//1 782//1 775//1
f 868//1 869//1 870//1
f 171//1 728//1 729//1
f 909//1 461//1 908//1
f 718//1 716//1 717//1
f 719//1 716//1 718//1
f 776//1 781//1 782//1
f 719//1 715//1 716//1
f 777//1 781//1 776//1
f 720//1 715//1 719//1
f 171//1 727//1 728//1
f 721//1 715//1 720//1
f 721//1 714//1 715//1
f 722//1 714//1 721//1
f 777//1 780//1 781//1
f 778//1 780//1 777//1
f 723//1 714//1 722//1
f 171//1 726//1 727//1
f 723//1 713//1 714//1
f 724//1 713//1 723//1
f 778//1 779//1 780//1
f 171//1 725//1 726//1
f 725//1 713//1 724//1
f 171//1 713//1 725//1
f 909//1 460//1 461//1
f 910//1 460//1 909//1
f 172//1 713//1 171//1
f 172//1 712//1 713//1
f 949//1 951//1 950//1
f 948//1 951//1 949//1
f 948//1 952//1 951//1
f 172//1 711//1 712//1
f 947//1 952//1 948//1
f 947//1 953//1 952//1
f 946//1 953//1 947//1
f 945//1 953//1 946//1
f 945//1 954//1 953//1
f 944//1 954//1 945//1
f 944//1 955//1 954//1
f 943//1 955//1 944//1
f 911//1 460//1 910//1
f 943//1 956//1 955//1
f 173//1 711//1 172//1
f 942//1 956//1 943//1
f 911//1 459//1 460//1
f 942//1 957//1 956//1
f 941//1 957//1 942//1
f 173//1 710//1 711//1
f 941//1 958//1 957//1
f 940//1 958//1 941//1
f 940//1 959//1 958//1
f 174//1 710//1 173//1
f 939//1 959//1 940//1
f 939//1 960//1 959//1
f 912//1 459//1 911//1
f 939//1 913//1 960//1
f 938//1 913//1 939//1
f 174//1 185//1 710//1
f 185//1 186//1 710//1
f 186//1 187//1 710//1
f 187//1 709//1 710//1
f 912//1 458//1 459//1
f 175//1 184//1 174//1
f 184//1 185//1 174//1
f 175//1 183//1 184//1
f 938//1 914//1 913//1
f 175//1 182//1 183//1
f 188//1 709//1 187//1
f 175//1 181//1 182//1
f 937//1 914//1 938//1
f 189//1 709//1 188//1
f 175//1 180//1 181//1
f 176//1 180//1 175//1
f 505//1 503//1 504//1
f 469//1 458//1 912//1
f 937//1 915//1 914//1
f 190//1 709//1 189//1
f 176//1 179//1 180//1
f 505//1 502//1 503//1
f 506//1 502//1 505//1
f 177//1 179//1 176//1
f 177//1 178//1 179//1
f 507//1 502//1 506//1
f 191//1 709//1 190//1
f 508//1 502//1 507//1
f 508//1 501//1 502//1
f 936//1 915//1 937//1
f 509//1 501//1 508//1
f 936//1 916//1 915//1
f 191//1 708//1 709//1
f 510//1 501//1 509//1
f 192//1 708//1 191//1
f 511//1 501//1 510//1
f 511//1 500//1 501//1
f 469//1 457//1 458//1
f 936//1 917//1 916//1
f 512//1 500//1 511//1
f 193//1 708//1 192//1
f 935//1 917//1 936//1
f 470//1 457//1 469//1
f 513//1 500//1 512//1
f 935//1 918//1 917//1
f 513//1 499//1 500//1
f 514//1 499//1 513//1
f 194//1 708//1 193//1
f 934//1 918//1 935//1
f 515//1 499//1 514//1
f 934//1 919//1 918//1
f 194//1 707//1 708//1
f 516//1 499//1 515//1
f 195//1 707//1 194//1
f 933//1 919//1 934//1
f 516//1 498//1 499//1
f 470//1 456//1 457//1
f 933//1 920//1 919//1
f 517//1 498//1 516//1
f 471//1 456//1 470//1
f 932//1 920//1 933//1
f 196//1 707//1 195//1
f 518//1 498//1 517//1
f 932//1 921//1 920//1
f 519//1 498//1 518//1
f 931//1 921//1 932//1
f 931//1 922//1 921//1
f 519//1 422//1 498//1
f 422//1 497//1 498//1
f 197//1 707//1 196//1
f 197//1 706//1 707//1
f 930//1 922//1 931//1
f 520//1 421//1 519//1
f 421//1 422//1 519//1
f 930//1 923//1 922//1
f 472//1 456//1 471//1
f 423//1 497//1 422//1
f 198//1 706//1 197//1
f 520//1 420//1 421//1
f 520//1 419//1 420//1
f 520//1 418//1 419//1
f 520//1 417//1 418//1
f 520//1 416//1 417//1
f 929//1 923//1 930//1
f 929//1 924//1 923//1
f 520//1 415//1 416//1
f 472//1 455//1 456//1
f 520//1 414//1 415//1
f 424//1 497//1 423//1
f 520//1 413//1 414//1
f 521//1 413//1 520//1
f 521//1 412//1 413//1
f 928//1 924//1 929//1
f 521//1 411//1 412//1
f 928//1 925//1 924//1
f 521//1 410//1 411//1
f 199//1 706//1 198//1
f 927//1 925//1 928//1
f 424//1 496//1 497//1
f 927//1 926//1 925//1
f 521//1 409//1 410//1
f 425//1 496//1 424//1
f 199//1 705//1 706//1
f 522//1 409//1 521//1
f 522//1 408//1 409//1
f 522//1 407//1 408//1
f 200//1 705//1 199//1
f 522//1 406//1 407//1
f 473//1 455//1 472//1
f 523//1 406//1 522//1
f 426//1 496//1 425//1
f 523//1 405//1 406//1
f 523//1 404//1 405//1
f 201//1 705//1 200//1
f 524//1 404//1 523//1
f 524//1 403//1 404//1
f 473//1 454//1 455//1
f 201//1 704//1 705//1
f 426//1 495//1 496//1
f 524//1 402//1 403//1
f 427//1 495//1 426//1
f 525//1 402//1 524//1
f 202//1 704//1 201//1
f 525//1 401//1 402//1
f 474//1 454//1 473//1
f 525//1 400//1 401//1
f 525//1 399//1 400//1
f 526//1 399//1 525//1
f 203//1 704//1 202//1
f 526//1 398//1 399//1
f 203//1 703//1 704//1
f 526//1 397//1 398//1
f 428//1 495//1 427//1
f 614//1 612//1 613//1
f 615//1 612//1 614//1
f 616//1 612//1 615//1
f 617//1 612//1 616//1
f 618//1 612//1 617//1
f 619//1 612//1 618//1
f 620//1 612//1 619//1
f 621//1 612//1 620//1
f 622//1 612//1 621//1
f 623//1 612//1 622//1
f 624//1 612//1 623//1
f 625//1 612//1 624//1
f 626//1 612//1 625//1
f 527//1 397//1 526//1
f 627//1 612//1 626//1
f 628//1 612//1 627//1
f 428//1 494//1 495//1
f 527//1 396//1 397//1
f 629//1 612//1 628//1
f 474//1 453//1 454//1
f 204//1 703//1 203//1
f 629//1 611//1 612//1
f 475//1 453//1 474//1
f 630//1 611//1 629//1
f 528//1 396//1 527//1
f 631//1 611//1 630//1
f 204//1 702//1 703//1
f 528//1 395//1 396//1
f 205//1 702//1 204//1
f 632//1 611//1 631//1
f 529//1 395//1 528//1
f 429//1 494//1 428//1
f 632//1 610//1 611//1
f 633//1 610//1 632//1
f 476//1 453//1 475//1
f 530//1 395//1 529//1
f 206//1 702//1 205//1
f 530//1 394//1 395//1
f 206//1 701//1 702//1
f 429//1 493//1 494//1
f 476//1 452//1 453//1
f 634//1 610//1 633//1
f 430//1 493//1 429//1
f 530//1 393//1 394//1
f 477//1 452//1 476//1
f 207//1 701//1 206//1
f 207//1 700//1 701//1
f 635//1 610//1 634//1
f 531//1 393//1 530//1
f 635//1 609//1 610//1
f 531//1 392//1 393//1
f 477//1 451//1 452//1
f 208//1 700//1 207//1
f 478//1 451//1 477//1
f 208//1 699//1 700//1
f 636//1 277//1 635//1
f 277//1 282//1 635//1
f 282//1 287//1 635//1
f 287//1 288//1 635//1
f 288//1 289//1 635//1
f 289//1 609//1 635//1
f 431//1 493//1 430//1
f 431//1 492//1 493//1
f 531//1 391//1 392//1
f 532//1 391//1 531//1
f 431//1 491//1 492//1
f 208//1 698//1 699//1
f 479//1 451//1 478//1
f 209//1 698//1 208//1
f 636//1 276//1 277//1
f 278//2 282//2 277//2
f 279//1 282//1 278//1
f 280//2 282//2 279//2
f 281//1 282//1 280//1
f 283//2 287//2 282//2
f 284//1 287//1 283//1
f 285//2 287//2 284//2
f 286//1 287//1 285//1
f 290//1 609//1 289//1
f 637//1 275//1 636//1
f 275//1 276//1 636//1
f 637//1 274//1 275//1
f 291//1 609//1 290//1
f 637//1 273//1 274//1
f 637//1 272//1 273//1
f 292//1 609//1 291//1
f 637//1 271//1 272//1
f 637//1 270//1 271//1
f 293//1 609//1 292//1
f 479//1 450//1 451//1
f 432//1 491//1 431//1
f 432//1 490//1 491//1
f 637//1 269//1 270//1
f 532//1 390//1 391//1
f 294//1 609//1 293//1
f 480//1 450//1 479//1
f 209//1 697//1 698//1
f 637//1 268//1 269//1
f 294//1 608//1 609//1
f 637//1 267//1 268//1
f 432//1 489//1 490//1
f 533//1 390//1 532//1
f 295//1 608//1 294//1
f 210//1 697//1 209//1
f 638//1 267//1 637//1
f 481//1 450//1 480//1
f 638//1 266//1 267//1
f 432//1 488//1 489//1
f 210//1 696//1 697//1
f 533//1 389//1 390//1
f 433//1 488//1 432//1
f 481//1 449//1 450//1
f 296//1 608//1 295//1
f 638//1 265//1 266//1
f 482//1 449//1 481//1
f 433//1 487//1 488//1
f 639//1 265//1 638//1
f 483//1 449//1 482//1
f 433//1 486//1 487//1
f 484//1 449//1 483//1
f 433//1 485//1 486//1
f 639//1 264//1 265//1
f 485//1 449//1 484//1
f 210//1 695//1 696//1
f 433//1 449//1 485//1
f 534//1 389//1 533//1
f 211//1 695//1 210//1
f 534//1 388//1 389//1
f 640//1 264//1 639//1
f 297//1 608//1 296//1
f 640//1 263//1 264//1
f 434//1 449//1 433//1
f 434//1 448//1 449//1
f 211//1 694//1 695//1
f 534//1 387//1 388//1
f 641//1 263//1 640//1
f 641//1 262//1 263//1
f 535//1 387//1 534//1
f 297//1 607//1 608//1
f 212//1 694//1 211//1
f 298//1 607//1 297//1
f 435//1 448//1 434//1
f 435//1 447//1 448//1
f 212//1 693//1 694//1
f 641//1 261//1 262//1
f 535//1 386//1 387//1
f 642//1 261//1 641//1
f 436//1 447//1 435//1
f 536//1 386//1 535//1
f 642//1 260//1 261//1
f 436//1 446//1 447//1
f 536//1 385//1 386//1
f 643//1 260//1 642//1
f 212//1 692//1 693//1
f 299//1 607//1 298//1
f 213//1 692//1 212//1
f 437//1 446//1 436//1
f 643//1 259//1 260//1
f 437//1 445//1 446//1
f 537//1 385//1 536//1
f 537//1 384//1 385//1
f 644//1 259//1 643//1
f 438//1 445//1 437//1
f 213//1 691//1 692//1
f 438//1 444//1 445//1
f 644//1 258//1 259//1
f 439//1 444//1 438//1
f 439//1 443//1 444//1
f 538//1 384//1 537//1
f 645//1 258//1 644//1
f 440//1 443//1 439//1
f 214//1 691//1 213//1
f 299//1 606//1 607//1
f 300//1 606//1 299//1
f 440//1 442//1 443//1
f 441//1 442//1 440//1
f 645//1 257//1 258//1
f 214//1 690//1 691//1
f 538//1 383//1 384//1
f 646//1 257//1 645//1
f 539//1 383//1 538//1
f 646//1 256//1 257//1
f 214//1 689//1 690//1
f 540//1 383//1 539//1
f 647//1 256//1 646//1
f 215//1 689//1 214//1
f 301//1 606//1 300//1
f 647//1 255//1 256//1
f 540//1 382//1 383//1
f 541//1 382//1 540//1
f 648//1 255//1 647//1
f 648//1 254//1 255//1
f 215//1 688//1 689//1
f 542//1 382//1 541//1
f 301//1 605//1 606//1
f 542//1 381//1 382//1
f 649//1 254//1 648//1
f 216//1 688//1 215//1
f 649//1 253//1 254//1
f 302//1 605//1 301//1
f 216//1 687//1 688//1
f 543//1 381//1 542//1
f 650//1 253//1 649//1
f 650//1 252//1 253//1
f 543//1 380//1 381//1
f 217//1 687//1 216//1
f 544//1 380//1 543//1
f 217//1 686//1 687//1
f 303//1 605//1 302//1
f 544//1 379//1 380//1
f 651//1 252//1 650//1
f 651//1 251//1 252//1
f 545//1 379//1 544//1
f 303//1 604//1 605//1
f 217//1 685//1 686//1
f 304//1 604//1 303//1
f 218//1 685//1 217//1
f 545//1 378//1 379//1
f 546//1 378//1 545//1
f 652//1 251//1 651//1
f 652//1 250//1 251//1
f 305//1 604//1 304//1
f 218//1 684//1 685//1
f 547//1 378//1 546//1
f 547//1 377//1 378//1
f 219//1 684//1 218//1
f 548//1 377//1 547//1
f 653//1 250//1 652//1
f 305//1 603//1 604//1
f 306//1 603//1 305//1
f 219//1 683//1 684//1
f 548//1 376//1 377//1
f 653//1 249//1 250//1
f 549//1 376//1 548//1
f 307//1 603//1 306//1
f 220//1 683//1 219//1
f 549//1 375//1 376//1
f 654//1 249//1 653//1
f 220//1 682//1 683//1
f 550//1 375//1 549//1
f 654//1 248//1 249//1
f 308//1 603//1 307//1
f 550//1 374//1 375//1
f 551//1 374//1 550//1
f 308//1 602//1 603//1
f 655//1 248//1 654//1
f 220//1 681//1 682//1
f 221//1 681//1 220//1
f 552//1 374//1 551//1
f 309//1 602//1 308//1
f 655//1 247//1 248//1
f 552//1 373//1 374//1
f 221//1 680//1 681//1
f 656//1 247//1 655//1
f 553//1 373//1 552//1
f 222//1 680//1 221//1
f 310//1 602//1 309//1
f 553//1 372//1 373//1
f 656//1 246//1 247//1
f 554//1 372//1 553//1
f 310//1 601//1 602//1
f 222//1 679//1 680//1
f 657//1 246//1 656//1
f 311//1 601//1 310//1
f 554//1 371//1 372//1
f 555//1 371//1 554//1
f 223//1 679//1 222//1
f 555//1 370//1 371//1
f 223//1 678//1 679//1
f 312//1 601//1 311//1
f 657//1 245//1 246//1
f 556//1 370//1 555//1
f 658//1 245//1 657//1
f 557//1 370//1 556//1
f 557//1 369//1 370//1
f 224//1 678//1 223//1
f 313//1 601//1 312//1
f 224//1 677//1 678//1
f 313//1 600//1 601//1
f 558//1 369//1 557//1
f 658//1 244//1 245//1
f 659//1 244//1 658//1
f 558//1 368//1 369//1
f 313//1 599//1 600//1
f 314//1 599//1 313//1
f 224//1 676//1 677//1
f 314//1 598//1 599//1
f 559//1 368//1 558//1
f 315//1 598//1 314//1
f 225//1 676//1 224//1
f 315//1 597//1 598//1
f 316//1 597//1 315//1
f 559//1 367//1 368//1
f 660//1 244//1 659//1
f 316//1 596//1 597//1
f 560//1 367//1 559//1
f 317//1 596//1 316//1
f 660//1 243//1 244//1
f 225//1 675//1 676//1
f 317//1 595//1 596//1
f 318//1 595//1 317//1
f 318//1 594//1 595//1
f 560//1 366//1 367//1
f 226//1 675//1 225//1
f 319//1 594//1 318//1
f 561//1 366//1 560//1
f 319//1 593//1 594//1
f 661//1 243//1 660//1
f 320//1 593//1 319//1
f 226//1 674//1 675//1
f 320//1 592//1 593//1
f 321//1 592//1 320//1
f 321//1 591//1 592//1
f 661//1 242//1 243//1
f 562//1 366//1 561//1
f 321//1 590//1 591//1
f 322//1 590//1 321//1
f 562//1 365//1 366//1
f 322//1 589//1 590//1
f 226//1 673//1 674//1
f 323//1 589//1 322//1
f 227//1 673//1 226//1
f 662//1 242//1 661//1
f 323//1 588//1 589//1
f 324//1 588//1 323//1
f 563//1 365//1 562//1
f 325//1 588//1 324//1
f 325//1 587//1 588//1
f 326//1 587//1 325//1
f 227//1 672//1 673//1
f 663//1 242//1 662//1
f 563//1 364//1 365//1
f 663//1 241//1 242//1
f 228//1 672//1 227//1
f 228//1 671//1 672//1
f 564//1 364//1 563//1
f 664//1 241//1 663//1
f 326//1 586//1 587//1
f 327//1 586//1 326//1
f 228//1 670//1 671//1
f 665//1 241//1 664//1
f 564//1 363//1 364//1
f 327//1 585//1 586//1
f 228//1 669//1 670//1
f 666//1 241//1 665//1
f 565//1 363//1 564//1
f 228//1 668//1 669//1
f 667//1 241//1 666//1
f 667//1 240//1 241//1
f 229//1 668//1 228//1
f 328//1 585//1 327//1
f 229//1 667//1 668//1
f 229//1 240//1 667//1
f 328//1 584//1 585//1
f 565//1 362//1 363//1
f 566//1 362//1 565//1
f 229//1 239//1 240//1
f 230//1 239//1 229//1
f 329//1 584//1 328//1
f 329//1 583//1 584//1
f 567//1 362//1 566//1
f 567//1 361//1 362//1
f 230//1 238//1 239//1
f 231//1 238//1 230//1
f 329//1 582//1 583//1
f 330//1 582//1 329//1
f 568//1 361//1 567//1
f 231//1 237//1 238//1
f 232//1 237//1 231//1
f 330//1 581//1 582//1
f 568//1 360//1 361//1
f 232//1 236//1 237//1
f 233//1 236//1 232//1
f 331//1 581//1 330//1
f 569//1 360//1 568//1
f 233//1 235//1 236//1
f 234//1 235//1 233//1
f 331//1 580//1 581//1
f 570//1 360//1 569//1
f 331//1 579//1 580//1
f 570//1 359//1 360//1
f 332//1 579//1 331//1
f 571//1 359//1 570//1
f 332//1 578//1 579//1
f 572//1 359//1 571//1
f 332//1 577//1 578//1
f 572//1 358//1 359//1
f 573//1 358//1 572//1
f 333//1 577//1 332//1
f 333//1 576//1 577//1
f 574//1 358//1 573//1
f 333//1 575//1 576//1
f 575//1 358//1 574//1
f 333//1 358//1 575//1
f 333//1 357//1 358//1
f 334//1 357//1 333//1
f 334//1 356//1 357//1
f 335//1 356//1 334//1
f 335//1 355//1 356//1
f 336//1 355//1 335//1
f 336//1 354//1 355//1
f 336//1 353//1 354//1
f 337//1 353//1 336//1
f 337//1 352//1 353//1
f 338//1 352//1 337//1
f 338//1 351//1 352//1
f 339//1 351//1 338//1
f 340//1 351//1 339//1
f 341//1 351//1 340//1
f 342//1 351//1 341//1
f 342//1 350//1 351//1
f 343//1 350//1 342//1
f 344//1 350//1 343//1
f 345//1 350//1 344//1
f 346//1 350//1 345//1
f 346//1 349//1 350//1
f 347//1 349//1 346//1
f 348//1 349//1 347//1
o flower_10
v 1.423612 0.479495 0.000000
v 1.400179 0.505898 0.000000
v 1.374591 0.529842 0.000000
v 1.346976 0.551279 0.000000
v 1.317461 0.570164 0.000000
v 1.286174 0.586448 0.000000
v 1.253244 0.600086 0.000000
v 1.218798 0.611029 0.000000
v 1.182963 0.619232 0.000000
v 1.145869 0.624648 0.000000
v 1.107642 0.627229 0.000000
v 1.068411 0.626928 0.000000
v 1.028303 0.623699 0.000000
v 0.992669 0.617946 0.000000
v 0.958896 0.609411 0.000000
v 0.926888 0.598414 0.000000
v 0.896550 0.585276 0.000000
v 0.867788 0.570320 0.000000
v 0.840506 0.553865 0.000000
v 0.814609 0.536232 0.000000
v 0.790002 0.517744 0.000000
v 0.766589 0.498721 0.000000
v 0.744275 0.479483 0.000000
v 0.722966 0.460353 0.000000
v 0.702566 0.441651 0.000000
v 0.676841 0.418190 0.000000
v 0.653256 0.397431 0.000000
v 0.631444 0.379515 0.000000
v 0.611033 0.364584 0.000000
v 0.591654 0.352780 0.000000
v 0.572938 0.344243 0.000000
v 0.554514 0.339115 0.000000
v 0.536013 0.337538 0.000000
v 0.517066 0.339653 0.000000
v 0.497302 0.345601 0.000000
v 0.476352 0.355525 0.000000
v 0.453847 0.369564 0.000000
v 0.411100 0.408476 0.000000
v 0.382092 0.455218 0.000000
v 0.365324 0.508539 0.000000
v 0.359295 0.567185 0.000000
v 0.362505 0.629902 0.000000
v 0.373454 0.695436 0.000000
v 0.390641 0.762534 0.000000
v 0.412567 0.829942 0.000000
v 0.437731 0.896408 0.000000
v 0.464633 0.960677 0.000000
v 0.491773 1.021496 0.000000
v 0.517650 1.077611 0.000000
v 0.536144 1.122809 0.000000
v 0.551339 1.171367 0.000000
v 0.563026 1.222538 0.000000
v 0.570993 1.275575 0.000000
v 0.575029 1.329731 0.000000
v 0.574925 1.384257 0.000000
v 0.570469 1.438408 0.000000
v 0.561450 1.491436 0.000000
v 0.547657 1.542594 0.000000
v 0.528880 1.591133 0.000000
v 0.504908 1.636308 0.000000
v 0.475531 1.677370 0.000000
v 0.457531 1.697402 0.000000
v 0.436715 1.717030 0.000000
v 0.412913 1.735745 0.000000
v 0.385960 1.753038 0.000000
v 0.355686 1.768401 0.000000
v 0.321926 1.781324 0.000000
v 0.284511 1.791297 0.000000
v 0.243274 1.797813 0.000000
v 0.198048 1.800362 0.000000
v 0.148665 1.798434 0.000000
v 0.094958 1.791522 0.000000
v 0.036759 1.779116 0.000000
v 0.003406 1.769737 0.000000
v -0.028408 1.758902 0.000000
v -0.058675 1.746617 0.000000
v -0.087383 1.732888 0.000000
v -0.114525 1.717722 0.000000
v -0.140088 1.701125 0.000000
v -0.164065 1.683105 0.000000
v -0.186445 1.663668 0.000000
v -0.207219 1.642820 0.000000
v -0.226376 1.620568 0.000000
v -0.243907 1.596919 0.000000
v -0.259802 1.571880 0.000000
v -0.288597 1.512927 0.000000
v -0.308956 1.450221 0.000000
v -0.321737 1.384446 0.000000
v -0.327799 1.316284 0.000000
v -0.328000 1.246416 0.000000
v -0.323201 1.175524 0.000000
v -0.314258 1.104292 0.000000
v -0.302032 1.033401 0.000000
v -0.287381 0.963533 0.000000
v -0.271165 0.895370 0.000000
v -0.254241 0.829596 0.000000
v -0.237470 0.766891 0.000000
v -0.235526 0.759671 0.000000
v -0.233598 0.752510 0.000000
v -0.231689 0.745408 0.000000
v -0.229800 0.738368 0.000000
v -0.227933 0.731389 0.000000
v -0.226088 0.724474 0.000000
v -0.224268 0.717625 0.000000
v -0.222475 0.710841 0.000000
v -0.220709 0.704124 0.000000
v -0.218973 0.697477 0.000000
v -0.217268 0.690899 0.000000
v -0.215596 0.684392 0.000000
v -0.203981 0.632779 0.000000
v -0.196234 0.584543 0.000000
v -0.192108 0.539800 0.000000
v -0.191356 0.498667 0.000000
v -0.193732 0.461260 0.000000
v -0.198989 0.427696 0.000000
v -0.206879 0.398091 0.000000
v -0.217155 0.372562 0.000000
v -0.229571 0.351225 0.000000
v -0.243880 0.334197 0.000000
v -0.259834 0.321594 0.000000
v -0.277187 0.313533 0.000000
v -0.291522 0.310599 0.000000
v -0.306826 0.310665 0.000000
v -0.322896 0.313771 0.000000
v -0.339528 0.319958 0.000000
v -0.356515 0.329266 0.000000
v -0.373655 0.341736 0.000000
v -0.390744 0.357408 0.000000
v -0.407575 0.376323 0.000000
v -0.423946 0.398520 0.000000
v -0.439652 0.424041 0.000000
v -0.454488 0.452926 0.000000
v -0.468251 0.485215 0.000000
v -0.509915 0.583448 0.000000
v -0.555768 0.674139 0.000000
v -0.605331 0.756868 0.000000
v -0.658125 0.831215 0.000000
v -0.713670 0.896761 0.000000
v -0.771487 0.953084 0.000000
v -0.831096 0.999764 0.000000
v -0.892018 1.036383 0.000000
v -0.953773 1.062519 0.000000
v -1.015881 1.077753 0.000000
v -1.077865 1.081665 0.000000
v -1.139243 1.073834 0.000000
v -1.171473 1.065236 0.000000
v -1.202574 1.054384 0.000000
v -1.232451 1.041355 0.000000
v -1.261010 1.026226 0.000000
v -1.288156 1.009071 0.000000
v -1.313794 0.989968 0.000000
v -1.337830 0.968993 0.000000
v -1.360170 0.946221 0.000000
v -1.380717 0.921729 0.000000
v -1.399379 0.895593 0.000000
v -1.416060 0.867889 0.000000
v -1.430666 0.838693 0.000000
v -1.442312 0.810283 0.000000
v -1.452602 0.778749 0.000000
v -1.461023 0.744087 0.000000
v -1.467056 0.706294 0.000000
v -1.470186 0.665365 0.000000
v -1.469896 0.621295 0.000000
v -1.465669 0.574081 0.000000
v -1.456990 0.523717 0.000000
v -1.443342 0.470200 0.000000
v -1.424207 0.413525 0.000000
v -1.399071 0.353688 0.000000
v -1.367416 0.290684 0.000000
v -1.331142 0.233909 0.000000
v -1.290550 0.187732 0.000000
v -1.246293 0.151159 0.000000
v -1.199024 0.123197 0.000000
v -1.149397 0.102855 0.000000
v -1.098065 0.089138 0.000000
v -1.045681 0.081056 0.000000
v -0.992898 0.077614 0.000000
v -0.940369 0.077820 0.000000
v -0.888748 0.080682 0.000000
v -0.838688 0.085206 0.000000
v -0.790842 0.090401 0.000000
v -0.748843 0.094845 0.000000
v -0.711559 0.098145 0.000000
v -0.678717 0.100169 0.000000
v -0.650043 0.100787 0.000000
v -0.625264 0.099867 0.000000
v -0.604107 0.097278 0.000000
v -0.586299 0.092890 0.000000
v -0.571566 0.086572 0.000000
v -0.559637 0.078193 0.000000
v -0.550237 0.067621 0.000000
v -0.543094 0.054726 0.000000
v -0.537934 0.039378 0.000000
v -0.534861 0.020460 0.000000
v -0.535743 0.002799 0.000000
v -0.540645 -0.013876 -0.000000
v -0.549628 -0.029839 -0.000000
v -0.562756 -0.045362 -0.000000
v -0.580091 -0.060716 -0.000000
v -0.601698 -0.076175 -0.000000
v -0.627639 -0.092009 -0.000000
v -0.657976 -0.108492 -0.000000
v -0.692774 -0.125896 -0.000000
v -0.732095 -0.144493 -0.000000
v -0.776002 -0.164556 -0.000000
v -0.824094 -0.186409 -0.000000
v -0.873445 -0.209554 -0.000000
v -0.923389 -0.234414 -0.000000
v -0.973258 -0.261412 -0.000000
v -1.022388 -0.290971 -0.000000
v -1.070110 -0.323512 -0.000000
v -1.115760 -0.359459 -0.000000
v -1.158669 -0.399234 -0.000000
v -1.198172 -0.443259 -0.000000
v -1.233602 -0.491958 -0.000000
v -1.264292 -0.545754 -0.000000
v -1.289577 -0.605068 -0.000000
v -1.309455 -0.674115 -0.000000
v -1.319818 -0.742612 -0.000000
v -1.321342 -0.810053 -0.000000
v -1.314706 -0.875935 -0.000000
v -1.300585 -0.939753 -0.000000
v -1.279658 -1.001004 -0.000000
v -1.252600 -1.059183 -0.000000
v -1.220090 -1.113785 -0.000000
v -1.182804 -1.164307 -0.000000
v -1.141419 -1.210243 -0.000000
v -1.096612 -1.251091 -0.000000
v -1.049061 -1.286347 -0.000000
v -1.001535 -1.314634 -0.000000
v -0.953153 -1.337179 -0.000000
v -0.904205 -1.354001 -0.000000
v -0.854984 -1.365118 -0.000000
v -0.805782 -1.370548 -0.000000
v -0.756891 -1.370309 -0.000000
v -0.708603 -1.364421 -0.000000
v -0.661210 -1.352901 -0.000000
v -0.615004 -1.335768 -0.000000
v -0.570277 -1.313039 -0.000000
v -0.527320 -1.284735 -0.000000
v -0.486427 -1.250872 -0.000000
v -0.438760 -1.200727 -0.000000
v -0.398838 -1.146174 -0.000000
v -0.365961 -1.087934 -0.000000
v -0.339430 -1.026730 -0.000000
v -0.318545 -0.963283 -0.000000
v -0.302607 -0.898314 -0.000000
v -0.290916 -0.832546 -0.000000
v -0.282773 -0.766698 -0.000000
v -0.277478 -0.701495 -0.000000
v -0.274332 -0.637656 -0.000000
v -0.272635 -0.575903 -0.000000
v -0.271687 -0.516958 -0.000000
v -0.271356 -0.493990 -0.000000
v -0.270992 -0.471596 -0.000000
v -0.270552 -0.449820 -0.000000
v -0.269995 -0.428707 -0.000000
v -0.269280 -0.408303 -0.000000
v -0.268366 -0.388651 -0.000000
v -0.267210 -0.369798 -0.000000
v -0.265771 -0.351787 -0.000000
v -0.264008 -0.334664 -0.000000
v -0.261879 -0.318474 -0.000000
v -0.259342 -0.303261 -0.000000
v -0.256356 -0.289070 -0.000000
v -0.253125 -0.276719 -0.000000
v -0.249785 -0.266412 -0.000000
v -0.246363 -0.257964 -0.000000
v -0.242884 -0.251189 -0.000000
v -0.239376 -0.245901 -0.000000
v -0.235864 -0.241915 -0.000000
v -0.232373 -0.239045 -0.000000
v -0.228931 -0.237105 -0.000000
v -0.225563 -0.235910 -0.000000
v -0.222295 -0.235273 -0.000000
v -0.219154 -0.235010 -0.000000
v -0.216165 -0.234935 -0.000000
v -0.216129 -0.234935 -0.000000
v -0.216094 -0.234935 -0.000000
v -0.216058 -0.234935 -0.000000
v -0.216023 -0.234935 -0.000000
v -0.215987 -0.234935 -0.000000
v -0.215951 -0.234935 -0.000000
v -0.215916 -0.234935 -0.000000
v -0.215880 -0.234935 -0.000000
v -0.215845 -0.234935 -0.000000
v -0.215809 -0.234935 -0.000000
v -0.215774 -0.234935 -0.000000
v -0.215738 -0.234935 -0.000000
v -0.209733 -0.235482 -0.000000
v -0.201853 -0.237612 -0.000000
v -0.192254 -0.242061 -0.000000
v -0.181093 -0.249565 -0.000000
v -0.168530 -0.260856 -0.000000
v -0.154720 -0.276672 -0.000000
v -0.139821 -0.297747 -0.000000
v -0.123992 -0.324816 -0.000000
v -0.107389 -0.358613 -0.000000
v -0.090170 -0.399875 -0.000000
v -0.072492 -0.449336 -0.000000
v -0.054514 -0.507731 -0.000000
v -0.042472 -0.551856 -0.000000
v -0.031142 -0.597369 -0.000000
v -0.020502 -0.643868 -0.000000
v -0.010527 -0.690950 -0.000000
v -0.001193 -0.738210 -0.000000
v 0.007524 -0.785245 -0.000000
v 0.015647 -0.831653 -0.000000
v 0.023201 -0.877030 -0.000000
v 0.030210 -0.920972 -0.000000
v 0.036697 -0.963077 -0.000000
v 0.042686 -1.002941 -0.000000
v 0.048202 -1.040160 -0.000000
v 0.050559 -1.056094 -0.000000
v 0.052836 -1.071445 -0.000000
v 0.055038 -1.086197 -0.000000
v 0.057171 -1.100334 -0.000000
v 0.059237 -1.113842 -0.000000
v 0.061243 -1.126705 -0.000000
v 0.063192 -1.138906 -0.000000
v 0.065089 -1.150431 -0.000000
v 0.066940 -1.161263 -0.000000
v 0.068748 -1.171388 -0.000000
v 0.070519 -1.180790 -0.000000
v 0.072256 -1.189452 -0.000000
v 0.080276 -1.219697 -0.000000
v 0.092307 -1.252370 -0.000000
v 0.108232 -1.286696 -0.000000
v 0.127933 -1.321906 -0.000000
v 0.151292 -1.357226 -0.000000
v 0.178192 -1.391884 -0.000000
v 0.208514 -1.425108 -0.000000
v 0.242140 -1.456126 -0.000000
v 0.278953 -1.484166 -0.000000
v 0.318835 -1.508455 -0.000000
v 0.361668 -1.528221 -0.000000
v 0.407333 -1.542693 -0.000000
v 0.413451 -1.544139 -0.000000
v 0.419690 -1.545494 -0.000000
v 0.426047 -1.546751 -0.000000
v 0.432521 -1.547905 -0.000000
v 0.439110 -1.548947 -0.000000
v 0.445812 -1.549872 -0.000000
v 0.452624 -1.550673 -0.000000
v 0.459546 -1.551343 -0.000000
v 0.466575 -1.551876 -0.000000
v 0.473709 -1.552265 -0.000000
v 0.480947 -1.552503 -0.000000
v 0.488286 -1.552584 -0.000000
v 0.513516 -1.551629 -0.000000
v 0.539775 -1.548601 -0.000000
v 0.566987 -1.543253 -0.000000
v 0.595078 -1.535340 -0.000000
v 0.623973 -1.524615 -0.000000
v 0.653595 -1.510833 -0.000000
v 0.683871 -1.493748 -0.000000
v 0.714725 -1.473114 -0.000000
v 0.746083 -1.448685 -0.000000
v 0.777868 -1.420215 -0.000000
v 0.810006 -1.387458 -0.000000
v 0.842422 -1.350168 -0.000000
v 0.873392 -1.310422 -0.000000
v 0.900985 -1.270777 -0.000000
v 0.925195 -1.231249 -0.000000
v 0.946019 -1.191852 -0.000000
v 0.963452 -1.152602 -0.000000
v 0.977488 -1.113514 -0.000000
v 0.988123 -1.074603 -0.000000
v 0.995353 -1.035885 -0.000000
v 0.999172 -0.997374 -0.000000
v 0.999576 -0.959085 -0.000000
v 0.996559 -0.921034 -0.000000
v 0.990118 -0.883236 -0.000000
v 0.977088 -0.836000 -0.000000
v 0.958650 -0.789611 -0.000000
v 0.934821 -0.744083 -0.000000
v 0.905618 -0.699435 -0.000000
v 0.871056 -0.655682 -0.000000
v 0.831152 -0.612840 -0.000000
v 0.785923 -0.570926 -0.000000
v 0.735385 -0.529957 -0.000000
v 0.679555 -0.489949 -0.000000
v 0.618450 -0.450917 -0.000000
v 0.552085 -0.412880 -0.000000
v 0.480477 -0.375852 -0.000000
v 0.440763 -0.355519 -0.000000
v 0.403279 -0.334728 -0.000000
v 0.368154 -0.313583 -0.000000
v 0.335514 -0.292190 -0.000000
v 0.305488 -0.270655 -0.000000
v 0.278202 -0.249085 -0.000000
v 0.253784 -0.227584 -0.000000
v 0.232360 -0.206259 -0.000000
v 0.214059 -0.185216 -0.000000
v 0.199007 -0.164559 -0.000000
v 0.187331 -0.144396 -0.000000
v 0.179160 -0.124831 -0.000000
v 0.177168 -0.118236 -0.000000
v 0.175612 -0.111757 -0.000000
v 0.174491 -0.105382 -0.000000
v 0.173807 -0.099098 -0.000000
v 0.173562 -0.092894 -0.000000
v 0.173755 -0.086757 -0.000000
v 0.174388 -0.080676 -0.000000
v 0.175462 -0.074637 -0.000000
v 0.176977 -0.068630 -0.000000
v 0.178936 -0.062642 -0.000000
v 0.181338 -0.056661 -0.000000
v 0.184186 -0.050675 -0.000000
v 0.186165 -0.047058 -0.000000
v 0.188152 -0.043896 -0.000000
v 0.190142 -0.041155 -0.000000
v 0.192134 -0.038801 -0.000000
v 0.194124 -0.036802 -0.000000
v 0.196110 -0.035122 -0.000000
v 0.198090 -0.033729 -0.000000
v 0.200061 -0.032588 -0.000000
v 0.202019 -0.031667 -0.000000
v 0.203964 -0.030931 -0.000000
v 0.205891 -0.030346 -0.000000
v 0.207798 -0.029880 -0.000000
v 0.232872 -0.029061 -0.000000
v 0.263256 -0.035757 -0.000000
v 0.298107 -0.049006 -0.000000
v 0.336581 -0.067843 -0.000000
v 0.377835 -0.091305 -0.000000
v 0.421026 -0.118429 -0.000000
v 0.465312 -0.148250 -0.000000
v 0.509848 -0.179806 -0.000000
v 0.553793 -0.212132 -0.000000
v 0.596302 -0.244265 -0.000000
v 0.636534 -0.275242 -0.000000
v 0.673644 -0.304098 -0.000000
v 0.705355 -0.327022 -0.000000
v 0.737949 -0.347113 -0.000000
v 0.771333 -0.364352 -0.000000
v 0.805410 -0.378719 -0.000000
v 0.840086 -0.390196 -0.000000
v 0.875267 -0.398764 -0.000000
v 0.910858 -0.404403 -0.000000
v 0.946764 -0.407095 -0.000000
v 0.982891 -0.406820 -0.000000
v 1.019144 -0.403559 -0.000000
v 1.055428 -0.397293 -0.000000
v 1.091648 -0.388004 -0.000000
v 1.134274 -0.373040 -0.000000
v 1.175528 -0.354128 -0.000000
v 1.215247 -0.331438 -0.000000
v 1.253268 -0.305140 -0.000000
v 1.289431 -0.275404 -0.000000
v 1.323571 -0.242399 -0.000000
v 1.355527 -0.206296 -0.000000
v 1.385137 -0.167263 -0.000000
v 1.412237 -0.125472 -0.000000
v 1.436665 -0.081091 -0.000000
v 1.458260 -0.034291 -0.000000
v 1.476857 0.014759 0.000000
v 1.490559 0.059668 0.000000
v 1.500923 0.103805 0.000000
v 1.507961 0.147064 0.000000
v 1.511686 0.189340 0.000000
v 1.512109 0.230528 0.000000
v 1.509242 0.270521 0.000000
v 1.503096 0.309215 0.000000
v 1.493685 0.346504 0.000000
v 1.481018 0.382282 0.000000
v 1.465110 0.416443 0.000000
v 1.445970 0.448883 0.000000
v 1.366857 0.052130 0.000000
v 1.351617 0.011790 0.000000
v 1.334040 -0.026662 -0.000000
v 1.314255 -0.063087 -0.000000
v 1.292393 -0.097345 -0.000000
v 1.268583 -0.129298 -0.000000
v 1.242955 -0.158808 -0.000000
v 1.215641 -0.185734 -0.000000
v 1.186769 -0.209939 -0.000000
v 1.156470 -0.231283 -0.000000
v 1.124875 -0.249627 -0.000000
v 1.092114 -0.264833 -0.000000
v 1.058316 -0.276761 -0.000000
v 1.031351 -0.283661 -0.000000
v 1.004303 -0.288284 -0.000000
v 0.977244 -0.290645 -0.000000
v 0.950244 -0.290759 -0.000000
v 0.923376 -0.288639 -0.000000
v 0.896710 -0.284301 -0.000000
v 0.870318 -0.277759 -0.000000
v 0.844270 -0.269027 -0.000000
v 0.818639 -0.258121 -0.000000
v 0.793495 -0.245054 -0.000000
v 0.768910 -0.229841 -0.000000
v 0.744955 -0.212497 -0.000000
v 0.686371 -0.167140 -0.000000
v 0.629738 -0.124124 -0.000000
v 0.575109 -0.083876 -0.000000
v 0.522540 -0.046821 -0.000000
v 0.472083 -0.013385 -0.000000
v 0.423794 0.016004 0.000000
v 0.377727 0.040920 0.000000
v 0.333936 0.060938 0.000000
v 0.292476 0.075631 0.000000
v 0.253400 0.084572 0.000000
v 0.216764 0.087336 0.000000
v 0.182621 0.083496 0.000000
v 0.171694 0.080656 0.000000
v 0.161165 0.077066 0.000000
v 0.151049 0.072735 0.000000
v 0.141359 0.067676 0.000000
v 0.132107 0.061898 0.000000
v 0.123308 0.055413 0.000000
v 0.114974 0.048230 0.000000
v 0.107118 0.040360 0.000000
v 0.099754 0.031815 0.000000
v 0.092894 0.022604 0.000000
v 0.086553 0.012738 0.000000
v 0.080744 0.002229 0.000000
v 0.074643 -0.010700 -0.000000
v 0.069466 -0.023828 -0.000000
v 0.065216 -0.037134 -0.000000
v 0.061893 -0.050595 -0.000000
v 0.059499 -0.064191 -0.000000
v 0.058036 -0.077900 -0.000000
v 0.057505 -0.091702 -0.000000
v 0.057906 -0.105575 -0.000000
v 0.059243 -0.119497 -0.000000
v 0.061515 -0.133447 -0.000000
v 0.064725 -0.147405 -0.000000
v 0.068874 -0.161348 -0.000000
v 0.083051 -0.195653 -0.000000
v 0.102020 -0.228705 -0.000000
v 0.125209 -0.260456 -0.000000
v 0.152043 -0.290859 -0.000000
v 0.181950 -0.319869 -0.000000
v 0.214355 -0.347437 -0.000000
v 0.248686 -0.373519 -0.000000
v 0.284368 -0.398066 -0.000000
v 0.320829 -0.421033 -0.000000
v 0.357494 -0.442372 -0.000000
v 0.393790 -0.462038 -0.000000
v 0.429144 -0.479983 -0.000000
v 0.492659 -0.512684 -0.000000
v 0.551453 -0.545966 -0.000000
v 0.605513 -0.579817 -0.000000
v 0.654823 -0.614222 -0.000000
v 0.699368 -0.649167 -0.000000
v 0.739135 -0.684640 -0.000000
v 0.774108 -0.720625 -0.000000
v 0.804273 -0.757109 -0.000000
v 0.829615 -0.794078 -0.000000
v 0.850120 -0.831519 -0.000000
v 0.865774 -0.869418 -0.000000
v 0.876561 -0.907760 -0.000000
v 0.881361 -0.936531 -0.000000
v 0.883397 -0.965697 -0.000000
v 0.882672 -0.995247 -0.000000
v 0.879190 -1.025169 -0.000000
v 0.872957 -1.055450 -0.000000
v 0.863975 -1.086079 -0.000000
v 0.852248 -1.117044 -0.000000
v 0.837781 -1.148332 -0.000000
v 0.820577 -1.179933 -0.000000
v 0.800642 -1.211834 -0.000000
v 0.777977 -1.244022 -0.000000
v 0.752589 -1.276487 -0.000000
v 0.726322 -1.306860 -0.000000
v 0.699985 -1.334051 -0.000000
v 0.673589 -1.358057 -0.000000
v 0.647143 -1.378871 -0.000000
v 0.620657 -1.396489 -0.000000
v 0.594142 -1.410907 -0.000000
v 0.567607 -1.422119 -0.000000
v 0.541064 -1.430122 -0.000000
v 0.514523 -1.434909 -0.000000
v 0.487992 -1.436477 -0.000000
v 0.461484 -1.434820 -0.000000
v 0.435007 -1.429934 -0.000000
v 0.402759 -1.419594 -0.000000
v 0.372040 -1.405178 -0.000000
v 0.343018 -1.387272 -0.000000
v 0.315861 -1.366462 -0.000000
v 0.290736 -1.343336 -0.000000
v 0.267813 -1.318478 -0.000000
v 0.247258 -1.292477 -0.000000
v 0.229240 -1.265917 -0.000000
v 0.213926 -1.239386 -0.000000
v 0.201485 -1.213470 -0.000000
v 0.192085 -1.188756 -0.000000
v 0.185893 -1.165829 -0.000000
v 0.184309 -1.157904 -0.000000
v 0.182663 -1.149095 -0.000000
v 0.180957 -1.139450 -0.000000
v 0.179191 -1.129019 -0.000000
v 0.177366 -1.117851 -0.000000
v 0.175483 -1.105995 -0.000000
v 0.173544 -1.093500 -0.000000
v 0.171548 -1.080415 -0.000000
v 0.169497 -1.066789 -0.000000
v 0.167392 -1.052671 -0.000000
v 0.165234 -1.038111 -0.000000
v 0.163023 -1.023157 -0.000000
v 0.145680 -0.909214 -0.000000
v 0.127186 -0.797244 -0.000000
v 0.107114 -0.688759 -0.000000
v 0.085032 -0.585273 -0.000000
v 0.060513 -0.488297 -0.000000
v 0.033128 -0.399345 -0.000000
v 0.002446 -0.319928 -0.000000
v -0.031961 -0.251559 -0.000000
v -0.070522 -0.195750 -0.000000
v -0.113667 -0.154014 -0.000000
v -0.161824 -0.127863 -0.000000
v -0.215422 -0.118810 -0.000000
v -0.215628 -0.118810 -0.000000
v -0.215833 -0.118810 -0.000000
v -0.216039 -0.118810 -0.000000
v -0.216244 -0.118811 -0.000000
v -0.216450 -0.118811 -0.000000
v -0.216655 -0.118812 -0.000000
v -0.216860 -0.118813 -0.000000
v -0.217066 -0.118815 -0.000000
v -0.217271 -0.118817 -0.000000
v -0.217477 -0.118819 -0.000000
v -0.217682 -0.118822 -0.000000
v -0.217887 -0.118826 -0.000000
v -0.231656 -0.119574 -0.000000
v -0.245894 -0.121587 -0.000000
v -0.260399 -0.125096 -0.000000
v -0.274967 -0.130334 -0.000000
v -0.289396 -0.137533 -0.000000
v -0.303482 -0.146927 -0.000000
v -0.317022 -0.158747 -0.000000
v -0.329813 -0.173226 -0.000000
v -0.341652 -0.190597 -0.000000
v -0.352335 -0.211091 -0.000000
v -0.361660 -0.234942 -0.000000
v -0.369424 -0.262382 -0.000000
v -0.373079 -0.279528 -0.000000
v -0.376179 -0.297453 -0.000000
v -0.378773 -0.316137 -0.000000
v -0.380913 -0.335563 -0.000000
v -0.382651 -0.355709 -0.000000
v -0.384037 -0.376557 -0.000000
v -0.385123 -0.398088 -0.000000
v -0.385961 -0.420282 -0.000000
v -0.386602 -0.443119 -0.000000
v -0.387096 -0.466581 -0.000000
v -0.387496 -0.490648 -0.000000
v -0.387852 -0.515300 -0.000000
v -0.388738 -0.571254 -0.000000
v -0.390232 -0.628856 -0.000000
v -0.392908 -0.687515 -0.000000
v -0.397342 -0.746639 -0.000000
v -0.404110 -0.805637 -0.000000
v -0.413788 -0.863919 -0.000000
v -0.426950 -0.920893 -0.000000
v -0.444173 -0.975969 -0.000000
v -0.466032 -1.028555 -0.000000
v -0.493103 -1.078061 -0.000000
v -0.525961 -1.123894 -0.000000
v -0.565181 -1.165465 -0.000000
v -0.595810 -1.190887 -0.000000
v -0.627821 -1.212084 -0.000000
v -0.661035 -1.229046 -0.000000
v -0.695277 -1.241765 -0.000000
v -0.730369 -1.250230 -0.000000
v -0.766133 -1.254431 -0.000000
v -0.802393 -1.254359 -0.000000
v -0.838972 -1.250003 -0.000000
v -0.875691 -1.241354 -0.000000
v -0.912375 -1.228401 -0.000000
v -0.948845 -1.211135 -0.000000
v -0.984924 -1.189546 -0.000000
v -1.023281 -1.161148 -0.000000
v -1.059444 -1.128298 -0.000000
v -1.092869 -1.091402 -0.000000
v -1.123008 -1.050866 -0.000000
v -1.149317 -1.007096 -0.000000
v -1.171249 -0.960499 -0.000000
v -1.188258 -0.911481 -0.000000
v -1.199798 -0.860447 -0.000000
v -1.205323 -0.807805 -0.000000
v -1.204288 -0.753960 -0.000000
v -1.196146 -0.699318 -0.000000
v -1.180350 -0.644287 -0.000000
v -1.159554 -0.595908 -0.000000
v -1.133925 -0.551825 -0.000000
v -1.103991 -0.511689 -0.000000
v -1.070283 -0.475150 -0.000000
v -1.033329 -0.441857 -0.000000
v -0.993658 -0.411461 -0.000000
v -0.951801 -0.383611 -0.000000
v -0.908285 -0.357958 -0.000000
v -0.863640 -0.334152 -0.000000
v -0.818395 -0.311842 -0.000000
v -0.773080 -0.290680 -0.000000
v -0.728223 -0.270314 -0.000000
v -0.685333 -0.250818 -0.000000
v -0.642996 -0.230871 -0.000000
v -0.602011 -0.210133 -0.000000
v -0.563174 -0.188264 -0.000000
v -0.527283 -0.164924 -0.000000
v -0.495135 -0.139773 -0.000000
v -0.467526 -0.112470 -0.000000
v -0.445255 -0.082677 -0.000000
v -0.429118 -0.050051 -0.000000
v -0.419912 -0.014254 -0.000000
v -0.418435 0.025055 0.000000
v -0.425483 0.068216 0.000000
v -0.439351 0.107996 0.000000
v -0.458202 0.140347 0.000000
v -0.481506 0.165955 0.000000
v -0.508730 0.185501 0.000000
v -0.539342 0.199672 0.000000
v -0.572810 0.209150 0.000000
v -0.608601 0.214621 0.000000
v -0.646183 0.216768 0.000000
v -0.685025 0.216275 0.000000
v -0.724595 0.213826 0.000000
v -0.764359 0.210106 0.000000
v -0.803786 0.205799 0.000000
v -0.848509 0.200908 0.000000
v -0.893165 0.196691 0.000000
v -0.937435 0.193850 0.000000
v -0.980996 0.193087 0.000000
v -1.023527 0.195106 0.000000
v -1.064707 0.200608 0.000000
v -1.104214 0.210296 0.000000
v -1.141727 0.224873 0.000000
v -1.176925 0.245041 0.000000
v -1.209486 0.271502 0.000000
v -1.239089 0.304959 0.000000
v -1.265412 0.346115 0.000000
v -1.292002 0.398742 0.000000
v -1.313264 0.448421 0.000000
v -1.329618 0.495189 0.000000
v -1.341480 0.539079 0.000000
v -1.349270 0.580128 0.000000
v -1.353407 0.618370 0.000000
v -1.354307 0.653841 0.000000
v -1.352391 0.686576 0.000000
v -1.348075 0.716611 0.000000
v -1.341778 0.743980 0.000000
v -1.333919 0.768719 0.000000
v -1.324916 0.790862 0.000000
v -1.314380 0.811907 0.000000
v -1.302328 0.831881 0.000000
v -1.288829 0.850729 0.000000
v -1.273952 0.868398 0.000000
v -1.257765 0.884831 0.000000
v -1.240337 0.899973 0.000000
v -1.221738 0.913770 0.000000
v -1.202034 0.926167 0.000000
v -1.181296 0.937108 0.000000
v -1.159592 0.946539 0.000000
v -1.136990 0.954404 0.000000
v -1.113560 0.960649 0.000000
v -1.067263 0.965788 0.000000
v -1.019794 0.960756 0.000000
v -0.971590 0.945971 0.000000
v -0.923086 0.921854 0.000000
v -0.874718 0.888825 0.000000
v -0.826922 0.847303 0.000000
v -0.780135 0.797709 0.000000
v -0.734793 0.740463 0.000000
v -0.691331 0.675985 0.000000
v -0.650187 0.604695 0.000000
v -0.611795 0.527012 0.000000
v -0.576592 0.443357 0.000000
v -0.554689 0.393095 0.000000
v -0.530535 0.348992 0.000000
v -0.504476 0.310850 0.000000
v -0.476863 0.278469 0.000000
v -0.448044 0.251652 0.000000
v -0.418367 0.230198 0.000000
v -0.388181 0.213909 0.000000
v -0.357835 0.202586 0.000000
v -0.327676 0.196029 0.000000
v -0.298055 0.194040 0.000000
v -0.269318 0.196420 0.000000
v -0.241816 0.202970 0.000000
v -0.211607 0.215657 0.000000
v -0.183237 0.233876 0.000000
v -0.157173 0.257592 0.000000
v -0.133878 0.286775 0.000000
v -0.113820 0.321393 0.000000
v -0.097463 0.361413 0.000000
v -0.085274 0.406803 0.000000
v -0.077717 0.457531 0.000000
v -0.075258 0.513565 0.000000
v -0.078364 0.574873 0.000000
v -0.087499 0.641423 0.000000
v -0.103129 0.713182 0.000000
v -0.104829 0.719800 0.000000
v -0.106563 0.726491 0.000000
v -0.108328 0.733252 0.000000
v -0.110124 0.740083 0.000000
v -0.111947 0.746982 0.000000
v -0.113797 0.753948 0.000000
v -0.115673 0.760980 0.000000
v -0.117571 0.768075 0.000000
v -0.119492 0.775234 0.000000
v -0.121432 0.782454 0.000000
v -0.123391 0.789734 0.000000
v -0.125367 0.797072 0.000000
v -0.140785 0.854667 0.000000
v -0.156390 0.915002 0.000000
v -0.171442 0.977368 0.000000
v -0.185197 1.041059 0.000000
v -0.196915 1.105364 0.000000
v -0.205854 1.169575 0.000000
v -0.211273 1.232985 0.000000
v -0.212431 1.294884 0.000000
v -0.208585 1.354564 0.000000
v -0.198995 1.411318 0.000000
v -0.182919 1.464435 0.000000
v -0.159616 1.513209 0.000000
v -0.147856 1.531709 0.000000
v -0.134875 1.549137 0.000000
v -0.120659 1.565502 0.000000
v -0.105193 1.580813 0.000000
v -0.088462 1.595081 0.000000
v -0.070453 1.608315 0.000000
v -0.051150 1.620527 0.000000
v -0.030540 1.631724 0.000000
v -0.008607 1.641918 0.000000
v 0.014663 1.651118 0.000000
v 0.039284 1.659335 0.000000
v 0.065271 1.666577 0.000000
v 0.101235 1.674676 0.000000
v 0.135556 1.680336 0.000000
v 0.168225 1.683560 0.000000
v 0.199230 1.684349 0.000000
v 0.228561 1.682706 0.000000
v 0.256208 1.678632 0.000000
v 0.282160 1.672130 0.000000
v 0.306406 1.663201 0.000000
v 0.328936 1.651847 0.000000
v 0.349739 1.638072 0.000000
v 0.368805 1.621876 0.000000
v 0.386123 1.603261 0.000000
v 0.407793 1.572481 0.000000
v 0.425451 1.537794 0.000000
v 0.439236 1.499883 0.000000
v 0.449288 1.459430 0.000000
v 0.455747 1.417114 0.000000
v 0.458752 1.373617 0.000000
v 0.458443 1.329621 0.000000
v 0.454959 1.285807 0.000000
v 0.448441 1.242856 0.000000
v 0.439028 1.201449 0.000000
v 0.426859 1.162269 0.000000
v 0.412075 1.125995 0.000000
v 0.382250 1.061231 0.000000
v 0.351126 0.990892 0.000000
v 0.320610 0.916309 0.000000
v 0.292607 0.838815 0.000000
v 0.269025 0.759743 0.000000
v 0.251769 0.680426 0.000000
v 0.242747 0.602197 0.000000
v 0.243864 0.526388 0.000000
v 0.257028 0.454332 0.000000
v 0.284144 0.387363 0.000000
v 0.327120 0.326812 0.000000
v 0.387862 0.274013 0.000000
v 0.430119 0.248648 0.000000
v 0.470152 0.231915 0.000000
v 0.508110 0.222984 0.000000
v 0.544145 0.221019 0.000000
v 0.578405 0.225190 0.000000
v 0.611041 0.234664 0.000000
v 0.642203 0.248607 0.000000
v 0.672042 0.266188 0.000000
v 0.700707 0.286573 0.000000
v 0.728349 0.308929 0.000000
v 0.755118 0.332426 0.000000
v 0.781163 0.356228 0.000000
v 0.799870 0.373386 0.000000
v 0.818784 0.390432 0.000000
v 0.838006 0.407153 0.000000
v 0.857639 0.423341 0.000000
v 0.877784 0.438785 0.000000
v 0.898544 0.453275 0.000000
v 0.920019 0.466599 0.000000
v 0.942313 0.478548 0.000000
v 0.965526 0.488910 0.000000
v 0.989761 0.497477 0.000000
v 1.015120 0.504037 0.000000
v 1.041705 0.508380 0.000000
v 1.071750 0.510856 0.000000
v 1.101068 0.511229 0.000000
v 1.129564 0.509531 0.000000
v 1.157141 0.505795 0.000000
v 1.183705 0.500055 0.000000
v 1.209160 0.492344 0.000000
v 1.233411 0.482694 0.000000
v 1.256362 0.471140 0.000000
v 1.277917 0.457715 0.000000
v 1.297982 0.442451 0.000000
v 1.316460 0.425382 0.000000
v 1.333256 0.406540 0.000000
v 1.349534 0.384094 0.000000
v 1.363386 0.360091 0.000000
v 1.374807 0.334611 0.000000
v 1.383786 0.307735 0.000000
v 1.390318 0.279543 0.000000
v 1.394394 0.250116 0.000000
v 1.396007 0.219534 0.000000
v 1.395150 0.187879 0.000000
v 1.391813 0.155230 0.000000
v 1.385991 0.121668 0.000000
v 1.377674 0.087275 0.000000
v -0.023647 0.100150 0.000000
v -0.020095 0.086793 0.000000
v -0.017566 0.072607 0.000000
v -0.016320 0.057900 0.000000
v -0.016621 0.042982 0.000000
v -0.018732 0.028162 0.000000
v -0.022914 0.013750 0.000000
v -0.029430 0.000054 0.000000
v -0.038543 -0.012616 -0.000000
v -0.050515 -0.023951 -0.000000
v -0.065609 -0.033641 -0.000000
v -0.084087 -0.041377 -0.000000
v -0.106211 -0.046851 -0.000000
v -0.129069 -0.049586 -0.000000
v -0.149579 -0.049429 -0.000000
v -0.167748 -0.046547 -0.000000
v -0.183585 -0.041109 -0.000000
v -0.197096 -0.033284 -0.000000
v -0.208290 -0.023241 -0.000000
v -0.217175 -0.011149 -0.000000
v -0.223758 0.002823 0.000000
v -0.228047 0.018507 0.000000
v -0.230049 0.035734 0.000000
v -0.229774 0.054335 0.000000
v -0.227228 0.074141 0.000000
v -0.222849 0.093005 0.000000
v -0.217166 0.109046 0.000000
v -0.210340 0.122502 0.000000
v -0.202529 0.133614 0.000000
v -0.193893 0.142621 0.000000
v -0.184591 0.149763 0.000000
v -0.174783 0.155279 0.000000
v -0.164627 0.159409 0.000000
v -0.154284 0.162393 0.000000
v -0.143913 0.164470 0.000000
v -0.133673 0.165880 0.000000
v -0.123723 0.166864 0.000000
v -0.113840 0.167172 0.000000
v -0.103787 0.166400 0.000000
v -0.093697 0.164553 0.000000
v -0.083707 0.161633 0.000000
v -0.073953 0.157645 0.000000
v -0.064569 0.152593 0.000000
v -0.055692 0.146481 0.000000
v -0.047457 0.139312 0.000000
v -0.039999 0.131091 0.000000
v -0.033455 0.121821 0.000000
v -0.027959 0.111506 0.000000
vn -0.0000 -0.0000 1.0000
vn -0.0000 -0.0000 -1.0000
s 0
usemtl SVGMat.003
f 1031//3 1029//3 1030//3
f 1032//3 1029//3 1031//3
f 1032//3 1028//3 1029//3
f 1033//3 1028//3 1032//3
f 1033//3 1027//3 1028//3
f 1033//3 1026//3 1027//3
f 1034//3 1026//3 1033//3
f 1035//3 1026//3 1034//3
f 1035//3 1025//3 1026//3
f 1036//3 1025//3 1035//3
f 1036//3 1024//3 1025//3
f 1037//3 1024//3 1036//3
f 1037//3 1023//3 1024//3
f 1038//3 1023//3 1037//3
f 1039//3 1023//3 1038//3
f 1039//3 1022//3 1023//3
f 1040//3 1022//3 1039//3
f 1040//3 1793//3 1022//3
f 1793//3 1021//3 1022//3
f 1040//3 1792//3 1793//3
f 1794//3 1021//3 1793//3
f 1040//3 1791//3 1792//3
f 1041//3 1791//3 1040//3
f 1795//3 1021//3 1794//3
f 1041//3 1790//3 1791//3
f 1796//3 1021//3 1795//3
f 1796//3 1020//3 1021//3
f 1041//3 1789//3 1790//3
f 1797//3 1020//3 1796//3
f 1041//3 1788//3 1789//3
f 1042//3 1788//3 1041//3
f 1798//3 1020//3 1797//3
f 1042//3 1787//3 1788//3
f 1799//3 1020//3 1798//3
f 1042//3 1786//3 1787//3
f 1043//3 1786//3 1042//3
f 1043//3 1785//3 1786//3
f 1800//3 1020//3 1799//3
f 1800//3 1019//3 1020//3
f 1043//3 1784//3 1785//3
f 1801//3 1019//3 1800//3
f 1044//3 1784//3 1043//3
f 1044//3 1783//3 1784//3
f 1044//3 1782//3 1783//3
f 1802//3 1019//3 1801//3
f 1045//3 1782//3 1044//3
f 1045//3 1781//3 1782//3
f 1802//3 1018//3 1019//3
f 1045//3 1780//3 1781//3
f 1803//3 1018//3 1802//3
f 1046//3 1780//3 1045//3
f 1046//3 1779//3 1780//3
f 1046//3 1778//3 1779//3
f 1803//3 1017//3 1018//3
f 1804//3 1017//3 1803//3
f 1046//3 1777//3 1778//3
f 1046//3 1776//3 1777//3
f 1047//3 1776//3 1046//3
f 1805//3 1017//3 1804//3
f 1805//3 1016//3 1017//3
f 1047//3 1775//3 1776//3
f 1806//3 1016//3 1805//3
f 1048//3 1775//3 1047//3
f 1806//3 1015//3 1016//3
f 1807//3 1015//3 1806//3
f 1048//3 1774//3 1775//3
f 1049//3 1774//3 1048//3
f 1807//3 1014//3 1015//3
f 1808//3 1014//3 1807//3
f 1049//3 1773//3 1774//3
f 1808//3 1013//3 1014//3
f 1809//3 1013//3 1808//3
f 1050//3 1773//3 1049//3
f 1050//3 1772//3 1773//3
f 1810//3 1013//3 1809//3
f 1810//3 1012//3 1013//3
f 1051//3 1772//3 1050//3
f 1811//3 1012//3 1810//3
f 1051//3 1771//3 1772//3
f 1811//3 1011//3 1012//3
f 1812//3 1011//3 1811//3
f 1052//3 1771//3 1051//3
f 1812//3 1010//3 1011//3
f 1052//3 1770//3 1771//3
f 1813//3 1010//3 1812//3
f 1814//3 1010//3 1813//3
f 1814//3 1009//3 1010//3
f 1052//3 1769//3 1770//3
f 1053//3 1769//3 1052//3
f 1105//3 1103//3 1104//3
f 1105//3 1102//3 1103//3
f 1814//3 1008//3 1009//3
f 1106//3 1102//3 1105//3
f 1107//3 1102//3 1106//3
f 1107//3 1101//3 1102//3
f 1815//3 1008//3 1814//3
f 1108//3 1101//3 1107//3
f 1109//3 1101//3 1108//3
f 1053//3 1768//3 1769//3
f 1109//3 1100//3 1101//3
f 1054//3 1768//3 1053//3
f 1110//3 1100//3 1109//3
f 1815//3 1007//3 1008//3
f 1111//3 1100//3 1110//3
f 1111//3 1099//3 1100//3
f 1816//3 1007//3 1815//3
f 1112//3 1718//3 1111//3
f 1718//3 1099//3 1111//3
f 1054//3 1767//3 1768//3
f 1113//3 1718//3 1112//3
f 1113//3 1717//3 1718//3
f 1719//3 1099//3 1718//3
f 1055//3 1767//3 1054//3
f 1720//3 1099//3 1719//3
f 1816//3 1006//3 1007//3
f 1113//3 1716//3 1717//3
f 1113//3 1715//3 1716//3
f 1720//3 1098//3 1099//3
f 1113//3 1714//3 1715//3
f 1114//3 1714//3 1113//3
f 1721//3 1098//3 1720//3
f 1114//3 1713//3 1714//3
f 1114//3 1712//3 1713//3
f 1722//3 1098//3 1721//3
f 1115//3 1712//3 1114//3
f 1817//3 1006//3 1816//3
f 1055//3 1766//3 1767//3
f 1115//3 1711//3 1712//3
f 1115//3 1710//3 1711//3
f 1722//3 1097//3 1098//3
f 1817//3 1005//3 1006//3
f 1116//3 1710//3 1115//3
f 1056//3 1766//3 1055//3
f 1723//3 1097//3 1722//3
f 1116//3 1709//3 1710//3
f 1116//3 1708//3 1709//3
f 1117//3 1708//3 1116//3
f 1056//3 1765//3 1766//3
f 1117//3 1707//3 1708//3
f 1724//3 1097//3 1723//3
f 1818//3 1005//3 1817//3
f 1118//3 1707//3 1117//3
f 1118//3 1706//3 1707//3
f 1724//3 1096//3 1097//3
f 1818//3 1004//3 1005//3
f 1057//3 1765//3 1056//3
f 1118//3 1705//3 1706//3
f 1119//3 1705//3 1118//3
f 1725//3 1096//3 1724//3
f 1057//3 1764//3 1765//3
f 1119//3 1704//3 1705//3
f 1057//3 1763//3 1764//3
f 1057//3 1762//3 1763//3
f 1120//3 1704//3 1119//3
f 1057//3 1761//3 1762//3
f 1120//3 1703//3 1704//3
f 1057//3 1760//3 1761//3
f 1058//3 1760//3 1057//3
f 1818//3 1003//3 1004//3
f 1058//3 1759//3 1760//3
f 1819//3 1003//3 1818//3
f 1059//3 1759//3 1058//3
f 1725//3 1095//3 1096//3
f 1059//3 1758//3 1759//3
f 1060//3 1758//3 1059//3
f 1060//3 1757//3 1758//3
f 1061//3 1757//3 1060//3
f 1121//3 1703//3 1120//3
f 1121//3 1702//3 1703//3
f 1726//3 1095//3 1725//3
f 1061//3 1756//3 1757//3
f 1062//3 1756//3 1061//3
f 1062//3 1755//3 1756//3
f 1063//3 1755//3 1062//3
f 1063//3 1754//3 1755//3
f 1064//3 1754//3 1063//3
f 1064//3 1753//3 1754//3
f 1065//3 1753//3 1064//3
f 1121//3 1701//3 1702//3
f 1065//3 1752//3 1753//3
f 1066//3 1752//3 1065//3
f 1122//3 1701//3 1121//3
f 1067//3 1752//3 1066//3
f 1068//3 1752//3 1067//3
f 1819//3 1002//3 1003//3
f 1069//3 1752//3 1068//3
f 1122//3 1700//3 1701//3
f 1070//3 1752//3 1069//3
f 1820//3 1002//3 1819//3
f 1727//3 1095//3 1726//3
f 1727//3 1094//3 1095//3
f 1123//3 1700//3 1122//3
f 1123//3 1699//3 1700//3
f 1070//3 1751//3 1752//3
f 1071//3 1751//3 1070//3
f 1820//3 1001//3 1002//3
f 972//3 970//3 971//3
f 973//3 970//3 972//3
f 973//3 969//3 970//3
f 974//3 969//3 973//3
f 1124//3 1699//3 1123//3
f 974//3 968//3 969//3
f 1124//3 1698//3 1699//3
f 975//3 968//3 974//3
f 975//3 967//3 968//3
f 976//3 967//3 975//3
f 1728//3 1094//3 1727//3
f 1821//3 1001//3 1820//3
f 976//3 966//3 967//3
f 977//3 966//3 976//3
f 977//3 965//3 966//3
f 978//3 965//3 977//3
f 1072//3 1751//3 1071//3
f 1728//3 1093//3 1094//3
f 1124//3 1697//3 1698//3
f 1072//3 1750//3 1751//3
f 1125//3 1697//3 1124//3
f 979//3 965//3 978//3
f 979//3 964//3 965//3
f 1821//3 1000//3 1001//3
f 980//3 964//3 979//3
f 980//3 963//3 964//3
f 1073//3 1750//3 1072//3
f 1125//3 1696//3 1697//3
f 981//3 963//3 980//3
f 981//3 962//3 963//3
f 1729//3 1093//3 1728//3
f 1822//3 1000//3 1821//3
f 1126//3 1696//3 1125//3
f 982//3 1850//3 981//3
f 1850//3 1851//3 981//3
f 1851//3 962//3 981//3
f 1073//3 1749//3 1750//3
f 1852//3 962//3 1851//3
f 982//3 1849//3 1850//3
f 1853//3 962//3 1852//3
f 1822//3 999//3 1000//3
f 982//3 1848//3 1849//3
f 1853//3 961//3 962//3
f 1854//3 961//3 1853//3
f 982//3 1847//3 1848//3
f 1855//3 961//3 1854//3
f 983//3 1847//3 982//3
f 1074//3 1749//3 1073//3
f 983//3 1846//3 1847//3
f 1126//3 1695//3 1696//3
f 1856//3 961//3 1855//3
f 983//3 1845//3 1846//3
f 1729//3 1092//3 1093//3
f 1857//3 961//3 1856//3
f 1857//3 1428//3 961//3
f 984//3 1845//3 983//3
f 984//3 1844//3 1845//3
f 1858//3 1428//3 1857//3
f 1127//3 1695//3 1126//3
f 984//3 1843//3 1844//3
f 1075//3 1749//3 1074//3
f 985//3 1843//3 984//3
f 1859//3 1428//3 1858//3
f 1075//3 1748//3 1749//3
f 1822//3 998//3 999//3
f 1823//3 998//3 1822//3
f 985//3 1842//3 1843//3
f 1729//3 1091//3 1092//3
f 1859//3 1427//3 1428//3
f 1127//3 1694//3 1695//3
f 1730//3 1091//3 1729//3
f 1860//3 1427//3 1859//3
f 986//3 1842//3 985//3
f 986//3 1841//3 1842//3
f 1076//3 1748//3 1075//3
f 1861//3 1427//3 1860//3
f 1730//3 1090//3 1091//3
f 986//3 1840//3 1841//3
f 987//3 1840//3 986//3
f 1861//3 1426//3 1427//3
f 1128//3 1694//3 1127//3
f 1823//3 997//3 998//3
f 987//3 1839//3 1840//3
f 1076//3 1747//3 1748//3
f 1862//3 1426//3 1861//3
f 1128//3 1693//3 1694//3
f 1730//3 1089//3 1090//3
f 1077//3 1747//3 1076//3
f 988//3 1839//3 987//3
f 1731//3 1089//3 1730//3
f 988//3 1838//3 1839//3
f 1824//3 997//3 1823//3
f 1863//3 1426//3 1862//3
f 1863//3 1425//3 1426//3
f 989//3 1838//3 988//3
f 1731//3 1088//3 1089//3
f 989//3 1837//3 1838//3
f 1078//3 1747//3 1077//3
f 1824//3 996//3 997//3
f 990//3 1837//3 989//3
f 1078//3 1746//3 1747//3
f 1864//3 1425//3 1863//3
f 1731//3 1087//3 1088//3
f 990//3 1836//3 1837//3
f 1824//3 995//3 996//3
f 1129//3 1693//3 1128//3
f 991//3 1836//3 990//3
f 1079//3 1746//3 1078//3
f 1732//3 1087//3 1731//3
f 1864//3 1424//3 1425//3
f 1129//3 1692//3 1693//3
f 1824//3 994//3 995//3
f 992//3 1836//3 991//3
f 1732//3 1086//3 1087//3
f 1824//3 993//3 994//3
f 993//3 1836//3 992//3
f 1824//3 1836//3 993//3
f 1865//3 1424//3 1864//3
f 1080//3 1746//3 1079//3
f 1824//3 1835//3 1836//3
f 1732//3 1085//3 1086//3
f 1825//3 1835//3 1824//3
f 1081//3 1746//3 1080//3
f 1081//3 1745//3 1746//3
f 1732//3 1084//3 1085//3
f 1732//3 1083//3 1084//3
f 1082//3 1745//3 1081//3
f 1733//3 1083//3 1732//3
f 1733//3 1082//3 1083//3
f 1733//3 1745//3 1082//3
f 1865//3 1423//3 1424//3
f 1825//3 1834//3 1835//3
f 1866//3 1423//3 1865//3
f 1129//3 1691//3 1692//3
f 1130//3 1691//3 1129//3
f 1733//3 1744//3 1745//3
f 1825//3 1833//3 1834//3
f 1867//3 1423//3 1866//3
f 1734//3 1744//3 1733//3
f 1826//3 1833//3 1825//3
f 1130//3 1690//3 1691//3
f 1867//3 1422//3 1423//3
f 1826//3 1832//3 1833//3
f 1734//3 1743//3 1744//3
f 1735//3 1743//3 1734//3
f 1868//3 1422//3 1867//3
f 1827//3 1832//3 1826//3
f 1827//3 1831//3 1832//3
f 1130//3 1689//3 1690//3
f 1827//3 1830//3 1831//3
f 1131//3 1689//3 1130//3
f 1735//3 1742//3 1743//3
f 1828//3 1830//3 1827//3
f 1868//3 1421//3 1422//3
f 1736//3 1742//3 1735//3
f 1828//3 1829//3 1830//3
f 1131//3 1688//3 1689//3
f 1869//3 1421//3 1868//3
f 1678//3 1676//3 1677//3
f 1679//3 1676//3 1678//3
f 1736//3 1741//3 1742//3
f 1679//3 1675//3 1676//3
f 1737//3 1741//3 1736//3
f 1680//3 1675//3 1679//3
f 1131//3 1687//3 1688//3
f 1681//3 1675//3 1680//3
f 1681//3 1674//3 1675//3
f 1682//3 1674//3 1681//3
f 1737//3 1740//3 1741//3
f 1738//3 1740//3 1737//3
f 1683//3 1674//3 1682//3
f 1131//3 1686//3 1687//3
f 1683//3 1673//3 1674//3
f 1684//3 1673//3 1683//3
f 1738//3 1739//3 1740//3
f 1131//3 1685//3 1686//3
f 1685//3 1673//3 1684//3
f 1131//3 1673//3 1685//3
f 1869//3 1420//3 1421//3
f 1870//3 1420//3 1869//3
f 1132//3 1673//3 1131//3
f 1132//3 1672//3 1673//3
f 1909//3 1911//3 1910//3
f 1908//3 1911//3 1909//3
f 1908//3 1912//3 1911//3
f 1132//3 1671//3 1672//3
f 1907//3 1912//3 1908//3
f 1907//3 1913//3 1912//3
f 1906//3 1913//3 1907//3
f 1905//3 1913//3 1906//3
f 1905//3 1914//3 1913//3
f 1904//3 1914//3 1905//3
f 1904//3 1915//3 1914//3
f 1903//3 1915//3 1904//3
f 1871//3 1420//3 1870//3
f 1903//3 1916//3 1915//3
f 1133//3 1671//3 1132//3
f 1902//3 1916//3 1903//3
f 1871//3 1419//3 1420//3
f 1902//3 1917//3 1916//3
f 1901//3 1917//3 1902//3
f 1133//3 1670//3 1671//3
f 1901//3 1918//3 1917//3
f 1900//3 1918//3 1901//3
f 1900//3 1919//3 1918//3
f 1134//3 1670//3 1133//3
f 1899//3 1919//3 1900//3
f 1899//3 1920//3 1919//3
f 1872//3 1419//3 1871//3
f 1899//3 1873//3 1920//3
f 1898//3 1873//3 1899//3
f 1134//3 1145//3 1670//3
f 1145//3 1146//3 1670//3
f 1146//3 1147//3 1670//3
f 1147//3 1669//3 1670//3
f 1872//3 1418//3 1419//3
f 1135//3 1144//3 1134//3
f 1144//3 1145//3 1134//3
f 1135//3 1143//3 1144//3
f 1898//3 1874//3 1873//3
f 1135//3 1142//3 1143//3
f 1148//3 1669//3 1147//3
f 1135//3 1141//3 1142//3
f 1897//3 1874//3 1898//3
f 1149//3 1669//3 1148//3
f 1135//3 1140//3 1141//3
f 1136//3 1140//3 1135//3
f 1465//3 1463//3 1464//3
f 1429//3 1418//3 1872//3
f 1897//3 1875//3 1874//3
f 1150//3 1669//3 1149//3
f 1136//3 1139//3 1140//3
f 1465//3 1462//3 1463//3
f 1466//3 1462//3 1465//3
f 1137//3 1139//3 1136//3
f 1137//3 1138//3 1139//3
f 1467//3 1462//3 1466//3
f 1151//3 1669//3 1150//3
f 1468//3 1462//3 1467//3
f 1468//3 1461//3 1462//3
f 1896//3 1875//3 1897//3
f 1469//3 1461//3 1468//3
f 1896//3 1876//3 1875//3
f 1151//3 1668//3 1669//3
f 1470//3 1461//3 1469//3
f 1152//3 1668//3 1151//3
f 1471//3 1461//3 1470//3
f 1471//3 1460//3 1461//3
f 1429//3 1417//3 1418//3
f 1896//3 1877//3 1876//3
f 1472//3 1460//3 1471//3
f 1153//3 1668//3 1152//3
f 1895//3 1877//3 1896//3
f 1430//3 1417//3 1429//3
f 1473//3 1460//3 1472//3
f 1895//3 1878//3 1877//3
f 1473//3 1459//3 1460//3
f 1474//3 1459//3 1473//3
f 1154//3 1668//3 1153//3
f 1894//3 1878//3 1895//3
f 1475//3 1459//3 1474//3
f 1894//3 1879//3 1878//3
f 1154//3 1667//3 1668//3
f 1476//3 1459//3 1475//3
f 1155//3 1667//3 1154//3
f 1893//3 1879//3 1894//3
f 1476//3 1458//3 1459//3
f 1430//3 1416//3 1417//3
f 1893//3 1880//3 1879//3
f 1477//3 1458//3 1476//3
f 1431//3 1416//3 1430//3
f 1892//3 1880//3 1893//3
f 1156//3 1667//3 1155//3
f 1478//3 1458//3 1477//3
f 1892//3 1881//3 1880//3
f 1479//3 1458//3 1478//3
f 1891//3 1881//3 1892//3
f 1891//3 1882//3 1881//3
f 1479//3 1382//3 1458//3
f 1382//3 1457//3 1458//3
f 1157//3 1667//3 1156//3
f 1157//3 1666//3 1667//3
f 1890//3 1882//3 1891//3
f 1480//3 1381//3 1479//3
f 1381//3 1382//3 1479//3
f 1890//3 1883//3 1882//3
f 1432//3 1416//3 1431//3
f 1383//3 1457//3 1382//3
f 1158//3 1666//3 1157//3
f 1480//3 1380//3 1381//3
f 1480//3 1379//3 1380//3
f 1480//3 1378//3 1379//3
f 1480//3 1377//3 1378//3
f 1480//3 1376//3 1377//3
f 1889//3 1883//3 1890//3
f 1889//3 1884//3 1883//3
f 1480//3 1375//3 1376//3
f 1432//3 1415//3 1416//3
f 1480//3 1374//3 1375//3
f 1384//3 1457//3 1383//3
f 1480//3 1373//3 1374//3
f 1481//3 1373//3 1480//3
f 1481//3 1372//3 1373//3
f 1888//3 1884//3 1889//3
f 1481//3 1371//3 1372//3
f 1888//3 1885//3 1884//3
f 1481//3 1370//3 1371//3
f 1159//3 1666//3 1158//3
f 1887//3 1885//3 1888//3
f 1384//3 1456//3 1457//3
f 1887//3 1886//3 1885//3
f 1481//3 1369//3 1370//3
f 1385//3 1456//3 1384//3
f 1159//3 1665//3 1666//3
f 1482//3 1369//3 1481//3
f 1482//3 1368//3 1369//3
f 1482//3 1367//3 1368//3
f 1160//3 1665//3 1159//3
f 1482//3 1366//3 1367//3
f 1433//3 1415//3 1432//3
f 1483//3 1366//3 1482//3
f 1386//3 1456//3 1385//3
f 1483//3 1365//3 1366//3
f 1483//3 1364//3 1365//3
f 1161//3 1665//3 1160//3
f 1484//3 1364//3 1483//3
f 1484//3 1363//3 1364//3
f 1433//3 1414//3 1415//3
f 1161//3 1664//3 1665//3
f 1386//3 1455//3 1456//3
f 1484//3 1362//3 1363//3
f 1387//3 1455//3 1386//3
f 1485//3 1362//3 1484//3
f 1162//3 1664//3 1161//3
f 1485//3 1361//3 1362//3
f 1434//3 1414//3 1433//3
f 1485//3 1360//3 1361//3
f 1485//3 1359//3 1360//3
f 1486//3 1359//3 1485//3
f 1163//3 1664//3 1162//3
f 1486//3 1358//3 1359//3
f 1163//3 1663//3 1664//3
f 1486//3 1357//3 1358//3
f 1388//3 1455//3 1387//3
f 1574//3 1572//3 1573//3
f 1575//3 1572//3 1574//3
f 1576//3 1572//3 1575//3
f 1577//3 1572//3 1576//3
f 1578//3 1572//3 1577//3
f 1579//3 1572//3 1578//3
f 1580//3 1572//3 1579//3
f 1581//3 1572//3 1580//3
f 1582//3 1572//3 1581//3
f 1583//3 1572//3 1582//3
f 1584//3 1572//3 1583//3
f 1585//3 1572//3 1584//3
f 1586//3 1572//3 1585//3
f 1487//3 1357//3 1486//3
f 1587//3 1572//3 1586//3
f 1588//3 1572//3 1587//3
f 1388//3 1454//3 1455//3
f 1487//3 1356//3 1357//3
f 1589//3 1572//3 1588//3
f 1434//3 1413//3 1414//3
f 1164//3 1663//3 1163//3
f 1589//3 1571//3 1572//3
f 1435//3 1413//3 1434//3
f 1590//3 1571//3 1589//3
f 1488//3 1356//3 1487//3
f 1591//3 1571//3 1590//3
f 1164//3 1662//3 1663//3
f 1488//3 1355//3 1356//3
f 1165//3 1662//3 1164//3
f 1592//3 1571//3 1591//3
f 1489//3 1355//3 1488//3
f 1389//3 1454//3 1388//3
f 1592//3 1570//3 1571//3
f 1593//3 1570//3 1592//3
f 1436//3 1413//3 1435//3
f 1490//3 1355//3 1489//3
f 1166//3 1662//3 1165//3
f 1490//3 1354//3 1355//3
f 1166//3 1661//3 1662//3
f 1389//3 1453//3 1454//3
f 1436//3 1412//3 1413//3
f 1594//3 1570//3 1593//3
f 1390//3 1453//3 1389//3
f 1490//3 1353//3 1354//3
f 1437//3 1412//3 1436//3
f 1167//3 1661//3 1166//3
f 1167//3 1660//3 1661//3
f 1595//3 1570//3 1594//3
f 1491//3 1353//3 1490//3
f 1595//3 1569//3 1570//3
f 1491//3 1352//3 1353//3
f 1437//3 1411//3 1412//3
f 1168//3 1660//3 1167//3
f 1438//3 1411//3 1437//3
f 1168//3 1659//3 1660//3
f 1596//3 1237//3 1595//3
f 1237//3 1242//3 1595//3
f 1242//3 1247//3 1595//3
f 1247//3 1248//3 1595//3
f 1248//3 1249//3 1595//3
f 1249//3 1569//3 1595//3
f 1391//3 1453//3 1390//3
f 1391//3 1452//3 1453//3
f 1491//3 1351//3 1352//3
f 1492//3 1351//3 1491//3
f 1391//3 1451//3 1452//3
f 1168//3 1658//3 1659//3
f 1439//3 1411//3 1438//3
f 1169//3 1658//3 1168//3
f 1596//3 1236//3 1237//3
f 1238//4 1242//4 1237//4
f 1239//3 1242//3 1238//3
f 1240//4 1242//4 1239//4
f 1241//3 1242//3 1240//3
f 1243//4 1247//4 1242//4
f 1244//3 1247//3 1243//3
f 1245//4 1247//4 1244//4
f 1246//3 1247//3 1245//3
f 1250//3 1569//3 1249//3
f 1597//3 1235//3 1596//3
f 1235//3 1236//3 1596//3
f 1597//3 1234//3 1235//3
f 1251//3 1569//3 1250//3
f 1597//3 1233//3 1234//3
f 1597//3 1232//3 1233//3
f 1252//3 1569//3 1251//3
f 1597//3 1231//3 1232//3
f 1597//3 1230//3 1231//3
f 1253//3 1569//3 1252//3
f 1439//3 1410//3 1411//3
f 1392//3 1451//3 1391//3
f 1392//3 1450//3 1451//3
f 1597//3 1229//3 1230//3
f 1492//3 1350//3 1351//3
f 1254//3 1569//3 1253//3
f 1440//3 1410//3 1439//3
f 1169//3 1657//3 1658//3
f 1597//3 1228//3 1229//3
f 1254//3 1568//3 1569//3
f 1597//3 1227//3 1228//3
f 1392//3 1449//3 1450//3
f 1493//3 1350//3 1492//3
f 1255//3 1568//3 1254//3
f 1170//3 1657//3 1169//3
f 1598//3 1227//3 1597//3
f 1441//3 1410//3 1440//3
f 1598//3 1226//3 1227//3
f 1392//3 1448//3 1449//3
f 1170//3 1656//3 1657//3
f 1493//3 1349//3 1350//3
f 1393//3 1448//3 1392//3
f 1441//3 1409//3 1410//3
f 1256//3 1568//3 1255//3
f 1598//3 1225//3 1226//3
f 1442//3 1409//3 1441//3
f 1393//3 1447//3 1448//3
f 1599//3 1225//3 1598//3
f 1443//3 1409//3 1442//3
f 1393//3 1446//3 1447//3
f 1444//3 1409//3 1443//3
f 1393//3 1445//3 1446//3
f 1599//3 1224//3 1225//3
f 1445//3 1409//3 1444//3
f 1170//3 1655//3 1656//3
f 1393//3 1409//3 1445//3
f 1494//3 1349//3 1493//3
f 1171//3 1655//3 1170//3
f 1494//3 1348//3 1349//3
f 1600//3 1224//3 1599//3
f 1257//3 1568//3 1256//3
f 1600//3 1223//3 1224//3
f 1394//3 1409//3 1393//3
f 1394//3 1408//3 1409//3
f 1171//3 1654//3 1655//3
f 1494//3 1347//3 1348//3
f 1601//3 1223//3 1600//3
f 1601//3 1222//3 1223//3
f 1495//3 1347//3 1494//3
f 1257//3 1567//3 1568//3
f 1172//3 1654//3 1171//3
f 1258//3 1567//3 1257//3
f 1395//3 1408//3 1394//3
f 1395//3 1407//3 1408//3
f 1172//3 1653//3 1654//3
f 1601//3 1221//3 1222//3
f 1495//3 1346//3 1347//3
f 1602//3 1221//3 1601//3
f 1396//3 1407//3 1395//3
f 1496//3 1346//3 1495//3
f 1602//3 1220//3 1221//3
f 1396//3 1406//3 1407//3
f 1496//3 1345//3 1346//3
f 1603//3 1220//3 1602//3
f 1172//3 1652//3 1653//3
f 1259//3 1567//3 1258//3
f 1173//3 1652//3 1172//3
f 1397//3 1406//3 1396//3
f 1603//3 1219//3 1220//3
f 1397//3 1405//3 1406//3
f 1497//3 1345//3 1496//3
f 1497//3 1344//3 1345//3
f 1604//3 1219//3 1603//3
f 1398//3 1405//3 1397//3
f 1173//3 1651//3 1652//3
f 1398//3 1404//3 1405//3
f 1604//3 1218//3 1219//3
f 1399//3 1404//3 1398//3
f 1399//3 1403//3 1404//3
f 1498//3 1344//3 1497//3
f 1605//3 1218//3 1604//3
f 1400//3 1403//3 1399//3
f 1174//3 1651//3 1173//3
f 1259//3 1566//3 1567//3
f 1260//3 1566//3 1259//3
f 1400//3 1402//3 1403//3
f 1401//3 1402//3 1400//3
f 1605//3 1217//3 1218//3
f 1174//3 1650//3 1651//3
f 1498//3 1343//3 1344//3
f 1606//3 1217//3 1605//3
f 1499//3 1343//3 1498//3
f 1606//3 1216//3 1217//3
f 1174//3 1649//3 1650//3
f 1500//3 1343//3 1499//3
f 1607//3 1216//3 1606//3
f 1175//3 1649//3 1174//3
f 1261//3 1566//3 1260//3
f 1607//3 1215//3 1216//3
f 1500//3 1342//3 1343//3
f 1501//3 1342//3 1500//3
f 1608//3 1215//3 1607//3
f 1608//3 1214//3 1215//3
f 1175//3 1648//3 1649//3
f 1502//3 1342//3 1501//3
f 1261//3 1565//3 1566//3
f 1502//3 1341//3 1342//3
f 1609//3 1214//3 1608//3
f 1176//3 1648//3 1175//3
f 1609//3 1213//3 1214//3
f 1262//3 1565//3 1261//3
f 1176//3 1647//3 1648//3
f 1503//3 1341//3 1502//3
f 1610//3 1213//3 1609//3
f 1610//3 1212//3 1213//3
f 1503//3 1340//3 1341//3
f 1177//3 1647//3 1176//3
f 1504//3 1340//3 1503//3
f 1177//3 1646//3 1647//3
f 1263//3 1565//3 1262//3
f 1504//3 1339//3 1340//3
f 1611//3 1212//3 1610//3
f 1611//3 1211//3 1212//3
f 1505//3 1339//3 1504//3
f 1263//3 1564//3 1565//3
f 1177//3 1645//3 1646//3
f 1264//3 1564//3 1263//3
f 1178//3 1645//3 1177//3
f 1505//3 1338//3 1339//3
f 1506//3 1338//3 1505//3
f 1612//3 1211//3 1611//3
f 1612//3 1210//3 1211//3
f 1265//3 1564//3 1264//3
f 1178//3 1644//3 1645//3
f 1507//3 1338//3 1506//3
f 1507//3 1337//3 1338//3
f 1179//3 1644//3 1178//3
f 1508//3 1337//3 1507//3
f 1613//3 1210//3 1612//3
f 1265//3 1563//3 1564//3
f 1266//3 1563//3 1265//3
f 1179//3 1643//3 1644//3
f 1508//3 1336//3 1337//3
f 1613//3 1209//3 1210//3
f 1509//3 1336//3 1508//3
f 1267//3 1563//3 1266//3
f 1180//3 1643//3 1179//3
f 1509//3 1335//3 1336//3
f 1614//3 1209//3 1613//3
f 1180//3 1642//3 1643//3
f 1510//3 1335//3 1509//3
f 1614//3 1208//3 1209//3
f 1268//3 1563//3 1267//3
f 1510//3 1334//3 1335//3
f 1511//3 1334//3 1510//3
f 1268//3 1562//3 1563//3
f 1615//3 1208//3 1614//3
f 1180//3 1641//3 1642//3
f 1181//3 1641//3 1180//3
f 1512//3 1334//3 1511//3
f 1269//3 1562//3 1268//3
f 1615//3 1207//3 1208//3
f 1512//3 1333//3 1334//3
f 1181//3 1640//3 1641//3
f 1616//3 1207//3 1615//3
f 1513//3 1333//3 1512//3
f 1182//3 1640//3 1181//3
f 1270//3 1562//3 1269//3
f 1513//3 1332//3 1333//3
f 1616//3 1206//3 1207//3
f 1514//3 1332//3 1513//3
f 1270//3 1561//3 1562//3
f 1182//3 1639//3 1640//3
f 1617//3 1206//3 1616//3
f 1271//3 1561//3 1270//3
f 1514//3 1331//3 1332//3
f 1515//3 1331//3 1514//3
f 1183//3 1639//3 1182//3
f 1515//3 1330//3 1331//3
f 1183//3 1638//3 1639//3
f 1272//3 1561//3 1271//3
f 1617//3 1205//3 1206//3
f 1516//3 1330//3 1515//3
f 1618//3 1205//3 1617//3
f 1517//3 1330//3 1516//3
f 1517//3 1329//3 1330//3
f 1184//3 1638//3 1183//3
f 1273//3 1561//3 1272//3
f 1184//3 1637//3 1638//3
f 1273//3 1560//3 1561//3
f 1518//3 1329//3 1517//3
f 1618//3 1204//3 1205//3
f 1619//3 1204//3 1618//3
f 1518//3 1328//3 1329//3
f 1273//3 1559//3 1560//3
f 1274//3 1559//3 1273//3
f 1184//3 1636//3 1637//3
f 1274//3 1558//3 1559//3
f 1519//3 1328//3 1518//3
f 1275//3 1558//3 1274//3
f 1185//3 1636//3 1184//3
f 1275//3 1557//3 1558//3
f 1276//3 1557//3 1275//3
f 1519//3 1327//3 1328//3
f 1620//3 1204//3 1619//3
f 1276//3 1556//3 1557//3
f 1520//3 1327//3 1519//3
f 1277//3 1556//3 1276//3
f 1620//3 1203//3 1204//3
f 1185//3 1635//3 1636//3
f 1277//3 1555//3 1556//3
f 1278//3 1555//3 1277//3
f 1278//3 1554//3 1555//3
f 1520//3 1326//3 1327//3
f 1186//3 1635//3 1185//3
f 1279//3 1554//3 1278//3
f 1521//3 1326//3 1520//3
f 1279//3 1553//3 1554//3
f 1621//3 1203//3 1620//3
f 1280//3 1553//3 1279//3
f 1186//3 1634//3 1635//3
f 1280//3 1552//3 1553//3
f 1281//3 1552//3 1280//3
f 1281//3 1551//3 1552//3
f 1621//3 1202//3 1203//3
f 1522//3 1326//3 1521//3
f 1281//3 1550//3 1551//3
f 1282//3 1550//3 1281//3
f 1522//3 1325//3 1326//3
f 1282//3 1549//3 1550//3
f 1186//3 1633//3 1634//3
f 1283//3 1549//3 1282//3
f 1187//3 1633//3 1186//3
f 1622//3 1202//3 1621//3
f 1283//3 1548//3 1549//3
f 1284//3 1548//3 1283//3
f 1523//3 1325//3 1522//3
f 1285//3 1548//3 1284//3
f 1285//3 1547//3 1548//3
f 1286//3 1547//3 1285//3
f 1187//3 1632//3 1633//3
f 1623//3 1202//3 1622//3
f 1523//3 1324//3 1325//3
f 1623//3 1201//3 1202//3
f 1188//3 1632//3 1187//3
f 1188//3 1631//3 1632//3
f 1524//3 1324//3 1523//3
f 1624//3 1201//3 1623//3
f 1286//3 1546//3 1547//3
f 1287//3 1546//3 1286//3
f 1188//3 1630//3 1631//3
f 1625//3 1201//3 1624//3
f 1524//3 1323//3 1324//3
f 1287//3 1545//3 1546//3
f 1188//3 1629//3 1630//3
f 1626//3 1201//3 1625//3
f 1525//3 1323//3 1524//3
f 1188//3 1628//3 1629//3
f 1627//3 1201//3 1626//3
f 1627//3 1200//3 1201//3
f 1189//3 1628//3 1188//3
f 1288//3 1545//3 1287//3
f 1189//3 1627//3 1628//3
f 1189//3 1200//3 1627//3
f 1288//3 1544//3 1545//3
f 1525//3 1322//3 1323//3
f 1526//3 1322//3 1525//3
f 1189//3 1199//3 1200//3
f 1190//3 1199//3 1189//3
f 1289//3 1544//3 1288//3
f 1289//3 1543//3 1544//3
f 1527//3 1322//3 1526//3
f 1527//3 1321//3 1322//3
f 1190//3 1198//3 1199//3
f 1191//3 1198//3 1190//3
f 1289//3 1542//3 1543//3
f 1290//3 1542//3 1289//3
f 1528//3 1321//3 1527//3
f 1191//3 1197//3 1198//3
f 1192//3 1197//3 1191//3
f 1290//3 1541//3 1542//3
f 1528//3 1320//3 1321//3
f 1192//3 1196//3 1197//3
f 1193//3 1196//3 1192//3
f 1291//3 1541//3 1290//3
f 1529//3 1320//3 1528//3
f 1193//3 1195//3 1196//3
f 1194//3 1195//3 1193//3
f 1291//3 1540//3 1541//3
f 1530//3 1320//3 1529//3
f 1291//3 1539//3 1540//3
f 1530//3 1319//3 1320//3
f 1292//3 1539//3 1291//3
f 1531//3 1319//3 1530//3
f 1292//3 1538//3 1539//3
f 1532//3 1319//3 1531//3
f 1292//3 1537//3 1538//3
f 1532//3 1318//3 1319//3
f 1533//3 1318//3 1532//3
f 1293//3 1537//3 1292//3
f 1293//3 1536//3 1537//3
f 1534//3 1318//3 1533//3
f 1293//3 1535//3 1536//3
f 1535//3 1318//3 1534//3
f 1293//3 1318//3 1535//3
f 1293//3 1317//3 1318//3
f 1294//3 1317//3 1293//3
f 1294//3 1316//3 1317//3
f 1295//3 1316//3 1294//3
f 1295//3 1315//3 1316//3
f 1296//3 1315//3 1295//3
f 1296//3 1314//3 1315//3
f 1296//3 1313//3 1314//3
f 1297//3 1313//3 1296//3
f 1297//3 1312//3 1313//3
f 1298//3 1312//3 1297//3
f 1298//3 1311//3 1312//3
f 1299//3 1311//3 1298//3
f 1300//3 1311//3 1299//3
f 1301//3 1311//3 1300//3
f 1302//3 1311//3 1301//3
f 1302//3 1310//3 1311//3
f 1303//3 1310//3 1302//3
f 1304//3 1310//3 1303//3
f 1305//3 1310//3 1304//3
f 1306//3 1310//3 1305//3
f 1306//3 1309//3 1310//3
f 1307//3 1309//3 1306//3
f 1308//3 1309//3 1307//3
