# Blender 5.1.2
# www.blender.org
mtllib flower_5.mtl
o flower_5
v 1.923059 0.267520 0.000000
v 1.903438 0.305822 0.000000
v 1.880547 0.342324 0.000000
v 1.854485 0.376954 0.000000
v 1.825348 0.409637 0.000000
v 1.793233 0.440300 0.000000
v 1.758238 0.468870 0.000000
v 1.720460 0.495273 0.000000
v 1.679996 0.519436 0.000000
v 1.636944 0.541286 0.000000
v 1.591400 0.560748 0.000000
v 1.543462 0.577750 0.000000
v 1.493228 0.592218 0.000000
v 1.423249 0.606808 0.000000
v 1.354392 0.614820 0.000000
v 1.286670 0.616898 0.000000
v 1.220093 0.613685 0.000000
v 1.154673 0.605824 0.000000
v 1.090423 0.593958 0.000000
v 1.027355 0.578730 0.000000
v 0.965479 0.560783 0.000000
v 0.904808 0.540759 0.000000
v 0.845354 0.519302 0.000000
v 0.787129 0.497055 0.000000
v 0.730144 0.474661 0.000000
v 0.709648 0.466571 0.000000
v 0.689327 0.458577 0.000000
v 0.669166 0.450701 0.000000
v 0.649148 0.442963 0.000000
v 0.629257 0.435384 0.000000
v 0.609479 0.427986 0.000000
v 0.589797 0.420789 0.000000
v 0.570196 0.413815 0.000000
v 0.550660 0.407085 0.000000
v 0.531173 0.400619 0.000000
v 0.511720 0.394438 0.000000
v 0.492284 0.388565 0.000000
v 0.482275 0.385788 0.000000
v 0.471940 0.383300 0.000000
v 0.461431 0.381218 0.000000
v 0.450898 0.379659 0.000000
v 0.440493 0.378740 0.000000
v 0.430367 0.378578 0.000000
v 0.420669 0.379292 0.000000
v 0.411552 0.380998 0.000000
v 0.403166 0.383813 0.000000
v 0.395662 0.387856 0.000000
v 0.389191 0.393242 0.000000
v 0.383904 0.400090 0.000000
v 0.376527 0.416935 0.000000
v 0.372077 0.438198 0.000000
v 0.370654 0.463317 0.000000
v 0.372359 0.491734 0.000000
v 0.377292 0.522889 0.000000
v 0.385553 0.556222 0.000000
v 0.397243 0.591173 0.000000
v 0.412462 0.627183 0.000000
v 0.431311 0.663693 0.000000
v 0.453890 0.700142 0.000000
v 0.480299 0.735970 0.000000
v 0.510639 0.770619 0.000000
v 0.513808 0.773927 0.000000
v 0.517091 0.777333 0.000000
v 0.520485 0.780836 0.000000
v 0.523989 0.784435 0.000000
v 0.527598 0.788129 0.000000
v 0.531312 0.791917 0.000000
v 0.535127 0.795799 0.000000
v 0.539041 0.799773 0.000000
v 0.543052 0.803838 0.000000
v 0.547157 0.807994 0.000000
v 0.551353 0.812240 0.000000
v 0.555639 0.816574 0.000000
v 0.602974 0.864720 0.000000
v 0.656058 0.920081 0.000000
v 0.712758 0.981890 0.000000
v 0.770939 1.049384 0.000000
v 0.828467 1.121797 0.000000
v 0.883210 1.198365 0.000000
v 0.933034 1.278323 0.000000
v 0.975804 1.360906 0.000000
v 1.009388 1.445350 0.000000
v 1.031652 1.530889 0.000000
v 1.040462 1.616760 0.000000
v 1.033685 1.702197 0.000000
v 1.024724 1.741310 0.000000
v 1.012161 1.779099 0.000000
v 0.996007 1.815551 0.000000
v 0.976272 1.850655 0.000000
v 0.952968 1.884398 0.000000
v 0.926107 1.916767 0.000000
v 0.895699 1.947751 0.000000
v 0.861756 1.977337 0.000000
v 0.824290 2.005513 0.000000
v 0.783310 2.032267 0.000000
v 0.738830 2.057585 0.000000
v 0.690859 2.081457 0.000000
v 0.619387 2.111239 0.000000
v 0.552037 2.132606 0.000000
v 0.488750 2.146282 0.000000
v 0.429465 2.152990 0.000000
v 0.374122 2.153455 0.000000
v 0.322661 2.148401 0.000000
v 0.275021 2.138550 0.000000
v 0.231143 2.124628 0.000000
v 0.190966 2.107358 0.000000
v 0.154430 2.087464 0.000000
v 0.121475 2.065670 0.000000
v 0.092040 2.042699 0.000000
v 0.031400 1.982582 0.000000
v -0.020949 1.912376 0.000000
v -0.065184 1.833537 0.000000
v -0.101486 1.747523 0.000000
v -0.130034 1.655792 0.000000
v -0.151006 1.559801 0.000000
v -0.164582 1.461009 0.000000
v -0.170941 1.360872 0.000000
v -0.170262 1.260847 0.000000
v -0.162723 1.162394 0.000000
v -0.148505 1.066969 0.000000
v -0.127786 0.976029 0.000000
v -0.112335 0.913029 0.000000
v -0.101085 0.854297 0.000000
v -0.093757 0.799907 0.000000
v -0.090073 0.749930 0.000000
v -0.089754 0.704439 0.000000
v -0.092522 0.663505 0.000000
v -0.098097 0.627202 0.000000
v -0.106202 0.595602 0.000000
v -0.116557 0.568776 0.000000
v -0.128884 0.546798 0.000000
v -0.142904 0.529739 0.000000
v -0.158339 0.517672 0.000000
v -0.165343 0.513794 0.000000
v -0.171988 0.510664 0.000000
v -0.178276 0.508218 0.000000
v -0.184214 0.506389 0.000000
v -0.189805 0.505114 0.000000
v -0.195053 0.504328 0.000000
v -0.199964 0.503967 0.000000
v -0.204542 0.503966 0.000000
v -0.208792 0.504261 0.000000
v -0.212718 0.504786 0.000000
v -0.216324 0.505477 0.000000
v -0.219615 0.506270 0.000000
v -0.229297 0.509457 0.000000
v -0.239156 0.513985 0.000000
v -0.249154 0.519815 0.000000
v -0.259250 0.526908 0.000000
v -0.269407 0.535226 0.000000
v -0.279585 0.544730 0.000000
v -0.289744 0.555383 0.000000
v -0.299847 0.567145 0.000000
v -0.309853 0.579978 0.000000
v -0.319725 0.593844 0.000000
v -0.329421 0.608704 0.000000
v -0.338905 0.624520 0.000000
v -0.342800 0.632162 0.000000
v -0.346739 0.641511 0.000000
v -0.350715 0.652404 0.000000
v -0.354722 0.664675 0.000000
v -0.358756 0.678162 0.000000
v -0.362808 0.692700 0.000000
v -0.366874 0.708124 0.000000
v -0.370947 0.724271 0.000000
v -0.375022 0.740977 0.000000
v -0.379092 0.758077 0.000000
v -0.383151 0.775408 0.000000
v -0.387194 0.792805 0.000000
v -0.399965 0.847332 0.000000
v -0.414177 0.904912 0.000000
v -0.430324 0.964516 0.000000
v -0.448898 1.025113 0.000000
v -0.470393 1.085675 0.000000
v -0.495301 1.145170 0.000000
v -0.524116 1.202570 0.000000
v -0.557330 1.256845 0.000000
v -0.595438 1.306964 0.000000
v -0.638931 1.351898 0.000000
v -0.688303 1.390618 0.000000
v -0.744046 1.422093 0.000000
v -0.749911 1.424766 0.000000
v -0.755841 1.427358 0.000000
v -0.761838 1.429866 0.000000
v -0.767902 1.432290 0.000000
v -0.774033 1.434630 0.000000
v -0.780233 1.436883 0.000000
v -0.786502 1.439050 0.000000
v -0.792840 1.441130 0.000000
v -0.799249 1.443122 0.000000
v -0.805729 1.445024 0.000000
v -0.812281 1.446836 0.000000
v -0.818905 1.448557 0.000000
v -0.857942 1.456798 0.000000
v -0.896877 1.461880 0.000000
v -0.935653 1.463817 0.000000
v -0.974210 1.462621 0.000000
v -1.012492 1.458308 0.000000
v -1.050439 1.450891 0.000000
v -1.087993 1.440385 0.000000
v -1.125096 1.426801 0.000000
v -1.161690 1.410155 0.000000
v -1.197716 1.390461 0.000000
v -1.233117 1.367732 0.000000
v -1.267834 1.341982 0.000000
v -1.308639 1.306760 0.000000
v -1.347342 1.267738 0.000000
v -1.383656 1.225470 0.000000
v -1.417290 1.180511 0.000000
v -1.447958 1.133415 0.000000
v -1.475368 1.084737 0.000000
v -1.499234 1.035032 0.000000
v -1.519265 0.984854 0.000000
v -1.535173 0.934757 0.000000
v -1.546670 0.885297 0.000000
v -1.553465 0.837028 0.000000
v -1.555271 0.790505 0.000000
v -1.545712 0.706924 0.000000
v -1.521283 0.631411 0.000000
v -1.483749 0.563378 0.000000
v -1.434876 0.502239 0.000000
v -1.376431 0.447408 0.000000
v -1.310180 0.398297 0.000000
v -1.237890 0.354321 0.000000
v -1.161327 0.314892 0.000000
v -1.082258 0.279424 0.000000
v -1.002449 0.247331 0.000000
v -0.923666 0.218025 0.000000
v -0.847676 0.190921 0.000000
v -0.823480 0.182346 0.000000
v -0.799601 0.173842 0.000000
v -0.776129 0.165400 0.000000
v -0.753154 0.157012 0.000000
v -0.730765 0.148669 0.000000
v -0.709054 0.140363 0.000000
v -0.688109 0.132086 0.000000
v -0.668021 0.123828 0.000000
v -0.648881 0.115582 0.000000
v -0.630777 0.107338 0.000000
v -0.613800 0.099089 0.000000
v -0.598040 0.090826 0.000000
v -0.580966 0.080712 0.000000
v -0.565444 0.069951 0.000000
v -0.551513 0.058606 0.000000
v -0.539213 0.046742 0.000000
v -0.528583 0.034420 0.000000
v -0.519663 0.021705 0.000000
v -0.512491 0.008660 0.000000
v -0.507109 -0.004652 -0.000000
v -0.503555 -0.018168 -0.000000
v -0.501868 -0.031825 -0.000000
v -0.502089 -0.045558 -0.000000
v -0.504257 -0.059306 -0.000000
v -0.511517 -0.080701 -0.000000
v -0.523774 -0.102540 -0.000000
v -0.541255 -0.124449 -0.000000
v -0.564186 -0.146052 -0.000000
v -0.592793 -0.166975 -0.000000
v -0.627303 -0.186842 -0.000000
v -0.667940 -0.205279 -0.000000
v -0.714933 -0.221911 -0.000000
v -0.768506 -0.236362 -0.000000
v -0.828887 -0.248258 -0.000000
v -0.896300 -0.257224 -0.000000
v -0.970973 -0.262885 -0.000000
v -1.057871 -0.269340 -0.000000
v -1.141332 -0.279875 -0.000000
v -1.221180 -0.294416 -0.000000
v -1.297239 -0.312888 -0.000000
v -1.369332 -0.335215 -0.000000
v -1.437283 -0.361323 -0.000000
v -1.500916 -0.391137 -0.000000
v -1.560054 -0.424581 -0.000000
v -1.614521 -0.461582 -0.000000
v -1.664140 -0.502064 -0.000000
v -1.708736 -0.545953 -0.000000
v -1.748132 -0.593172 -0.000000
v -1.771458 -0.626642 -0.000000
v -1.792031 -0.661278 -0.000000
v -1.809830 -0.696976 -0.000000
v -1.824834 -0.733634 -0.000000
v -1.837021 -0.771147 -0.000000
v -1.846371 -0.809412 -0.000000
v -1.852862 -0.848327 -0.000000
v -1.856473 -0.887786 -0.000000
v -1.857183 -0.927687 -0.000000
v -1.854970 -0.967927 -0.000000
v -1.849814 -1.008401 -0.000000
v -1.841692 -1.049007 -0.000000
v -1.824712 -1.106557 -0.000000
v -1.801833 -1.161294 -0.000000
v -1.773422 -1.212907 -0.000000
v -1.739844 -1.261084 -0.000000
v -1.701468 -1.305513 -0.000000
v -1.658659 -1.345883 -0.000000
v -1.611783 -1.381881 -0.000000
v -1.561208 -1.413197 -0.000000
v -1.507299 -1.439519 -0.000000
v -1.450423 -1.460534 -0.000000
v -1.390946 -1.475932 -0.000000
v -1.329235 -1.485400 -0.000000
v -1.265247 -1.488642 -0.000000
v -1.202907 -1.485251 -0.000000
v -1.142471 -1.475381 -0.000000
v -1.084192 -1.459185 -0.000000
v -1.028326 -1.436819 -0.000000
v -0.975125 -1.408436 -0.000000
v -0.924846 -1.374190 -0.000000
v -0.877741 -1.334236 -0.000000
v -0.834066 -1.288726 -0.000000
v -0.794075 -1.237817 -0.000000
v -0.758022 -1.181660 -0.000000
v -0.726161 -1.120411 -0.000000
v -0.675767 -1.017864 -0.000000
v -0.627434 -0.929988 -0.000000
v -0.581418 -0.855651 -0.000000
v -0.537978 -0.793723 -0.000000
v -0.497368 -0.743072 -0.000000
v -0.459848 -0.702565 -0.000000
v -0.425672 -0.671070 -0.000000
v -0.395099 -0.647457 -0.000000
v -0.368385 -0.630592 -0.000000
v -0.345788 -0.619345 -0.000000
v -0.327563 -0.612583 -0.000000
v -0.313968 -0.609175 -0.000000
v -0.305844 -0.607938 -0.000000
v -0.297927 -0.607334 -0.000000
v -0.290202 -0.607368 -0.000000
v -0.282656 -0.608044 -0.000000
v -0.275273 -0.609366 -0.000000
v -0.268041 -0.611339 -0.000000
v -0.260945 -0.613968 -0.000000
v -0.253971 -0.617257 -0.000000
v -0.247105 -0.621210 -0.000000
v -0.240333 -0.625831 -0.000000
v -0.233640 -0.631126 -0.000000
v -0.227013 -0.637099 -0.000000
v -0.206154 -0.662882 -0.000000
v -0.192388 -0.692815 -0.000000
v -0.185031 -0.726427 -0.000000
v -0.183399 -0.763252 -0.000000
v -0.186808 -0.802821 -0.000000
v -0.194574 -0.844663 -0.000000
v -0.206012 -0.888312 -0.000000
v -0.220439 -0.933299 -0.000000
v -0.237171 -0.979154 -0.000000
v -0.255522 -1.025409 -0.000000
v -0.274810 -1.071596 -0.000000
v -0.294351 -1.117245 -0.000000
v -0.303110 -1.137648 -0.000000
v -0.311747 -1.157857 -0.000000
v -0.320220 -1.177869 -0.000000
v -0.328486 -1.197677 -0.000000
v -0.336503 -1.217278 -0.000000
v -0.344229 -1.236667 -0.000000
v -0.351623 -1.255839 -0.000000
v -0.358641 -1.274789 -0.000000
v -0.365242 -1.293513 -0.000000
v -0.371384 -1.312006 -0.000000
v -0.377025 -1.330263 -0.000000
v -0.382123 -1.348279 -0.000000
v -0.393927 -1.400208 -0.000000
v -0.401244 -1.451225 -0.000000
v -0.404119 -1.501157 -0.000000
v -0.402600 -1.549835 -0.000000
v -0.396734 -1.597088 -0.000000
v -0.386566 -1.642747 -0.000000
v -0.372144 -1.686640 -0.000000
v -0.353514 -1.728598 -0.000000
v -0.330722 -1.768449 -0.000000
v -0.303816 -1.806024 -0.000000
v -0.272842 -1.841152 -0.000000
v -0.237847 -1.873663 -0.000000
v -0.187802 -1.910813 -0.000000
v -0.133294 -1.941985 -0.000000
v -0.074811 -1.967152 -0.000000
v -0.012839 -1.986283 -0.000000
v 0.052134 -1.999352 -0.000000
v 0.119623 -2.006328 -0.000000
v 0.189141 -2.007185 -0.000000
v 0.260200 -2.001894 -0.000000
v 0.332315 -1.990426 -0.000000
v 0.404998 -1.972752 -0.000000
v 0.477762 -1.948846 -0.000000
v 0.550122 -1.918677 -0.000000
v 0.602507 -1.892214 -0.000000
v 0.651301 -1.862996 -0.000000
v 0.696419 -1.831130 -0.000000
v 0.737776 -1.796724 -0.000000
v 0.775287 -1.759886 -0.000000
v 0.808868 -1.720725 -0.000000
v 0.838435 -1.679348 -0.000000
v 0.863902 -1.635863 -0.000000
v 0.885184 -1.590378 -0.000000
v 0.902198 -1.543002 -0.000000
v 0.914858 -1.493842 -0.000000
v 0.923080 -1.443007 -0.000000
v 0.926644 -1.392053 -0.000000
v 0.925738 -1.340683 -0.000000
v 0.920536 -1.289334 -0.000000
v 0.911213 -1.238448 -0.000000
v 0.897941 -1.188463 -0.000000
v 0.880894 -1.139821 -0.000000
v 0.860248 -1.092960 -0.000000
v 0.836174 -1.048321 -0.000000
v 0.808848 -1.006344 -0.000000
v 0.778443 -0.967468 -0.000000
v 0.745133 -0.932133 -0.000000
v 0.709092 -0.900780 -0.000000
v 0.702901 -0.895978 -0.000000
v 0.696509 -0.891085 -0.000000
v 0.689927 -0.886104 -0.000000
v 0.683167 -0.881039 -0.000000
v 0.676240 -0.875893 -0.000000
v 0.669158 -0.870670 -0.000000
v 0.661932 -0.865374 -0.000000
v 0.654576 -0.860007 -0.000000
v 0.647099 -0.854573 -0.000000
v 0.639514 -0.849077 -0.000000
v 0.631832 -0.843520 -0.000000
v 0.624066 -0.837908 -0.000000
v 0.586861 -0.810947 -0.000000
v 0.547009 -0.781521 -0.000000
v 0.505845 -0.750040 -0.000000
v 0.464700 -0.716911 -0.000000
v 0.424906 -0.682544 -0.000000
v 0.387798 -0.647348 -0.000000
v 0.354707 -0.611730 -0.000000
v 0.326966 -0.576100 -0.000000
v 0.305908 -0.540867 -0.000000
v 0.292865 -0.506438 -0.000000
v 0.289171 -0.473224 -0.000000
v 0.296157 -0.441632 -0.000000
v 0.301681 -0.429322 -0.000000
v 0.307659 -0.417799 -0.000000
v 0.314095 -0.407058 -0.000000
v 0.320997 -0.397092 -0.000000
v 0.328371 -0.387894 -0.000000
v 0.336224 -0.379459 -0.000000
v 0.344562 -0.371779 -0.000000
v 0.353391 -0.364847 -0.000000
v 0.362718 -0.358658 -0.000000
v 0.372549 -0.353205 -0.000000
v 0.382891 -0.348481 -0.000000
v 0.393751 -0.344480 -0.000000
v 0.418742 -0.338213 -0.000000
v 0.445968 -0.334989 -0.000000
v 0.475331 -0.334781 -0.000000
v 0.506735 -0.337560 -0.000000
v 0.540082 -0.343300 -0.000000
v 0.575275 -0.351974 -0.000000
v 0.612218 -0.363554 -0.000000
v 0.650813 -0.378012 -0.000000
v 0.690962 -0.395323 -0.000000
v 0.732570 -0.415457 -0.000000
v 0.775539 -0.438388 -0.000000
v 0.819772 -0.464089 -0.000000
v 0.883790 -0.500815 -0.000000
v 0.946994 -0.533205 -0.000000
v 1.009296 -0.561239 -0.000000
v 1.070603 -0.584897 -0.000000
v 1.130827 -0.604159 -0.000000
v 1.189875 -0.619006 -0.000000
v 1.247658 -0.629418 -0.000000
v 1.304085 -0.635374 -0.000000
v 1.359066 -0.636854 -0.000000
v 1.412511 -0.633840 -0.000000
v 1.464328 -0.626310 -0.000000
v 1.514428 -0.614245 -0.000000
v 1.553181 -0.601375 -0.000000
v 1.590514 -0.585761 -0.000000
v 1.626417 -0.567414 -0.000000
v 1.660876 -0.546344 -0.000000
v 1.693881 -0.522564 -0.000000
v 1.725420 -0.496082 -0.000000
v 1.755479 -0.466911 -0.000000
v 1.784048 -0.435061 -0.000000
v 1.811115 -0.400543 -0.000000
v 1.836667 -0.363368 -0.000000
v 1.860693 -0.323546 -0.000000
v 1.883180 -0.281089 -0.000000
v 1.911227 -0.219429 -0.000000
v 1.933123 -0.160583 -0.000000
v 1.949365 -0.104576 -0.000000
v 1.960450 -0.051433 -0.000000
v 1.966874 -0.001180 -0.000000
v 1.969134 0.046157 0.000000
v 1.967726 0.090553 0.000000
v 1.963148 0.131983 0.000000
v 1.955895 0.170419 0.000000
v 1.946465 0.205838 0.000000
v 1.935354 0.238214 0.000000
v 1.737767 -0.209015 -0.000000
v 1.720793 -0.241188 -0.000000
v 1.702805 -0.271318 -0.000000
v 1.683810 -0.299397 -0.000000
v 1.663818 -0.325416 -0.000000
v 1.642838 -0.349368 -0.000000
v 1.620878 -0.371244 -0.000000
v 1.597947 -0.391038 -0.000000
v 1.574053 -0.408740 -0.000000
v 1.549206 -0.424342 -0.000000
v 1.523415 -0.437838 -0.000000
v 1.496688 -0.449218 -0.000000
v 1.469033 -0.458476 -0.000000
v 1.430120 -0.467670 -0.000000
v 1.389474 -0.473116 -0.000000
v 1.347169 -0.474831 -0.000000
v 1.303277 -0.472832 -0.000000
v 1.257871 -0.467136 -0.000000
v 1.211023 -0.457761 -0.000000
v 1.162807 -0.444724 -0.000000
v 1.113294 -0.428043 -0.000000
v 1.062557 -0.407733 -0.000000
v 1.010670 -0.383814 -0.000000
v 0.957705 -0.356301 -0.000000
v 0.903734 -0.325213 -0.000000
v 0.848454 -0.293286 -0.000000
v 0.794491 -0.265062 -0.000000
v 0.741918 -0.240558 -0.000000
v 0.690809 -0.219793 -0.000000
v 0.641235 -0.202783 -0.000000
v 0.593269 -0.189545 -0.000000
v 0.546984 -0.180096 -0.000000
v 0.502452 -0.174453 -0.000000
v 0.459746 -0.172635 -0.000000
v 0.418939 -0.174657 -0.000000
v 0.380102 -0.180537 -0.000000
v 0.343309 -0.190293 -0.000000
v 0.321383 -0.198361 -0.000000
v 0.300374 -0.207907 -0.000000
v 0.280308 -0.218907 -0.000000
v 0.261211 -0.231335 -0.000000
v 0.243107 -0.245168 -0.000000
v 0.226023 -0.260381 -0.000000
v 0.209985 -0.276948 -0.000000
v 0.195017 -0.294847 -0.000000
v 0.181146 -0.314051 -0.000000
v 0.168396 -0.334537 -0.000000
v 0.156794 -0.356280 -0.000000
v 0.146366 -0.379255 -0.000000
v 0.129090 -0.438899 -0.000000
v 0.126423 -0.497104 -0.000000
v 0.136663 -0.553730 -0.000000
v 0.158109 -0.608640 -0.000000
v 0.189062 -0.661695 -0.000000
v 0.227820 -0.712758 -0.000000
v 0.272683 -0.761689 -0.000000
v 0.321950 -0.808351 -0.000000
v 0.373921 -0.852605 -0.000000
v 0.426894 -0.894313 -0.000000
v 0.479169 -0.933337 -0.000000
v 0.529046 -0.969538 -0.000000
v 0.536486 -0.974916 -0.000000
v 0.543841 -0.980236 -0.000000
v 0.551096 -0.985491 -0.000000
v 0.558233 -0.990674 -0.000000
v 0.565235 -0.995778 -0.000000
v 0.572087 -1.000795 -0.000000
v 0.578771 -1.005718 -0.000000
v 0.585271 -1.010541 -0.000000
v 0.591570 -1.015255 -0.000000
v 0.597652 -1.019854 -0.000000
v 0.603501 -1.024330 -0.000000
v 0.609099 -1.028676 -0.000000
v 0.631477 -1.048151 -0.000000
v 0.653164 -1.071009 -0.000000
v 0.673841 -1.096971 -0.000000
v 0.693189 -1.125760 -0.000000
v 0.710889 -1.157097 -0.000000
v 0.726622 -1.190703 -0.000000
v 0.740070 -1.226301 -0.000000
v 0.750913 -1.263611 -0.000000
v 0.758832 -1.302355 -0.000000
v 0.763508 -1.342255 -0.000000
v 0.764624 -1.383032 -0.000000
v 0.761858 -1.424408 -0.000000
v 0.755862 -1.461362 -0.000000
v 0.746594 -1.497006 -0.000000
v 0.734091 -1.531294 -0.000000
v 0.718388 -1.564181 -0.000000
v 0.699522 -1.595622 -0.000000
v 0.677531 -1.625573 -0.000000
v 0.652451 -1.653987 -0.000000
v 0.624318 -1.680820 -0.000000
v 0.593169 -1.706027 -0.000000
v 0.559041 -1.729563 -0.000000
v 0.521970 -1.751382 -0.000000
v 0.481992 -1.771440 -0.000000
v 0.424079 -1.795755 -0.000000
v 0.366110 -1.815274 -0.000000
v 0.308463 -1.830010 -0.000000
v 0.251518 -1.839976 -0.000000
v 0.195654 -1.845184 -0.000000
v 0.141251 -1.845649 -0.000000
v 0.088688 -1.841383 -0.000000
v 0.038344 -1.832399 -0.000000
v -0.009402 -1.818711 -0.000000
v -0.054169 -1.800331 -0.000000
v -0.095580 -1.777274 -0.000000
v -0.133253 -1.749551 -0.000000
v -0.156659 -1.727772 -0.000000
v -0.177273 -1.704239 -0.000000
v -0.195074 -1.679035 -0.000000
v -0.210043 -1.652239 -0.000000
v -0.222157 -1.623936 -0.000000
v -0.231397 -1.594205 -0.000000
v -0.237742 -1.563128 -0.000000
v -0.241170 -1.530788 -0.000000
v -0.241661 -1.497266 -0.000000
v -0.239195 -1.462644 -0.000000
v -0.233750 -1.427002 -0.000000
v -0.225306 -1.390424 -0.000000
v -0.220947 -1.375093 -0.000000
v -0.216016 -1.359293 -0.000000
v -0.210559 -1.343051 -0.000000
v -0.204618 -1.326392 -0.000000
v -0.198241 -1.309344 -0.000000
v -0.191472 -1.291933 -0.000000
v -0.184356 -1.274185 -0.000000
v -0.176939 -1.256128 -0.000000
v -0.169264 -1.237787 -0.000000
v -0.161379 -1.219189 -0.000000
v -0.153326 -1.200361 -0.000000
v -0.145152 -1.181329 -0.000000
v -0.121433 -1.125794 -0.000000
v -0.097868 -1.068566 -0.000000
v -0.075567 -1.010175 -0.000000
v -0.055640 -0.951152 -0.000000
v -0.039195 -0.892025 -0.000000
v -0.027342 -0.833326 -0.000000
v -0.021190 -0.775585 -0.000000
v -0.021849 -0.719331 -0.000000
v -0.030427 -0.665094 -0.000000
v -0.048034 -0.613405 -0.000000
v -0.075780 -0.564793 -0.000000
v -0.114773 -0.519789 -0.000000
v -0.131256 -0.505103 -0.000000
v -0.148312 -0.491995 -0.000000
v -0.165914 -0.480472 -0.000000
v -0.184031 -0.470545 -0.000000
v -0.202634 -0.462222 -0.000000
v -0.221693 -0.455513 -0.000000
v -0.241179 -0.450428 -0.000000
v -0.261062 -0.446974 -0.000000
v -0.281313 -0.445162 -0.000000
v -0.301902 -0.445002 -0.000000
v -0.322799 -0.446501 -0.000000
v -0.343976 -0.449670 -0.000000
v -0.388681 -0.461693 -0.000000
v -0.433508 -0.480916 -0.000000
v -0.478386 -0.507259 -0.000000
v -0.523249 -0.540647 -0.000000
v -0.568027 -0.580999 -0.000000
v -0.612651 -0.628238 -0.000000
v -0.657053 -0.682287 -0.000000
v -0.701164 -0.743065 -0.000000
v -0.744916 -0.810497 -0.000000
v -0.788240 -0.884503 -0.000000
v -0.831068 -0.965005 -0.000000
v -0.873330 -1.051925 -0.000000
v -0.896932 -1.097430 -0.000000
v -0.923518 -1.139166 -0.000000
v -0.952903 -1.177019 -0.000000
v -0.984902 -1.210872 -0.000000
v -1.019329 -1.240611 -0.000000
v -1.055999 -1.266121 -0.000000
v -1.094726 -1.287287 -0.000000
v -1.135325 -1.303995 -0.000000
v -1.177611 -1.316129 -0.000000
v -1.221398 -1.323575 -0.000000
v -1.266501 -1.326217 -0.000000
v -1.312735 -1.323941 -0.000000
v -1.357533 -1.317101 -0.000000
v -1.400690 -1.306030 -0.000000
v -1.441940 -1.290952 -0.000000
v -1.481019 -1.272088 -0.000000
v -1.517661 -1.249663 -0.000000
v -1.551603 -1.223898 -0.000000
v -1.582580 -1.195018 -0.000000
v -1.610326 -1.163244 -0.000000
v -1.634577 -1.128801 -0.000000
v -1.655068 -1.091912 -0.000000
v -1.671535 -1.052798 -0.000000
v -1.683713 -1.011684 -0.000000
v -1.689553 -0.982688 -0.000000
v -1.693314 -0.953962 -0.000000
v -1.695003 -0.925549 -0.000000
v -1.694629 -0.897489 -0.000000
v -1.692199 -0.869823 -0.000000
v -1.687724 -0.842595 -0.000000
v -1.681209 -0.815845 -0.000000
v -1.672665 -0.789614 -0.000000
v -1.662099 -0.763945 -0.000000
v -1.649519 -0.738879 -0.000000
v -1.634935 -0.714457 -0.000000
v -1.618353 -0.690721 -0.000000
v -1.586617 -0.652966 -0.000000
v -1.550224 -0.617848 -0.000000
v -1.509324 -0.585429 -0.000000
v -1.464064 -0.555768 -0.000000
v -1.414595 -0.528925 -0.000000
v -1.361064 -0.504961 -0.000000
v -1.303621 -0.483937 -0.000000
v -1.242415 -0.465911 -0.000000
v -1.177594 -0.450946 -0.000000
v -1.109308 -0.439100 -0.000000
v -1.037704 -0.430435 -0.000000
v -0.962933 -0.425011 -0.000000
v -0.879618 -0.418575 -0.000000
v -0.801237 -0.407856 -0.000000
v -0.728049 -0.392993 -0.000000
v -0.660315 -0.374124 -0.000000
v -0.598296 -0.351390 -0.000000
v -0.542251 -0.324928 -0.000000
v -0.492443 -0.294877 -0.000000
v -0.449131 -0.261378 -0.000000
v -0.412575 -0.224567 -0.000000
v -0.383037 -0.184586 -0.000000
v -0.360776 -0.141571 -0.000000
v -0.346054 -0.095663 -0.000000
v -0.340693 -0.063752 -0.000000
v -0.339244 -0.032091 -0.000000
v -0.341617 -0.000853 -0.000000
v -0.347721 0.029793 0.000000
v -0.357467 0.059676 0.000000
v -0.370764 0.088624 0.000000
v -0.387522 0.116468 0.000000
v -0.407651 0.143037 0.000000
v -0.431060 0.168159 0.000000
v -0.457658 0.191664 0.000000
v -0.487357 0.213382 0.000000
v -0.520064 0.233141 0.000000
v -0.538583 0.242901 0.000000
v -0.558112 0.252485 0.000000
v -0.578579 0.261917 0.000000
v -0.599916 0.271221 0.000000
v -0.622051 0.280420 0.000000
v -0.644916 0.289539 0.000000
v -0.668441 0.298601 0.000000
v -0.692554 0.307630 0.000000
v -0.717186 0.316650 0.000000
v -0.742268 0.325685 0.000000
v -0.767729 0.334759 0.000000
v -0.793498 0.343896 0.000000
v -0.860934 0.367904 0.000000
v -0.929714 0.393212 0.000000
v -0.998481 0.420164 0.000000
v -1.065878 0.449103 0.000000
v -1.130550 0.480372 0.000000
v -1.191139 0.514315 0.000000
v -1.246288 0.551273 0.000000
v -1.294641 0.591592 0.000000
v -1.334842 0.635613 0.000000
v -1.365533 0.683680 0.000000
v -1.385359 0.736136 0.000000
v -1.392961 0.793324 0.000000
v -1.391650 0.823597 0.000000
v -1.386788 0.856604 0.000000
v -1.378485 0.891788 0.000000
v -1.366849 0.928595 0.000000
v -1.351991 0.966469 0.000000
v -1.334019 1.004856 0.000000
v -1.313043 1.043198 0.000000
v -1.289172 1.080943 0.000000
v -1.262515 1.117533 0.000000
v -1.233182 1.152415 0.000000
v -1.201283 1.185032 0.000000
v -1.166926 1.214828 0.000000
v -1.142378 1.233132 0.000000
v -1.117586 1.249272 0.000000
v -1.092562 1.263246 0.000000
v -1.067314 1.275052 0.000000
v -1.041854 1.284686 0.000000
v -1.016191 1.292147 0.000000
v -0.990336 1.297432 0.000000
v -0.964299 1.300539 0.000000
v -0.938091 1.301464 0.000000
v -0.911720 1.300207 0.000000
v -0.885199 1.296763 0.000000
v -0.858536 1.291130 0.000000
v -0.811108 1.273893 0.000000
v -0.768926 1.248153 0.000000
v -0.731580 1.214968 0.000000
v -0.698660 1.175398 0.000000
v -0.669754 1.130502 0.000000
v -0.644453 1.081340 0.000000
v -0.622345 1.028970 0.000000
v -0.603021 0.974451 0.000000
v -0.586069 0.918844 0.000000
v -0.571080 0.863206 0.000000
v -0.557643 0.808597 0.000000
v -0.545347 0.756076 0.000000
v -0.540094 0.733468 0.000000
v -0.534976 0.711687 0.000000
v -0.529939 0.690751 0.000000
v -0.524931 0.670680 0.000000
v -0.519901 0.651494 0.000000
v -0.514795 0.633211 0.000000
v -0.509561 0.615850 0.000000
v -0.504148 0.599432 0.000000
v -0.498501 0.583975 0.000000
v -0.492570 0.569499 0.000000
v -0.486301 0.556024 0.000000
v -0.479642 0.543567 0.000000
v -0.466882 0.522306 0.000000
v -0.453712 0.502150 0.000000
v -0.440148 0.483113 0.000000
v -0.426205 0.465210 0.000000
v -0.411901 0.448455 0.000000
v -0.397250 0.432862 0.000000
v -0.382269 0.418446 0.000000
v -0.366975 0.405221 0.000000
v -0.351383 0.393202 0.000000
v -0.335510 0.382403 0.000000
v -0.319372 0.372839 0.000000
v -0.302984 0.364524 0.000000
v -0.299516 0.362938 0.000000
v -0.296039 0.361409 0.000000
v -0.292552 0.359937 0.000000
v -0.289057 0.358521 0.000000
v -0.285551 0.357161 0.000000
v -0.282037 0.355858 0.000000
v -0.278513 0.354610 0.000000
v -0.274980 0.353419 0.000000
v -0.271438 0.352284 0.000000
v -0.267887 0.351205 0.000000
v -0.264326 0.350181 0.000000
v -0.260756 0.349214 0.000000
v -0.245188 0.345697 0.000000
v -0.229562 0.343271 0.000000
v -0.213900 0.341930 0.000000
v -0.198227 0.341673 0.000000
v -0.182567 0.342494 0.000000
v -0.166944 0.344391 0.000000
v -0.151383 0.347359 0.000000
v -0.135907 0.351396 0.000000
v -0.120541 0.356497 0.000000
v -0.105308 0.362659 0.000000
v -0.090233 0.369878 0.000000
v -0.075341 0.378151 0.000000
v -0.040209 0.403509 0.000000
v -0.009739 0.434859 0.000000
v 0.016025 0.471930 0.000000
v 0.037040 0.514451 0.000000
v 0.053261 0.562153 0.000000
v 0.064645 0.614765 0.000000
v 0.071148 0.672018 0.000000
v 0.072726 0.733640 0.000000
v 0.069334 0.799362 0.000000
v 0.060930 0.868913 0.000000
v 0.047469 0.942022 0.000000
v 0.028907 1.018421 0.000000
v 0.011332 1.095229 0.000000
v -0.001016 1.176175 0.000000
v -0.007985 1.259919 0.000000
v -0.009422 1.345121 0.000000
v -0.005173 1.430442 0.000000
v 0.004914 1.514543 0.000000
v 0.020993 1.596083 0.000000
v 0.043215 1.673723 0.000000
v 0.071735 1.746123 0.000000
v 0.106705 1.811944 0.000000
v 0.148279 1.869846 0.000000
v 0.196609 1.918489 0.000000
v 0.224474 1.939548 0.000000
v 0.253769 1.957019 0.000000
v 0.284482 1.970901 0.000000
v 0.316598 1.981193 0.000000
v 0.350103 1.987895 0.000000
v 0.384984 1.991007 0.000000
v 0.421225 1.990529 0.000000
v 0.458814 1.986460 0.000000
v 0.497735 1.978800 0.000000
v 0.537976 1.967548 0.000000
v 0.579522 1.952705 0.000000
v 0.622359 1.934269 0.000000
v 0.658085 1.916634 0.000000
v 0.691154 1.898225 0.000000
v 0.721558 1.879051 0.000000
v 0.749288 1.859120 0.000000
v 0.774337 1.838441 0.000000
v 0.796697 1.817021 0.000000
v 0.816359 1.794870 0.000000
v 0.833315 1.771995 0.000000
v 0.847558 1.748406 0.000000
v 0.859079 1.724110 0.000000
v 0.867871 1.699116 0.000000
v 0.873924 1.673433 0.000000
v 0.877840 1.607610 0.000000
v 0.867813 1.539275 0.000000
v 0.845842 1.469395 0.000000
v 0.813923 1.398939 0.000000
v 0.774054 1.328873 0.000000
v 0.728233 1.260164 0.000000
v 0.678456 1.193781 0.000000
v 0.626722 1.130690 0.000000
v 0.575028 1.071858 0.000000
v 0.525371 1.018253 0.000000
v 0.479749 0.970843 0.000000
v 0.440159 0.930594 0.000000
v 0.435696 0.926070 0.000000
v 0.431323 0.921640 0.000000
v 0.427046 0.917303 0.000000
v 0.422865 0.913061 0.000000
v 0.418784 0.908914 0.000000
v 0.414806 0.904865 0.000000
v 0.410933 0.900914 0.000000
v 0.407170 0.897061 0.000000
v 0.403517 0.893308 0.000000
v 0.399979 0.889657 0.000000
v 0.396557 0.886107 0.000000
v 0.393256 0.882661 0.000000
v 0.353834 0.837611 0.000000
v 0.318745 0.789890 0.000000
v 0.288168 0.740178 0.000000
v 0.262280 0.689158 0.000000
v 0.241259 0.637509 0.000000
v 0.225281 0.585914 0.000000
v 0.214526 0.535053 0.000000
v 0.209170 0.485607 0.000000
v 0.209392 0.438258 0.000000
v 0.215368 0.393687 0.000000
v 0.227276 0.352574 0.000000
v 0.245295 0.315601 0.000000
v 0.253028 0.303885 0.000000
v 0.263217 0.290730 0.000000
v 0.276034 0.276831 0.000000
v 0.291653 0.262882 0.000000
v 0.310245 0.249577 0.000000
v 0.331982 0.237611 0.000000
v 0.357036 0.227679 0.000000
v 0.385580 0.220474 0.000000
v 0.417786 0.216691 0.000000
v 0.453827 0.217025 0.000000
v 0.493874 0.222169 0.000000
v 0.538099 0.232819 0.000000
v 0.559283 0.239220 0.000000
v 0.580463 0.245946 0.000000
v 0.601628 0.252965 0.000000
v 0.622769 0.260241 0.000000
v 0.643875 0.267741 0.000000
v 0.664936 0.275431 0.000000
v 0.685943 0.283278 0.000000
v 0.706883 0.291246 0.000000
v 0.727749 0.299303 0.000000
v 0.748528 0.307415 0.000000
v 0.769212 0.315546 0.000000
v 0.789789 0.323665 0.000000
v 0.845089 0.345416 0.000000
v 0.899992 0.366487 0.000000
v 0.954614 0.386403 0.000000
v 1.009073 0.404685 0.000000
v 1.063484 0.420858 0.000000
v 1.117966 0.434445 0.000000
v 1.172636 0.444968 0.000000
v 1.227609 0.451953 0.000000
v 1.283003 0.454922 0.000000
v 1.338934 0.453397 0.000000
v 1.395521 0.446904 0.000000
v 1.452879 0.434964 0.000000
v 1.491236 0.424001 0.000000
v 1.527751 0.411291 0.000000
v 1.562351 0.396889 0.000000
v 1.594962 0.380847 0.000000
v 1.625511 0.363218 0.000000
v 1.653925 0.344057 0.000000
v 1.680131 0.323416 0.000000
v 1.704055 0.301348 0.000000
v 1.725624 0.277906 0.000000
v 1.744765 0.253145 0.000000
v 1.761405 0.227117 0.000000
v 1.775469 0.199875 0.000000
v 1.787086 0.171001 0.000000
v 1.796004 0.141004 0.000000
v 1.802227 0.109938 0.000000
v 1.805759 0.077855 0.000000
v 1.806607 0.044810 0.000000
v 1.804774 0.010854 0.000000
v 1.800266 -0.023959 -0.000000
v 1.793087 -0.059575 -0.000000
v 1.783243 -0.095942 -0.000000
v 1.770739 -0.133007 -0.000000
v 1.755578 -0.170716 -0.000000
v 0.123829 -0.113990 -0.000000
v 0.097642 -0.159560 -0.000000
v 0.069621 -0.194669 -0.000000
v 0.040285 -0.220193 -0.000000
v 0.010152 -0.237009 -0.000000
v -0.020259 -0.245994 -0.000000
v -0.050429 -0.248026 -0.000000
v -0.079842 -0.243980 -0.000000
v -0.107977 -0.234734 -0.000000
v -0.134316 -0.221165 -0.000000
v -0.158341 -0.204149 -0.000000
v -0.179534 -0.184563 -0.000000
v -0.197376 -0.163284 -0.000000
v -0.210435 -0.139222 -0.000000
v -0.217790 -0.111495 -0.000000
v -0.219701 -0.081288 -0.000000
v -0.216430 -0.049787 -0.000000
v -0.208239 -0.018178 -0.000000
v -0.195390 0.012353 0.000000
v -0.178145 0.040620 0.000000
v -0.156766 0.065436 0.000000
v -0.131514 0.085617 0.000000
v -0.102651 0.099975 0.000000
v -0.070439 0.107326 0.000000
v -0.035141 0.106482 0.000000
v -0.000338 0.099257 0.000000
v 0.030546 0.088548 0.000000
v 0.057512 0.074791 0.000000
v 0.080559 0.058424 0.000000
v 0.099687 0.039884 0.000000
v 0.114895 0.019609 0.000000
v 0.126184 -0.001964 -0.000000
v 0.133554 -0.024397 -0.000000
v 0.137003 -0.047254 -0.000000
v 0.136532 -0.070097 -0.000000
v 0.132141 -0.092488 -0.000000
vn -0.0000 -0.0000 1.0000
s 0
usemtl SVGMat.005
f 103//1 101//1 102//1
f 103//1 100//1 101//1
f 104//1 100//1 103//1
f 104//1 99//1 100//1
f 105//1 99//1 104//1
f 105//1 98//1 99//1
f 106//1 98//1 105//1
f 106//1 97//1 98//1
f 107//1 97//1 106//1
f 108//1 97//1 107//1
f 108//1 96//1 97//1
f 109//1 96//1 108//1
f 109//1 95//1 96//1
f 110//1 95//1 109//1
f 110//1 94//1 95//1
f 110//1 871//1 94//1
f 871//1 872//1 94//1
f 872//1 93//1 94//1
f 110//1 870//1 871//1
f 873//1 93//1 872//1
f 110//1 869//1 870//1
f 874//1 93//1 873//1
f 111//1 869//1 110//1
f 111//1 868//1 869//1
f 875//1 93//1 874//1
f 875//1 92//1 93//1
f 111//1 867//1 868//1
f 876//1 92//1 875//1
f 111//1 866//1 867//1
f 877//1 92//1 876//1
f 877//1 91//1 92//1
f 111//1 865//1 866//1
f 878//1 91//1 877//1
f 111//1 864//1 865//1
f 878//1 90//1 91//1
f 879//1 90//1 878//1
f 112//1 864//1 111//1
f 880//1 90//1 879//1
f 880//1 89//1 90//1
f 881//1 89//1 880//1
f 112//1 863//1 864//1
f 882//1 89//1 881//1
f 882//1 88//1 89//1
f 883//1 88//1 882//1
f 113//1 863//1 112//1
f 884//1 88//1 883//1
f 884//1 87//1 88//1
f 113//1 862//1 863//1
f 885//1 87//1 884//1
f 885//1 86//1 87//1
f 886//1 86//1 885//1
f 887//1 86//1 886//1
f 114//1 862//1 113//1
f 114//1 861//1 862//1
f 887//1 85//1 86//1
f 888//1 85//1 887//1
f 888//1 84//1 85//1
f 889//1 84//1 888//1
f 114//1 860//1 861//1
f 890//1 84//1 889//1
f 115//1 860//1 114//1
f 890//1 83//1 84//1
f 891//1 83//1 890//1
f 115//1 859//1 860//1
f 116//1 859//1 115//1
f 892//1 83//1 891//1
f 892//1 82//1 83//1
f 116//1 858//1 859//1
f 893//1 82//1 892//1
f 197//1 195//1 196//1
f 198//1 195//1 197//1
f 198//1 194//1 195//1
f 117//1 858//1 116//1
f 199//1 194//1 198//1
f 199//1 193//1 194//1
f 200//1 193//1 199//1
f 200//1 192//1 193//1
f 200//1 191//1 192//1
f 893//1 81//1 82//1
f 200//1 190//1 191//1
f 200//1 189//1 190//1
f 200//1 188//1 189//1
f 201//1 188//1 200//1
f 201//1 187//1 188//1
f 201//1 186//1 187//1
f 201//1 185//1 186//1
f 201//1 184//1 185//1
f 117//1 857//1 858//1
f 201//1 183//1 184//1
f 201//1 182//1 183//1
f 202//1 182//1 201//1
f 202//1 181//1 182//1
f 202//1 180//1 181//1
f 203//1 180//1 202//1
f 894//1 81//1 893//1
f 203//1 179//1 180//1
f 204//1 179//1 203//1
f 205//1 179//1 204//1
f 894//1 80//1 81//1
f 118//1 857//1 117//1
f 205//1 178//1 179//1
f 118//1 856//1 857//1
f 206//1 178//1 205//1
f 895//1 80//1 894//1
f 206//1 778//1 178//1
f 778//1 779//1 178//1
f 779//1 177//1 178//1
f 207//1 777//1 206//1
f 777//1 778//1 206//1
f 207//1 776//1 777//1
f 780//1 177//1 779//1
f 207//1 775//1 776//1
f 781//1 177//1 780//1
f 207//1 774//1 775//1
f 782//1 177//1 781//1
f 207//1 773//1 774//1
f 895//1 79//1 80//1
f 207//1 772//1 773//1
f 783//1 177//1 782//1
f 208//1 772//1 207//1
f 208//1 771//1 772//1
f 119//1 856//1 118//1
f 896//1 79//1 895//1
f 119//1 855//1 856//1
f 783//1 176//1 177//1
f 208//1 770//1 771//1
f 784//1 176//1 783//1
f 208//1 769//1 770//1
f 209//1 769//1 208//1
f 785//1 176//1 784//1
f 209//1 768//1 769//1
f 785//1 175//1 176//1
f 896//1 78//1 79//1
f 897//1 78//1 896//1
f 209//1 767//1 768//1
f 210//1 767//1 209//1
f 119//1 854//1 855//1
f 786//1 175//1 785//1
f 120//1 854//1 119//1
f 210//1 766//1 767//1
f 786//1 174//1 175//1
f 211//1 766//1 210//1
f 898//1 78//1 897//1
f 787//1 174//1 786//1
f 898//1 77//1 78//1
f 211//1 765//1 766//1
f 120//1 853//1 854//1
f 787//1 173//1 174//1
f 212//1 765//1 211//1
f 788//1 173//1 787//1
f 212//1 764//1 765//1
f 899//1 77//1 898//1
f 121//1 853//1 120//1
f 899//1 76//1 77//1
f 212//1 763//1 764//1
f 213//1 763//1 212//1
f 789//1 173//1 788//1
f 789//1 172//1 173//1
f 121//1 852//1 853//1
f 900//1 76//1 899//1
f 213//1 762//1 763//1
f 214//1 762//1 213//1
f 900//1 75//1 76//1
f 122//1 852//1 121//1
f 790//1 172//1 789//1
f 901//1 75//1 900//1
f 214//1 761//1 762//1
f 790//1 171//1 172//1
f 122//1 851//1 852//1
f 215//1 761//1 214//1
f 902//1 75//1 901//1
f 215//1 760//1 761//1
f 903//1 75//1 902//1
f 904//1 75//1 903//1
f 904//1 74//1 75//1
f 791//1 171//1 790//1
f 905//1 74//1 904//1
f 906//1 74//1 905//1
f 123//1 851//1 122//1
f 907//1 74//1 906//1
f 791//1 170//1 171//1
f 908//1 74//1 907//1
f 909//1 74//1 908//1
f 910//1 74//1 909//1
f 911//1 74//1 910//1
f 215//1 759//1 760//1
f 912//1 74//1 911//1
f 913//1 74//1 912//1
f 216//1 759//1 215//1
f 914//1 74//1 913//1
f 123//1 850//1 851//1
f 914//1 73//1 74//1
f 792//1 170//1 791//1
f 216//1 758//1 759//1
f 124//1 850//1 123//1
f 792//1 169//1 170//1
f 915//1 73//1 914//1
f 217//1 758//1 216//1
f 217//1 757//1 758//1
f 915//1 72//1 73//1
f 915//1 71//1 72//1
f 793//1 169//1 792//1
f 915//1 70//1 71//1
f 915//1 69//1 70//1
f 125//1 850//1 124//1
f 915//1 68//1 69//1
f 125//1 849//1 850//1
f 915//1 67//1 68//1
f 217//1 756//1 757//1
f 793//1 168//1 169//1
f 915//1 66//1 67//1
f 218//1 756//1 217//1
f 916//1 66//1 915//1
f 916//1 65//1 66//1
f 916//1 64//1 65//1
f 916//1 63//1 64//1
f 916//1 62//1 63//1
f 793//1 167//1 168//1
f 916//1 61//1 62//1
f 916//1 60//1 61//1
f 793//1 166//1 167//1
f 794//1 166//1 793//1
f 126//1 849//1 125//1
f 794//1 165//1 166//1
f 917//1 60//1 916//1
f 218//1 755//1 756//1
f 917//1 59//1 60//1
f 126//1 848//1 849//1
f 795//1 165//1 794//1
f 795//1 164//1 165//1
f 796//1 164//1 795//1
f 796//1 163//1 164//1
f 219//1 755//1 218//1
f 127//1 848//1 126//1
f 917//1 58//1 59//1
f 796//1 162//1 163//1
f 797//1 162//1 796//1
f 918//1 58//1 917//1
f 219//1 754//1 755//1
f 797//1 161//1 162//1
f 127//1 847//1 848//1
f 798//1 161//1 797//1
f 798//1 160//1 161//1
f 918//1 57//1 58//1
f 128//1 847//1 127//1
f 798//1 159//1 160//1
f 799//1 159//1 798//1
f 799//1 158//1 159//1
f 919//1 57//1 918//1
f 219//1 753//1 754//1
f 800//1 158//1 799//1
f 800//1 157//1 158//1
f 220//1 753//1 219//1
f 129//1 847//1 128//1
f 919//1 56//1 57//1
f 800//1 156//1 157//1
f 17//1 15//1 16//1
f 801//1 156//1 800//1
f 17//1 14//1 15//1
f 129//1 846//1 847//1
f 18//1 14//1 17//1
f 801//1 155//1 156//1
f 18//1 13//1 14//1
f 19//1 13//1 18//1
f 802//1 155//1 801//1
f 130//1 846//1 129//1
f 20//1 13//1 19//1
f 802//1 154//1 155//1
f 20//1 12//1 13//1
f 220//1 752//1 753//1
f 919//1 55//1 56//1
f 920//1 55//1 919//1
f 803//1 154//1 802//1
f 803//1 153//1 154//1
f 21//1 12//1 20//1
f 21//1 11//1 12//1
f 804//1 153//1 803//1
f 131//1 846//1 130//1
f 804//1 152//1 153//1
f 221//1 752//1 220//1
f 131//1 845//1 846//1
f 22//1 11//1 21//1
f 22//1 10//1 11//1
f 920//1 54//1 55//1
f 805//1 152//1 804//1
f 805//1 151//1 152//1
f 221//1 751//1 752//1
f 132//1 845//1 131//1
f 805//1 150//1 151//1
f 806//1 150//1 805//1
f 22//1 9//1 10//1
f 23//1 9//1 22//1
f 806//1 149//1 150//1
f 921//1 54//1 920//1
f 133//1 845//1 132//1
f 806//1 148//1 149//1
f 921//1 53//1 54//1
f 807//1 148//1 806//1
f 807//1 147//1 148//1
f 23//1 8//1 9//1
f 24//1 8//1 23//1
f 134//1 845//1 133//1
f 134//1 844//1 845//1
f 221//1 750//1 751//1
f 807//1 146//1 147//1
f 135//1 844//1 134//1
f 136//1 844//1 135//1
f 807//1 145//1 146//1
f 137//1 844//1 136//1
f 138//1 844//1 137//1
f 807//1 144//1 145//1
f 807//1 143//1 144//1
f 139//1 844//1 138//1
f 807//1 142//1 143//1
f 140//1 844//1 139//1
f 807//1 141//1 142//1
f 141//1 844//1 140//1
f 807//1 844//1 141//1
f 222//1 750//1 221//1
f 808//1 844//1 807//1
f 25//1 8//1 24//1
f 25//1 7//1 8//1
f 921//1 52//1 53//1
f 922//1 52//1 921//1
f 809//1 844//1 808//1
f 222//1 749//1 750//1
f 26//1 7//1 25//1
f 809//1 843//1 844//1
f 26//1 958//1 7//1
f 958//1 959//1 7//1
f 959//1 6//1 7//1
f 27//1 958//1 26//1
f 810//1 843//1 809//1
f 922//1 51//1 52//1
f 28//1 958//1 27//1
f 28//1 957//1 958//1
f 960//1 6//1 959//1
f 28//1 956//1 957//1
f 29//1 956//1 28//1
f 222//1 748//1 749//1
f 811//1 843//1 810//1
f 223//1 748//1 222//1
f 961//1 6//1 960//1
f 29//1 955//1 956//1
f 30//1 955//1 29//1
f 961//1 5//1 6//1
f 923//1 51//1 922//1
f 923//1 50//1 51//1
f 31//1 955//1 30//1
f 962//1 5//1 961//1
f 811//1 842//1 843//1
f 31//1 954//1 955//1
f 812//1 842//1 811//1
f 32//1 954//1 31//1
f 963//1 5//1 962//1
f 32//1 953//1 954//1
f 33//1 953//1 32//1
f 223//1 747//1 748//1
f 813//1 842//1 812//1
f 923//1 49//1 50//1
f 34//1 953//1 33//1
f 964//1 5//1 963//1
f 964//1 4//1 5//1
f 35//1 953//1 34//1
f 814//1 842//1 813//1
f 35//1 952//1 953//1
f 814//1 841//1 842//1
f 36//1 952//1 35//1
f 923//1 48//1 49//1
f 224//1 747//1 223//1
f 965//1 4//1 964//1
f 37//1 952//1 36//1
f 924//1 48//1 923//1
f 924//1 47//1 48//1
f 224//1 746//1 747//1
f 815//1 841//1 814//1
f 38//1 952//1 37//1
f 924//1 46//1 47//1
f 38//1 951//1 952//1
f 39//1 951//1 38//1
f 924//1 45//1 46//1
f 40//1 951//1 39//1
f 816//1 841//1 815//1
f 41//1 951//1 40//1
f 924//1 44//1 45//1
f 966//1 4//1 965//1
f 42//1 951//1 41//1
f 924//1 43//1 44//1
f 43//1 951//1 42//1
f 924//1 951//1 43//1
f 816//1 840//1 841//1
f 966//1 3//1 4//1
f 817//1 840//1 816//1
f 817//1 839//1 840//1
f 224//1 745//1 746//1
f 924//1 950//1 951//1
f 818//1 839//1 817//1
f 967//1 3//1 966//1
f 819//1 839//1 818//1
f 819//1 838//1 839//1
f 820//1 838//1 819//1
f 821//1 838//1 820//1
f 822//1 838//1 821//1
f 823//1 838//1 822//1
f 823//1 837//1 838//1
f 824//1 837//1 823//1
f 825//1 837//1 824//1
f 225//1 745//1 224//1
f 826//1 837//1 825//1
f 925//1 950//1 924//1
f 827//1 837//1 826//1
f 827//1 836//1 837//1
f 828//1 836//1 827//1
f 829//1 836//1 828//1
f 830//1 836//1 829//1
f 830//1 835//1 836//1
f 831//1 835//1 830//1
f 925//1 949//1 950//1
f 831//1 834//1 835//1
f 968//1 3//1 967//1
f 225//1 744//1 745//1
f 832//1 834//1 831//1
f 832//1 833//1 834//1
f 968//1 2//1 3//1
f 225//1 743//1 744//1
f 225//1 742//1 743//1
f 925//1 948//1 949//1
f 969//1 2//1 968//1
f 225//1 741//1 742//1
f 926//1 948//1 925//1
f 926//1 947//1 948//1
f 226//1 741//1 225//1
f 226//1 740//1 741//1
f 926//1 946//1 947//1
f 969//1 1//1 2//1
f 927//1 946//1 926//1
f 970//1 1//1 969//1
f 927//1 945//1 946//1
f 226//1 739//1 740//1
f 927//1 944//1 945//1
f 928//1 944//1 927//1
f 226//1 738//1 739//1
f 928//1 943//1 944//1
f 226//1 737//1 738//1
f 227//1 737//1 226//1
f 971//1 1//1 970//1
f 929//1 943//1 928//1
f 929//1 942//1 943//1
f 227//1 736//1 737//1
f 929//1 941//1 942//1
f 971//1 492//1 1//1
f 930//1 941//1 929//1
f 227//1 735//1 736//1
f 930//1 940//1 941//1
f 972//1 492//1 971//1
f 930//1 939//1 940//1
f 227//1 734//1 735//1
f 931//1 939//1 930//1
f 228//1 734//1 227//1
f 931//1 938//1 939//1
f 228//1 733//1 734//1
f 931//1 937//1 938//1
f 972//1 491//1 492//1
f 932//1 937//1 931//1
f 228//1 732//1 733//1
f 932//1 936//1 937//1
f 933//1 936//1 932//1
f 973//1 491//1 972//1
f 933//1 935//1 936//1
f 934//1 935//1 933//1
f 229//1 732//1 228//1
f 229//1 731//1 732//1
f 973//1 490//1 491//1
f 974//1 490//1 973//1
f 229//1 730//1 731//1
f 230//1 730//1 229//1
f 231//1 730//1 230//1
f 232//1 730//1 231//1
f 975//1 490//1 974//1
f 975//1 489//1 490//1
f 232//1 729//1 730//1
f 233//1 729//1 232//1
f 234//1 729//1 233//1
f 235//1 729//1 234//1
f 235//1 728//1 729//1
f 976//1 489//1 975//1
f 236//1 728//1 235//1
f 237//1 728//1 236//1
f 976//1 488//1 489//1
f 238//1 728//1 237//1
f 238//1 727//1 728//1
f 239//1 727//1 238//1
f 977//1 488//1 976//1
f 240//1 727//1 239//1
f 1007//1 1009//1 1008//1
f 1007//1 1010//1 1009//1
f 1006//1 1010//1 1007//1
f 1006//1 1011//1 1010//1
f 241//1 727//1 240//1
f 242//1 727//1 241//1
f 977//1 487//1 488//1
f 242//1 726//1 727//1
f 1006//1 1012//1 1011//1
f 1005//1 1012//1 1006//1
f 243//1 726//1 242//1
f 978//1 487//1 977//1
f 1005//1 1013//1 1012//1
f 244//1 726//1 243//1
f 1004//1 1013//1 1005//1
f 244//1 725//1 726//1
f 245//1 725//1 244//1
f 1004//1 1014//1 1013//1
f 246//1 725//1 245//1
f 978//1 486//1 487//1
f 979//1 486//1 978//1
f 1003//1 1014//1 1004//1
f 1003//1 1015//1 1014//1
f 247//1 725//1 246//1
f 247//1 724//1 725//1
f 248//1 724//1 247//1
f 1003//1 1016//1 1015//1
f 1002//1 1016//1 1003//1
f 980//1 486//1 979//1
f 249//1 724//1 248//1
f 249//1 723//1 724//1
f 980//1 485//1 486//1
f 1002//1 1017//1 1016//1
f 250//1 723//1 249//1
f 251//1 723//1 250//1
f 1001//1 1017//1 1002//1
f 981//1 485//1 980//1
f 1001//1 1018//1 1017//1
f 252//1 723//1 251//1
f 252//1 722//1 723//1
f 253//1 722//1 252//1
f 1001//1 1019//1 1018//1
f 1000//1 1019//1 1001//1
f 981//1 484//1 485//1
f 254//1 722//1 253//1
f 982//1 484//1 981//1
f 254//1 721//1 722//1
f 1000//1 1020//1 1019//1
f 255//1 721//1 254//1
f 999//1 1020//1 1000//1
f 999//1 985//1 1020//1
f 255//1 720//1 721//1
f 983//1 484//1 982//1
f 256//1 720//1 255//1
f 983//1 483//1 484//1
f 998//1 985//1 999//1
f 998//1 986//1 985//1
f 257//1 720//1 256//1
f 984//1 483//1 983//1
f 997//1 986//1 998//1
f 257//1 719//1 720//1
f 258//1 719//1 257//1
f 997//1 987//1 986//1
f 984//1 482//1 483//1
f 996//1 987//1 997//1
f 259//1 719//1 258//1
f 493//1 482//1 984//1
f 527//1 525//1 526//1
f 527//1 524//1 525//1
f 528//1 524//1 527//1
f 528//1 523//1 524//1
f 529//1 523//1 528//1
f 995//1 987//1 996//1
f 259//1 718//1 719//1
f 260//1 718//1 259//1
f 529//1 522//1 523//1
f 530//1 522//1 529//1
f 995//1 988//1 987//1
f 531//1 522//1 530//1
f 531//1 521//1 522//1
f 994//1 988//1 995//1
f 261//1 718//1 260//1
f 532//1 521//1 531//1
f 494//1 482//1 493//1
f 533//1 521//1 532//1
f 494//1 481//1 482//1
f 533//1 520//1 521//1
f 994//1 989//1 988//1
f 993//1 989//1 994//1
f 262//1 718//1 261//1
f 262//1 717//1 718//1
f 534//1 520//1 533//1
f 992//1 989//1 993//1
f 263//1 717//1 262//1
f 992//1 990//1 989//1
f 534//1 519//1 520//1
f 495//1 481//1 494//1
f 991//1 990//1 992//1
f 535//1 519//1 534//1
f 264//1 717//1 263//1
f 265//1 717//1 264//1
f 536//1 519//1 535//1
f 265//1 716//1 717//1
f 266//1 716//1 265//1
f 536//1 518//1 519//1
f 267//1 716//1 266//1
f 496//1 481//1 495//1
f 537//1 518//1 536//1
f 268//1 716//1 267//1
f 496//1 480//1 481//1
f 537//1 517//1 518//1
f 269//1 716//1 268//1
f 538//1 517//1 537//1
f 269//1 715//1 716//1
f 497//1 480//1 496//1
f 270//1 715//1 269//1
f 539//1 517//1 538//1
f 497//1 479//1 480//1
f 270//1 714//1 715//1
f 539//1 448//1 517//1
f 448//1 516//1 517//1
f 498//1 479//1 497//1
f 540//1 447//1 539//1
f 447//1 448//1 539//1
f 449//1 516//1 448//1
f 540//1 446//1 447//1
f 271//1 714//1 270//1
f 450//1 516//1 449//1
f 540//1 445//1 446//1
f 451//1 516//1 450//1
f 540//1 444//1 445//1
f 540//1 443//1 444//1
f 499//1 479//1 498//1
f 271//1 713//1 714//1
f 452//1 516//1 451//1
f 540//1 442//1 443//1
f 541//1 442//1 540//1
f 452//1 515//1 516//1
f 541//1 441//1 442//1
f 272//1 713//1 271//1
f 499//1 478//1 479//1
f 453//1 515//1 452//1
f 541//1 440//1 441//1
f 500//1 478//1 499//1
f 541//1 439//1 440//1
f 272//1 712//1 713//1
f 454//1 515//1 453//1
f 542//1 439//1 541//1
f 542//1 438//1 439//1
f 454//1 514//1 515//1
f 542//1 437//1 438//1
f 501//1 478//1 500//1
f 273//1 712//1 272//1
f 273//1 711//1 712//1
f 455//1 514//1 454//1
f 542//1 436//1 437//1
f 501//1 477//1 478//1
f 542//1 435//1 436//1
f 455//1 513//1 514//1
f 273//1 710//1 711//1
f 502//1 477//1 501//1
f 456//1 513//1 455//1
f 542//1 434//1 435//1
f 273//1 709//1 710//1
f 503//1 477//1 502//1
f 274//1 709//1 273//1
f 274//1 708//1 709//1
f 456//1 512//1 513//1
f 542//1 433//1 434//1
f 274//1 707//1 708//1
f 503//1 476//1 477//1
f 504//1 476//1 503//1
f 457//1 512//1 456//1
f 543//1 433//1 542//1
f 274//1 706//1 707//1
f 543//1 432//1 433//1
f 457//1 511//1 512//1
f 648//1 646//1 647//1
f 648//1 645//1 646//1
f 649//1 645//1 648//1
f 649//1 644//1 645//1
f 505//1 476//1 504//1
f 650//1 644//1 649//1
f 650//1 643//1 644//1
f 274//1 705//1 706//1
f 650//1 642//1 643//1
f 457//1 510//1 511//1
f 506//1 476//1 505//1
f 275//1 705//1 274//1
f 651//1 642//1 650//1
f 651//1 641//1 642//1
f 458//1 510//1 457//1
f 275//1 704//1 705//1
f 506//1 475//1 476//1
f 458//1 509//1 510//1
f 507//1 475//1 506//1
f 651//1 640//1 641//1
f 458//1 508//1 509//1
f 508//1 475//1 507//1
f 543//1 431//1 432//1
f 458//1 475//1 508//1
f 651//1 639//1 640//1
f 652//1 639//1 651//1
f 275//1 703//1 704//1
f 652//1 638//1 639//1
f 458//1 474//1 475//1
f 544//1 431//1 543//1
f 459//1 474//1 458//1
f 276//1 703//1 275//1
f 276//1 702//1 703//1
f 652//1 637//1 638//1
f 544//1 430//1 431//1
f 653//1 637//1 652//1
f 653//1 636//1 637//1
f 459//1 473//1 474//1
f 276//1 701//1 702//1
f 460//1 473//1 459//1
f 654//1 636//1 653//1
f 544//1 429//1 430//1
f 277//1 701//1 276//1
f 460//1 472//1 473//1
f 545//1 429//1 544//1
f 277//1 700//1 701//1
f 461//1 472//1 460//1
f 654//1 635//1 636//1
f 461//1 471//1 472//1
f 545//1 428//1 429//1
f 655//1 327//1 654//1
f 327//1 328//1 654//1
f 328//1 635//1 654//1
f 462//1 471//1 461//1
f 277//1 699//1 700//1
f 462//1 470//1 471//1
f 278//1 699//1 277//1
f 462//1 469//1 470//1
f 463//1 469//1 462//1
f 655//1 326//1 327//1
f 329//1 635//1 328//1
f 655//1 325//1 326//1
f 330//1 635//1 329//1
f 546//1 428//1 545//1
f 655//1 324//1 325//1
f 331//1 635//1 330//1
f 332//1 635//1 331//1
f 546//1 427//1 428//1
f 655//1 323//1 324//1
f 332//1 634//1 635//1
f 333//1 634//1 332//1
f 463//1 468//1 469//1
f 334//1 634//1 333//1
f 278//1 698//1 699//1
f 464//1 468//1 463//1
f 655//1 322//1 323//1
f 335//1 634//1 334//1
f 336//1 634//1 335//1
f 464//1 467//1 468//1
f 279//1 698//1 278//1
f 656//1 322//1 655//1
f 465//1 467//1 464//1
f 656//1 321//1 322//1
f 337//1 634//1 336//1
f 465//1 466//1 467//1
f 338//1 634//1 337//1
f 546//1 426//1 427//1
f 656//1 320//1 321//1
f 279//1 697//1 698//1
f 280//1 697//1 279//1
f 547//1 426//1 546//1
f 339//1 634//1 338//1
f 339//1 633//1 634//1
f 656//1 319//1 320//1
f 657//1 319//1 656//1
f 547//1 425//1 426//1
f 280//1 696//1 697//1
f 340//1 633//1 339//1
f 281//1 696//1 280//1
f 657//1 318//1 319//1
f 548//1 425//1 547//1
f 281//1 695//1 696//1
f 548//1 424//1 425//1
f 340//1 632//1 633//1
f 341//1 632//1 340//1
f 282//1 695//1 281//1
f 282//1 694//1 695//1
f 658//1 318//1 657//1
f 658//1 317//1 318//1
f 548//1 423//1 424//1
f 549//1 423//1 548//1
f 342//1 632//1 341//1
f 282//1 693//1 694//1
f 283//1 693//1 282//1
f 342//1 631//1 632//1
f 549//1 422//1 423//1
f 283//1 692//1 693//1
f 658//1 316//1 317//1
f 343//1 631//1 342//1
f 550//1 422//1 549//1
f 284//1 692//1 283//1
f 659//1 316//1 658//1
f 550//1 421//1 422//1
f 284//1 691//1 692//1
f 343//1 630//1 631//1
f 550//1 420//1 421//1
f 284//1 690//1 691//1
f 550//1 419//1 420//1
f 344//1 630//1 343//1
f 285//1 690//1 284//1
f 550//1 418//1 419//1
f 551//1 418//1 550//1
f 551//1 417//1 418//1
f 659//1 315//1 316//1
f 551//1 416//1 417//1
f 551//1 415//1 416//1
f 285//1 689//1 690//1
f 551//1 414//1 415//1
f 551//1 413//1 414//1
f 551//1 412//1 413//1
f 660//1 315//1 659//1
f 551//1 411//1 412//1
f 286//1 689//1 285//1
f 345//1 630//1 344//1
f 551//1 410//1 411//1
f 345//1 629//1 630//1
f 552//1 410//1 551//1
f 552//1 409//1 410//1
f 286//1 688//1 689//1
f 552//1 408//1 409//1
f 286//1 687//1 688//1
f 287//1 687//1 286//1
f 660//1 314//1 315//1
f 552//1 407//1 408//1
f 346//1 629//1 345//1
f 553//1 407//1 552//1
f 346//1 628//1 629//1
f 287//1 686//1 687//1
f 661//1 314//1 660//1
f 553//1 406//1 407//1
f 288//1 686//1 287//1
f 554//1 406//1 553//1
f 555//1 406//1 554//1
f 347//1 628//1 346//1
f 556//1 406//1 555//1
f 288//1 685//1 686//1
f 557//1 406//1 556//1
f 558//1 406//1 557//1
f 559//1 406//1 558//1
f 560//1 406//1 559//1
f 561//1 406//1 560//1
f 561//1 405//1 406//1
f 289//1 685//1 288//1
f 347//1 627//1 628//1
f 562//1 405//1 561//1
f 289//1 684//1 685//1
f 563//1 405//1 562//1
f 661//1 313//1 314//1
f 564//1 405//1 563//1
f 565//1 405//1 564//1
f 348//1 627//1 347//1
f 566//1 405//1 565//1
f 567//1 405//1 566//1
f 567//1 404//1 405//1
f 290//1 684//1 289//1
f 662//1 313//1 661//1
f 290//1 683//1 684//1
f 348//1 626//1 627//1
f 568//1 404//1 567//1
f 349//1 626//1 348//1
f 290//1 682//1 683//1
f 568//1 403//1 404//1
f 569//1 403//1 568//1
f 663//1 313//1 662//1
f 291//1 682//1 290//1
f 350//1 626//1 349//1
f 663//1 312//1 313//1
f 570//1 403//1 569//1
f 350//1 625//1 626//1
f 291//1 681//1 682//1
f 351//1 625//1 350//1
f 664//1 312//1 663//1
f 570//1 402//1 403//1
f 571//1 402//1 570//1
f 352//1 625//1 351//1
f 292//1 681//1 291//1
f 292//1 680//1 681//1
f 665//1 312//1 664//1
f 353//1 625//1 352//1
f 353//1 624//1 625//1
f 665//1 311//1 312//1
f 571//1 401//1 402//1
f 572//1 401//1 571//1
f 292//1 679//1 680//1
f 354//1 624//1 353//1
f 354//1 623//1 624//1
f 666//1 311//1 665//1
f 293//1 679//1 292//1
f 355//1 623//1 354//1
f 355//1 622//1 623//1
f 293//1 678//1 679//1
f 573//1 401//1 572//1
f 356//1 622//1 355//1
f 356//1 621//1 622//1
f 666//1 310//1 311//1
f 573//1 400//1 401//1
f 667//1 310//1 666//1
f 293//1 677//1 678//1
f 357//1 621//1 356//1
f 357//1 620//1 621//1
f 294//1 677//1 293//1
f 574//1 400//1 573//1
f 668//1 310//1 667//1
f 294//1 676//1 677//1
f 357//1 619//1 620//1
f 358//1 619//1 357//1
f 669//1 310//1 668//1
f 669//1 309//1 310//1
f 574//1 399//1 400//1
f 294//1 675//1 676//1
f 358//1 618//1 619//1
f 359//1 618//1 358//1
f 575//1 399//1 574//1
f 670//1 309//1 669//1
f 295//1 675//1 294//1
f 295//1 674//1 675//1
f 359//1 617//1 618//1
f 360//1 617//1 359//1
f 671//1 309//1 670//1
f 295//1 673//1 674//1
f 672//1 309//1 671//1
f 295//1 672//1 673//1
f 295//1 309//1 672//1
f 360//1 616//1 617//1
f 361//1 616//1 360//1
f 295//1 308//1 309//1
f 575//1 398//1 399//1
f 576//1 398//1 575//1
f 361//1 615//1 616//1
f 296//1 308//1 295//1
f 362//1 615//1 361//1
f 362//1 614//1 615//1
f 296//1 307//1 308//1
f 362//1 613//1 614//1
f 297//1 307//1 296//1
f 577//1 398//1 576//1
f 362//1 612//1 613//1
f 577//1 397//1 398//1
f 363//1 612//1 362//1
f 297//1 306//1 307//1
f 298//1 306//1 297//1
f 578//1 397//1 577//1
f 363//1 611//1 612//1
f 298//1 305//1 306//1
f 299//1 305//1 298//1
f 578//1 396//1 397//1
f 364//1 611//1 363//1
f 299//1 304//1 305//1
f 300//1 304//1 299//1
f 579//1 396//1 578//1
f 364//1 610//1 611//1
f 300//1 303//1 304//1
f 301//1 303//1 300//1
f 301//1 302//1 303//1
f 579//1 395//1 396//1
f 580//1 395//1 579//1
f 364//1 609//1 610//1
f 365//1 609//1 364//1
f 365//1 608//1 609//1
f 581//1 395//1 580//1
f 581//1 394//1 395//1
f 366//1 608//1 365//1
f 366//1 607//1 608//1
f 582//1 394//1 581//1
f 582//1 393//1 394//1
f 366//1 606//1 607//1
f 583//1 393//1 582//1
f 367//1 606//1 366//1
f 367//1 605//1 606//1
f 584//1 393//1 583//1
f 584//1 392//1 393//1
f 368//1 605//1 367//1
f 368//1 604//1 605//1
f 585//1 392//1 584//1
f 368//1 603//1 604//1
f 585//1 391//1 392//1
f 586//1 391//1 585//1
f 369//1 603//1 368//1
f 369//1 602//1 603//1
f 587//1 391//1 586//1
f 587//1 390//1 391//1
f 369//1 601//1 602//1
f 370//1 601//1 369//1
f 588//1 390//1 587//1
f 370//1 600//1 601//1
f 589//1 390//1 588//1
f 589//1 389//1 390//1
f 371//1 600//1 370//1
f 590//1 389//1 589//1
f 371//1 599//1 600//1
f 591//1 389//1 590//1
f 591//1 388//1 389//1
f 371//1 598//1 599//1
f 372//1 598//1 371//1
f 592//1 388//1 591//1
f 372//1 597//1 598//1
f 593//1 388//1 592//1
f 593//1 387//1 388//1
f 372//1 596//1 597//1
f 594//1 387//1 593//1
f 373//1 596//1 372//1
f 373//1 595//1 596//1
f 595//1 387//1 594//1
f 373//1 387//1 595//1
f 373//1 386//1 387//1
f 374//1 386//1 373//1
f 374//1 385//1 386//1
f 375//1 385//1 374//1
f 375//1 384//1 385//1
f 376//1 384//1 375//1
f 376//1 383//1 384//1
f 377//1 383//1 376//1
f 377//1 382//1 383//1
f 378//1 382//1 377//1
f 378//1 381//1 382//1
f 379//1 381//1 378//1
f 379//1 380//1 381//1
o flower_5
v 1.923059 0.267520 0.000000
v 1.903438 0.305822 0.000000
v 1.880547 0.342324 0.000000
v 1.854485 0.376954 0.000000
v 1.825348 0.409637 0.000000
v 1.793233 0.440300 0.000000
v 1.758238 0.468870 0.000000
v 1.720460 0.495273 0.000000
v 1.679996 0.519436 0.000000
v 1.636944 0.541286 0.000000
v 1.591400 0.560748 0.000000
v 1.543462 0.577750 0.000000
v 1.493228 0.592218 0.000000
v 1.423249 0.606808 0.000000
v 1.354392 0.614820 0.000000
v 1.286670 0.616898 0.000000
v 1.220093 0.613685 0.000000
v 1.154673 0.605824 0.000000
v 1.090423 0.593958 0.000000
v 1.027355 0.578730 0.000000
v 0.965479 0.560783 0.000000
v 0.904808 0.540759 0.000000
v 0.845354 0.519302 0.000000
v 0.787129 0.497055 0.000000
v 0.730144 0.474661 0.000000
v 0.709648 0.466571 0.000000
v 0.689327 0.458577 0.000000
v 0.669166 0.450701 0.000000
v 0.649148 0.442963 0.000000
v 0.629257 0.435384 0.000000
v 0.609479 0.427986 0.000000
v 0.589797 0.420789 0.000000
v 0.570196 0.413815 0.000000
v 0.550660 0.407085 0.000000
v 0.531173 0.400619 0.000000
v 0.511720 0.394438 0.000000
v 0.492284 0.388565 0.000000
v 0.482275 0.385788 0.000000
v 0.471940 0.383300 0.000000
v 0.461431 0.381218 0.000000
v 0.450898 0.379659 0.000000
v 0.440493 0.378740 0.000000
v 0.430367 0.378578 0.000000
v 0.420669 0.379292 0.000000
v 0.411552 0.380998 0.000000
v 0.403166 0.383813 0.000000
v 0.395662 0.387856 0.000000
v 0.389191 0.393242 0.000000
v 0.383904 0.400090 0.000000
v 0.376527 0.416935 0.000000
v 0.372077 0.438198 0.000000
v 0.370654 0.463317 0.000000
v 0.372359 0.491734 0.000000
v 0.377292 0.522889 0.000000
v 0.385553 0.556222 0.000000
v 0.397243 0.591173 0.000000
v 0.412462 0.627183 0.000000
v 0.431311 0.663693 0.000000
v 0.453890 0.700142 0.000000
v 0.480299 0.735970 0.000000
v 0.510639 0.770619 0.000000
v 0.513808 0.773927 0.000000
v 0.517091 0.777333 0.000000
v 0.520485 0.780836 0.000000
v 0.523989 0.784435 0.000000
v 0.527598 0.788129 0.000000
v 0.531312 0.791917 0.000000
v 0.535127 0.795799 0.000000
v 0.539041 0.799773 0.000000
v 0.543052 0.803838 0.000000
v 0.547157 0.807994 0.000000
v 0.551353 0.812240 0.000000
v 0.555639 0.816574 0.000000
v 0.602974 0.864720 0.000000
v 0.656058 0.920081 0.000000
v 0.712758 0.981890 0.000000
v 0.770939 1.049384 0.000000
v 0.828467 1.121797 0.000000
v 0.883210 1.198365 0.000000
v 0.933034 1.278323 0.000000
v 0.975804 1.360906 0.000000
v 1.009388 1.445350 0.000000
v 1.031652 1.530889 0.000000
v 1.040462 1.616760 0.000000
v 1.033685 1.702197 0.000000
v 1.024724 1.741310 0.000000
v 1.012161 1.779099 0.000000
v 0.996007 1.815551 0.000000
v 0.976272 1.850655 0.000000
v 0.952968 1.884398 0.000000
v 0.926107 1.916767 0.000000
v 0.895699 1.947751 0.000000
v 0.861756 1.977337 0.000000
v 0.824290 2.005513 0.000000
v 0.783310 2.032267 0.000000
v 0.738830 2.057585 0.000000
v 0.690859 2.081457 0.000000
v 0.619387 2.111239 0.000000
v 0.552037 2.132606 0.000000
v 0.488750 2.146282 0.000000
v 0.429465 2.152990 0.000000
v 0.374122 2.153455 0.000000
v 0.322661 2.148401 0.000000
v 0.275021 2.138550 0.000000
v 0.231143 2.124628 0.000000
v 0.190966 2.107358 0.000000
v 0.154430 2.087464 0.000000
v 0.121475 2.065670 0.000000
v 0.092040 2.042699 0.000000
v 0.031400 1.982582 0.000000
v -0.020949 1.912376 0.000000
v -0.065184 1.833537 0.000000
v -0.101486 1.747523 0.000000
v -0.130034 1.655792 0.000000
v -0.151006 1.559801 0.000000
v -0.164582 1.461009 0.000000
v -0.170941 1.360872 0.000000
v -0.170262 1.260847 0.000000
v -0.162723 1.162394 0.000000
v -0.148505 1.066969 0.000000
v -0.127786 0.976029 0.000000
v -0.112335 0.913029 0.000000
v -0.101085 0.854297 0.000000
v -0.093757 0.799907 0.000000
v -0.090073 0.749930 0.000000
v -0.089754 0.704439 0.000000
v -0.092522 0.663505 0.000000
v -0.098097 0.627202 0.000000
v -0.106202 0.595602 0.000000
v -0.116557 0.568776 0.000000
v -0.128884 0.546798 0.000000
v -0.142904 0.529739 0.000000
v -0.158339 0.517672 0.000000
v -0.165343 0.513794 0.000000
v -0.171988 0.510664 0.000000
v -0.178276 0.508218 0.000000
v -0.184214 0.506389 0.000000
v -0.189805 0.505114 0.000000
v -0.195053 0.504328 0.000000
v -0.199964 0.503967 0.000000
v -0.204542 0.503966 0.000000
v -0.208792 0.504261 0.000000
v -0.212718 0.504786 0.000000
v -0.216324 0.505477 0.000000
v -0.219615 0.506270 0.000000
v -0.229297 0.509457 0.000000
v -0.239156 0.513985 0.000000
v -0.249154 0.519815 0.000000
v -0.259250 0.526908 0.000000
v -0.269407 0.535226 0.000000
v -0.279585 0.544730 0.000000
v -0.289744 0.555383 0.000000
v -0.299847 0.567145 0.000000
v -0.309853 0.579978 0.000000
v -0.319725 0.593844 0.000000
v -0.329421 0.608704 0.000000
v -0.338905 0.624520 0.000000
v -0.342800 0.632162 0.000000
v -0.346739 0.641511 0.000000
v -0.350715 0.652404 0.000000
v -0.354722 0.664675 0.000000
v -0.358756 0.678162 0.000000
v -0.362808 0.692700 0.000000
v -0.366874 0.708124 0.000000
v -0.370947 0.724271 0.000000
v -0.375022 0.740977 0.000000
v -0.379092 0.758077 0.000000
v -0.383151 0.775408 0.000000
v -0.387194 0.792805 0.000000
v -0.399965 0.847332 0.000000
v -0.414177 0.904912 0.000000
v -0.430324 0.964516 0.000000
v -0.448898 1.025113 0.000000
v -0.470393 1.085675 0.000000
v -0.495301 1.145170 0.000000
v -0.524116 1.202570 0.000000
v -0.557330 1.256845 0.000000
v -0.595438 1.306964 0.000000
v -0.638931 1.351898 0.000000
v -0.688303 1.390618 0.000000
v -0.744046 1.422093 0.000000
v -0.749911 1.424766 0.000000
v -0.755841 1.427358 0.000000
v -0.761838 1.429866 0.000000
v -0.767902 1.432290 0.000000
v -0.774033 1.434630 0.000000
v -0.780233 1.436883 0.000000
v -0.786502 1.439050 0.000000
v -0.792840 1.441130 0.000000
v -0.799249 1.443122 0.000000
v -0.805729 1.445024 0.000000
v -0.812281 1.446836 0.000000
v -0.818905 1.448557 0.000000
v -0.857942 1.456798 0.000000
v -0.896877 1.461880 0.000000
v -0.935653 1.463817 0.000000
v -0.974210 1.462621 0.000000
v -1.012492 1.458308 0.000000
v -1.050439 1.450891 0.000000
v -1.087993 1.440385 0.000000
v -1.125096 1.426801 0.000000
v -1.161690 1.410155 0.000000
v -1.197716 1.390461 0.000000
v -1.233117 1.367732 0.000000
v -1.267834 1.341982 0.000000
v -1.308639 1.306760 0.000000
v -1.347342 1.267738 0.000000
v -1.383656 1.225470 0.000000
v -1.417290 1.180511 0.000000
v -1.447958 1.133415 0.000000
v -1.475368 1.084737 0.000000
v -1.499234 1.035032 0.000000
v -1.519265 0.984854 0.000000
v -1.535173 0.934757 0.000000
v -1.546670 0.885297 0.000000
v -1.553465 0.837028 0.000000
v -1.555271 0.790505 0.000000
v -1.545712 0.706924 0.000000
v -1.521283 0.631411 0.000000
v -1.483749 0.563378 0.000000
v -1.434876 0.502239 0.000000
v -1.376431 0.447408 0.000000
v -1.310180 0.398297 0.000000
v -1.237890 0.354321 0.000000
v -1.161327 0.314892 0.000000
v -1.082258 0.279424 0.000000
v -1.002449 0.247331 0.000000
v -0.923666 0.218025 0.000000
v -0.847676 0.190921 0.000000
v -0.823480 0.182346 0.000000
v -0.799601 0.173842 0.000000
v -0.776129 0.165400 0.000000
v -0.753154 0.157012 0.000000
v -0.730765 0.148669 0.000000
v -0.709054 0.140363 0.000000
v -0.688109 0.132086 0.000000
v -0.668021 0.123828 0.000000
v -0.648881 0.115582 0.000000
v -0.630777 0.107338 0.000000
v -0.613800 0.099089 0.000000
v -0.598040 0.090826 0.000000
v -0.580966 0.080712 0.000000
v -0.565444 0.069951 0.000000
v -0.551513 0.058606 0.000000
v -0.539213 0.046742 0.000000
v -0.528583 0.034420 0.000000
v -0.519663 0.021705 0.000000
v -0.512491 0.008660 0.000000
v -0.507109 -0.004652 -0.000000
v -0.503555 -0.018168 -0.000000
v -0.501868 -0.031825 -0.000000
v -0.502089 -0.045558 -0.000000
v -0.504257 -0.059306 -0.000000
v -0.511517 -0.080701 -0.000000
v -0.523774 -0.102540 -0.000000
v -0.541255 -0.124449 -0.000000
v -0.564186 -0.146052 -0.000000
v -0.592793 -0.166975 -0.000000
v -0.627303 -0.186842 -0.000000
v -0.667940 -0.205279 -0.000000
v -0.714933 -0.221911 -0.000000
v -0.768506 -0.236362 -0.000000
v -0.828887 -0.248258 -0.000000
v -0.896300 -0.257224 -0.000000
v -0.970973 -0.262885 -0.000000
v -1.057871 -0.269340 -0.000000
v -1.141332 -0.279875 -0.000000
v -1.221180 -0.294416 -0.000000
v -1.297239 -0.312888 -0.000000
v -1.369332 -0.335215 -0.000000
v -1.437283 -0.361323 -0.000000
v -1.500916 -0.391137 -0.000000
v -1.560054 -0.424581 -0.000000
v -1.614521 -0.461582 -0.000000
v -1.664140 -0.502064 -0.000000
v -1.708736 -0.545953 -0.000000
v -1.748132 -0.593172 -0.000000
v -1.771458 -0.626642 -0.000000
v -1.792031 -0.661278 -0.000000
v -1.809830 -0.696976 -0.000000
v -1.824834 -0.733634 -0.000000
v -1.837021 -0.771147 -0.000000
v -1.846371 -0.809412 -0.000000
v -1.852862 -0.848327 -0.000000
v -1.856473 -0.887786 -0.000000
v -1.857183 -0.927687 -0.000000
v -1.854970 -0.967927 -0.000000
v -1.849814 -1.008401 -0.000000
v -1.841692 -1.049007 -0.000000
v -1.824712 -1.106557 -0.000000
v -1.801833 -1.161294 -0.000000
v -1.773422 -1.212907 -0.000000
v -1.739844 -1.261084 -0.000000
v -1.701468 -1.305513 -0.000000
v -1.658659 -1.345883 -0.000000
v -1.611783 -1.381881 -0.000000
v -1.561208 -1.413197 -0.000000
v -1.507299 -1.439519 -0.000000
v -1.450423 -1.460534 -0.000000
v -1.390946 -1.475932 -0.000000
v -1.329235 -1.485400 -0.000000
v -1.265247 -1.488642 -0.000000
v -1.202907 -1.485251 -0.000000
v -1.142471 -1.475381 -0.000000
v -1.084192 -1.459185 -0.000000
v -1.028326 -1.436819 -0.000000
v -0.975125 -1.408436 -0.000000
v -0.924846 -1.374190 -0.000000
v -0.877741 -1.334236 -0.000000
v -0.834066 -1.288726 -0.000000
v -0.794075 -1.237817 -0.000000
v -0.758022 -1.181660 -0.000000
v -0.726161 -1.120411 -0.000000
v -0.675767 -1.017864 -0.000000
v -0.627434 -0.929988 -0.000000
v -0.581418 -0.855651 -0.000000
v -0.537978 -0.793723 -0.000000
v -0.497368 -0.743072 -0.000000
v -0.459848 -0.702565 -0.000000
v -0.425672 -0.671070 -0.000000
v -0.395099 -0.647457 -0.000000
v -0.368385 -0.630592 -0.000000
v -0.345788 -0.619345 -0.000000
v -0.327563 -0.612583 -0.000000
v -0.313968 -0.609175 -0.000000
v -0.305844 -0.607938 -0.000000
v -0.297927 -0.607334 -0.000000
v -0.290202 -0.607368 -0.000000
v -0.282656 -0.608044 -0.000000
v -0.275273 -0.609366 -0.000000
v -0.268041 -0.611339 -0.000000
v -0.260945 -0.613968 -0.000000
v -0.253971 -0.617257 -0.000000
v -0.247105 -0.621210 -0.000000
v -0.240333 -0.625831 -0.000000
v -0.233640 -0.631126 -0.000000
v -0.227013 -0.637099 -0.000000
v -0.206154 -0.662882 -0.000000
v -0.192388 -0.692815 -0.000000
v -0.185031 -0.726427 -0.000000
v -0.183399 -0.763252 -0.000000
v -0.186808 -0.802821 -0.000000
v -0.194574 -0.844663 -0.000000
v -0.206012 -0.888312 -0.000000
v -0.220439 -0.933299 -0.000000
v -0.237171 -0.979154 -0.000000
v -0.255522 -1.025409 -0.000000
v -0.274810 -1.071596 -0.000000
v -0.294351 -1.117245 -0.000000
v -0.303110 -1.137648 -0.000000
v -0.311747 -1.157857 -0.000000
v -0.320220 -1.177869 -0.000000
v -0.328486 -1.197677 -0.000000
v -0.336503 -1.217278 -0.000000
v -0.344229 -1.236667 -0.000000
v -0.351623 -1.255839 -0.000000
v -0.358641 -1.274789 -0.000000
v -0.365242 -1.293513 -0.000000
v -0.371384 -1.312006 -0.000000
v -0.377025 -1.330263 -0.000000
v -0.382123 -1.348279 -0.000000
v -0.393927 -1.400208 -0.000000
v -0.401244 -1.451225 -0.000000
v -0.404119 -1.501157 -0.000000
v -0.402600 -1.549835 -0.000000
v -0.396734 -1.597088 -0.000000
v -0.386566 -1.642747 -0.000000
v -0.372144 -1.686640 -0.000000
v -0.353514 -1.728598 -0.000000
v -0.330722 -1.768449 -0.000000
v -0.303816 -1.806024 -0.000000
v -0.272842 -1.841152 -0.000000
v -0.237847 -1.873663 -0.000000
v -0.187802 -1.910813 -0.000000
v -0.133294 -1.941985 -0.000000
v -0.074811 -1.967152 -0.000000
v -0.012839 -1.986283 -0.000000
v 0.052134 -1.999352 -0.000000
v 0.119623 -2.006328 -0.000000
v 0.189141 -2.007185 -0.000000
v 0.260200 -2.001894 -0.000000
v 0.332315 -1.990426 -0.000000
v 0.404998 -1.972752 -0.000000
v 0.477762 -1.948846 -0.000000
v 0.550122 -1.918677 -0.000000
v 0.602507 -1.892214 -0.000000
v 0.651301 -1.862996 -0.000000
v 0.696419 -1.831130 -0.000000
v 0.737776 -1.796724 -0.000000
v 0.775287 -1.759886 -0.000000
v 0.808868 -1.720725 -0.000000
v 0.838435 -1.679348 -0.000000
v 0.863902 -1.635863 -0.000000
v 0.885184 -1.590378 -0.000000
v 0.902198 -1.543002 -0.000000
v 0.914858 -1.493842 -0.000000
v 0.923080 -1.443007 -0.000000
v 0.926644 -1.392053 -0.000000
v 0.925738 -1.340683 -0.000000
v 0.920536 -1.289334 -0.000000
v 0.911213 -1.238448 -0.000000
v 0.897941 -1.188463 -0.000000
v 0.880894 -1.139821 -0.000000
v 0.860248 -1.092960 -0.000000
v 0.836174 -1.048321 -0.000000
v 0.808848 -1.006344 -0.000000
v 0.778443 -0.967468 -0.000000
v 0.745133 -0.932133 -0.000000
v 0.709092 -0.900780 -0.000000
v 0.702901 -0.895978 -0.000000
v 0.696509 -0.891085 -0.000000
v 0.689927 -0.886104 -0.000000
v 0.683167 -0.881039 -0.000000
v 0.676240 -0.875893 -0.000000
v 0.669158 -0.870670 -0.000000
v 0.661932 -0.865374 -0.000000
v 0.654576 -0.860007 -0.000000
v 0.647099 -0.854573 -0.000000
v 0.639514 -0.849077 -0.000000
v 0.631832 -0.843520 -0.000000
v 0.624066 -0.837908 -0.000000
v 0.586861 -0.810947 -0.000000
v 0.547009 -0.781521 -0.000000
v 0.505845 -0.750040 -0.000000
v 0.464700 -0.716911 -0.000000
v 0.424906 -0.682544 -0.000000
v 0.387798 -0.647348 -0.000000
v 0.354707 -0.611730 -0.000000
v 0.326966 -0.576100 -0.000000
v 0.305908 -0.540867 -0.000000
v 0.292865 -0.506438 -0.000000
v 0.289171 -0.473224 -0.000000
v 0.296157 -0.441632 -0.000000
v 0.301681 -0.429322 -0.000000
v 0.307659 -0.417799 -0.000000
v 0.314095 -0.407058 -0.000000
v 0.320997 -0.397092 -0.000000
v 0.328371 -0.387894 -0.000000
v 0.336224 -0.379459 -0.000000
v 0.344562 -0.371779 -0.000000
v 0.353391 -0.364847 -0.000000
v 0.362718 -0.358658 -0.000000
v 0.372549 -0.353205 -0.000000
v 0.382891 -0.348481 -0.000000
v 0.393751 -0.344480 -0.000000
v 0.418742 -0.338213 -0.000000
v 0.445968 -0.334989 -0.000000
v 0.475331 -0.334781 -0.000000
v 0.506735 -0.337560 -0.000000
v 0.540082 -0.343300 -0.000000
v 0.575275 -0.351974 -0.000000
v 0.612218 -0.363554 -0.000000
v 0.650813 -0.378012 -0.000000
v 0.690962 -0.395323 -0.000000
v 0.732570 -0.415457 -0.000000
v 0.775539 -0.438388 -0.000000
v 0.819772 -0.464089 -0.000000
v 0.883790 -0.500815 -0.000000
v 0.946994 -0.533205 -0.000000
v 1.009296 -0.561239 -0.000000
v 1.070603 -0.584897 -0.000000
v 1.130827 -0.604159 -0.000000
v 1.189875 -0.619006 -0.000000
v 1.247658 -0.629418 -0.000000
v 1.304085 -0.635374 -0.000000
v 1.359066 -0.636854 -0.000000
v 1.412511 -0.633840 -0.000000
v 1.464328 -0.626310 -0.000000
v 1.514428 -0.614245 -0.000000
v 1.553181 -0.601375 -0.000000
v 1.590514 -0.585761 -0.000000
v 1.626417 -0.567414 -0.000000
v 1.660876 -0.546344 -0.000000
v 1.693881 -0.522564 -0.000000
v 1.725420 -0.496082 -0.000000
v 1.755479 -0.466911 -0.000000
v 1.784048 -0.435061 -0.000000
v 1.811115 -0.400543 -0.000000
v 1.836667 -0.363368 -0.000000
v 1.860693 -0.323546 -0.000000
v 1.883180 -0.281089 -0.000000
v 1.911227 -0.219429 -0.000000
v 1.933123 -0.160583 -0.000000
v 1.949365 -0.104576 -0.000000
v 1.960450 -0.051433 -0.000000
v 1.966874 -0.001180 -0.000000
v 1.969134 0.046157 0.000000
v 1.967726 0.090553 0.000000
v 1.963148 0.131983 0.000000
v 1.955895 0.170419 0.000000
v 1.946465 0.205838 0.000000
v 1.935354 0.238214 0.000000
v 1.737767 -0.209015 -0.000000
v 1.720793 -0.241188 -0.000000
v 1.702805 -0.271318 -0.000000
v 1.683810 -0.299397 -0.000000
v 1.663818 -0.325416 -0.000000
v 1.642838 -0.349368 -0.000000
v 1.620878 -0.371244 -0.000000
v 1.597947 -0.391038 -0.000000
v 1.574053 -0.408740 -0.000000
v 1.549206 -0.424342 -0.000000
v 1.523415 -0.437838 -0.000000
v 1.496688 -0.449218 -0.000000
v 1.469033 -0.458476 -0.000000
v 1.430120 -0.467670 -0.000000
v 1.389474 -0.473116 -0.000000
v 1.347169 -0.474831 -0.000000
v 1.303277 -0.472832 -0.000000
v 1.257871 -0.467136 -0.000000
v 1.211023 -0.457761 -0.000000
v 1.162807 -0.444724 -0.000000
v 1.113294 -0.428043 -0.000000
v 1.062557 -0.407733 -0.000000
v 1.010670 -0.383814 -0.000000
v 0.957705 -0.356301 -0.000000
v 0.903734 -0.325213 -0.000000
v 0.848454 -0.293286 -0.000000
v 0.794491 -0.265062 -0.000000
v 0.741918 -0.240558 -0.000000
v 0.690809 -0.219793 -0.000000
v 0.641235 -0.202783 -0.000000
v 0.593269 -0.189545 -0.000000
v 0.546984 -0.180096 -0.000000
v 0.502452 -0.174453 -0.000000
v 0.459746 -0.172635 -0.000000
v 0.418939 -0.174657 -0.000000
v 0.380102 -0.180537 -0.000000
v 0.343309 -0.190293 -0.000000
v 0.321383 -0.198361 -0.000000
v 0.300374 -0.207907 -0.000000
v 0.280308 -0.218907 -0.000000
v 0.261211 -0.231335 -0.000000
v 0.243107 -0.245168 -0.000000
v 0.226023 -0.260381 -0.000000
v 0.209985 -0.276948 -0.000000
v 0.195017 -0.294847 -0.000000
v 0.181146 -0.314051 -0.000000
v 0.168396 -0.334537 -0.000000
v 0.156794 -0.356280 -0.000000
v 0.146366 -0.379255 -0.000000
v 0.129090 -0.438899 -0.000000
v 0.126423 -0.497104 -0.000000
v 0.136663 -0.553730 -0.000000
v 0.158109 -0.608640 -0.000000
v 0.189062 -0.661695 -0.000000
v 0.227820 -0.712758 -0.000000
v 0.272683 -0.761689 -0.000000
v 0.321950 -0.808351 -0.000000
v 0.373921 -0.852605 -0.000000
v 0.426894 -0.894313 -0.000000
v 0.479169 -0.933337 -0.000000
v 0.529046 -0.969538 -0.000000
v 0.536486 -0.974916 -0.000000
v 0.543841 -0.980236 -0.000000
v 0.551096 -0.985491 -0.000000
v 0.558233 -0.990674 -0.000000
v 0.565235 -0.995778 -0.000000
v 0.572087 -1.000795 -0.000000
v 0.578771 -1.005718 -0.000000
v 0.585271 -1.010541 -0.000000
v 0.591570 -1.015255 -0.000000
v 0.597652 -1.019854 -0.000000
v 0.603501 -1.024330 -0.000000
v 0.609099 -1.028676 -0.000000
v 0.631477 -1.048151 -0.000000
v 0.653164 -1.071009 -0.000000
v 0.673841 -1.096971 -0.000000
v 0.693189 -1.125760 -0.000000
v 0.710889 -1.157097 -0.000000
v 0.726622 -1.190703 -0.000000
v 0.740070 -1.226301 -0.000000
v 0.750913 -1.263611 -0.000000
v 0.758832 -1.302355 -0.000000
v 0.763508 -1.342255 -0.000000
v 0.764624 -1.383032 -0.000000
v 0.761858 -1.424408 -0.000000
v 0.755862 -1.461362 -0.000000
v 0.746594 -1.497006 -0.000000
v 0.734091 -1.531294 -0.000000
v 0.718388 -1.564181 -0.000000
v 0.699522 -1.595622 -0.000000
v 0.677531 -1.625573 -0.000000
v 0.652451 -1.653987 -0.000000
v 0.624318 -1.680820 -0.000000
v 0.593169 -1.706027 -0.000000
v 0.559041 -1.729563 -0.000000
v 0.521970 -1.751382 -0.000000
v 0.481992 -1.771440 -0.000000
v 0.424079 -1.795755 -0.000000
v 0.366110 -1.815274 -0.000000
v 0.308463 -1.830010 -0.000000
v 0.251518 -1.839976 -0.000000
v 0.195654 -1.845184 -0.000000
v 0.141251 -1.845649 -0.000000
v 0.088688 -1.841383 -0.000000
v 0.038344 -1.832399 -0.000000
v -0.009402 -1.818711 -0.000000
v -0.054169 -1.800331 -0.000000
v -0.095580 -1.777274 -0.000000
v -0.133253 -1.749551 -0.000000
v -0.156659 -1.727772 -0.000000
v -0.177273 -1.704239 -0.000000
v -0.195074 -1.679035 -0.000000
v -0.210043 -1.652239 -0.000000
v -0.222157 -1.623936 -0.000000
v -0.231397 -1.594205 -0.000000
v -0.237742 -1.563128 -0.000000
v -0.241170 -1.530788 -0.000000
v -0.241661 -1.497266 -0.000000
v -0.239195 -1.462644 -0.000000
v -0.233750 -1.427002 -0.000000
v -0.225306 -1.390424 -0.000000
v -0.220947 -1.375093 -0.000000
v -0.216016 -1.359293 -0.000000
v -0.210559 -1.343051 -0.000000
v -0.204618 -1.326392 -0.000000
v -0.198241 -1.309344 -0.000000
v -0.191472 -1.291933 -0.000000
v -0.184356 -1.274185 -0.000000
v -0.176939 -1.256128 -0.000000
v -0.169264 -1.237787 -0.000000
v -0.161379 -1.219189 -0.000000
v -0.153326 -1.200361 -0.000000
v -0.145152 -1.181329 -0.000000
v -0.121433 -1.125794 -0.000000
v -0.097868 -1.068566 -0.000000
v -0.075567 -1.010175 -0.000000
v -0.055640 -0.951152 -0.000000
v -0.039195 -0.892025 -0.000000
v -0.027342 -0.833326 -0.000000
v -0.021190 -0.775585 -0.000000
v -0.021849 -0.719331 -0.000000
v -0.030427 -0.665094 -0.000000
v -0.048034 -0.613405 -0.000000
v -0.075780 -0.564793 -0.000000
v -0.114773 -0.519789 -0.000000
v -0.131256 -0.505103 -0.000000
v -0.148312 -0.491995 -0.000000
v -0.165914 -0.480472 -0.000000
v -0.184031 -0.470545 -0.000000
v -0.202634 -0.462222 -0.000000
v -0.221693 -0.455513 -0.000000
v -0.241179 -0.450428 -0.000000
v -0.261062 -0.446974 -0.000000
v -0.281313 -0.445162 -0.000000
v -0.301902 -0.445002 -0.000000
v -0.322799 -0.446501 -0.000000
v -0.343976 -0.449670 -0.000000
v -0.388681 -0.461693 -0.000000
v -0.433508 -0.480916 -0.000000
v -0.478386 -0.507259 -0.000000
v -0.523249 -0.540647 -0.000000
v -0.568027 -0.580999 -0.000000
v -0.612651 -0.628238 -0.000000
v -0.657053 -0.682287 -0.000000
v -0.701164 -0.743065 -0.000000
v -0.744916 -0.810497 -0.000000
v -0.788240 -0.884503 -0.000000
v -0.831068 -0.965005 -0.000000
v -0.873330 -1.051925 -0.000000
v -0.896932 -1.097430 -0.000000
v -0.923518 -1.139166 -0.000000
v -0.952903 -1.177019 -0.000000
v -0.984902 -1.210872 -0.000000
v -1.019329 -1.240611 -0.000000
v -1.055999 -1.266121 -0.000000
v -1.094726 -1.287287 -0.000000
v -1.135325 -1.303995 -0.000000
v -1.177611 -1.316129 -0.000000
v -1.221398 -1.323575 -0.000000
v -1.266501 -1.326217 -0.000000
v -1.312735 -1.323941 -0.000000
v -1.357533 -1.317101 -0.000000
v -1.400690 -1.306030 -0.000000
v -1.441940 -1.290952 -0.000000
v -1.481019 -1.272088 -0.000000
v -1.517661 -1.249663 -0.000000
v -1.551603 -1.223898 -0.000000
v -1.582580 -1.195018 -0.000000
v -1.610326 -1.163244 -0.000000
v -1.634577 -1.128801 -0.000000
v -1.655068 -1.091912 -0.000000
v -1.671535 -1.052798 -0.000000
v -1.683713 -1.011684 -0.000000
v -1.689553 -0.982688 -0.000000
v -1.693314 -0.953962 -0.000000
v -1.695003 -0.925549 -0.000000
v -1.694629 -0.897489 -0.000000
v -1.692199 -0.869823 -0.000000
v -1.687724 -0.842595 -0.000000
v -1.681209 -0.815845 -0.000000
v -1.672665 -0.789614 -0.000000
v -1.662099 -0.763945 -0.000000
v -1.649519 -0.738879 -0.000000
v -1.634935 -0.714457 -0.000000
v -1.618353 -0.690721 -0.000000
v -1.586617 -0.652966 -0.000000
v -1.550224 -0.617848 -0.000000
v -1.509324 -0.585429 -0.000000
v -1.464064 -0.555768 -0.000000
v -1.414595 -0.528925 -0.000000
v -1.361064 -0.504961 -0.000000
v -1.303621 -0.483937 -0.000000
v -1.242415 -0.465911 -0.000000
v -1.177594 -0.450946 -0.000000
v -1.109308 -0.439100 -0.000000
v -1.037704 -0.430435 -0.000000
v -0.962933 -0.425011 -0.000000
v -0.879618 -0.418575 -0.000000
v -0.801237 -0.407856 -0.000000
v -0.728049 -0.392993 -0.000000
v -0.660315 -0.374124 -0.000000
v -0.598296 -0.351390 -0.000000
v -0.542251 -0.324928 -0.000000
v -0.492443 -0.294877 -0.000000
v -0.449131 -0.261378 -0.000000
v -0.412575 -0.224567 -0.000000
v -0.383037 -0.184586 -0.000000
v -0.360776 -0.141571 -0.000000
v -0.346054 -0.095663 -0.000000
v -0.340693 -0.063752 -0.000000
v -0.339244 -0.032091 -0.000000
v -0.341617 -0.000853 -0.000000
v -0.347721 0.029793 0.000000
v -0.357467 0.059676 0.000000
v -0.370764 0.088624 0.000000
v -0.387522 0.116468 0.000000
v -0.407651 0.143037 0.000000
v -0.431060 0.168159 0.000000
v -0.457658 0.191664 0.000000
v -0.487357 0.213382 0.000000
v -0.520064 0.233141 0.000000
v -0.538583 0.242901 0.000000
v -0.558112 0.252485 0.000000
v -0.578579 0.261917 0.000000
v -0.599916 0.271221 0.000000
v -0.622051 0.280420 0.000000
v -0.644916 0.289539 0.000000
v -0.668441 0.298601 0.000000
v -0.692554 0.307630 0.000000
v -0.717186 0.316650 0.000000
v -0.742268 0.325685 0.000000
v -0.767729 0.334759 0.000000
v -0.793498 0.343896 0.000000
v -0.860934 0.367904 0.000000
v -0.929714 0.393212 0.000000
v -0.998481 0.420164 0.000000
v -1.065878 0.449103 0.000000
v -1.130550 0.480372 0.000000
v -1.191139 0.514315 0.000000
v -1.246288 0.551273 0.000000
v -1.294641 0.591592 0.000000
v -1.334842 0.635613 0.000000
v -1.365533 0.683680 0.000000
v -1.385359 0.736136 0.000000
v -1.392961 0.793324 0.000000
v -1.391650 0.823597 0.000000
v -1.386788 0.856604 0.000000
v -1.378485 0.891788 0.000000
v -1.366849 0.928595 0.000000
v -1.351991 0.966469 0.000000
v -1.334019 1.004856 0.000000
v -1.313043 1.043198 0.000000
v -1.289172 1.080943 0.000000
v -1.262515 1.117533 0.000000
v -1.233182 1.152415 0.000000
v -1.201283 1.185032 0.000000
v -1.166926 1.214828 0.000000
v -1.142378 1.233132 0.000000
v -1.117586 1.249272 0.000000
v -1.092562 1.263246 0.000000
v -1.067314 1.275052 0.000000
v -1.041854 1.284686 0.000000
v -1.016191 1.292147 0.000000
v -0.990336 1.297432 0.000000
v -0.964299 1.300539 0.000000
v -0.938091 1.301464 0.000000
v -0.911720 1.300207 0.000000
v -0.885199 1.296763 0.000000
v -0.858536 1.291130 0.000000
v -0.811108 1.273893 0.000000
v -0.768926 1.248153 0.000000
v -0.731580 1.214968 0.000000
v -0.698660 1.175398 0.000000
v -0.669754 1.130502 0.000000
v -0.644453 1.081340 0.000000
v -0.622345 1.028970 0.000000
v -0.603021 0.974451 0.000000
v -0.586069 0.918844 0.000000
v -0.571080 0.863206 0.000000
v -0.557643 0.808597 0.000000
v -0.545347 0.756076 0.000000
v -0.540094 0.733468 0.000000
v -0.534976 0.711687 0.000000
v -0.529939 0.690751 0.000000
v -0.524931 0.670680 0.000000
v -0.519901 0.651494 0.000000
v -0.514795 0.633211 0.000000
v -0.509561 0.615850 0.000000
v -0.504148 0.599432 0.000000
v -0.498501 0.583975 0.000000
v -0.492570 0.569499 0.000000
v -0.486301 0.556024 0.000000
v -0.479642 0.543567 0.000000
v -0.466882 0.522306 0.000000
v -0.453712 0.502150 0.000000
v -0.440148 0.483113 0.000000
v -0.426205 0.465210 0.000000
v -0.411901 0.448455 0.000000
v -0.397250 0.432862 0.000000
v -0.382269 0.418446 0.000000
v -0.366975 0.405221 0.000000
v -0.351383 0.393202 0.000000
v -0.335510 0.382403 0.000000
v -0.319372 0.372839 0.000000
v -0.302984 0.364524 0.000000
v -0.299516 0.362938 0.000000
v -0.296039 0.361409 0.000000
v -0.292552 0.359937 0.000000
v -0.289057 0.358521 0.000000
v -0.285551 0.357161 0.000000
v -0.282037 0.355858 0.000000
v -0.278513 0.354610 0.000000
v -0.274980 0.353419 0.000000
v -0.271438 0.352284 0.000000
v -0.267887 0.351205 0.000000
v -0.264326 0.350181 0.000000
v -0.260756 0.349214 0.000000
v -0.245188 0.345697 0.000000
v -0.229562 0.343271 0.000000
v -0.213900 0.341930 0.000000
v -0.198227 0.341673 0.000000
v -0.182567 0.342494 0.000000
v -0.166944 0.344391 0.000000
v -0.151383 0.347359 0.000000
v -0.135907 0.351396 0.000000
v -0.120541 0.356497 0.000000
v -0.105308 0.362659 0.000000
v -0.090233 0.369878 0.000000
v -0.075341 0.378151 0.000000
v -0.040209 0.403509 0.000000
v -0.009739 0.434859 0.000000
v 0.016025 0.471930 0.000000
v 0.037040 0.514451 0.000000
v 0.053261 0.562153 0.000000
v 0.064645 0.614765 0.000000
v 0.071148 0.672018 0.000000
v 0.072726 0.733640 0.000000
v 0.069334 0.799362 0.000000
v 0.060930 0.868913 0.000000
v 0.047469 0.942022 0.000000
v 0.028907 1.018421 0.000000
v 0.011332 1.095229 0.000000
v -0.001016 1.176175 0.000000
v -0.007985 1.259919 0.000000
v -0.009422 1.345121 0.000000
v -0.005173 1.430442 0.000000
v 0.004914 1.514543 0.000000
v 0.020993 1.596083 0.000000
v 0.043215 1.673723 0.000000
v 0.071735 1.746123 0.000000
v 0.106705 1.811944 0.000000
v 0.148279 1.869846 0.000000
v 0.196609 1.918489 0.000000
v 0.224474 1.939548 0.000000
v 0.253769 1.957019 0.000000
v 0.284482 1.970901 0.000000
v 0.316598 1.981193 0.000000
v 0.350103 1.987895 0.000000
v 0.384984 1.991007 0.000000
v 0.421225 1.990529 0.000000
v 0.458814 1.986460 0.000000
v 0.497735 1.978800 0.000000
v 0.537976 1.967548 0.000000
v 0.579522 1.952705 0.000000
v 0.622359 1.934269 0.000000
v 0.658085 1.916634 0.000000
v 0.691154 1.898225 0.000000
v 0.721558 1.879051 0.000000
v 0.749288 1.859120 0.000000
v 0.774337 1.838441 0.000000
v 0.796697 1.817021 0.000000
v 0.816359 1.794870 0.000000
v 0.833315 1.771995 0.000000
v 0.847558 1.748406 0.000000
v 0.859079 1.724110 0.000000
v 0.867871 1.699116 0.000000
v 0.873924 1.673433 0.000000
v 0.877840 1.607610 0.000000
v 0.867813 1.539275 0.000000
v 0.845842 1.469395 0.000000
v 0.813923 1.398939 0.000000
v 0.774054 1.328873 0.000000
v 0.728233 1.260164 0.000000
v 0.678456 1.193781 0.000000
v 0.626722 1.130690 0.000000
v 0.575028 1.071858 0.000000
v 0.525371 1.018253 0.000000
v 0.479749 0.970843 0.000000
v 0.440159 0.930594 0.000000
v 0.435696 0.926070 0.000000
v 0.431323 0.921640 0.000000
v 0.427046 0.917303 0.000000
v 0.422865 0.913061 0.000000
v 0.418784 0.908914 0.000000
v 0.414806 0.904865 0.000000
v 0.410933 0.900914 0.000000
v 0.407170 0.897061 0.000000
v 0.403517 0.893308 0.000000
v 0.399979 0.889657 0.000000
v 0.396557 0.886107 0.000000
v 0.393256 0.882661 0.000000
v 0.353834 0.837611 0.000000
v 0.318745 0.789890 0.000000
v 0.288168 0.740178 0.000000
v 0.262280 0.689158 0.000000
v 0.241259 0.637509 0.000000
v 0.225281 0.585914 0.000000
v 0.214526 0.535053 0.000000
v 0.209170 0.485607 0.000000
v 0.209392 0.438258 0.000000
v 0.215368 0.393687 0.000000
v 0.227276 0.352574 0.000000
v 0.245295 0.315601 0.000000
v 0.253028 0.303885 0.000000
v 0.263217 0.290730 0.000000
v 0.276034 0.276831 0.000000
v 0.291653 0.262882 0.000000
v 0.310245 0.249577 0.000000
v 0.331982 0.237611 0.000000
v 0.357036 0.227679 0.000000
v 0.385580 0.220474 0.000000
v 0.417786 0.216691 0.000000
v 0.453827 0.217025 0.000000
v 0.493874 0.222169 0.000000
v 0.538099 0.232819 0.000000
v 0.559283 0.239220 0.000000
v 0.580463 0.245946 0.000000
v 0.601628 0.252965 0.000000
v 0.622769 0.260241 0.000000
v 0.643875 0.267741 0.000000
v 0.664936 0.275431 0.000000
v 0.685943 0.283278 0.000000
v 0.706883 0.291246 0.000000
v 0.727749 0.299303 0.000000
v 0.748528 0.307415 0.000000
v 0.769212 0.315546 0.000000
v 0.789789 0.323665 0.000000
v 0.845089 0.345416 0.000000
v 0.899992 0.366487 0.000000
v 0.954614 0.386403 0.000000
v 1.009073 0.404685 0.000000
v 1.063484 0.420858 0.000000
v 1.117966 0.434445 0.000000
v 1.172636 0.444968 0.000000
v 1.227609 0.451953 0.000000
v 1.283003 0.454922 0.000000
v 1.338934 0.453397 0.000000
v 1.395521 0.446904 0.000000
v 1.452879 0.434964 0.000000
v 1.491236 0.424001 0.000000
v 1.527751 0.411291 0.000000
v 1.562351 0.396889 0.000000
v 1.594962 0.380847 0.000000
v 1.625511 0.363218 0.000000
v 1.653925 0.344057 0.000000
v 1.680131 0.323416 0.000000
v 1.704055 0.301348 0.000000
v 1.725624 0.277906 0.000000
v 1.744765 0.253145 0.000000
v 1.761405 0.227117 0.000000
v 1.775469 0.199875 0.000000
v 1.787086 0.171001 0.000000
v 1.796004 0.141004 0.000000
v 1.802227 0.109938 0.000000
v 1.805759 0.077855 0.000000
v 1.806607 0.044810 0.000000
v 1.804774 0.010854 0.000000
v 1.800266 -0.023959 -0.000000
v 1.793087 -0.059575 -0.000000
v 1.783243 -0.095942 -0.000000
v 1.770739 -0.133007 -0.000000
v 1.755578 -0.170716 -0.000000
v 0.123829 -0.113990 -0.000000
v 0.097642 -0.159560 -0.000000
v 0.069621 -0.194669 -0.000000
v 0.040285 -0.220193 -0.000000
v 0.010152 -0.237009 -0.000000
v -0.020259 -0.245994 -0.000000
v -0.050429 -0.248026 -0.000000
v -0.079842 -0.243980 -0.000000
v -0.107977 -0.234734 -0.000000
v -0.134316 -0.221165 -0.000000
v -0.158341 -0.204149 -0.000000
v -0.179534 -0.184563 -0.000000
v -0.197376 -0.163284 -0.000000
v -0.210435 -0.139222 -0.000000
v -0.217790 -0.111495 -0.000000
v -0.219701 -0.081288 -0.000000
v -0.216430 -0.049787 -0.000000
v -0.208239 -0.018178 -0.000000
v -0.195390 0.012353 0.000000
v -0.178145 0.040620 0.000000
v -0.156766 0.065436 0.000000
v -0.131514 0.085617 0.000000
v -0.102651 0.099975 0.000000
v -0.070439 0.107326 0.000000
v -0.035141 0.106482 0.000000
v -0.000338 0.099257 0.000000
v 0.030546 0.088548 0.000000
v 0.057512 0.074791 0.000000
v 0.080559 0.058424 0.000000
v 0.099687 0.039884 0.000000
v 0.114895 0.019609 0.000000
v 0.126184 -0.001964 -0.000000
v 0.133554 -0.024397 -0.000000
v 0.137003 -0.047254 -0.000000
v 0.136532 -0.070097 -0.000000
v 0.132141 -0.092488 -0.000000
vn -0.0000 -0.0000 1.0000
s 0
usemtl SVGMat.005
f 1123//2 1121//2 1122//2
f 1123//2 1120//2 1121//2
f 1124//2 1120//2 1123//2
f 1124//2 1119//2 1120//2
f 1125//2 1119//2 1124//2
f 1125//2 1118//2 1119//2
f 1126//2 1118//2 1125//2
f 1126//2 1117//2 1118//2
f 1127//2 1117//2 1126//2
f 1128//2 1117//2 1127//2
f 1128//2 1116//2 1117//2
f 1129//2 1116//2 1128//2
f 1129//2 1115//2 1116//2
f 1130//2 1115//2 1129//2
f 1130//2 1114//2 1115//2
f 1130//2 1891//2 1114//2
f 1891//2 1892//2 1114//2
f 1892//2 1113//2 1114//2
f 1130//2 1890//2 1891//2
f 1893//2 1113//2 1892//2
f 1130//2 1889//2 1890//2
f 1894//2 1113//2 1893//2
f 1131//2 1889//2 1130//2
f 1131//2 1888//2 1889//2
f 1895//2 1113//2 1894//2
f 1895//2 1112//2 1113//2
f 1131//2 1887//2 1888//2
f 1896//2 1112//2 1895//2
f 1131//2 1886//2 1887//2
f 1897//2 1112//2 1896//2
f 1897//2 1111//2 1112//2
f 1131//2 1885//2 1886//2
f 1898//2 1111//2 1897//2
f 1131//2 1884//2 1885//2
f 1898//2 1110//2 1111//2
f 1899//2 1110//2 1898//2
f 1132//2 1884//2 1131//2
f 1900//2 1110//2 1899//2
f 1900//2 1109//2 1110//2
f 1901//2 1109//2 1900//2
f 1132//2 1883//2 1884//2
f 1902//2 1109//2 1901//2
f 1902//2 1108//2 1109//2
f 1903//2 1108//2 1902//2
f 1133//2 1883//2 1132//2
f 1904//2 1108//2 1903//2
f 1904//2 1107//2 1108//2
f 1133//2 1882//2 1883//2
f 1905//2 1107//2 1904//2
f 1905//2 1106//2 1107//2
f 1906//2 1106//2 1905//2
f 1907//2 1106//2 1906//2
f 1134//2 1882//2 1133//2
f 1134//2 1881//2 1882//2
f 1907//2 1105//2 1106//2
f 1908//2 1105//2 1907//2
f 1908//2 1104//2 1105//2
f 1909//2 1104//2 1908//2
f 1134//2 1880//2 1881//2
f 1910//2 1104//2 1909//2
f 1135//2 1880//2 1134//2
f 1910//2 1103//2 1104//2
f 1911//2 1103//2 1910//2
f 1135//2 1879//2 1880//2
f 1136//2 1879//2 1135//2
f 1912//2 1103//2 1911//2
f 1912//2 1102//2 1103//2
f 1136//2 1878//2 1879//2
f 1913//2 1102//2 1912//2
f 1217//2 1215//2 1216//2
f 1218//2 1215//2 1217//2
f 1218//2 1214//2 1215//2
f 1137//2 1878//2 1136//2
f 1219//2 1214//2 1218//2
f 1219//2 1213//2 1214//2
f 1220//2 1213//2 1219//2
f 1220//2 1212//2 1213//2
f 1220//2 1211//2 1212//2
f 1913//2 1101//2 1102//2
f 1220//2 1210//2 1211//2
f 1220//2 1209//2 1210//2
f 1220//2 1208//2 1209//2
f 1221//2 1208//2 1220//2
f 1221//2 1207//2 1208//2
f 1221//2 1206//2 1207//2
f 1221//2 1205//2 1206//2
f 1221//2 1204//2 1205//2
f 1137//2 1877//2 1878//2
f 1221//2 1203//2 1204//2
f 1221//2 1202//2 1203//2
f 1222//2 1202//2 1221//2
f 1222//2 1201//2 1202//2
f 1222//2 1200//2 1201//2
f 1223//2 1200//2 1222//2
f 1914//2 1101//2 1913//2
f 1223//2 1199//2 1200//2
f 1224//2 1199//2 1223//2
f 1225//2 1199//2 1224//2
f 1914//2 1100//2 1101//2
f 1138//2 1877//2 1137//2
f 1225//2 1198//2 1199//2
f 1138//2 1876//2 1877//2
f 1226//2 1198//2 1225//2
f 1915//2 1100//2 1914//2
f 1226//2 1798//2 1198//2
f 1798//2 1799//2 1198//2
f 1799//2 1197//2 1198//2
f 1227//2 1797//2 1226//2
f 1797//2 1798//2 1226//2
f 1227//2 1796//2 1797//2
f 1800//2 1197//2 1799//2
f 1227//2 1795//2 1796//2
f 1801//2 1197//2 1800//2
f 1227//2 1794//2 1795//2
f 1802//2 1197//2 1801//2
f 1227//2 1793//2 1794//2
f 1915//2 1099//2 1100//2
f 1227//2 1792//2 1793//2
f 1803//2 1197//2 1802//2
f 1228//2 1792//2 1227//2
f 1228//2 1791//2 1792//2
f 1139//2 1876//2 1138//2
f 1916//2 1099//2 1915//2
f 1139//2 1875//2 1876//2
f 1803//2 1196//2 1197//2
f 1228//2 1790//2 1791//2
f 1804//2 1196//2 1803//2
f 1228//2 1789//2 1790//2
f 1229//2 1789//2 1228//2
f 1805//2 1196//2 1804//2
f 1229//2 1788//2 1789//2
f 1805//2 1195//2 1196//2
f 1916//2 1098//2 1099//2
f 1917//2 1098//2 1916//2
f 1229//2 1787//2 1788//2
f 1230//2 1787//2 1229//2
f 1139//2 1874//2 1875//2
f 1806//2 1195//2 1805//2
f 1140//2 1874//2 1139//2
f 1230//2 1786//2 1787//2
f 1806//2 1194//2 1195//2
f 1231//2 1786//2 1230//2
f 1918//2 1098//2 1917//2
f 1807//2 1194//2 1806//2
f 1918//2 1097//2 1098//2
f 1231//2 1785//2 1786//2
f 1140//2 1873//2 1874//2
f 1807//2 1193//2 1194//2
f 1232//2 1785//2 1231//2
f 1808//2 1193//2 1807//2
f 1232//2 1784//2 1785//2
f 1919//2 1097//2 1918//2
f 1141//2 1873//2 1140//2
f 1919//2 1096//2 1097//2
f 1232//2 1783//2 1784//2
f 1233//2 1783//2 1232//2
f 1809//2 1193//2 1808//2
f 1809//2 1192//2 1193//2
f 1141//2 1872//2 1873//2
f 1920//2 1096//2 1919//2
f 1233//2 1782//2 1783//2
f 1234//2 1782//2 1233//2
f 1920//2 1095//2 1096//2
f 1142//2 1872//2 1141//2
f 1810//2 1192//2 1809//2
f 1921//2 1095//2 1920//2
f 1234//2 1781//2 1782//2
f 1810//2 1191//2 1192//2
f 1142//2 1871//2 1872//2
f 1235//2 1781//2 1234//2
f 1922//2 1095//2 1921//2
f 1235//2 1780//2 1781//2
f 1923//2 1095//2 1922//2
f 1924//2 1095//2 1923//2
f 1924//2 1094//2 1095//2
f 1811//2 1191//2 1810//2
f 1925//2 1094//2 1924//2
f 1926//2 1094//2 1925//2
f 1143//2 1871//2 1142//2
f 1927//2 1094//2 1926//2
f 1811//2 1190//2 1191//2
f 1928//2 1094//2 1927//2
f 1929//2 1094//2 1928//2
f 1930//2 1094//2 1929//2
f 1931//2 1094//2 1930//2
f 1235//2 1779//2 1780//2
f 1932//2 1094//2 1931//2
f 1933//2 1094//2 1932//2
f 1236//2 1779//2 1235//2
f 1934//2 1094//2 1933//2
f 1143//2 1870//2 1871//2
f 1934//2 1093//2 1094//2
f 1812//2 1190//2 1811//2
f 1236//2 1778//2 1779//2
f 1144//2 1870//2 1143//2
f 1812//2 1189//2 1190//2
f 1935//2 1093//2 1934//2
f 1237//2 1778//2 1236//2
f 1237//2 1777//2 1778//2
f 1935//2 1092//2 1093//2
f 1935//2 1091//2 1092//2
f 1813//2 1189//2 1812//2
f 1935//2 1090//2 1091//2
f 1935//2 1089//2 1090//2
f 1145//2 1870//2 1144//2
f 1935//2 1088//2 1089//2
f 1145//2 1869//2 1870//2
f 1935//2 1087//2 1088//2
f 1237//2 1776//2 1777//2
f 1813//2 1188//2 1189//2
f 1935//2 1086//2 1087//2
f 1238//2 1776//2 1237//2
f 1936//2 1086//2 1935//2
f 1936//2 1085//2 1086//2
f 1936//2 1084//2 1085//2
f 1936//2 1083//2 1084//2
f 1936//2 1082//2 1083//2
f 1813//2 1187//2 1188//2
f 1936//2 1081//2 1082//2
f 1936//2 1080//2 1081//2
f 1813//2 1186//2 1187//2
f 1814//2 1186//2 1813//2
f 1146//2 1869//2 1145//2
f 1814//2 1185//2 1186//2
f 1937//2 1080//2 1936//2
f 1238//2 1775//2 1776//2
f 1937//2 1079//2 1080//2
f 1146//2 1868//2 1869//2
f 1815//2 1185//2 1814//2
f 1815//2 1184//2 1185//2
f 1816//2 1184//2 1815//2
f 1816//2 1183//2 1184//2
f 1239//2 1775//2 1238//2
f 1147//2 1868//2 1146//2
f 1937//2 1078//2 1079//2
f 1816//2 1182//2 1183//2
f 1817//2 1182//2 1816//2
f 1938//2 1078//2 1937//2
f 1239//2 1774//2 1775//2
f 1817//2 1181//2 1182//2
f 1147//2 1867//2 1868//2
f 1818//2 1181//2 1817//2
f 1818//2 1180//2 1181//2
f 1938//2 1077//2 1078//2
f 1148//2 1867//2 1147//2
f 1818//2 1179//2 1180//2
f 1819//2 1179//2 1818//2
f 1819//2 1178//2 1179//2
f 1939//2 1077//2 1938//2
f 1239//2 1773//2 1774//2
f 1820//2 1178//2 1819//2
f 1820//2 1177//2 1178//2
f 1240//2 1773//2 1239//2
f 1149//2 1867//2 1148//2
f 1939//2 1076//2 1077//2
f 1820//2 1176//2 1177//2
f 1037//2 1035//2 1036//2
f 1821//2 1176//2 1820//2
f 1037//2 1034//2 1035//2
f 1149//2 1866//2 1867//2
f 1038//2 1034//2 1037//2
f 1821//2 1175//2 1176//2
f 1038//2 1033//2 1034//2
f 1039//2 1033//2 1038//2
f 1822//2 1175//2 1821//2
f 1150//2 1866//2 1149//2
f 1040//2 1033//2 1039//2
f 1822//2 1174//2 1175//2
f 1040//2 1032//2 1033//2
f 1240//2 1772//2 1773//2
f 1939//2 1075//2 1076//2
f 1940//2 1075//2 1939//2
f 1823//2 1174//2 1822//2
f 1823//2 1173//2 1174//2
f 1041//2 1032//2 1040//2
f 1041//2 1031//2 1032//2
f 1824//2 1173//2 1823//2
f 1151//2 1866//2 1150//2
f 1824//2 1172//2 1173//2
f 1241//2 1772//2 1240//2
f 1151//2 1865//2 1866//2
f 1042//2 1031//2 1041//2
f 1042//2 1030//2 1031//2
f 1940//2 1074//2 1075//2
f 1825//2 1172//2 1824//2
f 1825//2 1171//2 1172//2
f 1241//2 1771//2 1772//2
f 1152//2 1865//2 1151//2
f 1825//2 1170//2 1171//2
f 1826//2 1170//2 1825//2
f 1042//2 1029//2 1030//2
f 1043//2 1029//2 1042//2
f 1826//2 1169//2 1170//2
f 1941//2 1074//2 1940//2
f 1153//2 1865//2 1152//2
f 1826//2 1168//2 1169//2
f 1941//2 1073//2 1074//2
f 1827//2 1168//2 1826//2
f 1827//2 1167//2 1168//2
f 1043//2 1028//2 1029//2
f 1044//2 1028//2 1043//2
f 1154//2 1865//2 1153//2
f 1154//2 1864//2 1865//2
f 1241//2 1770//2 1771//2
f 1827//2 1166//2 1167//2
f 1155//2 1864//2 1154//2
f 1156//2 1864//2 1155//2
f 1827//2 1165//2 1166//2
f 1157//2 1864//2 1156//2
f 1158//2 1864//2 1157//2
f 1827//2 1164//2 1165//2
f 1827//2 1163//2 1164//2
f 1159//2 1864//2 1158//2
f 1827//2 1162//2 1163//2
f 1160//2 1864//2 1159//2
f 1827//2 1161//2 1162//2
f 1161//2 1864//2 1160//2
f 1827//2 1864//2 1161//2
f 1242//2 1770//2 1241//2
f 1828//2 1864//2 1827//2
f 1045//2 1028//2 1044//2
f 1045//2 1027//2 1028//2
f 1941//2 1072//2 1073//2
f 1942//2 1072//2 1941//2
f 1829//2 1864//2 1828//2
f 1242//2 1769//2 1770//2
f 1046//2 1027//2 1045//2
f 1829//2 1863//2 1864//2
f 1046//2 1978//2 1027//2
f 1978//2 1979//2 1027//2
f 1979//2 1026//2 1027//2
f 1047//2 1978//2 1046//2
f 1830//2 1863//2 1829//2
f 1942//2 1071//2 1072//2
f 1048//2 1978//2 1047//2
f 1048//2 1977//2 1978//2
f 1980//2 1026//2 1979//2
f 1048//2 1976//2 1977//2
f 1049//2 1976//2 1048//2
f 1242//2 1768//2 1769//2
f 1831//2 1863//2 1830//2
f 1243//2 1768//2 1242//2
f 1981//2 1026//2 1980//2
f 1049//2 1975//2 1976//2
f 1050//2 1975//2 1049//2
f 1981//2 1025//2 1026//2
f 1943//2 1071//2 1942//2
f 1943//2 1070//2 1071//2
f 1051//2 1975//2 1050//2
f 1982//2 1025//2 1981//2
f 1831//2 1862//2 1863//2
f 1051//2 1974//2 1975//2
f 1832//2 1862//2 1831//2
f 1052//2 1974//2 1051//2
f 1983//2 1025//2 1982//2
f 1052//2 1973//2 1974//2
f 1053//2 1973//2 1052//2
f 1243//2 1767//2 1768//2
f 1833//2 1862//2 1832//2
f 1943//2 1069//2 1070//2
f 1054//2 1973//2 1053//2
f 1984//2 1025//2 1983//2
f 1984//2 1024//2 1025//2
f 1055//2 1973//2 1054//2
f 1834//2 1862//2 1833//2
f 1055//2 1972//2 1973//2
f 1834//2 1861//2 1862//2
f 1056//2 1972//2 1055//2
f 1943//2 1068//2 1069//2
f 1244//2 1767//2 1243//2
f 1985//2 1024//2 1984//2
f 1057//2 1972//2 1056//2
f 1944//2 1068//2 1943//2
f 1944//2 1067//2 1068//2
f 1244//2 1766//2 1767//2
f 1835//2 1861//2 1834//2
f 1058//2 1972//2 1057//2
f 1944//2 1066//2 1067//2
f 1058//2 1971//2 1972//2
f 1059//2 1971//2 1058//2
f 1944//2 1065//2 1066//2
f 1060//2 1971//2 1059//2
f 1836//2 1861//2 1835//2
f 1061//2 1971//2 1060//2
f 1944//2 1064//2 1065//2
f 1986//2 1024//2 1985//2
f 1062//2 1971//2 1061//2
f 1944//2 1063//2 1064//2
f 1063//2 1971//2 1062//2
f 1944//2 1971//2 1063//2
f 1836//2 1860//2 1861//2
f 1986//2 1023//2 1024//2
f 1837//2 1860//2 1836//2
f 1837//2 1859//2 1860//2
f 1244//2 1765//2 1766//2
f 1944//2 1970//2 1971//2
f 1838//2 1859//2 1837//2
f 1987//2 1023//2 1986//2
f 1839//2 1859//2 1838//2
f 1839//2 1858//2 1859//2
f 1840//2 1858//2 1839//2
f 1841//2 1858//2 1840//2
f 1842//2 1858//2 1841//2
f 1843//2 1858//2 1842//2
f 1843//2 1857//2 1858//2
f 1844//2 1857//2 1843//2
f 1845//2 1857//2 1844//2
f 1245//2 1765//2 1244//2
f 1846//2 1857//2 1845//2
f 1945//2 1970//2 1944//2
f 1847//2 1857//2 1846//2
f 1847//2 1856//2 1857//2
f 1848//2 1856//2 1847//2
f 1849//2 1856//2 1848//2
f 1850//2 1856//2 1849//2
f 1850//2 1855//2 1856//2
f 1851//2 1855//2 1850//2
f 1945//2 1969//2 1970//2
f 1851//2 1854//2 1855//2
f 1988//2 1023//2 1987//2
f 1245//2 1764//2 1765//2
f 1852//2 1854//2 1851//2
f 1852//2 1853//2 1854//2
f 1988//2 1022//2 1023//2
f 1245//2 1763//2 1764//2
f 1245//2 1762//2 1763//2
f 1945//2 1968//2 1969//2
f 1989//2 1022//2 1988//2
f 1245//2 1761//2 1762//2
f 1946//2 1968//2 1945//2
f 1946//2 1967//2 1968//2
f 1246//2 1761//2 1245//2
f 1246//2 1760//2 1761//2
f 1946//2 1966//2 1967//2
f 1989//2 1021//2 1022//2
f 1947//2 1966//2 1946//2
f 1990//2 1021//2 1989//2
f 1947//2 1965//2 1966//2
f 1246//2 1759//2 1760//2
f 1947//2 1964//2 1965//2
f 1948//2 1964//2 1947//2
f 1246//2 1758//2 1759//2
f 1948//2 1963//2 1964//2
f 1246//2 1757//2 1758//2
f 1247//2 1757//2 1246//2
f 1991//2 1021//2 1990//2
f 1949//2 1963//2 1948//2
f 1949//2 1962//2 1963//2
f 1247//2 1756//2 1757//2
f 1949//2 1961//2 1962//2
f 1991//2 1512//2 1021//2
f 1950//2 1961//2 1949//2
f 1247//2 1755//2 1756//2
f 1950//2 1960//2 1961//2
f 1992//2 1512//2 1991//2
f 1950//2 1959//2 1960//2
f 1247//2 1754//2 1755//2
f 1951//2 1959//2 1950//2
f 1248//2 1754//2 1247//2
f 1951//2 1958//2 1959//2
f 1248//2 1753//2 1754//2
f 1951//2 1957//2 1958//2
f 1992//2 1511//2 1512//2
f 1952//2 1957//2 1951//2
f 1248//2 1752//2 1753//2
f 1952//2 1956//2 1957//2
f 1953//2 1956//2 1952//2
f 1993//2 1511//2 1992//2
f 1953//2 1955//2 1956//2
f 1954//2 1955//2 1953//2
f 1249//2 1752//2 1248//2
f 1249//2 1751//2 1752//2
f 1993//2 1510//2 1511//2
f 1994//2 1510//2 1993//2
f 1249//2 1750//2 1751//2
f 1250//2 1750//2 1249//2
f 1251//2 1750//2 1250//2
f 1252//2 1750//2 1251//2
f 1995//2 1510//2 1994//2
f 1995//2 1509//2 1510//2
f 1252//2 1749//2 1750//2
f 1253//2 1749//2 1252//2
f 1254//2 1749//2 1253//2
f 1255//2 1749//2 1254//2
f 1255//2 1748//2 1749//2
f 1996//2 1509//2 1995//2
f 1256//2 1748//2 1255//2
f 1257//2 1748//2 1256//2
f 1996//2 1508//2 1509//2
f 1258//2 1748//2 1257//2
f 1258//2 1747//2 1748//2
f 1259//2 1747//2 1258//2
f 1997//2 1508//2 1996//2
f 1260//2 1747//2 1259//2
f 2027//2 2029//2 2028//2
f 2027//2 2030//2 2029//2
f 2026//2 2030//2 2027//2
f 2026//2 2031//2 2030//2
f 1261//2 1747//2 1260//2
f 1262//2 1747//2 1261//2
f 1997//2 1507//2 1508//2
f 1262//2 1746//2 1747//2
f 2026//2 2032//2 2031//2
f 2025//2 2032//2 2026//2
f 1263//2 1746//2 1262//2
f 1998//2 1507//2 1997//2
f 2025//2 2033//2 2032//2
f 1264//2 1746//2 1263//2
f 2024//2 2033//2 2025//2
f 1264//2 1745//2 1746//2
f 1265//2 1745//2 1264//2
f 2024//2 2034//2 2033//2
f 1266//2 1745//2 1265//2
f 1998//2 1506//2 1507//2
f 1999//2 1506//2 1998//2
f 2023//2 2034//2 2024//2
f 2023//2 2035//2 2034//2
f 1267//2 1745//2 1266//2
f 1267//2 1744//2 1745//2
f 1268//2 1744//2 1267//2
f 2023//2 2036//2 2035//2
f 2022//2 2036//2 2023//2
f 2000//2 1506//2 1999//2
f 1269//2 1744//2 1268//2
f 1269//2 1743//2 1744//2
f 2000//2 1505//2 1506//2
f 2022//2 2037//2 2036//2
f 1270//2 1743//2 1269//2
f 1271//2 1743//2 1270//2
f 2021//2 2037//2 2022//2
f 2001//2 1505//2 2000//2
f 2021//2 2038//2 2037//2
f 1272//2 1743//2 1271//2
f 1272//2 1742//2 1743//2
f 1273//2 1742//2 1272//2
f 2021//2 2039//2 2038//2
f 2020//2 2039//2 2021//2
f 2001//2 1504//2 1505//2
f 1274//2 1742//2 1273//2
f 2002//2 1504//2 2001//2
f 1274//2 1741//2 1742//2
f 2020//2 2040//2 2039//2
f 1275//2 1741//2 1274//2
f 2019//2 2040//2 2020//2
f 2019//2 2005//2 2040//2
f 1275//2 1740//2 1741//2
f 2003//2 1504//2 2002//2
f 1276//2 1740//2 1275//2
f 2003//2 1503//2 1504//2
f 2018//2 2005//2 2019//2
f 2018//2 2006//2 2005//2
f 1277//2 1740//2 1276//2
f 2004//2 1503//2 2003//2
f 2017//2 2006//2 2018//2
f 1277//2 1739//2 1740//2
f 1278//2 1739//2 1277//2
f 2017//2 2007//2 2006//2
f 2004//2 1502//2 1503//2
f 2016//2 2007//2 2017//2
f 1279//2 1739//2 1278//2
f 1513//2 1502//2 2004//2
f 1547//2 1545//2 1546//2
f 1547//2 1544//2 1545//2
f 1548//2 1544//2 1547//2
f 1548//2 1543//2 1544//2
f 1549//2 1543//2 1548//2
f 2015//2 2007//2 2016//2
f 1279//2 1738//2 1739//2
f 1280//2 1738//2 1279//2
f 1549//2 1542//2 1543//2
f 1550//2 1542//2 1549//2
f 2015//2 2008//2 2007//2
f 1551//2 1542//2 1550//2
f 1551//2 1541//2 1542//2
f 2014//2 2008//2 2015//2
f 1281//2 1738//2 1280//2
f 1552//2 1541//2 1551//2
f 1514//2 1502//2 1513//2
f 1553//2 1541//2 1552//2
f 1514//2 1501//2 1502//2
f 1553//2 1540//2 1541//2
f 2014//2 2009//2 2008//2
f 2013//2 2009//2 2014//2
f 1282//2 1738//2 1281//2
f 1282//2 1737//2 1738//2
f 1554//2 1540//2 1553//2
f 2012//2 2009//2 2013//2
f 1283//2 1737//2 1282//2
f 2012//2 2010//2 2009//2
f 1554//2 1539//2 1540//2
f 1515//2 1501//2 1514//2
f 2011//2 2010//2 2012//2
f 1555//2 1539//2 1554//2
f 1284//2 1737//2 1283//2
f 1285//2 1737//2 1284//2
f 1556//2 1539//2 1555//2
f 1285//2 1736//2 1737//2
f 1286//2 1736//2 1285//2
f 1556//2 1538//2 1539//2
f 1287//2 1736//2 1286//2
f 1516//2 1501//2 1515//2
f 1557//2 1538//2 1556//2
f 1288//2 1736//2 1287//2
f 1516//2 1500//2 1501//2
f 1557//2 1537//2 1538//2
f 1289//2 1736//2 1288//2
f 1558//2 1537//2 1557//2
f 1289//2 1735//2 1736//2
f 1517//2 1500//2 1516//2
f 1290//2 1735//2 1289//2
f 1559//2 1537//2 1558//2
f 1517//2 1499//2 1500//2
f 1290//2 1734//2 1735//2
f 1559//2 1468//2 1537//2
f 1468//2 1536//2 1537//2
f 1518//2 1499//2 1517//2
f 1560//2 1467//2 1559//2
f 1467//2 1468//2 1559//2
f 1469//2 1536//2 1468//2
f 1560//2 1466//2 1467//2
f 1291//2 1734//2 1290//2
f 1470//2 1536//2 1469//2
f 1560//2 1465//2 1466//2
f 1471//2 1536//2 1470//2
f 1560//2 1464//2 1465//2
f 1560//2 1463//2 1464//2
f 1519//2 1499//2 1518//2
f 1291//2 1733//2 1734//2
f 1472//2 1536//2 1471//2
f 1560//2 1462//2 1463//2
f 1561//2 1462//2 1560//2
f 1472//2 1535//2 1536//2
f 1561//2 1461//2 1462//2
f 1292//2 1733//2 1291//2
f 1519//2 1498//2 1499//2
f 1473//2 1535//2 1472//2
f 1561//2 1460//2 1461//2
f 1520//2 1498//2 1519//2
f 1561//2 1459//2 1460//2
f 1292//2 1732//2 1733//2
f 1474//2 1535//2 1473//2
f 1562//2 1459//2 1561//2
f 1562//2 1458//2 1459//2
f 1474//2 1534//2 1535//2
f 1562//2 1457//2 1458//2
f 1521//2 1498//2 1520//2
f 1293//2 1732//2 1292//2
f 1293//2 1731//2 1732//2
f 1475//2 1534//2 1474//2
f 1562//2 1456//2 1457//2
f 1521//2 1497//2 1498//2
f 1562//2 1455//2 1456//2
f 1475//2 1533//2 1534//2
f 1293//2 1730//2 1731//2
f 1522//2 1497//2 1521//2
f 1476//2 1533//2 1475//2
f 1562//2 1454//2 1455//2
f 1293//2 1729//2 1730//2
f 1523//2 1497//2 1522//2
f 1294//2 1729//2 1293//2
f 1294//2 1728//2 1729//2
f 1476//2 1532//2 1533//2
f 1562//2 1453//2 1454//2
f 1294//2 1727//2 1728//2
f 1523//2 1496//2 1497//2
f 1524//2 1496//2 1523//2
f 1477//2 1532//2 1476//2
f 1563//2 1453//2 1562//2
f 1294//2 1726//2 1727//2
f 1563//2 1452//2 1453//2
f 1477//2 1531//2 1532//2
f 1668//2 1666//2 1667//2
f 1668//2 1665//2 1666//2
f 1669//2 1665//2 1668//2
f 1669//2 1664//2 1665//2
f 1525//2 1496//2 1524//2
f 1670//2 1664//2 1669//2
f 1670//2 1663//2 1664//2
f 1294//2 1725//2 1726//2
f 1670//2 1662//2 1663//2
f 1477//2 1530//2 1531//2
f 1526//2 1496//2 1525//2
f 1295//2 1725//2 1294//2
f 1671//2 1662//2 1670//2
f 1671//2 1661//2 1662//2
f 1478//2 1530//2 1477//2
f 1295//2 1724//2 1725//2
f 1526//2 1495//2 1496//2
f 1478//2 1529//2 1530//2
f 1527//2 1495//2 1526//2
f 1671//2 1660//2 1661//2
f 1478//2 1528//2 1529//2
f 1528//2 1495//2 1527//2
f 1563//2 1451//2 1452//2
f 1478//2 1495//2 1528//2
f 1671//2 1659//2 1660//2
f 1672//2 1659//2 1671//2
f 1295//2 1723//2 1724//2
f 1672//2 1658//2 1659//2
f 1478//2 1494//2 1495//2
f 1564//2 1451//2 1563//2
f 1479//2 1494//2 1478//2
f 1296//2 1723//2 1295//2
f 1296//2 1722//2 1723//2
f 1672//2 1657//2 1658//2
f 1564//2 1450//2 1451//2
f 1673//2 1657//2 1672//2
f 1673//2 1656//2 1657//2
f 1479//2 1493//2 1494//2
f 1296//2 1721//2 1722//2
f 1480//2 1493//2 1479//2
f 1674//2 1656//2 1673//2
f 1564//2 1449//2 1450//2
f 1297//2 1721//2 1296//2
f 1480//2 1492//2 1493//2
f 1565//2 1449//2 1564//2
f 1297//2 1720//2 1721//2
f 1481//2 1492//2 1480//2
f 1674//2 1655//2 1656//2
f 1481//2 1491//2 1492//2
f 1565//2 1448//2 1449//2
f 1675//2 1347//2 1674//2
f 1347//2 1348//2 1674//2
f 1348//2 1655//2 1674//2
f 1482//2 1491//2 1481//2
f 1297//2 1719//2 1720//2
f 1482//2 1490//2 1491//2
f 1298//2 1719//2 1297//2
f 1482//2 1489//2 1490//2
f 1483//2 1489//2 1482//2
f 1675//2 1346//2 1347//2
f 1349//2 1655//2 1348//2
f 1675//2 1345//2 1346//2
f 1350//2 1655//2 1349//2
f 1566//2 1448//2 1565//2
f 1675//2 1344//2 1345//2
f 1351//2 1655//2 1350//2
f 1352//2 1655//2 1351//2
f 1566//2 1447//2 1448//2
f 1675//2 1343//2 1344//2
f 1352//2 1654//2 1655//2
f 1353//2 1654//2 1352//2
f 1483//2 1488//2 1489//2
f 1354//2 1654//2 1353//2
f 1298//2 1718//2 1719//2
f 1484//2 1488//2 1483//2
f 1675//2 1342//2 1343//2
f 1355//2 1654//2 1354//2
f 1356//2 1654//2 1355//2
f 1484//2 1487//2 1488//2
f 1299//2 1718//2 1298//2
f 1676//2 1342//2 1675//2
f 1485//2 1487//2 1484//2
f 1676//2 1341//2 1342//2
f 1357//2 1654//2 1356//2
f 1485//2 1486//2 1487//2
f 1358//2 1654//2 1357//2
f 1566//2 1446//2 1447//2
f 1676//2 1340//2 1341//2
f 1299//2 1717//2 1718//2
f 1300//2 1717//2 1299//2
f 1567//2 1446//2 1566//2
f 1359//2 1654//2 1358//2
f 1359//2 1653//2 1654//2
f 1676//2 1339//2 1340//2
f 1677//2 1339//2 1676//2
f 1567//2 1445//2 1446//2
f 1300//2 1716//2 1717//2
f 1360//2 1653//2 1359//2
f 1301//2 1716//2 1300//2
f 1677//2 1338//2 1339//2
f 1568//2 1445//2 1567//2
f 1301//2 1715//2 1716//2
f 1568//2 1444//2 1445//2
f 1360//2 1652//2 1653//2
f 1361//2 1652//2 1360//2
f 1302//2 1715//2 1301//2
f 1302//2 1714//2 1715//2
f 1678//2 1338//2 1677//2
f 1678//2 1337//2 1338//2
f 1568//2 1443//2 1444//2
f 1569//2 1443//2 1568//2
f 1362//2 1652//2 1361//2
f 1302//2 1713//2 1714//2
f 1303//2 1713//2 1302//2
f 1362//2 1651//2 1652//2
f 1569//2 1442//2 1443//2
f 1303//2 1712//2 1713//2
f 1678//2 1336//2 1337//2
f 1363//2 1651//2 1362//2
f 1570//2 1442//2 1569//2
f 1304//2 1712//2 1303//2
f 1679//2 1336//2 1678//2
f 1570//2 1441//2 1442//2
f 1304//2 1711//2 1712//2
f 1363//2 1650//2 1651//2
f 1570//2 1440//2 1441//2
f 1304//2 1710//2 1711//2
f 1570//2 1439//2 1440//2
f 1364//2 1650//2 1363//2
f 1305//2 1710//2 1304//2
f 1570//2 1438//2 1439//2
f 1571//2 1438//2 1570//2
f 1571//2 1437//2 1438//2
f 1679//2 1335//2 1336//2
f 1571//2 1436//2 1437//2
f 1571//2 1435//2 1436//2
f 1305//2 1709//2 1710//2
f 1571//2 1434//2 1435//2
f 1571//2 1433//2 1434//2
f 1571//2 1432//2 1433//2
f 1680//2 1335//2 1679//2
f 1571//2 1431//2 1432//2
f 1306//2 1709//2 1305//2
f 1365//2 1650//2 1364//2
f 1571//2 1430//2 1431//2
f 1365//2 1649//2 1650//2
f 1572//2 1430//2 1571//2
f 1572//2 1429//2 1430//2
f 1306//2 1708//2 1709//2
f 1572//2 1428//2 1429//2
f 1306//2 1707//2 1708//2
f 1307//2 1707//2 1306//2
f 1680//2 1334//2 1335//2
f 1572//2 1427//2 1428//2
f 1366//2 1649//2 1365//2
f 1573//2 1427//2 1572//2
f 1366//2 1648//2 1649//2
f 1307//2 1706//2 1707//2
f 1681//2 1334//2 1680//2
f 1573//2 1426//2 1427//2
f 1308//2 1706//2 1307//2
f 1574//2 1426//2 1573//2
f 1575//2 1426//2 1574//2
f 1367//2 1648//2 1366//2
f 1576//2 1426//2 1575//2
f 1308//2 1705//2 1706//2
f 1577//2 1426//2 1576//2
f 1578//2 1426//2 1577//2
f 1579//2 1426//2 1578//2
f 1580//2 1426//2 1579//2
f 1581//2 1426//2 1580//2
f 1581//2 1425//2 1426//2
f 1309//2 1705//2 1308//2
f 1367//2 1647//2 1648//2
f 1582//2 1425//2 1581//2
f 1309//2 1704//2 1705//2
f 1583//2 1425//2 1582//2
f 1681//2 1333//2 1334//2
f 1584//2 1425//2 1583//2
f 1585//2 1425//2 1584//2
f 1368//2 1647//2 1367//2
f 1586//2 1425//2 1585//2
f 1587//2 1425//2 1586//2
f 1587//2 1424//2 1425//2
f 1310//2 1704//2 1309//2
f 1682//2 1333//2 1681//2
f 1310//2 1703//2 1704//2
f 1368//2 1646//2 1647//2
f 1588//2 1424//2 1587//2
f 1369//2 1646//2 1368//2
f 1310//2 1702//2 1703//2
f 1588//2 1423//2 1424//2
f 1589//2 1423//2 1588//2
f 1683//2 1333//2 1682//2
f 1311//2 1702//2 1310//2
f 1370//2 1646//2 1369//2
f 1683//2 1332//2 1333//2
f 1590//2 1423//2 1589//2
f 1370//2 1645//2 1646//2
f 1311//2 1701//2 1702//2
f 1371//2 1645//2 1370//2
f 1684//2 1332//2 1683//2
f 1590//2 1422//2 1423//2
f 1591//2 1422//2 1590//2
f 1372//2 1645//2 1371//2
f 1312//2 1701//2 1311//2
f 1312//2 1700//2 1701//2
f 1685//2 1332//2 1684//2
f 1373//2 1645//2 1372//2
f 1373//2 1644//2 1645//2
f 1685//2 1331//2 1332//2
f 1591//2 1421//2 1422//2
f 1592//2 1421//2 1591//2
f 1312//2 1699//2 1700//2
f 1374//2 1644//2 1373//2
f 1374//2 1643//2 1644//2
f 1686//2 1331//2 1685//2
f 1313//2 1699//2 1312//2
f 1375//2 1643//2 1374//2
f 1375//2 1642//2 1643//2
f 1313//2 1698//2 1699//2
f 1593//2 1421//2 1592//2
f 1376//2 1642//2 1375//2
f 1376//2 1641//2 1642//2
f 1686//2 1330//2 1331//2
f 1593//2 1420//2 1421//2
f 1687//2 1330//2 1686//2
f 1313//2 1697//2 1698//2
f 1377//2 1641//2 1376//2
f 1377//2 1640//2 1641//2
f 1314//2 1697//2 1313//2
f 1594//2 1420//2 1593//2
f 1688//2 1330//2 1687//2
f 1314//2 1696//2 1697//2
f 1377//2 1639//2 1640//2
f 1378//2 1639//2 1377//2
f 1689//2 1330//2 1688//2
f 1689//2 1329//2 1330//2
f 1594//2 1419//2 1420//2
f 1314//2 1695//2 1696//2
f 1378//2 1638//2 1639//2
f 1379//2 1638//2 1378//2
f 1595//2 1419//2 1594//2
f 1690//2 1329//2 1689//2
f 1315//2 1695//2 1314//2
f 1315//2 1694//2 1695//2
f 1379//2 1637//2 1638//2
f 1380//2 1637//2 1379//2
f 1691//2 1329//2 1690//2
f 1315//2 1693//2 1694//2
f 1692//2 1329//2 1691//2
f 1315//2 1692//2 1693//2
f 1315//2 1329//2 1692//2
f 1380//2 1636//2 1637//2
f 1381//2 1636//2 1380//2
f 1315//2 1328//2 1329//2
f 1595//2 1418//2 1419//2
f 1596//2 1418//2 1595//2
f 1381//2 1635//2 1636//2
f 1316//2 1328//2 1315//2
f 1382//2 1635//2 1381//2
f 1382//2 1634//2 1635//2
f 1316//2 1327//2 1328//2
f 1382//2 1633//2 1634//2
f 1317//2 1327//2 1316//2
f 1597//2 1418//2 1596//2
f 1382//2 1632//2 1633//2
f 1597//2 1417//2 1418//2
f 1383//2 1632//2 1382//2
f 1317//2 1326//2 1327//2
f 1318//2 1326//2 1317//2
f 1598//2 1417//2 1597//2
f 1383//2 1631//2 1632//2
f 1318//2 1325//2 1326//2
f 1319//2 1325//2 1318//2
f 1598//2 1416//2 1417//2
f 1384//2 1631//2 1383//2
f 1319//2 1324//2 1325//2
f 1320//2 1324//2 1319//2
f 1599//2 1416//2 1598//2
f 1384//2 1630//2 1631//2
f 1320//2 1323//2 1324//2
f 1321//2 1323//2 1320//2
f 1321//2 1322//2 1323//2
f 1599//2 1415//2 1416//2
f 1600//2 1415//2 1599//2
f 1384//2 1629//2 1630//2
f 1385//2 1629//2 1384//2
f 1385//2 1628//2 1629//2
f 1601//2 1415//2 1600//2
f 1601//2 1414//2 1415//2
f 1386//2 1628//2 1385//2
f 1386//2 1627//2 1628//2
f 1602//2 1414//2 1601//2
f 1602//2 1413//2 1414//2
f 1386//2 1626//2 1627//2
f 1603//2 1413//2 1602//2
f 1387//2 1626//2 1386//2
f 1387//2 1625//2 1626//2
f 1604//2 1413//2 1603//2
f 1604//2 1412//2 1413//2
f 1388//2 1625//2 1387//2
f 1388//2 1624//2 1625//2
f 1605//2 1412//2 1604//2
f 1388//2 1623//2 1624//2
f 1605//2 1411//2 1412//2
f 1606//2 1411//2 1605//2
f 1389//2 1623//2 1388//2
f 1389//2 1622//2 1623//2
f 1607//2 1411//2 1606//2
f 1607//2 1410//2 1411//2
f 1389//2 1621//2 1622//2
f 1390//2 1621//2 1389//2
f 1608//2 1410//2 1607//2
f 1390//2 1620//2 1621//2
f 1609//2 1410//2 1608//2
f 1609//2 1409//2 1410//2
f 1391//2 1620//2 1390//2
f 1610//2 1409//2 1609//2
f 1391//2 1619//2 1620//2
f 1611//2 1409//2 1610//2
f 1611//2 1408//2 1409//2
f 1391//2 1618//2 1619//2
f 1392//2 1618//2 1391//2
f 1612//2 1408//2 1611//2
f 1392//2 1617//2 1618//2
f 1613//2 1408//2 1612//2
f 1613//2 1407//2 1408//2
f 1392//2 1616//2 1617//2
f 1614//2 1407//2 1613//2
f 1393//2 1616//2 1392//2
f 1393//2 1615//2 1616//2
f 1615//2 1407//2 1614//2
f 1393//2 1407//2 1615//2
f 1393//2 1406//2 1407//2
f 1394//2 1406//2 1393//2
f 1394//2 1405//2 1406//2
f 1395//2 1405//2 1394//2
f 1395//2 1404//2 1405//2
f 1396//2 1404//2 1395//2
f 1396//2 1403//2 1404//2
f 1397//2 1403//2 1396//2
f 1397//2 1402//2 1403//2
f 1398//2 1402//2 1397//2
f 1398//2 1401//2 1402//2
f 1399//2 1401//2 1398//2
f 1399//2 1400//2 1401//2
