# Blender 5.1.2
# www.blender.org
mtllib coral_6.mtl
o pCylinder35_ParlakVersiyon_0
v -0.039342 0.369211 0.166186
v -0.033466 0.367153 0.177533
v 0.000000 0.324922 0.145162
v -0.024315 0.365520 0.186538
v -0.012783 0.364471 0.192319
v -0.000000 0.364110 0.194311
v 0.012783 0.364471 0.192319
v 0.024315 0.365520 0.186538
v 0.033466 0.367153 0.177533
v 0.039342 0.369211 0.166186
v 0.041366 0.371492 0.153609
v 0.039342 0.373774 0.141031
v 0.033466 0.375832 0.129685
v 0.024315 0.377465 0.120680
v 0.012783 0.378514 0.114899
v 0.000000 0.378875 0.112906
v -0.012783 0.378514 0.114899
v -0.024315 0.377465 0.120680
v -0.033466 0.375832 0.129685
v -0.039342 0.373774 0.141031
v -0.041366 0.371492 0.153609
v -0.026785 -0.025768 0.101333
v -0.031487 -0.024121 0.092252
v 0.000000 -0.022295 0.082185
v -0.019460 -0.027075 0.108540
v -0.010231 -0.027915 0.113167
v 0.000000 -0.028204 0.114761
v 0.010231 -0.027915 0.113167
v 0.019460 -0.027075 0.108540
v 0.026785 -0.025768 0.101333
v 0.031487 -0.024121 0.092252
v 0.033108 -0.022295 0.082185
v 0.031487 -0.020470 0.072119
v 0.026785 -0.018822 0.063038
v 0.019460 -0.017515 0.055831
v 0.010231 -0.016676 0.051204
v 0.000000 -0.016387 0.049609
v -0.010231 -0.016676 0.051204
v -0.019460 -0.017515 0.055831
v -0.026785 -0.018822 0.063038
v -0.031487 -0.020470 0.072119
v -0.033108 -0.022295 0.082185
v -0.148525 0.510827 -0.248077
v -0.143510 0.515835 -0.237589
v -0.103177 0.448378 -0.232304
v -0.135168 0.520294 -0.229177
v -0.124315 0.523769 -0.223666
v -0.112013 0.525917 -0.221594
v -0.099468 0.526531 -0.223165
v -0.087906 0.525549 -0.228224
v -0.078460 0.523067 -0.236277
v -0.072054 0.519329 -0.246535
v -0.069315 0.514700 -0.257994
v -0.070512 0.509634 -0.269532
v -0.075527 0.504626 -0.280021
v -0.083870 0.500167 -0.288432
v -0.094723 0.496693 -0.293944
v -0.107024 0.494544 -0.296015
v -0.119570 0.493930 -0.294445
v -0.131132 0.494912 -0.289385
v -0.140578 0.497394 -0.281332
v -0.146984 0.501132 -0.271074
v -0.149722 0.505761 -0.259615
v -0.074749 -0.009736 -0.023103
v -0.077526 -0.012510 -0.028911
v -0.055890 -0.012782 -0.034724
v -0.070129 -0.007267 -0.018444
v -0.064118 -0.005343 -0.015392
v -0.057306 -0.004153 -0.014245
v -0.050358 -0.003813 -0.015115
v -0.043955 -0.004357 -0.017917
v -0.038724 -0.005731 -0.022376
v -0.035177 -0.007801 -0.028057
v -0.033660 -0.010365 -0.034403
v -0.034323 -0.013170 -0.040793
v -0.037100 -0.015944 -0.046601
v -0.041720 -0.018413 -0.051260
v -0.047731 -0.020337 -0.054312
v -0.054543 -0.021527 -0.055459
v -0.061491 -0.021867 -0.054589
v -0.067894 -0.021323 -0.051787
v -0.073125 -0.019949 -0.047328
v -0.076672 -0.017879 -0.041647
v -0.078189 -0.015315 -0.035301
v -0.278243 0.347442 -0.173831
v -0.273297 0.353945 -0.162985
v -0.227160 0.309367 -0.165797
v -0.264781 0.360151 -0.154422
v -0.253527 0.365453 -0.148979
v -0.240638 0.369332 -0.147190
v -0.227375 0.371409 -0.149229
v -0.215037 0.371479 -0.154898
v -0.204831 0.369537 -0.163641
v -0.197756 0.365772 -0.174602
v -0.194504 0.360553 -0.186708
v -0.195395 0.354391 -0.198775
v -0.200341 0.347889 -0.209621
v -0.208857 0.341683 -0.218184
v -0.220111 0.336381 -0.223627
v -0.233000 0.332501 -0.225416
v -0.246263 0.330425 -0.223377
v -0.258601 0.330354 -0.217708
v -0.268807 0.332296 -0.208965
v -0.275882 0.336061 -0.198004
v -0.279133 0.341280 -0.185898
v -0.184341 0.002007 0.005751
v -0.188299 -0.003197 -0.002930
v -0.155146 -0.000417 -0.012912
v -0.177525 0.006974 0.012605
v -0.168518 0.011217 0.016961
v -0.158202 0.014322 0.018392
v -0.147587 0.015984 0.016760
v -0.137712 0.016041 0.012223
v -0.129544 0.014486 0.005226
v -0.123881 0.011473 -0.003547
v -0.121279 0.007296 -0.013236
v -0.121992 0.002364 -0.022894
v -0.125950 -0.002840 -0.031574
v -0.132766 -0.007807 -0.038428
v -0.141773 -0.012051 -0.042784
v -0.152089 -0.015155 -0.044216
v -0.162704 -0.016817 -0.042584
v -0.172579 -0.016874 -0.038047
v -0.180747 -0.015320 -0.031049
v -0.186410 -0.012306 -0.022277
v -0.189012 -0.008129 -0.012587
v -0.370162 0.347246 -0.048698
v -0.380953 0.344148 -0.042259
v -0.341425 0.314923 -0.003082
v -0.389539 0.342450 -0.032725
v -0.395080 0.342317 -0.021029
v -0.397033 0.343762 -0.008317
v -0.395207 0.346645 0.004167
v -0.389782 0.350682 0.015202
v -0.381287 0.355479 0.023707
v -0.370555 0.360566 0.028849
v -0.358635 0.365445 0.030125
v -0.346696 0.369638 0.027411
v -0.335905 0.372736 0.020972
v -0.327319 0.374434 0.011438
v -0.321778 0.374567 -0.000258
v -0.319825 0.373122 -0.012970
v -0.321651 0.370239 -0.025454
v -0.327077 0.366202 -0.036489
v -0.335571 0.361405 -0.044993
v -0.346304 0.356318 -0.050136
v -0.358223 0.351439 -0.051412
v -0.232674 -0.020978 0.027987
v -0.224037 -0.018499 0.022833
v -0.214647 -0.009538 0.053290
v -0.239546 -0.022338 0.035617
v -0.243980 -0.022444 0.044978
v -0.245543 -0.021287 0.055152
v -0.244082 -0.018980 0.065144
v -0.239740 -0.015749 0.073975
v -0.232941 -0.011910 0.080782
v -0.224351 -0.007838 0.084898
v -0.214812 -0.003934 0.085919
v -0.205256 -0.000577 0.083747
v -0.196620 0.001902 0.078593
v -0.189748 0.003261 0.070963
v -0.185313 0.003368 0.061602
v -0.183750 0.002211 0.051428
v -0.185211 -0.000096 0.041436
v -0.189554 -0.003327 0.032605
v -0.196353 -0.007167 0.025798
v -0.204942 -0.011238 0.021682
v -0.214482 -0.015143 0.020661
v 0.141503 0.356213 0.276335
v 0.143901 0.352185 0.284501
v 0.158778 0.308215 0.253018
v 0.148901 0.348004 0.291296
v 0.156014 0.344078 0.296054
v 0.164545 0.340792 0.298310
v 0.173657 0.338467 0.297843
v 0.182459 0.337332 0.294699
v 0.190089 0.337497 0.289185
v 0.195801 0.338946 0.281841
v 0.199035 0.341537 0.273387
v 0.199475 0.345016 0.264649
v 0.197077 0.349044 0.256483
v 0.192077 0.353225 0.249688
v 0.184964 0.357151 0.244930
v 0.176434 0.360437 0.242674
v 0.167322 0.362761 0.243141
v 0.158519 0.363897 0.246285
v 0.150889 0.363732 0.251799
v 0.145177 0.362283 0.259143
v 0.141943 0.359692 0.267597
v 0.050181 -0.006643 0.133951
v 0.048263 -0.003420 0.127416
v 0.071461 -0.007900 0.122739
v 0.054183 -0.009990 0.139389
v 0.059876 -0.013132 0.143198
v 0.066704 -0.015762 0.145003
v 0.073996 -0.017622 0.144629
v 0.081041 -0.018531 0.142113
v 0.087148 -0.018399 0.137700
v 0.091720 -0.017239 0.131822
v 0.094308 -0.015166 0.125056
v 0.094660 -0.012381 0.118063
v 0.092741 -0.009157 0.111527
v 0.088739 -0.005811 0.106089
v 0.083046 -0.002669 0.102281
v 0.076219 -0.000039 0.100475
v 0.068926 0.001822 0.100849
v 0.061881 0.002730 0.103365
v 0.055774 0.002599 0.107778
v 0.051203 0.001439 0.113656
v 0.048615 -0.000635 0.120422
v -0.257330 0.196811 0.329918
v -0.249006 0.193272 0.343535
v -0.201855 0.193500 0.304956
v -0.237063 0.192354 0.354661
v -0.222673 0.194147 0.362208
v -0.207243 0.198476 0.365435
v -0.192283 0.204916 0.364029
v -0.179258 0.212838 0.358125
v -0.169444 0.221466 0.348303
v -0.163800 0.229955 0.335523
v -0.162879 0.237475 0.321036
v -0.166771 0.243289 0.306262
v -0.175096 0.246829 0.292645
v -0.187038 0.247747 0.281518
v -0.201429 0.245954 0.273972
v -0.216859 0.241625 0.270744
v -0.231819 0.235184 0.272151
v -0.244843 0.227262 0.278055
v -0.254658 0.218634 0.287877
v -0.260302 0.210145 0.300657
v -0.261223 0.202625 0.315143
v -0.155417 -0.025883 0.227398
v -0.162079 -0.023050 0.216500
v -0.125840 -0.004451 0.207033
v -0.145859 -0.026618 0.236303
v -0.134341 -0.025183 0.242342
v -0.121992 -0.021718 0.244926
v -0.110019 -0.016563 0.243800
v -0.099594 -0.010223 0.239075
v -0.091739 -0.003318 0.231214
v -0.087222 0.003477 0.220985
v -0.086485 0.009495 0.209391
v -0.089601 0.014148 0.197566
v -0.096263 0.016981 0.186668
v -0.105821 0.017716 0.177763
v -0.117339 0.016281 0.171723
v -0.129688 0.012816 0.169140
v -0.141661 0.007662 0.170266
v -0.152085 0.001321 0.174991
v -0.159940 -0.005584 0.182852
v -0.164458 -0.012379 0.193080
v -0.165195 -0.018397 0.204675
v -0.037779 0.387239 0.376628
v -0.036247 0.381216 0.387981
v 0.003180 0.340692 0.353781
v -0.030819 0.375683 0.398345
v -0.022026 0.371183 0.406708
v -0.010729 0.368156 0.412250
v 0.001967 0.366898 0.414428
v 0.014817 0.367532 0.413031
v 0.026566 0.369996 0.408193
v 0.036062 0.374050 0.400390
v 0.042376 0.379296 0.390384
v 0.044890 0.385220 0.379155
v 0.043358 0.391243 0.367803
v 0.037930 0.396776 0.357438
v 0.029137 0.401276 0.349076
v 0.017840 0.404303 0.343534
v 0.005145 0.405562 0.341355
v -0.007706 0.404927 0.342753
v -0.019455 0.402463 0.347590
v -0.028951 0.398409 0.355394
v -0.035265 0.393164 0.365400
v -0.031473 -0.002840 0.182091
v -0.032699 0.001981 0.173005
v 0.000383 0.001173 0.174016
v -0.027129 -0.007268 0.190386
v -0.020091 -0.010869 0.197079
v -0.011050 -0.013292 0.201515
v -0.000889 -0.014299 0.203259
v 0.009396 -0.013792 0.202140
v 0.018799 -0.011819 0.198268
v 0.026399 -0.008575 0.192023
v 0.031453 -0.004377 0.184015
v 0.033465 0.000365 0.175028
v 0.032239 0.005186 0.165942
v 0.027894 0.009614 0.157647
v 0.020857 0.013216 0.150954
v 0.011815 0.015638 0.146518
v 0.001654 0.016645 0.144774
v -0.008631 0.016138 0.145893
v -0.018034 0.014165 0.149765
v -0.025634 0.010921 0.156010
v -0.030687 0.006723 0.164018
v -0.055998 0.671191 0.008456
v -0.047634 0.671800 0.024858
v 0.000000 0.589601 -0.006721
v -0.034608 0.672283 0.037875
v -0.018195 0.672594 0.046233
v -0.000000 0.672701 0.049113
v 0.018195 0.672594 0.046233
v 0.034608 0.672283 0.037875
v 0.047634 0.671800 0.024858
v 0.055998 0.671191 0.008456
v 0.058879 0.670515 -0.009726
v 0.055998 0.669840 -0.027909
v 0.047634 0.669230 -0.044311
v 0.034608 0.668747 -0.057328
v 0.018195 0.668436 -0.065685
v 0.000000 0.668329 -0.068565
v -0.018195 0.668436 -0.065685
v -0.034608 0.668747 -0.057328
v -0.047634 0.669230 -0.044311
v -0.055998 0.669840 -0.027909
v -0.058879 0.670515 -0.009726
v -0.025978 -0.012970 0.034551
v -0.030539 -0.013302 0.025606
v 0.000000 -0.013671 0.015690
v -0.018874 -0.012706 0.041650
v -0.009923 -0.012537 0.046208
v 0.000000 -0.012479 0.047778
v 0.009923 -0.012537 0.046208
v 0.018874 -0.012706 0.041650
v 0.025978 -0.012970 0.034551
v 0.030539 -0.013302 0.025606
v 0.032110 -0.013671 0.015690
v 0.030539 -0.014039 0.005774
v 0.025978 -0.014371 -0.003171
v 0.018874 -0.014635 -0.010270
v 0.009923 -0.014804 -0.014828
v 0.000000 -0.014863 -0.016398
v -0.009923 -0.014804 -0.014828
v -0.018874 -0.014635 -0.010270
v -0.025978 -0.014371 -0.003171
v -0.030539 -0.014039 0.005774
v -0.032110 -0.013671 0.015690
v -0.136091 0.490513 0.283066
v -0.128919 0.486818 0.296649
v -0.088068 0.433862 0.251480
v -0.117748 0.483884 0.307428
v -0.103671 0.482001 0.314348
v -0.088068 0.481353 0.316733
v -0.072464 0.482001 0.314348
v -0.058388 0.483884 0.307428
v -0.047217 0.486818 0.296648
v -0.040044 0.490513 0.283066
v -0.037573 0.494610 0.268010
v -0.040044 0.498707 0.252954
v -0.047217 0.502403 0.239371
v -0.058388 0.505336 0.228592
v -0.072464 0.507219 0.221671
v -0.088068 0.507868 0.219287
v -0.103671 0.507219 0.221671
v -0.117747 0.505336 0.228592
v -0.128918 0.502403 0.239371
v -0.136091 0.498707 0.252954
v -0.138562 0.494610 0.268010
v -0.106782 -0.022672 0.141505
v -0.110068 -0.020978 0.135283
v -0.088068 -0.019061 0.128237
v -0.101664 -0.024015 0.146443
v -0.095216 -0.024878 0.149614
v -0.088068 -0.025175 0.150706
v -0.080919 -0.024878 0.149614
v -0.074471 -0.024015 0.146443
v -0.069353 -0.022672 0.141505
v -0.066068 -0.020978 0.135283
v -0.064935 -0.019102 0.128385
v -0.066068 -0.017225 0.121488
v -0.069353 -0.015532 0.115266
v -0.074471 -0.014188 0.110328
v -0.080919 -0.013325 0.107157
v -0.088068 -0.013028 0.106065
v -0.095216 -0.013325 0.107157
v -0.101664 -0.014188 0.110328
v -0.106782 -0.015532 0.115266
v -0.110068 -0.017225 0.121488
v -0.111200 -0.019102 0.128385
v -0.307289 0.526349 0.128742
v -0.301262 0.527483 0.141214
v -0.252760 0.470736 0.115189
v -0.291754 0.529337 0.151180
v -0.279697 0.531729 0.157665
v -0.266270 0.534426 0.160034
v -0.252788 0.537162 0.158056
v -0.240571 0.539671 0.151923
v -0.230815 0.541707 0.142237
v -0.224474 0.543070 0.129945
v -0.222169 0.543627 0.116250
v -0.224126 0.543324 0.102494
v -0.230154 0.542189 0.090022
v -0.239662 0.540335 0.080056
v -0.251719 0.537943 0.073571
v -0.265146 0.535247 0.071201
v -0.278627 0.532510 0.073180
v -0.290845 0.530002 0.079313
v -0.300601 0.527966 0.088999
v -0.306942 0.526603 0.101291
v -0.309247 0.526046 0.114986
v -0.184677 -0.013063 0.132478
v -0.189501 -0.013971 0.122496
v -0.156221 -0.007178 0.111992
v -0.177067 -0.011579 0.140454
v -0.167417 -0.009665 0.145645
v -0.156671 -0.007507 0.147541
v -0.145881 -0.005317 0.145958
v -0.136103 -0.003309 0.141049
v -0.128294 -0.001679 0.133297
v -0.123219 -0.000588 0.123459
v -0.121375 -0.000143 0.112499
v -0.122941 -0.000385 0.101489
v -0.127765 -0.001293 0.091507
v -0.135375 -0.002777 0.083531
v -0.145025 -0.004691 0.078340
v -0.155771 -0.006849 0.076444
v -0.166561 -0.009040 0.078027
v -0.176339 -0.011048 0.082936
v -0.184148 -0.012677 0.090688
v -0.189223 -0.013768 0.100526
v -0.191067 -0.014214 0.111486
v -0.174042 0.463021 0.041483
v -0.169690 0.464096 0.050635
v -0.136691 0.408508 0.035796
v -0.162724 0.465339 0.057969
v -0.153826 0.466629 0.062767
v -0.143868 0.467840 0.064559
v -0.133823 0.468853 0.063170
v -0.124675 0.469569 0.058736
v -0.117320 0.469918 0.051691
v -0.112478 0.469866 0.042724
v -0.110622 0.469417 0.032714
v -0.111934 0.468617 0.022640
v -0.116286 0.467542 0.013488
v -0.123251 0.466299 0.006154
v -0.132149 0.465009 0.001356
v -0.142108 0.463798 -0.000436
v -0.152153 0.462785 0.000953
v -0.161300 0.462069 0.005387
v -0.168655 0.461720 0.012432
v -0.173498 0.461772 0.021398
v -0.175354 0.462221 0.031409
v -0.111119 -0.020164 0.078506
v -0.114602 -0.021024 0.071181
v -0.089748 -0.018785 0.063641
v -0.105544 -0.019169 0.084376
v -0.098423 -0.018137 0.088216
v -0.090452 -0.017168 0.089650
v -0.082413 -0.016357 0.088539
v -0.075091 -0.015784 0.084990
v -0.069205 -0.015505 0.079351
v -0.065329 -0.015546 0.072175
v -0.063844 -0.015905 0.064163
v -0.064894 -0.016546 0.056100
v -0.068377 -0.017406 0.048776
v -0.073952 -0.018401 0.042906
v -0.081073 -0.019434 0.039066
v -0.089044 -0.020403 0.037632
v -0.097083 -0.021214 0.038743
v -0.104404 -0.021787 0.042292
v -0.110291 -0.022066 0.047930
v -0.114167 -0.022024 0.055107
v -0.115652 -0.021665 0.063119
v 0.334215 0.358615 0.066532
v 0.337601 0.355458 0.078618
v 0.340787 0.297073 0.055542
v 0.343937 0.350385 0.088698
v 0.352604 0.343893 0.095787
v 0.362753 0.336618 0.099189
v 0.373390 0.329272 0.098573
v 0.383475 0.322573 0.093997
v 0.392020 0.317178 0.085911
v 0.398188 0.313615 0.075106
v 0.401377 0.312233 0.062639
v 0.401273 0.313166 0.049731
v 0.397887 0.316323 0.037645
v 0.391551 0.321396 0.027565
v 0.382884 0.327888 0.020476
v 0.372735 0.335163 0.017074
v 0.362098 0.342509 0.017690
v 0.352013 0.349207 0.022265
v 0.343468 0.354602 0.030351
v 0.337300 0.358165 0.041157
v 0.334111 0.359548 0.053624
v 0.115675 0.023325 0.052634
v 0.112965 0.025852 0.042961
v 0.139800 0.007664 0.036238
v 0.120746 0.019265 0.060702
v 0.127683 0.014069 0.066375
v 0.135805 0.008247 0.069098
v 0.144319 0.002367 0.068605
v 0.152390 -0.002994 0.064943
v 0.159229 -0.007312 0.058471
v 0.164166 -0.010163 0.049823
v 0.166718 -0.011270 0.039845
v 0.166635 -0.010523 0.029514
v 0.163925 -0.007996 0.019841
v 0.158854 -0.003936 0.011773
v 0.151917 0.001260 0.006100
v 0.143795 0.007082 0.003377
v 0.135281 0.012962 0.003871
v 0.127210 0.018323 0.007532
v 0.120371 0.022640 0.014004
v 0.115434 0.025492 0.022652
v 0.112882 0.026599 0.032630
v 0.111424 0.528387 -0.271435
v 0.118469 0.529696 -0.264604
v 0.120208 0.453703 -0.259005
v 0.127206 0.529594 -0.259951
v 0.136780 0.528091 -0.257931
v 0.146253 0.525333 -0.258740
v 0.154699 0.521591 -0.262300
v 0.161290 0.517232 -0.268263
v 0.165381 0.512681 -0.276045
v 0.166572 0.508384 -0.284884
v 0.164746 0.504762 -0.293914
v 0.160082 0.502170 -0.302253
v 0.153036 0.500860 -0.309083
v 0.144299 0.500962 -0.313736
v 0.134725 0.502466 -0.315757
v 0.125252 0.505223 -0.314947
v 0.116807 0.508965 -0.311387
v 0.110216 0.513325 -0.305424
v 0.106125 0.517876 -0.297642
v 0.104934 0.522173 -0.288804
v 0.106760 0.525794 -0.279773
v -0.003578 0.001253 -0.041174
v -0.006805 0.000653 -0.044303
v 0.004308 -0.005383 -0.051447
v 0.000425 0.001206 -0.039042
v 0.004811 0.000517 -0.038116
v 0.009151 -0.000746 -0.038487
v 0.013020 -0.002460 -0.040118
v 0.016039 -0.004458 -0.042850
v 0.017913 -0.006542 -0.046415
v 0.018459 -0.008511 -0.050464
v 0.017622 -0.010170 -0.054601
v 0.015486 -0.011358 -0.058421
v 0.012258 -0.011957 -0.061550
v 0.008255 -0.011911 -0.063681
v 0.003870 -0.011222 -0.064607
v -0.000470 -0.009959 -0.064236
v -0.004339 -0.008245 -0.062605
v -0.007359 -0.006247 -0.059873
v -0.009233 -0.004162 -0.056309
v -0.009778 -0.002194 -0.052259
v -0.008942 -0.000535 -0.048122
v -0.463281 0.364329 0.276905
v -0.459196 0.363065 0.287655
v -0.407513 0.336928 0.258718
v -0.452370 0.363684 0.296975
v -0.443471 0.366124 0.303953
v -0.433370 0.370148 0.307906
v -0.423056 0.375360 0.308447
v -0.413538 0.381252 0.305523
v -0.405748 0.387245 0.299420
v -0.400450 0.392754 0.290736
v -0.398160 0.397239 0.280320
v -0.399104 0.400261 0.269193
v -0.403188 0.401525 0.258443
v -0.410014 0.400906 0.249123
v -0.418913 0.398466 0.242144
v -0.429014 0.394442 0.238191
v -0.439328 0.389230 0.237650
v -0.448846 0.383338 0.240574
v -0.456636 0.377345 0.246677
v -0.461935 0.371836 0.255362
v -0.464224 0.367351 0.265777
v -0.253380 -0.016708 0.163564
v -0.256650 -0.015697 0.154961
v -0.230968 -0.001317 0.151875
v -0.247917 -0.016213 0.171024
v -0.240795 -0.014260 0.176609
v -0.232711 -0.011040 0.179773
v -0.224456 -0.006868 0.180206
v -0.216838 -0.002153 0.177865
v -0.210604 0.002644 0.172981
v -0.206363 0.007053 0.166030
v -0.204530 0.010643 0.157694
v -0.205286 0.013062 0.148789
v -0.208555 0.014073 0.140185
v -0.214018 0.013578 0.132725
v -0.221140 0.011625 0.127140
v -0.229225 0.008405 0.123977
v -0.237480 0.004233 0.123544
v -0.245097 -0.000482 0.125884
v -0.251331 -0.005279 0.130768
v -0.255572 -0.009688 0.137719
v -0.257405 -0.013278 0.146055
v 0.148281 0.376974 -0.095259
v 0.153685 0.377928 -0.082839
v 0.173460 0.317909 -0.094255
v 0.162451 0.377312 -0.072487
v 0.173721 0.375184 -0.065218
v 0.186391 0.371755 -0.061742
v 0.199222 0.367359 -0.062400
v 0.210956 0.362427 -0.067127
v 0.220446 0.357441 -0.075461
v 0.226763 0.352890 -0.086586
v 0.229289 0.349219 -0.099412
v 0.227775 0.346788 -0.112685
v 0.222371 0.345834 -0.125105
v 0.213604 0.346451 -0.135457
v 0.202335 0.348578 -0.142726
v 0.189665 0.352007 -0.146202
v 0.176834 0.356403 -0.145544
v 0.165100 0.361335 -0.140817
v 0.155609 0.366321 -0.132483
v 0.149293 0.370872 -0.121358
v 0.146767 0.374543 -0.108532
v 0.037363 0.002909 -0.004898
v 0.033037 0.002145 -0.014838
v 0.064849 -0.009934 -0.021812
v 0.044379 0.002415 0.003387
v 0.053398 0.000713 0.009205
v 0.063539 -0.002032 0.011987
v 0.073808 -0.005550 0.011460
v 0.083199 -0.009498 0.007677
v 0.090795 -0.013488 0.001007
v 0.095851 -0.017130 -0.007897
v 0.097872 -0.020068 -0.018163
v 0.096660 -0.022014 -0.028786
v 0.092335 -0.022778 -0.038726
v 0.085319 -0.022284 -0.047011
v 0.076299 -0.020582 -0.052829
v 0.066159 -0.017837 -0.055611
v 0.055890 -0.014319 -0.055084
v 0.046498 -0.010371 -0.051301
v 0.038903 -0.006381 -0.044631
v 0.033847 -0.002739 -0.035727
v 0.031826 0.000199 -0.025461
v 0.235414 0.505089 0.095085
v 0.248079 0.501130 0.086511
v 0.196566 0.448786 0.049144
v 0.257589 0.498135 0.074256
v 0.263014 0.496397 0.059521
v 0.263821 0.496087 0.043746
v 0.259933 0.497234 0.028477
v 0.251730 0.499728 0.015208
v 0.240014 0.503322 0.005237
v 0.225933 0.507667 -0.000458
v 0.210865 0.512335 -0.001321
v 0.196286 0.516871 0.002732
v 0.183621 0.520831 0.011306
v 0.174111 0.523826 0.023560
v 0.168686 0.525564 0.038296
v 0.167879 0.525874 0.054070
v 0.171767 0.524726 0.069340
v 0.179970 0.522233 0.082609
v 0.191686 0.518638 0.092579
v 0.205766 0.514294 0.098275
v 0.220834 0.509625 0.099138
v 0.067700 -0.019473 0.068113
v 0.061898 -0.017660 0.072041
v 0.052789 -0.014915 0.050903
v 0.072056 -0.020845 0.062499
v 0.074541 -0.021642 0.055749
v 0.074911 -0.021784 0.048522
v 0.073130 -0.021258 0.041527
v 0.069372 -0.020116 0.035448
v 0.064005 -0.018469 0.030881
v 0.057554 -0.016479 0.028272
v 0.050652 -0.014340 0.027876
v 0.043972 -0.012262 0.029733
v 0.038170 -0.010448 0.033661
v 0.033814 -0.009076 0.039275
v 0.031329 -0.008280 0.046025
v 0.030959 -0.008138 0.053252
v 0.032740 -0.008664 0.060247
v 0.036498 -0.009806 0.066326
v 0.041865 -0.011452 0.070893
v 0.048316 -0.013443 0.073502
v 0.055219 -0.015581 0.073898
v -0.044969 0.369393 0.168078
v -0.047283 0.372001 0.153701
v -0.050468 0.367369 0.169526
v -0.053065 0.370295 0.153392
v -0.056200 0.359058 0.169912
v -0.054535 0.363623 0.170190
v -0.057341 0.366786 0.152755
v -0.059092 0.362317 0.151944
v -0.050468 0.367369 0.169526
v -0.053065 0.370295 0.153392
v -0.038253 0.367041 0.181047
v -0.042930 0.364729 0.184082
v -0.050468 0.367369 0.169526
v -0.054535 0.363623 0.170190
v -0.046390 0.360771 0.185918
v -0.042930 0.364729 0.184082
v -0.056200 0.359058 0.169912
v -0.047807 0.356118 0.186120
v -0.027793 0.365174 0.191340
v -0.031191 0.362634 0.195633
v -0.033704 0.358507 0.198400
v -0.031191 0.362634 0.195633
v -0.034734 0.353785 0.198984
v -0.014611 0.363976 0.197948
v -0.016398 0.361289 0.203049
v -0.017719 0.357053 0.206414
v -0.016398 0.361289 0.203049
v -0.018261 0.352287 0.207242
v -0.000000 0.363563 0.200225
v -0.000000 0.360825 0.205604
v -0.000000 0.356552 0.209176
v -0.000000 0.360825 0.205604
v -0.000000 0.351771 0.210088
v 0.014611 0.363976 0.197948
v 0.016398 0.361289 0.203049
v 0.017719 0.357053 0.206414
v 0.016398 0.361289 0.203049
v 0.018261 0.352287 0.207242
v 0.027793 0.365174 0.191340
v 0.031191 0.362634 0.195633
v 0.033704 0.358507 0.198400
v 0.031191 0.362634 0.195633
v 0.034734 0.353785 0.198984
v 0.038253 0.367041 0.181047
v 0.042930 0.364729 0.184082
v 0.046390 0.360771 0.185918
v 0.042930 0.364729 0.184082
v 0.047807 0.356118 0.186120
v 0.044969 0.369393 0.168078
v 0.050467 0.367369 0.169526
v 0.054535 0.363623 0.170190
v 0.050467 0.367369 0.169526
v 0.056200 0.359058 0.169912
v 0.047283 0.372001 0.153701
v 0.053065 0.370295 0.153392
v 0.057341 0.366786 0.152755
v 0.053065 0.370295 0.153392
v 0.059092 0.362317 0.151944
v 0.044969 0.374608 0.139324
v 0.050467 0.373222 0.137257
v 0.054535 0.369948 0.135320
v 0.050467 0.373222 0.137257
v 0.056200 0.365575 0.133977
v 0.038253 0.376961 0.126355
v 0.042930 0.375862 0.122702
v 0.046390 0.372801 0.119592
v 0.042930 0.375862 0.122702
v 0.047807 0.368515 0.117768
v 0.027793 0.378828 0.116062
v 0.031191 0.377957 0.111151
v 0.033704 0.375064 0.107110
v 0.031191 0.377957 0.111151
v 0.034734 0.370848 0.104905
v 0.014611 0.380026 0.109454
v 0.016398 0.379302 0.103734
v 0.017719 0.376518 0.099096
v 0.016398 0.379302 0.103734
v 0.018261 0.372346 0.096647
v 0.000000 0.380439 0.107177
v 0.000000 0.379766 0.101179
v 0.000000 0.377019 0.096335
v 0.000000 0.379766 0.101179
v 0.000000 0.372862 0.093801
v -0.014611 0.380026 0.109454
v -0.016398 0.379302 0.103734
v -0.017719 0.376518 0.099096
v -0.016398 0.379302 0.103734
v -0.018261 0.372346 0.096647
v -0.027793 0.378828 0.116062
v -0.031191 0.377957 0.111151
v -0.033704 0.375064 0.107110
v -0.031191 0.377957 0.111151
v -0.034734 0.370848 0.104905
v -0.038253 0.376961 0.126355
v -0.042930 0.375862 0.122702
v -0.046390 0.372801 0.119592
v -0.042930 0.375862 0.122702
v -0.047807 0.368515 0.117768
v -0.044969 0.374608 0.139324
v -0.050467 0.373222 0.137257
v -0.054535 0.369948 0.135320
v -0.050467 0.373222 0.137257
v -0.056200 0.365575 0.133977
v -0.035157 -0.021223 0.093989
v -0.029906 -0.023062 0.104129
v -0.021728 -0.024522 0.112176
v -0.011423 -0.025459 0.117342
v 0.000000 -0.025782 0.119122
v 0.011423 -0.025459 0.117342
v 0.021728 -0.024522 0.112176
v 0.029906 -0.023062 0.104129
v 0.035157 -0.021223 0.093989
v 0.036966 -0.019184 0.082750
v 0.035157 -0.017146 0.071510
v 0.029906 -0.015307 0.061370
v 0.021728 -0.013847 0.053324
v 0.011423 -0.012910 0.048157
v 0.000000 -0.012587 0.046377
v -0.011423 -0.012910 0.048157
v -0.021728 -0.013847 0.053324
v -0.029906 -0.015307 0.061370
v -0.035157 -0.017146 0.071510
v -0.036966 -0.019184 0.082750
v -0.035157 -0.021223 0.093989
v -0.033951 -0.023297 0.093215
v -0.035698 -0.021328 0.082361
v -0.033951 -0.023297 0.093215
v -0.035698 -0.021328 0.082361
v -0.033951 -0.023297 0.093215
v -0.028880 -0.025073 0.103007
v -0.028880 -0.025073 0.103007
v -0.020983 -0.026482 0.110778
v -0.020983 -0.026482 0.110778
v -0.011031 -0.027387 0.115767
v -0.011031 -0.027387 0.115767
v 0.000000 -0.027699 0.117486
v 0.000000 -0.027699 0.117486
v 0.011031 -0.027387 0.115767
v 0.011031 -0.027387 0.115767
v 0.020983 -0.026482 0.110778
v 0.020983 -0.026482 0.110778
v 0.028880 -0.025073 0.103007
v 0.028880 -0.025073 0.103007
v 0.033951 -0.023297 0.093215
v 0.033951 -0.023297 0.093215
v 0.035698 -0.021328 0.082361
v 0.035698 -0.021328 0.082361
v 0.033951 -0.019359 0.071507
v 0.033951 -0.019359 0.071507
v 0.028880 -0.017583 0.061715
v 0.028880 -0.017583 0.061715
v 0.020983 -0.016174 0.053944
v 0.020983 -0.016174 0.053944
v 0.011031 -0.015269 0.048955
v 0.011031 -0.015269 0.048955
v 0.000000 -0.014957 0.047236
v 0.000000 -0.014957 0.047236
v -0.011031 -0.015269 0.048955
v -0.011031 -0.015269 0.048955
v -0.020983 -0.016174 0.053944
v -0.020983 -0.016174 0.053944
v -0.028880 -0.017583 0.061715
v -0.028880 -0.017583 0.061715
v -0.033951 -0.019359 0.071507
v -0.033951 -0.019359 0.071507
v -0.154174 0.511588 -0.246832
v -0.155542 0.505797 -0.260021
v -0.159393 0.509406 -0.244362
v -0.160928 0.502907 -0.259163
v -0.163990 0.498896 -0.238259
v -0.162947 0.504806 -0.241256
v -0.164606 0.497783 -0.257250
v -0.165700 0.491659 -0.254741
v -0.159393 0.509406 -0.244362
v -0.160928 0.502907 -0.259163
v -0.148441 0.517312 -0.234843
v -0.152960 0.515830 -0.230908
v -0.159393 0.509406 -0.244362
v -0.162947 0.504806 -0.241256
v -0.155996 0.511748 -0.226717
v -0.152960 0.515830 -0.230908
v -0.163990 0.498896 -0.238259
v -0.156826 0.506050 -0.223276
v -0.138906 0.522409 -0.225228
v -0.142258 0.521550 -0.220117
v -0.144432 0.517929 -0.215057
v -0.142258 0.521550 -0.220117
v -0.144909 0.512420 -0.211260
v -0.126500 0.526380 -0.218929
v -0.128336 0.526007 -0.213047
v -0.129387 0.522745 -0.207418
v -0.128336 0.526007 -0.213047
v -0.129405 0.517383 -0.203387
v -0.112439 0.528837 -0.216561
v -0.112555 0.528764 -0.210390
v -0.112335 0.525724 -0.204546
v -0.112555 0.528764 -0.210390
v -0.111832 0.520452 -0.200427
v -0.098099 0.529538 -0.218356
v -0.096462 0.529551 -0.212405
v -0.094945 0.526574 -0.206723
v -0.096462 0.529551 -0.212405
v -0.093911 0.521329 -0.202671
v -0.084884 0.528415 -0.224139
v -0.081631 0.528291 -0.218895
v -0.078918 0.525213 -0.213736
v -0.081631 0.528291 -0.218895
v -0.077395 0.519926 -0.209899
v -0.074086 0.525579 -0.233344
v -0.069513 0.525107 -0.229225
v -0.065825 0.521773 -0.224899
v -0.069513 0.525107 -0.229225
v -0.063901 0.516381 -0.221402
v -0.066764 0.521306 -0.245069
v -0.061296 0.520312 -0.242384
v -0.056945 0.516591 -0.239118
v -0.061296 0.520312 -0.242384
v -0.054750 0.511041 -0.236056
v -0.063634 0.516015 -0.258167
v -0.057783 0.514374 -0.257084
v -0.053149 0.510175 -0.255003
v -0.057783 0.514374 -0.257084
v -0.050838 0.504428 -0.252425
v -0.065002 0.510224 -0.271356
v -0.059318 0.507875 -0.271885
v -0.054808 0.503152 -0.270997
v -0.059318 0.507875 -0.271885
v -0.052548 0.497191 -0.268908
v -0.070735 0.504500 -0.283345
v -0.065752 0.501451 -0.285339
v -0.061760 0.496210 -0.285535
v -0.065752 0.501451 -0.285339
v -0.059712 0.490037 -0.283891
v -0.080270 0.499403 -0.292960
v -0.076453 0.495731 -0.296130
v -0.073324 0.490029 -0.297195
v -0.076453 0.495731 -0.296130
v -0.071629 0.483667 -0.295907
v -0.092676 0.495431 -0.299259
v -0.090376 0.491274 -0.303200
v -0.088368 0.485213 -0.304835
v -0.090376 0.491274 -0.303200
v -0.087133 0.478704 -0.303780
v -0.106737 0.492975 -0.301627
v -0.106156 0.488518 -0.305857
v -0.105420 0.482234 -0.307707
v -0.106156 0.488518 -0.305857
v -0.104706 0.475635 -0.306739
v -0.121077 0.492274 -0.299832
v -0.122249 0.487731 -0.303842
v -0.122810 0.481384 -0.305530
v -0.122249 0.487731 -0.303842
v -0.122627 0.474758 -0.304495
v -0.134292 0.493397 -0.294049
v -0.137081 0.488991 -0.297352
v -0.138837 0.482745 -0.298516
v -0.137081 0.488991 -0.297352
v -0.139143 0.476161 -0.297268
v -0.145090 0.496233 -0.284844
v -0.149198 0.492174 -0.287022
v -0.151931 0.486185 -0.287354
v -0.149198 0.492174 -0.287022
v -0.152637 0.479706 -0.285764
v -0.152412 0.500506 -0.273119
v -0.157415 0.496969 -0.273863
v -0.160810 0.491367 -0.273134
v -0.157415 0.496969 -0.273863
v -0.161788 0.485046 -0.271111
v -0.080467 -0.008339 -0.029989
v -0.077366 -0.005243 -0.023504
v -0.072208 -0.002485 -0.018302
v -0.065497 -0.000337 -0.014894
v -0.057891 0.000992 -0.013613
v -0.050133 0.001371 -0.014585
v -0.042984 0.000764 -0.017713
v -0.037143 -0.000771 -0.022692
v -0.033182 -0.003082 -0.029035
v -0.031489 -0.005944 -0.036121
v -0.032229 -0.009077 -0.043256
v -0.035330 -0.012174 -0.049741
v -0.040488 -0.014931 -0.054942
v -0.047199 -0.017079 -0.058350
v -0.054806 -0.018408 -0.059631
v -0.062563 -0.018787 -0.058660
v -0.069712 -0.018180 -0.055532
v -0.075553 -0.016646 -0.050552
v -0.079514 -0.014334 -0.044209
v -0.081207 -0.011472 -0.037124
v -0.080467 -0.008339 -0.029989
v -0.079348 -0.011199 -0.028997
v -0.080063 -0.014224 -0.035887
v -0.079348 -0.011199 -0.028997
v -0.080063 -0.014224 -0.035887
v -0.079348 -0.011199 -0.028997
v -0.076353 -0.008209 -0.022734
v -0.076353 -0.008209 -0.022734
v -0.071372 -0.005546 -0.017711
v -0.071372 -0.005546 -0.017711
v -0.064891 -0.003471 -0.014420
v -0.064891 -0.003471 -0.014420
v -0.057546 -0.002188 -0.013183
v -0.057546 -0.002188 -0.013183
v -0.050054 -0.001822 -0.014121
v -0.050054 -0.001822 -0.014121
v -0.043151 -0.002408 -0.017142
v -0.043151 -0.002408 -0.017142
v -0.037510 -0.003890 -0.021951
v -0.037510 -0.003890 -0.021951
v -0.033685 -0.006122 -0.028076
v -0.033685 -0.006122 -0.028076
v -0.032050 -0.008886 -0.034918
v -0.032050 -0.008886 -0.034918
v -0.032764 -0.011911 -0.041808
v -0.032764 -0.011911 -0.041808
v -0.035759 -0.014902 -0.048071
v -0.035759 -0.014902 -0.048071
v -0.040741 -0.017565 -0.053094
v -0.040741 -0.017565 -0.053094
v -0.047221 -0.019639 -0.056385
v -0.047221 -0.019639 -0.056385
v -0.054567 -0.020922 -0.057622
v -0.054567 -0.020922 -0.057622
v -0.062058 -0.021289 -0.056684
v -0.062058 -0.021289 -0.056684
v -0.068962 -0.020702 -0.053663
v -0.068962 -0.020702 -0.053663
v -0.074602 -0.019220 -0.048854
v -0.074602 -0.019220 -0.048854
v -0.078428 -0.016988 -0.042729
v -0.078428 -0.016988 -0.042729
v -0.284273 0.347399 -0.172271
v -0.285292 0.340355 -0.186064
v -0.289709 0.345392 -0.169777
v -0.290852 0.337487 -0.185256
v -0.294090 0.337767 -0.164446
v -0.293263 0.341901 -0.166942
v -0.294498 0.333359 -0.183669
v -0.295363 0.328964 -0.181684
v -0.289709 0.345392 -0.169777
v -0.290852 0.337487 -0.185256
v -0.278620 0.354831 -0.159874
v -0.283365 0.353733 -0.155864
v -0.289709 0.345392 -0.169777
v -0.293263 0.341901 -0.166942
v -0.286408 0.350915 -0.151908
v -0.283365 0.353733 -0.155864
v -0.294090 0.337767 -0.164446
v -0.287025 0.347056 -0.148953
v -0.268886 0.361925 -0.150085
v -0.272440 0.361694 -0.144879
v -0.274603 0.359517 -0.140037
v -0.272440 0.361694 -0.144879
v -0.274860 0.355921 -0.136720
v -0.256023 0.367986 -0.143864
v -0.258004 0.368496 -0.137897
v -0.259003 0.366867 -0.132493
v -0.258004 0.368496 -0.137897
v -0.258784 0.363495 -0.128945
v -0.241290 0.372420 -0.141819
v -0.241470 0.373472 -0.135602
v -0.241137 0.372244 -0.130013
v -0.241470 0.373472 -0.135602
v -0.240372 0.369037 -0.126389
v -0.226130 0.374793 -0.144150
v -0.224457 0.376136 -0.138218
v -0.222752 0.375123 -0.132840
v -0.224457 0.376136 -0.138218
v -0.221426 0.372003 -0.129303
v -0.212027 0.374874 -0.150630
v -0.208629 0.376226 -0.145490
v -0.205649 0.375221 -0.140698
v -0.208629 0.376226 -0.145490
v -0.203800 0.372104 -0.137400
v -0.200361 0.372654 -0.160623
v -0.195536 0.373735 -0.156705
v -0.191501 0.372529 -0.152817
v -0.195536 0.373735 -0.156705
v -0.189220 0.369330 -0.149889
v -0.192274 0.368351 -0.173152
v -0.186460 0.368906 -0.170766
v -0.181694 0.367310 -0.168011
v -0.186460 0.368906 -0.170766
v -0.179114 0.363952 -0.165547
v -0.188557 0.362385 -0.186990
v -0.182290 0.362211 -0.186296
v -0.177187 0.360075 -0.184792
v -0.182290 0.362211 -0.186296
v -0.174469 0.356496 -0.182842
v -0.189575 0.355342 -0.200783
v -0.183432 0.354306 -0.201775
v -0.178422 0.351533 -0.201519
v -0.183432 0.354306 -0.201775
v -0.175742 0.347693 -0.200079
v -0.195228 0.347909 -0.213180
v -0.189777 0.345964 -0.215688
v -0.185278 0.342520 -0.216553
v -0.189777 0.345964 -0.215688
v -0.182806 0.338404 -0.215573
v -0.204963 0.340815 -0.222969
v -0.200701 0.338003 -0.226673
v -0.197083 0.333917 -0.228424
v -0.200701 0.338003 -0.226673
v -0.194972 0.329539 -0.227806
v -0.217826 0.334755 -0.229190
v -0.215137 0.331202 -0.233655
v -0.212682 0.326568 -0.235968
v -0.215137 0.331202 -0.233655
v -0.211048 0.321965 -0.235580
v -0.232559 0.330321 -0.231235
v -0.231671 0.326225 -0.235950
v -0.230548 0.321190 -0.238448
v -0.231671 0.326225 -0.235950
v -0.229460 0.316423 -0.238136
v -0.247719 0.327947 -0.228904
v -0.248685 0.323562 -0.233334
v -0.248933 0.318312 -0.235621
v -0.248685 0.323562 -0.233334
v -0.248406 0.313457 -0.235223
v -0.261822 0.327866 -0.222424
v -0.264513 0.323471 -0.226062
v -0.266036 0.318214 -0.227763
v -0.264513 0.323471 -0.226062
v -0.266032 0.313356 -0.227125
v -0.273488 0.330086 -0.212431
v -0.277605 0.325962 -0.214847
v -0.280184 0.320906 -0.215644
v -0.277605 0.325962 -0.214847
v -0.280611 0.316130 -0.214636
v -0.281575 0.334390 -0.199902
v -0.286681 0.330792 -0.200786
v -0.289991 0.326125 -0.200450
v -0.286681 0.330792 -0.200786
v -0.290718 0.321508 -0.198978
v -0.192808 -0.000746 -0.003136
v -0.188389 0.005065 0.006556
v -0.180778 0.010611 0.014209
v -0.170722 0.015349 0.019072
v -0.159204 0.018815 0.020671
v -0.147352 0.020671 0.018848
v -0.136326 0.020734 0.013783
v -0.127205 0.018999 0.005970
v -0.120883 0.015634 -0.003825
v -0.117977 0.010971 -0.014644
v -0.118773 0.005464 -0.025427
v -0.123193 -0.000347 -0.035119
v -0.130803 -0.005893 -0.042772
v -0.140860 -0.010631 -0.047635
v -0.152378 -0.014098 -0.049234
v -0.164230 -0.015953 -0.047412
v -0.175256 -0.016016 -0.042346
v -0.184376 -0.014281 -0.034533
v -0.190699 -0.010917 -0.024738
v -0.193604 -0.006253 -0.013919
v -0.192808 -0.000746 -0.003136
v -0.191094 -0.002552 -0.002575
v -0.191862 -0.007870 -0.012988
v -0.191094 -0.002552 -0.002575
v -0.191862 -0.007870 -0.012988
v -0.191094 -0.002552 -0.002575
v -0.186826 0.003060 0.006785
v -0.186826 0.003060 0.006785
v -0.179476 0.008415 0.014175
v -0.179476 0.008415 0.014175
v -0.169765 0.012991 0.018872
v -0.169765 0.012991 0.018872
v -0.158642 0.016338 0.020416
v -0.158642 0.016338 0.020416
v -0.147197 0.018131 0.018656
v -0.147197 0.018131 0.018656
v -0.136549 0.018192 0.013764
v -0.136549 0.018192 0.013764
v -0.127741 0.016516 0.006219
v -0.127741 0.016516 0.006219
v -0.121636 0.013267 -0.003240
v -0.121636 0.013267 -0.003240
v -0.118830 0.008763 -0.013687
v -0.118830 0.008763 -0.013687
v -0.119599 0.003445 -0.024101
v -0.119599 0.003445 -0.024101
v -0.123867 -0.002167 -0.033460
v -0.123867 -0.002167 -0.033460
v -0.131216 -0.007522 -0.040850
v -0.131216 -0.007522 -0.040850
v -0.140927 -0.012098 -0.045547
v -0.140927 -0.012098 -0.045547
v -0.152050 -0.015446 -0.047091
v -0.152050 -0.015446 -0.047091
v -0.163496 -0.017238 -0.045331
v -0.163496 -0.017238 -0.045331
v -0.174143 -0.017299 -0.040439
v -0.174143 -0.017299 -0.040439
v -0.182951 -0.015623 -0.032895
v -0.182951 -0.015623 -0.032895
v -0.189057 -0.012374 -0.023435
v -0.189057 -0.012374 -0.023435
v -0.372026 0.346119 -0.054224
v -0.358379 0.350913 -0.057326
v -0.373043 0.342961 -0.059265
v -0.357728 0.348340 -0.062747
v -0.371840 0.333873 -0.063515
v -0.372975 0.338523 -0.062630
v -0.356425 0.344336 -0.066392
v -0.354784 0.339864 -0.067392
v -0.373043 0.342961 -0.059265
v -0.357728 0.348340 -0.062747
v -0.384361 0.342579 -0.046864
v -0.386886 0.338987 -0.051005
v -0.373043 0.342961 -0.059265
v -0.372975 0.338523 -0.062630
v -0.387933 0.334230 -0.053704
v -0.386886 0.338987 -0.051005
v -0.371840 0.333873 -0.063515
v -0.387255 0.329448 -0.054317
v -0.394175 0.340637 -0.035966
v -0.397900 0.336808 -0.038775
v -0.399835 0.331875 -0.040488
v -0.397900 0.336808 -0.038775
v -0.399520 0.327022 -0.040697
v -0.400508 0.340485 -0.022597
v -0.405008 0.336638 -0.023772
v -0.407515 0.331691 -0.024276
v -0.405008 0.336638 -0.023772
v -0.407435 0.326832 -0.023990
v -0.402741 0.342137 -0.008067
v -0.407513 0.338492 -0.007465
v -0.410222 0.333695 -0.006655
v -0.407513 0.338492 -0.007465
v -0.410225 0.328897 -0.005831
v -0.400654 0.345432 0.006203
v -0.405171 0.342190 0.008550
v -0.407692 0.337690 0.010651
v -0.405171 0.342190 0.008550
v -0.407617 0.333015 0.012004
v -0.394452 0.350047 0.018816
v -0.398211 0.347369 0.022705
v -0.400171 0.343287 0.025947
v -0.398211 0.347369 0.022705
v -0.399866 0.338782 0.027767
v -0.384742 0.355530 0.028537
v -0.387314 0.353522 0.033615
v -0.388395 0.349936 0.037736
v -0.387314 0.353522 0.033615
v -0.387731 0.345634 0.039916
v -0.372475 0.361344 0.034415
v -0.373546 0.360047 0.040212
v -0.373518 0.356987 0.044864
v -0.373546 0.360047 0.040212
v -0.372400 0.352901 0.047261
v -0.358850 0.366921 0.035874
v -0.358257 0.366306 0.041849
v -0.356996 0.363750 0.046633
v -0.358257 0.366306 0.041849
v -0.355373 0.359871 0.049085
v -0.345203 0.371715 0.032772
v -0.342941 0.371686 0.038367
v -0.340446 0.369563 0.042871
v -0.342941 0.371686 0.038367
v -0.338318 0.365861 0.045208
v -0.332869 0.375255 0.025412
v -0.329098 0.375659 0.030107
v -0.325488 0.373857 0.033945
v -0.329098 0.375659 0.030107
v -0.322903 0.370286 0.036009
v -0.323055 0.377197 0.014514
v -0.318084 0.377838 0.017877
v -0.313587 0.376211 0.020729
v -0.318084 0.377838 0.017877
v -0.310638 0.372712 0.022390
v -0.316721 0.377349 0.001145
v -0.310976 0.378009 0.002874
v -0.305906 0.376396 0.004517
v -0.310976 0.378009 0.002874
v -0.302723 0.372902 0.005683
v -0.314489 0.375697 -0.013385
v -0.308471 0.376154 -0.013433
v -0.303199 0.374392 -0.013104
v -0.308471 0.376154 -0.013433
v -0.299933 0.370837 -0.012477
v -0.316576 0.372402 -0.027655
v -0.310813 0.372457 -0.029448
v -0.305729 0.370397 -0.030409
v -0.310813 0.372457 -0.029448
v -0.302541 0.366720 -0.030311
v -0.322778 0.367787 -0.040268
v -0.317773 0.367278 -0.043603
v -0.313251 0.364800 -0.045705
v -0.317773 0.367278 -0.043603
v -0.310291 0.360953 -0.046074
v -0.332488 0.362304 -0.049989
v -0.328670 0.361124 -0.054513
v -0.325026 0.358151 -0.057494
v -0.328670 0.361124 -0.054513
v -0.322426 0.354100 -0.058223
v -0.344755 0.356490 -0.055867
v -0.342438 0.354599 -0.061110
v -0.339903 0.351100 -0.064622
v -0.342438 0.354599 -0.061110
v -0.337758 0.346834 -0.065569
v -0.226268 -0.016636 0.018778
v -0.235911 -0.019404 0.024533
v -0.243583 -0.020922 0.033053
v -0.248535 -0.021041 0.043504
v -0.250280 -0.019749 0.054864
v -0.248649 -0.017174 0.066020
v -0.243800 -0.013566 0.075881
v -0.236209 -0.009279 0.083481
v -0.226618 -0.004733 0.088076
v -0.215967 -0.000373 0.089217
v -0.205297 0.003374 0.086792
v -0.195654 0.006142 0.081037
v -0.187982 0.007660 0.072517
v -0.183030 0.007779 0.062066
v -0.181285 0.006487 0.050706
v -0.182916 0.003911 0.039550
v -0.187765 0.000304 0.029689
v -0.195356 -0.003983 0.022089
v -0.204947 -0.008529 0.017494
v -0.215598 -0.012889 0.016353
v -0.226268 -0.016636 0.018778
v -0.225125 -0.018296 0.020293
v -0.214822 -0.014677 0.017951
v -0.225125 -0.018296 0.020293
v -0.214822 -0.014677 0.017951
v -0.225125 -0.018296 0.020293
v -0.234438 -0.020969 0.025850
v -0.234438 -0.020969 0.025850
v -0.241847 -0.022435 0.034077
v -0.241847 -0.022435 0.034077
v -0.246629 -0.022550 0.044170
v -0.246629 -0.022550 0.044170
v -0.248314 -0.021302 0.055141
v -0.248314 -0.021302 0.055141
v -0.246739 -0.018815 0.065914
v -0.246739 -0.018815 0.065914
v -0.242056 -0.015331 0.075437
v -0.242056 -0.015331 0.075437
v -0.234725 -0.011191 0.082776
v -0.234725 -0.011191 0.082776
v -0.225464 -0.006802 0.087214
v -0.225464 -0.006802 0.087214
v -0.215178 -0.002591 0.088315
v -0.215178 -0.002591 0.088315
v -0.204874 0.001028 0.085973
v -0.204874 0.001028 0.085973
v -0.195562 0.003701 0.080416
v -0.195562 0.003701 0.080416
v -0.188153 0.005167 0.072189
v -0.188153 0.005167 0.072189
v -0.183371 0.005281 0.062096
v -0.183371 0.005281 0.062096
v -0.181686 0.004034 0.051126
v -0.181686 0.004034 0.051126
v -0.183261 0.001547 0.040352
v -0.183261 0.001547 0.040352
v -0.187944 -0.001937 0.030829
v -0.187944 -0.001937 0.030829
v -0.195274 -0.006077 0.023490
v -0.195274 -0.006077 0.023490
v -0.204536 -0.010467 0.019052
v -0.204536 -0.010467 0.019052
v 0.137485 0.357476 0.277362
v 0.137988 0.361454 0.267374
v 0.133005 0.356706 0.277539
v 0.133570 0.361170 0.266330
v 0.126775 0.350257 0.275396
v 0.129126 0.354089 0.276826
v 0.129736 0.358913 0.264714
v 0.127404 0.355228 0.262914
v 0.133005 0.356706 0.277539
v 0.133570 0.361170 0.266330
v 0.140226 0.352873 0.286696
v 0.136081 0.351539 0.288014
v 0.133005 0.356706 0.277539
v 0.129126 0.354089 0.276826
v 0.132450 0.348506 0.288145
v 0.136081 0.351539 0.288014
v 0.126775 0.350257 0.275396
v 0.130200 0.344504 0.287061
v 0.145941 0.348093 0.294462
v 0.142495 0.346175 0.296730
v 0.139381 0.342710 0.297564
v 0.142495 0.346175 0.296730
v 0.137343 0.338531 0.296768
v 0.154072 0.343606 0.299901
v 0.151620 0.341140 0.302834
v 0.149241 0.337268 0.304159
v 0.151620 0.341140 0.302834
v 0.147504 0.332923 0.303565
v 0.163822 0.339850 0.302480
v 0.162563 0.336924 0.305728
v 0.161065 0.332713 0.307287
v 0.162563 0.336924 0.305728
v 0.159690 0.328229 0.306787
v 0.174238 0.337193 0.301946
v 0.174252 0.333943 0.305129
v 0.173696 0.329491 0.306639
v 0.174252 0.333943 0.305129
v 0.172707 0.324908 0.306120
v 0.184299 0.335895 0.298352
v 0.185543 0.332486 0.301095
v 0.185898 0.327917 0.302281
v 0.185543 0.332486 0.301095
v 0.185280 0.323286 0.301629
v 0.193021 0.336083 0.292049
v 0.195331 0.332697 0.294022
v 0.196475 0.328146 0.294637
v 0.195331 0.332697 0.294022
v 0.196181 0.323522 0.293752
v 0.199549 0.337739 0.283655
v 0.202658 0.334556 0.284602
v 0.204392 0.330154 0.284458
v 0.202658 0.334556 0.284602
v 0.204340 0.325591 0.283262
v 0.203246 0.340701 0.273992
v 0.206807 0.337880 0.273756
v 0.208875 0.333746 0.272739
v 0.206807 0.337880 0.273756
v 0.208960 0.329293 0.271184
v 0.203749 0.344678 0.264004
v 0.207371 0.342343 0.262547
v 0.209485 0.338569 0.260626
v 0.207371 0.342343 0.262547
v 0.209588 0.334263 0.258702
v 0.201008 0.349282 0.254670
v 0.204295 0.347510 0.252072
v 0.206161 0.344152 0.249307
v 0.204295 0.347510 0.252072
v 0.206163 0.340017 0.247037
v 0.195293 0.354062 0.246903
v 0.197881 0.352874 0.243356
v 0.199230 0.349948 0.239888
v 0.197881 0.352874 0.243356
v 0.199020 0.345990 0.237331
v 0.187162 0.358549 0.241465
v 0.188756 0.357910 0.237252
v 0.189370 0.355390 0.233293
v 0.188756 0.357910 0.237252
v 0.188859 0.351598 0.230534
v 0.177412 0.362305 0.238886
v 0.177814 0.362125 0.234358
v 0.177546 0.359945 0.230165
v 0.177814 0.362125 0.234358
v 0.176673 0.356292 0.227311
v 0.166996 0.364962 0.239420
v 0.166125 0.365107 0.234957
v 0.164915 0.363167 0.230813
v 0.166125 0.365107 0.234957
v 0.163657 0.359612 0.227978
v 0.156935 0.366260 0.243014
v 0.154833 0.366563 0.238991
v 0.152713 0.364741 0.235171
v 0.154833 0.366563 0.238991
v 0.151083 0.361234 0.232470
v 0.148213 0.366071 0.249316
v 0.145045 0.366352 0.246064
v 0.142136 0.364513 0.242815
v 0.145045 0.366352 0.246064
v 0.140183 0.360999 0.240346
v 0.141685 0.364415 0.257710
v 0.137718 0.364493 0.255484
v 0.134219 0.362504 0.252994
v 0.137718 0.364493 0.255484
v 0.132023 0.358929 0.250837
v 0.046341 -0.000065 0.129128
v 0.048484 -0.003664 0.136425
v 0.052952 -0.007401 0.142497
v 0.059309 -0.010909 0.146749
v 0.066931 -0.013846 0.148765
v 0.075074 -0.015923 0.148348
v 0.082940 -0.016937 0.145538
v 0.089759 -0.016790 0.140611
v 0.094863 -0.015495 0.134048
v 0.097753 -0.013180 0.126493
v 0.098146 -0.010071 0.118685
v 0.096004 -0.006471 0.111387
v 0.091535 -0.002735 0.105316
v 0.085179 0.000773 0.101064
v 0.077556 0.003710 0.099048
v 0.069413 0.005787 0.099465
v 0.061547 0.006802 0.102275
v 0.054728 0.006654 0.107202
v 0.049624 0.005360 0.113764
v 0.046734 0.003044 0.121320
v 0.046341 -0.000065 0.129128
v 0.046691 -0.002188 0.128145
v 0.047070 0.000814 0.120604
v 0.046691 -0.002188 0.128145
v 0.047070 0.000814 0.120604
v 0.046691 -0.002188 0.128145
v 0.048760 -0.005664 0.135192
v 0.048760 -0.005664 0.135192
v 0.053075 -0.009272 0.141055
v 0.053075 -0.009272 0.141055
v 0.059213 -0.012660 0.145161
v 0.059213 -0.012660 0.145161
v 0.066575 -0.015496 0.147108
v 0.066575 -0.015496 0.147108
v 0.074438 -0.017502 0.146705
v 0.074438 -0.017502 0.146705
v 0.082034 -0.018482 0.143992
v 0.082034 -0.018482 0.143992
v 0.088619 -0.018340 0.139233
v 0.088619 -0.018340 0.139233
v 0.093548 -0.017089 0.132896
v 0.093548 -0.017089 0.132896
v 0.096339 -0.014853 0.125600
v 0.096339 -0.014853 0.125600
v 0.096718 -0.011851 0.118060
v 0.096718 -0.011851 0.118060
v 0.094649 -0.008375 0.111013
v 0.094649 -0.008375 0.111013
v 0.090334 -0.004766 0.105149
v 0.090334 -0.004766 0.105149
v 0.084196 -0.001379 0.101043
v 0.084196 -0.001379 0.101043
v 0.076834 0.001457 0.099096
v 0.076834 0.001457 0.099096
v 0.068971 0.003463 0.099499
v 0.068971 0.003463 0.099499
v 0.061375 0.004443 0.102212
v 0.061375 0.004443 0.102212
v 0.054790 0.004301 0.106971
v 0.054790 0.004301 0.106971
v 0.049861 0.003050 0.113308
v 0.049861 0.003050 0.113308
v -0.263918 0.193777 0.331753
v -0.268368 0.200423 0.314865
v -0.269873 0.189557 0.332926
v -0.274866 0.197015 0.313972
v -0.274724 0.181622 0.332399
v -0.273786 0.185153 0.333158
v -0.279181 0.193213 0.312678
v -0.280285 0.189927 0.311293
v -0.269873 0.189557 0.332926
v -0.274866 0.197015 0.313972
v -0.254403 0.189731 0.347318
v -0.259194 0.185017 0.350393
v -0.269873 0.189557 0.332926
v -0.273786 0.185153 0.333158
v -0.262246 0.180247 0.352034
v -0.259194 0.185017 0.350393
v -0.274724 0.181622 0.332399
v -0.262832 0.176566 0.351851
v -0.240753 0.188682 0.360036
v -0.243875 0.183839 0.364666
v -0.245692 0.178975 0.367457
v -0.243875 0.183839 0.364666
v -0.245773 0.175254 0.367745
v -0.224304 0.190732 0.368662
v -0.225415 0.186139 0.374346
v -0.225744 0.181460 0.377917
v -0.225415 0.186139 0.374346
v -0.225216 0.177816 0.378525
v -0.206666 0.195679 0.372351
v -0.205621 0.191692 0.378487
v -0.204355 0.187461 0.382392
v -0.205621 0.191692 0.378487
v -0.203173 0.183999 0.383136
v -0.189567 0.203041 0.370743
v -0.186431 0.199954 0.376682
v -0.183619 0.196388 0.380442
v -0.186431 0.199954 0.376682
v -0.181803 0.193200 0.381126
v -0.174679 0.212096 0.363995
v -0.169723 0.210116 0.369109
v -0.165564 0.207370 0.372258
v -0.169723 0.210116 0.369109
v -0.163198 0.204516 0.372693
v -0.163460 0.221959 0.352768
v -0.157132 0.221184 0.356509
v -0.151959 0.219329 0.358643
v -0.157132 0.221184 0.356509
v -0.149177 0.216842 0.358661
v -0.157009 0.231662 0.338160
v -0.149892 0.232074 0.340115
v -0.144136 0.231097 0.340927
v -0.149892 0.232074 0.340115
v -0.141115 0.228969 0.340405
v -0.155957 0.240258 0.321601
v -0.148711 0.241721 0.321532
v -0.142860 0.241521 0.320847
v -0.148711 0.241721 0.321532
v -0.139799 0.239711 0.319711
v -0.160406 0.246903 0.304713
v -0.153705 0.249179 0.302579
v -0.148255 0.249580 0.300366
v -0.153705 0.249179 0.302579
v -0.145360 0.248016 0.298605
v -0.169921 0.250949 0.289148
v -0.164383 0.253719 0.285111
v -0.159795 0.254486 0.281491
v -0.164383 0.253719 0.285111
v -0.157252 0.253072 0.279153
v -0.183572 0.251998 0.276431
v -0.179703 0.254897 0.270838
v -0.176349 0.255759 0.266068
v -0.179703 0.254897 0.270838
v -0.174311 0.254384 0.263259
v -0.200021 0.249949 0.267805
v -0.198163 0.252597 0.261158
v -0.196296 0.253273 0.255607
v -0.198163 0.252597 0.261158
v -0.194868 0.251822 0.252479
v -0.217658 0.245001 0.264115
v -0.217957 0.247044 0.257018
v -0.217686 0.247273 0.251133
v -0.217957 0.247044 0.257018
v -0.216911 0.245639 0.247868
v -0.234758 0.237639 0.265723
v -0.237147 0.238782 0.258822
v -0.238422 0.238345 0.253083
v -0.237147 0.238782 0.258822
v -0.238281 0.236438 0.249878
v -0.249645 0.228584 0.272471
v -0.253855 0.228620 0.266395
v -0.256476 0.227364 0.261266
v -0.253855 0.228620 0.266395
v -0.256886 0.225122 0.258311
v -0.260864 0.218722 0.283699
v -0.266445 0.217552 0.278995
v -0.270081 0.215404 0.274882
v -0.266445 0.217552 0.278995
v -0.270907 0.212796 0.272343
v -0.267315 0.209018 0.298307
v -0.273685 0.206662 0.295389
v -0.277905 0.203637 0.292597
v -0.273685 0.206662 0.295389
v -0.278969 0.200669 0.290599
v -0.166984 -0.023444 0.218480
v -0.159545 -0.026607 0.230649
v -0.148873 -0.027428 0.240591
v -0.136013 -0.025825 0.247335
v -0.122224 -0.021957 0.250219
v -0.108856 -0.016202 0.248962
v -0.097217 -0.009122 0.243687
v -0.088446 -0.001412 0.234909
v -0.083402 0.006174 0.223489
v -0.082580 0.012894 0.210543
v -0.086058 0.018090 0.197340
v -0.093497 0.021253 0.185172
v -0.104169 0.022073 0.175229
v -0.117029 0.020471 0.168485
v -0.130818 0.016602 0.165601
v -0.144186 0.010847 0.166858
v -0.155825 0.003768 0.172134
v -0.164596 -0.003943 0.180911
v -0.169639 -0.011529 0.192332
v -0.170462 -0.018249 0.205277
v -0.166984 -0.023444 0.218480
v -0.165127 -0.023954 0.217513
v -0.168486 -0.018937 0.204763
v -0.165127 -0.023954 0.217513
v -0.168486 -0.018937 0.204763
v -0.165127 -0.023954 0.217513
v -0.157943 -0.027008 0.229264
v -0.157943 -0.027008 0.229264
v -0.147637 -0.027801 0.238866
v -0.147637 -0.027801 0.238866
v -0.135218 -0.026253 0.245378
v -0.135218 -0.026253 0.245378
v -0.121902 -0.022518 0.248164
v -0.121902 -0.022518 0.248164
v -0.108993 -0.016960 0.246950
v -0.108993 -0.016960 0.246950
v -0.097753 -0.010123 0.241855
v -0.097753 -0.010123 0.241855
v -0.089283 -0.002678 0.233378
v -0.089283 -0.002678 0.233378
v -0.084412 0.004648 0.222350
v -0.084412 0.004648 0.222350
v -0.083618 0.011138 0.209848
v -0.083618 0.011138 0.209848
v -0.086977 0.016155 0.197098
v -0.086977 0.016155 0.197098
v -0.094161 0.019210 0.185347
v -0.094161 0.019210 0.185347
v -0.104467 0.020002 0.175745
v -0.104467 0.020002 0.175745
v -0.116885 0.018454 0.169233
v -0.116885 0.018454 0.169233
v -0.130201 0.014719 0.166448
v -0.130201 0.014719 0.166448
v -0.143111 0.009161 0.167662
v -0.143111 0.009161 0.167662
v -0.154351 0.002324 0.172756
v -0.154351 0.002324 0.172756
v -0.162820 -0.005121 0.181233
v -0.162820 -0.005121 0.181233
v -0.167691 -0.012447 0.192261
v -0.167691 -0.012447 0.192261
v -0.043688 0.387881 0.376711
v -0.040814 0.394653 0.363876
v -0.049478 0.386354 0.375651
v -0.046253 0.393954 0.361247
v -0.055566 0.378699 0.371336
v -0.053780 0.383027 0.373703
v -0.050295 0.391239 0.358139
v -0.051974 0.387163 0.355296
v -0.049478 0.386354 0.375651
v -0.046253 0.393954 0.361247
v -0.041937 0.380996 0.389687
v -0.047513 0.378627 0.390214
v -0.049478 0.386354 0.375651
v -0.053780 0.383027 0.373703
v -0.051656 0.374677 0.389440
v -0.047513 0.378627 0.390214
v -0.055566 0.378699 0.371336
v -0.053377 0.370095 0.387553
v -0.035732 0.374672 0.401534
v -0.040550 0.371530 0.403510
v -0.044131 0.367008 0.403807
v -0.040550 0.371530 0.403510
v -0.045623 0.362192 0.402359
v -0.025681 0.369528 0.411093
v -0.029270 0.365758 0.414237
v -0.031943 0.360770 0.415399
v -0.029270 0.365758 0.414237
v -0.033062 0.355763 0.414305
v -0.012768 0.366068 0.417428
v -0.014778 0.361874 0.421346
v -0.016283 0.356574 0.423081
v -0.014778 0.361874 0.421346
v -0.016924 0.351439 0.422222
v 0.001743 0.364630 0.419918
v 0.001507 0.360260 0.424141
v 0.001315 0.354830 0.426101
v 0.001507 0.360260 0.424141
v 0.001212 0.349641 0.425334
v 0.016432 0.365355 0.418320
v 0.017993 0.361074 0.422348
v 0.019129 0.355709 0.424164
v 0.017993 0.361074 0.422348
v 0.019569 0.350547 0.423337
v 0.029861 0.368171 0.412791
v 0.033064 0.364235 0.416143
v 0.035414 0.359125 0.417458
v 0.033064 0.364235 0.416143
v 0.036352 0.354068 0.416427
v 0.040716 0.372805 0.403871
v 0.045245 0.369435 0.406132
v 0.048577 0.364744 0.406641
v 0.045245 0.369435 0.406132
v 0.049917 0.359858 0.405280
v 0.047933 0.378801 0.392434
v 0.053345 0.376164 0.393297
v 0.057330 0.372015 0.392771
v 0.053345 0.376164 0.393297
v 0.058937 0.367352 0.390986
v 0.050807 0.385573 0.379599
v 0.056570 0.383764 0.378893
v 0.060815 0.380228 0.377206
v 0.056570 0.383764 0.378893
v 0.062529 0.375815 0.374946
v 0.049056 0.392458 0.366623
v 0.054605 0.391491 0.364330
v 0.058691 0.388577 0.361470
v 0.054605 0.391491 0.364330
v 0.060340 0.384419 0.358729
v 0.042851 0.398782 0.354776
v 0.047641 0.398588 0.351034
v 0.051167 0.396246 0.347103
v 0.047641 0.398588 0.351034
v 0.052586 0.392323 0.343923
v 0.032800 0.403925 0.345217
v 0.036362 0.404361 0.340307
v 0.038978 0.402484 0.335511
v 0.036362 0.404361 0.340307
v 0.040025 0.398751 0.331977
v 0.019887 0.407386 0.338882
v 0.021870 0.408244 0.333198
v 0.023318 0.406680 0.327829
v 0.021870 0.408244 0.333198
v 0.023887 0.403076 0.324060
v 0.005376 0.408824 0.336392
v 0.005584 0.409858 0.330403
v 0.005720 0.408425 0.324809
v 0.005584 0.409858 0.330403
v 0.005752 0.404873 0.320948
v -0.009313 0.408099 0.337990
v -0.010901 0.409045 0.332196
v -0.012093 0.407545 0.326746
v -0.010901 0.409045 0.332196
v -0.012606 0.403967 0.322945
v -0.022742 0.405282 0.343519
v -0.025972 0.405883 0.338401
v -0.028379 0.404129 0.333452
v -0.025972 0.405883 0.338401
v -0.029389 0.400447 0.329855
v -0.033597 0.400649 0.352439
v -0.038153 0.400683 0.348412
v -0.041542 0.398510 0.344269
v -0.038153 0.400683 0.348412
v -0.042954 0.394656 0.341003
v -0.036530 0.005117 0.174498
v -0.035161 -0.000265 0.184643
v -0.030310 -0.005209 0.193905
v -0.022453 -0.009231 0.201378
v -0.012357 -0.011936 0.206330
v -0.001012 -0.013060 0.208277
v 0.010472 -0.012494 0.207028
v 0.020971 -0.010291 0.202705
v 0.029456 -0.006669 0.195732
v 0.035099 -0.001981 0.186790
v 0.037346 0.003313 0.176756
v 0.035977 0.008695 0.166612
v 0.031126 0.013640 0.157349
v 0.023268 0.017661 0.149876
v 0.013173 0.020366 0.144924
v 0.001828 0.021491 0.142977
v -0.009656 0.020924 0.144226
v -0.020155 0.018722 0.148549
v -0.028641 0.015099 0.155522
v -0.034283 0.010412 0.164464
v -0.036530 0.005117 0.174498
v -0.035280 0.002990 0.173427
v -0.033111 0.008103 0.163737
v -0.035280 0.002990 0.173427
v -0.033111 0.008103 0.163737
v -0.035280 0.002990 0.173427
v -0.033958 -0.002208 0.183224
v -0.033958 -0.002208 0.183224
v -0.029274 -0.006982 0.192168
v -0.029274 -0.006982 0.192168
v -0.021686 -0.010866 0.199385
v -0.021686 -0.010866 0.199385
v -0.011937 -0.013478 0.204167
v -0.011937 -0.013478 0.204167
v -0.000981 -0.014564 0.206047
v -0.000981 -0.014564 0.206047
v 0.010109 -0.014017 0.204841
v 0.010109 -0.014017 0.204841
v 0.020248 -0.011890 0.200667
v 0.020248 -0.011890 0.200667
v 0.028443 -0.008392 0.193932
v 0.028443 -0.008392 0.193932
v 0.033892 -0.003865 0.185298
v 0.033892 -0.003865 0.185298
v 0.036061 0.001248 0.175608
v 0.036061 0.001248 0.175608
v 0.034739 0.006446 0.165811
v 0.034739 0.006446 0.165811
v 0.030055 0.011220 0.156866
v 0.030055 0.011220 0.156866
v 0.022467 0.015104 0.149650
v 0.022467 0.015104 0.149650
v 0.012718 0.017716 0.144867
v 0.012718 0.017716 0.144867
v 0.001762 0.018802 0.142987
v 0.001762 0.018802 0.142987
v -0.009328 0.018255 0.144193
v -0.009328 0.018255 0.144193
v -0.019467 0.016128 0.148368
v -0.019467 0.016128 0.148368
v -0.027662 0.012630 0.155102
v -0.027662 0.012630 0.155102
v -0.064008 0.672170 0.011024
v -0.067302 0.671398 -0.009759
v -0.071834 0.669302 0.013675
v -0.075530 0.668435 -0.009649
v -0.079993 0.655537 0.016839
v -0.077623 0.663273 0.015781
v -0.081617 0.662337 -0.009423
v -0.084110 0.654572 -0.009134
v -0.071834 0.669302 0.013675
v -0.075530 0.668435 -0.009649
v -0.054448 0.672867 0.029772
v -0.061105 0.670083 0.034716
v -0.071834 0.669302 0.013675
v -0.077623 0.663273 0.015781
v -0.066030 0.664118 0.038518
v -0.061105 0.670083 0.034716
v -0.079993 0.655537 0.016839
v -0.068046 0.656408 0.040270
v -0.039559 0.673420 0.044651
v -0.044396 0.670704 0.051414
v -0.047973 0.664788 0.056562
v -0.044396 0.670704 0.051414
v -0.049439 0.657098 0.058865
v -0.020797 0.673775 0.054204
v -0.023340 0.671102 0.062135
v -0.025221 0.665219 0.068147
v -0.023340 0.671102 0.062135
v -0.025991 0.657542 0.070804
v -0.000000 0.673897 0.057496
v -0.000000 0.671239 0.065829
v -0.000000 0.665367 0.072138
v -0.000000 0.671239 0.065829
v -0.000000 0.657695 0.074918
v 0.020797 0.673775 0.054204
v 0.023340 0.671102 0.062135
v 0.025221 0.665219 0.068147
v 0.023340 0.671102 0.062135
v 0.025991 0.657542 0.070804
v 0.039559 0.673420 0.044651
v 0.044396 0.670704 0.051414
v 0.047973 0.664788 0.056562
v 0.044396 0.670704 0.051414
v 0.049439 0.657098 0.058865
v 0.054448 0.672867 0.029772
v 0.061105 0.670083 0.034716
v 0.066030 0.664118 0.038518
v 0.061105 0.670083 0.034716
v 0.068046 0.656408 0.040270
v 0.064008 0.672170 0.011024
v 0.071834 0.669302 0.013675
v 0.077623 0.663273 0.015781
v 0.071834 0.669302 0.013675
v 0.079993 0.655537 0.016839
v 0.067302 0.671398 -0.009759
v 0.075530 0.668435 -0.009649
v 0.081617 0.662337 -0.009423
v 0.075530 0.668435 -0.009649
v 0.084110 0.654572 -0.009134
v 0.064008 0.670626 -0.030542
v 0.071834 0.667569 -0.032973
v 0.077623 0.661401 -0.034626
v 0.071834 0.667569 -0.032973
v 0.079993 0.653607 -0.035108
v 0.054448 0.669930 -0.049291
v 0.061105 0.666787 -0.054014
v 0.066030 0.660556 -0.057363
v 0.061105 0.666787 -0.054014
v 0.068046 0.652737 -0.058539
v 0.039559 0.669377 -0.064170
v 0.044396 0.666167 -0.070712
v 0.047973 0.659886 -0.075407
v 0.044396 0.666167 -0.070712
v 0.049439 0.652046 -0.077134
v 0.020797 0.669022 -0.073723
v 0.023340 0.665768 -0.081433
v 0.025221 0.659455 -0.086992
v 0.023340 0.665768 -0.081433
v 0.025991 0.651603 -0.089072
v 0.000000 0.668900 -0.077014
v 0.000000 0.665631 -0.085127
v 0.000000 0.659307 -0.090984
v 0.000000 0.665631 -0.085127
v 0.000000 0.651450 -0.093186
v -0.020797 0.669022 -0.073723
v -0.023340 0.665768 -0.081433
v -0.025221 0.659455 -0.086992
v -0.023340 0.665768 -0.081433
v -0.025991 0.651603 -0.089072
v -0.039559 0.669377 -0.064170
v -0.044396 0.666167 -0.070712
v -0.047973 0.659886 -0.075407
v -0.044396 0.666167 -0.070712
v -0.049439 0.652046 -0.077134
v -0.054448 0.669930 -0.049291
v -0.061105 0.666787 -0.054014
v -0.066030 0.660556 -0.057363
v -0.061105 0.666787 -0.054014
v -0.068046 0.652737 -0.058539
v -0.064008 0.670626 -0.030542
v -0.071834 0.667569 -0.032973
v -0.077623 0.661401 -0.034626
v -0.071834 0.667569 -0.032973
v -0.079993 0.653607 -0.035108
v -0.034098 -0.007854 0.026561
v -0.029006 -0.007483 0.036548
v -0.021074 -0.007189 0.044475
v -0.011079 -0.007000 0.049564
v 0.000000 -0.006935 0.051317
v 0.011079 -0.007000 0.049564
v 0.021074 -0.007189 0.044475
v 0.029006 -0.007483 0.036548
v 0.034098 -0.007854 0.026561
v 0.035853 -0.008266 0.015489
v 0.034098 -0.008677 0.004418
v 0.029006 -0.009048 -0.005570
v 0.021074 -0.009342 -0.013496
v 0.011079 -0.009531 -0.018585
v 0.000000 -0.009597 -0.020339
v -0.011079 -0.009531 -0.018585
v -0.021074 -0.009342 -0.013496
v -0.029006 -0.009048 -0.005570
v -0.034098 -0.008677 0.004418
v -0.035853 -0.008266 0.015489
v -0.034098 -0.007854 0.026561
v -0.032928 -0.011593 0.026319
v -0.034623 -0.011990 0.015628
v -0.032928 -0.011593 0.026319
v -0.034623 -0.011990 0.015628
v -0.032928 -0.011593 0.026319
v -0.028011 -0.011235 0.035964
v -0.028011 -0.011235 0.035964
v -0.020351 -0.010950 0.043619
v -0.020351 -0.010950 0.043619
v -0.010699 -0.010768 0.048533
v -0.010699 -0.010768 0.048533
v 0.000000 -0.010705 0.050227
v 0.000000 -0.010705 0.050227
v 0.010699 -0.010768 0.048533
v 0.010699 -0.010768 0.048533
v 0.020351 -0.010950 0.043619
v 0.020351 -0.010950 0.043619
v 0.028011 -0.011235 0.035964
v 0.028011 -0.011235 0.035964
v 0.032928 -0.011593 0.026319
v 0.032928 -0.011593 0.026319
v 0.034623 -0.011990 0.015628
v 0.034623 -0.011990 0.015628
v 0.032928 -0.012387 0.004936
v 0.032928 -0.012387 0.004936
v 0.028011 -0.012745 -0.004709
v 0.028011 -0.012745 -0.004709
v 0.020351 -0.013030 -0.012364
v 0.020351 -0.013030 -0.012364
v 0.010699 -0.013212 -0.017278
v 0.010699 -0.013212 -0.017278
v 0.000000 -0.013275 -0.018972
v 0.000000 -0.013275 -0.018972
v -0.010699 -0.013212 -0.017278
v -0.010699 -0.013212 -0.017278
v -0.020351 -0.013030 -0.012364
v -0.020351 -0.013030 -0.012364
v -0.028011 -0.012745 -0.004709
v -0.028011 -0.012745 -0.004709
v -0.032928 -0.012387 0.004936
v -0.032928 -0.012387 0.004936
v -0.142960 0.490591 0.285400
v -0.145785 0.495273 0.268190
v -0.149672 0.487793 0.286899
v -0.152842 0.493049 0.267585
v -0.156669 0.476788 0.286261
v -0.154636 0.482791 0.287210
v -0.158062 0.488470 0.266339
v -0.160200 0.482641 0.264753
v -0.149672 0.487793 0.286899
v -0.152842 0.493049 0.267585
v -0.134762 0.486366 0.300925
v -0.140471 0.483052 0.304323
v -0.149672 0.487793 0.286899
v -0.154636 0.482791 0.287210
v -0.144694 0.477668 0.306037
v -0.140471 0.483052 0.304323
v -0.156669 0.476788 0.286261
v -0.146424 0.471509 0.305663
v -0.121993 0.483013 0.313246
v -0.126141 0.479290 0.318150
v -0.129209 0.473603 0.320979
v -0.126141 0.479290 0.318150
v -0.130466 0.467319 0.321062
v -0.105903 0.480861 0.321157
v -0.108084 0.476874 0.327028
v -0.109697 0.470992 0.330572
v -0.108084 0.476874 0.327028
v -0.110358 0.464629 0.330948
v -0.088068 0.480119 0.323883
v -0.088068 0.476042 0.330087
v -0.088068 0.470093 0.333878
v -0.088068 0.476042 0.330087
v -0.088068 0.463702 0.334354
v -0.070232 0.480861 0.321157
v -0.068051 0.476874 0.327028
v -0.066438 0.470992 0.330572
v -0.068051 0.476874 0.327028
v -0.065778 0.464629 0.330948
v -0.054142 0.483013 0.313246
v -0.049994 0.479290 0.318150
v -0.046926 0.473603 0.320979
v -0.049994 0.479290 0.318150
v -0.045669 0.467319 0.321062
v -0.041373 0.486366 0.300925
v -0.035664 0.483052 0.304323
v -0.031441 0.477668 0.306037
v -0.035664 0.483052 0.304323
v -0.029712 0.471509 0.305663
v -0.033175 0.490591 0.285400
v -0.026464 0.487793 0.286899
v -0.021499 0.482791 0.287210
v -0.026464 0.487793 0.286899
v -0.019466 0.476788 0.286261
v -0.030350 0.495273 0.268190
v -0.023293 0.493049 0.267585
v -0.018073 0.488470 0.266339
v -0.023293 0.493049 0.267585
v -0.015936 0.482641 0.264753
v -0.033175 0.499956 0.250980
v -0.026464 0.498304 0.248271
v -0.021499 0.494149 0.245469
v -0.026464 0.498304 0.248271
v -0.019466 0.488493 0.243245
v -0.041373 0.504181 0.235455
v -0.035664 0.503045 0.230847
v -0.031441 0.499273 0.226641
v -0.035664 0.503045 0.230847
v -0.029712 0.493773 0.223842
v -0.054142 0.507534 0.223134
v -0.049994 0.506808 0.217020
v -0.046926 0.503338 0.211699
v -0.049994 0.506808 0.217020
v -0.045669 0.497963 0.208444
v -0.070232 0.509686 0.215224
v -0.068051 0.509224 0.208142
v -0.066438 0.505949 0.202106
v -0.068051 0.509224 0.208142
v -0.065778 0.500653 0.198558
v -0.088068 0.510428 0.212498
v -0.088068 0.510056 0.205083
v -0.088068 0.506848 0.198800
v -0.088068 0.510056 0.205083
v -0.088068 0.501580 0.195151
v -0.105903 0.509686 0.215224
v -0.108084 0.509224 0.208142
v -0.109697 0.505949 0.202106
v -0.108084 0.509224 0.208142
v -0.110358 0.500653 0.198558
v -0.121993 0.507534 0.223134
v -0.126141 0.506808 0.217020
v -0.129209 0.503338 0.211699
v -0.126141 0.506808 0.217020
v -0.130466 0.497963 0.208444
v -0.134762 0.504181 0.235455
v -0.140471 0.503045 0.230847
v -0.144694 0.499273 0.226641
v -0.140471 0.503045 0.230847
v -0.146424 0.493773 0.223842
v -0.142960 0.499956 0.250980
v -0.149672 0.498304 0.248271
v -0.154636 0.494149 0.245469
v -0.149672 0.498304 0.248271
v -0.156669 0.488493 0.243245
v -0.112632 -0.017139 0.137191
v -0.108963 -0.019030 0.144138
v -0.103249 -0.020530 0.149652
v -0.096049 -0.021493 0.153192
v -0.088068 -0.021825 0.154412
v -0.080086 -0.021493 0.153192
v -0.072886 -0.020530 0.149652
v -0.067172 -0.019030 0.144138
v -0.063503 -0.017139 0.137191
v -0.062239 -0.015044 0.129490
v -0.063503 -0.012948 0.121788
v -0.067172 -0.011058 0.114841
v -0.072886 -0.009557 0.109327
v -0.080086 -0.008594 0.105787
v -0.088068 -0.008262 0.104568
v -0.096049 -0.008594 0.105787
v -0.103249 -0.009557 0.109327
v -0.108963 -0.011058 0.114841
v -0.112632 -0.012948 0.121788
v -0.113896 -0.015044 0.129490
v -0.112632 -0.017139 0.137191
v -0.111789 -0.019863 0.136166
v -0.113010 -0.017840 0.128729
v -0.111789 -0.019863 0.136166
v -0.113010 -0.017840 0.128729
v -0.111789 -0.019863 0.136166
v -0.108246 -0.021689 0.142875
v -0.108246 -0.021689 0.142875
v -0.102728 -0.023138 0.148199
v -0.102728 -0.023138 0.148199
v -0.095775 -0.024068 0.151618
v -0.095775 -0.024068 0.151618
v -0.088068 -0.024389 0.152796
v -0.088068 -0.024389 0.152796
v -0.080360 -0.024068 0.151618
v -0.080360 -0.024068 0.151618
v -0.073407 -0.023138 0.148199
v -0.073407 -0.023138 0.148199
v -0.067889 -0.021689 0.142875
v -0.067889 -0.021689 0.142875
v -0.064346 -0.019863 0.136166
v -0.064346 -0.019863 0.136166
v -0.063125 -0.017840 0.128729
v -0.063125 -0.017840 0.128729
v -0.064346 -0.015816 0.121292
v -0.064346 -0.015816 0.121292
v -0.067889 -0.013990 0.114582
v -0.067889 -0.013990 0.114582
v -0.073407 -0.012542 0.109258
v -0.073407 -0.012542 0.109258
v -0.080360 -0.011611 0.105840
v -0.080360 -0.011611 0.105840
v -0.088068 -0.011291 0.104662
v -0.088068 -0.011291 0.104662
v -0.095775 -0.011611 0.105840
v -0.095775 -0.011611 0.105840
v -0.102728 -0.012542 0.109258
v -0.102728 -0.012542 0.109258
v -0.108246 -0.013990 0.114582
v -0.108246 -0.013990 0.114582
v -0.111789 -0.015816 0.121292
v -0.111789 -0.015816 0.121292
v -0.313379 0.525835 0.130624
v -0.315616 0.525488 0.114900
v -0.318716 0.522301 0.132442
v -0.321226 0.521912 0.114796
v -0.322556 0.510082 0.134281
v -0.322039 0.516593 0.133767
v -0.324752 0.516172 0.114698
v -0.325352 0.509649 0.114630
v -0.318716 0.522301 0.132442
v -0.321226 0.521912 0.114796
v -0.306489 0.527131 0.144880
v -0.310984 0.523756 0.148441
v -0.318716 0.522301 0.132442
v -0.322039 0.516593 0.133767
v -0.313683 0.518165 0.151055
v -0.310984 0.523756 0.148441
v -0.322556 0.510082 0.134281
v -0.313946 0.511702 0.152097
v -0.295621 0.529250 0.156271
v -0.298787 0.526134 0.161226
v -0.300504 0.520735 0.164870
v -0.298787 0.526134 0.161226
v -0.300364 0.514351 0.166334
v -0.281839 0.531985 0.163684
v -0.283320 0.529203 0.169545
v -0.283790 0.524051 0.173859
v -0.283320 0.529203 0.169545
v -0.283140 0.517768 0.175598
v -0.266492 0.535067 0.166392
v -0.266096 0.532662 0.172584
v -0.265178 0.527788 0.177143
v -0.266096 0.532662 0.172584
v -0.263960 0.521620 0.178983
v -0.251082 0.538195 0.164131
v -0.248802 0.536172 0.170046
v -0.246490 0.531582 0.174401
v -0.248802 0.536172 0.170046
v -0.244701 0.525529 0.176156
v -0.237117 0.541062 0.157121
v -0.233130 0.539391 0.162179
v -0.229555 0.535059 0.165900
v -0.233130 0.539391 0.162179
v -0.227249 0.529113 0.167396
v -0.225965 0.543389 0.146049
v -0.220614 0.542002 0.149753
v -0.216031 0.537881 0.152473
v -0.220614 0.542002 0.149753
v -0.213311 0.532021 0.153559
v -0.218717 0.544947 0.131999
v -0.212480 0.543750 0.133985
v -0.207241 0.539771 0.135434
v -0.212480 0.543750 0.133985
v -0.204253 0.533968 0.135999
v -0.216083 0.545584 0.116345
v -0.209524 0.544465 0.116418
v -0.204047 0.540543 0.116451
v -0.209524 0.544465 0.116418
v -0.200961 0.534764 0.116437
v -0.218320 0.545237 0.100621
v -0.212034 0.544076 0.098771
v -0.206760 0.540122 0.097382
v -0.212034 0.544076 0.098771
v -0.203757 0.534330 0.096786
v -0.225210 0.543941 0.086366
v -0.219766 0.542621 0.082773
v -0.215115 0.538550 0.080094
v -0.219766 0.542621 0.082773
v -0.212367 0.532710 0.078970
v -0.236077 0.541822 0.074974
v -0.231963 0.540243 0.069988
v -0.228295 0.535980 0.066279
v -0.231963 0.540243 0.069988
v -0.225949 0.530062 0.064733
v -0.249859 0.539087 0.067561
v -0.247430 0.537174 0.061669
v -0.245008 0.532664 0.057290
v -0.247430 0.537174 0.061669
v -0.243173 0.526645 0.055469
v -0.265207 0.536005 0.064853
v -0.264654 0.533715 0.058630
v -0.263620 0.528927 0.054006
v -0.264654 0.533715 0.058630
v -0.262354 0.522793 0.052084
v -0.280617 0.532877 0.067114
v -0.281948 0.530205 0.061168
v -0.282308 0.525134 0.056748
v -0.281948 0.530205 0.061168
v -0.281612 0.518884 0.054910
v -0.294582 0.530010 0.074124
v -0.297620 0.526987 0.069035
v -0.299243 0.521656 0.065249
v -0.297620 0.526987 0.069035
v -0.299065 0.515300 0.063671
v -0.305734 0.527683 0.085196
v -0.310136 0.524375 0.081460
v -0.312767 0.518834 0.078676
v -0.310136 0.524375 0.081460
v -0.313002 0.512392 0.077508
v -0.312982 0.526125 0.099247
v -0.318270 0.522627 0.097229
v -0.321557 0.516945 0.095715
v -0.318270 0.522627 0.097229
v -0.322060 0.510445 0.095068
v -0.194244 -0.010481 0.123749
v -0.188858 -0.009467 0.134894
v -0.180362 -0.007810 0.143800
v -0.169587 -0.005673 0.149596
v -0.157588 -0.003263 0.151713
v -0.145541 -0.000818 0.149945
v -0.134623 0.001424 0.144465
v -0.125904 0.003243 0.135808
v -0.120238 0.004462 0.124824
v -0.118179 0.004959 0.112586
v -0.119928 0.004688 0.100293
v -0.125314 0.003675 0.089148
v -0.133810 0.002018 0.080242
v -0.144585 -0.000120 0.074447
v -0.156584 -0.002529 0.072329
v -0.168631 -0.004975 0.074097
v -0.179549 -0.007217 0.079578
v -0.188268 -0.009036 0.088234
v -0.193934 -0.010254 0.099218
v -0.195993 -0.010752 0.111456
v -0.194244 -0.010481 0.123749
v -0.192374 -0.013171 0.123327
v -0.194063 -0.013433 0.111456
v -0.192374 -0.013171 0.123327
v -0.194063 -0.013433 0.111456
v -0.192374 -0.013171 0.123327
v -0.187172 -0.012192 0.134090
v -0.187172 -0.012192 0.134090
v -0.178967 -0.010592 0.142690
v -0.178967 -0.010592 0.142690
v -0.168562 -0.008528 0.148287
v -0.168562 -0.008528 0.148287
v -0.156975 -0.006201 0.150332
v -0.156975 -0.006201 0.150332
v -0.145341 -0.003839 0.148624
v -0.145341 -0.003839 0.148624
v -0.134798 -0.001674 0.143332
v -0.134798 -0.001674 0.143332
v -0.126378 0.000082 0.134973
v -0.126378 0.000082 0.134973
v -0.120906 0.001259 0.124365
v -0.120906 0.001259 0.124365
v -0.118917 0.001739 0.112547
v -0.118917 0.001739 0.112547
v -0.120606 0.001478 0.100676
v -0.120606 0.001478 0.100676
v -0.125808 0.000499 0.089913
v -0.125808 0.000499 0.089913
v -0.134013 -0.001101 0.081312
v -0.134013 -0.001101 0.081312
v -0.144418 -0.003165 0.075716
v -0.144418 -0.003165 0.075716
v -0.156005 -0.005492 0.073671
v -0.156005 -0.005492 0.073671
v -0.167639 -0.007854 0.075379
v -0.167639 -0.007854 0.075379
v -0.178182 -0.010019 0.080671
v -0.178182 -0.010019 0.080671
v -0.186602 -0.011776 0.089030
v -0.186602 -0.011776 0.089030
v -0.192074 -0.012952 0.099638
v -0.192074 -0.012952 0.099638
v -0.178552 0.463247 0.042790
v -0.180052 0.462332 0.031275
v -0.182662 0.460757 0.044243
v -0.184345 0.459730 0.031320
v -0.186108 0.450530 0.046256
v -0.185398 0.456149 0.045499
v -0.187217 0.455039 0.031534
v -0.187983 0.449387 0.031865
v -0.182662 0.460757 0.044243
v -0.184345 0.459730 0.031320
v -0.173578 0.464475 0.053251
v -0.177079 0.462135 0.055984
v -0.182662 0.460757 0.044243
v -0.185398 0.456149 0.045499
v -0.179365 0.457638 0.058185
v -0.177079 0.462135 0.055984
v -0.186108 0.450530 0.046256
v -0.179891 0.452065 0.059330
v -0.165616 0.465896 0.061634
v -0.168144 0.463730 0.065391
v -0.169709 0.459361 0.068351
v -0.168144 0.463730 0.065391
v -0.169941 0.453841 0.069806
v -0.155445 0.467371 0.067118
v -0.156730 0.465385 0.071546
v -0.157376 0.461150 0.075002
v -0.156730 0.465385 0.071546
v -0.157230 0.455684 0.076660
v -0.144062 0.468755 0.069167
v -0.143955 0.466939 0.073845
v -0.143571 0.462828 0.077486
v -0.143955 0.466939 0.073845
v -0.143004 0.457414 0.079220
v -0.132581 0.469913 0.067579
v -0.131069 0.468238 0.072063
v -0.129647 0.464232 0.075561
v -0.131069 0.468238 0.072063
v -0.128655 0.458861 0.077236
v -0.122125 0.470731 0.062511
v -0.119335 0.469157 0.066376
v -0.116967 0.465225 0.069415
v -0.119335 0.469157 0.066376
v -0.115588 0.459884 0.070902
v -0.113717 0.471130 0.054458
v -0.109900 0.469604 0.057338
v -0.106772 0.465709 0.059649
v -0.109900 0.469604 0.057338
v -0.105081 0.460383 0.060838
v -0.108182 0.471070 0.044209
v -0.103688 0.469537 0.045836
v -0.100059 0.465636 0.047220
v -0.103688 0.469537 0.045836
v -0.098163 0.460308 0.048029
v -0.106061 0.470558 0.032767
v -0.101307 0.468962 0.032995
v -0.097486 0.465015 0.033344
v -0.101307 0.468962 0.032995
v -0.095512 0.459667 0.033730
v -0.107560 0.469643 0.021251
v -0.102990 0.467935 0.020071
v -0.099305 0.463905 0.019379
v -0.102990 0.467935 0.020071
v -0.097386 0.458524 0.019338
v -0.112535 0.468414 0.010790
v -0.108573 0.466556 0.008331
v -0.105338 0.462415 0.006693
v -0.108573 0.466556 0.008331
v -0.103603 0.456989 0.006265
v -0.120497 0.466993 0.002407
v -0.117508 0.464962 -0.001076
v -0.114993 0.460692 -0.003473
v -0.117508 0.464962 -0.001076
v -0.113554 0.455213 -0.004212
v -0.130667 0.465519 -0.003077
v -0.128922 0.463307 -0.007231
v -0.127327 0.458904 -0.010124
v -0.128922 0.463307 -0.007231
v -0.126264 0.453370 -0.011065
v -0.142051 0.464135 -0.005125
v -0.141697 0.461753 -0.009530
v -0.141132 0.457225 -0.012608
v -0.141697 0.461753 -0.009530
v -0.140490 0.451640 -0.013626
v -0.153532 0.462977 -0.003538
v -0.154582 0.460454 -0.007749
v -0.155055 0.455821 -0.010683
v -0.154582 0.460454 -0.007749
v -0.154839 0.450193 -0.011642
v -0.163988 0.462158 0.001530
v -0.166317 0.459535 -0.002061
v -0.167736 0.454828 -0.004537
v -0.166317 0.459535 -0.002061
v -0.167907 0.449170 -0.005308
v -0.172396 0.461759 0.009583
v -0.175752 0.459088 0.006977
v -0.177931 0.454345 0.005229
v -0.175752 0.459088 0.006977
v -0.178413 0.448671 0.004756
v -0.177931 0.461819 0.019832
v -0.181964 0.459155 0.018479
v -0.184644 0.454417 0.017658
v -0.181964 0.459155 0.018479
v -0.185331 0.448746 0.017565
v -0.117919 -0.017457 0.071811
v -0.114030 -0.016497 0.079989
v -0.107805 -0.015386 0.086543
v -0.099854 -0.014233 0.090830
v -0.090955 -0.013151 0.092432
v -0.081979 -0.012245 0.091191
v -0.073804 -0.011606 0.087229
v -0.067231 -0.011294 0.080933
v -0.062904 -0.011341 0.072920
v -0.061245 -0.011741 0.063975
v -0.062418 -0.012457 0.054972
v -0.066307 -0.013417 0.046794
v -0.072532 -0.014528 0.040240
v -0.080483 -0.015681 0.035952
v -0.089382 -0.016763 0.034351
v -0.098358 -0.017668 0.035592
v -0.106533 -0.018308 0.039554
v -0.113106 -0.018620 0.045850
v -0.117433 -0.018573 0.053863
v -0.119092 -0.018172 0.062808
v -0.117919 -0.017457 0.071811
v -0.116677 -0.020009 0.071694
v -0.117810 -0.020700 0.063000
v -0.116677 -0.020009 0.071694
v -0.117810 -0.020700 0.063000
v -0.116677 -0.020009 0.071694
v -0.112922 -0.019082 0.079592
v -0.112922 -0.019082 0.079592
v -0.106911 -0.018009 0.085921
v -0.106911 -0.018009 0.085921
v -0.099232 -0.016896 0.090061
v -0.099232 -0.016896 0.090061
v -0.090638 -0.015851 0.091608
v -0.090638 -0.015851 0.091608
v -0.081970 -0.014976 0.090409
v -0.081970 -0.014976 0.090409
v -0.074075 -0.014359 0.086583
v -0.074075 -0.014359 0.086583
v -0.067728 -0.014057 0.080503
v -0.067728 -0.014057 0.080503
v -0.063549 -0.014103 0.072765
v -0.063549 -0.014103 0.072765
v -0.061947 -0.014489 0.064127
v -0.061947 -0.014489 0.064127
v -0.063080 -0.015180 0.055433
v -0.063080 -0.015180 0.055433
v -0.066835 -0.016108 0.047535
v -0.066835 -0.016108 0.047535
v -0.072847 -0.017181 0.041206
v -0.072847 -0.017181 0.041206
v -0.080525 -0.018294 0.037065
v -0.080525 -0.018294 0.037065
v -0.089119 -0.019339 0.035519
v -0.089119 -0.019339 0.035519
v -0.097788 -0.020213 0.036717
v -0.097788 -0.020213 0.036717
v -0.105682 -0.020831 0.040544
v -0.105682 -0.020831 0.040544
v -0.112029 -0.021132 0.046624
v -0.112029 -0.021132 0.046624
v -0.116208 -0.021087 0.054361
v -0.116208 -0.021087 0.054361
v 0.329713 0.362289 0.067762
v 0.329595 0.363356 0.053007
v 0.324040 0.364044 0.068841
v 0.323907 0.365241 0.052282
v 0.314536 0.360705 0.069621
v 0.318542 0.363468 0.069514
v 0.318399 0.364761 0.051621
v 0.314388 0.362037 0.051182
v 0.324040 0.364044 0.068841
v 0.323907 0.365241 0.052282
v 0.333583 0.358680 0.081576
v 0.328383 0.359993 0.084345
v 0.324040 0.364044 0.068841
v 0.318542 0.363468 0.069514
v 0.323236 0.359091 0.086267
v 0.328383 0.359993 0.084345
v 0.314536 0.360705 0.069621
v 0.319373 0.356194 0.086886
v 0.340826 0.352882 0.093099
v 0.336512 0.353486 0.097276
v 0.332019 0.352059 0.100241
v 0.336512 0.353486 0.097276
v 0.328424 0.348947 0.101286
v 0.350733 0.345461 0.101201
v 0.347630 0.345158 0.106369
v 0.344033 0.343060 0.110066
v 0.347630 0.345158 0.106369
v 0.340805 0.339674 0.111412
v 0.362333 0.337146 0.105090
v 0.360648 0.335826 0.110734
v 0.358101 0.332976 0.114783
v 0.360648 0.335826 0.110734
v 0.355303 0.329281 0.116273
v 0.374492 0.328749 0.104386
v 0.374294 0.326402 0.109943
v 0.372846 0.322792 0.113928
v 0.374294 0.326402 0.109943
v 0.370498 0.318787 0.115392
v 0.386019 0.321092 0.099156
v 0.387231 0.317809 0.104074
v 0.386825 0.313507 0.107586
v 0.387231 0.317809 0.104074
v 0.384904 0.309219 0.108856
v 0.395787 0.314926 0.089913
v 0.398192 0.310889 0.093701
v 0.398670 0.306029 0.096378
v 0.398192 0.310889 0.093701
v 0.397111 0.301512 0.097305
v 0.402837 0.310853 0.077562
v 0.406105 0.306318 0.079840
v 0.407221 0.301090 0.081400
v 0.406105 0.306318 0.079840
v 0.405923 0.296422 0.081870
v 0.406482 0.309272 0.063312
v 0.410195 0.304544 0.063847
v 0.411640 0.299173 0.064118
v 0.410195 0.304544 0.063847
v 0.410477 0.294447 0.064061
v 0.406363 0.310339 0.048558
v 0.410062 0.305741 0.047289
v 0.411497 0.300467 0.046225
v 0.410062 0.305741 0.047289
v 0.410329 0.295780 0.045621
v 0.402493 0.313948 0.034743
v 0.405719 0.309792 0.031785
v 0.406803 0.304844 0.029472
v 0.405719 0.309792 0.031785
v 0.405493 0.300290 0.028356
v 0.395251 0.319747 0.023221
v 0.397590 0.316299 0.018854
v 0.398020 0.311875 0.015499
v 0.397590 0.316299 0.018854
v 0.396441 0.307537 0.013956
v 0.385344 0.327167 0.015118
v 0.386473 0.324627 0.009761
v 0.386006 0.320874 0.005673
v 0.386473 0.324627 0.009761
v 0.384060 0.316810 0.003830
v 0.373744 0.335483 0.011229
v 0.373454 0.333959 0.005396
v 0.371938 0.330959 0.000957
v 0.373454 0.333959 0.005396
v 0.369563 0.327203 -0.001030
v 0.361585 0.343880 0.011934
v 0.359808 0.343383 0.006187
v 0.357193 0.341142 0.001811
v 0.359808 0.343383 0.006187
v 0.354367 0.337697 -0.000149
v 0.350057 0.351536 0.017163
v 0.346872 0.351976 0.012056
v 0.343214 0.350427 0.008153
v 0.346872 0.351976 0.012056
v 0.339961 0.347266 0.006386
v 0.340290 0.357703 0.026406
v 0.335910 0.358896 0.022429
v 0.331369 0.357905 0.019362
v 0.335910 0.358896 0.022429
v 0.327754 0.354972 0.017937
v 0.333239 0.361775 0.038757
v 0.327997 0.363467 0.036290
v 0.322818 0.362844 0.034340
v 0.327997 0.363467 0.036290
v 0.318943 0.360062 0.033373
v 0.111638 0.030565 0.043917
v 0.114664 0.027743 0.054718
v 0.120326 0.023210 0.063726
v 0.128071 0.017409 0.070060
v 0.137140 0.010908 0.073101
v 0.146646 0.004343 0.072550
v 0.155658 -0.001643 0.068461
v 0.163294 -0.006464 0.061235
v 0.168807 -0.009648 0.051580
v 0.171656 -0.010884 0.040439
v 0.171563 -0.010050 0.028904
v 0.168537 -0.007228 0.018103
v 0.162875 -0.002695 0.009095
v 0.155130 0.003106 0.002761
v 0.146061 0.009607 -0.000280
v 0.136555 0.016172 0.000271
v 0.127543 0.022158 0.004360
v 0.119907 0.026979 0.011586
v 0.114395 0.030163 0.021241
v 0.111545 0.031399 0.032382
v 0.111638 0.030565 0.043917
v 0.111425 0.028082 0.043541
v 0.111336 0.028887 0.032401
v 0.111425 0.028082 0.043541
v 0.111336 0.028887 0.032401
v 0.111425 0.028082 0.043541
v 0.114347 0.025357 0.053970
v 0.114347 0.025357 0.053970
v 0.119815 0.020979 0.062670
v 0.119815 0.020979 0.062670
v 0.127294 0.015377 0.068787
v 0.127294 0.015377 0.068787
v 0.136053 0.009099 0.071723
v 0.136053 0.009099 0.071723
v 0.145232 0.002759 0.071191
v 0.145232 0.002759 0.071191
v 0.153935 -0.003022 0.067243
v 0.153935 -0.003022 0.067243
v 0.161309 -0.007677 0.060265
v 0.161309 -0.007677 0.060265
v 0.166632 -0.010752 0.050940
v 0.166632 -0.010752 0.050940
v 0.169384 -0.011945 0.040181
v 0.169384 -0.011945 0.040181
v 0.169295 -0.011140 0.029042
v 0.169295 -0.011140 0.029042
v 0.166373 -0.008415 0.018612
v 0.166373 -0.008415 0.018612
v 0.160904 -0.004037 0.009913
v 0.160904 -0.004037 0.009913
v 0.153425 0.001565 0.003796
v 0.153425 0.001565 0.003796
v 0.144667 0.007843 0.000860
v 0.144667 0.007843 0.000860
v 0.135487 0.014183 0.001392
v 0.135487 0.014183 0.001392
v 0.126784 0.019963 0.005340
v 0.126784 0.019963 0.005340
v 0.119411 0.024619 0.012318
v 0.119411 0.024619 0.012318
v 0.114087 0.027694 0.021643
v 0.114087 0.027694 0.021643
v 0.108113 0.530934 -0.269534
v 0.102782 0.527971 -0.279066
v 0.104144 0.530511 -0.266361
v 0.098161 0.527186 -0.277058
v 0.097935 0.521872 -0.259347
v 0.100457 0.527226 -0.262670
v 0.093992 0.523632 -0.274229
v 0.091273 0.518168 -0.271258
v 0.104144 0.530511 -0.266361
v 0.098161 0.527186 -0.277058
v 0.116166 0.532431 -0.261727
v 0.113182 0.532191 -0.257600
v 0.104144 0.530511 -0.266361
v 0.100457 0.527226 -0.262670
v 0.110223 0.529041 -0.253203
v 0.113182 0.532191 -0.257600
v 0.097935 0.521872 -0.259347
v 0.108000 0.523742 -0.249590
v 0.126153 0.532314 -0.256409
v 0.124390 0.532060 -0.251631
v 0.122335 0.528899 -0.246753
v 0.124390 0.532060 -0.251631
v 0.120481 0.523596 -0.242943
v 0.137097 0.530596 -0.254099
v 0.136671 0.530131 -0.249038
v 0.135606 0.526815 -0.243951
v 0.136671 0.530131 -0.249038
v 0.134157 0.521449 -0.240056
v 0.147925 0.527444 -0.255024
v 0.148823 0.526594 -0.250077
v 0.148737 0.522993 -0.245073
v 0.148823 0.526594 -0.250077
v 0.147690 0.517510 -0.241212
v 0.157579 0.523167 -0.259094
v 0.159657 0.521794 -0.254644
v 0.160444 0.517806 -0.250009
v 0.159657 0.521794 -0.254644
v 0.159754 0.512164 -0.246298
v 0.165112 0.518183 -0.265909
v 0.168112 0.516201 -0.262293
v 0.169580 0.511763 -0.258274
v 0.168112 0.516201 -0.262293
v 0.169170 0.505936 -0.254816
v 0.169788 0.512981 -0.274804
v 0.173360 0.510363 -0.272275
v 0.175251 0.505454 -0.269061
v 0.173360 0.510363 -0.272275
v 0.175014 0.499435 -0.265932
v 0.171150 0.508070 -0.284907
v 0.174887 0.504852 -0.283614
v 0.176902 0.499498 -0.281313
v 0.174887 0.504852 -0.283614
v 0.176715 0.493297 -0.278559
v 0.169063 0.503930 -0.295229
v 0.172545 0.500205 -0.295198
v 0.174371 0.494478 -0.293831
v 0.172545 0.500205 -0.295198
v 0.174107 0.488124 -0.291459
v 0.163732 0.500967 -0.304761
v 0.166562 0.496880 -0.305895
v 0.167906 0.490884 -0.305389
v 0.166562 0.496880 -0.305895
v 0.167444 0.484420 -0.303370
v 0.155678 0.499470 -0.312568
v 0.157525 0.495200 -0.314656
v 0.158140 0.489069 -0.314857
v 0.157525 0.495200 -0.314656
v 0.157380 0.482550 -0.313127
v 0.145691 0.499587 -0.317886
v 0.146316 0.495331 -0.320625
v 0.146028 0.489211 -0.321307
v 0.146316 0.495331 -0.320625
v 0.144898 0.482696 -0.319774
v 0.134748 0.501305 -0.320196
v 0.134035 0.497260 -0.323217
v 0.132757 0.491295 -0.324108
v 0.134035 0.497260 -0.323217
v 0.131222 0.484843 -0.322661
v 0.123920 0.504457 -0.319271
v 0.121883 0.500797 -0.322179
v 0.119626 0.495117 -0.322986
v 0.121883 0.500797 -0.322179
v 0.117689 0.488782 -0.321505
v 0.114266 0.508734 -0.315201
v 0.111049 0.505597 -0.317612
v 0.107919 0.500304 -0.318051
v 0.111049 0.505597 -0.317612
v 0.105625 0.494128 -0.316419
v 0.106733 0.513718 -0.308386
v 0.102594 0.511190 -0.309963
v 0.098783 0.506347 -0.309785
v 0.102594 0.511190 -0.309963
v 0.096210 0.500356 -0.307901
v 0.102056 0.518920 -0.299491
v 0.097346 0.517028 -0.299980
v 0.093112 0.512656 -0.298999
v 0.097346 0.517028 -0.299980
v 0.090366 0.506857 -0.296784
v 0.100695 0.523831 -0.289388
v 0.095819 0.522539 -0.288642
v 0.091461 0.518612 -0.286747
v 0.095819 0.522539 -0.288642
v 0.088665 0.512995 -0.284158
v -0.007066 0.005466 -0.045339
v -0.003462 0.006136 -0.041846
v 0.001007 0.006083 -0.039466
v 0.005904 0.005314 -0.038432
v 0.010750 0.003904 -0.038846
v 0.015070 0.001990 -0.040667
v 0.018441 -0.000240 -0.043717
v 0.020533 -0.002568 -0.047698
v 0.021143 -0.004766 -0.052219
v 0.020209 -0.006618 -0.056838
v 0.017823 -0.007944 -0.061103
v 0.014219 -0.008614 -0.064597
v 0.009750 -0.008562 -0.066977
v 0.004853 -0.007793 -0.068010
v 0.000007 -0.006382 -0.067596
v -0.004312 -0.004468 -0.065775
v -0.007684 -0.002238 -0.062725
v -0.009776 0.000089 -0.058745
v -0.010385 0.002287 -0.054224
v -0.009451 0.004140 -0.049605
v -0.007066 0.005466 -0.045339
v -0.007354 0.002402 -0.044328
v -0.009658 0.001121 -0.048447
v -0.007354 0.002402 -0.044328
v -0.009658 0.001121 -0.048447
v -0.007354 0.002402 -0.044328
v -0.003874 0.003048 -0.040955
v -0.003874 0.003048 -0.040955
v 0.000441 0.002998 -0.038656
v 0.000441 0.002998 -0.038656
v 0.005171 0.002255 -0.037658
v 0.005171 0.002255 -0.037658
v 0.009850 0.000893 -0.038058
v 0.009850 0.000893 -0.038058
v 0.014022 -0.000955 -0.039817
v 0.014022 -0.000955 -0.039817
v 0.017277 -0.003109 -0.042762
v 0.017277 -0.003109 -0.042762
v 0.019298 -0.005357 -0.046606
v 0.019298 -0.005357 -0.046606
v 0.019886 -0.007479 -0.050972
v 0.019886 -0.007479 -0.050972
v 0.018984 -0.009268 -0.055432
v 0.018984 -0.009268 -0.055432
v 0.016681 -0.010548 -0.059551
v 0.016681 -0.010548 -0.059551
v 0.013201 -0.011195 -0.062925
v 0.013201 -0.011195 -0.062925
v 0.008885 -0.011145 -0.065223
v 0.008885 -0.011145 -0.065223
v 0.004156 -0.010402 -0.066222
v 0.004156 -0.010402 -0.066222
v -0.000524 -0.009040 -0.065822
v -0.000524 -0.009040 -0.065822
v -0.004695 -0.007192 -0.064063
v -0.004695 -0.007192 -0.064063
v -0.007951 -0.005038 -0.061118
v -0.007951 -0.005038 -0.061118
v -0.009972 -0.002790 -0.057274
v -0.009972 -0.002790 -0.057274
v -0.010560 -0.000668 -0.052908
v -0.010560 -0.000668 -0.052908
v -0.468129 0.362254 0.277613
v -0.469208 0.365709 0.264894
v -0.471746 0.358082 0.277627
v -0.472957 0.361959 0.263353
v -0.472365 0.347691 0.275733
v -0.473279 0.352805 0.276945
v -0.474587 0.356995 0.261521
v -0.473713 0.352008 0.259838
v -0.471746 0.358082 0.277627
v -0.472957 0.361959 0.263353
v -0.463460 0.360810 0.289900
v -0.466506 0.356461 0.291417
v -0.471746 0.358082 0.277627
v -0.473279 0.352805 0.276945
v -0.467617 0.351054 0.291847
v -0.466506 0.356461 0.291417
v -0.472365 0.347691 0.275733
v -0.466530 0.345886 0.291090
v -0.455658 0.361517 0.300554
v -0.457750 0.357254 0.303373
v -0.458155 0.351911 0.304766
v -0.457750 0.357254 0.303373
v -0.456779 0.346770 0.304404
v -0.445486 0.364306 0.308530
v -0.446334 0.360385 0.312324
v -0.445819 0.355294 0.314439
v -0.446334 0.360385 0.312324
v -0.444067 0.350256 0.314372
v -0.433940 0.368905 0.313048
v -0.433377 0.365546 0.317395
v -0.431818 0.360871 0.319919
v -0.433377 0.365546 0.317395
v -0.429637 0.356004 0.320019
v -0.422150 0.374864 0.313667
v -0.420146 0.372233 0.318089
v -0.417520 0.368097 0.320669
v -0.420146 0.372233 0.318089
v -0.414904 0.363450 0.320792
v -0.411271 0.381598 0.310324
v -0.407937 0.379790 0.314338
v -0.404327 0.376263 0.316615
v -0.407937 0.379790 0.314338
v -0.401308 0.371866 0.316615
v -0.402368 0.388448 0.303349
v -0.397944 0.387479 0.306509
v -0.393530 0.384571 0.308156
v -0.397944 0.387479 0.306509
v -0.390180 0.380427 0.307897
v -0.396311 0.394745 0.293422
v -0.391147 0.394546 0.295369
v -0.386184 0.392208 0.296118
v -0.391147 0.394546 0.295369
v -0.382610 0.388297 0.295491
v -0.393693 0.399872 0.281517
v -0.388210 0.400299 0.282008
v -0.383010 0.398425 0.281680
v -0.388210 0.400299 0.282008
v -0.379340 0.394704 0.280613
v -0.394772 0.403327 0.268798
v -0.389420 0.404176 0.267734
v -0.384319 0.402614 0.266255
v -0.389420 0.404176 0.267734
v -0.380688 0.399021 0.264717
v -0.399441 0.404771 0.256510
v -0.394660 0.405797 0.253944
v -0.389981 0.404366 0.251354
v -0.394660 0.405797 0.253944
v -0.386523 0.400826 0.249361
v -0.407244 0.404064 0.245857
v -0.403417 0.405003 0.241988
v -0.399443 0.403508 0.238435
v -0.403417 0.405003 0.241988
v -0.396274 0.399942 0.236047
v -0.417416 0.401274 0.237880
v -0.414832 0.401873 0.233036
v -0.411778 0.400125 0.228762
v -0.414832 0.401873 0.233036
v -0.408986 0.396456 0.226078
v -0.428961 0.396675 0.233362
v -0.427790 0.396711 0.227966
v -0.425780 0.394548 0.223282
v -0.427790 0.396711 0.227966
v -0.423416 0.390709 0.220431
v -0.440751 0.390717 0.232744
v -0.441021 0.390025 0.227272
v -0.440077 0.387322 0.222532
v -0.441021 0.390025 0.227272
v -0.438149 0.383262 0.219658
v -0.451630 0.383983 0.236086
v -0.453230 0.382467 0.231023
v -0.453270 0.379156 0.226585
v -0.453230 0.382467 0.231023
v -0.451745 0.374847 0.223835
v -0.460534 0.377132 0.243062
v -0.463222 0.374779 0.238851
v -0.464068 0.370848 0.235045
v -0.463222 0.374779 0.238851
v -0.462873 0.366285 0.232553
v -0.466591 0.370835 0.252988
v -0.470020 0.367712 0.249991
v -0.471413 0.363212 0.247083
v -0.470020 0.367712 0.249991
v -0.470443 0.358415 0.244959
v -0.261225 -0.014342 0.156278
v -0.257574 -0.015471 0.165884
v -0.251474 -0.014918 0.174213
v -0.243522 -0.012738 0.180449
v -0.234495 -0.009142 0.183981
v -0.225279 -0.004484 0.184465
v -0.216773 0.000781 0.181852
v -0.209812 0.006137 0.176398
v -0.205077 0.011060 0.168638
v -0.203031 0.015068 0.159330
v -0.203874 0.017768 0.149386
v -0.207525 0.018898 0.139780
v -0.213624 0.018345 0.131451
v -0.221577 0.016164 0.125215
v -0.230603 0.012568 0.121682
v -0.239820 0.007910 0.121199
v -0.248326 0.002645 0.123812
v -0.255286 -0.002710 0.129266
v -0.260022 -0.007633 0.137026
v -0.262068 -0.011641 0.146334
v -0.261225 -0.014342 0.156278
v -0.259151 -0.015880 0.155500
v -0.259965 -0.013271 0.145897
v -0.259151 -0.015880 0.155500
v -0.259965 -0.013271 0.145897
v -0.259151 -0.015880 0.155500
v -0.255626 -0.016970 0.164777
v -0.255626 -0.016970 0.164777
v -0.249735 -0.016436 0.172820
v -0.249735 -0.016436 0.172820
v -0.242056 -0.014330 0.178842
v -0.242056 -0.014330 0.178842
v -0.233339 -0.010858 0.182253
v -0.233339 -0.010858 0.182253
v -0.224438 -0.006360 0.182720
v -0.224438 -0.006360 0.182720
v -0.216225 -0.001276 0.180197
v -0.216225 -0.001276 0.180197
v -0.209502 0.003897 0.174930
v -0.209502 0.003897 0.174930
v -0.204929 0.008651 0.167436
v -0.204929 0.008651 0.167436
v -0.202954 0.012521 0.158447
v -0.202954 0.012521 0.158447
v -0.203768 0.015129 0.148845
v -0.203768 0.015129 0.148845
v -0.207293 0.016220 0.139568
v -0.207293 0.016220 0.139568
v -0.213184 0.015686 0.131525
v -0.213184 0.015686 0.131525
v -0.220863 0.013580 0.125503
v -0.220863 0.013580 0.125503
v -0.229580 0.010108 0.122091
v -0.229580 0.010108 0.122091
v -0.238481 0.005609 0.121625
v -0.238481 0.005609 0.121625
v -0.246694 0.000525 0.124148
v -0.246694 0.000525 0.124148
v -0.253417 -0.004647 0.129414
v -0.253417 -0.004647 0.129414
v -0.257989 -0.009401 0.136909
v -0.257989 -0.009401 0.136909
v 0.142755 0.379613 -0.094118
v 0.141024 0.376834 -0.109290
v 0.136666 0.380112 -0.092545
v 0.134724 0.376993 -0.109571
v 0.128379 0.374778 -0.089610
v 0.131459 0.378359 -0.090912
v 0.129361 0.374988 -0.109310
v 0.126216 0.371305 -0.108571
v 0.136666 0.380112 -0.092545
v 0.134724 0.376993 -0.109571
v 0.148932 0.380704 -0.079922
v 0.143599 0.381336 -0.076612
v 0.136666 0.380112 -0.092545
v 0.131459 0.378359 -0.090912
v 0.138951 0.379681 -0.073695
v 0.143599 0.381336 -0.076612
v 0.128379 0.374778 -0.089610
v 0.136099 0.376141 -0.071868
v 0.158952 0.379999 -0.068090
v 0.154844 0.380545 -0.063334
v 0.151102 0.378826 -0.059346
v 0.154844 0.380545 -0.063334
v 0.148621 0.375260 -0.057081
v 0.171834 0.377567 -0.059780
v 0.169301 0.377816 -0.054008
v 0.166724 0.375878 -0.049270
v 0.169301 0.377816 -0.054008
v 0.164720 0.372221 -0.046697
v 0.186316 0.373647 -0.055807
v 0.185554 0.373417 -0.049550
v 0.184287 0.371124 -0.044452
v 0.185554 0.373417 -0.049550
v 0.182820 0.367322 -0.041731
v 0.200982 0.368623 -0.056559
v 0.202013 0.367778 -0.050394
v 0.202072 0.365030 -0.045364
v 0.202013 0.367778 -0.050394
v 0.201148 0.361042 -0.042671
v 0.214395 0.362985 -0.061963
v 0.217066 0.361451 -0.056458
v 0.218338 0.358193 -0.051916
v 0.217066 0.361451 -0.056458
v 0.217911 0.353997 -0.049424
v 0.225243 0.357286 -0.071489
v 0.229240 0.355055 -0.067148
v 0.231493 0.351282 -0.063469
v 0.229240 0.355055 -0.067148
v 0.231468 0.346875 -0.061329
v 0.232463 0.352084 -0.084205
v 0.237343 0.349217 -0.081419
v 0.240250 0.344974 -0.078890
v 0.237343 0.349217 -0.081419
v 0.240492 0.340374 -0.077221
v 0.235350 0.347888 -0.098866
v 0.240582 0.344508 -0.097873
v 0.243750 0.339885 -0.096670
v 0.240582 0.344508 -0.097873
v 0.244099 0.335130 -0.095544
v 0.233619 0.345109 -0.114038
v 0.238641 0.341389 -0.114900
v 0.241652 0.336515 -0.115068
v 0.238641 0.341389 -0.114900
v 0.241937 0.331656 -0.114505
v 0.227442 0.344019 -0.128234
v 0.231708 0.340165 -0.130832
v 0.234160 0.335193 -0.132285
v 0.231708 0.340165 -0.130832
v 0.234216 0.330294 -0.132247
v 0.217422 0.344724 -0.140066
v 0.220463 0.340957 -0.144111
v 0.222009 0.336048 -0.146633
v 0.220463 0.340957 -0.144111
v 0.221694 0.331175 -0.147034
v 0.204540 0.347155 -0.148376
v 0.206006 0.343685 -0.153436
v 0.206387 0.338996 -0.156710
v 0.206006 0.343685 -0.153436
v 0.205595 0.334213 -0.157418
v 0.190058 0.351075 -0.152349
v 0.189753 0.348085 -0.157895
v 0.188824 0.343750 -0.161528
v 0.189753 0.348085 -0.157895
v 0.187496 0.339112 -0.162384
v 0.175392 0.356100 -0.151597
v 0.173294 0.353724 -0.157051
v 0.171039 0.349844 -0.160616
v 0.173294 0.353724 -0.157051
v 0.169167 0.345392 -0.161444
v 0.161979 0.361737 -0.146193
v 0.158241 0.360051 -0.150987
v 0.154773 0.356680 -0.154063
v 0.158241 0.360051 -0.150987
v 0.152404 0.352438 -0.154691
v 0.151131 0.367436 -0.136667
v 0.146067 0.366446 -0.140296
v 0.141618 0.363591 -0.142511
v 0.146067 0.366446 -0.140296
v 0.138848 0.359560 -0.142786
v 0.143911 0.372638 -0.123951
v 0.137964 0.372284 -0.126025
v 0.132862 0.369900 -0.127090
v 0.137964 0.372284 -0.126025
v 0.129824 0.366061 -0.126894
v 0.030303 0.006491 -0.014674
v 0.035132 0.007343 -0.003576
v 0.042966 0.006792 0.005675
v 0.053037 0.004891 0.012171
v 0.064359 0.001827 0.015277
v 0.075825 -0.002102 0.014689
v 0.086311 -0.006509 0.010465
v 0.094792 -0.010965 0.003017
v 0.100437 -0.015031 -0.006924
v 0.102694 -0.018312 -0.018386
v 0.101341 -0.020485 -0.030247
v 0.096511 -0.021337 -0.041346
v 0.088678 -0.020786 -0.050597
v 0.078607 -0.018885 -0.057093
v 0.067285 -0.015821 -0.060199
v 0.055819 -0.011892 -0.059611
v 0.045333 -0.007485 -0.055387
v 0.036852 -0.003029 -0.047939
v 0.031207 0.001037 -0.037998
v 0.028950 0.004318 -0.026536
v 0.030303 0.006491 -0.014674
v 0.030851 0.004004 -0.014494
v 0.029545 0.001906 -0.025949
v 0.030851 0.004004 -0.014494
v 0.029545 0.001906 -0.025949
v 0.030851 0.004004 -0.014494
v 0.035515 0.004827 -0.003776
v 0.035515 0.004827 -0.003776
v 0.043079 0.004295 0.005157
v 0.043079 0.004295 0.005157
v 0.052805 0.002459 0.011430
v 0.052805 0.002459 0.011430
v 0.063739 -0.000500 0.014430
v 0.063739 -0.000500 0.014430
v 0.074811 -0.004294 0.013862
v 0.074811 -0.004294 0.013862
v 0.084938 -0.008550 0.009782
v 0.084938 -0.008550 0.009782
v 0.093128 -0.012852 0.002590
v 0.093128 -0.012852 0.002590
v 0.098579 -0.016780 -0.007010
v 0.098579 -0.016780 -0.007010
v 0.100758 -0.019948 -0.018079
v 0.100758 -0.019948 -0.018079
v 0.099452 -0.022046 -0.029533
v 0.099452 -0.022046 -0.029533
v 0.094788 -0.022869 -0.040251
v 0.094788 -0.022869 -0.040251
v 0.087223 -0.022337 -0.049184
v 0.087223 -0.022337 -0.049184
v 0.077498 -0.020501 -0.055458
v 0.077498 -0.020501 -0.055458
v 0.066564 -0.017542 -0.058457
v 0.066564 -0.017542 -0.058457
v 0.055492 -0.013748 -0.057889
v 0.055492 -0.013748 -0.057889
v 0.045365 -0.009492 -0.053810
v 0.045365 -0.009492 -0.053810
v 0.037175 -0.005189 -0.046618
v 0.037175 -0.005189 -0.046618
v 0.031724 -0.001262 -0.037018
v 0.031724 -0.001262 -0.037018
v 0.238423 0.504926 0.101687
v 0.221758 0.510110 0.106320
v 0.240451 0.501825 0.108149
v 0.221748 0.507644 0.113349
v 0.239998 0.490311 0.114918
v 0.241021 0.496528 0.112940
v 0.220810 0.502816 0.118559
v 0.219171 0.496790 0.120708
v 0.240451 0.501825 0.108149
v 0.221748 0.507644 0.113349
v 0.252900 0.500400 0.091887
v 0.256698 0.496745 0.097151
v 0.240451 0.501825 0.108149
v 0.241021 0.496528 0.112940
v 0.258576 0.491040 0.101056
v 0.256698 0.496745 0.097151
v 0.239998 0.490311 0.114918
v 0.258090 0.484654 0.102670
v 0.263770 0.496976 0.077880
v 0.268897 0.492903 0.081431
v 0.271759 0.486888 0.084069
v 0.268897 0.492903 0.081431
v 0.271675 0.480376 0.085165
v 0.269970 0.494990 0.061036
v 0.275856 0.490674 0.062528
v 0.279278 0.484479 0.063643
v 0.275856 0.490674 0.062528
v 0.279424 0.477893 0.064115
v 0.270893 0.494635 0.043005
v 0.276892 0.490276 0.042293
v 0.280397 0.484049 0.041777
v 0.276892 0.490276 0.042293
v 0.280578 0.477450 0.041581
v 0.266449 0.495947 0.025552
v 0.271904 0.491748 0.022705
v 0.275008 0.485640 0.020611
v 0.271904 0.491748 0.022705
v 0.275023 0.479090 0.019769
v 0.257072 0.498797 0.010385
v 0.261381 0.494947 0.005684
v 0.263636 0.489096 0.002217
v 0.261381 0.494947 0.005684
v 0.263305 0.482651 0.000813
v 0.243681 0.502906 -0.001012
v 0.246352 0.499558 -0.007106
v 0.247397 0.494079 -0.011603
v 0.246352 0.499558 -0.007106
v 0.246569 0.487786 -0.013429
v 0.227586 0.507872 -0.007522
v 0.228289 0.505131 -0.014413
v 0.227878 0.500101 -0.019498
v 0.228289 0.505131 -0.014413
v 0.226455 0.493992 -0.021566
v 0.210363 0.513208 -0.008509
v 0.208960 0.511120 -0.015520
v 0.206992 0.506573 -0.020695
v 0.208960 0.511120 -0.015520
v 0.204930 0.500662 -0.022799
v 0.193698 0.518393 -0.003875
v 0.190257 0.516939 -0.010320
v 0.186781 0.512861 -0.015076
v 0.190257 0.516939 -0.010320
v 0.184102 0.507142 -0.017008
v 0.179221 0.522919 0.005925
v 0.174011 0.522018 0.000678
v 0.169226 0.518349 -0.003191
v 0.174011 0.522018 0.000678
v 0.166011 0.512798 -0.004761
v 0.168351 0.526343 0.019932
v 0.161811 0.525860 0.016398
v 0.156043 0.522501 0.013795
v 0.161811 0.525860 0.016398
v 0.152425 0.517076 0.012745
v 0.162151 0.528329 0.036775
v 0.154853 0.528089 0.035301
v 0.148524 0.524910 0.034222
v 0.154853 0.528089 0.035301
v 0.144677 0.519559 0.033795
v 0.161227 0.528683 0.054806
v 0.153817 0.528487 0.055536
v 0.147404 0.525340 0.056088
v 0.153817 0.528487 0.055536
v 0.143523 0.520002 0.056329
v 0.165672 0.527372 0.072260
v 0.158805 0.527015 0.075124
v 0.152794 0.523749 0.077254
v 0.158805 0.527015 0.075124
v 0.149077 0.518362 0.078141
v 0.175048 0.524522 0.087427
v 0.169328 0.523817 0.092145
v 0.164165 0.520293 0.095647
v 0.169328 0.523817 0.092145
v 0.160796 0.514801 0.097096
v 0.188440 0.520413 0.098823
v 0.184356 0.519205 0.104935
v 0.180405 0.515310 0.109468
v 0.184356 0.519205 0.104935
v 0.177531 0.509666 0.111339
v 0.204535 0.515447 0.105334
v 0.202419 0.513633 0.112242
v 0.199923 0.509288 0.117363
v 0.202419 0.513633 0.112242
v 0.197646 0.503460 0.119475
v 0.064231 -0.013819 0.074490
v 0.070709 -0.015845 0.070105
v 0.075573 -0.017377 0.063837
v 0.078348 -0.018266 0.056299
v 0.078761 -0.018424 0.048231
v 0.076772 -0.017837 0.040420
v 0.072576 -0.016562 0.033633
v 0.066583 -0.014723 0.028533
v 0.059381 -0.012501 0.025620
v 0.051674 -0.010113 0.025178
v 0.044216 -0.007793 0.027252
v 0.037738 -0.005768 0.031637
v 0.032873 -0.004235 0.037906
v 0.030099 -0.003347 0.045443
v 0.029686 -0.003188 0.053512
v 0.031675 -0.003775 0.061322
v 0.035871 -0.005050 0.068109
v 0.041863 -0.006889 0.073209
v 0.049066 -0.009111 0.076122
v 0.056773 -0.011499 0.076564
v 0.064231 -0.013819 0.074490
v 0.063000 -0.016579 0.073691
v 0.055798 -0.014338 0.075693
v 0.063000 -0.016579 0.073691
v 0.055798 -0.014338 0.075693
v 0.063000 -0.016579 0.073691
v 0.069256 -0.018535 0.069456
v 0.069256 -0.018535 0.069456
v 0.073953 -0.020014 0.063403
v 0.073953 -0.020014 0.063403
v 0.076632 -0.020872 0.056124
v 0.076632 -0.020872 0.056124
v 0.077031 -0.021026 0.048332
v 0.077031 -0.021026 0.048332
v 0.075111 -0.020459 0.040790
v 0.075111 -0.020459 0.040790
v 0.071059 -0.019227 0.034235
v 0.071059 -0.019227 0.034235
v 0.065272 -0.017452 0.029310
v 0.065272 -0.017452 0.029310
v 0.058316 -0.015306 0.026497
v 0.058316 -0.015306 0.026497
v 0.050874 -0.013000 0.026071
v 0.050874 -0.013000 0.026071
v 0.043672 -0.010759 0.028073
v 0.043672 -0.010759 0.028073
v 0.037416 -0.008803 0.032308
v 0.037416 -0.008803 0.032308
v 0.032718 -0.007324 0.038361
v 0.032718 -0.007324 0.038361
v 0.030039 -0.006465 0.045640
v 0.030039 -0.006465 0.045640
v 0.029640 -0.006312 0.053432
v 0.029640 -0.006312 0.053432
v 0.031560 -0.006879 0.060974
v 0.031560 -0.006879 0.060974
v 0.035613 -0.008110 0.067529
v 0.035613 -0.008110 0.067529
v 0.041400 -0.009886 0.072454
v 0.041400 -0.009886 0.072454
v 0.048355 -0.012032 0.075267
v 0.048355 -0.012032 0.075267
vn 0.6217 0.7806 -0.0637
vn 0.5289 0.8131 -0.2430
vn -0.0000 0.9839 0.1785
vn 0.3843 0.8390 -0.3853
vn 0.2020 0.8555 -0.4767
vn -0.0000 0.8612 -0.5082
vn -0.2020 0.8555 -0.4767
vn -0.3843 0.8390 -0.3853
vn -0.5289 0.8131 -0.2430
vn -0.6217 0.7806 -0.0637
vn -0.6537 0.7446 0.1350
vn -0.6217 0.7085 0.3338
vn -0.5289 0.6760 0.5131
vn -0.3843 0.6502 0.6554
vn -0.2020 0.6336 0.7468
vn -0.0000 0.6279 0.7783
vn 0.2020 0.6336 0.7468
vn 0.3843 0.6502 0.6554
vn 0.5289 0.6760 0.5131
vn 0.6217 0.7085 0.3338
vn 0.6537 0.7446 0.1350
vn -0.0506 -0.9886 -0.1419
vn -0.0595 -0.9855 -0.1591
vn -0.0000 -0.9839 -0.1785
vn -0.0367 -0.9911 -0.1283
vn -0.0193 -0.9926 -0.1196
vn -0.0000 -0.9932 -0.1166
vn 0.0193 -0.9926 -0.1196
vn 0.0368 -0.9910 -0.1283
vn 0.0506 -0.9886 -0.1420
vn 0.0595 -0.9855 -0.1591
vn 0.0625 -0.9820 -0.1781
vn 0.0595 -0.9786 -0.1971
vn 0.0506 -0.9755 -0.2143
vn 0.0367 -0.9730 -0.2279
vn 0.0193 -0.9714 -0.2366
vn -0.0000 -0.9709 -0.2396
vn -0.0193 -0.9714 -0.2366
vn -0.0368 -0.9730 -0.2279
vn -0.0506 -0.9755 -0.2143
vn -0.0595 -0.9786 -0.1971
vn -0.0625 -0.9820 -0.1781
vn 0.6984 0.5557 -0.4511
vn 0.6011 0.4585 -0.6545
vn -0.0938 0.9151 -0.3921
vn 0.4393 0.3720 -0.8177
vn 0.2288 0.3047 -0.9246
vn -0.0098 0.2630 -0.9648
vn -0.2531 0.2511 -0.9343
vn -0.4774 0.2701 -0.8362
vn -0.6606 0.3183 -0.6800
vn -0.7848 0.3908 -0.4810
vn -0.8379 0.4805 -0.2588
vn -0.8147 0.5788 -0.0350
vn -0.7174 0.6759 0.1685
vn -0.5556 0.7624 0.3316
vn -0.3451 0.8298 0.4385
vn -0.1065 0.8715 0.4787
vn 0.1368 0.8834 0.4482
vn 0.3610 0.8643 0.3501
vn 0.5442 0.8162 0.1939
vn 0.6685 0.7437 -0.0050
vn 0.7216 0.6539 -0.2273
vn -0.0159 -0.8894 0.4568
vn -0.0314 -0.9049 0.4246
vn 0.0938 -0.9151 0.3921
vn 0.0107 -0.8751 0.4839
vn 0.0455 -0.8638 0.5017
vn 0.0850 -0.8569 0.5084
vn 0.1254 -0.8549 0.5034
vn 0.1626 -0.8581 0.4871
vn 0.1929 -0.8661 0.4611
vn 0.2133 -0.8782 0.4281
vn 0.2219 -0.8931 0.3914
vn 0.2179 -0.9093 0.3544
vn 0.2017 -0.9254 0.3210
vn 0.1749 -0.9396 0.2943
vn 0.1402 -0.9506 0.2768
vn 0.1010 -0.9575 0.2703
vn 0.0610 -0.9594 0.2754
vn 0.0242 -0.9563 0.2914
vn -0.0060 -0.9484 0.3170
vn -0.0265 -0.9365 0.3497
vn -0.0354 -0.9217 0.3862
vn 0.4490 0.7287 -0.5172
vn 0.3766 0.6335 -0.6760
vn -0.2041 0.8779 -0.4332
vn 0.2519 0.5426 -0.8013
vn 0.0871 0.4650 -0.8810
vn -0.1016 0.4082 -0.9072
vn -0.2958 0.3778 -0.8774
vn -0.4765 0.3767 -0.7944
vn -0.6260 0.4052 -0.6663
vn -0.7296 0.4603 -0.5059
vn -0.7772 0.5367 -0.3286
vn -0.7641 0.6269 -0.1519
vn -0.6917 0.7222 0.0069
vn -0.5670 0.8130 0.1323
vn -0.4022 0.8907 0.2120
vn -0.2135 0.9475 0.2382
vn -0.0193 0.9779 0.2083
vn 0.1614 0.9789 0.1253
vn 0.3108 0.9505 -0.0027
vn 0.4144 0.8953 -0.1632
vn 0.4620 0.8189 -0.3405
vn 0.1536 -0.8721 0.4645
vn 0.1468 -0.8811 0.4496
vn 0.2041 -0.8779 0.4332
vn 0.1653 -0.8636 0.4763
vn 0.1808 -0.8563 0.4838
vn 0.1985 -0.8510 0.4862
vn 0.2167 -0.8481 0.4834
vn 0.2336 -0.8481 0.4756
vn 0.2477 -0.8507 0.4636
vn 0.2574 -0.8559 0.4486
vn 0.2619 -0.8631 0.4319
vn 0.2606 -0.8715 0.4153
vn 0.2538 -0.8805 0.4004
vn 0.2421 -0.8890 0.3887
vn 0.2267 -0.8963 0.3812
vn 0.2090 -0.9016 0.3787
vn 0.1907 -0.9045 0.3815
vn 0.1738 -0.9046 0.3893
vn 0.1598 -0.9019 0.4013
vn 0.1500 -0.8967 0.4164
vn 0.1456 -0.8895 0.4330
vn -0.0864 0.8727 0.4805
vn 0.0841 0.9217 0.3788
vn -0.3593 0.9195 -0.1597
vn 0.2198 0.9485 0.2281
vn 0.3074 0.9506 0.0432
vn 0.3382 0.9278 -0.1576
vn 0.3094 0.8822 -0.3549
vn 0.2236 0.8184 -0.5293
vn 0.0894 0.7426 -0.6637
vn -0.0802 0.6622 -0.7450
vn -0.2686 0.5851 -0.7652
vn -0.4573 0.5188 -0.7223
vn -0.6278 0.4699 -0.6205
vn -0.7635 0.4430 -0.4699
vn -0.8511 0.4409 -0.2850
vn -0.8819 0.4638 -0.0841
vn -0.8531 0.5093 0.1132
vn -0.7673 0.5731 0.2876
vn -0.6331 0.6489 0.4220
vn -0.4635 0.7293 0.5032
vn -0.2751 0.8064 0.5234
vn 0.3245 -0.9393 0.1117
vn 0.3408 -0.9346 0.1019
vn 0.3593 -0.9195 0.1597
vn 0.3115 -0.9418 0.1261
vn 0.3032 -0.9420 0.1438
vn 0.3002 -0.9398 0.1630
vn 0.3030 -0.9355 0.1818
vn 0.3112 -0.9294 0.1985
vn 0.3240 -0.9221 0.2114
vn 0.3402 -0.9144 0.2191
vn 0.3583 -0.9071 0.2211
vn 0.3763 -0.9007 0.2170
vn 0.3926 -0.8961 0.2072
vn 0.4056 -0.8935 0.1928
vn 0.4140 -0.8933 0.1751
vn 0.4169 -0.8955 0.1559
vn 0.4142 -0.8998 0.1370
vn 0.4059 -0.9059 0.1204
vn 0.3931 -0.9132 0.1075
vn 0.3769 -0.9209 0.0997
vn 0.3589 -0.9283 0.0978
vn 0.8968 0.4335 0.0887
vn 0.8358 0.5360 -0.1192
vn 0.2474 0.8958 0.3692
vn 0.7085 0.6424 -0.2921
vn 0.5275 0.7423 -0.4132
vn 0.3104 0.8259 -0.4706
vn 0.0785 0.8851 -0.4587
vn -0.1456 0.9140 -0.3787
vn -0.3397 0.9098 -0.2384
vn -0.4851 0.8729 -0.0515
vn -0.5674 0.8070 0.1637
vn -0.5786 0.7184 0.3861
vn -0.5176 0.6159 0.5939
vn -0.3903 0.5095 0.7668
vn -0.2093 0.4096 0.8879
vn 0.0078 0.3260 0.9453
vn 0.2397 0.2668 0.9335
vn 0.4637 0.2379 0.8534
vn 0.6579 0.2421 0.7131
vn 0.8033 0.2790 0.5262
vn 0.8856 0.3449 0.3110
vn -0.3220 -0.8881 -0.3280
vn -0.3288 -0.8766 -0.3512
vn -0.2474 -0.8958 -0.3692
vn -0.3078 -0.8999 -0.3088
vn -0.2876 -0.9111 -0.2952
vn -0.2634 -0.9204 -0.2888
vn -0.2375 -0.9270 -0.2902
vn -0.2125 -0.9303 -0.2991
vn -0.1909 -0.9298 -0.3148
vn -0.1747 -0.9257 -0.3356
vn -0.1655 -0.9183 -0.3596
vn -0.1642 -0.9084 -0.3844
vn -0.1710 -0.8970 -0.4076
vn -0.1852 -0.8851 -0.4269
vn -0.2054 -0.8740 -0.4404
vn -0.2296 -0.8646 -0.4468
vn -0.2555 -0.8580 -0.4455
vn -0.2805 -0.8548 -0.4366
vn -0.3022 -0.8553 -0.4209
vn -0.3184 -0.8594 -0.4000
vn -0.3276 -0.8668 -0.3760
vn 0.0591 0.9554 0.2893
vn -0.0064 0.9832 0.1823
vn -0.3255 0.8475 0.4193
vn -0.1002 0.9904 0.0949
vn -0.2133 0.9763 0.0356
vn -0.3345 0.9423 0.0102
vn -0.4521 0.8917 0.0213
vn -0.5545 0.8295 0.0677
vn -0.6316 0.7617 0.1449
vn -0.6759 0.6949 0.2453
vn -0.6832 0.6359 0.3591
vn -0.6526 0.5902 0.4752
vn -0.5872 0.5623 0.5822
vn -0.4933 0.5551 0.6697
vn -0.3802 0.5692 0.7290
vn -0.2590 0.6032 0.7543
vn -0.1414 0.6539 0.7433
vn -0.0391 0.7161 0.6969
vn 0.0381 0.7839 0.6197
vn 0.0824 0.8506 0.5193
vn 0.0897 0.9097 0.4054
vn 0.3020 -0.8639 -0.4030
vn 0.2968 -0.8617 -0.4116
vn 0.3255 -0.8475 -0.4193
vn 0.3095 -0.8645 -0.3960
vn 0.3186 -0.8634 -0.3912
vn 0.3283 -0.8607 -0.3892
vn 0.3377 -0.8566 -0.3901
vn 0.3459 -0.8516 -0.3938
vn 0.3521 -0.8462 -0.4000
vn 0.3557 -0.8408 -0.4080
vn 0.3563 -0.8361 -0.4172
vn 0.3538 -0.8324 -0.4265
vn 0.3486 -0.8302 -0.4351
vn 0.3410 -0.8296 -0.4421
vn 0.3320 -0.8307 -0.4468
vn 0.3223 -0.8335 -0.4489
vn 0.3128 -0.8375 -0.4480
vn 0.3046 -0.8425 -0.4443
vn 0.2984 -0.8480 -0.4381
vn 0.2949 -0.8533 -0.4300
vn 0.2943 -0.8580 -0.4209
vn 0.6902 0.6268 0.3617
vn 0.6648 0.7266 0.1736
vn 0.0073 0.8837 0.4679
vn 0.5749 0.8183 0.0018
vn 0.4292 0.8928 -0.1367
vn 0.2420 0.9430 -0.2286
vn 0.0316 0.9638 -0.2647
vn -0.1813 0.9533 -0.2415
vn -0.3760 0.9125 -0.1614
vn -0.5333 0.8453 -0.0321
vn -0.6379 0.7584 0.1337
vn -0.6796 0.6602 0.3198
vn -0.6542 0.5604 0.5079
vn -0.5643 0.4688 0.6796
vn -0.4186 0.3942 0.8182
vn -0.2314 0.3440 0.9100
vn -0.0210 0.3232 0.9461
vn 0.1919 0.3337 0.9229
vn 0.3866 0.3745 0.8428
vn 0.5439 0.4417 0.7135
vn 0.6485 0.5286 0.5477
vn -0.0727 -0.8899 -0.4502
vn -0.0752 -0.8800 -0.4689
vn -0.0073 -0.8837 -0.4679
vn -0.0638 -0.8990 -0.4332
vn -0.0493 -0.9064 -0.4195
vn -0.0308 -0.9114 -0.4103
vn -0.0099 -0.9135 -0.4068
vn 0.0112 -0.9124 -0.4091
vn 0.0306 -0.9084 -0.4170
vn 0.0462 -0.9017 -0.4298
vn 0.0566 -0.8931 -0.4463
vn 0.0607 -0.8834 -0.4648
vn 0.0582 -0.8735 -0.4834
vn 0.0492 -0.8644 -0.5005
vn 0.0348 -0.8570 -0.5142
vn 0.0162 -0.8520 -0.5233
vn -0.0046 -0.8499 -0.5269
vn -0.0258 -0.8510 -0.5246
vn -0.0451 -0.8550 -0.5166
vn -0.0607 -0.8617 -0.5038
vn -0.0711 -0.8703 -0.4874
vn 0.6856 0.6843 -0.2484
vn 0.5832 0.6768 -0.4492
vn -0.0000 0.9993 -0.0371
vn 0.4237 0.6709 -0.6086
vn 0.2228 0.6671 -0.7109
vn -0.0000 0.6658 -0.7461
vn -0.2228 0.6671 -0.7109
vn -0.4237 0.6709 -0.6086
vn -0.5832 0.6768 -0.4492
vn -0.6856 0.6843 -0.2483
vn -0.7209 0.6926 -0.0257
vn -0.6856 0.7008 0.1969
vn -0.5832 0.7083 0.3977
vn -0.4237 0.7142 0.5571
vn -0.2228 0.7180 0.6594
vn -0.0000 0.7193 0.6947
vn 0.2228 0.7180 0.6594
vn 0.4237 0.7142 0.5571
vn 0.5832 0.7083 0.3977
vn 0.6856 0.7008 0.1969
vn 0.7209 0.6926 -0.0257
vn -0.0881 -0.9910 0.1009
vn -0.1036 -0.9921 0.0705
vn -0.0000 -0.9993 0.0371
vn -0.0640 -0.9901 0.1250
vn -0.0337 -0.9895 0.1404
vn -0.0000 -0.9893 0.1458
vn 0.0337 -0.9895 0.1404
vn 0.0640 -0.9901 0.1250
vn 0.0881 -0.9910 0.1009
vn 0.1036 -0.9921 0.0705
vn 0.1089 -0.9934 0.0369
vn 0.1036 -0.9946 0.0033
vn 0.0881 -0.9957 -0.0271
vn 0.0640 -0.9966 -0.0512
vn 0.0337 -0.9972 -0.0666
vn -0.0000 -0.9974 -0.0720
vn -0.0337 -0.9972 -0.0666
vn -0.0640 -0.9966 -0.0512
vn -0.0881 -0.9957 -0.0271
vn -0.1036 -0.9946 0.0033
vn -0.1089 -0.9934 0.0369
vn 0.6522 0.7579 -0.0134
vn 0.5548 0.8081 -0.1978
vn -0.0000 0.9649 0.2626
vn 0.4031 0.8480 -0.3442
vn 0.2119 0.8735 -0.4382
vn -0.0000 0.8824 -0.4706
vn -0.2119 0.8735 -0.4382
vn -0.4031 0.8480 -0.3442
vn -0.5548 0.8081 -0.1978
vn -0.6522 0.7579 -0.0134
vn -0.6858 0.7023 0.1911
vn -0.6522 0.6467 0.3956
vn -0.5548 0.5965 0.5800
vn -0.4031 0.5566 0.7264
vn -0.2119 0.5311 0.8204
vn -0.0000 0.5222 0.8528
vn 0.2119 0.5311 0.8204
vn 0.4031 0.5566 0.7264
vn 0.5548 0.5965 0.5800
vn 0.6522 0.6467 0.3956
vn 0.6858 0.7023 0.1911
vn -0.0946 -0.9763 -0.1945
vn -0.1118 -0.9674 -0.2272
vn -0.0000 -0.9649 -0.2626
vn -0.0686 -0.9831 -0.1696
vn -0.0361 -0.9875 -0.1537
vn -0.0000 -0.9890 -0.1482
vn 0.0360 -0.9875 -0.1537
vn 0.0686 -0.9831 -0.1696
vn 0.0946 -0.9763 -0.1945
vn 0.1114 -0.9678 -0.2258
vn 0.1173 -0.9583 -0.2607
vn 0.1117 -0.9487 -0.2958
vn 0.0952 -0.9401 -0.3275
vn 0.0692 -0.9332 -0.3527
vn 0.0364 -0.9287 -0.3689
vn -0.0000 -0.9272 -0.3745
vn -0.0364 -0.9287 -0.3689
vn -0.0692 -0.9332 -0.3527
vn -0.0952 -0.9400 -0.3275
vn -0.1117 -0.9487 -0.2958
vn -0.1173 -0.9583 -0.2608
vn 0.5644 0.7969 -0.2155
vn 0.4634 0.7779 -0.4245
vn -0.1980 0.9802 0.0066
vn 0.3041 0.7468 -0.5914
vn 0.1021 0.7067 -0.7001
vn -0.1228 0.6616 -0.7398
vn -0.3487 0.6157 -0.7066
vn -0.5534 0.5737 -0.6039
vn -0.7168 0.5396 -0.4416
vn -0.8231 0.5167 -0.2357
vn -0.8617 0.5074 -0.0062
vn -0.8289 0.5125 0.2243
vn -0.7279 0.5315 0.4332
vn -0.5686 0.5625 0.6002
vn -0.3666 0.6026 0.7088
vn -0.1417 0.6478 0.7485
vn 0.0842 0.6936 0.7154
vn 0.2889 0.7357 0.6126
vn 0.4524 0.7698 0.4503
vn 0.5586 0.7926 0.2444
vn 0.5972 0.8019 0.0150
vn 0.1332 -0.9903 0.0396
vn 0.1224 -0.9923 0.0171
vn 0.1980 -0.9802 -0.0066
vn 0.1504 -0.9869 0.0576
vn 0.1721 -0.9826 0.0693
vn 0.1964 -0.9778 0.0736
vn 0.2207 -0.9728 0.0700
vn 0.2427 -0.9683 0.0589
vn 0.2603 -0.9646 0.0415
vn 0.2717 -0.9622 0.0193
vn 0.2759 -0.9612 -0.0054
vn 0.2724 -0.9617 -0.0302
vn 0.2615 -0.9638 -0.0527
vn 0.2443 -0.9671 -0.0707
vn 0.2226 -0.9714 -0.0824
vn 0.1984 -0.9763 -0.0867
vn 0.1740 -0.9812 -0.0831
vn 0.1520 -0.9858 -0.0720
vn 0.1344 -0.9894 -0.0545
vn 0.1230 -0.9919 -0.0324
vn 0.1188 -0.9929 -0.0077
vn 0.7001 0.6608 -0.2707
vn 0.5929 0.6343 -0.4962
vn -0.1090 0.9919 -0.0646
vn 0.4212 0.6037 -0.6769
vn 0.2020 0.5719 -0.7951
vn -0.0433 0.5420 -0.8392
vn -0.2908 0.5170 -0.8050
vn -0.5162 0.4994 -0.6958
vn -0.6974 0.4908 -0.5222
vn -0.8167 0.4921 -0.3013
vn -0.8625 0.5032 -0.0546
vn -0.8301 0.5229 0.1936
vn -0.7229 0.5494 0.4190
vn -0.5513 0.5800 0.5997
vn -0.3321 0.6118 0.7179
vn -0.0867 0.6416 0.7621
vn 0.1608 0.6666 0.7279
vn 0.3862 0.6842 0.6186
vn 0.5674 0.6928 0.4451
vn 0.6867 0.6915 0.2241
vn 0.7324 0.6805 -0.0225
vn 0.0297 -0.9924 0.1192
vn 0.0168 -0.9956 0.0921
vn 0.1090 -0.9919 0.0646
vn 0.0502 -0.9888 0.1408
vn 0.0765 -0.9850 0.1550
vn 0.1059 -0.9814 0.1602
vn 0.1355 -0.9784 0.1561
vn 0.1625 -0.9763 0.1430
vn 0.1842 -0.9753 0.1223
vn 0.1985 -0.9754 0.0958
vn 0.2040 -0.9767 0.0662
vn 0.2001 -0.9791 0.0365
vn 0.1873 -0.9823 0.0095
vn 0.1667 -0.9859 -0.0121
vn 0.1404 -0.9897 -0.0263
vn 0.1111 -0.9933 -0.0316
vn 0.0814 -0.9963 -0.0275
vn 0.0544 -0.9984 -0.0144
vn 0.0327 -0.9994 0.0064
vn 0.0184 -0.9993 0.0329
vn 0.0130 -0.9980 0.0624
vn 0.9609 0.2615 -0.0914
vn 0.9074 0.3114 -0.2824
vn 0.5696 0.8201 0.0547
vn 0.8072 0.3915 -0.4417
vn 0.6703 0.4941 -0.5537
vn 0.5099 0.6091 -0.6075
vn 0.3418 0.7252 -0.5977
vn 0.1824 0.8311 -0.5254
vn 0.0474 0.9163 -0.3976
vn -0.0501 0.9726 -0.2269
vn -0.1005 0.9945 -0.0298
vn -0.0989 0.9797 0.1742
vn -0.0454 0.9298 0.3652
vn 0.0548 0.8497 0.5245
vn 0.1917 0.7471 0.6365
vn 0.3521 0.6321 0.6903
vn 0.5202 0.5160 0.6805
vn 0.6796 0.4102 0.6082
vn 0.8146 0.3249 0.4804
vn 0.9121 0.2686 0.3097
vn 0.9625 0.2467 0.1126
vn -0.6140 -0.7890 -0.0236
vn -0.6191 -0.7842 -0.0419
vn -0.5696 -0.8201 -0.0547
vn -0.6044 -0.7966 -0.0084
vn -0.5913 -0.8064 0.0023
vn -0.5760 -0.8174 0.0075
vn -0.5599 -0.8285 0.0065
vn -0.5447 -0.8387 -0.0004
vn -0.5317 -0.8468 -0.0126
vn -0.5224 -0.8522 -0.0290
vn -0.5176 -0.8543 -0.0478
vn -0.5178 -0.8529 -0.0673
vn -0.5229 -0.8481 -0.0856
vn -0.5325 -0.8404 -0.1008
vn -0.5456 -0.8306 -0.1115
vn -0.5609 -0.8196 -0.1167
vn -0.5770 -0.8085 -0.1157
vn -0.5922 -0.7984 -0.1088
vn -0.6051 -0.7902 -0.0966
vn -0.6145 -0.7849 -0.0802
vn -0.6193 -0.7828 -0.0614
vn 0.7746 0.1020 -0.6242
vn 0.5837 0.0666 -0.8092
vn 0.2242 0.8880 -0.4015
vn 0.3470 0.0693 -0.9353
vn 0.0876 0.1101 -0.9901
vn -0.1691 0.1848 -0.9681
vn -0.3979 0.2861 -0.8717
vn -0.5765 0.4043 -0.7101
vn -0.6873 0.5276 -0.4993
vn -0.7196 0.6440 -0.2598
vn -0.6701 0.7421 -0.0151
vn -0.5437 0.8124 0.2108
vn -0.3529 0.8478 0.3958
vn -0.1161 0.8451 0.5219
vn 0.1433 0.8043 0.5767
vn 0.3999 0.7296 0.5547
vn 0.6287 0.6282 0.4583
vn 0.8073 0.5101 0.2967
vn 0.9182 0.3868 0.0859
vn 0.9504 0.2704 -0.1536
vn 0.9009 0.1723 -0.3983
vn -0.3287 -0.7791 0.5337
vn -0.3746 -0.7876 0.4892
vn -0.2242 -0.8880 0.4015
vn -0.2735 -0.7799 0.5629
vn -0.2132 -0.7895 0.5755
vn -0.1535 -0.8069 0.5704
vn -0.1003 -0.8304 0.5480
vn -0.0587 -0.8579 0.5105
vn -0.0327 -0.8865 0.4615
vn -0.0249 -0.9136 0.4057
vn -0.0361 -0.9366 0.3486
vn -0.0653 -0.9531 0.2956
vn -0.1099 -0.9615 0.2520
vn -0.1653 -0.9609 0.2223
vn -0.2261 -0.9513 0.2093
vn -0.2864 -0.9338 0.2144
vn -0.3402 -0.9100 0.2371
vn -0.3820 -0.8823 0.2752
vn -0.4078 -0.8534 0.3247
vn -0.4151 -0.8262 0.3809
vn -0.4031 -0.8034 0.4381
vn 0.3372 0.9355 0.1058
vn 0.2559 0.9606 -0.1083
vn -0.4456 0.8537 0.2697
vn 0.1200 0.9483 -0.2938
vn -0.0571 0.8997 -0.4327
vn -0.2582 0.8196 -0.5114
vn -0.4636 0.7158 -0.5222
vn -0.6530 0.5986 -0.4640
vn -0.8081 0.4793 -0.3425
vn -0.9136 0.3696 -0.1696
vn -0.9592 0.2803 0.0378
vn -0.9404 0.2201 0.2593
vn -0.8591 0.1950 0.4733
vn -0.7232 0.2073 0.6588
vn -0.5460 0.2559 0.7977
vn -0.3449 0.3360 0.8764
vn -0.1396 0.4397 0.8872
vn 0.0499 0.5570 0.8290
vn 0.2049 0.6763 0.7075
vn 0.3104 0.7860 0.5346
vn 0.3560 0.8753 0.3273
vn 0.3849 -0.8918 -0.2379
vn 0.3763 -0.8891 -0.2607
vn 0.4456 -0.8537 -0.2697
vn 0.3994 -0.8904 -0.2182
vn 0.4182 -0.8853 -0.2034
vn 0.4396 -0.8768 -0.1950
vn 0.4614 -0.8657 -0.1939
vn 0.4816 -0.8533 -0.2001
vn 0.4981 -0.8406 -0.2130
vn 0.5093 -0.8289 -0.2314
vn 0.5141 -0.8194 -0.2534
vn 0.5121 -0.8130 -0.2770
vn 0.5035 -0.8103 -0.2998
vn 0.4890 -0.8117 -0.3195
vn 0.4702 -0.8168 -0.3343
vn 0.4488 -0.8254 -0.3426
vn 0.4270 -0.8364 -0.3438
vn 0.4068 -0.8489 -0.3376
vn 0.3903 -0.8615 -0.3246
vn 0.3791 -0.8732 -0.3062
vn 0.3743 -0.8827 -0.2842
vn 0.8196 0.4963 -0.2861
vn 0.7405 0.4824 -0.4680
vn 0.3078 0.9290 -0.2053
vn 0.6122 0.4914 -0.6195
vn 0.4471 0.5225 -0.7260
vn 0.2616 0.5728 -0.7769
vn 0.0737 0.6371 -0.7672
vn -0.0981 0.7093 -0.6980
vn -0.2370 0.7823 -0.5760
vn -0.3295 0.8490 -0.4131
vn -0.3665 0.9027 -0.2253
vn -0.3444 0.9383 -0.0309
vn -0.2652 0.9523 0.1509
vn -0.1369 0.9433 0.3025
vn 0.0282 0.9121 0.4089
vn 0.2137 0.8619 0.4598
vn 0.4015 0.7975 0.4502
vn 0.5734 0.7253 0.3810
vn 0.7123 0.6523 0.2590
vn 0.8048 0.5857 0.0961
vn 0.8418 0.5319 -0.0917
vn -0.3544 -0.9053 0.2340
vn -0.3618 -0.9067 0.2169
vn -0.3078 -0.9290 0.2053
vn -0.3424 -0.9062 0.2482
vn -0.3269 -0.9091 0.2582
vn -0.3095 -0.9138 0.2630
vn -0.2919 -0.9199 0.2620
vn -0.2757 -0.9266 0.2556
vn -0.2627 -0.9335 0.2441
vn -0.2540 -0.9397 0.2288
vn -0.2505 -0.9448 0.2112
vn -0.2526 -0.9481 0.1930
vn -0.2600 -0.9494 0.1759
vn -0.2721 -0.9486 0.1617
vn -0.2876 -0.9457 0.1517
vn -0.3050 -0.9410 0.1469
vn -0.3226 -0.9349 0.1478
vn -0.3387 -0.9281 0.1543
vn -0.3518 -0.9213 0.1657
vn -0.3605 -0.9150 0.1810
vn -0.3639 -0.9100 0.1987
vn -0.0584 0.7654 -0.6409
vn -0.2335 0.8201 -0.5224
vn 0.2962 0.9551 -0.0036
vn -0.3649 0.8615 -0.3530
vn -0.4399 0.8855 -0.1493
vn -0.4511 0.8898 0.0688
vn -0.3973 0.8740 0.2798
vn -0.2839 0.8395 0.4633
vn -0.1220 0.7898 0.6011
vn 0.0727 0.7297 0.6798
vn 0.2810 0.6652 0.6918
vn 0.4825 0.6025 0.6357
vn 0.6576 0.5478 0.5172
vn 0.7891 0.5064 0.3478
vn 0.8641 0.4823 0.1441
vn 0.8752 0.4780 -0.0740
vn 0.8215 0.4939 -0.2850
vn 0.7081 0.5284 -0.4685
vn 0.5461 0.5781 -0.6063
vn 0.3515 0.6381 -0.6850
vn 0.1432 0.7027 -0.6970
vn -0.2169 -0.9717 0.0935
vn -0.2485 -0.9618 0.1148
vn -0.2962 -0.9551 0.0036
vn -0.1943 -0.9788 0.0641
vn -0.1814 -0.9830 0.0289
vn -0.1795 -0.9837 -0.0087
vn -0.1888 -0.9810 -0.0452
vn -0.2083 -0.9750 -0.0769
vn -0.2362 -0.9665 -0.1009
vn -0.2698 -0.9561 -0.1146
vn -0.3059 -0.9448 -0.1169
vn -0.3410 -0.9339 -0.1074
vn -0.3716 -0.9243 -0.0869
vn -0.3946 -0.9171 -0.0575
vn -0.4077 -0.9129 -0.0220
vn -0.4097 -0.9121 0.0161
vn -0.4003 -0.9149 0.0529
vn -0.3804 -0.9209 0.0848
vn -0.3521 -0.9296 0.1087
vn -0.3182 -0.9401 0.1222
vn -0.2820 -0.9514 0.1241
vn -0.1271 0.9678 0.2175
vn -0.1336 0.9751 0.1769
vn -0.4664 0.8304 0.3047
vn -0.4904 0.8575 0.1555
vn -0.9498 -0.1052 0.2945
vn -0.7755 0.5247 0.3512
vn -0.8154 0.5696 0.1033
vn -0.9987 -0.0501 -0.0091
vn -0.4665 0.8304 0.3046
vn -0.4905 0.8575 0.1555
vn -0.1081 0.9611 0.2541
vn -0.3967 0.8061 0.4392
vn -0.4665 0.8304 0.3047
vn -0.6596 0.4841 0.5749
vn -0.3968 0.8060 0.4392
vn -0.9498 -0.1052 0.2946
vn -0.8080 -0.1549 0.5685
vn -0.0785 0.9558 0.2832
vn -0.2883 0.7867 0.5459
vn -0.4793 0.4519 0.7524
vn -0.2883 0.7866 0.5460
vn -0.5870 -0.1943 0.7859
vn -0.0413 0.9525 0.3019
vn -0.1516 0.7743 0.6145
vn -0.2520 0.4313 0.8663
vn -0.1516 0.7742 0.6145
vn -0.3086 -0.2197 0.9255
vn -0.0000 0.9513 0.3083
vn -0.0000 0.7700 0.6381
vn -0.0000 0.4241 0.9056
vn -0.0000 0.7699 0.6381
vn -0.0000 -0.2284 0.9736
vn 0.0413 0.9525 0.3019
vn 0.1515 0.7743 0.6145
vn 0.2520 0.4313 0.8663
vn 0.1516 0.7742 0.6145
vn 0.3086 -0.2197 0.9255
vn 0.0785 0.9558 0.2832
vn 0.2883 0.7867 0.5459
vn 0.4793 0.4519 0.7524
vn 0.2883 0.7866 0.5460
vn 0.5870 -0.1943 0.7859
vn 0.1081 0.9611 0.2541
vn 0.3968 0.8060 0.4392
vn 0.6596 0.4841 0.5749
vn 0.8080 -0.1549 0.5685
vn 0.1271 0.9678 0.2175
vn 0.4664 0.8305 0.3046
vn 0.7755 0.5247 0.3512
vn 0.4665 0.8304 0.3046
vn 0.9498 -0.1052 0.2946
vn 0.1336 0.9751 0.1769
vn 0.4904 0.8575 0.1555
vn 0.8154 0.5696 0.1033
vn 0.4905 0.8575 0.1555
vn 0.9987 -0.0501 -0.0091
vn 0.1270 0.9825 0.1362
vn 0.4664 0.8845 0.0064
vn 0.7755 0.6146 -0.1446
vn 0.4665 0.8845 0.0064
vn 0.9498 0.0049 -0.3127
vn 0.1081 0.9891 0.0996
vn 0.3968 0.9089 -0.1281
vn 0.6596 0.6552 -0.3682
vn 0.3968 0.9089 -0.1282
vn 0.8080 0.0546 -0.5867
vn 0.0785 0.9944 0.0705
vn 0.2883 0.9283 -0.2349
vn 0.4793 0.6874 -0.5457
vn 0.5870 0.0940 -0.8041
vn 0.0413 0.9978 0.0519
vn 0.1516 0.9407 -0.3034
vn 0.2520 0.7080 -0.6597
vn 0.1516 0.9407 -0.3035
vn 0.3086 0.1194 -0.9437
vn -0.0000 0.9990 0.0454
vn -0.0000 0.9450 -0.3270
vn -0.0000 0.7152 -0.6990
vn -0.0000 0.9450 -0.3271
vn -0.0000 0.1281 -0.9918
vn -0.0413 0.9978 0.0519
vn -0.1516 0.9407 -0.3034
vn -0.2520 0.7080 -0.6597
vn -0.1516 0.9407 -0.3035
vn -0.3086 0.1194 -0.9437
vn -0.0785 0.9944 0.0705
vn -0.2883 0.9283 -0.2349
vn -0.4793 0.6874 -0.5457
vn -0.5870 0.0940 -0.8041
vn -0.1081 0.9891 0.0996
vn -0.3968 0.9089 -0.1281
vn -0.6596 0.6552 -0.3683
vn -0.8080 0.0546 -0.5867
vn -0.1271 0.9825 0.1362
vn -0.4664 0.8846 0.0064
vn -0.7755 0.6146 -0.1446
vn -0.4665 0.8845 0.0064
vn -0.9498 0.0049 -0.3128
vn -0.9494 -0.1132 0.2930
vn -0.8076 -0.1629 0.5668
vn -0.5868 -0.2023 0.7841
vn -0.3085 -0.2276 0.9236
vn -0.0000 -0.2363 0.9717
vn 0.3085 -0.2276 0.9236
vn 0.5868 -0.2023 0.7841
vn 0.8076 -0.1629 0.5668
vn 0.9494 -0.1132 0.2930
vn 0.9983 -0.0581 -0.0105
vn 0.9494 -0.0031 -0.3141
vn 0.8076 0.0466 -0.5879
vn 0.5868 0.0860 -0.8052
vn 0.3085 0.1113 -0.9447
vn -0.0000 0.1200 -0.9928
vn -0.3085 0.1113 -0.9447
vn -0.5868 0.0860 -0.8052
vn -0.8076 0.0466 -0.5879
vn -0.9494 -0.0031 -0.3141
vn -0.9983 -0.0581 -0.0105
vn -0.9494 -0.1132 0.2929
vn -0.3375 -0.9395 -0.0590
vn -0.3548 -0.9199 -0.1669
vn -0.8220 -0.5426 0.1730
vn -0.8643 -0.4950 -0.0898
vn -0.8219 -0.5426 0.1730
vn -0.6992 -0.5856 0.4101
vn -0.2871 -0.9571 0.0384
vn -0.5080 -0.6198 0.5982
vn -0.2086 -0.9712 0.1156
vn -0.2671 -0.6417 0.7190
vn -0.1096 -0.9801 0.1652
vn -0.0000 -0.6492 0.7606
vn -0.0000 -0.9832 0.1823
vn 0.2671 -0.6417 0.7190
vn 0.1096 -0.9801 0.1652
vn 0.5080 -0.6198 0.5982
vn 0.2086 -0.9712 0.1156
vn 0.6992 -0.5856 0.4101
vn 0.2871 -0.9571 0.0384
vn 0.8220 -0.5426 0.1730
vn 0.3375 -0.9395 -0.0590
vn 0.8643 -0.4950 -0.0898
vn 0.3548 -0.9199 -0.1668
vn 0.8220 -0.4473 -0.3526
vn 0.3375 -0.9004 -0.2747
vn 0.6992 -0.4043 -0.5896
vn 0.2871 -0.8827 -0.3721
vn 0.5080 -0.3702 -0.7777
vn 0.2086 -0.8687 -0.4493
vn 0.2671 -0.3483 -0.8985
vn 0.1096 -0.8597 -0.4989
vn -0.0000 -0.3407 -0.9402
vn -0.0000 -0.8566 -0.5160
vn -0.2671 -0.3483 -0.8985
vn -0.1096 -0.8597 -0.4989
vn -0.5080 -0.3702 -0.7778
vn -0.2086 -0.8687 -0.4493
vn -0.6992 -0.4043 -0.5896
vn -0.2871 -0.8827 -0.3721
vn -0.8220 -0.4473 -0.3526
vn -0.3375 -0.9004 -0.2747
vn -0.2777 0.9009 -0.3337
vn -0.2834 0.8767 -0.3886
vn -0.6832 0.7176 -0.1355
vn -0.7019 0.6383 -0.3161
vn -0.9576 -0.0347 0.2860
vn -0.9072 0.4156 0.0657
vn -0.9337 0.3032 -0.1904
vn -0.9872 -0.1597 0.0012
vn -0.6832 0.7175 -0.1355
vn -0.7020 0.6382 -0.3161
vn -0.2538 0.9247 -0.2838
vn -0.6046 0.7960 0.0287
vn -0.9071 0.4157 0.0658
vn -0.7958 0.5268 0.2986
vn -0.6047 0.7959 0.0287
vn -0.8338 0.0888 0.5449
vn -0.2141 0.9459 -0.2438
vn -0.4741 0.8658 0.1603
vn -0.6106 0.6258 0.4853
vn -0.4741 0.8657 0.1604
vn -0.6279 0.1988 0.7525
vn -0.1625 0.9624 -0.2175
vn -0.3042 0.9201 0.2466
vn -0.3697 0.7029 0.6076
vn -0.3600 0.2844 0.8885
vn -0.1039 0.9727 -0.2077
vn -0.1116 0.9538 0.2790
vn -0.0966 0.7507 0.6536
vn -0.1117 0.9538 0.2791
vn -0.0564 0.3375 0.9396
vn -0.0443 0.9756 -0.2152
vn 0.0847 0.9634 0.2544
vn 0.1819 0.7643 0.6187
vn 0.0847 0.9634 0.2545
vn 0.2532 0.3526 0.9009
vn 0.0108 0.9709 -0.2392
vn 0.2657 0.9480 0.1752
vn 0.4385 0.7424 0.5065
vn 0.2657 0.9480 0.1753
vn 0.5385 0.3284 0.7760
vn 0.0557 0.9591 -0.2776
vn 0.4135 0.9092 0.0492
vn 0.6482 0.6873 0.3277
vn 0.4136 0.9091 0.0492
vn 0.7716 0.2671 0.5773
vn 0.0862 0.9413 -0.3264
vn 0.5138 0.8507 -0.1114
vn 0.7904 0.6044 0.1000
vn 0.5139 0.8506 -0.1114
vn 0.9297 0.1750 0.3241
vn 0.0992 0.9193 -0.3809
vn 0.5567 0.7782 -0.2907
vn 0.8512 0.5016 -0.1544
vn 0.9973 0.0608 0.0413
vn 0.0935 0.8952 -0.4358
vn 0.5379 0.6989 -0.4714
vn 0.8246 0.3892 -0.4106
vn 0.5380 0.6988 -0.4714
vn 0.9678 -0.0642 -0.2435
vn 0.0697 0.8713 -0.4857
vn 0.4594 0.6205 -0.6355
vn 0.7133 0.2780 -0.6434
vn 0.4595 0.6205 -0.6355
vn 0.8440 -0.1877 -0.5024
vn 0.0300 0.8501 -0.5257
vn 0.3288 0.5507 -0.7672
vn 0.5281 0.1790 -0.8301
vn 0.3289 0.5507 -0.7672
vn 0.6381 -0.2977 -0.7101
vn -0.0217 0.8336 -0.5519
vn 0.1589 0.4963 -0.8535
vn 0.2872 0.1019 -0.9524
vn 0.1590 0.4963 -0.8535
vn 0.3702 -0.3834 -0.8461
vn -0.0802 0.8234 -0.5618
vn -0.0336 0.4627 -0.8859
vn 0.0141 0.0542 -0.9984
vn -0.0336 0.4626 -0.8859
vn 0.0666 -0.4364 -0.8973
vn -0.1399 0.8205 -0.5543
vn -0.2299 0.4531 -0.8613
vn -0.2644 0.0406 -0.9636
vn -0.2300 0.4530 -0.8613
vn -0.2430 -0.4516 -0.8585
vn -0.1949 0.8251 -0.5303
vn -0.4109 0.4685 -0.7821
vn -0.5210 0.0623 -0.8513
vn -0.4109 0.4684 -0.7821
vn -0.5284 -0.4273 -0.7336
vn -0.2399 0.8369 -0.4919
vn -0.5588 0.5073 -0.6561
vn -0.7307 0.1175 -0.6725
vn -0.7615 -0.3661 -0.5349
vn -0.2703 0.8547 -0.4431
vn -0.6590 0.5658 -0.4955
vn -0.8729 0.2004 -0.4448
vn -0.6591 0.5658 -0.4955
vn -0.9196 -0.2739 -0.2816
vn -0.9568 -0.0400 0.2881
vn -0.8330 0.0834 0.5469
vn -0.6272 0.1934 0.7545
vn -0.3594 0.2791 0.8905
vn -0.0559 0.3321 0.9416
vn 0.2536 0.3472 0.9028
vn 0.5389 0.3230 0.7780
vn 0.7719 0.2618 0.5793
vn 0.9299 0.1696 0.3262
vn 0.9975 0.0555 0.0435
vn 0.9680 -0.0695 -0.2412
vn 0.8443 -0.1929 -0.5000
vn 0.6384 -0.3029 -0.7076
vn 0.3706 -0.3886 -0.8436
vn 0.0671 -0.4416 -0.8947
vn -0.2424 -0.4567 -0.8560
vn -0.5277 -0.4325 -0.7311
vn -0.7607 -0.3713 -0.5324
vn -0.9187 -0.2791 -0.2793
vn -0.9863 -0.1649 0.0034
vn -0.5294 -0.7051 0.4718
vn -0.5479 -0.7834 0.2935
vn -0.9044 -0.2292 0.3598
vn -0.9329 -0.3498 0.0849
vn -0.9044 -0.2291 0.3599
vn -0.7849 -0.1098 0.6098
vn -0.4519 -0.6277 0.6338
vn -0.5862 -0.0036 0.8102
vn -0.3230 -0.5588 0.7638
vn -0.3276 0.0792 0.9415
vn -0.1553 -0.5052 0.8489
vn -0.0345 0.1304 0.9909
vn 0.0347 -0.4720 0.8809
vn 0.2644 0.1450 0.9534
vn 0.2285 -0.4625 0.8567
vn 0.5399 0.1216 0.8329
vn 0.4071 -0.4777 0.7785
vn 0.7650 0.0625 0.6410
vn 0.5531 -0.5160 0.6541
vn 0.9176 -0.0266 0.3966
vn 0.6521 -0.5738 0.4956
vn 0.9829 -0.1369 0.1236
vn 0.6944 -0.6453 0.3186
vn 0.9543 -0.2576 -0.1513
vn 0.6759 -0.7235 0.1403
vn 0.8348 -0.3769 -0.4012
vn 0.5984 -0.8009 -0.0217
vn 0.6361 -0.4831 -0.6017
vn 0.4695 -0.8698 -0.1517
vn 0.3775 -0.5659 -0.7330
vn 0.3018 -0.9235 -0.2368
vn 0.0844 -0.6171 -0.7823
vn 0.1118 -0.9567 -0.2688
vn -0.2145 -0.6317 -0.7449
vn -0.0820 -0.9662 -0.2446
vn -0.4900 -0.6083 -0.6244
vn -0.2607 -0.9510 -0.1664
vn -0.7151 -0.5492 -0.4325
vn -0.4066 -0.9126 -0.0420
vn -0.8677 -0.4601 -0.1881
vn -0.5056 -0.8549 0.1165
vn -0.3240 0.8605 -0.3931
vn -0.3267 0.8424 -0.4285
vn -0.6311 0.7357 -0.2459
vn -0.6408 0.6686 -0.3773
vn -0.9422 -0.1269 0.3101
vn -0.8875 0.4599 -0.0282
vn -0.9040 0.3460 -0.2512
vn -0.9627 -0.2687 0.0325
vn -0.6312 0.7356 -0.2459
vn -0.6409 0.6685 -0.3773
vn -0.3095 0.8796 -0.3612
vn -0.5772 0.8065 -0.1277
vn -0.6312 0.7357 -0.2458
vn -0.7961 0.5801 0.1723
vn -0.5773 0.8065 -0.1276
vn -0.9422 -0.1269 0.3102
vn -0.8284 0.0227 0.5597
vn -0.2845 0.8978 -0.3361
vn -0.4844 0.8742 -0.0344
vn -0.6387 0.6948 0.3306
vn -0.4845 0.8741 -0.0343
vn -0.6324 0.1655 0.7567
vn -0.2515 0.9134 -0.3201
vn -0.3619 0.9319 0.0249
vn -0.4307 0.7928 0.4312
vn -0.3735 0.2875 0.8819
vn -0.2136 0.9248 -0.3149
vn -0.2214 0.9742 0.0443
vn -0.1924 0.8645 0.4643
vn -0.2214 0.9742 0.0444
vn -0.0770 0.3768 0.9231
vn -0.1747 0.9309 -0.3208
vn -0.0769 0.9968 0.0221
vn 0.0527 0.9029 0.4266
vn -0.0769 0.9968 0.0222
vn 0.2282 0.4246 0.8762
vn -0.1384 0.9311 -0.3375
vn 0.0575 0.9976 -0.0396
vn 0.2808 0.9042 0.3218
vn 0.0575 0.9976 -0.0395
vn 0.5121 0.4262 0.7457
vn -0.1085 0.9254 -0.3632
vn 0.1687 0.9764 -0.1349
vn 0.4694 0.8683 0.1602
vn 0.1688 0.9764 -0.1348
vn 0.7469 0.3815 0.5446
vn -0.0877 0.9143 -0.3954
vn 0.2458 0.9354 -0.2543
vn 0.6002 0.7987 -0.0424
vn 0.9097 0.2949 0.2924
vn -0.0782 0.8990 -0.4309
vn 0.2811 0.8785 -0.3862
vn 0.6603 0.7023 -0.2662
vn 0.2812 0.8785 -0.3862
vn 0.9845 0.1748 0.0138
vn -0.0808 0.8809 -0.4663
vn 0.2715 0.8114 -0.5176
vn 0.6438 0.5884 -0.4892
vn 0.2716 0.8114 -0.5177
vn 0.9640 0.0330 -0.2638
vn -0.0953 0.8618 -0.4982
vn 0.2176 0.7406 -0.6358
vn 0.5524 0.4682 -0.6897
vn 0.2176 0.7405 -0.6358
vn 0.8502 -0.1166 -0.5134
vn -0.1203 0.8436 -0.5233
vn 0.1248 0.6729 -0.7291
vn 0.3950 0.3535 -0.8480
vn 0.1249 0.6729 -0.7291
vn 0.6543 -0.2594 -0.7104
vn -0.1533 0.8280 -0.5393
vn 0.0022 0.6152 -0.7884
vn 0.1870 0.2555 -0.9486
vn 0.0022 0.6151 -0.7884
vn 0.3953 -0.3814 -0.8356
vn -0.1912 0.8166 -0.5446
vn -0.1382 0.5729 -0.8079
vn -0.0513 0.1838 -0.9816
vn -0.1382 0.5728 -0.8079
vn 0.0988 -0.4707 -0.8768
vn -0.2302 0.8105 -0.5386
vn -0.2827 0.5503 -0.7857
vn -0.2964 0.1454 -0.9439
vn -0.2827 0.5502 -0.7857
vn -0.2064 -0.5184 -0.8298
vn -0.2664 0.8103 -0.5219
vn -0.4171 0.5495 -0.7239
vn -0.5245 0.1441 -0.8392
vn -0.4172 0.5495 -0.7239
vn -0.4903 -0.5201 -0.6994
vn -0.2963 0.8160 -0.4963
vn -0.5283 0.5707 -0.6286
vn -0.7131 0.1800 -0.6776
vn -0.5284 0.5706 -0.6287
vn -0.7251 -0.4754 -0.4983
vn -0.3171 0.8271 -0.4641
vn -0.6054 0.6117 -0.5092
vn -0.8439 0.2496 -0.4750
vn -0.6055 0.6116 -0.5092
vn -0.8879 -0.3887 -0.2461
vn -0.9400 -0.1343 0.3137
vn -0.8262 0.0152 0.5631
vn -0.6304 0.1579 0.7600
vn -0.3716 0.2799 0.8852
vn -0.0752 0.3691 0.9264
vn 0.2298 0.4168 0.8794
vn 0.5136 0.4185 0.7491
vn 0.7483 0.3738 0.5480
vn 0.9110 0.2872 0.2960
vn 0.9858 0.1672 0.0175
vn 0.9653 0.0255 -0.2600
vn 0.8515 -0.1241 -0.5094
vn 0.6557 -0.2668 -0.7063
vn 0.3969 -0.3887 -0.8315
vn 0.1005 -0.4779 -0.8726
vn -0.2045 -0.5257 -0.8257
vn -0.4883 -0.5273 -0.6954
vn -0.7230 -0.4827 -0.4943
vn -0.8857 -0.3961 -0.2422
vn -0.9605 -0.2760 0.0362
vn -0.1328 -0.8528 0.5052
vn -0.1397 -0.9011 0.4106
vn -0.7082 -0.5259 0.4710
vn -0.7257 -0.6470 0.2338
vn -0.7082 -0.5258 0.4711
vn -0.6110 -0.3980 0.6843
vn -0.0940 -0.8018 0.5902
vn -0.4435 -0.2759 0.8527
vn -0.0273 -0.7531 0.6573
vn -0.2222 -0.1717 0.9598
vn 0.0609 -0.7116 0.6999
vn 0.0313 -0.0954 0.9949
vn 0.1620 -0.6812 0.7140
vn 0.2921 -0.0546 0.9548
vn 0.2659 -0.6649 0.6980
vn 0.5347 -0.0532 0.8434
vn 0.3626 -0.6644 0.6536
vn 0.7354 -0.0914 0.6714
vn 0.4426 -0.6796 0.5850
vn 0.8745 -0.1654 0.4559
vn 0.4981 -0.7091 0.4991
vn 0.9385 -0.2680 0.2178
vn 0.5236 -0.7500 0.4042
vn 0.9209 -0.3892 -0.0195
vn 0.5166 -0.7983 0.3097
vn 0.8237 -0.5171 -0.2327
vn 0.4778 -0.8492 0.2247
vn 0.6562 -0.6391 -0.4011
vn 0.4111 -0.8979 0.1575
vn 0.4349 -0.7434 -0.5082
vn 0.3229 -0.9394 0.1149
vn 0.1815 -0.8197 -0.5434
vn 0.2218 -0.9699 0.1009
vn -0.0793 -0.8605 -0.5032
vn 0.1179 -0.9861 0.1168
vn -0.3220 -0.8619 -0.3918
vn 0.0212 -0.9867 0.1613
vn -0.5227 -0.8237 -0.2198
vn -0.0588 -0.9715 0.2298
vn -0.6618 -0.7497 -0.0043
vn -0.1143 -0.9420 0.3157
vn -0.3939 0.8751 -0.2812
vn -0.3554 0.8886 -0.2900
vn -0.4522 0.6686 -0.5903
vn -0.3106 0.7183 -0.6226
vn -0.2649 -0.3172 -0.9106
vn -0.4392 0.3116 -0.8426
vn -0.2039 0.3943 -0.8961
vn 0.0233 -0.2159 -0.9761
vn -0.4522 0.6685 -0.5904
vn -0.3106 0.7182 -0.6226
vn -0.4288 0.8651 -0.2604
vn -0.5801 0.6319 -0.5140
vn -0.4393 0.3116 -0.8426
vn -0.6520 0.2506 -0.7157
vn -0.5802 0.6318 -0.5141
vn -0.2650 -0.3172 -0.9106
vn -0.5255 -0.3920 -0.7551
vn -0.4565 0.8596 -0.2296
vn -0.6819 0.6117 -0.4010
vn -0.8212 0.2171 -0.5277
vn -0.6820 0.6116 -0.4010
vn -0.7328 -0.4330 -0.5250
vn -0.4744 0.8591 -0.1919
vn -0.7476 0.6102 -0.2623
vn -0.9304 0.2145 -0.2972
vn -0.7477 0.6101 -0.2623
vn -0.8665 -0.4362 -0.2426
vn -0.4807 0.8638 -0.1508
vn -0.7708 0.6273 -0.1116
vn -0.9689 0.2430 -0.0466
vn -0.7708 0.6272 -0.1116
vn -0.9137 -0.4013 0.0643
vn -0.4748 0.8731 -0.1105
vn -0.7491 0.6614 0.0364
vn -0.9329 0.2998 0.1994
vn -0.7492 0.6614 0.0364
vn -0.8696 -0.3317 0.3657
vn -0.4573 0.8862 -0.0749
vn -0.6848 0.7093 0.1672
vn -0.8260 0.3794 0.4170
vn -0.7386 -0.2342 0.6321
vn -0.4299 0.9016 -0.0474
vn -0.5841 0.7662 0.2680
vn -0.6585 0.4739 0.5846
vn -0.5841 0.7661 0.2681
vn -0.5335 -0.1184 0.8374
vn -0.3952 0.9181 -0.0308
vn -0.4568 0.8265 0.3289
vn -0.4470 0.5742 0.6859
vn -0.4568 0.8265 0.3290
vn -0.2744 0.0044 0.9616
vn -0.3567 0.9338 -0.0267
vn -0.3155 0.8843 0.3441
vn -0.2121 0.6703 0.7111
vn -0.3155 0.8843 0.3442
vn 0.0133 0.1222 0.9924
vn -0.3182 0.9474 -0.0354
vn -0.1740 0.9340 0.3119
vn 0.0233 0.7530 0.6576
vn -0.1740 0.9340 0.3120
vn 0.3016 0.2234 0.9269
vn -0.2833 0.9574 -0.0562
vn -0.0461 0.9708 0.2356
vn 0.2360 0.8141 0.5307
vn -0.0460 0.9708 0.2356
vn 0.5621 0.2982 0.7714
vn -0.2556 0.9629 -0.0870
vn 0.0557 0.9909 0.1226
vn 0.4052 0.8475 0.3428
vn 0.0558 0.9909 0.1226
vn 0.7694 0.3392 0.5413
vn -0.2377 0.9633 -0.1248
vn 0.1214 0.9925 -0.0161
vn 0.5144 0.8502 0.1122
vn 0.1215 0.9925 -0.0161
vn 0.9032 0.3425 0.2589
vn -0.2314 0.9586 -0.1658
vn 0.1446 0.9753 -0.1668
vn 0.5529 0.8217 -0.1383
vn 0.9503 0.3076 -0.0480
vn -0.2373 0.9493 -0.2062
vn 0.1229 0.9412 -0.3148
vn 0.5169 0.7649 -0.3844
vn 0.1230 0.9411 -0.3148
vn 0.9062 0.2380 -0.3494
vn -0.2548 0.9363 -0.2418
vn 0.0586 0.8933 -0.4456
vn 0.4100 0.6853 -0.6019
vn 0.0587 0.8933 -0.4457
vn 0.7752 0.1405 -0.6158
vn -0.2822 0.9208 -0.2692
vn -0.0421 0.8364 -0.5464
vn 0.2426 0.5907 -0.7696
vn -0.0421 0.8364 -0.5465
vn 0.5702 0.0247 -0.8212
vn -0.3169 0.9044 -0.2859
vn -0.1694 0.7761 -0.6074
vn 0.0310 0.4905 -0.8709
vn -0.1693 0.7761 -0.6075
vn 0.3111 -0.0981 -0.9453
vn -0.2619 -0.3245 -0.9089
vn -0.5223 -0.3993 -0.7535
vn -0.7295 -0.4403 -0.5234
vn -0.8632 -0.4435 -0.2412
vn -0.9104 -0.4086 0.0656
vn -0.8663 -0.3390 0.3668
vn -0.7354 -0.2416 0.6331
vn -0.5304 -0.1258 0.8384
vn -0.2714 -0.0031 0.9625
vn 0.0163 0.1147 0.9933
vn 0.3044 0.2159 0.9278
vn 0.5648 0.2906 0.7724
vn 0.7720 0.3316 0.5423
vn 0.9057 0.3348 0.2601
vn 0.9528 0.2999 -0.0467
vn 0.9088 0.2304 -0.3480
vn 0.7778 0.1329 -0.6143
vn 0.5728 0.0172 -0.8195
vn 0.3138 -0.1056 -0.9436
vn 0.0262 -0.2233 -0.9744
vn 0.2353 -0.9557 -0.1771
vn 0.3377 -0.9197 -0.2003
vn -0.0644 -0.6964 -0.7147
vn 0.1850 -0.6088 -0.7714
vn -0.0644 -0.6965 -0.7147
vn -0.2899 -0.7612 -0.5802
vn 0.1427 -0.9822 -0.1218
vn -0.4692 -0.7967 -0.3810
vn 0.0690 -0.9968 -0.0400
vn -0.5850 -0.7994 -0.1366
vn 0.0215 -0.9980 0.0603
vn -0.6258 -0.7692 0.1290
vn 0.0048 -0.9856 0.1693
vn -0.5877 -0.7090 0.3898
vn 0.0204 -0.9608 0.2764
vn -0.4743 -0.6247 0.6203
vn 0.0670 -0.9262 0.3710
vn -0.2968 -0.5244 0.7980
vn 0.1398 -0.8851 0.4440
vn -0.0726 -0.4182 0.9055
vn 0.2319 -0.8414 0.4881
vn 0.1764 -0.3162 0.9321
vn 0.3341 -0.7996 0.4990
vn 0.4259 -0.2286 0.8754
vn 0.4365 -0.7636 0.4758
vn 0.6513 -0.1639 0.7409
vn 0.5291 -0.7370 0.4205
vn 0.8307 -0.1284 0.5417
vn 0.6027 -0.7225 0.3388
vn 0.9465 -0.1256 0.2974
vn 0.6503 -0.7213 0.2384
vn 0.9873 -0.1558 0.0318
vn 0.6670 -0.7337 0.1294
vn 0.9491 -0.2161 -0.2291
vn 0.6514 -0.7584 0.0223
vn 0.8358 -0.3004 -0.4596
vn 0.6048 -0.7931 -0.0723
vn 0.6583 -0.4006 -0.6373
vn 0.5320 -0.8342 -0.1453
vn 0.4341 -0.5069 -0.7447
vn 0.4399 -0.8779 -0.1894
vn 0.0683 0.9147 0.3983
vn 0.0709 0.9357 0.3456
vn -0.3921 0.8230 0.4110
vn -0.3832 0.8936 0.2337
vn -0.9717 0.1527 0.1803
vn -0.7407 0.5781 0.3425
vn -0.7277 0.6806 0.0848
vn -0.9571 0.2683 -0.1098
vn -0.3922 0.8230 0.4109
vn -0.3832 0.8936 0.2336
vn 0.0828 0.8904 0.4476
vn -0.3434 0.7413 0.5766
vn -0.7406 0.5780 0.3425
vn -0.6700 0.4593 0.5833
vn -0.3435 0.7413 0.5766
vn -0.9717 0.1527 0.1804
vn -0.8921 0.0190 0.4515
vn 0.1129 0.8651 0.4887
vn -0.2420 0.6565 0.7145
vn -0.5225 0.3360 0.7836
vn -0.2421 0.6564 0.7145
vn -0.7260 -0.1199 0.6771
vn 0.1559 0.8414 0.5174
vn -0.0977 0.5769 0.8110
vn -0.3127 0.2202 0.9240
vn -0.0977 0.5768 0.8110
vn -0.4898 -0.2502 0.8351
vn 0.2074 0.8216 0.5310
vn 0.0754 0.5102 0.8568
vn -0.0612 0.1233 0.9905
vn 0.0754 0.5101 0.8568
vn -0.2065 -0.3594 0.9101
vn 0.2624 0.8075 0.5282
vn 0.2602 0.4630 0.8473
vn 0.2075 0.0548 0.9767
vn 0.0960 -0.4365 0.8945
vn 0.3156 0.8007 0.5092
vn 0.4388 0.4400 0.7835
vn 0.4670 0.0213 0.8840
vn 0.4388 0.4399 0.7835
vn 0.3883 -0.4742 0.7901
vn 0.3617 0.8017 0.4759
vn 0.5936 0.4433 0.6716
vn 0.6920 0.0262 0.7214
vn 0.5937 0.4433 0.6716
vn 0.6417 -0.4688 0.6070
vn 0.3962 0.8104 0.4316
vn 0.7095 0.4727 0.5226
vn 0.8605 0.0689 0.5049
vn 0.8314 -0.4207 0.3632
vn 0.4157 0.8261 0.3805
vn 0.7751 0.5253 0.3511
vn 0.9558 0.1453 0.2556
vn 0.7752 0.5252 0.3511
vn 0.9387 -0.3346 0.0824
vn 0.4184 0.8471 0.3278
vn 0.7840 0.5959 0.1738
vn 0.9688 0.2479 -0.0021
vn 0.7841 0.5958 0.1738
vn 0.9533 -0.2191 -0.2077
vn 0.4039 0.8714 0.2784
vn 0.7354 0.6776 0.0082
vn 0.8981 0.3667 -0.2429
vn 0.7354 0.6776 0.0081
vn 0.8737 -0.0853 -0.4789
vn 0.3737 0.8967 0.2374
vn 0.6339 0.7624 -0.1297
vn 0.7506 0.4899 -0.4433
vn 0.6340 0.7624 -0.1297
vn 0.7077 0.0535 -0.7045
vn 0.3307 0.9204 0.2087
vn 0.4896 0.8421 -0.2262
vn 0.5409 0.6057 -0.5835
vn 0.4896 0.8421 -0.2263
vn 0.4715 0.1839 -0.8625
vn 0.2792 0.9402 0.1950
vn 0.3165 0.9088 -0.2720
vn 0.2894 0.7026 -0.6501
vn 0.3166 0.9087 -0.2721
vn 0.1882 0.2930 -0.9374
vn 0.2242 0.9542 0.1979
vn 0.1317 0.9559 -0.2625
vn 0.0207 0.7712 -0.6363
vn 0.1317 0.9559 -0.2626
vn -0.1144 0.3702 -0.9219
vn 0.1710 0.9611 0.2169
vn -0.0469 0.9789 -0.1987
vn -0.2389 0.8046 -0.5436
vn -0.0469 0.9789 -0.1988
vn -0.4066 0.4079 -0.8175
vn 0.1250 0.9601 0.2502
vn -0.2017 0.9756 -0.0868
vn -0.4639 0.7998 -0.3810
vn -0.2017 0.9756 -0.0869
vn -0.6600 0.4024 -0.6344
vn 0.0905 0.9514 0.2945
vn -0.3176 0.9462 0.0622
vn -0.6323 0.7571 -0.1645
vn -0.3176 0.9462 0.0621
vn -0.8497 0.3543 -0.3905
vn -0.9729 0.1473 0.1781
vn -0.8933 0.0136 0.4492
vn -0.7273 -0.1252 0.6748
vn -0.4912 -0.2556 0.8327
vn -0.2080 -0.3647 0.9076
vn 0.0945 -0.4418 0.8921
vn 0.3867 -0.4795 0.7877
vn 0.6400 -0.4741 0.6047
vn 0.8297 -0.4260 0.3609
vn 0.9370 -0.3399 0.0802
vn 0.9516 -0.2244 -0.2099
vn 0.8720 -0.0907 -0.4810
vn 0.7060 0.0481 -0.7065
vn 0.4699 0.1784 -0.8645
vn 0.1867 0.2875 -0.9394
vn -0.1158 0.3647 -0.9239
vn -0.4080 0.4024 -0.8195
vn -0.6613 0.3969 -0.6365
vn -0.8510 0.3488 -0.3927
vn -0.9583 0.2628 -0.1120
vn -0.6649 -0.7082 -0.2375
vn -0.6581 -0.6547 -0.3718
vn -0.9834 -0.1780 0.0348
vn -0.9700 -0.0715 -0.2325
vn -0.9834 -0.1780 0.0349
vn -0.9101 -0.3012 0.2847
vn -0.6280 -0.7701 -0.1120
vn -0.7571 -0.4292 0.4926
vn -0.5512 -0.8344 -0.0076
vn -0.5394 -0.5493 0.6382
vn -0.4418 -0.8947 0.0655
vn -0.2784 -0.6499 0.7072
vn -0.3107 -0.9452 0.1002
vn 0.0004 -0.7210 0.6930
vn -0.1707 -0.9809 0.0930
vn 0.2698 -0.7557 0.5967
vn -0.0354 -0.9984 0.0447
vn 0.5033 -0.7507 0.4280
vn 0.0818 -0.9958 -0.0400
vn 0.6780 -0.7064 0.2033
vn 0.1696 -0.9736 -0.1529
vn 0.7770 -0.6271 -0.0554
vn 0.2193 -0.9338 -0.2828
vn 0.7904 -0.5206 -0.3228
vn 0.2261 -0.8803 -0.4171
vn 0.7171 -0.3974 -0.5726
vn 0.1892 -0.8184 -0.5426
vn 0.5641 -0.2694 -0.7805
vn 0.1124 -0.7541 -0.6471
vn 0.3464 -0.1493 -0.9261
vn 0.0031 -0.6938 -0.7202
vn 0.0854 -0.0487 -0.9952
vn -0.1280 -0.6433 -0.7549
vn -0.1934 0.0224 -0.9809
vn -0.2681 -0.6076 -0.7477
vn -0.4627 0.0571 -0.8847
vn -0.4033 -0.5901 -0.6994
vn -0.6962 0.0521 -0.7159
vn -0.5206 -0.5926 -0.6146
vn -0.8710 0.0077 -0.4912
vn -0.6084 -0.6149 -0.5018
vn -0.3858 0.8140 0.4342
vn -0.3911 0.8219 0.4142
vn -0.5581 0.6864 0.4663
vn -0.5792 0.7180 0.3860
vn -0.8309 -0.5250 0.1845
vn -0.7790 0.4135 0.4714
vn -0.8235 0.4800 0.3024
vn -0.9050 -0.4142 -0.0968
vn -0.5793 0.7180 0.3860
vn -0.3746 0.8092 0.4526
vn -0.5128 0.6672 0.5402
vn -0.6837 0.3730 0.6272
vn -0.5129 0.6671 0.5403
vn -0.8308 -0.5250 0.1846
vn -0.6723 -0.5924 0.4439
vn -0.3584 0.8080 0.4676
vn -0.4479 0.6622 0.6007
vn -0.5471 0.3624 0.7545
vn -0.4480 0.6622 0.6007
vn -0.4448 -0.6099 0.6559
vn -0.3390 0.8104 0.4778
vn -0.3698 0.6719 0.6417
vn -0.3824 0.3830 0.8409
vn -0.1707 -0.5757 0.7996
vn -0.3182 0.8163 0.4822
vn -0.2860 0.6955 0.6592
vn -0.2059 0.4325 0.8778
vn -0.2859 0.6954 0.6593
vn 0.1232 -0.4933 0.8611
vn -0.2979 0.8250 0.4803
vn -0.2047 0.7304 0.6516
vn -0.0347 0.5062 0.8617
vn -0.2046 0.7304 0.6516
vn 0.4081 -0.3706 0.8343
vn -0.2804 0.8357 0.4723
vn -0.1339 0.7735 0.6195
vn 0.1143 0.5968 0.7942
vn 0.6562 -0.2197 0.7219
vn -0.2671 0.8473 0.4590
vn -0.0806 0.8204 0.5661
vn 0.2267 0.6956 0.6818
vn -0.0805 0.8203 0.5662
vn 0.8432 -0.0554 0.5348
vn -0.2595 0.8588 0.4418
vn -0.0499 0.8665 0.4967
vn 0.2912 0.7927 0.5355
vn 0.9507 0.1063 0.2913
vn -0.2582 0.8689 0.4222
vn -0.0449 0.9073 0.4180
vn 0.3018 0.8787 0.3698
vn 0.9682 0.2496 0.0154
vn -0.2635 0.8768 0.4022
vn -0.0661 0.9389 0.3378
vn 0.2572 0.9453 0.2007
vn -0.0660 0.9389 0.3377
vn 0.8941 0.3603 -0.2660
vn -0.2747 0.8816 0.3838
vn -0.1113 0.9581 0.2638
vn 0.1620 0.9858 0.0449
vn -0.1113 0.9582 0.2637
vn 0.7355 0.4277 -0.5254
vn -0.2909 0.8828 0.3688
vn -0.1762 0.9631 0.2033
vn 0.0253 0.9963 -0.0824
vn 0.5081 0.4452 -0.7373
vn -0.3103 0.8804 0.3586
vn -0.2544 0.9534 0.1623
vn -0.1393 0.9758 -0.1687
vn -0.2543 0.9534 0.1623
vn 0.2340 0.4111 -0.8811
vn -0.3311 0.8746 0.3543
vn -0.3382 0.9299 0.1448
vn -0.3159 0.9262 -0.2057
vn -0.3382 0.9299 0.1447
vn -0.0600 0.3286 -0.9426
vn -0.3513 0.8659 0.3562
vn -0.4195 0.8949 0.1524
vn -0.4871 0.8525 -0.1896
vn -0.3449 0.2059 -0.9158
vn -0.3689 0.8552 0.3641
vn -0.4902 0.8518 0.1845
vn -0.6361 0.7619 -0.1220
vn -0.4903 0.8518 0.1845
vn -0.5930 0.0550 -0.8033
vn -0.3822 0.8435 0.3774
vn -0.5435 0.8050 0.2379
vn -0.7484 0.6632 -0.0096
vn -0.5436 0.8049 0.2378
vn -0.7799 -0.1093 -0.6162
vn -0.3899 0.8320 0.3946
vn -0.5742 0.7589 0.3073
vn -0.8130 0.5660 0.1366
vn -0.5743 0.7588 0.3073
vn -0.8875 -0.2710 -0.3728
vn -0.8246 -0.5370 0.1780
vn -0.6663 -0.6043 0.4369
vn -0.4392 -0.6217 0.6485
vn -0.1655 -0.5877 0.7920
vn 0.1279 -0.5053 0.8534
vn 0.4124 -0.3829 0.8266
vn 0.6601 -0.2322 0.7144
vn 0.8468 -0.0681 0.5276
vn 0.9541 0.0934 0.2845
vn 0.9716 0.2363 0.0090
vn 0.8976 0.3469 -0.2719
vn 0.7393 0.4142 -0.5309
vn 0.5122 0.4317 -0.7425
vn 0.2385 0.3976 -0.8860
vn -0.0549 0.3153 -0.9474
vn -0.3394 0.1928 -0.9207
vn -0.5871 0.0421 -0.8084
vn -0.7738 -0.1220 -0.6216
vn -0.8811 -0.2834 -0.3786
vn -0.8986 -0.4264 -0.1031
vn -0.8246 -0.5370 0.1779
vn 0.1502 -0.9180 -0.3671
vn 0.1357 -0.8963 -0.4222
vn -0.3379 -0.9274 -0.1601
vn -0.3878 -0.8530 -0.3493
vn -0.3379 -0.9275 -0.1601
vn -0.2313 -0.9728 0.0142
vn 0.1813 -0.9312 -0.3162
vn -0.0784 -0.9845 0.1567
vn 0.2258 -0.9346 -0.2747
vn 0.1059 -0.9616 0.2533
vn 0.2796 -0.9279 -0.2465
vn 0.3034 -0.9061 0.2946
vn 0.3372 -0.9118 -0.2345
vn 0.4950 -0.8237 0.2766
vn 0.3930 -0.8877 -0.2397
vn 0.6618 -0.7222 0.2011
vn 0.4416 -0.8582 -0.2618
vn 0.7875 -0.6118 0.0753
vn 0.4783 -0.8260 -0.2984
vn 0.8597 -0.5031 -0.0884
vn 0.4993 -0.7943 -0.3461
vn 0.8715 -0.4068 -0.2739
vn 0.5028 -0.7662 -0.4002
vn 0.8217 -0.3323 -0.4631
vn 0.4882 -0.7445 -0.4554
vn 0.7151 -0.2870 -0.6374
vn 0.4572 -0.7313 -0.5062
vn 0.5622 -0.2752 -0.7799
vn 0.4126 -0.7279 -0.5477
vn 0.3779 -0.2982 -0.8765
vn 0.3589 -0.7346 -0.5759
vn 0.1803 -0.3536 -0.9178
vn 0.3013 -0.7507 -0.5879
vn -0.0112 -0.4361 -0.8998
vn 0.2454 -0.7748 -0.5827
vn -0.1780 -0.5375 -0.8242
vn 0.1968 -0.8043 -0.5606
vn -0.3037 -0.6480 -0.6985
vn 0.1602 -0.8365 -0.5240
vn -0.3760 -0.7567 -0.5348
vn 0.1391 -0.8682 -0.4763
vn -0.1378 0.8779 0.4585
vn -0.1290 0.8987 0.4191
vn -0.5155 0.7665 0.3831
vn -0.4838 0.8413 0.2414
vn -0.9985 -0.0170 -0.0524
vn -0.8326 0.5037 0.2303
vn -0.7817 0.6236 0.0030
vn -0.9378 0.1261 -0.3235
vn -0.4838 0.8412 0.2414
vn -0.1324 0.8568 0.4984
vn -0.4962 0.6904 0.5264
vn -0.5155 0.7664 0.3831
vn -0.8016 0.3818 0.4601
vn -0.9615 -0.1624 0.2217
vn -0.1134 0.8374 0.5347
vn -0.4276 0.6206 0.6572
vn -0.6917 0.2698 0.6698
vn -0.4277 0.6206 0.6573
vn -0.8304 -0.2960 0.4720
vn -0.0825 0.8216 0.5641
vn -0.3166 0.5638 0.7628
vn -0.5138 0.1787 0.8391
vn -0.3167 0.5638 0.7628
vn -0.6181 -0.4047 0.6740
vn -0.0429 0.8110 0.5835
vn -0.1741 0.5256 0.8327
vn -0.2851 0.1175 0.9513
vn -0.1741 0.5256 0.8328
vn -0.3453 -0.4778 0.8078
vn 0.0016 0.8066 0.5911
vn -0.0139 0.5097 0.8602
vn -0.0282 0.0920 0.9954
vn -0.0138 0.5097 0.8603
vn -0.0387 -0.5082 0.8604
vn 0.0467 0.8088 0.5862
vn 0.1484 0.5177 0.8426
vn 0.2319 0.1048 0.9671
vn 0.2716 -0.4928 0.8266
vn 0.0879 0.8174 0.5693
vn 0.2966 0.5488 0.7815
vn 0.4697 0.1547 0.8692
vn 0.2967 0.5488 0.7815
vn 0.5553 -0.4333 0.7098
vn 0.1212 0.8317 0.5419
vn 0.4165 0.6000 0.6830
vn 0.6619 0.2368 0.7112
vn 0.7846 -0.3355 0.5214
vn 0.1434 0.8501 0.5068
vn 0.4962 0.6662 0.5567
vn 0.7897 0.3429 0.5087
vn 0.9371 -0.2088 0.2798
vn 0.1522 0.8709 0.4674
vn 0.5279 0.7410 0.4150
vn 0.8406 0.4628 0.2815
vn 0.5280 0.7410 0.4150
vn 0.9978 -0.0657 0.0086
vn 0.1468 0.8920 0.4276
vn 0.5086 0.8170 0.2717
vn 0.8096 0.5847 0.0517
vn 0.9608 0.0797 -0.2655
vn 0.1278 0.9114 0.3912
vn 0.4400 0.8869 0.1409
vn 0.6997 0.6967 -0.1581
vn 0.4401 0.8868 0.1409
vn 0.8297 0.2133 -0.5158
vn 0.0969 0.9272 0.3619
vn 0.3291 0.9436 0.0354
vn 0.5218 0.7878 -0.3274
vn 0.3291 0.9436 0.0353
vn 0.6174 0.3220 -0.7177
vn 0.0573 0.9378 0.3424
vn 0.1865 0.9818 -0.0346
vn 0.2931 0.8491 -0.4395
vn 0.3446 0.3951 -0.8516
vn 0.0128 0.9422 0.3348
vn 0.0262 0.9977 -0.0621
vn 0.0361 0.8745 -0.4836
vn 0.0263 0.9977 -0.0621
vn 0.0380 0.4255 -0.9042
vn -0.0323 0.9400 0.3397
vn -0.1359 0.9897 -0.0444
vn -0.2240 0.8617 -0.4553
vn -0.1360 0.9897 -0.0445
vn -0.2723 0.4102 -0.8704
vn -0.0735 0.9313 0.3567
vn -0.2842 0.9586 0.0166
vn -0.4617 0.8118 -0.3574
vn -0.2843 0.9586 0.0166
vn -0.5560 0.3507 -0.7536
vn -0.1068 0.9171 0.3840
vn -0.4041 0.9075 0.1151
vn -0.6539 0.7298 -0.1995
vn -0.4041 0.9074 0.1151
vn -0.7853 0.2528 -0.5652
vn -0.9982 -0.0236 -0.0559
vn -0.9612 -0.1690 0.2181
vn -0.8301 -0.3026 0.4683
vn -0.6179 -0.4112 0.6702
vn -0.3452 -0.4843 0.8039
vn -0.0388 -0.5147 0.8565
vn 0.2714 -0.4994 0.8228
vn 0.5550 -0.4399 0.7060
vn 0.7843 -0.3420 0.5176
vn 0.9367 -0.2154 0.2761
vn 0.9974 -0.0724 0.0051
vn 0.9604 0.0730 -0.2689
vn 0.8294 0.2066 -0.5191
vn 0.6171 0.3152 -0.7210
vn 0.3444 0.3883 -0.8548
vn 0.0380 0.4186 -0.9074
vn -0.2722 0.4033 -0.8736
vn -0.5558 0.3438 -0.7569
vn -0.7851 0.2460 -0.5685
vn -0.9375 0.1194 -0.3270
vn -0.3883 -0.8075 -0.4441
vn -0.3651 -0.7528 -0.5478
vn -0.8846 -0.3951 -0.2476
vn -0.8310 -0.2688 -0.4869
vn -0.8846 -0.3952 -0.2475
vn -0.8520 -0.5236 -0.0055
vn -0.3742 -0.8631 -0.3393
vn -0.7363 -0.6415 0.2154
vn -0.3241 -0.9141 -0.2436
vn -0.5488 -0.7374 0.3937
vn -0.2429 -0.9557 -0.1664
vn -0.3080 -0.8020 0.5118
vn -0.1386 -0.9836 -0.1153
vn -0.0373 -0.8288 0.5583
vn -0.0214 -0.9952 -0.0952
vn 0.2367 -0.8153 0.5285
vn 0.0972 -0.9894 -0.1081
vn 0.4871 -0.7627 0.4254
vn 0.2057 -0.9666 -0.1527
vn 0.6896 -0.6763 0.2590
vn 0.2933 -0.9292 -0.2248
vn 0.8242 -0.5645 0.0457
vn 0.3516 -0.8808 -0.3171
vn 0.8778 -0.4382 -0.1937
vn 0.3748 -0.8261 -0.4208
vn 0.8451 -0.3098 -0.4357
vn 0.3607 -0.7705 -0.5256
vn 0.7294 -0.1918 -0.6567
vn 0.3106 -0.7194 -0.6213
vn 0.5419 -0.0959 -0.8349
vn 0.2294 -0.6779 -0.6985
vn 0.3011 -0.0314 -0.9531
vn 0.1251 -0.6499 -0.7496
vn 0.0304 -0.0045 -0.9995
vn 0.0079 -0.6383 -0.7697
vn -0.2435 -0.0181 -0.9697
vn -0.1107 -0.6442 -0.7568
vn -0.4940 -0.0706 -0.8666
vn -0.2191 -0.6669 -0.7122
vn -0.6964 -0.1570 -0.7002
vn -0.3068 -0.7043 -0.6401
vn -0.1519 0.9883 0.0127
vn -0.1597 0.9865 -0.0366
vn -0.5322 0.8346 0.1420
vn -0.5595 0.8282 -0.0307
vn -0.9490 -0.0550 0.3106
vn -0.8182 0.5194 0.2467
vn -0.8603 0.5094 -0.0189
vn -0.9978 -0.0664 0.0025
vn -0.5596 0.8282 -0.0308
vn -0.1292 0.9900 0.0572
vn -0.4527 0.8404 0.2979
vn -0.5322 0.8346 0.1421
vn -0.8181 0.5194 0.2467
vn -0.6960 0.5282 0.4864
vn -0.8072 -0.0446 0.5886
vn -0.0939 0.9913 0.0925
vn -0.3289 0.8450 0.4216
vn -0.5055 0.5357 0.6764
vn -0.3289 0.8450 0.4217
vn -0.5865 -0.0364 0.8091
vn -0.0494 0.9921 0.1151
vn -0.1729 0.8480 0.5010
vn -0.2658 0.5402 0.7984
vn -0.1729 0.8479 0.5011
vn -0.3083 -0.0312 0.9508
vn -0.0000 0.9924 0.1230
vn -0.0000 0.8490 0.5284
vn -0.0000 0.5414 0.8408
vn -0.0000 0.8490 0.5285
vn -0.0000 -0.0294 0.9996
vn 0.0494 0.9921 0.1151
vn 0.1729 0.8480 0.5010
vn 0.2658 0.5398 0.7987
vn 0.1729 0.8479 0.5011
vn 0.3083 -0.0312 0.9508
vn 0.0939 0.9913 0.0925
vn 0.3289 0.8450 0.4216
vn 0.5055 0.5357 0.6764
vn 0.5865 -0.0364 0.8091
vn 0.1292 0.9900 0.0572
vn 0.4527 0.8404 0.2979
vn 0.6960 0.5281 0.4864
vn 0.8072 -0.0446 0.5885
vn 0.1519 0.9883 0.0127
vn 0.5322 0.8346 0.1420
vn 0.8179 0.5197 0.2466
vn 0.9490 -0.0550 0.3106
vn 0.1597 0.9865 -0.0366
vn 0.5595 0.8282 -0.0308
vn 0.8600 0.5099 -0.0189
vn 0.5596 0.8282 -0.0308
vn 0.9978 -0.0664 0.0025
vn 0.1519 0.9847 -0.0860
vn 0.5322 0.8218 -0.2036
vn 0.8182 0.4995 -0.2846
vn 0.9490 -0.0779 -0.3057
vn 0.1292 0.9830 -0.1305
vn 0.4527 0.8160 -0.3595
vn 0.6959 0.4908 -0.5242
vn 0.8072 -0.0882 -0.5836
vn 0.0939 0.9817 -0.1658
vn 0.3289 0.8114 -0.4831
vn 0.5055 0.4841 -0.7142
vn 0.3289 0.8114 -0.4832
vn 0.5865 -0.0964 -0.8042
vn 0.0494 0.9808 -0.1884
vn 0.1729 0.8085 -0.5626
vn 0.2658 0.4795 -0.8363
vn 0.1729 0.8084 -0.5626
vn 0.3083 -0.1016 -0.9458
vn -0.0000 0.9806 -0.1962
vn -0.0000 0.8075 -0.5899
vn -0.0000 0.4777 -0.8785
vn -0.0000 0.8074 -0.5900
vn -0.0000 -0.1034 -0.9946
vn -0.0494 0.9808 -0.1884
vn -0.1729 0.8085 -0.5626
vn -0.2658 0.4795 -0.8363
vn -0.1729 0.8084 -0.5626
vn -0.3083 -0.1016 -0.9458
vn -0.0939 0.9817 -0.1658
vn -0.3289 0.8114 -0.4831
vn -0.5055 0.4840 -0.7142
vn -0.3289 0.8114 -0.4832
vn -0.5865 -0.0964 -0.8042
vn -0.1292 0.9830 -0.1305
vn -0.4527 0.8160 -0.3594
vn -0.6960 0.4907 -0.5242
vn -0.4527 0.8160 -0.3595
vn -0.8072 -0.0882 -0.5836
vn -0.1519 0.9847 -0.0860
vn -0.5322 0.8218 -0.2035
vn -0.8179 0.5000 -0.2845
vn -0.5322 0.8218 -0.2036
vn -0.9490 -0.0779 -0.3056
vn -0.9485 -0.0619 0.3107
vn -0.8068 -0.0516 0.5885
vn -0.5862 -0.0434 0.8090
vn -0.3082 -0.0382 0.9506
vn -0.0000 -0.0363 0.9993
vn 0.3082 -0.0382 0.9506
vn 0.5862 -0.0434 0.8090
vn 0.8068 -0.0516 0.5885
vn 0.9485 -0.0619 0.3107
vn 0.9973 -0.0734 0.0027
vn 0.9485 -0.0848 -0.3052
vn 0.8068 -0.0951 -0.5831
vn 0.5862 -0.1033 -0.8036
vn 0.3082 -0.1086 -0.9451
vn -0.0000 -0.1104 -0.9939
vn -0.3082 -0.1086 -0.9451
vn -0.5862 -0.1033 -0.8036
vn -0.8068 -0.0951 -0.5831
vn -0.9485 -0.0848 -0.3052
vn -0.9973 -0.0734 0.0027
vn -0.5290 -0.8240 0.2026
vn -0.5563 -0.8304 0.0308
vn -0.9032 -0.3023 0.3048
vn -0.9496 -0.3132 0.0116
vn -0.9031 -0.3023 0.3049
vn -0.7683 -0.2924 0.5694
vn -0.4500 -0.8183 0.3576
vn -0.5582 -0.2846 0.7794
vn -0.3270 -0.8137 0.4806
vn -0.2935 -0.2796 0.9142
vn -0.1719 -0.8108 0.5595
vn -0.0000 -0.2779 0.9606
vn -0.0000 -0.8098 0.5867
vn 0.2935 -0.2796 0.9142
vn 0.1719 -0.8108 0.5595
vn 0.5582 -0.2846 0.7794
vn 0.3270 -0.8137 0.4806
vn 0.7683 -0.2924 0.5694
vn 0.4500 -0.8183 0.3576
vn 0.9032 -0.3023 0.3049
vn 0.5290 -0.8240 0.2026
vn 0.9496 -0.3132 0.0116
vn 0.5563 -0.8304 0.0309
vn 0.9032 -0.3241 -0.2816
vn 0.5290 -0.8368 -0.1409
vn 0.7683 -0.3339 -0.5462
vn 0.4500 -0.8426 -0.2959
vn 0.5582 -0.3417 -0.7561
vn 0.3270 -0.8471 -0.4189
vn 0.2935 -0.3467 -0.8909
vn 0.1719 -0.8501 -0.4978
vn -0.0000 -0.3484 -0.9373
vn -0.0000 -0.8511 -0.5250
vn -0.2935 -0.3467 -0.8909
vn -0.1719 -0.8501 -0.4978
vn -0.5582 -0.3417 -0.7561
vn -0.3270 -0.8471 -0.4189
vn -0.7683 -0.3339 -0.5462
vn -0.4500 -0.8426 -0.2959
vn -0.9032 -0.3241 -0.2816
vn -0.5290 -0.8368 -0.1409
vn -0.1381 0.9429 0.3031
vn -0.1452 0.9547 0.2598
vn -0.4969 0.7804 0.3796
vn -0.5224 0.8228 0.2239
vn -0.9479 -0.1601 0.2756
vn -0.7965 0.4594 0.3932
vn -0.8375 0.5273 0.1435
vn -0.9966 -0.0793 -0.0216
vn -0.4969 0.7803 0.3796
vn -0.5225 0.8227 0.2239
vn -0.1175 0.9323 0.3421
vn -0.4227 0.7421 0.5202
vn -0.4969 0.7803 0.3797
vn -0.6775 0.3981 0.6185
vn -0.9478 -0.1601 0.2756
vn -0.8063 -0.2330 0.5437
vn -0.0854 0.9238 0.3732
vn -0.3071 0.7118 0.6317
vn -0.4922 0.3494 0.7972
vn -0.3071 0.7117 0.6318
vn -0.5858 -0.2908 0.7565
vn -0.0449 0.9184 0.3931
vn -0.1614 0.6923 0.7033
vn -0.2588 0.3182 0.9120
vn -0.1615 0.6922 0.7034
vn -0.3080 -0.3279 0.8931
vn -0.0000 0.9166 0.3999
vn -0.0000 0.6856 0.7280
vn -0.0000 0.3074 0.9516
vn -0.0000 0.6855 0.7280
vn -0.0000 -0.3407 0.9402
vn 0.0449 0.9184 0.3931
vn 0.1614 0.6923 0.7033
vn 0.2588 0.3182 0.9120
vn 0.1615 0.6923 0.7034
vn 0.3080 -0.3279 0.8931
vn 0.0854 0.9238 0.3732
vn 0.3071 0.7118 0.6317
vn 0.4922 0.3494 0.7972
vn 0.3071 0.7117 0.6317
vn 0.5858 -0.2908 0.7565
vn 0.1175 0.9323 0.3421
vn 0.4227 0.7421 0.5202
vn 0.6775 0.3981 0.6185
vn 0.8063 -0.2330 0.5437
vn 0.1381 0.9429 0.3031
vn 0.4969 0.7804 0.3796
vn 0.7965 0.4594 0.3932
vn 0.4969 0.7803 0.3797
vn 0.9479 -0.1601 0.2756
vn 0.1452 0.9547 0.2598
vn 0.5225 0.8228 0.2239
vn 0.8375 0.5273 0.1435
vn 0.5225 0.8227 0.2239
vn 0.9966 -0.0793 -0.0216
vn 0.1381 0.9665 0.2165
vn 0.4969 0.8651 0.0681
vn 0.7965 0.5953 -0.1062
vn 0.9478 0.0015 -0.3188
vn 0.1175 0.9771 0.1774
vn 0.4226 0.9034 -0.0724
vn 0.6775 0.6566 -0.3315
vn 0.4227 0.9034 -0.0725
vn 0.8062 0.0743 -0.5869
vn 0.0854 0.9855 0.1464
vn 0.3071 0.9337 -0.1839
vn 0.4922 0.7052 -0.5103
vn 0.3071 0.9337 -0.1840
vn 0.5858 0.1322 -0.7996
vn 0.0449 0.9910 0.1265
vn 0.1614 0.9532 -0.2555
vn 0.2588 0.7364 -0.6250
vn 0.1615 0.9532 -0.2556
vn 0.3080 0.1692 -0.9362
vn -0.0000 0.9928 0.1196
vn -0.0000 0.9599 -0.2802
vn -0.0000 0.7472 -0.6646
vn -0.0000 0.9599 -0.2803
vn -0.0000 0.1820 -0.9833
vn -0.0449 0.9910 0.1265
vn -0.1614 0.9532 -0.2556
vn -0.2588 0.7364 -0.6250
vn -0.1615 0.9532 -0.2556
vn -0.3080 0.1692 -0.9362
vn -0.0854 0.9855 0.1464
vn -0.3071 0.9337 -0.1839
vn -0.4922 0.7052 -0.5103
vn -0.3071 0.9337 -0.1840
vn -0.5858 0.1322 -0.7996
vn -0.1175 0.9771 0.1774
vn -0.4226 0.9034 -0.0724
vn -0.6775 0.6566 -0.3315
vn -0.4227 0.9034 -0.0725
vn -0.8063 0.0743 -0.5869
vn -0.1381 0.9665 0.2165
vn -0.4969 0.8652 0.0681
vn -0.7965 0.5953 -0.1062
vn -0.4969 0.8651 0.0681
vn -0.9478 0.0014 -0.3188
vn -0.9472 -0.1676 0.2734
vn -0.8058 -0.2404 0.5413
vn -0.5854 -0.2982 0.7539
vn -0.3078 -0.3353 0.8904
vn -0.0000 -0.3481 0.9375
vn 0.3078 -0.3353 0.8904
vn 0.5854 -0.2982 0.7539
vn 0.8057 -0.2404 0.5413
vn 0.9472 -0.1676 0.2733
vn 0.9959 -0.0869 -0.0237
vn 0.9472 -0.0062 -0.3206
vn 0.8057 0.0666 -0.5885
vn 0.5854 0.1245 -0.8011
vn 0.3078 0.1615 -0.9377
vn -0.0000 0.1743 -0.9847
vn -0.3077 0.1615 -0.9377
vn -0.5854 0.1244 -0.8012
vn -0.8057 0.0666 -0.5885
vn -0.9472 -0.0062 -0.3206
vn -0.9959 -0.0869 -0.0237
vn -0.5570 -0.8297 -0.0382
vn -0.5856 -0.7821 -0.2128
vn -0.9095 -0.3597 0.2083
vn -0.9563 -0.2821 -0.0768
vn -0.9095 -0.3597 0.2084
vn -0.7737 -0.4297 0.4656
vn -0.4738 -0.8725 0.1193
vn -0.5621 -0.4853 0.6698
vn -0.3442 -0.9065 0.2443
vn -0.2955 -0.5209 0.8008
vn -0.1810 -0.9284 0.3246
vn -0.0000 -0.5332 0.8460
vn -0.0000 -0.9359 0.3523
vn 0.2955 -0.5209 0.8008
vn 0.1810 -0.9284 0.3246
vn 0.5621 -0.4853 0.6698
vn 0.3442 -0.9065 0.2444
vn 0.7737 -0.4297 0.4656
vn 0.4738 -0.8725 0.1193
vn 0.9095 -0.3597 0.2084
vn 0.5570 -0.8297 -0.0382
vn 0.9563 -0.2821 -0.0768
vn 0.5856 -0.7821 -0.2128
vn 0.9095 -0.2045 -0.3619
vn 0.5570 -0.7346 -0.3874
vn 0.7737 -0.1345 -0.6191
vn 0.4738 -0.6918 -0.5450
vn 0.5621 -0.0790 -0.8233
vn 0.3442 -0.6577 -0.6700
vn 0.2955 -0.0433 -0.9544
vn 0.1810 -0.6359 -0.7503
vn -0.0000 -0.0310 -0.9995
vn -0.0000 -0.6284 -0.7779
vn -0.2955 -0.0433 -0.9544
vn -0.1810 -0.6359 -0.7503
vn -0.5621 -0.0790 -0.8233
vn -0.3442 -0.6577 -0.6700
vn -0.7737 -0.1345 -0.6191
vn -0.4738 -0.6918 -0.5450
vn -0.9095 -0.2045 -0.3619
vn -0.5570 -0.7346 -0.3874
vn -0.3548 0.9332 0.0569
vn -0.3623 0.9321 0.0040
vn -0.7085 0.6828 0.1783
vn -0.7343 0.6788 -0.0030
vn -0.9275 -0.2297 0.2949
vn -0.9147 0.3081 0.2615
vn -0.9532 0.3022 -0.0093
vn -0.9715 -0.2366 -0.0145
vn -0.7086 0.6827 0.1783
vn -0.7344 0.6787 -0.0030
vn -0.3316 0.9376 0.1048
vn -0.6291 0.6977 0.3427
vn -0.9147 0.3081 0.2616
vn -0.7960 0.3304 0.5071
vn -0.9275 -0.2297 0.2950
vn -0.7919 -0.2042 0.5755
vn -0.2951 0.9447 0.1430
vn -0.5038 0.7221 0.4740
vn -0.6088 0.3669 0.7033
vn -0.5038 0.7221 0.4741
vn -0.5780 -0.1625 0.7997
vn -0.2488 0.9539 0.1679
vn -0.3449 0.7537 0.5595
vn -0.3714 0.4140 0.8310
vn -0.3449 0.7536 0.5595
vn -0.3068 -0.1087 0.9455
vn -0.1973 0.9642 0.1770
vn -0.1679 0.7892 0.5907
vn -0.1071 0.4672 0.8777
vn -0.1679 0.7892 0.5908
vn -0.0048 -0.0481 0.9988
vn -0.1455 0.9747 0.1694
vn 0.0098 0.8253 0.5646
vn 0.1584 0.5210 0.8387
vn 0.0098 0.8253 0.5647
vn 0.2985 0.0135 0.9543
vn -0.0986 0.9844 0.1459
vn 0.1708 0.8583 0.4838
vn 0.3989 0.5704 0.7180
vn 0.5733 0.0699 0.8164
vn -0.0611 0.9922 0.1087
vn 0.2994 0.8852 0.3561
vn 0.5910 0.6105 0.5273
vn 0.2994 0.8852 0.3562
vn 0.7927 0.1157 0.5985
vn -0.0367 0.9974 0.0615
vn 0.3829 0.9031 0.1941
vn 0.7158 0.6374 0.2852
vn 0.3830 0.9031 0.1941
vn 0.9354 0.1464 0.3220
vn -0.0279 0.9996 0.0089
vn 0.4133 0.9105 0.0136
vn 0.7612 0.6483 0.0156
vn 0.4134 0.9105 0.0136
vn 0.9872 0.1589 0.0140
vn -0.0355 0.9984 -0.0439
vn 0.3875 0.9065 -0.1677
vn 0.7227 0.6423 -0.2552
vn 0.3876 0.9065 -0.1677
vn 0.9432 0.1521 -0.2955
vn -0.0586 0.9941 -0.0918
vn 0.3081 0.8915 -0.3320
vn 0.6040 0.6200 -0.5008
vn 0.3081 0.8915 -0.3321
vn 0.8076 0.1266 -0.5760
vn -0.0951 0.9869 -0.1301
vn 0.1828 0.8671 -0.4634
vn 0.4168 0.5835 -0.6970
vn 0.5937 0.0849 -0.8002
vn -0.1414 0.9777 -0.1550
vn 0.0238 0.8356 -0.5489
vn 0.1794 0.5364 -0.8247
vn 0.0239 0.8355 -0.5489
vn 0.3225 0.0311 -0.9461
vn -0.1929 0.9674 -0.1641
vn -0.1531 0.8000 -0.5801
vn -0.0849 0.4833 -0.8713
vn 0.0205 -0.0296 -0.9994
vn -0.2447 0.9569 -0.1565
vn -0.3308 0.7640 -0.5540
vn -0.3504 0.4295 -0.8323
vn -0.3308 0.7639 -0.5541
vn -0.2828 -0.0911 -0.9548
vn -0.2916 0.9472 -0.1330
vn -0.4918 0.7309 -0.4732
vn -0.5909 0.3800 -0.7116
vn -0.5576 -0.1476 -0.8169
vn -0.3291 0.9394 -0.0958
vn -0.6204 0.7041 -0.3455
vn -0.7830 0.3400 -0.5209
vn -0.6204 0.7040 -0.3455
vn -0.7770 -0.1934 -0.5990
vn -0.3534 0.9342 -0.0486
vn -0.7040 0.6861 -0.1835
vn -0.9078 0.3131 -0.2789
vn -0.9197 -0.2240 -0.3225
vn -0.9260 -0.2359 0.2948
vn -0.7904 -0.2105 0.5753
vn -0.5766 -0.1688 0.7994
vn -0.3055 -0.1150 0.9452
vn -0.0035 -0.0543 0.9985
vn 0.2996 0.0072 0.9540
vn 0.5744 0.0636 0.8161
vn 0.7938 0.1094 0.5983
vn 0.9364 0.1401 0.3219
vn 0.9882 0.1526 0.0139
vn 0.9442 0.1458 -0.2954
vn 0.8086 0.1203 -0.5759
vn 0.5948 0.0786 -0.8000
vn 0.3237 0.0248 -0.9458
vn 0.0218 -0.0359 -0.9991
vn -0.2814 -0.0974 -0.9546
vn -0.5562 -0.1538 -0.8167
vn -0.7756 -0.1996 -0.5989
vn -0.9181 -0.2302 -0.3225
vn -0.9700 -0.2428 -0.0145
vn -0.2328 -0.9646 0.1237
vn -0.2521 -0.9676 -0.0121
vn -0.7712 -0.5781 0.2664
vn -0.8114 -0.5843 -0.0157
vn -0.7712 -0.5781 0.2665
vn -0.6476 -0.5548 0.5223
vn -0.1733 -0.9534 0.2469
vn -0.4526 -0.5168 0.7267
vn -0.0794 -0.9351 0.3454
vn -0.2053 -0.4677 0.8597
vn 0.0397 -0.9115 0.4094
vn 0.0701 -0.4124 0.9083
vn 0.1724 -0.8848 0.4328
vn 0.3466 -0.3563 0.8677
vn 0.3055 -0.8578 0.4133
vn 0.5972 -0.3048 0.7419
vn 0.4262 -0.8330 0.3527
vn 0.7973 -0.2631 0.5433
vn 0.5226 -0.8129 0.2570
vn 0.9273 -0.2351 0.2911
vn 0.5852 -0.7995 0.1356
vn 0.9746 -0.2237 0.0103
vn 0.6080 -0.7939 0.0004
vn 0.9345 -0.2299 -0.2719
vn 0.5887 -0.7969 -0.1355
vn 0.8108 -0.2532 -0.5277
vn 0.5291 -0.8082 -0.2587
vn 0.6158 -0.2912 -0.7321
vn 0.4352 -0.8265 -0.3572
vn 0.3685 -0.3403 -0.8651
vn 0.3161 -0.8501 -0.4212
vn 0.0931 -0.3956 -0.9137
vn 0.1835 -0.8767 -0.4446
vn -0.1834 -0.4517 -0.8731
vn 0.0503 -0.9038 -0.4251
vn -0.4340 -0.5032 -0.7473
vn -0.0704 -0.9285 -0.3645
vn -0.6341 -0.5449 -0.5487
vn -0.1667 -0.9486 -0.2688
vn -0.7641 -0.5729 -0.2965
vn -0.2294 -0.9621 -0.1474
vn -0.3010 0.9536 -0.0043
vn -0.3092 0.9486 -0.0674
vn -0.7073 0.6927 0.1408
vn -0.7337 0.6766 -0.0620
vn -0.9493 -0.1184 0.2912
vn -0.9113 0.3377 0.2355
vn -0.9479 0.3154 -0.0453
vn -0.9896 -0.1430 -0.0179
vn -0.7074 0.6926 0.1408
vn -0.7338 0.6765 -0.0619
vn -0.2738 0.9603 0.0529
vn -0.6197 0.7143 0.3250
vn -0.7074 0.6927 0.1408
vn -0.9113 0.3377 0.2356
vn -0.7900 0.3677 0.4906
vn -0.6198 0.7143 0.3251
vn -0.8158 -0.0855 0.5720
vn -0.2302 0.9681 0.0988
vn -0.4795 0.7394 0.4726
vn -0.5958 0.4023 0.6951
vn -0.4796 0.7393 0.4727
vn -0.6020 -0.0473 0.7971
vn -0.1745 0.9762 0.1289
vn -0.3004 0.7653 0.5692
vn -0.3478 0.4383 0.8288
vn -0.3004 0.7653 0.5693
vn -0.3290 -0.0077 0.9443
vn -0.1122 0.9838 0.1401
vn -0.1000 0.7897 0.6053
vn -0.0702 0.4720 0.8788
vn -0.1000 0.7896 0.6054
vn -0.0234 0.0294 0.9993
vn -0.0493 0.9901 0.1314
vn 0.1022 0.8101 0.5773
vn 0.2098 0.5003 0.8401
vn 0.1022 0.8100 0.5774
vn 0.2848 0.0605 0.9567
vn 0.0079 0.9946 0.1036
vn 0.2863 0.8245 0.4881
vn 0.4648 0.5202 0.7165
vn 0.5655 0.0825 0.8206
vn 0.0539 0.9968 0.0595
vn 0.4343 0.8315 0.3463
vn 0.6698 0.5300 0.5201
vn 0.4344 0.8315 0.3463
vn 0.7912 0.0932 0.6044
vn 0.0842 0.9964 0.0034
vn 0.5318 0.8305 0.1658
vn 0.8048 0.5285 0.2701
vn 0.5319 0.8304 0.1658
vn 0.9398 0.0916 0.3293
vn 0.0958 0.9936 -0.0592
vn 0.5692 0.8215 -0.0357
vn 0.8565 0.5160 -0.0089
vn 0.5692 0.8214 -0.0357
vn 0.9967 0.0779 0.0221
vn 0.0876 0.9886 -0.1222
vn 0.5427 0.8053 -0.2385
vn 0.8200 0.4937 -0.2897
vn 0.5428 0.8053 -0.2385
vn 0.9565 0.0532 -0.2870
vn 0.0604 0.9819 -0.1795
vn 0.4551 0.7837 -0.4227
vn 0.6986 0.4637 -0.5448
vn 0.4552 0.7837 -0.4227
vn 0.8229 0.0203 -0.5678
vn 0.0168 0.9741 -0.2254
vn 0.3149 0.7587 -0.5703
vn 0.5045 0.4291 -0.7493
vn 0.3150 0.7586 -0.5703
vn 0.6092 -0.0179 -0.7928
vn -0.0389 0.9660 -0.2554
vn 0.1359 0.7327 -0.6668
vn 0.2565 0.3931 -0.8830
vn 0.1359 0.7327 -0.6669
vn 0.3362 -0.0575 -0.9401
vn -0.1012 0.9585 -0.2666
vn -0.0646 0.7084 -0.7029
vn -0.0211 0.3594 -0.9330
vn -0.0646 0.7083 -0.7030
vn 0.0306 -0.0946 -0.9950
vn -0.1640 0.9521 -0.2579
vn -0.2668 0.6880 -0.6749
vn -0.3011 0.3311 -0.8942
vn -0.2668 0.6879 -0.6750
vn -0.2776 -0.1257 -0.9524
vn -0.2213 0.9477 -0.2302
vn -0.4509 0.6735 -0.5857
vn -0.5561 0.3112 -0.7706
vn -0.5583 -0.1477 -0.8164
vn -0.2673 0.9455 -0.1861
vn -0.5989 0.6665 -0.4439
vn -0.7612 0.3015 -0.5743
vn -0.5990 0.6665 -0.4439
vn -0.7840 -0.1584 -0.6002
vn -0.2976 0.9458 -0.1300
vn -0.6964 0.6676 -0.2634
vn -0.8961 0.3029 -0.3243
vn -0.6964 0.6675 -0.2634
vn -0.9326 -0.1568 -0.3251
vn -0.9485 -0.1237 0.2915
vn -0.8150 -0.0907 0.5723
vn -0.6013 -0.0526 0.7973
vn -0.3284 -0.0130 0.9445
vn -0.0228 0.0241 0.9994
vn 0.2853 0.0552 0.9568
vn 0.5660 0.0772 0.8208
vn 0.7916 0.0879 0.6047
vn 0.9402 0.0863 0.3296
vn 0.9971 0.0725 0.0225
vn 0.9569 0.0480 -0.2866
vn 0.8233 0.0150 -0.5673
vn 0.6096 -0.0231 -0.7923
vn 0.3367 -0.0627 -0.9395
vn 0.0312 -0.0999 -0.9945
vn -0.2770 -0.1310 -0.9519
vn -0.5576 -0.1529 -0.8159
vn -0.7833 -0.1636 -0.5997
vn -0.9318 -0.1620 -0.3247
vn -0.9888 -0.1483 -0.0176
vn -0.3895 -0.8985 0.2024
vn -0.4100 -0.9110 0.0455
vn -0.8543 -0.4291 0.2935
vn -0.8920 -0.4521 0.0040
vn -0.8542 -0.4291 0.2935
vn -0.7292 -0.3982 0.5566
vn -0.3218 -0.8818 0.3449
vn -0.5290 -0.3625 0.7674
vn -0.2133 -0.8624 0.4590
vn -0.2732 -0.3254 0.9053
vn -0.0748 -0.8423 0.5337
vn 0.0130 -0.2906 0.9568
vn 0.0802 -0.8235 0.5616
vn 0.3017 -0.2615 0.9168
vn 0.2366 -0.8077 0.5400
vn 0.5646 -0.2409 0.7894
vn 0.3790 -0.7966 0.4710
vn 0.7760 -0.2309 0.5869
vn 0.4935 -0.7911 0.3613
vn 0.9152 -0.2324 0.3292
vn 0.5689 -0.7919 0.2217
vn 0.9686 -0.2452 0.0415
vn 0.5978 -0.7989 0.0659
vn 0.9309 -0.2683 -0.2481
vn 0.5774 -0.8114 -0.0910
vn 0.8058 -0.2991 -0.5111
vn 0.5096 -0.8281 -0.2334
vn 0.6056 -0.3349 -0.7219
vn 0.4012 -0.8475 -0.3476
vn 0.3498 -0.3720 -0.8598
vn 0.2627 -0.8676 -0.4223
vn 0.0636 -0.4068 -0.9113
vn 0.1076 -0.8864 -0.4502
vn -0.2251 -0.4359 -0.8714
vn -0.0488 -0.9022 -0.4286
vn -0.4880 -0.4565 -0.7440
vn -0.1912 -0.9133 -0.3596
vn -0.6994 -0.4665 -0.5415
vn -0.3057 -0.9188 -0.2499
vn -0.8386 -0.4650 -0.2838
vn -0.3811 -0.9179 -0.1103
vn 0.4562 0.8862 0.0813
vn 0.4558 0.8892 0.0397
vn 0.0989 0.9841 0.1473
vn 0.0977 0.9952 -0.0057
vn -0.8385 0.5069 0.2000
vn -0.3312 0.9227 0.1972
vn -0.3332 0.9411 -0.0572
vn -0.8410 0.5294 -0.1116
vn 0.0988 0.9842 0.1473
vn 0.0976 0.9952 -0.0058
vn 0.4671 0.8760 0.1204
vn 0.1390 0.9467 0.2906
vn 0.0988 0.9841 0.1473
vn -0.3312 0.9227 0.1973
vn -0.2644 0.8605 0.4355
vn 0.1389 0.9467 0.2906
vn -0.8385 0.5069 0.2001
vn -0.7568 0.4306 0.4918
vn 0.4876 0.8596 0.1529
vn 0.2141 0.8866 0.4100
vn -0.1395 0.7605 0.6342
vn 0.2141 0.8866 0.4101
vn -0.6038 0.3081 0.7352
vn 0.5156 0.8386 0.1758
vn 0.3169 0.8096 0.4941
vn 0.0313 0.6325 0.7739
vn 0.3168 0.8096 0.4942
vn -0.3946 0.1514 0.9063
vn 0.5483 0.8151 0.1868
vn 0.4372 0.7234 0.5344
vn 0.2314 0.4891 0.8410
vn 0.4372 0.7233 0.5345
vn -0.1495 -0.0242 0.9885
vn 0.5827 0.7914 0.1848
vn 0.5633 0.6363 0.5271
vn 0.4410 0.3443 0.8288
vn 0.5633 0.6362 0.5272
vn 0.1073 -0.2016 0.9736
vn 0.6153 0.7698 0.1700
vn 0.6829 0.5568 0.4729
vn 0.6398 0.2123 0.7386
vn 0.3508 -0.3633 0.8631
vn 0.6429 0.7523 0.1439
vn 0.7842 0.4929 0.3770
vn 0.8082 0.1060 0.5792
vn 0.7842 0.4928 0.3771
vn 0.5571 -0.4936 0.6679
vn 0.6628 0.7408 0.1090
vn 0.8573 0.4506 0.2489
vn 0.9298 0.0357 0.3663
vn 0.7060 -0.5796 0.4070
vn 0.6731 0.7364 0.0688
vn 0.8951 0.4343 0.1011
vn 0.9927 0.0085 0.1205
vn 0.8951 0.4342 0.1011
vn 0.7830 -0.6130 0.1060
vn 0.6727 0.7394 0.0271
vn 0.8938 0.4454 -0.0519
vn 0.9906 0.0269 -0.1339
vn 0.8939 0.4453 -0.0519
vn 0.7805 -0.5904 -0.2056
vn 0.6618 0.7496 -0.0119
vn 0.8537 0.4827 -0.1952
vn 0.9239 0.0891 -0.3721
vn 0.6987 -0.5142 -0.4974
vn 0.6413 0.7660 -0.0445
vn 0.7786 0.5429 -0.3147
vn 0.7990 0.1891 -0.5708
vn 0.7786 0.5428 -0.3148
vn 0.5457 -0.3917 -0.7408
vn 0.6133 0.7869 -0.0674
vn 0.6758 0.6199 -0.3988
vn 0.6282 0.3171 -0.7105
vn 0.6758 0.6198 -0.3988
vn 0.3365 -0.2350 -0.9119
vn 0.5806 0.8104 -0.0784
vn 0.5555 0.7061 -0.4391
vn 0.4281 0.4605 -0.7776
vn 0.5555 0.7061 -0.4392
vn 0.0915 -0.0594 -0.9940
vn 0.5462 0.8342 -0.0764
vn 0.4294 0.7932 -0.4318
vn 0.2184 0.6053 -0.7655
vn -0.1653 0.1180 -0.9792
vn 0.5136 0.8558 -0.0616
vn 0.3099 0.8726 -0.3775
vn 0.0197 0.7373 -0.6753
vn 0.3098 0.8726 -0.3776
vn -0.4088 0.2797 -0.8687
vn 0.4861 0.8732 -0.0355
vn 0.2086 0.9366 -0.2816
vn -0.1488 0.8436 -0.5159
vn 0.2085 0.9366 -0.2817
vn -0.6151 0.4100 -0.6735
vn 0.4661 0.8847 -0.0006
vn 0.1355 0.9788 -0.1536
vn -0.2703 0.9139 -0.3029
vn 0.1354 0.9788 -0.1536
vn -0.7640 0.4960 -0.4126
vn -0.8428 0.4999 0.1995
vn -0.7611 0.4237 0.4911
vn -0.6082 0.3013 0.7344
vn -0.3990 0.1447 0.9055
vn -0.1541 -0.0309 0.9876
vn 0.1026 -0.2082 0.9727
vn 0.3460 -0.3698 0.8623
vn 0.5522 -0.5000 0.6672
vn 0.7010 -0.5860 0.4064
vn 0.7780 -0.6194 0.1055
vn 0.7755 -0.5969 -0.2059
vn 0.6938 -0.5207 -0.4976
vn 0.5409 -0.3982 -0.7409
vn 0.3317 -0.2416 -0.9119
vn 0.0868 -0.0660 -0.9940
vn -0.1699 0.1113 -0.9792
vn -0.4133 0.2729 -0.8688
vn -0.6195 0.4031 -0.6736
vn -0.7683 0.4891 -0.4129
vn -0.8453 0.5224 -0.1120
vn -0.8201 -0.5718 0.0209
vn -0.8210 -0.5638 -0.0898
vn -0.9870 0.0622 0.1479
vn -0.9892 0.0817 -0.1217
vn -0.9870 0.0622 0.1480
vn -0.9163 -0.0038 0.4005
vn -0.7911 -0.5989 0.1246
vn -0.7839 -0.1097 0.6111
vn -0.7367 -0.6424 0.2110
vn -0.6028 -0.2454 0.7592
vn -0.6624 -0.6981 0.2718
vn -0.3908 -0.3974 0.8303
vn -0.5753 -0.7605 0.3010
vn -0.1686 -0.5509 0.8174
vn -0.4841 -0.8235 0.2957
vn 0.0421 -0.6908 0.7218
vn -0.3976 -0.8810 0.2565
vn 0.2207 -0.8035 0.5529
vn -0.3243 -0.9273 0.1871
vn 0.3495 -0.8780 0.3271
vn -0.2714 -0.9578 0.0945
vn 0.4162 -0.9068 0.0667
vn -0.2440 -0.9697 -0.0125
vn 0.4140 -0.8873 -0.2030
vn -0.2449 -0.9617 -0.1232
vn 0.3433 -0.8214 -0.4555
vn -0.2739 -0.9346 -0.2269
vn 0.2109 -0.7154 -0.6661
vn -0.3283 -0.8911 -0.3133
vn 0.0298 -0.5798 -0.8142
vn -0.4026 -0.8354 -0.3741
vn -0.1822 -0.4278 -0.8853
vn -0.4897 -0.7730 -0.4033
vn -0.4045 -0.2743 -0.8724
vn -0.5809 -0.7100 -0.3980
vn -0.6152 -0.1343 -0.7769
vn -0.6674 -0.6525 -0.3588
vn -0.7937 -0.0216 -0.6079
vn -0.7407 -0.6063 -0.2894
vn -0.9226 0.0528 -0.3822
vn -0.7936 -0.5757 -0.1967
vn 0.0262 0.9631 -0.2679
vn -0.0105 0.9427 -0.3334
vn -0.4085 0.9091 0.0815
vn -0.5162 0.8493 -0.1109
vn -0.7786 0.3723 0.5052
vn -0.6413 0.6997 0.3150
vn -0.7793 0.6230 0.0683
vn -0.9258 0.2904 0.2420
vn -0.4086 0.9091 0.0816
vn -0.5162 0.8492 -0.1109
vn 0.0815 0.9734 -0.2143
vn -0.2459 0.9393 0.2392
vn -0.6412 0.6997 0.3151
vn -0.4328 0.7384 0.5171
vn -0.2459 0.9393 0.2393
vn -0.7785 0.3723 0.5053
vn -0.5561 0.4136 0.7208
vn 0.1501 0.9726 -0.1778
vn -0.0442 0.9370 0.3466
vn -0.1742 0.7354 0.6548
vn -0.0442 0.9369 0.3467
vn -0.2803 0.4105 0.8677
vn 0.2252 0.9608 -0.1619
vn 0.1768 0.9023 0.3933
vn 0.1091 0.6909 0.7146
vn 0.1768 0.9022 0.3933
vn 0.0220 0.3630 0.9315
vn 0.2996 0.9391 -0.1682
vn 0.3955 0.8386 0.3746
vn 0.3895 0.6093 0.6907
vn 0.3210 0.2760 0.9060
vn 0.3659 0.9097 -0.1962
vn 0.5905 0.7522 0.2924
vn 0.6394 0.4986 0.5853
vn 0.5877 0.1578 0.7936
vn 0.4176 0.8755 -0.2430
vn 0.7426 0.6516 0.1547
vn 0.8344 0.3696 0.4089
vn 0.7427 0.6515 0.1548
vn 0.7957 0.0202 0.6053
vn 0.4498 0.8398 -0.3041
vn 0.8371 0.5465 -0.0249
vn 0.9555 0.2349 0.1786
vn 0.9249 -0.1235 0.3597
vn 0.4591 0.8060 -0.3735
vn 0.8646 0.4473 -0.2290
vn 0.9907 0.1078 -0.0830
vn 0.8646 0.4473 -0.2289
vn 0.9624 -0.2592 0.0806
vn 0.4448 0.7776 -0.4444
vn 0.8224 0.3637 -0.4374
vn 0.9367 0.0006 -0.3502
vn 0.8224 0.3636 -0.4374
vn 0.9048 -0.3736 -0.2044
vn 0.4082 0.7573 -0.5099
vn 0.7147 0.3039 -0.6299
vn 0.7987 -0.0761 -0.5969
vn 0.7148 0.3038 -0.6299
vn 0.7575 -0.4555 -0.4676
vn 0.3528 0.7470 -0.5635
vn 0.5521 0.2736 -0.7876
vn 0.5902 -0.1149 -0.7991
vn 0.5351 -0.4968 -0.6832
vn 0.2843 0.7478 -0.6000
vn 0.3504 0.2760 -0.8950
vn 0.3316 -0.1119 -0.9368
vn 0.3504 0.2759 -0.8950
vn 0.2593 -0.4937 -0.8301
vn 0.2091 0.7596 -0.6159
vn 0.1294 0.3107 -0.9417
vn 0.0483 -0.0674 -0.9966
vn 0.1294 0.3106 -0.9417
vn -0.0430 -0.4462 -0.8939
vn 0.1347 0.7812 -0.6095
vn -0.0893 0.3744 -0.9230
vn -0.2320 0.0142 -0.9726
vn -0.0893 0.3743 -0.9230
vn -0.3420 -0.3592 -0.8683
vn 0.0684 0.8106 -0.5816
vn -0.2843 0.4607 -0.8408
vn -0.4819 0.1250 -0.8672
vn -0.6086 -0.2410 -0.7559
vn 0.0167 0.8448 -0.5348
vn -0.4364 0.5614 -0.7031
vn -0.6770 0.2540 -0.6908
vn -0.4365 0.5613 -0.7031
vn -0.8167 -0.1034 -0.5677
vn -0.0155 0.8806 -0.4737
vn -0.5309 0.6665 -0.5235
vn -0.7981 0.3886 -0.4605
vn -0.5309 0.6664 -0.5235
vn -0.9459 0.0403 -0.3221
vn -0.0248 0.9143 -0.4043
vn -0.5584 0.7656 -0.3194
vn -0.8333 0.5158 -0.1990
vn -0.9834 0.1760 -0.0431
vn -0.7794 0.3682 0.5070
vn -0.5570 0.4095 0.7225
vn -0.2812 0.4064 0.8694
vn 0.0209 0.3589 0.9331
vn 0.3200 0.2719 0.9076
vn 0.5865 0.1538 0.7952
vn 0.7945 0.0162 0.6070
vn 0.9236 -0.1275 0.3614
vn 0.9612 -0.2632 0.0825
vn 0.9036 -0.3776 -0.2025
vn 0.7564 -0.4594 -0.4657
vn 0.5340 -0.5008 -0.6812
vn 0.2582 -0.4976 -0.8281
vn -0.0440 -0.4502 -0.8919
vn -0.3430 -0.3631 -0.8663
vn -0.6095 -0.2450 -0.7539
vn -0.8176 -0.1074 -0.5658
vn -0.9467 0.0363 -0.3202
vn -0.9842 0.1719 -0.0412
vn -0.9266 0.2863 0.2438
vn -0.7794 0.3682 0.5069
vn -0.7428 -0.2239 0.6310
vn -0.8586 -0.2883 0.4239
vn -0.7960 0.2560 0.5485
vn -0.9412 0.1753 0.2890
vn -0.7959 0.2560 0.5486
vn -0.5766 0.2967 0.7613
vn -0.5679 -0.1914 0.8006
vn -0.3045 0.2936 0.9061
vn -0.3509 -0.1939 0.9161
vn -0.0064 0.2468 0.9691
vn -0.1132 -0.2312 0.9663
vn 0.2885 0.1609 0.9439
vn 0.1220 -0.2997 0.9462
vn 0.5515 0.0444 0.8330
vn 0.3317 -0.3926 0.8578
vn 0.7567 -0.0914 0.6473
vn 0.4954 -0.5009 0.7097
vn 0.8841 -0.2331 0.4050
vn 0.5970 -0.6139 0.5165
vn 0.9212 -0.3668 0.1298
vn 0.6265 -0.7206 0.2971
vn 0.8643 -0.4796 -0.1513
vn 0.5812 -0.8105 0.0728
vn 0.7191 -0.5603 -0.4110
vn 0.4654 -0.8749 -0.1342
vn 0.4997 -0.6011 -0.6236
vn 0.2905 -0.9074 -0.3038
vn 0.2277 -0.5979 -0.7685
vn 0.0735 -0.9048 -0.4193
vn -0.0704 -0.5511 -0.8314
vn -0.1642 -0.8675 -0.4695
vn -0.3654 -0.4653 -0.8062
vn -0.3994 -0.7990 -0.4494
vn -0.6283 -0.3488 -0.6954
vn -0.6091 -0.7061 -0.3610
vn -0.8336 -0.2130 -0.5097
vn -0.7728 -0.5979 -0.2130
vn -0.9609 -0.0713 -0.2674
vn -0.8744 -0.4849 -0.0198
vn -0.9980 0.0625 0.0078
vn -0.9039 -0.3782 0.1997
vn -0.5840 0.7608 0.2833
vn -0.5882 0.7744 0.2331
vn -0.8643 0.4176 0.2805
vn -0.8790 0.4647 0.1071
vn -0.8490 -0.5201 0.0932
vn -0.9746 -0.0012 0.2237
vn -0.9968 0.0699 -0.0379
vn -0.8745 -0.4384 -0.2074
vn -0.8790 0.4647 0.1070
vn -0.5656 0.7551 0.3317
vn -0.8006 0.3979 0.4480
vn -0.8643 0.4175 0.2805
vn -0.9746 -0.0012 0.2238
vn -0.8786 -0.0309 0.4766
vn -0.8490 -0.5201 0.0933
vn -0.7386 -0.5542 0.3837
vn -0.5348 0.7578 0.3737
vn -0.6942 0.4076 0.5933
vn -0.7180 -0.0163 0.6958
vn -0.6942 0.4075 0.5933
vn -0.5542 -0.5375 0.6356
vn -0.4947 0.7688 0.4052
vn -0.5555 0.4456 0.7020
vn -0.5087 0.0411 0.8599
vn -0.5555 0.4456 0.7021
vn -0.3137 -0.4716 0.8241
vn -0.4492 0.7870 0.4230
vn -0.3981 0.5083 0.7637
vn -0.2712 0.1357 0.9529
vn -0.3980 0.5083 0.7637
vn -0.0408 -0.3628 0.9310
vn -0.4027 0.8105 0.4254
vn -0.2373 0.5896 0.7721
vn -0.0286 0.2584 0.9656
vn -0.2373 0.5895 0.7721
vn 0.2379 -0.2220 0.9456
vn -0.3598 0.8370 0.4122
vn -0.0890 0.6814 0.7265
vn 0.1953 0.3968 0.8969
vn -0.0889 0.6814 0.7265
vn 0.4951 -0.0628 0.8666
vn -0.3247 0.8640 0.3847
vn 0.0324 0.7748 0.6314
vn 0.3785 0.5378 0.7533
vn 0.0325 0.7748 0.6314
vn 0.7056 0.0992 0.7017
vn -0.3008 0.8889 0.3456
vn 0.1150 0.8606 0.4960
vn 0.5031 0.6674 0.5491
vn 0.1151 0.8606 0.4960
vn 0.8488 0.2480 0.4670
vn -0.2905 0.9091 0.2987
vn 0.1507 0.9306 0.3337
vn 0.5569 0.7729 0.3041
vn 0.1508 0.9305 0.3337
vn 0.9106 0.3692 0.1855
vn -0.2947 0.9227 0.2485
vn 0.1360 0.9777 0.1603
vn 0.5347 0.8440 0.0424
vn 0.1361 0.9777 0.1602
vn 0.8851 0.4509 -0.1151
vn -0.3131 0.9284 0.2001
vn 0.0723 0.9974 -0.0073
vn 0.4387 0.8737 -0.2104
vn 0.0724 0.9973 -0.0073
vn 0.7747 0.4850 -0.4056
vn -0.3439 0.9256 0.1580
vn -0.0341 0.9877 -0.1526
vn 0.2781 0.8591 -0.4296
vn -0.0340 0.9877 -0.1526
vn 0.5903 0.4683 -0.6575
vn -0.3840 0.9146 0.1266
vn -0.1728 0.9497 -0.2613
vn 0.0689 0.8017 -0.5938
vn -0.1727 0.9497 -0.2614
vn 0.3498 0.4024 -0.8460
vn -0.4295 0.8965 0.1088
vn -0.3302 0.8870 -0.3229
vn -0.1688 0.7071 -0.6867
vn -0.3302 0.8869 -0.3230
vn 0.0769 0.2936 -0.9528
vn -0.4760 0.8730 0.1063
vn -0.4910 0.8057 -0.3313
vn -0.4113 0.5845 -0.6995
vn -0.4909 0.8057 -0.3314
vn -0.2018 0.1528 -0.9674
vn -0.5189 0.8464 0.1195
vn -0.6393 0.7139 -0.2858
vn -0.6352 0.4459 -0.6306
vn -0.4590 -0.0064 -0.8884
vn -0.5540 0.8194 0.1470
vn -0.7607 0.6205 -0.1907
vn -0.8184 0.3050 -0.4871
vn -0.7607 0.6204 -0.1907
vn -0.6695 -0.1684 -0.7235
vn -0.5779 0.7946 0.1862
vn -0.8433 0.5346 -0.0553
vn -0.9430 0.1754 -0.2829
vn -0.8126 -0.3172 -0.4889
vn -0.8458 -0.5256 0.0915
vn -0.7355 -0.5597 0.3818
vn -0.5511 -0.5430 0.6336
vn -0.3107 -0.4771 0.8221
vn -0.0378 -0.3684 0.9289
vn 0.2408 -0.2276 0.9435
vn 0.4979 -0.0684 0.8645
vn 0.7083 0.0935 0.6997
vn 0.8515 0.2423 0.4651
vn 0.9133 0.3635 0.1837
vn 0.8878 0.4451 -0.1169
vn 0.7775 0.4792 -0.4073
vn 0.5931 0.4625 -0.6590
vn 0.3527 0.3966 -0.8475
vn 0.0798 0.2879 -0.9543
vn -0.1988 0.1471 -0.9689
vn -0.4559 -0.0120 -0.8900
vn -0.6663 -0.1739 -0.7251
vn -0.8095 -0.3228 -0.4905
vn -0.8713 -0.4439 -0.2091
vn -0.8458 -0.5256 0.0914
vn 0.0288 -0.9797 -0.1985
vn 0.0178 -0.9445 -0.3280
vn -0.6000 -0.7998 -0.0188
vn -0.6232 -0.7256 -0.2918
vn -0.6000 -0.7998 -0.0187
vn -0.4998 -0.8308 0.2450
vn 0.0763 -0.9944 -0.0734
vn -0.3323 -0.8156 0.4737
vn 0.1558 -0.9872 0.0350
vn -0.1139 -0.7557 0.6449
vn 0.2593 -0.9588 0.1162
vn 0.1339 -0.6570 0.7419
vn 0.3769 -0.9120 0.1622
vn 0.3870 -0.5291 0.7552
vn 0.4969 -0.8513 0.1685
vn 0.6205 -0.3845 0.6834
vn 0.6076 -0.7827 0.1345
vn 0.8117 -0.2375 0.5337
vn 0.6983 -0.7130 0.0635
vn 0.9417 -0.1023 0.3206
vn 0.7600 -0.6489 -0.0376
vn 0.9979 0.0078 0.0650
vn 0.7866 -0.5967 -0.1588
vn 0.9747 0.0819 -0.2080
vn 0.7756 -0.5615 -0.2883
vn 0.8745 0.1129 -0.4718
vn 0.7281 -0.5468 -0.4134
vn 0.7070 0.0977 -0.7005
vn 0.6487 -0.5540 -0.5218
vn 0.4886 0.0379 -0.8717
vn 0.5451 -0.5824 -0.6030
vn 0.2408 -0.0609 -0.9687
vn 0.4276 -0.6292 -0.6491
vn -0.0123 -0.1888 -0.9819
vn 0.3075 -0.6899 -0.6553
vn -0.2458 -0.3333 -0.9102
vn 0.1968 -0.7584 -0.6213
vn -0.4370 -0.4804 -0.7605
vn 0.1061 -0.8282 -0.5503
vn -0.5670 -0.6156 -0.5474
vn 0.0445 -0.8923 -0.4492
vn 0.1886 0.9658 -0.1780
vn 0.1841 0.9587 -0.2170
vn -0.1618 0.9831 -0.0860
vn -0.1783 0.9566 -0.2306
vn -0.9310 0.2976 0.2114
vn -0.5509 0.8337 0.0385
vn -0.5789 0.7887 -0.2069
vn -0.9658 0.2417 -0.0939
vn -0.1619 0.9831 -0.0859
vn -0.1784 0.9566 -0.2306
vn 0.2044 0.9686 -0.1416
vn -0.1029 0.9935 0.0493
vn -0.4510 0.8513 0.2680
vn -0.1030 0.9935 0.0494
vn -0.9310 0.2976 0.2115
vn -0.8066 0.3196 0.4972
vn 0.2302 0.9668 -0.1112
vn -0.0075 0.9867 0.1621
vn -0.2890 0.8399 0.4594
vn -0.0075 0.9867 0.1622
vn -0.6049 0.3054 0.7354
vn 0.2633 0.9605 -0.0898
vn 0.1154 0.9636 0.2413
vn -0.0807 0.8006 0.5937
vn 0.1153 0.9636 0.2414
vn -0.3456 0.2564 0.9027
vn 0.3005 0.9505 -0.0796
vn 0.2534 0.9262 0.2792
vn 0.1535 0.7372 0.6580
vn 0.2534 0.9262 0.2793
vn -0.0541 0.1775 0.9826
vn 0.3381 0.9376 -0.0815
vn 0.3931 0.8783 0.2720
vn 0.3907 0.6560 0.6458
vn 0.3932 0.8783 0.2721
vn 0.2411 0.0764 0.9675
vn 0.3726 0.9231 -0.0954
vn 0.5210 0.8246 0.2205
vn 0.6076 0.5648 0.5585
vn 0.5210 0.8245 0.2206
vn 0.5111 -0.0371 0.8587
vn 0.4005 0.9084 -0.1199
vn 0.6244 0.7703 0.1297
vn 0.7830 0.4726 0.4044
vn 0.6244 0.7702 0.1298
vn 0.7295 -0.1518 0.6670
vn 0.4190 0.8951 -0.1526
vn 0.6932 0.7207 0.0085
vn 0.8997 0.3885 0.1988
vn 0.6932 0.7206 0.0085
vn 0.8748 -0.2565 0.4110
vn 0.4264 0.8843 -0.1902
vn 0.7207 0.6807 -0.1312
vn 0.9464 0.3207 -0.0383
vn 0.7208 0.6806 -0.1312
vn 0.9329 -0.3410 0.1159
vn 0.4220 0.8772 -0.2292
vn 0.7042 0.6542 -0.2758
vn 0.9184 0.2757 -0.2836
vn 0.7043 0.6541 -0.2758
vn 0.8981 -0.3969 -0.1895
vn 0.4061 0.8743 -0.2657
vn 0.6453 0.6438 -0.4111
vn 0.8185 0.2581 -0.5132
vn 0.6454 0.6437 -0.4112
vn 0.7737 -0.4189 -0.4753
vn 0.3804 0.8762 -0.2961
vn 0.5498 0.6506 -0.5239
vn 0.6565 0.2695 -0.7045
vn 0.5499 0.6505 -0.5239
vn 0.5720 -0.4047 -0.7135
vn 0.3473 0.8824 -0.3174
vn 0.4271 0.6737 -0.6031
vn 0.4482 0.3088 -0.8389
vn 0.3127 -0.3558 -0.8807
vn 0.3101 0.8925 -0.3276
vn 0.2890 0.7111 -0.6410
vn 0.2140 0.3722 -0.9031
vn 0.2890 0.7110 -0.6410
vn 0.0212 -0.2769 -0.9607
vn 0.2724 0.9054 -0.3257
vn 0.1493 0.7590 -0.6338
vn -0.0231 0.4535 -0.8910
vn 0.1492 0.7589 -0.6339
vn -0.2740 -0.1757 -0.9455
vn 0.2379 0.9199 -0.3118
vn 0.0214 0.8127 -0.5823
vn -0.2400 0.5446 -0.8036
vn -0.5440 -0.0622 -0.8368
vn 0.2101 0.9345 -0.2873
vn -0.0820 0.8670 -0.4915
vn -0.4154 0.6368 -0.6496
vn -0.0821 0.8670 -0.4915
vn -0.7624 0.0525 -0.6450
vn 0.1915 0.9479 -0.2547
vn -0.1508 0.9166 -0.3703
vn -0.5322 0.7209 -0.4439
vn -0.1509 0.9166 -0.3703
vn -0.9077 0.1572 -0.3890
vn -0.9331 0.2895 0.2131
vn -0.8089 0.3114 0.4987
vn -0.6073 0.2973 0.7368
vn -0.3481 0.2483 0.9040
vn -0.0567 0.1695 0.9839
vn 0.2383 0.0684 0.9688
vn 0.5082 -0.0451 0.8601
vn 0.7265 -0.1597 0.6684
vn 0.8717 -0.2644 0.4126
vn 0.9298 -0.3488 0.1176
vn 0.8950 -0.4047 -0.1877
vn 0.7707 -0.4266 -0.4733
vn 0.5691 -0.4125 -0.7113
vn 0.3099 -0.3635 -0.8785
vn 0.0186 -0.2847 -0.9584
vn -0.2765 -0.1836 -0.9433
vn -0.5464 -0.0701 -0.8346
vn -0.7646 0.0445 -0.6429
vn -0.9099 0.1492 -0.3871
vn -0.9680 0.2336 -0.0921
vn -0.9332 0.2895 0.2131
vn -0.6010 -0.7553 0.2613
vn -0.6128 -0.7744 0.1573
vn -0.9420 -0.1874 0.2783
vn -0.9718 -0.2352 0.0173
vn -0.9420 -0.1874 0.2784
vn -0.8357 -0.1686 0.5226
vn -0.5586 -0.7479 0.3587
vn -0.6634 -0.1808 0.7261
vn -0.4899 -0.7527 0.4398
vn -0.4418 -0.2226 0.8691
vn -0.4016 -0.7694 0.4968
vn -0.1926 -0.2900 0.9374
vn -0.3023 -0.7963 0.5240
vn 0.0597 -0.3765 0.9245
vn -0.2017 -0.8307 0.5189
vn 0.2905 -0.4735 0.8315
vn -0.1097 -0.8694 0.4818
vn 0.4771 -0.5715 0.6677
vn -0.0353 -0.9084 0.4165
vn 0.6013 -0.6610 0.4489
vn 0.0142 -0.9441 0.3293
vn 0.6510 -0.7332 0.1967
vn 0.0340 -0.9729 0.2288
vn 0.6212 -0.7810 -0.0644
vn 0.0221 -0.9919 0.1248
vn 0.5149 -0.7998 -0.3086
vn -0.0203 -0.9994 0.0274
vn 0.3425 -0.7876 -0.5121
vn -0.0890 -0.9946 -0.0537
vn 0.1209 -0.7458 -0.6551
vn -0.1773 -0.9779 -0.1107
vn -0.1282 -0.6784 -0.7234
vn -0.2766 -0.9510 -0.1379
vn -0.3805 -0.5919 -0.7105
vn -0.3772 -0.9166 -0.1328
vn -0.6113 -0.4949 -0.6176
vn -0.4691 -0.8779 -0.0957
vn -0.7979 -0.3969 -0.4537
vn -0.5435 -0.8388 -0.0304
vn -0.9221 -0.3074 -0.2349
vn -0.5930 -0.8032 0.0568
vn 0.3509 0.9268 0.1337
vn 0.3076 0.9403 0.1457
vn 0.4575 0.7444 0.4863
vn 0.3030 0.7925 0.5293
vn 0.3626 -0.1921 0.9119
vn 0.4857 0.4113 0.7714
vn 0.2416 0.4872 0.8392
vn 0.0748 -0.1027 0.9919
vn 0.4575 0.7444 0.4864
vn 0.3886 0.9150 0.1082
vn 0.5918 0.7025 0.3954
vn 0.4576 0.7444 0.4864
vn 0.4858 0.4112 0.7713
vn 0.6978 0.3449 0.6278
vn 0.5918 0.7024 0.3955
vn 0.3627 -0.1922 0.9119
vn 0.6128 -0.2703 0.7426
vn 0.4169 0.9061 0.0718
vn 0.6925 0.6707 0.2656
vn 0.8571 0.2948 0.4225
vn 0.6926 0.6707 0.2656
vn 0.8005 -0.3293 0.5007
vn 0.4330 0.9010 0.0280
vn 0.7500 0.6523 0.1094
vn 0.9479 0.2657 0.1758
vn 0.7501 0.6522 0.1094
vn 0.9076 -0.3636 0.2098
vn 0.4353 0.9001 -0.0189
vn 0.7586 0.6490 -0.0578
vn 0.9614 0.2605 -0.0884
vn 0.9236 -0.3697 -0.1016
vn 0.4238 0.9035 -0.0643
vn 0.7174 0.6612 -0.2196
vn 0.8963 0.2797 -0.3441
vn 0.7174 0.6611 -0.2196
vn 0.8468 -0.3471 -0.4031
vn 0.3995 0.9109 -0.1038
vn 0.6304 0.6876 -0.3602
vn 0.7589 0.3214 -0.5663
vn 0.6305 0.6875 -0.3603
vn 0.6848 -0.2979 -0.6650
vn 0.3646 0.9216 -0.1334
vn 0.5063 0.7257 -0.4659
vn 0.5628 0.3817 -0.7332
vn 0.5063 0.7256 -0.4660
vn 0.4535 -0.2270 -0.8619
vn 0.3228 0.9345 -0.1503
vn 0.3570 0.7717 -0.5262
vn 0.3270 0.4544 -0.8286
vn 0.3570 0.7717 -0.5263
vn 0.1755 -0.1413 -0.9743
vn 0.2780 0.9483 -0.1529
vn 0.1973 0.8212 -0.5354
vn 0.0746 0.5325 -0.8431
vn 0.1973 0.8212 -0.5355
vn -0.1220 -0.0492 -0.9913
vn 0.2346 0.9618 -0.1408
vn 0.0428 0.8693 -0.4924
vn -0.1695 0.6085 -0.7752
vn 0.0428 0.8693 -0.4925
vn -0.4098 0.0403 -0.9113
vn 0.1970 0.9736 -0.1153
vn -0.0914 0.9113 -0.4016
vn -0.3816 0.6748 -0.6316
vn -0.0915 0.9112 -0.4016
vn -0.6599 0.1183 -0.7420
vn 0.1687 0.9825 -0.0789
vn -0.1922 0.9430 -0.2717
vn -0.5409 0.7250 -0.4264
vn -0.1923 0.9430 -0.2717
vn -0.8476 0.1774 -0.5001
vn 0.1526 0.9877 -0.0351
vn -0.2497 0.9614 -0.1155
vn -0.6317 0.7541 -0.1796
vn -0.9547 0.2117 -0.2092
vn 0.1502 0.9886 0.0118
vn -0.2582 0.9647 0.0517
vn -0.6452 0.7593 0.0845
vn -0.2583 0.9647 0.0517
vn -0.9706 0.2178 0.1022
vn 0.1618 0.9852 0.0571
vn -0.2170 0.9525 0.2135
vn -0.5801 0.7401 0.3402
vn -0.2171 0.9525 0.2135
vn -0.8939 0.1952 0.4036
vn 0.1861 0.9778 0.0966
vn -0.1301 0.9261 0.3541
vn -0.4427 0.6983 0.5624
vn -0.1301 0.9261 0.3542
vn -0.7319 0.1460 0.6656
vn 0.2210 0.9671 0.1262
vn -0.0059 0.8880 0.4598
vn -0.2466 0.6381 0.7294
vn -0.0060 0.8880 0.4598
vn -0.5007 0.0751 0.8624
vn 0.2628 0.9542 0.1432
vn 0.1433 0.8420 0.5201
vn -0.0108 0.5654 0.8248
vn 0.1433 0.8419 0.5202
vn -0.2227 -0.0106 0.9748
vn 0.3603 -0.1993 0.9113
vn 0.6101 -0.2773 0.7422
vn 0.7978 -0.3364 0.5004
vn 0.9048 -0.3706 0.2097
vn 0.9207 -0.3767 -0.1015
vn 0.8440 -0.3541 -0.4028
vn 0.6821 -0.3050 -0.6646
vn 0.4510 -0.2341 -0.8613
vn 0.1732 -0.1485 -0.9736
vn -0.1241 -0.0564 -0.9907
vn -0.4118 0.0329 -0.9107
vn -0.6617 0.1110 -0.7415
vn -0.8493 0.1700 -0.4998
vn -0.9563 0.2043 -0.2090
vn -0.9723 0.2104 0.1022
vn -0.8956 0.1878 0.4034
vn -0.7337 0.1386 0.6652
vn -0.5026 0.0678 0.8619
vn -0.2248 -0.0179 0.9742
vn 0.0725 -0.1099 0.9913
vn 0.3602 -0.1993 0.9113
vn -0.0053 -0.8349 0.5503
vn -0.1782 -0.7812 0.5984
vn 0.2876 -0.3826 0.8780
vn 0.0107 -0.2965 0.9550
vn 0.5281 -0.4578 0.7152
vn 0.1448 -0.8819 0.4487
vn 0.7087 -0.5147 0.4824
vn 0.2576 -0.9174 0.3034
vn 0.8118 -0.5477 0.2026
vn 0.3219 -0.9380 0.1287
vn 0.8271 -0.5536 -0.0970
vn 0.3315 -0.9417 -0.0583
vn 0.7533 -0.5318 -0.3870
vn 0.2854 -0.9281 -0.2393
vn 0.5975 -0.4845 -0.6390
vn 0.1881 -0.8985 -0.3966
vn 0.3750 -0.4162 -0.8284
vn 0.0492 -0.8559 -0.5148
vn 0.1075 -0.3337 -0.9365
vn -0.1177 -0.8044 -0.5823
vn -0.1786 -0.2450 -0.9529
vn -0.2963 -0.7490 -0.5926
vn -0.4555 -0.1589 -0.8759
vn -0.4692 -0.6953 -0.5445
vn -0.6960 -0.0837 -0.7131
vn -0.6193 -0.6483 -0.4429
vn -0.8767 -0.0268 -0.4804
vn -0.7320 -0.6128 -0.2976
vn -0.9797 0.0062 -0.2005
vn -0.7963 -0.5922 -0.1229
vn -0.9950 0.0121 0.0991
vn -0.8059 -0.5885 0.0641
vn -0.9212 -0.0097 0.3891
vn -0.7598 -0.6022 0.2451
vn -0.7654 -0.0571 0.6411
vn -0.6626 -0.6317 0.4024
vn -0.5429 -0.1253 0.8304
vn -0.5237 -0.6743 0.5206
vn -0.2755 -0.2078 0.9386
vn -0.3568 -0.7258 0.5881
s 1
usemtl ParlakVersiyon
f 1//1 2//2 3//3
f 2//2 4//4 3//3
f 4//4 5//5 3//3
f 5//5 6//6 3//3
f 6//6 7//7 3//3
f 7//7 8//8 3//3
f 8//8 9//9 3//3
f 9//9 10//10 3//3
f 10//10 11//11 3//3
f 11//11 12//12 3//3
f 12//12 13//13 3//3
f 13//13 14//14 3//3
f 14//14 15//15 3//3
f 15//15 16//16 3//3
f 16//16 17//17 3//3
f 17//17 18//18 3//3
f 18//18 19//19 3//3
f 19//19 20//20 3//3
f 20//20 21//21 3//3
f 21//21 1//1 3//3
f 22//22 23//23 24//24
f 25//25 22//22 24//24
f 26//26 25//25 24//24
f 27//27 26//26 24//24
f 28//28 27//27 24//24
f 29//29 28//28 24//24
f 30//30 29//29 24//24
f 31//31 30//30 24//24
f 32//32 31//31 24//24
f 33//33 32//32 24//24
f 34//34 33//33 24//24
f 35//35 34//34 24//24
f 36//36 35//35 24//24
f 37//37 36//36 24//24
f 38//38 37//37 24//24
f 39//39 38//38 24//24
f 40//40 39//39 24//24
f 41//41 40//40 24//24
f 42//42 41//41 24//24
f 23//23 42//42 24//24
f 43//43 44//44 45//45
f 44//44 46//46 45//45
f 46//46 47//47 45//45
f 47//47 48//48 45//45
f 48//48 49//49 45//45
f 49//49 50//50 45//45
f 50//50 51//51 45//45
f 51//51 52//52 45//45
f 52//52 53//53 45//45
f 53//53 54//54 45//45
f 54//54 55//55 45//45
f 55//55 56//56 45//45
f 56//56 57//57 45//45
f 57//57 58//58 45//45
f 58//58 59//59 45//45
f 59//59 60//60 45//45
f 60//60 61//61 45//45
f 61//61 62//62 45//45
f 62//62 63//63 45//45
f 63//63 43//43 45//45
f 64//64 65//65 66//66
f 67//67 64//64 66//66
f 68//68 67//67 66//66
f 69//69 68//68 66//66
f 70//70 69//69 66//66
f 71//71 70//70 66//66
f 72//72 71//71 66//66
f 73//73 72//72 66//66
f 74//74 73//73 66//66
f 75//75 74//74 66//66
f 76//76 75//75 66//66
f 77//77 76//76 66//66
f 78//78 77//77 66//66
f 79//79 78//78 66//66
f 80//80 79//79 66//66
f 81//81 80//80 66//66
f 82//82 81//81 66//66
f 83//83 82//82 66//66
f 84//84 83//83 66//66
f 65//65 84//84 66//66
f 85//85 86//86 87//87
f 86//86 88//88 87//87
f 88//88 89//89 87//87
f 89//89 90//90 87//87
f 90//90 91//91 87//87
f 91//91 92//92 87//87
f 92//92 93//93 87//87
f 93//93 94//94 87//87
f 94//94 95//95 87//87
f 95//95 96//96 87//87
f 96//96 97//97 87//87
f 97//97 98//98 87//87
f 98//98 99//99 87//87
f 99//99 100//100 87//87
f 100//100 101//101 87//87
f 101//101 102//102 87//87
f 102//102 103//103 87//87
f 103//103 104//104 87//87
f 104//104 105//105 87//87
f 105//105 85//85 87//87
f 106//106 107//107 108//108
f 109//109 106//106 108//108
f 110//110 109//109 108//108
f 111//111 110//110 108//108
f 112//112 111//111 108//108
f 113//113 112//112 108//108
f 114//114 113//113 108//108
f 115//115 114//114 108//108
f 116//116 115//115 108//108
f 117//117 116//116 108//108
f 118//118 117//117 108//108
f 119//119 118//118 108//108
f 120//120 119//119 108//108
f 121//121 120//120 108//108
f 122//122 121//121 108//108
f 123//123 122//122 108//108
f 124//124 123//123 108//108
f 125//125 124//124 108//108
f 126//126 125//125 108//108
f 107//107 126//126 108//108
f 127//127 128//128 129//129
f 128//128 130//130 129//129
f 130//130 131//131 129//129
f 131//131 132//132 129//129
f 132//132 133//133 129//129
f 133//133 134//134 129//129
f 134//134 135//135 129//129
f 135//135 136//136 129//129
f 136//136 137//137 129//129
f 137//137 138//138 129//129
f 138//138 139//139 129//129
f 139//139 140//140 129//129
f 140//140 141//141 129//129
f 141//141 142//142 129//129
f 142//142 143//143 129//129
f 143//143 144//144 129//129
f 144//144 145//145 129//129
f 145//145 146//146 129//129
f 146//146 147//147 129//129
f 147//147 127//127 129//129
f 148//148 149//149 150//150
f 151//151 148//148 150//150
f 152//152 151//151 150//150
f 153//153 152//152 150//150
f 154//154 153//153 150//150
f 155//155 154//154 150//150
f 156//156 155//155 150//150
f 157//157 156//156 150//150
f 158//158 157//157 150//150
f 159//159 158//158 150//150
f 160//160 159//159 150//150
f 161//161 160//160 150//150
f 162//162 161//161 150//150
f 163//163 162//162 150//150
f 164//164 163//163 150//150
f 165//165 164//164 150//150
f 166//166 165//165 150//150
f 167//167 166//166 150//150
f 168//168 167//167 150//150
f 149//149 168//168 150//150
f 169//169 170//170 171//171
f 170//170 172//172 171//171
f 172//172 173//173 171//171
f 173//173 174//174 171//171
f 174//174 175//175 171//171
f 175//175 176//176 171//171
f 176//176 177//177 171//171
f 177//177 178//178 171//171
f 178//178 179//179 171//171
f 179//179 180//180 171//171
f 180//180 181//181 171//171
f 181//181 182//182 171//171
f 182//182 183//183 171//171
f 183//183 184//184 171//171
f 184//184 185//185 171//171
f 185//185 186//186 171//171
f 186//186 187//187 171//171
f 187//187 188//188 171//171
f 188//188 189//189 171//171
f 189//189 169//169 171//171
f 190//190 191//191 192//192
f 193//193 190//190 192//192
f 194//194 193//193 192//192
f 195//195 194//194 192//192
f 196//196 195//195 192//192
f 197//197 196//196 192//192
f 198//198 197//197 192//192
f 199//199 198//198 192//192
f 200//200 199//199 192//192
f 201//201 200//200 192//192
f 202//202 201//201 192//192
f 203//203 202//202 192//192
f 204//204 203//203 192//192
f 205//205 204//204 192//192
f 206//206 205//205 192//192
f 207//207 206//206 192//192
f 208//208 207//207 192//192
f 209//209 208//208 192//192
f 210//210 209//209 192//192
f 191//191 210//210 192//192
f 211//211 212//212 213//213
f 212//212 214//214 213//213
f 214//214 215//215 213//213
f 215//215 216//216 213//213
f 216//216 217//217 213//213
f 217//217 218//218 213//213
f 218//218 219//219 213//213
f 219//219 220//220 213//213
f 220//220 221//221 213//213
f 221//221 222//222 213//213
f 222//222 223//223 213//213
f 223//223 224//224 213//213
f 224//224 225//225 213//213
f 225//225 226//226 213//213
f 226//226 227//227 213//213
f 227//227 228//228 213//213
f 228//228 229//229 213//213
f 229//229 230//230 213//213
f 230//230 231//231 213//213
f 231//231 211//211 213//213
f 232//232 233//233 234//234
f 235//235 232//232 234//234
f 236//236 235//235 234//234
f 237//237 236//236 234//234
f 238//238 237//237 234//234
f 239//239 238//238 234//234
f 240//240 239//239 234//234
f 241//241 240//240 234//234
f 242//242 241//241 234//234
f 243//243 242//242 234//234
f 244//244 243//243 234//234
f 245//245 244//244 234//234
f 246//246 245//245 234//234
f 247//247 246//246 234//234
f 248//248 247//247 234//234
f 249//249 248//248 234//234
f 250//250 249//249 234//234
f 251//251 250//250 234//234
f 252//252 251//251 234//234
f 233//233 252//252 234//234
f 253//253 254//254 255//255
f 254//254 256//256 255//255
f 256//256 257//257 255//255
f 257//257 258//258 255//255
f 258//258 259//259 255//255
f 259//259 260//260 255//255
f 260//260 261//261 255//255
f 261//261 262//262 255//255
f 262//262 263//263 255//255
f 263//263 264//264 255//255
f 264//264 265//265 255//255
f 265//265 266//266 255//255
f 266//266 267//267 255//255
f 267//267 268//268 255//255
f 268//268 269//269 255//255
f 269//269 270//270 255//255
f 270//270 271//271 255//255
f 271//271 272//272 255//255
f 272//272 273//273 255//255
f 273//273 253//253 255//255
f 274//274 275//275 276//276
f 277//277 274//274 276//276
f 278//278 277//277 276//276
f 279//279 278//278 276//276
f 280//280 279//279 276//276
f 281//281 280//280 276//276
f 282//282 281//281 276//276
f 283//283 282//282 276//276
f 284//284 283//283 276//276
f 285//285 284//284 276//276
f 286//286 285//285 276//276
f 287//287 286//286 276//276
f 288//288 287//287 276//276
f 289//289 288//288 276//276
f 290//290 289//289 276//276
f 291//291 290//290 276//276
f 292//292 291//291 276//276
f 293//293 292//292 276//276
f 294//294 293//293 276//276
f 275//275 294//294 276//276
f 295//295 296//296 297//297
f 296//296 298//298 297//297
f 298//298 299//299 297//297
f 299//299 300//300 297//297
f 300//300 301//301 297//297
f 301//301 302//302 297//297
f 302//302 303//303 297//297
f 303//303 304//304 297//297
f 304//304 305//305 297//297
f 305//305 306//306 297//297
f 306//306 307//307 297//297
f 307//307 308//308 297//297
f 308//308 309//309 297//297
f 309//309 310//310 297//297
f 310//310 311//311 297//297
f 311//311 312//312 297//297
f 312//312 313//313 297//297
f 313//313 314//314 297//297
f 314//314 315//315 297//297
f 315//315 295//295 297//297
f 316//316 317//317 318//318
f 319//319 316//316 318//318
f 320//320 319//319 318//318
f 321//321 320//320 318//318
f 322//322 321//321 318//318
f 323//323 322//322 318//318
f 324//324 323//323 318//318
f 325//325 324//324 318//318
f 326//326 325//325 318//318
f 327//327 326//326 318//318
f 328//328 327//327 318//318
f 329//329 328//328 318//318
f 330//330 329//329 318//318
f 331//331 330//330 318//318
f 332//332 331//331 318//318
f 333//333 332//332 318//318
f 334//334 333//333 318//318
f 335//335 334//334 318//318
f 336//336 335//335 318//318
f 317//317 336//336 318//318
f 337//337 338//338 339//339
f 338//338 340//340 339//339
f 340//340 341//341 339//339
f 341//341 342//342 339//339
f 342//342 343//343 339//339
f 343//343 344//344 339//339
f 344//344 345//345 339//339
f 345//345 346//346 339//339
f 346//346 347//347 339//339
f 347//347 348//348 339//339
f 348//348 349//349 339//339
f 349//349 350//350 339//339
f 350//350 351//351 339//339
f 351//351 352//352 339//339
f 352//352 353//353 339//339
f 353//353 354//354 339//339
f 354//354 355//355 339//339
f 355//355 356//356 339//339
f 356//356 357//357 339//339
f 357//357 337//337 339//339
f 358//358 359//359 360//360
f 361//361 358//358 360//360
f 362//362 361//361 360//360
f 363//363 362//362 360//360
f 364//364 363//363 360//360
f 365//365 364//364 360//360
f 366//366 365//365 360//360
f 367//367 366//366 360//360
f 368//368 367//367 360//360
f 369//369 368//368 360//360
f 370//370 369//369 360//360
f 371//371 370//370 360//360
f 372//372 371//371 360//360
f 373//373 372//372 360//360
f 374//374 373//373 360//360
f 375//375 374//374 360//360
f 376//376 375//375 360//360
f 377//377 376//376 360//360
f 378//378 377//377 360//360
f 359//359 378//378 360//360
f 379//379 380//380 381//381
f 380//380 382//382 381//381
f 382//382 383//383 381//381
f 383//383 384//384 381//381
f 384//384 385//385 381//381
f 385//385 386//386 381//381
f 386//386 387//387 381//381
f 387//387 388//388 381//381
f 388//388 389//389 381//381
f 389//389 390//390 381//381
f 390//390 391//391 381//381
f 391//391 392//392 381//381
f 392//392 393//393 381//381
f 393//393 394//394 381//381
f 394//394 395//395 381//381
f 395//395 396//396 381//381
f 396//396 397//397 381//381
f 397//397 398//398 381//381
f 398//398 399//399 381//381
f 399//399 379//379 381//381
f 400//400 401//401 402//402
f 403//403 400//400 402//402
f 404//404 403//403 402//402
f 405//405 404//404 402//402
f 406//406 405//405 402//402
f 407//407 406//406 402//402
f 408//408 407//407 402//402
f 409//409 408//408 402//402
f 410//410 409//409 402//402
f 411//411 410//410 402//402
f 412//412 411//411 402//402
f 413//413 412//412 402//402
f 414//414 413//413 402//402
f 415//415 414//414 402//402
f 416//416 415//415 402//402
f 417//417 416//416 402//402
f 418//418 417//417 402//402
f 419//419 418//418 402//402
f 420//420 419//419 402//402
f 401//401 420//420 402//402
f 421//421 422//422 423//423
f 422//422 424//424 423//423
f 424//424 425//425 423//423
f 425//425 426//426 423//423
f 426//426 427//427 423//423
f 427//427 428//428 423//423
f 428//428 429//429 423//423
f 429//429 430//430 423//423
f 430//430 431//431 423//423
f 431//431 432//432 423//423
f 432//432 433//433 423//423
f 433//433 434//434 423//423
f 434//434 435//435 423//423
f 435//435 436//436 423//423
f 436//436 437//437 423//423
f 437//437 438//438 423//423
f 438//438 439//439 423//423
f 439//439 440//440 423//423
f 440//440 441//441 423//423
f 441//441 421//421 423//423
f 442//442 443//443 444//444
f 445//445 442//442 444//444
f 446//446 445//445 444//444
f 447//447 446//446 444//444
f 448//448 447//447 444//444
f 449//449 448//448 444//444
f 450//450 449//449 444//444
f 451//451 450//450 444//444
f 452//452 451//451 444//444
f 453//453 452//452 444//444
f 454//454 453//453 444//444
f 455//455 454//454 444//444
f 456//456 455//455 444//444
f 457//457 456//456 444//444
f 458//458 457//457 444//444
f 459//459 458//458 444//444
f 460//460 459//459 444//444
f 461//461 460//460 444//444
f 462//462 461//461 444//444
f 443//443 462//462 444//444
f 463//463 464//464 465//465
f 464//464 466//466 465//465
f 466//466 467//467 465//465
f 467//467 468//468 465//465
f 468//468 469//469 465//465
f 469//469 470//470 465//465
f 470//470 471//471 465//465
f 471//471 472//472 465//465
f 472//472 473//473 465//465
f 473//473 474//474 465//465
f 474//474 475//475 465//465
f 475//475 476//476 465//465
f 476//476 477//477 465//465
f 477//477 478//478 465//465
f 478//478 479//479 465//465
f 479//479 480//480 465//465
f 480//480 481//481 465//465
f 481//481 482//482 465//465
f 482//482 483//483 465//465
f 483//483 463//463 465//465
f 484//484 485//485 486//486
f 487//487 484//484 486//486
f 488//488 487//487 486//486
f 489//489 488//488 486//486
f 490//490 489//489 486//486
f 491//491 490//490 486//486
f 492//492 491//491 486//486
f 493//493 492//492 486//486
f 494//494 493//493 486//486
f 495//495 494//494 486//486
f 496//496 495//495 486//486
f 497//497 496//496 486//486
f 498//498 497//497 486//486
f 499//499 498//498 486//486
f 500//500 499//499 486//486
f 501//501 500//500 486//486
f 502//502 501//501 486//486
f 503//503 502//502 486//486
f 504//504 503//503 486//486
f 485//485 504//504 486//486
f 505//505 506//506 507//507
f 506//506 508//508 507//507
f 508//508 509//509 507//507
f 509//509 510//510 507//507
f 510//510 511//511 507//507
f 511//511 512//512 507//507
f 512//512 513//513 507//507
f 513//513 514//514 507//507
f 514//514 515//515 507//507
f 515//515 516//516 507//507
f 516//516 517//517 507//507
f 517//517 518//518 507//507
f 518//518 519//519 507//507
f 519//519 520//520 507//507
f 520//520 521//521 507//507
f 521//521 522//522 507//507
f 522//522 523//523 507//507
f 523//523 524//524 507//507
f 524//524 525//525 507//507
f 525//525 505//505 507//507
f 526//526 527//527 528//528
f 529//529 526//526 528//528
f 530//530 529//529 528//528
f 531//531 530//530 528//528
f 532//532 531//531 528//528
f 533//533 532//532 528//528
f 534//534 533//533 528//528
f 535//535 534//534 528//528
f 536//536 535//535 528//528
f 537//537 536//536 528//528
f 538//538 537//537 528//528
f 539//539 538//538 528//528
f 540//540 539//539 528//528
f 541//541 540//540 528//528
f 542//542 541//541 528//528
f 543//543 542//542 528//528
f 544//544 543//543 528//528
f 545//545 544//544 528//528
f 546//546 545//545 528//528
f 527//527 546//546 528//528
f 547//547 548//548 549//549
f 548//548 550//550 549//549
f 550//550 551//551 549//549
f 551//551 552//552 549//549
f 552//552 553//553 549//549
f 553//553 554//554 549//549
f 554//554 555//555 549//549
f 555//555 556//556 549//549
f 556//556 557//557 549//549
f 557//557 558//558 549//549
f 558//558 559//559 549//549
f 559//559 560//560 549//549
f 560//560 561//561 549//549
f 561//561 562//562 549//549
f 562//562 563//563 549//549
f 563//563 564//564 549//549
f 564//564 565//565 549//549
f 565//565 566//566 549//549
f 566//566 567//567 549//549
f 567//567 547//547 549//549
f 568//568 569//569 570//570
f 571//571 568//568 570//570
f 572//572 571//571 570//570
f 573//573 572//572 570//570
f 574//574 573//573 570//570
f 575//575 574//574 570//570
f 576//576 575//575 570//570
f 577//577 576//576 570//570
f 578//578 577//577 570//570
f 579//579 578//578 570//570
f 580//580 579//579 570//570
f 581//581 580//580 570//570
f 582//582 581//581 570//570
f 583//583 582//582 570//570
f 584//584 583//583 570//570
f 585//585 584//584 570//570
f 586//586 585//585 570//570
f 587//587 586//586 570//570
f 588//588 587//587 570//570
f 569//569 588//588 570//570
f 589//589 590//590 591//591
f 590//590 592//592 591//591
f 592//592 593//593 591//591
f 593//593 594//594 591//591
f 594//594 595//595 591//591
f 595//595 596//596 591//591
f 596//596 597//597 591//591
f 597//597 598//598 591//591
f 598//598 599//599 591//591
f 599//599 600//600 591//591
f 600//600 601//601 591//591
f 601//601 602//602 591//591
f 602//602 603//603 591//591
f 603//603 604//604 591//591
f 604//604 605//605 591//591
f 605//605 606//606 591//591
f 606//606 607//607 591//591
f 607//607 608//608 591//591
f 608//608 609//609 591//591
f 609//609 589//589 591//591
f 610//610 611//611 612//612
f 613//613 610//610 612//612
f 614//614 613//613 612//612
f 615//615 614//614 612//612
f 616//616 615//615 612//612
f 617//617 616//616 612//612
f 618//618 617//617 612//612
f 619//619 618//618 612//612
f 620//620 619//619 612//612
f 621//621 620//620 612//612
f 622//622 621//621 612//612
f 623//623 622//622 612//612
f 624//624 623//623 612//612
f 625//625 624//624 612//612
f 626//626 625//625 612//612
f 627//627 626//626 612//612
f 628//628 627//627 612//612
f 629//629 628//628 612//612
f 630//630 629//629 612//612
f 611//611 630//630 612//612
f 631//631 632//632 633//633
f 632//632 634//634 633//633
f 634//634 635//635 633//633
f 635//635 636//636 633//633
f 636//636 637//637 633//633
f 637//637 638//638 633//633
f 638//638 639//639 633//633
f 639//639 640//640 633//633
f 640//640 641//641 633//633
f 641//641 642//642 633//633
f 642//642 643//643 633//633
f 643//643 644//644 633//633
f 644//644 645//645 633//633
f 645//645 646//646 633//633
f 646//646 647//647 633//633
f 647//647 648//648 633//633
f 648//648 649//649 633//633
f 649//649 650//650 633//633
f 650//650 651//651 633//633
f 651//651 631//631 633//633
f 652//652 653//653 654//654
f 655//655 652//652 654//654
f 656//656 655//655 654//654
f 657//657 656//656 654//654
f 658//658 657//657 654//654
f 659//659 658//658 654//654
f 660//660 659//659 654//654
f 661//661 660//660 654//654
f 662//662 661//661 654//654
f 663//663 662//662 654//654
f 664//664 663//663 654//654
f 665//665 664//664 654//654
f 666//666 665//665 654//654
f 667//667 666//666 654//654
f 668//668 667//667 654//654
f 669//669 668//668 654//654
f 670//670 669//669 654//654
f 671//671 670//670 654//654
f 672//672 671//671 654//654
f 653//653 672//672 654//654
f 673//673 1//1 21//21
f 673//673 21//21 674//674
f 675//675 673//673 674//674
f 675//675 674//674 676//676
f 677//677 678//678 679//679
f 677//677 679//679 680//680
f 678//678 681//681 682//682
f 678//678 682//682 679//679
f 1//1 673//673 683//683
f 1//1 683//683 2//2
f 673//673 675//675 684//684
f 673//673 684//684 683//683
f 685//685 686//678 687//686
f 685//685 687//686 688//687
f 686//678 689//688 690//689
f 686//678 690//689 687//686
f 2//2 683//683 691//690
f 2//2 691//690 4//4
f 683//683 684//684 692//691
f 683//683 692//691 691//690
f 688//687 687//686 693//692
f 688//687 693//692 694//693
f 687//686 690//689 695//694
f 687//686 695//694 693//692
f 4//4 691//690 696//695
f 4//4 696//695 5//5
f 691//690 692//691 697//696
f 691//690 697//696 696//695
f 694//693 693//692 698//697
f 694//693 698//697 699//698
f 693//692 695//694 700//699
f 693//692 700//699 698//697
f 5//5 696//695 701//700
f 5//5 701//700 6//6
f 696//695 697//696 702//701
f 696//695 702//701 701//700
f 699//698 698//697 703//702
f 699//698 703//702 704//703
f 698//697 700//699 705//704
f 698//697 705//704 703//702
f 6//6 701//700 706//705
f 6//6 706//705 7//7
f 701//700 702//701 707//706
f 701//700 707//706 706//705
f 704//703 703//702 708//707
f 704//703 708//707 709//708
f 703//702 705//704 710//709
f 703//702 710//709 708//707
f 7//7 706//705 711//710
f 7//7 711//710 8//8
f 706//705 707//706 712//711
f 706//705 712//711 711//710
f 709//708 708//707 713//712
f 709//708 713//712 714//713
f 708//707 710//709 715//714
f 708//707 715//714 713//712
f 8//8 711//710 716//715
f 8//8 716//715 9//9
f 711//710 712//711 717//716
f 711//710 717//716 716//715
f 714//713 713//712 718//717
f 714//713 718//717 719//716
f 713//712 715//714 720//718
f 713//712 720//718 718//717
f 9//9 716//715 721//719
f 9//9 721//719 10//10
f 716//715 717//716 722//720
f 716//715 722//720 721//719
f 719//716 718//717 723//721
f 719//716 723//721 724//722
f 718//717 720//718 725//723
f 718//717 725//723 723//721
f 10//10 721//719 726//724
f 10//10 726//724 11//11
f 721//719 722//720 727//725
f 721//719 727//725 726//724
f 724//722 723//721 728//726
f 724//722 728//726 729//727
f 723//721 725//723 730//728
f 723//721 730//728 728//726
f 11//11 726//724 731//729
f 11//11 731//729 12//12
f 726//724 727//725 732//730
f 726//724 732//730 731//729
f 729//727 728//726 733//731
f 729//727 733//731 734//732
f 728//726 730//728 735//733
f 728//726 735//733 733//731
f 12//12 731//729 736//734
f 12//12 736//734 13//13
f 731//729 732//730 737//735
f 731//729 737//735 736//734
f 734//732 733//731 738//736
f 734//732 738//736 739//737
f 733//731 735//733 740//738
f 733//731 740//738 738//736
f 13//13 736//734 741//739
f 13//13 741//739 14//14
f 736//734 737//735 742//740
f 736//734 742//740 741//739
f 739//737 738//736 743//741
f 739//737 743//741 744//740
f 738//736 740//738 745//742
f 738//736 745//742 743//741
f 14//14 741//739 746//743
f 14//14 746//743 15//15
f 741//739 742//740 747//744
f 741//739 747//744 746//743
f 744//740 743//741 748//745
f 744//740 748//745 749//746
f 743//741 745//742 750//747
f 743//741 750//747 748//745
f 15//15 746//743 751//748
f 15//15 751//748 16//16
f 746//743 747//744 752//749
f 746//743 752//749 751//748
f 749//746 748//745 753//750
f 749//746 753//750 754//751
f 748//745 750//747 755//752
f 748//745 755//752 753//750
f 16//16 751//748 756//753
f 16//16 756//753 17//17
f 751//748 752//749 757//754
f 751//748 757//754 756//753
f 754//751 753//750 758//755
f 754//751 758//755 759//756
f 753//750 755//752 760//757
f 753//750 760//757 758//755
f 17//17 756//753 761//758
f 17//17 761//758 18//18
f 756//753 757//754 762//759
f 756//753 762//759 761//758
f 759//756 758//755 763//760
f 759//756 763//760 764//759
f 758//755 760//757 765//761
f 758//755 765//761 763//760
f 18//18 761//758 766//762
f 18//18 766//762 19//19
f 761//758 762//759 767//763
f 761//758 767//763 766//762
f 764//759 763//760 768//764
f 764//759 768//764 769//763
f 763//760 765//761 770//765
f 763//760 770//765 768//764
f 19//19 766//762 771//766
f 19//19 771//766 20//20
f 766//762 767//763 772//767
f 766//762 772//767 771//766
f 769//763 768//764 773//768
f 769//763 773//768 774//769
f 768//764 770//765 775//770
f 768//764 775//770 773//768
f 20//20 771//766 674//674
f 20//20 674//674 21//21
f 771//766 772//767 676//676
f 771//766 676//676 674//674
f 774//769 773//768 679//679
f 774//769 679//679 682//682
f 773//768 775//770 680//680
f 773//768 680//680 679//679
f 776//771 777//772 690//689
f 776//771 690//689 689//688
f 777//772 778//773 695//694
f 777//772 695//694 690//689
f 778//773 779//774 700//699
f 778//773 700//699 695//694
f 779//774 780//775 705//704
f 779//774 705//704 700//699
f 780//775 781//776 710//709
f 780//775 710//709 705//704
f 781//776 782//777 715//714
f 781//776 715//714 710//709
f 782//777 783//778 720//718
f 782//777 720//718 715//714
f 783//778 784//779 725//723
f 783//778 725//723 720//718
f 784//779 785//780 730//728
f 784//779 730//728 725//723
f 785//780 786//781 735//733
f 785//780 735//733 730//728
f 786//781 787//782 740//738
f 786//781 740//738 735//733
f 787//782 788//783 745//742
f 787//782 745//742 740//738
f 788//783 789//784 750//747
f 788//783 750//747 745//742
f 789//784 790//785 755//752
f 789//784 755//752 750//747
f 790//785 791//786 760//757
f 790//785 760//757 755//752
f 791//786 792//787 765//761
f 791//786 765//761 760//757
f 792//787 793//788 770//765
f 792//787 770//765 765//761
f 793//788 794//789 775//770
f 793//788 775//770 770//765
f 794//789 795//790 680//680
f 794//789 680//680 775//770
f 795//790 796//791 677//677
f 795//790 677//677 680//680
f 23//23 797//792 798//793
f 23//23 798//793 42//42
f 799//794 796//791 795//790
f 799//794 795//790 800//795
f 776//771 801//796 802//797
f 776//771 802//797 777//772
f 797//792 23//23 22//22
f 797//792 22//22 803//798
f 777//772 802//797 804//799
f 777//772 804//799 778//773
f 803//798 22//22 25//25
f 803//798 25//25 805//800
f 778//773 804//799 806//801
f 778//773 806//801 779//774
f 805//800 25//25 26//26
f 805//800 26//26 807//802
f 779//774 806//801 808//803
f 779//774 808//803 780//775
f 807//802 26//26 27//27
f 807//802 27//27 809//804
f 780//775 808//803 810//805
f 780//775 810//805 781//776
f 809//804 27//27 28//28
f 809//804 28//28 811//806
f 781//776 810//805 812//807
f 781//776 812//807 782//777
f 811//806 28//28 29//29
f 811//806 29//29 813//808
f 782//777 812//807 814//809
f 782//777 814//809 783//778
f 813//808 29//29 30//30
f 813//808 30//30 815//810
f 783//778 814//809 816//811
f 783//778 816//811 784//779
f 815//810 30//30 31//31
f 815//810 31//31 817//812
f 784//779 816//811 818//813
f 784//779 818//813 785//780
f 817//812 31//31 32//32
f 817//812 32//32 819//814
f 785//780 818//813 820//815
f 785//780 820//815 786//781
f 819//814 32//32 33//33
f 819//814 33//33 821//816
f 786//781 820//815 822//817
f 786//781 822//817 787//782
f 821//816 33//33 34//34
f 821//816 34//34 823//818
f 787//782 822//817 824//819
f 787//782 824//819 788//783
f 823//818 34//34 35//35
f 823//818 35//35 825//820
f 788//783 824//819 826//821
f 788//783 826//821 789//784
f 825//820 35//35 36//36
f 825//820 36//36 827//822
f 789//784 826//821 828//823
f 789//784 828//823 790//785
f 827//822 36//36 37//37
f 827//822 37//37 829//824
f 790//785 828//823 830//825
f 790//785 830//825 791//786
f 829//824 37//37 38//38
f 829//824 38//38 831//826
f 791//786 830//825 832//827
f 791//786 832//827 792//787
f 831//826 38//38 39//39
f 831//826 39//39 833//828
f 792//787 832//827 834//829
f 792//787 834//829 793//788
f 833//828 39//39 40//40
f 833//828 40//40 835//830
f 793//788 834//829 836//831
f 793//788 836//831 794//789
f 835//830 40//40 41//41
f 835//830 41//41 837//832
f 794//789 836//831 800//795
f 794//789 800//795 795//790
f 837//832 41//41 42//42
f 837//832 42//42 798//793
f 838//833 43//43 63//63
f 838//833 63//63 839//834
f 840//835 838//833 839//834
f 840//835 839//834 841//836
f 842//837 843//838 844//839
f 842//837 844//839 845//840
f 843//838 846//841 847//842
f 843//838 847//842 844//839
f 43//43 838//833 848//843
f 43//43 848//843 44//44
f 838//833 840//835 849//844
f 838//833 849//844 848//843
f 850//841 851//845 852//846
f 850//841 852//846 853//847
f 851//845 854//837 855//848
f 851//845 855//848 852//846
f 44//44 848//843 856//849
f 44//44 856//849 46//46
f 848//843 849//844 857//850
f 848//843 857//850 856//849
f 853//847 852//846 858//851
f 853//847 858//851 859//852
f 852//846 855//848 860//853
f 852//846 860//853 858//851
f 46//46 856//849 861//854
f 46//46 861//854 47//47
f 856//849 857//850 862//855
f 856//849 862//855 861//854
f 859//852 858//851 863//856
f 859//852 863//856 864//855
f 858//851 860//853 865//857
f 858//851 865//857 863//856
f 47//47 861//854 866//858
f 47//47 866//858 48//48
f 861//854 862//855 867//859
f 861//854 867//859 866//858
f 864//855 863//856 868//860
f 864//855 868//860 869//861
f 863//856 865//857 870//862
f 863//856 870//862 868//860
f 48//48 866//858 871//863
f 48//48 871//863 49//49
f 866//858 867//859 872//864
f 866//858 872//864 871//863
f 869//861 868//860 873//865
f 869//861 873//865 874//866
f 868//860 870//862 875//867
f 868//860 875//867 873//865
f 49//49 871//863 876//868
f 49//49 876//868 50//50
f 871//863 872//864 877//869
f 871//863 877//869 876//868
f 874//866 873//865 878//870
f 874//866 878//870 879//871
f 873//865 875//867 880//872
f 873//865 880//872 878//870
f 50//50 876//868 881//873
f 50//50 881//873 51//51
f 876//868 877//869 882//874
f 876//868 882//874 881//873
f 879//871 878//870 883//875
f 879//871 883//875 884//876
f 878//870 880//872 885//877
f 878//870 885//877 883//875
f 51//51 881//873 886//878
f 51//51 886//878 52//52
f 881//873 882//874 887//879
f 881//873 887//879 886//878
f 884//876 883//875 888//880
f 884//876 888//880 889//881
f 883//875 885//877 890//882
f 883//875 890//882 888//880
f 52//52 886//878 891//883
f 52//52 891//883 53//53
f 886//878 887//879 892//884
f 886//878 892//884 891//883
f 889//881 888//880 893//885
f 889//881 893//885 894//884
f 888//880 890//882 895//886
f 888//880 895//886 893//885
f 53//53 891//883 896//887
f 53//53 896//887 54//54
f 891//883 892//884 897//888
f 891//883 897//888 896//887
f 894//884 893//885 898//889
f 894//884 898//889 899//890
f 893//885 895//886 900//891
f 893//885 900//891 898//889
f 54//54 896//887 901//892
f 54//54 901//892 55//55
f 896//887 897//888 902//893
f 896//887 902//893 901//892
f 899//890 898//889 903//894
f 899//890 903//894 904//895
f 898//889 900//891 905//896
f 898//889 905//896 903//894
f 55//55 901//892 906//897
f 55//55 906//897 56//56
f 901//892 902//893 907//898
f 901//892 907//898 906//897
f 904//895 903//894 908//899
f 904//895 908//899 909//900
f 903//894 905//896 910//901
f 903//894 910//901 908//899
f 56//56 906//897 911//902
f 56//56 911//902 57//57
f 906//897 907//898 912//903
f 906//897 912//903 911//902
f 909//900 908//899 913//904
f 909//900 913//904 914//905
f 908//899 910//901 915//906
f 908//899 915//906 913//904
f 57//57 911//902 916//907
f 57//57 916//907 58//58
f 911//902 912//903 917//908
f 911//902 917//908 916//907
f 914//905 913//904 918//909
f 914//905 918//909 919//910
f 913//904 915//906 920//911
f 913//904 920//911 918//909
f 58//58 916//907 921//912
f 58//58 921//912 59//59
f 916//907 917//908 922//913
f 916//907 922//913 921//912
f 919//910 918//909 923//914
f 919//910 923//914 924//915
f 918//909 920//911 925//916
f 918//909 925//916 923//914
f 59//59 921//912 926//917
f 59//59 926//917 60//60
f 921//912 922//913 927//918
f 921//912 927//918 926//917
f 924//915 923//914 928//919
f 924//915 928//919 929//920
f 923//914 925//916 930//921
f 923//914 930//921 928//919
f 60//60 926//917 931//922
f 60//60 931//922 61//61
f 926//917 927//918 932//923
f 926//917 932//923 931//922
f 929//920 928//919 933//924
f 929//920 933//924 934//923
f 928//919 930//921 935//925
f 928//919 935//925 933//924
f 61//61 931//922 936//926
f 61//61 936//926 62//62
f 931//922 932//923 937//927
f 931//922 937//927 936//926
f 934//923 933//924 938//928
f 934//923 938//928 939//929
f 933//924 935//925 940//930
f 933//924 940//930 938//928
f 62//62 936//926 839//834
f 62//62 839//834 63//63
f 936//926 937//927 841//836
f 936//926 841//836 839//834
f 939//929 938//928 844//839
f 939//929 844//839 847//842
f 938//928 940//930 845//840
f 938//928 845//840 844//839
f 941//931 942//932 855//848
f 941//931 855//848 854//837
f 942//932 943//933 860//853
f 942//932 860//853 855//848
f 943//933 944//934 865//857
f 943//933 865//857 860//853
f 944//934 945//935 870//862
f 944//934 870//862 865//857
f 945//935 946//936 875//867
f 945//935 875//867 870//862
f 946//936 947//937 880//872
f 946//936 880//872 875//867
f 947//937 948//938 885//877
f 947//937 885//877 880//872
f 948//938 949//939 890//882
f 948//938 890//882 885//877
f 949//939 950//940 895//886
f 949//939 895//886 890//882
f 950//940 951//941 900//891
f 950//940 900//891 895//886
f 951//941 952//942 905//896
f 951//941 905//896 900//891
f 952//942 953//943 910//901
f 952//942 910//901 905//896
f 953//943 954//944 915//906
f 953//943 915//906 910//901
f 954//944 955//945 920//911
f 954//944 920//911 915//906
f 955//945 956//946 925//916
f 955//945 925//916 920//911
f 956//946 957//947 930//921
f 956//946 930//921 925//916
f 957//947 958//948 935//925
f 957//947 935//925 930//921
f 958//948 959//949 940//930
f 958//948 940//930 935//925
f 959//949 960//950 845//840
f 959//949 845//840 940//930
f 960//950 961//931 842//837
f 960//950 842//837 845//840
f 65//65 962//951 963//952
f 65//65 963//952 84//84
f 964//953 961//931 960//950
f 964//953 960//950 965//954
f 941//931 966//955 967//956
f 941//931 967//956 942//932
f 962//951 65//65 64//64
f 962//951 64//64 968//957
f 942//932 967//956 969//958
f 942//932 969//958 943//933
f 968//957 64//64 67//67
f 968//957 67//67 970//959
f 943//933 969//958 971//960
f 943//933 971//960 944//934
f 970//959 67//67 68//68
f 970//959 68//68 972//961
f 944//934 971//960 973//962
f 944//934 973//962 945//935
f 972//961 68//68 69//69
f 972//961 69//69 974//963
f 945//935 973//962 975//964
f 945//935 975//964 946//936
f 974//963 69//69 70//70
f 974//963 70//70 976//965
f 946//936 975//964 977//966
f 946//936 977//966 947//937
f 976//965 70//70 71//71
f 976//965 71//71 978//967
f 947//937 977//966 979//968
f 947//937 979//968 948//938
f 978//967 71//71 72//72
f 978//967 72//72 980//969
f 948//938 979//968 981//970
f 948//938 981//970 949//939
f 980//969 72//72 73//73
f 980//969 73//73 982//971
f 949//939 981//970 983//972
f 949//939 983//972 950//940
f 982//971 73//73 74//74
f 982//971 74//74 984//973
f 950//940 983//972 985//974
f 950//940 985//974 951//941
f 984//973 74//74 75//75
f 984//973 75//75 986//975
f 951//941 985//974 987//976
f 951//941 987//976 952//942
f 986//975 75//75 76//76
f 986//975 76//76 988//977
f 952//942 987//976 989//978
f 952//942 989//978 953//943
f 988//977 76//76 77//77
f 988//977 77//77 990//979
f 953//943 989//978 991//980
f 953//943 991//980 954//944
f 990//979 77//77 78//78
f 990//979 78//78 992//981
f 954//944 991//980 993//982
f 954//944 993//982 955//945
f 992//981 78//78 79//79
f 992//981 79//79 994//983
f 955//945 993//982 995//984
f 955//945 995//984 956//946
f 994//983 79//79 80//80
f 994//983 80//80 996//985
f 956//946 995//984 997//986
f 956//946 997//986 957//947
f 996//985 80//80 81//81
f 996//985 81//81 998//987
f 957//947 997//986 999//988
f 957//947 999//988 958//948
f 998//987 81//81 82//82
f 998//987 82//82 1000//989
f 958//948 999//988 1001//990
f 958//948 1001//990 959//949
f 1000//989 82//82 83//83
f 1000//989 83//83 1002//991
f 959//949 1001//990 965//954
f 959//949 965//954 960//950
f 1002//991 83//83 84//84
f 1002//991 84//84 963//952
f 1003//992 85//85 105//105
f 1003//992 105//105 1004//993
f 1005//994 1003//992 1004//993
f 1005//994 1004//993 1006//995
f 1007//996 1008//997 1009//998
f 1007//996 1009//998 1010//999
f 1008//997 1011//1000 1012//1001
f 1008//997 1012//1001 1009//998
f 85//85 1003//992 1013//1002
f 85//85 1013//1002 86//86
f 1003//992 1005//994 1014//1003
f 1003//992 1014//1003 1013//1002
f 1015//1004 1016//997 1017//1005
f 1015//1004 1017//1005 1018//1006
f 1016//997 1019//1007 1020//1008
f 1016//997 1020//1008 1017//1005
f 86//86 1013//1002 1021//1009
f 86//86 1021//1009 88//88
f 1013//1002 1014//1003 1022//1010
f 1013//1002 1022//1010 1021//1009
f 1018//1006 1017//1005 1023//1011
f 1018//1006 1023//1011 1024//1012
f 1017//1005 1020//1008 1025//1013
f 1017//1005 1025//1013 1023//1011
f 88//88 1021//1009 1026//1014
f 88//88 1026//1014 89//89
f 1021//1009 1022//1010 1027//1015
f 1021//1009 1027//1015 1026//1014
f 1024//1012 1023//1011 1028//1016
f 1024//1012 1028//1016 1029//1015
f 1023//1011 1025//1013 1030//1017
f 1023//1011 1030//1017 1028//1016
f 89//89 1026//1014 1031//1018
f 89//89 1031//1018 90//90
f 1026//1014 1027//1015 1032//1019
f 1026//1014 1032//1019 1031//1018
f 1029//1015 1028//1016 1033//1020
f 1029//1015 1033//1020 1034//1021
f 1028//1016 1030//1017 1035//1022
f 1028//1016 1035//1022 1033//1020
f 90//90 1031//1018 1036//1023
f 90//90 1036//1023 91//91
f 1031//1018 1032//1019 1037//1024
f 1031//1018 1037//1024 1036//1023
f 1034//1021 1033//1020 1038//1025
f 1034//1021 1038//1025 1039//1026
f 1033//1020 1035//1022 1040//1027
f 1033//1020 1040//1027 1038//1025
f 91//91 1036//1023 1041//1028
f 91//91 1041//1028 92//92
f 1036//1023 1037//1024 1042//1029
f 1036//1023 1042//1029 1041//1028
f 1039//1026 1038//1025 1043//1030
f 1039//1026 1043//1030 1044//1031
f 1038//1025 1040//1027 1045//1032
f 1038//1025 1045//1032 1043//1030
f 92//92 1041//1028 1046//1033
f 92//92 1046//1033 93//93
f 1041//1028 1042//1029 1047//1034
f 1041//1028 1047//1034 1046//1033
f 1044//1031 1043//1030 1048//1035
f 1044//1031 1048//1035 1049//1036
f 1043//1030 1045//1032 1050//1037
f 1043//1030 1050//1037 1048//1035
f 93//93 1046//1033 1051//1038
f 93//93 1051//1038 94//94
f 1046//1033 1047//1034 1052//1039
f 1046//1033 1052//1039 1051//1038
f 1049//1036 1048//1035 1053//1040
f 1049//1036 1053//1040 1054//1039
f 1048//1035 1050//1037 1055//1041
f 1048//1035 1055//1041 1053//1040
f 94//94 1051//1038 1056//1042
f 94//94 1056//1042 95//95
f 1051//1038 1052//1039 1057//1043
f 1051//1038 1057//1043 1056//1042
f 1054//1039 1053//1040 1058//1044
f 1054//1039 1058//1044 1059//1045
f 1053//1040 1055//1041 1060//1046
f 1053//1040 1060//1046 1058//1044
f 95//95 1056//1042 1061//1047
f 95//95 1061//1047 96//96
f 1056//1042 1057//1043 1062//1048
f 1056//1042 1062//1048 1061//1047
f 1059//1045 1058//1044 1063//1049
f 1059//1045 1063//1049 1064//1050
f 1058//1044 1060//1046 1065//1051
f 1058//1044 1065//1051 1063//1049
f 96//96 1061//1047 1066//1052
f 96//96 1066//1052 97//97
f 1061//1047 1062//1048 1067//1053
f 1061//1047 1067//1053 1066//1052
f 1064//1050 1063//1049 1068//1054
f 1064//1050 1068//1054 1069//1055
f 1063//1049 1065//1051 1070//1056
f 1063//1049 1070//1056 1068//1054
f 97//97 1066//1052 1071//1057
f 97//97 1071//1057 98//98
f 1066//1052 1067//1053 1072//1058
f 1066//1052 1072//1058 1071//1057
f 1069//1055 1068//1054 1073//1059
f 1069//1055 1073//1059 1074//1060
f 1068//1054 1070//1056 1075//1061
f 1068//1054 1075//1061 1073//1059
f 98//98 1071//1057 1076//1062
f 98//98 1076//1062 99//99
f 1071//1057 1072//1058 1077//1063
f 1071//1057 1077//1063 1076//1062
f 1074//1060 1073//1059 1078//1064
f 1074//1060 1078//1064 1079//1065
f 1073//1059 1075//1061 1080//1066
f 1073//1059 1080//1066 1078//1064
f 99//99 1076//1062 1081//1067
f 99//99 1081//1067 100//100
f 1076//1062 1077//1063 1082//1068
f 1076//1062 1082//1068 1081//1067
f 1079//1065 1078//1064 1083//1069
f 1079//1065 1083//1069 1084//1070
f 1078//1064 1080//1066 1085//1071
f 1078//1064 1085//1071 1083//1069
f 100//100 1081//1067 1086//1072
f 100//100 1086//1072 101//101
f 1081//1067 1082//1068 1087//1073
f 1081//1067 1087//1073 1086//1072
f 1084//1070 1083//1069 1088//1074
f 1084//1070 1088//1074 1089//1075
f 1083//1069 1085//1071 1090//1076
f 1083//1069 1090//1076 1088//1074
f 101//101 1086//1072 1091//1077
f 101//101 1091//1077 102//102
f 1086//1072 1087//1073 1092//1078
f 1086//1072 1092//1078 1091//1077
f 1089//1075 1088//1074 1093//1079
f 1089//1075 1093//1079 1094//1080
f 1088//1074 1090//1076 1095//1081
f 1088//1074 1095//1081 1093//1079
f 102//102 1091//1077 1096//1082
f 102//102 1096//1082 103//103
f 1091//1077 1092//1078 1097//1083
f 1091//1077 1097//1083 1096//1082
f 1094//1080 1093//1079 1098//1084
f 1094//1080 1098//1084 1099//1085
f 1093//1079 1095//1081 1100//1086
f 1093//1079 1100//1086 1098//1084
f 103//103 1096//1082 1101//1087
f 103//103 1101//1087 104//104
f 1096//1082 1097//1083 1102//1088
f 1096//1082 1102//1088 1101//1087
f 1099//1085 1098//1084 1103//1089
f 1099//1085 1103//1089 1104//1090
f 1098//1084 1100//1086 1105//1091
f 1098//1084 1105//1091 1103//1089
f 104//104 1101//1087 1004//993
f 104//104 1004//993 105//105
f 1101//1087 1102//1088 1006//995
f 1101//1087 1006//995 1004//993
f 1104//1090 1103//1089 1009//998
f 1104//1090 1009//998 1012//1001
f 1103//1089 1105//1091 1010//999
f 1103//1089 1010//999 1009//998
f 1106//1092 1107//1093 1020//1008
f 1106//1092 1020//1008 1019//1007
f 1107//1093 1108//1094 1025//1013
f 1107//1093 1025//1013 1020//1008
f 1108//1094 1109//1095 1030//1017
f 1108//1094 1030//1017 1025//1013
f 1109//1095 1110//1096 1035//1022
f 1109//1095 1035//1022 1030//1017
f 1110//1096 1111//1097 1040//1027
f 1110//1096 1040//1027 1035//1022
f 1111//1097 1112//1098 1045//1032
f 1111//1097 1045//1032 1040//1027
f 1112//1098 1113//1099 1050//1037
f 1112//1098 1050//1037 1045//1032
f 1113//1099 1114//1100 1055//1041
f 1113//1099 1055//1041 1050//1037
f 1114//1100 1115//1101 1060//1046
f 1114//1100 1060//1046 1055//1041
f 1115//1101 1116//1102 1065//1051
f 1115//1101 1065//1051 1060//1046
f 1116//1102 1117//1103 1070//1056
f 1116//1102 1070//1056 1065//1051
f 1117//1103 1118//1104 1075//1061
f 1117//1103 1075//1061 1070//1056
f 1118//1104 1119//1105 1080//1066
f 1118//1104 1080//1066 1075//1061
f 1119//1105 1120//1106 1085//1071
f 1119//1105 1085//1071 1080//1066
f 1120//1106 1121//1107 1090//1076
f 1120//1106 1090//1076 1085//1071
f 1121//1107 1122//1108 1095//1081
f 1121//1107 1095//1081 1090//1076
f 1122//1108 1123//1109 1100//1086
f 1122//1108 1100//1086 1095//1081
f 1123//1109 1124//1110 1105//1091
f 1123//1109 1105//1091 1100//1086
f 1124//1110 1125//1111 1010//999
f 1124//1110 1010//999 1105//1091
f 1125//1111 1126//1092 1007//996
f 1125//1111 1007//996 1010//999
f 107//107 1127//1112 1128//1113
f 107//107 1128//1113 126//126
f 1129//1114 1126//1092 1125//1111
f 1129//1114 1125//1111 1130//1115
f 1106//1092 1131//1116 1132//1117
f 1106//1092 1132//1117 1107//1093
f 1127//1112 107//107 106//106
f 1127//1112 106//106 1133//1118
f 1107//1093 1132//1117 1134//1119
f 1107//1093 1134//1119 1108//1094
f 1133//1118 106//106 109//109
f 1133//1118 109//109 1135//1120
f 1108//1094 1134//1119 1136//1121
f 1108//1094 1136//1121 1109//1095
f 1135//1120 109//109 110//110
f 1135//1120 110//110 1137//1122
f 1109//1095 1136//1121 1138//1123
f 1109//1095 1138//1123 1110//1096
f 1137//1122 110//110 111//111
f 1137//1122 111//111 1139//1124
f 1110//1096 1138//1123 1140//1125
f 1110//1096 1140//1125 1111//1097
f 1139//1124 111//111 112//112
f 1139//1124 112//112 1141//1126
f 1111//1097 1140//1125 1142//1127
f 1111//1097 1142//1127 1112//1098
f 1141//1126 112//112 113//113
f 1141//1126 113//113 1143//1128
f 1112//1098 1142//1127 1144//1129
f 1112//1098 1144//1129 1113//1099
f 1143//1128 113//113 114//114
f 1143//1128 114//114 1145//1130
f 1113//1099 1144//1129 1146//1131
f 1113//1099 1146//1131 1114//1100
f 1145//1130 114//114 115//115
f 1145//1130 115//115 1147//1132
f 1114//1100 1146//1131 1148//1133
f 1114//1100 1148//1133 1115//1101
f 1147//1132 115//115 116//116
f 1147//1132 116//116 1149//1134
f 1115//1101 1148//1133 1150//1135
f 1115//1101 1150//1135 1116//1102
f 1149//1134 116//116 117//117
f 1149//1134 117//117 1151//1136
f 1116//1102 1150//1135 1152//1137
f 1116//1102 1152//1137 1117//1103
f 1151//1136 117//117 118//118
f 1151//1136 118//118 1153//1138
f 1117//1103 1152//1137 1154//1139
f 1117//1103 1154//1139 1118//1104
f 1153//1138 118//118 119//119
f 1153//1138 119//119 1155//1140
f 1118//1104 1154//1139 1156//1141
f 1118//1104 1156//1141 1119//1105
f 1155//1140 119//119 120//120
f 1155//1140 120//120 1157//1142
f 1119//1105 1156//1141 1158//1143
f 1119//1105 1158//1143 1120//1106
f 1157//1142 120//120 121//121
f 1157//1142 121//121 1159//1144
f 1120//1106 1158//1143 1160//1145
f 1120//1106 1160//1145 1121//1107
f 1159//1144 121//121 122//122
f 1159//1144 122//122 1161//1146
f 1121//1107 1160//1145 1162//1147
f 1121//1107 1162//1147 1122//1108
f 1161//1146 122//122 123//123
f 1161//1146 123//123 1163//1148
f 1122//1108 1162//1147 1164//1149
f 1122//1108 1164//1149 1123//1109
f 1163//1148 123//123 124//124
f 1163//1148 124//124 1165//1150
f 1123//1109 1164//1149 1166//1151
f 1123//1109 1166//1151 1124//1110
f 1165//1150 124//124 125//125
f 1165//1150 125//125 1167//1152
f 1124//1110 1166//1151 1130//1115
f 1124//1110 1130//1115 1125//1111
f 1167//1152 125//125 126//126
f 1167//1152 126//126 1128//1113
f 1168//1153 127//127 147//147
f 1168//1153 147//147 1169//1154
f 1170//1155 1168//1153 1169//1154
f 1170//1155 1169//1154 1171//1156
f 1172//1157 1173//1158 1174//1159
f 1172//1157 1174//1159 1175//1160
f 1173//1158 1176//1161 1177//1162
f 1173//1158 1177//1162 1174//1159
f 127//127 1168//1153 1178//1163
f 127//127 1178//1163 128//128
f 1168//1153 1170//1155 1179//1164
f 1168//1153 1179//1164 1178//1163
f 1180//1161 1181//1165 1182//1166
f 1180//1161 1182//1166 1183//1167
f 1181//1165 1184//1168 1185//1169
f 1181//1165 1185//1169 1182//1166
f 128//128 1178//1163 1186//1170
f 128//128 1186//1170 130//130
f 1178//1163 1179//1164 1187//1171
f 1178//1163 1187//1171 1186//1170
f 1183//1167 1182//1166 1188//1172
f 1183//1167 1188//1172 1189//1173
f 1182//1166 1185//1169 1190//1174
f 1182//1166 1190//1174 1188//1172
f 130//130 1186//1170 1191//1175
f 130//130 1191//1175 131//131
f 1186//1170 1187//1171 1192//1176
f 1186//1170 1192//1176 1191//1175
f 1189//1173 1188//1172 1193//1177
f 1189//1173 1193//1177 1194//1178
f 1188//1172 1190//1174 1195//1179
f 1188//1172 1195//1179 1193//1177
f 131//131 1191//1175 1196//1180
f 131//131 1196//1180 132//132
f 1191//1175 1192//1176 1197//1181
f 1191//1175 1197//1181 1196//1180
f 1194//1178 1193//1177 1198//1182
f 1194//1178 1198//1182 1199//1183
f 1193//1177 1195//1179 1200//1184
f 1193//1177 1200//1184 1198//1182
f 132//132 1196//1180 1201//1185
f 132//132 1201//1185 133//133
f 1196//1180 1197//1181 1202//1186
f 1196//1180 1202//1186 1201//1185
f 1199//1183 1198//1182 1203//1187
f 1199//1183 1203//1187 1204//1188
f 1198//1182 1200//1184 1205//1189
f 1198//1182 1205//1189 1203//1187
f 133//133 1201//1185 1206//1190
f 133//133 1206//1190 134//134
f 1201//1185 1202//1186 1207//1191
f 1201//1185 1207//1191 1206//1190
f 1204//1188 1203//1187 1208//1192
f 1204//1188 1208//1192 1209//1191
f 1203//1187 1205//1189 1210//1193
f 1203//1187 1210//1193 1208//1192
f 134//134 1206//1190 1211//1194
f 134//134 1211//1194 135//135
f 1206//1190 1207//1191 1212//1195
f 1206//1190 1212//1195 1211//1194
f 1209//1191 1208//1192 1213//1196
f 1209//1191 1213//1196 1214//1197
f 1208//1192 1210//1193 1215//1198
f 1208//1192 1215//1198 1213//1196
f 135//135 1211//1194 1216//1199
f 135//135 1216//1199 136//136
f 1211//1194 1212//1195 1217//1200
f 1211//1194 1217//1200 1216//1199
f 1214//1197 1213//1196 1218//1201
f 1214//1197 1218//1201 1219//1202
f 1213//1196 1215//1198 1220//1203
f 1213//1196 1220//1203 1218//1201
f 136//136 1216//1199 1221//1204
f 136//136 1221//1204 137//137
f 1216//1199 1217//1200 1222//1205
f 1216//1199 1222//1205 1221//1204
f 1219//1202 1218//1201 1223//1206
f 1219//1202 1223//1206 1224//1207
f 1218//1201 1220//1203 1225//1208
f 1218//1201 1225//1208 1223//1206
f 137//137 1221//1204 1226//1209
f 137//137 1226//1209 138//138
f 1221//1204 1222//1205 1227//1210
f 1221//1204 1227//1210 1226//1209
f 1224//1207 1223//1206 1228//1211
f 1224//1207 1228//1211 1229//1212
f 1223//1206 1225//1208 1230//1213
f 1223//1206 1230//1213 1228//1211
f 138//138 1226//1209 1231//1214
f 138//138 1231//1214 139//139
f 1226//1209 1227//1210 1232//1215
f 1226//1209 1232//1215 1231//1214
f 1229//1212 1228//1211 1233//1216
f 1229//1212 1233//1216 1234//1217
f 1228//1211 1230//1213 1235//1218
f 1228//1211 1235//1218 1233//1216
f 139//139 1231//1214 1236//1219
f 139//139 1236//1219 140//140
f 1231//1214 1232//1215 1237//1220
f 1231//1214 1237//1220 1236//1219
f 1234//1217 1233//1216 1238//1221
f 1234//1217 1238//1221 1239//1222
f 1233//1216 1235//1218 1240//1223
f 1233//1216 1240//1223 1238//1221
f 140//140 1236//1219 1241//1224
f 140//140 1241//1224 141//141
f 1236//1219 1237//1220 1242//1225
f 1236//1219 1242//1225 1241//1224
f 1239//1222 1238//1221 1243//1226
f 1239//1222 1243//1226 1244//1227
f 1238//1221 1240//1223 1245//1228
f 1238//1221 1245//1228 1243//1226
f 141//141 1241//1224 1246//1229
f 141//141 1246//1229 142//142
f 1241//1224 1242//1225 1247//1230
f 1241//1224 1247//1230 1246//1229
f 1244//1227 1243//1226 1248//1231
f 1244//1227 1248//1231 1249//1230
f 1243//1226 1245//1228 1250//1232
f 1243//1226 1250//1232 1248//1231
f 142//142 1246//1229 1251//1233
f 142//142 1251//1233 143//143
f 1246//1229 1247//1230 1252//1234
f 1246//1229 1252//1234 1251//1233
f 1249//1230 1248//1231 1253//1235
f 1249//1230 1253//1235 1254//1236
f 1248//1231 1250//1232 1255//1237
f 1248//1231 1255//1237 1253//1235
f 143//143 1251//1233 1256//1238
f 143//143 1256//1238 144//144
f 1251//1233 1252//1234 1257//1239
f 1251//1233 1257//1239 1256//1238
f 1254//1236 1253//1235 1258//1240
f 1254//1236 1258//1240 1259//1241
f 1253//1235 1255//1237 1260//1242
f 1253//1235 1260//1242 1258//1240
f 144//144 1256//1238 1261//1243
f 144//144 1261//1243 145//145
f 1256//1238 1257//1239 1262//1244
f 1256//1238 1262//1244 1261//1243
f 1259//1241 1258//1240 1263//1245
f 1259//1241 1263//1245 1264//1246
f 1258//1240 1260//1242 1265//1247
f 1258//1240 1265//1247 1263//1245
f 145//145 1261//1243 1266//1248
f 145//145 1266//1248 146//146
f 1261//1243 1262//1244 1267//1249
f 1261//1243 1267//1249 1266//1248
f 1264//1246 1263//1245 1268//1250
f 1264//1246 1268//1250 1269//1251
f 1263//1245 1265//1247 1270//1252
f 1263//1245 1270//1252 1268//1250
f 146//146 1266//1248 1169//1154
f 146//146 1169//1154 147//147
f 1266//1248 1267//1249 1171//1156
f 1266//1248 1171//1156 1169//1154
f 1269//1251 1268//1250 1174//1159
f 1269//1251 1174//1159 1177//1162
f 1268//1250 1270//1252 1175//1160
f 1268//1250 1175//1160 1174//1159
f 1271//1253 1272//1254 1185//1169
f 1271//1253 1185//1169 1184//1168
f 1272//1254 1273//1255 1190//1174
f 1272//1254 1190//1174 1185//1169
f 1273//1255 1274//1256 1195//1179
f 1273//1255 1195//1179 1190//1174
f 1274//1256 1275//1257 1200//1184
f 1274//1256 1200//1184 1195//1179
f 1275//1257 1276//1258 1205//1189
f 1275//1257 1205//1189 1200//1184
f 1276//1258 1277//1259 1210//1193
f 1276//1258 1210//1193 1205//1189
f 1277//1259 1278//1260 1215//1198
f 1277//1259 1215//1198 1210//1193
f 1278//1260 1279//1261 1220//1203
f 1278//1260 1220//1203 1215//1198
f 1279//1261 1280//1262 1225//1208
f 1279//1261 1225//1208 1220//1203
f 1280//1262 1281//1263 1230//1213
f 1280//1262 1230//1213 1225//1208
f 1281//1263 1282//1264 1235//1218
f 1281//1263 1235//1218 1230//1213
f 1282//1264 1283//1265 1240//1223
f 1282//1264 1240//1223 1235//1218
f 1283//1265 1284//1266 1245//1228
f 1283//1265 1245//1228 1240//1223
f 1284//1266 1285//1267 1250//1232
f 1284//1266 1250//1232 1245//1228
f 1285//1267 1286//1268 1255//1237
f 1285//1267 1255//1237 1250//1232
f 1286//1268 1287//1269 1260//1242
f 1286//1268 1260//1242 1255//1237
f 1287//1269 1288//1270 1265//1247
f 1287//1269 1265//1247 1260//1242
f 1288//1270 1289//1271 1270//1252
f 1288//1270 1270//1252 1265//1247
f 1289//1271 1290//1272 1175//1160
f 1289//1271 1175//1160 1270//1252
f 1290//1272 1291//1253 1172//1157
f 1290//1272 1172//1157 1175//1160
f 149//149 1292//1273 1293//1274
f 149//149 1293//1274 168//168
f 1294//1275 1291//1253 1290//1272
f 1294//1275 1290//1272 1295//1276
f 1271//1253 1296//1277 1297//1278
f 1271//1253 1297//1278 1272//1254
f 1292//1273 149//149 148//148
f 1292//1273 148//148 1298//1279
f 1272//1254 1297//1278 1299//1280
f 1272//1254 1299//1280 1273//1255
f 1298//1279 148//148 151//151
f 1298//1279 151//151 1300//1281
f 1273//1255 1299//1280 1301//1282
f 1273//1255 1301//1282 1274//1256
f 1300//1281 151//151 152//152
f 1300//1281 152//152 1302//1283
f 1274//1256 1301//1282 1303//1284
f 1274//1256 1303//1284 1275//1257
f 1302//1283 152//152 153//153
f 1302//1283 153//153 1304//1285
f 1275//1257 1303//1284 1305//1286
f 1275//1257 1305//1286 1276//1258
f 1304//1285 153//153 154//154
f 1304//1285 154//154 1306//1287
f 1276//1258 1305//1286 1307//1288
f 1276//1258 1307//1288 1277//1259
f 1306//1287 154//154 155//155
f 1306//1287 155//155 1308//1289
f 1277//1259 1307//1288 1309//1290
f 1277//1259 1309//1290 1278//1260
f 1308//1289 155//155 156//156
f 1308//1289 156//156 1310//1291
f 1278//1260 1309//1290 1311//1292
f 1278//1260 1311//1292 1279//1261
f 1310//1291 156//156 157//157
f 1310//1291 157//157 1312//1293
f 1279//1261 1311//1292 1313//1294
f 1279//1261 1313//1294 1280//1262
f 1312//1293 157//157 158//158
f 1312//1293 158//158 1314//1295
f 1280//1262 1313//1294 1315//1296
f 1280//1262 1315//1296 1281//1263
f 1314//1295 158//158 159//159
f 1314//1295 159//159 1316//1297
f 1281//1263 1315//1296 1317//1298
f 1281//1263 1317//1298 1282//1264
f 1316//1297 159//159 160//160
f 1316//1297 160//160 1318//1299
f 1282//1264 1317//1298 1319//1300
f 1282//1264 1319//1300 1283//1265
f 1318//1299 160//160 161//161
f 1318//1299 161//161 1320//1301
f 1283//1265 1319//1300 1321//1302
f 1283//1265 1321//1302 1284//1266
f 1320//1301 161//161 162//162
f 1320//1301 162//162 1322//1303
f 1284//1266 1321//1302 1323//1304
f 1284//1266 1323//1304 1285//1267
f 1322//1303 162//162 163//163
f 1322//1303 163//163 1324//1305
f 1285//1267 1323//1304 1325//1306
f 1285//1267 1325//1306 1286//1268
f 1324//1305 163//163 164//164
f 1324//1305 164//164 1326//1307
f 1286//1268 1325//1306 1327//1308
f 1286//1268 1327//1308 1287//1269
f 1326//1307 164//164 165//165
f 1326//1307 165//165 1328//1309
f 1287//1269 1327//1308 1329//1310
f 1287//1269 1329//1310 1288//1270
f 1328//1309 165//165 166//166
f 1328//1309 166//166 1330//1311
f 1288//1270 1329//1310 1331//1312
f 1288//1270 1331//1312 1289//1271
f 1330//1311 166//166 167//167
f 1330//1311 167//167 1332//1313
f 1289//1271 1331//1312 1295//1276
f 1289//1271 1295//1276 1290//1272
f 1332//1313 167//167 168//168
f 1332//1313 168//168 1293//1274
f 1333//1314 169//169 189//189
f 1333//1314 189//189 1334//1315
f 1335//1316 1333//1314 1334//1315
f 1335//1316 1334//1315 1336//1317
f 1337//1318 1338//1319 1339//1320
f 1337//1318 1339//1320 1340//1321
f 1338//1319 1341//1322 1342//1323
f 1338//1319 1342//1323 1339//1320
f 169//169 1333//1314 1343//1324
f 169//169 1343//1324 170//170
f 1333//1314 1335//1316 1344//1325
f 1333//1314 1344//1325 1343//1324
f 1345//1322 1346//1326 1347//1327
f 1345//1322 1347//1327 1348//1328
f 1346//1326 1349//1329 1350//1330
f 1346//1326 1350//1330 1347//1327
f 170//170 1343//1324 1351//1331
f 170//170 1351//1331 172//172
f 1343//1324 1344//1325 1352//1332
f 1343//1324 1352//1332 1351//1331
f 1348//1328 1347//1327 1353//1333
f 1348//1328 1353//1333 1354//1334
f 1347//1327 1350//1330 1355//1335
f 1347//1327 1355//1335 1353//1333
f 172//172 1351//1331 1356//1336
f 172//172 1356//1336 173//173
f 1351//1331 1352//1332 1357//1337
f 1351//1331 1357//1337 1356//1336
f 1354//1334 1353//1333 1358//1338
f 1354//1334 1358//1338 1359//1339
f 1353//1333 1355//1335 1360//1340
f 1353//1333 1360//1340 1358//1338
f 173//173 1356//1336 1361//1341
f 173//173 1361//1341 174//174
f 1356//1336 1357//1337 1362//1342
f 1356//1336 1362//1342 1361//1341
f 1359//1339 1358//1338 1363//1343
f 1359//1339 1363//1343 1364//1344
f 1358//1338 1360//1340 1365//1345
f 1358//1338 1365//1345 1363//1343
f 174//174 1361//1341 1366//1346
f 174//174 1366//1346 175//175
f 1361//1341 1362//1342 1367//1347
f 1361//1341 1367//1347 1366//1346
f 1364//1344 1363//1343 1368//1348
f 1364//1344 1368//1348 1369//1347
f 1363//1343 1365//1345 1370//1349
f 1363//1343 1370//1349 1368//1348
f 175//175 1366//1346 1371//1350
f 175//175 1371//1350 176//176
f 1366//1346 1367//1347 1372//1351
f 1366//1346 1372//1351 1371//1350
f 1369//1347 1368//1348 1373//1352
f 1369//1347 1373//1352 1374//1353
f 1368//1348 1370//1349 1375//1354
f 1368//1348 1375//1354 1373//1352
f 176//176 1371//1350 1376//1355
f 176//176 1376//1355 177//177
f 1371//1350 1372//1351 1377//1356
f 1371//1350 1377//1356 1376//1355
f 1374//1353 1373//1352 1378//1357
f 1374//1353 1378//1357 1379//1358
f 1373//1352 1375//1354 1380//1359
f 1373//1352 1380//1359 1378//1357
f 177//177 1376//1355 1381//1360
f 177//177 1381//1360 178//178
f 1376//1355 1377//1356 1382//1361
f 1376//1355 1382//1361 1381//1360
f 1379//1358 1378//1357 1383//1362
f 1379//1358 1383//1362 1384//1361
f 1378//1357 1380//1359 1385//1363
f 1378//1357 1385//1363 1383//1362
f 178//178 1381//1360 1386//1364
f 178//178 1386//1364 179//179
f 1381//1360 1382//1361 1387//1365
f 1381//1360 1387//1365 1386//1364
f 1384//1361 1383//1362 1388//1366
f 1384//1361 1388//1366 1389//1367
f 1383//1362 1385//1363 1390//1368
f 1383//1362 1390//1368 1388//1366
f 179//179 1386//1364 1391//1369
f 179//179 1391//1369 180//180
f 1386//1364 1387//1365 1392//1370
f 1386//1364 1392//1370 1391//1369
f 1389//1367 1388//1366 1393//1371
f 1389//1367 1393//1371 1394//1372
f 1388//1366 1390//1368 1395//1373
f 1388//1366 1395//1373 1393//1371
f 180//180 1391//1369 1396//1374
f 180//180 1396//1374 181//181
f 1391//1369 1392//1370 1397//1375
f 1391//1369 1397//1375 1396//1374
f 1394//1372 1393//1371 1398//1376
f 1394//1372 1398//1376 1399//1377
f 1393//1371 1395//1373 1400//1378
f 1393//1371 1400//1378 1398//1376
f 181//181 1396//1374 1401//1379
f 181//181 1401//1379 182//182
f 1396//1374 1397//1375 1402//1380
f 1396//1374 1402//1380 1401//1379
f 1399//1377 1398//1376 1403//1381
f 1399//1377 1403//1381 1404//1382
f 1398//1376 1400//1378 1405//1383
f 1398//1376 1405//1383 1403//1381
f 182//182 1401//1379 1406//1384
f 182//182 1406//1384 183//183
f 1401//1379 1402//1380 1407//1385
f 1401//1379 1407//1385 1406//1384
f 1404//1382 1403//1381 1408//1386
f 1404//1382 1408//1386 1409//1387
f 1403//1381 1405//1383 1410//1388
f 1403//1381 1410//1388 1408//1386
f 183//183 1406//1384 1411//1389
f 183//183 1411//1389 184//184
f 1406//1384 1407//1385 1412//1390
f 1406//1384 1412//1390 1411//1389
f 1409//1387 1408//1386 1413//1391
f 1409//1387 1413//1391 1414//1392
f 1408//1386 1410//1388 1415//1393
f 1408//1386 1415//1393 1413//1391
f 184//184 1411//1389 1416//1394
f 184//184 1416//1394 185//185
f 1411//1389 1412//1390 1417//1395
f 1411//1389 1417//1395 1416//1394
f 1414//1392 1413//1391 1418//1396
f 1414//1392 1418//1396 1419//1397
f 1413//1391 1415//1393 1420//1398
f 1413//1391 1420//1398 1418//1396
f 185//185 1416//1394 1421//1399
f 185//185 1421//1399 186//186
f 1416//1394 1417//1395 1422//1400
f 1416//1394 1422//1400 1421//1399
f 1419//1397 1418//1396 1423//1401
f 1419//1397 1423//1401 1424//1402
f 1418//1396 1420//1398 1425//1403
f 1418//1396 1425//1403 1423//1401
f 186//186 1421//1399 1426//1404
f 186//186 1426//1404 187//187
f 1421//1399 1422//1400 1427//1405
f 1421//1399 1427//1405 1426//1404
f 1424//1402 1423//1401 1428//1406
f 1424//1402 1428//1406 1429//1407
f 1423//1401 1425//1403 1430//1408
f 1423//1401 1430//1408 1428//1406
f 187//187 1426//1404 1431//1409
f 187//187 1431//1409 188//188
f 1426//1404 1427//1405 1432//1410
f 1426//1404 1432//1410 1431//1409
f 1429//1407 1428//1406 1433//1411
f 1429//1407 1433//1411 1434//1412
f 1428//1406 1430//1408 1435//1413
f 1428//1406 1435//1413 1433//1411
f 188//188 1431//1409 1334//1315
f 188//188 1334//1315 189//189
f 1431//1409 1432//1410 1336//1317
f 1431//1409 1336//1317 1334//1315
f 1434//1412 1433//1411 1339//1320
f 1434//1412 1339//1320 1342//1323
f 1433//1411 1435//1413 1340//1321
f 1433//1411 1340//1321 1339//1320
f 1436//1414 1437//1415 1350//1330
f 1436//1414 1350//1330 1349//1329
f 1437//1415 1438//1416 1355//1335
f 1437//1415 1355//1335 1350//1330
f 1438//1416 1439//1417 1360//1340
f 1438//1416 1360//1340 1355//1335
f 1439//1417 1440//1418 1365//1345
f 1439//1417 1365//1345 1360//1340
f 1440//1418 1441//1419 1370//1349
f 1440//1418 1370//1349 1365//1345
f 1441//1419 1442//1420 1375//1354
f 1441//1419 1375//1354 1370//1349
f 1442//1420 1443//1421 1380//1359
f 1442//1420 1380//1359 1375//1354
f 1443//1421 1444//1422 1385//1363
f 1443//1421 1385//1363 1380//1359
f 1444//1422 1445//1423 1390//1368
f 1444//1422 1390//1368 1385//1363
f 1445//1423 1446//1424 1395//1373
f 1445//1423 1395//1373 1390//1368
f 1446//1424 1447//1425 1400//1378
f 1446//1424 1400//1378 1395//1373
f 1447//1425 1448//1426 1405//1383
f 1447//1425 1405//1383 1400//1378
f 1448//1426 1449//1427 1410//1388
f 1448//1426 1410//1388 1405//1383
f 1449//1427 1450//1428 1415//1393
f 1449//1427 1415//1393 1410//1388
f 1450//1428 1451//1429 1420//1398
f 1450//1428 1420//1398 1415//1393
f 1451//1429 1452//1430 1425//1403
f 1451//1429 1425//1403 1420//1398
f 1452//1430 1453//1431 1430//1408
f 1452//1430 1430//1408 1425//1403
f 1453//1431 1454//1432 1435//1413
f 1453//1431 1435//1413 1430//1408
f 1454//1432 1455//1433 1340//1321
f 1454//1432 1340//1321 1435//1413
f 1455//1433 1456//1414 1337//1318
f 1455//1433 1337//1318 1340//1321
f 191//191 1457//1434 1458//1435
f 191//191 1458//1435 210//210
f 1459//1436 1456//1414 1455//1433
f 1459//1436 1455//1433 1460//1437
f 1436//1414 1461//1438 1462//1439
f 1436//1414 1462//1439 1437//1415
f 1457//1434 191//191 190//190
f 1457//1434 190//190 1463//1440
f 1437//1415 1462//1439 1464//1441
f 1437//1415 1464//1441 1438//1416
f 1463//1440 190//190 193//193
f 1463//1440 193//193 1465//1442
f 1438//1416 1464//1441 1466//1443
f 1438//1416 1466//1443 1439//1417
f 1465//1442 193//193 194//194
f 1465//1442 194//194 1467//1444
f 1439//1417 1466//1443 1468//1445
f 1439//1417 1468//1445 1440//1418
f 1467//1444 194//194 195//195
f 1467//1444 195//195 1469//1446
f 1440//1418 1468//1445 1470//1447
f 1440//1418 1470//1447 1441//1419
f 1469//1446 195//195 196//196
f 1469//1446 196//196 1471//1448
f 1441//1419 1470//1447 1472//1449
f 1441//1419 1472//1449 1442//1420
f 1471//1448 196//196 197//197
f 1471//1448 197//197 1473//1450
f 1442//1420 1472//1449 1474//1451
f 1442//1420 1474//1451 1443//1421
f 1473//1450 197//197 198//198
f 1473//1450 198//198 1475//1452
f 1443//1421 1474//1451 1476//1453
f 1443//1421 1476//1453 1444//1422
f 1475//1452 198//198 199//199
f 1475//1452 199//199 1477//1454
f 1444//1422 1476//1453 1478//1455
f 1444//1422 1478//1455 1445//1423
f 1477//1454 199//199 200//200
f 1477//1454 200//200 1479//1456
f 1445//1423 1478//1455 1480//1457
f 1445//1423 1480//1457 1446//1424
f 1479//1456 200//200 201//201
f 1479//1456 201//201 1481//1458
f 1446//1424 1480//1457 1482//1459
f 1446//1424 1482//1459 1447//1425
f 1481//1458 201//201 202//202
f 1481//1458 202//202 1483//1460
f 1447//1425 1482//1459 1484//1461
f 1447//1425 1484//1461 1448//1426
f 1483//1460 202//202 203//203
f 1483//1460 203//203 1485//1462
f 1448//1426 1484//1461 1486//1463
f 1448//1426 1486//1463 1449//1427
f 1485//1462 203//203 204//204
f 1485//1462 204//204 1487//1464
f 1449//1427 1486//1463 1488//1465
f 1449//1427 1488//1465 1450//1428
f 1487//1464 204//204 205//205
f 1487//1464 205//205 1489//1466
f 1450//1428 1488//1465 1490//1467
f 1450//1428 1490//1467 1451//1429
f 1489//1466 205//205 206//206
f 1489//1466 206//206 1491//1468
f 1451//1429 1490//1467 1492//1469
f 1451//1429 1492//1469 1452//1430
f 1491//1468 206//206 207//207
f 1491//1468 207//207 1493//1470
f 1452//1430 1492//1469 1494//1471
f 1452//1430 1494//1471 1453//1431
f 1493//1470 207//207 208//208
f 1493//1470 208//208 1495//1472
f 1453//1431 1494//1471 1496//1473
f 1453//1431 1496//1473 1454//1432
f 1495//1472 208//208 209//209
f 1495//1472 209//209 1497//1474
f 1454//1432 1496//1473 1460//1437
f 1454//1432 1460//1437 1455//1433
f 1497//1474 209//209 210//210
f 1497//1474 210//210 1458//1435
f 1498//1475 211//211 231//231
f 1498//1475 231//231 1499//1476
f 1500//1477 1498//1475 1499//1476
f 1500//1477 1499//1476 1501//1478
f 1502//1479 1503//1480 1504//1481
f 1502//1479 1504//1481 1505//1482
f 1503//1480 1506//1477 1507//1483
f 1503//1480 1507//1483 1504//1481
f 211//211 1498//1475 1508//1484
f 211//211 1508//1484 212//212
f 1498//1475 1500//1477 1509//1485
f 1498//1475 1509//1485 1508//1484
f 1510//1477 1511//1480 1512//1486
f 1510//1477 1512//1486 1513//1487
f 1511//1480 1514//1488 1515//1489
f 1511//1480 1515//1489 1512//1486
f 212//212 1508//1484 1516//1490
f 212//212 1516//1490 214//214
f 1508//1484 1509//1485 1517//1491
f 1508//1484 1517//1491 1516//1490
f 1513//1487 1512//1486 1518//1492
f 1513//1487 1518//1492 1519//1493
f 1512//1486 1515//1489 1520//1494
f 1512//1486 1520//1494 1518//1492
f 214//214 1516//1490 1521//1495
f 214//214 1521//1495 215//215
f 1516//1490 1517//1491 1522//1496
f 1516//1490 1522//1496 1521//1495
f 1519//1493 1518//1492 1523//1497
f 1519//1493 1523//1497 1524//1496
f 1518//1492 1520//1494 1525//1498
f 1518//1492 1525//1498 1523//1497
f 215//215 1521//1495 1526//1499
f 215//215 1526//1499 216//216
f 1521//1495 1522//1496 1527//1500
f 1521//1495 1527//1500 1526//1499
f 1524//1496 1523//1497 1528//1501
f 1524//1496 1528//1501 1529//1502
f 1523//1497 1525//1498 1530//1503
f 1523//1497 1530//1503 1528//1501
f 216//216 1526//1499 1531//1504
f 216//216 1531//1504 217//217
f 1526//1499 1527//1500 1532//1505
f 1526//1499 1532//1505 1531//1504
f 1529//1502 1528//1501 1533//1506
f 1529//1502 1533//1506 1534//1507
f 1528//1501 1530//1503 1535//1508
f 1528//1501 1535//1508 1533//1506
f 217//217 1531//1504 1536//1509
f 217//217 1536//1509 218//218
f 1531//1504 1532//1505 1537//1510
f 1531//1504 1537//1510 1536//1509
f 1534//1507 1533//1506 1538//1511
f 1534//1507 1538//1511 1539//1510
f 1533//1506 1535//1508 1540//1512
f 1533//1506 1540//1512 1538//1511
f 218//218 1536//1509 1541//1513
f 218//218 1541//1513 219//219
f 1536//1509 1537//1510 1542//1514
f 1536//1509 1542//1514 1541//1513
f 1539//1510 1538//1511 1543//1515
f 1539//1510 1543//1515 1544//1516
f 1538//1511 1540//1512 1545//1517
f 1538//1511 1545//1517 1543//1515
f 219//219 1541//1513 1546//1518
f 219//219 1546//1518 220//220
f 1541//1513 1542//1514 1547//1519
f 1541//1513 1547//1519 1546//1518
f 1544//1516 1543//1515 1548//1520
f 1544//1516 1548//1520 1549//1519
f 1543//1515 1545//1517 1550//1521
f 1543//1515 1550//1521 1548//1520
f 220//220 1546//1518 1551//1522
f 220//220 1551//1522 221//221
f 1546//1518 1547//1519 1552//1523
f 1546//1518 1552//1523 1551//1522
f 1549//1519 1548//1520 1553//1524
f 1549//1519 1553//1524 1554//1523
f 1548//1520 1550//1521 1555//1525
f 1548//1520 1555//1525 1553//1524
f 221//221 1551//1522 1556//1526
f 221//221 1556//1526 222//222
f 1551//1522 1552//1523 1557//1527
f 1551//1522 1557//1527 1556//1526
f 1554//1523 1553//1524 1558//1528
f 1554//1523 1558//1528 1559//1529
f 1553//1524 1555//1525 1560//1530
f 1553//1524 1560//1530 1558//1528
f 222//222 1556//1526 1561//1531
f 222//222 1561//1531 223//223
f 1556//1526 1557//1527 1562//1532
f 1556//1526 1562//1532 1561//1531
f 1559//1529 1558//1528 1563//1533
f 1559//1529 1563//1533 1564//1534
f 1558//1528 1560//1530 1565//1535
f 1558//1528 1565//1535 1563//1533
f 223//223 1561//1531 1566//1536
f 223//223 1566//1536 224//224
f 1561//1531 1562//1532 1567//1537
f 1561//1531 1567//1537 1566//1536
f 1564//1534 1563//1533 1568//1538
f 1564//1534 1568//1538 1569//1537
f 1563//1533 1565//1535 1570//1539
f 1563//1533 1570//1539 1568//1538
f 224//224 1566//1536 1571//1540
f 224//224 1571//1540 225//225
f 1566//1536 1567//1537 1572//1541
f 1566//1536 1572//1541 1571//1540
f 1569//1537 1568//1538 1573//1542
f 1569//1537 1573//1542 1574//1543
f 1568//1538 1570//1539 1575//1544
f 1568//1538 1575//1544 1573//1542
f 225//225 1571//1540 1576//1545
f 225//225 1576//1545 226//226
f 1571//1540 1572//1541 1577//1546
f 1571//1540 1577//1546 1576//1545
f 1574//1543 1573//1542 1578//1547
f 1574//1543 1578//1547 1579//1548
f 1573//1542 1575//1544 1580//1549
f 1573//1542 1580//1549 1578//1547
f 226//226 1576//1545 1581//1550
f 226//226 1581//1550 227//227
f 1576//1545 1577//1546 1582//1551
f 1576//1545 1582//1551 1581//1550
f 1579//1548 1578//1547 1583//1552
f 1579//1548 1583//1552 1584//1551
f 1578//1547 1580//1549 1585//1553
f 1578//1547 1585//1553 1583//1552
f 227//227 1581//1550 1586//1554
f 227//227 1586//1554 228//228
f 1581//1550 1582//1551 1587//1555
f 1581//1550 1587//1555 1586//1554
f 1584//1551 1583//1552 1588//1556
f 1584//1551 1588//1556 1589//1557
f 1583//1552 1585//1553 1590//1558
f 1583//1552 1590//1558 1588//1556
f 228//228 1586//1554 1591//1559
f 228//228 1591//1559 229//229
f 1586//1554 1587//1555 1592//1560
f 1586//1554 1592//1560 1591//1559
f 1589//1557 1588//1556 1593//1561
f 1589//1557 1593//1561 1594//1562
f 1588//1556 1590//1558 1595//1563
f 1588//1556 1595//1563 1593//1561
f 229//229 1591//1559 1596//1564
f 229//229 1596//1564 230//230
f 1591//1559 1592//1560 1597//1565
f 1591//1559 1597//1565 1596//1564
f 1594//1562 1593//1561 1598//1566
f 1594//1562 1598//1566 1599//1567
f 1593//1561 1595//1563 1600//1568
f 1593//1561 1600//1568 1598//1566
f 230//230 1596//1564 1499//1476
f 230//230 1499//1476 231//231
f 1596//1564 1597//1565 1501//1478
f 1596//1564 1501//1478 1499//1476
f 1599//1567 1598//1566 1504//1481
f 1599//1567 1504//1481 1507//1483
f 1598//1566 1600//1568 1505//1482
f 1598//1566 1505//1482 1504//1481
f 1601//1569 1602//1570 1515//1489
f 1601//1569 1515//1489 1514//1488
f 1602//1570 1603//1571 1520//1494
f 1602//1570 1520//1494 1515//1489
f 1603//1571 1604//1572 1525//1498
f 1603//1571 1525//1498 1520//1494
f 1604//1572 1605//1573 1530//1503
f 1604//1572 1530//1503 1525//1498
f 1605//1573 1606//1574 1535//1508
f 1605//1573 1535//1508 1530//1503
f 1606//1574 1607//1575 1540//1512
f 1606//1574 1540//1512 1535//1508
f 1607//1575 1608//1576 1545//1517
f 1607//1575 1545//1517 1540//1512
f 1608//1576 1609//1577 1550//1521
f 1608//1576 1550//1521 1545//1517
f 1609//1577 1610//1578 1555//1525
f 1609//1577 1555//1525 1550//1521
f 1610//1578 1611//1579 1560//1530
f 1610//1578 1560//1530 1555//1525
f 1611//1579 1612//1580 1565//1535
f 1611//1579 1565//1535 1560//1530
f 1612//1580 1613//1581 1570//1539
f 1612//1580 1570//1539 1565//1535
f 1613//1581 1614//1582 1575//1544
f 1613//1581 1575//1544 1570//1539
f 1614//1582 1615//1583 1580//1549
f 1614//1582 1580//1549 1575//1544
f 1615//1583 1616//1584 1585//1553
f 1615//1583 1585//1553 1580//1549
f 1616//1584 1617//1585 1590//1558
f 1616//1584 1590//1558 1585//1553
f 1617//1585 1618//1586 1595//1563
f 1617//1585 1595//1563 1590//1558
f 1618//1586 1619//1587 1600//1568
f 1618//1586 1600//1568 1595//1563
f 1619//1587 1620//1588 1505//1482
f 1619//1587 1505//1482 1600//1568
f 1620//1588 1621//1589 1502//1479
f 1620//1588 1502//1479 1505//1482
f 233//233 1622//1590 1623//1591
f 233//233 1623//1591 252//252
f 1624//1592 1621//1589 1620//1588
f 1624//1592 1620//1588 1625//1593
f 1601//1569 1626//1594 1627//1595
f 1601//1569 1627//1595 1602//1570
f 1622//1590 233//233 232//232
f 1622//1590 232//232 1628//1596
f 1602//1570 1627//1595 1629//1597
f 1602//1570 1629//1597 1603//1571
f 1628//1596 232//232 235//235
f 1628//1596 235//235 1630//1598
f 1603//1571 1629//1597 1631//1599
f 1603//1571 1631//1599 1604//1572
f 1630//1598 235//235 236//236
f 1630//1598 236//236 1632//1600
f 1604//1572 1631//1599 1633//1601
f 1604//1572 1633//1601 1605//1573
f 1632//1600 236//236 237//237
f 1632//1600 237//237 1634//1602
f 1605//1573 1633//1601 1635//1603
f 1605//1573 1635//1603 1606//1574
f 1634//1602 237//237 238//238
f 1634//1602 238//238 1636//1604
f 1606//1574 1635//1603 1637//1605
f 1606//1574 1637//1605 1607//1575
f 1636//1604 238//238 239//239
f 1636//1604 239//239 1638//1606
f 1607//1575 1637//1605 1639//1607
f 1607//1575 1639//1607 1608//1576
f 1638//1606 239//239 240//240
f 1638//1606 240//240 1640//1608
f 1608//1576 1639//1607 1641//1609
f 1608//1576 1641//1609 1609//1577
f 1640//1608 240//240 241//241
f 1640//1608 241//241 1642//1610
f 1609//1577 1641//1609 1643//1611
f 1609//1577 1643//1611 1610//1578
f 1642//1610 241//241 242//242
f 1642//1610 242//242 1644//1612
f 1610//1578 1643//1611 1645//1613
f 1610//1578 1645//1613 1611//1579
f 1644//1612 242//242 243//243
f 1644//1612 243//243 1646//1614
f 1611//1579 1645//1613 1647//1615
f 1611//1579 1647//1615 1612//1580
f 1646//1614 243//243 244//244
f 1646//1614 244//244 1648//1616
f 1612//1580 1647//1615 1649//1617
f 1612//1580 1649//1617 1613//1581
f 1648//1616 244//244 245//245
f 1648//1616 245//245 1650//1618
f 1613//1581 1649//1617 1651//1619
f 1613//1581 1651//1619 1614//1582
f 1650//1618 245//245 246//246
f 1650//1618 246//246 1652//1620
f 1614//1582 1651//1619 1653//1621
f 1614//1582 1653//1621 1615//1583
f 1652//1620 246//246 247//247
f 1652//1620 247//247 1654//1622
f 1615//1583 1653//1621 1655//1623
f 1615//1583 1655//1623 1616//1584
f 1654//1622 247//247 248//248
f 1654//1622 248//248 1656//1624
f 1616//1584 1655//1623 1657//1625
f 1616//1584 1657//1625 1617//1585
f 1656//1624 248//248 249//249
f 1656//1624 249//249 1658//1626
f 1617//1585 1657//1625 1659//1627
f 1617//1585 1659//1627 1618//1586
f 1658//1626 249//249 250//250
f 1658//1626 250//250 1660//1628
f 1618//1586 1659//1627 1661//1629
f 1618//1586 1661//1629 1619//1587
f 1660//1628 250//250 251//251
f 1660//1628 251//251 1662//1630
f 1619//1587 1661//1629 1625//1593
f 1619//1587 1625//1593 1620//1588
f 1662//1630 251//251 252//252
f 1662//1630 252//252 1623//1591
f 1663//1631 253//253 273//273
f 1663//1631 273//273 1664//1632
f 1665//1633 1663//1631 1664//1632
f 1665//1633 1664//1632 1666//1634
f 1667//1635 1668//1636 1669//1637
f 1667//1635 1669//1637 1670//1638
f 1668//1636 1671//1633 1672//1639
f 1668//1636 1672//1639 1669//1637
f 253//253 1663//1631 1673//1640
f 253//253 1673//1640 254//254
f 1663//1631 1665//1633 1674//1641
f 1663//1631 1674//1641 1673//1640
f 1675//1642 1676//1636 1677//1643
f 1675//1642 1677//1643 1678//1641
f 1676//1636 1679//1635 1680//1644
f 1676//1636 1680//1644 1677//1643
f 254//254 1673//1640 1681//1645
f 254//254 1681//1645 256//256
f 1673//1640 1674//1641 1682//1646
f 1673//1640 1682//1646 1681//1645
f 1678//1641 1677//1643 1683//1647
f 1678//1641 1683//1647 1684//1648
f 1677//1643 1680//1644 1685//1649
f 1677//1643 1685//1649 1683//1647
f 256//256 1681//1645 1686//1650
f 256//256 1686//1650 257//257
f 1681//1645 1682//1646 1687//1651
f 1681//1645 1687//1651 1686//1650
f 1684//1648 1683//1647 1688//1652
f 1684//1648 1688//1652 1689//1653
f 1683//1647 1685//1649 1690//1654
f 1683//1647 1690//1654 1688//1652
f 257//257 1686//1650 1691//1655
f 257//257 1691//1655 258//258
f 1686//1650 1687//1651 1692//1656
f 1686//1650 1692//1656 1691//1655
f 1689//1653 1688//1652 1693//1657
f 1689//1653 1693//1657 1694//1658
f 1688//1652 1690//1654 1695//1659
f 1688//1652 1695//1659 1693//1657
f 258//258 1691//1655 1696//1660
f 258//258 1696//1660 259//259
f 1691//1655 1692//1656 1697//1661
f 1691//1655 1697//1661 1696//1660
f 1694//1658 1693//1657 1698//1662
f 1694//1658 1698//1662 1699//1663
f 1693//1657 1695//1659 1700//1664
f 1693//1657 1700//1664 1698//1662
f 259//259 1696//1660 1701//1665
f 259//259 1701//1665 260//260
f 1696//1660 1697//1661 1702//1666
f 1696//1660 1702//1666 1701//1665
f 1699//1663 1698//1662 1703//1667
f 1699//1663 1703//1667 1704//1666
f 1698//1662 1700//1664 1705//1668
f 1698//1662 1705//1668 1703//1667
f 260//260 1701//1665 1706//1669
f 260//260 1706//1669 261//261
f 1701//1665 1702//1666 1707//1670
f 1701//1665 1707//1670 1706//1669
f 1704//1666 1703//1667 1708//1671
f 1704//1666 1708//1671 1709//1672
f 1703//1667 1705//1668 1710//1673
f 1703//1667 1710//1673 1708//1671
f 261//261 1706//1669 1711//1674
f 261//261 1711//1674 262//262
f 1706//1669 1707//1670 1712//1675
f 1706//1669 1712//1675 1711//1674
f 1709//1672 1708//1671 1713//1676
f 1709//1672 1713//1676 1714//1675
f 1708//1671 1710//1673 1715//1677
f 1708//1671 1715//1677 1713//1676
f 262//262 1711//1674 1716//1678
f 262//262 1716//1678 263//263
f 1711//1674 1712//1675 1717//1679
f 1711//1674 1717//1679 1716//1678
f 1714//1675 1713//1676 1718//1680
f 1714//1675 1718//1680 1719//1679
f 1713//1676 1715//1677 1720//1681
f 1713//1676 1720//1681 1718//1680
f 263//263 1716//1678 1721//1682
f 263//263 1721//1682 264//264
f 1716//1678 1717//1679 1722//1683
f 1716//1678 1722//1683 1721//1682
f 1719//1679 1718//1680 1723//1684
f 1719//1679 1723//1684 1724//1685
f 1718//1680 1720//1681 1725//1686
f 1718//1680 1725//1686 1723//1684
f 264//264 1721//1682 1726//1687
f 264//264 1726//1687 265//265
f 1721//1682 1722//1683 1727//1688
f 1721//1682 1727//1688 1726//1687
f 1724//1685 1723//1684 1728//1689
f 1724//1685 1728//1689 1729//1688
f 1723//1684 1725//1686 1730//1690
f 1723//1684 1730//1690 1728//1689
f 265//265 1726//1687 1731//1691
f 265//265 1731//1691 266//266
f 1726//1687 1727//1688 1732//1692
f 1726//1687 1732//1692 1731//1691
f 1729//1688 1728//1689 1733//1693
f 1729//1688 1733//1693 1734//1694
f 1728//1689 1730//1690 1735//1695
f 1728//1689 1735//1695 1733//1693
f 266//266 1731//1691 1736//1696
f 266//266 1736//1696 267//267
f 1731//1691 1732//1692 1737//1697
f 1731//1691 1737//1697 1736//1696
f 1734//1694 1733//1693 1738//1698
f 1734//1694 1738//1698 1739//1699
f 1733//1693 1735//1695 1740//1700
f 1733//1693 1740//1700 1738//1698
f 267//267 1736//1696 1741//1701
f 267//267 1741//1701 268//268
f 1736//1696 1737//1697 1742//1702
f 1736//1696 1742//1702 1741//1701
f 1739//1699 1738//1698 1743//1703
f 1739//1699 1743//1703 1744//1702
f 1738//1698 1740//1700 1745//1704
f 1738//1698 1745//1704 1743//1703
f 268//268 1741//1701 1746//1705
f 268//268 1746//1705 269//269
f 1741//1701 1742//1702 1747//1706
f 1741//1701 1747//1706 1746//1705
f 1744//1702 1743//1703 1748//1707
f 1744//1702 1748//1707 1749//1708
f 1743//1703 1745//1704 1750//1709
f 1743//1703 1750//1709 1748//1707
f 269//269 1746//1705 1751//1710
f 269//269 1751//1710 270//270
f 1746//1705 1747//1706 1752//1711
f 1746//1705 1752//1711 1751//1710
f 1749//1708 1748//1707 1753//1712
f 1749//1708 1753//1712 1754//1713
f 1748//1707 1750//1709 1755//1714
f 1748//1707 1755//1714 1753//1712
f 270//270 1751//1710 1756//1715
f 270//270 1756//1715 271//271
f 1751//1710 1752//1711 1757//1716
f 1751//1710 1757//1716 1756//1715
f 1754//1713 1753//1712 1758//1717
f 1754//1713 1758//1717 1759//1718
f 1753//1712 1755//1714 1760//1719
f 1753//1712 1760//1719 1758//1717
f 271//271 1756//1715 1761//1720
f 271//271 1761//1720 272//272
f 1756//1715 1757//1716 1762//1721
f 1756//1715 1762//1721 1761//1720
f 1759//1718 1758//1717 1763//1722
f 1759//1718 1763//1722 1764//1723
f 1758//1717 1760//1719 1765//1724
f 1758//1717 1765//1724 1763//1722
f 272//272 1761//1720 1664//1632
f 272//272 1664//1632 273//273
f 1761//1720 1762//1721 1666//1634
f 1761//1720 1666//1634 1664//1632
f 1764//1723 1763//1722 1669//1637
f 1764//1723 1669//1637 1672//1639
f 1763//1722 1765//1724 1670//1638
f 1763//1722 1670//1638 1669//1637
f 1766//1725 1767//1726 1680//1644
f 1766//1725 1680//1644 1679//1635
f 1767//1726 1768//1727 1685//1649
f 1767//1726 1685//1649 1680//1644
f 1768//1727 1769//1728 1690//1654
f 1768//1727 1690//1654 1685//1649
f 1769//1728 1770//1729 1695//1659
f 1769//1728 1695//1659 1690//1654
f 1770//1729 1771//1730 1700//1664
f 1770//1729 1700//1664 1695//1659
f 1771//1730 1772//1731 1705//1668
f 1771//1730 1705//1668 1700//1664
f 1772//1731 1773//1732 1710//1673
f 1772//1731 1710//1673 1705//1668
f 1773//1732 1774//1733 1715//1677
f 1773//1732 1715//1677 1710//1673
f 1774//1733 1775//1734 1720//1681
f 1774//1733 1720//1681 1715//1677
f 1775//1734 1776//1735 1725//1686
f 1775//1734 1725//1686 1720//1681
f 1776//1735 1777//1736 1730//1690
f 1776//1735 1730//1690 1725//1686
f 1777//1736 1778//1737 1735//1695
f 1777//1736 1735//1695 1730//1690
f 1778//1737 1779//1738 1740//1700
f 1778//1737 1740//1700 1735//1695
f 1779//1738 1780//1739 1745//1704
f 1779//1738 1745//1704 1740//1700
f 1780//1739 1781//1740 1750//1709
f 1780//1739 1750//1709 1745//1704
f 1781//1740 1782//1741 1755//1714
f 1781//1740 1755//1714 1750//1709
f 1782//1741 1783//1742 1760//1719
f 1782//1741 1760//1719 1755//1714
f 1783//1742 1784//1743 1765//1724
f 1783//1742 1765//1724 1760//1719
f 1784//1743 1785//1744 1670//1638
f 1784//1743 1670//1638 1765//1724
f 1785//1744 1786//1725 1667//1635
f 1785//1744 1667//1635 1670//1638
f 275//275 1787//1745 1788//1746
f 275//275 1788//1746 294//294
f 1789//1747 1786//1725 1785//1744
f 1789//1747 1785//1744 1790//1748
f 1766//1725 1791//1749 1792//1750
f 1766//1725 1792//1750 1767//1726
f 1787//1745 275//275 274//274
f 1787//1745 274//274 1793//1751
f 1767//1726 1792//1750 1794//1752
f 1767//1726 1794//1752 1768//1727
f 1793//1751 274//274 277//277
f 1793//1751 277//277 1795//1753
f 1768//1727 1794//1752 1796//1754
f 1768//1727 1796//1754 1769//1728
f 1795//1753 277//277 278//278
f 1795//1753 278//278 1797//1755
f 1769//1728 1796//1754 1798//1756
f 1769//1728 1798//1756 1770//1729
f 1797//1755 278//278 279//279
f 1797//1755 279//279 1799//1757
f 1770//1729 1798//1756 1800//1758
f 1770//1729 1800//1758 1771//1730
f 1799//1757 279//279 280//280
f 1799//1757 280//280 1801//1759
f 1771//1730 1800//1758 1802//1760
f 1771//1730 1802//1760 1772//1731
f 1801//1759 280//280 281//281
f 1801//1759 281//281 1803//1761
f 1772//1731 1802//1760 1804//1762
f 1772//1731 1804//1762 1773//1732
f 1803//1761 281//281 282//282
f 1803//1761 282//282 1805//1763
f 1773//1732 1804//1762 1806//1764
f 1773//1732 1806//1764 1774//1733
f 1805//1763 282//282 283//283
f 1805//1763 283//283 1807//1765
f 1774//1733 1806//1764 1808//1766
f 1774//1733 1808//1766 1775//1734
f 1807//1765 283//283 284//284
f 1807//1765 284//284 1809//1767
f 1775//1734 1808//1766 1810//1768
f 1775//1734 1810//1768 1776//1735
f 1809//1767 284//284 285//285
f 1809//1767 285//285 1811//1769
f 1776//1735 1810//1768 1812//1770
f 1776//1735 1812//1770 1777//1736
f 1811//1769 285//285 286//286
f 1811//1769 286//286 1813//1771
f 1777//1736 1812//1770 1814//1772
f 1777//1736 1814//1772 1778//1737
f 1813//1771 286//286 287//287
f 1813//1771 287//287 1815//1773
f 1778//1737 1814//1772 1816//1774
f 1778//1737 1816//1774 1779//1738
f 1815//1773 287//287 288//288
f 1815//1773 288//288 1817//1775
f 1779//1738 1816//1774 1818//1776
f 1779//1738 1818//1776 1780//1739
f 1817//1775 288//288 289//289
f 1817//1775 289//289 1819//1777
f 1780//1739 1818//1776 1820//1778
f 1780//1739 1820//1778 1781//1740
f 1819//1777 289//289 290//290
f 1819//1777 290//290 1821//1779
f 1781//1740 1820//1778 1822//1780
f 1781//1740 1822//1780 1782//1741
f 1821//1779 290//290 291//291
f 1821//1779 291//291 1823//1781
f 1782//1741 1822//1780 1824//1782
f 1782//1741 1824//1782 1783//1742
f 1823//1781 291//291 292//292
f 1823//1781 292//292 1825//1783
f 1783//1742 1824//1782 1826//1784
f 1783//1742 1826//1784 1784//1743
f 1825//1783 292//292 293//293
f 1825//1783 293//293 1827//1785
f 1784//1743 1826//1784 1790//1748
f 1784//1743 1790//1748 1785//1744
f 1827//1785 293//293 294//294
f 1827//1785 294//294 1788//1746
f 1828//1786 295//295 315//315
f 1828//1786 315//315 1829//1787
f 1830//1788 1828//1786 1829//1787
f 1830//1788 1829//1787 1831//1789
f 1832//1790 1833//1791 1834//1792
f 1832//1790 1834//1792 1835//1793
f 1833//1791 1836//1788 1837//1794
f 1833//1791 1837//1794 1834//1792
f 295//295 1828//1786 1838//1795
f 295//295 1838//1795 296//296
f 1828//1786 1830//1788 1839//1796
f 1828//1786 1839//1796 1838//1795
f 1840//1797 1841//1798 1842//1799
f 1840//1797 1842//1799 1843//1796
f 1841//1798 1844//1790 1845//1800
f 1841//1798 1845//1800 1842//1799
f 296//296 1838//1795 1846//1801
f 296//296 1846//1801 298//298
f 1838//1795 1839//1796 1847//1802
f 1838//1795 1847//1802 1846//1801
f 1843//1796 1842//1799 1848//1803
f 1843//1796 1848//1803 1849//1804
f 1842//1799 1845//1800 1850//1805
f 1842//1799 1850//1805 1848//1803
f 298//298 1846//1801 1851//1806
f 298//298 1851//1806 299//299
f 1846//1801 1847//1802 1852//1807
f 1846//1801 1852//1807 1851//1806
f 1849//1804 1848//1803 1853//1808
f 1849//1804 1853//1808 1854//1809
f 1848//1803 1850//1805 1855//1810
f 1848//1803 1855//1810 1853//1808
f 299//299 1851//1806 1856//1811
f 299//299 1856//1811 300//300
f 1851//1806 1852//1807 1857//1812
f 1851//1806 1857//1812 1856//1811
f 1854//1809 1853//1808 1858//1813
f 1854//1809 1858//1813 1859//1814
f 1853//1808 1855//1810 1860//1815
f 1853//1808 1860//1815 1858//1813
f 300//300 1856//1811 1861//1816
f 300//300 1861//1816 301//301
f 1856//1811 1857//1812 1862//1817
f 1856//1811 1862//1817 1861//1816
f 1859//1814 1858//1813 1863//1818
f 1859//1814 1863//1818 1864//1819
f 1858//1813 1860//1815 1865//1820
f 1858//1813 1865//1820 1863//1818
f 301//301 1861//1816 1866//1821
f 301//301 1866//1821 302//302
f 1861//1816 1862//1817 1867//1822
f 1861//1816 1867//1822 1866//1821
f 1864//1819 1863//1818 1868//1823
f 1864//1819 1868//1823 1869//1822
f 1863//1818 1865//1820 1870//1824
f 1863//1818 1870//1824 1868//1823
f 302//302 1866//1821 1871//1825
f 302//302 1871//1825 303//303
f 1866//1821 1867//1822 1872//1826
f 1866//1821 1872//1826 1871//1825
f 1869//1822 1868//1823 1873//1827
f 1869//1822 1873//1827 1874//1826
f 1868//1823 1870//1824 1875//1828
f 1868//1823 1875//1828 1873//1827
f 303//303 1871//1825 1876//1829
f 303//303 1876//1829 304//304
f 1871//1825 1872//1826 1877//1830
f 1871//1825 1877//1830 1876//1829
f 1874//1826 1873//1827 1878//1831
f 1874//1826 1878//1831 1879//1830
f 1873//1827 1875//1828 1880//1832
f 1873//1827 1880//1832 1878//1831
f 304//304 1876//1829 1881//1833
f 304//304 1881//1833 305//305
f 1876//1829 1877//1830 1882//1834
f 1876//1829 1882//1834 1881//1833
f 1879//1830 1878//1831 1883//1835
f 1879//1830 1883//1835 1884//1836
f 1878//1831 1880//1832 1885//1837
f 1878//1831 1885//1837 1883//1835
f 305//305 1881//1833 1886//1838
f 305//305 1886//1838 306//306
f 1881//1833 1882//1834 1887//1839
f 1881//1833 1887//1839 1886//1838
f 1884//1836 1883//1835 1888//1840
f 1884//1836 1888//1840 1889//1839
f 1883//1835 1885//1837 1890//1841
f 1883//1835 1890//1841 1888//1840
f 306//306 1886//1838 1891//1842
f 306//306 1891//1842 307//307
f 1886//1838 1887//1839 1892//1843
f 1886//1838 1892//1843 1891//1842
f 1889//1839 1888//1840 1893//1844
f 1889//1839 1893//1844 1894//1843
f 1888//1840 1890//1841 1895//1845
f 1888//1840 1895//1845 1893//1844
f 307//307 1891//1842 1896//1846
f 307//307 1896//1846 308//308
f 1891//1842 1892//1843 1897//1847
f 1891//1842 1897//1847 1896//1846
f 1894//1843 1893//1844 1898//1848
f 1894//1843 1898//1848 1899//1849
f 1893//1844 1895//1845 1900//1850
f 1893//1844 1900//1850 1898//1848
f 308//308 1896//1846 1901//1851
f 308//308 1901//1851 309//309
f 1896//1846 1897//1847 1902//1852
f 1896//1846 1902//1852 1901//1851
f 1899//1849 1898//1848 1903//1853
f 1899//1849 1903//1853 1904//1854
f 1898//1848 1900//1850 1905//1855
f 1898//1848 1905//1855 1903//1853
f 309//309 1901//1851 1906//1856
f 309//309 1906//1856 310//310
f 1901//1851 1902//1852 1907//1857
f 1901//1851 1907//1857 1906//1856
f 1904//1854 1903//1853 1908//1858
f 1904//1854 1908//1858 1909//1859
f 1903//1853 1905//1855 1910//1860
f 1903//1853 1910//1860 1908//1858
f 310//310 1906//1856 1911//1861
f 310//310 1911//1861 311//311
f 1906//1856 1907//1857 1912//1862
f 1906//1856 1912//1862 1911//1861
f 1909//1859 1908//1858 1913//1863
f 1909//1859 1913//1863 1914//1864
f 1908//1858 1910//1860 1915//1865
f 1908//1858 1915//1865 1913//1863
f 311//311 1911//1861 1916//1866
f 311//311 1916//1866 312//312
f 1911//1861 1912//1862 1917//1867
f 1911//1861 1917//1867 1916//1866
f 1914//1864 1913//1863 1918//1868
f 1914//1864 1918//1868 1919//1869
f 1913//1863 1915//1865 1920//1870
f 1913//1863 1920//1870 1918//1868
f 312//312 1916//1866 1921//1871
f 312//312 1921//1871 313//313
f 1916//1866 1917//1867 1922//1872
f 1916//1866 1922//1872 1921//1871
f 1919//1869 1918//1868 1923//1873
f 1919//1869 1923//1873 1924//1874
f 1918//1868 1920//1870 1925//1875
f 1918//1868 1925//1875 1923//1873
f 313//313 1921//1871 1926//1876
f 313//313 1926//1876 314//314
f 1921//1871 1922//1872 1927//1877
f 1921//1871 1927//1877 1926//1876
f 1924//1874 1923//1873 1928//1878
f 1924//1874 1928//1878 1929//1879
f 1923//1873 1925//1875 1930//1880
f 1923//1873 1930//1880 1928//1878
f 314//314 1926//1876 1829//1787
f 314//314 1829//1787 315//315
f 1926//1876 1927//1877 1831//1789
f 1926//1876 1831//1789 1829//1787
f 1929//1879 1928//1878 1834//1792
f 1929//1879 1834//1792 1837//1794
f 1928//1878 1930//1880 1835//1793
f 1928//1878 1835//1793 1834//1792
f 1931//1881 1932//1882 1845//1800
f 1931//1881 1845//1800 1844//1790
f 1932//1882 1933//1883 1850//1805
f 1932//1882 1850//1805 1845//1800
f 1933//1883 1934//1884 1855//1810
f 1933//1883 1855//1810 1850//1805
f 1934//1884 1935//1885 1860//1815
f 1934//1884 1860//1815 1855//1810
f 1935//1885 1936//1886 1865//1820
f 1935//1885 1865//1820 1860//1815
f 1936//1886 1937//1887 1870//1824
f 1936//1886 1870//1824 1865//1820
f 1937//1887 1938//1888 1875//1828
f 1937//1887 1875//1828 1870//1824
f 1938//1888 1939//1889 1880//1832
f 1938//1888 1880//1832 1875//1828
f 1939//1889 1940//1890 1885//1837
f 1939//1889 1885//1837 1880//1832
f 1940//1890 1941//1891 1890//1841
f 1940//1890 1890//1841 1885//1837
f 1941//1891 1942//1892 1895//1845
f 1941//1891 1895//1845 1890//1841
f 1942//1892 1943//1893 1900//1850
f 1942//1892 1900//1850 1895//1845
f 1943//1893 1944//1894 1905//1855
f 1943//1893 1905//1855 1900//1850
f 1944//1894 1945//1895 1910//1860
f 1944//1894 1910//1860 1905//1855
f 1945//1895 1946//1896 1915//1865
f 1945//1895 1915//1865 1910//1860
f 1946//1896 1947//1897 1920//1870
f 1946//1896 1920//1870 1915//1865
f 1947//1897 1948//1898 1925//1875
f 1947//1897 1925//1875 1920//1870
f 1948//1898 1949//1899 1930//1880
f 1948//1898 1930//1880 1925//1875
f 1949//1899 1950//1900 1835//1793
f 1949//1899 1835//1793 1930//1880
f 1950//1900 1951//1881 1832//1790
f 1950//1900 1832//1790 1835//1793
f 317//317 1952//1901 1953//1902
f 317//317 1953//1902 336//336
f 1954//1903 1951//1881 1950//1900
f 1954//1903 1950//1900 1955//1904
f 1931//1881 1956//1905 1957//1906
f 1931//1881 1957//1906 1932//1882
f 1952//1901 317//317 316//316
f 1952//1901 316//316 1958//1907
f 1932//1882 1957//1906 1959//1908
f 1932//1882 1959//1908 1933//1883
f 1958//1907 316//316 319//319
f 1958//1907 319//319 1960//1909
f 1933//1883 1959//1908 1961//1910
f 1933//1883 1961//1910 1934//1884
f 1960//1909 319//319 320//320
f 1960//1909 320//320 1962//1911
f 1934//1884 1961//1910 1963//1912
f 1934//1884 1963//1912 1935//1885
f 1962//1911 320//320 321//321
f 1962//1911 321//321 1964//1913
f 1935//1885 1963//1912 1965//1914
f 1935//1885 1965//1914 1936//1886
f 1964//1913 321//321 322//322
f 1964//1913 322//322 1966//1915
f 1936//1886 1965//1914 1967//1916
f 1936//1886 1967//1916 1937//1887
f 1966//1915 322//322 323//323
f 1966//1915 323//323 1968//1917
f 1937//1887 1967//1916 1969//1918
f 1937//1887 1969//1918 1938//1888
f 1968//1917 323//323 324//324
f 1968//1917 324//324 1970//1919
f 1938//1888 1969//1918 1971//1920
f 1938//1888 1971//1920 1939//1889
f 1970//1919 324//324 325//325
f 1970//1919 325//325 1972//1921
f 1939//1889 1971//1920 1973//1922
f 1939//1889 1973//1922 1940//1890
f 1972//1921 325//325 326//326
f 1972//1921 326//326 1974//1923
f 1940//1890 1973//1922 1975//1924
f 1940//1890 1975//1924 1941//1891
f 1974//1923 326//326 327//327
f 1974//1923 327//327 1976//1925
f 1941//1891 1975//1924 1977//1926
f 1941//1891 1977//1926 1942//1892
f 1976//1925 327//327 328//328
f 1976//1925 328//328 1978//1927
f 1942//1892 1977//1926 1979//1928
f 1942//1892 1979//1928 1943//1893
f 1978//1927 328//328 329//329
f 1978//1927 329//329 1980//1929
f 1943//1893 1979//1928 1981//1930
f 1943//1893 1981//1930 1944//1894
f 1980//1929 329//329 330//330
f 1980//1929 330//330 1982//1931
f 1944//1894 1981//1930 1983//1932
f 1944//1894 1983//1932 1945//1895
f 1982//1931 330//330 331//331
f 1982//1931 331//331 1984//1933
f 1945//1895 1983//1932 1985//1934
f 1945//1895 1985//1934 1946//1896
f 1984//1933 331//331 332//332
f 1984//1933 332//332 1986//1935
f 1946//1896 1985//1934 1987//1936
f 1946//1896 1987//1936 1947//1897
f 1986//1935 332//332 333//333
f 1986//1935 333//333 1988//1937
f 1947//1897 1987//1936 1989//1938
f 1947//1897 1989//1938 1948//1898
f 1988//1937 333//333 334//334
f 1988//1937 334//334 1990//1939
f 1948//1898 1989//1938 1991//1940
f 1948//1898 1991//1940 1949//1899
f 1990//1939 334//334 335//335
f 1990//1939 335//335 1992//1941
f 1949//1899 1991//1940 1955//1904
f 1949//1899 1955//1904 1950//1900
f 1992//1941 335//335 336//336
f 1992//1941 336//336 1953//1902
f 1993//1942 337//337 357//357
f 1993//1942 357//357 1994//1943
f 1995//1944 1993//1942 1994//1943
f 1995//1944 1994//1943 1996//1945
f 1997//1946 1998//1947 1999//1948
f 1997//1946 1999//1948 2000//1949
f 1998//1947 2001//1950 2002//1951
f 1998//1947 2002//1951 1999//1948
f 337//337 1993//1942 2003//1952
f 337//337 2003//1952 338//338
f 1993//1942 1995//1944 2004//1953
f 1993//1942 2004//1953 2003//1952
f 2005//1954 2006//1947 2007//1955
f 2005//1954 2007//1955 2008//1953
f 2006//1947 2009//1956 2010//1957
f 2006//1947 2010//1957 2007//1955
f 338//338 2003//1952 2011//1958
f 338//338 2011//1958 340//340
f 2003//1952 2004//1953 2012//1959
f 2003//1952 2012//1959 2011//1958
f 2008//1953 2007//1955 2013//1960
f 2008//1953 2013//1960 2014//1961
f 2007//1955 2010//1957 2015//1962
f 2007//1955 2015//1962 2013//1960
f 340//340 2011//1958 2016//1963
f 340//340 2016//1963 341//341
f 2011//1958 2012//1959 2017//1964
f 2011//1958 2017//1964 2016//1963
f 2014//1961 2013//1960 2018//1965
f 2014//1961 2018//1965 2019//1966
f 2013//1960 2015//1962 2020//1967
f 2013//1960 2020//1967 2018//1965
f 341//341 2016//1963 2021//1968
f 341//341 2021//1968 342//342
f 2016//1963 2017//1964 2022//1969
f 2016//1963 2022//1969 2021//1968
f 2019//1966 2018//1965 2023//1970
f 2019//1966 2023//1970 2024//1971
f 2018//1965 2020//1967 2025//1972
f 2018//1965 2025//1972 2023//1970
f 342//342 2021//1968 2026//1973
f 342//342 2026//1973 343//343
f 2021//1968 2022//1969 2027//1974
f 2021//1968 2027//1974 2026//1973
f 2024//1971 2023//1970 2028//1975
f 2024//1971 2028//1975 2029//1976
f 2023//1970 2025//1972 2030//1977
f 2023//1970 2030//1977 2028//1975
f 343//343 2026//1973 2031//1978
f 343//343 2031//1978 344//344
f 2026//1973 2027//1974 2032//1979
f 2026//1973 2032//1979 2031//1978
f 2029//1976 2028//1975 2033//1980
f 2029//1976 2033//1980 2034//1981
f 2028//1975 2030//1977 2035//1982
f 2028//1975 2035//1982 2033//1980
f 344//344 2031//1978 2036//1983
f 344//344 2036//1983 345//345
f 2031//1978 2032//1979 2037//1984
f 2031//1978 2037//1984 2036//1983
f 2034//1981 2033//1980 2038//1985
f 2034//1981 2038//1985 2039//1984
f 2033//1980 2035//1982 2040//1986
f 2033//1980 2040//1986 2038//1985
f 345//345 2036//1983 2041//1987
f 345//345 2041//1987 346//346
f 2036//1983 2037//1984 2042//1988
f 2036//1983 2042//1988 2041//1987
f 2039//1984 2038//1985 2043//1989
f 2039//1984 2043//1989 2044//1990
f 2038//1985 2040//1986 2045//1991
f 2038//1985 2045//1991 2043//1989
f 346//346 2041//1987 2046//1992
f 346//346 2046//1992 347//347
f 2041//1987 2042//1988 2047//1993
f 2041//1987 2047//1993 2046//1992
f 2044//1990 2043//1989 2048//1994
f 2044//1990 2048//1994 2049//1995
f 2043//1989 2045//1991 2050//1996
f 2043//1989 2050//1996 2048//1994
f 347//347 2046//1992 2051//1997
f 347//347 2051//1997 348//348
f 2046//1992 2047//1993 2052//1998
f 2046//1992 2052//1998 2051//1997
f 2049//1995 2048//1994 2053//1999
f 2049//1995 2053//1999 2054//1998
f 2048//1994 2050//1996 2055//2000
f 2048//1994 2055//2000 2053//1999
f 348//348 2051//1997 2056//2001
f 348//348 2056//2001 349//349
f 2051//1997 2052//1998 2057//2002
f 2051//1997 2057//2002 2056//2001
f 2054//1998 2053//1999 2058//2003
f 2054//1998 2058//2003 2059//2004
f 2053//1999 2055//2000 2060//2005
f 2053//1999 2060//2005 2058//2003
f 349//349 2056//2001 2061//2006
f 349//349 2061//2006 350//350
f 2056//2001 2057//2002 2062//2007
f 2056//2001 2062//2007 2061//2006
f 2059//2004 2058//2003 2063//2008
f 2059//2004 2063//2008 2064//2009
f 2058//2003 2060//2005 2065//2010
f 2058//2003 2065//2010 2063//2008
f 350//350 2061//2006 2066//2011
f 350//350 2066//2011 351//351
f 2061//2006 2062//2007 2067//2012
f 2061//2006 2067//2012 2066//2011
f 2064//2009 2063//2008 2068//2013
f 2064//2009 2068//2013 2069//2014
f 2063//2008 2065//2010 2070//2015
f 2063//2008 2070//2015 2068//2013
f 351//351 2066//2011 2071//2016
f 351//351 2071//2016 352//352
f 2066//2011 2067//2012 2072//2017
f 2066//2011 2072//2017 2071//2016
f 2069//2014 2068//2013 2073//2018
f 2069//2014 2073//2018 2074//2019
f 2068//2013 2070//2015 2075//2020
f 2068//2013 2075//2020 2073//2018
f 352//352 2071//2016 2076//2021
f 352//352 2076//2021 353//353
f 2071//2016 2072//2017 2077//2022
f 2071//2016 2077//2022 2076//2021
f 2074//2019 2073//2018 2078//2023
f 2074//2019 2078//2023 2079//2024
f 2073//2018 2075//2020 2080//2025
f 2073//2018 2080//2025 2078//2023
f 353//353 2076//2021 2081//2026
f 353//353 2081//2026 354//354
f 2076//2021 2077//2022 2082//2027
f 2076//2021 2082//2027 2081//2026
f 2079//2024 2078//2023 2083//2028
f 2079//2024 2083//2028 2084//2029
f 2078//2023 2080//2025 2085//2030
f 2078//2023 2085//2030 2083//2028
f 354//354 2081//2026 2086//2031
f 354//354 2086//2031 355//355
f 2081//2026 2082//2027 2087//2032
f 2081//2026 2087//2032 2086//2031
f 2084//2029 2083//2028 2088//2033
f 2084//2029 2088//2033 2089//2034
f 2083//2028 2085//2030 2090//2035
f 2083//2028 2090//2035 2088//2033
f 355//355 2086//2031 2091//2036
f 355//355 2091//2036 356//356
f 2086//2031 2087//2032 2092//2037
f 2086//2031 2092//2037 2091//2036
f 2089//2034 2088//2033 2093//2038
f 2089//2034 2093//2038 2094//2039
f 2088//2033 2090//2035 2095//2040
f 2088//2033 2095//2040 2093//2038
f 356//356 2091//2036 1994//1943
f 356//356 1994//1943 357//357
f 2091//2036 2092//2037 1996//1945
f 2091//2036 1996//1945 1994//1943
f 2094//2039 2093//2038 1999//1948
f 2094//2039 1999//1948 2002//1951
f 2093//2038 2095//2040 2000//1949
f 2093//2038 2000//1949 1999//1948
f 2096//2041 2097//2042 2010//1957
f 2096//2041 2010//1957 2009//1956
f 2097//2042 2098//2043 2015//1962
f 2097//2042 2015//1962 2010//1957
f 2098//2043 2099//2044 2020//1967
f 2098//2043 2020//1967 2015//1962
f 2099//2044 2100//2045 2025//1972
f 2099//2044 2025//1972 2020//1967
f 2100//2045 2101//2046 2030//1977
f 2100//2045 2030//1977 2025//1972
f 2101//2046 2102//2047 2035//1982
f 2101//2046 2035//1982 2030//1977
f 2102//2047 2103//2048 2040//1986
f 2102//2047 2040//1986 2035//1982
f 2103//2048 2104//2049 2045//1991
f 2103//2048 2045//1991 2040//1986
f 2104//2049 2105//2050 2050//1996
f 2104//2049 2050//1996 2045//1991
f 2105//2050 2106//2051 2055//2000
f 2105//2050 2055//2000 2050//1996
f 2106//2051 2107//2052 2060//2005
f 2106//2051 2060//2005 2055//2000
f 2107//2052 2108//2053 2065//2010
f 2107//2052 2065//2010 2060//2005
f 2108//2053 2109//2054 2070//2015
f 2108//2053 2070//2015 2065//2010
f 2109//2054 2110//2055 2075//2020
f 2109//2054 2075//2020 2070//2015
f 2110//2055 2111//2056 2080//2025
f 2110//2055 2080//2025 2075//2020
f 2111//2056 2112//2057 2085//2030
f 2111//2056 2085//2030 2080//2025
f 2112//2057 2113//2058 2090//2035
f 2112//2057 2090//2035 2085//2030
f 2113//2058 2114//2059 2095//2040
f 2113//2058 2095//2040 2090//2035
f 2114//2059 2115//2060 2000//1949
f 2114//2059 2000//1949 2095//2040
f 2115//2060 2116//2041 1997//1946
f 2115//2060 1997//1946 2000//1949
f 359//359 2117//2061 2118//2062
f 359//359 2118//2062 378//378
f 2119//2063 2116//2041 2115//2060
f 2119//2063 2115//2060 2120//2064
f 2096//2041 2121//2065 2122//2066
f 2096//2041 2122//2066 2097//2042
f 2117//2061 359//359 358//358
f 2117//2061 358//358 2123//2067
f 2097//2042 2122//2066 2124//2068
f 2097//2042 2124//2068 2098//2043
f 2123//2067 358//358 361//361
f 2123//2067 361//361 2125//2069
f 2098//2043 2124//2068 2126//2070
f 2098//2043 2126//2070 2099//2044
f 2125//2069 361//361 362//362
f 2125//2069 362//362 2127//2071
f 2099//2044 2126//2070 2128//2072
f 2099//2044 2128//2072 2100//2045
f 2127//2071 362//362 363//363
f 2127//2071 363//363 2129//2073
f 2100//2045 2128//2072 2130//2074
f 2100//2045 2130//2074 2101//2046
f 2129//2073 363//363 364//364
f 2129//2073 364//364 2131//2075
f 2101//2046 2130//2074 2132//2076
f 2101//2046 2132//2076 2102//2047
f 2131//2075 364//364 365//365
f 2131//2075 365//365 2133//2077
f 2102//2047 2132//2076 2134//2078
f 2102//2047 2134//2078 2103//2048
f 2133//2077 365//365 366//366
f 2133//2077 366//366 2135//2079
f 2103//2048 2134//2078 2136//2080
f 2103//2048 2136//2080 2104//2049
f 2135//2079 366//366 367//367
f 2135//2079 367//367 2137//2081
f 2104//2049 2136//2080 2138//2082
f 2104//2049 2138//2082 2105//2050
f 2137//2081 367//367 368//368
f 2137//2081 368//368 2139//2083
f 2105//2050 2138//2082 2140//2084
f 2105//2050 2140//2084 2106//2051
f 2139//2083 368//368 369//369
f 2139//2083 369//369 2141//2085
f 2106//2051 2140//2084 2142//2086
f 2106//2051 2142//2086 2107//2052
f 2141//2085 369//369 370//370
f 2141//2085 370//370 2143//2087
f 2107//2052 2142//2086 2144//2088
f 2107//2052 2144//2088 2108//2053
f 2143//2087 370//370 371//371
f 2143//2087 371//371 2145//2089
f 2108//2053 2144//2088 2146//2090
f 2108//2053 2146//2090 2109//2054
f 2145//2089 371//371 372//372
f 2145//2089 372//372 2147//2091
f 2109//2054 2146//2090 2148//2092
f 2109//2054 2148//2092 2110//2055
f 2147//2091 372//372 373//373
f 2147//2091 373//373 2149//2093
f 2110//2055 2148//2092 2150//2094
f 2110//2055 2150//2094 2111//2056
f 2149//2093 373//373 374//374
f 2149//2093 374//374 2151//2095
f 2111//2056 2150//2094 2152//2096
f 2111//2056 2152//2096 2112//2057
f 2151//2095 374//374 375//375
f 2151//2095 375//375 2153//2097
f 2112//2057 2152//2096 2154//2098
f 2112//2057 2154//2098 2113//2058
f 2153//2097 375//375 376//376
f 2153//2097 376//376 2155//2099
f 2113//2058 2154//2098 2156//2100
f 2113//2058 2156//2100 2114//2059
f 2155//2099 376//376 377//377
f 2155//2099 377//377 2157//2101
f 2114//2059 2156//2100 2120//2064
f 2114//2059 2120//2064 2115//2060
f 2157//2101 377//377 378//378
f 2157//2101 378//378 2118//2062
f 2158//2102 379//379 399//399
f 2158//2102 399//399 2159//2103
f 2160//2104 2158//2102 2159//2103
f 2160//2104 2159//2103 2161//2105
f 2162//2106 2163//2107 2164//2108
f 2162//2106 2164//2108 2165//2109
f 2163//2107 2166//2110 2167//2111
f 2163//2107 2167//2111 2164//2108
f 379//379 2158//2102 2168//2112
f 379//379 2168//2112 380//380
f 2158//2102 2160//2104 2169//2113
f 2158//2102 2169//2113 2168//2112
f 2170//2110 2171//2114 2172//2115
f 2170//2110 2172//2115 2173//2113
f 2171//2114 2174//2116 2175//2117
f 2171//2114 2175//2117 2172//2115
f 380//380 2168//2112 2176//2118
f 380//380 2176//2118 382//382
f 2168//2112 2169//2113 2177//2119
f 2168//2112 2177//2119 2176//2118
f 2173//2113 2172//2115 2178//2120
f 2173//2113 2178//2120 2179//2121
f 2172//2115 2175//2117 2180//2122
f 2172//2115 2180//2122 2178//2120
f 382//382 2176//2118 2181//2123
f 382//382 2181//2123 383//383
f 2176//2118 2177//2119 2182//2124
f 2176//2118 2182//2124 2181//2123
f 2179//2121 2178//2120 2183//2125
f 2179//2121 2183//2125 2184//2126
f 2178//2120 2180//2122 2185//2127
f 2178//2120 2185//2127 2183//2125
f 383//383 2181//2123 2186//2128
f 383//383 2186//2128 384//384
f 2181//2123 2182//2124 2187//2129
f 2181//2123 2187//2129 2186//2128
f 2184//2126 2183//2125 2188//2130
f 2184//2126 2188//2130 2189//2131
f 2183//2125 2185//2127 2190//2132
f 2183//2125 2190//2132 2188//2130
f 384//384 2186//2128 2191//2133
f 384//384 2191//2133 385//385
f 2186//2128 2187//2129 2192//2134
f 2186//2128 2192//2134 2191//2133
f 2189//2131 2188//2130 2193//2135
f 2189//2131 2193//2135 2194//2136
f 2188//2130 2190//2132 2195//2137
f 2188//2130 2195//2137 2193//2135
f 385//385 2191//2133 2196//2138
f 385//385 2196//2138 386//386
f 2191//2133 2192//2134 2197//2139
f 2191//2133 2197//2139 2196//2138
f 2194//2136 2193//2135 2198//2140
f 2194//2136 2198//2140 2199//2139
f 2193//2135 2195//2137 2200//2141
f 2193//2135 2200//2141 2198//2140
f 386//386 2196//2138 2201//2142
f 386//386 2201//2142 387//387
f 2196//2138 2197//2139 2202//2143
f 2196//2138 2202//2143 2201//2142
f 2199//2139 2198//2140 2203//2144
f 2199//2139 2203//2144 2204//2145
f 2198//2140 2200//2141 2205//2146
f 2198//2140 2205//2146 2203//2144
f 387//387 2201//2142 2206//2147
f 387//387 2206//2147 388//388
f 2201//2142 2202//2143 2207//2148
f 2201//2142 2207//2148 2206//2147
f 2204//2145 2203//2144 2208//2149
f 2204//2145 2208//2149 2209//2150
f 2203//2144 2205//2146 2210//2151
f 2203//2144 2210//2151 2208//2149
f 388//388 2206//2147 2211//2152
f 388//388 2211//2152 389//389
f 2206//2147 2207//2148 2212//2153
f 2206//2147 2212//2153 2211//2152
f 2209//2150 2208//2149 2213//2154
f 2209//2150 2213//2154 2214//2155
f 2208//2149 2210//2151 2215//2156
f 2208//2149 2215//2156 2213//2154
f 389//389 2211//2152 2216//2157
f 389//389 2216//2157 390//390
f 2211//2152 2212//2153 2217//2158
f 2211//2152 2217//2158 2216//2157
f 2214//2155 2213//2154 2218//2159
f 2214//2155 2218//2159 2219//2160
f 2213//2154 2215//2156 2220//2161
f 2213//2154 2220//2161 2218//2159
f 390//390 2216//2157 2221//2162
f 390//390 2221//2162 391//391
f 2216//2157 2217//2158 2222//2163
f 2216//2157 2222//2163 2221//2162
f 2219//2160 2218//2159 2223//2164
f 2219//2160 2223//2164 2224//2165
f 2218//2159 2220//2161 2225//2166
f 2218//2159 2225//2166 2223//2164
f 391//391 2221//2162 2226//2167
f 391//391 2226//2167 392//392
f 2221//2162 2222//2163 2227//2168
f 2221//2162 2227//2168 2226//2167
f 2224//2165 2223//2164 2228//2169
f 2224//2165 2228//2169 2229//2168
f 2223//2164 2225//2166 2230//2170
f 2223//2164 2230//2170 2228//2169
f 392//392 2226//2167 2231//2171
f 392//392 2231//2171 393//393
f 2226//2167 2227//2168 2232//2172
f 2226//2167 2232//2172 2231//2171
f 2229//2168 2228//2169 2233//2173
f 2229//2168 2233//2173 2234//2174
f 2228//2169 2230//2170 2235//2175
f 2228//2169 2235//2175 2233//2173
f 393//393 2231//2171 2236//2176
f 393//393 2236//2176 394//394
f 2231//2171 2232//2172 2237//2177
f 2231//2171 2237//2177 2236//2176
f 2234//2174 2233//2173 2238//2178
f 2234//2174 2238//2178 2239//2177
f 2233//2173 2235//2175 2240//2179
f 2233//2173 2240//2179 2238//2178
f 394//394 2236//2176 2241//2180
f 394//394 2241//2180 395//395
f 2236//2176 2237//2177 2242//2181
f 2236//2176 2242//2181 2241//2180
f 2239//2177 2238//2178 2243//2182
f 2239//2177 2243//2182 2244//2183
f 2238//2178 2240//2179 2245//2184
f 2238//2178 2245//2184 2243//2182
f 395//395 2241//2180 2246//2185
f 395//395 2246//2185 396//396
f 2241//2180 2242//2181 2247//2186
f 2241//2180 2247//2186 2246//2185
f 2244//2183 2243//2182 2248//2187
f 2244//2183 2248//2187 2249//2186
f 2243//2182 2245//2184 2250//2188
f 2243//2182 2250//2188 2248//2187
f 396//396 2246//2185 2251//2189
f 396//396 2251//2189 397//397
f 2246//2185 2247//2186 2252//2190
f 2246//2185 2252//2190 2251//2189
f 2249//2186 2248//2187 2253//2191
f 2249//2186 2253//2191 2254//2192
f 2248//2187 2250//2188 2255//2193
f 2248//2187 2255//2193 2253//2191
f 397//397 2251//2189 2256//2194
f 397//397 2256//2194 398//398
f 2251//2189 2252//2190 2257//2195
f 2251//2189 2257//2195 2256//2194
f 2254//2192 2253//2191 2258//2196
f 2254//2192 2258//2196 2259//2195
f 2253//2191 2255//2193 2260//2197
f 2253//2191 2260//2197 2258//2196
f 398//398 2256//2194 2159//2103
f 398//398 2159//2103 399//399
f 2256//2194 2257//2195 2161//2105
f 2256//2194 2161//2105 2159//2103
f 2259//2195 2258//2196 2164//2108
f 2259//2195 2164//2108 2167//2111
f 2258//2196 2260//2197 2165//2109
f 2258//2196 2165//2109 2164//2108
f 2261//2198 2262//2199 2175//2117
f 2261//2198 2175//2117 2174//2116
f 2262//2199 2263//2200 2180//2122
f 2262//2199 2180//2122 2175//2117
f 2263//2200 2264//2201 2185//2127
f 2263//2200 2185//2127 2180//2122
f 2264//2201 2265//2202 2190//2132
f 2264//2201 2190//2132 2185//2127
f 2265//2202 2266//2203 2195//2137
f 2265//2202 2195//2137 2190//2132
f 2266//2203 2267//2204 2200//2141
f 2266//2203 2200//2141 2195//2137
f 2267//2204 2268//2205 2205//2146
f 2267//2204 2205//2146 2200//2141
f 2268//2205 2269//2206 2210//2151
f 2268//2205 2210//2151 2205//2146
f 2269//2206 2270//2207 2215//2156
f 2269//2206 2215//2156 2210//2151
f 2270//2207 2271//2208 2220//2161
f 2270//2207 2220//2161 2215//2156
f 2271//2208 2272//2209 2225//2166
f 2271//2208 2225//2166 2220//2161
f 2272//2209 2273//2210 2230//2170
f 2272//2209 2230//2170 2225//2166
f 2273//2210 2274//2211 2235//2175
f 2273//2210 2235//2175 2230//2170
f 2274//2211 2275//2212 2240//2179
f 2274//2211 2240//2179 2235//2175
f 2275//2212 2276//2213 2245//2184
f 2275//2212 2245//2184 2240//2179
f 2276//2213 2277//2214 2250//2188
f 2276//2213 2250//2188 2245//2184
f 2277//2214 2278//2215 2255//2193
f 2277//2214 2255//2193 2250//2188
f 2278//2215 2279//2216 2260//2197
f 2278//2215 2260//2197 2255//2193
f 2279//2216 2280//2217 2165//2109
f 2279//2216 2165//2109 2260//2197
f 2280//2217 2281//2198 2162//2106
f 2280//2217 2162//2106 2165//2109
f 401//401 2282//2218 2283//2219
f 401//401 2283//2219 420//420
f 2284//2220 2281//2198 2280//2217
f 2284//2220 2280//2217 2285//2221
f 2261//2198 2286//2222 2287//2223
f 2261//2198 2287//2223 2262//2199
f 2282//2218 401//401 400//400
f 2282//2218 400//400 2288//2224
f 2262//2199 2287//2223 2289//2225
f 2262//2199 2289//2225 2263//2200
f 2288//2224 400//400 403//403
f 2288//2224 403//403 2290//2226
f 2263//2200 2289//2225 2291//2227
f 2263//2200 2291//2227 2264//2201
f 2290//2226 403//403 404//404
f 2290//2226 404//404 2292//2228
f 2264//2201 2291//2227 2293//2229
f 2264//2201 2293//2229 2265//2202
f 2292//2228 404//404 405//405
f 2292//2228 405//405 2294//2230
f 2265//2202 2293//2229 2295//2231
f 2265//2202 2295//2231 2266//2203
f 2294//2230 405//405 406//406
f 2294//2230 406//406 2296//2232
f 2266//2203 2295//2231 2297//2233
f 2266//2203 2297//2233 2267//2204
f 2296//2232 406//406 407//407
f 2296//2232 407//407 2298//2234
f 2267//2204 2297//2233 2299//2235
f 2267//2204 2299//2235 2268//2205
f 2298//2234 407//407 408//408
f 2298//2234 408//408 2300//2236
f 2268//2205 2299//2235 2301//2237
f 2268//2205 2301//2237 2269//2206
f 2300//2236 408//408 409//409
f 2300//2236 409//409 2302//2238
f 2269//2206 2301//2237 2303//2239
f 2269//2206 2303//2239 2270//2207
f 2302//2238 409//409 410//410
f 2302//2238 410//410 2304//2240
f 2270//2207 2303//2239 2305//2241
f 2270//2207 2305//2241 2271//2208
f 2304//2240 410//410 411//411
f 2304//2240 411//411 2306//2242
f 2271//2208 2305//2241 2307//2243
f 2271//2208 2307//2243 2272//2209
f 2306//2242 411//411 412//412
f 2306//2242 412//412 2308//2244
f 2272//2209 2307//2243 2309//2245
f 2272//2209 2309//2245 2273//2210
f 2308//2244 412//412 413//413
f 2308//2244 413//413 2310//2246
f 2273//2210 2309//2245 2311//2247
f 2273//2210 2311//2247 2274//2211
f 2310//2246 413//413 414//414
f 2310//2246 414//414 2312//2248
f 2274//2211 2311//2247 2313//2249
f 2274//2211 2313//2249 2275//2212
f 2312//2248 414//414 415//415
f 2312//2248 415//415 2314//2250
f 2275//2212 2313//2249 2315//2251
f 2275//2212 2315//2251 2276//2213
f 2314//2250 415//415 416//416
f 2314//2250 416//416 2316//2252
f 2276//2213 2315//2251 2317//2253
f 2276//2213 2317//2253 2277//2214
f 2316//2252 416//416 417//417
f 2316//2252 417//417 2318//2254
f 2277//2214 2317//2253 2319//2255
f 2277//2214 2319//2255 2278//2215
f 2318//2254 417//417 418//418
f 2318//2254 418//418 2320//2256
f 2278//2215 2319//2255 2321//2257
f 2278//2215 2321//2257 2279//2216
f 2320//2256 418//418 419//419
f 2320//2256 419//419 2322//2258
f 2279//2216 2321//2257 2285//2221
f 2279//2216 2285//2221 2280//2217
f 2322//2258 419//419 420//420
f 2322//2258 420//420 2283//2219
f 2323//2259 421//421 441//441
f 2323//2259 441//441 2324//2260
f 2325//2261 2323//2259 2324//2260
f 2325//2261 2324//2260 2326//2262
f 2327//2263 2328//2264 2329//2265
f 2327//2263 2329//2265 2330//2266
f 2328//2264 2331//2267 2332//2268
f 2328//2264 2332//2268 2329//2265
f 421//421 2323//2259 2333//2269
f 421//421 2333//2269 422//422
f 2323//2259 2325//2261 2334//2270
f 2323//2259 2334//2270 2333//2269
f 2335//2271 2336//2272 2337//2273
f 2335//2271 2337//2273 2338//2274
f 2336//2272 2339//2263 2340//2275
f 2336//2272 2340//2275 2337//2273
f 422//422 2333//2269 2341//2276
f 422//422 2341//2276 424//424
f 2333//2269 2334//2270 2342//2277
f 2333//2269 2342//2277 2341//2276
f 2338//2274 2337//2273 2343//2278
f 2338//2274 2343//2278 2344//2279
f 2337//2273 2340//2275 2345//2280
f 2337//2273 2345//2280 2343//2278
f 424//424 2341//2276 2346//2281
f 424//424 2346//2281 425//425
f 2341//2276 2342//2277 2347//2282
f 2341//2276 2347//2282 2346//2281
f 2344//2279 2343//2278 2348//2283
f 2344//2279 2348//2283 2349//2284
f 2343//2278 2345//2280 2350//2285
f 2343//2278 2350//2285 2348//2283
f 425//425 2346//2281 2351//2286
f 425//425 2351//2286 426//426
f 2346//2281 2347//2282 2352//2287
f 2346//2281 2352//2287 2351//2286
f 2349//2284 2348//2283 2353//2288
f 2349//2284 2353//2288 2354//2289
f 2348//2283 2350//2285 2355//2290
f 2348//2283 2355//2290 2353//2288
f 426//426 2351//2286 2356//2291
f 426//426 2356//2291 427//427
f 2351//2286 2352//2287 2357//2292
f 2351//2286 2357//2292 2356//2291
f 2354//2289 2353//2288 2358//2293
f 2354//2289 2358//2293 2359//2294
f 2353//2288 2355//2290 2360//2295
f 2353//2288 2360//2295 2358//2293
f 427//427 2356//2291 2361//2296
f 427//427 2361//2296 428//428
f 2356//2291 2357//2292 2362//2297
f 2356//2291 2362//2297 2361//2296
f 2359//2294 2358//2293 2363//2298
f 2359//2294 2363//2298 2364//2297
f 2358//2293 2360//2295 2365//2299
f 2358//2293 2365//2299 2363//2298
f 428//428 2361//2296 2366//2300
f 428//428 2366//2300 429//429
f 2361//2296 2362//2297 2367//2301
f 2361//2296 2367//2301 2366//2300
f 2364//2297 2363//2298 2368//2302
f 2364//2297 2368//2302 2369//2303
f 2363//2298 2365//2299 2370//2304
f 2363//2298 2370//2304 2368//2302
f 429//429 2366//2300 2371//2305
f 429//429 2371//2305 430//430
f 2366//2300 2367//2301 2372//2306
f 2366//2300 2372//2306 2371//2305
f 2369//2303 2368//2302 2373//2307
f 2369//2303 2373//2307 2374//2308
f 2368//2302 2370//2304 2375//2309
f 2368//2302 2375//2309 2373//2307
f 430//430 2371//2305 2376//2310
f 430//430 2376//2310 431//431
f 2371//2305 2372//2306 2377//2311
f 2371//2305 2377//2311 2376//2310
f 2374//2308 2373//2307 2378//2312
f 2374//2308 2378//2312 2379//2313
f 2373//2307 2375//2309 2380//2314
f 2373//2307 2380//2314 2378//2312
f 431//431 2376//2310 2381//2315
f 431//431 2381//2315 432//432
f 2376//2310 2377//2311 2382//2316
f 2376//2310 2382//2316 2381//2315
f 2379//2313 2378//2312 2383//2317
f 2379//2313 2383//2317 2384//2318
f 2378//2312 2380//2314 2385//2319
f 2378//2312 2385//2319 2383//2317
f 432//432 2381//2315 2386//2320
f 432//432 2386//2320 433//433
f 2381//2315 2382//2316 2387//2321
f 2381//2315 2387//2321 2386//2320
f 2384//2318 2383//2317 2388//2322
f 2384//2318 2388//2322 2389//2323
f 2383//2317 2385//2319 2390//2324
f 2383//2317 2390//2324 2388//2322
f 433//433 2386//2320 2391//2325
f 433//433 2391//2325 434//434
f 2386//2320 2387//2321 2392//2326
f 2386//2320 2392//2326 2391//2325
f 2389//2323 2388//2322 2393//2327
f 2389//2323 2393//2327 2394//2328
f 2388//2322 2390//2324 2395//2329
f 2388//2322 2395//2329 2393//2327
f 434//434 2391//2325 2396//2330
f 434//434 2396//2330 435//435
f 2391//2325 2392//2326 2397//2331
f 2391//2325 2397//2331 2396//2330
f 2394//2328 2393//2327 2398//2332
f 2394//2328 2398//2332 2399//2333
f 2393//2327 2395//2329 2400//2334
f 2393//2327 2400//2334 2398//2332
f 435//435 2396//2330 2401//2335
f 435//435 2401//2335 436//436
f 2396//2330 2397//2331 2402//2336
f 2396//2330 2402//2336 2401//2335
f 2399//2333 2398//2332 2403//2337
f 2399//2333 2403//2337 2404//2338
f 2398//2332 2400//2334 2405//2339
f 2398//2332 2405//2339 2403//2337
f 436//436 2401//2335 2406//2340
f 436//436 2406//2340 437//437
f 2401//2335 2402//2336 2407//2341
f 2401//2335 2407//2341 2406//2340
f 2404//2338 2403//2337 2408//2342
f 2404//2338 2408//2342 2409//2343
f 2403//2337 2405//2339 2410//2344
f 2403//2337 2410//2344 2408//2342
f 437//437 2406//2340 2411//2345
f 437//437 2411//2345 438//438
f 2406//2340 2407//2341 2412//2346
f 2406//2340 2412//2346 2411//2345
f 2409//2343 2408//2342 2413//2347
f 2409//2343 2413//2347 2414//2346
f 2408//2342 2410//2344 2415//2348
f 2408//2342 2415//2348 2413//2347
f 438//438 2411//2345 2416//2349
f 438//438 2416//2349 439//439
f 2411//2345 2412//2346 2417//2350
f 2411//2345 2417//2350 2416//2349
f 2414//2346 2413//2347 2418//2351
f 2414//2346 2418//2351 2419//2352
f 2413//2347 2415//2348 2420//2353
f 2413//2347 2420//2353 2418//2351
f 439//439 2416//2349 2421//2354
f 439//439 2421//2354 440//440
f 2416//2349 2417//2350 2422//2355
f 2416//2349 2422//2355 2421//2354
f 2419//2352 2418//2351 2423//2356
f 2419//2352 2423//2356 2424//2357
f 2418//2351 2420//2353 2425//2358
f 2418//2351 2425//2358 2423//2356
f 440//440 2421//2354 2324//2260
f 440//440 2324//2260 441//441
f 2421//2354 2422//2355 2326//2262
f 2421//2354 2326//2262 2324//2260
f 2424//2357 2423//2356 2329//2265
f 2424//2357 2329//2265 2332//2268
f 2423//2356 2425//2358 2330//2266
f 2423//2356 2330//2266 2329//2265
f 2426//2359 2427//2360 2340//2275
f 2426//2359 2340//2275 2339//2263
f 2427//2360 2428//2361 2345//2280
f 2427//2360 2345//2280 2340//2275
f 2428//2361 2429//2362 2350//2285
f 2428//2361 2350//2285 2345//2280
f 2429//2362 2430//2363 2355//2290
f 2429//2362 2355//2290 2350//2285
f 2430//2363 2431//2364 2360//2295
f 2430//2363 2360//2295 2355//2290
f 2431//2364 2432//2365 2365//2299
f 2431//2364 2365//2299 2360//2295
f 2432//2365 2433//2366 2370//2304
f 2432//2365 2370//2304 2365//2299
f 2433//2366 2434//2367 2375//2309
f 2433//2366 2375//2309 2370//2304
f 2434//2367 2435//2368 2380//2314
f 2434//2367 2380//2314 2375//2309
f 2435//2368 2436//2369 2385//2319
f 2435//2368 2385//2319 2380//2314
f 2436//2369 2437//2370 2390//2324
f 2436//2369 2390//2324 2385//2319
f 2437//2370 2438//2371 2395//2329
f 2437//2370 2395//2329 2390//2324
f 2438//2371 2439//2372 2400//2334
f 2438//2371 2400//2334 2395//2329
f 2439//2372 2440//2373 2405//2339
f 2439//2372 2405//2339 2400//2334
f 2440//2373 2441//2374 2410//2344
f 2440//2373 2410//2344 2405//2339
f 2441//2374 2442//2375 2415//2348
f 2441//2374 2415//2348 2410//2344
f 2442//2375 2443//2376 2420//2353
f 2442//2375 2420//2353 2415//2348
f 2443//2376 2444//2377 2425//2358
f 2443//2376 2425//2358 2420//2353
f 2444//2377 2445//2378 2330//2266
f 2444//2377 2330//2266 2425//2358
f 2445//2378 2446//2359 2327//2263
f 2445//2378 2327//2263 2330//2266
f 443//443 2447//2379 2448//2380
f 443//443 2448//2380 462//462
f 2449//2381 2446//2359 2445//2378
f 2449//2381 2445//2378 2450//2382
f 2426//2359 2451//2383 2452//2384
f 2426//2359 2452//2384 2427//2360
f 2447//2379 443//443 442//442
f 2447//2379 442//442 2453//2385
f 2427//2360 2452//2384 2454//2386
f 2427//2360 2454//2386 2428//2361
f 2453//2385 442//442 445//445
f 2453//2385 445//445 2455//2387
f 2428//2361 2454//2386 2456//2388
f 2428//2361 2456//2388 2429//2362
f 2455//2387 445//445 446//446
f 2455//2387 446//446 2457//2389
f 2429//2362 2456//2388 2458//2390
f 2429//2362 2458//2390 2430//2363
f 2457//2389 446//446 447//447
f 2457//2389 447//447 2459//2391
f 2430//2363 2458//2390 2460//2392
f 2430//2363 2460//2392 2431//2364
f 2459//2391 447//447 448//448
f 2459//2391 448//448 2461//2393
f 2431//2364 2460//2392 2462//2394
f 2431//2364 2462//2394 2432//2365
f 2461//2393 448//448 449//449
f 2461//2393 449//449 2463//2395
f 2432//2365 2462//2394 2464//2396
f 2432//2365 2464//2396 2433//2366
f 2463//2395 449//449 450//450
f 2463//2395 450//450 2465//2397
f 2433//2366 2464//2396 2466//2398
f 2433//2366 2466//2398 2434//2367
f 2465//2397 450//450 451//451
f 2465//2397 451//451 2467//2399
f 2434//2367 2466//2398 2468//2400
f 2434//2367 2468//2400 2435//2368
f 2467//2399 451//451 452//452
f 2467//2399 452//452 2469//2401
f 2435//2368 2468//2400 2470//2402
f 2435//2368 2470//2402 2436//2369
f 2469//2401 452//452 453//453
f 2469//2401 453//453 2471//2403
f 2436//2369 2470//2402 2472//2404
f 2436//2369 2472//2404 2437//2370
f 2471//2403 453//453 454//454
f 2471//2403 454//454 2473//2405
f 2437//2370 2472//2404 2474//2406
f 2437//2370 2474//2406 2438//2371
f 2473//2405 454//454 455//455
f 2473//2405 455//455 2475//2407
f 2438//2371 2474//2406 2476//2408
f 2438//2371 2476//2408 2439//2372
f 2475//2407 455//455 456//456
f 2475//2407 456//456 2477//2409
f 2439//2372 2476//2408 2478//2410
f 2439//2372 2478//2410 2440//2373
f 2477//2409 456//456 457//457
f 2477//2409 457//457 2479//2411
f 2440//2373 2478//2410 2480//2412
f 2440//2373 2480//2412 2441//2374
f 2479//2411 457//457 458//458
f 2479//2411 458//458 2481//2413
f 2441//2374 2480//2412 2482//2414
f 2441//2374 2482//2414 2442//2375
f 2481//2413 458//458 459//459
f 2481//2413 459//459 2483//2415
f 2442//2375 2482//2414 2484//2416
f 2442//2375 2484//2416 2443//2376
f 2483//2415 459//459 460//460
f 2483//2415 460//460 2485//2417
f 2443//2376 2484//2416 2486//2418
f 2443//2376 2486//2418 2444//2377
f 2485//2417 460//460 461//461
f 2485//2417 461//461 2487//2419
f 2444//2377 2486//2418 2450//2382
f 2444//2377 2450//2382 2445//2378
f 2487//2419 461//461 462//462
f 2487//2419 462//462 2448//2380
f 2488//2420 463//463 483//483
f 2488//2420 483//483 2489//2421
f 2490//2422 2488//2420 2489//2421
f 2490//2422 2489//2421 2491//2423
f 2492//2424 2493//2425 2494//2426
f 2492//2424 2494//2426 2495//2427
f 2493//2425 2496//2428 2497//2429
f 2493//2425 2497//2429 2494//2426
f 463//463 2488//2420 2498//2430
f 463//463 2498//2430 464//464
f 2488//2420 2490//2422 2499//2431
f 2488//2420 2499//2431 2498//2430
f 2500//2432 2501//2433 2502//2434
f 2500//2432 2502//2434 2503//2435
f 2501//2433 2504//2436 2505//2437
f 2501//2433 2505//2437 2502//2434
f 464//464 2498//2430 2506//2438
f 464//464 2506//2438 466//466
f 2498//2430 2499//2431 2507//2439
f 2498//2430 2507//2439 2506//2438
f 2503//2435 2502//2434 2508//2440
f 2503//2435 2508//2440 2509//2441
f 2502//2434 2505//2437 2510//2442
f 2502//2434 2510//2442 2508//2440
f 466//466 2506//2438 2511//2443
f 466//466 2511//2443 467//467
f 2506//2438 2507//2439 2512//2444
f 2506//2438 2512//2444 2511//2443
f 2509//2441 2508//2440 2513//2445
f 2509//2441 2513//2445 2514//2446
f 2508//2440 2510//2442 2515//2447
f 2508//2440 2515//2447 2513//2445
f 467//467 2511//2443 2516//2448
f 467//467 2516//2448 468//468
f 2511//2443 2512//2444 2517//2449
f 2511//2443 2517//2449 2516//2448
f 2514//2446 2513//2445 2518//2450
f 2514//2446 2518//2450 2519//2451
f 2513//2445 2515//2447 2520//2452
f 2513//2445 2520//2452 2518//2450
f 468//468 2516//2448 2521//2453
f 468//468 2521//2453 469//469
f 2516//2448 2517//2449 2522//2454
f 2516//2448 2522//2454 2521//2453
f 2519//2451 2518//2450 2523//2455
f 2519//2451 2523//2455 2524//2456
f 2518//2450 2520//2452 2525//2457
f 2518//2450 2525//2457 2523//2455
f 469//469 2521//2453 2526//2458
f 469//469 2526//2458 470//470
f 2521//2453 2522//2454 2527//2459
f 2521//2453 2527//2459 2526//2458
f 2524//2456 2523//2455 2528//2460
f 2524//2456 2528//2460 2529//2459
f 2523//2455 2525//2457 2530//2461
f 2523//2455 2530//2461 2528//2460
f 470//470 2526//2458 2531//2462
f 470//470 2531//2462 471//471
f 2526//2458 2527//2459 2532//2463
f 2526//2458 2532//2463 2531//2462
f 2529//2459 2528//2460 2533//2464
f 2529//2459 2533//2464 2534//2465
f 2528//2460 2530//2461 2535//2466
f 2528//2460 2535//2466 2533//2464
f 471//471 2531//2462 2536//2467
f 471//471 2536//2467 472//472
f 2531//2462 2532//2463 2537//2468
f 2531//2462 2537//2468 2536//2467
f 2534//2465 2533//2464 2538//2469
f 2534//2465 2538//2469 2539//2468
f 2533//2464 2535//2466 2540//2470
f 2533//2464 2540//2470 2538//2469
f 472//472 2536//2467 2541//2471
f 472//472 2541//2471 473//473
f 2536//2467 2537//2468 2542//2472
f 2536//2467 2542//2472 2541//2471
f 2539//2468 2538//2469 2543//2473
f 2539//2468 2543//2473 2544//2474
f 2538//2469 2540//2470 2545//2475
f 2538//2469 2545//2475 2543//2473
f 473//473 2541//2471 2546//2476
f 473//473 2546//2476 474//474
f 2541//2471 2542//2472 2547//2477
f 2541//2471 2547//2477 2546//2476
f 2544//2474 2543//2473 2548//2478
f 2544//2474 2548//2478 2549//2479
f 2543//2473 2545//2475 2550//2480
f 2543//2473 2550//2480 2548//2478
f 474//474 2546//2476 2551//2481
f 474//474 2551//2481 475//475
f 2546//2476 2547//2477 2552//2482
f 2546//2476 2552//2482 2551//2481
f 2549//2479 2548//2478 2553//2483
f 2549//2479 2553//2483 2554//2482
f 2548//2478 2550//2480 2555//2484
f 2548//2478 2555//2484 2553//2483
f 475//475 2551//2481 2556//2485
f 475//475 2556//2485 476//476
f 2551//2481 2552//2482 2557//2486
f 2551//2481 2557//2486 2556//2485
f 2554//2482 2553//2483 2558//2487
f 2554//2482 2558//2487 2559//2488
f 2553//2483 2555//2484 2560//2489
f 2553//2483 2560//2489 2558//2487
f 476//476 2556//2485 2561//2490
f 476//476 2561//2490 477//477
f 2556//2485 2557//2486 2562//2491
f 2556//2485 2562//2491 2561//2490
f 2559//2488 2558//2487 2563//2492
f 2559//2488 2563//2492 2564//2493
f 2558//2487 2560//2489 2565//2494
f 2558//2487 2565//2494 2563//2492
f 477//477 2561//2490 2566//2495
f 477//477 2566//2495 478//478
f 2561//2490 2562//2491 2567//2496
f 2561//2490 2567//2496 2566//2495
f 2564//2493 2563//2492 2568//2497
f 2564//2493 2568//2497 2569//2498
f 2563//2492 2565//2494 2570//2499
f 2563//2492 2570//2499 2568//2497
f 478//478 2566//2495 2571//2500
f 478//478 2571//2500 479//479
f 2566//2495 2567//2496 2572//2501
f 2566//2495 2572//2501 2571//2500
f 2569//2498 2568//2497 2573//2502
f 2569//2498 2573//2502 2574//2501
f 2568//2497 2570//2499 2575//2503
f 2568//2497 2575//2503 2573//2502
f 479//479 2571//2500 2576//2504
f 479//479 2576//2504 480//480
f 2571//2500 2572//2501 2577//2505
f 2571//2500 2577//2505 2576//2504
f 2574//2501 2573//2502 2578//2506
f 2574//2501 2578//2506 2579//2507
f 2573//2502 2575//2503 2580//2508
f 2573//2502 2580//2508 2578//2506
f 480//480 2576//2504 2581//2509
f 480//480 2581//2509 481//481
f 2576//2504 2577//2505 2582//2510
f 2576//2504 2582//2510 2581//2509
f 2579//2507 2578//2506 2583//2511
f 2579//2507 2583//2511 2584//2512
f 2578//2506 2580//2508 2585//2513
f 2578//2506 2585//2513 2583//2511
f 481//481 2581//2509 2586//2514
f 481//481 2586//2514 482//482
f 2581//2509 2582//2510 2587//2515
f 2581//2509 2587//2515 2586//2514
f 2584//2512 2583//2511 2588//2516
f 2584//2512 2588//2516 2589//2517
f 2583//2511 2585//2513 2590//2518
f 2583//2511 2590//2518 2588//2516
f 482//482 2586//2514 2489//2421
f 482//482 2489//2421 483//483
f 2586//2514 2587//2515 2491//2423
f 2586//2514 2491//2423 2489//2421
f 2589//2517 2588//2516 2494//2426
f 2589//2517 2494//2426 2497//2429
f 2588//2516 2590//2518 2495//2427
f 2588//2516 2495//2427 2494//2426
f 2591//2519 2592//2520 2505//2437
f 2591//2519 2505//2437 2504//2436
f 2592//2520 2593//2521 2510//2442
f 2592//2520 2510//2442 2505//2437
f 2593//2521 2594//2522 2515//2447
f 2593//2521 2515//2447 2510//2442
f 2594//2522 2595//2523 2520//2452
f 2594//2522 2520//2452 2515//2447
f 2595//2523 2596//2524 2525//2457
f 2595//2523 2525//2457 2520//2452
f 2596//2524 2597//2525 2530//2461
f 2596//2524 2530//2461 2525//2457
f 2597//2525 2598//2526 2535//2466
f 2597//2525 2535//2466 2530//2461
f 2598//2526 2599//2527 2540//2470
f 2598//2526 2540//2470 2535//2466
f 2599//2527 2600//2528 2545//2475
f 2599//2527 2545//2475 2540//2470
f 2600//2528 2601//2529 2550//2480
f 2600//2528 2550//2480 2545//2475
f 2601//2529 2602//2530 2555//2484
f 2601//2529 2555//2484 2550//2480
f 2602//2530 2603//2531 2560//2489
f 2602//2530 2560//2489 2555//2484
f 2603//2531 2604//2532 2565//2494
f 2603//2531 2565//2494 2560//2489
f 2604//2532 2605//2533 2570//2499
f 2604//2532 2570//2499 2565//2494
f 2605//2533 2606//2534 2575//2503
f 2605//2533 2575//2503 2570//2499
f 2606//2534 2607//2535 2580//2508
f 2606//2534 2580//2508 2575//2503
f 2607//2535 2608//2536 2585//2513
f 2607//2535 2585//2513 2580//2508
f 2608//2536 2609//2537 2590//2518
f 2608//2536 2590//2518 2585//2513
f 2609//2537 2610//2538 2495//2427
f 2609//2537 2495//2427 2590//2518
f 2610//2538 2611//2519 2492//2424
f 2610//2538 2492//2424 2495//2427
f 485//485 2612//2539 2613//2540
f 485//485 2613//2540 504//504
f 2614//2541 2611//2519 2610//2538
f 2614//2541 2610//2538 2615//2542
f 2591//2519 2616//2543 2617//2544
f 2591//2519 2617//2544 2592//2520
f 2612//2539 485//485 484//484
f 2612//2539 484//484 2618//2545
f 2592//2520 2617//2544 2619//2546
f 2592//2520 2619//2546 2593//2521
f 2618//2545 484//484 487//487
f 2618//2545 487//487 2620//2547
f 2593//2521 2619//2546 2621//2548
f 2593//2521 2621//2548 2594//2522
f 2620//2547 487//487 488//488
f 2620//2547 488//488 2622//2549
f 2594//2522 2621//2548 2623//2550
f 2594//2522 2623//2550 2595//2523
f 2622//2549 488//488 489//489
f 2622//2549 489//489 2624//2551
f 2595//2523 2623//2550 2625//2552
f 2595//2523 2625//2552 2596//2524
f 2624//2551 489//489 490//490
f 2624//2551 490//490 2626//2553
f 2596//2524 2625//2552 2627//2554
f 2596//2524 2627//2554 2597//2525
f 2626//2553 490//490 491//491
f 2626//2553 491//491 2628//2555
f 2597//2525 2627//2554 2629//2556
f 2597//2525 2629//2556 2598//2526
f 2628//2555 491//491 492//492
f 2628//2555 492//492 2630//2557
f 2598//2526 2629//2556 2631//2558
f 2598//2526 2631//2558 2599//2527
f 2630//2557 492//492 493//493
f 2630//2557 493//493 2632//2559
f 2599//2527 2631//2558 2633//2560
f 2599//2527 2633//2560 2600//2528
f 2632//2559 493//493 494//494
f 2632//2559 494//494 2634//2561
f 2600//2528 2633//2560 2635//2562
f 2600//2528 2635//2562 2601//2529
f 2634//2561 494//494 495//495
f 2634//2561 495//495 2636//2563
f 2601//2529 2635//2562 2637//2564
f 2601//2529 2637//2564 2602//2530
f 2636//2563 495//495 496//496
f 2636//2563 496//496 2638//2565
f 2602//2530 2637//2564 2639//2566
f 2602//2530 2639//2566 2603//2531
f 2638//2565 496//496 497//497
f 2638//2565 497//497 2640//2567
f 2603//2531 2639//2566 2641//2568
f 2603//2531 2641//2568 2604//2532
f 2640//2567 497//497 498//498
f 2640//2567 498//498 2642//2569
f 2604//2532 2641//2568 2643//2570
f 2604//2532 2643//2570 2605//2533
f 2642//2569 498//498 499//499
f 2642//2569 499//499 2644//2571
f 2605//2533 2643//2570 2645//2572
f 2605//2533 2645//2572 2606//2534
f 2644//2571 499//499 500//500
f 2644//2571 500//500 2646//2573
f 2606//2534 2645//2572 2647//2574
f 2606//2534 2647//2574 2607//2535
f 2646//2573 500//500 501//501
f 2646//2573 501//501 2648//2575
f 2607//2535 2647//2574 2649//2576
f 2607//2535 2649//2576 2608//2536
f 2648//2575 501//501 502//502
f 2648//2575 502//502 2650//2577
f 2608//2536 2649//2576 2651//2578
f 2608//2536 2651//2578 2609//2537
f 2650//2577 502//502 503//503
f 2650//2577 503//503 2652//2579
f 2609//2537 2651//2578 2615//2542
f 2609//2537 2615//2542 2610//2538
f 2652//2579 503//503 504//504
f 2652//2579 504//504 2613//2540
f 2653//2580 505//505 525//525
f 2653//2580 525//525 2654//2581
f 2655//2582 2653//2580 2654//2581
f 2655//2582 2654//2581 2656//2583
f 2657//2584 2658//2585 2659//2586
f 2657//2584 2659//2586 2660//2587
f 2658//2585 2661//2588 2662//2589
f 2658//2585 2662//2589 2659//2586
f 505//505 2653//2580 2663//2590
f 505//505 2663//2590 506//506
f 2653//2580 2655//2582 2664//2591
f 2653//2580 2664//2591 2663//2590
f 2665//2588 2666//2592 2667//2593
f 2665//2588 2667//2593 2668//2594
f 2666//2592 2669//2595 2670//2596
f 2666//2592 2670//2596 2667//2593
f 506//506 2663//2590 2671//2597
f 506//506 2671//2597 508//508
f 2663//2590 2664//2591 2672//2598
f 2663//2590 2672//2598 2671//2597
f 2668//2594 2667//2593 2673//2599
f 2668//2594 2673//2599 2674//2600
f 2667//2593 2670//2596 2675//2601
f 2667//2593 2675//2601 2673//2599
f 508//508 2671//2597 2676//2602
f 508//508 2676//2602 509//509
f 2671//2597 2672//2598 2677//2603
f 2671//2597 2677//2603 2676//2602
f 2674//2600 2673//2599 2678//2604
f 2674//2600 2678//2604 2679//2605
f 2673//2599 2675//2601 2680//2606
f 2673//2599 2680//2606 2678//2604
f 509//509 2676//2602 2681//2607
f 509//509 2681//2607 510//510
f 2676//2602 2677//2603 2682//2608
f 2676//2602 2682//2608 2681//2607
f 2679//2605 2678//2604 2683//2609
f 2679//2605 2683//2609 2684//2608
f 2678//2604 2680//2606 2685//2610
f 2678//2604 2685//2610 2683//2609
f 510//510 2681//2607 2686//2611
f 510//510 2686//2611 511//511
f 2681//2607 2682//2608 2687//2612
f 2681//2607 2687//2612 2686//2611
f 2684//2608 2683//2609 2688//2613
f 2684//2608 2688//2613 2689//2612
f 2683//2609 2685//2610 2690//2614
f 2683//2609 2690//2614 2688//2613
f 511//511 2686//2611 2691//2615
f 511//511 2691//2615 512//512
f 2686//2611 2687//2612 2692//2616
f 2686//2611 2692//2616 2691//2615
f 2689//2612 2688//2613 2693//2617
f 2689//2612 2693//2617 2694//2618
f 2688//2613 2690//2614 2695//2619
f 2688//2613 2695//2619 2693//2617
f 512//512 2691//2615 2696//2620
f 512//512 2696//2620 513//513
f 2691//2615 2692//2616 2697//2621
f 2691//2615 2697//2621 2696//2620
f 2694//2618 2693//2617 2698//2622
f 2694//2618 2698//2622 2699//2621
f 2693//2617 2695//2619 2700//2623
f 2693//2617 2700//2623 2698//2622
f 513//513 2696//2620 2701//2624
f 513//513 2701//2624 514//514
f 2696//2620 2697//2621 2702//2625
f 2696//2620 2702//2625 2701//2624
f 2699//2621 2698//2622 2703//2626
f 2699//2621 2703//2626 2704//2627
f 2698//2622 2700//2623 2705//2628
f 2698//2622 2705//2628 2703//2626
f 514//514 2701//2624 2706//2629
f 514//514 2706//2629 515//515
f 2701//2624 2702//2625 2707//2630
f 2701//2624 2707//2630 2706//2629
f 2704//2627 2703//2626 2708//2631
f 2704//2627 2708//2631 2709//2632
f 2703//2626 2705//2628 2710//2633
f 2703//2626 2710//2633 2708//2631
f 515//515 2706//2629 2711//2634
f 515//515 2711//2634 516//516
f 2706//2629 2707//2630 2712//2635
f 2706//2629 2712//2635 2711//2634
f 2709//2632 2708//2631 2713//2636
f 2709//2632 2713//2636 2714//2637
f 2708//2631 2710//2633 2715//2638
f 2708//2631 2715//2638 2713//2636
f 516//516 2711//2634 2716//2639
f 516//516 2716//2639 517//517
f 2711//2634 2712//2635 2717//2640
f 2711//2634 2717//2640 2716//2639
f 2714//2637 2713//2636 2718//2641
f 2714//2637 2718//2641 2719//2640
f 2713//2636 2715//2638 2720//2642
f 2713//2636 2720//2642 2718//2641
f 517//517 2716//2639 2721//2643
f 517//517 2721//2643 518//518
f 2716//2639 2717//2640 2722//2644
f 2716//2639 2722//2644 2721//2643
f 2719//2640 2718//2641 2723//2645
f 2719//2640 2723//2645 2724//2646
f 2718//2641 2720//2642 2725//2647
f 2718//2641 2725//2647 2723//2645
f 518//518 2721//2643 2726//2648
f 518//518 2726//2648 519//519
f 2721//2643 2722//2644 2727//2649
f 2721//2643 2727//2649 2726//2648
f 2724//2646 2723//2645 2728//2650
f 2724//2646 2728//2650 2729//2651
f 2723//2645 2725//2647 2730//2652
f 2723//2645 2730//2652 2728//2650
f 519//519 2726//2648 2731//2653
f 519//519 2731//2653 520//520
f 2726//2648 2727//2649 2732//2654
f 2726//2648 2732//2654 2731//2653
f 2729//2651 2728//2650 2733//2655
f 2729//2651 2733//2655 2734//2656
f 2728//2650 2730//2652 2735//2657
f 2728//2650 2735//2657 2733//2655
f 520//520 2731//2653 2736//2658
f 520//520 2736//2658 521//521
f 2731//2653 2732//2654 2737//2659
f 2731//2653 2737//2659 2736//2658
f 2734//2656 2733//2655 2738//2660
f 2734//2656 2738//2660 2739//2659
f 2733//2655 2735//2657 2740//2661
f 2733//2655 2740//2661 2738//2660
f 521//521 2736//2658 2741//2662
f 521//521 2741//2662 522//522
f 2736//2658 2737//2659 2742//2663
f 2736//2658 2742//2663 2741//2662
f 2739//2659 2738//2660 2743//2664
f 2739//2659 2743//2664 2744//2665
f 2738//2660 2740//2661 2745//2666
f 2738//2660 2745//2666 2743//2664
f 522//522 2741//2662 2746//2667
f 522//522 2746//2667 523//523
f 2741//2662 2742//2663 2747//2668
f 2741//2662 2747//2668 2746//2667
f 2744//2665 2743//2664 2748//2669
f 2744//2665 2748//2669 2749//2670
f 2743//2664 2745//2666 2750//2671
f 2743//2664 2750//2671 2748//2669
f 523//523 2746//2667 2751//2672
f 523//523 2751//2672 524//524
f 2746//2667 2747//2668 2752//2673
f 2746//2667 2752//2673 2751//2672
f 2749//2670 2748//2669 2753//2674
f 2749//2670 2753//2674 2754//2673
f 2748//2669 2750//2671 2755//2675
f 2748//2669 2755//2675 2753//2674
f 524//524 2751//2672 2654//2581
f 524//524 2654//2581 525//525
f 2751//2672 2752//2673 2656//2583
f 2751//2672 2656//2583 2654//2581
f 2754//2673 2753//2674 2659//2586
f 2754//2673 2659//2586 2662//2589
f 2753//2674 2755//2675 2660//2587
f 2753//2674 2660//2587 2659//2586
f 2756//2676 2757//2677 2670//2596
f 2756//2676 2670//2596 2669//2595
f 2757//2677 2758//2678 2675//2601
f 2757//2677 2675//2601 2670//2596
f 2758//2678 2759//2679 2680//2606
f 2758//2678 2680//2606 2675//2601
f 2759//2679 2760//2680 2685//2610
f 2759//2679 2685//2610 2680//2606
f 2760//2680 2761//2681 2690//2614
f 2760//2680 2690//2614 2685//2610
f 2761//2681 2762//2682 2695//2619
f 2761//2681 2695//2619 2690//2614
f 2762//2682 2763//2683 2700//2623
f 2762//2682 2700//2623 2695//2619
f 2763//2683 2764//2684 2705//2628
f 2763//2683 2705//2628 2700//2623
f 2764//2684 2765//2685 2710//2633
f 2764//2684 2710//2633 2705//2628
f 2765//2685 2766//2686 2715//2638
f 2765//2685 2715//2638 2710//2633
f 2766//2686 2767//2687 2720//2642
f 2766//2686 2720//2642 2715//2638
f 2767//2687 2768//2688 2725//2647
f 2767//2687 2725//2647 2720//2642
f 2768//2688 2769//2689 2730//2652
f 2768//2688 2730//2652 2725//2647
f 2769//2689 2770//2690 2735//2657
f 2769//2689 2735//2657 2730//2652
f 2770//2690 2771//2691 2740//2661
f 2770//2690 2740//2661 2735//2657
f 2771//2691 2772//2692 2745//2666
f 2771//2691 2745//2666 2740//2661
f 2772//2692 2773//2693 2750//2671
f 2772//2692 2750//2671 2745//2666
f 2773//2693 2774//2694 2755//2675
f 2773//2693 2755//2675 2750//2671
f 2774//2694 2775//2695 2660//2587
f 2774//2694 2660//2587 2755//2675
f 2775//2695 2776//2696 2657//2584
f 2775//2695 2657//2584 2660//2587
f 527//527 2777//2697 2778//2698
f 527//527 2778//2698 546//546
f 2779//2699 2776//2696 2775//2695
f 2779//2699 2775//2695 2780//2700
f 2756//2676 2781//2701 2782//2702
f 2756//2676 2782//2702 2757//2677
f 2777//2697 527//527 526//526
f 2777//2697 526//526 2783//2703
f 2757//2677 2782//2702 2784//2704
f 2757//2677 2784//2704 2758//2678
f 2783//2703 526//526 529//529
f 2783//2703 529//529 2785//2705
f 2758//2678 2784//2704 2786//2706
f 2758//2678 2786//2706 2759//2679
f 2785//2705 529//529 530//530
f 2785//2705 530//530 2787//2707
f 2759//2679 2786//2706 2788//2708
f 2759//2679 2788//2708 2760//2680
f 2787//2707 530//530 531//531
f 2787//2707 531//531 2789//2709
f 2760//2680 2788//2708 2790//2710
f 2760//2680 2790//2710 2761//2681
f 2789//2709 531//531 532//532
f 2789//2709 532//532 2791//2711
f 2761//2681 2790//2710 2792//2712
f 2761//2681 2792//2712 2762//2682
f 2791//2711 532//532 533//533
f 2791//2711 533//533 2793//2713
f 2762//2682 2792//2712 2794//2714
f 2762//2682 2794//2714 2763//2683
f 2793//2713 533//533 534//534
f 2793//2713 534//534 2795//2715
f 2763//2683 2794//2714 2796//2716
f 2763//2683 2796//2716 2764//2684
f 2795//2715 534//534 535//535
f 2795//2715 535//535 2797//2717
f 2764//2684 2796//2716 2798//2718
f 2764//2684 2798//2718 2765//2685
f 2797//2717 535//535 536//536
f 2797//2717 536//536 2799//2719
f 2765//2685 2798//2718 2800//2720
f 2765//2685 2800//2720 2766//2686
f 2799//2719 536//536 537//537
f 2799//2719 537//537 2801//2721
f 2766//2686 2800//2720 2802//2722
f 2766//2686 2802//2722 2767//2687
f 2801//2721 537//537 538//538
f 2801//2721 538//538 2803//2723
f 2767//2687 2802//2722 2804//2724
f 2767//2687 2804//2724 2768//2688
f 2803//2723 538//538 539//539
f 2803//2723 539//539 2805//2725
f 2768//2688 2804//2724 2806//2726
f 2768//2688 2806//2726 2769//2689
f 2805//2725 539//539 540//540
f 2805//2725 540//540 2807//2727
f 2769//2689 2806//2726 2808//2728
f 2769//2689 2808//2728 2770//2690
f 2807//2727 540//540 541//541
f 2807//2727 541//541 2809//2729
f 2770//2690 2808//2728 2810//2730
f 2770//2690 2810//2730 2771//2691
f 2809//2729 541//541 542//542
f 2809//2729 542//542 2811//2731
f 2771//2691 2810//2730 2812//2732
f 2771//2691 2812//2732 2772//2692
f 2811//2731 542//542 543//543
f 2811//2731 543//543 2813//2733
f 2772//2692 2812//2732 2814//2734
f 2772//2692 2814//2734 2773//2693
f 2813//2733 543//543 544//544
f 2813//2733 544//544 2815//2735
f 2773//2693 2814//2734 2816//2736
f 2773//2693 2816//2736 2774//2694
f 2815//2735 544//544 545//545
f 2815//2735 545//545 2817//2737
f 2774//2694 2816//2736 2780//2700
f 2774//2694 2780//2700 2775//2695
f 2817//2737 545//545 546//546
f 2817//2737 546//546 2778//2698
f 2818//2738 547//547 567//567
f 2818//2738 567//567 2819//2739
f 2820//2740 2818//2738 2819//2739
f 2820//2740 2819//2739 2821//2741
f 2822//2742 2823//2743 2824//2744
f 2822//2742 2824//2744 2825//2745
f 2823//2743 2826//2740 2827//2746
f 2823//2743 2827//2746 2824//2744
f 547//547 2818//2738 2828//2747
f 547//547 2828//2747 548//548
f 2818//2738 2820//2740 2829//2748
f 2818//2738 2829//2748 2828//2747
f 2830//2749 2831//2750 2832//2751
f 2830//2749 2832//2751 2833//2748
f 2831//2750 2834//2752 2835//2753
f 2831//2750 2835//2753 2832//2751
f 548//548 2828//2747 2836//2754
f 548//548 2836//2754 550//550
f 2828//2747 2829//2748 2837//2755
f 2828//2747 2837//2755 2836//2754
f 2833//2748 2832//2751 2838//2756
f 2833//2748 2838//2756 2839//2757
f 2832//2751 2835//2753 2840//2758
f 2832//2751 2840//2758 2838//2756
f 550//550 2836//2754 2841//2759
f 550//550 2841//2759 551//551
f 2836//2754 2837//2755 2842//2760
f 2836//2754 2842//2760 2841//2759
f 2839//2757 2838//2756 2843//2761
f 2839//2757 2843//2761 2844//2762
f 2838//2756 2840//2758 2845//2763
f 2838//2756 2845//2763 2843//2761
f 551//551 2841//2759 2846//2764
f 551//551 2846//2764 552//552
f 2841//2759 2842//2760 2847//2765
f 2841//2759 2847//2765 2846//2764
f 2844//2762 2843//2761 2848//2766
f 2844//2762 2848//2766 2849//2767
f 2843//2761 2845//2763 2850//2768
f 2843//2761 2850//2768 2848//2766
f 552//552 2846//2764 2851//2769
f 552//552 2851//2769 553//553
f 2846//2764 2847//2765 2852//2770
f 2846//2764 2852//2770 2851//2769
f 2849//2767 2848//2766 2853//2771
f 2849//2767 2853//2771 2854//2772
f 2848//2766 2850//2768 2855//2773
f 2848//2766 2855//2773 2853//2771
f 553//553 2851//2769 2856//2774
f 553//553 2856//2774 554//554
f 2851//2769 2852//2770 2857//2775
f 2851//2769 2857//2775 2856//2774
f 2854//2772 2853//2771 2858//2776
f 2854//2772 2858//2776 2859//2777
f 2853//2771 2855//2773 2860//2778
f 2853//2771 2860//2778 2858//2776
f 554//554 2856//2774 2861//2779
f 554//554 2861//2779 555//555
f 2856//2774 2857//2775 2862//2780
f 2856//2774 2862//2780 2861//2779
f 2859//2777 2858//2776 2863//2781
f 2859//2777 2863//2781 2864//2782
f 2858//2776 2860//2778 2865//2783
f 2858//2776 2865//2783 2863//2781
f 555//555 2861//2779 2866//2784
f 555//555 2866//2784 556//556
f 2861//2779 2862//2780 2867//2785
f 2861//2779 2867//2785 2866//2784
f 2864//2782 2863//2781 2868//2786
f 2864//2782 2868//2786 2869//2787
f 2863//2781 2865//2783 2870//2788
f 2863//2781 2870//2788 2868//2786
f 556//556 2866//2784 2871//2789
f 556//556 2871//2789 557//557
f 2866//2784 2867//2785 2872//2790
f 2866//2784 2872//2790 2871//2789
f 2869//2787 2868//2786 2873//2791
f 2869//2787 2873//2791 2874//2792
f 2868//2786 2870//2788 2875//2793
f 2868//2786 2875//2793 2873//2791
f 557//557 2871//2789 2876//2794
f 557//557 2876//2794 558//558
f 2871//2789 2872//2790 2877//2795
f 2871//2789 2877//2795 2876//2794
f 2874//2792 2873//2791 2878//2796
f 2874//2792 2878//2796 2879//2797
f 2873//2791 2875//2793 2880//2798
f 2873//2791 2880//2798 2878//2796
f 558//558 2876//2794 2881//2799
f 558//558 2881//2799 559//559
f 2876//2794 2877//2795 2882//2800
f 2876//2794 2882//2800 2881//2799
f 2879//2797 2878//2796 2883//2801
f 2879//2797 2883//2801 2884//2802
f 2878//2796 2880//2798 2885//2803
f 2878//2796 2885//2803 2883//2801
f 559//559 2881//2799 2886//2804
f 559//559 2886//2804 560//560
f 2881//2799 2882//2800 2887//2805
f 2881//2799 2887//2805 2886//2804
f 2884//2802 2883//2801 2888//2806
f 2884//2802 2888//2806 2889//2807
f 2883//2801 2885//2803 2890//2808
f 2883//2801 2890//2808 2888//2806
f 560//560 2886//2804 2891//2809
f 560//560 2891//2809 561//561
f 2886//2804 2887//2805 2892//2810
f 2886//2804 2892//2810 2891//2809
f 2889//2807 2888//2806 2893//2811
f 2889//2807 2893//2811 2894//2812
f 2888//2806 2890//2808 2895//2813
f 2888//2806 2895//2813 2893//2811
f 561//561 2891//2809 2896//2814
f 561//561 2896//2814 562//562
f 2891//2809 2892//2810 2897//2815
f 2891//2809 2897//2815 2896//2814
f 2894//2812 2893//2811 2898//2816
f 2894//2812 2898//2816 2899//2817
f 2893//2811 2895//2813 2900//2818
f 2893//2811 2900//2818 2898//2816
f 562//562 2896//2814 2901//2819
f 562//562 2901//2819 563//563
f 2896//2814 2897//2815 2902//2820
f 2896//2814 2902//2820 2901//2819
f 2899//2817 2898//2816 2903//2821
f 2899//2817 2903//2821 2904//2822
f 2898//2816 2900//2818 2905//2823
f 2898//2816 2905//2823 2903//2821
f 563//563 2901//2819 2906//2824
f 563//563 2906//2824 564//564
f 2901//2819 2902//2820 2907//2825
f 2901//2819 2907//2825 2906//2824
f 2904//2822 2903//2821 2908//2826
f 2904//2822 2908//2826 2909//2825
f 2903//2821 2905//2823 2910//2827
f 2903//2821 2910//2827 2908//2826
f 564//564 2906//2824 2911//2828
f 564//564 2911//2828 565//565
f 2906//2824 2907//2825 2912//2829
f 2906//2824 2912//2829 2911//2828
f 2909//2825 2908//2826 2913//2830
f 2909//2825 2913//2830 2914//2831
f 2908//2826 2910//2827 2915//2832
f 2908//2826 2915//2832 2913//2830
f 565//565 2911//2828 2916//2833
f 565//565 2916//2833 566//566
f 2911//2828 2912//2829 2917//2834
f 2911//2828 2917//2834 2916//2833
f 2914//2831 2913//2830 2918//2835
f 2914//2831 2918//2835 2919//2834
f 2913//2830 2915//2832 2920//2836
f 2913//2830 2920//2836 2918//2835
f 566//566 2916//2833 2819//2739
f 566//566 2819//2739 567//567
f 2916//2833 2917//2834 2821//2741
f 2916//2833 2821//2741 2819//2739
f 2919//2834 2918//2835 2824//2744
f 2919//2834 2824//2744 2827//2746
f 2918//2835 2920//2836 2825//2745
f 2918//2835 2825//2745 2824//2744
f 2921//2837 2922//2838 2835//2753
f 2921//2837 2835//2753 2834//2752
f 2922//2838 2923//2839 2840//2758
f 2922//2838 2840//2758 2835//2753
f 2923//2839 2924//2840 2845//2763
f 2923//2839 2845//2763 2840//2758
f 2924//2840 2925//2841 2850//2768
f 2924//2840 2850//2768 2845//2763
f 2925//2841 2926//2842 2855//2773
f 2925//2841 2855//2773 2850//2768
f 2926//2842 2927//2843 2860//2778
f 2926//2842 2860//2778 2855//2773
f 2927//2843 2928//2844 2865//2783
f 2927//2843 2865//2783 2860//2778
f 2928//2844 2929//2845 2870//2788
f 2928//2844 2870//2788 2865//2783
f 2929//2845 2930//2846 2875//2793
f 2929//2845 2875//2793 2870//2788
f 2930//2846 2931//2847 2880//2798
f 2930//2846 2880//2798 2875//2793
f 2931//2847 2932//2848 2885//2803
f 2931//2847 2885//2803 2880//2798
f 2932//2848 2933//2849 2890//2808
f 2932//2848 2890//2808 2885//2803
f 2933//2849 2934//2850 2895//2813
f 2933//2849 2895//2813 2890//2808
f 2934//2850 2935//2851 2900//2818
f 2934//2850 2900//2818 2895//2813
f 2935//2851 2936//2852 2905//2823
f 2935//2851 2905//2823 2900//2818
f 2936//2852 2937//2853 2910//2827
f 2936//2852 2910//2827 2905//2823
f 2937//2853 2938//2854 2915//2832
f 2937//2853 2915//2832 2910//2827
f 2938//2854 2939//2855 2920//2836
f 2938//2854 2920//2836 2915//2832
f 2939//2855 2940//2856 2825//2745
f 2939//2855 2825//2745 2920//2836
f 2940//2856 2941//2857 2822//2742
f 2940//2856 2822//2742 2825//2745
f 569//569 2942//2858 2943//2859
f 569//569 2943//2859 588//588
f 2944//2860 2941//2857 2940//2856
f 2944//2860 2940//2856 2945//2861
f 2921//2837 2946//2862 2947//2863
f 2921//2837 2947//2863 2922//2838
f 2942//2858 569//569 568//568
f 2942//2858 568//568 2948//2864
f 2922//2838 2947//2863 2949//2865
f 2922//2838 2949//2865 2923//2839
f 2948//2864 568//568 571//571
f 2948//2864 571//571 2950//2866
f 2923//2839 2949//2865 2951//2867
f 2923//2839 2951//2867 2924//2840
f 2950//2866 571//571 572//572
f 2950//2866 572//572 2952//2868
f 2924//2840 2951//2867 2953//2869
f 2924//2840 2953//2869 2925//2841
f 2952//2868 572//572 573//573
f 2952//2868 573//573 2954//2870
f 2925//2841 2953//2869 2955//2871
f 2925//2841 2955//2871 2926//2842
f 2954//2870 573//573 574//574
f 2954//2870 574//574 2956//2872
f 2926//2842 2955//2871 2957//2873
f 2926//2842 2957//2873 2927//2843
f 2956//2872 574//574 575//575
f 2956//2872 575//575 2958//2874
f 2927//2843 2957//2873 2959//2875
f 2927//2843 2959//2875 2928//2844
f 2958//2874 575//575 576//576
f 2958//2874 576//576 2960//2876
f 2928//2844 2959//2875 2961//2877
f 2928//2844 2961//2877 2929//2845
f 2960//2876 576//576 577//577
f 2960//2876 577//577 2962//2878
f 2929//2845 2961//2877 2963//2879
f 2929//2845 2963//2879 2930//2846
f 2962//2878 577//577 578//578
f 2962//2878 578//578 2964//2880
f 2930//2846 2963//2879 2965//2881
f 2930//2846 2965//2881 2931//2847
f 2964//2880 578//578 579//579
f 2964//2880 579//579 2966//2882
f 2931//2847 2965//2881 2967//2883
f 2931//2847 2967//2883 2932//2848
f 2966//2882 579//579 580//580
f 2966//2882 580//580 2968//2884
f 2932//2848 2967//2883 2969//2885
f 2932//2848 2969//2885 2933//2849
f 2968//2884 580//580 581//581
f 2968//2884 581//581 2970//2886
f 2933//2849 2969//2885 2971//2887
f 2933//2849 2971//2887 2934//2850
f 2970//2886 581//581 582//582
f 2970//2886 582//582 2972//2888
f 2934//2850 2971//2887 2973//2889
f 2934//2850 2973//2889 2935//2851
f 2972//2888 582//582 583//583
f 2972//2888 583//583 2974//2890
f 2935//2851 2973//2889 2975//2891
f 2935//2851 2975//2891 2936//2852
f 2974//2890 583//583 584//584
f 2974//2890 584//584 2976//2892
f 2936//2852 2975//2891 2977//2893
f 2936//2852 2977//2893 2937//2853
f 2976//2892 584//584 585//585
f 2976//2892 585//585 2978//2894
f 2937//2853 2977//2893 2979//2895
f 2937//2853 2979//2895 2938//2854
f 2978//2894 585//585 586//586
f 2978//2894 586//586 2980//2896
f 2938//2854 2979//2895 2981//2897
f 2938//2854 2981//2897 2939//2855
f 2980//2896 586//586 587//587
f 2980//2896 587//587 2982//2898
f 2939//2855 2981//2897 2945//2861
f 2939//2855 2945//2861 2940//2856
f 2982//2898 587//587 588//588
f 2982//2898 588//588 2943//2859
f 2983//2899 589//589 609//609
f 2983//2899 609//609 2984//2900
f 2985//2901 2983//2899 2984//2900
f 2985//2901 2984//2900 2986//2902
f 2987//2903 2988//2904 2989//2905
f 2987//2903 2989//2905 2990//2906
f 2988//2904 2991//2907 2992//2908
f 2988//2904 2992//2908 2989//2905
f 589//589 2983//2899 2993//2909
f 589//589 2993//2909 590//590
f 2983//2899 2985//2901 2994//2910
f 2983//2899 2994//2910 2993//2909
f 2995//2907 2996//2904 2997//2911
f 2995//2907 2997//2911 2998//2912
f 2996//2904 2999//2913 3000//2914
f 2996//2904 3000//2914 2997//2911
f 590//590 2993//2909 3001//2915
f 590//590 3001//2915 592//592
f 2993//2909 2994//2910 3002//2916
f 2993//2909 3002//2916 3001//2915
f 2998//2912 2997//2911 3003//2917
f 2998//2912 3003//2917 3004//2918
f 2997//2911 3000//2914 3005//2919
f 2997//2911 3005//2919 3003//2917
f 592//592 3001//2915 3006//2920
f 592//592 3006//2920 593//593
f 3001//2915 3002//2916 3007//2921
f 3001//2915 3007//2921 3006//2920
f 3004//2918 3003//2917 3008//2922
f 3004//2918 3008//2922 3009//2923
f 3003//2917 3005//2919 3010//2924
f 3003//2917 3010//2924 3008//2922
f 593//593 3006//2920 3011//2925
f 593//593 3011//2925 594//594
f 3006//2920 3007//2921 3012//2926
f 3006//2920 3012//2926 3011//2925
f 3009//2923 3008//2922 3013//2927
f 3009//2923 3013//2927 3014//2928
f 3008//2922 3010//2924 3015//2929
f 3008//2922 3015//2929 3013//2927
f 594//594 3011//2925 3016//2930
f 594//594 3016//2930 595//595
f 3011//2925 3012//2926 3017//2931
f 3011//2925 3017//2931 3016//2930
f 3014//2928 3013//2927 3018//2932
f 3014//2928 3018//2932 3019//2933
f 3013//2927 3015//2929 3020//2934
f 3013//2927 3020//2934 3018//2932
f 595//595 3016//2930 3021//2935
f 595//595 3021//2935 596//596
f 3016//2930 3017//2931 3022//2936
f 3016//2930 3022//2936 3021//2935
f 3019//2933 3018//2932 3023//2937
f 3019//2933 3023//2937 3024//2938
f 3018//2932 3020//2934 3025//2939
f 3018//2932 3025//2939 3023//2937
f 596//596 3021//2935 3026//2940
f 596//596 3026//2940 597//597
f 3021//2935 3022//2936 3027//2941
f 3021//2935 3027//2941 3026//2940
f 3024//2938 3023//2937 3028//2942
f 3024//2938 3028//2942 3029//2943
f 3023//2937 3025//2939 3030//2944
f 3023//2937 3030//2944 3028//2942
f 597//597 3026//2940 3031//2945
f 597//597 3031//2945 598//598
f 3026//2940 3027//2941 3032//2946
f 3026//2940 3032//2946 3031//2945
f 3029//2943 3028//2942 3033//2947
f 3029//2943 3033//2947 3034//2948
f 3028//2942 3030//2944 3035//2949
f 3028//2942 3035//2949 3033//2947
f 598//598 3031//2945 3036//2950
f 598//598 3036//2950 599//599
f 3031//2945 3032//2946 3037//2951
f 3031//2945 3037//2951 3036//2950
f 3034//2948 3033//2947 3038//2952
f 3034//2948 3038//2952 3039//2953
f 3033//2947 3035//2949 3040//2954
f 3033//2947 3040//2954 3038//2952
f 599//599 3036//2950 3041//2955
f 599//599 3041//2955 600//600
f 3036//2950 3037//2951 3042//2956
f 3036//2950 3042//2956 3041//2955
f 3039//2953 3038//2952 3043//2957
f 3039//2953 3043//2957 3044//2958
f 3038//2952 3040//2954 3045//2959
f 3038//2952 3045//2959 3043//2957
f 600//600 3041//2955 3046//2960
f 600//600 3046//2960 601//601
f 3041//2955 3042//2956 3047//2961
f 3041//2955 3047//2961 3046//2960
f 3044//2958 3043//2957 3048//2962
f 3044//2958 3048//2962 3049//2963
f 3043//2957 3045//2959 3050//2964
f 3043//2957 3050//2964 3048//2962
f 601//601 3046//2960 3051//2965
f 601//601 3051//2965 602//602
f 3046//2960 3047//2961 3052//2966
f 3046//2960 3052//2966 3051//2965
f 3049//2963 3048//2962 3053//2967
f 3049//2963 3053//2967 3054//2968
f 3048//2962 3050//2964 3055//2969
f 3048//2962 3055//2969 3053//2967
f 602//602 3051//2965 3056//2970
f 602//602 3056//2970 603//603
f 3051//2965 3052//2966 3057//2971
f 3051//2965 3057//2971 3056//2970
f 3054//2968 3053//2967 3058//2972
f 3054//2968 3058//2972 3059//2971
f 3053//2967 3055//2969 3060//2973
f 3053//2967 3060//2973 3058//2972
f 603//603 3056//2970 3061//2974
f 603//603 3061//2974 604//604
f 3056//2970 3057//2971 3062//2975
f 3056//2970 3062//2975 3061//2974
f 3059//2971 3058//2972 3063//2976
f 3059//2971 3063//2976 3064//2977
f 3058//2972 3060//2973 3065//2978
f 3058//2972 3065//2978 3063//2976
f 604//604 3061//2974 3066//2979
f 604//604 3066//2979 605//605
f 3061//2974 3062//2975 3067//2980
f 3061//2974 3067//2980 3066//2979
f 3064//2977 3063//2976 3068//2981
f 3064//2977 3068//2981 3069//2982
f 3063//2976 3065//2978 3070//2983
f 3063//2976 3070//2983 3068//2981
f 605//605 3066//2979 3071//2984
f 605//605 3071//2984 606//606
f 3066//2979 3067//2980 3072//2985
f 3066//2979 3072//2985 3071//2984
f 3069//2982 3068//2981 3073//2986
f 3069//2982 3073//2986 3074//2985
f 3068//2981 3070//2983 3075//2987
f 3068//2981 3075//2987 3073//2986
f 606//606 3071//2984 3076//2988
f 606//606 3076//2988 607//607
f 3071//2984 3072//2985 3077//2989
f 3071//2984 3077//2989 3076//2988
f 3074//2985 3073//2986 3078//2990
f 3074//2985 3078//2990 3079//2991
f 3073//2986 3075//2987 3080//2992
f 3073//2986 3080//2992 3078//2990
f 607//607 3076//2988 3081//2993
f 607//607 3081//2993 608//608
f 3076//2988 3077//2989 3082//2994
f 3076//2988 3082//2994 3081//2993
f 3079//2991 3078//2990 3083//2995
f 3079//2991 3083//2995 3084//2996
f 3078//2990 3080//2992 3085//2997
f 3078//2990 3085//2997 3083//2995
f 608//608 3081//2993 2984//2900
f 608//608 2984//2900 609//609
f 3081//2993 3082//2994 2986//2902
f 3081//2993 2986//2902 2984//2900
f 3084//2996 3083//2995 2989//2905
f 3084//2996 2989//2905 2992//2908
f 3083//2995 3085//2997 2990//2906
f 3083//2995 2990//2906 2989//2905
f 3086//2998 3087//2999 3000//2914
f 3086//2998 3000//2914 2999//2913
f 3087//2999 3088//3000 3005//2919
f 3087//2999 3005//2919 3000//2914
f 3088//3000 3089//3001 3010//2924
f 3088//3000 3010//2924 3005//2919
f 3089//3001 3090//3002 3015//2929
f 3089//3001 3015//2929 3010//2924
f 3090//3002 3091//3003 3020//2934
f 3090//3002 3020//2934 3015//2929
f 3091//3003 3092//3004 3025//2939
f 3091//3003 3025//2939 3020//2934
f 3092//3004 3093//3005 3030//2944
f 3092//3004 3030//2944 3025//2939
f 3093//3005 3094//3006 3035//2949
f 3093//3005 3035//2949 3030//2944
f 3094//3006 3095//3007 3040//2954
f 3094//3006 3040//2954 3035//2949
f 3095//3007 3096//3008 3045//2959
f 3095//3007 3045//2959 3040//2954
f 3096//3008 3097//3009 3050//2964
f 3096//3008 3050//2964 3045//2959
f 3097//3009 3098//3010 3055//2969
f 3097//3009 3055//2969 3050//2964
f 3098//3010 3099//3011 3060//2973
f 3098//3010 3060//2973 3055//2969
f 3099//3011 3100//3012 3065//2978
f 3099//3011 3065//2978 3060//2973
f 3100//3012 3101//3013 3070//2983
f 3100//3012 3070//2983 3065//2978
f 3101//3013 3102//3014 3075//2987
f 3101//3013 3075//2987 3070//2983
f 3102//3014 3103//3015 3080//2992
f 3102//3014 3080//2992 3075//2987
f 3103//3015 3104//3016 3085//2997
f 3103//3015 3085//2997 3080//2992
f 3104//3016 3105//3017 2990//2906
f 3104//3016 2990//2906 3085//2997
f 3105//3017 3106//3018 2987//2903
f 3105//3017 2987//2903 2990//2906
f 611//611 3107//3019 3108//3020
f 611//611 3108//3020 630//630
f 3109//3021 3106//3018 3105//3017
f 3109//3021 3105//3017 3110//3022
f 3086//2998 3111//3023 3112//3024
f 3086//2998 3112//3024 3087//2999
f 3107//3019 611//611 610//610
f 3107//3019 610//610 3113//3025
f 3087//2999 3112//3024 3114//3026
f 3087//2999 3114//3026 3088//3000
f 3113//3025 610//610 613//613
f 3113//3025 613//613 3115//3027
f 3088//3000 3114//3026 3116//3028
f 3088//3000 3116//3028 3089//3001
f 3115//3027 613//613 614//614
f 3115//3027 614//614 3117//3029
f 3089//3001 3116//3028 3118//3030
f 3089//3001 3118//3030 3090//3002
f 3117//3029 614//614 615//615
f 3117//3029 615//615 3119//3031
f 3090//3002 3118//3030 3120//3032
f 3090//3002 3120//3032 3091//3003
f 3119//3031 615//615 616//616
f 3119//3031 616//616 3121//3033
f 3091//3003 3120//3032 3122//3034
f 3091//3003 3122//3034 3092//3004
f 3121//3033 616//616 617//617
f 3121//3033 617//617 3123//3035
f 3092//3004 3122//3034 3124//3036
f 3092//3004 3124//3036 3093//3005
f 3123//3035 617//617 618//618
f 3123//3035 618//618 3125//3037
f 3093//3005 3124//3036 3126//3038
f 3093//3005 3126//3038 3094//3006
f 3125//3037 618//618 619//619
f 3125//3037 619//619 3127//3039
f 3094//3006 3126//3038 3128//3040
f 3094//3006 3128//3040 3095//3007
f 3127//3039 619//619 620//620
f 3127//3039 620//620 3129//3041
f 3095//3007 3128//3040 3130//3042
f 3095//3007 3130//3042 3096//3008
f 3129//3041 620//620 621//621
f 3129//3041 621//621 3131//3043
f 3096//3008 3130//3042 3132//3044
f 3096//3008 3132//3044 3097//3009
f 3131//3043 621//621 622//622
f 3131//3043 622//622 3133//3045
f 3097//3009 3132//3044 3134//3046
f 3097//3009 3134//3046 3098//3010
f 3133//3045 622//622 623//623
f 3133//3045 623//623 3135//3047
f 3098//3010 3134//3046 3136//3048
f 3098//3010 3136//3048 3099//3011
f 3135//3047 623//623 624//624
f 3135//3047 624//624 3137//3049
f 3099//3011 3136//3048 3138//3050
f 3099//3011 3138//3050 3100//3012
f 3137//3049 624//624 625//625
f 3137//3049 625//625 3139//3051
f 3100//3012 3138//3050 3140//3052
f 3100//3012 3140//3052 3101//3013
f 3139//3051 625//625 626//626
f 3139//3051 626//626 3141//3053
f 3101//3013 3140//3052 3142//3054
f 3101//3013 3142//3054 3102//3014
f 3141//3053 626//626 627//627
f 3141//3053 627//627 3143//3055
f 3102//3014 3142//3054 3144//3056
f 3102//3014 3144//3056 3103//3015
f 3143//3055 627//627 628//628
f 3143//3055 628//628 3145//3057
f 3103//3015 3144//3056 3146//3058
f 3103//3015 3146//3058 3104//3016
f 3145//3057 628//628 629//629
f 3145//3057 629//629 3147//3059
f 3104//3016 3146//3058 3110//3022
f 3104//3016 3110//3022 3105//3017
f 3147//3059 629//629 630//630
f 3147//3059 630//630 3108//3020
f 3148//3060 631//631 651//651
f 3148//3060 651//651 3149//3061
f 3150//3062 3148//3060 3149//3061
f 3150//3062 3149//3061 3151//3063
f 3152//3064 3153//3065 3154//3066
f 3152//3064 3154//3066 3155//3067
f 3153//3065 3156//3068 3157//3063
f 3153//3065 3157//3063 3154//3066
f 631//631 3148//3060 3158//3069
f 631//631 3158//3069 632//632
f 3148//3060 3150//3062 3159//3070
f 3148//3060 3159//3070 3158//3069
f 3160//3071 3161//3072 3162//3073
f 3160//3071 3162//3073 3163//3074
f 3161//3072 3164//3075 3165//3076
f 3161//3072 3165//3076 3162//3073
f 632//632 3158//3069 3166//3077
f 632//632 3166//3077 634//634
f 3158//3069 3159//3070 3167//3078
f 3158//3069 3167//3078 3166//3077
f 3163//3074 3162//3073 3168//3079
f 3163//3074 3168//3079 3169//3080
f 3162//3073 3165//3076 3170//3081
f 3162//3073 3170//3081 3168//3079
f 634//634 3166//3077 3171//3082
f 634//634 3171//3082 635//635
f 3166//3077 3167//3078 3172//3083
f 3166//3077 3172//3083 3171//3082
f 3169//3080 3168//3079 3173//3084
f 3169//3080 3173//3084 3174//3085
f 3168//3079 3170//3081 3175//3086
f 3168//3079 3175//3086 3173//3084
f 635//635 3171//3082 3176//3087
f 635//635 3176//3087 636//636
f 3171//3082 3172//3083 3177//3088
f 3171//3082 3177//3088 3176//3087
f 3174//3085 3173//3084 3178//3089
f 3174//3085 3178//3089 3179//3088
f 3173//3084 3175//3086 3180//3090
f 3173//3084 3180//3090 3178//3089
f 636//636 3176//3087 3181//3091
f 636//636 3181//3091 637//637
f 3176//3087 3177//3088 3182//3092
f 3176//3087 3182//3092 3181//3091
f 3179//3088 3178//3089 3183//3093
f 3179//3088 3183//3093 3184//3094
f 3178//3089 3180//3090 3185//3095
f 3178//3089 3185//3095 3183//3093
f 637//637 3181//3091 3186//3096
f 637//637 3186//3096 638//638
f 3181//3091 3182//3092 3187//3097
f 3181//3091 3187//3097 3186//3096
f 3184//3094 3183//3093 3188//3098
f 3184//3094 3188//3098 3189//3099
f 3183//3093 3185//3095 3190//3100
f 3183//3093 3190//3100 3188//3098
f 638//638 3186//3096 3191//3101
f 638//638 3191//3101 639//639
f 3186//3096 3187//3097 3192//3102
f 3186//3096 3192//3102 3191//3101
f 3189//3099 3188//3098 3193//3103
f 3189//3099 3193//3103 3194//3104
f 3188//3098 3190//3100 3195//3105
f 3188//3098 3195//3105 3193//3103
f 639//639 3191//3101 3196//3106
f 639//639 3196//3106 640//640
f 3191//3101 3192//3102 3197//3107
f 3191//3101 3197//3107 3196//3106
f 3194//3104 3193//3103 3198//3108
f 3194//3104 3198//3108 3199//3109
f 3193//3103 3195//3105 3200//3110
f 3193//3103 3200//3110 3198//3108
f 640//640 3196//3106 3201//3111
f 640//640 3201//3111 641//641
f 3196//3106 3197//3107 3202//3112
f 3196//3106 3202//3112 3201//3111
f 3199//3109 3198//3108 3203//3113
f 3199//3109 3203//3113 3204//3114
f 3198//3108 3200//3110 3205//3115
f 3198//3108 3205//3115 3203//3113
f 641//641 3201//3111 3206//3116
f 641//641 3206//3116 642//642
f 3201//3111 3202//3112 3207//3117
f 3201//3111 3207//3117 3206//3116
f 3204//3114 3203//3113 3208//3118
f 3204//3114 3208//3118 3209//3119
f 3203//3113 3205//3115 3210//3120
f 3203//3113 3210//3120 3208//3118
f 642//642 3206//3116 3211//3121
f 642//642 3211//3121 643//643
f 3206//3116 3207//3117 3212//3122
f 3206//3116 3212//3122 3211//3121
f 3209//3119 3208//3118 3213//3123
f 3209//3119 3213//3123 3214//3124
f 3208//3118 3210//3120 3215//3125
f 3208//3118 3215//3125 3213//3123
f 643//643 3211//3121 3216//3126
f 643//643 3216//3126 644//644
f 3211//3121 3212//3122 3217//3127
f 3211//3121 3217//3127 3216//3126
f 3214//3124 3213//3123 3218//3128
f 3214//3124 3218//3128 3219//3129
f 3213//3123 3215//3125 3220//3130
f 3213//3123 3220//3130 3218//3128
f 644//644 3216//3126 3221//3131
f 644//644 3221//3131 645//645
f 3216//3126 3217//3127 3222//3132
f 3216//3126 3222//3132 3221//3131
f 3219//3129 3218//3128 3223//3133
f 3219//3129 3223//3133 3224//3132
f 3218//3128 3220//3130 3225//3134
f 3218//3128 3225//3134 3223//3133
f 645//645 3221//3131 3226//3135
f 645//645 3226//3135 646//646
f 3221//3131 3222//3132 3227//3136
f 3221//3131 3227//3136 3226//3135
f 3224//3132 3223//3133 3228//3137
f 3224//3132 3228//3137 3229//3138
f 3223//3133 3225//3134 3230//3139
f 3223//3133 3230//3139 3228//3137
f 646//646 3226//3135 3231//3140
f 646//646 3231//3140 647//647
f 3226//3135 3227//3136 3232//3141
f 3226//3135 3232//3141 3231//3140
f 3229//3138 3228//3137 3233//3142
f 3229//3138 3233//3142 3234//3143
f 3228//3137 3230//3139 3235//3144
f 3228//3137 3235//3144 3233//3142
f 647//647 3231//3140 3236//3145
f 647//647 3236//3145 648//648
f 3231//3140 3232//3141 3237//3146
f 3231//3140 3237//3146 3236//3145
f 3234//3143 3233//3142 3238//3147
f 3234//3143 3238//3147 3239//3148
f 3233//3142 3235//3144 3240//3149
f 3233//3142 3240//3149 3238//3147
f 648//648 3236//3145 3241//3150
f 648//648 3241//3150 649//649
f 3236//3145 3237//3146 3242//3151
f 3236//3145 3242//3151 3241//3150
f 3239//3148 3238//3147 3243//3152
f 3239//3148 3243//3152 3244//3153
f 3238//3147 3240//3149 3245//3154
f 3238//3147 3245//3154 3243//3152
f 649//649 3241//3150 3246//3155
f 649//649 3246//3155 650//650
f 3241//3150 3242//3151 3247//3156
f 3241//3150 3247//3156 3246//3155
f 3244//3153 3243//3152 3248//3157
f 3244//3153 3248//3157 3249//3158
f 3243//3152 3245//3154 3250//3159
f 3243//3152 3250//3159 3248//3157
f 650//650 3246//3155 3149//3061
f 650//650 3149//3061 651//651
f 3246//3155 3247//3156 3151//3063
f 3246//3155 3151//3063 3149//3061
f 3249//3158 3248//3157 3154//3066
f 3249//3158 3154//3066 3157//3063
f 3248//3157 3250//3159 3155//3067
f 3248//3157 3155//3067 3154//3066
f 3251//3160 3252//3161 3165//3076
f 3251//3160 3165//3076 3164//3075
f 3252//3161 3253//3162 3170//3081
f 3252//3161 3170//3081 3165//3076
f 3253//3162 3254//3163 3175//3086
f 3253//3162 3175//3086 3170//3081
f 3254//3163 3255//3164 3180//3090
f 3254//3163 3180//3090 3175//3086
f 3255//3164 3256//3165 3185//3095
f 3255//3164 3185//3095 3180//3090
f 3256//3165 3257//3166 3190//3100
f 3256//3165 3190//3100 3185//3095
f 3257//3166 3258//3167 3195//3105
f 3257//3166 3195//3105 3190//3100
f 3258//3167 3259//3168 3200//3110
f 3258//3167 3200//3110 3195//3105
f 3259//3168 3260//3169 3205//3115
f 3259//3168 3205//3115 3200//3110
f 3260//3169 3261//3170 3210//3120
f 3260//3169 3210//3120 3205//3115
f 3261//3170 3262//3171 3215//3125
f 3261//3170 3215//3125 3210//3120
f 3262//3171 3263//3172 3220//3130
f 3262//3171 3220//3130 3215//3125
f 3263//3172 3264//3173 3225//3134
f 3263//3172 3225//3134 3220//3130
f 3264//3173 3265//3174 3230//3139
f 3264//3173 3230//3139 3225//3134
f 3265//3174 3266//3175 3235//3144
f 3265//3174 3235//3144 3230//3139
f 3266//3175 3267//3176 3240//3149
f 3266//3175 3240//3149 3235//3144
f 3267//3176 3268//3177 3245//3154
f 3267//3176 3245//3154 3240//3149
f 3268//3177 3269//3178 3250//3159
f 3268//3177 3250//3159 3245//3154
f 3269//3178 3270//3179 3155//3067
f 3269//3178 3155//3067 3250//3159
f 3270//3179 3271//3180 3152//3064
f 3270//3179 3152//3064 3155//3067
f 653//653 3272//3181 3273//3182
f 653//653 3273//3182 672//672
f 3274//3183 3271//3180 3270//3179
f 3274//3183 3270//3179 3275//3184
f 3251//3160 3276//3183 3277//3185
f 3251//3160 3277//3185 3252//3161
f 3272//3181 653//653 652//652
f 3272//3181 652//652 3278//3186
f 3252//3161 3277//3185 3279//3187
f 3252//3161 3279//3187 3253//3162
f 3278//3186 652//652 655//655
f 3278//3186 655//655 3280//3188
f 3253//3162 3279//3187 3281//3189
f 3253//3162 3281//3189 3254//3163
f 3280//3188 655//655 656//656
f 3280//3188 656//656 3282//3190
f 3254//3163 3281//3189 3283//3191
f 3254//3163 3283//3191 3255//3164
f 3282//3190 656//656 657//657
f 3282//3190 657//657 3284//3192
f 3255//3164 3283//3191 3285//3193
f 3255//3164 3285//3193 3256//3165
f 3284//3192 657//657 658//658
f 3284//3192 658//658 3286//3194
f 3256//3165 3285//3193 3287//3195
f 3256//3165 3287//3195 3257//3166
f 3286//3194 658//658 659//659
f 3286//3194 659//659 3288//3196
f 3257//3166 3287//3195 3289//3197
f 3257//3166 3289//3197 3258//3167
f 3288//3196 659//659 660//660
f 3288//3196 660//660 3290//3198
f 3258//3167 3289//3197 3291//3199
f 3258//3167 3291//3199 3259//3168
f 3290//3198 660//660 661//661
f 3290//3198 661//661 3292//3200
f 3259//3168 3291//3199 3293//3201
f 3259//3168 3293//3201 3260//3169
f 3292//3200 661//661 662//662
f 3292//3200 662//662 3294//3202
f 3260//3169 3293//3201 3295//3203
f 3260//3169 3295//3203 3261//3170
f 3294//3202 662//662 663//663
f 3294//3202 663//663 3296//3204
f 3261//3170 3295//3203 3297//3205
f 3261//3170 3297//3205 3262//3171
f 3296//3204 663//663 664//664
f 3296//3204 664//664 3298//3206
f 3262//3171 3297//3205 3299//3207
f 3262//3171 3299//3207 3263//3172
f 3298//3206 664//664 665//665
f 3298//3206 665//665 3300//3208
f 3263//3172 3299//3207 3301//3209
f 3263//3172 3301//3209 3264//3173
f 3300//3208 665//665 666//666
f 3300//3208 666//666 3302//3210
f 3264//3173 3301//3209 3303//3211
f 3264//3173 3303//3211 3265//3174
f 3302//3210 666//666 667//667
f 3302//3210 667//667 3304//3212
f 3265//3174 3303//3211 3305//3213
f 3265//3174 3305//3213 3266//3175
f 3304//3212 667//667 668//668
f 3304//3212 668//668 3306//3214
f 3266//3175 3305//3213 3307//3215
f 3266//3175 3307//3215 3267//3176
f 3306//3214 668//668 669//669
f 3306//3214 669//669 3308//3216
f 3267//3176 3307//3215 3309//3217
f 3267//3176 3309//3217 3268//3177
f 3308//3216 669//669 670//670
f 3308//3216 670//670 3310//3218
f 3268//3177 3309//3217 3311//3219
f 3268//3177 3311//3219 3269//3178
f 3310//3218 670//670 671//671
f 3310//3218 671//671 3312//3220
f 3269//3178 3311//3219 3275//3184
f 3269//3178 3275//3184 3270//3179
f 3312//3220 671//671 672//672
f 3312//3220 672//672 3273//3182
