# Blender 5.1.2
# www.blender.org
mtllib coral_8.mtl
o pCylinder35_ParlakVersiyon_0
v 0.050470 0.332290 0.145179
v 0.060415 0.330438 0.150953
v 0.070173 0.292430 0.110200
v 0.071716 0.328968 0.153365
v 0.083265 0.328024 0.152179
v 0.093932 0.327699 0.147512
v 0.102673 0.328024 0.139820
v 0.108633 0.328968 0.129857
v 0.111227 0.330438 0.118597
v 0.110203 0.332290 0.107143
v 0.105659 0.334343 0.096616
v 0.098042 0.336396 0.088046
v 0.088097 0.338249 0.082273
v 0.076796 0.339718 0.079861
v 0.065247 0.340662 0.081046
v 0.054580 0.340987 0.085713
v 0.045839 0.340662 0.093405
v 0.039879 0.339718 0.103368
v 0.037285 0.338249 0.114628
v 0.038309 0.336396 0.126082
v 0.042852 0.334343 0.136610
v 0.028652 -0.023191 0.089875
v 0.020692 -0.021709 0.085255
v 0.039729 -0.020066 0.062391
v 0.037696 -0.024368 0.091806
v 0.046939 -0.025123 0.090857
v 0.055477 -0.025383 0.087122
v 0.062473 -0.025123 0.080966
v 0.067243 -0.024368 0.072991
v 0.069319 -0.023191 0.063980
v 0.068499 -0.021709 0.054812
v 0.064863 -0.020066 0.046387
v 0.058767 -0.018423 0.039528
v 0.050807 -0.016940 0.034907
v 0.041762 -0.015764 0.032977
v 0.032519 -0.015008 0.033926
v 0.023982 -0.014748 0.037661
v 0.016986 -0.015008 0.043817
v 0.012216 -0.015764 0.051791
v 0.010139 -0.016940 0.060803
v 0.010959 -0.018423 0.069971
v 0.014596 -0.020066 0.078396
v -0.232676 0.459744 -0.116530
v -0.223799 0.464252 -0.110992
v -0.190625 0.403540 -0.126478
v -0.213399 0.468265 -0.108639
v -0.202496 0.471392 -0.109702
v -0.192156 0.473326 -0.114076
v -0.183391 0.473878 -0.121333
v -0.177060 0.472994 -0.130763
v -0.173782 0.470760 -0.141442
v -0.173877 0.467396 -0.152326
v -0.177338 0.463230 -0.162350
v -0.183824 0.458671 -0.170530
v -0.192702 0.454163 -0.176068
v -0.203101 0.450150 -0.178421
v -0.214005 0.447023 -0.177359
v -0.224345 0.445089 -0.172985
v -0.233109 0.444537 -0.165728
v -0.239441 0.445421 -0.156298
v -0.242719 0.447655 -0.145618
v -0.242623 0.451019 -0.134734
v -0.239163 0.455185 -0.124711
v -0.067914 -0.008763 0.018596
v -0.072830 -0.011259 0.015529
v -0.059215 -0.011503 0.000657
v -0.062155 -0.006540 0.019899
v -0.056116 -0.004808 0.019310
v -0.050390 -0.003737 0.016888
v -0.045536 -0.003432 0.012869
v -0.042030 -0.003921 0.007647
v -0.040215 -0.005158 0.001733
v -0.040268 -0.007021 -0.004295
v -0.042184 -0.009328 -0.009846
v -0.045776 -0.011853 -0.014376
v -0.050692 -0.014349 -0.017443
v -0.056452 -0.016572 -0.018746
v -0.062490 -0.018304 -0.018158
v -0.068216 -0.019375 -0.015735
v -0.073070 -0.019680 -0.011716
v -0.076576 -0.019191 -0.006494
v -0.078392 -0.017954 -0.000580
v -0.078339 -0.016091 0.005448
v -0.076422 -0.013784 0.010998
v -0.295261 0.312698 0.002541
v -0.286263 0.318550 0.008384
v -0.252598 0.278430 -0.016054
v -0.275658 0.324136 0.010768
v -0.264484 0.328908 0.009460
v -0.253835 0.332399 0.004587
v -0.244752 0.334268 -0.003373
v -0.238126 0.334331 -0.013641
v -0.234604 0.332584 -0.025211
v -0.234531 0.329195 -0.036953
v -0.237916 0.324498 -0.047715
v -0.244425 0.318952 -0.056445
v -0.253422 0.313100 -0.062288
v -0.264027 0.307514 -0.064672
v -0.275201 0.302742 -0.063364
v -0.285851 0.299251 -0.058491
v -0.294934 0.297382 -0.050532
v -0.301560 0.297319 -0.040264
v -0.305082 0.299066 -0.028693
v -0.305154 0.302455 -0.016952
v -0.301770 0.307152 -0.006189
v -0.137163 0.001806 0.093478
v -0.144364 -0.002878 0.088801
v -0.124021 -0.000375 0.065197
v -0.128675 0.006276 0.095386
v -0.119732 0.010096 0.094339
v -0.111209 0.012890 0.090439
v -0.103940 0.014386 0.084069
v -0.098636 0.014437 0.075851
v -0.095817 0.013038 0.066590
v -0.095760 0.010326 0.057193
v -0.098468 0.006567 0.048579
v -0.103678 0.002128 0.041592
v -0.110879 -0.002556 0.036916
v -0.119367 -0.007026 0.035008
v -0.128310 -0.010846 0.036055
v -0.136833 -0.013640 0.039955
v -0.144102 -0.015136 0.046325
v -0.149406 -0.015187 0.054543
v -0.152225 -0.013788 0.063804
v -0.152283 -0.011076 0.073201
v -0.149574 -0.007316 0.081814
v -0.304551 0.312521 0.141971
v -0.309631 0.309733 0.152076
v -0.260684 0.283431 0.162708
v -0.311540 0.308205 0.163464
v -0.310092 0.308085 0.175021
v -0.305430 0.309386 0.185616
v -0.298009 0.311980 0.194211
v -0.288556 0.315614 0.199965
v -0.277996 0.319931 0.202315
v -0.267362 0.324509 0.201030
v -0.257697 0.328900 0.196238
v -0.249945 0.332674 0.188406
v -0.244866 0.335462 0.178301
v -0.242956 0.336991 0.166912
v -0.244404 0.337110 0.155355
v -0.249066 0.335809 0.144761
v -0.256487 0.333215 0.136166
v -0.265941 0.329582 0.130412
v -0.276501 0.325265 0.128062
v -0.287134 0.320686 0.129346
v -0.296800 0.316295 0.134139
v -0.163106 -0.018880 0.133723
v -0.159041 -0.016649 0.125636
v -0.137189 -0.008584 0.144218
v -0.164634 -0.020104 0.142838
v -0.163476 -0.020200 0.152088
v -0.159744 -0.019158 0.160567
v -0.153805 -0.017082 0.167446
v -0.146239 -0.014174 0.172051
v -0.137787 -0.010719 0.173932
v -0.129277 -0.007055 0.172904
v -0.121541 -0.003540 0.169068
v -0.115337 -0.000520 0.162800
v -0.111272 0.001712 0.154712
v -0.109744 0.002935 0.145598
v -0.110902 0.003031 0.136348
v -0.114634 0.001990 0.127869
v -0.120573 -0.000087 0.120990
v -0.128139 -0.002995 0.116384
v -0.136591 -0.006450 0.114504
v -0.145101 -0.010114 0.115531
v -0.152837 -0.013628 0.119367
v 0.241006 0.320591 0.141377
v 0.246774 0.316967 0.146417
v 0.242848 0.277394 0.115325
v 0.253854 0.313203 0.149158
v 0.261554 0.309670 0.149332
v 0.269121 0.306713 0.146921
v 0.275813 0.304621 0.142161
v 0.280975 0.303599 0.135519
v 0.284102 0.303747 0.127645
v 0.284888 0.305051 0.119309
v 0.283256 0.307383 0.111327
v 0.279366 0.310515 0.104481
v 0.273598 0.314139 0.099441
v 0.266518 0.317903 0.096700
v 0.258818 0.321436 0.096526
v 0.251251 0.324393 0.098937
v 0.244560 0.326485 0.103697
v 0.239398 0.327507 0.110339
v 0.236270 0.327359 0.118213
v 0.235484 0.326055 0.126549
v 0.237116 0.323723 0.134531
v 0.102849 -0.005979 0.077432
v 0.098233 -0.003078 0.073398
v 0.113583 -0.007110 0.058633
v 0.108516 -0.008991 0.079625
v 0.114679 -0.011819 0.079764
v 0.120734 -0.014185 0.077835
v 0.126090 -0.015860 0.074025
v 0.130221 -0.016678 0.068709
v 0.132724 -0.016559 0.062407
v 0.133354 -0.015515 0.055735
v 0.132047 -0.013649 0.049347
v 0.128934 -0.011143 0.043868
v 0.124318 -0.008241 0.039834
v 0.118651 -0.005230 0.037640
v 0.112488 -0.002402 0.037502
v 0.106433 -0.000035 0.039431
v 0.101077 0.001639 0.043240
v 0.096945 0.002457 0.048556
v 0.094442 0.002339 0.054859
v 0.093813 0.001295 0.061530
v 0.095119 -0.000571 0.067918
v -0.035868 0.177130 0.374855
v -0.022965 0.173945 0.381168
v -0.005821 0.174150 0.329087
v -0.008521 0.173119 0.383841
v 0.006052 0.174732 0.382614
v 0.019326 0.178628 0.377605
v 0.030003 0.184425 0.369305
v 0.037036 0.191554 0.358527
v 0.039739 0.199320 0.346326
v 0.037846 0.206960 0.333896
v 0.031542 0.213728 0.322453
v 0.021445 0.218960 0.313119
v 0.008542 0.222146 0.306806
v -0.005902 0.222972 0.304132
v -0.020475 0.221358 0.305360
v -0.033749 0.217462 0.310368
v -0.044426 0.211666 0.318668
v -0.051460 0.204536 0.329446
v -0.054162 0.196771 0.341647
v -0.052269 0.189131 0.354077
v -0.045965 0.182363 0.365520
v -0.008059 -0.023295 0.247760
v -0.018385 -0.020745 0.242707
v 0.004550 -0.004006 0.218002
v 0.003502 -0.023956 0.249900
v 0.015165 -0.022664 0.248917
v 0.025789 -0.019546 0.244908
v 0.034334 -0.014907 0.238266
v 0.039964 -0.009201 0.229640
v 0.042127 -0.002986 0.219874
v 0.040611 0.003129 0.209926
v 0.035566 0.008546 0.200768
v 0.027485 0.012734 0.193297
v 0.017158 0.015283 0.188244
v 0.005598 0.015944 0.186104
v -0.006065 0.014653 0.187087
v -0.016690 0.011535 0.191096
v -0.025235 0.006895 0.197738
v -0.030864 0.001189 0.206364
v -0.033027 -0.005026 0.216130
v -0.031512 -0.011141 0.226078
v -0.026466 -0.016557 0.235236
v 0.153385 0.348515 0.304182
v 0.160036 0.343094 0.312059
v 0.173435 0.306623 0.267037
v 0.169168 0.338115 0.317304
v 0.179885 0.334065 0.319402
v 0.191141 0.331340 0.318148
v 0.201832 0.330208 0.313664
v 0.210912 0.330779 0.306391
v 0.217492 0.332997 0.297039
v 0.220929 0.336645 0.286525
v 0.220885 0.341366 0.275876
v 0.217366 0.346698 0.266137
v 0.210715 0.352119 0.258259
v 0.201584 0.357098 0.253015
v 0.190866 0.361149 0.250917
v 0.179611 0.363873 0.252171
v 0.168920 0.365005 0.256654
v 0.159840 0.364435 0.263928
v 0.153259 0.362217 0.273279
v 0.149823 0.358569 0.283794
v 0.149866 0.353847 0.294442
v 0.064131 -0.002556 0.153450
v 0.058808 0.001783 0.147145
v 0.084412 0.001056 0.131920
v 0.071440 -0.006541 0.157647
v 0.080018 -0.009782 0.159326
v 0.089026 -0.011963 0.158322
v 0.097582 -0.012869 0.154734
v 0.104850 -0.012412 0.148913
v 0.110116 -0.010637 0.141429
v 0.112867 -0.007717 0.133013
v 0.112832 -0.003939 0.124491
v 0.110015 0.000329 0.116696
v 0.104692 0.004667 0.110391
v 0.097384 0.008652 0.106194
v 0.088806 0.011894 0.104515
v 0.079798 0.014075 0.105518
v 0.071241 0.014981 0.109106
v 0.063974 0.014524 0.114928
v 0.058707 0.012749 0.122412
v 0.055957 0.009829 0.130828
v 0.055992 0.006051 0.139350
v -0.038423 0.604071 0.033489
v -0.024145 0.604620 0.041898
v -0.003249 0.530641 -0.005102
v -0.007964 0.605055 0.045483
v 0.008537 0.605334 0.043893
v 0.023741 0.605431 0.037284
v 0.036162 0.605334 0.026302
v 0.044582 0.605055 0.012023
v 0.048179 0.604620 -0.004156
v 0.046598 0.604071 -0.020651
v 0.039997 0.603464 -0.035847
v 0.029020 0.602856 -0.048257
v 0.014742 0.602307 -0.056666
v -0.001440 0.601872 -0.060251
v -0.017940 0.601593 -0.058661
v -0.033145 0.601496 -0.052052
v -0.045566 0.601593 -0.041070
v -0.053986 0.601872 -0.026791
v -0.057582 0.602307 -0.010612
v -0.056002 0.602856 0.005883
v -0.049400 0.603464 0.021079
v -0.003019 -0.011673 0.038787
v -0.010806 -0.011972 0.034202
v 0.007585 -0.012304 0.011911
v 0.005806 -0.011436 0.040743
v 0.014804 -0.011283 0.039876
v 0.023096 -0.011231 0.036271
v 0.029870 -0.011283 0.030282
v 0.034462 -0.011436 0.022495
v 0.036424 -0.011673 0.013672
v 0.035562 -0.011972 0.004676
v 0.031961 -0.012304 -0.003611
v 0.025975 -0.012635 -0.010379
v 0.018188 -0.012934 -0.014965
v 0.009364 -0.013172 -0.016920
v 0.000365 -0.013324 -0.016053
v -0.007927 -0.013376 -0.012449
v -0.014701 -0.013324 -0.006460
v -0.019293 -0.013172 0.001327
v -0.021254 -0.012934 0.010151
v -0.020392 -0.012635 0.019146
v -0.016792 -0.012304 0.027434
v 0.033523 0.441462 0.280678
v 0.045534 0.438136 0.287522
v 0.054711 0.390476 0.233485
v 0.059225 0.435496 0.290305
v 0.073257 0.433801 0.288754
v 0.086255 0.433217 0.283022
v 0.096948 0.433801 0.273668
v 0.104288 0.435496 0.261610
v 0.107558 0.438136 0.248027
v 0.106437 0.441462 0.234249
v 0.101035 0.445149 0.221624
v 0.091880 0.448836 0.211389
v 0.079870 0.452163 0.204545
v 0.066178 0.454802 0.201762
v 0.052147 0.456497 0.203313
v 0.039148 0.457081 0.209045
v 0.028456 0.456497 0.218398
v 0.021115 0.454802 0.230457
v 0.017845 0.452163 0.244040
v 0.018966 0.448836 0.257818
v 0.024369 0.445149 0.270443
v -0.012659 -0.020404 0.159044
v -0.018161 -0.018881 0.155908
v -0.004866 -0.017155 0.139924
v -0.006387 -0.021614 0.160318
v 0.000041 -0.022390 0.159608
v 0.005996 -0.022658 0.156982
v 0.010894 -0.022390 0.152697
v 0.014257 -0.021614 0.147173
v 0.015755 -0.020404 0.140950
v 0.015242 -0.018881 0.134638
v 0.012767 -0.017191 0.128855
v 0.008573 -0.015502 0.124166
v 0.003071 -0.013978 0.121030
v -0.003201 -0.012769 0.119756
v -0.009629 -0.011993 0.120466
v -0.015584 -0.011725 0.123092
v -0.020483 -0.011993 0.127377
v -0.023845 -0.012769 0.132901
v -0.025343 -0.013978 0.139124
v -0.024830 -0.015502 0.145436
v -0.022355 -0.017191 0.151219
v -0.171045 0.473714 0.246282
v -0.160440 0.474735 0.252836
v -0.136200 0.423662 0.209633
v -0.148405 0.476403 0.255806
v -0.136116 0.478556 0.254900
v -0.124778 0.480983 0.250208
v -0.115500 0.483446 0.242189
v -0.109190 0.485704 0.231628
v -0.106465 0.487536 0.219558
v -0.107594 0.488763 0.207161
v -0.112464 0.489264 0.195651
v -0.120600 0.488991 0.186153
v -0.131205 0.487970 0.179599
v -0.143240 0.486302 0.176630
v -0.155529 0.484149 0.177535
v -0.166867 0.481722 0.182227
v -0.176145 0.479259 0.190246
v -0.182455 0.477001 0.200808
v -0.185180 0.475169 0.212878
v -0.184051 0.473943 0.225274
v -0.179181 0.473441 0.236785
v -0.076157 -0.011757 0.189846
v -0.084644 -0.012574 0.184600
v -0.064458 -0.006460 0.160538
v -0.066524 -0.010421 0.192223
v -0.056689 -0.008698 0.191498
v -0.047615 -0.006756 0.187743
v -0.040189 -0.004785 0.181325
v -0.035138 -0.002978 0.172872
v -0.032958 -0.001511 0.163212
v -0.033861 -0.000530 0.153290
v -0.037759 -0.000128 0.144077
v -0.044271 -0.000347 0.136477
v -0.052758 -0.001164 0.131231
v -0.062391 -0.002499 0.128854
v -0.072226 -0.004222 0.129579
v -0.081301 -0.006164 0.133334
v -0.088726 -0.008136 0.139752
v -0.093777 -0.009943 0.148205
v -0.095957 -0.011409 0.157865
v -0.095054 -0.012391 0.167787
v -0.091156 -0.012792 0.176999
v -0.112071 0.416719 0.115625
v -0.104343 0.417686 0.120469
v -0.086466 0.367657 0.093253
v -0.095510 0.418805 0.122670
v -0.086436 0.419966 0.122011
v -0.078009 0.421056 0.118557
v -0.071055 0.421968 0.112647
v -0.066254 0.422612 0.104859
v -0.064076 0.422926 0.095955
v -0.064734 0.422879 0.086807
v -0.068165 0.422476 0.078311
v -0.074031 0.421755 0.071297
v -0.081759 0.420788 0.066453
v -0.090592 0.419669 0.064253
v -0.099666 0.418508 0.064912
v -0.108092 0.417418 0.068365
v -0.115047 0.416507 0.074275
v -0.119848 0.415862 0.082063
v -0.122026 0.415548 0.090967
v -0.121367 0.415595 0.100115
v -0.117937 0.415999 0.108612
v -0.046406 -0.018148 0.113314
v -0.052591 -0.018922 0.109437
v -0.037368 -0.016907 0.091698
v -0.039336 -0.017252 0.115075
v -0.032073 -0.016323 0.114548
v -0.025329 -0.015451 0.111784
v -0.019764 -0.014721 0.107054
v -0.015921 -0.014205 0.100820
v -0.014178 -0.013954 0.093694
v -0.014705 -0.013992 0.086373
v -0.017450 -0.014315 0.079572
v -0.022145 -0.014891 0.073959
v -0.028330 -0.015665 0.070082
v -0.035400 -0.016561 0.068321
v -0.042662 -0.017490 0.068849
v -0.049406 -0.018363 0.071613
v -0.054972 -0.019092 0.076343
v -0.058815 -0.019608 0.082576
v -0.060558 -0.019859 0.089702
v -0.060031 -0.019822 0.097024
v -0.057286 -0.019499 0.103824
v 0.285883 0.322754 -0.111055
v 0.294296 0.319912 -0.103517
v 0.285559 0.267366 -0.122575
v 0.303979 0.315346 -0.098927
v 0.313985 0.309504 -0.097735
v 0.323334 0.302956 -0.100058
v 0.331112 0.296344 -0.105669
v 0.336556 0.290316 -0.114017
v 0.339134 0.285461 -0.124286
v 0.338593 0.282254 -0.135471
v 0.334987 0.281009 -0.146477
v 0.328669 0.281849 -0.156226
v 0.320256 0.284691 -0.163764
v 0.310573 0.289256 -0.168354
v 0.300566 0.295099 -0.169545
v 0.291217 0.301647 -0.167222
v 0.283440 0.308258 -0.161612
v 0.277996 0.314287 -0.153264
v 0.275418 0.319142 -0.142995
v 0.275958 0.322349 -0.131810
v 0.279564 0.323593 -0.120804
v 0.113259 0.020993 -0.015961
v 0.106525 0.023267 -0.021995
v 0.123647 0.006898 -0.040071
v 0.121009 0.017338 -0.012288
v 0.129017 0.012662 -0.011334
v 0.136500 0.007422 -0.013194
v 0.142724 0.002130 -0.017684
v 0.147082 -0.002694 -0.024365
v 0.149145 -0.006580 -0.032584
v 0.148712 -0.009147 -0.041536
v 0.145826 -0.010143 -0.050344
v 0.140769 -0.009471 -0.058147
v 0.134036 -0.007197 -0.064180
v 0.126286 -0.003542 -0.067854
v 0.118277 0.001134 -0.068807
v 0.110795 0.006374 -0.066948
v 0.104570 0.011666 -0.062458
v 0.100213 0.016490 -0.055776
v 0.098150 0.020376 -0.047557
v 0.098582 0.022943 -0.038606
v 0.101468 0.023939 -0.029797
v -0.046626 0.475548 -0.259924
v -0.037976 0.476727 -0.258145
v -0.033949 0.408333 -0.254734
v -0.029094 0.476635 -0.258836
v -0.020849 0.475282 -0.261930
v -0.014049 0.472800 -0.267124
v -0.009358 0.469432 -0.273909
v -0.007237 0.465508 -0.281622
v -0.007893 0.461413 -0.289507
v -0.011262 0.457546 -0.296793
v -0.017014 0.454286 -0.302766
v -0.024585 0.451953 -0.306841
v -0.033235 0.450774 -0.308621
v -0.042118 0.450866 -0.307929
v -0.050363 0.452219 -0.304835
v -0.057163 0.454701 -0.299641
v -0.061853 0.458069 -0.292856
v -0.063974 0.461992 -0.285143
v -0.063318 0.466088 -0.277258
v -0.059950 0.469955 -0.269972
v -0.054198 0.473215 -0.264000
v -0.022620 0.001127 -0.029528
v -0.026583 0.000587 -0.030343
v -0.021600 -0.004845 -0.041139
v -0.018551 0.001085 -0.029844
v -0.014774 0.000465 -0.031262
v -0.011658 -0.000672 -0.033641
v -0.009510 -0.002214 -0.036750
v -0.008538 -0.004012 -0.040283
v -0.008838 -0.005888 -0.043895
v -0.010382 -0.007660 -0.047233
v -0.013017 -0.009153 -0.049969
v -0.016485 -0.010222 -0.051836
v -0.020448 -0.010762 -0.052651
v -0.024517 -0.010720 -0.052335
v -0.028294 -0.010100 -0.050917
v -0.031409 -0.008963 -0.048538
v -0.033558 -0.007420 -0.045429
v -0.034530 -0.005623 -0.041896
v -0.034229 -0.003746 -0.038284
v -0.032686 -0.001975 -0.034946
v -0.030051 -0.000481 -0.032210
v -0.217843 0.327896 0.434168
v -0.209545 0.326759 0.440354
v -0.184298 0.303235 0.393403
v -0.199858 0.327315 0.444130
v -0.189729 0.329512 0.445125
v -0.180150 0.333133 0.443243
v -0.172058 0.337824 0.438668
v -0.166246 0.343127 0.431847
v -0.163283 0.348521 0.423449
v -0.163458 0.353479 0.414294
v -0.166755 0.357515 0.405281
v -0.172851 0.360235 0.397289
v -0.181148 0.361373 0.391103
v -0.190836 0.360816 0.387327
v -0.200965 0.358619 0.386332
v -0.210544 0.354998 0.388214
v -0.218636 0.350307 0.392789
v -0.224447 0.345005 0.399610
v -0.227411 0.339610 0.408008
v -0.227235 0.334652 0.417163
v -0.223939 0.330616 0.426176
v -0.113286 -0.015037 0.246657
v -0.119927 -0.014127 0.241706
v -0.101922 -0.001186 0.226948
v -0.105533 -0.014592 0.249679
v -0.097426 -0.012834 0.250476
v -0.089759 -0.009936 0.248970
v -0.083283 -0.006181 0.245308
v -0.078632 -0.001937 0.239849
v -0.076260 0.002380 0.233127
v -0.076401 0.006348 0.225801
v -0.079039 0.009579 0.218586
v -0.083918 0.011756 0.212191
v -0.090559 0.012666 0.207239
v -0.098312 0.012220 0.204217
v -0.106419 0.010462 0.203421
v -0.114085 0.007564 0.204927
v -0.120561 0.003809 0.208589
v -0.125213 -0.000434 0.214048
v -0.127585 -0.004751 0.220769
v -0.127444 -0.008719 0.228096
v -0.124806 -0.011950 0.235310
v 0.066519 0.339277 -0.143996
v 0.076626 0.340136 -0.137180
v 0.086119 0.286118 -0.155407
v 0.088285 0.339580 -0.133560
v 0.100354 0.337666 -0.133489
v 0.111653 0.334579 -0.136975
v 0.121075 0.330623 -0.143677
v 0.127698 0.326184 -0.152938
v 0.130874 0.321697 -0.163853
v 0.130292 0.317601 -0.175352
v 0.126008 0.314297 -0.186310
v 0.118443 0.312109 -0.195654
v 0.108336 0.311251 -0.202470
v 0.096678 0.311806 -0.206091
v 0.084608 0.313720 -0.206162
v 0.073309 0.316807 -0.202676
v 0.063887 0.320763 -0.195974
v 0.057264 0.325202 -0.186713
v 0.054088 0.329689 -0.175798
v 0.054670 0.333785 -0.164299
v 0.058954 0.337089 -0.153341
v 0.025996 0.002618 -0.021780
v 0.017908 0.001931 -0.027235
v 0.038686 -0.008941 -0.047907
v 0.035327 0.002174 -0.018882
v 0.044987 0.000642 -0.018825
v 0.054030 -0.001829 -0.021615
v 0.061571 -0.004995 -0.026979
v 0.066872 -0.008548 -0.034391
v 0.069414 -0.012139 -0.043127
v 0.068948 -0.015417 -0.052330
v 0.065520 -0.018061 -0.061100
v 0.059465 -0.019813 -0.068579
v 0.051376 -0.020500 -0.074035
v 0.042045 -0.020056 -0.076932
v 0.032385 -0.018523 -0.076989
v 0.023342 -0.016053 -0.074199
v 0.015801 -0.012887 -0.068835
v 0.010500 -0.009334 -0.061423
v 0.007958 -0.005743 -0.052687
v 0.008424 -0.002465 -0.043484
v 0.011853 0.000179 -0.034714
v 0.224681 0.454580 -0.041618
v 0.230151 0.451017 -0.054249
v 0.172981 0.403908 -0.057714
v 0.231446 0.448321 -0.068149
v 0.228441 0.446757 -0.081958
v 0.221428 0.446478 -0.094324
v 0.211095 0.447511 -0.104036
v 0.198453 0.449755 -0.110143
v 0.184740 0.452990 -0.112049
v 0.171297 0.456900 -0.109566
v 0.159441 0.461102 -0.102938
v 0.150332 0.465184 -0.092812
v 0.144862 0.468748 -0.080181
v 0.143566 0.471443 -0.066281
v 0.146572 0.473007 -0.052472
v 0.153584 0.473287 -0.040106
v 0.163917 0.472254 -0.030394
v 0.176559 0.470010 -0.024287
v 0.190273 0.466775 -0.022381
v 0.203715 0.462865 -0.024864
v 0.215572 0.458663 -0.031492
v 0.084321 -0.017526 0.018982
v 0.081815 -0.015894 0.024768
v 0.064682 -0.013424 0.013124
v 0.084915 -0.018761 0.012614
v 0.083538 -0.019477 0.006288
v 0.080325 -0.019605 0.000623
v 0.075592 -0.019132 -0.003826
v 0.069800 -0.018104 -0.006624
v 0.063518 -0.016622 -0.007497
v 0.057359 -0.014831 -0.006360
v 0.051928 -0.012906 -0.003323
v 0.047755 -0.011036 0.001315
v 0.045249 -0.009403 0.007102
v 0.044656 -0.008168 0.013470
v 0.046032 -0.007452 0.019796
v 0.049245 -0.007324 0.025460
v 0.053979 -0.007797 0.029910
v 0.059770 -0.008825 0.032708
v 0.066053 -0.010307 0.033581
v 0.072211 -0.012098 0.032443
v 0.077642 -0.014023 0.029407
v 0.047112 0.332454 0.149336
v 0.038405 0.334801 0.139540
v 0.043638 0.330632 0.153093
v 0.033867 0.333266 0.142100
v 0.039472 0.323152 0.156157
v 0.040871 0.327261 0.155563
v 0.030313 0.330107 0.143684
v 0.028591 0.326085 0.143915
v 0.043638 0.330632 0.153093
v 0.033867 0.333266 0.142100
v 0.058480 0.330337 0.155935
v 0.056396 0.328256 0.160499
v 0.043638 0.330632 0.153093
v 0.040871 0.327261 0.155563
v 0.054658 0.324694 0.163566
v 0.056396 0.328256 0.160499
v 0.039472 0.323152 0.156157
v 0.053680 0.320506 0.164404
v 0.071397 0.328657 0.158692
v 0.070892 0.326371 0.163593
v 0.070322 0.322656 0.166909
v 0.070892 0.326371 0.163593
v 0.069822 0.318406 0.167850
v 0.084598 0.327578 0.157337
v 0.085707 0.325160 0.162072
v 0.086331 0.321348 0.165266
v 0.085707 0.325160 0.162072
v 0.086320 0.317058 0.166156
v 0.096791 0.327206 0.152002
v 0.099391 0.324743 0.156085
v 0.101117 0.320897 0.158796
v 0.099391 0.324743 0.156085
v 0.101559 0.316594 0.159489
v 0.106782 0.327578 0.143210
v 0.110604 0.325160 0.146219
v 0.113234 0.321348 0.148134
v 0.110604 0.325160 0.146219
v 0.114046 0.317058 0.148502
v 0.113594 0.328657 0.131821
v 0.118249 0.326371 0.133437
v 0.121495 0.322656 0.134323
v 0.118249 0.326371 0.133437
v 0.122559 0.318406 0.134269
v 0.116560 0.330337 0.118951
v 0.121577 0.328256 0.118993
v 0.125092 0.324694 0.118715
v 0.121577 0.328256 0.118993
v 0.126265 0.320506 0.118184
v 0.115389 0.332454 0.105858
v 0.120263 0.330632 0.104300
v 0.123672 0.327261 0.102838
v 0.120263 0.330632 0.104300
v 0.124802 0.323152 0.101822
v 0.110196 0.334801 0.093825
v 0.114435 0.333266 0.090796
v 0.117374 0.330107 0.088245
v 0.114435 0.333266 0.090796
v 0.118312 0.326085 0.086783
v 0.101489 0.337148 0.084030
v 0.104664 0.335900 0.079803
v 0.106815 0.332953 0.076366
v 0.104664 0.335900 0.079803
v 0.107430 0.329018 0.074542
v 0.090121 0.339265 0.077431
v 0.091906 0.338276 0.072397
v 0.093029 0.335521 0.068363
v 0.091906 0.338276 0.072397
v 0.093223 0.331664 0.066294
v 0.077204 0.340945 0.074674
v 0.077410 0.340161 0.069303
v 0.077365 0.337558 0.065020
v 0.077410 0.340161 0.069303
v 0.077080 0.333763 0.062849
v 0.064003 0.342024 0.076029
v 0.062595 0.341372 0.070823
v 0.061356 0.338866 0.066663
v 0.062595 0.341372 0.070823
v 0.060582 0.335112 0.064542
v 0.051810 0.342395 0.081363
v 0.048911 0.341789 0.076810
v 0.046569 0.339317 0.073133
v 0.048911 0.341789 0.076810
v 0.045344 0.335576 0.071209
v 0.041819 0.342024 0.090155
v 0.037698 0.341372 0.086677
v 0.034452 0.338866 0.083795
v 0.037698 0.341372 0.086677
v 0.032857 0.335112 0.082197
v 0.035007 0.340945 0.101544
v 0.030053 0.340161 0.099458
v 0.026191 0.337558 0.097606
v 0.030053 0.340161 0.099458
v 0.024344 0.333763 0.096430
v 0.032041 0.339265 0.114415
v 0.026725 0.338276 0.113902
v 0.022595 0.335521 0.113214
v 0.026725 0.338276 0.113902
v 0.020638 0.331664 0.112515
v 0.033212 0.337148 0.127507
v 0.028039 0.335900 0.128596
v 0.024015 0.332953 0.129091
v 0.028039 0.335900 0.128596
v 0.022101 0.329018 0.128877
v 0.018746 -0.019101 0.088348
v 0.027634 -0.020756 0.093507
v 0.037732 -0.022069 0.095662
v 0.048052 -0.022913 0.094603
v 0.057585 -0.023203 0.090432
v 0.065396 -0.022913 0.083559
v 0.070722 -0.022069 0.074655
v 0.073040 -0.020756 0.064593
v 0.072125 -0.019101 0.054357
v 0.068065 -0.017266 0.044950
v 0.061258 -0.015431 0.037292
v 0.052370 -0.013776 0.032133
v 0.042272 -0.012463 0.029977
v 0.031952 -0.011619 0.031037
v 0.022419 -0.011329 0.035207
v 0.014608 -0.011619 0.042081
v 0.009282 -0.012463 0.050984
v 0.006964 -0.013776 0.061047
v 0.007879 -0.015431 0.071282
v 0.011939 -0.017266 0.080690
v 0.018746 -0.019101 0.088348
v 0.019287 -0.020967 0.087177
v 0.012714 -0.019195 0.079781
v 0.019287 -0.020967 0.087177
v 0.012714 -0.019195 0.079781
v 0.019287 -0.020967 0.087177
v 0.027870 -0.022565 0.092159
v 0.027870 -0.022565 0.092159
v 0.037622 -0.023834 0.094241
v 0.037622 -0.023834 0.094241
v 0.047588 -0.024648 0.093217
v 0.047588 -0.024648 0.093217
v 0.056794 -0.024929 0.089190
v 0.056794 -0.024929 0.089190
v 0.064337 -0.024648 0.082552
v 0.064337 -0.024648 0.082552
v 0.069480 -0.023834 0.073954
v 0.069480 -0.023834 0.073954
v 0.071719 -0.022565 0.064237
v 0.071719 -0.022565 0.064237
v 0.070835 -0.020967 0.054352
v 0.070835 -0.020967 0.054352
v 0.066914 -0.019195 0.045268
v 0.066914 -0.019195 0.045268
v 0.060341 -0.017423 0.037872
v 0.060341 -0.017423 0.037872
v 0.051758 -0.015825 0.032890
v 0.051758 -0.015825 0.032890
v 0.042006 -0.014557 0.030809
v 0.042006 -0.014557 0.030809
v 0.032040 -0.013742 0.031832
v 0.032040 -0.013742 0.031832
v 0.022834 -0.013462 0.035859
v 0.022834 -0.013462 0.035859
v 0.015291 -0.013742 0.042497
v 0.015291 -0.013742 0.042497
v 0.010148 -0.014557 0.051095
v 0.010148 -0.014557 0.051095
v 0.007909 -0.015825 0.060812
v 0.007909 -0.015825 0.060812
v 0.008793 -0.017423 0.070697
v 0.008793 -0.017423 0.070697
v -0.236363 0.460429 -0.112854
v -0.243777 0.455217 -0.122205
v -0.239131 0.458465 -0.108456
v -0.247452 0.452616 -0.118951
v -0.239670 0.449006 -0.101601
v -0.240328 0.454325 -0.104380
v -0.249319 0.448005 -0.115720
v -0.248936 0.442493 -0.113287
v -0.239131 0.458465 -0.108456
v -0.247452 0.452616 -0.118951
v -0.226215 0.465581 -0.106524
v -0.227743 0.464247 -0.101352
v -0.239131 0.458465 -0.108456
v -0.240328 0.454325 -0.104380
v -0.228022 0.460573 -0.096703
v -0.227743 0.464247 -0.101352
v -0.239670 0.449006 -0.101601
v -0.226989 0.455445 -0.093690
v -0.214328 0.470168 -0.103835
v -0.214403 0.469395 -0.098334
v -0.213607 0.466136 -0.093442
v -0.214403 0.469395 -0.098334
v -0.212133 0.461178 -0.090329
v -0.201865 0.473742 -0.105049
v -0.200416 0.473406 -0.099697
v -0.198493 0.470470 -0.094915
v -0.200416 0.473406 -0.099697
v -0.196558 0.465644 -0.091846
v -0.190046 0.475953 -0.110049
v -0.187151 0.475887 -0.105308
v -0.184159 0.473151 -0.100978
v -0.187151 0.475887 -0.105308
v -0.181787 0.468407 -0.098094
v -0.180028 0.476584 -0.118344
v -0.175908 0.476596 -0.114617
v -0.172010 0.473917 -0.111037
v -0.175908 0.476596 -0.114617
v -0.169266 0.469196 -0.108461
v -0.172791 0.475574 -0.129123
v -0.167786 0.475462 -0.126714
v -0.163233 0.472691 -0.124109
v -0.167786 0.475462 -0.126714
v -0.160222 0.467933 -0.121932
v -0.169044 0.473021 -0.141330
v -0.163581 0.472597 -0.140414
v -0.158689 0.469595 -0.138913
v -0.163581 0.472597 -0.140414
v -0.155539 0.464743 -0.137188
v -0.169153 0.469175 -0.153771
v -0.163704 0.468281 -0.154376
v -0.158822 0.464932 -0.154000
v -0.163704 0.468281 -0.154376
v -0.155676 0.459937 -0.152736
v -0.173109 0.464413 -0.165228
v -0.168143 0.462937 -0.167233
v -0.163619 0.459157 -0.167894
v -0.168143 0.462937 -0.167233
v -0.160619 0.453986 -0.167054
v -0.180523 0.459201 -0.174579
v -0.176464 0.457088 -0.177728
v -0.172610 0.452837 -0.179234
v -0.176464 0.457088 -0.177728
v -0.169885 0.447472 -0.178740
v -0.190670 0.454050 -0.180909
v -0.187852 0.451306 -0.184832
v -0.184916 0.446589 -0.186910
v -0.187852 0.451306 -0.184832
v -0.182566 0.441034 -0.186651
v -0.202557 0.449462 -0.183598
v -0.201192 0.446158 -0.187850
v -0.199331 0.441026 -0.190172
v -0.201192 0.446158 -0.187850
v -0.197422 0.435301 -0.190012
v -0.215020 0.445888 -0.182384
v -0.215179 0.442147 -0.186487
v -0.214445 0.436692 -0.188699
v -0.215179 0.442147 -0.186487
v -0.212998 0.430834 -0.188495
v -0.226839 0.443678 -0.177384
v -0.228443 0.439666 -0.180876
v -0.228779 0.434011 -0.182636
v -0.228443 0.439666 -0.180876
v -0.227769 0.428071 -0.182246
v -0.236858 0.443047 -0.169089
v -0.239687 0.438958 -0.171567
v -0.240928 0.433246 -0.172576
v -0.239687 0.438958 -0.171567
v -0.240289 0.427282 -0.171880
v -0.244095 0.444057 -0.158310
v -0.247808 0.440091 -0.159470
v -0.249704 0.434471 -0.159505
v -0.247808 0.440091 -0.159470
v -0.249333 0.428545 -0.158409
v -0.247842 0.446610 -0.146103
v -0.252014 0.442957 -0.145770
v -0.254249 0.437567 -0.144701
v -0.252014 0.442957 -0.145770
v -0.254016 0.431736 -0.143153
v -0.247732 0.450455 -0.133662
v -0.251891 0.447272 -0.131808
v -0.254116 0.442230 -0.129614
v -0.251891 0.447272 -0.131808
v -0.253880 0.436542 -0.127605
v -0.075584 -0.007505 0.016133
v -0.070095 -0.004718 0.019557
v -0.063664 -0.002237 0.021012
v -0.056922 -0.000303 0.020355
v -0.050529 0.000892 0.017650
v -0.045109 0.001234 0.013163
v -0.041194 0.000687 0.007332
v -0.039167 -0.000694 0.000728
v -0.039226 -0.002774 -0.006002
v -0.041366 -0.005350 -0.012199
v -0.045377 -0.008169 -0.017258
v -0.050866 -0.010956 -0.020682
v -0.057297 -0.013438 -0.022137
v -0.064039 -0.015371 -0.021480
v -0.070432 -0.016567 -0.018776
v -0.075852 -0.016909 -0.014288
v -0.079767 -0.016362 -0.008457
v -0.081794 -0.014981 -0.001854
v -0.081735 -0.012901 0.004876
v -0.079595 -0.010325 0.011074
v -0.075584 -0.007505 0.016133
v -0.074255 -0.010079 0.016345
v -0.078128 -0.012802 0.011460
v -0.074255 -0.010079 0.016345
v -0.078128 -0.012802 0.011460
v -0.074255 -0.010079 0.016345
v -0.068954 -0.007388 0.019652
v -0.068954 -0.007388 0.019652
v -0.062744 -0.004991 0.021056
v -0.062744 -0.004991 0.021056
v -0.056233 -0.003124 0.020422
v -0.056233 -0.003124 0.020422
v -0.050059 -0.001969 0.017810
v -0.050059 -0.001969 0.017810
v -0.044825 -0.001640 0.013477
v -0.044825 -0.001640 0.013477
v -0.041045 -0.002167 0.007846
v -0.041045 -0.002167 0.007846
v -0.039087 -0.003501 0.001469
v -0.039087 -0.003501 0.001469
v -0.039144 -0.005510 -0.005030
v -0.039144 -0.005510 -0.005030
v -0.041211 -0.007998 -0.011015
v -0.041211 -0.007998 -0.011015
v -0.045084 -0.010720 -0.015900
v -0.045084 -0.010720 -0.015900
v -0.050385 -0.013412 -0.019207
v -0.050385 -0.013412 -0.019207
v -0.056595 -0.015808 -0.020612
v -0.056595 -0.015808 -0.020612
v -0.063105 -0.017675 -0.019978
v -0.063105 -0.017675 -0.019978
v -0.069280 -0.018830 -0.017366
v -0.069280 -0.018830 -0.017366
v -0.074513 -0.019160 -0.013033
v -0.074513 -0.019160 -0.013033
v -0.078294 -0.018632 -0.007402
v -0.078294 -0.018632 -0.007402
v -0.080252 -0.017298 -0.001025
v -0.080252 -0.017298 -0.001025
v -0.080194 -0.015289 0.005475
v -0.080194 -0.015289 0.005475
v -0.299085 0.312659 0.006640
v -0.306525 0.306320 -0.003338
v -0.302006 0.310852 0.011161
v -0.310356 0.303738 -0.000037
v -0.302755 0.303990 0.017326
v -0.303334 0.307711 0.015032
v -0.312357 0.300023 0.002930
v -0.312053 0.296067 0.004855
v -0.302006 0.310852 0.011161
v -0.310356 0.303738 -0.000037
v -0.288800 0.319348 0.013319
v -0.290464 0.318360 0.018657
v -0.302006 0.310852 0.011161
v -0.303334 0.307711 0.015032
v -0.290861 0.315823 0.023131
v -0.290464 0.318360 0.018657
v -0.302755 0.303990 0.017326
v -0.289902 0.312350 0.025673
v -0.276678 0.325733 0.016044
v -0.276860 0.325525 0.021715
v -0.276161 0.323565 0.026436
v -0.276860 0.325525 0.021715
v -0.274752 0.320329 0.029078
v -0.263906 0.331187 0.014549
v -0.262526 0.331646 0.020037
v -0.260672 0.330180 0.024622
v -0.262526 0.331646 0.020037
v -0.258790 0.327146 0.027210
v -0.251733 0.335178 0.008980
v -0.248864 0.336125 0.013786
v -0.245910 0.335020 0.017868
v -0.248864 0.336125 0.013786
v -0.243577 0.332133 0.020249
v -0.241351 0.337314 -0.000119
v -0.237213 0.338522 0.003576
v -0.233320 0.337610 0.006835
v -0.237213 0.338522 0.003576
v -0.230602 0.334803 0.008879
v -0.233777 0.337387 -0.011855
v -0.228713 0.338604 -0.009596
v -0.224134 0.337699 -0.007398
v -0.228713 0.338604 -0.009596
v -0.221136 0.334894 -0.005789
v -0.229751 0.335389 -0.025081
v -0.224195 0.336362 -0.024439
v -0.219252 0.335276 -0.023438
v -0.224195 0.336362 -0.024439
v -0.216105 0.332397 -0.022318
v -0.229669 0.331516 -0.038502
v -0.224102 0.332015 -0.039501
v -0.219152 0.330579 -0.039713
v -0.224102 0.332015 -0.039501
v -0.216002 0.327556 -0.039091
v -0.233537 0.326147 -0.050804
v -0.228443 0.325990 -0.053307
v -0.223843 0.324068 -0.054632
v -0.228443 0.325990 -0.053307
v -0.220836 0.320846 -0.054465
v -0.240977 0.319807 -0.060783
v -0.236794 0.318875 -0.064505
v -0.232866 0.316380 -0.066733
v -0.236794 0.318875 -0.064505
v -0.230135 0.312924 -0.066936
v -0.251262 0.313118 -0.067461
v -0.248336 0.311368 -0.072001
v -0.245338 0.308268 -0.074832
v -0.248336 0.311368 -0.072001
v -0.242988 0.304564 -0.075282
v -0.263384 0.306734 -0.070186
v -0.261939 0.304203 -0.075059
v -0.260039 0.300525 -0.078137
v -0.261939 0.304203 -0.075059
v -0.258137 0.296585 -0.078688
v -0.276156 0.301279 -0.068691
v -0.276274 0.298081 -0.073381
v -0.275528 0.293911 -0.076324
v -0.276274 0.298081 -0.073381
v -0.274100 0.289768 -0.076819
v -0.288329 0.297289 -0.063122
v -0.289935 0.293603 -0.067130
v -0.290290 0.289071 -0.069570
v -0.289935 0.293603 -0.067130
v -0.289313 0.284781 -0.069859
v -0.298711 0.295152 -0.054023
v -0.301586 0.291205 -0.056920
v -0.302880 0.286481 -0.058536
v -0.301586 0.291205 -0.056920
v -0.302287 0.282111 -0.058488
v -0.306285 0.295080 -0.042287
v -0.310086 0.291124 -0.043748
v -0.312066 0.286392 -0.044303
v -0.310086 0.291124 -0.043748
v -0.311753 0.282020 -0.043821
v -0.310311 0.297078 -0.029061
v -0.314604 0.293366 -0.028905
v -0.316947 0.288815 -0.028264
v -0.314604 0.293366 -0.028905
v -0.316784 0.284517 -0.027292
v -0.310394 0.300951 -0.015640
v -0.314697 0.297713 -0.013843
v -0.317048 0.293512 -0.011988
v -0.314697 0.297713 -0.013843
v -0.316888 0.289358 -0.010519
v -0.147887 -0.000671 0.090825
v -0.139847 0.004558 0.096046
v -0.130370 0.009550 0.098176
v -0.120384 0.013814 0.097007
v -0.110868 0.016934 0.092653
v -0.102751 0.018604 0.085540
v -0.096830 0.018661 0.076365
v -0.093682 0.017099 0.066024
v -0.093618 0.014071 0.055532
v -0.096642 0.009874 0.045915
v -0.102459 0.004917 0.038113
v -0.110499 -0.000312 0.032892
v -0.119976 -0.005304 0.030761
v -0.129962 -0.009568 0.031930
v -0.139478 -0.012688 0.036285
v -0.147595 -0.014358 0.043398
v -0.153517 -0.014415 0.052573
v -0.156664 -0.012853 0.062913
v -0.156728 -0.009825 0.073406
v -0.153704 -0.005627 0.083023
v -0.147887 -0.000671 0.090825
v -0.146314 -0.002297 0.090422
v -0.151932 -0.007083 0.082888
v -0.146314 -0.002297 0.090422
v -0.151932 -0.007083 0.082888
v -0.146314 -0.002297 0.090422
v -0.138550 0.002754 0.095464
v -0.138550 0.002754 0.095464
v -0.129398 0.007574 0.097522
v -0.129398 0.007574 0.097522
v -0.119755 0.011692 0.096393
v -0.119755 0.011692 0.096393
v -0.110565 0.014705 0.092188
v -0.110565 0.014705 0.092188
v -0.102727 0.016317 0.085319
v -0.102727 0.016317 0.085319
v -0.097008 0.016372 0.076458
v -0.097008 0.016372 0.076458
v -0.093969 0.014864 0.066473
v -0.093969 0.014864 0.066473
v -0.093906 0.011940 0.056340
v -0.093906 0.011940 0.056340
v -0.096827 0.007886 0.047053
v -0.096827 0.007886 0.047053
v -0.102444 0.003100 0.039519
v -0.102444 0.003100 0.039519
v -0.110209 -0.001950 0.034477
v -0.110209 -0.001950 0.034477
v -0.119361 -0.006770 0.032419
v -0.119361 -0.006770 0.032419
v -0.129004 -0.010888 0.033548
v -0.129004 -0.010888 0.033548
v -0.138194 -0.013901 0.037753
v -0.138194 -0.013901 0.037753
v -0.146032 -0.015514 0.044622
v -0.146032 -0.015514 0.044622
v -0.151750 -0.015569 0.053483
v -0.151750 -0.015569 0.053483
v -0.154790 -0.014060 0.063468
v -0.154790 -0.014060 0.063468
v -0.154852 -0.011136 0.073601
v -0.154852 -0.011136 0.073601
v -0.308638 0.311507 0.138677
v -0.299777 0.315821 0.129724
v -0.311847 0.308665 0.135341
v -0.301903 0.313506 0.125294
v -0.312988 0.300486 0.131533
v -0.313421 0.304671 0.132754
v -0.302676 0.309903 0.121897
v -0.301914 0.305877 0.120345
v -0.311847 0.308665 0.135341
v -0.301903 0.313506 0.125294
v -0.314443 0.308321 0.150227
v -0.318362 0.305088 0.148304
v -0.311847 0.308665 0.135341
v -0.313421 0.304671 0.132754
v -0.320462 0.300807 0.146761
v -0.318362 0.305088 0.148304
v -0.312988 0.300486 0.131533
v -0.320243 0.296504 0.145968
v -0.316626 0.306573 0.163244
v -0.320812 0.303128 0.162913
v -0.323108 0.298688 0.162547
v -0.320812 0.303128 0.162913
v -0.322971 0.294320 0.162236
v -0.314971 0.306437 0.176455
v -0.318955 0.302974 0.177738
v -0.321102 0.298522 0.178568
v -0.318955 0.302974 0.177738
v -0.320903 0.294149 0.178746
v -0.309642 0.307924 0.188565
v -0.312974 0.304643 0.191329
v -0.314639 0.300325 0.193254
v -0.312974 0.304643 0.191329
v -0.314243 0.296007 0.193880
v -0.301159 0.310889 0.198389
v -0.303454 0.307971 0.202354
v -0.304352 0.303921 0.205168
v -0.303454 0.307971 0.202354
v -0.303642 0.299713 0.206159
v -0.290354 0.315042 0.204966
v -0.291328 0.312632 0.209736
v -0.291248 0.308958 0.213144
v -0.291328 0.312632 0.209736
v -0.290137 0.304904 0.214378
v -0.278283 0.319977 0.207652
v -0.277781 0.318170 0.212750
v -0.276610 0.314942 0.216401
v -0.277781 0.318170 0.212750
v -0.275052 0.311071 0.217735
v -0.266129 0.325210 0.206184
v -0.264141 0.324043 0.211103
v -0.261870 0.321288 0.214621
v -0.264141 0.324043 0.211103
v -0.259862 0.317611 0.215901
v -0.255081 0.330229 0.200706
v -0.251742 0.329676 0.204955
v -0.248472 0.327375 0.207978
v -0.251742 0.329676 0.204955
v -0.246055 0.323884 0.209054
v -0.246220 0.334543 0.191754
v -0.241798 0.334517 0.194908
v -0.237727 0.332607 0.197121
v -0.241798 0.334517 0.194908
v -0.234982 0.329275 0.197866
v -0.240415 0.337730 0.180203
v -0.235282 0.338093 0.181945
v -0.230686 0.336471 0.183114
v -0.235282 0.338093 0.181945
v -0.227726 0.333258 0.183431
v -0.238232 0.339477 0.167186
v -0.232833 0.340054 0.167336
v -0.228040 0.338590 0.167328
v -0.232833 0.340054 0.167336
v -0.224998 0.335441 0.167163
v -0.239887 0.339614 0.153976
v -0.234690 0.340208 0.152511
v -0.230046 0.338756 0.151307
v -0.234690 0.340208 0.152511
v -0.227066 0.335612 0.150653
v -0.245216 0.338127 0.141866
v -0.240671 0.338539 0.138920
v -0.236509 0.336953 0.136621
v -0.240671 0.338539 0.138920
v -0.233726 0.333754 0.135519
v -0.253699 0.335162 0.132041
v -0.250191 0.335211 0.127894
v -0.246796 0.333357 0.124707
v -0.250191 0.335211 0.127894
v -0.244328 0.330048 0.123240
v -0.264504 0.331008 0.125464
v -0.262317 0.330550 0.120513
v -0.259900 0.328320 0.116731
v -0.262317 0.330550 0.120513
v -0.257832 0.324857 0.115021
v -0.276575 0.326074 0.122778
v -0.275864 0.325012 0.117499
v -0.274538 0.322336 0.113474
v -0.275864 0.325012 0.117499
v -0.272917 0.318690 0.111664
v -0.288729 0.320841 0.124246
v -0.289504 0.319139 0.119146
v -0.289278 0.315990 0.115254
v -0.289504 0.319139 0.119146
v -0.288107 0.312150 0.113498
v -0.162694 -0.014973 0.123636
v -0.167233 -0.017464 0.132666
v -0.168940 -0.018830 0.142843
v -0.167646 -0.018937 0.153170
v -0.163480 -0.017774 0.162638
v -0.156848 -0.015456 0.170319
v -0.148400 -0.012209 0.175461
v -0.138963 -0.008351 0.177561
v -0.129461 -0.004260 0.176413
v -0.120824 -0.000336 0.172130
v -0.113897 0.003037 0.165131
v -0.109358 0.005528 0.156101
v -0.107651 0.006894 0.145924
v -0.108945 0.007001 0.135596
v -0.113111 0.005838 0.126129
v -0.119743 0.003520 0.118448
v -0.128191 0.000273 0.113306
v -0.137628 -0.003585 0.111206
v -0.147130 -0.007676 0.112354
v -0.155767 -0.011600 0.116637
v -0.162694 -0.014973 0.123636
v -0.161095 -0.016467 0.124233
v -0.154406 -0.013210 0.117474
v -0.161095 -0.016467 0.124233
v -0.154406 -0.013210 0.117474
v -0.161095 -0.016467 0.124233
v -0.165478 -0.018872 0.132953
v -0.165478 -0.018872 0.132953
v -0.167126 -0.020192 0.142781
v -0.167126 -0.020192 0.142781
v -0.165877 -0.020295 0.152755
v -0.165877 -0.020295 0.152755
v -0.161853 -0.019172 0.161898
v -0.161853 -0.019172 0.161898
v -0.155449 -0.016933 0.169315
v -0.155449 -0.016933 0.169315
v -0.147291 -0.013798 0.174281
v -0.147291 -0.013798 0.174281
v -0.138178 -0.010072 0.176308
v -0.138178 -0.010072 0.176308
v -0.129002 -0.006121 0.175200
v -0.129002 -0.006121 0.175200
v -0.120661 -0.002332 0.171064
v -0.120661 -0.002332 0.171064
v -0.113971 0.000925 0.164305
v -0.113971 0.000925 0.164305
v -0.109588 0.003331 0.155585
v -0.109588 0.003331 0.155585
v -0.107940 0.004650 0.145757
v -0.107940 0.004650 0.145757
v -0.109189 0.004753 0.135784
v -0.109189 0.004753 0.135784
v -0.113213 0.003631 0.126641
v -0.113213 0.003631 0.126641
v -0.119617 0.001392 0.119224
v -0.119617 0.001392 0.119224
v -0.127775 -0.001744 0.114258
v -0.127775 -0.001744 0.114258
v -0.136888 -0.005469 0.112230
v -0.136888 -0.005469 0.112230
v -0.146064 -0.009420 0.113338
v -0.146064 -0.009420 0.113338
v 0.238452 0.321729 0.144099
v 0.234005 0.325308 0.136273
v 0.235136 0.321035 0.146398
v 0.230146 0.325053 0.137616
v 0.229371 0.315232 0.147784
v 0.231847 0.318680 0.147733
v 0.226455 0.323021 0.138243
v 0.223814 0.319705 0.138004
v 0.235136 0.321035 0.146398
v 0.230146 0.325053 0.137616
v 0.245044 0.317585 0.149860
v 0.242535 0.316385 0.152864
v 0.235136 0.321035 0.146398
v 0.231847 0.318680 0.147733
v 0.239842 0.313656 0.154719
v 0.242535 0.316385 0.152864
v 0.229371 0.315232 0.147784
v 0.237610 0.310054 0.154984
v 0.253138 0.313284 0.152993
v 0.251618 0.311558 0.156380
v 0.249657 0.308439 0.158519
v 0.251618 0.311558 0.156380
v 0.247725 0.304678 0.158899
v 0.261939 0.309245 0.153191
v 0.261496 0.307026 0.156603
v 0.260330 0.303542 0.158759
v 0.261496 0.307026 0.156603
v 0.258725 0.299631 0.159147
v 0.270588 0.305865 0.150436
v 0.271202 0.303232 0.153510
v 0.270819 0.299442 0.155417
v 0.271202 0.303232 0.153510
v 0.269533 0.295406 0.155703
v 0.278237 0.303474 0.144995
v 0.279786 0.300548 0.147405
v 0.280095 0.296542 0.148820
v 0.279786 0.300548 0.147405
v 0.279092 0.292418 0.148904
v 0.284137 0.302306 0.137403
v 0.286408 0.299237 0.138884
v 0.287250 0.295126 0.139613
v 0.286408 0.299237 0.138884
v 0.286467 0.290958 0.139416
v 0.287712 0.302475 0.128402
v 0.290419 0.299428 0.128783
v 0.291585 0.295331 0.128698
v 0.290419 0.299428 0.128783
v 0.290934 0.291170 0.128167
v 0.288611 0.303965 0.118874
v 0.291428 0.301100 0.118090
v 0.292675 0.297139 0.117142
v 0.291428 0.301100 0.118090
v 0.292057 0.293032 0.116259
v 0.286745 0.306631 0.109751
v 0.289335 0.304092 0.107851
v 0.290413 0.300371 0.106078
v 0.289335 0.304092 0.107851
v 0.289726 0.296363 0.104857
v 0.282299 0.310210 0.101925
v 0.284344 0.308109 0.099069
v 0.285020 0.304712 0.096589
v 0.284344 0.308109 0.099069
v 0.284169 0.300837 0.095078
v 0.275706 0.314354 0.096164
v 0.276946 0.312759 0.092603
v 0.277026 0.309737 0.089602
v 0.276946 0.312759 0.092603
v 0.275930 0.306015 0.087878
v 0.267613 0.318655 0.093031
v 0.267863 0.317586 0.089087
v 0.267211 0.314953 0.085802
v 0.267863 0.317586 0.089087
v 0.265815 0.311391 0.083962
v 0.258811 0.322694 0.092833
v 0.257985 0.322119 0.088864
v 0.256537 0.319851 0.085562
v 0.257985 0.322119 0.088864
v 0.254815 0.316438 0.083714
v 0.250163 0.326074 0.095589
v 0.248279 0.325912 0.091957
v 0.246049 0.323950 0.088904
v 0.248279 0.325912 0.091957
v 0.244007 0.320663 0.087158
v 0.242514 0.328466 0.101029
v 0.239695 0.328596 0.098062
v 0.236773 0.326850 0.095501
v 0.239695 0.328596 0.098062
v 0.234447 0.323651 0.093957
v 0.236613 0.329634 0.108621
v 0.233073 0.329907 0.106583
v 0.229617 0.328267 0.104708
v 0.233073 0.329907 0.106583
v 0.227073 0.325111 0.103445
v 0.233039 0.329464 0.117622
v 0.229061 0.329717 0.116684
v 0.225282 0.328061 0.115624
v 0.229061 0.329717 0.116684
v 0.222606 0.324899 0.114694
v 0.232140 0.327974 0.127150
v 0.228053 0.328044 0.127378
v 0.224193 0.326254 0.127179
v 0.228053 0.328044 0.127378
v 0.221483 0.323037 0.126602
v 0.097602 -0.000059 0.075626
v 0.102756 -0.003298 0.080130
v 0.109083 -0.006661 0.082580
v 0.115964 -0.009818 0.082735
v 0.122726 -0.012461 0.080580
v 0.128706 -0.014330 0.076327
v 0.133319 -0.015244 0.070392
v 0.136113 -0.015111 0.063355
v 0.136816 -0.013946 0.055906
v 0.135358 -0.011862 0.048773
v 0.131881 -0.009064 0.042655
v 0.126727 -0.005824 0.038151
v 0.120400 -0.002461 0.035702
v 0.113519 0.000696 0.035547
v 0.106757 0.003339 0.037701
v 0.100777 0.005208 0.041954
v 0.096164 0.006121 0.047890
v 0.093370 0.005989 0.054927
v 0.092667 0.004824 0.062376
v 0.094126 0.002740 0.069509
v 0.097602 -0.000059 0.075626
v 0.097392 -0.001970 0.074711
v 0.094035 0.000733 0.068803
v 0.097392 -0.001970 0.074711
v 0.094035 0.000733 0.068803
v 0.097392 -0.001970 0.074711
v 0.102369 -0.005098 0.079060
v 0.102369 -0.005098 0.079060
v 0.108479 -0.008345 0.081426
v 0.108479 -0.008345 0.081426
v 0.115124 -0.011394 0.081576
v 0.115124 -0.011394 0.081576
v 0.121654 -0.013946 0.079495
v 0.121654 -0.013946 0.079495
v 0.127429 -0.015752 0.075388
v 0.127429 -0.015752 0.075388
v 0.131883 -0.016634 0.069656
v 0.131883 -0.016634 0.069656
v 0.134582 -0.016506 0.062860
v 0.134582 -0.016506 0.062860
v 0.135261 -0.015380 0.055667
v 0.135261 -0.015380 0.055667
v 0.133852 -0.013368 0.048779
v 0.133852 -0.013368 0.048779
v 0.130495 -0.010665 0.042871
v 0.130495 -0.010665 0.042871
v 0.125518 -0.007537 0.038521
v 0.125518 -0.007537 0.038521
v 0.119408 -0.004290 0.036156
v 0.119408 -0.004290 0.036156
v 0.112763 -0.001241 0.036006
v 0.112763 -0.001241 0.036006
v 0.106233 0.001311 0.038087
v 0.106233 0.001311 0.038087
v 0.100458 0.003117 0.042194
v 0.100458 0.003117 0.042194
v 0.096004 0.003999 0.047926
v 0.096004 0.003999 0.047926
v 0.093305 0.003871 0.054721
v 0.093305 0.003871 0.054721
v 0.092626 0.002745 0.061915
v 0.092626 0.002745 0.061915
v -0.039982 0.174399 0.379433
v -0.051524 0.180380 0.368763
v -0.043936 0.170601 0.383201
v -0.056889 0.177314 0.371227
v -0.047873 0.163460 0.385146
v -0.046793 0.166638 0.385269
v -0.060790 0.173892 0.372330
v -0.062297 0.170935 0.371812
v -0.043936 0.170601 0.383201
v -0.056889 0.177314 0.371227
v -0.025234 0.170758 0.386649
v -0.027385 0.166515 0.391300
v -0.043936 0.170601 0.383201
v -0.046793 0.166638 0.385269
v -0.028909 0.162223 0.394020
v -0.027385 0.166515 0.391300
v -0.047873 0.163460 0.385146
v -0.029442 0.158909 0.394165
v -0.008723 0.169814 0.389705
v -0.008856 0.165455 0.394729
v -0.008886 0.161077 0.397726
v -0.008856 0.165455 0.394729
v -0.008808 0.157729 0.397984
v 0.007934 0.171659 0.388302
v 0.009838 0.167525 0.393154
v 0.011314 0.163314 0.396025
v 0.009838 0.167525 0.393154
v 0.012009 0.160034 0.396230
v 0.023107 0.176112 0.382576
v 0.026866 0.172523 0.386729
v 0.029715 0.168715 0.389082
v 0.026866 0.172523 0.386729
v 0.030972 0.165600 0.389075
v 0.035311 0.182737 0.373090
v 0.040562 0.179959 0.376082
v 0.044514 0.176750 0.377577
v 0.040562 0.179959 0.376082
v 0.046223 0.173880 0.377219
v 0.043350 0.190887 0.360770
v 0.049585 0.189105 0.362257
v 0.054264 0.186633 0.362637
v 0.049585 0.189105 0.362257
v 0.056271 0.184065 0.361823
v 0.046440 0.199763 0.346823
v 0.053052 0.199066 0.346605
v 0.058011 0.197397 0.345724
v 0.053052 0.199066 0.346605
v 0.060132 0.195157 0.344393
v 0.044275 0.208496 0.332615
v 0.050623 0.208867 0.330659
v 0.055386 0.207988 0.328493
v 0.050623 0.208867 0.330659
v 0.057427 0.206072 0.326636
v 0.037070 0.216232 0.319536
v 0.042537 0.217549 0.315981
v 0.046648 0.217369 0.312632
v 0.042537 0.217549 0.315981
v 0.048422 0.215740 0.310290
v 0.025528 0.222213 0.308866
v 0.029584 0.224261 0.304006
v 0.032651 0.224622 0.299692
v 0.029584 0.224261 0.304006
v 0.033998 0.223215 0.296956
v 0.010780 0.225854 0.301650
v 0.013033 0.228347 0.295908
v 0.014767 0.229038 0.290941
v 0.013033 0.228347 0.295908
v 0.015567 0.227765 0.287937
v -0.005730 0.226798 0.298594
v -0.005496 0.229407 0.292478
v -0.005256 0.230183 0.287235
v -0.005496 0.229407 0.292478
v -0.005067 0.228945 0.284118
v -0.022387 0.224954 0.299997
v -0.024190 0.227337 0.294053
v -0.025456 0.227946 0.288937
v -0.024190 0.227337 0.294053
v -0.025884 0.226640 0.285872
v -0.037560 0.220501 0.305722
v -0.041218 0.222339 0.300478
v -0.043857 0.222546 0.295880
v -0.041218 0.222339 0.300478
v -0.044847 0.221075 0.293027
v -0.049764 0.213875 0.315209
v -0.054914 0.214904 0.311125
v -0.058656 0.214511 0.307385
v -0.054914 0.214904 0.311125
v -0.060098 0.212794 0.304883
v -0.057804 0.205726 0.327529
v -0.063937 0.205758 0.324951
v -0.068406 0.204628 0.322325
v -0.063937 0.205758 0.324951
v -0.070146 0.202609 0.320279
v -0.060893 0.196850 0.341475
v -0.067404 0.195797 0.340603
v -0.072153 0.193864 0.339238
v -0.067404 0.195797 0.340603
v -0.074007 0.191517 0.337709
v -0.058729 0.188116 0.355684
v -0.064975 0.185995 0.356548
v -0.069528 0.183273 0.356468
v -0.064975 0.185995 0.356548
v -0.071302 0.180602 0.355466
v -0.021151 -0.021100 0.246582
v -0.009621 -0.023946 0.252223
v 0.003287 -0.024685 0.254613
v 0.016309 -0.023243 0.253515
v 0.028172 -0.019761 0.249040
v 0.037712 -0.014581 0.241623
v 0.043998 -0.008210 0.231991
v 0.046413 -0.001271 0.221088
v 0.044721 0.005557 0.209980
v 0.039088 0.011605 0.199755
v 0.030065 0.016281 0.191413
v 0.018535 0.019127 0.185771
v 0.005627 0.019866 0.183382
v -0.007396 0.018424 0.184479
v -0.019258 0.014942 0.188955
v -0.028799 0.009762 0.196372
v -0.035084 0.003391 0.206003
v -0.037499 -0.003548 0.216907
v -0.035808 -0.010376 0.228015
v -0.030174 -0.016424 0.238240
v -0.021151 -0.021100 0.246582
v -0.020209 -0.021559 0.244950
v -0.028922 -0.017043 0.236894
v -0.020209 -0.021559 0.244950
v -0.028922 -0.017043 0.236894
v -0.020209 -0.021559 0.244950
v -0.009074 -0.024308 0.250398
v -0.009074 -0.024308 0.250398
v 0.003391 -0.025021 0.252705
v 0.003391 -0.025021 0.252705
v 0.015967 -0.023628 0.251646
v 0.015967 -0.023628 0.251646
v 0.027422 -0.020266 0.247323
v 0.027422 -0.020266 0.247323
v 0.036636 -0.015264 0.240161
v 0.036636 -0.015264 0.240161
v 0.042706 -0.009111 0.230860
v 0.042706 -0.009111 0.230860
v 0.045038 -0.002410 0.220330
v 0.045038 -0.002410 0.220330
v 0.043404 0.004184 0.209603
v 0.043404 0.004184 0.209603
v 0.037964 0.010024 0.199729
v 0.037964 0.010024 0.199729
v 0.029250 0.014540 0.191673
v 0.029250 0.014540 0.191673
v 0.018116 0.017289 0.186225
v 0.018116 0.017289 0.186225
v 0.005651 0.018002 0.183918
v 0.005651 0.018002 0.183918
v -0.006925 0.016609 0.184977
v -0.006925 0.016609 0.184977
v -0.018380 0.013247 0.189300
v -0.018380 0.013247 0.189300
v -0.027594 0.008245 0.196462
v -0.027594 0.008245 0.196462
v -0.033664 0.002092 0.205763
v -0.033664 0.002092 0.205763
v -0.035996 -0.004609 0.216293
v -0.035996 -0.004609 0.216293
v -0.034362 -0.011203 0.227020
v -0.034362 -0.011203 0.227020
v 0.148940 0.349093 0.307101
v 0.144917 0.355187 0.295968
v 0.144032 0.347719 0.309095
v 0.139517 0.354559 0.296601
v 0.137325 0.340829 0.308762
v 0.139825 0.344724 0.309696
v 0.134946 0.352115 0.296195
v 0.132297 0.348446 0.294849
v 0.144032 0.347719 0.309095
v 0.139517 0.354559 0.296601
v 0.156542 0.342896 0.316105
v 0.152563 0.340765 0.319201
v 0.144032 0.347719 0.309095
v 0.139825 0.344724 0.309696
v 0.149044 0.337210 0.320616
v 0.152563 0.340765 0.319201
v 0.137325 0.340829 0.308762
v 0.146826 0.333086 0.320015
v 0.166980 0.337205 0.322099
v 0.164277 0.334377 0.325928
v 0.161702 0.330307 0.327885
v 0.164277 0.334377 0.325928
v 0.159870 0.325973 0.327507
v 0.179230 0.332575 0.324497
v 0.178026 0.329182 0.328619
v 0.176558 0.324693 0.330793
v 0.178026 0.329182 0.328619
v 0.175180 0.320187 0.330504
v 0.192096 0.329461 0.323064
v 0.192464 0.325687 0.327011
v 0.192160 0.320916 0.329055
v 0.192464 0.325687 0.327011
v 0.191258 0.316295 0.328713
v 0.204316 0.328167 0.317940
v 0.206178 0.324234 0.321260
v 0.206980 0.319347 0.322841
v 0.206178 0.324234 0.321260
v 0.206530 0.314677 0.322308
v 0.214695 0.328819 0.309626
v 0.217826 0.324966 0.311929
v 0.219566 0.320138 0.312759
v 0.217826 0.324966 0.311929
v 0.219501 0.315493 0.311918
v 0.222217 0.331354 0.298937
v 0.226268 0.327812 0.299933
v 0.228688 0.323213 0.299795
v 0.226268 0.327812 0.299933
v 0.228902 0.318661 0.298559
v 0.226145 0.335524 0.286918
v 0.230676 0.332491 0.286445
v 0.233452 0.328269 0.285220
v 0.230676 0.332491 0.286445
v 0.233811 0.323872 0.283539
v 0.226095 0.340921 0.274747
v 0.230620 0.338548 0.272785
v 0.233392 0.334814 0.270460
v 0.230620 0.338548 0.272785
v 0.233749 0.330617 0.268328
v 0.222072 0.347016 0.263614
v 0.226106 0.345388 0.260292
v 0.228513 0.342205 0.256959
v 0.226106 0.345388 0.260292
v 0.228721 0.338234 0.254415
v 0.214470 0.353212 0.254609
v 0.217574 0.352342 0.250186
v 0.219294 0.349719 0.246040
v 0.217574 0.352342 0.250186
v 0.219221 0.345977 0.243162
v 0.204033 0.358903 0.248615
v 0.205861 0.358729 0.243459
v 0.206636 0.356621 0.238770
v 0.205861 0.358729 0.243459
v 0.206177 0.353090 0.235670
v 0.191782 0.363533 0.246217
v 0.192112 0.363925 0.240768
v 0.191779 0.362236 0.235862
v 0.192112 0.363925 0.240768
v 0.190866 0.358876 0.232673
v 0.178917 0.366647 0.247650
v 0.177674 0.367420 0.242376
v 0.176178 0.366012 0.237600
v 0.177674 0.367420 0.242376
v 0.174788 0.362768 0.234465
v 0.166696 0.367942 0.252775
v 0.163959 0.368872 0.248127
v 0.161358 0.367582 0.243815
v 0.163959 0.368872 0.248127
v 0.159516 0.364386 0.240869
v 0.156317 0.367289 0.261088
v 0.152311 0.368140 0.257457
v 0.148772 0.366791 0.253897
v 0.152311 0.368140 0.257457
v 0.146545 0.363570 0.251259
v 0.148796 0.364754 0.271778
v 0.143870 0.365295 0.269454
v 0.139650 0.363716 0.266860
v 0.143870 0.365295 0.269454
v 0.137144 0.360402 0.264618
v 0.144867 0.360584 0.283796
v 0.139461 0.360615 0.282942
v 0.134886 0.358659 0.281435
v 0.139461 0.360615 0.282942
v 0.132235 0.355191 0.279638
v 0.056622 0.004606 0.150130
v 0.062565 -0.000239 0.157170
v 0.070725 -0.004688 0.161856
v 0.080303 -0.008308 0.163731
v 0.090361 -0.010743 0.162610
v 0.099915 -0.011754 0.158604
v 0.108029 -0.011244 0.152104
v 0.113910 -0.009262 0.143747
v 0.116981 -0.006002 0.134351
v 0.116942 -0.001783 0.124836
v 0.113797 0.002982 0.116132
v 0.107853 0.007826 0.109092
v 0.099693 0.012276 0.104406
v 0.090116 0.015895 0.102531
v 0.080058 0.018330 0.103652
v 0.070504 0.019342 0.107658
v 0.062390 0.018832 0.114158
v 0.056509 0.016849 0.122515
v 0.053438 0.013589 0.131911
v 0.053477 0.009370 0.141426
v 0.056622 0.004606 0.150130
v 0.057053 0.002691 0.148713
v 0.054016 0.007293 0.140308
v 0.057053 0.002691 0.148713
v 0.054016 0.007293 0.140308
v 0.057053 0.002691 0.148713
v 0.062793 -0.001987 0.155511
v 0.062793 -0.001987 0.155511
v 0.070673 -0.006284 0.160037
v 0.070673 -0.006284 0.160037
v 0.079922 -0.009779 0.161847
v 0.079922 -0.009779 0.161847
v 0.089635 -0.012130 0.160765
v 0.089635 -0.012130 0.160765
v 0.098861 -0.013107 0.156896
v 0.098861 -0.013107 0.156896
v 0.106697 -0.012615 0.150619
v 0.106697 -0.012615 0.150619
v 0.112375 -0.010701 0.142549
v 0.112375 -0.010701 0.142549
v 0.115341 -0.007553 0.133475
v 0.115341 -0.007553 0.133475
v 0.115304 -0.003478 0.124286
v 0.115304 -0.003478 0.124286
v 0.112267 0.001123 0.115881
v 0.112267 0.001123 0.115881
v 0.106527 0.005801 0.109083
v 0.106527 0.005801 0.109083
v 0.098647 0.010098 0.104557
v 0.098647 0.010098 0.104557
v 0.089398 0.013593 0.102747
v 0.089398 0.013593 0.102747
v 0.079685 0.015945 0.103829
v 0.079685 0.015945 0.103829
v 0.070459 0.016922 0.107698
v 0.070459 0.016922 0.107698
v 0.062623 0.016429 0.113974
v 0.062623 0.016429 0.113974
v 0.056944 0.014515 0.122045
v 0.056944 0.014515 0.122045
v 0.053978 0.011367 0.131118
v 0.053978 0.011367 0.131118
v -0.043263 0.604953 0.039311
v -0.055810 0.604259 0.025125
v -0.047922 0.602371 0.045106
v -0.062004 0.601592 0.029187
v -0.052587 0.589983 0.051453
v -0.051299 0.596946 0.049504
v -0.066515 0.596103 0.032301
v -0.068268 0.589115 0.033725
v -0.047922 0.602371 0.045106
v -0.062004 0.601592 0.029187
v -0.026942 0.605580 0.048923
v -0.029606 0.603075 0.055894
v -0.047922 0.602371 0.045106
v -0.051299 0.596946 0.049504
v -0.031507 0.597706 0.061160
v -0.029606 0.603075 0.055894
v -0.052587 0.589983 0.051453
v -0.032191 0.590767 0.063466
v -0.008446 0.606078 0.053020
v -0.008849 0.603633 0.060493
v -0.009077 0.598309 0.066130
v -0.008849 0.603633 0.060493
v -0.009075 0.591389 0.068587
v 0.010414 0.606397 0.051203
v 0.012318 0.603992 0.058453
v 0.013796 0.598697 0.063926
v 0.012318 0.603992 0.058453
v 0.014496 0.591788 0.066316
v 0.027794 0.606507 0.043648
v 0.031822 0.604115 0.049974
v 0.034872 0.598830 0.054764
v 0.031822 0.604115 0.049974
v 0.036216 0.591925 0.056874
v 0.041991 0.606397 0.031096
v 0.047755 0.603992 0.035887
v 0.052089 0.598697 0.039542
v 0.047755 0.603992 0.035887
v 0.053959 0.591788 0.041187
v 0.051616 0.606078 0.014774
v 0.058557 0.603633 0.017570
v 0.063762 0.598309 0.019748
v 0.058557 0.603633 0.017570
v 0.065988 0.591389 0.020789
v 0.055727 0.605580 -0.003719
v 0.063170 0.603075 -0.003184
v 0.068747 0.597706 -0.002679
v 0.063170 0.603075 -0.003184
v 0.071125 0.590767 -0.002323
v 0.053921 0.604953 -0.022573
v 0.061143 0.602371 -0.024344
v 0.066556 0.596946 -0.025543
v 0.061143 0.602371 -0.024344
v 0.068867 0.589983 -0.025886
v 0.046375 0.604259 -0.039943
v 0.052675 0.601592 -0.043837
v 0.057405 0.596103 -0.046608
v 0.052675 0.601592 -0.043837
v 0.059437 0.589115 -0.047594
v 0.033827 0.603564 -0.054128
v 0.038593 0.600812 -0.059757
v 0.042189 0.595261 -0.063810
v 0.038593 0.600812 -0.059757
v 0.043756 0.588247 -0.065322
v 0.017507 0.602937 -0.063740
v 0.020277 0.600108 -0.070544
v 0.022397 0.594500 -0.075467
v 0.020277 0.600108 -0.070544
v 0.023359 0.587463 -0.077334
v -0.000989 0.602439 -0.067838
v -0.000480 0.599550 -0.075143
v -0.000033 0.593897 -0.080436
v -0.000480 0.599550 -0.075143
v 0.000244 0.586842 -0.082455
v -0.019850 0.602120 -0.066021
v -0.021647 0.599192 -0.073103
v -0.022906 0.593510 -0.078232
v -0.021647 0.599192 -0.073103
v -0.023327 0.586442 -0.080184
v -0.037230 0.602010 -0.058466
v -0.041151 0.599068 -0.064625
v -0.043982 0.593376 -0.069071
v -0.041151 0.599068 -0.064625
v -0.045047 0.586305 -0.070743
v -0.051427 0.602120 -0.045913
v -0.057084 0.599192 -0.050538
v -0.061199 0.593510 -0.053848
v -0.057084 0.599192 -0.050538
v -0.062790 0.586442 -0.055055
v -0.061052 0.602439 -0.029592
v -0.067886 0.599550 -0.032220
v -0.072872 0.593897 -0.034055
v -0.067886 0.599550 -0.032220
v -0.074819 0.586842 -0.034657
v -0.065162 0.602937 -0.011099
v -0.072499 0.600108 -0.011466
v -0.077857 0.594500 -0.011628
v -0.072499 0.600108 -0.011466
v -0.079956 0.587463 -0.011546
v -0.063356 0.603564 0.007756
v -0.070472 0.600812 0.009693
v -0.075666 0.595261 0.011237
v -0.070472 0.600812 0.009693
v -0.077699 0.588247 0.012017
v -0.013046 -0.007069 0.036647
v -0.004352 -0.006735 0.041767
v 0.005501 -0.006470 0.043950
v 0.015549 -0.006300 0.042982
v 0.024807 -0.006241 0.038958
v 0.032370 -0.006300 0.032271
v 0.037498 -0.006470 0.023576
v 0.039688 -0.006735 0.013724
v 0.038725 -0.007069 0.003680
v 0.034705 -0.007439 -0.005573
v 0.028021 -0.007809 -0.013130
v 0.019327 -0.008143 -0.018250
v 0.009474 -0.008408 -0.020433
v -0.000574 -0.008578 -0.019465
v -0.009832 -0.008637 -0.015440
v -0.017395 -0.008578 -0.008753
v -0.022523 -0.008408 -0.000059
v -0.024712 -0.008143 0.009793
v -0.023750 -0.007809 0.019837
v -0.019730 -0.007439 0.029090
v -0.013046 -0.007069 0.036647
v -0.012275 -0.010434 0.035898
v -0.018730 -0.010791 0.028601
v -0.012275 -0.010434 0.035898
v -0.018730 -0.010791 0.028601
v -0.012275 -0.010434 0.035898
v -0.003879 -0.010111 0.040843
v -0.003879 -0.010111 0.040843
v 0.005636 -0.009855 0.042951
v 0.005636 -0.009855 0.042951
v 0.015339 -0.009691 0.042016
v 0.015339 -0.009691 0.042016
v 0.024280 -0.009634 0.038130
v 0.024280 -0.009634 0.038130
v 0.031584 -0.009691 0.031672
v 0.031584 -0.009691 0.031672
v 0.036535 -0.009855 0.023276
v 0.036535 -0.009855 0.023276
v 0.038650 -0.010111 0.013762
v 0.038650 -0.010111 0.013762
v 0.037721 -0.010434 0.004062
v 0.037721 -0.010434 0.004062
v 0.033839 -0.010791 -0.004873
v 0.033839 -0.010791 -0.004873
v 0.027384 -0.011148 -0.012171
v 0.027384 -0.011148 -0.012171
v 0.018988 -0.011471 -0.017116
v 0.018988 -0.011471 -0.017116
v 0.009473 -0.011727 -0.019224
v 0.009473 -0.011727 -0.019224
v -0.000230 -0.011891 -0.018289
v -0.000230 -0.011891 -0.018289
v -0.009171 -0.011948 -0.014402
v -0.009171 -0.011948 -0.014402
v -0.016475 -0.011891 -0.007945
v -0.016475 -0.011891 -0.007945
v -0.021426 -0.011727 0.000452
v -0.021426 -0.011727 0.000452
v -0.023541 -0.011471 0.009965
v -0.023541 -0.011471 0.009965
v -0.022612 -0.011148 0.019665
v -0.022612 -0.011148 0.019665
v 0.029436 0.441532 0.285771
v 0.018973 0.445746 0.274072
v 0.025066 0.439014 0.290153
v 0.013323 0.443744 0.277023
v 0.019445 0.429110 0.293052
v 0.021447 0.434512 0.292789
v 0.008758 0.439623 0.278601
v 0.006368 0.434377 0.278430
v 0.025066 0.439014 0.290153
v 0.013323 0.443744 0.277023
v 0.043165 0.437729 0.293594
v 0.040473 0.434747 0.298933
v 0.025066 0.439014 0.290153
v 0.021447 0.434512 0.292789
v 0.038096 0.429901 0.302276
v 0.040473 0.434747 0.298933
v 0.019445 0.429110 0.293052
v 0.036603 0.424358 0.302828
v 0.058815 0.434712 0.296775
v 0.058036 0.431361 0.302503
v 0.057075 0.426242 0.306134
v 0.058036 0.431361 0.302503
v 0.056161 0.420587 0.306804
v 0.074853 0.432775 0.295002
v 0.076036 0.429187 0.300513
v 0.076525 0.423893 0.303984
v 0.076036 0.429187 0.300513
v 0.076205 0.418166 0.304588
v 0.089711 0.432107 0.288450
v 0.092710 0.428438 0.293159
v 0.094543 0.423084 0.296037
v 0.092710 0.428438 0.293159
v 0.094773 0.417332 0.296399
v 0.101934 0.432775 0.277758
v 0.106427 0.429187 0.281161
v 0.109365 0.423893 0.283072
v 0.106427 0.429187 0.281161
v 0.110048 0.418166 0.283038
v 0.110324 0.434712 0.263975
v 0.115843 0.431361 0.265692
v 0.119540 0.426242 0.266357
v 0.115843 0.431361 0.265692
v 0.120534 0.420587 0.265812
v 0.114062 0.437729 0.248449
v 0.120038 0.434747 0.248268
v 0.124073 0.429901 0.247528
v 0.120038 0.434747 0.248268
v 0.125205 0.424358 0.246409
v 0.112780 0.441532 0.232700
v 0.118600 0.439014 0.230593
v 0.122519 0.434512 0.228429
v 0.118600 0.439014 0.230593
v 0.123604 0.429110 0.226726
v 0.106605 0.445746 0.218269
v 0.111670 0.443744 0.214398
v 0.115031 0.439623 0.210929
v 0.111670 0.443744 0.214398
v 0.115887 0.434377 0.208692
v 0.096141 0.449961 0.206570
v 0.099927 0.448474 0.201269
v 0.102341 0.444734 0.196741
v 0.099927 0.448474 0.201269
v 0.102809 0.439644 0.194070
v 0.082413 0.453763 0.198747
v 0.084519 0.452741 0.192489
v 0.085692 0.449345 0.187254
v 0.084519 0.452741 0.192489
v 0.085652 0.444396 0.184294
v 0.066763 0.456780 0.195566
v 0.066956 0.456127 0.188919
v 0.066713 0.453004 0.183397
v 0.066956 0.456127 0.188919
v 0.066094 0.448167 0.180318
v 0.050724 0.458717 0.197339
v 0.048957 0.458301 0.190909
v 0.047263 0.455354 0.185546
v 0.048957 0.458301 0.190909
v 0.046050 0.450588 0.182534
v 0.035867 0.459385 0.203891
v 0.032282 0.459050 0.198262
v 0.029245 0.456163 0.193493
v 0.032282 0.459050 0.198262
v 0.027481 0.451422 0.190723
v 0.023644 0.458717 0.214583
v 0.018566 0.458301 0.210261
v 0.014423 0.455354 0.206458
v 0.018566 0.458301 0.210261
v 0.012206 0.450588 0.204084
v 0.015254 0.456780 0.228366
v 0.009149 0.456127 0.225729
v 0.004248 0.453004 0.223173
v 0.009149 0.456127 0.225729
v 0.001720 0.448167 0.221310
v 0.011516 0.453763 0.243892
v 0.004955 0.452741 0.243154
v -0.000285 0.449345 0.242002
v 0.004955 0.452741 0.243154
v -0.002951 0.444396 0.240713
v 0.012798 0.449961 0.259641
v 0.006393 0.448474 0.260828
v 0.001269 0.444734 0.261101
v 0.006393 0.448474 0.260828
v -0.001349 0.439644 0.260396
v -0.019185 -0.015425 0.158596
v -0.013042 -0.017127 0.162097
v -0.006039 -0.018477 0.163520
v 0.001139 -0.019344 0.162727
v 0.007787 -0.019642 0.159795
v 0.013257 -0.019344 0.155011
v 0.017011 -0.018477 0.148843
v 0.018684 -0.017127 0.141895
v 0.018111 -0.015425 0.134847
v 0.015347 -0.013539 0.128390
v 0.010665 -0.011653 0.123154
v 0.004521 -0.009952 0.119653
v -0.002482 -0.008602 0.118230
v -0.009659 -0.007735 0.119023
v -0.016308 -0.007436 0.121956
v -0.021777 -0.007735 0.126740
v -0.025532 -0.008602 0.132908
v -0.027205 -0.009952 0.139856
v -0.026631 -0.011653 0.146903
v -0.023868 -0.013539 0.153361
v -0.019185 -0.015425 0.158596
v -0.019041 -0.017877 0.157411
v -0.023563 -0.016056 0.152355
v -0.019041 -0.017877 0.157411
v -0.023563 -0.016056 0.152355
v -0.019041 -0.017877 0.157411
v -0.013108 -0.019520 0.160791
v -0.013108 -0.019520 0.160791
v -0.006345 -0.020824 0.162166
v -0.006345 -0.020824 0.162166
v 0.000586 -0.021661 0.161400
v 0.000586 -0.021661 0.161400
v 0.007006 -0.021950 0.158568
v 0.007006 -0.021950 0.158568
v 0.012288 -0.021661 0.153948
v 0.012288 -0.021661 0.153948
v 0.015914 -0.020824 0.147992
v 0.015914 -0.020824 0.147992
v 0.017529 -0.019520 0.141282
v 0.017529 -0.019520 0.141282
v 0.016975 -0.017877 0.134476
v 0.016975 -0.017877 0.134476
v 0.014307 -0.016056 0.128240
v 0.014307 -0.016056 0.128240
v 0.009785 -0.014234 0.123185
v 0.009785 -0.014234 0.123185
v 0.003852 -0.012591 0.119804
v 0.003852 -0.012591 0.119804
v -0.002911 -0.011287 0.118429
v -0.002911 -0.011287 0.118429
v -0.009842 -0.010450 0.119195
v -0.009842 -0.010450 0.119195
v -0.016262 -0.010162 0.122027
v -0.016262 -0.010162 0.122027
v -0.021544 -0.010450 0.126647
v -0.021544 -0.010450 0.126647
v -0.025170 -0.011287 0.132603
v -0.025170 -0.011287 0.132603
v -0.026785 -0.012591 0.139313
v -0.026785 -0.012591 0.139313
v -0.026232 -0.014234 0.146119
v -0.026232 -0.014234 0.146119
v -0.174758 0.473251 0.250654
v -0.184057 0.472939 0.239798
v -0.177931 0.470071 0.254615
v -0.188367 0.469721 0.242432
v -0.179957 0.459074 0.257867
v -0.179813 0.464934 0.257226
v -0.191090 0.464555 0.244062
v -0.191579 0.458684 0.244300
v -0.177931 0.470071 0.254615
v -0.188367 0.469721 0.242432
v -0.162636 0.474418 0.258146
v -0.164327 0.471381 0.263022
v -0.177931 0.470071 0.254615
v -0.179813 0.464934 0.257226
v -0.165113 0.466348 0.266311
v -0.164327 0.471381 0.263022
v -0.179957 0.459074 0.257867
v -0.164808 0.460532 0.267230
v -0.148879 0.476325 0.261540
v -0.148887 0.473521 0.266832
v -0.148429 0.468661 0.270428
v -0.148887 0.473521 0.266832
v -0.147615 0.462916 0.271472
v -0.134833 0.478786 0.260505
v -0.133124 0.476283 0.265670
v -0.131395 0.471646 0.269173
v -0.133124 0.476283 0.265670
v -0.130061 0.465991 0.270179
v -0.121873 0.481560 0.255142
v -0.118579 0.479396 0.259651
v -0.115678 0.475010 0.262669
v -0.118579 0.479396 0.259651
v -0.113864 0.469458 0.263476
v -0.111267 0.484375 0.245976
v -0.106677 0.482555 0.249364
v -0.102817 0.478424 0.251553
v -0.106677 0.482555 0.249364
v -0.100610 0.472976 0.252021
v -0.104055 0.486956 0.233904
v -0.098582 0.485452 0.235816
v -0.094070 0.481554 0.236913
v -0.098582 0.485452 0.235816
v -0.091596 0.476202 0.236933
v -0.100941 0.489050 0.220107
v -0.095088 0.487802 0.220333
v -0.090294 0.484093 0.220182
v -0.095088 0.487802 0.220333
v -0.087704 0.478819 0.219692
v -0.102230 0.490453 0.205937
v -0.096535 0.489375 0.204430
v -0.091858 0.485794 0.202998
v -0.096535 0.489375 0.204430
v -0.089316 0.480571 0.201982
v -0.107798 0.491026 0.192780
v -0.102783 0.490019 0.189665
v -0.098609 0.486489 0.187042
v -0.102783 0.490019 0.189665
v -0.096274 0.481287 0.185540
v -0.117097 0.490714 0.181925
v -0.113220 0.489668 0.177482
v -0.109887 0.486110 0.173878
v -0.113220 0.489668 0.177482
v -0.107896 0.480897 0.171973
v -0.129219 0.489547 0.174433
v -0.126824 0.488359 0.169074
v -0.124587 0.484695 0.164793
v -0.126824 0.488359 0.169074
v -0.123045 0.479439 0.162611
v -0.142976 0.487640 0.171039
v -0.142263 0.486219 0.165265
v -0.141271 0.482382 0.160676
v -0.142263 0.486219 0.165265
v -0.140238 0.477056 0.158368
v -0.157022 0.485179 0.172074
v -0.158026 0.483457 0.166426
v -0.158305 0.479398 0.161931
v -0.158026 0.483457 0.166426
v -0.157792 0.473980 0.159662
v -0.169982 0.482405 0.177437
v -0.172571 0.480344 0.172445
v -0.174021 0.476034 0.168435
v -0.172571 0.480344 0.172445
v -0.173989 0.470514 0.166364
v -0.180588 0.479590 0.186603
v -0.184473 0.477184 0.182732
v -0.186883 0.472620 0.179551
v -0.184473 0.477184 0.182732
v -0.187243 0.466995 0.177820
v -0.187800 0.477009 0.198675
v -0.192568 0.474288 0.196280
v -0.195630 0.469490 0.194191
v -0.192568 0.474288 0.196280
v -0.196257 0.463770 0.192907
v -0.190914 0.474915 0.212472
v -0.196062 0.471938 0.211764
v -0.199406 0.466951 0.210922
v -0.196062 0.471938 0.211764
v -0.200149 0.461153 0.210149
v -0.189625 0.473512 0.226642
v -0.194615 0.470364 0.227666
v -0.197842 0.465250 0.228106
v -0.194615 0.470364 0.227666
v -0.198537 0.459400 0.227858
v -0.087640 -0.009433 0.187844
v -0.078163 -0.008520 0.193701
v -0.067408 -0.007029 0.196355
v -0.056427 -0.005105 0.195546
v -0.046294 -0.002937 0.191353
v -0.038003 -0.000736 0.184187
v -0.032364 0.001282 0.174749
v -0.029930 0.002919 0.163963
v -0.030938 0.004015 0.152885
v -0.035290 0.004463 0.142599
v -0.042561 0.004219 0.134112
v -0.052038 0.003307 0.128255
v -0.062793 0.001816 0.125601
v -0.073774 -0.000108 0.126410
v -0.083906 -0.002276 0.130603
v -0.092198 -0.004477 0.137769
v -0.097837 -0.006495 0.147207
v -0.100271 -0.008132 0.157993
v -0.099263 -0.009228 0.169072
v -0.094910 -0.009676 0.179357
v -0.087640 -0.009433 0.187844
v -0.086424 -0.011854 0.186620
v -0.093445 -0.012089 0.178424
v -0.086424 -0.011854 0.186620
v -0.093445 -0.012089 0.178424
v -0.086424 -0.011854 0.186620
v -0.077272 -0.010973 0.192276
v -0.077272 -0.010973 0.192276
v -0.066886 -0.009533 0.194839
v -0.066886 -0.009533 0.194839
v -0.056281 -0.007675 0.194057
v -0.056281 -0.007675 0.194057
v -0.046497 -0.005581 0.190008
v -0.046497 -0.005581 0.190008
v -0.038490 -0.003455 0.183088
v -0.038490 -0.003455 0.183088
v -0.033044 -0.001507 0.173974
v -0.033044 -0.001507 0.173974
v -0.030693 0.000074 0.163558
v -0.030693 0.000074 0.163558
v -0.031667 0.001133 0.152859
v -0.031667 0.001133 0.152859
v -0.035870 0.001566 0.142926
v -0.035870 0.001566 0.142926
v -0.042891 0.001330 0.134731
v -0.042891 0.001330 0.134731
v -0.052043 0.000449 0.129074
v -0.052043 0.000449 0.129074
v -0.062429 -0.000991 0.126512
v -0.062429 -0.000991 0.126512
v -0.073034 -0.002849 0.127293
v -0.073034 -0.002849 0.127293
v -0.082818 -0.004943 0.131342
v -0.082818 -0.004943 0.131342
v -0.090825 -0.007068 0.138262
v -0.090825 -0.007068 0.138262
v -0.096271 -0.009017 0.147377
v -0.096271 -0.009017 0.147377
v -0.098622 -0.010598 0.157793
v -0.098622 -0.010598 0.157793
v -0.097648 -0.011657 0.168491
v -0.097648 -0.011657 0.168491
v -0.114864 0.416922 0.118798
v -0.121569 0.416099 0.110781
v -0.117281 0.414681 0.121888
v -0.124806 0.413757 0.112891
v -0.118924 0.405477 0.125082
v -0.118751 0.410534 0.124164
v -0.126882 0.409535 0.114442
v -0.127304 0.404448 0.115063
v -0.117281 0.414681 0.121888
v -0.124806 0.413757 0.112891
v -0.106030 0.418028 0.124335
v -0.107367 0.415922 0.128102
v -0.117281 0.414681 0.121888
v -0.118751 0.410534 0.124164
v -0.108039 0.411874 0.130878
v -0.107367 0.415922 0.128102
v -0.118924 0.405477 0.125082
v -0.107885 0.406859 0.132002
v -0.095934 0.419307 0.126850
v -0.096036 0.417357 0.130924
v -0.095794 0.413425 0.133928
v -0.096036 0.417357 0.130924
v -0.095266 0.408457 0.135145
v -0.085562 0.420634 0.126097
v -0.084396 0.418847 0.130079
v -0.083216 0.415035 0.133015
v -0.084396 0.418847 0.130079
v -0.082304 0.410116 0.134203
v -0.075930 0.421879 0.122149
v -0.073586 0.420245 0.125649
v -0.071535 0.416545 0.128228
v -0.073586 0.420245 0.125649
v -0.070266 0.411673 0.129270
v -0.067981 0.422922 0.115394
v -0.064666 0.421414 0.118067
v -0.061895 0.417809 0.120035
v -0.064666 0.421414 0.118067
v -0.060332 0.412975 0.120827
v -0.062493 0.423658 0.106492
v -0.058507 0.422241 0.108077
v -0.055240 0.418703 0.109239
v -0.058507 0.422241 0.108077
v -0.053474 0.413896 0.109702
v -0.060004 0.424017 0.096314
v -0.055713 0.422644 0.096655
v -0.052221 0.419138 0.096897
v -0.055713 0.422644 0.096655
v -0.050363 0.414344 0.096983
v -0.060756 0.423963 0.085858
v -0.056557 0.422583 0.084920
v -0.053134 0.419073 0.084216
v -0.056557 0.422583 0.084920
v -0.051303 0.414277 0.083915
v -0.064677 0.423502 0.076146
v -0.060957 0.422066 0.074021
v -0.057888 0.418513 0.072439
v -0.060957 0.422066 0.074021
v -0.056203 0.413701 0.071777
v -0.071382 0.422678 0.068129
v -0.068482 0.421141 0.065024
v -0.066020 0.417514 0.062717
v -0.068482 0.421141 0.065024
v -0.064583 0.412671 0.061758
v -0.080215 0.421573 0.062592
v -0.078396 0.419901 0.058810
v -0.076732 0.416174 0.056002
v -0.078396 0.419901 0.058810
v -0.075622 0.411290 0.054839
v -0.090312 0.420294 0.060077
v -0.089727 0.418466 0.055987
v -0.088977 0.414623 0.052952
v -0.089727 0.418466 0.055987
v -0.088241 0.409691 0.051696
v -0.100684 0.418967 0.060830
v -0.101367 0.416976 0.056833
v -0.101555 0.413013 0.053866
v -0.101367 0.416976 0.056833
v -0.101203 0.408033 0.052637
v -0.110316 0.417721 0.064778
v -0.112177 0.415578 0.061263
v -0.113236 0.411503 0.058653
v -0.112177 0.415578 0.061263
v -0.113240 0.406476 0.057570
v -0.118265 0.416679 0.071533
v -0.121098 0.414408 0.068844
v -0.122875 0.410239 0.066845
v -0.121098 0.414408 0.068844
v -0.123174 0.405173 0.066013
v -0.123753 0.415942 0.080435
v -0.127256 0.413582 0.078835
v -0.129530 0.409346 0.077641
v -0.127256 0.413582 0.078835
v -0.130033 0.404253 0.077138
v -0.126242 0.415583 0.090613
v -0.130050 0.413179 0.090257
v -0.132549 0.408910 0.089983
v -0.130050 0.413179 0.090257
v -0.133144 0.403804 0.089858
v -0.125490 0.415637 0.101069
v -0.129206 0.413239 0.101992
v -0.131637 0.408975 0.102664
v -0.129206 0.413239 0.101992
v -0.132204 0.403871 0.102926
v -0.054805 -0.015711 0.111519
v -0.047899 -0.014847 0.115847
v -0.040005 -0.013847 0.117814
v -0.031896 -0.012810 0.117225
v -0.024366 -0.011836 0.114139
v -0.018152 -0.011021 0.108857
v -0.013861 -0.010445 0.101897
v -0.011915 -0.010164 0.093941
v -0.012503 -0.010206 0.085766
v -0.015569 -0.010567 0.078173
v -0.020811 -0.011211 0.071906
v -0.027717 -0.012075 0.067577
v -0.035610 -0.013075 0.065611
v -0.043719 -0.014113 0.066199
v -0.051249 -0.015087 0.069286
v -0.057464 -0.015901 0.074567
v -0.061754 -0.016477 0.081527
v -0.063700 -0.016758 0.089484
v -0.063112 -0.016716 0.097658
v -0.060047 -0.016355 0.105251
v -0.054805 -0.015711 0.111519
v -0.053919 -0.018008 0.110830
v -0.058981 -0.018630 0.104777
v -0.053919 -0.018008 0.110830
v -0.058981 -0.018630 0.104777
v -0.053919 -0.018008 0.110830
v -0.047250 -0.017174 0.115010
v -0.047250 -0.017174 0.115010
v -0.039627 -0.016208 0.116909
v -0.039627 -0.016208 0.116909
v -0.031796 -0.015206 0.116340
v -0.031796 -0.015206 0.116340
v -0.024524 -0.014266 0.113360
v -0.024524 -0.014266 0.113360
v -0.018523 -0.013479 0.108259
v -0.018523 -0.013479 0.108259
v -0.014380 -0.012923 0.101538
v -0.014380 -0.012923 0.101538
v -0.012500 -0.012652 0.093855
v -0.012500 -0.012652 0.093855
v -0.013068 -0.012692 0.085960
v -0.013068 -0.012692 0.085960
v -0.016028 -0.013041 0.078628
v -0.016028 -0.013041 0.078628
v -0.021091 -0.013662 0.072575
v -0.021091 -0.013662 0.072575
v -0.027760 -0.014497 0.068395
v -0.027760 -0.014497 0.068395
v -0.035383 -0.015462 0.066496
v -0.035383 -0.015462 0.066496
v -0.043213 -0.016465 0.067065
v -0.043213 -0.016465 0.067065
v -0.050485 -0.017405 0.070045
v -0.050485 -0.017405 0.070045
v -0.056486 -0.018192 0.075146
v -0.056486 -0.018192 0.075146
v -0.060629 -0.018748 0.081867
v -0.060629 -0.018748 0.081867
v -0.062509 -0.019019 0.089550
v -0.062509 -0.019019 0.089550
v -0.061941 -0.018978 0.097445
v -0.061941 -0.018978 0.097445
v 0.283060 0.326060 -0.107945
v 0.275837 0.327020 -0.119089
v 0.279275 0.327639 -0.104383
v 0.271169 0.328717 -0.116890
v 0.272437 0.324634 -0.099197
v 0.275427 0.327121 -0.101215
v 0.266668 0.328285 -0.114729
v 0.263411 0.325834 -0.113123
v 0.279275 0.327639 -0.104383
v 0.271169 0.328717 -0.116890
v 0.292676 0.322812 -0.099329
v 0.290067 0.323994 -0.094713
v 0.279275 0.327639 -0.104383
v 0.275427 0.327121 -0.101215
v 0.287088 0.323182 -0.090765
v 0.290067 0.323994 -0.094713
v 0.272437 0.324634 -0.099197
v 0.284455 0.320575 -0.088428
v 0.303745 0.317594 -0.094082
v 0.302488 0.318137 -0.088826
v 0.300511 0.316853 -0.084403
v 0.302488 0.318137 -0.088826
v 0.298287 0.314053 -0.081872
v 0.315182 0.310915 -0.092720
v 0.315324 0.310642 -0.087297
v 0.314381 0.308754 -0.082751
v 0.315324 0.310642 -0.087297
v 0.312581 0.305707 -0.080169
v 0.325869 0.303431 -0.095376
v 0.327318 0.302243 -0.090277
v 0.327341 0.299678 -0.085972
v 0.327318 0.302243 -0.090277
v 0.325937 0.296353 -0.083488
v 0.334758 0.295874 -0.101788
v 0.337294 0.293762 -0.097474
v 0.338122 0.290513 -0.093748
v 0.337294 0.293762 -0.097474
v 0.337047 0.286909 -0.091502
v 0.340981 0.288983 -0.111331
v 0.344278 0.286029 -0.108183
v 0.345668 0.282157 -0.105321
v 0.344278 0.286029 -0.108183
v 0.344824 0.278297 -0.103428
v 0.343928 0.283433 -0.123069
v 0.347585 0.279800 -0.121356
v 0.349242 0.275426 -0.119555
v 0.347585 0.279800 -0.121356
v 0.348507 0.271361 -0.118098
v 0.343310 0.279768 -0.135854
v 0.346892 0.275686 -0.135704
v 0.348493 0.270981 -0.135060
v 0.346892 0.275686 -0.135704
v 0.347735 0.266780 -0.134075
v 0.339188 0.278345 -0.148434
v 0.342266 0.274090 -0.149822
v 0.343494 0.269256 -0.150315
v 0.342266 0.274090 -0.149822
v 0.342583 0.265002 -0.149797
v 0.331966 0.279305 -0.159577
v 0.334160 0.275167 -0.162329
v 0.334735 0.270420 -0.163829
v 0.334160 0.275167 -0.162329
v 0.333557 0.266202 -0.163724
v 0.322350 0.282553 -0.168194
v 0.323368 0.278813 -0.171999
v 0.323074 0.274359 -0.174279
v 0.323368 0.278813 -0.171999
v 0.321539 0.270261 -0.174492
v 0.311281 0.287772 -0.173440
v 0.310947 0.284669 -0.177886
v 0.309651 0.280688 -0.180641
v 0.310947 0.284669 -0.177886
v 0.307706 0.276783 -0.181048
v 0.299844 0.294450 -0.174802
v 0.298111 0.292164 -0.179415
v 0.295781 0.288787 -0.182293
v 0.298111 0.292164 -0.179415
v 0.293413 0.285129 -0.182751
v 0.289157 0.301934 -0.172147
v 0.286118 0.300563 -0.176435
v 0.282821 0.297863 -0.179072
v 0.286118 0.300563 -0.176435
v 0.280057 0.294483 -0.179432
v 0.280267 0.309492 -0.165734
v 0.276141 0.309045 -0.169238
v 0.272040 0.307028 -0.171296
v 0.276141 0.309045 -0.169238
v 0.268947 0.303927 -0.171418
v 0.274044 0.316382 -0.156191
v 0.269157 0.316778 -0.158529
v 0.264493 0.315384 -0.159723
v 0.269157 0.316778 -0.158529
v 0.261170 0.312539 -0.159492
v 0.271098 0.321932 -0.144453
v 0.265850 0.323007 -0.145355
v 0.260920 0.322115 -0.145488
v 0.265850 0.323007 -0.145355
v 0.257487 0.319475 -0.144823
v 0.271715 0.325598 -0.131669
v 0.266543 0.327120 -0.131008
v 0.261669 0.326560 -0.129984
v 0.266543 0.327120 -0.131008
v 0.258259 0.324056 -0.128845
v 0.105981 0.027508 -0.020627
v 0.113499 0.024969 -0.013891
v 0.122152 0.020889 -0.009789
v 0.131094 0.015668 -0.008724
v 0.139448 0.009817 -0.010800
v 0.146398 0.003909 -0.015814
v 0.151264 -0.001479 -0.023274
v 0.153567 -0.005818 -0.032451
v 0.153084 -0.008683 -0.042446
v 0.149862 -0.009795 -0.052281
v 0.144215 -0.009045 -0.060993
v 0.136697 -0.006505 -0.067729
v 0.128044 -0.002426 -0.071831
v 0.119102 0.002795 -0.072896
v 0.110748 0.008647 -0.070820
v 0.103797 0.014555 -0.065806
v 0.098932 0.019942 -0.058346
v 0.096629 0.024281 -0.049169
v 0.097112 0.027147 -0.039174
v 0.100334 0.028259 -0.029339
v 0.105981 0.027508 -0.020627
v 0.105637 0.025273 -0.020810
v 0.100184 0.025998 -0.029223
v 0.105637 0.025273 -0.020810
v 0.100184 0.025998 -0.029223
v 0.105637 0.025273 -0.020810
v 0.112897 0.022821 -0.014305
v 0.112897 0.022821 -0.014305
v 0.121253 0.018881 -0.010344
v 0.121253 0.018881 -0.010344
v 0.129888 0.013839 -0.009316
v 0.129888 0.013839 -0.009316
v 0.137957 0.008189 -0.011320
v 0.137957 0.008189 -0.011320
v 0.144668 0.002483 -0.016162
v 0.144668 0.002483 -0.016162
v 0.149366 -0.002719 -0.023366
v 0.149366 -0.002719 -0.023366
v 0.151591 -0.006909 -0.032228
v 0.151591 -0.006909 -0.032228
v 0.151125 -0.009677 -0.041880
v 0.151125 -0.009677 -0.041880
v 0.148013 -0.010751 -0.051378
v 0.148013 -0.010751 -0.051378
v 0.142560 -0.010026 -0.059791
v 0.142560 -0.010026 -0.059791
v 0.135300 -0.007574 -0.066297
v 0.135300 -0.007574 -0.066297
v 0.126943 -0.003634 -0.070257
v 0.126943 -0.003634 -0.070257
v 0.118308 0.001408 -0.071286
v 0.118308 0.001408 -0.071286
v 0.110240 0.007059 -0.069281
v 0.110240 0.007059 -0.069281
v 0.103529 0.012764 -0.064439
v 0.103529 0.012764 -0.064439
v 0.098830 0.017967 -0.057235
v 0.098830 0.017967 -0.057235
v 0.096606 0.022157 -0.048373
v 0.096606 0.022157 -0.048373
v 0.097072 0.024924 -0.038721
v 0.097072 0.024924 -0.038721
v -0.048221 0.477841 -0.256881
v -0.056875 0.475174 -0.261540
v -0.049700 0.477460 -0.252554
v -0.059413 0.474467 -0.257782
v -0.051023 0.469685 -0.244227
v -0.050715 0.474503 -0.247969
v -0.061210 0.471269 -0.253619
v -0.061839 0.466352 -0.250049
v -0.049700 0.477460 -0.252554
v -0.059413 0.474467 -0.257782
v -0.038333 0.479188 -0.254847
v -0.038604 0.478972 -0.250271
v -0.049700 0.477460 -0.252554
v -0.050715 0.474503 -0.247969
v -0.038724 0.476137 -0.245503
v -0.038604 0.478972 -0.250271
v -0.051023 0.469685 -0.244227
v -0.038666 0.471368 -0.241685
v -0.028180 0.479083 -0.255637
v -0.027210 0.478854 -0.251158
v -0.026412 0.476009 -0.246461
v -0.027210 0.478854 -0.251158
v -0.025977 0.471237 -0.242673
v -0.018756 0.477536 -0.259174
v -0.016633 0.477118 -0.255127
v -0.014983 0.474134 -0.250750
v -0.016633 0.477118 -0.255127
v -0.014199 0.469304 -0.247093
v -0.010983 0.474699 -0.265111
v -0.007910 0.473935 -0.261790
v -0.005556 0.470693 -0.257950
v -0.007910 0.473935 -0.261790
v -0.004485 0.465759 -0.254512
v -0.005622 0.470850 -0.272867
v -0.001893 0.469615 -0.270494
v 0.000945 0.466025 -0.267356
v -0.001893 0.469615 -0.270494
v 0.002215 0.460948 -0.264205
v -0.003198 0.466365 -0.281683
v 0.000828 0.464581 -0.280388
v 0.003885 0.460586 -0.278047
v 0.000828 0.464581 -0.280388
v 0.005245 0.455343 -0.275223
v -0.003947 0.461683 -0.290696
v -0.000014 0.459327 -0.290503
v 0.002976 0.454909 -0.288977
v -0.000014 0.459327 -0.290503
v 0.004308 0.449492 -0.286487
v -0.007798 0.457263 -0.299024
v -0.004335 0.454366 -0.299849
v -0.001694 0.449548 -0.299076
v -0.004335 0.454366 -0.299849
v -0.000504 0.443968 -0.296895
v -0.014372 0.453537 -0.305851
v -0.011713 0.450185 -0.307511
v -0.009666 0.445030 -0.307356
v -0.011713 0.450185 -0.307511
v -0.008720 0.439311 -0.305427
v -0.023027 0.450870 -0.310510
v -0.021426 0.447192 -0.312739
v -0.020162 0.441796 -0.313005
v -0.021426 0.447192 -0.312739
v -0.019536 0.435978 -0.311249
v -0.032914 0.449523 -0.312543
v -0.032522 0.445680 -0.315022
v -0.032153 0.440162 -0.315471
v -0.032522 0.445680 -0.315022
v -0.031893 0.434295 -0.313791
v -0.043067 0.449628 -0.311753
v -0.043917 0.445798 -0.314135
v -0.044465 0.440290 -0.314513
v -0.043917 0.445798 -0.314135
v -0.044582 0.434426 -0.312803
v -0.052491 0.451175 -0.308217
v -0.054493 0.447534 -0.310166
v -0.055894 0.442165 -0.310224
v -0.054493 0.447534 -0.310166
v -0.056360 0.436359 -0.308383
v -0.060265 0.454012 -0.302280
v -0.063217 0.450717 -0.303503
v -0.065320 0.445605 -0.303025
v -0.063217 0.450717 -0.303503
v -0.066074 0.439904 -0.300964
v -0.065626 0.457861 -0.294524
v -0.069233 0.455037 -0.294799
v -0.071822 0.450273 -0.293619
v -0.069233 0.455037 -0.294799
v -0.072774 0.444715 -0.291271
v -0.068050 0.462346 -0.285708
v -0.071954 0.460071 -0.284905
v -0.074762 0.455712 -0.282928
v -0.071954 0.460071 -0.284905
v -0.075804 0.450320 -0.280253
v -0.067300 0.467028 -0.276695
v -0.071113 0.465325 -0.274790
v -0.073853 0.461390 -0.271997
v -0.071113 0.465325 -0.274790
v -0.074867 0.456171 -0.268989
v -0.063450 0.471448 -0.268367
v -0.066791 0.470286 -0.265444
v -0.069183 0.466750 -0.261898
v -0.066791 0.470286 -0.265444
v -0.070055 0.461695 -0.258581
v -0.027282 0.004919 -0.031004
v -0.022857 0.005522 -0.030094
v -0.018314 0.005475 -0.030447
v -0.014096 0.004783 -0.032030
v -0.010618 0.003514 -0.034687
v -0.008219 0.001791 -0.038158
v -0.007134 -0.000216 -0.042103
v -0.007469 -0.002311 -0.046136
v -0.009193 -0.004289 -0.049863
v -0.012134 -0.005956 -0.052918
v -0.016007 -0.007150 -0.055002
v -0.020432 -0.007753 -0.055913
v -0.024975 -0.007706 -0.055559
v -0.029193 -0.007014 -0.053976
v -0.032671 -0.005744 -0.051320
v -0.035070 -0.004022 -0.047849
v -0.036155 -0.002015 -0.043904
v -0.035819 0.000081 -0.039870
v -0.034096 0.002059 -0.036144
v -0.031154 0.003726 -0.033089
v -0.027282 0.004919 -0.031004
v -0.027012 0.002162 -0.030097
v -0.030752 0.001009 -0.032110
v -0.027012 0.002162 -0.030097
v -0.030752 0.001009 -0.032110
v -0.027012 0.002162 -0.030097
v -0.022739 0.002744 -0.029218
v -0.022739 0.002744 -0.029218
v -0.018352 0.002698 -0.029559
v -0.018352 0.002698 -0.029559
v -0.014279 0.002030 -0.031088
v -0.014279 0.002030 -0.031088
v -0.010920 0.000804 -0.033653
v -0.010920 0.000804 -0.033653
v -0.008603 -0.000859 -0.037005
v -0.008603 -0.000859 -0.037005
v -0.007555 -0.002798 -0.040815
v -0.007555 -0.002798 -0.040815
v -0.007879 -0.004821 -0.044710
v -0.007879 -0.004821 -0.044710
v -0.009543 -0.006731 -0.048309
v -0.009543 -0.006731 -0.048309
v -0.012384 -0.008341 -0.051259
v -0.012384 -0.008341 -0.051259
v -0.016124 -0.009494 -0.053272
v -0.016124 -0.009494 -0.053272
v -0.020397 -0.010076 -0.054151
v -0.020397 -0.010076 -0.054151
v -0.024785 -0.010030 -0.053810
v -0.024785 -0.010030 -0.053810
v -0.028857 -0.009362 -0.052281
v -0.028857 -0.009362 -0.052281
v -0.032217 -0.008136 -0.049716
v -0.032217 -0.008136 -0.049716
v -0.034533 -0.006473 -0.046364
v -0.034533 -0.006473 -0.046364
v -0.035581 -0.004534 -0.042554
v -0.035581 -0.004534 -0.042554
v -0.035257 -0.002511 -0.038659
v -0.035257 -0.002511 -0.038659
v -0.033593 -0.000601 -0.035060
v -0.033593 -0.000601 -0.035060
v -0.221181 0.326029 0.437049
v -0.228149 0.329138 0.427915
v -0.223921 0.322273 0.438808
v -0.231740 0.325763 0.428557
v -0.225306 0.312922 0.437670
v -0.225414 0.317525 0.439032
v -0.233863 0.321295 0.427955
v -0.234013 0.316808 0.426255
v -0.223921 0.322273 0.438808
v -0.231740 0.325763 0.428557
v -0.211697 0.324729 0.444120
v -0.213277 0.320815 0.446744
v -0.223921 0.322273 0.438808
v -0.225414 0.317525 0.439032
v -0.213912 0.315948 0.447607
v -0.213277 0.320815 0.446744
v -0.225306 0.312922 0.437670
v -0.213453 0.311297 0.446507
v -0.200624 0.325365 0.448436
v -0.200850 0.321529 0.451587
v -0.200483 0.316720 0.452841
v -0.200850 0.321529 0.451587
v -0.199614 0.312093 0.451901
v -0.189046 0.327876 0.449574
v -0.187856 0.324347 0.452865
v -0.186443 0.319765 0.454221
v -0.187856 0.324347 0.452865
v -0.185145 0.315231 0.453323
v -0.178097 0.332015 0.447423
v -0.175568 0.328992 0.450451
v -0.173164 0.324784 0.451612
v -0.175568 0.328992 0.450451
v -0.171461 0.320403 0.450635
v -0.168848 0.337377 0.442193
v -0.165188 0.335010 0.444581
v -0.161948 0.331287 0.445270
v -0.165188 0.335010 0.444581
v -0.159902 0.327105 0.444099
v -0.162204 0.343438 0.434397
v -0.157733 0.341811 0.435832
v -0.153892 0.338637 0.435816
v -0.157733 0.341811 0.435832
v -0.151600 0.334679 0.434355
v -0.158817 0.349604 0.424797
v -0.153932 0.348731 0.425058
v -0.149784 0.346114 0.424174
v -0.153932 0.348731 0.425058
v -0.147367 0.342385 0.422358
v -0.159018 0.355271 0.414333
v -0.154157 0.355091 0.413315
v -0.150027 0.352987 0.411484
v -0.154157 0.355091 0.413315
v -0.147617 0.349467 0.409281
v -0.162786 0.359885 0.404030
v -0.158386 0.360269 0.401752
v -0.154597 0.358582 0.398989
v -0.158386 0.360269 0.401752
v -0.152326 0.355234 0.396405
v -0.169754 0.362994 0.394896
v -0.166205 0.363758 0.391501
v -0.163047 0.362353 0.387912
v -0.166205 0.363758 0.391501
v -0.161034 0.359119 0.384989
v -0.179238 0.364294 0.387825
v -0.176849 0.365217 0.383565
v -0.174549 0.363929 0.379337
v -0.176849 0.365217 0.383565
v -0.172887 0.360744 0.376152
v -0.190311 0.363657 0.383509
v -0.189276 0.364503 0.378722
v -0.187977 0.363157 0.374103
v -0.189276 0.364503 0.378722
v -0.186726 0.359948 0.370758
v -0.201889 0.361147 0.382371
v -0.202270 0.361685 0.377445
v -0.202018 0.360113 0.372723
v -0.202270 0.361685 0.377445
v -0.201195 0.356811 0.369336
v -0.212838 0.357008 0.384522
v -0.214558 0.357040 0.379859
v -0.215296 0.355093 0.375332
v -0.214558 0.357040 0.379859
v -0.214879 0.351638 0.372024
v -0.222087 0.351645 0.389751
v -0.224937 0.351022 0.385728
v -0.226512 0.348590 0.381674
v -0.224937 0.351022 0.385728
v -0.226438 0.344936 0.378560
v -0.228731 0.345585 0.397548
v -0.232393 0.344221 0.394478
v -0.234569 0.341240 0.391129
v -0.232393 0.344221 0.394478
v -0.234740 0.337362 0.388304
v -0.232118 0.339419 0.407148
v -0.236194 0.337301 0.405251
v -0.238676 0.333763 0.402770
v -0.236194 0.337301 0.405251
v -0.238973 0.329656 0.400301
v -0.231917 0.333752 0.417611
v -0.235969 0.330941 0.416994
v -0.238433 0.326891 0.415460
v -0.235969 0.330941 0.416994
v -0.238723 0.322574 0.413378
v -0.122764 -0.012908 0.244917
v -0.115349 -0.013924 0.250445
v -0.106692 -0.013427 0.253820
v -0.097640 -0.011464 0.254709
v -0.089080 -0.008228 0.253028
v -0.081849 -0.004036 0.248939
v -0.076655 0.000703 0.242844
v -0.074007 0.005523 0.235339
v -0.074164 0.009954 0.227158
v -0.077110 0.013561 0.219103
v -0.082557 0.015992 0.211962
v -0.089972 0.017008 0.206434
v -0.098629 0.016510 0.203060
v -0.107681 0.014547 0.202170
v -0.116241 0.011311 0.203852
v -0.123472 0.007119 0.207940
v -0.128665 0.002381 0.214035
v -0.131314 -0.002439 0.221541
v -0.131157 -0.006870 0.229721
v -0.128211 -0.010477 0.237776
v -0.122764 -0.012908 0.244917
v -0.121565 -0.014292 0.243324
v -0.126826 -0.011944 0.236428
v -0.121565 -0.014292 0.243324
v -0.126826 -0.011944 0.236428
v -0.121565 -0.014292 0.243324
v -0.114405 -0.015273 0.248663
v -0.114405 -0.015273 0.248663
v -0.106045 -0.014793 0.251921
v -0.106045 -0.014793 0.251921
v -0.097304 -0.012897 0.252781
v -0.097304 -0.012897 0.252781
v -0.089037 -0.009772 0.251157
v -0.089037 -0.009772 0.251157
v -0.082054 -0.005724 0.247208
v -0.082054 -0.005724 0.247208
v -0.077039 -0.001148 0.241322
v -0.077039 -0.001148 0.241322
v -0.074482 0.003507 0.234074
v -0.074482 0.003507 0.234074
v -0.074633 0.007786 0.226174
v -0.074633 0.007786 0.226174
v -0.077478 0.011269 0.218396
v -0.077478 0.011269 0.218396
v -0.082738 0.013616 0.211500
v -0.082738 0.013616 0.211500
v -0.089899 0.014598 0.206161
v -0.089899 0.014598 0.206161
v -0.098259 0.014117 0.202903
v -0.098259 0.014117 0.202903
v -0.107000 0.012222 0.202043
v -0.107000 0.012222 0.202043
v -0.115267 0.009097 0.203667
v -0.115267 0.009097 0.203667
v -0.122249 0.005048 0.207616
v -0.122249 0.005048 0.207616
v -0.127265 0.000473 0.213502
v -0.127265 0.000473 0.213502
v -0.129822 -0.004182 0.220750
v -0.129822 -0.004182 0.220750
v -0.129671 -0.008461 0.228649
v -0.129671 -0.008461 0.228649
v 0.062875 0.341652 -0.140459
v 0.054227 0.339151 -0.151140
v 0.059014 0.342101 -0.136321
v 0.049309 0.339294 -0.148309
v 0.054141 0.337300 -0.130088
v 0.055850 0.340523 -0.132565
v 0.045363 0.337489 -0.145518
v 0.043333 0.334174 -0.143436
v 0.059014 0.342101 -0.136321
v 0.049309 0.339294 -0.148309
v 0.074427 0.342633 -0.132668
v 0.071979 0.343203 -0.127578
v 0.059014 0.342101 -0.136321
v 0.055850 0.340523 -0.132565
v 0.069860 0.341713 -0.123116
v 0.071979 0.343203 -0.127578
v 0.054141 0.337300 -0.130088
v 0.068578 0.338527 -0.120351
v 0.087754 0.341999 -0.128529
v 0.086934 0.342491 -0.122933
v 0.086021 0.340944 -0.118097
v 0.086934 0.342491 -0.122933
v 0.085233 0.337734 -0.115178
v 0.101550 0.339811 -0.128449
v 0.102417 0.340035 -0.122842
v 0.102752 0.338290 -0.117999
v 0.102417 0.340035 -0.122842
v 0.102474 0.334999 -0.115077
v 0.114465 0.336283 -0.132433
v 0.116911 0.336075 -0.127314
v 0.118414 0.334011 -0.122832
v 0.116911 0.336075 -0.127314
v 0.118615 0.330590 -0.120057
v 0.125235 0.331760 -0.140094
v 0.128998 0.331000 -0.135911
v 0.131475 0.328527 -0.132122
v 0.128998 0.331000 -0.135911
v 0.132075 0.324938 -0.129631
v 0.132805 0.326686 -0.150680
v 0.137494 0.325306 -0.147792
v 0.140655 0.322374 -0.144959
v 0.137494 0.325306 -0.147792
v 0.141536 0.318597 -0.142861
v 0.136436 0.321558 -0.163156
v 0.141568 0.319550 -0.161793
v 0.145058 0.316154 -0.160089
v 0.141568 0.319550 -0.161793
v 0.146073 0.312187 -0.158452
v 0.135770 0.316876 -0.176299
v 0.140821 0.314296 -0.176544
v 0.144251 0.310477 -0.176028
v 0.140821 0.314296 -0.176544
v 0.145241 0.306336 -0.174879
v 0.130874 0.313099 -0.188825
v 0.135326 0.310058 -0.190601
v 0.138313 0.305897 -0.191218
v 0.135326 0.310058 -0.190601
v 0.139122 0.301617 -0.190532
v 0.122226 0.310598 -0.199506
v 0.125622 0.307250 -0.202588
v 0.127826 0.302864 -0.204171
v 0.125622 0.307250 -0.202588
v 0.128315 0.298491 -0.203881
v 0.110674 0.309617 -0.207297
v 0.112657 0.306149 -0.211332
v 0.113816 0.301673 -0.213620
v 0.112657 0.306149 -0.211332
v 0.113877 0.297264 -0.213618
v 0.097347 0.310251 -0.211436
v 0.097701 0.306861 -0.215976
v 0.097655 0.302443 -0.218639
v 0.097701 0.306861 -0.215976
v 0.097222 0.298057 -0.218790
v 0.083551 0.312440 -0.211517
v 0.082218 0.309317 -0.216067
v 0.080925 0.305097 -0.218737
v 0.082218 0.309317 -0.216067
v 0.079981 0.300792 -0.218891
v 0.070636 0.315968 -0.207532
v 0.067724 0.313276 -0.211595
v 0.065263 0.309375 -0.213904
v 0.067724 0.313276 -0.211595
v 0.063840 0.305201 -0.213911
v 0.059866 0.320490 -0.199872
v 0.055637 0.318351 -0.202998
v 0.052202 0.314859 -0.204615
v 0.055637 0.318351 -0.202998
v 0.050381 0.310853 -0.204338
v 0.052296 0.325564 -0.189286
v 0.047141 0.324046 -0.191118
v 0.043021 0.321012 -0.191777
v 0.047141 0.324046 -0.191118
v 0.040919 0.317194 -0.191108
v 0.048666 0.330693 -0.176810
v 0.043067 0.329802 -0.177117
v 0.038619 0.327232 -0.176647
v 0.043067 0.329802 -0.177117
v 0.036383 0.323604 -0.175517
v 0.049331 0.335374 -0.163666
v 0.043814 0.335056 -0.162366
v 0.039426 0.332910 -0.160708
v 0.043814 0.335056 -0.162366
v 0.037214 0.329455 -0.159090
v 0.015911 0.005842 -0.025789
v 0.024942 0.006609 -0.019698
v 0.035361 0.006113 -0.016462
v 0.046147 0.004402 -0.016399
v 0.056244 0.001644 -0.019514
v 0.064664 -0.001892 -0.025503
v 0.070582 -0.005858 -0.033779
v 0.073420 -0.009868 -0.043533
v 0.072900 -0.013528 -0.053809
v 0.069072 -0.016481 -0.063601
v 0.062311 -0.018436 -0.071952
v 0.053280 -0.019204 -0.078043
v 0.042861 -0.018707 -0.081278
v 0.032076 -0.016997 -0.081342
v 0.021979 -0.014238 -0.078226
v 0.013559 -0.010703 -0.072237
v 0.007640 -0.006736 -0.063961
v 0.004802 -0.002726 -0.054208
v 0.005322 0.000934 -0.043932
v 0.009150 0.003886 -0.034139
v 0.015911 0.005842 -0.025789
v 0.016414 0.003604 -0.025917
v 0.009885 0.001715 -0.033981
v 0.016414 0.003604 -0.025917
v 0.009885 0.001715 -0.033981
v 0.016414 0.003604 -0.025917
v 0.025136 0.004345 -0.020035
v 0.025136 0.004345 -0.020035
v 0.035197 0.003866 -0.016910
v 0.035197 0.003866 -0.016910
v 0.045613 0.002213 -0.016849
v 0.045613 0.002213 -0.016849
v 0.055363 -0.000450 -0.019858
v 0.055363 -0.000450 -0.019858
v 0.063494 -0.003864 -0.025641
v 0.063494 -0.003864 -0.025641
v 0.069210 -0.007695 -0.033633
v 0.069210 -0.007695 -0.033633
v 0.071951 -0.011567 -0.043052
v 0.071951 -0.011567 -0.043052
v 0.071448 -0.015102 -0.052976
v 0.071448 -0.015102 -0.052976
v 0.067751 -0.017953 -0.062432
v 0.067751 -0.017953 -0.062432
v 0.061223 -0.019841 -0.070496
v 0.061223 -0.019841 -0.070496
v 0.052501 -0.020582 -0.076378
v 0.052501 -0.020582 -0.076378
v 0.042440 -0.020103 -0.079503
v 0.042440 -0.020103 -0.079503
v 0.032024 -0.018451 -0.079564
v 0.032024 -0.018451 -0.079564
v 0.022273 -0.015788 -0.076556
v 0.022273 -0.015788 -0.076556
v 0.014142 -0.012373 -0.070772
v 0.014142 -0.012373 -0.070772
v 0.008427 -0.008543 -0.062780
v 0.008427 -0.008543 -0.062780
v 0.005686 -0.004671 -0.053361
v 0.005686 -0.004671 -0.053361
v 0.006189 -0.001136 -0.043438
v 0.006189 -0.001136 -0.043438
v 0.230157 0.454433 -0.038060
v 0.219745 0.459099 -0.026486
v 0.234820 0.451642 -0.034135
v 0.223135 0.456879 -0.021146
v 0.237748 0.441280 -0.028777
v 0.237568 0.446875 -0.030773
v 0.224942 0.452534 -0.016737
v 0.224736 0.447111 -0.014313
v 0.234820 0.451642 -0.034135
v 0.223135 0.456879 -0.021146
v 0.236409 0.450360 -0.052498
v 0.241837 0.447071 -0.050338
v 0.234820 0.451642 -0.034135
v 0.237568 0.446875 -0.030773
v 0.245151 0.441936 -0.048281
v 0.241837 0.447071 -0.050338
v 0.237748 0.441280 -0.028777
v 0.245562 0.436189 -0.046821
v 0.237890 0.447279 -0.068386
v 0.243499 0.443613 -0.068169
v 0.246947 0.438199 -0.067550
v 0.243499 0.443613 -0.068169
v 0.247413 0.432338 -0.066677
v 0.234455 0.445491 -0.084170
v 0.239643 0.441607 -0.085883
v 0.242781 0.436031 -0.086691
v 0.239643 0.441607 -0.085883
v 0.243120 0.430104 -0.086403
v 0.226439 0.445172 -0.098305
v 0.230648 0.441248 -0.101746
v 0.233060 0.435644 -0.103832
v 0.230648 0.441248 -0.101746
v 0.233102 0.429705 -0.104068
v 0.214628 0.446352 -0.109406
v 0.217393 0.442574 -0.114204
v 0.218737 0.437076 -0.117295
v 0.217393 0.442574 -0.114204
v 0.218341 0.431181 -0.117942
v 0.200178 0.448917 -0.116388
v 0.201176 0.445452 -0.122039
v 0.201213 0.440186 -0.125761
v 0.201176 0.445452 -0.122039
v 0.200282 0.434386 -0.126667
v 0.184502 0.452615 -0.118566
v 0.183584 0.449602 -0.124484
v 0.182203 0.444671 -0.128403
v 0.183584 0.449602 -0.124484
v 0.180692 0.439008 -0.129389
v 0.169137 0.457084 -0.115728
v 0.166339 0.454618 -0.121299
v 0.163569 0.450091 -0.124961
v 0.166339 0.454618 -0.121299
v 0.161489 0.444593 -0.125842
v 0.155585 0.461887 -0.108151
v 0.151130 0.460008 -0.112796
v 0.147134 0.455915 -0.115772
v 0.151130 0.460008 -0.112796
v 0.144552 0.450596 -0.116373
v 0.145173 0.466554 -0.096577
v 0.139446 0.465245 -0.099807
v 0.134508 0.461574 -0.101737
v 0.139446 0.465245 -0.099807
v 0.131540 0.456427 -0.101909
v 0.138920 0.470627 -0.082140
v 0.132429 0.469816 -0.083604
v 0.126925 0.466514 -0.084228
v 0.132429 0.469816 -0.083604
v 0.123726 0.461518 -0.083865
v 0.137439 0.473708 -0.066251
v 0.130767 0.473274 -0.065773
v 0.125129 0.470251 -0.064960
v 0.130767 0.473274 -0.065773
v 0.121875 0.465369 -0.064009
v 0.140875 0.475496 -0.050467
v 0.134622 0.475280 -0.048059
v 0.129296 0.472419 -0.045819
v 0.134622 0.475280 -0.048059
v 0.126169 0.467603 -0.044283
v 0.148890 0.475815 -0.036333
v 0.143618 0.475639 -0.032196
v 0.139016 0.472806 -0.028678
v 0.143618 0.475639 -0.032196
v 0.136186 0.468002 -0.026618
v 0.160701 0.474634 -0.025231
v 0.156873 0.474314 -0.019737
v 0.153339 0.471374 -0.015215
v 0.156873 0.474314 -0.019737
v 0.150947 0.466526 -0.012744
v 0.175152 0.472070 -0.018250
v 0.173090 0.471435 -0.011902
v 0.170863 0.468263 -0.006748
v 0.173090 0.471435 -0.011902
v 0.169006 0.463321 -0.004019
v 0.190827 0.468372 -0.016071
v 0.190682 0.467285 -0.009458
v 0.189873 0.463779 -0.004107
v 0.190682 0.467285 -0.009458
v 0.188596 0.458699 -0.001297
v 0.206193 0.463902 -0.018910
v 0.207926 0.462269 -0.012643
v 0.208507 0.458359 -0.007549
v 0.207926 0.462269 -0.012643
v 0.207799 0.453114 -0.004844
v 0.084770 -0.012437 0.025500
v 0.087568 -0.014260 0.019039
v 0.088231 -0.015639 0.011929
v 0.086694 -0.016439 0.004866
v 0.083107 -0.016582 -0.001459
v 0.077821 -0.016054 -0.006427
v 0.071355 -0.014906 -0.009551
v 0.064340 -0.013251 -0.010526
v 0.057464 -0.011251 -0.009256
v 0.051400 -0.009102 -0.005865
v 0.046741 -0.007014 -0.000686
v 0.043943 -0.005191 0.005775
v 0.043280 -0.003812 0.012885
v 0.044817 -0.003012 0.019948
v 0.048404 -0.002869 0.026273
v 0.053689 -0.003397 0.031241
v 0.060156 -0.004545 0.034365
v 0.067171 -0.006200 0.035340
v 0.074047 -0.008200 0.034070
v 0.080111 -0.010349 0.030679
v 0.084770 -0.012437 0.025500
v 0.083449 -0.014921 0.025488
v 0.078950 -0.012904 0.030490
v 0.083449 -0.014921 0.025488
v 0.078950 -0.012904 0.030490
v 0.083449 -0.014921 0.025488
v 0.086151 -0.016681 0.019249
v 0.086151 -0.016681 0.019249
v 0.086791 -0.018013 0.012383
v 0.086791 -0.018013 0.012383
v 0.085307 -0.018785 0.005562
v 0.085307 -0.018785 0.005562
v 0.081843 -0.018923 -0.000546
v 0.081843 -0.018923 -0.000546
v 0.076739 -0.018413 -0.005344
v 0.076739 -0.018413 -0.005344
v 0.070494 -0.017305 -0.008361
v 0.070494 -0.017305 -0.008361
v 0.063720 -0.015706 -0.009302
v 0.063720 -0.015706 -0.009302
v 0.057080 -0.013775 -0.008075
v 0.057080 -0.013775 -0.008075
v 0.051224 -0.011700 -0.004801
v 0.051224 -0.011700 -0.004801
v 0.046724 -0.009683 0.000200
v 0.046724 -0.009683 0.000200
v 0.044022 -0.007923 0.006440
v 0.044022 -0.007923 0.006440
v 0.043382 -0.006591 0.013306
v 0.043382 -0.006591 0.013306
v 0.044867 -0.005819 0.020127
v 0.044867 -0.005819 0.020127
v 0.048331 -0.005681 0.026235
v 0.048331 -0.005681 0.026235
v 0.053435 -0.006191 0.031032
v 0.053435 -0.006191 0.031032
v 0.059679 -0.007299 0.034049
v 0.059679 -0.007299 0.034049
v 0.066453 -0.008897 0.034991
v 0.066453 -0.008897 0.034991
v 0.073094 -0.010829 0.033764
v 0.073094 -0.010829 0.033764
vn 0.4902 0.7806 -0.3877
vn 0.3156 0.8131 -0.4891
vn 0.0959 0.9839 0.1505
vn 0.1171 0.8390 -0.5314
vn -0.0857 0.8555 -0.5106
vn -0.2730 0.8612 -0.4287
vn -0.4265 0.8555 -0.2936
vn -0.5311 0.8390 -0.1187
vn -0.5767 0.8131 0.0791
vn -0.5587 0.7806 0.2802
vn -0.4789 0.7446 0.4650
vn -0.3451 0.7085 0.6155
vn -0.1705 0.6760 0.7169
vn 0.0279 0.6502 0.7593
vn 0.2307 0.6336 0.7384
vn 0.4180 0.6279 0.6565
vn 0.5715 0.6336 0.5214
vn 0.6762 0.6502 0.3465
vn 0.7217 0.6760 0.1488
vn 0.7037 0.7085 -0.0524
vn 0.6240 0.7446 -0.2372
vn -0.1189 -0.9886 -0.0926
vn -0.1356 -0.9855 -0.1023
vn -0.0959 -0.9839 -0.1505
vn -0.0999 -0.9911 -0.0885
vn -0.0805 -0.9926 -0.0905
vn -0.0626 -0.9932 -0.0984
vn -0.0479 -0.9926 -0.1113
vn -0.0379 -0.9910 -0.1280
vn -0.0336 -0.9886 -0.1469
vn -0.0353 -0.9855 -0.1662
vn -0.0429 -0.9820 -0.1838
vn -0.0557 -0.9786 -0.1982
vn -0.0724 -0.9755 -0.2079
vn -0.0914 -0.9730 -0.2120
vn -0.1108 -0.9714 -0.2100
vn -0.1287 -0.9709 -0.2021
vn -0.1434 -0.9714 -0.1892
vn -0.1534 -0.9730 -0.1725
vn -0.1578 -0.9755 -0.1536
vn -0.1560 -0.9786 -0.1343
vn -0.1484 -0.9820 -0.1166
vn 0.3468 0.5557 -0.7556
vn 0.1555 0.4585 -0.8750
vn -0.2897 0.9151 -0.2803
vn -0.0686 0.3720 -0.9257
vn -0.3036 0.3047 -0.9028
vn -0.5264 0.2630 -0.8085
vn -0.7153 0.2511 -0.6521
vn -0.8518 0.2701 -0.4489
vn -0.9224 0.3183 -0.2187
vn -0.9204 0.3908 0.0158
vn -0.8458 0.4805 0.2318
vn -0.7060 0.5788 0.4081
vn -0.5147 0.6759 0.5275
vn -0.2906 0.7624 0.5782
vn -0.0556 0.8298 0.5553
vn 0.1673 0.8715 0.4610
vn 0.3561 0.8834 0.3046
vn 0.4926 0.8643 0.1014
vn 0.5632 0.8162 -0.1288
vn 0.5612 0.7437 -0.3633
vn 0.4866 0.6539 -0.5793
vn 0.2319 -0.8894 0.3939
vn 0.2016 -0.9049 0.3750
vn 0.2897 -0.9151 0.2803
vn 0.2689 -0.8751 0.4024
vn 0.3078 -0.8638 0.3987
vn 0.3448 -0.8569 0.3832
vn 0.3762 -0.8549 0.3573
vn 0.3988 -0.8581 0.3236
vn 0.4104 -0.8661 0.2854
vn 0.4099 -0.8782 0.2466
vn 0.3974 -0.8931 0.2109
vn 0.3742 -0.9093 0.1819
vn 0.3425 -0.9254 0.1624
vn 0.3056 -0.9396 0.1543
vn 0.2669 -0.9506 0.1582
vn 0.2304 -0.9575 0.1738
vn 0.1994 -0.9594 0.1995
vn 0.1769 -0.9563 0.2328
vn 0.1652 -0.9484 0.2706
vn 0.1655 -0.9365 0.3092
vn 0.1776 -0.9217 0.3448
vn 0.1009 0.7287 -0.6774
vn -0.0454 0.6335 -0.7724
vn -0.4048 0.8779 -0.2558
vn -0.2180 0.5426 -0.8112
vn -0.3998 0.4650 -0.7899
vn -0.5730 0.4082 -0.7107
vn -0.7208 0.3778 -0.5812
vn -0.8286 0.3767 -0.4141
vn -0.8859 0.4052 -0.2259
vn -0.8871 0.4603 -0.0348
vn -0.8320 0.5367 0.1403
vn -0.7261 0.6269 0.2823
vn -0.5797 0.7222 0.3774
vn -0.4072 0.8130 0.4161
vn -0.2254 0.8907 0.3949
vn -0.0521 0.9475 0.3156
vn 0.0956 0.9779 0.1861
vn 0.2034 0.9789 0.0190
vn 0.2607 0.9505 -0.1692
vn 0.2619 0.8953 -0.3602
vn 0.2068 0.8189 -0.5353
vn 0.3791 -0.8721 0.3093
vn 0.3653 -0.8811 0.3004
vn 0.4048 -0.8779 0.2558
vn 0.3952 -0.8636 0.3130
vn 0.4123 -0.8563 0.3110
vn 0.4286 -0.8510 0.3035
vn 0.4424 -0.8481 0.2914
vn 0.4525 -0.8481 0.2757
vn 0.4579 -0.8507 0.2580
vn 0.4580 -0.8559 0.2401
vn 0.4529 -0.8631 0.2237
vn 0.4429 -0.8715 0.2104
vn 0.4292 -0.8805 0.2014
vn 0.4130 -0.8890 0.1978
vn 0.3959 -0.8963 0.1998
vn 0.3797 -0.9016 0.2072
vn 0.3658 -0.9045 0.2194
vn 0.3557 -0.9046 0.2351
vn 0.3503 -0.9019 0.2527
vn 0.3502 -0.8967 0.2706
vn 0.3554 -0.8895 0.2871
vn 0.1852 0.8727 0.4517
vn 0.2744 0.9217 0.2743
vn -0.3888 0.9195 0.0582
vn 0.3079 0.9485 0.0743
vn 0.2825 0.9506 -0.1286
vn 0.2006 0.9278 -0.3146
vn 0.0703 0.8822 -0.4656
vn -0.0957 0.8184 -0.5666
vn -0.2811 0.7426 -0.6079
vn -0.4678 0.6622 -0.5853
vn -0.6376 0.5851 -0.5012
vn -0.7737 0.5188 -0.3636
vn -0.8629 0.4699 -0.1862
vn -0.8964 0.4430 0.0138
vn -0.8710 0.4409 0.2167
vn -0.7891 0.4638 0.4028
vn -0.6588 0.5093 0.5537
vn -0.4928 0.5731 0.6547
vn -0.3074 0.6489 0.6960
vn -0.1207 0.7293 0.6734
vn 0.0491 0.8064 0.5893
vn 0.3337 -0.9393 -0.0801
vn 0.3422 -0.9346 -0.0971
vn 0.3888 -0.9195 -0.0582
vn 0.3305 -0.9418 -0.0610
vn 0.3329 -0.9420 -0.0416
vn 0.3408 -0.9398 -0.0238
vn 0.3532 -0.9355 -0.0094
vn 0.3691 -0.9294 0.0003
vn 0.3868 -0.9221 0.0042
vn 0.4047 -0.9144 0.0021
vn 0.4209 -0.9071 -0.0060
vn 0.4339 -0.9007 -0.0191
vn 0.4425 -0.8961 -0.0361
vn 0.4457 -0.8935 -0.0552
vn 0.4432 -0.8933 -0.0746
vn 0.4354 -0.8955 -0.0924
vn 0.4229 -0.8998 -0.1069
vn 0.4071 -0.9059 -0.1165
vn 0.3893 -0.9132 -0.1205
vn 0.3715 -0.9209 -0.1183
vn 0.3552 -0.9283 -0.1102
vn 0.8041 0.4335 -0.4069
vn 0.6410 0.5360 -0.5494
vn 0.4070 0.8958 0.1785
vn 0.4407 0.6424 -0.6270
vn 0.2230 0.7423 -0.6319
vn 0.0090 0.8259 -0.5637
vn -0.1802 0.8851 -0.4291
vn -0.3262 0.9140 -0.2413
vn -0.4146 0.9098 -0.0186
vn -0.4369 0.8729 0.2171
vn -0.3907 0.8070 0.4429
vn -0.2807 0.7184 0.6364
vn -0.1176 0.6159 0.7790
vn 0.0826 0.5095 0.8565
vn 0.3004 0.4096 0.8614
vn 0.5143 0.3260 0.7932
vn 0.7036 0.2668 0.6586
vn 0.8496 0.2379 0.4708
vn 0.9380 0.2421 0.2481
vn 0.9602 0.2790 0.0124
vn 0.9141 0.3449 -0.2133
vn -0.4478 -0.8881 -0.1037
vn -0.4660 -0.8766 -0.1196
vn -0.4070 -0.8958 -0.1785
vn -0.4255 -0.8999 -0.0951
vn -0.4012 -0.9111 -0.0946
vn -0.3773 -0.9204 -0.1022
vn -0.3562 -0.9270 -0.1172
vn -0.3399 -0.9303 -0.1381
vn -0.3301 -0.9298 -0.1630
vn -0.3276 -0.9257 -0.1893
vn -0.3327 -0.9183 -0.2145
vn -0.3450 -0.9084 -0.2361
vn -0.3632 -0.8970 -0.2520
vn -0.3856 -0.8851 -0.2606
vn -0.4098 -0.8740 -0.2612
vn -0.4337 -0.8646 -0.2536
vn -0.4548 -0.8580 -0.2385
vn -0.4711 -0.8548 -0.2176
vn -0.4810 -0.8553 -0.1927
vn -0.4835 -0.8594 -0.1664
vn -0.4783 -0.8668 -0.1412
vn 0.2052 0.9554 0.2123
vn 0.0926 0.9832 0.1572
vn -0.0493 0.8475 0.5285
vn -0.0335 0.9904 0.1339
vn -0.1608 0.9763 0.1446
vn -0.2767 0.9423 0.1883
vn -0.3699 0.8917 0.2608
vn -0.4313 0.8295 0.3549
vn -0.4549 0.7617 0.4614
vn -0.4384 0.6949 0.5700
vn -0.3834 0.6359 0.6699
vn -0.2952 0.5902 0.7514
vn -0.1825 0.5623 0.8065
vn -0.0564 0.5551 0.8298
vn 0.0708 0.5692 0.8191
vn 0.1867 0.6032 0.7754
vn 0.2800 0.6539 0.7029
vn 0.3414 0.7161 0.6088
vn 0.3650 0.7839 0.5023
vn 0.3484 0.8506 0.3937
vn 0.2934 0.9097 0.2938
vn 0.0383 -0.8639 -0.5021
vn 0.0292 -0.8617 -0.5066
vn 0.0493 -0.8475 -0.5285
vn 0.0484 -0.8645 -0.5003
vn 0.0586 -0.8634 -0.5011
vn 0.0679 -0.8607 -0.5046
vn 0.0754 -0.8566 -0.5104
vn 0.0803 -0.8516 -0.5180
vn 0.0822 -0.8462 -0.5265
vn 0.0809 -0.8408 -0.5352
vn 0.0764 -0.8361 -0.5432
vn 0.0694 -0.8324 -0.5498
vn 0.0603 -0.8302 -0.5542
vn 0.0502 -0.8296 -0.5561
vn 0.0400 -0.8307 -0.5552
vn 0.0307 -0.8335 -0.5517
vn 0.0233 -0.8375 -0.5459
vn 0.0183 -0.8425 -0.5384
vn 0.0164 -0.8480 -0.5298
vn 0.0178 -0.8533 -0.5211
vn 0.0222 -0.8580 -0.5131
vn 0.7764 0.6268 -0.0656
vn 0.6540 0.7266 -0.2107
vn 0.2575 0.8837 0.3908
vn 0.4859 0.8183 -0.3072
vn 0.2886 0.8928 -0.3459
vn 0.0813 0.9430 -0.3228
vn -0.1155 0.9638 -0.2402
vn -0.2826 0.9533 -0.1063
vn -0.4038 0.9125 0.0658
vn -0.4671 0.8453 0.2594
vn -0.4663 0.7584 0.4554
vn -0.4015 0.6602 0.6348
vn -0.2790 0.5604 0.7798
vn -0.1109 0.4688 0.8763
vn 0.0864 0.3942 0.9150
vn 0.2936 0.3440 0.8919
vn 0.4904 0.3232 0.8093
vn 0.6576 0.3337 0.6754
vn 0.7787 0.3745 0.5033
vn 0.8420 0.4417 0.3097
vn 0.8412 0.5286 0.1136
vn -0.3032 -0.8899 -0.3407
vn -0.3153 -0.8800 -0.3551
vn -0.2575 -0.8837 -0.3908
vn -0.2865 -0.8990 -0.3312
vn -0.2669 -0.9064 -0.3273
vn -0.2463 -0.9114 -0.3296
vn -0.2268 -0.9135 -0.3378
vn -0.2102 -0.9124 -0.3511
vn -0.1982 -0.9084 -0.3682
vn -0.1919 -0.9017 -0.3874
vn -0.1920 -0.8931 -0.4068
vn -0.1984 -0.8834 -0.4246
vn -0.2106 -0.8735 -0.4390
vn -0.2273 -0.8644 -0.4486
vn -0.2468 -0.8570 -0.4524
vn -0.2674 -0.8520 -0.4501
vn -0.2869 -0.8499 -0.4419
vn -0.3035 -0.8510 -0.4287
vn -0.3155 -0.8550 -0.4116
vn -0.3218 -0.8617 -0.3924
vn -0.3217 -0.8703 -0.3729
vn 0.4449 0.6843 -0.5778
vn 0.2507 0.6768 -0.6921
vn -0.0199 0.9993 -0.0313
vn 0.0306 0.6709 -0.7409
vn -0.1939 0.6671 -0.7193
vn -0.4008 0.6658 -0.6294
vn -0.5697 0.6671 -0.4800
vn -0.6843 0.6709 -0.2857
vn -0.7332 0.6768 -0.0656
vn -0.7117 0.6843 0.1588
vn -0.6219 0.6926 0.3655
vn -0.4726 0.7008 0.5343
vn -0.2783 0.7083 0.6487
vn -0.0582 0.7142 0.6975
vn 0.1663 0.7180 0.6759
vn 0.3731 0.7193 0.5860
vn 0.5421 0.7180 0.4366
vn 0.6567 0.7142 0.2423
vn 0.7056 0.7083 0.0222
vn 0.6841 0.7008 -0.2022
vn 0.5943 0.6926 -0.4089
vn -0.0202 -0.9910 0.1324
vn -0.0495 -0.9921 0.1152
vn 0.0199 -0.9993 0.0313
vn 0.0131 -0.9901 0.1398
vn 0.0470 -0.9895 0.1365
vn 0.0783 -0.9893 0.1230
vn 0.1038 -0.9895 0.1004
vn 0.1211 -0.9901 0.0710
vn 0.1285 -0.9910 0.0378
vn 0.1253 -0.9921 0.0039
vn 0.1117 -0.9934 -0.0274
vn 0.0892 -0.9946 -0.0529
vn 0.0598 -0.9957 -0.0702
vn 0.0265 -0.9966 -0.0776
vn -0.0074 -0.9972 -0.0743
vn -0.0387 -0.9974 -0.0607
vn -0.0642 -0.9972 -0.0381
vn -0.0815 -0.9966 -0.0088
vn -0.0889 -0.9957 0.0245
vn -0.0856 -0.9946 0.0584
vn -0.0721 -0.9934 0.0896
vn 0.5429 0.7579 -0.3616
vn 0.3617 0.8081 -0.4649
vn 0.1410 0.9649 0.2215
vn 0.1551 0.8480 -0.5069
vn -0.0566 0.8735 -0.4834
vn -0.2528 0.8824 -0.3969
vn -0.4141 0.8735 -0.2558
vn -0.5249 0.8480 -0.0739
vn -0.5742 0.8081 0.1311
vn -0.5573 0.7579 0.3390
vn -0.4758 0.7023 0.5295
vn -0.3377 0.6467 0.6840
vn -0.1564 0.5965 0.7872
vn 0.0502 0.5566 0.8292
vn 0.2619 0.5311 0.8058
vn 0.4581 0.5222 0.7193
vn 0.6194 0.5311 0.5782
vn 0.7302 0.5566 0.3962
vn 0.7795 0.5965 0.1913
vn 0.7626 0.6467 -0.0166
vn 0.6811 0.7023 -0.2071
vn -0.1842 -0.9763 -0.1132
vn -0.2164 -0.9674 -0.1316
vn -0.1410 -0.9649 -0.2215
vn -0.1490 -0.9831 -0.1062
vn -0.1130 -0.9875 -0.1103
vn -0.0796 -0.9890 -0.1250
vn -0.0521 -0.9875 -0.1490
vn -0.0332 -0.9831 -0.1799
vn -0.0247 -0.9763 -0.2148
vn -0.0274 -0.9678 -0.2503
vn -0.0411 -0.9583 -0.2829
vn -0.0646 -0.9487 -0.3095
vn -0.0956 -0.9401 -0.3274
vn -0.1310 -0.9332 -0.3347
vn -0.1674 -0.9287 -0.3308
vn -0.2012 -0.9272 -0.3159
vn -0.2289 -0.9287 -0.2916
vn -0.2478 -0.9332 -0.2603
vn -0.2562 -0.9400 -0.2251
vn -0.2531 -0.9487 -0.1895
vn -0.2390 -0.9583 -0.1569
vn 0.3603 0.7969 -0.4849
vn 0.1629 0.7779 -0.6069
vn -0.1635 0.9802 0.1119
vn -0.0611 0.7468 -0.6622
vn -0.2899 0.7067 -0.6454
vn -0.5009 0.6616 -0.5580
vn -0.6737 0.6157 -0.4087
vn -0.7911 0.5737 -0.2121
vn -0.8418 0.5396 0.0125
vn -0.8208 0.5167 0.2433
vn -0.7302 0.5074 0.4576
vn -0.5787 0.5125 0.6344
vn -0.3813 0.5315 0.7564
vn -0.1573 0.5625 0.8117
vn 0.0715 0.6026 0.7948
vn 0.2826 0.6478 0.7075
vn 0.4553 0.6936 0.5582
vn 0.5727 0.7357 0.3616
vn 0.6235 0.7698 0.1369
vn 0.6025 0.7926 -0.0939
vn 0.5118 0.8019 -0.3081
vn 0.1337 -0.9903 -0.0381
vn 0.1124 -0.9923 -0.0513
vn 0.1635 -0.9802 -0.1119
vn 0.1578 -0.9869 -0.0322
vn 0.1824 -0.9826 -0.0340
vn 0.2052 -0.9778 -0.0434
vn 0.2237 -0.9728 -0.0595
vn 0.2364 -0.9683 -0.0807
vn 0.2418 -0.9646 -0.1048
vn 0.2396 -0.9622 -0.1297
vn 0.2298 -0.9612 -0.1528
vn 0.2135 -0.9617 -0.1718
vn 0.1922 -0.9638 -0.1849
vn 0.1681 -0.9671 -0.1909
vn 0.1435 -0.9714 -0.1890
vn 0.1208 -0.9763 -0.1796
vn 0.1022 -0.9812 -0.1636
vn 0.0895 -0.9858 -0.1424
vn 0.0841 -0.9894 -0.1182
vn 0.0864 -0.9919 -0.0933
vn 0.0961 -0.9929 -0.0703
vn 0.4451 0.6608 -0.6044
vn 0.2336 0.6343 -0.7370
vn -0.1266 0.9919 0.0040
vn -0.0082 0.6037 -0.7972
vn -0.2567 0.5719 -0.7792
vn -0.4873 0.5420 -0.6846
vn -0.6777 0.5170 -0.5228
vn -0.8091 0.4994 -0.3096
vn -0.8688 0.4908 -0.0659
vn -0.8507 0.4921 0.1845
vn -0.7568 0.5032 0.4171
vn -0.5963 0.5229 0.6092
vn -0.3847 0.5494 0.7418
vn -0.1429 0.5800 0.8020
vn 0.1055 0.6118 0.7839
vn 0.3362 0.6416 0.6894
vn 0.5266 0.6666 0.5276
vn 0.6580 0.6842 0.3144
vn 0.7176 0.6928 0.0707
vn 0.6996 0.6915 -0.1798
vn 0.6057 0.6805 -0.4124
vn 0.0890 -0.9924 0.0846
vn 0.0637 -0.9956 0.0687
vn 0.1266 -0.9919 -0.0040
vn 0.1180 -0.9888 0.0918
vn 0.1478 -0.9850 0.0896
vn 0.1754 -0.9814 0.0783
vn 0.1982 -0.9784 0.0589
vn 0.2139 -0.9763 0.0334
vn 0.2211 -0.9753 0.0042
vn 0.2189 -0.9754 -0.0258
vn 0.2076 -0.9767 -0.0537
vn 0.1884 -0.9791 -0.0767
vn 0.1631 -0.9823 -0.0926
vn 0.1341 -0.9859 -0.0998
vn 0.1043 -0.9897 -0.0976
vn 0.0767 -0.9933 -0.0863
vn 0.0539 -0.9963 -0.0669
vn 0.0382 -0.9984 -0.0413
vn 0.0311 -0.9994 -0.0121
vn 0.0332 -0.9993 0.0178
vn 0.0445 -0.9980 0.0457
vn 0.7614 0.2615 -0.5932
vn 0.6137 0.3114 -0.7255
vn 0.5098 0.8201 -0.2598
vn 0.4437 0.3915 -0.8061
vn 0.2680 0.4941 -0.8271
vn 0.1038 0.6091 -0.7863
vn -0.0328 0.7252 -0.6878
vn -0.1284 0.8311 -0.5412
vn -0.1736 0.9163 -0.3608
vn -0.1641 0.9726 -0.1644
vn -0.1008 0.9945 0.0288
vn 0.0101 0.9797 0.2000
vn 0.1579 0.9298 0.3324
vn 0.3279 0.8497 0.4130
vn 0.5036 0.7471 0.4339
vn 0.6678 0.6321 0.3931
vn 0.8043 0.5160 0.2946
vn 0.8999 0.4102 0.1480
vn 0.9452 0.3249 -0.0323
vn 0.9357 0.2686 -0.2287
vn 0.8724 0.2467 -0.4220
vn -0.5306 -0.7890 0.3099
vn -0.5447 -0.7842 0.2972
vn -0.5098 -0.8201 0.2598
vn -0.5143 -0.7966 0.3176
vn -0.4975 -0.8064 0.3196
vn -0.4818 -0.8174 0.3157
vn -0.4688 -0.8285 0.3062
vn -0.4596 -0.8387 0.2922
vn -0.4553 -0.8468 0.2750
vn -0.4562 -0.8522 0.2562
vn -0.4623 -0.8543 0.2377
vn -0.4729 -0.8529 0.2213
vn -0.4870 -0.8481 0.2087
vn -0.5033 -0.8404 0.2010
vn -0.5201 -0.8306 0.1990
vn -0.5358 -0.8196 0.2029
vn -0.5489 -0.8085 0.2123
vn -0.5580 -0.7984 0.2263
vn -0.5623 -0.7902 0.2436
vn -0.5614 -0.7849 0.2624
vn -0.5553 -0.7828 0.2808
vn 0.3181 0.1020 -0.9425
vn 0.0577 0.0666 -0.9961
vn -0.0265 0.8880 -0.4591
vn -0.2097 0.0693 -0.9753
vn -0.4579 0.1101 -0.8822
vn -0.6626 0.1848 -0.7258
vn -0.8038 0.2861 -0.5215
vn -0.8677 0.4043 -0.2893
vn -0.8479 0.5276 -0.0520
vn -0.7465 0.6440 0.1674
vn -0.5734 0.7421 0.3472
vn -0.3454 0.8124 0.4699
vn -0.0850 0.8478 0.5234
vn 0.1824 0.8451 0.5026
vn 0.4306 0.8043 0.4095
vn 0.6353 0.7296 0.2531
vn 0.7765 0.6282 0.0488
vn 0.8403 0.5101 -0.1833
vn 0.8206 0.3868 -0.4207
vn 0.7192 0.2704 -0.6400
vn 0.5460 0.1723 -0.8199
vn 0.0094 -0.7791 0.6268
vn -0.0533 -0.7876 0.6138
vn 0.0265 -0.8880 0.4591
vn 0.0716 -0.7799 0.6218
vn 0.1293 -0.7895 0.6000
vn 0.1768 -0.8069 0.5636
vn 0.2097 -0.8304 0.5161
vn 0.2247 -0.8579 0.4622
vn 0.2203 -0.8865 0.4069
vn 0.1969 -0.9136 0.3556
vn 0.1567 -0.9366 0.3134
vn 0.1036 -0.9531 0.2844
vn 0.0427 -0.9615 0.2716
vn -0.0200 -0.9609 0.2763
vn -0.0783 -0.9513 0.2980
vn -0.1264 -0.9338 0.3347
vn -0.1596 -0.9100 0.3827
vn -0.1744 -0.8823 0.4373
vn -0.1695 -0.8534 0.4929
vn -0.1455 -0.8262 0.5442
vn -0.1047 -0.8034 0.5861
vn 0.3413 0.9355 -0.0919
vn 0.1577 0.9606 -0.2288
vn -0.2310 0.8537 0.4668
vn -0.0566 0.9483 -0.3123
vn -0.2806 0.8997 -0.3343
vn -0.4925 0.8196 -0.2927
vn -0.6715 0.7158 -0.1915
vn -0.8000 0.5986 -0.0406
vn -0.8656 0.4793 0.1452
vn -0.8617 0.3696 0.3477
vn -0.7888 0.2803 0.5470
vn -0.6540 0.2201 0.7238
vn -0.4704 0.1950 0.8606
vn -0.2561 0.2073 0.9442
vn -0.0321 0.2559 0.9662
vn 0.1798 0.3360 0.9246
vn 0.3588 0.4397 0.8233
vn 0.4873 0.5570 0.6725
vn 0.5529 0.6763 0.4867
vn 0.5490 0.7860 0.2842
vn 0.4761 0.8753 0.0848
vn 0.1969 -0.8918 -0.4074
vn 0.1774 -0.8891 -0.4220
vn 0.2310 -0.8537 -0.4668
vn 0.2197 -0.8904 -0.3985
vn 0.2435 -0.8853 -0.3962
vn 0.2661 -0.8768 -0.4006
vn 0.2851 -0.8657 -0.4114
vn 0.2987 -0.8533 -0.4275
vn 0.3057 -0.8406 -0.4472
vn 0.3053 -0.8289 -0.4687
vn 0.2975 -0.8194 -0.4899
vn 0.2832 -0.8130 -0.5087
vn 0.2637 -0.8103 -0.5233
vn 0.2409 -0.8117 -0.5321
vn 0.2171 -0.8168 -0.5345
vn 0.1946 -0.8254 -0.5300
vn 0.1755 -0.8364 -0.5193
vn 0.1618 -0.8489 -0.5032
vn 0.1549 -0.8615 -0.4835
vn 0.1553 -0.8732 -0.4620
vn 0.1631 -0.8827 -0.4408
vn 0.5377 0.4963 -0.6816
vn 0.3733 0.4824 -0.7925
vn 0.1494 0.9290 -0.3385
vn 0.1836 0.4914 -0.8514
vn -0.0128 0.5225 -0.8525
vn -0.1966 0.5728 -0.7958
vn -0.3499 0.6371 -0.6868
vn -0.4576 0.7093 -0.5361
vn -0.5093 0.7823 -0.3585
vn -0.4998 0.8490 -0.1714
vn -0.4302 0.9027 0.0068
vn -0.3071 0.9383 0.1589
vn -0.1426 0.9523 0.2698
vn 0.0470 0.9433 0.3287
vn 0.2434 0.9121 0.3298
vn 0.4272 0.8619 0.2731
vn 0.5805 0.7975 0.1641
vn 0.6883 0.7253 0.0134
vn 0.7399 0.6523 -0.1642
vn 0.7305 0.5857 -0.3513
vn 0.6608 0.5319 -0.5295
vn -0.1733 -0.9053 0.3877
vn -0.1887 -0.9067 0.3773
vn -0.1494 -0.9290 0.3385
vn -0.1555 -0.9062 0.3932
vn -0.1371 -0.9091 0.3934
vn -0.1198 -0.9138 0.3880
vn -0.1054 -0.9199 0.3778
vn -0.0953 -0.9266 0.3637
vn -0.0905 -0.9335 0.3470
vn -0.0914 -0.9397 0.3294
vn -0.0979 -0.9448 0.3127
vn -0.1094 -0.9481 0.2985
vn -0.1249 -0.9494 0.2880
vn -0.1427 -0.9486 0.2825
vn -0.1611 -0.9457 0.2824
vn -0.1784 -0.9410 0.2877
vn -0.1927 -0.9349 0.2980
vn -0.2028 -0.9281 0.3121
vn -0.2077 -0.9213 0.3288
vn -0.2068 -0.9150 0.3463
vn -0.2003 -0.9100 0.3630
vn -0.3935 0.7654 -0.5093
vn -0.4775 0.8201 -0.3152
vn 0.2479 0.9551 -0.1621
vn -0.4974 0.8615 -0.1017
vn -0.4513 0.8855 0.1104
vn -0.3436 0.8898 0.3003
vn -0.1848 0.8740 0.4495
vn 0.0093 0.8395 0.5433
vn 0.2200 0.7898 0.5726
vn 0.4265 0.7297 0.5344
vn 0.6086 0.6652 0.4326
vn 0.7485 0.6025 0.2771
vn 0.8325 0.5478 0.0831
vn 0.8524 0.5064 -0.1304
vn 0.8062 0.4823 -0.3425
vn 0.6985 0.4780 -0.5325
vn 0.5398 0.4939 -0.6817
vn 0.3456 0.5284 -0.7755
vn 0.1350 0.5781 -0.8047
vn -0.0715 0.6381 -0.7666
vn -0.2536 0.7027 -0.6648
vn -0.1327 -0.9717 0.1954
vn -0.1479 -0.9618 0.2303
vn -0.2479 -0.9551 0.1621
vn -0.1294 -0.9788 0.1584
vn -0.1375 -0.9830 0.1218
vn -0.1561 -0.9837 0.0890
vn -0.1835 -0.9810 0.0633
vn -0.2170 -0.9750 0.0470
vn -0.2534 -0.9665 0.0418
vn -0.2892 -0.9561 0.0482
vn -0.3209 -0.9448 0.0657
vn -0.3453 -0.9339 0.0926
vn -0.3601 -0.9243 0.1263
vn -0.3637 -0.9171 0.1634
vn -0.3557 -0.9129 0.2004
vn -0.3369 -0.9121 0.2336
vn -0.3092 -0.9149 0.2596
vn -0.2753 -0.9209 0.2759
vn -0.2386 -0.9296 0.2808
vn -0.2027 -0.9401 0.2740
vn -0.1712 -0.9514 0.2561
vn 0.0096 0.9678 0.2517
vn -0.0177 0.9751 0.2209
vn -0.2298 0.8304 0.5075
vn -0.3301 0.8575 0.3946
vn -0.6430 -0.1052 0.7586
vn -0.4655 0.5247 0.7128
vn -0.6323 0.5696 0.5251
vn -0.8473 -0.0501 0.5288
vn -0.3302 0.8575 0.3946
vn 0.0453 0.9611 0.2724
vn -0.0988 0.8061 0.5835
vn -0.4654 0.5247 0.7128
vn -0.2476 0.4841 0.8392
vn -0.0988 0.8060 0.5836
vn -0.6429 -0.1052 0.7587
vn -0.3762 -0.1549 0.9135
vn 0.0859 0.9558 0.2811
vn 0.0501 0.7867 0.6153
vn -0.0001 0.4519 0.8921
vn 0.0501 0.7866 0.6154
vn -0.0730 -0.1943 0.9782
vn 0.1273 0.9525 0.2768
vn 0.2022 0.7743 0.5997
vn 0.2528 0.4313 0.8661
vn 0.2022 0.7742 0.5998
vn 0.2368 -0.2197 0.9464
vn 0.1656 0.9513 0.2601
vn 0.3427 0.7700 0.5382
vn 0.4864 0.4241 0.7639
vn 0.3428 0.7699 0.5383
vn 0.5229 -0.2284 0.8212
vn 0.1970 0.9525 0.2325
vn 0.4579 0.7743 0.4369
vn 0.6779 0.4313 0.5954
vn 0.4579 0.7742 0.4369
vn 0.7574 -0.2197 0.6149
vn 0.2184 0.9558 0.1967
vn 0.5364 0.7867 0.3057
vn 0.8084 0.4519 0.3772
vn 0.5364 0.7866 0.3057
vn 0.9173 -0.1943 0.3476
vn 0.2277 0.9611 0.1563
vn 0.5706 0.8060 0.1573
vn 0.8652 0.4841 0.1306
vn 0.9869 -0.1549 0.0456
vn 0.2240 0.9678 0.1152
vn 0.5571 0.8305 0.0064
vn 0.8428 0.5247 -0.1202
vn 0.5571 0.8304 0.0064
vn 0.9594 -0.1052 -0.2617
vn 0.2077 0.9751 0.0774
vn 0.4972 0.8575 -0.1322
vn 0.7433 0.5696 -0.3508
vn 0.4973 0.8575 -0.1323
vn 0.8375 -0.0501 -0.5441
vn 0.1803 0.9825 0.0467
vn 0.3969 0.8845 -0.2451
vn 0.5764 0.6146 -0.5385
vn 0.3969 0.8845 -0.2452
vn 0.6332 0.0049 -0.7740
vn 0.1447 0.9891 0.0260
vn 0.2659 0.9089 -0.3212
vn 0.3586 0.6552 -0.6649
vn 0.3664 0.0546 -0.9289
vn 0.1041 0.9944 0.0173
vn 0.1170 0.9283 -0.3529
vn 0.1111 0.6874 -0.7178
vn 0.1170 0.9283 -0.3530
vn 0.0633 0.0940 -0.9936
vn 0.0627 0.9978 0.0216
vn -0.0351 0.9407 -0.3373
vn -0.1418 0.7080 -0.6918
vn -0.0352 0.9407 -0.3374
vn -0.2465 0.1194 -0.9618
vn 0.0244 0.9990 0.0383
vn -0.1756 0.9450 -0.2758
vn -0.3754 0.7152 -0.5896
vn -0.1757 0.9450 -0.2759
vn -0.5327 0.1281 -0.8366
vn -0.0070 0.9978 0.0659
vn -0.2908 0.9407 -0.1745
vn -0.5669 0.7080 -0.4211
vn -0.2909 0.9407 -0.1746
vn -0.7672 0.1194 -0.6302
vn -0.0284 0.9944 0.1017
vn -0.3693 0.9283 -0.0433
vn -0.6974 0.6874 -0.2029
vn -0.3694 0.9283 -0.0433
vn -0.9270 0.0940 -0.3630
vn -0.0377 0.9891 0.1421
vn -0.4035 0.9089 0.1051
vn -0.7542 0.6552 0.0437
vn -0.9966 0.0546 -0.0609
vn -0.0340 0.9825 0.1832
vn -0.3900 0.8846 0.2559
vn -0.7318 0.6146 0.2945
vn -0.3900 0.8845 0.2560
vn -0.9692 0.0049 0.2464
vn -0.6434 -0.1132 0.7571
vn -0.3768 -0.1629 0.9119
vn -0.0738 -0.2023 0.9765
vn 0.2359 -0.2276 0.9448
vn 0.5219 -0.2363 0.8196
vn 0.7563 -0.2276 0.6134
vn 0.9161 -0.2023 0.3462
vn 0.9857 -0.1629 0.0443
vn 0.9582 -0.1132 -0.2628
vn 0.8364 -0.0581 -0.5451
vn 0.6321 -0.0031 -0.7749
vn 0.3655 0.0466 -0.9297
vn 0.0625 0.0860 -0.9943
vn -0.2472 0.1113 -0.9625
vn -0.5332 0.1200 -0.8374
vn -0.7676 0.1113 -0.6312
vn -0.9274 0.0860 -0.3640
vn -0.9970 0.0466 -0.0621
vn -0.9695 -0.0031 0.2450
vn -0.8477 -0.0581 0.5273
vn -0.6435 -0.1132 0.7570
vn -0.3163 -0.9395 0.1315
vn -0.3889 -0.9199 0.0498
vn -0.6004 -0.5426 0.5874
vn -0.7772 -0.4950 0.3885
vn -0.3695 -0.5856 0.7214
vn -0.2215 -0.9571 0.1865
vn -0.1072 -0.6198 0.7774
vn -0.1138 -0.9712 0.2095
vn 0.1609 -0.6417 0.7499
vn -0.0038 -0.9801 0.1982
vn 0.4085 -0.6492 0.6416
vn 0.0979 -0.9832 0.1537
vn 0.6115 -0.6417 0.4630
vn 0.1812 -0.9801 0.0804
vn 0.7498 -0.6198 0.2317
vn 0.2380 -0.9712 -0.0145
vn 0.8100 -0.5856 -0.0297
vn 0.2627 -0.9571 -0.1218
vn 0.7862 -0.5426 -0.2956
vn 0.2530 -0.9395 -0.2310
vn 0.6808 -0.4950 -0.5399
vn 0.2097 -0.9199 -0.3313
vn 0.5040 -0.4473 -0.7389
vn 0.1371 -0.9004 -0.4130
vn 0.2731 -0.4043 -0.8729
vn 0.0423 -0.8827 -0.4680
vn 0.0108 -0.3702 -0.9289
vn -0.0654 -0.8687 -0.4910
vn -0.2573 -0.3483 -0.9014
vn -0.1755 -0.8597 -0.4797
vn -0.5050 -0.3407 -0.7930
vn -0.2771 -0.8566 -0.4352
vn -0.7079 -0.3483 -0.6145
vn -0.3604 -0.8597 -0.3619
vn -0.8462 -0.3702 -0.3832
vn -0.4172 -0.8687 -0.2670
vn -0.9065 -0.4043 -0.1218
vn -0.4420 -0.8827 -0.1597
vn -0.8827 -0.4473 0.1441
vn -0.4322 -0.9004 -0.0505
vn -0.4135 0.9009 -0.1323
vn -0.4478 0.8767 -0.1756
vn -0.6490 0.7176 0.2526
vn -0.7618 0.6383 0.1104
vn -0.6542 -0.0347 0.7556
vn -0.7299 0.4156 0.5427
vn -0.8899 0.3032 0.3409
vn -0.8320 -0.1597 0.5312
vn -0.6491 0.7175 0.2527
vn -0.7619 0.6382 0.1104
vn -0.3665 0.9247 -0.1031
vn -0.4946 0.7960 0.3489
vn -0.7299 0.4157 0.5427
vn -0.5109 0.5268 0.6793
vn -0.4947 0.7959 0.3490
vn -0.6541 -0.0347 0.7556
vn -0.4107 0.0888 0.9075
vn -0.3116 0.9459 -0.0906
vn -0.3138 0.8658 0.3899
vn -0.2544 0.6258 0.7373
vn -0.3138 0.8657 0.3899
vn -0.1255 0.1988 0.9720
vn -0.2539 0.9624 -0.0962
vn -0.1242 0.9201 0.3714
vn 0.0145 0.7029 0.7111
vn -0.1241 0.9201 0.3715
vn 0.1736 0.2844 0.9429
vn -0.1992 0.9727 -0.1194
vn 0.0557 0.9538 0.2953
vn 0.2695 0.7507 0.6032
vn 0.0557 0.9538 0.2954
vn 0.4571 0.3375 0.8229
vn -0.1529 0.9756 -0.1577
vn 0.2081 0.9634 0.1691
vn 0.4857 0.7643 0.4242
vn 0.2082 0.9634 0.1691
vn 0.6974 0.3526 0.6239
vn -0.1194 0.9709 -0.2076
vn 0.3182 0.9480 0.0051
vn 0.6419 0.7424 0.1917
vn 0.3183 0.9480 0.0051
vn 0.8710 0.3284 0.3653
vn -0.1021 0.9591 -0.2640
vn 0.3752 0.9092 -0.1806
vn 0.7228 0.6873 -0.0718
vn 0.3753 0.9091 -0.1806
vn 0.9609 0.2671 0.0725
vn -0.1026 0.9413 -0.3216
vn 0.3736 0.8507 -0.3699
vn 0.7204 0.6044 -0.3402
vn 0.3736 0.8506 -0.3699
vn 0.9583 0.1750 -0.2260
vn -0.1209 0.9193 -0.3746
vn 0.3134 0.7782 -0.5442
vn 0.6351 0.5016 -0.5874
vn 0.3134 0.7782 -0.5443
vn 0.8634 0.0608 -0.5009
vn -0.1552 0.8952 -0.4178
vn 0.2005 0.6989 -0.6865
vn 0.4750 0.3892 -0.7892
vn 0.2006 0.6988 -0.6866
vn 0.6855 -0.0642 -0.7252
vn -0.2021 0.8713 -0.4471
vn 0.0462 0.6205 -0.7828
vn 0.2561 0.2780 -0.9258
vn 0.0462 0.6205 -0.7829
vn 0.4420 -0.1877 -0.8771
vn -0.2571 0.8501 -0.4595
vn -0.1347 0.5507 -0.8237
vn -0.0004 0.1790 -0.9839
vn -0.1347 0.5507 -0.8238
vn 0.1569 -0.2977 -0.9417
vn -0.3147 0.8336 -0.4539
vn -0.3243 0.4963 -0.8053
vn -0.2693 0.1019 -0.9576
vn -0.1422 -0.3834 -0.9126
vn -0.3694 0.8234 -0.4308
vn -0.5042 0.4627 -0.7292
vn -0.5244 0.0542 -0.8498
vn -0.5042 0.4626 -0.7292
vn -0.4258 -0.4364 -0.7926
vn -0.4158 0.8205 -0.3924
vn -0.6566 0.4531 -0.6030
vn -0.7406 0.0406 -0.6708
vn -0.6566 0.4530 -0.6030
vn -0.6661 -0.4516 -0.5936
vn -0.4492 0.8251 -0.3426
vn -0.7667 0.4685 -0.4390
vn -0.8967 0.0623 -0.4382
vn -0.7667 0.4684 -0.4390
vn -0.8397 -0.4273 -0.3350
vn -0.4666 0.8369 -0.2861
vn -0.8237 0.5073 -0.2533
vn -0.9776 0.1175 -0.1748
vn -0.8238 0.5073 -0.2532
vn -0.9296 -0.3661 -0.0421
vn -0.4661 0.8547 -0.2286
vn -0.8220 0.5658 -0.0639
vn -0.9752 0.2004 0.0937
vn -0.8221 0.5658 -0.0639
vn -0.9270 -0.2739 0.2564
vn -0.6523 -0.0400 0.7569
vn -0.4089 0.0834 0.9088
vn -0.1238 0.1934 0.9733
vn 0.1751 0.2791 0.9442
vn 0.4586 0.3321 0.8243
vn 0.6989 0.3472 0.6253
vn 0.8724 0.3230 0.3668
vn 0.9623 0.2618 0.0741
vn 0.9596 0.1696 -0.2243
vn 0.8648 0.0555 -0.4991
vn 0.6869 -0.0695 -0.7234
vn 0.4436 -0.1929 -0.8752
vn 0.1585 -0.3029 -0.9398
vn -0.1405 -0.3886 -0.9107
vn -0.4239 -0.4416 -0.7908
vn -0.6642 -0.4567 -0.5918
vn -0.8378 -0.4325 -0.3333
vn -0.9276 -0.3713 -0.0405
vn -0.9250 -0.2791 0.2579
vn -0.8301 -0.1649 0.5327
vn -0.1931 -0.7051 0.6823
vn -0.3045 -0.7834 0.5419
vn -0.5696 -0.2292 0.7893
vn -0.7413 -0.3498 0.5728
vn -0.5696 -0.2291 0.7894
vn -0.3346 -0.1098 0.9359
vn -0.0407 -0.6277 0.7774
vn -0.0593 -0.0036 0.9982
vn 0.1378 -0.5588 0.8178
vn 0.2294 0.0792 0.9701
vn 0.3249 -0.5052 0.7995
vn 0.5031 0.1304 0.8543
vn 0.5024 -0.4720 0.7244
vn 0.7352 0.1450 0.6622
vn 0.6529 -0.4625 0.5999
vn 0.9028 0.1216 0.4125
vn 0.7616 -0.4777 0.4380
vn 0.9896 0.0625 0.1298
vn 0.8179 -0.5160 0.2547
vn 0.9870 -0.0266 -0.1583
vn 0.8162 -0.5738 0.0678
vn 0.8954 -0.1369 -0.4237
vn 0.7568 -0.6453 -0.1042
vn 0.7237 -0.2576 -0.6403
vn 0.6455 -0.7235 -0.2447
vn 0.4887 -0.3769 -0.7869
vn 0.4931 -0.8009 -0.3397
vn 0.2134 -0.4831 -0.8491
vn 0.3146 -0.8698 -0.3801
vn -0.0753 -0.5659 -0.8210
vn 0.1274 -0.9235 -0.3619
vn -0.3490 -0.6171 -0.7052
vn -0.0501 -0.9567 -0.2868
vn -0.5811 -0.6317 -0.5131
vn -0.2006 -0.9662 -0.1622
vn -0.7487 -0.6083 -0.2635
vn -0.3093 -0.9510 -0.0004
vn -0.8355 -0.5492 0.0193
vn -0.3655 -0.9126 0.1830
vn -0.8329 -0.4601 0.3074
vn -0.3639 -0.8549 0.3698
vn -0.4845 0.8605 -0.1575
vn -0.5057 0.8424 -0.1860
vn -0.6644 0.7357 0.1316
vn -0.7432 0.6686 0.0259
vn -0.6282 -0.1269 0.7677
vn -0.7638 0.4599 0.4529
vn -0.8974 0.3460 0.2737
vn -0.7946 -0.2687 0.5445
vn -0.6645 0.7356 0.1316
vn -0.7432 0.6685 0.0259
vn -0.4551 0.8796 -0.1385
vn -0.5555 0.8065 0.2023
vn -0.7637 0.4599 0.4530
vn -0.5790 0.5801 0.5730
vn -0.5555 0.8065 0.2024
vn -0.6281 -0.1269 0.7677
vn -0.3981 0.0227 0.9170
vn -0.4205 0.8978 -0.1307
vn -0.4271 0.8742 0.2311
vn -0.3612 0.6948 0.6219
vn -0.4271 0.8741 0.2313
vn -0.1270 0.1655 0.9780
vn -0.3841 0.9134 -0.1349
vn -0.2919 0.9319 0.2153
vn -0.1317 0.7928 0.5950
vn -0.2918 0.9319 0.2154
vn 0.1586 0.2875 0.9445
vn -0.3493 0.9248 -0.1508
vn -0.1630 0.9742 0.1563
vn 0.0870 0.8645 0.4950
vn -0.1629 0.9742 0.1564
vn 0.4309 0.3768 0.8200
vn -0.3197 0.9309 -0.1768
vn -0.0530 0.9968 0.0600
vn 0.2736 0.9029 0.3315
vn -0.0529 0.9968 0.0601
vn 0.6631 0.4246 0.6165
vn -0.2981 0.9311 -0.2103
vn 0.0272 0.9976 -0.0643
vn 0.4097 0.9042 0.1206
vn 0.0273 0.9976 -0.0643
vn 0.8325 0.4262 0.3540
vn -0.2866 0.9254 -0.2481
vn 0.0698 0.9764 -0.2044
vn 0.4820 0.8683 -0.1170
vn 0.0699 0.9764 -0.2044
vn 0.9225 0.3815 0.0582
vn -0.2863 0.9143 -0.2864
vn 0.0707 0.9354 -0.3465
vn 0.4835 0.7987 -0.3581
vn 0.0708 0.9354 -0.3465
vn 0.9244 0.2949 -0.2420
vn -0.2974 0.8990 -0.3215
vn 0.0297 0.8785 -0.4768
vn 0.4140 0.7023 -0.5792
vn 0.0298 0.8785 -0.4768
vn 0.8379 0.1748 -0.5171
vn -0.3186 0.8809 -0.3500
vn -0.0490 0.8114 -0.5824
vn 0.2803 0.5884 -0.7585
vn -0.0490 0.8114 -0.5825
vn 0.6715 0.0330 -0.7403
vn -0.3480 0.8618 -0.3690
vn -0.1580 0.7406 -0.6531
vn 0.0955 0.4682 -0.8785
vn -0.1579 0.7405 -0.6532
vn 0.4414 -0.1166 -0.8897
vn -0.3826 0.8436 -0.3768
vn -0.2863 0.6729 -0.6820
vn -0.1223 0.3535 -0.9274
vn -0.2863 0.6729 -0.6821
vn 0.1703 -0.2594 -0.9506
vn -0.4190 0.8280 -0.3726
vn -0.4216 0.6152 -0.6662
vn -0.3518 0.2555 -0.9006
vn -0.4216 0.6151 -0.6662
vn -0.1154 -0.3814 -0.9172
vn -0.4538 0.8166 -0.3567
vn -0.5505 0.5729 -0.6072
vn -0.5705 0.1838 -0.8005
vn -0.5505 0.5728 -0.6073
vn -0.3876 -0.4707 -0.7926
vn -0.4834 0.8105 -0.3307
vn -0.6605 0.5503 -0.5109
vn -0.7570 0.1454 -0.6370
vn -0.6605 0.5502 -0.5109
vn -0.6198 -0.5184 -0.5891
vn -0.5050 0.8103 -0.2972
vn -0.7407 0.5495 -0.3865
vn -0.8931 0.1441 -0.4261
vn -0.7407 0.5495 -0.3866
vn -0.7892 -0.5201 -0.3266
vn -0.5165 0.8160 -0.2594
vn -0.7833 0.5707 -0.2465
vn -0.9654 0.1800 -0.1885
vn -0.7834 0.5706 -0.2465
vn -0.8792 -0.4754 -0.0308
vn -0.5168 0.8271 -0.2211
vn -0.7842 0.6117 -0.1044
vn -0.9669 0.2496 0.0526
vn -0.7842 0.6116 -0.1043
vn -0.8811 -0.3887 0.2694
vn -0.6244 -0.1343 0.7695
vn -0.3945 0.0152 0.9188
vn -0.1235 0.1579 0.9797
vn 0.1620 0.2799 0.9463
vn 0.4341 0.3691 0.8218
vn 0.6662 0.4168 0.6184
vn 0.8356 0.4185 0.3560
vn 0.9255 0.3738 0.0603
vn 0.9274 0.2872 -0.2397
vn 0.8409 0.1672 -0.5147
vn 0.6746 0.0255 -0.7378
vn 0.4447 -0.1241 -0.8871
vn 0.1737 -0.2668 -0.9480
vn -0.1118 -0.3887 -0.9145
vn -0.3839 -0.4779 -0.7900
vn -0.6160 -0.5257 -0.5867
vn -0.7854 -0.5273 -0.3243
vn -0.8753 -0.4827 -0.0286
vn -0.8772 -0.3961 0.2714
vn -0.7907 -0.2760 0.5464
vn 0.1594 -0.8528 0.4974
vn 0.1027 -0.9011 0.4214
vn -0.3444 -0.5259 0.7777
vn -0.4866 -0.6470 0.5870
vn -0.3444 -0.5258 0.7778
vn -0.1478 -0.3980 0.9054
vn 0.2377 -0.8018 0.5483
vn 0.0839 -0.2759 0.9575
vn 0.3301 -0.7531 0.5691
vn 0.3281 -0.1717 0.9289
vn 0.4274 -0.7116 0.5577
vn 0.5608 -0.0954 0.8225
vn 0.5201 -0.6812 0.5152
vn 0.7592 -0.0546 0.6485
vn 0.5992 -0.6649 0.4459
vn 0.9040 -0.0532 0.4242
vn 0.6569 -0.6644 0.3565
vn 0.9810 -0.0914 0.1714
vn 0.6876 -0.6796 0.2557
vn 0.9825 -0.1654 -0.0852
vn 0.6882 -0.7091 0.1535
vn 0.9086 -0.2680 -0.3203
vn 0.6587 -0.7500 0.0598
vn 0.7664 -0.3892 -0.5111
vn 0.6021 -0.7983 -0.0163
vn 0.5698 -0.5171 -0.6387
vn 0.5237 -0.8492 -0.0671
vn 0.3381 -0.6391 -0.6908
vn 0.4314 -0.8979 -0.0879
vn 0.0939 -0.7434 -0.6622
vn 0.3340 -0.9394 -0.0765
vn -0.1388 -0.8197 -0.5558
vn 0.2413 -0.9699 -0.0341
vn -0.3372 -0.8605 -0.3819
vn 0.1622 -0.9861 0.0352
vn -0.4820 -0.8619 -0.1575
vn 0.1045 -0.9867 0.1247
vn -0.5590 -0.8237 0.0953
vn 0.0738 -0.9715 0.2254
vn -0.5605 -0.7497 0.3518
vn 0.0732 -0.9420 0.3277
vn -0.4833 0.8751 -0.0256
vn -0.4555 0.8886 -0.0537
vn -0.6985 0.6686 -0.2551
vn -0.5964 0.7183 -0.3583
vn -0.7126 -0.3172 -0.6258
vn -0.8231 0.3116 -0.4748
vn -0.6533 0.3943 -0.6463
vn -0.5047 -0.2159 -0.8359
vn -0.6986 0.6685 -0.2551
vn -0.5964 0.7182 -0.3583
vn -0.5016 0.8651 0.0106
vn -0.7654 0.6319 -0.1220
vn -0.9343 0.2506 -0.2535
vn -0.7655 0.6318 -0.1220
vn -0.8489 -0.3920 -0.3547
vn -0.5084 0.8596 0.0515
vn -0.7906 0.6117 0.0280
vn -0.9761 0.2171 -0.0041
vn -0.7906 0.6116 0.0280
vn -0.9001 -0.4330 -0.0492
vn -0.5032 0.8591 0.0930
vn -0.7715 0.6102 0.1803
vn -0.9444 0.2145 0.2491
vn -0.7716 0.6101 0.1803
vn -0.8612 -0.4362 0.2608
vn -0.4865 0.8638 0.1310
vn -0.7101 0.6273 0.3198
vn -0.8423 0.2430 0.4811
vn -0.7101 0.6272 0.3199
vn -0.7362 -0.4013 0.5450
vn -0.4599 0.8731 0.1618
vn -0.6124 0.6614 0.4330
vn -0.6798 0.2998 0.6693
vn -0.6124 0.6614 0.4331
vn -0.5371 -0.3317 0.7756
vn -0.4259 0.8862 0.1825
vn -0.4878 0.7093 0.5089
vn -0.4728 0.3794 0.7954
vn -0.2835 -0.2342 0.9299
vn -0.3880 0.9016 0.1909
vn -0.3487 0.7662 0.5398
vn -0.2415 0.4739 0.8468
vn -0.3487 0.7661 0.5399
vn -0.0002 -0.1184 0.9930
vn -0.3499 0.9181 0.1863
vn -0.2087 0.8265 0.5229
vn -0.0086 0.5742 0.8187
vn -0.2086 0.8265 0.5229
vn 0.2850 0.0044 0.9585
vn -0.3152 0.9338 0.1691
vn -0.0814 0.8843 0.4597
vn 0.2031 0.6703 0.7137
vn -0.0813 0.8843 0.4598
vn 0.5443 0.1222 0.8299
vn -0.2874 0.9474 0.1410
vn 0.0208 0.9340 0.3566
vn 0.3729 0.7530 0.5422
vn 0.7522 0.2234 0.6199
vn -0.2692 0.9574 0.1048
vn 0.0877 0.9708 0.2235
vn 0.4841 0.8141 0.3209
vn 0.0878 0.9708 0.2235
vn 0.8885 0.2982 0.3488
vn -0.2623 0.9629 0.0639
vn 0.1129 0.9909 0.0735
vn 0.5259 0.8475 0.0715
vn 0.1129 0.9909 0.0734
vn 0.9397 0.3392 0.0433
vn -0.2675 0.9633 0.0224
vn 0.0937 0.9925 -0.0788
vn 0.4942 0.8502 -0.1816
vn 0.0938 0.9925 -0.0788
vn 0.9009 0.3425 -0.2667
vn -0.2842 0.9586 -0.0156
vn 0.0324 0.9753 -0.2183
vn 0.3921 0.8217 -0.4137
vn 0.0324 0.9753 -0.2184
vn 0.7758 0.3076 -0.5509
vn -0.3109 0.9493 -0.0464
vn -0.0654 0.9412 -0.3316
vn 0.2296 0.7649 -0.6019
vn -0.0654 0.9411 -0.3316
vn 0.5767 0.2380 -0.7815
vn -0.3448 0.9363 -0.0671
vn -0.1899 0.8933 -0.4073
vn 0.0225 0.6853 -0.7279
vn -0.1899 0.8933 -0.4074
vn 0.3231 0.1405 -0.9359
vn -0.3827 0.9208 -0.0755
vn -0.3291 0.8364 -0.4383
vn -0.2087 0.5907 -0.7794
vn -0.3290 0.8364 -0.4384
vn 0.0399 0.0247 -0.9989
vn -0.4208 0.9044 -0.0709
vn -0.4691 0.7761 -0.4214
vn -0.4416 0.4905 -0.7513
vn -0.4691 0.7761 -0.4215
vn -0.2454 -0.0981 -0.9645
vn -0.7091 -0.3245 -0.6260
vn -0.8453 -0.3993 -0.3550
vn -0.8965 -0.4403 -0.0497
vn -0.8577 -0.4435 0.2602
vn -0.7327 -0.4086 0.5443
vn -0.5337 -0.3390 0.7747
vn -0.2802 -0.2416 0.9290
vn 0.0029 -0.1258 0.9920
vn 0.2880 -0.0031 0.9576
vn 0.5472 0.1147 0.8291
vn 0.7551 0.2159 0.6191
vn 0.8913 0.2906 0.3482
vn 0.9425 0.3316 0.0428
vn 0.9036 0.3348 -0.2671
vn 0.7786 0.2999 -0.5512
vn 0.5796 0.2304 -0.7816
vn 0.3262 0.1329 -0.9359
vn 0.0430 0.0172 -0.9989
vn -0.2421 -0.1056 -0.9645
vn -0.5013 -0.2233 -0.8360
vn 0.1033 -0.9557 -0.2757
vn 0.1772 -0.9197 -0.3504
vn -0.4382 -0.6964 -0.5683
vn -0.2583 -0.6088 -0.7501
vn -0.4382 -0.6965 -0.5682
vn -0.5561 -0.7612 -0.3337
vn 0.0549 -0.9822 -0.1794
vn -0.6004 -0.7967 -0.0693
vn 0.0367 -0.9968 -0.0709
vn -0.5668 -0.7994 0.1990
vn 0.0505 -0.9980 0.0393
vn -0.4586 -0.7692 0.4449
vn 0.0950 -0.9856 0.1403
vn -0.2863 -0.7090 0.6444
vn 0.1657 -0.9608 0.2222
vn -0.0669 -0.6247 0.7780
vn 0.2558 -0.9262 0.2770
vn 0.1783 -0.5244 0.8326
vn 0.3564 -0.8851 0.2994
vn 0.4251 -0.4182 0.8028
vn 0.4578 -0.8414 0.2872
vn 0.6495 -0.3162 0.6915
vn 0.5499 -0.7996 0.2415
vn 0.8294 -0.2286 0.5097
vn 0.6238 -0.7636 0.1668
vn 0.9473 -0.1639 0.2751
vn 0.6722 -0.7370 0.0705
vn 0.9917 -0.1284 0.0107
vn 0.6904 -0.7225 -0.0380
vn 0.9581 -0.1256 -0.2575
vn 0.6766 -0.7213 -0.1481
vn 0.8498 -0.1558 -0.5035
vn 0.6321 -0.7337 -0.2491
vn 0.6776 -0.2161 -0.7030
vn 0.5614 -0.7584 -0.3310
vn 0.4581 -0.3004 -0.8366
vn 0.4713 -0.7931 -0.3859
vn 0.2130 -0.4006 -0.8912
vn 0.3707 -0.8342 -0.4083
vn -0.0339 -0.5069 -0.8613
vn 0.2693 -0.8779 -0.3960
vn 0.2715 0.9147 0.2993
vn 0.2454 0.9357 0.2534
vn -0.1100 0.8230 0.5572
vn -0.1977 0.8936 0.4029
vn -0.7228 0.1527 0.6740
vn -0.4408 0.5781 0.6867
vn -0.5683 0.6806 0.4624
vn -0.8663 0.2683 0.4214
vn -0.1101 0.8230 0.5572
vn -0.1978 0.8936 0.4029
vn 0.3102 0.8904 0.3331
vn 0.0200 0.7413 0.6708
vn -0.1101 0.8230 0.5573
vn -0.4408 0.5780 0.6867
vn -0.2518 0.4593 0.8519
vn 0.0200 0.7413 0.6709
vn -0.7227 0.1527 0.6740
vn -0.5099 0.0190 0.8600
vn 0.3578 0.8651 0.3515
vn 0.1796 0.6565 0.7326
vn -0.0198 0.3360 0.9417
vn 0.1796 0.6564 0.7327
vn -0.2487 -0.1199 0.9611
vn 0.4094 0.8414 0.3527
vn 0.3532 0.5769 0.7365
vn 0.2325 0.2202 0.9473
vn 0.3532 0.5768 0.7366
vn 0.0354 -0.2502 0.9675
vn 0.4602 0.8216 0.3365
vn 0.5237 0.5102 0.6822
vn 0.4804 0.1233 0.8683
vn 0.5238 0.5101 0.6822
vn 0.3146 -0.3594 0.8786
vn 0.5051 0.8075 0.3046
vn 0.6746 0.4630 0.5749
vn 0.6996 0.0548 0.7124
vn 0.5615 -0.4365 0.7030
vn 0.5397 0.8007 0.2600
vn 0.7910 0.4400 0.4252
vn 0.8687 0.0213 0.4948
vn 0.7910 0.4399 0.4252
vn 0.7519 -0.4742 0.4579
vn 0.5607 0.8017 0.2072
vn 0.8615 0.4433 0.2477
vn 0.9712 0.0262 0.2368
vn 0.8673 -0.4688 0.1674
vn 0.5660 0.8104 0.1512
vn 0.8792 0.4727 0.0598
vn 0.9970 0.0689 -0.0363
vn 0.8792 0.4727 0.0597
vn 0.8963 -0.4207 -0.1402
vn 0.5550 0.8261 0.0977
vn 0.8424 0.5253 -0.1201
vn 0.9435 0.1453 -0.2978
vn 0.8424 0.5252 -0.1202
vn 0.8361 -0.3346 -0.4347
vn 0.5289 0.8471 0.0517
vn 0.7547 0.5959 -0.2745
vn 0.8160 0.2479 -0.5221
vn 0.7547 0.5958 -0.2745
vn 0.6926 -0.2191 -0.6873
vn 0.4902 0.8714 0.0179
vn 0.6247 0.6776 -0.3881
vn 0.6271 0.3667 -0.6873
vn 0.6247 0.6776 -0.3882
vn 0.4798 -0.0853 -0.8732
vn 0.4427 0.8967 -0.0005
vn 0.4651 0.7624 -0.4499
vn 0.3951 0.4899 -0.7771
vn 0.4651 0.7624 -0.4500
vn 0.2185 0.0535 -0.9744
vn 0.3911 0.9204 -0.0016
vn 0.2915 0.8421 -0.4538
vn 0.1428 0.6057 -0.7828
vn 0.2915 0.8421 -0.4539
vn -0.0656 0.1839 -0.9808
vn 0.3403 0.9402 0.0146
vn 0.1209 0.9088 -0.3994
vn -0.1051 0.7026 -0.7038
vn 0.1209 0.9087 -0.3995
vn -0.3447 0.2930 -0.8918
vn 0.2954 0.9542 0.0465
vn -0.0299 0.9559 -0.2921
vn -0.3243 0.7712 -0.5478
vn -0.0300 0.9559 -0.2922
vn -0.5916 0.3702 -0.7162
vn 0.2607 0.9611 0.0911
vn -0.1463 0.9789 -0.1424
vn -0.4935 0.8046 -0.3302
vn -0.1463 0.9789 -0.1425
vn -0.7821 0.4079 -0.4711
vn 0.2398 0.9601 0.1439
vn -0.2168 0.9756 0.0351
vn -0.5959 0.7998 -0.0722
vn -0.8975 0.4024 -0.1806
vn 0.2345 0.9514 0.1998
vn -0.2345 0.9462 0.2230
vn -0.6217 0.7571 0.2009
vn -0.2346 0.9462 0.2230
vn -0.9265 0.3543 0.1270
vn -0.7250 0.1473 0.6728
vn -0.5123 0.0136 0.8587
vn -0.2511 -0.1252 0.9598
vn 0.0329 -0.2556 0.9662
vn 0.3120 -0.3647 0.8773
vn 0.5589 -0.4418 0.7017
vn 0.7493 -0.4795 0.4567
vn 0.8647 -0.4741 0.1663
vn 0.8937 -0.4260 -0.1412
vn 0.8335 -0.3399 -0.4356
vn 0.6900 -0.2244 -0.6882
vn 0.4772 -0.0907 -0.8741
vn 0.2160 0.0481 -0.9752
vn -0.0680 0.1784 -0.9816
vn -0.3471 0.2875 -0.8927
vn -0.5939 0.3647 -0.7171
vn -0.7844 0.4024 -0.4721
vn -0.8997 0.3969 -0.1816
vn -0.9287 0.3488 0.1258
vn -0.8685 0.2628 0.4203
vn -0.6884 -0.7082 0.1568
vn -0.7548 -0.6547 0.0399
vn -0.8108 -0.1780 0.5576
vn -0.9431 -0.0715 0.3248
vn -0.6147 -0.3012 0.7290
vn -0.5899 -0.7701 0.2428
vn -0.3740 -0.4292 0.8221
vn -0.4690 -0.8344 0.2896
vn -0.1122 -0.5493 0.8280
vn -0.3375 -0.8947 0.2926
vn 0.1451 -0.6499 0.7461
vn -0.2083 -0.9452 0.2514
vn 0.3726 -0.7210 0.5843
vn -0.0940 -0.9809 0.1702
vn 0.5481 -0.7557 0.3584
vn -0.0059 -0.9984 0.0567
vn 0.6544 -0.7507 0.0907
vn 0.0475 -0.9958 -0.0777
vn 0.6811 -0.7064 -0.1927
vn 0.0610 -0.9736 -0.2201
vn 0.6256 -0.6271 -0.4641
vn 0.0331 -0.9338 -0.3564
vn 0.4934 -0.5206 -0.6968
vn -0.0333 -0.8803 -0.4733
vn 0.2973 -0.3974 -0.8682
vn -0.1318 -0.8184 -0.5594
vn 0.0566 -0.2694 -0.9614
vn -0.2527 -0.7541 -0.6062
vn -0.2052 -0.1493 -0.9673
vn -0.3842 -0.6938 -0.6091
vn -0.4625 -0.0487 -0.8853
vn -0.5134 -0.6433 -0.5680
vn -0.6900 0.0224 -0.7235
vn -0.6277 -0.6076 -0.4867
vn -0.8655 0.0571 -0.4977
vn -0.7159 -0.5901 -0.3733
vn -0.9718 0.0521 -0.2299
vn -0.7693 -0.5926 -0.2388
vn -0.9985 0.0077 0.0535
vn -0.7827 -0.6149 -0.0964
vn -0.0922 0.8140 0.5735
vn -0.1074 0.8219 0.5595
vn -0.2203 0.6864 0.6930
vn -0.2812 0.7180 0.6367
vn -0.6017 -0.5250 0.6019
vn -0.4039 0.4135 0.8160
vn -0.5323 0.4800 0.6974
vn -0.8154 -0.4142 0.4044
vn -0.2203 0.6864 0.6931
vn -0.2813 0.7180 0.6367
vn -0.0729 0.8092 0.5829
vn -0.1424 0.6672 0.7312
vn -0.4038 0.4135 0.8161
vn -0.2398 0.3730 0.8963
vn -0.1424 0.6671 0.7312
vn -0.6017 -0.5250 0.6020
vn -0.3286 -0.5924 0.7356
vn -0.0512 0.8080 0.5870
vn -0.0552 0.6622 0.7473
vn -0.0562 0.3624 0.9303
vn -0.0229 -0.6099 0.7922
vn -0.0293 0.8104 0.5851
vn 0.0328 0.6719 0.7399
vn 0.1291 0.3830 0.9147
vn 0.2855 -0.5757 0.7662
vn -0.0094 0.8163 0.5776
vn 0.1129 0.6955 0.7096
vn 0.2978 0.4325 0.8510
vn 0.1129 0.6954 0.7097
vn 0.5664 -0.4933 0.6602
vn 0.0066 0.8250 0.5651
vn 0.1773 0.7304 0.6596
vn 0.4336 0.5062 0.7455
vn 0.1774 0.7304 0.6596
vn 0.7924 -0.3706 0.4845
vn 0.0172 0.8357 0.5490
vn 0.2198 0.7735 0.5945
vn 0.5230 0.5968 0.6085
vn 0.2199 0.7735 0.5945
vn 0.9413 -0.2197 0.2564
vn 0.0213 0.8473 0.5307
vn 0.2361 0.8204 0.5208
vn 0.5574 0.6956 0.4533
vn 0.2362 0.8203 0.5208
vn 0.9985 -0.0554 -0.0018
vn 0.0184 0.8588 0.5120
vn 0.2247 0.8665 0.4458
vn 0.5333 0.7927 0.2953
vn 0.9584 0.1063 -0.2649
vn 0.0090 0.8689 0.4948
vn 0.1866 0.9073 0.3767
vn 0.4532 0.8787 0.1498
vn 0.1867 0.9073 0.3767
vn 0.8250 0.2496 -0.5071
vn -0.0062 0.8768 0.4808
vn 0.1257 0.9389 0.3204
vn 0.3248 0.9453 0.0312
vn 0.1257 0.9389 0.3203
vn 0.6113 0.3603 -0.7046
vn -0.0256 0.8816 0.4713
vn 0.0478 0.9581 0.2823
vn 0.1608 0.9858 -0.0491
vn 0.0478 0.9582 0.2822
vn 0.3382 0.4277 -0.8382
vn -0.0472 0.8828 0.4673
vn -0.0394 0.9631 0.2661
vn -0.0229 0.9963 -0.0831
vn 0.0325 0.4452 -0.8948
vn -0.0691 0.8804 0.4692
vn -0.1274 0.9534 0.2736
vn -0.2082 0.9758 -0.0675
vn -0.1274 0.9534 0.2735
vn -0.2759 0.4111 -0.8688
vn -0.0890 0.8746 0.4767
vn -0.2075 0.9299 0.3038
vn -0.3769 0.9262 -0.0038
vn -0.2075 0.9299 0.3037
vn -0.5568 0.3286 -0.7628
vn -0.1051 0.8659 0.4891
vn -0.2719 0.8949 0.3539
vn -0.5127 0.8525 0.1017
vn -0.2720 0.8949 0.3538
vn -0.7828 0.2059 -0.5872
vn -0.1156 0.8552 0.5053
vn -0.3144 0.8518 0.4190
vn -0.6021 0.7619 0.2387
vn -0.3145 0.8518 0.4189
vn -0.9317 0.0550 -0.3591
vn -0.1197 0.8435 0.5236
vn -0.3307 0.8050 0.4926
vn -0.6365 0.6632 0.3939
vn -0.3308 0.8049 0.4926
vn -0.9889 -0.1093 -0.1009
vn -0.1169 0.8320 0.5423
vn -0.3193 0.7589 0.5676
vn -0.6124 0.5660 0.5519
vn -0.3193 0.7588 0.5676
vn -0.9488 -0.2710 0.1622
vn -0.6000 -0.5370 0.5930
vn -0.3274 -0.6043 0.7264
vn -0.0221 -0.6217 0.7829
vn 0.2858 -0.5877 0.7569
vn 0.5663 -0.5053 0.6511
vn 0.7919 -0.3829 0.4757
vn 0.9405 -0.2322 0.2480
vn 0.9976 -0.0681 -0.0098
vn 0.9576 0.0934 -0.2725
vn 0.8244 0.2363 -0.5143
vn 0.6111 0.3469 -0.7115
vn 0.3384 0.4142 -0.8449
vn 0.0332 0.4317 -0.9014
vn -0.2747 0.3976 -0.8755
vn -0.5552 0.3153 -0.7696
vn -0.7808 0.1928 -0.5943
vn -0.9295 0.0421 -0.3665
vn -0.9866 -0.1220 -0.1087
vn -0.9466 -0.2834 0.1540
vn -0.8134 -0.4264 0.3957
vn -0.0705 -0.9180 -0.3903
vn -0.1123 -0.8963 -0.4290
vn -0.3711 -0.9274 0.0464
vn -0.5147 -0.8530 -0.0864
vn -0.3710 -0.9275 0.0464
vn -0.1875 -0.9728 0.1362
vn -0.0170 -0.9312 -0.3641
vn 0.0180 -0.9845 0.1743
vn 0.0430 -0.9346 -0.3530
vn 0.2254 -0.9616 0.1568
vn 0.1034 -0.9279 -0.3581
vn 0.4142 -0.9061 0.0855
vn 0.1584 -0.9118 -0.3789
vn 0.5661 -0.8237 -0.0325
vn 0.2027 -0.8877 -0.4133
vn 0.6662 -0.7222 -0.1859
vn 0.2319 -0.8582 -0.4580
vn 0.7047 -0.6118 -0.3595
vn 0.2431 -0.8260 -0.5086
vn 0.6777 -0.5031 -0.5363
vn 0.2353 -0.7943 -0.5602
vn 0.5880 -0.4068 -0.6991
vn 0.2091 -0.7662 -0.6076
vn 0.4444 -0.3323 -0.8319
vn 0.1672 -0.7445 -0.6463
vn 0.2608 -0.2870 -0.9217
vn 0.1137 -0.7313 -0.6725
vn 0.0553 -0.2752 -0.9598
vn 0.0538 -0.7279 -0.6836
vn -0.1520 -0.2982 -0.9423
vn -0.0066 -0.7346 -0.6785
vn -0.3409 -0.3536 -0.8711
vn -0.0617 -0.7507 -0.6577
vn -0.4928 -0.4361 -0.7530
vn -0.1060 -0.7748 -0.6233
vn -0.5929 -0.5375 -0.5996
vn -0.1351 -0.8043 -0.5786
vn -0.6313 -0.6480 -0.4260
vn -0.1463 -0.8365 -0.5280
vn -0.6044 -0.7567 -0.2492
vn -0.1385 -0.8682 -0.4765
vn 0.1300 0.8779 0.4608
vn 0.1163 0.8987 0.4228
vn -0.2290 0.7665 0.6000
vn -0.2784 0.8413 0.4635
vn -0.8704 -0.0170 0.4921
vn -0.5786 0.5037 0.6414
vn -0.6578 0.6236 0.4224
vn -0.9648 0.1261 0.2308
vn -0.2291 0.7665 0.6001
vn -0.2784 0.8412 0.4635
vn 0.1560 0.8568 0.4915
vn -0.1358 0.6904 0.7105
vn -0.2291 0.7664 0.6001
vn -0.5786 0.5037 0.6415
vn -0.4290 0.3818 0.8186
vn -0.1358 0.6904 0.7106
vn -0.6919 -0.1624 0.7035
vn 0.1916 0.8374 0.5119
vn -0.0077 0.6206 0.7841
vn -0.2237 0.2698 0.9366
vn -0.4469 -0.2960 0.8442
vn 0.2333 0.8216 0.5201
vn 0.1426 0.5638 0.8135
vn 0.0173 0.1787 0.9837
vn -0.1594 -0.4047 0.9005
vn 0.2772 0.8110 0.5152
vn 0.3005 0.5256 0.7959
vn 0.2704 0.1175 0.9555
vn 0.1426 -0.4778 0.8668
vn 0.3189 0.8066 0.4978
vn 0.4504 0.5097 0.7330
vn 0.5109 0.0920 0.8547
vn 0.4504 0.5097 0.7331
vn 0.4295 -0.5082 0.7465
vn 0.3543 0.8088 0.4694
vn 0.5777 0.5177 0.6310
vn 0.7151 0.1048 0.6912
vn 0.6731 -0.4928 0.5514
vn 0.3799 0.8174 0.4329
vn 0.6700 0.5488 0.4999
vn 0.8630 0.1547 0.4809
vn 0.8497 -0.4333 0.3005
vn 0.3933 0.8317 0.3920
vn 0.7182 0.6000 0.3524
vn 0.9403 0.2368 0.2444
vn 0.9419 -0.3355 0.0184
vn 0.3932 0.8501 0.3505
vn 0.7176 0.6662 0.2031
vn 0.9393 0.3429 0.0049
vn 0.9407 -0.2088 -0.2673
vn 0.3794 0.8709 0.3125
vn 0.6682 0.7410 0.0665
vn 0.8602 0.4628 -0.2141
vn 0.8463 -0.0657 -0.5287
vn 0.3535 0.8920 0.2818
vn 0.5749 0.8170 -0.0440
vn 0.7106 0.5847 -0.3912
vn 0.5750 0.8170 -0.0440
vn 0.6678 0.0797 -0.7400
vn 0.3179 0.9114 0.2614
vn 0.4469 0.8869 -0.1175
vn 0.5053 0.6967 -0.5092
vn 0.4469 0.8868 -0.1176
vn 0.4228 0.2133 -0.8807
vn 0.2761 0.9272 0.2532
vn 0.2966 0.9436 -0.1469
vn 0.2643 0.7878 -0.5564
vn 0.2966 0.9436 -0.1470
vn 0.1353 0.3220 -0.9370
vn 0.2323 0.9378 0.2580
vn 0.1388 0.9818 -0.1293
vn 0.0112 0.8491 -0.5282
vn 0.1387 0.9818 -0.1294
vn -0.1667 0.3951 -0.9034
vn 0.1906 0.9422 0.2755
vn -0.0112 0.9977 -0.0664
vn -0.2293 0.8745 -0.4273
vn -0.0112 0.9977 -0.0665
vn -0.4536 0.4255 -0.7831
vn 0.1552 0.9400 0.3039
vn -0.1385 0.9897 0.0356
vn -0.4335 0.8617 -0.2638
vn -0.1386 0.9897 0.0355
vn -0.6972 0.4102 -0.5880
vn 0.1296 0.9313 0.3403
vn -0.2308 0.9586 0.1667
vn -0.5814 0.8118 -0.0535
vn -0.2309 0.9586 0.1667
vn -0.8738 0.3507 -0.3370
vn 0.1162 0.9171 0.3813
vn -0.2790 0.9075 0.3141
vn -0.6587 0.7298 0.1830
vn -0.2791 0.9074 0.3141
vn -0.9660 0.2528 -0.0549
vn -0.8720 -0.0236 0.4890
vn -0.6936 -0.1690 0.7002
vn -0.4487 -0.3026 0.8409
vn -0.1612 -0.4112 0.8972
vn 0.1406 -0.4843 0.8635
vn 0.4274 -0.5147 0.7433
vn 0.6709 -0.4994 0.5482
vn 0.8474 -0.4399 0.2974
vn 0.9396 -0.3420 0.0154
vn 0.9384 -0.2154 -0.2702
vn 0.8440 -0.0724 -0.5314
vn 0.6656 0.0730 -0.7427
vn 0.4207 0.2066 -0.8834
vn 0.1333 0.3152 -0.9396
vn -0.1686 0.3883 -0.9060
vn -0.4553 0.4186 -0.7858
vn -0.6989 0.4033 -0.5907
vn -0.8754 0.3438 -0.3399
vn -0.9675 0.2460 -0.0579
vn -0.9664 0.1194 0.2277
vn -0.5661 -0.8075 -0.1661
vn -0.6022 -0.7528 -0.2660
vn -0.8792 -0.3951 0.2663
vn -0.9625 -0.2688 0.0356
vn -0.8791 -0.3952 0.2664
vn -0.7216 -0.5236 0.4529
vn -0.4979 -0.8631 -0.0853
vn -0.5053 -0.6415 0.5772
vn -0.4042 -0.9141 -0.0315
vn -0.2514 -0.7374 0.6269
vn -0.2943 -0.9557 -0.0099
vn 0.0152 -0.8020 0.5972
vn -0.1788 -0.9836 -0.0228
vn 0.2684 -0.8288 0.4910
vn -0.0692 -0.9952 -0.0688
vn 0.4835 -0.8153 0.3187
vn 0.0240 -0.9894 -0.1434
vn 0.6394 -0.7627 0.0972
vn 0.0915 -0.9666 -0.2393
vn 0.7208 -0.6763 -0.1519
vn 0.1267 -0.9292 -0.3472
vn 0.7197 -0.5645 -0.4041
vn 0.1263 -0.8808 -0.4564
vn 0.6364 -0.4382 -0.6348
vn 0.0902 -0.8261 -0.5563
vn 0.4788 -0.3098 -0.8214
vn 0.0219 -0.7705 -0.6371
vn 0.2625 -0.1918 -0.9457
vn -0.0717 -0.7194 -0.6909
vn 0.0087 -0.0959 -0.9954
vn -0.1816 -0.6779 -0.7124
vn -0.2579 -0.0314 -0.9656
vn -0.2971 -0.6499 -0.6995
vn -0.5112 -0.0045 -0.8595
vn -0.4067 -0.6383 -0.6535
vn -0.7263 -0.0181 -0.6872
vn -0.4999 -0.6442 -0.5789
vn -0.8821 -0.0706 -0.4657
vn -0.5674 -0.6669 -0.4830
vn -0.9636 -0.1570 -0.2166
vn -0.6026 -0.7043 -0.3752
vn -0.1213 0.9883 0.0923
vn -0.1544 0.9865 0.0549
vn -0.3726 0.8346 0.4056
vn -0.4885 0.8282 0.2746
vn -0.6336 -0.0550 0.7717
vn -0.5576 0.5194 0.6475
vn -0.7359 0.5094 0.4461
vn -0.8403 -0.0664 0.5380
vn -0.3726 0.8346 0.4057
vn -0.0783 0.9900 0.1176
vn -0.2218 0.8404 0.4944
vn -0.5576 0.5194 0.6476
vn -0.3258 0.5282 0.7841
vn -0.2218 0.8404 0.4945
vn -0.3648 -0.0446 0.9300
vn -0.0295 0.9913 0.1284
vn -0.0510 0.8450 0.5323
vn -0.0631 0.5357 0.8420
vn -0.0601 -0.0364 0.9975
vn 0.0202 0.9921 0.1236
vn 0.1233 0.8480 0.5155
vn 0.2047 0.5402 0.8162
vn 0.1233 0.8479 0.5155
vn 0.2506 -0.0312 0.9676
vn 0.0660 0.9924 0.1037
vn 0.2838 0.8490 0.4457
vn 0.4516 0.5414 0.7092
vn 0.2839 0.8490 0.4457
vn 0.5369 -0.0294 0.8431
vn 0.1035 0.9921 0.0706
vn 0.4150 0.8480 0.3297
vn 0.6532 0.5398 0.5309
vn 0.4150 0.8479 0.3298
vn 0.7708 -0.0312 0.6364
vn 0.1289 0.9913 0.0276
vn 0.5039 0.8450 0.1790
vn 0.7897 0.5357 0.2990
vn 0.9293 -0.0364 0.3675
vn 0.1397 0.9900 -0.0212
vn 0.5418 0.8404 0.0081
vn 0.8484 0.5281 0.0364
vn 0.5419 0.8404 0.0081
vn 0.9970 -0.0446 0.0629
vn 0.1349 0.9883 -0.0709
vn 0.5252 0.8346 -0.1660
vn 0.8224 0.5197 -0.2313
vn 0.5252 0.8346 -0.1661
vn 0.9673 -0.0550 -0.2477
vn 0.1150 0.9865 -0.1167
vn 0.4554 0.8282 -0.3265
vn 0.7153 0.5099 -0.4779
vn 0.4555 0.8282 -0.3265
vn 0.8430 -0.0664 -0.5339
vn 0.0819 0.9847 -0.1541
vn 0.3395 0.8218 -0.4575
vn 0.5373 0.4995 -0.6796
vn 0.3396 0.8218 -0.4576
vn 0.6363 -0.0779 -0.7675
vn 0.0389 0.9830 -0.1794
vn 0.1888 0.8160 -0.5463
vn 0.3055 0.4908 -0.8160
vn 0.1888 0.8160 -0.5464
vn 0.3674 -0.0882 -0.9259
vn -0.0099 0.9817 -0.1902
vn 0.0179 0.8114 -0.5842
vn 0.0428 0.4841 -0.8740
vn 0.0627 -0.0964 -0.9934
vn -0.0596 0.9808 -0.1855
vn -0.1563 0.8085 -0.5674
vn -0.2250 0.4795 -0.8482
vn -0.1563 0.8084 -0.5675
vn -0.2480 -0.1016 -0.9634
vn -0.1054 0.9806 -0.1655
vn -0.3169 0.8075 -0.4976
vn -0.4719 0.4777 -0.7411
vn -0.3169 0.8074 -0.4977
vn -0.5342 -0.1034 -0.8390
vn -0.1428 0.9808 -0.1324
vn -0.4480 0.8085 -0.3816
vn -0.6734 0.4795 -0.5627
vn -0.4481 0.8084 -0.3817
vn -0.7681 -0.1016 -0.6322
vn -0.1682 0.9817 -0.0894
vn -0.5369 0.8114 -0.2309
vn -0.8100 0.4840 -0.3309
vn -0.5370 0.8114 -0.2309
vn -0.9267 -0.0964 -0.3633
vn -0.1791 0.9830 -0.0406
vn -0.5749 0.8160 -0.0600
vn -0.8686 0.4907 -0.0684
vn -0.5750 0.8160 -0.0600
vn -0.9944 -0.0882 -0.0587
vn -0.1743 0.9847 0.0091
vn -0.5582 0.8218 0.1142
vn -0.8428 0.5000 0.1993
vn -0.5583 0.8218 0.1142
vn -0.9646 -0.0779 0.2519
vn -0.6332 -0.0619 0.7715
vn -0.3645 -0.0516 0.9298
vn -0.0599 -0.0434 0.9973
vn 0.2506 -0.0382 0.9673
vn 0.5368 -0.0363 0.8429
vn 0.7705 -0.0382 0.6363
vn 0.9290 -0.0434 0.3675
vn 0.9967 -0.0516 0.0631
vn 0.9669 -0.0619 -0.2474
vn 0.8427 -0.0734 -0.5334
vn 0.6361 -0.0848 -0.7669
vn 0.3674 -0.0951 -0.9252
vn 0.0629 -0.1033 -0.9927
vn -0.2477 -0.1086 -0.9627
vn -0.5338 -0.1104 -0.8384
vn -0.7676 -0.1086 -0.6317
vn -0.9261 -0.1033 -0.3629
vn -0.9937 -0.0951 -0.0585
vn -0.9640 -0.0848 0.2520
vn -0.8398 -0.0734 0.5380
vn -0.3374 -0.8240 0.4551
vn -0.4527 -0.8304 0.3248
vn -0.5981 -0.3023 0.7422
vn -0.7948 -0.3132 0.5199
vn -0.5980 -0.3023 0.7423
vn -0.3422 -0.2924 0.8930
vn -0.1875 -0.8183 0.5434
vn -0.0522 -0.2846 0.9572
vn -0.0177 -0.8137 0.5810
vn 0.2435 -0.2796 0.9287
vn 0.1555 -0.8108 0.5643
vn 0.5160 -0.2779 0.8103
vn 0.3151 -0.8098 0.4949
vn 0.7385 -0.2796 0.6135
vn 0.4455 -0.8108 0.3796
vn 0.8894 -0.2846 0.3576
vn 0.5339 -0.8137 0.2297
vn 0.9539 -0.2924 0.0677
vn 0.5717 -0.8183 0.0599
vn 0.9256 -0.3023 -0.2279
vn 0.5551 -0.8240 -0.1132
vn 0.8073 -0.3132 -0.5003
vn 0.4858 -0.8304 -0.2728
vn 0.6105 -0.3241 -0.7226
vn 0.3706 -0.8368 -0.4030
vn 0.3547 -0.3339 -0.8733
vn 0.2207 -0.8426 -0.4913
vn 0.0647 -0.3417 -0.9376
vn 0.0508 -0.8471 -0.5289
vn -0.2310 -0.3467 -0.9091
vn -0.1224 -0.8501 -0.5123
vn -0.5035 -0.3484 -0.7907
vn -0.2820 -0.8511 -0.4429
vn -0.7260 -0.3467 -0.5939
vn -0.4124 -0.8501 -0.3276
vn -0.8769 -0.3417 -0.3380
vn -0.5008 -0.8471 -0.1777
vn -0.9414 -0.3339 -0.0480
vn -0.5385 -0.8426 -0.0079
vn -0.9131 -0.3241 0.2476
vn -0.5220 -0.8368 0.1653
vn 0.0463 0.9429 0.3298
vn 0.0170 0.9547 0.2971
vn -0.2152 0.7804 0.5871
vn -0.3204 0.8228 0.4694
vn -0.6515 -0.1601 0.7416
vn -0.4606 0.4594 0.7594
vn -0.6293 0.5273 0.5709
vn -0.8523 -0.0793 0.5171
vn -0.2153 0.7803 0.5872
vn -0.3205 0.8227 0.4695
vn 0.0847 0.9323 0.3517
vn -0.0771 0.7421 0.6658
vn -0.2152 0.7803 0.5872
vn -0.4606 0.4594 0.7595
vn -0.2393 0.3981 0.8856
vn -0.0771 0.7421 0.6659
vn -0.3881 -0.2330 0.8917
vn 0.1284 0.9238 0.3606
vn 0.0803 0.7118 0.6978
vn 0.0130 0.3494 0.9369
vn 0.0803 0.7117 0.6978
vn -0.0878 -0.2908 0.9527
vn 0.1733 0.9184 0.3556
vn 0.2416 0.6923 0.6800
vn 0.2716 0.3182 0.9083
vn 0.2416 0.6922 0.6800
vn 0.2199 -0.3279 0.9187
vn 0.2148 0.9166 0.3373
vn 0.3910 0.6856 0.6140
vn 0.5111 0.3074 0.8027
vn 0.3911 0.6855 0.6141
vn 0.5050 -0.3407 0.7930
vn 0.2490 0.9184 0.3074
vn 0.5140 0.6923 0.5065
vn 0.7082 0.3182 0.6303
vn 0.5140 0.6923 0.5066
vn 0.7395 -0.3279 0.5879
vn 0.2724 0.9238 0.2689
vn 0.5983 0.7118 0.3679
vn 0.8434 0.3494 0.4081
vn 0.5984 0.7117 0.3679
vn 0.9005 -0.2908 0.3234
vn 0.2829 0.9323 0.2255
vn 0.6359 0.7421 0.2117
vn 0.9037 0.3981 0.1578
vn 0.6360 0.7421 0.2117
vn 0.9721 -0.2330 0.0255
vn 0.2793 0.9429 0.1815
vn 0.6230 0.7804 0.0534
vn 0.8830 0.4594 -0.0961
vn 0.6231 0.7803 0.0533
vn 0.9475 -0.1601 -0.2767
vn 0.2620 0.9547 0.1411
vn 0.5609 0.8228 -0.0918
vn 0.7835 0.5273 -0.3288
vn 0.5610 0.8227 -0.0918
vn 0.8290 -0.0793 -0.5535
vn 0.2328 0.9665 0.1084
vn 0.4557 0.8651 -0.2095
vn 0.6148 0.5953 -0.5174
vn 0.6282 0.0015 -0.7780
vn 0.1944 0.9771 0.0865
vn 0.3176 0.9034 -0.2881
vn 0.3934 0.6566 -0.6435
vn 0.3176 0.9034 -0.2882
vn 0.3648 0.0743 -0.9281
vn 0.1506 0.9855 0.0776
vn 0.1602 0.9337 -0.3201
vn 0.1411 0.7052 -0.6948
vn 0.1602 0.9337 -0.3202
vn 0.0646 0.1322 -0.9891
vn 0.1058 0.9910 0.0826
vn -0.0011 0.9532 -0.3023
vn -0.1174 0.7364 -0.6662
vn -0.2431 0.1692 -0.9551
vn 0.0643 0.9928 0.1009
vn -0.1505 0.9599 -0.2364
vn -0.3570 0.7472 -0.5606
vn -0.1506 0.9599 -0.2364
vn -0.5281 0.1820 -0.8294
vn 0.0301 0.9910 0.1308
vn -0.2735 0.9532 -0.1289
vn -0.5540 0.7364 -0.3882
vn -0.7626 0.1692 -0.6243
vn 0.0066 0.9855 0.1693
vn -0.3578 0.9337 0.0098
vn -0.6893 0.7052 -0.1660
vn -0.3579 0.9337 0.0097
vn -0.9236 0.1322 -0.3599
vn -0.0038 0.9771 0.2128
vn -0.3954 0.9034 0.1659
vn -0.7495 0.6566 0.0843
vn -0.3955 0.9034 0.1659
vn -0.9953 0.0743 -0.0620
vn -0.0002 0.9665 0.2568
vn -0.3825 0.8652 0.3243
vn -0.7289 0.5953 0.3382
vn -0.3826 0.8651 0.3243
vn -0.9707 0.0014 0.2402
vn -0.6521 -0.1676 0.7394
vn -0.3889 -0.2404 0.8893
vn -0.0889 -0.2982 0.9504
vn 0.2186 -0.3353 0.9164
vn 0.5035 -0.3481 0.7907
vn 0.7379 -0.3353 0.5858
vn 0.8987 -0.2982 0.3215
vn 0.9704 -0.2404 0.0238
vn 0.9458 -0.1676 -0.2782
vn 0.8274 -0.0869 -0.5549
vn 0.6267 -0.0062 -0.7792
vn 0.3635 0.0666 -0.9292
vn 0.0635 0.1245 -0.9902
vn -0.2440 0.1615 -0.9562
vn -0.5289 0.1743 -0.8306
vn -0.7632 0.1615 -0.6256
vn -0.9241 0.1244 -0.3614
vn -0.9957 0.0666 -0.0637
vn -0.9712 -0.0062 0.2383
vn -0.8528 -0.0869 0.5150
vn -0.6521 -0.1676 0.7393
vn -0.4903 -0.8297 0.2669
vn -0.6083 -0.7821 0.1350
vn -0.6553 -0.3597 0.6643
vn -0.8479 -0.2821 0.4489
vn -0.6552 -0.3597 0.6643
vn -0.4025 -0.4297 0.8083
vn -0.3356 -0.8725 0.3551
vn -0.1144 -0.4853 0.8669
vn -0.1591 -0.9065 0.3910
vn 0.1809 -0.5209 0.8342
vn 0.0217 -0.9284 0.3710
vn 0.4544 -0.5332 0.7136
vn 0.1892 -0.9359 0.2971
vn 0.6794 -0.5209 0.5168
vn 0.3270 -0.9284 0.1766
vn 0.8339 -0.4853 0.2630
vn 0.4216 -0.9065 0.0212
vn 0.9027 -0.4297 -0.0228
vn 0.4637 -0.8725 -0.1538
vn 0.8791 -0.3597 -0.3127
vn 0.4493 -0.8297 -0.3314
vn 0.7654 -0.2821 -0.5784
vn 0.3797 -0.7821 -0.4941
vn 0.5728 -0.2045 -0.7938
vn 0.2617 -0.7346 -0.6260
vn 0.3200 -0.1345 -0.9378
vn 0.1069 -0.6918 -0.7142
vn 0.0319 -0.0790 -0.9964
vn -0.0695 -0.6577 -0.7500
vn -0.2633 -0.0433 -0.9637
vn -0.2503 -0.6359 -0.7301
vn -0.5369 -0.0310 -0.8431
vn -0.4178 -0.6284 -0.6562
vn -0.7619 -0.0433 -0.6463
vn -0.5556 -0.6359 -0.5356
vn -0.9163 -0.0790 -0.3925
vn -0.6502 -0.6577 -0.3803
vn -0.9851 -0.1345 -0.1067
vn -0.6924 -0.6918 -0.2052
vn -0.9616 -0.2045 0.1832
vn -0.6779 -0.7346 -0.0277
vn -0.2687 0.9332 0.2385
vn -0.3034 0.9321 0.1980
vn -0.5019 0.6828 0.5310
vn -0.6210 0.6788 0.3919
vn -0.6239 -0.2297 0.7469
vn -0.6311 0.3081 0.7119
vn -0.8090 0.3022 0.5042
vn -0.8273 -0.2366 0.5096
vn -0.5020 0.6827 0.5310
vn -0.6211 0.6787 0.3919
vn -0.2235 0.9376 0.2665
vn -0.3466 0.6977 0.6270
vn -0.5019 0.6827 0.5310
vn -0.6310 0.3081 0.7120
vn -0.3990 0.3304 0.8553
vn -0.6239 -0.2297 0.7470
vn -0.3589 -0.2042 0.9108
vn -0.1721 0.9447 0.2792
vn -0.1703 0.7221 0.6704
vn -0.1358 0.3669 0.9203
vn -0.1703 0.7221 0.6705
vn -0.0581 -0.1625 0.9850
vn -0.1197 0.9539 0.2753
vn 0.0096 0.7537 0.6572
vn 0.1331 0.4140 0.9005
vn 0.0096 0.7536 0.6572
vn 0.2491 -0.1087 0.9624
vn -0.0713 0.9642 0.2553
vn 0.1756 0.7892 0.5885
vn 0.3811 0.4672 0.7978
vn 0.1757 0.7892 0.5885
vn 0.5324 -0.0481 0.8451
vn -0.0317 0.9747 0.2211
vn 0.3115 0.8253 0.4710
vn 0.5841 0.5210 0.6224
vn 0.3116 0.8253 0.4711
vn 0.7643 0.0135 0.6447
vn -0.0048 0.9844 0.1760
vn 0.4039 0.8583 0.3164
vn 0.7222 0.5704 0.3914
vn 0.4040 0.8583 0.3164
vn 0.9220 0.0699 0.3807
vn 0.0068 0.9922 0.1245
vn 0.4438 0.8852 0.1396
vn 0.7817 0.6105 0.1273
vn 0.4439 0.8852 0.1396
vn 0.9901 0.1157 0.0790
vn 0.0020 0.9974 0.0716
vn 0.4273 0.9031 -0.0419
vn 0.7570 0.6374 -0.1439
vn 0.4273 0.9031 -0.0420
vn 0.9619 0.1464 -0.2308
vn -0.0188 0.9996 0.0225
vn 0.3559 0.9105 -0.2105
vn 0.6505 0.6483 -0.3957
vn 0.3560 0.9105 -0.2105
vn 0.8402 0.1589 -0.5185
vn -0.0535 0.9984 -0.0180
vn 0.2368 0.9065 -0.3496
vn 0.4725 0.6423 -0.6035
vn 0.6369 0.1521 -0.7558
vn -0.0987 0.9941 -0.0460
vn 0.0815 0.8915 -0.4455
vn 0.2405 0.6200 -0.7468
vn 0.0815 0.8915 -0.4456
vn 0.3718 0.1266 -0.9196
vn -0.1501 0.9869 -0.0587
vn -0.0947 0.8671 -0.4890
vn -0.0228 0.5835 -0.8118
vn -0.0947 0.8671 -0.4891
vn 0.0710 0.0849 -0.9939
vn -0.2025 0.9777 -0.0548
vn -0.2747 0.8356 -0.4758
vn -0.2916 0.5364 -0.7920
vn -0.2747 0.8355 -0.4758
vn -0.2361 0.0311 -0.9712
vn -0.2509 0.9674 -0.0348
vn -0.4407 0.8000 -0.4071
vn -0.5396 0.4833 -0.6893
vn -0.4408 0.8000 -0.4071
vn -0.5195 -0.0296 -0.8540
vn -0.2905 0.9569 -0.0006
vn -0.5766 0.7640 -0.2896
vn -0.7426 0.4295 -0.5139
vn -0.5766 0.7639 -0.2897
vn -0.7514 -0.0911 -0.6535
vn -0.3174 0.9472 0.0445
vn -0.6690 0.7309 -0.1350
vn -0.8807 0.3800 -0.2829
vn -0.9091 -0.1476 -0.3896
vn -0.3290 0.9394 0.0960
vn -0.7089 0.7041 0.0418
vn -0.9402 0.3400 -0.0188
vn -0.7089 0.7040 0.0418
vn -0.9772 -0.1934 -0.0879
vn -0.3242 0.9342 0.1489
vn -0.6924 0.6861 0.2233
vn -0.9156 0.3131 0.2524
vn -0.9490 -0.2240 0.2219
vn -0.6227 -0.2359 0.7461
vn -0.3577 -0.2105 0.9098
vn -0.0570 -0.1688 0.9840
vn 0.2500 -0.1150 0.9614
vn 0.5333 -0.0543 0.8442
vn 0.7652 0.0072 0.6438
vn 0.9228 0.0636 0.3799
vn 0.9909 0.1094 0.0783
vn 0.9627 0.1401 -0.2314
vn 0.8410 0.1526 -0.5190
vn 0.6377 0.1458 -0.7563
vn 0.3728 0.1203 -0.9201
vn 0.0720 0.0786 -0.9943
vn -0.2350 0.0248 -0.9717
vn -0.5183 -0.0359 -0.8544
vn -0.7501 -0.0974 -0.6541
vn -0.9078 -0.1538 -0.3902
vn -0.9759 -0.1996 -0.0886
vn -0.9477 -0.2302 0.2211
vn -0.8260 -0.2428 0.5087
vn -0.6227 -0.2359 0.7460
vn -0.1299 -0.9646 0.2294
vn -0.2192 -0.9676 0.1252
vn -0.5074 -0.5781 0.6390
vn -0.6928 -0.5843 0.4226
vn -0.2657 -0.5548 0.7884
vn -0.0135 -0.9534 0.3014
vn 0.0085 -0.5168 0.8561
vn 0.1186 -0.9351 0.3340
vn 0.2886 -0.4677 0.8354
vn 0.2534 -0.9115 0.3240
vn 0.5470 -0.4124 0.7285
vn 0.3779 -0.8848 0.2725
vn 0.7584 -0.3563 0.5458
vn 0.4797 -0.8578 0.1845
vn 0.9022 -0.3048 0.3051
vn 0.5490 -0.8330 0.0686
vn 0.9643 -0.2631 0.0300
vn 0.5789 -0.8129 -0.0639
vn 0.9386 -0.2351 -0.2525
vn 0.5665 -0.7995 -0.1999
vn 0.8276 -0.2237 -0.5148
vn 0.5130 -0.7939 -0.3263
vn 0.6422 -0.2299 -0.7313
vn 0.4237 -0.7969 -0.4305
vn 0.4005 -0.2532 -0.8806
vn 0.3073 -0.8082 -0.5024
vn 0.1262 -0.2912 -0.9483
vn 0.1753 -0.8265 -0.5350
vn -0.1538 -0.3403 -0.9277
vn 0.0404 -0.8501 -0.5251
vn -0.4122 -0.3956 -0.8207
vn -0.0841 -0.8767 -0.4736
vn -0.6236 -0.4517 -0.6380
vn -0.1859 -0.9038 -0.3856
vn -0.7675 -0.5032 -0.3973
vn -0.2551 -0.9285 -0.2697
vn -0.8295 -0.5449 -0.1222
vn -0.2850 -0.9486 -0.1372
vn -0.8038 -0.5729 0.1603
vn -0.2727 -0.9621 -0.0011
vn -0.2562 0.9536 0.1580
vn -0.2970 0.9486 0.1093
vn -0.5210 0.6927 0.4987
vn -0.6522 0.6766 0.3418
vn -0.6443 -0.1184 0.7555
vn -0.6422 0.3377 0.6881
vn -0.8239 0.3154 0.4709
vn -0.8443 -0.1430 0.5164
vn -0.5211 0.6926 0.4987
vn -0.6522 0.6765 0.3419
vn -0.2025 0.9603 0.1917
vn -0.3482 0.7143 0.6070
vn -0.6421 0.3377 0.6882
vn -0.4028 0.3677 0.8382
vn -0.3482 0.7143 0.6071
vn -0.6443 -0.1184 0.7556
vn -0.3808 -0.0855 0.9207
vn -0.1411 0.9681 0.2070
vn -0.1506 0.7394 0.6562
vn -0.1292 0.4023 0.9063
vn -0.1506 0.7393 0.6563
vn -0.0797 -0.0473 0.9957
vn -0.0780 0.9762 0.2024
vn 0.0523 0.7653 0.6415
vn 0.1518 0.4383 0.8859
vn 0.0523 0.7653 0.6416
vn 0.2297 -0.0077 0.9732
vn -0.0194 0.9838 0.1784
vn 0.2407 0.7897 0.5643
vn 0.4128 0.4720 0.7790
vn 0.2408 0.7896 0.5643
vn 0.5170 0.0294 0.8555
vn 0.0289 0.9901 0.1373
vn 0.3963 0.8101 0.4321
vn 0.6282 0.5003 0.5959
vn 0.3963 0.8100 0.4321
vn 0.7541 0.0605 0.6540
vn 0.0623 0.9946 0.0832
vn 0.5036 0.8245 0.2579
vn 0.7769 0.5202 0.3547
vn 0.5037 0.8245 0.2579
vn 0.9178 0.0825 0.3885
vn 0.0775 0.9968 0.0213
vn 0.5524 0.8315 0.0588
vn 0.8443 0.5300 0.0789
vn 0.9920 0.0932 0.0849
vn 0.0729 0.9964 -0.0423
vn 0.5376 0.8305 -0.1458
vn 0.8239 0.5285 -0.2044
vn 0.5377 0.8304 -0.1458
vn 0.9696 0.0916 -0.2270
vn 0.0490 0.9936 -0.1014
vn 0.4609 0.8215 -0.3358
vn 0.7177 0.5160 -0.4676
vn 0.4610 0.8214 -0.3358
vn 0.8526 0.0779 -0.5167
vn 0.0083 0.9886 -0.1502
vn 0.3297 0.8053 -0.4927
vn 0.5360 0.4937 -0.6848
vn 0.3298 0.8053 -0.4927
vn 0.6526 0.0532 -0.7558
vn -0.0455 0.9819 -0.1839
vn 0.1569 0.7837 -0.6010
vn 0.2967 0.4637 -0.8348
vn 0.3892 0.0203 -0.9209
vn -0.1069 0.9741 -0.1992
vn -0.0407 0.7587 -0.6502
vn 0.0231 0.4291 -0.9030
vn -0.0406 0.7586 -0.6503
vn 0.0880 -0.0179 -0.9960
vn -0.1700 0.9660 -0.1946
vn -0.2436 0.7327 -0.6354
vn -0.2580 0.3931 -0.8826
vn -0.2436 0.7327 -0.6355
vn -0.2214 -0.0575 -0.9735
vn -0.2286 0.9585 -0.1706
vn -0.4320 0.7084 -0.5582
vn -0.5189 0.3594 -0.7756
vn -0.4321 0.7083 -0.5583
vn -0.5087 -0.0946 -0.8558
vn -0.2769 0.9521 -0.1295
vn -0.5875 0.6880 -0.4260
vn -0.7343 0.3311 -0.5925
vn -0.5876 0.6879 -0.4261
vn -0.7458 -0.1257 -0.6543
vn -0.3103 0.9477 -0.0753
vn -0.6949 0.6735 -0.2519
vn -0.8830 0.3112 -0.3513
vn -0.6950 0.6735 -0.2519
vn -0.9094 -0.1477 -0.3887
vn -0.3254 0.9455 -0.0134
vn -0.7436 0.6665 -0.0528
vn -0.9505 0.3015 -0.0756
vn -0.7437 0.6665 -0.0527
vn -0.9837 -0.1584 -0.0852
vn -0.3209 0.9458 0.0502
vn -0.7289 0.6676 0.1519
vn -0.9301 0.3029 0.2078
vn -0.7290 0.6675 0.1519
vn -0.9613 -0.1568 0.2267
vn -0.6435 -0.1237 0.7554
vn -0.3801 -0.0907 0.9205
vn -0.0790 -0.0526 0.9955
vn 0.2303 -0.0130 0.9730
vn 0.5176 0.0241 0.8553
vn 0.7546 0.0552 0.6538
vn 0.9183 0.0772 0.3884
vn 0.9925 0.0879 0.0849
vn 0.9701 0.0863 -0.2270
vn 0.8532 0.0725 -0.5166
vn 0.6532 0.0480 -0.7557
vn 0.3898 0.0150 -0.9208
vn 0.0887 -0.0231 -0.9958
vn -0.2207 -0.0627 -0.9733
vn -0.5079 -0.0999 -0.8556
vn -0.7449 -0.1310 -0.6542
vn -0.9086 -0.1529 -0.3887
vn -0.9828 -0.1636 -0.0852
vn -0.9604 -0.1620 0.2267
vn -0.8435 -0.1483 0.5163
vn -0.6435 -0.1237 0.7553
vn -0.2199 -0.8985 0.3799
vn -0.3213 -0.9110 0.2586
vn -0.5629 -0.4291 0.7064
vn -0.7502 -0.4521 0.4824
vn -0.3161 -0.3982 0.8611
vn -0.0862 -0.8818 0.4637
vn -0.0340 -0.3625 0.9314
vn 0.0666 -0.8624 0.5018
vn 0.2558 -0.3254 0.9103
vn 0.2236 -0.8423 0.4904
vn 0.5249 -0.2906 0.8000
vn 0.3693 -0.8235 0.4307
vn 0.7470 -0.2615 0.6113
vn 0.4896 -0.8077 0.3284
vn 0.9003 -0.2409 0.3626
vn 0.5727 -0.7966 0.1937
vn 0.9698 -0.2309 0.0782
vn 0.6104 -0.7911 0.0397
vn 0.9488 -0.2324 -0.2139
vn 0.5990 -0.7919 -0.1186
vn 0.8393 -0.2452 -0.4853
vn 0.5396 -0.7989 -0.2655
vn 0.6519 -0.2683 -0.7092
vn 0.4382 -0.8114 -0.3869
vn 0.4051 -0.2991 -0.8639
vn 0.3045 -0.8281 -0.4706
vn 0.1230 -0.3349 -0.9342
vn 0.1517 -0.8475 -0.5087
vn -0.1667 -0.3720 -0.9132
vn -0.0053 -0.8676 -0.4973
vn -0.4358 -0.4068 -0.8029
vn -0.1510 -0.8864 -0.4376
vn -0.6579 -0.4359 -0.6141
vn -0.2713 -0.9022 -0.3353
vn -0.8113 -0.4565 -0.3654
vn -0.3544 -0.9133 -0.2006
vn -0.8808 -0.4665 -0.0811
vn -0.3921 -0.9188 -0.0466
vn -0.8598 -0.4650 0.2111
vn -0.3807 -0.9179 0.1116
vn 0.4285 0.8862 -0.1764
vn 0.4058 0.8892 -0.2114
vn 0.1625 0.9841 0.0711
vn 0.0793 0.9952 -0.0573
vn -0.5999 0.5069 0.6191
vn -0.1734 0.9227 0.3442
vn -0.3118 0.9411 0.1307
vn -0.7694 0.5294 0.3576
vn 0.1624 0.9842 0.0712
vn 0.0792 0.9952 -0.0573
vn 0.4587 0.8760 -0.1494
vn 0.2733 0.9467 0.1704
vn 0.1625 0.9841 0.0712
vn -0.1734 0.9227 0.3443
vn 0.0109 0.8605 0.5093
vn 0.2733 0.9467 0.1705
vn -0.5998 0.5069 0.6191
vn -0.3742 0.4306 0.8213
vn 0.4934 0.8596 -0.1329
vn 0.4009 0.8866 0.2308
vn 0.2229 0.7605 0.6099
vn 0.4008 0.8866 0.2310
vn -0.1144 0.3081 0.9444
vn 0.5293 0.8386 -0.1286
vn 0.5327 0.8096 0.2465
vn 0.4421 0.6325 0.6360
vn 0.5327 0.8096 0.2466
vn 0.1540 0.1514 0.9764
vn 0.5629 0.8151 -0.1369
vn 0.6558 0.7234 0.2159
vn 0.6468 0.4891 0.5851
vn 0.6558 0.7233 0.2160
vn 0.4048 -0.0242 0.9141
vn 0.5908 0.7914 -0.1571
vn 0.7583 0.6363 0.1420
vn 0.8172 0.3443 0.4622
vn 0.7583 0.6362 0.1421
vn 0.6134 -0.2016 0.7636
vn 0.6103 0.7698 -0.1870
vn 0.8300 0.5568 0.0321
vn 0.9364 0.2123 0.2794
vn 0.7595 -0.3633 0.5396
vn 0.6196 0.7523 -0.2239
vn 0.8639 0.4929 -0.1032
vn 0.9929 0.1060 0.0545
vn 0.8640 0.4928 -0.1032
vn 0.8286 -0.4936 0.2642
vn 0.6176 0.7408 -0.2640
vn 0.8568 0.4506 -0.2505
vn 0.9810 0.0357 -0.1905
vn 0.8569 0.4506 -0.2505
vn 0.8141 -0.5796 -0.0359
vn 0.6047 0.7364 -0.3035
vn 0.8093 0.4343 -0.3955
vn 0.9021 0.0085 -0.4315
vn 0.8094 0.4342 -0.3955
vn 0.7174 -0.6130 -0.3311
vn 0.5820 0.7394 -0.3385
vn 0.7261 0.4454 -0.5239
vn 0.7637 0.0269 -0.6450
vn 0.7261 0.4453 -0.5239
vn 0.5479 -0.5904 -0.5926
vn 0.5518 0.7496 -0.3655
vn 0.6153 0.4827 -0.6232
vn 0.5794 0.0891 -0.8101
vn 0.6153 0.4827 -0.6233
vn 0.3222 -0.5142 -0.7948
vn 0.5171 0.7660 -0.3820
vn 0.4877 0.5429 -0.6837
vn 0.3674 0.1891 -0.9107
vn 0.4877 0.5428 -0.6837
vn 0.0625 -0.3917 -0.9180
vn 0.4812 0.7869 -0.3863
vn 0.3559 0.6199 -0.6994
vn 0.1482 0.3171 -0.9368
vn 0.3559 0.6198 -0.6994
vn -0.2060 -0.2350 -0.9499
vn 0.4476 0.8104 -0.3780
vn 0.2328 0.7061 -0.6688
vn -0.0566 0.4605 -0.8859
vn 0.2327 0.7061 -0.6688
vn -0.4568 -0.0594 -0.8876
vn 0.4197 0.8342 -0.3578
vn 0.1303 0.7932 -0.5949
vn -0.2269 0.6053 -0.7630
vn 0.1302 0.7932 -0.5949
vn -0.6654 0.1180 -0.7371
vn 0.4002 0.8558 -0.3279
vn 0.0586 0.8726 -0.4849
vn -0.3461 0.7373 -0.5802
vn 0.0585 0.8726 -0.4849
vn -0.8114 0.2797 -0.5132
vn 0.3909 0.8732 -0.2910
vn 0.0247 0.9366 -0.3496
vn -0.4026 0.8436 -0.3553
vn 0.0246 0.9366 -0.3496
vn -0.8806 0.4100 -0.2377
vn 0.3929 0.8847 -0.2509
vn 0.0318 0.9788 -0.2023
vn -0.3907 0.9139 -0.1103
vn 0.0317 0.9788 -0.2023
vn -0.8661 0.4960 0.0623
vn -0.6037 0.4999 0.6210
vn -0.3782 0.4237 0.8231
vn -0.1185 0.3013 0.9461
vn 0.1498 0.1447 0.9781
vn 0.4005 -0.0309 0.9158
vn 0.6090 -0.2082 0.7654
vn 0.7550 -0.3698 0.5415
vn 0.8241 -0.5000 0.2662
vn 0.8096 -0.5860 -0.0337
vn 0.7129 -0.6194 -0.3288
vn 0.5435 -0.5969 -0.5902
vn 0.3179 -0.5207 -0.7924
vn 0.0583 -0.3982 -0.9154
vn -0.2100 -0.2416 -0.9474
vn -0.4607 -0.0660 -0.8851
vn -0.6692 0.1113 -0.7347
vn -0.8152 0.2729 -0.5108
vn -0.8843 0.4031 -0.2355
vn -0.8699 0.4891 0.0644
vn -0.7732 0.5224 0.3595
vn -0.6038 0.4999 0.6209
vn -0.6805 -0.5718 0.4581
vn -0.7407 -0.5638 0.3652
vn -0.7531 0.0622 0.6550
vn -0.8998 0.0817 0.4287
vn -0.5578 -0.0038 0.8300
vn -0.6003 -0.5989 0.5300
vn -0.3330 -0.1097 0.9365
vn -0.5081 -0.6424 0.5737
vn -0.1007 -0.2454 0.9642
vn -0.4127 -0.6981 0.5851
vn 0.1163 -0.3974 0.9103
vn -0.3236 -0.7605 0.5629
vn 0.2969 -0.5509 0.7800
vn -0.2495 -0.8235 0.5095
vn 0.4233 -0.6908 0.5862
vn -0.1976 -0.8810 0.4299
vn 0.4831 -0.8035 0.3478
vn -0.1730 -0.9273 0.3320
vn 0.4706 -0.8780 0.0882
vn -0.1782 -0.9578 0.2254
vn 0.3868 -0.9068 -0.1673
vn -0.2125 -0.9697 0.1205
vn 0.2402 -0.8873 -0.3936
vn -0.2728 -0.9617 0.0276
vn 0.0449 -0.8214 -0.5686
vn -0.3529 -0.9346 -0.0442
vn -0.1799 -0.7154 -0.6752
vn -0.4452 -0.8911 -0.0880
vn -0.4122 -0.5798 -0.7028
vn -0.5406 -0.8354 -0.0993
vn -0.6292 -0.4278 -0.6489
vn -0.6297 -0.7730 -0.0772
vn -0.8098 -0.2743 -0.5187
vn -0.7038 -0.7100 -0.0237
vn -0.9362 -0.1343 -0.3249
vn -0.7557 -0.6525 0.0559
vn -0.9960 -0.0216 -0.0865
vn -0.7803 -0.6063 0.1537
vn -0.9835 0.0528 0.1732
vn -0.7751 -0.5757 0.2603
vn -0.1218 0.9631 -0.2400
vn -0.1879 0.9427 -0.2756
vn -0.3008 0.9091 0.2882
vn -0.4950 0.8493 0.1837
vn -0.3854 0.3723 0.8443
vn -0.3717 0.6997 0.6102
vn -0.6206 0.6230 0.4762
vn -0.6509 0.2904 0.7014
vn -0.3008 0.9091 0.2883
vn -0.4950 0.8492 0.1837
vn -0.0464 0.9734 -0.2245
vn -0.0789 0.9393 0.3338
vn -0.0873 0.7384 0.6687
vn -0.0789 0.9393 0.3339
vn -0.3853 0.3723 0.8444
vn -0.0819 0.4136 0.9067
vn 0.0311 0.9726 -0.2305
vn 0.1489 0.9370 0.3161
vn 0.2048 0.7354 0.6459
vn 0.1489 0.9369 0.3162
vn 0.2297 0.4105 0.8825
vn 0.1030 0.9608 -0.2575
vn 0.3604 0.9023 0.2367
vn 0.4759 0.6909 0.5442
vn 0.3604 0.9022 0.2368
vn 0.5189 0.3630 0.7739
vn 0.1623 0.9391 -0.3028
vn 0.5348 0.8386 0.1035
vn 0.6995 0.6093 0.3734
vn 0.5349 0.8386 0.1036
vn 0.7574 0.2760 0.5917
vn 0.2033 0.9097 -0.3620
vn 0.6551 0.7522 -0.0705
vn 0.8537 0.4986 0.1503
vn 0.6552 0.7522 -0.0705
vn 0.9219 0.1578 0.3537
vn 0.2218 0.8755 -0.4293
vn 0.7095 0.6516 -0.2684
vn 0.9234 0.3696 -0.1033
vn 0.7096 0.6515 -0.2684
vn 0.9963 0.0202 0.0832
vn 0.2160 0.8398 -0.4981
vn 0.6927 0.5465 -0.4706
vn 0.9019 0.2349 -0.3626
vn 0.9733 -0.1235 -0.1934
vn 0.1866 0.8060 -0.5617
vn 0.6063 0.4473 -0.6575
vn 0.7911 0.1078 -0.6021
vn 0.8551 -0.2592 -0.4489
vn 0.1365 0.7776 -0.6138
vn 0.4587 0.3637 -0.8107
vn 0.6020 0.0006 -0.7985
vn 0.4588 0.3636 -0.8107
vn 0.6534 -0.3736 -0.6584
vn 0.0704 0.7573 -0.6493
vn 0.2645 0.3039 -0.9153
vn 0.3530 -0.0761 -0.9325
vn 0.2646 0.3038 -0.9153
vn 0.3878 -0.4555 -0.8013
vn -0.0050 0.7470 -0.6648
vn 0.0427 0.2736 -0.9609
vn 0.0686 -0.1149 -0.9910
vn 0.0844 -0.4968 -0.8637
vn -0.0825 0.7478 -0.6588
vn -0.1852 0.2760 -0.9432
vn -0.2234 -0.1119 -0.9683
vn -0.1852 0.2759 -0.9432
vn -0.2272 -0.4937 -0.8394
vn -0.1544 0.7596 -0.6318
vn -0.3967 0.3107 -0.8638
vn -0.4945 -0.0674 -0.8665
vn -0.3967 0.3106 -0.8638
vn -0.5164 -0.4462 -0.7309
vn -0.2138 0.7812 -0.5865
vn -0.5711 0.3744 -0.7306
vn -0.7181 0.0142 -0.6958
vn -0.5711 0.3743 -0.7306
vn -0.7549 -0.3592 -0.5487
vn -0.2547 0.8106 -0.5273
vn -0.6914 0.4607 -0.5565
vn -0.8723 0.1250 -0.4727
vn -0.9194 -0.2410 -0.3107
vn -0.2732 0.8448 -0.4600
vn -0.7458 0.5614 -0.3587
vn -0.9421 0.2540 -0.2191
vn -0.7458 0.5613 -0.3586
vn -0.9938 -0.1034 -0.0402
vn -0.2675 0.8806 -0.3912
vn -0.7290 0.6665 -0.1564
vn -0.9205 0.3886 0.0402
vn -0.7290 0.6664 -0.1564
vn -0.9708 0.0403 0.2364
vn -0.2381 0.9143 -0.3277
vn -0.6425 0.7656 0.0305
vn -0.8097 0.5158 0.2798
vn -0.6426 0.7656 0.0305
vn -0.8527 0.1760 0.4919
vn -0.3851 0.3682 0.8463
vn -0.0818 0.4095 0.9086
vn 0.2297 0.4064 0.8844
vn 0.5189 0.3589 0.7758
vn 0.7574 0.2719 0.5937
vn 0.9218 0.1538 0.3557
vn 0.9962 0.0162 0.0853
vn 0.9732 -0.1275 -0.1912
vn 0.8551 -0.2632 -0.4467
vn 0.6534 -0.3776 -0.6562
vn 0.3878 -0.4594 -0.7991
vn 0.0845 -0.5008 -0.8614
vn -0.2270 -0.4976 -0.8372
vn -0.5161 -0.4502 -0.7287
vn -0.7546 -0.3631 -0.5465
vn -0.9191 -0.2450 -0.3086
vn -0.9935 -0.1074 -0.0381
vn -0.9705 0.0363 0.2384
vn -0.8524 0.1719 0.4939
vn -0.6507 0.2863 0.7033
vn -0.3851 0.3682 0.8462
vn -0.2876 -0.2239 0.9312
vn -0.4965 -0.2883 0.8188
vn -0.3768 0.2560 0.8902
vn -0.6387 0.1753 0.7493
vn -0.3767 0.2560 0.8903
vn -0.0775 0.2967 0.9518
vn -0.0490 -0.1914 0.9803
vn 0.2298 0.2936 0.9279
vn 0.1961 -0.1939 0.9612
vn 0.5151 0.2468 0.8209
vn 0.4235 -0.2312 0.8759
vn 0.7503 0.1609 0.6412
vn 0.6112 -0.2997 0.7326
vn 0.9126 0.0444 0.4064
vn 0.7406 -0.3926 0.5454
vn 0.9860 -0.0914 0.1396
vn 0.7991 -0.5009 0.3326
vn 0.9633 -0.2331 -0.1332
vn 0.7810 -0.6139 0.1150
vn 0.8468 -0.3668 -0.3853
vn 0.6880 -0.7206 -0.0860
vn 0.6478 -0.4796 -0.5919
vn 0.5294 -0.8105 -0.2508
vn 0.3858 -0.5603 -0.7329
vn 0.3205 -0.8749 -0.3632
vn 0.0866 -0.6011 -0.7945
vn 0.0818 -0.9074 -0.4123
vn -0.2207 -0.5979 -0.7706
vn -0.1632 -0.9048 -0.3932
vn -0.5060 -0.5511 -0.6635
vn -0.3907 -0.8675 -0.3079
vn -0.7412 -0.4653 -0.4838
vn -0.5783 -0.7990 -0.1646
vn -0.9035 -0.3488 -0.2491
vn -0.7077 -0.7061 0.0226
vn -0.9769 -0.2130 0.0178
vn -0.7662 -0.5979 0.2354
vn -0.9542 -0.0713 0.2906
vn -0.7481 -0.4849 0.4530
vn -0.8377 0.0625 0.5426
vn -0.6552 -0.3782 0.6540
vn -0.3404 0.7608 0.5526
vn -0.3710 0.7744 0.5126
vn -0.5784 0.4176 0.7008
vn -0.6839 0.4647 0.5624
vn -0.6661 -0.5201 0.5347
vn -0.7019 -0.0012 0.7122
vn -0.8612 0.0699 0.5034
vn -0.8491 -0.4384 0.2948
vn -0.6840 0.4647 0.5624
vn -0.2989 0.7551 0.5836
vn -0.4347 0.3979 0.8079
vn -0.5784 0.4175 0.7008
vn -0.7019 -0.0012 0.7123
vn -0.4851 -0.0309 0.8739
vn -0.6660 -0.5201 0.5347
vn -0.4169 -0.5542 0.7204
vn -0.2504 0.7578 0.6025
vn -0.2669 0.4076 0.8733
vn -0.2319 -0.0163 0.9726
vn -0.2669 0.4075 0.8733
vn -0.1261 -0.5375 0.8338
vn -0.1996 0.7688 0.6075
vn -0.0915 0.4456 0.8905
vn 0.0328 0.0411 0.9986
vn -0.0915 0.4456 0.8906
vn 0.1780 -0.4716 0.8637
vn -0.1517 0.7870 0.5980
vn 0.0744 0.5083 0.8579
vn 0.2831 0.1357 0.9494
vn 0.0744 0.5083 0.8580
vn 0.4656 -0.3628 0.8072
vn -0.1111 0.8105 0.5751
vn 0.2145 0.5896 0.7787
vn 0.4945 0.2584 0.8299
vn 0.2146 0.5895 0.7787
vn 0.7086 -0.2220 0.6698
vn -0.0820 0.8370 0.5410
vn 0.3152 0.6814 0.6606
vn 0.6465 0.3968 0.6516
vn 0.8831 -0.0628 0.4650
vn -0.0672 0.8640 0.4989
vn 0.3665 0.7748 0.5152
vn 0.7239 0.5378 0.4322
vn 0.3665 0.7748 0.5151
vn 0.9720 0.0992 0.2129
vn -0.0681 0.8889 0.4531
vn 0.3635 0.8606 0.3566
vn 0.7193 0.6674 0.1929
vn 0.9668 0.2480 -0.0620
vn -0.0846 0.9091 0.4079
vn 0.3064 0.9306 0.2005
vn 0.6331 0.7729 -0.0426
vn 0.3064 0.9305 0.2005
vn 0.8678 0.3692 -0.3326
vn -0.1151 0.9227 0.3679
vn 0.2008 0.9777 0.0621
vn 0.4738 0.8440 -0.2514
vn 0.6848 0.4509 -0.5725
vn -0.1567 0.9284 0.3369
vn 0.0571 0.9974 -0.0450
vn 0.2570 0.8737 -0.4131
vn 0.0571 0.9973 -0.0451
vn 0.4356 0.4850 -0.7583
vn -0.2052 0.9256 0.3180
vn -0.1107 0.9877 -0.1104
vn 0.0038 0.8591 -0.5118
vn -0.1106 0.9877 -0.1104
vn 0.1448 0.4683 -0.8716
vn -0.2559 0.9146 0.3130
vn -0.2861 0.9497 -0.1276
vn -0.2608 0.8017 -0.5378
vn -0.2861 0.9497 -0.1277
vn -0.1593 0.4024 -0.9015
vn -0.3039 0.8965 0.3225
vn -0.4520 0.8870 -0.0950
vn -0.5112 0.7071 -0.4886
vn -0.4520 0.8869 -0.0951
vn -0.4469 0.2936 -0.8450
vn -0.3444 0.8730 0.3454
vn -0.5921 0.8057 -0.0158
vn -0.7226 0.5845 -0.3691
vn -0.6899 0.1528 -0.7076
vn -0.3735 0.8464 0.3795
vn -0.6927 0.7139 0.1023
vn -0.8745 0.4459 -0.1908
vn -0.6928 0.7139 0.1023
vn -0.8643 -0.0064 -0.5029
vn -0.3883 0.8194 0.4216
vn -0.7441 0.6205 0.2478
vn -0.9519 0.3050 0.0287
vn -0.7441 0.6204 0.2477
vn -0.9533 -0.1684 -0.2507
vn -0.3875 0.7946 0.4674
vn -0.7410 0.5346 0.4063
vn -0.9473 0.1754 0.2679
vn -0.7411 0.5346 0.4063
vn -0.9480 -0.3172 0.0241
vn -0.6643 -0.5256 0.5315
vn -0.4153 -0.5597 0.7171
vn -0.1245 -0.5430 0.8305
vn 0.1795 -0.4771 0.8603
vn 0.4670 -0.3684 0.8039
vn 0.7099 -0.2276 0.6665
vn 0.8843 -0.0684 0.4618
vn 0.9733 0.0935 0.2097
vn 0.9680 0.2423 -0.0650
vn 0.8691 0.3635 -0.3356
vn 0.6861 0.4451 -0.5754
vn 0.4371 0.4792 -0.7611
vn 0.1463 0.4625 -0.8745
vn -0.1577 0.3966 -0.9043
vn -0.4453 0.2879 -0.8479
vn -0.6881 0.1471 -0.7105
vn -0.8626 -0.0120 -0.5058
vn -0.9515 -0.1739 -0.2537
vn -0.9462 -0.3228 0.0210
vn -0.8473 -0.4439 0.2916
vn -0.6644 -0.5256 0.5314
vn -0.0824 -0.9797 -0.1829
vn -0.1612 -0.9445 -0.2863
vn -0.5162 -0.7998 0.3065
vn -0.6824 -0.7256 0.0886
vn -0.2900 -0.8308 0.4751
vn 0.0249 -0.9944 -0.1029
vn -0.0259 -0.8156 0.5781
vn 0.1502 -0.9872 -0.0541
vn 0.2503 -0.7557 0.6052
vn 0.2812 -0.9588 -0.0412
vn 0.5114 -0.6570 0.5539
vn 0.4050 -0.9120 -0.0656
vn 0.7321 -0.5291 0.4292
vn 0.5096 -0.8513 -0.1247
vn 0.8905 -0.3845 0.2432
vn 0.5848 -0.7827 -0.2129
vn 0.9713 -0.2375 0.0142
vn 0.6231 -0.7130 -0.3215
vn 0.9665 -0.1023 -0.2354
vn 0.6208 -0.6489 -0.4399
vn 0.8766 0.0078 -0.4811
vn 0.5782 -0.5967 -0.5564
vn 0.7104 0.0819 -0.6990
vn 0.4994 -0.5615 -0.6598
vn 0.4842 0.1129 -0.8676
vn 0.3921 -0.5468 -0.7398
vn 0.2201 0.0977 -0.9706
vn 0.2669 -0.5540 -0.7886
vn -0.0560 0.0379 -0.9977
vn 0.1359 -0.5824 -0.8015
vn -0.3172 -0.0609 -0.9464
vn 0.0120 -0.6292 -0.7771
vn -0.5378 -0.1888 -0.8217
vn -0.0926 -0.6899 -0.7180
vn -0.6963 -0.3333 -0.6357
vn -0.1677 -0.7584 -0.6298
vn -0.7770 -0.4804 -0.4067
vn -0.2061 -0.8282 -0.5212
vn -0.7723 -0.6156 -0.1572
vn -0.2038 -0.8923 -0.4028
vn 0.0634 0.9658 -0.2514
vn 0.0387 0.9587 -0.2819
vn -0.1827 0.9831 0.0144
vn -0.2742 0.9566 -0.0987
vn -0.6717 0.2976 0.6784
vn -0.4440 0.8337 0.3283
vn -0.5994 0.7887 0.1364
vn -0.8651 0.2417 0.4395
vn -0.1827 0.9831 0.0145
vn -0.2743 0.9566 -0.0987
vn 0.0964 0.9686 -0.2292
vn -0.0603 0.9935 0.0969
vn -0.4440 0.8337 0.3284
vn -0.2364 0.8513 0.4683
vn -0.0604 0.9935 0.0970
vn -0.4133 0.3196 0.8527
vn 0.1344 0.9668 -0.2174
vn 0.0808 0.9867 0.1408
vn 0.0030 0.8399 0.5427
vn -0.1153 0.3054 0.9452
vn 0.1738 0.9605 -0.2172
vn 0.2269 0.9636 0.1416
vn 0.2509 0.8006 0.5442
vn 0.1933 0.2564 0.9470
vn 0.2107 0.9505 -0.2285
vn 0.3637 0.9262 0.0994
vn 0.4829 0.7372 0.4726
vn 0.3637 0.9262 0.0995
vn 0.4822 0.1775 0.8579
vn 0.2414 0.9376 -0.2504
vn 0.4777 0.8783 0.0183
vn 0.6764 0.6560 0.3349
vn 0.4778 0.8783 0.0183
vn 0.7230 0.0764 0.6866
vn 0.2630 0.9231 -0.2806
vn 0.5579 0.8246 -0.0938
vn 0.8124 0.5648 0.1447
vn 0.5580 0.8245 -0.0938
vn 0.8924 -0.0371 0.4498
vn 0.2734 0.9084 -0.3162
vn 0.5964 0.7703 -0.2260
vn 0.8777 0.4726 -0.0794
vn 0.5964 0.7702 -0.2259
vn 0.9735 -0.1518 0.1708
vn 0.2715 0.8951 -0.3538
vn 0.5893 0.7207 -0.3651
vn 0.8657 0.3885 -0.3156
vn 0.5893 0.7206 -0.3652
vn 0.9587 -0.2565 -0.1232
vn 0.2575 0.8843 -0.3895
vn 0.5374 0.6807 -0.4978
vn 0.7777 0.3207 -0.5406
vn 0.5375 0.6806 -0.4978
vn 0.8491 -0.3410 -0.4033
vn 0.2328 0.8772 -0.4200
vn 0.4459 0.6542 -0.6109
vn 0.6224 0.2757 -0.7326
vn 0.4459 0.6541 -0.6110
vn 0.6557 -0.3969 -0.6422
vn 0.1999 0.8743 -0.4422
vn 0.3235 0.6438 -0.6934
vn 0.4148 0.2581 -0.8725
vn 0.3235 0.6437 -0.6935
vn 0.3973 -0.4189 -0.8165
vn 0.1618 0.8762 -0.4540
vn 0.1824 0.6506 -0.7372
vn 0.1754 0.2695 -0.9469
vn 0.1824 0.6505 -0.7373
vn 0.0993 -0.4047 -0.9090
vn 0.1224 0.8824 -0.4543
vn 0.0363 0.6737 -0.7381
vn -0.0725 0.3088 -0.9484
vn -0.2093 -0.3558 -0.9108
vn 0.0856 0.8925 -0.4429
vn -0.1005 0.7111 -0.6959
vn -0.3046 0.3722 -0.8768
vn -0.1005 0.7110 -0.6959
vn -0.4981 -0.2769 -0.8217
vn 0.0548 0.9054 -0.4210
vn -0.2145 0.7590 -0.6148
vn -0.4981 0.4535 -0.7391
vn -0.2146 0.7589 -0.6148
vn -0.7390 -0.1757 -0.6504
vn 0.0332 0.9199 -0.3908
vn -0.2947 0.8127 -0.5027
vn -0.6341 0.5446 -0.5489
vn -0.2948 0.8127 -0.5027
vn -0.9083 -0.0622 -0.4136
vn 0.0229 0.9345 -0.3552
vn -0.3331 0.8670 -0.3706
vn -0.6993 0.6368 -0.3248
vn -0.3332 0.8670 -0.3705
vn -0.9895 0.0525 -0.1346
vn 0.0248 0.9479 -0.3177
vn -0.3261 0.9166 -0.2313
vn -0.6874 0.7209 -0.0886
vn -0.9746 0.1572 0.1594
vn -0.6726 0.2895 0.6810
vn -0.4144 0.3114 0.8551
vn -0.1165 0.2973 0.9477
vn 0.1919 0.2483 0.9495
vn 0.4806 0.1695 0.8604
vn 0.7214 0.0684 0.6891
vn 0.8906 -0.0451 0.4525
vn 0.9718 -0.1597 0.1736
vn 0.9569 -0.2644 -0.1202
vn 0.8474 -0.3488 -0.4002
vn 0.6541 -0.4047 -0.6390
vn 0.3959 -0.4266 -0.8132
vn 0.0980 -0.4125 -0.9057
vn -0.2104 -0.3635 -0.9075
vn -0.4991 -0.2847 -0.8184
vn -0.7399 -0.1836 -0.6472
vn -0.9091 -0.0701 -0.4105
vn -0.9903 0.0445 -0.1316
vn -0.9754 0.1492 0.1622
vn -0.8660 0.2336 0.4422
vn -0.6727 0.2895 0.6810
vn -0.3665 -0.7553 0.5432
vn -0.4324 -0.7744 0.4619
vn -0.6451 -0.1874 0.7407
vn -0.8104 -0.2352 0.5366
vn -0.6451 -0.1874 0.7408
vn -0.4243 -0.1686 0.8897
vn -0.2785 -0.7479 0.6026
vn -0.1695 -0.1808 0.9688
vn -0.1770 -0.7527 0.6341
vn 0.0942 -0.2226 0.9704
vn -0.0719 -0.7694 0.6347
vn 0.3411 -0.2900 0.8942
vn 0.0265 -0.7963 0.6044
vn 0.5469 -0.3765 0.7477
vn 0.1086 -0.8307 0.5460
vn 0.6916 -0.4735 0.5454
vn 0.1662 -0.8694 0.4654
vn 0.7610 -0.5715 0.3069
vn 0.1939 -0.9084 0.3703
vn 0.7483 -0.6610 0.0557
vn 0.1888 -0.9441 0.2702
vn 0.6547 -0.7332 -0.1838
vn 0.1515 -0.9729 0.1747
vn 0.4894 -0.7810 -0.3879
vn 0.0856 -0.9919 0.0934
vn 0.2686 -0.7998 -0.5369
vn -0.0024 -0.9994 0.0340
vn 0.0139 -0.7876 -0.6160
vn -0.1039 -0.9946 0.0025
vn -0.2499 -0.7458 -0.6175
vn -0.2090 -0.9779 0.0019
vn -0.4967 -0.6784 -0.5414
vn -0.3074 -0.9510 0.0322
vn -0.7026 -0.5919 -0.3949
vn -0.3895 -0.9166 0.0906
vn -0.8473 -0.4949 -0.1926
vn -0.4471 -0.8779 0.1712
vn -0.9167 -0.3969 0.0459
vn -0.4748 -0.8388 0.2663
vn -0.9040 -0.3074 0.2972
vn -0.4697 -0.8032 0.3664
vn 0.3678 0.9268 -0.0757
vn 0.3377 0.9403 -0.0423
vn 0.6471 0.7444 0.1645
vn 0.5399 0.7925 0.2837
vn 0.7957 -0.1921 0.5744
vn 0.8240 0.4113 0.3898
vn 0.6545 0.4872 0.5781
vn 0.5959 -0.1027 0.7965
vn 0.6472 0.7444 0.1645
vn 0.5399 0.7925 0.2838
vn 0.3859 0.9150 -0.1175
vn 0.7116 0.7025 0.0157
vn 0.8240 0.4112 0.3897
vn 0.9258 0.3449 0.1547
vn 0.7116 0.7024 0.0157
vn 0.7957 -0.1922 0.5744
vn 0.9157 -0.2703 0.2973
vn 0.3902 0.9061 -0.1634
vn 0.7268 0.6707 -0.1480
vn 0.9499 0.2948 -0.1039
vn 0.7269 0.6707 -0.1480
vn 0.9442 -0.3293 -0.0076
vn 0.3802 0.9010 -0.2090
vn 0.6914 0.6523 -0.3106
vn 0.8940 0.2657 -0.3609
vn 0.6915 0.6522 -0.3106
vn 0.8783 -0.3636 -0.3105
vn 0.3571 0.9001 -0.2498
vn 0.6088 0.6490 -0.4562
vn 0.7635 0.2605 -0.5909
vn 0.6089 0.6490 -0.4562
vn 0.7244 -0.3697 -0.5818
vn 0.3230 0.9035 -0.2819
vn 0.4871 0.6612 -0.5706
vn 0.5712 0.2797 -0.7717
vn 0.4872 0.6611 -0.5706
vn 0.4978 -0.3471 -0.7948
vn 0.2812 0.9109 -0.3021
vn 0.3383 0.6876 -0.6425
vn 0.3360 0.3214 -0.8853
vn 0.3383 0.6875 -0.6425
vn 0.2205 -0.2979 -0.9288
vn 0.2359 0.9216 -0.3084
vn 0.1768 0.7257 -0.6649
vn 0.0808 0.3817 -0.9208
vn 0.1768 0.7256 -0.6650
vn -0.0804 -0.2270 -0.9706
vn 0.1915 0.9345 -0.3002
vn 0.0185 0.7717 -0.6357
vn -0.1693 0.4544 -0.8745
vn -0.3753 -0.1413 -0.9161
vn 0.1524 0.9483 -0.2783
vn -0.1211 0.8212 -0.5576
vn -0.3899 0.5325 -0.7513
vn -0.1212 0.8212 -0.5577
vn -0.6353 -0.0492 -0.7707
vn 0.1223 0.9618 -0.2448
vn -0.2284 0.8693 -0.4384
vn -0.5594 0.6085 -0.5628
vn -0.8352 0.0403 -0.5485
vn 0.1042 0.9736 -0.2031
vn -0.2928 0.9113 -0.2896
vn -0.6612 0.6748 -0.3278
vn -0.2929 0.9112 -0.2896
vn -0.9551 0.1183 -0.2715
vn 0.0999 0.9825 -0.1572
vn -0.3080 0.9430 -0.1259
vn -0.6853 0.7250 -0.0692
vn -0.3081 0.9430 -0.1259
vn -0.9836 0.1774 0.0334
vn 0.1099 0.9877 -0.1116
vn -0.2727 0.9614 0.0367
vn -0.6293 0.7541 0.1878
vn -0.9176 0.2117 0.3363
vn 0.1330 0.9886 -0.0708
vn -0.1901 0.9647 0.1823
vn -0.4989 0.7593 0.4178
vn -0.7638 0.2178 0.6076
vn 0.1671 0.9852 -0.0387
vn -0.0684 0.9525 0.2966
vn -0.3066 0.7401 0.5986
vn -0.0684 0.9525 0.2967
vn -0.5372 0.1952 0.8206
vn 0.2089 0.9778 -0.0185
vn 0.0805 0.9261 0.3686
vn -0.0714 0.6983 0.7122
vn -0.2599 0.1460 0.9545
vn 0.2542 0.9671 -0.0122
vn 0.2420 0.8880 0.3910
vn 0.1838 0.6381 0.7477
vn 0.2420 0.8880 0.3911
vn 0.0409 0.0751 0.9963
vn 0.2986 0.9542 -0.0204
vn 0.4003 0.8420 0.3618
vn 0.4339 0.5654 0.7015
vn 0.4003 0.8419 0.3618
vn 0.3358 -0.0106 0.9419
vn 0.7934 -0.1993 0.5752
vn 0.9133 -0.2773 0.2983
vn 0.9417 -0.3364 -0.0064
vn 0.8758 -0.3706 -0.3091
vn 0.7221 -0.3767 -0.5802
vn 0.4956 -0.3541 -0.7931
vn 0.2184 -0.3050 -0.9270
vn -0.0822 -0.2341 -0.9687
vn -0.3769 -0.1485 -0.9143
vn -0.6368 -0.0564 -0.7689
vn -0.8365 0.0329 -0.5470
vn -0.9564 0.1110 -0.2701
vn -0.9848 0.1700 0.0346
vn -0.9190 0.2043 0.3373
vn -0.7652 0.2104 0.6084
vn -0.5387 0.1878 0.8213
vn -0.2616 0.1386 0.9552
vn 0.0390 0.0678 0.9969
vn 0.3337 -0.0179 0.9425
vn 0.5936 -0.1099 0.7972
vn 0.7933 -0.1993 0.5752
vn 0.2911 -0.8349 0.4670
vn 0.1711 -0.7812 0.6004
vn 0.7142 -0.3826 0.5861
vn 0.5220 -0.2965 0.7998
vn 0.8296 -0.4578 0.3196
vn 0.3632 -0.8819 0.3007
vn 0.8570 -0.5147 0.0262
vn 0.3802 -0.9174 0.1176
vn 0.7935 -0.5477 -0.2651
vn 0.3406 -0.9380 -0.0643
vn 0.6456 -0.5536 -0.5261
vn 0.2483 -0.9417 -0.2272
vn 0.4275 -0.5318 -0.7310
vn 0.1122 -0.9281 -0.3551
vn 0.1607 -0.4845 -0.8599
vn -0.0544 -0.8985 -0.4356
vn -0.1286 -0.4162 -0.9001
vn -0.2350 -0.8559 -0.4607
vn -0.4123 -0.3337 -0.8477
vn -0.4121 -0.8044 -0.4280
vn -0.6625 -0.2450 -0.7079
vn -0.5682 -0.7490 -0.3407
vn -0.8547 -0.1589 -0.4942
vn -0.6882 -0.6953 -0.2073
vn -0.9701 -0.0837 -0.2276
vn -0.7603 -0.6483 -0.0409
vn -0.9975 -0.0268 0.0657
vn -0.7773 -0.6128 0.1422
vn -0.9341 0.0062 0.3571
vn -0.7377 -0.5922 0.3241
vn -0.7861 0.0121 0.6180
vn -0.6454 -0.5885 0.4869
vn -0.5680 -0.0097 0.8229
vn -0.5093 -0.6022 0.6149
vn -0.3013 -0.0571 0.9518
vn -0.3427 -0.6317 0.6953
vn -0.0119 -0.1253 0.9920
vn -0.1621 -0.6743 0.7204
vn 0.2718 -0.2078 0.9396
vn 0.0150 -0.7258 0.6877
s 1
usemtl ParlakVersiyon
f 1//1 2//2 3//3
f 2//2 4//4 3//3
f 4//4 5//5 3//3
f 5//5 6//6 3//3
f 6//6 7//7 3//3
f 7//7 8//8 3//3
f 8//8 9//9 3//3
f 9//9 10//10 3//3
f 10//10 11//11 3//3
f 11//11 12//12 3//3
f 12//12 13//13 3//3
f 13//13 14//14 3//3
f 14//14 15//15 3//3
f 15//15 16//16 3//3
f 16//16 17//17 3//3
f 17//17 18//18 3//3
f 18//18 19//19 3//3
f 19//19 20//20 3//3
f 20//20 21//21 3//3
f 21//21 1//1 3//3
f 22//22 23//23 24//24
f 25//25 22//22 24//24
f 26//26 25//25 24//24
f 27//27 26//26 24//24
f 28//28 27//27 24//24
f 29//29 28//28 24//24
f 30//30 29//29 24//24
f 31//31 30//30 24//24
f 32//32 31//31 24//24
f 33//33 32//32 24//24
f 34//34 33//33 24//24
f 35//35 34//34 24//24
f 36//36 35//35 24//24
f 37//37 36//36 24//24
f 38//38 37//37 24//24
f 39//39 38//38 24//24
f 40//40 39//39 24//24
f 41//41 40//40 24//24
f 42//42 41//41 24//24
f 23//23 42//42 24//24
f 43//43 44//44 45//45
f 44//44 46//46 45//45
f 46//46 47//47 45//45
f 47//47 48//48 45//45
f 48//48 49//49 45//45
f 49//49 50//50 45//45
f 50//50 51//51 45//45
f 51//51 52//52 45//45
f 52//52 53//53 45//45
f 53//53 54//54 45//45
f 54//54 55//55 45//45
f 55//55 56//56 45//45
f 56//56 57//57 45//45
f 57//57 58//58 45//45
f 58//58 59//59 45//45
f 59//59 60//60 45//45
f 60//60 61//61 45//45
f 61//61 62//62 45//45
f 62//62 63//63 45//45
f 63//63 43//43 45//45
f 64//64 65//65 66//66
f 67//67 64//64 66//66
f 68//68 67//67 66//66
f 69//69 68//68 66//66
f 70//70 69//69 66//66
f 71//71 70//70 66//66
f 72//72 71//71 66//66
f 73//73 72//72 66//66
f 74//74 73//73 66//66
f 75//75 74//74 66//66
f 76//76 75//75 66//66
f 77//77 76//76 66//66
f 78//78 77//77 66//66
f 79//79 78//78 66//66
f 80//80 79//79 66//66
f 81//81 80//80 66//66
f 82//82 81//81 66//66
f 83//83 82//82 66//66
f 84//84 83//83 66//66
f 65//65 84//84 66//66
f 85//85 86//86 87//87
f 86//86 88//88 87//87
f 88//88 89//89 87//87
f 89//89 90//90 87//87
f 90//90 91//91 87//87
f 91//91 92//92 87//87
f 92//92 93//93 87//87
f 93//93 94//94 87//87
f 94//94 95//95 87//87
f 95//95 96//96 87//87
f 96//96 97//97 87//87
f 97//97 98//98 87//87
f 98//98 99//99 87//87
f 99//99 100//100 87//87
f 100//100 101//101 87//87
f 101//101 102//102 87//87
f 102//102 103//103 87//87
f 103//103 104//104 87//87
f 104//104 105//105 87//87
f 105//105 85//85 87//87
f 106//106 107//107 108//108
f 109//109 106//106 108//108
f 110//110 109//109 108//108
f 111//111 110//110 108//108
f 112//112 111//111 108//108
f 113//113 112//112 108//108
f 114//114 113//113 108//108
f 115//115 114//114 108//108
f 116//116 115//115 108//108
f 117//117 116//116 108//108
f 118//118 117//117 108//108
f 119//119 118//118 108//108
f 120//120 119//119 108//108
f 121//121 120//120 108//108
f 122//122 121//121 108//108
f 123//123 122//122 108//108
f 124//124 123//123 108//108
f 125//125 124//124 108//108
f 126//126 125//125 108//108
f 107//107 126//126 108//108
f 127//127 128//128 129//129
f 128//128 130//130 129//129
f 130//130 131//131 129//129
f 131//131 132//132 129//129
f 132//132 133//133 129//129
f 133//133 134//134 129//129
f 134//134 135//135 129//129
f 135//135 136//136 129//129
f 136//136 137//137 129//129
f 137//137 138//138 129//129
f 138//138 139//139 129//129
f 139//139 140//140 129//129
f 140//140 141//141 129//129
f 141//141 142//142 129//129
f 142//142 143//143 129//129
f 143//143 144//144 129//129
f 144//144 145//145 129//129
f 145//145 146//146 129//129
f 146//146 147//147 129//129
f 147//147 127//127 129//129
f 148//148 149//149 150//150
f 151//151 148//148 150//150
f 152//152 151//151 150//150
f 153//153 152//152 150//150
f 154//154 153//153 150//150
f 155//155 154//154 150//150
f 156//156 155//155 150//150
f 157//157 156//156 150//150
f 158//158 157//157 150//150
f 159//159 158//158 150//150
f 160//160 159//159 150//150
f 161//161 160//160 150//150
f 162//162 161//161 150//150
f 163//163 162//162 150//150
f 164//164 163//163 150//150
f 165//165 164//164 150//150
f 166//166 165//165 150//150
f 167//167 166//166 150//150
f 168//168 167//167 150//150
f 149//149 168//168 150//150
f 169//169 170//170 171//171
f 170//170 172//172 171//171
f 172//172 173//173 171//171
f 173//173 174//174 171//171
f 174//174 175//175 171//171
f 175//175 176//176 171//171
f 176//176 177//177 171//171
f 177//177 178//178 171//171
f 178//178 179//179 171//171
f 179//179 180//180 171//171
f 180//180 181//181 171//171
f 181//181 182//182 171//171
f 182//182 183//183 171//171
f 183//183 184//184 171//171
f 184//184 185//185 171//171
f 185//185 186//186 171//171
f 186//186 187//187 171//171
f 187//187 188//188 171//171
f 188//188 189//189 171//171
f 189//189 169//169 171//171
f 190//190 191//191 192//192
f 193//193 190//190 192//192
f 194//194 193//193 192//192
f 195//195 194//194 192//192
f 196//196 195//195 192//192
f 197//197 196//196 192//192
f 198//198 197//197 192//192
f 199//199 198//198 192//192
f 200//200 199//199 192//192
f 201//201 200//200 192//192
f 202//202 201//201 192//192
f 203//203 202//202 192//192
f 204//204 203//203 192//192
f 205//205 204//204 192//192
f 206//206 205//205 192//192
f 207//207 206//206 192//192
f 208//208 207//207 192//192
f 209//209 208//208 192//192
f 210//210 209//209 192//192
f 191//191 210//210 192//192
f 211//211 212//212 213//213
f 212//212 214//214 213//213
f 214//214 215//215 213//213
f 215//215 216//216 213//213
f 216//216 217//217 213//213
f 217//217 218//218 213//213
f 218//218 219//219 213//213
f 219//219 220//220 213//213
f 220//220 221//221 213//213
f 221//221 222//222 213//213
f 222//222 223//223 213//213
f 223//223 224//224 213//213
f 224//224 225//225 213//213
f 225//225 226//226 213//213
f 226//226 227//227 213//213
f 227//227 228//228 213//213
f 228//228 229//229 213//213
f 229//229 230//230 213//213
f 230//230 231//231 213//213
f 231//231 211//211 213//213
f 232//232 233//233 234//234
f 235//235 232//232 234//234
f 236//236 235//235 234//234
f 237//237 236//236 234//234
f 238//238 237//237 234//234
f 239//239 238//238 234//234
f 240//240 239//239 234//234
f 241//241 240//240 234//234
f 242//242 241//241 234//234
f 243//243 242//242 234//234
f 244//244 243//243 234//234
f 245//245 244//244 234//234
f 246//246 245//245 234//234
f 247//247 246//246 234//234
f 248//248 247//247 234//234
f 249//249 248//248 234//234
f 250//250 249//249 234//234
f 251//251 250//250 234//234
f 252//252 251//251 234//234
f 233//233 252//252 234//234
f 253//253 254//254 255//255
f 254//254 256//256 255//255
f 256//256 257//257 255//255
f 257//257 258//258 255//255
f 258//258 259//259 255//255
f 259//259 260//260 255//255
f 260//260 261//261 255//255
f 261//261 262//262 255//255
f 262//262 263//263 255//255
f 263//263 264//264 255//255
f 264//264 265//265 255//255
f 265//265 266//266 255//255
f 266//266 267//267 255//255
f 267//267 268//268 255//255
f 268//268 269//269 255//255
f 269//269 270//270 255//255
f 270//270 271//271 255//255
f 271//271 272//272 255//255
f 272//272 273//273 255//255
f 273//273 253//253 255//255
f 274//274 275//275 276//276
f 277//277 274//274 276//276
f 278//278 277//277 276//276
f 279//279 278//278 276//276
f 280//280 279//279 276//276
f 281//281 280//280 276//276
f 282//282 281//281 276//276
f 283//283 282//282 276//276
f 284//284 283//283 276//276
f 285//285 284//284 276//276
f 286//286 285//285 276//276
f 287//287 286//286 276//276
f 288//288 287//287 276//276
f 289//289 288//288 276//276
f 290//290 289//289 276//276
f 291//291 290//290 276//276
f 292//292 291//291 276//276
f 293//293 292//292 276//276
f 294//294 293//293 276//276
f 275//275 294//294 276//276
f 295//295 296//296 297//297
f 296//296 298//298 297//297
f 298//298 299//299 297//297
f 299//299 300//300 297//297
f 300//300 301//301 297//297
f 301//301 302//302 297//297
f 302//302 303//303 297//297
f 303//303 304//304 297//297
f 304//304 305//305 297//297
f 305//305 306//306 297//297
f 306//306 307//307 297//297
f 307//307 308//308 297//297
f 308//308 309//309 297//297
f 309//309 310//310 297//297
f 310//310 311//311 297//297
f 311//311 312//312 297//297
f 312//312 313//313 297//297
f 313//313 314//314 297//297
f 314//314 315//315 297//297
f 315//315 295//295 297//297
f 316//316 317//317 318//318
f 319//319 316//316 318//318
f 320//320 319//319 318//318
f 321//321 320//320 318//318
f 322//322 321//321 318//318
f 323//323 322//322 318//318
f 324//324 323//323 318//318
f 325//325 324//324 318//318
f 326//326 325//325 318//318
f 327//327 326//326 318//318
f 328//328 327//327 318//318
f 329//329 328//328 318//318
f 330//330 329//329 318//318
f 331//331 330//330 318//318
f 332//332 331//331 318//318
f 333//333 332//332 318//318
f 334//334 333//333 318//318
f 335//335 334//334 318//318
f 336//336 335//335 318//318
f 317//317 336//336 318//318
f 337//337 338//338 339//339
f 338//338 340//340 339//339
f 340//340 341//341 339//339
f 341//341 342//342 339//339
f 342//342 343//343 339//339
f 343//343 344//344 339//339
f 344//344 345//345 339//339
f 345//345 346//346 339//339
f 346//346 347//347 339//339
f 347//347 348//348 339//339
f 348//348 349//349 339//339
f 349//349 350//350 339//339
f 350//350 351//351 339//339
f 351//351 352//352 339//339
f 352//352 353//353 339//339
f 353//353 354//354 339//339
f 354//354 355//355 339//339
f 355//355 356//356 339//339
f 356//356 357//357 339//339
f 357//357 337//337 339//339
f 358//358 359//359 360//360
f 361//361 358//358 360//360
f 362//362 361//361 360//360
f 363//363 362//362 360//360
f 364//364 363//363 360//360
f 365//365 364//364 360//360
f 366//366 365//365 360//360
f 367//367 366//366 360//360
f 368//368 367//367 360//360
f 369//369 368//368 360//360
f 370//370 369//369 360//360
f 371//371 370//370 360//360
f 372//372 371//371 360//360
f 373//373 372//372 360//360
f 374//374 373//373 360//360
f 375//375 374//374 360//360
f 376//376 375//375 360//360
f 377//377 376//376 360//360
f 378//378 377//377 360//360
f 359//359 378//378 360//360
f 379//379 380//380 381//381
f 380//380 382//382 381//381
f 382//382 383//383 381//381
f 383//383 384//384 381//381
f 384//384 385//385 381//381
f 385//385 386//386 381//381
f 386//386 387//387 381//381
f 387//387 388//388 381//381
f 388//388 389//389 381//381
f 389//389 390//390 381//381
f 390//390 391//391 381//381
f 391//391 392//392 381//381
f 392//392 393//393 381//381
f 393//393 394//394 381//381
f 394//394 395//395 381//381
f 395//395 396//396 381//381
f 396//396 397//397 381//381
f 397//397 398//398 381//381
f 398//398 399//399 381//381
f 399//399 379//379 381//381
f 400//400 401//401 402//402
f 403//403 400//400 402//402
f 404//404 403//403 402//402
f 405//405 404//404 402//402
f 406//406 405//405 402//402
f 407//407 406//406 402//402
f 408//408 407//407 402//402
f 409//409 408//408 402//402
f 410//410 409//409 402//402
f 411//411 410//410 402//402
f 412//412 411//411 402//402
f 413//413 412//412 402//402
f 414//414 413//413 402//402
f 415//415 414//414 402//402
f 416//416 415//415 402//402
f 417//417 416//416 402//402
f 418//418 417//417 402//402
f 419//419 418//418 402//402
f 420//420 419//419 402//402
f 401//401 420//420 402//402
f 421//421 422//422 423//423
f 422//422 424//424 423//423
f 424//424 425//425 423//423
f 425//425 426//426 423//423
f 426//426 427//427 423//423
f 427//427 428//428 423//423
f 428//428 429//429 423//423
f 429//429 430//430 423//423
f 430//430 431//431 423//423
f 431//431 432//432 423//423
f 432//432 433//433 423//423
f 433//433 434//434 423//423
f 434//434 435//435 423//423
f 435//435 436//436 423//423
f 436//436 437//437 423//423
f 437//437 438//438 423//423
f 438//438 439//439 423//423
f 439//439 440//440 423//423
f 440//440 441//441 423//423
f 441//441 421//421 423//423
f 442//442 443//443 444//444
f 445//445 442//442 444//444
f 446//446 445//445 444//444
f 447//447 446//446 444//444
f 448//448 447//447 444//444
f 449//449 448//448 444//444
f 450//450 449//449 444//444
f 451//451 450//450 444//444
f 452//452 451//451 444//444
f 453//453 452//452 444//444
f 454//454 453//453 444//444
f 455//455 454//454 444//444
f 456//456 455//455 444//444
f 457//457 456//456 444//444
f 458//458 457//457 444//444
f 459//459 458//458 444//444
f 460//460 459//459 444//444
f 461//461 460//460 444//444
f 462//462 461//461 444//444
f 443//443 462//462 444//444
f 463//463 464//464 465//465
f 464//464 466//466 465//465
f 466//466 467//467 465//465
f 467//467 468//468 465//465
f 468//468 469//469 465//465
f 469//469 470//470 465//465
f 470//470 471//471 465//465
f 471//471 472//472 465//465
f 472//472 473//473 465//465
f 473//473 474//474 465//465
f 474//474 475//475 465//465
f 475//475 476//476 465//465
f 476//476 477//477 465//465
f 477//477 478//478 465//465
f 478//478 479//479 465//465
f 479//479 480//480 465//465
f 480//480 481//481 465//465
f 481//481 482//482 465//465
f 482//482 483//483 465//465
f 483//483 463//463 465//465
f 484//484 485//485 486//486
f 487//487 484//484 486//486
f 488//488 487//487 486//486
f 489//489 488//488 486//486
f 490//490 489//489 486//486
f 491//491 490//490 486//486
f 492//492 491//491 486//486
f 493//493 492//492 486//486
f 494//494 493//493 486//486
f 495//495 494//494 486//486
f 496//496 495//495 486//486
f 497//497 496//496 486//486
f 498//498 497//497 486//486
f 499//499 498//498 486//486
f 500//500 499//499 486//486
f 501//501 500//500 486//486
f 502//502 501//501 486//486
f 503//503 502//502 486//486
f 504//504 503//503 486//486
f 485//485 504//504 486//486
f 505//505 506//506 507//507
f 506//506 508//508 507//507
f 508//508 509//509 507//507
f 509//509 510//510 507//507
f 510//510 511//511 507//507
f 511//511 512//512 507//507
f 512//512 513//513 507//507
f 513//513 514//514 507//507
f 514//514 515//515 507//507
f 515//515 516//516 507//507
f 516//516 517//517 507//507
f 517//517 518//518 507//507
f 518//518 519//519 507//507
f 519//519 520//520 507//507
f 520//520 521//521 507//507
f 521//521 522//522 507//507
f 522//522 523//523 507//507
f 523//523 524//524 507//507
f 524//524 525//525 507//507
f 525//525 505//505 507//507
f 526//526 527//527 528//528
f 529//529 526//526 528//528
f 530//530 529//529 528//528
f 531//531 530//530 528//528
f 532//532 531//531 528//528
f 533//533 532//532 528//528
f 534//534 533//533 528//528
f 535//535 534//534 528//528
f 536//536 535//535 528//528
f 537//537 536//536 528//528
f 538//538 537//537 528//528
f 539//539 538//538 528//528
f 540//540 539//539 528//528
f 541//541 540//540 528//528
f 542//542 541//541 528//528
f 543//543 542//542 528//528
f 544//544 543//543 528//528
f 545//545 544//544 528//528
f 546//546 545//545 528//528
f 527//527 546//546 528//528
f 547//547 548//548 549//549
f 548//548 550//550 549//549
f 550//550 551//551 549//549
f 551//551 552//552 549//549
f 552//552 553//553 549//549
f 553//553 554//554 549//549
f 554//554 555//555 549//549
f 555//555 556//556 549//549
f 556//556 557//557 549//549
f 557//557 558//558 549//549
f 558//558 559//559 549//549
f 559//559 560//560 549//549
f 560//560 561//561 549//549
f 561//561 562//562 549//549
f 562//562 563//563 549//549
f 563//563 564//564 549//549
f 564//564 565//565 549//549
f 565//565 566//566 549//549
f 566//566 567//567 549//549
f 567//567 547//547 549//549
f 568//568 569//569 570//570
f 571//571 568//568 570//570
f 572//572 571//571 570//570
f 573//573 572//572 570//570
f 574//574 573//573 570//570
f 575//575 574//574 570//570
f 576//576 575//575 570//570
f 577//577 576//576 570//570
f 578//578 577//577 570//570
f 579//579 578//578 570//570
f 580//580 579//579 570//570
f 581//581 580//580 570//570
f 582//582 581//581 570//570
f 583//583 582//582 570//570
f 584//584 583//583 570//570
f 585//585 584//584 570//570
f 586//586 585//585 570//570
f 587//587 586//586 570//570
f 588//588 587//587 570//570
f 569//569 588//588 570//570
f 589//589 590//590 591//591
f 590//590 592//592 591//591
f 592//592 593//593 591//591
f 593//593 594//594 591//591
f 594//594 595//595 591//591
f 595//595 596//596 591//591
f 596//596 597//597 591//591
f 597//597 598//598 591//591
f 598//598 599//599 591//591
f 599//599 600//600 591//591
f 600//600 601//601 591//591
f 601//601 602//602 591//591
f 602//602 603//603 591//591
f 603//603 604//604 591//591
f 604//604 605//605 591//591
f 605//605 606//606 591//591
f 606//606 607//607 591//591
f 607//607 608//608 591//591
f 608//608 609//609 591//591
f 609//609 589//589 591//591
f 610//610 611//611 612//612
f 613//613 610//610 612//612
f 614//614 613//613 612//612
f 615//615 614//614 612//612
f 616//616 615//615 612//612
f 617//617 616//616 612//612
f 618//618 617//617 612//612
f 619//619 618//618 612//612
f 620//620 619//619 612//612
f 621//621 620//620 612//612
f 622//622 621//621 612//612
f 623//623 622//622 612//612
f 624//624 623//623 612//612
f 625//625 624//624 612//612
f 626//626 625//625 612//612
f 627//627 626//626 612//612
f 628//628 627//627 612//612
f 629//629 628//628 612//612
f 630//630 629//629 612//612
f 611//611 630//630 612//612
f 631//631 632//632 633//633
f 632//632 634//634 633//633
f 634//634 635//635 633//633
f 635//635 636//636 633//633
f 636//636 637//637 633//633
f 637//637 638//638 633//633
f 638//638 639//639 633//633
f 639//639 640//640 633//633
f 640//640 641//641 633//633
f 641//641 642//642 633//633
f 642//642 643//643 633//633
f 643//643 644//644 633//633
f 644//644 645//645 633//633
f 645//645 646//646 633//633
f 646//646 647//647 633//633
f 647//647 648//648 633//633
f 648//648 649//649 633//633
f 649//649 650//650 633//633
f 650//650 651//651 633//633
f 651//651 631//631 633//633
f 652//652 653//653 654//654
f 655//655 652//652 654//654
f 656//656 655//655 654//654
f 657//657 656//656 654//654
f 658//658 657//657 654//654
f 659//659 658//658 654//654
f 660//660 659//659 654//654
f 661//661 660//660 654//654
f 662//662 661//661 654//654
f 663//663 662//662 654//654
f 664//664 663//663 654//654
f 665//665 664//664 654//654
f 666//666 665//665 654//654
f 667//667 666//666 654//654
f 668//668 667//667 654//654
f 669//669 668//668 654//654
f 670//670 669//669 654//654
f 671//671 670//670 654//654
f 672//672 671//671 654//654
f 653//653 672//672 654//654
f 673//673 1//1 21//21
f 673//673 21//21 674//674
f 675//675 673//673 674//674
f 675//675 674//674 676//676
f 677//677 678//678 679//679
f 677//677 679//679 680//680
f 678//678 681//675 682//681
f 678//678 682//681 679//679
f 1//1 673//673 683//682
f 1//1 683//682 2//2
f 673//673 675//675 684//683
f 673//673 684//683 683//682
f 685//675 686//684 687//685
f 685//675 687//685 688//686
f 686//684 689//687 690//688
f 686//684 690//688 687//685
f 2//2 683//682 691//689
f 2//2 691//689 4//4
f 683//682 684//683 692//690
f 683//682 692//690 691//689
f 688//686 687//685 693//691
f 688//686 693//691 694//692
f 687//685 690//688 695//693
f 687//685 695//693 693//691
f 4//4 691//689 696//694
f 4//4 696//694 5//5
f 691//689 692//690 697//695
f 691//689 697//695 696//694
f 694//692 693//691 698//696
f 694//692 698//696 699//697
f 693//691 695//693 700//698
f 693//691 700//698 698//696
f 5//5 696//694 701//699
f 5//5 701//699 6//6
f 696//694 697//695 702//700
f 696//694 702//700 701//699
f 699//697 698//696 703//701
f 699//697 703//701 704//702
f 698//696 700//698 705//703
f 698//696 705//703 703//701
f 6//6 701//699 706//704
f 6//6 706//704 7//7
f 701//699 702//700 707//705
f 701//699 707//705 706//704
f 704//702 703//701 708//706
f 704//702 708//706 709//707
f 703//701 705//703 710//708
f 703//701 710//708 708//706
f 7//7 706//704 711//709
f 7//7 711//709 8//8
f 706//704 707//705 712//710
f 706//704 712//710 711//709
f 709//707 708//706 713//711
f 709//707 713//711 714//712
f 708//706 710//708 715//713
f 708//706 715//713 713//711
f 8//8 711//709 716//714
f 8//8 716//714 9//9
f 711//709 712//710 717//715
f 711//709 717//715 716//714
f 714//712 713//711 718//716
f 714//712 718//716 719//715
f 713//711 715//713 720//717
f 713//711 720//717 718//716
f 9//9 716//714 721//718
f 9//9 721//718 10//10
f 716//714 717//715 722//719
f 716//714 722//719 721//718
f 719//715 718//716 723//720
f 719//715 723//720 724//721
f 718//716 720//717 725//722
f 718//716 725//722 723//720
f 10//10 721//718 726//723
f 10//10 726//723 11//11
f 721//718 722//719 727//724
f 721//718 727//724 726//723
f 724//721 723//720 728//725
f 724//721 728//725 729//726
f 723//720 725//722 730//727
f 723//720 730//727 728//725
f 11//11 726//723 731//728
f 11//11 731//728 12//12
f 726//723 727//724 732//729
f 726//723 732//729 731//728
f 729//726 728//725 733//730
f 729//726 733//730 734//731
f 728//725 730//727 735//732
f 728//725 735//732 733//730
f 12//12 731//728 736//733
f 12//12 736//733 13//13
f 731//728 732//729 737//734
f 731//728 737//734 736//733
f 734//731 733//730 738//735
f 734//731 738//735 739//734
f 733//730 735//732 740//736
f 733//730 740//736 738//735
f 13//13 736//733 741//737
f 13//13 741//737 14//14
f 736//733 737//734 742//738
f 736//733 742//738 741//737
f 739//734 738//735 743//739
f 739//734 743//739 744//740
f 738//735 740//736 745//741
f 738//735 745//741 743//739
f 14//14 741//737 746//742
f 14//14 746//742 15//15
f 741//737 742//738 747//743
f 741//737 747//743 746//742
f 744//740 743//739 748//744
f 744//740 748//744 749//745
f 743//739 745//741 750//746
f 743//739 750//746 748//744
f 15//15 746//742 751//747
f 15//15 751//747 16//16
f 746//742 747//743 752//748
f 746//742 752//748 751//747
f 749//745 748//744 753//749
f 749//745 753//749 754//750
f 748//744 750//746 755//751
f 748//744 755//751 753//749
f 16//16 751//747 756//752
f 16//16 756//752 17//17
f 751//747 752//748 757//753
f 751//747 757//753 756//752
f 754//750 753//749 758//754
f 754//750 758//754 759//755
f 753//749 755//751 760//756
f 753//749 760//756 758//754
f 17//17 756//752 761//757
f 17//17 761//757 18//18
f 756//752 757//753 762//758
f 756//752 762//758 761//757
f 759//755 758//754 763//759
f 759//755 763//759 764//760
f 758//754 760//756 765//761
f 758//754 765//761 763//759
f 18//18 761//757 766//762
f 18//18 766//762 19//19
f 761//757 762//758 767//763
f 761//757 767//763 766//762
f 764//760 763//759 768//764
f 764//760 768//764 769//763
f 763//759 765//761 770//765
f 763//759 770//765 768//764
f 19//19 766//762 771//766
f 19//19 771//766 20//20
f 766//762 767//763 772//767
f 766//762 772//767 771//766
f 769//763 768//764 773//768
f 769//763 773//768 774//769
f 768//764 770//765 775//770
f 768//764 775//770 773//768
f 20//20 771//766 674//674
f 20//20 674//674 21//21
f 771//766 772//767 676//676
f 771//766 676//676 674//674
f 774//769 773//768 679//679
f 774//769 679//679 682//681
f 773//768 775//770 680//680
f 773//768 680//680 679//679
f 776//771 777//772 690//688
f 776//771 690//688 689//687
f 777//772 778//773 695//693
f 777//772 695//693 690//688
f 778//773 779//774 700//698
f 778//773 700//698 695//693
f 779//774 780//775 705//703
f 779//774 705//703 700//698
f 780//775 781//776 710//708
f 780//775 710//708 705//703
f 781//776 782//777 715//713
f 781//776 715//713 710//708
f 782//777 783//778 720//717
f 782//777 720//717 715//713
f 783//778 784//779 725//722
f 783//778 725//722 720//717
f 784//779 785//780 730//727
f 784//779 730//727 725//722
f 785//780 786//781 735//732
f 785//780 735//732 730//727
f 786//781 787//782 740//736
f 786//781 740//736 735//732
f 787//782 788//783 745//741
f 787//782 745//741 740//736
f 788//783 789//784 750//746
f 788//783 750//746 745//741
f 789//784 790//785 755//751
f 789//784 755//751 750//746
f 790//785 791//786 760//756
f 790//785 760//756 755//751
f 791//786 792//787 765//761
f 791//786 765//761 760//756
f 792//787 793//788 770//765
f 792//787 770//765 765//761
f 793//788 794//789 775//770
f 793//788 775//770 770//765
f 794//789 795//790 680//680
f 794//789 680//680 775//770
f 795//790 796//791 677//677
f 795//790 677//677 680//680
f 23//23 797//792 798//793
f 23//23 798//793 42//42
f 799//794 796//791 795//790
f 799//794 795//790 800//795
f 776//771 801//794 802//796
f 776//771 802//796 777//772
f 797//792 23//23 22//22
f 797//792 22//22 803//797
f 777//772 802//796 804//798
f 777//772 804//798 778//773
f 803//797 22//22 25//25
f 803//797 25//25 805//799
f 778//773 804//798 806//800
f 778//773 806//800 779//774
f 805//799 25//25 26//26
f 805//799 26//26 807//801
f 779//774 806//800 808//802
f 779//774 808//802 780//775
f 807//801 26//26 27//27
f 807//801 27//27 809//803
f 780//775 808//802 810//804
f 780//775 810//804 781//776
f 809//803 27//27 28//28
f 809//803 28//28 811//805
f 781//776 810//804 812//806
f 781//776 812//806 782//777
f 811//805 28//28 29//29
f 811//805 29//29 813//807
f 782//777 812//806 814//808
f 782//777 814//808 783//778
f 813//807 29//29 30//30
f 813//807 30//30 815//809
f 783//778 814//808 816//810
f 783//778 816//810 784//779
f 815//809 30//30 31//31
f 815//809 31//31 817//811
f 784//779 816//810 818//812
f 784//779 818//812 785//780
f 817//811 31//31 32//32
f 817//811 32//32 819//813
f 785//780 818//812 820//814
f 785//780 820//814 786//781
f 819//813 32//32 33//33
f 819//813 33//33 821//815
f 786//781 820//814 822//816
f 786//781 822//816 787//782
f 821//815 33//33 34//34
f 821//815 34//34 823//817
f 787//782 822//816 824//818
f 787//782 824//818 788//783
f 823//817 34//34 35//35
f 823//817 35//35 825//819
f 788//783 824//818 826//820
f 788//783 826//820 789//784
f 825//819 35//35 36//36
f 825//819 36//36 827//821
f 789//784 826//820 828//822
f 789//784 828//822 790//785
f 827//821 36//36 37//37
f 827//821 37//37 829//823
f 790//785 828//822 830//824
f 790//785 830//824 791//786
f 829//823 37//37 38//38
f 829//823 38//38 831//825
f 791//786 830//824 832//826
f 791//786 832//826 792//787
f 831//825 38//38 39//39
f 831//825 39//39 833//827
f 792//787 832//826 834//828
f 792//787 834//828 793//788
f 833//827 39//39 40//40
f 833//827 40//40 835//829
f 793//788 834//828 836//830
f 793//788 836//830 794//789
f 835//829 40//40 41//41
f 835//829 41//41 837//831
f 794//789 836//830 800//795
f 794//789 800//795 795//790
f 837//831 41//41 42//42
f 837//831 42//42 798//793
f 838//832 43//43 63//63
f 838//832 63//63 839//833
f 840//834 838//832 839//833
f 840//834 839//833 841//835
f 842//836 843//837 844//838
f 842//836 844//838 845//839
f 843//837 846//840 847//841
f 843//837 847//841 844//838
f 43//43 838//832 848//842
f 43//43 848//842 44//44
f 838//832 840//834 849//843
f 838//832 849//843 848//842
f 850//840 851//844 852//845
f 850//840 852//845 853//846
f 851//844 854//847 855//848
f 851//844 855//848 852//845
f 44//44 848//842 856//849
f 44//44 856//849 46//46
f 848//842 849//843 857//850
f 848//842 857//850 856//849
f 853//846 852//845 858//851
f 853//846 858//851 859//852
f 852//845 855//848 860//853
f 852//845 860//853 858//851
f 46//46 856//849 861//854
f 46//46 861//854 47//47
f 856//849 857//850 862//855
f 856//849 862//855 861//854
f 859//852 858//851 863//856
f 859//852 863//856 864//857
f 858//851 860//853 865//858
f 858//851 865//858 863//856
f 47//47 861//854 866//859
f 47//47 866//859 48//48
f 861//854 862//855 867//860
f 861//854 867//860 866//859
f 864//857 863//856 868//861
f 864//857 868//861 869//862
f 863//856 865//858 870//863
f 863//856 870//863 868//861
f 48//48 866//859 871//864
f 48//48 871//864 49//49
f 866//859 867//860 872//865
f 866//859 872//865 871//864
f 869//862 868//861 873//866
f 869//862 873//866 874//867
f 868//861 870//863 875//868
f 868//861 875//868 873//866
f 49//49 871//864 876//869
f 49//49 876//869 50//50
f 871//864 872//865 877//870
f 871//864 877//870 876//869
f 874//867 873//866 878//871
f 874//867 878//871 879//872
f 873//866 875//868 880//873
f 873//866 880//873 878//871
f 50//50 876//869 881//874
f 50//50 881//874 51//51
f 876//869 877//870 882//875
f 876//869 882//875 881//874
f 879//872 878//871 883//876
f 879//872 883//876 884//877
f 878//871 880//873 885//878
f 878//871 885//878 883//876
f 51//51 881//874 886//879
f 51//51 886//879 52//52
f 881//874 882//875 887//880
f 881//874 887//880 886//879
f 884//877 883//876 888//881
f 884//877 888//881 889//882
f 883//876 885//878 890//883
f 883//876 890//883 888//881
f 52//52 886//879 891//884
f 52//52 891//884 53//53
f 886//879 887//880 892//885
f 886//879 892//885 891//884
f 889//882 888//881 893//886
f 889//882 893//886 894//887
f 888//881 890//883 895//888
f 888//881 895//888 893//886
f 53//53 891//884 896//889
f 53//53 896//889 54//54
f 891//884 892//885 897//890
f 891//884 897//890 896//889
f 894//887 893//886 898//891
f 894//887 898//891 899//892
f 893//886 895//888 900//893
f 893//886 900//893 898//891
f 54//54 896//889 901//894
f 54//54 901//894 55//55
f 896//889 897//890 902//895
f 896//889 902//895 901//894
f 899//892 898//891 903//896
f 899//892 903//896 904//897
f 898//891 900//893 905//898
f 898//891 905//898 903//896
f 55//55 901//894 906//899
f 55//55 906//899 56//56
f 901//894 902//895 907//900
f 901//894 907//900 906//899
f 904//897 903//896 908//901
f 904//897 908//901 909//902
f 903//896 905//898 910//903
f 903//896 910//903 908//901
f 56//56 906//899 911//904
f 56//56 911//904 57//57
f 906//899 907//900 912//905
f 906//899 912//905 911//904
f 909//902 908//901 913//906
f 909//902 913//906 914//905
f 908//901 910//903 915//907
f 908//901 915//907 913//906
f 57//57 911//904 916//908
f 57//57 916//908 58//58
f 911//904 912//905 917//909
f 911//904 917//909 916//908
f 914//905 913//906 918//910
f 914//905 918//910 919//911
f 913//906 915//907 920//912
f 913//906 920//912 918//910
f 58//58 916//908 921//913
f 58//58 921//913 59//59
f 916//908 917//909 922//914
f 916//908 922//914 921//913
f 919//911 918//910 923//915
f 919//911 923//915 924//916
f 918//910 920//912 925//917
f 918//910 925//917 923//915
f 59//59 921//913 926//918
f 59//59 926//918 60//60
f 921//913 922//914 927//919
f 921//913 927//919 926//918
f 924//916 923//915 928//920
f 924//916 928//920 929//921
f 923//915 925//917 930//922
f 923//915 930//922 928//920
f 60//60 926//918 931//923
f 60//60 931//923 61//61
f 926//918 927//919 932//924
f 926//918 932//924 931//923
f 929//921 928//920 933//925
f 929//921 933//925 934//926
f 928//920 930//922 935//927
f 928//920 935//927 933//925
f 61//61 931//923 936//928
f 61//61 936//928 62//62
f 931//923 932//924 937//929
f 931//923 937//929 936//928
f 934//926 933//925 938//930
f 934//926 938//930 939//931
f 933//925 935//927 940//932
f 933//925 940//932 938//930
f 62//62 936//928 839//833
f 62//62 839//833 63//63
f 936//928 937//929 841//835
f 936//928 841//835 839//833
f 939//931 938//930 844//838
f 939//931 844//838 847//841
f 938//930 940//932 845//839
f 938//930 845//839 844//838
f 941//933 942//934 855//848
f 941//933 855//848 854//847
f 942//934 943//935 860//853
f 942//934 860//853 855//848
f 943//935 944//936 865//858
f 943//935 865//858 860//853
f 944//936 945//937 870//863
f 944//936 870//863 865//858
f 945//937 946//938 875//868
f 945//937 875//868 870//863
f 946//938 947//939 880//873
f 946//938 880//873 875//868
f 947//939 948//940 885//878
f 947//939 885//878 880//873
f 948//940 949//941 890//883
f 948//940 890//883 885//878
f 949//941 950//942 895//888
f 949//941 895//888 890//883
f 950//942 951//943 900//893
f 950//942 900//893 895//888
f 951//943 952//944 905//898
f 951//943 905//898 900//893
f 952//944 953//945 910//903
f 952//944 910//903 905//898
f 953//945 954//946 915//907
f 953//945 915//907 910//903
f 954//946 955//947 920//912
f 954//946 920//912 915//907
f 955//947 956//948 925//917
f 955//947 925//917 920//912
f 956//948 957//949 930//922
f 956//948 930//922 925//917
f 957//949 958//950 935//927
f 957//949 935//927 930//922
f 958//950 959//951 940//932
f 958//950 940//932 935//927
f 959//951 960//952 845//839
f 959//951 845//839 940//932
f 960//952 961//933 842//836
f 960//952 842//836 845//839
f 65//65 962//953 963//954
f 65//65 963//954 84//84
f 964//955 961//933 960//952
f 964//955 960//952 965//956
f 941//933 966//957 967//958
f 941//933 967//958 942//934
f 962//953 65//65 64//64
f 962//953 64//64 968//959
f 942//934 967//958 969//960
f 942//934 969//960 943//935
f 968//959 64//64 67//67
f 968//959 67//67 970//961
f 943//935 969//960 971//962
f 943//935 971//962 944//936
f 970//961 67//67 68//68
f 970//961 68//68 972//963
f 944//936 971//962 973//964
f 944//936 973//964 945//937
f 972//963 68//68 69//69
f 972//963 69//69 974//965
f 945//937 973//964 975//966
f 945//937 975//966 946//938
f 974//965 69//69 70//70
f 974//965 70//70 976//967
f 946//938 975//966 977//968
f 946//938 977//968 947//939
f 976//967 70//70 71//71
f 976//967 71//71 978//969
f 947//939 977//968 979//970
f 947//939 979//970 948//940
f 978//969 71//71 72//72
f 978//969 72//72 980//971
f 948//940 979//970 981//972
f 948//940 981//972 949//941
f 980//971 72//72 73//73
f 980//971 73//73 982//973
f 949//941 981//972 983//974
f 949//941 983//974 950//942
f 982//973 73//73 74//74
f 982//973 74//74 984//975
f 950//942 983//974 985//976
f 950//942 985//976 951//943
f 984//975 74//74 75//75
f 984//975 75//75 986//977
f 951//943 985//976 987//978
f 951//943 987//978 952//944
f 986//977 75//75 76//76
f 986//977 76//76 988//979
f 952//944 987//978 989//980
f 952//944 989//980 953//945
f 988//979 76//76 77//77
f 988//979 77//77 990//981
f 953//945 989//980 991//982
f 953//945 991//982 954//946
f 990//981 77//77 78//78
f 990//981 78//78 992//983
f 954//946 991//982 993//984
f 954//946 993//984 955//947
f 992//983 78//78 79//79
f 992//983 79//79 994//985
f 955//947 993//984 995//986
f 955//947 995//986 956//948
f 994//985 79//79 80//80
f 994//985 80//80 996//987
f 956//948 995//986 997//988
f 956//948 997//988 957//949
f 996//987 80//80 81//81
f 996//987 81//81 998//989
f 957//949 997//988 999//990
f 957//949 999//990 958//950
f 998//989 81//81 82//82
f 998//989 82//82 1000//991
f 958//950 999//990 1001//992
f 958//950 1001//992 959//951
f 1000//991 82//82 83//83
f 1000//991 83//83 1002//993
f 959//951 1001//992 965//956
f 959//951 965//956 960//952
f 1002//993 83//83 84//84
f 1002//993 84//84 963//954
f 1003//994 85//85 105//105
f 1003//994 105//105 1004//995
f 1005//996 1003//994 1004//995
f 1005//996 1004//995 1006//997
f 1007//998 1008//999 1009//1000
f 1007//998 1009//1000 1010//1001
f 1008//999 1011//1002 1012//1003
f 1008//999 1012//1003 1009//1000
f 85//85 1003//994 1013//1004
f 85//85 1013//1004 86//86
f 1003//994 1005//996 1014//1005
f 1003//994 1014//1005 1013//1004
f 1015//996 1016//1006 1017//1007
f 1015//996 1017//1007 1018//1008
f 1016//1006 1019//1009 1020//1010
f 1016//1006 1020//1010 1017//1007
f 86//86 1013//1004 1021//1011
f 86//86 1021//1011 88//88
f 1013//1004 1014//1005 1022//1012
f 1013//1004 1022//1012 1021//1011
f 1018//1008 1017//1007 1023//1013
f 1018//1008 1023//1013 1024//1014
f 1017//1007 1020//1010 1025//1015
f 1017//1007 1025//1015 1023//1013
f 88//88 1021//1011 1026//1016
f 88//88 1026//1016 89//89
f 1021//1011 1022//1012 1027//1017
f 1021//1011 1027//1017 1026//1016
f 1024//1014 1023//1013 1028//1018
f 1024//1014 1028//1018 1029//1019
f 1023//1013 1025//1015 1030//1020
f 1023//1013 1030//1020 1028//1018
f 89//89 1026//1016 1031//1021
f 89//89 1031//1021 90//90
f 1026//1016 1027//1017 1032//1022
f 1026//1016 1032//1022 1031//1021
f 1029//1019 1028//1018 1033//1023
f 1029//1019 1033//1023 1034//1024
f 1028//1018 1030//1020 1035//1025
f 1028//1018 1035//1025 1033//1023
f 90//90 1031//1021 1036//1026
f 90//90 1036//1026 91//91
f 1031//1021 1032//1022 1037//1027
f 1031//1021 1037//1027 1036//1026
f 1034//1024 1033//1023 1038//1028
f 1034//1024 1038//1028 1039//1029
f 1033//1023 1035//1025 1040//1030
f 1033//1023 1040//1030 1038//1028
f 91//91 1036//1026 1041//1031
f 91//91 1041//1031 92//92
f 1036//1026 1037//1027 1042//1032
f 1036//1026 1042//1032 1041//1031
f 1039//1029 1038//1028 1043//1033
f 1039//1029 1043//1033 1044//1034
f 1038//1028 1040//1030 1045//1035
f 1038//1028 1045//1035 1043//1033
f 92//92 1041//1031 1046//1036
f 92//92 1046//1036 93//93
f 1041//1031 1042//1032 1047//1037
f 1041//1031 1047//1037 1046//1036
f 1044//1034 1043//1033 1048//1038
f 1044//1034 1048//1038 1049//1039
f 1043//1033 1045//1035 1050//1040
f 1043//1033 1050//1040 1048//1038
f 93//93 1046//1036 1051//1041
f 93//93 1051//1041 94//94
f 1046//1036 1047//1037 1052//1042
f 1046//1036 1052//1042 1051//1041
f 1049//1039 1048//1038 1053//1043
f 1049//1039 1053//1043 1054//1044
f 1048//1038 1050//1040 1055//1045
f 1048//1038 1055//1045 1053//1043
f 94//94 1051//1041 1056//1046
f 94//94 1056//1046 95//95
f 1051//1041 1052//1042 1057//1047
f 1051//1041 1057//1047 1056//1046
f 1054//1044 1053//1043 1058//1048
f 1054//1044 1058//1048 1059//1049
f 1053//1043 1055//1045 1060//1050
f 1053//1043 1060//1050 1058//1048
f 95//95 1056//1046 1061//1051
f 95//95 1061//1051 96//96
f 1056//1046 1057//1047 1062//1052
f 1056//1046 1062//1052 1061//1051
f 1059//1049 1058//1048 1063//1053
f 1059//1049 1063//1053 1064//1054
f 1058//1048 1060//1050 1065//1055
f 1058//1048 1065//1055 1063//1053
f 96//96 1061//1051 1066//1056
f 96//96 1066//1056 97//97
f 1061//1051 1062//1052 1067//1057
f 1061//1051 1067//1057 1066//1056
f 1064//1054 1063//1053 1068//1058
f 1064//1054 1068//1058 1069//1059
f 1063//1053 1065//1055 1070//1060
f 1063//1053 1070//1060 1068//1058
f 97//97 1066//1056 1071//1061
f 97//97 1071//1061 98//98
f 1066//1056 1067//1057 1072//1062
f 1066//1056 1072//1062 1071//1061
f 1069//1059 1068//1058 1073//1063
f 1069//1059 1073//1063 1074//1064
f 1068//1058 1070//1060 1075//1065
f 1068//1058 1075//1065 1073//1063
f 98//98 1071//1061 1076//1066
f 98//98 1076//1066 99//99
f 1071//1061 1072//1062 1077//1067
f 1071//1061 1077//1067 1076//1066
f 1074//1064 1073//1063 1078//1068
f 1074//1064 1078//1068 1079//1069
f 1073//1063 1075//1065 1080//1070
f 1073//1063 1080//1070 1078//1068
f 99//99 1076//1066 1081//1071
f 99//99 1081//1071 100//100
f 1076//1066 1077//1067 1082//1072
f 1076//1066 1082//1072 1081//1071
f 1079//1069 1078//1068 1083//1073
f 1079//1069 1083//1073 1084//1074
f 1078//1068 1080//1070 1085//1075
f 1078//1068 1085//1075 1083//1073
f 100//100 1081//1071 1086//1076
f 100//100 1086//1076 101//101
f 1081//1071 1082//1072 1087//1077
f 1081//1071 1087//1077 1086//1076
f 1084//1074 1083//1073 1088//1078
f 1084//1074 1088//1078 1089//1079
f 1083//1073 1085//1075 1090//1080
f 1083//1073 1090//1080 1088//1078
f 101//101 1086//1076 1091//1081
f 101//101 1091//1081 102//102
f 1086//1076 1087//1077 1092//1082
f 1086//1076 1092//1082 1091//1081
f 1089//1079 1088//1078 1093//1083
f 1089//1079 1093//1083 1094//1084
f 1088//1078 1090//1080 1095//1085
f 1088//1078 1095//1085 1093//1083
f 102//102 1091//1081 1096//1086
f 102//102 1096//1086 103//103
f 1091//1081 1092//1082 1097//1087
f 1091//1081 1097//1087 1096//1086
f 1094//1084 1093//1083 1098//1088
f 1094//1084 1098//1088 1099//1089
f 1093//1083 1095//1085 1100//1090
f 1093//1083 1100//1090 1098//1088
f 103//103 1096//1086 1101//1091
f 103//103 1101//1091 104//104
f 1096//1086 1097//1087 1102//1092
f 1096//1086 1102//1092 1101//1091
f 1099//1089 1098//1088 1103//1093
f 1099//1089 1103//1093 1104//1094
f 1098//1088 1100//1090 1105//1095
f 1098//1088 1105//1095 1103//1093
f 104//104 1101//1091 1004//995
f 104//104 1004//995 105//105
f 1101//1091 1102//1092 1006//997
f 1101//1091 1006//997 1004//995
f 1104//1094 1103//1093 1009//1000
f 1104//1094 1009//1000 1012//1003
f 1103//1093 1105//1095 1010//1001
f 1103//1093 1010//1001 1009//1000
f 1106//1096 1107//1097 1020//1010
f 1106//1096 1020//1010 1019//1009
f 1107//1097 1108//1098 1025//1015
f 1107//1097 1025//1015 1020//1010
f 1108//1098 1109//1099 1030//1020
f 1108//1098 1030//1020 1025//1015
f 1109//1099 1110//1100 1035//1025
f 1109//1099 1035//1025 1030//1020
f 1110//1100 1111//1101 1040//1030
f 1110//1100 1040//1030 1035//1025
f 1111//1101 1112//1102 1045//1035
f 1111//1101 1045//1035 1040//1030
f 1112//1102 1113//1103 1050//1040
f 1112//1102 1050//1040 1045//1035
f 1113//1103 1114//1104 1055//1045
f 1113//1103 1055//1045 1050//1040
f 1114//1104 1115//1105 1060//1050
f 1114//1104 1060//1050 1055//1045
f 1115//1105 1116//1106 1065//1055
f 1115//1105 1065//1055 1060//1050
f 1116//1106 1117//1107 1070//1060
f 1116//1106 1070//1060 1065//1055
f 1117//1107 1118//1108 1075//1065
f 1117//1107 1075//1065 1070//1060
f 1118//1108 1119//1109 1080//1070
f 1118//1108 1080//1070 1075//1065
f 1119//1109 1120//1110 1085//1075
f 1119//1109 1085//1075 1080//1070
f 1120//1110 1121//1111 1090//1080
f 1120//1110 1090//1080 1085//1075
f 1121//1111 1122//1112 1095//1085
f 1121//1111 1095//1085 1090//1080
f 1122//1112 1123//1113 1100//1090
f 1122//1112 1100//1090 1095//1085
f 1123//1113 1124//1114 1105//1095
f 1123//1113 1105//1095 1100//1090
f 1124//1114 1125//1115 1010//1001
f 1124//1114 1010//1001 1105//1095
f 1125//1115 1126//1096 1007//998
f 1125//1115 1007//998 1010//1001
f 107//107 1127//1116 1128//1117
f 107//107 1128//1117 126//126
f 1129//1118 1126//1096 1125//1115
f 1129//1118 1125//1115 1130//1119
f 1106//1096 1131//1120 1132//1121
f 1106//1096 1132//1121 1107//1097
f 1127//1116 107//107 106//106
f 1127//1116 106//106 1133//1122
f 1107//1097 1132//1121 1134//1123
f 1107//1097 1134//1123 1108//1098
f 1133//1122 106//106 109//109
f 1133//1122 109//109 1135//1124
f 1108//1098 1134//1123 1136//1125
f 1108//1098 1136//1125 1109//1099
f 1135//1124 109//109 110//110
f 1135//1124 110//110 1137//1126
f 1109//1099 1136//1125 1138//1127
f 1109//1099 1138//1127 1110//1100
f 1137//1126 110//110 111//111
f 1137//1126 111//111 1139//1128
f 1110//1100 1138//1127 1140//1129
f 1110//1100 1140//1129 1111//1101
f 1139//1128 111//111 112//112
f 1139//1128 112//112 1141//1130
f 1111//1101 1140//1129 1142//1131
f 1111//1101 1142//1131 1112//1102
f 1141//1130 112//112 113//113
f 1141//1130 113//113 1143//1132
f 1112//1102 1142//1131 1144//1133
f 1112//1102 1144//1133 1113//1103
f 1143//1132 113//113 114//114
f 1143//1132 114//114 1145//1134
f 1113//1103 1144//1133 1146//1135
f 1113//1103 1146//1135 1114//1104
f 1145//1134 114//114 115//115
f 1145//1134 115//115 1147//1136
f 1114//1104 1146//1135 1148//1137
f 1114//1104 1148//1137 1115//1105
f 1147//1136 115//115 116//116
f 1147//1136 116//116 1149//1138
f 1115//1105 1148//1137 1150//1139
f 1115//1105 1150//1139 1116//1106
f 1149//1138 116//116 117//117
f 1149//1138 117//117 1151//1140
f 1116//1106 1150//1139 1152//1141
f 1116//1106 1152//1141 1117//1107
f 1151//1140 117//117 118//118
f 1151//1140 118//118 1153//1142
f 1117//1107 1152//1141 1154//1143
f 1117//1107 1154//1143 1118//1108
f 1153//1142 118//118 119//119
f 1153//1142 119//119 1155//1144
f 1118//1108 1154//1143 1156//1145
f 1118//1108 1156//1145 1119//1109
f 1155//1144 119//119 120//120
f 1155//1144 120//120 1157//1146
f 1119//1109 1156//1145 1158//1147
f 1119//1109 1158//1147 1120//1110
f 1157//1146 120//120 121//121
f 1157//1146 121//121 1159//1148
f 1120//1110 1158//1147 1160//1149
f 1120//1110 1160//1149 1121//1111
f 1159//1148 121//121 122//122
f 1159//1148 122//122 1161//1150
f 1121//1111 1160//1149 1162//1151
f 1121//1111 1162//1151 1122//1112
f 1161//1150 122//122 123//123
f 1161//1150 123//123 1163//1152
f 1122//1112 1162//1151 1164//1153
f 1122//1112 1164//1153 1123//1113
f 1163//1152 123//123 124//124
f 1163//1152 124//124 1165//1154
f 1123//1113 1164//1153 1166//1155
f 1123//1113 1166//1155 1124//1114
f 1165//1154 124//124 125//125
f 1165//1154 125//125 1167//1156
f 1124//1114 1166//1155 1130//1119
f 1124//1114 1130//1119 1125//1115
f 1167//1156 125//125 126//126
f 1167//1156 126//126 1128//1117
f 1168//1157 127//127 147//147
f 1168//1157 147//147 1169//1158
f 1170//1159 1168//1157 1169//1158
f 1170//1159 1169//1158 1171//1160
f 1172//1161 1173//1162 1174//1163
f 1172//1161 1174//1163 1175//1164
f 1173//1162 1176//1165 1177//1166
f 1173//1162 1177//1166 1174//1163
f 127//127 1168//1157 1178//1167
f 127//127 1178//1167 128//128
f 1168//1157 1170//1159 1179//1168
f 1168//1157 1179//1168 1178//1167
f 1180//1165 1181//1162 1182//1169
f 1180//1165 1182//1169 1183//1170
f 1181//1162 1184//1161 1185//1171
f 1181//1162 1185//1171 1182//1169
f 128//128 1178//1167 1186//1172
f 128//128 1186//1172 130//130
f 1178//1167 1179//1168 1187//1173
f 1178//1167 1187//1173 1186//1172
f 1183//1170 1182//1169 1188//1174
f 1183//1170 1188//1174 1189//1175
f 1182//1169 1185//1171 1190//1176
f 1182//1169 1190//1176 1188//1174
f 130//130 1186//1172 1191//1177
f 130//130 1191//1177 131//131
f 1186//1172 1187//1173 1192//1178
f 1186//1172 1192//1178 1191//1177
f 1189//1175 1188//1174 1193//1179
f 1189//1175 1193//1179 1194//1180
f 1188//1174 1190//1176 1195//1181
f 1188//1174 1195//1181 1193//1179
f 131//131 1191//1177 1196//1182
f 131//131 1196//1182 132//132
f 1191//1177 1192//1178 1197//1183
f 1191//1177 1197//1183 1196//1182
f 1194//1180 1193//1179 1198//1184
f 1194//1180 1198//1184 1199//1185
f 1193//1179 1195//1181 1200//1186
f 1193//1179 1200//1186 1198//1184
f 132//132 1196//1182 1201//1187
f 132//132 1201//1187 133//133
f 1196//1182 1197//1183 1202//1188
f 1196//1182 1202//1188 1201//1187
f 1199//1185 1198//1184 1203//1189
f 1199//1185 1203//1189 1204//1190
f 1198//1184 1200//1186 1205//1191
f 1198//1184 1205//1191 1203//1189
f 133//133 1201//1187 1206//1192
f 133//133 1206//1192 134//134
f 1201//1187 1202//1188 1207//1193
f 1201//1187 1207//1193 1206//1192
f 1204//1190 1203//1189 1208//1194
f 1204//1190 1208//1194 1209//1193
f 1203//1189 1205//1191 1210//1195
f 1203//1189 1210//1195 1208//1194
f 134//134 1206//1192 1211//1196
f 134//134 1211//1196 135//135
f 1206//1192 1207//1193 1212//1197
f 1206//1192 1212//1197 1211//1196
f 1209//1193 1208//1194 1213//1198
f 1209//1193 1213//1198 1214//1199
f 1208//1194 1210//1195 1215//1200
f 1208//1194 1215//1200 1213//1198
f 135//135 1211//1196 1216//1201
f 135//135 1216//1201 136//136
f 1211//1196 1212//1197 1217//1202
f 1211//1196 1217//1202 1216//1201
f 1214//1199 1213//1198 1218//1203
f 1214//1199 1218//1203 1219//1204
f 1213//1198 1215//1200 1220//1205
f 1213//1198 1220//1205 1218//1203
f 136//136 1216//1201 1221//1206
f 136//136 1221//1206 137//137
f 1216//1201 1217//1202 1222//1207
f 1216//1201 1222//1207 1221//1206
f 1219//1204 1218//1203 1223//1208
f 1219//1204 1223//1208 1224//1209
f 1218//1203 1220//1205 1225//1210
f 1218//1203 1225//1210 1223//1208
f 137//137 1221//1206 1226//1211
f 137//137 1226//1211 138//138
f 1221//1206 1222//1207 1227//1212
f 1221//1206 1227//1212 1226//1211
f 1224//1209 1223//1208 1228//1213
f 1224//1209 1228//1213 1229//1212
f 1223//1208 1225//1210 1230//1214
f 1223//1208 1230//1214 1228//1213
f 138//138 1226//1211 1231//1215
f 138//138 1231//1215 139//139
f 1226//1211 1227//1212 1232//1216
f 1226//1211 1232//1216 1231//1215
f 1229//1212 1228//1213 1233//1217
f 1229//1212 1233//1217 1234//1218
f 1228//1213 1230//1214 1235//1219
f 1228//1213 1235//1219 1233//1217
f 139//139 1231//1215 1236//1220
f 139//139 1236//1220 140//140
f 1231//1215 1232//1216 1237//1221
f 1231//1215 1237//1221 1236//1220
f 1234//1218 1233//1217 1238//1222
f 1234//1218 1238//1222 1239//1223
f 1233//1217 1235//1219 1240//1224
f 1233//1217 1240//1224 1238//1222
f 140//140 1236//1220 1241//1225
f 140//140 1241//1225 141//141
f 1236//1220 1237//1221 1242//1226
f 1236//1220 1242//1226 1241//1225
f 1239//1223 1238//1222 1243//1227
f 1239//1223 1243//1227 1244//1228
f 1238//1222 1240//1224 1245//1229
f 1238//1222 1245//1229 1243//1227
f 141//141 1241//1225 1246//1230
f 141//141 1246//1230 142//142
f 1241//1225 1242//1226 1247//1231
f 1241//1225 1247//1231 1246//1230
f 1244//1228 1243//1227 1248//1232
f 1244//1228 1248//1232 1249//1233
f 1243//1227 1245//1229 1250//1234
f 1243//1227 1250//1234 1248//1232
f 142//142 1246//1230 1251//1235
f 142//142 1251//1235 143//143
f 1246//1230 1247//1231 1252//1236
f 1246//1230 1252//1236 1251//1235
f 1249//1233 1248//1232 1253//1237
f 1249//1233 1253//1237 1254//1238
f 1248//1232 1250//1234 1255//1239
f 1248//1232 1255//1239 1253//1237
f 143//143 1251//1235 1256//1240
f 143//143 1256//1240 144//144
f 1251//1235 1252//1236 1257//1241
f 1251//1235 1257//1241 1256//1240
f 1254//1238 1253//1237 1258//1242
f 1254//1238 1258//1242 1259//1243
f 1253//1237 1255//1239 1260//1244
f 1253//1237 1260//1244 1258//1242
f 144//144 1256//1240 1261//1245
f 144//144 1261//1245 145//145
f 1256//1240 1257//1241 1262//1246
f 1256//1240 1262//1246 1261//1245
f 1259//1243 1258//1242 1263//1247
f 1259//1243 1263//1247 1264//1248
f 1258//1242 1260//1244 1265//1249
f 1258//1242 1265//1249 1263//1247
f 145//145 1261//1245 1266//1250
f 145//145 1266//1250 146//146
f 1261//1245 1262//1246 1267//1251
f 1261//1245 1267//1251 1266//1250
f 1264//1248 1263//1247 1268//1252
f 1264//1248 1268//1252 1269//1253
f 1263//1247 1265//1249 1270//1254
f 1263//1247 1270//1254 1268//1252
f 146//146 1266//1250 1169//1158
f 146//146 1169//1158 147//147
f 1266//1250 1267//1251 1171//1160
f 1266//1250 1171//1160 1169//1158
f 1269//1253 1268//1252 1174//1163
f 1269//1253 1174//1163 1177//1166
f 1268//1252 1270//1254 1175//1164
f 1268//1252 1175//1164 1174//1163
f 1271//1255 1272//1256 1185//1171
f 1271//1255 1185//1171 1184//1161
f 1272//1256 1273//1257 1190//1176
f 1272//1256 1190//1176 1185//1171
f 1273//1257 1274//1258 1195//1181
f 1273//1257 1195//1181 1190//1176
f 1274//1258 1275//1259 1200//1186
f 1274//1258 1200//1186 1195//1181
f 1275//1259 1276//1260 1205//1191
f 1275//1259 1205//1191 1200//1186
f 1276//1260 1277//1261 1210//1195
f 1276//1260 1210//1195 1205//1191
f 1277//1261 1278//1262 1215//1200
f 1277//1261 1215//1200 1210//1195
f 1278//1262 1279//1263 1220//1205
f 1278//1262 1220//1205 1215//1200
f 1279//1263 1280//1264 1225//1210
f 1279//1263 1225//1210 1220//1205
f 1280//1264 1281//1265 1230//1214
f 1280//1264 1230//1214 1225//1210
f 1281//1265 1282//1266 1235//1219
f 1281//1265 1235//1219 1230//1214
f 1282//1266 1283//1267 1240//1224
f 1282//1266 1240//1224 1235//1219
f 1283//1267 1284//1268 1245//1229
f 1283//1267 1245//1229 1240//1224
f 1284//1268 1285//1269 1250//1234
f 1284//1268 1250//1234 1245//1229
f 1285//1269 1286//1270 1255//1239
f 1285//1269 1255//1239 1250//1234
f 1286//1270 1287//1271 1260//1244
f 1286//1270 1260//1244 1255//1239
f 1287//1271 1288//1272 1265//1249
f 1287//1271 1265//1249 1260//1244
f 1288//1272 1289//1273 1270//1254
f 1288//1272 1270//1254 1265//1249
f 1289//1273 1290//1274 1175//1164
f 1289//1273 1175//1164 1270//1254
f 1290//1274 1291//1255 1172//1161
f 1290//1274 1172//1161 1175//1164
f 149//149 1292//1275 1293//1276
f 149//149 1293//1276 168//168
f 1294//1277 1291//1255 1290//1274
f 1294//1277 1290//1274 1295//1278
f 1271//1255 1296//1279 1297//1280
f 1271//1255 1297//1280 1272//1256
f 1292//1275 149//149 148//148
f 1292//1275 148//148 1298//1281
f 1272//1256 1297//1280 1299//1282
f 1272//1256 1299//1282 1273//1257
f 1298//1281 148//148 151//151
f 1298//1281 151//151 1300//1283
f 1273//1257 1299//1282 1301//1284
f 1273//1257 1301//1284 1274//1258
f 1300//1283 151//151 152//152
f 1300//1283 152//152 1302//1285
f 1274//1258 1301//1284 1303//1286
f 1274//1258 1303//1286 1275//1259
f 1302//1285 152//152 153//153
f 1302//1285 153//153 1304//1287
f 1275//1259 1303//1286 1305//1288
f 1275//1259 1305//1288 1276//1260
f 1304//1287 153//153 154//154
f 1304//1287 154//154 1306//1289
f 1276//1260 1305//1288 1307//1290
f 1276//1260 1307//1290 1277//1261
f 1306//1289 154//154 155//155
f 1306//1289 155//155 1308//1291
f 1277//1261 1307//1290 1309//1292
f 1277//1261 1309//1292 1278//1262
f 1308//1291 155//155 156//156
f 1308//1291 156//156 1310//1293
f 1278//1262 1309//1292 1311//1294
f 1278//1262 1311//1294 1279//1263
f 1310//1293 156//156 157//157
f 1310//1293 157//157 1312//1295
f 1279//1263 1311//1294 1313//1296
f 1279//1263 1313//1296 1280//1264
f 1312//1295 157//157 158//158
f 1312//1295 158//158 1314//1297
f 1280//1264 1313//1296 1315//1298
f 1280//1264 1315//1298 1281//1265
f 1314//1297 158//158 159//159
f 1314//1297 159//159 1316//1299
f 1281//1265 1315//1298 1317//1300
f 1281//1265 1317//1300 1282//1266
f 1316//1299 159//159 160//160
f 1316//1299 160//160 1318//1301
f 1282//1266 1317//1300 1319//1302
f 1282//1266 1319//1302 1283//1267
f 1318//1301 160//160 161//161
f 1318//1301 161//161 1320//1303
f 1283//1267 1319//1302 1321//1304
f 1283//1267 1321//1304 1284//1268
f 1320//1303 161//161 162//162
f 1320//1303 162//162 1322//1305
f 1284//1268 1321//1304 1323//1306
f 1284//1268 1323//1306 1285//1269
f 1322//1305 162//162 163//163
f 1322//1305 163//163 1324//1307
f 1285//1269 1323//1306 1325//1308
f 1285//1269 1325//1308 1286//1270
f 1324//1307 163//163 164//164
f 1324//1307 164//164 1326//1309
f 1286//1270 1325//1308 1327//1310
f 1286//1270 1327//1310 1287//1271
f 1326//1309 164//164 165//165
f 1326//1309 165//165 1328//1311
f 1287//1271 1327//1310 1329//1312
f 1287//1271 1329//1312 1288//1272
f 1328//1311 165//165 166//166
f 1328//1311 166//166 1330//1313
f 1288//1272 1329//1312 1331//1314
f 1288//1272 1331//1314 1289//1273
f 1330//1313 166//166 167//167
f 1330//1313 167//167 1332//1315
f 1289//1273 1331//1314 1295//1278
f 1289//1273 1295//1278 1290//1274
f 1332//1315 167//167 168//168
f 1332//1315 168//168 1293//1276
f 1333//1316 169//169 189//189
f 1333//1316 189//189 1334//1317
f 1335//1318 1333//1316 1334//1317
f 1335//1318 1334//1317 1336//1319
f 1337//1320 1338//1321 1339//1322
f 1337//1320 1339//1322 1340//1323
f 1338//1321 1341//1324 1342//1325
f 1338//1321 1342//1325 1339//1322
f 169//169 1333//1316 1343//1326
f 169//169 1343//1326 170//170
f 1333//1316 1335//1318 1344//1327
f 1333//1316 1344//1327 1343//1326
f 1345//1328 1346//1329 1347//1330
f 1345//1328 1347//1330 1348//1331
f 1346//1329 1349//1332 1350//1333
f 1346//1329 1350//1333 1347//1330
f 170//170 1343//1326 1351//1334
f 170//170 1351//1334 172//172
f 1343//1326 1344//1327 1352//1335
f 1343//1326 1352//1335 1351//1334
f 1348//1331 1347//1330 1353//1336
f 1348//1331 1353//1336 1354//1337
f 1347//1330 1350//1333 1355//1338
f 1347//1330 1355//1338 1353//1336
f 172//172 1351//1334 1356//1339
f 172//172 1356//1339 173//173
f 1351//1334 1352//1335 1357//1340
f 1351//1334 1357//1340 1356//1339
f 1354//1337 1353//1336 1358//1341
f 1354//1337 1358//1341 1359//1342
f 1353//1336 1355//1338 1360//1343
f 1353//1336 1360//1343 1358//1341
f 173//173 1356//1339 1361//1344
f 173//173 1361//1344 174//174
f 1356//1339 1357//1340 1362//1345
f 1356//1339 1362//1345 1361//1344
f 1359//1342 1358//1341 1363//1346
f 1359//1342 1363//1346 1364//1347
f 1358//1341 1360//1343 1365//1348
f 1358//1341 1365//1348 1363//1346
f 174//174 1361//1344 1366//1349
f 174//174 1366//1349 175//175
f 1361//1344 1362//1345 1367//1350
f 1361//1344 1367//1350 1366//1349
f 1364//1347 1363//1346 1368//1351
f 1364//1347 1368//1351 1369//1350
f 1363//1346 1365//1348 1370//1352
f 1363//1346 1370//1352 1368//1351
f 175//175 1366//1349 1371//1353
f 175//175 1371//1353 176//176
f 1366//1349 1367//1350 1372//1354
f 1366//1349 1372//1354 1371//1353
f 1369//1350 1368//1351 1373//1355
f 1369//1350 1373//1355 1374//1356
f 1368//1351 1370//1352 1375//1357
f 1368//1351 1375//1357 1373//1355
f 176//176 1371//1353 1376//1358
f 176//176 1376//1358 177//177
f 1371//1353 1372//1354 1377//1359
f 1371//1353 1377//1359 1376//1358
f 1374//1356 1373//1355 1378//1360
f 1374//1356 1378//1360 1379//1359
f 1373//1355 1375//1357 1380//1361
f 1373//1355 1380//1361 1378//1360
f 177//177 1376//1358 1381//1362
f 177//177 1381//1362 178//178
f 1376//1358 1377//1359 1382//1363
f 1376//1358 1382//1363 1381//1362
f 1379//1359 1378//1360 1383//1364
f 1379//1359 1383//1364 1384//1365
f 1378//1360 1380//1361 1385//1366
f 1378//1360 1385//1366 1383//1364
f 178//178 1381//1362 1386//1367
f 178//178 1386//1367 179//179
f 1381//1362 1382//1363 1387//1368
f 1381//1362 1387//1368 1386//1367
f 1384//1365 1383//1364 1388//1369
f 1384//1365 1388//1369 1389//1370
f 1383//1364 1385//1366 1390//1371
f 1383//1364 1390//1371 1388//1369
f 179//179 1386//1367 1391//1372
f 179//179 1391//1372 180//180
f 1386//1367 1387//1368 1392//1373
f 1386//1367 1392//1373 1391//1372
f 1389//1370 1388//1369 1393//1374
f 1389//1370 1393//1374 1394//1375
f 1388//1369 1390//1371 1395//1376
f 1388//1369 1395//1376 1393//1374
f 180//180 1391//1372 1396//1377
f 180//180 1396//1377 181//181
f 1391//1372 1392//1373 1397//1378
f 1391//1372 1397//1378 1396//1377
f 1394//1375 1393//1374 1398//1379
f 1394//1375 1398//1379 1399//1380
f 1393//1374 1395//1376 1400//1381
f 1393//1374 1400//1381 1398//1379
f 181//181 1396//1377 1401//1382
f 181//181 1401//1382 182//182
f 1396//1377 1397//1378 1402//1383
f 1396//1377 1402//1383 1401//1382
f 1399//1380 1398//1379 1403//1384
f 1399//1380 1403//1384 1404//1385
f 1398//1379 1400//1381 1405//1386
f 1398//1379 1405//1386 1403//1384
f 182//182 1401//1382 1406//1387
f 182//182 1406//1387 183//183
f 1401//1382 1402//1383 1407//1388
f 1401//1382 1407//1388 1406//1387
f 1404//1385 1403//1384 1408//1389
f 1404//1385 1408//1389 1409//1390
f 1403//1384 1405//1386 1410//1391
f 1403//1384 1410//1391 1408//1389
f 183//183 1406//1387 1411//1392
f 183//183 1411//1392 184//184
f 1406//1387 1407//1388 1412//1393
f 1406//1387 1412//1393 1411//1392
f 1409//1390 1408//1389 1413//1394
f 1409//1390 1413//1394 1414//1395
f 1408//1389 1410//1391 1415//1396
f 1408//1389 1415//1396 1413//1394
f 184//184 1411//1392 1416//1397
f 184//184 1416//1397 185//185
f 1411//1392 1412//1393 1417//1398
f 1411//1392 1417//1398 1416//1397
f 1414//1395 1413//1394 1418//1399
f 1414//1395 1418//1399 1419//1400
f 1413//1394 1415//1396 1420//1401
f 1413//1394 1420//1401 1418//1399
f 185//185 1416//1397 1421//1402
f 185//185 1421//1402 186//186
f 1416//1397 1417//1398 1422//1403
f 1416//1397 1422//1403 1421//1402
f 1419//1400 1418//1399 1423//1404
f 1419//1400 1423//1404 1424//1405
f 1418//1399 1420//1401 1425//1406
f 1418//1399 1425//1406 1423//1404
f 186//186 1421//1402 1426//1407
f 186//186 1426//1407 187//187
f 1421//1402 1422//1403 1427//1408
f 1421//1402 1427//1408 1426//1407
f 1424//1405 1423//1404 1428//1409
f 1424//1405 1428//1409 1429//1408
f 1423//1404 1425//1406 1430//1410
f 1423//1404 1430//1410 1428//1409
f 187//187 1426//1407 1431//1411
f 187//187 1431//1411 188//188
f 1426//1407 1427//1408 1432//1412
f 1426//1407 1432//1412 1431//1411
f 1429//1408 1428//1409 1433//1413
f 1429//1408 1433//1413 1434//1414
f 1428//1409 1430//1410 1435//1415
f 1428//1409 1435//1415 1433//1413
f 188//188 1431//1411 1334//1317
f 188//188 1334//1317 189//189
f 1431//1411 1432//1412 1336//1319
f 1431//1411 1336//1319 1334//1317
f 1434//1414 1433//1413 1339//1322
f 1434//1414 1339//1322 1342//1325
f 1433//1413 1435//1415 1340//1323
f 1433//1413 1340//1323 1339//1322
f 1436//1416 1437//1417 1350//1333
f 1436//1416 1350//1333 1349//1332
f 1437//1417 1438//1418 1355//1338
f 1437//1417 1355//1338 1350//1333
f 1438//1418 1439//1419 1360//1343
f 1438//1418 1360//1343 1355//1338
f 1439//1419 1440//1420 1365//1348
f 1439//1419 1365//1348 1360//1343
f 1440//1420 1441//1421 1370//1352
f 1440//1420 1370//1352 1365//1348
f 1441//1421 1442//1422 1375//1357
f 1441//1421 1375//1357 1370//1352
f 1442//1422 1443//1423 1380//1361
f 1442//1422 1380//1361 1375//1357
f 1443//1423 1444//1424 1385//1366
f 1443//1423 1385//1366 1380//1361
f 1444//1424 1445//1425 1390//1371
f 1444//1424 1390//1371 1385//1366
f 1445//1425 1446//1426 1395//1376
f 1445//1425 1395//1376 1390//1371
f 1446//1426 1447//1427 1400//1381
f 1446//1426 1400//1381 1395//1376
f 1447//1427 1448//1428 1405//1386
f 1447//1427 1405//1386 1400//1381
f 1448//1428 1449//1429 1410//1391
f 1448//1428 1410//1391 1405//1386
f 1449//1429 1450//1430 1415//1396
f 1449//1429 1415//1396 1410//1391
f 1450//1430 1451//1431 1420//1401
f 1450//1430 1420//1401 1415//1396
f 1451//1431 1452//1432 1425//1406
f 1451//1431 1425//1406 1420//1401
f 1452//1432 1453//1433 1430//1410
f 1452//1432 1430//1410 1425//1406
f 1453//1433 1454//1434 1435//1415
f 1453//1433 1435//1415 1430//1410
f 1454//1434 1455//1435 1340//1323
f 1454//1434 1340//1323 1435//1415
f 1455//1435 1456//1416 1337//1320
f 1455//1435 1337//1320 1340//1323
f 191//191 1457//1436 1458//1437
f 191//191 1458//1437 210//210
f 1459//1438 1456//1416 1455//1435
f 1459//1438 1455//1435 1460//1439
f 1436//1416 1461//1438 1462//1440
f 1436//1416 1462//1440 1437//1417
f 1457//1436 191//191 190//190
f 1457//1436 190//190 1463//1441
f 1437//1417 1462//1440 1464//1442
f 1437//1417 1464//1442 1438//1418
f 1463//1441 190//190 193//193
f 1463//1441 193//193 1465//1443
f 1438//1418 1464//1442 1466//1444
f 1438//1418 1466//1444 1439//1419
f 1465//1443 193//193 194//194
f 1465//1443 194//194 1467//1445
f 1439//1419 1466//1444 1468//1446
f 1439//1419 1468//1446 1440//1420
f 1467//1445 194//194 195//195
f 1467//1445 195//195 1469//1447
f 1440//1420 1468//1446 1470//1448
f 1440//1420 1470//1448 1441//1421
f 1469//1447 195//195 196//196
f 1469//1447 196//196 1471//1449
f 1441//1421 1470//1448 1472//1450
f 1441//1421 1472//1450 1442//1422
f 1471//1449 196//196 197//197
f 1471//1449 197//197 1473//1451
f 1442//1422 1472//1450 1474//1452
f 1442//1422 1474//1452 1443//1423
f 1473//1451 197//197 198//198
f 1473//1451 198//198 1475//1453
f 1443//1423 1474//1452 1476//1454
f 1443//1423 1476//1454 1444//1424
f 1475//1453 198//198 199//199
f 1475//1453 199//199 1477//1455
f 1444//1424 1476//1454 1478//1456
f 1444//1424 1478//1456 1445//1425
f 1477//1455 199//199 200//200
f 1477//1455 200//200 1479//1457
f 1445//1425 1478//1456 1480//1458
f 1445//1425 1480//1458 1446//1426
f 1479//1457 200//200 201//201
f 1479//1457 201//201 1481//1459
f 1446//1426 1480//1458 1482//1460
f 1446//1426 1482//1460 1447//1427
f 1481//1459 201//201 202//202
f 1481//1459 202//202 1483//1461
f 1447//1427 1482//1460 1484//1462
f 1447//1427 1484//1462 1448//1428
f 1483//1461 202//202 203//203
f 1483//1461 203//203 1485//1463
f 1448//1428 1484//1462 1486//1464
f 1448//1428 1486//1464 1449//1429
f 1485//1463 203//203 204//204
f 1485//1463 204//204 1487//1465
f 1449//1429 1486//1464 1488//1466
f 1449//1429 1488//1466 1450//1430
f 1487//1465 204//204 205//205
f 1487//1465 205//205 1489//1467
f 1450//1430 1488//1466 1490//1468
f 1450//1430 1490//1468 1451//1431
f 1489//1467 205//205 206//206
f 1489//1467 206//206 1491//1469
f 1451//1431 1490//1468 1492//1470
f 1451//1431 1492//1470 1452//1432
f 1491//1469 206//206 207//207
f 1491//1469 207//207 1493//1471
f 1452//1432 1492//1470 1494//1472
f 1452//1432 1494//1472 1453//1433
f 1493//1471 207//207 208//208
f 1493//1471 208//208 1495//1473
f 1453//1433 1494//1472 1496//1474
f 1453//1433 1496//1474 1454//1434
f 1495//1473 208//208 209//209
f 1495//1473 209//209 1497//1475
f 1454//1434 1496//1474 1460//1439
f 1454//1434 1460//1439 1455//1435
f 1497//1475 209//209 210//210
f 1497//1475 210//210 1458//1437
f 1498//1476 211//211 231//231
f 1498//1476 231//231 1499//1477
f 1500//1478 1498//1476 1499//1477
f 1500//1478 1499//1477 1501//1479
f 1502//1480 1503//1481 1504//1482
f 1502//1480 1504//1482 1505//1483
f 1503//1481 1506//1484 1507//1485
f 1503//1481 1507//1485 1504//1482
f 211//211 1498//1476 1508//1486
f 211//211 1508//1486 212//212
f 1498//1476 1500//1478 1509//1487
f 1498//1476 1509//1487 1508//1486
f 1510//1484 1511//1488 1512//1489
f 1510//1484 1512//1489 1513//1490
f 1511//1488 1514//1491 1515//1492
f 1511//1488 1515//1492 1512//1489
f 212//212 1508//1486 1516//1493
f 212//212 1516//1493 214//214
f 1508//1486 1509//1487 1517//1494
f 1508//1486 1517//1494 1516//1493
f 1513//1490 1512//1489 1518//1495
f 1513//1490 1518//1495 1519//1494
f 1512//1489 1515//1492 1520//1496
f 1512//1489 1520//1496 1518//1495
f 214//214 1516//1493 1521//1497
f 214//214 1521//1497 215//215
f 1516//1493 1517//1494 1522//1498
f 1516//1493 1522//1498 1521//1497
f 1519//1494 1518//1495 1523//1499
f 1519//1494 1523//1499 1524//1498
f 1518//1495 1520//1496 1525//1500
f 1518//1495 1525//1500 1523//1499
f 215//215 1521//1497 1526//1501
f 215//215 1526//1501 216//216
f 1521//1497 1522//1498 1527//1502
f 1521//1497 1527//1502 1526//1501
f 1524//1498 1523//1499 1528//1503
f 1524//1498 1528//1503 1529//1504
f 1523//1499 1525//1500 1530//1505
f 1523//1499 1530//1505 1528//1503
f 216//216 1526//1501 1531//1506
f 216//216 1531//1506 217//217
f 1526//1501 1527//1502 1532//1507
f 1526//1501 1532//1507 1531//1506
f 1529//1504 1528//1503 1533//1508
f 1529//1504 1533//1508 1534//1509
f 1528//1503 1530//1505 1535//1510
f 1528//1503 1535//1510 1533//1508
f 217//217 1531//1506 1536//1511
f 217//217 1536//1511 218//218
f 1531//1506 1532//1507 1537//1512
f 1531//1506 1537//1512 1536//1511
f 1534//1509 1533//1508 1538//1513
f 1534//1509 1538//1513 1539//1514
f 1533//1508 1535//1510 1540//1515
f 1533//1508 1540//1515 1538//1513
f 218//218 1536//1511 1541//1516
f 218//218 1541//1516 219//219
f 1536//1511 1537//1512 1542//1517
f 1536//1511 1542//1517 1541//1516
f 1539//1514 1538//1513 1543//1518
f 1539//1514 1543//1518 1544//1519
f 1538//1513 1540//1515 1545//1520
f 1538//1513 1545//1520 1543//1518
f 219//219 1541//1516 1546//1521
f 219//219 1546//1521 220//220
f 1541//1516 1542//1517 1547//1522
f 1541//1516 1547//1522 1546//1521
f 1544//1519 1543//1518 1548//1523
f 1544//1519 1548//1523 1549//1522
f 1543//1518 1545//1520 1550//1524
f 1543//1518 1550//1524 1548//1523
f 220//220 1546//1521 1551//1525
f 220//220 1551//1525 221//221
f 1546//1521 1547//1522 1552//1526
f 1546//1521 1552//1526 1551//1525
f 1549//1522 1548//1523 1553//1527
f 1549//1522 1553//1527 1554//1528
f 1548//1523 1550//1524 1555//1529
f 1548//1523 1555//1529 1553//1527
f 221//221 1551//1525 1556//1530
f 221//221 1556//1530 222//222
f 1551//1525 1552//1526 1557//1531
f 1551//1525 1557//1531 1556//1530
f 1554//1528 1553//1527 1558//1532
f 1554//1528 1558//1532 1559//1533
f 1553//1527 1555//1529 1560//1534
f 1553//1527 1560//1534 1558//1532
f 222//222 1556//1530 1561//1535
f 222//222 1561//1535 223//223
f 1556//1530 1557//1531 1562//1536
f 1556//1530 1562//1536 1561//1535
f 1559//1533 1558//1532 1563//1537
f 1559//1533 1563//1537 1564//1538
f 1558//1532 1560//1534 1565//1539
f 1558//1532 1565//1539 1563//1537
f 223//223 1561//1535 1566//1540
f 223//223 1566//1540 224//224
f 1561//1535 1562//1536 1567//1541
f 1561//1535 1567//1541 1566//1540
f 1564//1538 1563//1537 1568//1542
f 1564//1538 1568//1542 1569//1541
f 1563//1537 1565//1539 1570//1543
f 1563//1537 1570//1543 1568//1542
f 224//224 1566//1540 1571//1544
f 224//224 1571//1544 225//225
f 1566//1540 1567//1541 1572//1545
f 1566//1540 1572//1545 1571//1544
f 1569//1541 1568//1542 1573//1546
f 1569//1541 1573//1546 1574//1547
f 1568//1542 1570//1543 1575//1548
f 1568//1542 1575//1548 1573//1546
f 225//225 1571//1544 1576//1549
f 225//225 1576//1549 226//226
f 1571//1544 1572//1545 1577//1550
f 1571//1544 1577//1550 1576//1549
f 1574//1547 1573//1546 1578//1551
f 1574//1547 1578//1551 1579//1552
f 1573//1546 1575//1548 1580//1553
f 1573//1546 1580//1553 1578//1551
f 226//226 1576//1549 1581//1554
f 226//226 1581//1554 227//227
f 1576//1549 1577//1550 1582//1555
f 1576//1549 1582//1555 1581//1554
f 1579//1552 1578//1551 1583//1556
f 1579//1552 1583//1556 1584//1557
f 1578//1551 1580//1553 1585//1558
f 1578//1551 1585//1558 1583//1556
f 227//227 1581//1554 1586//1559
f 227//227 1586//1559 228//228
f 1581//1554 1582//1555 1587//1560
f 1581//1554 1587//1560 1586//1559
f 1584//1557 1583//1556 1588//1561
f 1584//1557 1588//1561 1589//1562
f 1583//1556 1585//1558 1590//1563
f 1583//1556 1590//1563 1588//1561
f 228//228 1586//1559 1591//1564
f 228//228 1591//1564 229//229
f 1586//1559 1587//1560 1592//1565
f 1586//1559 1592//1565 1591//1564
f 1589//1562 1588//1561 1593//1566
f 1589//1562 1593//1566 1594//1567
f 1588//1561 1590//1563 1595//1568
f 1588//1561 1595//1568 1593//1566
f 229//229 1591//1564 1596//1569
f 229//229 1596//1569 230//230
f 1591//1564 1592//1565 1597//1570
f 1591//1564 1597//1570 1596//1569
f 1594//1567 1593//1566 1598//1571
f 1594//1567 1598//1571 1599//1572
f 1593//1566 1595//1568 1600//1573
f 1593//1566 1600//1573 1598//1571
f 230//230 1596//1569 1499//1477
f 230//230 1499//1477 231//231
f 1596//1569 1597//1570 1501//1479
f 1596//1569 1501//1479 1499//1477
f 1599//1572 1598//1571 1504//1482
f 1599//1572 1504//1482 1507//1485
f 1598//1571 1600//1573 1505//1483
f 1598//1571 1505//1483 1504//1482
f 1601//1574 1602//1575 1515//1492
f 1601//1574 1515//1492 1514//1491
f 1602//1575 1603//1576 1520//1496
f 1602//1575 1520//1496 1515//1492
f 1603//1576 1604//1577 1525//1500
f 1603//1576 1525//1500 1520//1496
f 1604//1577 1605//1578 1530//1505
f 1604//1577 1530//1505 1525//1500
f 1605//1578 1606//1579 1535//1510
f 1605//1578 1535//1510 1530//1505
f 1606//1579 1607//1580 1540//1515
f 1606//1579 1540//1515 1535//1510
f 1607//1580 1608//1581 1545//1520
f 1607//1580 1545//1520 1540//1515
f 1608//1581 1609//1582 1550//1524
f 1608//1581 1550//1524 1545//1520
f 1609//1582 1610//1583 1555//1529
f 1609//1582 1555//1529 1550//1524
f 1610//1583 1611//1584 1560//1534
f 1610//1583 1560//1534 1555//1529
f 1611//1584 1612//1585 1565//1539
f 1611//1584 1565//1539 1560//1534
f 1612//1585 1613//1586 1570//1543
f 1612//1585 1570//1543 1565//1539
f 1613//1586 1614//1587 1575//1548
f 1613//1586 1575//1548 1570//1543
f 1614//1587 1615//1588 1580//1553
f 1614//1587 1580//1553 1575//1548
f 1615//1588 1616//1589 1585//1558
f 1615//1588 1585//1558 1580//1553
f 1616//1589 1617//1590 1590//1563
f 1616//1589 1590//1563 1585//1558
f 1617//1590 1618//1591 1595//1568
f 1617//1590 1595//1568 1590//1563
f 1618//1591 1619//1592 1600//1573
f 1618//1591 1600//1573 1595//1568
f 1619//1592 1620//1593 1505//1483
f 1619//1592 1505//1483 1600//1573
f 1620//1593 1621//1574 1502//1480
f 1620//1593 1502//1480 1505//1483
f 233//233 1622//1594 1623//1595
f 233//233 1623//1595 252//252
f 1624//1596 1621//1574 1620//1593
f 1624//1596 1620//1593 1625//1597
f 1601//1574 1626//1598 1627//1599
f 1601//1574 1627//1599 1602//1575
f 1622//1594 233//233 232//232
f 1622//1594 232//232 1628//1600
f 1602//1575 1627//1599 1629//1601
f 1602//1575 1629//1601 1603//1576
f 1628//1600 232//232 235//235
f 1628//1600 235//235 1630//1602
f 1603//1576 1629//1601 1631//1603
f 1603//1576 1631//1603 1604//1577
f 1630//1602 235//235 236//236
f 1630//1602 236//236 1632//1604
f 1604//1577 1631//1603 1633//1605
f 1604//1577 1633//1605 1605//1578
f 1632//1604 236//236 237//237
f 1632//1604 237//237 1634//1606
f 1605//1578 1633//1605 1635//1607
f 1605//1578 1635//1607 1606//1579
f 1634//1606 237//237 238//238
f 1634//1606 238//238 1636//1608
f 1606//1579 1635//1607 1637//1609
f 1606//1579 1637//1609 1607//1580
f 1636//1608 238//238 239//239
f 1636//1608 239//239 1638//1610
f 1607//1580 1637//1609 1639//1611
f 1607//1580 1639//1611 1608//1581
f 1638//1610 239//239 240//240
f 1638//1610 240//240 1640//1612
f 1608//1581 1639//1611 1641//1613
f 1608//1581 1641//1613 1609//1582
f 1640//1612 240//240 241//241
f 1640//1612 241//241 1642//1614
f 1609//1582 1641//1613 1643//1615
f 1609//1582 1643//1615 1610//1583
f 1642//1614 241//241 242//242
f 1642//1614 242//242 1644//1616
f 1610//1583 1643//1615 1645//1617
f 1610//1583 1645//1617 1611//1584
f 1644//1616 242//242 243//243
f 1644//1616 243//243 1646//1618
f 1611//1584 1645//1617 1647//1619
f 1611//1584 1647//1619 1612//1585
f 1646//1618 243//243 244//244
f 1646//1618 244//244 1648//1620
f 1612//1585 1647//1619 1649//1621
f 1612//1585 1649//1621 1613//1586
f 1648//1620 244//244 245//245
f 1648//1620 245//245 1650//1622
f 1613//1586 1649//1621 1651//1623
f 1613//1586 1651//1623 1614//1587
f 1650//1622 245//245 246//246
f 1650//1622 246//246 1652//1624
f 1614//1587 1651//1623 1653//1625
f 1614//1587 1653//1625 1615//1588
f 1652//1624 246//246 247//247
f 1652//1624 247//247 1654//1626
f 1615//1588 1653//1625 1655//1627
f 1615//1588 1655//1627 1616//1589
f 1654//1626 247//247 248//248
f 1654//1626 248//248 1656//1628
f 1616//1589 1655//1627 1657//1629
f 1616//1589 1657//1629 1617//1590
f 1656//1628 248//248 249//249
f 1656//1628 249//249 1658//1630
f 1617//1590 1657//1629 1659//1631
f 1617//1590 1659//1631 1618//1591
f 1658//1630 249//249 250//250
f 1658//1630 250//250 1660//1632
f 1618//1591 1659//1631 1661//1633
f 1618//1591 1661//1633 1619//1592
f 1660//1632 250//250 251//251
f 1660//1632 251//251 1662//1634
f 1619//1592 1661//1633 1625//1597
f 1619//1592 1625//1597 1620//1593
f 1662//1634 251//251 252//252
f 1662//1634 252//252 1623//1595
f 1663//1635 253//253 273//273
f 1663//1635 273//273 1664//1636
f 1665//1637 1663//1635 1664//1636
f 1665//1637 1664//1636 1666//1638
f 1667//1639 1668//1640 1669//1641
f 1667//1639 1669//1641 1670//1642
f 1668//1640 1671//1643 1672//1644
f 1668//1640 1672//1644 1669//1641
f 253//253 1663//1635 1673//1645
f 253//253 1673//1645 254//254
f 1663//1635 1665//1637 1674//1646
f 1663//1635 1674//1646 1673//1645
f 1675//1647 1676//1648 1677//1649
f 1675//1647 1677//1649 1678//1650
f 1676//1648 1679//1639 1680//1651
f 1676//1648 1680//1651 1677//1649
f 254//254 1673//1645 1681//1652
f 254//254 1681//1652 256//256
f 1673//1645 1674//1646 1682//1653
f 1673//1645 1682//1653 1681//1652
f 1678//1650 1677//1649 1683//1654
f 1678//1650 1683//1654 1684//1653
f 1677//1649 1680//1651 1685//1655
f 1677//1649 1685//1655 1683//1654
f 256//256 1681//1652 1686//1656
f 256//256 1686//1656 257//257
f 1681//1652 1682//1653 1687//1657
f 1681//1652 1687//1657 1686//1656
f 1684//1653 1683//1654 1688//1658
f 1684//1653 1688//1658 1689//1657
f 1683//1654 1685//1655 1690//1659
f 1683//1654 1690//1659 1688//1658
f 257//257 1686//1656 1691//1660
f 257//257 1691//1660 258//258
f 1686//1656 1687//1657 1692//1661
f 1686//1656 1692//1661 1691//1660
f 1689//1657 1688//1658 1693//1662
f 1689//1657 1693//1662 1694//1661
f 1688//1658 1690//1659 1695//1663
f 1688//1658 1695//1663 1693//1662
f 258//258 1691//1660 1696//1664
f 258//258 1696//1664 259//259
f 1691//1660 1692//1661 1697//1665
f 1691//1660 1697//1665 1696//1664
f 1694//1661 1693//1662 1698//1666
f 1694//1661 1698//1666 1699//1667
f 1693//1662 1695//1663 1700//1668
f 1693//1662 1700//1668 1698//1666
f 259//259 1696//1664 1701//1669
f 259//259 1701//1669 260//260
f 1696//1664 1697//1665 1702//1670
f 1696//1664 1702//1670 1701//1669
f 1699//1667 1698//1666 1703//1671
f 1699//1667 1703//1671 1704//1670
f 1698//1666 1700//1668 1705//1672
f 1698//1666 1705//1672 1703//1671
f 260//260 1701//1669 1706//1673
f 260//260 1706//1673 261//261
f 1701//1669 1702//1670 1707//1674
f 1701//1669 1707//1674 1706//1673
f 1704//1670 1703//1671 1708//1675
f 1704//1670 1708//1675 1709//1674
f 1703//1671 1705//1672 1710//1676
f 1703//1671 1710//1676 1708//1675
f 261//261 1706//1673 1711//1677
f 261//261 1711//1677 262//262
f 1706//1673 1707//1674 1712//1678
f 1706//1673 1712//1678 1711//1677
f 1709//1674 1708//1675 1713//1679
f 1709//1674 1713//1679 1714//1678
f 1708//1675 1710//1676 1715//1680
f 1708//1675 1715//1680 1713//1679
f 262//262 1711//1677 1716//1681
f 262//262 1716//1681 263//263
f 1711//1677 1712//1678 1717//1682
f 1711//1677 1717//1682 1716//1681
f 1714//1678 1713//1679 1718//1683
f 1714//1678 1718//1683 1719//1682
f 1713//1679 1715//1680 1720//1684
f 1713//1679 1720//1684 1718//1683
f 263//263 1716//1681 1721//1685
f 263//263 1721//1685 264//264
f 1716//1681 1717//1682 1722//1686
f 1716//1681 1722//1686 1721//1685
f 1719//1682 1718//1683 1723//1687
f 1719//1682 1723//1687 1724//1686
f 1718//1683 1720//1684 1725//1688
f 1718//1683 1725//1688 1723//1687
f 264//264 1721//1685 1726//1689
f 264//264 1726//1689 265//265
f 1721//1685 1722//1686 1727//1690
f 1721//1685 1727//1690 1726//1689
f 1724//1686 1723//1687 1728//1691
f 1724//1686 1728//1691 1729//1692
f 1723//1687 1725//1688 1730//1693
f 1723//1687 1730//1693 1728//1691
f 265//265 1726//1689 1731//1694
f 265//265 1731//1694 266//266
f 1726//1689 1727//1690 1732//1695
f 1726//1689 1732//1695 1731//1694
f 1729//1692 1728//1691 1733//1696
f 1729//1692 1733//1696 1734//1697
f 1728//1691 1730//1693 1735//1698
f 1728//1691 1735//1698 1733//1696
f 266//266 1731//1694 1736//1699
f 266//266 1736//1699 267//267
f 1731//1694 1732//1695 1737//1700
f 1731//1694 1737//1700 1736//1699
f 1734//1697 1733//1696 1738//1701
f 1734//1697 1738//1701 1739//1702
f 1733//1696 1735//1698 1740//1703
f 1733//1696 1740//1703 1738//1701
f 267//267 1736//1699 1741//1704
f 267//267 1741//1704 268//268
f 1736//1699 1737//1700 1742//1705
f 1736//1699 1742//1705 1741//1704
f 1739//1702 1738//1701 1743//1706
f 1739//1702 1743//1706 1744//1707
f 1738//1701 1740//1703 1745//1708
f 1738//1701 1745//1708 1743//1706
f 268//268 1741//1704 1746//1709
f 268//268 1746//1709 269//269
f 1741//1704 1742//1705 1747//1710
f 1741//1704 1747//1710 1746//1709
f 1744//1707 1743//1706 1748//1711
f 1744//1707 1748//1711 1749//1712
f 1743//1706 1745//1708 1750//1713
f 1743//1706 1750//1713 1748//1711
f 269//269 1746//1709 1751//1714
f 269//269 1751//1714 270//270
f 1746//1709 1747//1710 1752//1715
f 1746//1709 1752//1715 1751//1714
f 1749//1712 1748//1711 1753//1716
f 1749//1712 1753//1716 1754//1717
f 1748//1711 1750//1713 1755//1718
f 1748//1711 1755//1718 1753//1716
f 270//270 1751//1714 1756//1719
f 270//270 1756//1719 271//271
f 1751//1714 1752//1715 1757//1720
f 1751//1714 1757//1720 1756//1719
f 1754//1717 1753//1716 1758//1721
f 1754//1717 1758//1721 1759//1722
f 1753//1716 1755//1718 1760//1723
f 1753//1716 1760//1723 1758//1721
f 271//271 1756//1719 1761//1724
f 271//271 1761//1724 272//272
f 1756//1719 1757//1720 1762//1725
f 1756//1719 1762//1725 1761//1724
f 1759//1722 1758//1721 1763//1726
f 1759//1722 1763//1726 1764//1727
f 1758//1721 1760//1723 1765//1728
f 1758//1721 1765//1728 1763//1726
f 272//272 1761//1724 1664//1636
f 272//272 1664//1636 273//273
f 1761//1724 1762//1725 1666//1638
f 1761//1724 1666//1638 1664//1636
f 1764//1727 1763//1726 1669//1641
f 1764//1727 1669//1641 1672//1644
f 1763//1726 1765//1728 1670//1642
f 1763//1726 1670//1642 1669//1641
f 1766//1729 1767//1730 1680//1651
f 1766//1729 1680//1651 1679//1639
f 1767//1730 1768//1731 1685//1655
f 1767//1730 1685//1655 1680//1651
f 1768//1731 1769//1732 1690//1659
f 1768//1731 1690//1659 1685//1655
f 1769//1732 1770//1733 1695//1663
f 1769//1732 1695//1663 1690//1659
f 1770//1733 1771//1734 1700//1668
f 1770//1733 1700//1668 1695//1663
f 1771//1734 1772//1735 1705//1672
f 1771//1734 1705//1672 1700//1668
f 1772//1735 1773//1736 1710//1676
f 1772//1735 1710//1676 1705//1672
f 1773//1736 1774//1737 1715//1680
f 1773//1736 1715//1680 1710//1676
f 1774//1737 1775//1738 1720//1684
f 1774//1737 1720//1684 1715//1680
f 1775//1738 1776//1739 1725//1688
f 1775//1738 1725//1688 1720//1684
f 1776//1739 1777//1740 1730//1693
f 1776//1739 1730//1693 1725//1688
f 1777//1740 1778//1741 1735//1698
f 1777//1740 1735//1698 1730//1693
f 1778//1741 1779//1742 1740//1703
f 1778//1741 1740//1703 1735//1698
f 1779//1742 1780//1743 1745//1708
f 1779//1742 1745//1708 1740//1703
f 1780//1743 1781//1744 1750//1713
f 1780//1743 1750//1713 1745//1708
f 1781//1744 1782//1745 1755//1718
f 1781//1744 1755//1718 1750//1713
f 1782//1745 1783//1746 1760//1723
f 1782//1745 1760//1723 1755//1718
f 1783//1746 1784//1747 1765//1728
f 1783//1746 1765//1728 1760//1723
f 1784//1747 1785//1748 1670//1642
f 1784//1747 1670//1642 1765//1728
f 1785//1748 1786//1729 1667//1639
f 1785//1748 1667//1639 1670//1642
f 275//275 1787//1749 1788//1750
f 275//275 1788//1750 294//294
f 1789//1751 1786//1729 1785//1748
f 1789//1751 1785//1748 1790//1752
f 1766//1729 1791//1753 1792//1754
f 1766//1729 1792//1754 1767//1730
f 1787//1749 275//275 274//274
f 1787//1749 274//274 1793//1755
f 1767//1730 1792//1754 1794//1756
f 1767//1730 1794//1756 1768//1731
f 1793//1755 274//274 277//277
f 1793//1755 277//277 1795//1757
f 1768//1731 1794//1756 1796//1758
f 1768//1731 1796//1758 1769//1732
f 1795//1757 277//277 278//278
f 1795//1757 278//278 1797//1759
f 1769//1732 1796//1758 1798//1760
f 1769//1732 1798//1760 1770//1733
f 1797//1759 278//278 279//279
f 1797//1759 279//279 1799//1761
f 1770//1733 1798//1760 1800//1762
f 1770//1733 1800//1762 1771//1734
f 1799//1761 279//279 280//280
f 1799//1761 280//280 1801//1763
f 1771//1734 1800//1762 1802//1764
f 1771//1734 1802//1764 1772//1735
f 1801//1763 280//280 281//281
f 1801//1763 281//281 1803//1765
f 1772//1735 1802//1764 1804//1766
f 1772//1735 1804//1766 1773//1736
f 1803//1765 281//281 282//282
f 1803//1765 282//282 1805//1767
f 1773//1736 1804//1766 1806//1768
f 1773//1736 1806//1768 1774//1737
f 1805//1767 282//282 283//283
f 1805//1767 283//283 1807//1769
f 1774//1737 1806//1768 1808//1770
f 1774//1737 1808//1770 1775//1738
f 1807//1769 283//283 284//284
f 1807//1769 284//284 1809//1771
f 1775//1738 1808//1770 1810//1772
f 1775//1738 1810//1772 1776//1739
f 1809//1771 284//284 285//285
f 1809//1771 285//285 1811//1773
f 1776//1739 1810//1772 1812//1774
f 1776//1739 1812//1774 1777//1740
f 1811//1773 285//285 286//286
f 1811//1773 286//286 1813//1775
f 1777//1740 1812//1774 1814//1776
f 1777//1740 1814//1776 1778//1741
f 1813//1775 286//286 287//287
f 1813//1775 287//287 1815//1777
f 1778//1741 1814//1776 1816//1778
f 1778//1741 1816//1778 1779//1742
f 1815//1777 287//287 288//288
f 1815//1777 288//288 1817//1779
f 1779//1742 1816//1778 1818//1780
f 1779//1742 1818//1780 1780//1743
f 1817//1779 288//288 289//289
f 1817//1779 289//289 1819//1781
f 1780//1743 1818//1780 1820//1782
f 1780//1743 1820//1782 1781//1744
f 1819//1781 289//289 290//290
f 1819//1781 290//290 1821//1783
f 1781//1744 1820//1782 1822//1784
f 1781//1744 1822//1784 1782//1745
f 1821//1783 290//290 291//291
f 1821//1783 291//291 1823//1785
f 1782//1745 1822//1784 1824//1786
f 1782//1745 1824//1786 1783//1746
f 1823//1785 291//291 292//292
f 1823//1785 292//292 1825//1787
f 1783//1746 1824//1786 1826//1788
f 1783//1746 1826//1788 1784//1747
f 1825//1787 292//292 293//293
f 1825//1787 293//293 1827//1789
f 1784//1747 1826//1788 1790//1752
f 1784//1747 1790//1752 1785//1748
f 1827//1789 293//293 294//294
f 1827//1789 294//294 1788//1750
f 1828//1790 295//295 315//315
f 1828//1790 315//315 1829//1791
f 1830//1792 1828//1790 1829//1791
f 1830//1792 1829//1791 1831//1793
f 1832//1794 1833//1795 1834//1796
f 1832//1794 1834//1796 1835//1797
f 1833//1795 1836//1798 1837//1793
f 1833//1795 1837//1793 1834//1796
f 295//295 1828//1790 1838//1799
f 295//295 1838//1799 296//296
f 1828//1790 1830//1792 1839//1800
f 1828//1790 1839//1800 1838//1799
f 1840//1798 1841//1801 1842//1802
f 1840//1798 1842//1802 1843//1803
f 1841//1801 1844//1794 1845//1804
f 1841//1801 1845//1804 1842//1802
f 296//296 1838//1799 1846//1805
f 296//296 1846//1805 298//298
f 1838//1799 1839//1800 1847//1806
f 1838//1799 1847//1806 1846//1805
f 1843//1803 1842//1802 1848//1807
f 1843//1803 1848//1807 1849//1806
f 1842//1802 1845//1804 1850//1808
f 1842//1802 1850//1808 1848//1807
f 298//298 1846//1805 1851//1809
f 298//298 1851//1809 299//299
f 1846//1805 1847//1806 1852//1810
f 1846//1805 1852//1810 1851//1809
f 1849//1806 1848//1807 1853//1811
f 1849//1806 1853//1811 1854//1812
f 1848//1807 1850//1808 1855//1813
f 1848//1807 1855//1813 1853//1811
f 299//299 1851//1809 1856//1814
f 299//299 1856//1814 300//300
f 1851//1809 1852//1810 1857//1815
f 1851//1809 1857//1815 1856//1814
f 1854//1812 1853//1811 1858//1816
f 1854//1812 1858//1816 1859//1817
f 1853//1811 1855//1813 1860//1818
f 1853//1811 1860//1818 1858//1816
f 300//300 1856//1814 1861//1819
f 300//300 1861//1819 301//301
f 1856//1814 1857//1815 1862//1820
f 1856//1814 1862//1820 1861//1819
f 1859//1817 1858//1816 1863//1821
f 1859//1817 1863//1821 1864//1822
f 1858//1816 1860//1818 1865//1823
f 1858//1816 1865//1823 1863//1821
f 301//301 1861//1819 1866//1824
f 301//301 1866//1824 302//302
f 1861//1819 1862//1820 1867//1825
f 1861//1819 1867//1825 1866//1824
f 1864//1822 1863//1821 1868//1826
f 1864//1822 1868//1826 1869//1825
f 1863//1821 1865//1823 1870//1827
f 1863//1821 1870//1827 1868//1826
f 302//302 1866//1824 1871//1828
f 302//302 1871//1828 303//303
f 1866//1824 1867//1825 1872//1829
f 1866//1824 1872//1829 1871//1828
f 1869//1825 1868//1826 1873//1830
f 1869//1825 1873//1830 1874//1831
f 1868//1826 1870//1827 1875//1832
f 1868//1826 1875//1832 1873//1830
f 303//303 1871//1828 1876//1833
f 303//303 1876//1833 304//304
f 1871//1828 1872//1829 1877//1834
f 1871//1828 1877//1834 1876//1833
f 1874//1831 1873//1830 1878//1835
f 1874//1831 1878//1835 1879//1836
f 1873//1830 1875//1832 1880//1837
f 1873//1830 1880//1837 1878//1835
f 304//304 1876//1833 1881//1838
f 304//304 1881//1838 305//305
f 1876//1833 1877//1834 1882//1839
f 1876//1833 1882//1839 1881//1838
f 1879//1836 1878//1835 1883//1840
f 1879//1836 1883//1840 1884//1841
f 1878//1835 1880//1837 1885//1842
f 1878//1835 1885//1842 1883//1840
f 305//305 1881//1838 1886//1843
f 305//305 1886//1843 306//306
f 1881//1838 1882//1839 1887//1844
f 1881//1838 1887//1844 1886//1843
f 1884//1841 1883//1840 1888//1845
f 1884//1841 1888//1845 1889//1846
f 1883//1840 1885//1842 1890//1847
f 1883//1840 1890//1847 1888//1845
f 306//306 1886//1843 1891//1848
f 306//306 1891//1848 307//307
f 1886//1843 1887//1844 1892//1849
f 1886//1843 1892//1849 1891//1848
f 1889//1846 1888//1845 1893//1850
f 1889//1846 1893//1850 1894//1851
f 1888//1845 1890//1847 1895//1852
f 1888//1845 1895//1852 1893//1850
f 307//307 1891//1848 1896//1853
f 307//307 1896//1853 308//308
f 1891//1848 1892//1849 1897//1854
f 1891//1848 1897//1854 1896//1853
f 1894//1851 1893//1850 1898//1855
f 1894//1851 1898//1855 1899//1854
f 1893//1850 1895//1852 1900//1856
f 1893//1850 1900//1856 1898//1855
f 308//308 1896//1853 1901//1857
f 308//308 1901//1857 309//309
f 1896//1853 1897//1854 1902//1858
f 1896//1853 1902//1858 1901//1857
f 1899//1854 1898//1855 1903//1859
f 1899//1854 1903//1859 1904//1860
f 1898//1855 1900//1856 1905//1861
f 1898//1855 1905//1861 1903//1859
f 309//309 1901//1857 1906//1862
f 309//309 1906//1862 310//310
f 1901//1857 1902//1858 1907//1863
f 1901//1857 1907//1863 1906//1862
f 1904//1860 1903//1859 1908//1864
f 1904//1860 1908//1864 1909//1865
f 1903//1859 1905//1861 1910//1866
f 1903//1859 1910//1866 1908//1864
f 310//310 1906//1862 1911//1867
f 310//310 1911//1867 311//311
f 1906//1862 1907//1863 1912//1868
f 1906//1862 1912//1868 1911//1867
f 1909//1865 1908//1864 1913//1869
f 1909//1865 1913//1869 1914//1870
f 1908//1864 1910//1866 1915//1871
f 1908//1864 1915//1871 1913//1869
f 311//311 1911//1867 1916//1872
f 311//311 1916//1872 312//312
f 1911//1867 1912//1868 1917//1873
f 1911//1867 1917//1873 1916//1872
f 1914//1870 1913//1869 1918//1874
f 1914//1870 1918//1874 1919//1875
f 1913//1869 1915//1871 1920//1876
f 1913//1869 1920//1876 1918//1874
f 312//312 1916//1872 1921//1877
f 312//312 1921//1877 313//313
f 1916//1872 1917//1873 1922//1878
f 1916//1872 1922//1878 1921//1877
f 1919//1875 1918//1874 1923//1879
f 1919//1875 1923//1879 1924//1880
f 1918//1874 1920//1876 1925//1881
f 1918//1874 1925//1881 1923//1879
f 313//313 1921//1877 1926//1882
f 313//313 1926//1882 314//314
f 1921//1877 1922//1878 1927//1883
f 1921//1877 1927//1883 1926//1882
f 1924//1880 1923//1879 1928//1884
f 1924//1880 1928//1884 1929//1885
f 1923//1879 1925//1881 1930//1886
f 1923//1879 1930//1886 1928//1884
f 314//314 1926//1882 1829//1791
f 314//314 1829//1791 315//315
f 1926//1882 1927//1883 1831//1793
f 1926//1882 1831//1793 1829//1791
f 1929//1885 1928//1884 1834//1796
f 1929//1885 1834//1796 1837//1793
f 1928//1884 1930//1886 1835//1797
f 1928//1884 1835//1797 1834//1796
f 1931//1887 1932//1888 1845//1804
f 1931//1887 1845//1804 1844//1794
f 1932//1888 1933//1889 1850//1808
f 1932//1888 1850//1808 1845//1804
f 1933//1889 1934//1890 1855//1813
f 1933//1889 1855//1813 1850//1808
f 1934//1890 1935//1891 1860//1818
f 1934//1890 1860//1818 1855//1813
f 1935//1891 1936//1892 1865//1823
f 1935//1891 1865//1823 1860//1818
f 1936//1892 1937//1893 1870//1827
f 1936//1892 1870//1827 1865//1823
f 1937//1893 1938//1894 1875//1832
f 1937//1893 1875//1832 1870//1827
f 1938//1894 1939//1895 1880//1837
f 1938//1894 1880//1837 1875//1832
f 1939//1895 1940//1896 1885//1842
f 1939//1895 1885//1842 1880//1837
f 1940//1896 1941//1897 1890//1847
f 1940//1896 1890//1847 1885//1842
f 1941//1897 1942//1898 1895//1852
f 1941//1897 1895//1852 1890//1847
f 1942//1898 1943//1899 1900//1856
f 1942//1898 1900//1856 1895//1852
f 1943//1899 1944//1900 1905//1861
f 1943//1899 1905//1861 1900//1856
f 1944//1900 1945//1901 1910//1866
f 1944//1900 1910//1866 1905//1861
f 1945//1901 1946//1902 1915//1871
f 1945//1901 1915//1871 1910//1866
f 1946//1902 1947//1903 1920//1876
f 1946//1902 1920//1876 1915//1871
f 1947//1903 1948//1904 1925//1881
f 1947//1903 1925//1881 1920//1876
f 1948//1904 1949//1905 1930//1886
f 1948//1904 1930//1886 1925//1881
f 1949//1905 1950//1906 1835//1797
f 1949//1905 1835//1797 1930//1886
f 1950//1906 1951//1887 1832//1794
f 1950//1906 1832//1794 1835//1797
f 317//317 1952//1907 1953//1908
f 317//317 1953//1908 336//336
f 1954//1909 1951//1887 1950//1906
f 1954//1909 1950//1906 1955//1910
f 1931//1887 1956//1911 1957//1912
f 1931//1887 1957//1912 1932//1888
f 1952//1907 317//317 316//316
f 1952//1907 316//316 1958//1913
f 1932//1888 1957//1912 1959//1914
f 1932//1888 1959//1914 1933//1889
f 1958//1913 316//316 319//319
f 1958//1913 319//319 1960//1915
f 1933//1889 1959//1914 1961//1916
f 1933//1889 1961//1916 1934//1890
f 1960//1915 319//319 320//320
f 1960//1915 320//320 1962//1917
f 1934//1890 1961//1916 1963//1918
f 1934//1890 1963//1918 1935//1891
f 1962//1917 320//320 321//321
f 1962//1917 321//321 1964//1919
f 1935//1891 1963//1918 1965//1920
f 1935//1891 1965//1920 1936//1892
f 1964//1919 321//321 322//322
f 1964//1919 322//322 1966//1921
f 1936//1892 1965//1920 1967//1922
f 1936//1892 1967//1922 1937//1893
f 1966//1921 322//322 323//323
f 1966//1921 323//323 1968//1923
f 1937//1893 1967//1922 1969//1924
f 1937//1893 1969//1924 1938//1894
f 1968//1923 323//323 324//324
f 1968//1923 324//324 1970//1925
f 1938//1894 1969//1924 1971//1926
f 1938//1894 1971//1926 1939//1895
f 1970//1925 324//324 325//325
f 1970//1925 325//325 1972//1927
f 1939//1895 1971//1926 1973//1928
f 1939//1895 1973//1928 1940//1896
f 1972//1927 325//325 326//326
f 1972//1927 326//326 1974//1929
f 1940//1896 1973//1928 1975//1930
f 1940//1896 1975//1930 1941//1897
f 1974//1929 326//326 327//327
f 1974//1929 327//327 1976//1931
f 1941//1897 1975//1930 1977//1932
f 1941//1897 1977//1932 1942//1898
f 1976//1931 327//327 328//328
f 1976//1931 328//328 1978//1933
f 1942//1898 1977//1932 1979//1934
f 1942//1898 1979//1934 1943//1899
f 1978//1933 328//328 329//329
f 1978//1933 329//329 1980//1935
f 1943//1899 1979//1934 1981//1936
f 1943//1899 1981//1936 1944//1900
f 1980//1935 329//329 330//330
f 1980//1935 330//330 1982//1937
f 1944//1900 1981//1936 1983//1938
f 1944//1900 1983//1938 1945//1901
f 1982//1937 330//330 331//331
f 1982//1937 331//331 1984//1939
f 1945//1901 1983//1938 1985//1940
f 1945//1901 1985//1940 1946//1902
f 1984//1939 331//331 332//332
f 1984//1939 332//332 1986//1941
f 1946//1902 1985//1940 1987//1942
f 1946//1902 1987//1942 1947//1903
f 1986//1941 332//332 333//333
f 1986//1941 333//333 1988//1943
f 1947//1903 1987//1942 1989//1944
f 1947//1903 1989//1944 1948//1904
f 1988//1943 333//333 334//334
f 1988//1943 334//334 1990//1945
f 1948//1904 1989//1944 1991//1946
f 1948//1904 1991//1946 1949//1905
f 1990//1945 334//334 335//335
f 1990//1945 335//335 1992//1947
f 1949//1905 1991//1946 1955//1910
f 1949//1905 1955//1910 1950//1906
f 1992//1947 335//335 336//336
f 1992//1947 336//336 1953//1908
f 1993//1948 337//337 357//357
f 1993//1948 357//357 1994//1949
f 1995//1950 1993//1948 1994//1949
f 1995//1950 1994//1949 1996//1951
f 1997//1952 1998//1953 1999//1954
f 1997//1952 1999//1954 2000//1955
f 1998//1953 2001//1956 2002//1957
f 1998//1953 2002//1957 1999//1954
f 337//337 1993//1948 2003//1958
f 337//337 2003//1958 338//338
f 1993//1948 1995//1950 2004//1959
f 1993//1948 2004//1959 2003//1958
f 2005//1960 2006//1961 2007//1962
f 2005//1960 2007//1962 2008//1963
f 2006//1961 2009//1952 2010//1964
f 2006//1961 2010//1964 2007//1962
f 338//338 2003//1958 2011//1965
f 338//338 2011//1965 340//340
f 2003//1958 2004//1959 2012//1966
f 2003//1958 2012//1966 2011//1965
f 2008//1963 2007//1962 2013//1967
f 2008//1963 2013//1967 2014//1968
f 2007//1962 2010//1964 2015//1969
f 2007//1962 2015//1969 2013//1967
f 340//340 2011//1965 2016//1970
f 340//340 2016//1970 341//341
f 2011//1965 2012//1966 2017//1971
f 2011//1965 2017//1971 2016//1970
f 2014//1968 2013//1967 2018//1972
f 2014//1968 2018//1972 2019//1973
f 2013//1967 2015//1969 2020//1974
f 2013//1967 2020//1974 2018//1972
f 341//341 2016//1970 2021//1975
f 341//341 2021//1975 342//342
f 2016//1970 2017//1971 2022//1976
f 2016//1970 2022//1976 2021//1975
f 2019//1973 2018//1972 2023//1977
f 2019//1973 2023//1977 2024//1978
f 2018//1972 2020//1974 2025//1979
f 2018//1972 2025//1979 2023//1977
f 342//342 2021//1975 2026//1980
f 342//342 2026//1980 343//343
f 2021//1975 2022//1976 2027//1981
f 2021//1975 2027//1981 2026//1980
f 2024//1978 2023//1977 2028//1982
f 2024//1978 2028//1982 2029//1983
f 2023//1977 2025//1979 2030//1984
f 2023//1977 2030//1984 2028//1982
f 343//343 2026//1980 2031//1985
f 343//343 2031//1985 344//344
f 2026//1980 2027//1981 2032//1986
f 2026//1980 2032//1986 2031//1985
f 2029//1983 2028//1982 2033//1987
f 2029//1983 2033//1987 2034//1988
f 2028//1982 2030//1984 2035//1989
f 2028//1982 2035//1989 2033//1987
f 344//344 2031//1985 2036//1990
f 344//344 2036//1990 345//345
f 2031//1985 2032//1986 2037//1991
f 2031//1985 2037//1991 2036//1990
f 2034//1988 2033//1987 2038//1992
f 2034//1988 2038//1992 2039//1993
f 2033//1987 2035//1989 2040//1994
f 2033//1987 2040//1994 2038//1992
f 345//345 2036//1990 2041//1995
f 345//345 2041//1995 346//346
f 2036//1990 2037//1991 2042//1996
f 2036//1990 2042//1996 2041//1995
f 2039//1993 2038//1992 2043//1997
f 2039//1993 2043//1997 2044//1998
f 2038//1992 2040//1994 2045//1999
f 2038//1992 2045//1999 2043//1997
f 346//346 2041//1995 2046//2000
f 346//346 2046//2000 347//347
f 2041//1995 2042//1996 2047//2001
f 2041//1995 2047//2001 2046//2000
f 2044//1998 2043//1997 2048//2002
f 2044//1998 2048//2002 2049//2003
f 2043//1997 2045//1999 2050//2004
f 2043//1997 2050//2004 2048//2002
f 347//347 2046//2000 2051//2005
f 347//347 2051//2005 348//348
f 2046//2000 2047//2001 2052//2006
f 2046//2000 2052//2006 2051//2005
f 2049//2003 2048//2002 2053//2007
f 2049//2003 2053//2007 2054//2006
f 2048//2002 2050//2004 2055//2008
f 2048//2002 2055//2008 2053//2007
f 348//348 2051//2005 2056//2009
f 348//348 2056//2009 349//349
f 2051//2005 2052//2006 2057//2010
f 2051//2005 2057//2010 2056//2009
f 2054//2006 2053//2007 2058//2011
f 2054//2006 2058//2011 2059//2012
f 2053//2007 2055//2008 2060//2013
f 2053//2007 2060//2013 2058//2011
f 349//349 2056//2009 2061//2014
f 349//349 2061//2014 350//350
f 2056//2009 2057//2010 2062//2015
f 2056//2009 2062//2015 2061//2014
f 2059//2012 2058//2011 2063//2016
f 2059//2012 2063//2016 2064//2017
f 2058//2011 2060//2013 2065//2018
f 2058//2011 2065//2018 2063//2016
f 350//350 2061//2014 2066//2019
f 350//350 2066//2019 351//351
f 2061//2014 2062//2015 2067//2020
f 2061//2014 2067//2020 2066//2019
f 2064//2017 2063//2016 2068//2021
f 2064//2017 2068//2021 2069//2020
f 2063//2016 2065//2018 2070//2022
f 2063//2016 2070//2022 2068//2021
f 351//351 2066//2019 2071//2023
f 351//351 2071//2023 352//352
f 2066//2019 2067//2020 2072//2024
f 2066//2019 2072//2024 2071//2023
f 2069//2020 2068//2021 2073//2025
f 2069//2020 2073//2025 2074//2026
f 2068//2021 2070//2022 2075//2027
f 2068//2021 2075//2027 2073//2025
f 352//352 2071//2023 2076//2028
f 352//352 2076//2028 353//353
f 2071//2023 2072//2024 2077//2029
f 2071//2023 2077//2029 2076//2028
f 2074//2026 2073//2025 2078//2030
f 2074//2026 2078//2030 2079//2029
f 2073//2025 2075//2027 2080//2031
f 2073//2025 2080//2031 2078//2030
f 353//353 2076//2028 2081//2032
f 353//353 2081//2032 354//354
f 2076//2028 2077//2029 2082//2033
f 2076//2028 2082//2033 2081//2032
f 2079//2029 2078//2030 2083//2034
f 2079//2029 2083//2034 2084//2035
f 2078//2030 2080//2031 2085//2036
f 2078//2030 2085//2036 2083//2034
f 354//354 2081//2032 2086//2037
f 354//354 2086//2037 355//355
f 2081//2032 2082//2033 2087//2038
f 2081//2032 2087//2038 2086//2037
f 2084//2035 2083//2034 2088//2039
f 2084//2035 2088//2039 2089//2040
f 2083//2034 2085//2036 2090//2041
f 2083//2034 2090//2041 2088//2039
f 355//355 2086//2037 2091//2042
f 355//355 2091//2042 356//356
f 2086//2037 2087//2038 2092//2043
f 2086//2037 2092//2043 2091//2042
f 2089//2040 2088//2039 2093//2044
f 2089//2040 2093//2044 2094//2045
f 2088//2039 2090//2041 2095//2046
f 2088//2039 2095//2046 2093//2044
f 356//356 2091//2042 1994//1949
f 356//356 1994//1949 357//357
f 2091//2042 2092//2043 1996//1951
f 2091//2042 1996//1951 1994//1949
f 2094//2045 2093//2044 1999//1954
f 2094//2045 1999//1954 2002//1957
f 2093//2044 2095//2046 2000//1955
f 2093//2044 2000//1955 1999//1954
f 2096//2047 2097//2048 2010//1964
f 2096//2047 2010//1964 2009//1952
f 2097//2048 2098//2049 2015//1969
f 2097//2048 2015//1969 2010//1964
f 2098//2049 2099//2050 2020//1974
f 2098//2049 2020//1974 2015//1969
f 2099//2050 2100//2051 2025//1979
f 2099//2050 2025//1979 2020//1974
f 2100//2051 2101//2052 2030//1984
f 2100//2051 2030//1984 2025//1979
f 2101//2052 2102//2053 2035//1989
f 2101//2052 2035//1989 2030//1984
f 2102//2053 2103//2054 2040//1994
f 2102//2053 2040//1994 2035//1989
f 2103//2054 2104//2055 2045//1999
f 2103//2054 2045//1999 2040//1994
f 2104//2055 2105//2056 2050//2004
f 2104//2055 2050//2004 2045//1999
f 2105//2056 2106//2057 2055//2008
f 2105//2056 2055//2008 2050//2004
f 2106//2057 2107//2058 2060//2013
f 2106//2057 2060//2013 2055//2008
f 2107//2058 2108//2059 2065//2018
f 2107//2058 2065//2018 2060//2013
f 2108//2059 2109//2060 2070//2022
f 2108//2059 2070//2022 2065//2018
f 2109//2060 2110//2061 2075//2027
f 2109//2060 2075//2027 2070//2022
f 2110//2061 2111//2062 2080//2031
f 2110//2061 2080//2031 2075//2027
f 2111//2062 2112//2063 2085//2036
f 2111//2062 2085//2036 2080//2031
f 2112//2063 2113//2064 2090//2041
f 2112//2063 2090//2041 2085//2036
f 2113//2064 2114//2065 2095//2046
f 2113//2064 2095//2046 2090//2041
f 2114//2065 2115//2066 2000//1955
f 2114//2065 2000//1955 2095//2046
f 2115//2066 2116//2067 1997//1952
f 2115//2066 1997//1952 2000//1955
f 359//359 2117//2068 2118//2069
f 359//359 2118//2069 378//378
f 2119//2070 2116//2067 2115//2066
f 2119//2070 2115//2066 2120//2071
f 2096//2047 2121//2072 2122//2073
f 2096//2047 2122//2073 2097//2048
f 2117//2068 359//359 358//358
f 2117//2068 358//358 2123//2074
f 2097//2048 2122//2073 2124//2075
f 2097//2048 2124//2075 2098//2049
f 2123//2074 358//358 361//361
f 2123//2074 361//361 2125//2076
f 2098//2049 2124//2075 2126//2077
f 2098//2049 2126//2077 2099//2050
f 2125//2076 361//361 362//362
f 2125//2076 362//362 2127//2078
f 2099//2050 2126//2077 2128//2079
f 2099//2050 2128//2079 2100//2051
f 2127//2078 362//362 363//363
f 2127//2078 363//363 2129//2080
f 2100//2051 2128//2079 2130//2081
f 2100//2051 2130//2081 2101//2052
f 2129//2080 363//363 364//364
f 2129//2080 364//364 2131//2082
f 2101//2052 2130//2081 2132//2083
f 2101//2052 2132//2083 2102//2053
f 2131//2082 364//364 365//365
f 2131//2082 365//365 2133//2084
f 2102//2053 2132//2083 2134//2085
f 2102//2053 2134//2085 2103//2054
f 2133//2084 365//365 366//366
f 2133//2084 366//366 2135//2086
f 2103//2054 2134//2085 2136//2087
f 2103//2054 2136//2087 2104//2055
f 2135//2086 366//366 367//367
f 2135//2086 367//367 2137//2088
f 2104//2055 2136//2087 2138//2089
f 2104//2055 2138//2089 2105//2056
f 2137//2088 367//367 368//368
f 2137//2088 368//368 2139//2090
f 2105//2056 2138//2089 2140//2091
f 2105//2056 2140//2091 2106//2057
f 2139//2090 368//368 369//369
f 2139//2090 369//369 2141//2092
f 2106//2057 2140//2091 2142//2093
f 2106//2057 2142//2093 2107//2058
f 2141//2092 369//369 370//370
f 2141//2092 370//370 2143//2094
f 2107//2058 2142//2093 2144//2095
f 2107//2058 2144//2095 2108//2059
f 2143//2094 370//370 371//371
f 2143//2094 371//371 2145//2096
f 2108//2059 2144//2095 2146//2097
f 2108//2059 2146//2097 2109//2060
f 2145//2096 371//371 372//372
f 2145//2096 372//372 2147//2098
f 2109//2060 2146//2097 2148//2099
f 2109//2060 2148//2099 2110//2061
f 2147//2098 372//372 373//373
f 2147//2098 373//373 2149//2100
f 2110//2061 2148//2099 2150//2101
f 2110//2061 2150//2101 2111//2062
f 2149//2100 373//373 374//374
f 2149//2100 374//374 2151//2102
f 2111//2062 2150//2101 2152//2103
f 2111//2062 2152//2103 2112//2063
f 2151//2102 374//374 375//375
f 2151//2102 375//375 2153//2104
f 2112//2063 2152//2103 2154//2105
f 2112//2063 2154//2105 2113//2064
f 2153//2104 375//375 376//376
f 2153//2104 376//376 2155//2106
f 2113//2064 2154//2105 2156//2107
f 2113//2064 2156//2107 2114//2065
f 2155//2106 376//376 377//377
f 2155//2106 377//377 2157//2108
f 2114//2065 2156//2107 2120//2071
f 2114//2065 2120//2071 2115//2066
f 2157//2108 377//377 378//378
f 2157//2108 378//378 2118//2069
f 2158//2109 379//379 399//399
f 2158//2109 399//399 2159//2110
f 2160//2111 2158//2109 2159//2110
f 2160//2111 2159//2110 2161//2112
f 2162//2113 2163//2114 2164//2115
f 2162//2113 2164//2115 2165//2116
f 2163//2114 2166//2117 2167//2118
f 2163//2114 2167//2118 2164//2115
f 379//379 2158//2109 2168//2119
f 379//379 2168//2119 380//380
f 2158//2109 2160//2111 2169//2120
f 2158//2109 2169//2120 2168//2119
f 2170//2121 2171//2122 2172//2123
f 2170//2121 2172//2123 2173//2120
f 2171//2122 2174//2124 2175//2125
f 2171//2122 2175//2125 2172//2123
f 380//380 2168//2119 2176//2126
f 380//380 2176//2126 382//382
f 2168//2119 2169//2120 2177//2127
f 2168//2119 2177//2127 2176//2126
f 2173//2120 2172//2123 2178//2128
f 2173//2120 2178//2128 2179//2129
f 2172//2123 2175//2125 2180//2130
f 2172//2123 2180//2130 2178//2128
f 382//382 2176//2126 2181//2131
f 382//382 2181//2131 383//383
f 2176//2126 2177//2127 2182//2132
f 2176//2126 2182//2132 2181//2131
f 2179//2129 2178//2128 2183//2133
f 2179//2129 2183//2133 2184//2134
f 2178//2128 2180//2130 2185//2135
f 2178//2128 2185//2135 2183//2133
f 383//383 2181//2131 2186//2136
f 383//383 2186//2136 384//384
f 2181//2131 2182//2132 2187//2137
f 2181//2131 2187//2137 2186//2136
f 2184//2134 2183//2133 2188//2138
f 2184//2134 2188//2138 2189//2139
f 2183//2133 2185//2135 2190//2140
f 2183//2133 2190//2140 2188//2138
f 384//384 2186//2136 2191//2141
f 384//384 2191//2141 385//385
f 2186//2136 2187//2137 2192//2142
f 2186//2136 2192//2142 2191//2141
f 2189//2139 2188//2138 2193//2143
f 2189//2139 2193//2143 2194//2144
f 2188//2138 2190//2140 2195//2145
f 2188//2138 2195//2145 2193//2143
f 385//385 2191//2141 2196//2146
f 385//385 2196//2146 386//386
f 2191//2141 2192//2142 2197//2147
f 2191//2141 2197//2147 2196//2146
f 2194//2144 2193//2143 2198//2148
f 2194//2144 2198//2148 2199//2149
f 2193//2143 2195//2145 2200//2150
f 2193//2143 2200//2150 2198//2148
f 386//386 2196//2146 2201//2151
f 386//386 2201//2151 387//387
f 2196//2146 2197//2147 2202//2152
f 2196//2146 2202//2152 2201//2151
f 2199//2149 2198//2148 2203//2153
f 2199//2149 2203//2153 2204//2154
f 2198//2148 2200//2150 2205//2155
f 2198//2148 2205//2155 2203//2153
f 387//387 2201//2151 2206//2156
f 387//387 2206//2156 388//388
f 2201//2151 2202//2152 2207//2157
f 2201//2151 2207//2157 2206//2156
f 2204//2154 2203//2153 2208//2158
f 2204//2154 2208//2158 2209//2159
f 2203//2153 2205//2155 2210//2160
f 2203//2153 2210//2160 2208//2158
f 388//388 2206//2156 2211//2161
f 388//388 2211//2161 389//389
f 2206//2156 2207//2157 2212//2162
f 2206//2156 2212//2162 2211//2161
f 2209//2159 2208//2158 2213//2163
f 2209//2159 2213//2163 2214//2164
f 2208//2158 2210//2160 2215//2165
f 2208//2158 2215//2165 2213//2163
f 389//389 2211//2161 2216//2166
f 389//389 2216//2166 390//390
f 2211//2161 2212//2162 2217//2167
f 2211//2161 2217//2167 2216//2166
f 2214//2164 2213//2163 2218//2168
f 2214//2164 2218//2168 2219//2167
f 2213//2163 2215//2165 2220//2169
f 2213//2163 2220//2169 2218//2168
f 390//390 2216//2166 2221//2170
f 390//390 2221//2170 391//391
f 2216//2166 2217//2167 2222//2171
f 2216//2166 2222//2171 2221//2170
f 2219//2167 2218//2168 2223//2172
f 2219//2167 2223//2172 2224//2173
f 2218//2168 2220//2169 2225//2174
f 2218//2168 2225//2174 2223//2172
f 391//391 2221//2170 2226//2175
f 391//391 2226//2175 392//392
f 2221//2170 2222//2171 2227//2176
f 2221//2170 2227//2176 2226//2175
f 2224//2173 2223//2172 2228//2177
f 2224//2173 2228//2177 2229//2178
f 2223//2172 2225//2174 2230//2179
f 2223//2172 2230//2179 2228//2177
f 392//392 2226//2175 2231//2180
f 392//392 2231//2180 393//393
f 2226//2175 2227//2176 2232//2181
f 2226//2175 2232//2181 2231//2180
f 2229//2178 2228//2177 2233//2182
f 2229//2178 2233//2182 2234//2183
f 2228//2177 2230//2179 2235//2184
f 2228//2177 2235//2184 2233//2182
f 393//393 2231//2180 2236//2185
f 393//393 2236//2185 394//394
f 2231//2180 2232//2181 2237//2186
f 2231//2180 2237//2186 2236//2185
f 2234//2183 2233//2182 2238//2187
f 2234//2183 2238//2187 2239//2188
f 2233//2182 2235//2184 2240//2189
f 2233//2182 2240//2189 2238//2187
f 394//394 2236//2185 2241//2190
f 394//394 2241//2190 395//395
f 2236//2185 2237//2186 2242//2191
f 2236//2185 2242//2191 2241//2190
f 2239//2188 2238//2187 2243//2192
f 2239//2188 2243//2192 2244//2193
f 2238//2187 2240//2189 2245//2194
f 2238//2187 2245//2194 2243//2192
f 395//395 2241//2190 2246//2195
f 395//395 2246//2195 396//396
f 2241//2190 2242//2191 2247//2196
f 2241//2190 2247//2196 2246//2195
f 2244//2193 2243//2192 2248//2197
f 2244//2193 2248//2197 2249//2196
f 2243//2192 2245//2194 2250//2198
f 2243//2192 2250//2198 2248//2197
f 396//396 2246//2195 2251//2199
f 396//396 2251//2199 397//397
f 2246//2195 2247//2196 2252//2200
f 2246//2195 2252//2200 2251//2199
f 2249//2196 2248//2197 2253//2201
f 2249//2196 2253//2201 2254//2202
f 2248//2197 2250//2198 2255//2203
f 2248//2197 2255//2203 2253//2201
f 397//397 2251//2199 2256//2204
f 397//397 2256//2204 398//398
f 2251//2199 2252//2200 2257//2205
f 2251//2199 2257//2205 2256//2204
f 2254//2202 2253//2201 2258//2206
f 2254//2202 2258//2206 2259//2205
f 2253//2201 2255//2203 2260//2207
f 2253//2201 2260//2207 2258//2206
f 398//398 2256//2204 2159//2110
f 398//398 2159//2110 399//399
f 2256//2204 2257//2205 2161//2112
f 2256//2204 2161//2112 2159//2110
f 2259//2205 2258//2206 2164//2115
f 2259//2205 2164//2115 2167//2118
f 2258//2206 2260//2207 2165//2116
f 2258//2206 2165//2116 2164//2115
f 2261//2208 2262//2209 2175//2125
f 2261//2208 2175//2125 2174//2124
f 2262//2209 2263//2210 2180//2130
f 2262//2209 2180//2130 2175//2125
f 2263//2210 2264//2211 2185//2135
f 2263//2210 2185//2135 2180//2130
f 2264//2211 2265//2212 2190//2140
f 2264//2211 2190//2140 2185//2135
f 2265//2212 2266//2213 2195//2145
f 2265//2212 2195//2145 2190//2140
f 2266//2213 2267//2214 2200//2150
f 2266//2213 2200//2150 2195//2145
f 2267//2214 2268//2215 2205//2155
f 2267//2214 2205//2155 2200//2150
f 2268//2215 2269//2216 2210//2160
f 2268//2215 2210//2160 2205//2155
f 2269//2216 2270//2217 2215//2165
f 2269//2216 2215//2165 2210//2160
f 2270//2217 2271//2218 2220//2169
f 2270//2217 2220//2169 2215//2165
f 2271//2218 2272//2219 2225//2174
f 2271//2218 2225//2174 2220//2169
f 2272//2219 2273//2220 2230//2179
f 2272//2219 2230//2179 2225//2174
f 2273//2220 2274//2221 2235//2184
f 2273//2220 2235//2184 2230//2179
f 2274//2221 2275//2222 2240//2189
f 2274//2221 2240//2189 2235//2184
f 2275//2222 2276//2223 2245//2194
f 2275//2222 2245//2194 2240//2189
f 2276//2223 2277//2224 2250//2198
f 2276//2223 2250//2198 2245//2194
f 2277//2224 2278//2225 2255//2203
f 2277//2224 2255//2203 2250//2198
f 2278//2225 2279//2226 2260//2207
f 2278//2225 2260//2207 2255//2203
f 2279//2226 2280//2227 2165//2116
f 2279//2226 2165//2116 2260//2207
f 2280//2227 2281//2228 2162//2113
f 2280//2227 2162//2113 2165//2116
f 401//401 2282//2229 2283//2230
f 401//401 2283//2230 420//420
f 2284//2231 2281//2228 2280//2227
f 2284//2231 2280//2227 2285//2232
f 2261//2208 2286//2231 2287//2233
f 2261//2208 2287//2233 2262//2209
f 2282//2229 401//401 400//400
f 2282//2229 400//400 2288//2234
f 2262//2209 2287//2233 2289//2235
f 2262//2209 2289//2235 2263//2210
f 2288//2234 400//400 403//403
f 2288//2234 403//403 2290//2236
f 2263//2210 2289//2235 2291//2237
f 2263//2210 2291//2237 2264//2211
f 2290//2236 403//403 404//404
f 2290//2236 404//404 2292//2238
f 2264//2211 2291//2237 2293//2239
f 2264//2211 2293//2239 2265//2212
f 2292//2238 404//404 405//405
f 2292//2238 405//405 2294//2240
f 2265//2212 2293//2239 2295//2241
f 2265//2212 2295//2241 2266//2213
f 2294//2240 405//405 406//406
f 2294//2240 406//406 2296//2242
f 2266//2213 2295//2241 2297//2243
f 2266//2213 2297//2243 2267//2214
f 2296//2242 406//406 407//407
f 2296//2242 407//407 2298//2244
f 2267//2214 2297//2243 2299//2245
f 2267//2214 2299//2245 2268//2215
f 2298//2244 407//407 408//408
f 2298//2244 408//408 2300//2246
f 2268//2215 2299//2245 2301//2247
f 2268//2215 2301//2247 2269//2216
f 2300//2246 408//408 409//409
f 2300//2246 409//409 2302//2248
f 2269//2216 2301//2247 2303//2249
f 2269//2216 2303//2249 2270//2217
f 2302//2248 409//409 410//410
f 2302//2248 410//410 2304//2250
f 2270//2217 2303//2249 2305//2251
f 2270//2217 2305//2251 2271//2218
f 2304//2250 410//410 411//411
f 2304//2250 411//411 2306//2252
f 2271//2218 2305//2251 2307//2253
f 2271//2218 2307//2253 2272//2219
f 2306//2252 411//411 412//412
f 2306//2252 412//412 2308//2254
f 2272//2219 2307//2253 2309//2255
f 2272//2219 2309//2255 2273//2220
f 2308//2254 412//412 413//413
f 2308//2254 413//413 2310//2256
f 2273//2220 2309//2255 2311//2257
f 2273//2220 2311//2257 2274//2221
f 2310//2256 413//413 414//414
f 2310//2256 414//414 2312//2258
f 2274//2221 2311//2257 2313//2259
f 2274//2221 2313//2259 2275//2222
f 2312//2258 414//414 415//415
f 2312//2258 415//415 2314//2260
f 2275//2222 2313//2259 2315//2261
f 2275//2222 2315//2261 2276//2223
f 2314//2260 415//415 416//416
f 2314//2260 416//416 2316//2262
f 2276//2223 2315//2261 2317//2263
f 2276//2223 2317//2263 2277//2224
f 2316//2262 416//416 417//417
f 2316//2262 417//417 2318//2264
f 2277//2224 2317//2263 2319//2265
f 2277//2224 2319//2265 2278//2225
f 2318//2264 417//417 418//418
f 2318//2264 418//418 2320//2266
f 2278//2225 2319//2265 2321//2267
f 2278//2225 2321//2267 2279//2226
f 2320//2266 418//418 419//419
f 2320//2266 419//419 2322//2268
f 2279//2226 2321//2267 2285//2232
f 2279//2226 2285//2232 2280//2227
f 2322//2268 419//419 420//420
f 2322//2268 420//420 2283//2230
f 2323//2269 421//421 441//441
f 2323//2269 441//441 2324//2270
f 2325//2271 2323//2269 2324//2270
f 2325//2271 2324//2270 2326//2272
f 2327//2273 2328//2274 2329//2275
f 2327//2273 2329//2275 2330//2276
f 2328//2274 2331//2277 2332//2278
f 2328//2274 2332//2278 2329//2275
f 421//421 2323//2269 2333//2279
f 421//421 2333//2279 422//422
f 2323//2269 2325//2271 2334//2280
f 2323//2269 2334//2280 2333//2279
f 2335//2271 2336//2281 2337//2282
f 2335//2271 2337//2282 2338//2283
f 2336//2281 2339//2284 2340//2285
f 2336//2281 2340//2285 2337//2282
f 422//422 2333//2279 2341//2286
f 422//422 2341//2286 424//424
f 2333//2279 2334//2280 2342//2287
f 2333//2279 2342//2287 2341//2286
f 2338//2283 2337//2282 2343//2288
f 2338//2283 2343//2288 2344//2289
f 2337//2282 2340//2285 2345//2290
f 2337//2282 2345//2290 2343//2288
f 424//424 2341//2286 2346//2291
f 424//424 2346//2291 425//425
f 2341//2286 2342//2287 2347//2292
f 2341//2286 2347//2292 2346//2291
f 2344//2289 2343//2288 2348//2293
f 2344//2289 2348//2293 2349//2294
f 2343//2288 2345//2290 2350//2295
f 2343//2288 2350//2295 2348//2293
f 425//425 2346//2291 2351//2296
f 425//425 2351//2296 426//426
f 2346//2291 2347//2292 2352//2297
f 2346//2291 2352//2297 2351//2296
f 2349//2294 2348//2293 2353//2298
f 2349//2294 2353//2298 2354//2299
f 2348//2293 2350//2295 2355//2300
f 2348//2293 2355//2300 2353//2298
f 426//426 2351//2296 2356//2301
f 426//426 2356//2301 427//427
f 2351//2296 2352//2297 2357//2302
f 2351//2296 2357//2302 2356//2301
f 2354//2299 2353//2298 2358//2303
f 2354//2299 2358//2303 2359//2304
f 2353//2298 2355//2300 2360//2305
f 2353//2298 2360//2305 2358//2303
f 427//427 2356//2301 2361//2306
f 427//427 2361//2306 428//428
f 2356//2301 2357//2302 2362//2307
f 2356//2301 2362//2307 2361//2306
f 2359//2304 2358//2303 2363//2308
f 2359//2304 2363//2308 2364//2309
f 2358//2303 2360//2305 2365//2310
f 2358//2303 2365//2310 2363//2308
f 428//428 2361//2306 2366//2311
f 428//428 2366//2311 429//429
f 2361//2306 2362//2307 2367//2312
f 2361//2306 2367//2312 2366//2311
f 2364//2309 2363//2308 2368//2313
f 2364//2309 2368//2313 2369//2312
f 2363//2308 2365//2310 2370//2314
f 2363//2308 2370//2314 2368//2313
f 429//429 2366//2311 2371//2315
f 429//429 2371//2315 430//430
f 2366//2311 2367//2312 2372//2316
f 2366//2311 2372//2316 2371//2315
f 2369//2312 2368//2313 2373//2317
f 2369//2312 2373//2317 2374//2318
f 2368//2313 2370//2314 2375//2319
f 2368//2313 2375//2319 2373//2317
f 430//430 2371//2315 2376//2320
f 430//430 2376//2320 431//431
f 2371//2315 2372//2316 2377//2321
f 2371//2315 2377//2321 2376//2320
f 2374//2318 2373//2317 2378//2322
f 2374//2318 2378//2322 2379//2323
f 2373//2317 2375//2319 2380//2324
f 2373//2317 2380//2324 2378//2322
f 431//431 2376//2320 2381//2325
f 431//431 2381//2325 432//432
f 2376//2320 2377//2321 2382//2326
f 2376//2320 2382//2326 2381//2325
f 2379//2323 2378//2322 2383//2327
f 2379//2323 2383//2327 2384//2328
f 2378//2322 2380//2324 2385//2329
f 2378//2322 2385//2329 2383//2327
f 432//432 2381//2325 2386//2330
f 432//432 2386//2330 433//433
f 2381//2325 2382//2326 2387//2331
f 2381//2325 2387//2331 2386//2330
f 2384//2328 2383//2327 2388//2332
f 2384//2328 2388//2332 2389//2331
f 2383//2327 2385//2329 2390//2333
f 2383//2327 2390//2333 2388//2332
f 433//433 2386//2330 2391//2334
f 433//433 2391//2334 434//434
f 2386//2330 2387//2331 2392//2335
f 2386//2330 2392//2335 2391//2334
f 2389//2331 2388//2332 2393//2336
f 2389//2331 2393//2336 2394//2337
f 2388//2332 2390//2333 2395//2338
f 2388//2332 2395//2338 2393//2336
f 434//434 2391//2334 2396//2339
f 434//434 2396//2339 435//435
f 2391//2334 2392//2335 2397//2340
f 2391//2334 2397//2340 2396//2339
f 2394//2337 2393//2336 2398//2341
f 2394//2337 2398//2341 2399//2342
f 2393//2336 2395//2338 2400//2343
f 2393//2336 2400//2343 2398//2341
f 435//435 2396//2339 2401//2344
f 435//435 2401//2344 436//436
f 2396//2339 2397//2340 2402//2345
f 2396//2339 2402//2345 2401//2344
f 2399//2342 2398//2341 2403//2346
f 2399//2342 2403//2346 2404//2347
f 2398//2341 2400//2343 2405//2348
f 2398//2341 2405//2348 2403//2346
f 436//436 2401//2344 2406//2349
f 436//436 2406//2349 437//437
f 2401//2344 2402//2345 2407//2350
f 2401//2344 2407//2350 2406//2349
f 2404//2347 2403//2346 2408//2351
f 2404//2347 2408//2351 2409//2352
f 2403//2346 2405//2348 2410//2353
f 2403//2346 2410//2353 2408//2351
f 437//437 2406//2349 2411//2354
f 437//437 2411//2354 438//438
f 2406//2349 2407//2350 2412//2355
f 2406//2349 2412//2355 2411//2354
f 2409//2352 2408//2351 2413//2356
f 2409//2352 2413//2356 2414//2357
f 2408//2351 2410//2353 2415//2358
f 2408//2351 2415//2358 2413//2356
f 438//438 2411//2354 2416//2359
f 438//438 2416//2359 439//439
f 2411//2354 2412//2355 2417//2360
f 2411//2354 2417//2360 2416//2359
f 2414//2357 2413//2356 2418//2361
f 2414//2357 2418//2361 2419//2362
f 2413//2356 2415//2358 2420//2363
f 2413//2356 2420//2363 2418//2361
f 439//439 2416//2359 2421//2364
f 439//439 2421//2364 440//440
f 2416//2359 2417//2360 2422//2365
f 2416//2359 2422//2365 2421//2364
f 2419//2362 2418//2361 2423//2366
f 2419//2362 2423//2366 2424//2367
f 2418//2361 2420//2363 2425//2368
f 2418//2361 2425//2368 2423//2366
f 440//440 2421//2364 2324//2270
f 440//440 2324//2270 441//441
f 2421//2364 2422//2365 2326//2272
f 2421//2364 2326//2272 2324//2270
f 2424//2367 2423//2366 2329//2275
f 2424//2367 2329//2275 2332//2278
f 2423//2366 2425//2368 2330//2276
f 2423//2366 2330//2276 2329//2275
f 2426//2369 2427//2370 2340//2285
f 2426//2369 2340//2285 2339//2284
f 2427//2370 2428//2371 2345//2290
f 2427//2370 2345//2290 2340//2285
f 2428//2371 2429//2372 2350//2295
f 2428//2371 2350//2295 2345//2290
f 2429//2372 2430//2373 2355//2300
f 2429//2372 2355//2300 2350//2295
f 2430//2373 2431//2374 2360//2305
f 2430//2373 2360//2305 2355//2300
f 2431//2374 2432//2375 2365//2310
f 2431//2374 2365//2310 2360//2305
f 2432//2375 2433//2376 2370//2314
f 2432//2375 2370//2314 2365//2310
f 2433//2376 2434//2377 2375//2319
f 2433//2376 2375//2319 2370//2314
f 2434//2377 2435//2378 2380//2324
f 2434//2377 2380//2324 2375//2319
f 2435//2378 2436//2379 2385//2329
f 2435//2378 2385//2329 2380//2324
f 2436//2379 2437//2380 2390//2333
f 2436//2379 2390//2333 2385//2329
f 2437//2380 2438//2381 2395//2338
f 2437//2380 2395//2338 2390//2333
f 2438//2381 2439//2382 2400//2343
f 2438//2381 2400//2343 2395//2338
f 2439//2382 2440//2383 2405//2348
f 2439//2382 2405//2348 2400//2343
f 2440//2383 2441//2384 2410//2353
f 2440//2383 2410//2353 2405//2348
f 2441//2384 2442//2385 2415//2358
f 2441//2384 2415//2358 2410//2353
f 2442//2385 2443//2386 2420//2363
f 2442//2385 2420//2363 2415//2358
f 2443//2386 2444//2387 2425//2368
f 2443//2386 2425//2368 2420//2363
f 2444//2387 2445//2388 2330//2276
f 2444//2387 2330//2276 2425//2368
f 2445//2388 2446//2389 2327//2273
f 2445//2388 2327//2273 2330//2276
f 443//443 2447//2390 2448//2391
f 443//443 2448//2391 462//462
f 2449//2392 2446//2389 2445//2388
f 2449//2392 2445//2388 2450//2393
f 2426//2369 2451//2392 2452//2394
f 2426//2369 2452//2394 2427//2370
f 2447//2390 443//443 442//442
f 2447//2390 442//442 2453//2395
f 2427//2370 2452//2394 2454//2396
f 2427//2370 2454//2396 2428//2371
f 2453//2395 442//442 445//445
f 2453//2395 445//445 2455//2397
f 2428//2371 2454//2396 2456//2398
f 2428//2371 2456//2398 2429//2372
f 2455//2397 445//445 446//446
f 2455//2397 446//446 2457//2399
f 2429//2372 2456//2398 2458//2400
f 2429//2372 2458//2400 2430//2373
f 2457//2399 446//446 447//447
f 2457//2399 447//447 2459//2401
f 2430//2373 2458//2400 2460//2402
f 2430//2373 2460//2402 2431//2374
f 2459//2401 447//447 448//448
f 2459//2401 448//448 2461//2403
f 2431//2374 2460//2402 2462//2404
f 2431//2374 2462//2404 2432//2375
f 2461//2403 448//448 449//449
f 2461//2403 449//449 2463//2405
f 2432//2375 2462//2404 2464//2406
f 2432//2375 2464//2406 2433//2376
f 2463//2405 449//449 450//450
f 2463//2405 450//450 2465//2407
f 2433//2376 2464//2406 2466//2408
f 2433//2376 2466//2408 2434//2377
f 2465//2407 450//450 451//451
f 2465//2407 451//451 2467//2409
f 2434//2377 2466//2408 2468//2410
f 2434//2377 2468//2410 2435//2378
f 2467//2409 451//451 452//452
f 2467//2409 452//452 2469//2411
f 2435//2378 2468//2410 2470//2412
f 2435//2378 2470//2412 2436//2379
f 2469//2411 452//452 453//453
f 2469//2411 453//453 2471//2413
f 2436//2379 2470//2412 2472//2414
f 2436//2379 2472//2414 2437//2380
f 2471//2413 453//453 454//454
f 2471//2413 454//454 2473//2415
f 2437//2380 2472//2414 2474//2416
f 2437//2380 2474//2416 2438//2381
f 2473//2415 454//454 455//455
f 2473//2415 455//455 2475//2417
f 2438//2381 2474//2416 2476//2418
f 2438//2381 2476//2418 2439//2382
f 2475//2417 455//455 456//456
f 2475//2417 456//456 2477//2419
f 2439//2382 2476//2418 2478//2420
f 2439//2382 2478//2420 2440//2383
f 2477//2419 456//456 457//457
f 2477//2419 457//457 2479//2421
f 2440//2383 2478//2420 2480//2422
f 2440//2383 2480//2422 2441//2384
f 2479//2421 457//457 458//458
f 2479//2421 458//458 2481//2423
f 2441//2384 2480//2422 2482//2424
f 2441//2384 2482//2424 2442//2385
f 2481//2423 458//458 459//459
f 2481//2423 459//459 2483//2425
f 2442//2385 2482//2424 2484//2426
f 2442//2385 2484//2426 2443//2386
f 2483//2425 459//459 460//460
f 2483//2425 460//460 2485//2427
f 2443//2386 2484//2426 2486//2428
f 2443//2386 2486//2428 2444//2387
f 2485//2427 460//460 461//461
f 2485//2427 461//461 2487//2429
f 2444//2387 2486//2428 2450//2393
f 2444//2387 2450//2393 2445//2388
f 2487//2429 461//461 462//462
f 2487//2429 462//462 2448//2391
f 2488//2430 463//463 483//483
f 2488//2430 483//483 2489//2431
f 2490//2432 2488//2430 2489//2431
f 2490//2432 2489//2431 2491//2433
f 2492//2434 2493//2435 2494//2436
f 2492//2434 2494//2436 2495//2437
f 2493//2435 2496//2438 2497//2439
f 2493//2435 2497//2439 2494//2436
f 463//463 2488//2430 2498//2440
f 463//463 2498//2440 464//464
f 2488//2430 2490//2432 2499//2441
f 2488//2430 2499//2441 2498//2440
f 2500//2442 2501//2443 2502//2444
f 2500//2442 2502//2444 2503//2445
f 2501//2443 2504//2446 2505//2447
f 2501//2443 2505//2447 2502//2444
f 464//464 2498//2440 2506//2448
f 464//464 2506//2448 466//466
f 2498//2440 2499//2441 2507//2449
f 2498//2440 2507//2449 2506//2448
f 2503//2445 2502//2444 2508//2450
f 2503//2445 2508//2450 2509//2451
f 2502//2444 2505//2447 2510//2452
f 2502//2444 2510//2452 2508//2450
f 466//466 2506//2448 2511//2453
f 466//466 2511//2453 467//467
f 2506//2448 2507//2449 2512//2454
f 2506//2448 2512//2454 2511//2453
f 2509//2451 2508//2450 2513//2455
f 2509//2451 2513//2455 2514//2456
f 2508//2450 2510//2452 2515//2457
f 2508//2450 2515//2457 2513//2455
f 467//467 2511//2453 2516//2458
f 467//467 2516//2458 468//468
f 2511//2453 2512//2454 2517//2459
f 2511//2453 2517//2459 2516//2458
f 2514//2456 2513//2455 2518//2460
f 2514//2456 2518//2460 2519//2461
f 2513//2455 2515//2457 2520//2462
f 2513//2455 2520//2462 2518//2460
f 468//468 2516//2458 2521//2463
f 468//468 2521//2463 469//469
f 2516//2458 2517//2459 2522//2464
f 2516//2458 2522//2464 2521//2463
f 2519//2461 2518//2460 2523//2465
f 2519//2461 2523//2465 2524//2466
f 2518//2460 2520//2462 2525//2467
f 2518//2460 2525//2467 2523//2465
f 469//469 2521//2463 2526//2468
f 469//469 2526//2468 470//470
f 2521//2463 2522//2464 2527//2469
f 2521//2463 2527//2469 2526//2468
f 2524//2466 2523//2465 2528//2470
f 2524//2466 2528//2470 2529//2469
f 2523//2465 2525//2467 2530//2471
f 2523//2465 2530//2471 2528//2470
f 470//470 2526//2468 2531//2472
f 470//470 2531//2472 471//471
f 2526//2468 2527//2469 2532//2473
f 2526//2468 2532//2473 2531//2472
f 2529//2469 2528//2470 2533//2474
f 2529//2469 2533//2474 2534//2475
f 2528//2470 2530//2471 2535//2476
f 2528//2470 2535//2476 2533//2474
f 471//471 2531//2472 2536//2477
f 471//471 2536//2477 472//472
f 2531//2472 2532//2473 2537//2478
f 2531//2472 2537//2478 2536//2477
f 2534//2475 2533//2474 2538//2479
f 2534//2475 2538//2479 2539//2480
f 2533//2474 2535//2476 2540//2481
f 2533//2474 2540//2481 2538//2479
f 472//472 2536//2477 2541//2482
f 472//472 2541//2482 473//473
f 2536//2477 2537//2478 2542//2483
f 2536//2477 2542//2483 2541//2482
f 2539//2480 2538//2479 2543//2484
f 2539//2480 2543//2484 2544//2485
f 2538//2479 2540//2481 2545//2486
f 2538//2479 2545//2486 2543//2484
f 473//473 2541//2482 2546//2487
f 473//473 2546//2487 474//474
f 2541//2482 2542//2483 2547//2488
f 2541//2482 2547//2488 2546//2487
f 2544//2485 2543//2484 2548//2489
f 2544//2485 2548//2489 2549//2490
f 2543//2484 2545//2486 2550//2491
f 2543//2484 2550//2491 2548//2489
f 474//474 2546//2487 2551//2492
f 474//474 2551//2492 475//475
f 2546//2487 2547//2488 2552//2493
f 2546//2487 2552//2493 2551//2492
f 2549//2490 2548//2489 2553//2494
f 2549//2490 2553//2494 2554//2495
f 2548//2489 2550//2491 2555//2496
f 2548//2489 2555//2496 2553//2494
f 475//475 2551//2492 2556//2497
f 475//475 2556//2497 476//476
f 2551//2492 2552//2493 2557//2498
f 2551//2492 2557//2498 2556//2497
f 2554//2495 2553//2494 2558//2499
f 2554//2495 2558//2499 2559//2500
f 2553//2494 2555//2496 2560//2501
f 2553//2494 2560//2501 2558//2499
f 476//476 2556//2497 2561//2502
f 476//476 2561//2502 477//477
f 2556//2497 2557//2498 2562//2503
f 2556//2497 2562//2503 2561//2502
f 2559//2500 2558//2499 2563//2504
f 2559//2500 2563//2504 2564//2505
f 2558//2499 2560//2501 2565//2506
f 2558//2499 2565//2506 2563//2504
f 477//477 2561//2502 2566//2507
f 477//477 2566//2507 478//478
f 2561//2502 2562//2503 2567//2508
f 2561//2502 2567//2508 2566//2507
f 2564//2505 2563//2504 2568//2509
f 2564//2505 2568//2509 2569//2510
f 2563//2504 2565//2506 2570//2511
f 2563//2504 2570//2511 2568//2509
f 478//478 2566//2507 2571//2512
f 478//478 2571//2512 479//479
f 2566//2507 2567//2508 2572//2513
f 2566//2507 2572//2513 2571//2512
f 2569//2510 2568//2509 2573//2514
f 2569//2510 2573//2514 2574//2515
f 2568//2509 2570//2511 2575//2516
f 2568//2509 2575//2516 2573//2514
f 479//479 2571//2512 2576//2517
f 479//479 2576//2517 480//480
f 2571//2512 2572//2513 2577//2518
f 2571//2512 2577//2518 2576//2517
f 2574//2515 2573//2514 2578//2519
f 2574//2515 2578//2519 2579//2520
f 2573//2514 2575//2516 2580//2521
f 2573//2514 2580//2521 2578//2519
f 480//480 2576//2517 2581//2522
f 480//480 2581//2522 481//481
f 2576//2517 2577//2518 2582//2523
f 2576//2517 2582//2523 2581//2522
f 2579//2520 2578//2519 2583//2524
f 2579//2520 2583//2524 2584//2525
f 2578//2519 2580//2521 2585//2526
f 2578//2519 2585//2526 2583//2524
f 481//481 2581//2522 2586//2527
f 481//481 2586//2527 482//482
f 2581//2522 2582//2523 2587//2528
f 2581//2522 2587//2528 2586//2527
f 2584//2525 2583//2524 2588//2529
f 2584//2525 2588//2529 2589//2530
f 2583//2524 2585//2526 2590//2531
f 2583//2524 2590//2531 2588//2529
f 482//482 2586//2527 2489//2431
f 482//482 2489//2431 483//483
f 2586//2527 2587//2528 2491//2433
f 2586//2527 2491//2433 2489//2431
f 2589//2530 2588//2529 2494//2436
f 2589//2530 2494//2436 2497//2439
f 2588//2529 2590//2531 2495//2437
f 2588//2529 2495//2437 2494//2436
f 2591//2532 2592//2533 2505//2447
f 2591//2532 2505//2447 2504//2446
f 2592//2533 2593//2534 2510//2452
f 2592//2533 2510//2452 2505//2447
f 2593//2534 2594//2535 2515//2457
f 2593//2534 2515//2457 2510//2452
f 2594//2535 2595//2536 2520//2462
f 2594//2535 2520//2462 2515//2457
f 2595//2536 2596//2537 2525//2467
f 2595//2536 2525//2467 2520//2462
f 2596//2537 2597//2538 2530//2471
f 2596//2537 2530//2471 2525//2467
f 2597//2538 2598//2539 2535//2476
f 2597//2538 2535//2476 2530//2471
f 2598//2539 2599//2540 2540//2481
f 2598//2539 2540//2481 2535//2476
f 2599//2540 2600//2541 2545//2486
f 2599//2540 2545//2486 2540//2481
f 2600//2541 2601//2542 2550//2491
f 2600//2541 2550//2491 2545//2486
f 2601//2542 2602//2543 2555//2496
f 2601//2542 2555//2496 2550//2491
f 2602//2543 2603//2544 2560//2501
f 2602//2543 2560//2501 2555//2496
f 2603//2544 2604//2545 2565//2506
f 2603//2544 2565//2506 2560//2501
f 2604//2545 2605//2546 2570//2511
f 2604//2545 2570//2511 2565//2506
f 2605//2546 2606//2547 2575//2516
f 2605//2546 2575//2516 2570//2511
f 2606//2547 2607//2548 2580//2521
f 2606//2547 2580//2521 2575//2516
f 2607//2548 2608//2549 2585//2526
f 2607//2548 2585//2526 2580//2521
f 2608//2549 2609//2550 2590//2531
f 2608//2549 2590//2531 2585//2526
f 2609//2550 2610//2551 2495//2437
f 2609//2550 2495//2437 2590//2531
f 2610//2551 2611//2552 2492//2434
f 2610//2551 2492//2434 2495//2437
f 485//485 2612//2553 2613//2554
f 485//485 2613//2554 504//504
f 2614//2555 2611//2552 2610//2551
f 2614//2555 2610//2551 2615//2556
f 2591//2532 2616//2555 2617//2557
f 2591//2532 2617//2557 2592//2533
f 2612//2553 485//485 484//484
f 2612//2553 484//484 2618//2558
f 2592//2533 2617//2557 2619//2559
f 2592//2533 2619//2559 2593//2534
f 2618//2558 484//484 487//487
f 2618//2558 487//487 2620//2560
f 2593//2534 2619//2559 2621//2561
f 2593//2534 2621//2561 2594//2535
f 2620//2560 487//487 488//488
f 2620//2560 488//488 2622//2562
f 2594//2535 2621//2561 2623//2563
f 2594//2535 2623//2563 2595//2536
f 2622//2562 488//488 489//489
f 2622//2562 489//489 2624//2564
f 2595//2536 2623//2563 2625//2565
f 2595//2536 2625//2565 2596//2537
f 2624//2564 489//489 490//490
f 2624//2564 490//490 2626//2566
f 2596//2537 2625//2565 2627//2567
f 2596//2537 2627//2567 2597//2538
f 2626//2566 490//490 491//491
f 2626//2566 491//491 2628//2568
f 2597//2538 2627//2567 2629//2569
f 2597//2538 2629//2569 2598//2539
f 2628//2568 491//491 492//492
f 2628//2568 492//492 2630//2570
f 2598//2539 2629//2569 2631//2571
f 2598//2539 2631//2571 2599//2540
f 2630//2570 492//492 493//493
f 2630//2570 493//493 2632//2572
f 2599//2540 2631//2571 2633//2573
f 2599//2540 2633//2573 2600//2541
f 2632//2572 493//493 494//494
f 2632//2572 494//494 2634//2574
f 2600//2541 2633//2573 2635//2575
f 2600//2541 2635//2575 2601//2542
f 2634//2574 494//494 495//495
f 2634//2574 495//495 2636//2576
f 2601//2542 2635//2575 2637//2577
f 2601//2542 2637//2577 2602//2543
f 2636//2576 495//495 496//496
f 2636//2576 496//496 2638//2578
f 2602//2543 2637//2577 2639//2579
f 2602//2543 2639//2579 2603//2544
f 2638//2578 496//496 497//497
f 2638//2578 497//497 2640//2580
f 2603//2544 2639//2579 2641//2581
f 2603//2544 2641//2581 2604//2545
f 2640//2580 497//497 498//498
f 2640//2580 498//498 2642//2582
f 2604//2545 2641//2581 2643//2583
f 2604//2545 2643//2583 2605//2546
f 2642//2582 498//498 499//499
f 2642//2582 499//499 2644//2584
f 2605//2546 2643//2583 2645//2585
f 2605//2546 2645//2585 2606//2547
f 2644//2584 499//499 500//500
f 2644//2584 500//500 2646//2586
f 2606//2547 2645//2585 2647//2587
f 2606//2547 2647//2587 2607//2548
f 2646//2586 500//500 501//501
f 2646//2586 501//501 2648//2588
f 2607//2548 2647//2587 2649//2589
f 2607//2548 2649//2589 2608//2549
f 2648//2588 501//501 502//502
f 2648//2588 502//502 2650//2590
f 2608//2549 2649//2589 2651//2591
f 2608//2549 2651//2591 2609//2550
f 2650//2590 502//502 503//503
f 2650//2590 503//503 2652//2592
f 2609//2550 2651//2591 2615//2556
f 2609//2550 2615//2556 2610//2551
f 2652//2592 503//503 504//504
f 2652//2592 504//504 2613//2554
f 2653//2593 505//505 525//525
f 2653//2593 525//525 2654//2594
f 2655//2595 2653//2593 2654//2594
f 2655//2595 2654//2594 2656//2596
f 2657//2597 2658//2598 2659//2599
f 2657//2597 2659//2599 2660//2600
f 2658//2598 2661//2601 2662//2602
f 2658//2598 2662//2602 2659//2599
f 505//505 2653//2593 2663//2603
f 505//505 2663//2603 506//506
f 2653//2593 2655//2595 2664//2604
f 2653//2593 2664//2604 2663//2603
f 2665//2601 2666//2598 2667//2605
f 2665//2601 2667//2605 2668//2606
f 2666//2598 2669//2607 2670//2608
f 2666//2598 2670//2608 2667//2605
f 506//506 2663//2603 2671//2609
f 506//506 2671//2609 508//508
f 2663//2603 2664//2604 2672//2610
f 2663//2603 2672//2610 2671//2609
f 2668//2606 2667//2605 2673//2611
f 2668//2606 2673//2611 2674//2612
f 2667//2605 2670//2608 2675//2613
f 2667//2605 2675//2613 2673//2611
f 508//508 2671//2609 2676//2614
f 508//508 2676//2614 509//509
f 2671//2609 2672//2610 2677//2615
f 2671//2609 2677//2615 2676//2614
f 2674//2612 2673//2611 2678//2616
f 2674//2612 2678//2616 2679//2617
f 2673//2611 2675//2613 2680//2618
f 2673//2611 2680//2618 2678//2616
f 509//509 2676//2614 2681//2619
f 509//509 2681//2619 510//510
f 2676//2614 2677//2615 2682//2620
f 2676//2614 2682//2620 2681//2619
f 2679//2617 2678//2616 2683//2621
f 2679//2617 2683//2621 2684//2622
f 2678//2616 2680//2618 2685//2623
f 2678//2616 2685//2623 2683//2621
f 510//510 2681//2619 2686//2624
f 510//510 2686//2624 511//511
f 2681//2619 2682//2620 2687//2625
f 2681//2619 2687//2625 2686//2624
f 2684//2622 2683//2621 2688//2626
f 2684//2622 2688//2626 2689//2627
f 2683//2621 2685//2623 2690//2628
f 2683//2621 2690//2628 2688//2626
f 511//511 2686//2624 2691//2629
f 511//511 2691//2629 512//512
f 2686//2624 2687//2625 2692//2630
f 2686//2624 2692//2630 2691//2629
f 2689//2627 2688//2626 2693//2631
f 2689//2627 2693//2631 2694//2632
f 2688//2626 2690//2628 2695//2633
f 2688//2626 2695//2633 2693//2631
f 512//512 2691//2629 2696//2634
f 512//512 2696//2634 513//513
f 2691//2629 2692//2630 2697//2635
f 2691//2629 2697//2635 2696//2634
f 2694//2632 2693//2631 2698//2636
f 2694//2632 2698//2636 2699//2635
f 2693//2631 2695//2633 2700//2637
f 2693//2631 2700//2637 2698//2636
f 513//513 2696//2634 2701//2638
f 513//513 2701//2638 514//514
f 2696//2634 2697//2635 2702//2639
f 2696//2634 2702//2639 2701//2638
f 2699//2635 2698//2636 2703//2640
f 2699//2635 2703//2640 2704//2639
f 2698//2636 2700//2637 2705//2641
f 2698//2636 2705//2641 2703//2640
f 514//514 2701//2638 2706//2642
f 514//514 2706//2642 515//515
f 2701//2638 2702//2639 2707//2643
f 2701//2638 2707//2643 2706//2642
f 2704//2639 2703//2640 2708//2644
f 2704//2639 2708//2644 2709//2645
f 2703//2640 2705//2641 2710//2646
f 2703//2640 2710//2646 2708//2644
f 515//515 2706//2642 2711//2647
f 515//515 2711//2647 516//516
f 2706//2642 2707//2643 2712//2648
f 2706//2642 2712//2648 2711//2647
f 2709//2645 2708//2644 2713//2649
f 2709//2645 2713//2649 2714//2650
f 2708//2644 2710//2646 2715//2651
f 2708//2644 2715//2651 2713//2649
f 516//516 2711//2647 2716//2652
f 516//516 2716//2652 517//517
f 2711//2647 2712//2648 2717//2653
f 2711//2647 2717//2653 2716//2652
f 2714//2650 2713//2649 2718//2654
f 2714//2650 2718//2654 2719//2653
f 2713//2649 2715//2651 2720//2655
f 2713//2649 2720//2655 2718//2654
f 517//517 2716//2652 2721//2656
f 517//517 2721//2656 518//518
f 2716//2652 2717//2653 2722//2657
f 2716//2652 2722//2657 2721//2656
f 2719//2653 2718//2654 2723//2658
f 2719//2653 2723//2658 2724//2659
f 2718//2654 2720//2655 2725//2660
f 2718//2654 2725//2660 2723//2658
f 518//518 2721//2656 2726//2661
f 518//518 2726//2661 519//519
f 2721//2656 2722//2657 2727//2662
f 2721//2656 2727//2662 2726//2661
f 2724//2659 2723//2658 2728//2663
f 2724//2659 2728//2663 2729//2664
f 2723//2658 2725//2660 2730//2665
f 2723//2658 2730//2665 2728//2663
f 519//519 2726//2661 2731//2666
f 519//519 2731//2666 520//520
f 2726//2661 2727//2662 2732//2667
f 2726//2661 2732//2667 2731//2666
f 2729//2664 2728//2663 2733//2668
f 2729//2664 2733//2668 2734//2669
f 2728//2663 2730//2665 2735//2670
f 2728//2663 2735//2670 2733//2668
f 520//520 2731//2666 2736//2671
f 520//520 2736//2671 521//521
f 2731//2666 2732//2667 2737//2672
f 2731//2666 2737//2672 2736//2671
f 2734//2669 2733//2668 2738//2673
f 2734//2669 2738//2673 2739//2672
f 2733//2668 2735//2670 2740//2674
f 2733//2668 2740//2674 2738//2673
f 521//521 2736//2671 2741//2675
f 521//521 2741//2675 522//522
f 2736//2671 2737//2672 2742//2676
f 2736//2671 2742//2676 2741//2675
f 2739//2672 2738//2673 2743//2677
f 2739//2672 2743//2677 2744//2678
f 2738//2673 2740//2674 2745//2679
f 2738//2673 2745//2679 2743//2677
f 522//522 2741//2675 2746//2680
f 522//522 2746//2680 523//523
f 2741//2675 2742//2676 2747//2681
f 2741//2675 2747//2681 2746//2680
f 2744//2678 2743//2677 2748//2682
f 2744//2678 2748//2682 2749//2683
f 2743//2677 2745//2679 2750//2684
f 2743//2677 2750//2684 2748//2682
f 523//523 2746//2680 2751//2685
f 523//523 2751//2685 524//524
f 2746//2680 2747//2681 2752//2686
f 2746//2680 2752//2686 2751//2685
f 2749//2683 2748//2682 2753//2687
f 2749//2683 2753//2687 2754//2688
f 2748//2682 2750//2684 2755//2689
f 2748//2682 2755//2689 2753//2687
f 524//524 2751//2685 2654//2594
f 524//524 2654//2594 525//525
f 2751//2685 2752//2686 2656//2596
f 2751//2685 2656//2596 2654//2594
f 2754//2688 2753//2687 2659//2599
f 2754//2688 2659//2599 2662//2602
f 2753//2687 2755//2689 2660//2600
f 2753//2687 2660//2600 2659//2599
f 2756//2690 2757//2691 2670//2608
f 2756//2690 2670//2608 2669//2607
f 2757//2691 2758//2692 2675//2613
f 2757//2691 2675//2613 2670//2608
f 2758//2692 2759//2693 2680//2618
f 2758//2692 2680//2618 2675//2613
f 2759//2693 2760//2694 2685//2623
f 2759//2693 2685//2623 2680//2618
f 2760//2694 2761//2695 2690//2628
f 2760//2694 2690//2628 2685//2623
f 2761//2695 2762//2696 2695//2633
f 2761//2695 2695//2633 2690//2628
f 2762//2696 2763//2697 2700//2637
f 2762//2696 2700//2637 2695//2633
f 2763//2697 2764//2698 2705//2641
f 2763//2697 2705//2641 2700//2637
f 2764//2698 2765//2699 2710//2646
f 2764//2698 2710//2646 2705//2641
f 2765//2699 2766//2700 2715//2651
f 2765//2699 2715//2651 2710//2646
f 2766//2700 2767//2701 2720//2655
f 2766//2700 2720//2655 2715//2651
f 2767//2701 2768//2702 2725//2660
f 2767//2701 2725//2660 2720//2655
f 2768//2702 2769//2703 2730//2665
f 2768//2702 2730//2665 2725//2660
f 2769//2703 2770//2704 2735//2670
f 2769//2703 2735//2670 2730//2665
f 2770//2704 2771//2705 2740//2674
f 2770//2704 2740//2674 2735//2670
f 2771//2705 2772//2706 2745//2679
f 2771//2705 2745//2679 2740//2674
f 2772//2706 2773//2707 2750//2684
f 2772//2706 2750//2684 2745//2679
f 2773//2707 2774//2708 2755//2689
f 2773//2707 2755//2689 2750//2684
f 2774//2708 2775//2709 2660//2600
f 2774//2708 2660//2600 2755//2689
f 2775//2709 2776//2710 2657//2597
f 2775//2709 2657//2597 2660//2600
f 527//527 2777//2711 2778//2712
f 527//527 2778//2712 546//546
f 2779//2713 2776//2710 2775//2709
f 2779//2713 2775//2709 2780//2714
f 2756//2690 2781//2715 2782//2716
f 2756//2690 2782//2716 2757//2691
f 2777//2711 527//527 526//526
f 2777//2711 526//526 2783//2717
f 2757//2691 2782//2716 2784//2718
f 2757//2691 2784//2718 2758//2692
f 2783//2717 526//526 529//529
f 2783//2717 529//529 2785//2719
f 2758//2692 2784//2718 2786//2720
f 2758//2692 2786//2720 2759//2693
f 2785//2719 529//529 530//530
f 2785//2719 530//530 2787//2721
f 2759//2693 2786//2720 2788//2722
f 2759//2693 2788//2722 2760//2694
f 2787//2721 530//530 531//531
f 2787//2721 531//531 2789//2723
f 2760//2694 2788//2722 2790//2724
f 2760//2694 2790//2724 2761//2695
f 2789//2723 531//531 532//532
f 2789//2723 532//532 2791//2725
f 2761//2695 2790//2724 2792//2726
f 2761//2695 2792//2726 2762//2696
f 2791//2725 532//532 533//533
f 2791//2725 533//533 2793//2727
f 2762//2696 2792//2726 2794//2728
f 2762//2696 2794//2728 2763//2697
f 2793//2727 533//533 534//534
f 2793//2727 534//534 2795//2729
f 2763//2697 2794//2728 2796//2730
f 2763//2697 2796//2730 2764//2698
f 2795//2729 534//534 535//535
f 2795//2729 535//535 2797//2731
f 2764//2698 2796//2730 2798//2732
f 2764//2698 2798//2732 2765//2699
f 2797//2731 535//535 536//536
f 2797//2731 536//536 2799//2733
f 2765//2699 2798//2732 2800//2734
f 2765//2699 2800//2734 2766//2700
f 2799//2733 536//536 537//537
f 2799//2733 537//537 2801//2735
f 2766//2700 2800//2734 2802//2736
f 2766//2700 2802//2736 2767//2701
f 2801//2735 537//537 538//538
f 2801//2735 538//538 2803//2737
f 2767//2701 2802//2736 2804//2738
f 2767//2701 2804//2738 2768//2702
f 2803//2737 538//538 539//539
f 2803//2737 539//539 2805//2739
f 2768//2702 2804//2738 2806//2740
f 2768//2702 2806//2740 2769//2703
f 2805//2739 539//539 540//540
f 2805//2739 540//540 2807//2741
f 2769//2703 2806//2740 2808//2742
f 2769//2703 2808//2742 2770//2704
f 2807//2741 540//540 541//541
f 2807//2741 541//541 2809//2743
f 2770//2704 2808//2742 2810//2744
f 2770//2704 2810//2744 2771//2705
f 2809//2743 541//541 542//542
f 2809//2743 542//542 2811//2745
f 2771//2705 2810//2744 2812//2746
f 2771//2705 2812//2746 2772//2706
f 2811//2745 542//542 543//543
f 2811//2745 543//543 2813//2747
f 2772//2706 2812//2746 2814//2748
f 2772//2706 2814//2748 2773//2707
f 2813//2747 543//543 544//544
f 2813//2747 544//544 2815//2749
f 2773//2707 2814//2748 2816//2750
f 2773//2707 2816//2750 2774//2708
f 2815//2749 544//544 545//545
f 2815//2749 545//545 2817//2751
f 2774//2708 2816//2750 2780//2714
f 2774//2708 2780//2714 2775//2709
f 2817//2751 545//545 546//546
f 2817//2751 546//546 2778//2712
f 2818//2752 547//547 567//567
f 2818//2752 567//567 2819//2753
f 2820//2754 2818//2752 2819//2753
f 2820//2754 2819//2753 2821//2755
f 2822//2756 2823//2757 2824//2758
f 2822//2756 2824//2758 2825//2759
f 2823//2757 2826//2754 2827//2760
f 2823//2757 2827//2760 2824//2758
f 547//547 2818//2752 2828//2761
f 547//547 2828//2761 548//548
f 2818//2752 2820//2754 2829//2762
f 2818//2752 2829//2762 2828//2761
f 2830//2763 2831//2764 2832//2765
f 2830//2763 2832//2765 2833//2762
f 2831//2764 2834//2766 2835//2767
f 2831//2764 2835//2767 2832//2765
f 548//548 2828//2761 2836//2768
f 548//548 2836//2768 550//550
f 2828//2761 2829//2762 2837//2769
f 2828//2761 2837//2769 2836//2768
f 2833//2762 2832//2765 2838//2770
f 2833//2762 2838//2770 2839//2771
f 2832//2765 2835//2767 2840//2772
f 2832//2765 2840//2772 2838//2770
f 550//550 2836//2768 2841//2773
f 550//550 2841//2773 551//551
f 2836//2768 2837//2769 2842//2774
f 2836//2768 2842//2774 2841//2773
f 2839//2771 2838//2770 2843//2775
f 2839//2771 2843//2775 2844//2776
f 2838//2770 2840//2772 2845//2777
f 2838//2770 2845//2777 2843//2775
f 551//551 2841//2773 2846//2778
f 551//551 2846//2778 552//552
f 2841//2773 2842//2774 2847//2779
f 2841//2773 2847//2779 2846//2778
f 2844//2776 2843//2775 2848//2780
f 2844//2776 2848//2780 2849//2781
f 2843//2775 2845//2777 2850//2782
f 2843//2775 2850//2782 2848//2780
f 552//552 2846//2778 2851//2783
f 552//552 2851//2783 553//553
f 2846//2778 2847//2779 2852//2784
f 2846//2778 2852//2784 2851//2783
f 2849//2781 2848//2780 2853//2785
f 2849//2781 2853//2785 2854//2786
f 2848//2780 2850//2782 2855//2787
f 2848//2780 2855//2787 2853//2785
f 553//553 2851//2783 2856//2788
f 553//553 2856//2788 554//554
f 2851//2783 2852//2784 2857//2789
f 2851//2783 2857//2789 2856//2788
f 2854//2786 2853//2785 2858//2790
f 2854//2786 2858//2790 2859//2789
f 2853//2785 2855//2787 2860//2791
f 2853//2785 2860//2791 2858//2790
f 554//554 2856//2788 2861//2792
f 554//554 2861//2792 555//555
f 2856//2788 2857//2789 2862//2793
f 2856//2788 2862//2793 2861//2792
f 2859//2789 2858//2790 2863//2794
f 2859//2789 2863//2794 2864//2795
f 2858//2790 2860//2791 2865//2796
f 2858//2790 2865//2796 2863//2794
f 555//555 2861//2792 2866//2797
f 555//555 2866//2797 556//556
f 2861//2792 2862//2793 2867//2798
f 2861//2792 2867//2798 2866//2797
f 2864//2795 2863//2794 2868//2799
f 2864//2795 2868//2799 2869//2798
f 2863//2794 2865//2796 2870//2800
f 2863//2794 2870//2800 2868//2799
f 556//556 2866//2797 2871//2801
f 556//556 2871//2801 557//557
f 2866//2797 2867//2798 2872//2802
f 2866//2797 2872//2802 2871//2801
f 2869//2798 2868//2799 2873//2803
f 2869//2798 2873//2803 2874//2804
f 2868//2799 2870//2800 2875//2805
f 2868//2799 2875//2805 2873//2803
f 557//557 2871//2801 2876//2806
f 557//557 2876//2806 558//558
f 2871//2801 2872//2802 2877//2807
f 2871//2801 2877//2807 2876//2806
f 2874//2804 2873//2803 2878//2808
f 2874//2804 2878//2808 2879//2807
f 2873//2803 2875//2805 2880//2809
f 2873//2803 2880//2809 2878//2808
f 558//558 2876//2806 2881//2810
f 558//558 2881//2810 559//559
f 2876//2806 2877//2807 2882//2811
f 2876//2806 2882//2811 2881//2810
f 2879//2807 2878//2808 2883//2812
f 2879//2807 2883//2812 2884//2813
f 2878//2808 2880//2809 2885//2814
f 2878//2808 2885//2814 2883//2812
f 559//559 2881//2810 2886//2815
f 559//559 2886//2815 560//560
f 2881//2810 2882//2811 2887//2816
f 2881//2810 2887//2816 2886//2815
f 2884//2813 2883//2812 2888//2817
f 2884//2813 2888//2817 2889//2818
f 2883//2812 2885//2814 2890//2819
f 2883//2812 2890//2819 2888//2817
f 560//560 2886//2815 2891//2820
f 560//560 2891//2820 561//561
f 2886//2815 2887//2816 2892//2821
f 2886//2815 2892//2821 2891//2820
f 2889//2818 2888//2817 2893//2822
f 2889//2818 2893//2822 2894//2823
f 2888//2817 2890//2819 2895//2824
f 2888//2817 2895//2824 2893//2822
f 561//561 2891//2820 2896//2825
f 561//561 2896//2825 562//562
f 2891//2820 2892//2821 2897//2826
f 2891//2820 2897//2826 2896//2825
f 2894//2823 2893//2822 2898//2827
f 2894//2823 2898//2827 2899//2828
f 2893//2822 2895//2824 2900//2829
f 2893//2822 2900//2829 2898//2827
f 562//562 2896//2825 2901//2830
f 562//562 2901//2830 563//563
f 2896//2825 2897//2826 2902//2831
f 2896//2825 2902//2831 2901//2830
f 2899//2828 2898//2827 2903//2832
f 2899//2828 2903//2832 2904//2831
f 2898//2827 2900//2829 2905//2833
f 2898//2827 2905//2833 2903//2832
f 563//563 2901//2830 2906//2834
f 563//563 2906//2834 564//564
f 2901//2830 2902//2831 2907//2835
f 2901//2830 2907//2835 2906//2834
f 2904//2831 2903//2832 2908//2836
f 2904//2831 2908//2836 2909//2837
f 2903//2832 2905//2833 2910//2838
f 2903//2832 2910//2838 2908//2836
f 564//564 2906//2834 2911//2839
f 564//564 2911//2839 565//565
f 2906//2834 2907//2835 2912//2840
f 2906//2834 2912//2840 2911//2839
f 2909//2837 2908//2836 2913//2841
f 2909//2837 2913//2841 2914//2842
f 2908//2836 2910//2838 2915//2843
f 2908//2836 2915//2843 2913//2841
f 565//565 2911//2839 2916//2844
f 565//565 2916//2844 566//566
f 2911//2839 2912//2840 2917//2845
f 2911//2839 2917//2845 2916//2844
f 2914//2842 2913//2841 2918//2846
f 2914//2842 2918//2846 2919//2847
f 2913//2841 2915//2843 2920//2848
f 2913//2841 2920//2848 2918//2846
f 566//566 2916//2844 2819//2753
f 566//566 2819//2753 567//567
f 2916//2844 2917//2845 2821//2755
f 2916//2844 2821//2755 2819//2753
f 2919//2847 2918//2846 2824//2758
f 2919//2847 2824//2758 2827//2760
f 2918//2846 2920//2848 2825//2759
f 2918//2846 2825//2759 2824//2758
f 2921//2849 2922//2850 2835//2767
f 2921//2849 2835//2767 2834//2766
f 2922//2850 2923//2851 2840//2772
f 2922//2850 2840//2772 2835//2767
f 2923//2851 2924//2852 2845//2777
f 2923//2851 2845//2777 2840//2772
f 2924//2852 2925//2853 2850//2782
f 2924//2852 2850//2782 2845//2777
f 2925//2853 2926//2854 2855//2787
f 2925//2853 2855//2787 2850//2782
f 2926//2854 2927//2855 2860//2791
f 2926//2854 2860//2791 2855//2787
f 2927//2855 2928//2856 2865//2796
f 2927//2855 2865//2796 2860//2791
f 2928//2856 2929//2857 2870//2800
f 2928//2856 2870//2800 2865//2796
f 2929//2857 2930//2858 2875//2805
f 2929//2857 2875//2805 2870//2800
f 2930//2858 2931//2859 2880//2809
f 2930//2858 2880//2809 2875//2805
f 2931//2859 2932//2860 2885//2814
f 2931//2859 2885//2814 2880//2809
f 2932//2860 2933//2861 2890//2819
f 2932//2860 2890//2819 2885//2814
f 2933//2861 2934//2862 2895//2824
f 2933//2861 2895//2824 2890//2819
f 2934//2862 2935//2863 2900//2829
f 2934//2862 2900//2829 2895//2824
f 2935//2863 2936//2864 2905//2833
f 2935//2863 2905//2833 2900//2829
f 2936//2864 2937//2865 2910//2838
f 2936//2864 2910//2838 2905//2833
f 2937//2865 2938//2866 2915//2843
f 2937//2865 2915//2843 2910//2838
f 2938//2866 2939//2867 2920//2848
f 2938//2866 2920//2848 2915//2843
f 2939//2867 2940//2868 2825//2759
f 2939//2867 2825//2759 2920//2848
f 2940//2868 2941//2869 2822//2756
f 2940//2868 2822//2756 2825//2759
f 569//569 2942//2870 2943//2871
f 569//569 2943//2871 588//588
f 2944//2872 2941//2869 2940//2868
f 2944//2872 2940//2868 2945//2873
f 2921//2849 2946//2872 2947//2874
f 2921//2849 2947//2874 2922//2850
f 2942//2870 569//569 568//568
f 2942//2870 568//568 2948//2875
f 2922//2850 2947//2874 2949//2876
f 2922//2850 2949//2876 2923//2851
f 2948//2875 568//568 571//571
f 2948//2875 571//571 2950//2877
f 2923//2851 2949//2876 2951//2878
f 2923//2851 2951//2878 2924//2852
f 2950//2877 571//571 572//572
f 2950//2877 572//572 2952//2879
f 2924//2852 2951//2878 2953//2880
f 2924//2852 2953//2880 2925//2853
f 2952//2879 572//572 573//573
f 2952//2879 573//573 2954//2881
f 2925//2853 2953//2880 2955//2882
f 2925//2853 2955//2882 2926//2854
f 2954//2881 573//573 574//574
f 2954//2881 574//574 2956//2883
f 2926//2854 2955//2882 2957//2884
f 2926//2854 2957//2884 2927//2855
f 2956//2883 574//574 575//575
f 2956//2883 575//575 2958//2885
f 2927//2855 2957//2884 2959//2886
f 2927//2855 2959//2886 2928//2856
f 2958//2885 575//575 576//576
f 2958//2885 576//576 2960//2887
f 2928//2856 2959//2886 2961//2888
f 2928//2856 2961//2888 2929//2857
f 2960//2887 576//576 577//577
f 2960//2887 577//577 2962//2889
f 2929//2857 2961//2888 2963//2890
f 2929//2857 2963//2890 2930//2858
f 2962//2889 577//577 578//578
f 2962//2889 578//578 2964//2891
f 2930//2858 2963//2890 2965//2892
f 2930//2858 2965//2892 2931//2859
f 2964//2891 578//578 579//579
f 2964//2891 579//579 2966//2893
f 2931//2859 2965//2892 2967//2894
f 2931//2859 2967//2894 2932//2860
f 2966//2893 579//579 580//580
f 2966//2893 580//580 2968//2895
f 2932//2860 2967//2894 2969//2896
f 2932//2860 2969//2896 2933//2861
f 2968//2895 580//580 581//581
f 2968//2895 581//581 2970//2897
f 2933//2861 2969//2896 2971//2898
f 2933//2861 2971//2898 2934//2862
f 2970//2897 581//581 582//582
f 2970//2897 582//582 2972//2899
f 2934//2862 2971//2898 2973//2900
f 2934//2862 2973//2900 2935//2863
f 2972//2899 582//582 583//583
f 2972//2899 583//583 2974//2901
f 2935//2863 2973//2900 2975//2902
f 2935//2863 2975//2902 2936//2864
f 2974//2901 583//583 584//584
f 2974//2901 584//584 2976//2903
f 2936//2864 2975//2902 2977//2904
f 2936//2864 2977//2904 2937//2865
f 2976//2903 584//584 585//585
f 2976//2903 585//585 2978//2905
f 2937//2865 2977//2904 2979//2906
f 2937//2865 2979//2906 2938//2866
f 2978//2905 585//585 586//586
f 2978//2905 586//586 2980//2907
f 2938//2866 2979//2906 2981//2908
f 2938//2866 2981//2908 2939//2867
f 2980//2907 586//586 587//587
f 2980//2907 587//587 2982//2909
f 2939//2867 2981//2908 2945//2873
f 2939//2867 2945//2873 2940//2868
f 2982//2909 587//587 588//588
f 2982//2909 588//588 2943//2871
f 2983//2910 589//589 609//609
f 2983//2910 609//609 2984//2911
f 2985//2912 2983//2910 2984//2911
f 2985//2912 2984//2911 2986//2913
f 2987//2914 2988//2915 2989//2916
f 2987//2914 2989//2916 2990//2917
f 2988//2915 2991//2918 2992//2919
f 2988//2915 2992//2919 2989//2916
f 589//589 2983//2910 2993//2920
f 589//589 2993//2920 590//590
f 2983//2910 2985//2912 2994//2921
f 2983//2910 2994//2921 2993//2920
f 2995//2918 2996//2922 2997//2923
f 2995//2918 2997//2923 2998//2924
f 2996//2922 2999//2914 3000//2925
f 2996//2922 3000//2925 2997//2923
f 590//590 2993//2920 3001//2926
f 590//590 3001//2926 592//592
f 2993//2920 2994//2921 3002//2927
f 2993//2920 3002//2927 3001//2926
f 2998//2924 2997//2923 3003//2928
f 2998//2924 3003//2928 3004//2927
f 2997//2923 3000//2925 3005//2929
f 2997//2923 3005//2929 3003//2928
f 592//592 3001//2926 3006//2930
f 592//592 3006//2930 593//593
f 3001//2926 3002//2927 3007//2931
f 3001//2926 3007//2931 3006//2930
f 3004//2927 3003//2928 3008//2932
f 3004//2927 3008//2932 3009//2931
f 3003//2928 3005//2929 3010//2933
f 3003//2928 3010//2933 3008//2932
f 593//593 3006//2930 3011//2934
f 593//593 3011//2934 594//594
f 3006//2930 3007//2931 3012//2935
f 3006//2930 3012//2935 3011//2934
f 3009//2931 3008//2932 3013//2936
f 3009//2931 3013//2936 3014//2937
f 3008//2932 3010//2933 3015//2938
f 3008//2932 3015//2938 3013//2936
f 594//594 3011//2934 3016//2939
f 594//594 3016//2939 595//595
f 3011//2934 3012//2935 3017//2940
f 3011//2934 3017//2940 3016//2939
f 3014//2937 3013//2936 3018//2941
f 3014//2937 3018//2941 3019//2942
f 3013//2936 3015//2938 3020//2943
f 3013//2936 3020//2943 3018//2941
f 595//595 3016//2939 3021//2944
f 595//595 3021//2944 596//596
f 3016//2939 3017//2940 3022//2945
f 3016//2939 3022//2945 3021//2944
f 3019//2942 3018//2941 3023//2946
f 3019//2942 3023//2946 3024//2947
f 3018//2941 3020//2943 3025//2948
f 3018//2941 3025//2948 3023//2946
f 596//596 3021//2944 3026//2949
f 596//596 3026//2949 597//597
f 3021//2944 3022//2945 3027//2950
f 3021//2944 3027//2950 3026//2949
f 3024//2947 3023//2946 3028//2951
f 3024//2947 3028//2951 3029//2952
f 3023//2946 3025//2948 3030//2953
f 3023//2946 3030//2953 3028//2951
f 597//597 3026//2949 3031//2954
f 597//597 3031//2954 598//598
f 3026//2949 3027//2950 3032//2955
f 3026//2949 3032//2955 3031//2954
f 3029//2952 3028//2951 3033//2956
f 3029//2952 3033//2956 3034//2957
f 3028//2951 3030//2953 3035//2958
f 3028//2951 3035//2958 3033//2956
f 598//598 3031//2954 3036//2959
f 598//598 3036//2959 599//599
f 3031//2954 3032//2955 3037//2960
f 3031//2954 3037//2960 3036//2959
f 3034//2957 3033//2956 3038//2961
f 3034//2957 3038//2961 3039//2962
f 3033//2956 3035//2958 3040//2963
f 3033//2956 3040//2963 3038//2961
f 599//599 3036//2959 3041//2964
f 599//599 3041//2964 600//600
f 3036//2959 3037//2960 3042//2965
f 3036//2959 3042//2965 3041//2964
f 3039//2962 3038//2961 3043//2966
f 3039//2962 3043//2966 3044//2967
f 3038//2961 3040//2963 3045//2968
f 3038//2961 3045//2968 3043//2966
f 600//600 3041//2964 3046//2969
f 600//600 3046//2969 601//601
f 3041//2964 3042//2965 3047//2970
f 3041//2964 3047//2970 3046//2969
f 3044//2967 3043//2966 3048//2971
f 3044//2967 3048//2971 3049//2972
f 3043//2966 3045//2968 3050//2973
f 3043//2966 3050//2973 3048//2971
f 601//601 3046//2969 3051//2974
f 601//601 3051//2974 602//602
f 3046//2969 3047//2970 3052//2975
f 3046//2969 3052//2975 3051//2974
f 3049//2972 3048//2971 3053//2976
f 3049//2972 3053//2976 3054//2977
f 3048//2971 3050//2973 3055//2978
f 3048//2971 3055//2978 3053//2976
f 602//602 3051//2974 3056//2979
f 602//602 3056//2979 603//603
f 3051//2974 3052//2975 3057//2980
f 3051//2974 3057//2980 3056//2979
f 3054//2977 3053//2976 3058//2981
f 3054//2977 3058//2981 3059//2980
f 3053//2976 3055//2978 3060//2982
f 3053//2976 3060//2982 3058//2981
f 603//603 3056//2979 3061//2983
f 603//603 3061//2983 604//604
f 3056//2979 3057//2980 3062//2984
f 3056//2979 3062//2984 3061//2983
f 3059//2980 3058//2981 3063//2985
f 3059//2980 3063//2985 3064//2986
f 3058//2981 3060//2982 3065//2987
f 3058//2981 3065//2987 3063//2985
f 604//604 3061//2983 3066//2988
f 604//604 3066//2988 605//605
f 3061//2983 3062//2984 3067//2989
f 3061//2983 3067//2989 3066//2988
f 3064//2986 3063//2985 3068//2990
f 3064//2986 3068//2990 3069//2991
f 3063//2985 3065//2987 3070//2992
f 3063//2985 3070//2992 3068//2990
f 605//605 3066//2988 3071//2993
f 605//605 3071//2993 606//606
f 3066//2988 3067//2989 3072//2994
f 3066//2988 3072//2994 3071//2993
f 3069//2991 3068//2990 3073//2995
f 3069//2991 3073//2995 3074//2996
f 3068//2990 3070//2992 3075//2997
f 3068//2990 3075//2997 3073//2995
f 606//606 3071//2993 3076//2998
f 606//606 3076//2998 607//607
f 3071//2993 3072//2994 3077//2999
f 3071//2993 3077//2999 3076//2998
f 3074//2996 3073//2995 3078//3000
f 3074//2996 3078//3000 3079//3001
f 3073//2995 3075//2997 3080//3002
f 3073//2995 3080//3002 3078//3000
f 607//607 3076//2998 3081//3003
f 607//607 3081//3003 608//608
f 3076//2998 3077//2999 3082//3004
f 3076//2998 3082//3004 3081//3003
f 3079//3001 3078//3000 3083//3005
f 3079//3001 3083//3005 3084//3004
f 3078//3000 3080//3002 3085//3006
f 3078//3000 3085//3006 3083//3005
f 608//608 3081//3003 2984//2911
f 608//608 2984//2911 609//609
f 3081//3003 3082//3004 2986//2913
f 3081//3003 2986//2913 2984//2911
f 3084//3004 3083//3005 2989//2916
f 3084//3004 2989//2916 2992//2919
f 3083//3005 3085//3006 2990//2917
f 3083//3005 2990//2917 2989//2916
f 3086//3007 3087//3008 3000//2925
f 3086//3007 3000//2925 2999//2914
f 3087//3008 3088//3009 3005//2929
f 3087//3008 3005//2929 3000//2925
f 3088//3009 3089//3010 3010//2933
f 3088//3009 3010//2933 3005//2929
f 3089//3010 3090//3011 3015//2938
f 3089//3010 3015//2938 3010//2933
f 3090//3011 3091//3012 3020//2943
f 3090//3011 3020//2943 3015//2938
f 3091//3012 3092//3013 3025//2948
f 3091//3012 3025//2948 3020//2943
f 3092//3013 3093//3014 3030//2953
f 3092//3013 3030//2953 3025//2948
f 3093//3014 3094//3015 3035//2958
f 3093//3014 3035//2958 3030//2953
f 3094//3015 3095//3016 3040//2963
f 3094//3015 3040//2963 3035//2958
f 3095//3016 3096//3017 3045//2968
f 3095//3016 3045//2968 3040//2963
f 3096//3017 3097//3018 3050//2973
f 3096//3017 3050//2973 3045//2968
f 3097//3018 3098//3019 3055//2978
f 3097//3018 3055//2978 3050//2973
f 3098//3019 3099//3020 3060//2982
f 3098//3019 3060//2982 3055//2978
f 3099//3020 3100//3021 3065//2987
f 3099//3020 3065//2987 3060//2982
f 3100//3021 3101//3022 3070//2992
f 3100//3021 3070//2992 3065//2987
f 3101//3022 3102//3023 3075//2997
f 3101//3022 3075//2997 3070//2992
f 3102//3023 3103//3024 3080//3002
f 3102//3023 3080//3002 3075//2997
f 3103//3024 3104//3025 3085//3006
f 3103//3024 3085//3006 3080//3002
f 3104//3025 3105//3026 2990//2917
f 3104//3025 2990//2917 3085//3006
f 3105//3026 3106//3027 2987//2914
f 3105//3026 2987//2914 2990//2917
f 611//611 3107//3028 3108//3029
f 611//611 3108//3029 630//630
f 3109//3030 3106//3027 3105//3026
f 3109//3030 3105//3026 3110//3031
f 3086//3007 3111//3032 3112//3033
f 3086//3007 3112//3033 3087//3008
f 3107//3028 611//611 610//610
f 3107//3028 610//610 3113//3034
f 3087//3008 3112//3033 3114//3035
f 3087//3008 3114//3035 3088//3009
f 3113//3034 610//610 613//613
f 3113//3034 613//613 3115//3036
f 3088//3009 3114//3035 3116//3037
f 3088//3009 3116//3037 3089//3010
f 3115//3036 613//613 614//614
f 3115//3036 614//614 3117//3038
f 3089//3010 3116//3037 3118//3039
f 3089//3010 3118//3039 3090//3011
f 3117//3038 614//614 615//615
f 3117//3038 615//615 3119//3040
f 3090//3011 3118//3039 3120//3041
f 3090//3011 3120//3041 3091//3012
f 3119//3040 615//615 616//616
f 3119//3040 616//616 3121//3042
f 3091//3012 3120//3041 3122//3043
f 3091//3012 3122//3043 3092//3013
f 3121//3042 616//616 617//617
f 3121//3042 617//617 3123//3044
f 3092//3013 3122//3043 3124//3045
f 3092//3013 3124//3045 3093//3014
f 3123//3044 617//617 618//618
f 3123//3044 618//618 3125//3046
f 3093//3014 3124//3045 3126//3047
f 3093//3014 3126//3047 3094//3015
f 3125//3046 618//618 619//619
f 3125//3046 619//619 3127//3048
f 3094//3015 3126//3047 3128//3049
f 3094//3015 3128//3049 3095//3016
f 3127//3048 619//619 620//620
f 3127//3048 620//620 3129//3050
f 3095//3016 3128//3049 3130//3051
f 3095//3016 3130//3051 3096//3017
f 3129//3050 620//620 621//621
f 3129//3050 621//621 3131//3052
f 3096//3017 3130//3051 3132//3053
f 3096//3017 3132//3053 3097//3018
f 3131//3052 621//621 622//622
f 3131//3052 622//622 3133//3054
f 3097//3018 3132//3053 3134//3055
f 3097//3018 3134//3055 3098//3019
f 3133//3054 622//622 623//623
f 3133//3054 623//623 3135//3056
f 3098//3019 3134//3055 3136//3057
f 3098//3019 3136//3057 3099//3020
f 3135//3056 623//623 624//624
f 3135//3056 624//624 3137//3058
f 3099//3020 3136//3057 3138//3059
f 3099//3020 3138//3059 3100//3021
f 3137//3058 624//624 625//625
f 3137//3058 625//625 3139//3060
f 3100//3021 3138//3059 3140//3061
f 3100//3021 3140//3061 3101//3022
f 3139//3060 625//625 626//626
f 3139//3060 626//626 3141//3062
f 3101//3022 3140//3061 3142//3063
f 3101//3022 3142//3063 3102//3023
f 3141//3062 626//626 627//627
f 3141//3062 627//627 3143//3064
f 3102//3023 3142//3063 3144//3065
f 3102//3023 3144//3065 3103//3024
f 3143//3064 627//627 628//628
f 3143//3064 628//628 3145//3066
f 3103//3024 3144//3065 3146//3067
f 3103//3024 3146//3067 3104//3025
f 3145//3066 628//628 629//629
f 3145//3066 629//629 3147//3068
f 3104//3025 3146//3067 3110//3031
f 3104//3025 3110//3031 3105//3026
f 3147//3068 629//629 630//630
f 3147//3068 630//630 3108//3029
f 3148//3069 631//631 651//651
f 3148//3069 651//651 3149//3070
f 3150//3071 3148//3069 3149//3070
f 3150//3071 3149//3070 3151//3072
f 3152//3073 3153//3074 3154//3075
f 3152//3073 3154//3075 3155//3076
f 3153//3074 3156//3077 3157//3078
f 3153//3074 3157//3078 3154//3075
f 631//631 3148//3069 3158//3079
f 631//631 3158//3079 632//632
f 3148//3069 3150//3071 3159//3080
f 3148//3069 3159//3080 3158//3079
f 3160//3077 3161//3081 3162//3082
f 3160//3077 3162//3082 3163//3083
f 3161//3081 3164//3084 3165//3085
f 3161//3081 3165//3085 3162//3082
f 632//632 3158//3079 3166//3086
f 632//632 3166//3086 634//634
f 3158//3079 3159//3080 3167//3087
f 3158//3079 3167//3087 3166//3086
f 3163//3083 3162//3082 3168//3088
f 3163//3083 3168//3088 3169//3089
f 3162//3082 3165//3085 3170//3090
f 3162//3082 3170//3090 3168//3088
f 634//634 3166//3086 3171//3091
f 634//634 3171//3091 635//635
f 3166//3086 3167//3087 3172//3092
f 3166//3086 3172//3092 3171//3091
f 3169//3089 3168//3088 3173//3093
f 3169//3089 3173//3093 3174//3094
f 3168//3088 3170//3090 3175//3095
f 3168//3088 3175//3095 3173//3093
f 635//635 3171//3091 3176//3096
f 635//635 3176//3096 636//636
f 3171//3091 3172//3092 3177//3097
f 3171//3091 3177//3097 3176//3096
f 3174//3094 3173//3093 3178//3098
f 3174//3094 3178//3098 3179//3099
f 3173//3093 3175//3095 3180//3100
f 3173//3093 3180//3100 3178//3098
f 636//636 3176//3096 3181//3101
f 636//636 3181//3101 637//637
f 3176//3096 3177//3097 3182//3102
f 3176//3096 3182//3102 3181//3101
f 3179//3099 3178//3098 3183//3103
f 3179//3099 3183//3103 3184//3104
f 3178//3098 3180//3100 3185//3105
f 3178//3098 3185//3105 3183//3103
f 637//637 3181//3101 3186//3106
f 637//637 3186//3106 638//638
f 3181//3101 3182//3102 3187//3107
f 3181//3101 3187//3107 3186//3106
f 3184//3104 3183//3103 3188//3108
f 3184//3104 3188//3108 3189//3109
f 3183//3103 3185//3105 3190//3110
f 3183//3103 3190//3110 3188//3108
f 638//638 3186//3106 3191//3111
f 638//638 3191//3111 639//639
f 3186//3106 3187//3107 3192//3112
f 3186//3106 3192//3112 3191//3111
f 3189//3109 3188//3108 3193//3113
f 3189//3109 3193//3113 3194//3114
f 3188//3108 3190//3110 3195//3115
f 3188//3108 3195//3115 3193//3113
f 639//639 3191//3111 3196//3116
f 639//639 3196//3116 640//640
f 3191//3111 3192//3112 3197//3117
f 3191//3111 3197//3117 3196//3116
f 3194//3114 3193//3113 3198//3118
f 3194//3114 3198//3118 3199//3117
f 3193//3113 3195//3115 3200//3119
f 3193//3113 3200//3119 3198//3118
f 640//640 3196//3116 3201//3120
f 640//640 3201//3120 641//641
f 3196//3116 3197//3117 3202//3121
f 3196//3116 3202//3121 3201//3120
f 3199//3117 3198//3118 3203//3122
f 3199//3117 3203//3122 3204//3123
f 3198//3118 3200//3119 3205//3124
f 3198//3118 3205//3124 3203//3122
f 641//641 3201//3120 3206//3125
f 641//641 3206//3125 642//642
f 3201//3120 3202//3121 3207//3126
f 3201//3120 3207//3126 3206//3125
f 3204//3123 3203//3122 3208//3127
f 3204//3123 3208//3127 3209//3126
f 3203//3122 3205//3124 3210//3128
f 3203//3122 3210//3128 3208//3127
f 642//642 3206//3125 3211//3129
f 642//642 3211//3129 643//643
f 3206//3125 3207//3126 3212//3130
f 3206//3125 3212//3130 3211//3129
f 3209//3126 3208//3127 3213//3131
f 3209//3126 3213//3131 3214//3132
f 3208//3127 3210//3128 3215//3133
f 3208//3127 3215//3133 3213//3131
f 643//643 3211//3129 3216//3134
f 643//643 3216//3134 644//644
f 3211//3129 3212//3130 3217//3135
f 3211//3129 3217//3135 3216//3134
f 3214//3132 3213//3131 3218//3136
f 3214//3132 3218//3136 3219//3137
f 3213//3131 3215//3133 3220//3138
f 3213//3131 3220//3138 3218//3136
f 644//644 3216//3134 3221//3139
f 644//644 3221//3139 645//645
f 3216//3134 3217//3135 3222//3140
f 3216//3134 3222//3140 3221//3139
f 3219//3137 3218//3136 3223//3141
f 3219//3137 3223//3141 3224//3140
f 3218//3136 3220//3138 3225//3142
f 3218//3136 3225//3142 3223//3141
f 645//645 3221//3139 3226//3143
f 645//645 3226//3143 646//646
f 3221//3139 3222//3140 3227//3144
f 3221//3139 3227//3144 3226//3143
f 3224//3140 3223//3141 3228//3145
f 3224//3140 3228//3145 3229//3144
f 3223//3141 3225//3142 3230//3146
f 3223//3141 3230//3146 3228//3145
f 646//646 3226//3143 3231//3147
f 646//646 3231//3147 647//647
f 3226//3143 3227//3144 3232//3148
f 3226//3143 3232//3148 3231//3147
f 3229//3144 3228//3145 3233//3149
f 3229//3144 3233//3149 3234//3150
f 3228//3145 3230//3146 3235//3151
f 3228//3145 3235//3151 3233//3149
f 647//647 3231//3147 3236//3152
f 647//647 3236//3152 648//648
f 3231//3147 3232//3148 3237//3153
f 3231//3147 3237//3153 3236//3152
f 3234//3150 3233//3149 3238//3154
f 3234//3150 3238//3154 3239//3153
f 3233//3149 3235//3151 3240//3155
f 3233//3149 3240//3155 3238//3154
f 648//648 3236//3152 3241//3156
f 648//648 3241//3156 649//649
f 3236//3152 3237//3153 3242//3157
f 3236//3152 3242//3157 3241//3156
f 3239//3153 3238//3154 3243//3158
f 3239//3153 3243//3158 3244//3159
f 3238//3154 3240//3155 3245//3160
f 3238//3154 3245//3160 3243//3158
f 649//649 3241//3156 3246//3161
f 649//649 3246//3161 650//650
f 3241//3156 3242//3157 3247//3162
f 3241//3156 3247//3162 3246//3161
f 3244//3159 3243//3158 3248//3163
f 3244//3159 3248//3163 3249//3164
f 3243//3158 3245//3160 3250//3165
f 3243//3158 3250//3165 3248//3163
f 650//650 3246//3161 3149//3070
f 650//650 3149//3070 651//651
f 3246//3161 3247//3162 3151//3072
f 3246//3161 3151//3072 3149//3070
f 3249//3164 3248//3163 3154//3075
f 3249//3164 3154//3075 3157//3078
f 3248//3163 3250//3165 3155//3076
f 3248//3163 3155//3076 3154//3075
f 3251//3166 3252//3167 3165//3085
f 3251//3166 3165//3085 3164//3084
f 3252//3167 3253//3168 3170//3090
f 3252//3167 3170//3090 3165//3085
f 3253//3168 3254//3169 3175//3095
f 3253//3168 3175//3095 3170//3090
f 3254//3169 3255//3170 3180//3100
f 3254//3169 3180//3100 3175//3095
f 3255//3170 3256//3171 3185//3105
f 3255//3170 3185//3105 3180//3100
f 3256//3171 3257//3172 3190//3110
f 3256//3171 3190//3110 3185//3105
f 3257//3172 3258//3173 3195//3115
f 3257//3172 3195//3115 3190//3110
f 3258//3173 3259//3174 3200//3119
f 3258//3173 3200//3119 3195//3115
f 3259//3174 3260//3175 3205//3124
f 3259//3174 3205//3124 3200//3119
f 3260//3175 3261//3176 3210//3128
f 3260//3175 3210//3128 3205//3124
f 3261//3176 3262//3177 3215//3133
f 3261//3176 3215//3133 3210//3128
f 3262//3177 3263//3178 3220//3138
f 3262//3177 3220//3138 3215//3133
f 3263//3178 3264//3179 3225//3142
f 3263//3178 3225//3142 3220//3138
f 3264//3179 3265//3180 3230//3146
f 3264//3179 3230//3146 3225//3142
f 3265//3180 3266//3181 3235//3151
f 3265//3180 3235//3151 3230//3146
f 3266//3181 3267//3182 3240//3155
f 3266//3181 3240//3155 3235//3151
f 3267//3182 3268//3183 3245//3160
f 3267//3182 3245//3160 3240//3155
f 3268//3183 3269//3184 3250//3165
f 3268//3183 3250//3165 3245//3160
f 3269//3184 3270//3185 3155//3076
f 3269//3184 3155//3076 3250//3165
f 3270//3185 3271//3186 3152//3073
f 3270//3185 3152//3073 3155//3076
f 653//653 3272//3187 3273//3188
f 653//653 3273//3188 672//672
f 3274//3189 3271//3186 3270//3185
f 3274//3189 3270//3185 3275//3190
f 3251//3166 3276//3189 3277//3191
f 3251//3166 3277//3191 3252//3167
f 3272//3187 653//653 652//652
f 3272//3187 652//652 3278//3192
f 3252//3167 3277//3191 3279//3193
f 3252//3167 3279//3193 3253//3168
f 3278//3192 652//652 655//655
f 3278//3192 655//655 3280//3194
f 3253//3168 3279//3193 3281//3195
f 3253//3168 3281//3195 3254//3169
f 3280//3194 655//655 656//656
f 3280//3194 656//656 3282//3196
f 3254//3169 3281//3195 3283//3197
f 3254//3169 3283//3197 3255//3170
f 3282//3196 656//656 657//657
f 3282//3196 657//657 3284//3198
f 3255//3170 3283//3197 3285//3199
f 3255//3170 3285//3199 3256//3171
f 3284//3198 657//657 658//658
f 3284//3198 658//658 3286//3200
f 3256//3171 3285//3199 3287//3201
f 3256//3171 3287//3201 3257//3172
f 3286//3200 658//658 659//659
f 3286//3200 659//659 3288//3202
f 3257//3172 3287//3201 3289//3203
f 3257//3172 3289//3203 3258//3173
f 3288//3202 659//659 660//660
f 3288//3202 660//660 3290//3204
f 3258//3173 3289//3203 3291//3205
f 3258//3173 3291//3205 3259//3174
f 3290//3204 660//660 661//661
f 3290//3204 661//661 3292//3206
f 3259//3174 3291//3205 3293//3207
f 3259//3174 3293//3207 3260//3175
f 3292//3206 661//661 662//662
f 3292//3206 662//662 3294//3208
f 3260//3175 3293//3207 3295//3209
f 3260//3175 3295//3209 3261//3176
f 3294//3208 662//662 663//663
f 3294//3208 663//663 3296//3210
f 3261//3176 3295//3209 3297//3211
f 3261//3176 3297//3211 3262//3177
f 3296//3210 663//663 664//664
f 3296//3210 664//664 3298//3212
f 3262//3177 3297//3211 3299//3213
f 3262//3177 3299//3213 3263//3178
f 3298//3212 664//664 665//665
f 3298//3212 665//665 3300//3214
f 3263//3178 3299//3213 3301//3215
f 3263//3178 3301//3215 3264//3179
f 3300//3214 665//665 666//666
f 3300//3214 666//666 3302//3216
f 3264//3179 3301//3215 3303//3217
f 3264//3179 3303//3217 3265//3180
f 3302//3216 666//666 667//667
f 3302//3216 667//667 3304//3218
f 3265//3180 3303//3217 3305//3219
f 3265//3180 3305//3219 3266//3181
f 3304//3218 667//667 668//668
f 3304//3218 668//668 3306//3220
f 3266//3181 3305//3219 3307//3221
f 3266//3181 3307//3221 3267//3182
f 3306//3220 668//668 669//669
f 3306//3220 669//669 3308//3222
f 3267//3182 3307//3221 3309//3223
f 3267//3182 3309//3223 3268//3183
f 3308//3222 669//669 670//670
f 3308//3222 670//670 3310//3224
f 3268//3183 3309//3223 3311//3225
f 3268//3183 3311//3225 3269//3184
f 3310//3224 670//670 671//671
f 3310//3224 671//671 3312//3226
f 3269//3184 3311//3225 3275//3190
f 3269//3184 3275//3190 3270//3185
f 3312//3226 671//671 672//672
f 3312//3226 672//672 3273//3188
