# Blender 5.1.2
# www.blender.org
mtllib coral_7.mtl
o pCylinder35_ParlakVersiyon_0
v -0.255519 0.553817 0.018246
v -0.269123 0.550730 0.031746
v -0.207776 0.487383 0.065125
v -0.277906 0.548280 0.048885
v -0.281008 0.546707 0.067985
v -0.278124 0.546165 0.087175
v -0.269538 0.546707 0.104578
v -0.256090 0.548280 0.118490
v -0.239095 0.550730 0.127549
v -0.220219 0.553817 0.130869
v -0.201307 0.557239 0.128124
v -0.184213 0.560661 0.119583
v -0.170608 0.563748 0.106082
v -0.161825 0.566197 0.088944
v -0.158724 0.567770 0.069844
v -0.161607 0.568312 0.050654
v -0.170193 0.567770 0.033251
v -0.183642 0.566197 0.019339
v -0.200636 0.563748 0.010280
v -0.219513 0.560661 0.006960
v -0.238424 0.557239 0.009705
v -0.157058 -0.038652 0.007124
v -0.146170 -0.036182 -0.003681
v -0.117635 -0.033443 0.036871
v -0.164088 -0.040613 0.020841
v -0.166570 -0.041872 0.036127
v -0.164262 -0.042306 0.051486
v -0.157390 -0.041872 0.065415
v -0.146627 -0.040613 0.076549
v -0.133025 -0.038652 0.083799
v -0.117917 -0.036182 0.086456
v -0.102782 -0.033443 0.084259
v -0.089100 -0.030704 0.077424
v -0.078212 -0.028234 0.066619
v -0.071182 -0.026273 0.052902
v -0.068700 -0.025014 0.037616
v -0.071008 -0.024580 0.022257
v -0.077880 -0.025014 0.008328
v -0.088643 -0.026273 -0.002806
v -0.102245 -0.028234 -0.010057
v -0.117353 -0.030704 -0.012714
v -0.132488 -0.033443 -0.010517
v 0.288448 0.766241 -0.323886
v 0.275686 0.773753 -0.312002
v 0.286217 0.672566 -0.251900
v 0.267389 0.780441 -0.296288
v 0.264369 0.785653 -0.278280
v 0.266922 0.788876 -0.259744
v 0.274799 0.789796 -0.242491
v 0.287228 0.788323 -0.228212
v 0.302992 0.784601 -0.218305
v 0.320549 0.778993 -0.213738
v 0.338179 0.772050 -0.214959
v 0.354157 0.764451 -0.221849
v 0.366920 0.756939 -0.233733
v 0.375217 0.750250 -0.249447
v 0.378236 0.745039 -0.267454
v 0.375683 0.741815 -0.285991
v 0.367806 0.740895 -0.303243
v 0.355377 0.742369 -0.317522
v 0.339613 0.746091 -0.327430
v 0.322057 0.751698 -0.331997
v 0.304426 0.758641 -0.330775
v -0.000467 -0.014604 -0.117355
v 0.006600 -0.018764 -0.123937
v 0.024627 -0.019172 -0.095577
v -0.005062 -0.010900 -0.108653
v -0.006734 -0.008014 -0.098680
v -0.005320 -0.006229 -0.088415
v -0.000958 -0.005719 -0.078861
v 0.005925 -0.006535 -0.070953
v 0.014655 -0.008597 -0.065466
v 0.024378 -0.011702 -0.062937
v 0.034141 -0.015547 -0.063613
v 0.042990 -0.019756 -0.067429
v 0.050058 -0.023916 -0.074010
v 0.054653 -0.027620 -0.082713
v 0.056325 -0.030506 -0.092685
v 0.054911 -0.032291 -0.102951
v 0.050549 -0.032801 -0.112505
v 0.043666 -0.031985 -0.120412
v 0.034936 -0.029923 -0.125899
v 0.025213 -0.026818 -0.128428
v 0.015449 -0.022973 -0.127752
v 0.123981 0.521163 -0.476246
v 0.110676 0.530917 -0.464301
v 0.135400 0.464050 -0.399525
v 0.102239 0.540226 -0.448270
v 0.099498 0.548179 -0.429720
v 0.102719 0.553998 -0.410469
v 0.111589 0.557113 -0.392401
v 0.125238 0.557219 -0.377283
v 0.142331 0.554306 -0.366597
v 0.161194 0.548659 -0.361388
v 0.179981 0.540830 -0.362166
v 0.196853 0.531587 -0.368854
v 0.210158 0.521833 -0.380799
v 0.218594 0.512524 -0.396831
v 0.221336 0.504571 -0.415380
v 0.218114 0.498752 -0.434631
v 0.209245 0.495637 -0.452699
v 0.195596 0.495531 -0.467817
v 0.178503 0.498444 -0.478503
v 0.159640 0.504091 -0.483712
v 0.140853 0.511920 -0.482935
v -0.090933 0.003010 -0.261274
v -0.080284 -0.004796 -0.270834
v -0.051123 -0.000625 -0.227858
v -0.097685 0.010461 -0.248443
v -0.099879 0.016826 -0.233597
v -0.097301 0.021483 -0.218189
v -0.090202 0.023976 -0.203728
v -0.079278 0.024061 -0.191629
v -0.065598 0.021730 -0.183076
v -0.050501 0.017210 -0.178907
v -0.035465 0.010944 -0.179530
v -0.021961 0.003546 -0.184883
v -0.011312 -0.004260 -0.194443
v -0.004560 -0.011711 -0.207274
v -0.002366 -0.018076 -0.222119
v -0.004945 -0.022733 -0.237527
v -0.012043 -0.025226 -0.251988
v -0.022967 -0.025311 -0.264087
v -0.036648 -0.022979 -0.272640
v -0.051745 -0.018460 -0.276809
v -0.066781 -0.012194 -0.276187
v -0.096365 0.520868 -0.551675
v -0.110423 0.516222 -0.564231
v -0.148764 0.472385 -0.490077
v -0.127921 0.513674 -0.572244
v -0.147147 0.513475 -0.574927
v -0.166219 0.515643 -0.572020
v -0.183269 0.519967 -0.563806
v -0.196629 0.526022 -0.551089
v -0.204991 0.533218 -0.535114
v -0.207537 0.540848 -0.517446
v -0.204016 0.548167 -0.499813
v -0.194775 0.554457 -0.483941
v -0.180717 0.559103 -0.471385
v -0.163219 0.561651 -0.463372
v -0.143993 0.561850 -0.460689
v -0.124921 0.559682 -0.463596
v -0.107871 0.555359 -0.471810
v -0.094511 0.549303 -0.484527
v -0.086149 0.542108 -0.500502
v -0.083603 0.534477 -0.518170
v -0.087124 0.527159 -0.535803
v -0.144444 -0.031467 -0.320479
v -0.133193 -0.027749 -0.310429
v -0.172574 -0.014307 -0.283324
v -0.158449 -0.033506 -0.326891
v -0.173837 -0.033666 -0.329039
v -0.189101 -0.031931 -0.326712
v -0.202747 -0.028470 -0.320138
v -0.213439 -0.023623 -0.309960
v -0.220132 -0.017865 -0.297175
v -0.222169 -0.011758 -0.283034
v -0.219352 -0.005900 -0.268921
v -0.211955 -0.000866 -0.256219
v -0.200704 0.002853 -0.246169
v -0.186699 0.004892 -0.239757
v -0.171312 0.005051 -0.237609
v -0.156048 0.003316 -0.239936
v -0.142402 -0.000144 -0.246510
v -0.131709 -0.004991 -0.256688
v -0.125017 -0.010750 -0.269473
v -0.122979 -0.016857 -0.283614
v -0.125797 -0.022714 -0.297726
v -0.332045 0.534319 0.326513
v -0.342658 0.528277 0.333608
v -0.290921 0.462323 0.340778
v -0.350140 0.522005 0.343813
v -0.353759 0.516117 0.356130
v -0.353161 0.511188 0.369352
v -0.348405 0.507701 0.382185
v -0.339955 0.505998 0.393373
v -0.328640 0.506245 0.401820
v -0.315566 0.508418 0.406701
v -0.302014 0.512305 0.407537
v -0.289310 0.517524 0.404247
v -0.278697 0.523566 0.397152
v -0.271215 0.529838 0.386946
v -0.267596 0.535726 0.374630
v -0.268194 0.540655 0.361408
v -0.272950 0.544142 0.348575
v -0.281400 0.545845 0.337387
v -0.292715 0.545598 0.328939
v -0.305789 0.543425 0.324059
v -0.319341 0.539538 0.323222
v -0.169216 -0.009965 0.131922
v -0.160722 -0.005129 0.126243
v -0.143621 -0.011850 0.157350
v -0.175205 -0.014985 0.140090
v -0.178101 -0.019698 0.149947
v -0.177623 -0.023642 0.160529
v -0.173816 -0.026433 0.170800
v -0.167053 -0.027796 0.179754
v -0.157997 -0.027598 0.186515
v -0.147534 -0.025859 0.190422
v -0.136687 -0.022748 0.191091
v -0.126519 -0.018571 0.188457
v -0.118026 -0.013736 0.182779
v -0.112037 -0.008716 0.174611
v -0.109141 -0.004003 0.164754
v -0.109619 -0.000058 0.154172
v -0.113426 0.002732 0.143901
v -0.120189 0.004096 0.134947
v -0.129245 0.003898 0.128185
v -0.139708 0.002158 0.124279
v -0.150555 -0.000952 0.123610
v -0.587671 0.295217 -0.220313
v -0.603427 0.289908 -0.202289
v -0.527054 0.290250 -0.152109
v -0.613995 0.288531 -0.180204
v -0.618340 0.291220 -0.156221
v -0.616038 0.297713 -0.132686
v -0.607313 0.307374 -0.111905
v -0.593019 0.319257 -0.095911
v -0.574557 0.332199 -0.086270
v -0.553732 0.344933 -0.083925
v -0.532584 0.356213 -0.089106
v -0.513183 0.364934 -0.101306
v -0.497427 0.370243 -0.119331
v -0.486860 0.371620 -0.141416
v -0.482514 0.368930 -0.165399
v -0.484817 0.362437 -0.188933
v -0.493542 0.352777 -0.209714
v -0.507835 0.340894 -0.225708
v -0.526298 0.327952 -0.235349
v -0.547122 0.315218 -0.237694
v -0.568270 0.303938 -0.232513
v -0.395208 -0.038824 -0.120435
v -0.382598 -0.034575 -0.134860
v -0.352790 -0.006676 -0.087237
v -0.403666 -0.039926 -0.102759
v -0.407144 -0.037774 -0.083564
v -0.405301 -0.032577 -0.064729
v -0.398318 -0.024845 -0.048096
v -0.386878 -0.015335 -0.035296
v -0.372102 -0.004977 -0.027579
v -0.355435 0.005215 -0.025702
v -0.338509 0.014243 -0.029849
v -0.322982 0.021223 -0.039613
v -0.310372 0.025472 -0.054039
v -0.301914 0.026574 -0.071715
v -0.298436 0.024421 -0.090910
v -0.300279 0.019224 -0.109745
v -0.307262 0.011492 -0.126377
v -0.318701 0.001982 -0.139178
v -0.333478 -0.008376 -0.146895
v -0.350145 -0.018568 -0.148771
v -0.367070 -0.027595 -0.144625
v -0.556031 0.580859 0.114894
v -0.571593 0.571824 0.122180
v -0.504953 0.511037 0.163271
v -0.583993 0.563525 0.134600
v -0.592017 0.556775 0.150937
v -0.594881 0.552234 0.169593
v -0.592304 0.550346 0.188742
v -0.584538 0.551298 0.206509
v -0.572343 0.554994 0.221155
v -0.556914 0.561075 0.231246
v -0.539759 0.568943 0.235795
v -0.522559 0.577830 0.234356
v -0.506998 0.586865 0.227070
v -0.494598 0.595164 0.214650
v -0.486573 0.601914 0.198313
v -0.483709 0.606455 0.179657
v -0.486286 0.608342 0.160508
v -0.494052 0.607391 0.142741
v -0.506247 0.603694 0.128095
v -0.521677 0.597614 0.118004
v -0.538831 0.589746 0.113455
v -0.274754 -0.004259 0.036644
v -0.262299 0.002972 0.030812
v -0.248904 0.001760 0.078618
v -0.284678 -0.010901 0.046584
v -0.291101 -0.016304 0.059659
v -0.293393 -0.019938 0.074591
v -0.291330 -0.021449 0.089917
v -0.285115 -0.020687 0.104136
v -0.275355 -0.017729 0.115858
v -0.263005 -0.012862 0.123935
v -0.249276 -0.006565 0.127575
v -0.235510 0.000548 0.126423
v -0.223055 0.007779 0.120592
v -0.213131 0.014421 0.110652
v -0.206708 0.019823 0.097576
v -0.204416 0.023458 0.082645
v -0.206479 0.024968 0.067319
v -0.212694 0.024207 0.053099
v -0.222454 0.021248 0.041378
v -0.234804 0.016382 0.033301
v -0.248533 0.010084 0.029661
v -0.037226 1.006786 -0.076358
v -0.056951 1.007700 -0.057029
v 0.009619 0.884402 -0.003015
v -0.069739 1.008425 -0.032544
v -0.074337 1.008891 -0.005301
v -0.070296 1.009051 0.022034
v -0.058012 1.008891 0.046784
v -0.038686 1.008425 0.066529
v -0.014210 1.007700 0.079333
v 0.013020 1.006786 0.083945
v 0.040337 1.005772 0.079913
v 0.065069 1.004759 0.067631
v 0.084795 1.003845 0.048301
v 0.097582 1.003120 0.023817
v 0.102181 1.002654 -0.003426
v 0.098140 1.002494 -0.030761
v 0.085855 1.002654 -0.055512
v 0.066529 1.003120 -0.075256
v 0.042053 1.003845 -0.088061
v 0.014824 1.004759 -0.092672
v -0.012494 1.005772 -0.088640
v -0.061109 -0.019455 -0.021682
v -0.050351 -0.019954 -0.032224
v -0.022458 -0.020506 0.007039
v -0.068083 -0.019060 -0.008329
v -0.070591 -0.018806 0.006528
v -0.068387 -0.018718 0.021435
v -0.061687 -0.018806 0.034933
v -0.051148 -0.019060 0.045701
v -0.037799 -0.019455 0.052684
v -0.022950 -0.019954 0.055199
v -0.008052 -0.020506 0.053000
v 0.005436 -0.021059 0.046302
v 0.016193 -0.021557 0.035760
v 0.023167 -0.021953 0.022408
v 0.025675 -0.022207 0.007550
v 0.023472 -0.022294 -0.007357
v 0.016772 -0.022207 -0.020855
v 0.006232 -0.021953 -0.031623
v -0.007116 -0.021557 -0.038606
v -0.021966 -0.021059 -0.041121
v -0.036864 -0.020506 -0.038922
v -0.466218 0.735770 -0.067798
v -0.482441 0.730226 -0.051439
v -0.399462 0.650793 -0.013231
v -0.492858 0.725827 -0.030613
v -0.496449 0.723002 -0.007361
v -0.492862 0.722029 0.016043
v -0.482448 0.723002 0.037308
v -0.466227 0.725827 0.054351
v -0.445787 0.730226 0.065504
v -0.423128 0.735770 0.069677
v -0.400469 0.741915 0.066459
v -0.380027 0.748061 0.056167
v -0.363804 0.753604 0.039808
v -0.353387 0.758004 0.018982
v -0.349796 0.760829 -0.004270
v -0.353383 0.761802 -0.027674
v -0.363797 0.760829 -0.048939
v -0.380018 0.758004 -0.065982
v -0.400458 0.753604 -0.077135
v -0.423117 0.748061 -0.081308
v -0.445776 0.741915 -0.078090
v -0.250448 -0.034007 -0.089357
v -0.243016 -0.031468 -0.096851
v -0.223060 -0.028592 -0.068523
v -0.255220 -0.036023 -0.079816
v -0.256865 -0.037317 -0.069164
v -0.255221 -0.037763 -0.058442
v -0.250451 -0.037317 -0.048701
v -0.243020 -0.036023 -0.040893
v -0.233656 -0.034007 -0.035783
v -0.223276 -0.031468 -0.033872
v -0.212895 -0.028652 -0.035346
v -0.203530 -0.025837 -0.040061
v -0.196098 -0.023297 -0.047555
v -0.191326 -0.021282 -0.057096
v -0.189681 -0.019988 -0.067748
v -0.191325 -0.019542 -0.078470
v -0.196095 -0.019988 -0.088211
v -0.203526 -0.021282 -0.096019
v -0.212890 -0.023297 -0.101129
v -0.223270 -0.025837 -0.103040
v -0.233651 -0.028652 -0.101566
v -0.322134 0.789523 -0.382077
v -0.337281 0.791225 -0.367854
v -0.278271 0.706104 -0.310106
v -0.347281 0.794006 -0.349774
v -0.351154 0.797594 -0.329606
v -0.348521 0.801638 -0.309325
v -0.339641 0.805743 -0.290916
v -0.325382 0.809506 -0.276180
v -0.307140 0.812560 -0.266561
v -0.286702 0.814605 -0.263000
v -0.266066 0.815440 -0.265845
v -0.247254 0.814985 -0.274818
v -0.232107 0.813284 -0.289041
v -0.222108 0.810503 -0.307121
v -0.218235 0.806915 -0.327288
v -0.220867 0.802870 -0.347569
v -0.229748 0.798765 -0.365979
v -0.244006 0.795002 -0.380714
v -0.262248 0.791949 -0.390333
v -0.282687 0.789904 -0.393895
v -0.303322 0.789068 -0.391050
v -0.272473 -0.019595 -0.204900
v -0.260350 -0.020956 -0.216283
v -0.230385 -0.010767 -0.173361
v -0.280476 -0.017369 -0.190430
v -0.283576 -0.014497 -0.174289
v -0.281469 -0.011260 -0.158057
v -0.274362 -0.007975 -0.143323
v -0.262950 -0.004963 -0.131529
v -0.248350 -0.002519 -0.123831
v -0.231992 -0.000883 -0.120980
v -0.215476 -0.000214 -0.123257
v -0.200420 -0.000578 -0.130439
v -0.188297 -0.001940 -0.141822
v -0.180294 -0.004165 -0.156292
v -0.177195 -0.007037 -0.172434
v -0.179301 -0.010274 -0.188666
v -0.186409 -0.013559 -0.203399
v -0.197821 -0.016571 -0.215193
v -0.212421 -0.019015 -0.222892
v -0.228779 -0.020652 -0.225742
v -0.245294 -0.021320 -0.223465
v -0.137458 0.694532 -0.230502
v -0.148605 0.696144 -0.220167
v -0.112561 0.612762 -0.179592
v -0.155977 0.698009 -0.206906
v -0.158852 0.699944 -0.192018
v -0.156950 0.701760 -0.176960
v -0.150455 0.703280 -0.163205
v -0.140005 0.704354 -0.152101
v -0.126621 0.704877 -0.144734
v -0.111614 0.704799 -0.141826
v -0.096454 0.704126 -0.143660
v -0.082623 0.702925 -0.150058
v -0.071476 0.701313 -0.160393
v -0.064104 0.699449 -0.173653
v -0.061228 0.697513 -0.188542
v -0.063131 0.695697 -0.203600
v -0.069625 0.694177 -0.217354
v -0.080075 0.693103 -0.228458
v -0.093459 0.692580 -0.235825
v -0.108466 0.692658 -0.238734
v -0.123627 0.693331 -0.236899
v -0.162221 -0.030247 -0.123828
v -0.153299 -0.031537 -0.132099
v -0.131356 -0.028178 -0.099908
v -0.168121 -0.028754 -0.113215
v -0.170422 -0.027205 -0.101299
v -0.168900 -0.025752 -0.089247
v -0.163702 -0.024535 -0.078239
v -0.155338 -0.023676 -0.069352
v -0.144626 -0.023257 -0.063456
v -0.132616 -0.023320 -0.061128
v -0.120482 -0.023858 -0.062596
v -0.109412 -0.024819 -0.067716
v -0.100491 -0.026109 -0.075988
v -0.094590 -0.027602 -0.086601
v -0.092289 -0.029150 -0.098517
v -0.093812 -0.030604 -0.110568
v -0.099009 -0.031820 -0.121577
v -0.107373 -0.032680 -0.130464
v -0.118085 -0.033099 -0.136360
v -0.130096 -0.033036 -0.138688
v -0.142230 -0.032498 -0.137220
v 0.054712 0.537923 0.508223
v 0.038932 0.533186 0.518491
v 0.073390 0.445610 0.512699
v 0.027346 0.525577 0.532083
v 0.021088 0.515839 0.547669
v 0.020771 0.504927 0.563721
v 0.026426 0.493907 0.578671
v 0.037499 0.483860 0.591053
v 0.052906 0.475768 0.599656
v 0.071140 0.470423 0.603637
v 0.090414 0.468349 0.602608
v 0.108844 0.469748 0.596668
v 0.124624 0.474485 0.586400
v 0.136210 0.482094 0.572808
v 0.142467 0.491832 0.557222
v 0.142784 0.502744 0.541170
v 0.137130 0.513764 0.526221
v 0.126057 0.523811 0.513839
v 0.110649 0.531903 0.505236
v 0.092416 0.537248 0.501254
v 0.073141 0.539322 0.502283
v -0.023441 0.034988 0.189183
v -0.010811 0.038778 0.180965
v 0.010851 0.011497 0.216358
v -0.032713 0.028897 0.200061
v -0.037722 0.021104 0.212535
v -0.037975 0.012370 0.225383
v -0.033450 0.003551 0.237347
v -0.024587 -0.004491 0.247257
v -0.012256 -0.010967 0.254143
v 0.002337 -0.015245 0.257329
v 0.017764 -0.016905 0.256505
v 0.032513 -0.015785 0.251752
v 0.045143 -0.011994 0.243533
v 0.054416 -0.005904 0.232655
v 0.059424 0.001889 0.220181
v 0.059678 0.010623 0.207334
v 0.055152 0.019443 0.195369
v 0.046290 0.027484 0.185459
v 0.033958 0.033961 0.178574
v 0.019365 0.038238 0.175387
v 0.003939 0.039898 0.176211
v 0.438503 0.792580 0.037709
v 0.431888 0.794544 0.050858
v 0.424653 0.680555 0.055859
v 0.429147 0.794391 0.065451
v 0.430550 0.792136 0.080061
v 0.435959 0.788000 0.093258
v 0.444844 0.782387 0.103749
v 0.456335 0.775847 0.110507
v 0.469309 0.769021 0.112872
v 0.482494 0.762576 0.110611
v 0.494601 0.757143 0.103946
v 0.504444 0.753254 0.093530
v 0.511059 0.751291 0.080381
v 0.513799 0.751444 0.065787
v 0.512397 0.753699 0.051177
v 0.506988 0.757835 0.037981
v 0.498103 0.763448 0.027490
v 0.486611 0.769987 0.020732
v 0.473638 0.776814 0.018367
v 0.460452 0.783259 0.020628
v 0.448346 0.788692 0.027293
v 0.057328 0.001879 -0.023593
v 0.060359 0.000979 -0.029616
v 0.075571 -0.008075 -0.016915
v 0.056073 0.001809 -0.016907
v 0.056715 0.000776 -0.010214
v 0.059193 -0.001119 -0.004169
v 0.063263 -0.003690 0.000637
v 0.068528 -0.006686 0.003733
v 0.074471 -0.009814 0.004816
v 0.080512 -0.012766 0.003781
v 0.086058 -0.015255 0.000728
v 0.090567 -0.017036 -0.004044
v 0.093598 -0.017936 -0.010068
v 0.094853 -0.017866 -0.016753
v 0.094210 -0.016833 -0.023446
v 0.091733 -0.014938 -0.029492
v 0.087662 -0.012367 -0.034298
v 0.082398 -0.009371 -0.037394
v 0.076454 -0.006244 -0.038477
v 0.070414 -0.003291 -0.037442
v 0.064868 -0.000802 -0.034388
v -0.604188 0.546493 -0.538881
v -0.617742 0.544597 -0.528212
v -0.553138 0.505392 -0.467218
v -0.628020 0.545525 -0.514260
v -0.634016 0.549186 -0.498392
v -0.635143 0.555221 -0.482160
v -0.631289 0.563040 -0.467155
v -0.622834 0.571877 -0.454844
v -0.610604 0.580868 -0.446432
v -0.595797 0.589131 -0.442744
v -0.579861 0.595859 -0.444139
v -0.564358 0.600392 -0.450482
v -0.550804 0.602287 -0.461152
v -0.540526 0.601359 -0.475103
v -0.534530 0.597698 -0.490972
v -0.533403 0.591663 -0.507203
v -0.537256 0.583844 -0.522209
v -0.545712 0.575007 -0.534520
v -0.557942 0.566017 -0.542931
v -0.572749 0.557754 -0.546620
v -0.588684 0.551026 -0.545224
v -0.347791 -0.025062 -0.289292
v -0.336943 -0.023545 -0.297831
v -0.321004 -0.001976 -0.262456
v -0.356017 -0.024319 -0.278126
v -0.360816 -0.021390 -0.265425
v -0.361717 -0.016559 -0.252435
v -0.358634 -0.010302 -0.240425
v -0.351867 -0.003229 -0.230572
v -0.342078 0.003966 -0.223840
v -0.330227 0.010580 -0.220888
v -0.317473 0.015965 -0.222004
v -0.305065 0.019593 -0.227081
v -0.294217 0.021110 -0.235620
v -0.285991 0.020367 -0.246787
v -0.281192 0.017437 -0.259487
v -0.280291 0.012607 -0.272477
v -0.283374 0.006349 -0.284487
v -0.290142 -0.000724 -0.294340
v -0.299930 -0.007919 -0.301072
v -0.311781 -0.014532 -0.304025
v -0.324535 -0.019917 -0.302908
v 0.202871 0.565462 0.169504
v 0.187519 0.566893 0.182811
v 0.212732 0.476864 0.205994
v 0.176635 0.565967 0.200002
v 0.171286 0.562777 0.219394
v 0.171995 0.557632 0.239089
v 0.178693 0.551039 0.257158
v 0.190724 0.543640 0.271834
v 0.206910 0.536162 0.281679
v 0.225668 0.529335 0.285729
v 0.245160 0.523829 0.283589
v 0.263479 0.520182 0.275468
v 0.278831 0.518751 0.262160
v 0.289715 0.519676 0.244969
v 0.295064 0.522867 0.225577
v 0.294355 0.528011 0.205883
v 0.287657 0.534605 0.187813
v 0.275626 0.542003 0.173138
v 0.259440 0.549482 0.163293
v 0.240682 0.556308 0.159242
v 0.221190 0.561814 0.161382
v 0.023773 0.004364 0.051281
v 0.036060 0.003218 0.040631
v 0.060314 -0.014902 0.083035
v 0.015062 0.003623 0.065040
v 0.010781 0.001069 0.080561
v 0.011349 -0.003048 0.096323
v 0.016709 -0.008325 0.110785
v 0.026338 -0.014246 0.122530
v 0.039293 -0.020232 0.130410
v 0.054305 -0.025695 0.133652
v 0.069906 -0.030102 0.131939
v 0.084567 -0.033021 0.125439
v 0.096855 -0.034167 0.114788
v 0.105565 -0.033426 0.101029
v 0.109846 -0.030872 0.085509
v 0.109279 -0.026755 0.069746
v 0.103918 -0.021478 0.055285
v 0.094289 -0.015557 0.043539
v 0.081335 -0.009571 0.035660
v 0.066322 -0.004108 0.032418
v 0.050722 0.000299 0.034131
v -0.030483 0.757634 0.379616
v -0.012529 0.751695 0.393897
v 0.017845 0.673179 0.303400
v 0.009278 0.747202 0.402011
v 0.032803 0.744595 0.403164
v 0.055744 0.744130 0.397243
v 0.075855 0.745851 0.384827
v 0.091167 0.749591 0.367133
v 0.100182 0.754983 0.345891
v 0.102018 0.761500 0.323181
v 0.096493 0.768503 0.301227
v 0.084150 0.775307 0.282177
v 0.066196 0.781246 0.267895
v 0.044390 0.785739 0.259781
v 0.020864 0.788346 0.258628
v -0.002077 0.788811 0.264549
v -0.022187 0.787089 0.276965
v -0.037500 0.783350 0.294659
v -0.046515 0.777958 0.315901
v -0.048350 0.771441 0.338611
v -0.042826 0.764438 0.360565
v -0.067120 -0.029210 0.127459
v -0.075345 -0.026489 0.120917
v -0.049176 -0.022373 0.098395
v -0.057130 -0.031268 0.131176
v -0.046353 -0.032462 0.131705
v -0.035844 -0.032676 0.128992
v -0.026630 -0.031887 0.123304
v -0.019616 -0.030174 0.115198
v -0.015486 -0.027703 0.105467
v -0.014645 -0.024718 0.095063
v -0.017176 -0.021510 0.085006
v -0.022830 -0.018393 0.076279
v -0.031055 -0.015672 0.069736
v -0.041045 -0.013614 0.066019
v -0.051822 -0.012420 0.065491
v -0.062332 -0.012207 0.068203
v -0.071545 -0.012995 0.073891
v -0.078560 -0.014708 0.081997
v -0.082690 -0.017179 0.091728
v -0.083530 -0.020164 0.102132
v -0.081000 -0.023372 0.112190
v -0.260751 0.554090 0.011040
v -0.241211 0.558001 0.001277
v -0.265291 0.551053 0.003820
v -0.243362 0.555443 -0.007136
v -0.268414 0.538586 -0.004213
v -0.268065 0.545435 -0.001704
v -0.244369 0.550178 -0.013543
v -0.243995 0.543475 -0.016413
v -0.265291 0.551053 0.003820
v -0.243362 0.555443 -0.007136
v -0.276301 0.550561 0.026471
v -0.282743 0.547093 0.021138
v -0.265291 0.551053 0.003820
v -0.268065 0.545435 -0.001704
v -0.286924 0.541156 0.017010
v -0.282743 0.547093 0.021138
v -0.268414 0.538586 -0.004213
v -0.287849 0.534177 0.015073
v -0.286341 0.547761 0.046062
v -0.294009 0.543951 0.043124
v -0.299098 0.537760 0.040767
v -0.294009 0.543951 0.043124
v -0.300395 0.530677 0.039556
v -0.289886 0.545963 0.067893
v -0.297988 0.541933 0.067624
v -0.303398 0.535580 0.067242
v -0.297988 0.541933 0.067624
v -0.304826 0.528430 0.066839
v -0.286590 0.545344 0.089828
v -0.294289 0.541238 0.092242
v -0.299401 0.534828 0.093844
v -0.294289 0.541238 0.092242
v -0.300707 0.527656 0.094253
v -0.276775 0.545963 0.109721
v -0.283275 0.541933 0.114566
v -0.287499 0.535580 0.117967
v -0.283275 0.541933 0.114566
v -0.288441 0.528430 0.119113
v -0.261403 0.547761 0.125622
v -0.266023 0.543951 0.132412
v -0.268856 0.537760 0.137252
v -0.266023 0.543951 0.132412
v -0.269230 0.530677 0.138987
v -0.241978 0.550561 0.135977
v -0.244223 0.547093 0.144033
v -0.245299 0.541156 0.149809
v -0.244223 0.547093 0.144033
v -0.244953 0.534177 0.151928
v -0.220401 0.554090 0.139772
v -0.220008 0.551053 0.148292
v -0.219133 0.545435 0.154411
v -0.220008 0.551053 0.148292
v -0.217988 0.538586 0.156670
v -0.198785 0.558001 0.136634
v -0.195748 0.555443 0.144770
v -0.192919 0.550178 0.150606
v -0.195748 0.555443 0.144770
v -0.190973 0.543475 0.152749
v -0.179245 0.561913 0.126872
v -0.173819 0.559833 0.133814
v -0.169222 0.554922 0.138767
v -0.173819 0.559833 0.133814
v -0.166553 0.548363 0.140548
v -0.163694 0.565441 0.111440
v -0.156367 0.563793 0.116496
v -0.150364 0.559201 0.120053
v -0.156367 0.563793 0.116496
v -0.147118 0.552773 0.121263
v -0.153655 0.568241 0.091850
v -0.145101 0.566935 0.094510
v -0.138189 0.562597 0.096295
v -0.145101 0.566935 0.094510
v -0.134572 0.556272 0.096780
v -0.150110 0.570039 0.070019
v -0.141122 0.568953 0.070010
v -0.133890 0.564777 0.069820
v -0.141122 0.568953 0.070010
v -0.130141 0.558519 0.069496
v -0.153406 0.570659 0.048083
v -0.144821 0.569648 0.045392
v -0.137887 0.565528 0.043219
v -0.144821 0.569648 0.045392
v -0.134260 0.559293 0.042082
v -0.163220 0.570039 0.028191
v -0.155835 0.568953 0.023068
v -0.149789 0.564777 0.019096
v -0.155835 0.568953 0.023068
v -0.146526 0.558519 0.017222
v -0.178592 0.568241 0.012289
v -0.173087 0.566935 0.005222
v -0.168431 0.562597 -0.000189
v -0.173087 0.566935 0.005222
v -0.165737 0.556272 -0.002651
v -0.198018 0.565441 0.001934
v -0.194887 0.563793 -0.006399
v -0.191988 0.559201 -0.012746
v -0.194887 0.563793 -0.006399
v -0.190014 0.552773 -0.015592
v -0.219594 0.561913 -0.001860
v -0.219102 0.559833 -0.010658
v -0.218155 0.554922 -0.017348
v -0.219102 0.559833 -0.010658
v -0.216980 0.548363 -0.020334
v -0.150303 -0.031835 -0.008154
v -0.162461 -0.034593 0.003910
v -0.170309 -0.036782 0.019226
v -0.173081 -0.038188 0.036294
v -0.170504 -0.038672 0.053443
v -0.162831 -0.038188 0.068994
v -0.150813 -0.036782 0.081426
v -0.135627 -0.034593 0.089522
v -0.118758 -0.031835 0.092488
v -0.101858 -0.028777 0.090035
v -0.086582 -0.025719 0.082403
v -0.074425 -0.022960 0.070339
v -0.066576 -0.020771 0.055023
v -0.063804 -0.019365 0.037955
v -0.066381 -0.018881 0.020806
v -0.074054 -0.019365 0.005255
v -0.086072 -0.020771 -0.007177
v -0.101259 -0.022960 -0.015273
v -0.118127 -0.025719 -0.018239
v -0.135027 -0.028777 -0.015786
v -0.150303 -0.031835 -0.008154
v -0.148654 -0.034945 -0.006775
v -0.133902 -0.031992 -0.014146
v -0.148654 -0.034945 -0.006775
v -0.133902 -0.031992 -0.014146
v -0.148654 -0.034945 -0.006775
v -0.160394 -0.037609 0.004875
v -0.160394 -0.037609 0.004875
v -0.167974 -0.039723 0.019665
v -0.167974 -0.039723 0.019665
v -0.170650 -0.041081 0.036148
v -0.170650 -0.041081 0.036148
v -0.168162 -0.041548 0.052708
v -0.168162 -0.041548 0.052708
v -0.160752 -0.041081 0.067727
v -0.160752 -0.041081 0.067727
v -0.149146 -0.039723 0.079732
v -0.149146 -0.039723 0.079732
v -0.134481 -0.037609 0.087550
v -0.134481 -0.037609 0.087550
v -0.118191 -0.034945 0.090415
v -0.118191 -0.034945 0.090415
v -0.101871 -0.031992 0.088046
v -0.101871 -0.031992 0.088046
v -0.087119 -0.029039 0.080676
v -0.087119 -0.029039 0.080676
v -0.075378 -0.026375 0.069025
v -0.075378 -0.026375 0.069025
v -0.067799 -0.024261 0.054235
v -0.067799 -0.024261 0.054235
v -0.065122 -0.022904 0.037753
v -0.065122 -0.022904 0.037753
v -0.067610 -0.022436 0.021192
v -0.067610 -0.022436 0.021192
v -0.075020 -0.022904 0.006173
v -0.075020 -0.022904 0.006173
v -0.086626 -0.024261 -0.005832
v -0.086626 -0.024261 -0.005832
v -0.101292 -0.026375 -0.013650
v -0.101292 -0.026375 -0.013650
v -0.117582 -0.029039 -0.016515
v -0.117582 -0.029039 -0.016515
v 0.284131 0.767382 -0.331412
v 0.302395 0.758695 -0.339288
v 0.278255 0.764109 -0.337775
v 0.298752 0.754360 -0.346613
v 0.267456 0.748344 -0.341617
v 0.272214 0.757209 -0.341469
v 0.294363 0.746675 -0.351019
v 0.290282 0.737488 -0.351458
v 0.278255 0.764109 -0.337775
v 0.298752 0.754360 -0.346613
v 0.269543 0.775968 -0.317829
v 0.261883 0.773745 -0.322530
v 0.278255 0.764109 -0.337775
v 0.272214 0.757209 -0.341469
v 0.254523 0.767622 -0.324996
v 0.261883 0.773745 -0.322530
v 0.267456 0.748344 -0.341617
v 0.249225 0.759074 -0.324641
v 0.260060 0.783614 -0.299867
v 0.251240 0.782326 -0.302372
v 0.243022 0.776894 -0.303213
v 0.251240 0.782326 -0.302372
v 0.237373 0.768629 -0.302192
v 0.256608 0.789570 -0.279284
v 0.247366 0.789010 -0.279272
v 0.238837 0.784117 -0.278252
v 0.247366 0.789010 -0.279272
v 0.233059 0.776074 -0.276469
v 0.259527 0.793255 -0.258095
v 0.250642 0.793146 -0.255493
v 0.242376 0.788586 -0.252556
v 0.250642 0.793146 -0.255493
v 0.236707 0.780678 -0.249989
v 0.268530 0.794307 -0.238375
v 0.260746 0.794326 -0.233362
v 0.253294 0.789861 -0.228642
v 0.260746 0.794326 -0.233362
v 0.247959 0.781993 -0.225344
v 0.282737 0.792623 -0.222054
v 0.276690 0.792436 -0.215045
v 0.270523 0.787819 -0.208849
v 0.276690 0.792436 -0.215045
v 0.265713 0.779888 -0.204946
v 0.300756 0.788368 -0.210729
v 0.296912 0.787661 -0.202336
v 0.292375 0.782659 -0.195115
v 0.296912 0.787661 -0.202336
v 0.288233 0.774571 -0.190793
v 0.320824 0.781958 -0.205509
v 0.319433 0.780468 -0.196477
v 0.316711 0.774886 -0.188785
v 0.319433 0.780468 -0.196477
v 0.313312 0.766561 -0.184269
v 0.340976 0.774022 -0.206905
v 0.342050 0.771561 -0.198044
v 0.341150 0.765262 -0.190477
v 0.342050 0.771561 -0.198044
v 0.338497 0.756643 -0.186014
v 0.359240 0.765336 -0.214780
v 0.362547 0.761813 -0.206882
v 0.363299 0.754728 -0.200028
v 0.362547 0.761813 -0.206882
v 0.361323 0.745787 -0.195856
v 0.373828 0.756749 -0.228364
v 0.378918 0.752177 -0.222127
v 0.380990 0.744315 -0.216501
v 0.378918 0.752177 -0.222127
v 0.379554 0.735056 -0.212832
v 0.383312 0.749104 -0.246326
v 0.389562 0.743596 -0.242285
v 0.392491 0.735043 -0.238284
v 0.389562 0.743596 -0.242285
v 0.391406 0.725501 -0.235280
v 0.386763 0.743147 -0.266909
v 0.393435 0.736911 -0.265384
v 0.396676 0.727820 -0.263245
v 0.393435 0.736911 -0.265384
v 0.395720 0.718056 -0.261003
v 0.383844 0.739462 -0.288097
v 0.390159 0.732776 -0.289164
v 0.393137 0.723351 -0.288940
v 0.390159 0.732776 -0.289164
v 0.392072 0.713452 -0.287484
v 0.374841 0.738411 -0.307817
v 0.380055 0.731596 -0.311295
v 0.382218 0.722076 -0.312855
v 0.380055 0.731596 -0.311295
v 0.380820 0.712137 -0.312129
v 0.360635 0.740095 -0.324139
v 0.364112 0.733486 -0.329612
v 0.364990 0.724118 -0.332648
v 0.364112 0.733486 -0.329612
v 0.363066 0.714242 -0.332526
v 0.342615 0.744350 -0.335464
v 0.343890 0.738261 -0.342321
v 0.343138 0.729278 -0.346382
v 0.343890 0.738261 -0.342321
v 0.340547 0.719559 -0.346679
v 0.322548 0.750759 -0.340684
v 0.321368 0.745454 -0.348179
v 0.318802 0.737050 -0.352712
v 0.321368 0.745454 -0.348179
v 0.315467 0.727569 -0.353203
v 0.006824 -0.012509 -0.128630
v -0.001068 -0.007864 -0.121282
v -0.006198 -0.003728 -0.111565
v -0.008065 -0.000506 -0.100430
v -0.006486 0.001487 -0.088968
v -0.001616 0.002056 -0.078301
v 0.006069 0.001145 -0.069471
v 0.015817 -0.001156 -0.063345
v 0.026673 -0.004623 -0.060521
v 0.037574 -0.008917 -0.061276
v 0.047454 -0.013616 -0.065537
v 0.055346 -0.018261 -0.072885
v 0.060476 -0.022397 -0.082602
v 0.062343 -0.025619 -0.093736
v 0.060764 -0.027612 -0.105198
v 0.055894 -0.028181 -0.115866
v 0.048209 -0.027270 -0.124695
v 0.038461 -0.024968 -0.130822
v 0.027605 -0.021501 -0.133645
v 0.016704 -0.017208 -0.132890
v 0.006824 -0.012509 -0.128630
v 0.005906 -0.016798 -0.126583
v 0.015447 -0.021336 -0.130697
v 0.005906 -0.016798 -0.126583
v 0.015447 -0.021336 -0.130697
v 0.005906 -0.016798 -0.126583
v -0.001715 -0.012313 -0.119487
v -0.001715 -0.012313 -0.119487
v -0.006670 -0.008319 -0.110103
v -0.006670 -0.008319 -0.110103
v -0.008473 -0.005207 -0.099351
v -0.008473 -0.005207 -0.099351
v -0.006948 -0.003282 -0.088282
v -0.006948 -0.003282 -0.088282
v -0.002245 -0.002733 -0.077980
v -0.002245 -0.002733 -0.077980
v 0.005177 -0.003612 -0.069454
v 0.005177 -0.003612 -0.069454
v 0.014590 -0.005835 -0.063537
v 0.014590 -0.005835 -0.063537
v 0.025074 -0.009183 -0.060810
v 0.025074 -0.009183 -0.060810
v 0.035601 -0.013329 -0.061540
v 0.035601 -0.013329 -0.061540
v 0.045143 -0.017867 -0.065654
v 0.045143 -0.017867 -0.065654
v 0.052763 -0.022353 -0.072750
v 0.052763 -0.022353 -0.072750
v 0.057718 -0.026347 -0.082133
v 0.057718 -0.026347 -0.082133
v 0.059521 -0.029459 -0.092886
v 0.059521 -0.029459 -0.092886
v 0.057996 -0.031383 -0.103955
v 0.057996 -0.031383 -0.103955
v 0.053293 -0.031933 -0.114257
v 0.053293 -0.031933 -0.114257
v 0.045871 -0.031053 -0.122783
v 0.045871 -0.031053 -0.122783
v 0.036458 -0.028830 -0.128699
v 0.036458 -0.028830 -0.128699
v 0.025974 -0.025482 -0.131426
v 0.025974 -0.025482 -0.131426
v 0.119042 0.521098 -0.484178
v 0.138328 0.510533 -0.491823
v 0.113034 0.518087 -0.490839
v 0.134677 0.506230 -0.499419
v 0.103439 0.506650 -0.494719
v 0.107382 0.512852 -0.494655
v 0.130769 0.500038 -0.503926
v 0.127540 0.493446 -0.504273
v 0.113034 0.518087 -0.490839
v 0.134677 0.506230 -0.499419
v 0.103834 0.532247 -0.470525
v 0.095966 0.530599 -0.475517
v 0.113034 0.518087 -0.490839
v 0.107382 0.512852 -0.494655
v 0.088938 0.526372 -0.478097
v 0.095966 0.530599 -0.475517
v 0.103439 0.506650 -0.494719
v 0.084432 0.520583 -0.477655
v 0.094191 0.542888 -0.452200
v 0.085144 0.542541 -0.454951
v 0.077244 0.539276 -0.455875
v 0.085144 0.542541 -0.454951
v 0.072380 0.533881 -0.454754
v 0.091057 0.551978 -0.430997
v 0.081627 0.552743 -0.431156
v 0.073444 0.550300 -0.430162
v 0.081627 0.552743 -0.431156
v 0.068464 0.545242 -0.428256
v 0.094739 0.558630 -0.408993
v 0.085760 0.560208 -0.406461
v 0.077909 0.558366 -0.403477
v 0.085760 0.560208 -0.406461
v 0.073066 0.553555 -0.400756
v 0.104878 0.562190 -0.388339
v 0.097137 0.564203 -0.383283
v 0.090204 0.562684 -0.378431
v 0.097137 0.564203 -0.383283
v 0.085736 0.558004 -0.374945
v 0.120479 0.562311 -0.371060
v 0.114646 0.564340 -0.363890
v 0.109124 0.562831 -0.357475
v 0.114646 0.564340 -0.363890
v 0.105234 0.558156 -0.353349
v 0.140017 0.558981 -0.358845
v 0.136573 0.560602 -0.350182
v 0.132818 0.558793 -0.342662
v 0.136573 0.560602 -0.350182
v 0.129651 0.553994 -0.338084
v 0.161578 0.552526 -0.352890
v 0.160770 0.553358 -0.343499
v 0.158965 0.550965 -0.335441
v 0.160770 0.553358 -0.343499
v 0.156597 0.545927 -0.330642
v 0.183052 0.543578 -0.353779
v 0.184870 0.543316 -0.344497
v 0.185007 0.540113 -0.336519
v 0.184870 0.543316 -0.344497
v 0.183435 0.534744 -0.331753
v 0.202338 0.533012 -0.361425
v 0.206514 0.531458 -0.353077
v 0.208395 0.527300 -0.345791
v 0.206514 0.531458 -0.353077
v 0.207537 0.521540 -0.341308
v 0.217546 0.521864 -0.375078
v 0.223582 0.518946 -0.368400
v 0.226838 0.513780 -0.362348
v 0.223582 0.518946 -0.368400
v 0.226544 0.507607 -0.358371
v 0.227189 0.511223 -0.393403
v 0.234404 0.507005 -0.388965
v 0.238533 0.500876 -0.384571
v 0.234404 0.507005 -0.388965
v 0.238595 0.494309 -0.381273
v 0.230323 0.502132 -0.414605
v 0.237921 0.496802 -0.412760
v 0.242333 0.489851 -0.410284
v 0.237921 0.496802 -0.412760
v 0.242511 0.482947 -0.407771
v 0.226641 0.495481 -0.436610
v 0.233788 0.489338 -0.437455
v 0.237867 0.481785 -0.436969
v 0.233788 0.489338 -0.437455
v 0.237909 0.474635 -0.435271
v 0.216502 0.491921 -0.457263
v 0.222410 0.485342 -0.460634
v 0.225573 0.477468 -0.462015
v 0.222410 0.485342 -0.460634
v 0.225239 0.470185 -0.461082
v 0.200901 0.491799 -0.474543
v 0.204901 0.485206 -0.480026
v 0.206652 0.477320 -0.482971
v 0.204901 0.485206 -0.480026
v 0.205741 0.470034 -0.482677
v 0.181363 0.495129 -0.486758
v 0.182975 0.488943 -0.493735
v 0.182959 0.481359 -0.497784
v 0.182975 0.488943 -0.493735
v 0.181324 0.474195 -0.497943
v 0.159802 0.501584 -0.492712
v 0.158777 0.496188 -0.500417
v 0.156811 0.489187 -0.505005
v 0.158777 0.496188 -0.500417
v 0.154378 0.482263 -0.505384
v -0.082012 -0.001119 -0.277380
v -0.093902 0.007597 -0.266706
v -0.101441 0.015916 -0.252380
v -0.103891 0.023023 -0.235804
v -0.101012 0.028223 -0.218601
v -0.093086 0.031007 -0.202454
v -0.080889 0.031102 -0.188945
v -0.065614 0.028498 -0.179395
v -0.048757 0.023452 -0.174740
v -0.031969 0.016456 -0.175435
v -0.016892 0.008196 -0.181412
v -0.005001 -0.000520 -0.192086
v 0.002537 -0.008839 -0.206413
v 0.004987 -0.015946 -0.222989
v 0.002108 -0.021146 -0.240192
v -0.005818 -0.023930 -0.256339
v -0.018015 -0.024025 -0.269848
v -0.033289 -0.021421 -0.279397
v -0.050146 -0.016375 -0.284053
v -0.066935 -0.009379 -0.283358
v -0.082012 -0.001119 -0.277380
v -0.082046 -0.003828 -0.274675
v -0.067486 -0.011805 -0.280447
v -0.082046 -0.003828 -0.274675
v -0.067486 -0.011805 -0.280447
v -0.082046 -0.003828 -0.274675
v -0.093529 0.004589 -0.264367
v -0.093529 0.004589 -0.264367
v -0.100809 0.012623 -0.250532
v -0.100809 0.012623 -0.250532
v -0.103175 0.019486 -0.234524
v -0.103175 0.019486 -0.234524
v -0.100395 0.024508 -0.217911
v -0.100395 0.024508 -0.217911
v -0.092740 0.027196 -0.202318
v -0.092740 0.027196 -0.202318
v -0.080962 0.027287 -0.189273
v -0.080962 0.027287 -0.189273
v -0.066211 0.024773 -0.180051
v -0.066211 0.024773 -0.180051
v -0.049933 0.019900 -0.175555
v -0.049933 0.019900 -0.175555
v -0.033720 0.013144 -0.176226
v -0.033720 0.013144 -0.176226
v -0.019160 0.005167 -0.181998
v -0.019160 0.005167 -0.181998
v -0.007678 -0.003250 -0.192306
v -0.007678 -0.003250 -0.192306
v -0.000397 -0.011283 -0.206141
v -0.000397 -0.011283 -0.206141
v 0.001968 -0.018147 -0.222149
v 0.001968 -0.018147 -0.222149
v -0.000812 -0.023168 -0.238762
v -0.000812 -0.023168 -0.238762
v -0.008466 -0.025856 -0.254355
v -0.008466 -0.025856 -0.254355
v -0.020245 -0.025948 -0.267400
v -0.020245 -0.025948 -0.267400
v -0.034995 -0.023434 -0.276622
v -0.034995 -0.023434 -0.276622
v -0.051274 -0.018560 -0.281118
v -0.051274 -0.018560 -0.281118
v -0.089292 0.519179 -0.556822
v -0.078728 0.526369 -0.538680
v -0.082532 0.514441 -0.560539
v -0.070677 0.522510 -0.540179
v -0.075909 0.500810 -0.560723
v -0.077686 0.507785 -0.561951
v -0.064876 0.516505 -0.539950
v -0.062708 0.509796 -0.538050
v -0.082532 0.514441 -0.560539
v -0.070677 0.522510 -0.540179
v -0.105360 0.513868 -0.571174
v -0.100565 0.508481 -0.576647
v -0.082532 0.514441 -0.560539
v -0.077686 0.507785 -0.561951
v -0.097173 0.501344 -0.579356
v -0.100565 0.508481 -0.576647
v -0.075909 0.500810 -0.560723
v -0.095991 0.494172 -0.578660
v -0.125362 0.510956 -0.580333
v -0.123012 0.505212 -0.586925
v -0.121429 0.497813 -0.590462
v -0.123012 0.505212 -0.586925
v -0.120988 0.490533 -0.590106
v -0.147338 0.510728 -0.583400
v -0.147675 0.504957 -0.590368
v -0.148079 0.497536 -0.594183
v -0.147675 0.504957 -0.590368
v -0.148452 0.490248 -0.593940
v -0.169137 0.513206 -0.580077
v -0.172140 0.507738 -0.586638
v -0.174516 0.500542 -0.590152
v -0.172140 0.507738 -0.586638
v -0.175696 0.493346 -0.589786
v -0.188627 0.518148 -0.570688
v -0.194012 0.513284 -0.576101
v -0.198150 0.506535 -0.578766
v -0.194012 0.513284 -0.576101
v -0.200053 0.499522 -0.578052
v -0.203898 0.525070 -0.556152
v -0.211151 0.521053 -0.559788
v -0.216670 0.514930 -0.561138
v -0.211151 0.521053 -0.559788
v -0.219138 0.508173 -0.559886
v -0.213456 0.533295 -0.537893
v -0.221877 0.530283 -0.539296
v -0.228261 0.524904 -0.538995
v -0.221877 0.530283 -0.539296
v -0.231083 0.518451 -0.537066
v -0.216365 0.542017 -0.517697
v -0.225143 0.540071 -0.516631
v -0.231789 0.535481 -0.514503
v -0.225143 0.540071 -0.516631
v -0.234719 0.529351 -0.511827
v -0.212342 0.550382 -0.497541
v -0.220627 0.549459 -0.494011
v -0.226910 0.545625 -0.490061
v -0.220627 0.549459 -0.494011
v -0.229690 0.539806 -0.486638
v -0.201778 0.557572 -0.479400
v -0.208772 0.557528 -0.473651
v -0.214099 0.554345 -0.468060
v -0.208772 0.557528 -0.473651
v -0.216489 0.548792 -0.463965
v -0.185710 0.562883 -0.465047
v -0.190739 0.563489 -0.457543
v -0.194613 0.560786 -0.450654
v -0.190739 0.563489 -0.457543
v -0.196407 0.555429 -0.446028
v -0.165708 0.565795 -0.455889
v -0.168292 0.566757 -0.447265
v -0.170357 0.564317 -0.439548
v -0.168292 0.566757 -0.447265
v -0.171411 0.559068 -0.434582
v -0.143732 0.566023 -0.452821
v -0.143629 0.567013 -0.443823
v -0.143706 0.564594 -0.435828
v -0.143629 0.567013 -0.443823
v -0.143946 0.559353 -0.430749
v -0.121933 0.563545 -0.456145
v -0.119164 0.564231 -0.447553
v -0.117270 0.561588 -0.439858
v -0.119164 0.564231 -0.447553
v -0.116702 0.556256 -0.434902
v -0.102443 0.558603 -0.465534
v -0.097292 0.558685 -0.458090
v -0.093635 0.555595 -0.451245
v -0.097292 0.558685 -0.458090
v -0.092346 0.550080 -0.446636
v -0.087172 0.551680 -0.480069
v -0.080153 0.550917 -0.474403
v -0.075116 0.547200 -0.468872
v -0.080153 0.550917 -0.474403
v -0.073261 0.541429 -0.464802
v -0.077614 0.543456 -0.498329
v -0.069427 0.541687 -0.494895
v -0.063525 0.537226 -0.491016
v -0.069427 0.541687 -0.494895
v -0.061315 0.531150 -0.487622
v -0.074705 0.534734 -0.518525
v -0.066161 0.531898 -0.517560
v -0.059996 0.526649 -0.515507
v -0.066161 0.531898 -0.517560
v -0.057679 0.520250 -0.512861
v -0.128390 -0.024955 -0.315441
v -0.140953 -0.029107 -0.326662
v -0.156590 -0.031383 -0.333821
v -0.173770 -0.031562 -0.336220
v -0.190813 -0.029624 -0.333621
v -0.206050 -0.025760 -0.326281
v -0.217989 -0.020349 -0.314917
v -0.225461 -0.013919 -0.300642
v -0.227736 -0.007100 -0.284853
v -0.224590 -0.000560 -0.269095
v -0.216332 0.005061 -0.254912
v -0.203769 0.009213 -0.243691
v -0.188132 0.011490 -0.236531
v -0.170951 0.011668 -0.234133
v -0.153909 0.009731 -0.236731
v -0.138672 0.005867 -0.244072
v -0.126733 0.000455 -0.255436
v -0.119261 -0.005975 -0.269711
v -0.116986 -0.012793 -0.285500
v -0.120132 -0.019333 -0.301257
v -0.128390 -0.024955 -0.315441
v -0.130045 -0.027444 -0.313126
v -0.122070 -0.022016 -0.299429
v -0.130045 -0.027444 -0.313126
v -0.122070 -0.022016 -0.299429
v -0.130045 -0.027444 -0.313126
v -0.142177 -0.031454 -0.323962
v -0.142177 -0.031454 -0.323962
v -0.157278 -0.033653 -0.330876
v -0.157278 -0.033653 -0.330876
v -0.173869 -0.033825 -0.333192
v -0.173869 -0.033825 -0.333192
v -0.190327 -0.031954 -0.330683
v -0.190327 -0.031954 -0.330683
v -0.205041 -0.028222 -0.323595
v -0.205041 -0.028222 -0.323595
v -0.216571 -0.022996 -0.312620
v -0.216571 -0.022996 -0.312620
v -0.223787 -0.016787 -0.298835
v -0.223787 -0.016787 -0.298835
v -0.225984 -0.010202 -0.283587
v -0.225984 -0.010202 -0.283587
v -0.222946 -0.003887 -0.268371
v -0.222946 -0.003887 -0.268371
v -0.214971 0.001542 -0.254674
v -0.214971 0.001542 -0.254674
v -0.202839 0.005551 -0.243838
v -0.202839 0.005551 -0.243838
v -0.187738 0.007750 -0.236924
v -0.187738 0.007750 -0.236924
v -0.171147 0.007922 -0.234608
v -0.171147 0.007922 -0.234608
v -0.154689 0.006051 -0.237117
v -0.154689 0.006051 -0.237117
v -0.139975 0.002320 -0.244205
v -0.139975 0.002320 -0.244205
v -0.128445 -0.002906 -0.255179
v -0.128445 -0.002906 -0.255179
v -0.121229 -0.009116 -0.268965
v -0.121229 -0.009116 -0.268965
v -0.119032 -0.015700 -0.284212
v -0.119032 -0.015700 -0.284212
v -0.335317 0.536214 0.321222
v -0.320796 0.542180 0.317461
v -0.337580 0.535059 0.314889
v -0.321283 0.541754 0.310668
v -0.337309 0.525386 0.305011
v -0.338300 0.531134 0.309017
v -0.320690 0.538369 0.304456
v -0.319161 0.532842 0.300310
v -0.337580 0.535059 0.314889
v -0.321283 0.541754 0.310668
v -0.347448 0.529309 0.329332
v -0.351194 0.527309 0.323991
v -0.337580 0.535059 0.314889
v -0.338300 0.531134 0.309017
v -0.353011 0.522759 0.318852
v -0.351194 0.527309 0.323991
v -0.337309 0.525386 0.305011
v -0.352469 0.516756 0.315146
v -0.356000 0.522140 0.340997
v -0.360792 0.519263 0.337082
v -0.363382 0.514065 0.332999
v -0.360792 0.519263 0.337082
v -0.363157 0.507796 0.329725
v -0.360137 0.515409 0.355075
v -0.365435 0.511709 0.352881
v -0.368399 0.505902 0.350071
v -0.365435 0.511709 0.352881
v -0.368327 0.499384 0.347319
v -0.359454 0.509775 0.370188
v -0.364668 0.505386 0.369842
v -0.367571 0.499070 0.368399
v -0.364668 0.505386 0.369842
v -0.367473 0.492343 0.366206
v -0.354017 0.505789 0.384857
v -0.358566 0.500914 0.386304
v -0.360977 0.494237 0.386187
v -0.358566 0.500914 0.386304
v -0.360679 0.487362 0.384538
v -0.344359 0.503842 0.397645
v -0.347727 0.498729 0.400656
v -0.349265 0.491876 0.401696
v -0.347727 0.498729 0.400656
v -0.348608 0.484929 0.400520
v -0.331425 0.504125 0.407302
v -0.333212 0.499046 0.411493
v -0.333580 0.492219 0.413406
v -0.333212 0.499046 0.411493
v -0.332444 0.485283 0.412588
v -0.316481 0.506609 0.412881
v -0.316441 0.501834 0.417755
v -0.315457 0.495231 0.420172
v -0.316441 0.501834 0.417755
v -0.313768 0.488387 0.419561
v -0.300991 0.511051 0.413836
v -0.299056 0.506819 0.418827
v -0.296672 0.500618 0.421331
v -0.299056 0.506819 0.418827
v -0.294409 0.493939 0.420755
v -0.286469 0.517017 0.410075
v -0.282759 0.513515 0.414606
v -0.279061 0.507854 0.416770
v -0.282759 0.513515 0.414606
v -0.276261 0.501395 0.416054
v -0.274339 0.523923 0.401965
v -0.269146 0.521265 0.405504
v -0.264351 0.516228 0.406934
v -0.269146 0.521265 0.405504
v -0.261101 0.510025 0.405919
v -0.265786 0.531092 0.390300
v -0.259548 0.529310 0.392413
v -0.253979 0.524922 0.392788
v -0.259548 0.529310 0.392413
v -0.250413 0.518985 0.391340
v -0.261649 0.537823 0.376222
v -0.254905 0.536864 0.376614
v -0.248962 0.533085 0.375716
v -0.254905 0.536864 0.376614
v -0.245242 0.527397 0.373746
v -0.262333 0.543457 0.361109
v -0.255672 0.543187 0.359653
v -0.249791 0.539917 0.357388
v -0.255672 0.543187 0.359653
v -0.246096 0.534438 0.354859
v -0.267769 0.547443 0.346440
v -0.261773 0.547660 0.343191
v -0.256384 0.544750 0.339599
v -0.261773 0.547660 0.343191
v -0.252891 0.539419 0.336527
v -0.277428 0.549389 0.333652
v -0.272612 0.549845 0.328839
v -0.268097 0.547111 0.324091
v -0.272612 0.549845 0.328839
v -0.264961 0.541852 0.320545
v -0.290362 0.549107 0.323996
v -0.287128 0.549528 0.318002
v -0.283782 0.546769 0.312380
v -0.287128 0.549528 0.318002
v -0.281125 0.541499 0.308477
v -0.305305 0.546623 0.318417
v -0.303899 0.546740 0.311741
v -0.301904 0.543756 0.305615
v -0.303899 0.546740 0.311741
v -0.299801 0.538394 0.301504
v -0.164035 -0.000098 0.124261
v -0.173519 -0.005496 0.130602
v -0.180205 -0.011101 0.139721
v -0.183440 -0.016364 0.150728
v -0.182905 -0.020768 0.162543
v -0.178655 -0.023884 0.174011
v -0.171104 -0.025406 0.184009
v -0.160992 -0.025185 0.191558
v -0.149309 -0.023243 0.195920
v -0.137199 -0.019770 0.196667
v -0.125846 -0.015106 0.193726
v -0.116362 -0.009707 0.187386
v -0.109676 -0.004102 0.178266
v -0.106442 0.001160 0.167260
v -0.106976 0.005565 0.155445
v -0.111227 0.008680 0.143977
v -0.118777 0.010202 0.133979
v -0.128889 0.009982 0.126430
v -0.140572 0.008040 0.122068
v -0.152683 0.004566 0.121321
v -0.164035 -0.000098 0.124261
v -0.162471 -0.003283 0.124320
v -0.151508 0.001222 0.121481
v -0.162471 -0.003283 0.124320
v -0.151508 0.001222 0.121481
v -0.162471 -0.003283 0.124320
v -0.171629 -0.008496 0.130443
v -0.171629 -0.008496 0.130443
v -0.178086 -0.013909 0.139250
v -0.178086 -0.013909 0.139250
v -0.181210 -0.018990 0.149879
v -0.181210 -0.018990 0.149879
v -0.180694 -0.023244 0.161289
v -0.180694 -0.023244 0.161289
v -0.176589 -0.026253 0.172363
v -0.176589 -0.026253 0.172363
v -0.169297 -0.027723 0.182018
v -0.169297 -0.027723 0.182018
v -0.159532 -0.027509 0.189309
v -0.159532 -0.027509 0.189309
v -0.148250 -0.025634 0.193521
v -0.148250 -0.025634 0.193521
v -0.136555 -0.022280 0.194242
v -0.136555 -0.022280 0.194242
v -0.125592 -0.017776 0.191402
v -0.125592 -0.017776 0.191402
v -0.116433 -0.012562 0.185279
v -0.116433 -0.012562 0.185279
v -0.109976 -0.007150 0.176473
v -0.109976 -0.007150 0.176473
v -0.106853 -0.002068 0.165844
v -0.106853 -0.002068 0.165844
v -0.107369 0.002186 0.154434
v -0.107369 0.002186 0.154434
v -0.111474 0.005195 0.143359
v -0.111474 0.005195 0.143359
v -0.118765 0.006664 0.133705
v -0.118765 0.006664 0.133705
v -0.128530 0.006451 0.126414
v -0.128530 0.006451 0.126414
v -0.139812 0.004576 0.122202
v -0.139812 0.004576 0.122202
v -0.593254 0.290665 -0.228920
v -0.571077 0.300634 -0.242865
v -0.597603 0.284335 -0.236917
v -0.572715 0.295523 -0.252567
v -0.599026 0.272433 -0.244097
v -0.599692 0.277730 -0.242413
v -0.572798 0.289819 -0.259324
v -0.571311 0.284891 -0.261524
v -0.597603 0.284335 -0.236917
v -0.572715 0.295523 -0.252567
v -0.611264 0.284597 -0.208317
v -0.617815 0.277525 -0.213795
v -0.597603 0.284335 -0.236917
v -0.599692 0.277730 -0.242413
v -0.621532 0.270371 -0.217427
v -0.617815 0.277525 -0.213795
v -0.599026 0.272433 -0.244097
v -0.621533 0.264849 -0.218348
v -0.623343 0.283023 -0.183073
v -0.631371 0.275758 -0.185465
v -0.636181 0.268462 -0.186814
v -0.631371 0.275758 -0.185465
v -0.636629 0.262882 -0.186800
v -0.628310 0.286097 -0.155659
v -0.636945 0.279209 -0.154699
v -0.642204 0.272190 -0.153569
v -0.636945 0.279209 -0.154699
v -0.642836 0.266724 -0.152540
v -0.625678 0.293519 -0.128759
v -0.633991 0.287538 -0.124510
v -0.639012 0.281191 -0.120947
v -0.633991 0.287538 -0.124510
v -0.639547 0.275999 -0.118921
v -0.615705 0.304562 -0.105005
v -0.622799 0.299931 -0.097852
v -0.626918 0.294582 -0.092140
v -0.622799 0.299931 -0.097852
v -0.627083 0.289800 -0.089235
v -0.599367 0.318145 -0.086723
v -0.604463 0.315174 -0.077335
v -0.607105 0.311054 -0.069970
v -0.604463 0.315174 -0.077335
v -0.606665 0.306775 -0.066387
v -0.578264 0.332938 -0.075703
v -0.580780 0.331776 -0.064967
v -0.581513 0.328994 -0.056605
v -0.580780 0.331776 -0.064967
v -0.580291 0.325262 -0.052615
v -0.554460 0.347493 -0.073022
v -0.554066 0.348111 -0.061959
v -0.552646 0.346646 -0.053355
v -0.554066 0.348111 -0.061959
v -0.550543 0.343453 -0.049265
v -0.530287 0.360386 -0.078945
v -0.526938 0.362581 -0.068605
v -0.523332 0.362281 -0.060537
v -0.526938 0.362581 -0.068605
v -0.520333 0.359566 -0.056666
v -0.508111 0.370355 -0.092890
v -0.502050 0.373768 -0.084255
v -0.496438 0.374370 -0.077448
v -0.502050 0.373768 -0.084255
v -0.492618 0.372024 -0.074094
v -0.490101 0.376423 -0.113493
v -0.481838 0.380578 -0.107377
v -0.474598 0.381729 -0.102433
v -0.481838 0.380578 -0.107377
v -0.470111 0.379608 -0.099842
v -0.478022 0.377997 -0.138736
v -0.468282 0.382345 -0.135707
v -0.459949 0.383638 -0.133047
v -0.468282 0.382345 -0.135707
v -0.455015 0.381575 -0.131391
v -0.473055 0.374923 -0.166150
v -0.462708 0.378895 -0.166473
v -0.453926 0.379910 -0.166292
v -0.462708 0.378895 -0.166473
v -0.448808 0.377733 -0.165651
v -0.475687 0.367501 -0.193051
v -0.465662 0.370566 -0.196662
v -0.457118 0.370910 -0.198914
v -0.465662 0.370566 -0.196662
v -0.452097 0.368458 -0.199270
v -0.485660 0.356459 -0.216804
v -0.476854 0.358173 -0.223320
v -0.469212 0.357518 -0.227720
v -0.476854 0.358173 -0.223320
v -0.464561 0.354657 -0.228956
v -0.501998 0.342876 -0.235086
v -0.495189 0.342929 -0.243837
v -0.489025 0.341046 -0.249891
v -0.495189 0.342929 -0.243837
v -0.484979 0.337682 -0.251803
v -0.523101 0.328083 -0.246107
v -0.518873 0.326327 -0.256205
v -0.514617 0.323106 -0.263255
v -0.518873 0.326327 -0.256205
v -0.511353 0.319195 -0.265576
v -0.546904 0.313527 -0.248787
v -0.545587 0.309992 -0.259213
v -0.543483 0.305455 -0.266506
v -0.545587 0.309992 -0.259213
v -0.541101 0.301004 -0.268926
v -0.387634 -0.035167 -0.140992
v -0.401713 -0.039911 -0.124885
v -0.411157 -0.041141 -0.105149
v -0.415040 -0.038738 -0.083717
v -0.412982 -0.032936 -0.062686
v -0.405186 -0.024302 -0.044116
v -0.392413 -0.013683 -0.029823
v -0.375914 -0.002118 -0.021207
v -0.357305 0.009261 -0.019112
v -0.338406 0.019341 -0.023742
v -0.321069 0.027135 -0.034644
v -0.306989 0.031879 -0.050751
v -0.297545 0.033109 -0.070487
v -0.293662 0.030706 -0.091919
v -0.295720 0.024904 -0.112950
v -0.303517 0.016270 -0.131520
v -0.316290 0.005651 -0.145813
v -0.332788 -0.005914 -0.154429
v -0.351398 -0.017293 -0.156524
v -0.370296 -0.027373 -0.151894
v -0.387634 -0.035167 -0.140992
v -0.385416 -0.035931 -0.138768
v -0.368673 -0.028405 -0.149296
v -0.385416 -0.035931 -0.138768
v -0.368673 -0.028405 -0.149296
v -0.385416 -0.035931 -0.138768
v -0.399013 -0.040513 -0.123213
v -0.399013 -0.040513 -0.123213
v -0.408133 -0.041701 -0.104154
v -0.408133 -0.041701 -0.104154
v -0.411882 -0.039380 -0.083457
v -0.411882 -0.039380 -0.083457
v -0.409895 -0.033777 -0.063148
v -0.409895 -0.033777 -0.063148
v -0.402366 -0.025440 -0.045215
v -0.402366 -0.025440 -0.045215
v -0.390031 -0.015185 -0.031412
v -0.390031 -0.015185 -0.031412
v -0.374099 -0.004016 -0.023092
v -0.374099 -0.004016 -0.023092
v -0.356128 0.006973 -0.021068
v -0.356128 0.006973 -0.021068
v -0.337878 0.016707 -0.025540
v -0.337878 0.016707 -0.025540
v -0.321135 0.024233 -0.036068
v -0.321135 0.024233 -0.036068
v -0.307538 0.028814 -0.051622
v -0.307538 0.028814 -0.051622
v -0.298418 0.030003 -0.070681
v -0.298418 0.030003 -0.070681
v -0.294668 0.027682 -0.091378
v -0.294668 0.027682 -0.091378
v -0.296656 0.022078 -0.111687
v -0.296656 0.022078 -0.111687
v -0.304185 0.013741 -0.129621
v -0.304185 0.013741 -0.129621
v -0.316520 0.003487 -0.143423
v -0.316520 0.003487 -0.143423
v -0.332452 -0.007682 -0.151743
v -0.332452 -0.007682 -0.151743
v -0.350423 -0.018671 -0.153767
v -0.350423 -0.018671 -0.153767
v -0.558800 0.581821 0.106474
v -0.539140 0.591979 0.104829
v -0.559881 0.579531 0.097711
v -0.537817 0.590931 0.095865
v -0.556436 0.568049 0.087062
v -0.559023 0.574540 0.090680
v -0.535181 0.586858 0.088685
v -0.531866 0.580744 0.085006
v -0.559881 0.579531 0.097711
v -0.537817 0.590931 0.095865
v -0.576587 0.571494 0.114802
v -0.579843 0.567941 0.107057
v -0.559881 0.579531 0.097711
v -0.559023 0.574540 0.090680
v -0.580594 0.562016 0.100780
v -0.579843 0.567941 0.107057
v -0.556436 0.568049 0.087062
v -0.578666 0.555142 0.097470
v -0.590761 0.562008 0.128998
v -0.595750 0.557296 0.122989
v -0.597783 0.550512 0.117995
v -0.595750 0.557296 0.122989
v -0.596379 0.543288 0.115211
v -0.599934 0.554292 0.147673
v -0.606044 0.548636 0.143947
v -0.608907 0.541155 0.140642
v -0.606044 0.548636 0.143947
v -0.607843 0.533645 0.138550
v -0.603208 0.549102 0.168998
v -0.609718 0.542811 0.167879
v -0.612876 0.534860 0.166503
v -0.609718 0.542811 0.167879
v -0.611934 0.527158 0.165200
v -0.600262 0.546944 0.190886
v -0.606412 0.540390 0.192443
v -0.609304 0.532244 0.193046
v -0.606412 0.540390 0.192443
v -0.608253 0.524462 0.192555
v -0.591385 0.548032 0.211194
v -0.596450 0.541611 0.215234
v -0.598539 0.533563 0.217674
v -0.596450 0.541611 0.215234
v -0.597159 0.525821 0.217935
v -0.577446 0.552257 0.227935
v -0.580807 0.546353 0.234022
v -0.581635 0.538687 0.237976
v -0.580807 0.546353 0.234022
v -0.579738 0.531102 0.238856
v -0.559809 0.559207 0.239469
v -0.561013 0.554152 0.246967
v -0.560246 0.547116 0.251964
v -0.561013 0.554152 0.246967
v -0.557697 0.539787 0.253272
v -0.540200 0.568201 0.244669
v -0.539008 0.564246 0.252802
v -0.536467 0.558023 0.258270
v -0.539008 0.564246 0.252802
v -0.533191 0.551028 0.259770
v -0.520540 0.578359 0.243024
v -0.516944 0.575646 0.250956
v -0.512625 0.570341 0.256275
v -0.516944 0.575646 0.250956
v -0.508621 0.563722 0.257714
v -0.502753 0.588686 0.234696
v -0.496981 0.587236 0.241609
v -0.491054 0.582865 0.246175
v -0.496981 0.587236 0.241609
v -0.486391 0.576629 0.247306
v -0.488579 0.598172 0.220500
v -0.481074 0.597882 0.225677
v -0.473866 0.594369 0.228960
v -0.481074 0.597882 0.225677
v -0.468678 0.588484 0.229564
v -0.479406 0.605888 0.201825
v -0.470780 0.606541 0.204720
v -0.462742 0.603726 0.206313
v -0.470780 0.606541 0.204720
v -0.457214 0.598127 0.206226
v -0.476133 0.611079 0.180500
v -0.467106 0.612366 0.180788
v -0.458772 0.610021 0.180452
v -0.467106 0.612366 0.180788
v -0.453123 0.604614 0.179575
v -0.479078 0.613236 0.158612
v -0.470412 0.614787 0.156224
v -0.462344 0.612637 0.153908
v -0.470412 0.614787 0.156224
v -0.456804 0.607309 0.152221
v -0.487955 0.612148 0.138304
v -0.480375 0.613567 0.133432
v -0.473109 0.611318 0.129280
v -0.480375 0.613567 0.133432
v -0.467898 0.605950 0.126841
v -0.501895 0.607923 0.121563
v -0.496018 0.608825 0.114645
v -0.490013 0.606194 0.108979
v -0.496018 0.608825 0.114645
v -0.485319 0.600670 0.105919
v -0.519531 0.600973 0.110029
v -0.515811 0.601025 0.101700
v -0.511402 0.597766 0.094991
v -0.515811 0.601025 0.101700
v -0.507360 0.591984 0.091504
v -0.266154 0.007676 0.025999
v -0.280060 -0.000398 0.032510
v -0.291142 -0.007814 0.043609
v -0.298313 -0.013846 0.058208
v -0.300872 -0.017904 0.074880
v -0.298569 -0.019591 0.091992
v -0.291629 -0.018741 0.107869
v -0.280731 -0.015437 0.120957
v -0.266943 -0.010004 0.129975
v -0.251613 -0.002972 0.134039
v -0.236243 0.004969 0.132753
v -0.222337 0.013043 0.126243
v -0.211256 0.020459 0.115144
v -0.204084 0.026492 0.100544
v -0.201525 0.030549 0.083873
v -0.203828 0.032236 0.066761
v -0.210768 0.031386 0.050884
v -0.221666 0.028082 0.037796
v -0.235454 0.022649 0.028778
v -0.250784 0.015617 0.024713
v -0.266154 0.007676 0.025999
v -0.264060 0.004485 0.027308
v -0.249217 0.012154 0.026066
v -0.264060 0.004485 0.027308
v -0.249217 0.012154 0.026066
v -0.264060 0.004485 0.027308
v -0.277490 -0.003311 0.033595
v -0.277490 -0.003311 0.033595
v -0.288191 -0.010473 0.044313
v -0.288191 -0.010473 0.044313
v -0.295116 -0.016298 0.058412
v -0.295116 -0.016298 0.058412
v -0.297587 -0.020217 0.074512
v -0.297587 -0.020217 0.074512
v -0.295363 -0.021846 0.091037
v -0.295363 -0.021846 0.091037
v -0.288661 -0.021025 0.106369
v -0.288661 -0.021025 0.106369
v -0.278138 -0.017835 0.119008
v -0.278138 -0.017835 0.119008
v -0.264822 -0.012588 0.127716
v -0.264822 -0.012588 0.127716
v -0.250018 -0.005797 0.131642
v -0.250018 -0.005797 0.131642
v -0.235175 0.001872 0.130400
v -0.235175 0.001872 0.130400
v -0.221746 0.009669 0.124112
v -0.221746 0.009669 0.124112
v -0.211045 0.016830 0.113394
v -0.211045 0.016830 0.113394
v -0.204120 0.022656 0.099296
v -0.204120 0.022656 0.099296
v -0.201648 0.026574 0.083196
v -0.201648 0.026574 0.083196
v -0.203872 0.028203 0.066671
v -0.203872 0.028203 0.066671
v -0.210574 0.027382 0.051339
v -0.210574 0.027382 0.051339
v -0.221098 0.024192 0.038700
v -0.221098 0.024192 0.038700
v -0.234414 0.018945 0.029991
v -0.234414 0.018945 0.029991
v -0.044495 1.008255 -0.086671
v -0.016225 1.007097 -0.100710
v -0.051801 1.003952 -0.096683
v -0.020074 1.002653 -0.112438
v -0.059991 0.983306 -0.106943
v -0.057412 0.994910 -0.104024
v -0.023129 0.993505 -0.121049
v -0.024661 0.981858 -0.124487
v -0.051801 1.003952 -0.096683
v -0.020074 1.002653 -0.112438
v -0.067042 1.009300 -0.064577
v -0.077104 1.005125 -0.071888
v -0.051801 1.003952 -0.096683
v -0.057412 0.994910 -0.104024
v -0.084755 0.996177 -0.077230
v -0.077104 1.005125 -0.071888
v -0.059991 0.983306 -0.106943
v -0.088168 0.984611 -0.079331
v -0.081659 1.010129 -0.036590
v -0.093508 1.006055 -0.040479
v -0.102481 0.997182 -0.043291
v -0.093508 1.006055 -0.040479
v -0.106436 0.985647 -0.044354
v -0.086915 1.010662 -0.005450
v -0.099407 1.006652 -0.005532
v -0.108856 0.997828 -0.005527
v -0.099407 1.006652 -0.005532
v -0.113005 0.986313 -0.005437
v -0.082296 1.010845 0.025795
v -0.094224 1.006858 0.029533
v -0.103254 0.998050 0.032364
v -0.094224 1.006858 0.029533
v -0.107233 0.986542 0.033611
v -0.068254 1.010662 0.054086
v -0.078465 1.006652 0.061284
v -0.086225 0.997828 0.066673
v -0.078465 1.006652 0.061284
v -0.089684 0.986313 0.068968
v -0.046164 1.010129 0.076654
v -0.053673 1.006055 0.086611
v -0.059436 0.997182 0.094042
v -0.053673 1.006055 0.086611
v -0.062076 0.985647 0.097172
v -0.018187 1.009300 0.091291
v -0.022276 1.005125 0.103037
v -0.025508 0.996177 0.111791
v -0.022276 1.005125 0.103037
v -0.027112 0.984611 0.115464
v 0.012937 1.008255 0.096562
v 0.012654 1.003952 0.108953
v 0.012236 0.994910 0.118184
v 0.012654 1.003952 0.108953
v 0.011785 0.983306 0.122052
v 0.044163 1.007097 0.091953
v 0.047697 1.002653 0.103780
v 0.050103 0.993505 0.112594
v 0.047697 1.002653 0.103780
v 0.050809 0.981858 0.116292
v 0.072432 1.005939 0.077914
v 0.079423 1.001353 0.088025
v 0.084386 0.992101 0.095569
v 0.079423 1.001353 0.088025
v 0.086139 0.980411 0.098747
v 0.094979 1.004895 0.055820
v 0.104727 1.000180 0.063230
v 0.111729 0.990834 0.068776
v 0.104727 1.000180 0.063230
v 0.114317 0.979105 0.071135
v 0.109596 1.004065 0.027833
v 0.121131 0.999250 0.031821
v 0.129455 0.989828 0.034836
v 0.121131 0.999250 0.031821
v 0.132584 0.978069 0.036158
v 0.114853 1.003533 -0.003307
v 0.127030 0.998653 -0.003126
v 0.135829 0.989183 -0.002928
v 0.127030 0.998653 -0.003126
v 0.139153 0.977404 -0.002759
v 0.110234 1.003350 -0.034551
v 0.121846 0.998447 -0.038191
v 0.130228 0.988961 -0.040819
v 0.121846 0.998447 -0.038191
v 0.133381 0.977175 -0.041807
v 0.096192 1.003533 -0.062843
v 0.106087 0.998653 -0.069942
v 0.113199 0.989183 -0.075128
v 0.106087 0.998653 -0.069942
v 0.115832 0.977404 -0.077163
v 0.074101 1.004066 -0.085411
v 0.081296 0.999250 -0.095269
v 0.086410 0.989828 -0.102496
v 0.081296 0.999250 -0.095269
v 0.088224 0.978069 -0.105368
v 0.046124 1.004895 -0.100047
v 0.049898 1.000180 -0.111695
v 0.052482 0.990834 -0.120246
v 0.049898 1.000180 -0.111695
v 0.053260 0.979105 -0.123660
v 0.015000 1.005939 -0.105319
v 0.014969 1.001353 -0.117611
v 0.014738 0.992101 -0.126639
v 0.014969 1.001353 -0.117611
v 0.014363 0.980411 -0.130248
v -0.053315 -0.011781 -0.036890
v -0.065326 -0.011225 -0.025120
v -0.073113 -0.010783 -0.010211
v -0.075913 -0.010500 0.006378
v -0.073452 -0.010402 0.023023
v -0.065972 -0.010500 0.038094
v -0.054204 -0.010783 0.050117
v -0.039300 -0.011225 0.057914
v -0.022720 -0.011781 0.060722
v -0.006085 -0.012398 0.058266
v 0.008974 -0.013015 0.050788
v 0.020986 -0.013572 0.039018
v 0.028772 -0.014014 0.024109
v 0.031572 -0.014297 0.007520
v 0.029112 -0.014395 -0.009125
v 0.021631 -0.014297 -0.024196
v 0.009863 -0.014014 -0.036219
v -0.005040 -0.013572 -0.044016
v -0.021621 -0.013015 -0.046824
v -0.038255 -0.012398 -0.044368
v -0.053315 -0.011781 -0.036890
v -0.052445 -0.017389 -0.035324
v -0.037901 -0.017985 -0.042546
v -0.052445 -0.017389 -0.035324
v -0.037901 -0.017985 -0.042546
v -0.052445 -0.017389 -0.035324
v -0.064044 -0.016852 -0.023958
v -0.064044 -0.016852 -0.023958
v -0.071563 -0.016425 -0.009560
v -0.071563 -0.016425 -0.009560
v -0.074267 -0.016151 0.006460
v -0.074267 -0.016151 0.006460
v -0.071891 -0.016057 0.022533
v -0.071891 -0.016057 0.022533
v -0.064667 -0.016151 0.037088
v -0.064667 -0.016151 0.037088
v -0.053303 -0.016425 0.048698
v -0.053303 -0.016425 0.048698
v -0.038911 -0.016852 0.056227
v -0.038911 -0.016852 0.056227
v -0.022899 -0.017389 0.058939
v -0.022899 -0.017389 0.058939
v -0.006835 -0.017985 0.056568
v -0.006835 -0.017985 0.056568
v 0.007708 -0.018581 0.049346
v 0.007708 -0.018581 0.049346
v 0.019307 -0.019118 0.037980
v 0.019307 -0.019118 0.037980
v 0.026827 -0.019545 0.023582
v 0.026827 -0.019545 0.023582
v 0.029531 -0.019819 0.007562
v 0.029531 -0.019819 0.007562
v 0.027155 -0.019913 -0.008511
v 0.027155 -0.019913 -0.008511
v 0.019931 -0.019819 -0.023066
v 0.019931 -0.019819 -0.023066
v 0.008567 -0.019545 -0.034676
v 0.008567 -0.019545 -0.034676
v -0.005826 -0.019118 -0.042205
v -0.005826 -0.019118 -0.042205
v -0.021838 -0.018581 -0.044917
v -0.021838 -0.018581 -0.044917
v -0.472641 0.735886 -0.076583
v -0.449275 0.742910 -0.088347
v -0.477797 0.731690 -0.085517
v -0.451574 0.739573 -0.098720
v -0.480023 0.715182 -0.095819
v -0.480469 0.724187 -0.092484
v -0.452133 0.732705 -0.106750
v -0.450822 0.723961 -0.110522
v -0.477797 0.731690 -0.085517
v -0.451574 0.739573 -0.098720
v -0.491185 0.729549 -0.057884
v -0.498608 0.724578 -0.064531
v -0.477797 0.731690 -0.085517
v -0.480469 0.724187 -0.092484
v -0.502957 0.716502 -0.069807
v -0.498608 0.724578 -0.064531
v -0.480023 0.715182 -0.095819
v -0.503198 0.707263 -0.072450
v -0.503091 0.724520 -0.034079
v -0.511971 0.718934 -0.037817
v -0.517397 0.710404 -0.040939
v -0.511971 0.718934 -0.037817
v -0.518079 0.700978 -0.042701
v -0.507196 0.721291 -0.007501
v -0.516577 0.715311 -0.007988
v -0.522374 0.706488 -0.008707
v -0.516577 0.715311 -0.007988
v -0.523208 0.696943 -0.009484
v -0.503095 0.720179 0.019251
v -0.511975 0.714062 0.022034
v -0.517402 0.705139 0.023735
v -0.511975 0.714062 0.022034
v -0.518084 0.695553 0.023949
v -0.491192 0.721291 0.043557
v -0.498617 0.715311 0.049312
v -0.502967 0.706488 0.053211
v -0.498617 0.715311 0.049312
v -0.503208 0.696943 0.054325
v -0.472651 0.724520 0.063038
v -0.477809 0.718934 0.071175
v -0.480482 0.710404 0.076836
v -0.477809 0.718934 0.071175
v -0.480036 0.700978 0.078671
v -0.449287 0.729549 0.075787
v -0.451588 0.724578 0.085483
v -0.452148 0.716502 0.092297
v -0.451588 0.724578 0.085483
v -0.450837 0.707263 0.094604
v -0.423387 0.735886 0.080556
v -0.422522 0.731690 0.090835
v -0.420739 0.724187 0.098080
v -0.422522 0.731690 0.090835
v -0.418469 0.715182 0.100565
v -0.397487 0.742910 0.076878
v -0.393454 0.739573 0.086708
v -0.389329 0.732705 0.093620
v -0.393454 0.739573 0.086708
v -0.386100 0.723961 0.095969
v -0.374121 0.749934 0.065114
v -0.367232 0.747456 0.073505
v -0.360993 0.741224 0.079354
v -0.367232 0.747456 0.073505
v -0.356898 0.732740 0.081266
v -0.355577 0.756271 0.046415
v -0.346420 0.754568 0.052519
v -0.338505 0.748909 0.056677
v -0.346420 0.754568 0.052519
v -0.333723 0.740659 0.057896
v -0.343670 0.761300 0.022610
v -0.333058 0.760212 0.025804
v -0.324065 0.755007 0.027809
v -0.333058 0.760212 0.025804
v -0.318843 0.746944 0.028147
v -0.339566 0.764529 -0.003968
v -0.328452 0.763835 -0.004024
v -0.319088 0.758923 -0.004423
v -0.328452 0.763835 -0.004024
v -0.313713 0.750979 -0.005070
v -0.343666 0.765641 -0.030720
v -0.333053 0.765084 -0.034047
v -0.324061 0.760272 -0.036865
v -0.333053 0.765084 -0.034047
v -0.318838 0.752370 -0.038502
v -0.355569 0.764529 -0.055026
v -0.346412 0.763835 -0.061324
v -0.338496 0.758923 -0.066341
v -0.346412 0.763835 -0.061324
v -0.333714 0.750979 -0.068879
v -0.374110 0.761300 -0.074507
v -0.367220 0.760212 -0.083187
v -0.360981 0.755007 -0.089966
v -0.367220 0.760212 -0.083187
v -0.356885 0.746944 -0.093225
v -0.397474 0.756271 -0.087256
v -0.393441 0.754568 -0.097495
v -0.389314 0.748909 -0.105427
v -0.393441 0.754568 -0.097495
v -0.386084 0.740659 -0.109158
v -0.423374 0.749934 -0.092025
v -0.422507 0.747456 -0.102847
v -0.420723 0.741224 -0.111210
v -0.422507 0.747456 -0.102847
v -0.418453 0.732740 -0.115118
v -0.246897 -0.025709 -0.099665
v -0.255195 -0.028544 -0.091297
v -0.260524 -0.030795 -0.080645
v -0.262360 -0.032240 -0.068751
v -0.260525 -0.032737 -0.056780
v -0.255199 -0.032240 -0.045903
v -0.246902 -0.030795 -0.037185
v -0.236446 -0.028544 -0.031480
v -0.224856 -0.025709 -0.029346
v -0.213266 -0.022565 -0.030992
v -0.202810 -0.019422 -0.036256
v -0.194512 -0.016586 -0.044624
v -0.189183 -0.014336 -0.055276
v -0.187347 -0.012891 -0.067170
v -0.189182 -0.012393 -0.079142
v -0.194508 -0.012891 -0.090018
v -0.202805 -0.014336 -0.098736
v -0.213261 -0.016586 -0.104441
v -0.224851 -0.019422 -0.106575
v -0.236441 -0.022565 -0.104929
v -0.246897 -0.025709 -0.099665
v -0.245052 -0.029795 -0.098919
v -0.234954 -0.026760 -0.104003
v -0.245052 -0.029795 -0.098919
v -0.234954 -0.026760 -0.104003
v -0.245052 -0.029795 -0.098919
v -0.253065 -0.032534 -0.090838
v -0.253065 -0.032534 -0.090838
v -0.258211 -0.034707 -0.080551
v -0.258211 -0.034707 -0.080551
v -0.259984 -0.036102 -0.069065
v -0.259984 -0.036102 -0.069065
v -0.258213 -0.036583 -0.057505
v -0.258213 -0.036583 -0.057505
v -0.253069 -0.036102 -0.047001
v -0.253069 -0.036102 -0.047001
v -0.245056 -0.034707 -0.038582
v -0.245056 -0.034707 -0.038582
v -0.234960 -0.032534 -0.033073
v -0.234960 -0.032534 -0.033073
v -0.223767 -0.029795 -0.031012
v -0.223767 -0.029795 -0.031012
v -0.212574 -0.026760 -0.032601
v -0.212574 -0.026760 -0.032601
v -0.202477 -0.023724 -0.037685
v -0.202477 -0.023724 -0.037685
v -0.194463 -0.020986 -0.045766
v -0.194463 -0.020986 -0.045766
v -0.189318 -0.018812 -0.056053
v -0.189318 -0.018812 -0.056053
v -0.187544 -0.017417 -0.067539
v -0.187544 -0.017417 -0.067539
v -0.189316 -0.016936 -0.079099
v -0.189316 -0.016936 -0.079099
v -0.194460 -0.017417 -0.089603
v -0.194460 -0.017417 -0.089603
v -0.202473 -0.018812 -0.098022
v -0.202473 -0.018812 -0.098022
v -0.212569 -0.020986 -0.103531
v -0.212569 -0.020986 -0.103531
v -0.223762 -0.023724 -0.105592
v -0.223762 -0.023724 -0.105592
v -0.327560 0.788752 -0.389948
v -0.306057 0.788232 -0.400204
v -0.332557 0.783452 -0.396771
v -0.308425 0.782868 -0.408282
v -0.336912 0.765123 -0.401443
v -0.335943 0.774889 -0.400933
v -0.309867 0.774258 -0.413371
v -0.310039 0.764473 -0.414261
v -0.332557 0.783452 -0.396771
v -0.308425 0.782868 -0.408282
v -0.344873 0.790697 -0.373691
v -0.351988 0.785634 -0.378526
v -0.332557 0.783452 -0.396771
v -0.335943 0.774889 -0.400933
v -0.356940 0.777247 -0.381218
v -0.351988 0.785634 -0.378526
v -0.336912 0.765123 -0.401443
v -0.358550 0.767553 -0.381126
v -0.356303 0.793875 -0.353025
v -0.364815 0.789201 -0.355333
v -0.370801 0.781102 -0.356156
v -0.364815 0.789201 -0.355333
v -0.372834 0.771526 -0.355299
v -0.360730 0.797977 -0.329972
v -0.369783 0.793804 -0.329462
v -0.376170 0.786076 -0.328200
v -0.369783 0.793804 -0.329462
v -0.378367 0.776652 -0.326489
v -0.357721 0.802600 -0.306790
v -0.366406 0.798993 -0.303446
v -0.372521 0.791682 -0.300087
v -0.366406 0.798993 -0.303446
v -0.374606 0.782430 -0.297517
v -0.347571 0.807292 -0.285747
v -0.355015 0.804258 -0.279830
v -0.360211 0.797372 -0.274568
v -0.355015 0.804258 -0.279830
v -0.361921 0.788293 -0.271219
v -0.331272 0.811594 -0.268904
v -0.336723 0.809086 -0.260928
v -0.340446 0.802589 -0.254142
v -0.336723 0.809086 -0.260928
v -0.341552 0.793669 -0.250170
v -0.310421 0.815084 -0.257909
v -0.313323 0.813003 -0.248588
v -0.315159 0.806822 -0.240808
v -0.313323 0.813003 -0.248588
v -0.315493 0.798031 -0.236428
v -0.287059 0.817421 -0.253838
v -0.287104 0.815626 -0.244020
v -0.286828 0.809656 -0.235872
v -0.287104 0.815626 -0.244020
v -0.286296 0.800952 -0.231341
v -0.263472 0.818376 -0.257090
v -0.260633 0.816698 -0.247670
v -0.258223 0.810814 -0.239816
v -0.260633 0.816698 -0.247670
v -0.256818 0.802146 -0.235405
v -0.241969 0.817856 -0.267347
v -0.236501 0.816114 -0.259180
v -0.232147 0.810184 -0.252254
v -0.236501 0.816114 -0.259180
v -0.229945 0.801496 -0.248223
v -0.224655 0.815911 -0.283604
v -0.217071 0.813932 -0.277425
v -0.211150 0.807825 -0.271969
v -0.217071 0.813932 -0.277425
v -0.208308 0.799065 -0.268541
v -0.213225 0.812733 -0.304270
v -0.204243 0.810364 -0.300618
v -0.197289 0.803971 -0.297031
v -0.204243 0.810364 -0.300618
v -0.194023 0.795093 -0.294368
v -0.208798 0.808631 -0.327323
v -0.199275 0.805761 -0.326489
v -0.191921 0.798997 -0.324987
v -0.199275 0.805761 -0.326489
v -0.188491 0.789967 -0.323178
v -0.211807 0.804008 -0.350505
v -0.202652 0.800573 -0.352506
v -0.195570 0.793390 -0.353100
v -0.202652 0.800573 -0.352506
v -0.192251 0.784189 -0.352150
v -0.221958 0.799316 -0.371547
v -0.214044 0.795307 -0.376121
v -0.207879 0.787700 -0.378619
v -0.214044 0.795307 -0.376121
v -0.204937 0.778326 -0.378448
v -0.238257 0.795014 -0.388391
v -0.232335 0.790480 -0.395024
v -0.227645 0.782484 -0.399045
v -0.232335 0.790480 -0.395024
v -0.225306 0.772950 -0.399497
v -0.259107 0.791524 -0.399386
v -0.255735 0.786563 -0.407363
v -0.252931 0.778251 -0.412378
v -0.255735 0.786563 -0.407363
v -0.251364 0.768588 -0.413238
v -0.282470 0.789187 -0.403457
v -0.281954 0.783940 -0.411932
v -0.281263 0.775417 -0.417315
v -0.281954 0.783940 -0.411932
v -0.280561 0.765667 -0.418326
v -0.264272 -0.015721 -0.222511
v -0.277808 -0.014201 -0.209801
v -0.286743 -0.011716 -0.193644
v -0.290204 -0.008509 -0.175622
v -0.287852 -0.004895 -0.157498
v -0.279916 -0.001226 -0.141047
v -0.267174 0.002137 -0.127879
v -0.250873 0.004865 -0.119283
v -0.232608 0.006692 -0.116101
v -0.214168 0.007439 -0.118643
v -0.197357 0.007032 -0.126662
v -0.183821 0.005512 -0.139371
v -0.174885 0.003027 -0.155528
v -0.171424 -0.000179 -0.173551
v -0.173777 -0.003794 -0.191674
v -0.181712 -0.007462 -0.208125
v -0.194455 -0.010825 -0.221293
v -0.210756 -0.013554 -0.229889
v -0.229021 -0.015381 -0.233072
v -0.247461 -0.016127 -0.230529
v -0.264272 -0.015721 -0.222511
v -0.262828 -0.019756 -0.220023
v -0.246594 -0.020149 -0.227766
v -0.262828 -0.019756 -0.220023
v -0.246594 -0.020149 -0.227766
v -0.262828 -0.019756 -0.220023
v -0.275900 -0.018288 -0.207749
v -0.275900 -0.018288 -0.207749
v -0.284529 -0.015888 -0.192146
v -0.284529 -0.015888 -0.192146
v -0.287871 -0.012792 -0.174742
v -0.287871 -0.012792 -0.174742
v -0.285600 -0.009301 -0.157240
v -0.285600 -0.009301 -0.157240
v -0.277936 -0.005759 -0.141353
v -0.277936 -0.005759 -0.141353
v -0.265631 -0.002511 -0.128637
v -0.265631 -0.002511 -0.128637
v -0.249889 0.000124 -0.120336
v -0.249889 0.000124 -0.120336
v -0.232251 0.001888 -0.117263
v -0.232251 0.001888 -0.117263
v -0.214443 0.002609 -0.119718
v -0.214443 0.002609 -0.119718
v -0.198209 0.002217 -0.127461
v -0.198209 0.002217 -0.127461
v -0.185138 0.000748 -0.139735
v -0.185138 0.000748 -0.139735
v -0.176508 -0.001651 -0.155338
v -0.176508 -0.001651 -0.155338
v -0.173166 -0.004748 -0.172742
v -0.173166 -0.004748 -0.172742
v -0.175438 -0.008238 -0.190244
v -0.175438 -0.008238 -0.190244
v -0.183101 -0.011781 -0.206131
v -0.183101 -0.011781 -0.206131
v -0.195406 -0.015028 -0.218847
v -0.195406 -0.015028 -0.218847
v -0.211148 -0.017663 -0.227148
v -0.211148 -0.017663 -0.227148
v -0.228786 -0.019428 -0.230221
v -0.228786 -0.019428 -0.230221
v -0.141352 0.694870 -0.236372
v -0.125542 0.693497 -0.243685
v -0.145276 0.691136 -0.241602
v -0.127534 0.689595 -0.249809
v -0.149703 0.675795 -0.245631
v -0.148300 0.684223 -0.244954
v -0.129128 0.682558 -0.253823
v -0.129945 0.674080 -0.254771
v -0.145276 0.691136 -0.241602
v -0.127534 0.689595 -0.249809
v -0.154093 0.696713 -0.224558
v -0.159575 0.693203 -0.228344
v -0.145276 0.691136 -0.241602
v -0.148300 0.684223 -0.244954
v -0.163752 0.686457 -0.230628
v -0.159575 0.693203 -0.228344
v -0.149703 0.675795 -0.245631
v -0.165627 0.678098 -0.230868
v -0.162520 0.698844 -0.209401
v -0.169032 0.695595 -0.211333
v -0.173971 0.689042 -0.212247
v -0.169032 0.695595 -0.211333
v -0.176158 0.680762 -0.211925
v -0.165807 0.701056 -0.192383
v -0.172721 0.698078 -0.192235
v -0.177957 0.691724 -0.191609
v -0.172721 0.698078 -0.192235
v -0.180265 0.683526 -0.190657
v -0.163632 0.703132 -0.175171
v -0.170280 0.700408 -0.172918
v -0.175320 0.694242 -0.170736
v -0.170280 0.700408 -0.172918
v -0.177548 0.686121 -0.169146
v -0.156209 0.704869 -0.159449
v -0.161949 0.702357 -0.155274
v -0.166318 0.696349 -0.151670
v -0.161949 0.702357 -0.155274
v -0.168270 0.688292 -0.149498
v -0.144264 0.706097 -0.146757
v -0.148544 0.703735 -0.141030
v -0.151831 0.697837 -0.136277
v -0.148544 0.703735 -0.141030
v -0.153342 0.689826 -0.133636
v -0.128965 0.706695 -0.138336
v -0.131375 0.704406 -0.131579
v -0.133279 0.698563 -0.126066
v -0.131375 0.704406 -0.131579
v -0.134223 0.690574 -0.123112
v -0.111812 0.706606 -0.135011
v -0.112125 0.704306 -0.127848
v -0.112477 0.698454 -0.122034
v -0.112125 0.704306 -0.127848
v -0.112786 0.690462 -0.118957
v -0.094483 0.705837 -0.137108
v -0.092676 0.703443 -0.130201
v -0.091462 0.697522 -0.124576
v -0.092676 0.703443 -0.130201
v -0.091128 0.689501 -0.121577
v -0.078673 0.704464 -0.144421
v -0.074934 0.701902 -0.138408
v -0.072290 0.695857 -0.133445
v -0.074934 0.701902 -0.138408
v -0.071371 0.687785 -0.130717
v -0.065932 0.702622 -0.156235
v -0.060635 0.699835 -0.151666
v -0.056838 0.693623 -0.147771
v -0.060635 0.699835 -0.151666
v -0.055447 0.685483 -0.145480
v -0.057505 0.700490 -0.171392
v -0.051178 0.697442 -0.168677
v -0.046619 0.691038 -0.166153
v -0.051178 0.697442 -0.168677
v -0.044916 0.682819 -0.164423
v -0.054218 0.698278 -0.188410
v -0.047489 0.694960 -0.187775
v -0.042633 0.688355 -0.186790
v -0.047489 0.694960 -0.187775
v -0.040808 0.680054 -0.185691
v -0.056393 0.696202 -0.205622
v -0.049929 0.692630 -0.207092
v -0.045270 0.685838 -0.207663
v -0.049929 0.692630 -0.207092
v -0.043526 0.677460 -0.207202
v -0.063816 0.694465 -0.221343
v -0.058260 0.690681 -0.224736
v -0.054272 0.683731 -0.226729
v -0.058260 0.690681 -0.224736
v -0.052803 0.675289 -0.226850
v -0.075762 0.693237 -0.234036
v -0.071666 0.689303 -0.238980
v -0.068759 0.682242 -0.242122
v -0.071666 0.689303 -0.238980
v -0.067732 0.673755 -0.242712
v -0.091060 0.692639 -0.242457
v -0.088835 0.688631 -0.248431
v -0.087311 0.681517 -0.252333
v -0.088835 0.688631 -0.248431
v -0.086851 0.673007 -0.253236
v -0.108213 0.692729 -0.245781
v -0.108085 0.688732 -0.252162
v -0.108113 0.681626 -0.256365
v -0.108085 0.688732 -0.252162
v -0.108288 0.673119 -0.257391
v -0.155688 -0.026185 -0.136565
v -0.165649 -0.024745 -0.127329
v -0.172237 -0.023079 -0.115479
v -0.174807 -0.021349 -0.102175
v -0.173107 -0.019726 -0.088719
v -0.167303 -0.018368 -0.076427
v -0.157965 -0.017408 -0.066504
v -0.146005 -0.016941 -0.059921
v -0.132594 -0.017011 -0.057322
v -0.119046 -0.017612 -0.058961
v -0.106686 -0.018685 -0.064678
v -0.096725 -0.020125 -0.073914
v -0.090137 -0.021792 -0.085764
v -0.087567 -0.023521 -0.099068
v -0.089267 -0.025144 -0.112525
v -0.095071 -0.026502 -0.124816
v -0.104410 -0.027462 -0.134739
v -0.116370 -0.027930 -0.141322
v -0.129780 -0.027860 -0.143922
v -0.143328 -0.027259 -0.142282
v -0.155688 -0.026185 -0.136565
v -0.154964 -0.030014 -0.134840
v -0.143028 -0.031050 -0.140361
v -0.154964 -0.030014 -0.134840
v -0.143028 -0.031050 -0.140361
v -0.154964 -0.030014 -0.134840
v -0.164583 -0.028623 -0.125921
v -0.164583 -0.028623 -0.125921
v -0.170945 -0.027014 -0.114478
v -0.170945 -0.027014 -0.114478
v -0.173427 -0.025343 -0.101630
v -0.173427 -0.025343 -0.101630
v -0.171785 -0.023776 -0.088635
v -0.171785 -0.023776 -0.088635
v -0.166181 -0.022465 -0.076765
v -0.166181 -0.022465 -0.076765
v -0.157162 -0.021538 -0.067183
v -0.157162 -0.021538 -0.067183
v -0.145612 -0.021086 -0.060825
v -0.145612 -0.021086 -0.060825
v -0.132662 -0.021154 -0.058315
v -0.132662 -0.021154 -0.058315
v -0.119578 -0.021734 -0.059898
v -0.119578 -0.021734 -0.059898
v -0.107643 -0.022771 -0.065419
v -0.107643 -0.022771 -0.065419
v -0.098023 -0.024162 -0.074338
v -0.098023 -0.024162 -0.074338
v -0.091661 -0.025771 -0.085782
v -0.091661 -0.025771 -0.085782
v -0.089180 -0.027441 -0.098630
v -0.089180 -0.027441 -0.098630
v -0.090822 -0.029008 -0.111625
v -0.090822 -0.029008 -0.111625
v -0.096426 -0.030320 -0.123494
v -0.096426 -0.030320 -0.123494
v -0.105444 -0.031247 -0.133077
v -0.105444 -0.031247 -0.133077
v -0.116994 -0.031698 -0.139434
v -0.116994 -0.031698 -0.139434
v -0.129945 -0.031631 -0.141944
v -0.129945 -0.031631 -0.141944
v 0.050932 0.543434 0.502331
v 0.071997 0.545034 0.495542
v 0.046842 0.546066 0.494695
v 0.070483 0.547861 0.487076
v 0.041461 0.541057 0.481442
v 0.043412 0.545201 0.487128
v 0.068958 0.547141 0.478895
v 0.067787 0.543056 0.472957
v 0.046842 0.546066 0.494695
v 0.070483 0.547861 0.487076
v 0.032894 0.538020 0.514068
v 0.026599 0.539990 0.507867
v 0.046842 0.546066 0.494695
v 0.043412 0.545201 0.487128
v 0.021538 0.538636 0.501362
v 0.026599 0.539990 0.507867
v 0.041461 0.541057 0.481442
v 0.018919 0.534291 0.496110
v 0.019651 0.529323 0.529605
v 0.011737 0.530229 0.525303
v 0.005478 0.528088 0.520203
v 0.011737 0.530229 0.525303
v 0.002368 0.523421 0.515526
v 0.012498 0.518192 0.547419
v 0.003710 0.517737 0.545296
v -0.003197 0.514590 0.541807
v 0.003710 0.517737 0.545296
v -0.006571 0.509511 0.537790
v 0.012136 0.505719 0.565768
v 0.003303 0.503739 0.565889
v -0.003636 0.499463 0.564059
v 0.003303 0.503739 0.565889
v -0.007024 0.493922 0.560722
v 0.018600 0.493123 0.582856
v 0.010557 0.489603 0.585065
v 0.004203 0.484188 0.584781
v 0.010557 0.489603 0.585065
v 0.001054 0.478181 0.582077
v 0.031257 0.481638 0.597009
v 0.024761 0.476714 0.600949
v 0.019552 0.470261 0.601944
v 0.024761 0.476714 0.600949
v 0.016872 0.463828 0.599765
v 0.048868 0.472388 0.606842
v 0.044526 0.466333 0.611985
v 0.040909 0.459044 0.613869
v 0.044526 0.466333 0.611985
v 0.038882 0.452268 0.612054
v 0.069710 0.466279 0.611394
v 0.067916 0.459477 0.617092
v 0.066184 0.451635 0.619389
v 0.067916 0.459477 0.617092
v 0.064928 0.444633 0.617742
v 0.091741 0.463908 0.610217
v 0.092641 0.456817 0.615772
v 0.092902 0.448760 0.617962
v 0.092641 0.456817 0.615772
v 0.092463 0.441670 0.616271
v 0.112807 0.465508 0.603428
v 0.116282 0.458612 0.608153
v 0.118448 0.450700 0.609729
v 0.116282 0.458612 0.608153
v 0.118789 0.443669 0.607787
v 0.130844 0.470922 0.591691
v 0.136525 0.464688 0.594980
v 0.140322 0.457265 0.595495
v 0.136525 0.464688 0.594980
v 0.141331 0.450435 0.593118
v 0.144087 0.479620 0.576154
v 0.151387 0.474449 0.577544
v 0.156382 0.467813 0.576654
v 0.151387 0.474449 0.577544
v 0.157882 0.461305 0.573702
v 0.151240 0.490750 0.558340
v 0.159415 0.486940 0.557552
v 0.165056 0.481311 0.555050
v 0.159415 0.486940 0.557552
v 0.166821 0.475215 0.551438
v 0.151602 0.503224 0.539991
v 0.159821 0.500939 0.536959
v 0.165496 0.496438 0.532798
v 0.159821 0.500939 0.536959
v 0.167274 0.490804 0.528506
v 0.145139 0.515819 0.522903
v 0.152567 0.515074 0.517783
v 0.157657 0.511713 0.512076
v 0.152567 0.515074 0.517783
v 0.159196 0.506545 0.507151
v 0.132482 0.527304 0.508750
v 0.138363 0.527964 0.501899
v 0.142308 0.525640 0.494912
v 0.138363 0.527964 0.501899
v 0.143378 0.520899 0.489464
v 0.114871 0.536554 0.498917
v 0.118598 0.538344 0.490863
v 0.120951 0.536858 0.482987
v 0.118598 0.538344 0.490863
v 0.121368 0.532458 0.477174
v 0.094029 0.542663 0.494365
v 0.095209 0.545200 0.485756
v 0.095676 0.544266 0.477468
v 0.095209 0.545200 0.485756
v 0.095322 0.540093 0.471486
v -0.012776 0.045847 0.179495
v -0.026877 0.041615 0.188671
v -0.037230 0.034815 0.200817
v -0.042822 0.026113 0.214745
v -0.043106 0.016361 0.229090
v -0.038052 0.006514 0.242449
v -0.028157 -0.002465 0.253514
v -0.014389 -0.009696 0.261201
v 0.001905 -0.014472 0.264760
v 0.019129 -0.016326 0.263840
v 0.035598 -0.015075 0.258532
v 0.049700 -0.010842 0.249356
v 0.060053 -0.004043 0.237210
v 0.065645 0.004659 0.223282
v 0.065929 0.014411 0.208937
v 0.060875 0.024258 0.195578
v 0.050980 0.033237 0.184513
v 0.037212 0.040468 0.176825
v 0.020918 0.045245 0.173267
v 0.003693 0.047098 0.174187
v -0.012776 0.045847 0.179495
v -0.012332 0.042122 0.179021
v 0.003572 0.043330 0.173895
v -0.012332 0.042122 0.179021
v 0.003572 0.043330 0.173895
v -0.012332 0.042122 0.179021
v -0.025950 0.038035 0.187882
v -0.025950 0.038035 0.187882
v -0.035948 0.031468 0.199612
v -0.035948 0.031468 0.199612
v -0.041348 0.023065 0.213061
v -0.041348 0.023065 0.213061
v -0.041622 0.013648 0.226915
v -0.041622 0.013648 0.226915
v -0.036742 0.004138 0.239815
v -0.036742 0.004138 0.239815
v -0.027186 -0.004532 0.250501
v -0.027186 -0.004532 0.250501
v -0.013890 -0.011516 0.257925
v -0.013890 -0.011516 0.257925
v 0.001845 -0.016128 0.261361
v 0.001845 -0.016128 0.261361
v 0.018479 -0.017918 0.260473
v 0.018479 -0.017918 0.260473
v 0.034383 -0.016710 0.255347
v 0.034383 -0.016710 0.255347
v 0.048000 -0.012623 0.246485
v 0.048000 -0.012623 0.246485
v 0.057999 -0.006056 0.234756
v 0.057999 -0.006056 0.234756
v 0.063399 0.002347 0.221306
v 0.063399 0.002347 0.221306
v 0.063672 0.011764 0.207453
v 0.063672 0.011764 0.207453
v 0.058793 0.021274 0.194552
v 0.058793 0.021274 0.194552
v 0.049237 0.029945 0.183867
v 0.049237 0.029945 0.183867
v 0.035941 0.036928 0.176443
v 0.035941 0.036928 0.176443
v 0.020206 0.041540 0.173007
v 0.020206 0.041540 0.173007
v 0.434298 0.796401 0.033824
v 0.445549 0.791956 0.021917
v 0.427976 0.795767 0.029566
v 0.440602 0.790778 0.016203
v 0.415150 0.782808 0.023826
v 0.421038 0.790838 0.025945
v 0.434682 0.785448 0.011505
v 0.429210 0.777252 0.008946
v 0.427976 0.795767 0.029566
v 0.440602 0.790778 0.016203
v 0.426736 0.798646 0.048853
v 0.419489 0.798286 0.046432
v 0.427976 0.795767 0.029566
v 0.421038 0.790838 0.025945
v 0.411868 0.793561 0.044171
v 0.419489 0.798286 0.046432
v 0.415150 0.782808 0.023826
v 0.405699 0.785613 0.042609
v 0.423604 0.798471 0.065534
v 0.415974 0.798090 0.065153
v 0.408070 0.793349 0.064400
v 0.415974 0.798090 0.065153
v 0.401785 0.785394 0.063456
v 0.425207 0.795893 0.082234
v 0.417773 0.795197 0.083895
v 0.410014 0.790223 0.084652
v 0.417773 0.795197 0.083895
v 0.403789 0.782173 0.084327
v 0.431390 0.791165 0.097318
v 0.424712 0.789891 0.100823
v 0.417511 0.784489 0.102944
v 0.424712 0.789891 0.100823
v 0.411515 0.776264 0.103178
v 0.441546 0.784750 0.109309
v 0.436109 0.782691 0.114281
v 0.429828 0.776709 0.117487
v 0.436109 0.782691 0.114281
v 0.424207 0.768246 0.118164
v 0.454681 0.777275 0.117034
v 0.450851 0.774302 0.122950
v 0.445757 0.767644 0.126855
v 0.450851 0.774302 0.122950
v 0.440623 0.758904 0.127819
v 0.469510 0.769472 0.119737
v 0.467493 0.765545 0.125984
v 0.463741 0.758181 0.130133
v 0.467493 0.765545 0.125984
v 0.459156 0.749153 0.131197
v 0.484582 0.762105 0.117153
v 0.484408 0.757277 0.123084
v 0.482018 0.749247 0.126999
v 0.484408 0.757277 0.123084
v 0.477992 0.739946 0.127967
v 0.498420 0.755895 0.109535
v 0.499938 0.750308 0.114534
v 0.498800 0.741716 0.117760
v 0.499938 0.750308 0.114534
v 0.495286 0.732185 0.118446
v 0.509671 0.751450 0.097628
v 0.512564 0.745320 0.101172
v 0.512444 0.736326 0.103321
v 0.512564 0.745320 0.101172
v 0.509346 0.726630 0.103566
v 0.517232 0.749205 0.082599
v 0.521050 0.742800 0.084305
v 0.521614 0.733604 0.085095
v 0.521050 0.742800 0.084305
v 0.518797 0.723825 0.084783
v 0.520365 0.749380 0.065918
v 0.524566 0.742997 0.065584
v 0.525412 0.733816 0.064866
v 0.524566 0.742997 0.065584
v 0.522711 0.724043 0.063936
v 0.518761 0.751958 0.049218
v 0.522766 0.745889 0.046842
v 0.523468 0.736942 0.044614
v 0.522766 0.745889 0.046842
v 0.520707 0.727265 0.043066
v 0.512579 0.756686 0.034134
v 0.515828 0.751195 0.029914
v 0.515971 0.742675 0.026321
v 0.515828 0.751195 0.029914
v 0.512981 0.733173 0.024215
v 0.502423 0.763101 0.022143
v 0.504430 0.758395 0.016457
v 0.503654 0.750456 0.011779
v 0.504430 0.758395 0.016457
v 0.500289 0.741191 0.009228
v 0.489288 0.770576 0.014418
v 0.489689 0.766784 0.007787
v 0.487725 0.759521 0.002411
v 0.489689 0.766784 0.007787
v 0.483873 0.750533 -0.000426
v 0.474458 0.778379 0.011715
v 0.473046 0.775541 0.004753
v 0.469741 0.768983 -0.000867
v 0.473046 0.775541 0.004753
v 0.465340 0.760285 -0.003804
v 0.459387 0.785746 0.014299
v 0.456132 0.783809 0.007654
v 0.451464 0.777917 0.002267
v 0.456132 0.783809 0.007654
v 0.446504 0.769492 -0.000575
v 0.061726 0.008199 -0.030455
v 0.058342 0.009203 -0.023729
v 0.056941 0.009125 -0.016264
v 0.057658 0.007972 -0.008791
v 0.060425 0.005856 -0.002041
v 0.064969 0.002985 0.003325
v 0.070847 -0.000360 0.006782
v 0.077483 -0.003852 0.007991
v 0.084228 -0.007148 0.006835
v 0.090420 -0.009927 0.003426
v 0.095455 -0.011916 -0.001902
v 0.098839 -0.012921 -0.008628
v 0.100241 -0.012843 -0.016092
v 0.099523 -0.011689 -0.023566
v 0.096756 -0.009573 -0.030315
v 0.092212 -0.006703 -0.035682
v 0.086334 -0.003358 -0.039139
v 0.079698 0.000134 -0.040348
v 0.072953 0.003431 -0.039192
v 0.066761 0.006210 -0.035783
v 0.061726 0.008199 -0.030455
v 0.060149 0.003603 -0.030414
v 0.065011 0.001682 -0.035559
v 0.060149 0.003603 -0.030414
v 0.065011 0.001682 -0.035559
v 0.060149 0.003603 -0.030414
v 0.056882 0.004573 -0.023919
v 0.056882 0.004573 -0.023919
v 0.055528 0.004497 -0.016711
v 0.055528 0.004497 -0.016711
v 0.056221 0.003383 -0.009494
v 0.056221 0.003383 -0.009494
v 0.058893 0.001340 -0.002975
v 0.058893 0.001340 -0.002975
v 0.063281 -0.001432 0.002207
v 0.063281 -0.001432 0.002207
v 0.068958 -0.004663 0.005545
v 0.068958 -0.004663 0.005545
v 0.075366 -0.008035 0.006713
v 0.075366 -0.008035 0.006713
v 0.081879 -0.011218 0.005596
v 0.081879 -0.011218 0.005596
v 0.087860 -0.013902 0.002304
v 0.087860 -0.013902 0.002304
v 0.092721 -0.015823 -0.002841
v 0.092721 -0.015823 -0.002841
v 0.095989 -0.016793 -0.009336
v 0.095989 -0.016793 -0.009336
v 0.097343 -0.016717 -0.016545
v 0.097343 -0.016717 -0.016545
v 0.096650 -0.015603 -0.023761
v 0.096650 -0.015603 -0.023761
v 0.093978 -0.013560 -0.030280
v 0.093978 -0.013560 -0.030280
v 0.089589 -0.010788 -0.035462
v 0.089589 -0.010788 -0.035462
v 0.083913 -0.007557 -0.038800
v 0.083913 -0.007557 -0.038800
v 0.077505 -0.004185 -0.039968
v 0.077505 -0.004185 -0.039968
v 0.070991 -0.001002 -0.038852
v 0.070991 -0.001002 -0.038852
v -0.607377 0.543381 -0.545503
v -0.589655 0.548563 -0.552754
v -0.609020 0.537122 -0.550675
v -0.589132 0.542938 -0.558811
v -0.606587 0.521536 -0.552410
v -0.608732 0.529208 -0.553174
v -0.587241 0.535492 -0.561967
v -0.584440 0.528012 -0.561471
v -0.609020 0.537122 -0.550675
v -0.589132 0.542938 -0.558811
v -0.622870 0.541214 -0.533308
v -0.626407 0.534691 -0.536988
v -0.609020 0.537122 -0.550675
v -0.608732 0.529208 -0.553174
v -0.627520 0.526580 -0.538384
v -0.626407 0.534691 -0.536988
v -0.606587 0.521536 -0.552410
v -0.625950 0.518829 -0.537168
v -0.634618 0.542275 -0.517360
v -0.639592 0.535882 -0.519091
v -0.641768 0.527867 -0.519045
v -0.639592 0.535882 -0.519091
v -0.640632 0.520155 -0.517238
v -0.641471 0.546460 -0.499222
v -0.647283 0.540578 -0.498735
v -0.650079 0.532941 -0.497049
v -0.647283 0.540578 -0.498735
v -0.649197 0.525384 -0.494570
v -0.642759 0.553358 -0.480669
v -0.648728 0.548320 -0.477914
v -0.651640 0.541307 -0.474549
v -0.648728 0.548320 -0.477914
v -0.650806 0.534005 -0.471384
v -0.638355 0.562295 -0.463517
v -0.643785 0.558349 -0.458664
v -0.646299 0.552145 -0.453749
v -0.643785 0.558349 -0.458664
v -0.645302 0.545175 -0.449948
v -0.628690 0.572396 -0.449445
v -0.632939 0.569685 -0.442872
v -0.634579 0.564395 -0.436683
v -0.632939 0.569685 -0.442872
v -0.633223 0.557798 -0.432362
v -0.614711 0.582672 -0.439830
v -0.617250 0.581218 -0.432081
v -0.617626 0.576857 -0.425024
v -0.617250 0.581218 -0.432081
v -0.615753 0.570641 -0.420346
v -0.597785 0.592118 -0.435614
v -0.598255 0.591818 -0.427350
v -0.597100 0.588311 -0.419911
v -0.598255 0.591818 -0.427350
v -0.594600 0.582445 -0.415076
v -0.579570 0.599808 -0.437209
v -0.577813 0.600449 -0.429140
v -0.575011 0.597637 -0.421845
v -0.577813 0.600449 -0.429140
v -0.571836 0.592056 -0.417070
v -0.561849 0.604990 -0.444460
v -0.557926 0.606264 -0.437277
v -0.553520 0.603921 -0.430638
v -0.557926 0.606264 -0.437277
v -0.549689 0.598532 -0.426131
v -0.546356 0.607156 -0.456655
v -0.540538 0.608696 -0.450964
v -0.534732 0.606549 -0.445428
v -0.540538 0.608696 -0.450964
v -0.530327 0.601240 -0.441373
v -0.534608 0.606095 -0.472603
v -0.527354 0.607505 -0.468861
v -0.520485 0.605262 -0.464767
v -0.527354 0.607505 -0.468861
v -0.515645 0.599914 -0.461303
v -0.527755 0.601911 -0.490741
v -0.519662 0.602809 -0.489216
v -0.512174 0.600188 -0.486763
v -0.519662 0.602809 -0.489216
v -0.507080 0.594684 -0.483970
v -0.526467 0.595013 -0.509294
v -0.518217 0.595067 -0.510038
v -0.510612 0.591822 -0.509263
v -0.518217 0.595067 -0.510038
v -0.505471 0.586063 -0.507157
v -0.530871 0.586075 -0.526446
v -0.523160 0.585037 -0.529287
v -0.515953 0.580984 -0.530063
v -0.523160 0.585037 -0.529287
v -0.510975 0.574894 -0.528593
v -0.540536 0.575974 -0.540518
v -0.534006 0.573701 -0.545080
v -0.527673 0.568734 -0.547128
v -0.534006 0.573701 -0.545080
v -0.523053 0.562270 -0.546179
v -0.554515 0.565698 -0.550133
v -0.549695 0.562168 -0.555870
v -0.544626 0.556272 -0.558788
v -0.549695 0.562168 -0.555870
v -0.540524 0.549427 -0.558195
v -0.571440 0.556253 -0.554349
v -0.568690 0.551568 -0.560602
v -0.565152 0.544818 -0.563901
v -0.568690 0.551568 -0.560602
v -0.561676 0.537623 -0.563464
v -0.340881 -0.021513 -0.303789
v -0.352993 -0.023207 -0.294254
v -0.362178 -0.022378 -0.281786
v -0.367536 -0.019106 -0.267606
v -0.368542 -0.013713 -0.253101
v -0.365099 -0.006726 -0.239692
v -0.357543 0.001171 -0.228690
v -0.346614 0.009205 -0.221174
v -0.333382 0.016589 -0.217877
v -0.319142 0.022601 -0.219125
v -0.305287 0.026653 -0.224793
v -0.293175 0.028346 -0.234327
v -0.283990 0.027517 -0.246795
v -0.278632 0.024245 -0.260975
v -0.277625 0.018852 -0.275480
v -0.281069 0.011865 -0.288889
v -0.288624 0.003968 -0.299891
v -0.299553 -0.004066 -0.307408
v -0.312786 -0.011450 -0.310704
v -0.327026 -0.017462 -0.309457
v -0.340881 -0.021513 -0.303789
v -0.338837 -0.023819 -0.301170
v -0.325458 -0.019907 -0.306643
v -0.338837 -0.023819 -0.301170
v -0.325458 -0.019907 -0.306643
v -0.338837 -0.023819 -0.301170
v -0.350534 -0.025455 -0.291962
v -0.350534 -0.025455 -0.291962
v -0.359404 -0.024654 -0.279922
v -0.359404 -0.024654 -0.279922
v -0.364578 -0.021495 -0.266228
v -0.364578 -0.021495 -0.266228
v -0.365550 -0.016287 -0.252221
v -0.365550 -0.016287 -0.252221
v -0.362225 -0.009539 -0.239272
v -0.362225 -0.009539 -0.239272
v -0.354928 -0.001913 -0.228647
v -0.354928 -0.001913 -0.228647
v -0.344374 0.005845 -0.221389
v -0.344374 0.005845 -0.221389
v -0.331596 0.012976 -0.218205
v -0.331596 0.012976 -0.218205
v -0.317844 0.018782 -0.219410
v -0.317844 0.018782 -0.219410
v -0.304465 0.022694 -0.224884
v -0.304465 0.022694 -0.224884
v -0.292768 0.024330 -0.234091
v -0.292768 0.024330 -0.234091
v -0.283898 0.023529 -0.246131
v -0.283898 0.023529 -0.246131
v -0.278724 0.020370 -0.259825
v -0.278724 0.020370 -0.259825
v -0.277752 0.015161 -0.273832
v -0.277752 0.015161 -0.273832
v -0.281077 0.008414 -0.286781
v -0.281077 0.008414 -0.286781
v -0.288373 0.000788 -0.297406
v -0.288373 0.000788 -0.297406
v -0.298928 -0.006970 -0.304665
v -0.298928 -0.006970 -0.304665
v -0.311706 -0.014101 -0.307848
v -0.311706 -0.014101 -0.307848
v 0.198760 0.569420 0.162105
v 0.219699 0.565251 0.152822
v 0.193776 0.570168 0.154096
v 0.217276 0.565490 0.143678
v 0.185858 0.562167 0.143551
v 0.189103 0.567538 0.147376
v 0.214496 0.562482 0.136119
v 0.212027 0.556957 0.131949
v 0.193776 0.570168 0.154096
v 0.217276 0.565490 0.143678
v 0.181211 0.571056 0.177316
v 0.174082 0.572004 0.171167
v 0.193776 0.570168 0.154096
v 0.189103 0.567538 0.147376
v 0.167821 0.569522 0.165823
v 0.174082 0.572004 0.171167
v 0.185858 0.562167 0.143551
v 0.163926 0.564211 0.162561
v 0.168771 0.569998 0.196966
v 0.160120 0.570817 0.193220
v 0.152735 0.568239 0.189653
v 0.160120 0.570817 0.193220
v 0.148379 0.562890 0.187118
v 0.162657 0.566351 0.219132
v 0.153259 0.566724 0.218096
v 0.145320 0.563816 0.216534
v 0.153259 0.566724 0.218096
v 0.140738 0.558331 0.214820
v 0.163467 0.560471 0.241644
v 0.154168 0.560125 0.243360
v 0.146303 0.556686 0.243834
v 0.154168 0.560125 0.243360
v 0.141751 0.550983 0.242954
v 0.171123 0.552934 0.262298
v 0.162760 0.551667 0.266540
v 0.155587 0.547545 0.268881
v 0.162760 0.551667 0.266540
v 0.151319 0.541564 0.268766
v 0.184875 0.544477 0.279073
v 0.178193 0.542176 0.285365
v 0.172264 0.537290 0.289224
v 0.178193 0.542176 0.285365
v 0.168505 0.530995 0.289730
v 0.203377 0.535929 0.290326
v 0.198957 0.532583 0.297994
v 0.194701 0.526924 0.302871
v 0.198957 0.532583 0.297994
v 0.191628 0.520312 0.303794
v 0.224817 0.528126 0.294956
v 0.223019 0.523826 0.303190
v 0.220702 0.517461 0.308486
v 0.223019 0.523826 0.303190
v 0.218423 0.510560 0.309580
v 0.247097 0.521832 0.292510
v 0.248023 0.516763 0.300445
v 0.247722 0.509828 0.305519
v 0.248023 0.516763 0.300445
v 0.246267 0.502695 0.306523
v 0.268037 0.517663 0.283227
v 0.271523 0.512084 0.290027
v 0.273115 0.504773 0.294262
v 0.271523 0.512084 0.290027
v 0.272436 0.497484 0.294922
v 0.285585 0.516028 0.268016
v 0.291217 0.510248 0.272956
v 0.294397 0.502789 0.275815
v 0.291217 0.510248 0.272956
v 0.294368 0.495440 0.275912
v 0.298026 0.517085 0.248365
v 0.305179 0.511435 0.250904
v 0.309483 0.504071 0.251985
v 0.305179 0.511435 0.250904
v 0.309915 0.496762 0.251354
v 0.304140 0.520732 0.226199
v 0.312040 0.515528 0.226027
v 0.316898 0.508494 0.225104
v 0.312040 0.515528 0.226027
v 0.317556 0.501320 0.223652
v 0.303329 0.526612 0.203688
v 0.311131 0.522127 0.200763
v 0.315915 0.515625 0.197804
v 0.311131 0.522127 0.200763
v 0.316543 0.508668 0.195518
v 0.295673 0.534150 0.183034
v 0.302539 0.530586 0.177584
v 0.306630 0.524765 0.172757
v 0.302539 0.530586 0.177584
v 0.306975 0.518088 0.169706
v 0.281921 0.542606 0.166259
v 0.287106 0.540076 0.158758
v 0.289953 0.535021 0.152414
v 0.287106 0.540076 0.158758
v 0.289789 0.528656 0.148742
v 0.263420 0.551154 0.155006
v 0.266342 0.549669 0.146129
v 0.267516 0.545387 0.138767
v 0.266342 0.549669 0.146129
v 0.266667 0.539339 0.134679
v 0.241980 0.558957 0.150376
v 0.242280 0.558426 0.140933
v 0.241515 0.554850 0.133152
v 0.242280 0.558426 0.140933
v 0.239872 0.549091 0.128892
v 0.034599 0.009736 0.036790
v 0.020879 0.011015 0.048682
v 0.011154 0.010188 0.064045
v 0.006374 0.007337 0.081374
v 0.007007 0.002740 0.098974
v 0.012993 -0.003153 0.115121
v 0.023744 -0.009764 0.128235
v 0.038208 -0.016447 0.137033
v 0.054970 -0.022547 0.140653
v 0.072389 -0.027468 0.138740
v 0.088760 -0.030727 0.131483
v 0.102479 -0.032006 0.119591
v 0.112205 -0.031179 0.104228
v 0.116985 -0.028328 0.086899
v 0.116351 -0.023731 0.069299
v 0.110366 -0.017838 0.053152
v 0.099615 -0.011227 0.040038
v 0.085150 -0.004544 0.031240
v 0.068388 0.001556 0.027620
v 0.050969 0.006477 0.029533
v 0.034599 0.009736 0.036790
v 0.034587 0.006006 0.037655
v 0.050396 0.002859 0.030647
v 0.034587 0.006006 0.037655
v 0.050396 0.002859 0.030647
v 0.034587 0.006006 0.037655
v 0.021338 0.007241 0.049139
v 0.021338 0.007241 0.049139
v 0.011946 0.006443 0.063975
v 0.011946 0.006443 0.063975
v 0.007330 0.003689 0.080710
v 0.007330 0.003689 0.080710
v 0.007942 -0.000750 0.097706
v 0.007942 -0.000750 0.097706
v 0.013722 -0.006441 0.113299
v 0.013722 -0.006441 0.113299
v 0.024104 -0.012825 0.125963
v 0.024104 -0.012825 0.125963
v 0.038073 -0.019279 0.134459
v 0.038073 -0.019279 0.134459
v 0.054260 -0.025170 0.137955
v 0.054260 -0.025170 0.137955
v 0.071081 -0.029922 0.136108
v 0.071081 -0.029922 0.136108
v 0.086890 -0.033069 0.129100
v 0.086890 -0.033069 0.129100
v 0.100139 -0.034304 0.117616
v 0.100139 -0.034304 0.117616
v 0.109531 -0.033506 0.102780
v 0.109531 -0.033506 0.102780
v 0.114147 -0.030752 0.086045
v 0.114147 -0.030752 0.086045
v 0.113535 -0.026313 0.069049
v 0.113535 -0.026313 0.069049
v 0.107755 -0.020622 0.053456
v 0.107755 -0.020622 0.053456
v 0.097372 -0.014238 0.040791
v 0.097372 -0.014238 0.040791
v 0.083404 -0.007784 0.032296
v 0.083404 -0.007784 0.032296
v 0.067217 -0.001893 0.028800
v 0.067217 -0.001893 0.028800
v -0.038583 0.757388 0.386885
v -0.052692 0.765166 0.365109
v -0.046922 0.752737 0.392687
v -0.062756 0.761465 0.368249
v -0.056814 0.735466 0.395075
v -0.053525 0.744792 0.395651
v -0.070635 0.754224 0.369244
v -0.074447 0.745186 0.367861
v -0.046922 0.752737 0.392687
v -0.062756 0.761465 0.368249
v -0.018061 0.750600 0.403209
v -0.023892 0.745118 0.411006
v -0.046922 0.752737 0.392687
v -0.053525 0.744792 0.395651
v -0.028638 0.736560 0.415447
v -0.023892 0.745118 0.411006
v -0.056814 0.735466 0.395075
v -0.031167 0.726982 0.415476
v 0.006865 0.745464 0.412484
v 0.004082 0.739355 0.421415
v 0.001590 0.730332 0.426695
v 0.004082 0.739355 0.421415
v -0.000016 0.720564 0.427067
v 0.033755 0.742485 0.413802
v 0.034260 0.736011 0.422895
v 0.034200 0.726719 0.428293
v 0.034260 0.736011 0.422895
v 0.033590 0.716840 0.428714
v 0.059978 0.741953 0.407034
v 0.063689 0.735414 0.415299
v 0.066000 0.726074 0.420086
v 0.063689 0.735414 0.415299
v 0.066361 0.716175 0.420256
v 0.082965 0.743921 0.392842
v 0.089487 0.737622 0.399372
v 0.093877 0.728460 0.402875
v 0.089487 0.737622 0.399372
v 0.095090 0.718634 0.402520
v 0.100468 0.748195 0.372616
v 0.109130 0.742420 0.376674
v 0.115103 0.733644 0.378347
v 0.109130 0.742420 0.376674
v 0.116964 0.723977 0.377243
v 0.110772 0.754359 0.348336
v 0.120694 0.749337 0.349425
v 0.127599 0.741118 0.348902
v 0.120694 0.749337 0.349425
v 0.129842 0.731680 0.346899
v 0.112870 0.761807 0.322378
v 0.123048 0.757696 0.320293
v 0.130143 0.750151 0.317423
v 0.123048 0.757696 0.320293
v 0.132463 0.740988 0.314458
v 0.106555 0.769812 0.297283
v 0.115962 0.766680 0.292130
v 0.122485 0.759859 0.286990
v 0.115962 0.766680 0.292130
v 0.124572 0.750992 0.283096
v 0.092447 0.777590 0.275508
v 0.100128 0.775408 0.267692
v 0.105376 0.769291 0.260583
v 0.100128 0.775408 0.267692
v 0.106939 0.760712 0.255882
v 0.071925 0.784378 0.259184
v 0.077097 0.783027 0.249372
v 0.080489 0.777523 0.240787
v 0.077097 0.783027 0.249372
v 0.081293 0.769196 0.235481
v 0.046999 0.789514 0.249909
v 0.049123 0.788790 0.238963
v 0.050261 0.783751 0.229539
v 0.049123 0.788790 0.238963
v 0.050141 0.775614 0.223890
v 0.020109 0.792493 0.248591
v 0.018945 0.792134 0.237484
v 0.017651 0.787364 0.227941
v 0.018945 0.792134 0.237484
v 0.016535 0.779338 0.222243
v -0.006114 0.793025 0.255359
v -0.010483 0.792731 0.245080
v -0.014149 0.788009 0.236148
v -0.010483 0.792731 0.245080
v -0.016236 0.780003 0.230701
v -0.029101 0.791057 0.269550
v -0.036282 0.790522 0.261006
v -0.042027 0.785623 0.253359
v -0.036282 0.790522 0.261006
v -0.044965 0.777543 0.248437
v -0.046604 0.786783 0.289776
v -0.055924 0.785725 0.283705
v -0.063252 0.780439 0.277887
v -0.055924 0.785725 0.283705
v -0.066839 0.772201 0.273714
v -0.056909 0.780619 0.314056
v -0.067489 0.778808 0.310954
v -0.075749 0.772965 0.307331
v -0.067489 0.778808 0.310954
v -0.079717 0.764498 0.304058
v -0.059006 0.773170 0.340014
v -0.069843 0.770449 0.340086
v -0.078293 0.763932 0.338811
v -0.069843 0.770449 0.340086
v -0.082338 0.755189 0.336499
v -0.077805 -0.020729 0.125355
v -0.068621 -0.023767 0.132660
v -0.057467 -0.026065 0.136810
v -0.045434 -0.027398 0.137400
v -0.033699 -0.027636 0.134371
v -0.023413 -0.026756 0.128021
v -0.015580 -0.024843 0.118970
v -0.010969 -0.022085 0.108104
v -0.010030 -0.018752 0.096488
v -0.012856 -0.015170 0.085258
v -0.019170 -0.011689 0.075514
v -0.028353 -0.008651 0.068209
v -0.039507 -0.006353 0.064059
v -0.051541 -0.005020 0.063469
v -0.063275 -0.004782 0.066498
v -0.073562 -0.005662 0.072848
v -0.081394 -0.007575 0.081899
v -0.086005 -0.010333 0.092764
v -0.086944 -0.013667 0.104381
v -0.084118 -0.017249 0.115610
v -0.077805 -0.020729 0.125355
v -0.077213 -0.024868 0.123234
v -0.083310 -0.021507 0.113824
v -0.077213 -0.024868 0.123234
v -0.083310 -0.021507 0.113824
v -0.077213 -0.024868 0.123234
v -0.068344 -0.027802 0.130289
v -0.068344 -0.027802 0.130289
v -0.057573 -0.030021 0.134297
v -0.057573 -0.030021 0.134297
v -0.045952 -0.031309 0.134866
v -0.045952 -0.031309 0.134866
v -0.034621 -0.031539 0.131941
v -0.034621 -0.031539 0.131941
v -0.024687 -0.030688 0.125809
v -0.024687 -0.030688 0.125809
v -0.017123 -0.028841 0.117068
v -0.017123 -0.028841 0.117068
v -0.012670 -0.026177 0.106576
v -0.012670 -0.026177 0.106576
v -0.011763 -0.022959 0.095358
v -0.011763 -0.022959 0.095358
v -0.014492 -0.019499 0.084513
v -0.014492 -0.019499 0.084513
v -0.020589 -0.016138 0.075103
v -0.020589 -0.016138 0.075103
v -0.029457 -0.013205 0.068049
v -0.029457 -0.013205 0.068049
v -0.040229 -0.010985 0.064041
v -0.040229 -0.010985 0.064041
v -0.051850 -0.009698 0.063471
v -0.051850 -0.009698 0.063471
v -0.063181 -0.009468 0.066396
v -0.063181 -0.009468 0.066396
v -0.073115 -0.010318 0.072529
v -0.073115 -0.010318 0.072529
v -0.080679 -0.012166 0.081269
v -0.080679 -0.012166 0.081269
v -0.085132 -0.014829 0.091762
v -0.085132 -0.014829 0.091762
v -0.086039 -0.018048 0.102980
v -0.086039 -0.018048 0.102980
vn 0.2468 0.7806 0.5742
vn 0.3901 0.8131 0.4320
vn -0.1703 0.9839 0.0534
vn 0.4826 0.8390 0.2514
vn 0.5153 0.8555 0.0502
vn 0.4849 0.8612 -0.1520
vn 0.3945 0.8555 -0.3353
vn 0.2528 0.8390 -0.4819
vn 0.0737 0.8131 -0.5774
vn -0.1251 0.7806 -0.6123
vn -0.3244 0.7446 -0.5834
vn -0.5045 0.7085 -0.4934
vn -0.6478 0.6760 -0.3512
vn -0.7404 0.6502 -0.1706
vn -0.7730 0.6336 0.0306
vn -0.7427 0.6279 0.2328
vn -0.6522 0.6336 0.4161
vn -0.5105 0.6502 0.5627
vn -0.3315 0.6760 0.6582
vn -0.1326 0.7085 0.6931
vn 0.0667 0.7446 0.6642
vn 0.1203 -0.9886 -0.0907
vn 0.1340 -0.9855 -0.1043
vn 0.1703 -0.9839 -0.0534
vn 0.1115 -0.9911 -0.0734
vn 0.1083 -0.9926 -0.0542
vn 0.1113 -0.9932 -0.0349
vn 0.1199 -0.9926 -0.0173
vn 0.1335 -0.9910 -0.0033
vn 0.1506 -0.9886 0.0058
vn 0.1696 -0.9855 0.0092
vn 0.1887 -0.9820 0.0064
vn 0.2059 -0.9786 -0.0022
vn 0.2196 -0.9755 -0.0158
vn 0.2285 -0.9730 -0.0331
vn 0.2316 -0.9714 -0.0523
vn 0.2287 -0.9709 -0.0717
vn 0.2200 -0.9714 -0.0892
vn 0.2065 -0.9730 -0.1032
vn 0.1893 -0.9755 -0.1124
vn 0.1703 -0.9786 -0.1157
vn 0.1512 -0.9820 -0.1129
vn 0.6393 0.5557 0.5315
vn 0.8044 0.4585 0.3778
vn 0.3461 0.9151 -0.2068
vn 0.9116 0.3720 0.1746
vn 0.9507 0.3047 -0.0582
vn 0.9177 0.2630 -0.2979
vn 0.8158 0.2511 -0.5210
vn 0.6551 0.2701 -0.7056
vn 0.4513 0.3183 -0.8337
vn 0.2243 0.3908 -0.8928
vn -0.0037 0.4805 -0.8770
vn -0.2103 0.5788 -0.7879
vn -0.3753 0.6759 -0.6342
vn -0.4826 0.7624 -0.4310
vn -0.5217 0.8298 -0.1982
vn -0.4887 0.8715 0.0415
vn -0.3868 0.8834 0.2646
vn -0.2261 0.8643 0.4492
vn -0.0223 0.8162 0.5773
vn 0.2048 0.7437 0.6364
vn 0.4327 0.6539 0.6206
vn -0.4407 -0.8894 0.1214
vn -0.4145 -0.9049 0.0970
vn -0.3461 -0.9151 0.2068
vn -0.4586 -0.8751 0.1549
vn -0.4651 -0.8638 0.1935
vn -0.4597 -0.8569 0.2332
vn -0.4429 -0.8549 0.2702
vn -0.4162 -0.8581 0.3008
vn -0.3824 -0.8661 0.3220
vn -0.3447 -0.8782 0.3316
vn -0.3071 -0.8931 0.3288
vn -0.2730 -0.9093 0.3139
vn -0.2460 -0.9254 0.2884
vn -0.2285 -0.9396 0.2549
vn -0.2222 -0.9506 0.2166
vn -0.2278 -0.9575 0.1772
vn -0.2445 -0.9594 0.1406
vn -0.2708 -0.9563 0.1103
vn -0.3043 -0.9484 0.0891
vn -0.3416 -0.9365 0.0793
vn -0.3791 -0.9217 0.0817
vn 0.6278 0.7287 0.2737
vn 0.7576 0.6335 0.1572
vn 0.3524 0.8779 -0.3243
vn 0.8400 0.5426 0.0007
vn 0.8667 0.4650 -0.1804
vn 0.8353 0.4082 -0.3683
vn 0.7487 0.3778 -0.5447
vn 0.6155 0.3767 -0.6923
vn 0.4486 0.4052 -0.7966
vn 0.2645 0.4603 -0.8475
vn 0.0811 0.5367 -0.8399
vn -0.0836 0.6269 -0.7746
vn -0.2135 0.7222 -0.6580
vn -0.2958 0.8130 -0.5015
vn -0.3226 0.8907 -0.3204
vn -0.2911 0.9475 -0.1325
vn -0.2046 0.9779 0.0439
vn -0.0713 0.9789 0.1915
vn 0.0955 0.9505 0.2958
vn 0.2797 0.8953 0.3466
vn 0.4631 0.8189 0.3390
vn -0.3973 -0.8721 0.2855
vn -0.3851 -0.8811 0.2746
vn -0.3524 -0.8779 0.3243
vn -0.4050 -0.8636 0.3002
vn -0.4076 -0.8563 0.3172
vn -0.4046 -0.8510 0.3348
vn -0.3965 -0.8481 0.3514
vn -0.3840 -0.8481 0.3652
vn -0.3683 -0.8507 0.3750
vn -0.3510 -0.8559 0.3798
vn -0.3338 -0.8631 0.3790
vn -0.3184 -0.8715 0.3729
vn -0.3062 -0.8805 0.3620
vn -0.2985 -0.8890 0.3473
vn -0.2959 -0.8963 0.3303
vn -0.2989 -0.9016 0.3127
vn -0.3070 -0.9045 0.2961
vn -0.3195 -0.9046 0.2823
vn -0.3352 -0.9019 0.2725
vn -0.3525 -0.8967 0.2677
vn -0.3697 -0.8895 0.2684
vn -0.4844 0.8727 0.0612
vn -0.3363 0.9217 0.1935
vn 0.0450 0.9195 -0.3906
vn -0.1519 0.9485 0.2779
vn 0.0507 0.9506 0.3062
vn 0.2516 0.9278 0.2756
vn 0.4312 0.8822 0.1890
vn 0.5720 0.8184 0.0551
vn 0.6601 0.7426 -0.1132
vn 0.6869 0.6622 -0.2994
vn 0.6498 0.5851 -0.4852
vn 0.5525 0.5188 -0.6524
vn 0.4043 0.4699 -0.7847
vn 0.2200 0.4430 -0.8691
vn 0.0174 0.4409 -0.8974
vn -0.1835 0.4638 -0.8667
vn -0.3631 0.5093 -0.7802
vn -0.5039 0.5731 -0.6462
vn -0.5920 0.6489 -0.4779
vn -0.6188 0.7293 -0.2918
vn -0.5817 0.8064 -0.1060
vn -0.0095 -0.9393 0.3430
vn 0.0047 -0.9346 0.3557
vn -0.0450 -0.9195 0.3906
vn -0.0271 -0.9418 0.3350
vn -0.0465 -0.9420 0.3323
vn -0.0657 -0.9398 0.3352
vn -0.0829 -0.9355 0.3435
vn -0.0964 -0.9294 0.3563
vn -0.1048 -0.9221 0.3724
vn -0.1073 -0.9144 0.3902
vn -0.1038 -0.9071 0.4080
vn -0.0945 -0.9007 0.4240
vn -0.0803 -0.8961 0.4366
vn -0.0627 -0.8935 0.4447
vn -0.0433 -0.8933 0.4474
vn -0.0241 -0.8955 0.4445
vn -0.0069 -0.8998 0.4362
vn 0.0066 -0.9059 0.4234
vn 0.0150 -0.9132 0.4073
vn 0.0175 -0.9209 0.3895
vn 0.0140 -0.9283 0.3717
vn 0.1836 0.4335 0.8823
vn 0.3637 0.5360 0.7619
vn -0.2783 0.8958 0.3465
vn 0.4906 0.6424 0.5887
vn 0.5521 0.7423 0.3797
vn 0.5419 0.8259 0.1554
vn 0.4612 0.8851 -0.0623
vn 0.3178 0.9140 -0.2522
vn 0.1259 0.9098 -0.3955
vn -0.0960 0.8729 -0.4783
vn -0.3259 0.8070 -0.4925
vn -0.5415 0.7184 -0.4367
vn -0.7215 0.6159 -0.3163
vn -0.8485 0.5095 -0.1431
vn -0.9099 0.4096 0.0658
vn -0.8997 0.3260 0.2902
vn -0.8190 0.2668 0.5079
vn -0.6757 0.2379 0.6978
vn -0.4837 0.2421 0.8411
vn -0.2619 0.2790 0.9239
vn -0.0319 0.3449 0.9381
vn 0.2167 -0.8881 -0.4054
vn 0.2368 -0.8766 -0.4188
vn 0.2783 -0.8958 -0.3465
vn 0.2026 -0.8999 -0.3861
vn 0.1957 -0.9111 -0.3628
vn 0.1968 -0.9204 -0.3377
vn 0.2059 -0.9270 -0.3134
vn 0.2219 -0.9303 -0.2923
vn 0.2433 -0.9298 -0.2763
vn 0.2680 -0.9257 -0.2670
vn 0.2937 -0.9183 -0.2655
vn 0.3177 -0.9084 -0.2717
vn 0.3378 -0.8970 -0.2851
vn 0.3520 -0.8851 -0.3045
vn 0.3588 -0.8740 -0.3277
vn 0.3577 -0.8646 -0.3528
vn 0.3487 -0.8580 -0.3771
vn 0.3327 -0.8548 -0.3983
vn 0.3112 -0.8553 -0.4143
vn 0.2865 -0.8594 -0.4235
vn 0.2608 -0.8668 -0.4251
vn -0.2584 0.9554 0.1429
vn -0.1759 0.9832 0.0485
vn -0.4974 0.8475 -0.1852
vn -0.1205 0.9904 -0.0672
vn -0.0978 0.9763 -0.1929
vn -0.1098 0.9423 -0.3162
vn -0.1555 0.8917 -0.4250
vn -0.2304 0.8295 -0.5088
vn -0.3271 0.7617 -0.5593
vn -0.4362 0.6949 -0.5716
vn -0.5470 0.6359 -0.5445
vn -0.6487 0.5902 -0.4806
vn -0.7312 0.5623 -0.3861
vn -0.7866 0.5551 -0.2704
vn -0.8093 0.5692 -0.1448
vn -0.7973 0.6032 -0.0215
vn -0.7516 0.6539 0.0874
vn -0.6767 0.7161 0.1712
vn -0.5800 0.7839 0.2217
vn -0.4709 0.8506 0.2340
vn -0.3601 0.9097 0.2068
vn 0.4749 -0.8639 0.1676
vn 0.4815 -0.8617 0.1601
vn 0.4974 -0.8475 0.1852
vn 0.4704 -0.8645 0.1769
vn 0.4686 -0.8634 0.1870
vn 0.4696 -0.8607 0.1969
vn 0.4732 -0.8566 0.2056
vn 0.4792 -0.8516 0.2123
vn 0.4870 -0.8462 0.2164
vn 0.4957 -0.8408 0.2174
vn 0.5046 -0.8361 0.2152
vn 0.5128 -0.8324 0.2101
vn 0.5194 -0.8302 0.2025
vn 0.5238 -0.8296 0.1932
vn 0.5257 -0.8307 0.1831
vn 0.5247 -0.8335 0.1733
vn 0.5210 -0.8375 0.1645
vn 0.5150 -0.8425 0.1578
vn 0.5073 -0.8480 0.1538
vn 0.4985 -0.8533 0.1528
vn 0.4896 -0.8580 0.1549
vn -0.1387 0.6268 0.7668
vn 0.0332 0.7266 0.6863
vn -0.4443 0.8837 0.1469
vn 0.1702 0.8183 0.5491
vn 0.2588 0.8928 0.3686
vn 0.2905 0.9430 0.1625
vn 0.2620 0.9638 -0.0490
vn 0.1762 0.9533 -0.2452
vn 0.0415 0.9125 -0.4070
vn -0.1289 0.8453 -0.5185
vn -0.3184 0.7584 -0.5687
vn -0.5084 0.6602 -0.5528
vn -0.6803 0.5604 -0.4723
vn -0.8173 0.4688 -0.3352
vn -0.9059 0.3942 -0.1547
vn -0.9375 0.3440 0.0514
vn -0.9091 0.3232 0.2629
vn -0.8233 0.3337 0.4592
vn -0.6886 0.3745 0.6209
vn -0.5181 0.4417 0.7324
vn -0.3287 0.5286 0.7827
vn 0.4079 -0.8899 -0.2040
vn 0.4249 -0.8800 -0.2120
vn 0.4443 -0.8837 -0.1469
vn 0.3943 -0.8990 -0.1904
vn 0.3855 -0.9064 -0.1725
vn 0.3824 -0.9114 -0.1521
vn 0.3852 -0.9135 -0.1311
vn 0.3937 -0.9124 -0.1116
vn 0.4071 -0.9084 -0.0956
vn 0.4240 -0.9017 -0.0845
vn 0.4428 -0.8931 -0.0795
vn 0.4616 -0.8834 -0.0811
vn 0.4787 -0.8735 -0.0891
vn 0.4923 -0.8644 -0.1027
vn 0.5011 -0.8570 -0.1206
vn 0.5042 -0.8520 -0.1410
vn 0.5014 -0.8499 -0.1620
vn 0.4929 -0.8510 -0.1815
vn 0.4795 -0.8550 -0.1976
vn 0.4626 -0.8617 -0.2086
vn 0.4438 -0.8703 -0.2136
vn 0.4421 0.6843 0.5799
vn 0.6031 0.6768 0.4222
vn 0.0354 0.9993 -0.0111
vn 0.7074 0.6709 0.2223
vn 0.7450 0.6671 -0.0000
vn 0.7120 0.6658 -0.2232
vn 0.6117 0.6671 -0.4252
vn 0.4540 0.6709 -0.5864
vn 0.2542 0.6768 -0.6909
vn 0.0319 0.6843 -0.7285
vn -0.1911 0.6926 -0.6956
vn -0.3929 0.7008 -0.5954
vn -0.5540 0.7083 -0.4376
vn -0.6583 0.7142 -0.2377
vn -0.6959 0.7180 -0.0153
vn -0.6629 0.7193 0.2078
vn -0.5626 0.7180 0.4098
vn -0.4049 0.7142 0.5710
vn -0.2051 0.7083 0.6755
vn 0.0172 0.7008 0.7131
vn 0.2402 0.6926 0.6802
vn -0.1226 -0.9910 -0.0539
vn -0.0983 -0.9921 -0.0778
vn -0.0354 -0.9993 0.0111
vn -0.1384 -0.9901 -0.0237
vn -0.1441 -0.9895 0.0099
vn -0.1391 -0.9893 0.0436
vn -0.1239 -0.9895 0.0741
vn -0.1001 -0.9901 0.0985
vn -0.0699 -0.9910 0.1143
vn -0.0363 -0.9921 0.1200
vn -0.0026 -0.9934 0.1150
vn 0.0279 -0.9946 0.0998
vn 0.0522 -0.9957 0.0760
vn 0.0680 -0.9966 0.0458
vn 0.0737 -0.9972 0.0122
vn 0.0687 -0.9974 -0.0215
vn 0.0535 -0.9972 -0.0521
vn 0.0297 -0.9966 -0.0764
vn -0.0005 -0.9957 -0.0922
vn -0.0341 -0.9946 -0.0979
vn -0.0678 -0.9934 -0.0929
vn 0.2079 0.7579 0.6183
vn 0.3547 0.8081 0.4702
vn -0.2505 0.9649 0.0785
vn 0.4490 0.8480 0.2817
vn 0.4815 0.8735 0.0711
vn 0.4491 0.8824 -0.1408
vn 0.3548 0.8735 -0.3333
vn 0.2079 0.8480 -0.4876
vn 0.0228 0.8081 -0.5886
vn -0.1823 0.7579 -0.6263
vn -0.3875 0.7023 -0.5972
vn -0.5725 0.6467 -0.5040
vn -0.7194 0.5965 -0.3559
vn -0.8137 0.5566 -0.1674
vn -0.8462 0.5311 0.0432
vn -0.8138 0.5222 0.2551
vn -0.7195 0.5311 0.4476
vn -0.5726 0.5566 0.6019
vn -0.3876 0.5965 0.7029
vn -0.1824 0.6467 0.7406
vn 0.0227 0.7023 0.7115
vn 0.1573 -0.9763 -0.1484
vn 0.1834 -0.9674 -0.1747
vn 0.2505 -0.9649 -0.0785
vn 0.1413 -0.9831 -0.1162
vn 0.1359 -0.9875 -0.0804
vn 0.1415 -0.9890 -0.0443
vn 0.1574 -0.9875 -0.0116
vn 0.1824 -0.9831 0.0148
vn 0.2138 -0.9763 0.0321
vn 0.2488 -0.9678 0.0387
vn 0.2839 -0.9583 0.0340
vn 0.3156 -0.9487 0.0181
vn 0.3410 -0.9401 -0.0071
vn 0.3572 -0.9332 -0.0394
vn 0.3629 -0.9287 -0.0756
vn 0.3574 -0.9272 -0.1120
vn 0.3411 -0.9287 -0.1451
vn 0.3158 -0.9332 -0.1715
vn 0.2840 -0.9400 -0.1888
vn 0.2488 -0.9487 -0.1951
vn 0.2137 -0.9583 -0.1899
vn 0.3745 0.7969 0.4741
vn 0.5436 0.7779 0.3153
vn -0.0655 0.9802 -0.1870
vn 0.6553 0.7468 0.1133
vn 0.6986 0.7067 -0.1119
vn 0.6692 0.6616 -0.3385
vn 0.5700 0.6157 -0.5441
vn 0.4107 0.5737 -0.7087
vn 0.2070 0.5396 -0.8161
vn -0.0213 0.5167 -0.8559
vn -0.2518 0.5074 -0.8241
vn -0.4619 0.5125 -0.7239
vn -0.6311 0.5315 -0.5650
vn -0.7428 0.5625 -0.3631
vn -0.7860 0.6026 -0.1378
vn -0.7566 0.6478 0.0887
vn -0.6574 0.6936 0.2943
vn -0.4982 0.7357 0.4589
vn -0.2944 0.7698 0.5663
vn -0.0662 0.7926 0.6061
vn 0.1643 0.8019 0.5743
vn 0.0020 -0.9903 0.1390
vn 0.0202 -0.9923 0.1219
vn 0.0655 -0.9802 0.1870
vn -0.0100 -0.9869 0.1607
vn -0.0147 -0.9826 0.1850
vn -0.0115 -0.9778 0.2094
vn -0.0008 -0.9728 0.2315
vn 0.0164 -0.9683 0.2492
vn 0.0383 -0.9646 0.2608
vn 0.0629 -0.9622 0.2651
vn 0.0877 -0.9612 0.2616
vn 0.1103 -0.9617 0.2509
vn 0.1285 -0.9638 0.2337
vn 0.1405 -0.9671 0.2120
vn 0.1452 -0.9714 0.1877
vn 0.1420 -0.9763 0.1634
vn 0.1313 -0.9812 0.1412
vn 0.1142 -0.9858 0.1235
vn 0.0922 -0.9894 0.1119
vn 0.0677 -0.9919 0.1077
vn 0.0428 -0.9929 0.1111
vn 0.4677 0.6608 0.5871
vn 0.6508 0.6343 0.4173
vn 0.0291 0.9919 -0.1233
vn 0.7719 0.6037 0.1995
vn 0.8191 0.5719 -0.0450
vn 0.7879 0.5420 -0.2924
vn 0.6812 0.5170 -0.5183
vn 0.5095 0.4994 -0.7007
vn 0.2897 0.4908 -0.8217
vn 0.0432 0.4921 -0.8694
vn -0.2058 0.5032 -0.8393
vn -0.4330 0.5229 -0.7343
vn -0.6161 0.5494 -0.5645
vn -0.7372 0.5800 -0.3467
vn -0.7844 0.6118 -0.1021
vn -0.7531 0.6416 0.1452
vn -0.6465 0.6666 0.3711
vn -0.4748 0.6842 0.5535
vn -0.2550 0.6928 0.6745
vn -0.0085 0.6915 0.7223
vn 0.2405 0.6805 0.6922
vn -0.1048 -0.9924 0.0640
vn -0.0829 -0.9956 0.0436
vn -0.0291 -0.9919 0.1233
vn -0.1193 -0.9888 0.0901
vn -0.1250 -0.9850 0.1194
vn -0.1212 -0.9814 0.1490
vn -0.1084 -0.9784 0.1760
vn -0.0879 -0.9763 0.1979
vn -0.0616 -0.9753 0.2124
vn -0.0320 -0.9754 0.2181
vn -0.0022 -0.9767 0.2145
vn 0.0250 -0.9791 0.2019
vn 0.0469 -0.9823 0.1815
vn 0.0614 -0.9859 0.1554
vn 0.0671 -0.9897 0.1262
vn 0.0633 -0.9933 0.0965
vn 0.0505 -0.9963 0.0695
vn 0.0300 -0.9984 0.0476
vn 0.0036 -0.9994 0.0331
vn -0.0259 -0.9993 0.0274
vn -0.0557 -0.9980 0.0310
vn 0.3746 0.2615 0.8896
vn 0.5408 0.3114 0.7814
vn 0.1181 0.8201 0.5598
vn 0.6629 0.3915 0.6382
vn 0.7288 0.4941 0.4740
vn 0.7322 0.6091 0.3048
vn 0.6726 0.7252 0.1473
vn 0.5559 0.8311 0.0169
vn 0.3936 0.9163 -0.0737
vn 0.2015 0.9726 -0.1157
vn -0.0016 0.9945 -0.1048
vn -0.1958 0.9797 -0.0423
vn -0.3620 0.9298 0.0659
vn -0.4841 0.8497 0.2091
vn -0.5500 0.7471 0.3733
vn -0.5533 0.6321 0.5424
vn -0.4938 0.5160 0.6999
vn -0.3771 0.4102 0.8304
vn -0.2148 0.3249 0.9210
vn -0.0227 0.2686 0.9630
vn 0.1804 0.2467 0.9521
vn -0.1611 -0.7890 -0.5930
vn -0.1452 -0.7842 -0.6033
vn -0.1181 -0.8201 -0.5598
vn -0.1728 -0.7966 -0.5793
vn -0.1791 -0.8064 -0.5636
vn -0.1794 -0.8174 -0.5474
vn -0.1737 -0.8285 -0.5323
vn -0.1625 -0.8387 -0.5198
vn -0.1470 -0.8468 -0.5112
vn -0.1286 -0.8522 -0.5072
vn -0.1092 -0.8543 -0.5082
vn -0.0906 -0.8529 -0.5142
vn -0.0747 -0.8481 -0.5245
vn -0.0631 -0.8404 -0.5382
vn -0.0568 -0.8306 -0.5539
vn -0.0564 -0.8196 -0.5701
vn -0.0621 -0.8085 -0.5852
vn -0.0733 -0.7984 -0.5977
vn -0.0888 -0.7902 -0.6063
vn -0.1072 -0.7849 -0.6103
vn -0.1266 -0.7828 -0.6093
vn 0.8273 0.1020 0.5524
vn 0.9468 0.0666 0.3149
vn 0.4502 0.8880 0.0938
vn 0.9963 0.0693 0.0513
vn 0.9709 0.1101 -0.2125
vn 0.8732 0.1848 -0.4509
vn 0.7128 0.2861 -0.6404
vn 0.5052 0.4043 -0.7625
vn 0.2708 0.5276 -0.8052
vn 0.0327 0.6440 -0.7643
vn -0.1860 0.7421 -0.6440
vn -0.3638 0.8124 -0.4558
vn -0.4833 0.8478 -0.2183
vn -0.5328 0.8451 0.0453
vn -0.5074 0.8043 0.3092
vn -0.4097 0.7296 0.5475
vn -0.2492 0.6282 0.7370
vn -0.0417 0.5101 0.8591
vn 0.1927 0.3868 0.9018
vn 0.4308 0.2704 0.8610
vn 0.6495 0.1723 0.7406
vn -0.6076 -0.7791 -0.1540
vn -0.5788 -0.7876 -0.2112
vn -0.4502 -0.8880 -0.0938
vn -0.6190 -0.7799 -0.0926
vn -0.6130 -0.7895 -0.0313
vn -0.5902 -0.8069 0.0241
vn -0.5529 -0.8304 0.0682
vn -0.5047 -0.8579 0.0967
vn -0.4502 -0.8865 0.1068
vn -0.3946 -0.9136 0.0976
vn -0.3434 -0.9366 0.0698
vn -0.3016 -0.9531 0.0261
vn -0.2734 -0.9615 -0.0295
vn -0.2616 -0.9609 -0.0912
vn -0.2674 -0.9513 -0.1532
vn -0.2903 -0.9338 -0.2092
vn -0.3280 -0.9100 -0.2537
vn -0.3768 -0.8823 -0.2822
vn -0.4318 -0.8534 -0.2920
vn -0.4876 -0.8262 -0.2821
vn -0.5386 -0.8034 -0.2537
vn -0.0001 0.9355 0.3534
vn 0.1798 0.9606 0.2118
vn -0.3906 0.8537 -0.3445
vn 0.3163 0.9483 0.0267
vn 0.3958 0.8997 -0.1839
vn 0.4108 0.8196 -0.3994
vn 0.3596 0.7158 -0.5985
vn 0.2474 0.5986 -0.7619
vn 0.0851 0.4793 -0.8735
vn -0.1114 0.3696 -0.9225
vn -0.3229 0.2803 -0.9040
vn -0.5287 0.2201 -0.8198
vn -0.7086 0.1950 -0.6782
vn -0.8450 0.2073 -0.4930
vn -0.9245 0.2559 -0.2824
vn -0.9395 0.3360 -0.0670
vn -0.8884 0.4397 0.1321
vn -0.7761 0.5570 0.2955
vn -0.6138 0.6763 0.4072
vn -0.4173 0.7860 0.4561
vn -0.2058 0.8753 0.4376
vn 0.3421 -0.8918 0.2962
vn 0.3613 -0.8891 0.2811
vn 0.3906 -0.8537 0.3445
vn 0.3276 -0.8904 0.3159
vn 0.3192 -0.8853 0.3382
vn 0.3176 -0.8768 0.3612
vn 0.3230 -0.8657 0.3823
vn 0.3350 -0.8533 0.3997
vn 0.3522 -0.8406 0.4116
vn 0.3731 -0.8289 0.4168
vn 0.3956 -0.8194 0.4148
vn 0.4175 -0.8130 0.4058
vn 0.4366 -0.8103 0.3908
vn 0.4511 -0.8117 0.3711
vn 0.4596 -0.8168 0.3487
vn 0.4611 -0.8254 0.3258
vn 0.4557 -0.8364 0.3046
vn 0.4438 -0.8489 0.2872
vn 0.4265 -0.8615 0.2754
vn 0.4056 -0.8732 0.2702
vn 0.3831 -0.8827 0.2721
vn 0.5182 0.4963 0.6965
vn 0.6680 0.4824 0.5666
vn 0.2879 0.9290 0.2323
vn 0.7743 0.4914 0.3988
vn 0.8265 0.5225 0.2095
vn 0.8195 0.5728 0.0173
vn 0.7542 0.6371 -0.1591
vn 0.6367 0.7093 -0.3024
vn 0.4787 0.7823 -0.3985
vn 0.2956 0.8490 -0.4380
vn 0.1053 0.9027 -0.4171
vn -0.0735 0.9383 -0.3378
vn -0.2233 0.9523 -0.2079
vn -0.3296 0.9433 -0.0401
vn -0.3818 0.9121 0.1492
vn -0.3749 0.8619 0.3414
vn -0.3095 0.7975 0.5178
vn -0.1921 0.7253 0.6611
vn -0.0341 0.6523 0.7572
vn 0.1490 0.5857 0.7967
vn 0.3393 0.5319 0.7758
vn -0.3293 -0.9053 -0.2682
vn -0.3152 -0.9067 -0.2804
vn -0.2879 -0.9290 -0.2323
vn -0.3392 -0.9062 -0.2525
vn -0.3441 -0.9091 -0.2347
vn -0.3435 -0.9138 -0.2167
vn -0.3373 -0.9199 -0.2001
vn -0.3263 -0.9266 -0.1867
vn -0.3115 -0.9335 -0.1777
vn -0.2943 -0.9397 -0.1739
vn -0.2765 -0.9448 -0.1759
vn -0.2597 -0.9481 -0.1833
vn -0.2456 -0.9494 -0.1955
vn -0.2356 -0.9486 -0.2113
vn -0.2307 -0.9457 -0.2290
vn -0.2314 -0.9410 -0.2471
vn -0.2375 -0.9349 -0.2636
vn -0.2486 -0.9281 -0.2771
vn -0.2634 -0.9213 -0.2861
vn -0.2806 -0.9150 -0.2898
vn -0.2984 -0.9100 -0.2879
vn 0.5941 0.7654 -0.2474
vn 0.4287 0.8201 -0.3790
vn 0.0920 0.9551 0.2815
vn 0.2277 0.8615 -0.4538
vn 0.0109 0.8855 -0.4644
vn -0.2005 0.8898 -0.4099
vn -0.3859 0.8740 -0.2955
vn -0.5270 0.8395 -0.1324
vn -0.6101 0.7898 0.0634
vn -0.6270 0.7297 0.2727
vn -0.5761 0.6652 0.4750
vn -0.4623 0.6025 0.6506
vn -0.2969 0.5478 0.7822
vn -0.0959 0.5064 0.8570
vn 0.1209 0.4823 0.8676
vn 0.3323 0.4780 0.8130
vn 0.5177 0.4939 0.6986
vn 0.6588 0.5284 0.5355
vn 0.7419 0.5781 0.3398
vn 0.7588 0.6381 0.1305
vn 0.7079 0.7027 -0.0719
vn -0.1541 -0.9717 -0.1790
vn -0.1839 -0.9618 -0.2027
vn -0.0920 -0.9551 -0.2815
vn -0.1193 -0.9788 -0.1662
vn -0.0818 -0.9830 -0.1644
vn -0.0454 -0.9837 -0.1739
vn -0.0133 -0.9810 -0.1936
vn 0.0111 -0.9750 -0.2218
vn 0.0256 -0.9665 -0.2556
vn 0.0287 -0.9561 -0.2918
vn 0.0200 -0.9448 -0.3269
vn 0.0005 -0.9339 -0.3575
vn -0.0282 -0.9243 -0.3805
vn -0.0632 -0.9171 -0.3937
vn -0.1010 -0.9129 -0.3956
vn -0.1379 -0.9121 -0.3861
vn -0.1702 -0.9149 -0.3661
vn -0.1947 -0.9209 -0.3376
vn -0.2091 -0.9296 -0.3035
vn -0.2118 -0.9401 -0.2671
vn -0.2028 -0.9514 -0.2320
vn -0.2455 0.9678 -0.0562
vn -0.2087 0.9751 -0.0746
vn -0.4302 0.8304 -0.3539
vn -0.2951 0.8575 -0.4215
vn -0.5651 -0.1052 -0.8183
vn -0.5671 0.5247 -0.6349
vn -0.3425 0.5696 -0.7471
vn -0.2900 -0.0501 -0.9557
vn -0.4302 0.8304 -0.3540
vn -0.2748 0.9611 -0.0271
vn -0.5377 0.8061 -0.2472
vn -0.7459 0.4841 -0.4575
vn -0.5378 0.8060 -0.2473
vn -0.5652 -0.1052 -0.8182
vn -0.7841 -0.1549 -0.6010
vn -0.2937 0.9558 0.0098
vn -0.6072 0.7867 -0.1118
vn -0.8613 0.4519 -0.2323
vn -0.6072 0.7866 -0.1118
vn -0.9255 -0.1943 -0.3251
vn -0.3004 0.9525 0.0509
vn -0.6317 0.7743 0.0392
vn -0.9020 0.4313 0.0187
vn -0.6317 0.7742 0.0392
vn -0.9754 -0.2197 -0.0177
vn -0.2942 0.9513 0.0922
vn -0.6089 0.7700 0.1909
vn -0.8641 0.4241 0.2709
vn -0.6089 0.7699 0.1909
vn -0.9290 -0.2284 0.2912
vn -0.2757 0.9525 0.1297
vn -0.5410 0.7743 0.3284
vn -0.7513 0.4313 0.4995
vn -0.5410 0.7742 0.3284
vn -0.7908 -0.2197 0.5713
vn -0.2468 0.9558 0.1596
vn -0.4347 0.7867 0.4384
vn -0.5746 0.4519 0.6824
vn -0.4347 0.7866 0.4384
vn -0.5744 -0.1943 0.7952
vn -0.2102 0.9611 0.1791
vn -0.3004 0.8060 0.5099
vn -0.3513 0.4841 0.8014
vn -0.3004 0.8060 0.5100
vn -0.3008 -0.1549 0.9410
vn -0.1695 0.9678 0.1863
vn -0.1512 0.8305 0.5362
vn -0.1032 0.5247 0.8450
vn -0.1512 0.8304 0.5362
vn 0.0030 -0.1052 0.9944
vn -0.1288 0.9751 0.1804
vn -0.0017 0.8575 0.5145
vn 0.1453 0.5696 0.8089
vn 0.3074 -0.0501 0.9503
vn -0.0920 0.9825 0.1620
vn 0.1334 0.8845 0.4470
vn 0.3699 0.6146 0.6967
vn 0.5825 0.0049 0.8128
vn -0.0627 0.9891 0.1329
vn 0.2409 0.9089 0.3403
vn 0.5487 0.6552 0.5193
vn 0.2410 0.9089 0.3403
vn 0.8015 0.0546 0.5955
vn -0.0438 0.9944 0.0960
vn 0.3103 0.9283 0.2048
vn 0.6641 0.6874 0.2941
vn 0.3104 0.9283 0.2048
vn 0.9429 0.0940 0.3197
vn -0.0371 0.9978 0.0549
vn 0.3348 0.9407 0.0539
vn 0.7049 0.7080 0.0431
vn 0.3349 0.9407 0.0539
vn 0.9928 0.1194 0.0123
vn -0.0433 0.9990 0.0136
vn 0.3121 0.9450 -0.0978
vn 0.6670 0.7152 -0.2091
vn 0.9464 0.1281 -0.2966
vn -0.0618 0.9978 -0.0239
vn 0.2442 0.9407 -0.2354
vn 0.5541 0.7080 -0.4377
vn 0.8082 0.1194 -0.5767
vn -0.0908 0.9944 -0.0538
vn 0.1379 0.9283 -0.3453
vn 0.3774 0.6874 -0.6206
vn 0.1379 0.9283 -0.3454
vn 0.5917 0.0940 -0.8006
vn -0.1274 0.9891 -0.0733
vn 0.0036 0.9089 -0.4169
vn 0.1541 0.6552 -0.7396
vn 0.0036 0.9089 -0.4170
vn 0.3182 0.0546 -0.9465
vn -0.1680 0.9825 -0.0805
vn -0.1456 0.8846 -0.4431
vn -0.0940 0.6146 -0.7832
vn -0.1456 0.8845 -0.4432
vn 0.0144 0.0049 -0.9999
vn -0.5635 -0.1132 -0.8183
vn -0.7824 -0.1629 -0.6011
vn -0.9237 -0.2023 -0.3254
vn -0.9736 -0.2276 -0.0181
vn -0.9272 -0.2363 0.2906
vn -0.7891 -0.2276 0.5706
vn -0.5727 -0.2023 0.7944
vn -0.2993 -0.1629 0.9402
vn 0.0044 -0.1132 0.9936
vn 0.3086 -0.0581 0.9494
vn 0.5836 -0.0031 0.8120
vn 0.8025 0.0466 0.5948
vn 0.9438 0.0860 0.3191
vn 0.9937 0.1113 0.0118
vn 0.9473 0.1200 -0.2969
vn 0.8092 0.1113 -0.5769
vn 0.5928 0.0860 -0.8007
vn 0.3194 0.0466 -0.9465
vn 0.0157 -0.0031 -0.9999
vn -0.2885 -0.0581 -0.9557
vn -0.0447 -0.9395 -0.3396
vn 0.0531 -0.9199 -0.3885
vn -0.4109 -0.5426 -0.7326
vn -0.1728 -0.4950 -0.8515
vn -0.4110 -0.5426 -0.7326
vn -0.6004 -0.5856 -0.5445
vn -0.1225 -0.9571 -0.2624
vn -0.7228 -0.6198 -0.3058
vn -0.1727 -0.9712 -0.1644
vn -0.7659 -0.6417 -0.0398
vn -0.1904 -0.9801 -0.0552
vn -0.7258 -0.6492 0.2275
vn -0.1739 -0.9832 0.0545
vn -0.6062 -0.6417 0.4699
vn -0.1248 -0.9801 0.1540
vn -0.4189 -0.6198 0.6637
vn -0.0479 -0.9712 0.2336
vn -0.1822 -0.5856 0.7898
vn 0.0493 -0.9571 0.2854
vn 0.0808 -0.5426 0.8361
vn 0.1572 -0.9395 0.3044
vn 0.3442 -0.4950 0.7978
vn 0.2653 -0.9199 0.2887
vn 0.5823 -0.4473 0.6789
vn 0.3631 -0.9004 0.2398
vn 0.7718 -0.4043 0.4908
vn 0.4409 -0.8827 0.1626
vn 0.8941 -0.3702 0.2521
vn 0.4911 -0.8687 0.0646
vn 0.9373 -0.3483 -0.0139
vn 0.5088 -0.8597 -0.0446
vn 0.8971 -0.3407 -0.2812
vn 0.4924 -0.8566 -0.1543
vn 0.7775 -0.3483 -0.5236
vn 0.4433 -0.8597 -0.2538
vn 0.5902 -0.3702 -0.7174
vn 0.3664 -0.8687 -0.3334
vn 0.3535 -0.4043 -0.8435
vn 0.2692 -0.8827 -0.3852
vn 0.0906 -0.4473 -0.8898
vn 0.1612 -0.9004 -0.4042
vn 0.2354 0.9009 -0.3648
vn 0.2861 0.8767 -0.3866
vn -0.0750 0.7176 -0.6924
vn 0.0917 0.6383 -0.7643
vn -0.5593 -0.0347 -0.8283
vn -0.3340 0.4156 -0.8460
vn -0.0976 0.3032 -0.9479
vn -0.2964 -0.1597 -0.9416
vn -0.0751 0.7175 -0.6925
vn 0.0917 0.6382 -0.7644
vn 0.1949 0.9247 -0.3271
vn -0.2082 0.7960 -0.5684
vn -0.3341 0.4157 -0.8459
vn -0.5229 0.5268 -0.6701
vn -0.2083 0.7959 -0.5684
vn -0.5593 -0.0347 -0.8282
vn -0.7693 0.0888 -0.6327
vn 0.1686 0.9459 -0.2772
vn -0.2948 0.8658 -0.4044
vn -0.6457 0.6258 -0.4375
vn -0.2948 0.8657 -0.4044
vn -0.9058 0.1988 -0.3741
vn 0.1590 0.9624 -0.2201
vn -0.3263 0.9201 -0.2165
vn -0.6904 0.7029 -0.1710
vn -0.9555 0.2844 -0.0778
vn 0.1671 0.9727 -0.1613
vn -0.2996 0.9538 -0.0231
vn -0.6526 0.7507 0.1033
vn -0.2997 0.9538 -0.0231
vn -0.9135 0.3375 0.2272
vn 0.1921 0.9756 -0.1066
vn -0.2174 0.9634 0.1569
vn -0.5360 0.7643 0.3586
vn -0.2175 0.9634 0.1570
vn -0.7839 0.3526 0.5110
vn 0.2315 0.9709 -0.0613
vn -0.0877 0.9480 0.3059
vn -0.3521 0.7424 0.5699
vn -0.0878 0.9480 0.3060
vn -0.5794 0.3284 0.7459
vn 0.2815 0.9591 -0.0299
vn 0.0768 0.9092 0.4093
vn -0.1188 0.6873 0.7165
vn 0.0767 0.9091 0.4094
vn -0.3201 0.2671 0.9090
vn 0.3372 0.9413 -0.0154
vn 0.2600 0.8507 0.4570
vn 0.1410 0.6044 0.7841
vn 0.2600 0.8506 0.4570
vn -0.0312 0.1750 0.9841
vn 0.3931 0.9193 -0.0192
vn 0.4439 0.7782 0.4442
vn 0.4019 0.5016 0.7661
vn 0.4439 0.7782 0.4443
vn 0.2589 0.0608 0.9640
vn 0.4438 0.8952 -0.0411
vn 0.6107 0.6989 0.3723
vn 0.6384 0.3892 0.6641
vn 0.6107 0.6988 0.3724
vn 0.5218 -0.0642 0.8506
vn 0.4843 0.8713 -0.0788
vn 0.7438 0.6205 0.2483
vn 0.8273 0.2780 0.4882
vn 0.7439 0.6205 0.2484
vn 0.7319 -0.1877 0.6551
vn 0.5106 0.8501 -0.1286
vn 0.8304 0.5507 0.0843
vn 0.9501 0.1790 0.2557
vn 0.8305 0.5507 0.0844
vn 0.8684 -0.2977 0.3965
vn 0.5202 0.8336 -0.1858
vn 0.8619 0.4963 -0.1036
vn 0.9947 0.1019 -0.0108
vn 0.8620 0.4963 -0.1036
vn 0.9181 -0.3834 0.1002
vn 0.5121 0.8234 -0.2446
vn 0.8353 0.4627 -0.2970
vn 0.9569 0.0542 -0.2852
vn 0.8353 0.4626 -0.2970
vn 0.8761 -0.4364 -0.2048
vn 0.4871 0.8205 -0.2993
vn 0.7531 0.4531 -0.4770
vn 0.8404 0.0406 -0.5405
vn 0.7531 0.4530 -0.4771
vn 0.7465 -0.4516 -0.4887
vn 0.4477 0.8251 -0.3446
vn 0.6234 0.4685 -0.6260
vn 0.6564 0.0623 -0.7518
vn 0.6234 0.4684 -0.6261
vn 0.5420 -0.4273 -0.7236
vn 0.3977 0.8369 -0.3760
vn 0.4589 0.5073 -0.7294
vn 0.4232 0.1175 -0.8984
vn 0.4589 0.5073 -0.7295
vn 0.2826 -0.3661 -0.8866
vn 0.3420 0.8547 -0.3905
vn 0.2757 0.5658 -0.7771
vn 0.1633 0.2004 -0.9660
vn -0.0063 -0.2739 -0.9617
vn -0.5611 -0.0400 -0.8268
vn -0.7710 0.0834 -0.6313
vn -0.9075 0.1934 -0.3728
vn -0.9572 0.2791 -0.0766
vn -0.9152 0.3321 0.2283
vn -0.7857 0.3472 0.5120
vn -0.5812 0.3230 0.7469
vn -0.3220 0.2618 0.9098
vn -0.0332 0.1696 0.9850
vn 0.2568 0.0555 0.9649
vn 0.5197 -0.0695 0.8515
vn 0.7296 -0.1929 0.6561
vn 0.8661 -0.3029 0.3976
vn 0.9158 -0.3886 0.1014
vn 0.8738 -0.4416 -0.2035
vn 0.7443 -0.4567 -0.4873
vn 0.5398 -0.4325 -0.7222
vn 0.2805 -0.3713 -0.8851
vn -0.0083 -0.2791 -0.9602
vn -0.2983 -0.1649 -0.9401
vn -0.5610 -0.0400 -0.8268
vn -0.6085 -0.7051 -0.3640
vn -0.4439 -0.7834 -0.4350
vn -0.6139 -0.2292 -0.7554
vn -0.3601 -0.3498 -0.8648
vn -0.6139 -0.2291 -0.7554
vn -0.8166 -0.1098 -0.5666
vn -0.7400 -0.6277 -0.2417
vn -0.9484 -0.0036 -0.3170
vn -0.8254 -0.5588 -0.0798
vn -0.9964 0.0792 -0.0310
vn -0.8565 -0.5052 0.1057
vn -0.9558 0.1304 0.2635
vn -0.8302 -0.4720 0.2966
vn -0.8307 0.1450 0.5375
vn -0.7491 -0.4625 0.4743
vn -0.6333 0.1216 0.7643
vn -0.6211 -0.4777 0.6214
vn -0.3829 0.0625 0.9217
vn -0.4587 -0.5160 0.7234
vn -0.1040 -0.0266 0.9942
vn -0.2779 -0.5738 0.7704
vn 0.1760 -0.1369 0.9748
vn -0.0963 -0.6453 0.7579
vn 0.4298 -0.2576 0.8654
vn 0.0683 -0.7235 0.6869
vn 0.6326 -0.3769 0.6766
vn 0.1997 -0.8009 0.5645
vn 0.7644 -0.4831 0.4270
vn 0.2852 -0.8698 0.4027
vn 0.8123 -0.5659 0.1410
vn 0.3163 -0.9235 0.2172
vn 0.7718 -0.6171 -0.1535
vn 0.2900 -0.9567 0.0263
vn 0.6466 -0.6317 -0.4275
vn 0.2088 -0.9662 -0.1514
vn 0.4492 -0.6083 -0.6543
vn 0.0808 -0.9510 -0.2985
vn 0.1988 -0.5492 -0.8117
vn -0.0815 -0.9126 -0.4005
vn -0.0801 -0.4601 -0.8842
vn -0.2624 -0.8549 -0.4476
vn 0.2782 0.8605 -0.4268
vn 0.3112 0.8424 -0.4399
vn 0.0459 0.7357 -0.6758
vn 0.1684 0.6686 -0.7243
vn -0.5777 -0.1269 -0.8063
vn -0.2386 0.4599 -0.8553
vn -0.0307 0.3460 -0.9377
vn -0.3189 -0.2687 -0.9089
vn 0.0458 0.7356 -0.6758
vn 0.1684 0.6685 -0.7244
vn 0.2521 0.8796 -0.4034
vn -0.0508 0.8065 -0.5890
vn 0.0458 0.7357 -0.6758
vn -0.4025 0.5801 -0.7081
vn -0.0509 0.8065 -0.5890
vn -0.5778 -0.1269 -0.8063
vn -0.7818 0.0227 -0.6231
vn 0.2356 0.8978 -0.3720
vn -0.1120 0.8742 -0.4726
vn -0.5065 0.6948 -0.5106
vn -0.1121 0.8741 -0.4726
vn -0.9112 0.1655 -0.3772
vn 0.2303 0.9134 -0.3357
vn -0.1320 0.9319 -0.3379
vn -0.5403 0.7928 -0.2820
vn -0.1320 0.9319 -0.3378
vn -0.9533 0.2875 -0.0926
vn 0.2366 0.9248 -0.2980
vn -0.1085 0.9742 -0.1980
vn -0.5006 0.8645 -0.0448
vn -0.1086 0.9742 -0.1980
vn -0.9039 0.3768 0.2027
vn 0.2539 0.9309 -0.2626
vn -0.0441 0.9968 -0.0668
vn -0.3913 0.9029 0.1779
vn -0.0442 0.9968 -0.0667
vn -0.7678 0.4246 0.4798
vn 0.2806 0.9311 -0.2331
vn 0.0550 0.9976 0.0430
vn -0.2231 0.9042 0.3642
vn 0.0549 0.9976 0.0431
vn -0.5584 0.4262 0.7117
vn 0.3141 0.9254 -0.2121
vn 0.1791 0.9764 0.1206
vn -0.0125 0.8683 0.4958
vn 0.1791 0.9764 0.1207
vn -0.2963 0.3815 0.8756
vn 0.3510 0.9143 -0.2019
vn 0.3161 0.9354 0.1585
vn 0.2200 0.7987 0.5600
vn -0.0069 0.2949 0.9555
vn 0.3878 0.8990 -0.2035
vn 0.4526 0.8785 0.1528
vn 0.4515 0.7023 0.5504
vn 0.4526 0.8785 0.1529
vn 0.2813 0.1748 0.9436
vn 0.4208 0.8809 -0.2166
vn 0.5751 0.8114 0.1042
vn 0.6594 0.5884 0.4680
vn 0.5752 0.8114 0.1043
vn 0.5401 0.0330 0.8410
vn 0.4469 0.8618 -0.2399
vn 0.6718 0.7406 0.0174
vn 0.8233 0.4682 0.3208
vn 0.6718 0.7405 0.0175
vn 0.7442 -0.1166 0.6578
vn 0.4634 0.8436 -0.2713
vn 0.7331 0.6729 -0.0990
vn 0.9273 0.3535 0.1233
vn 0.7331 0.6729 -0.0989
vn 0.8736 -0.2594 0.4118
vn 0.4688 0.8280 -0.3076
vn 0.7529 0.6152 -0.2337
vn 0.9611 0.2555 -0.1053
vn 0.7530 0.6151 -0.2337
vn 0.9156 -0.3814 0.1273
vn 0.4625 0.8166 -0.3453
vn 0.7295 0.5729 -0.3735
vn 0.9214 0.1838 -0.3425
vn 0.7296 0.5728 -0.3735
vn 0.8662 -0.4706 -0.1680
vn 0.4451 0.8105 -0.3807
vn 0.6652 0.5503 -0.5047
vn 0.8121 0.1454 -0.5652
vn 0.6652 0.5502 -0.5048
vn 0.7301 -0.5184 -0.4451
vn 0.4184 0.8103 -0.4103
vn 0.5660 0.5495 -0.6145
vn 0.6439 0.1441 -0.7514
vn 0.5660 0.5495 -0.6146
vn 0.5208 -0.5201 -0.6770
vn 0.3849 0.8160 -0.4312
vn 0.4418 0.5707 -0.6921
vn 0.4333 0.1800 -0.8831
vn 0.4419 0.5706 -0.6922
vn 0.2586 -0.4754 -0.8409
vn 0.3480 0.8271 -0.4414
vn 0.3049 0.6117 -0.7300
vn 0.2008 0.2496 -0.9473
vn 0.3048 0.6116 -0.7301
vn -0.0308 -0.3887 -0.9208
vn -0.5805 -0.1343 -0.8031
vn -0.7845 0.0152 -0.6200
vn -0.9138 0.1579 -0.3742
vn -0.9558 0.2799 -0.0898
vn -0.9064 0.3691 0.2053
vn -0.7705 0.4168 0.4823
vn -0.5612 0.4185 0.7141
vn -0.2991 0.3738 0.8779
vn -0.0099 0.2872 0.9578
vn 0.2781 0.1672 0.9459
vn 0.5368 0.0255 0.8433
vn 0.7408 -0.1241 0.6602
vn 0.8701 -0.2668 0.4144
vn 0.9121 -0.3887 0.1300
vn 0.8627 -0.4779 -0.1651
vn 0.7268 -0.5257 -0.4421
vn 0.5175 -0.5273 -0.6739
vn 0.2554 -0.4827 -0.8377
vn -0.0338 -0.3961 -0.9176
vn -0.3218 -0.2760 -0.9057
vn -0.5804 -0.1343 -0.8031
vn -0.5217 -0.8528 0.0244
vn -0.4336 -0.9011 -0.0105
vn -0.6613 -0.5259 -0.5349
vn -0.4401 -0.6470 -0.6226
vn -0.6613 -0.5258 -0.5349
vn -0.8358 -0.3980 -0.3783
vn -0.5913 -0.8018 0.0868
vn -0.9464 -0.2759 -0.1682
vn -0.6354 -0.7531 0.1706
vn -0.9823 -0.1717 0.0750
vn -0.6497 -0.7116 0.2675
vn -0.9401 -0.0954 0.3274
vn -0.6328 -0.6812 0.3681
vn -0.8238 -0.0546 0.5643
vn -0.5865 -0.6649 0.4625
vn -0.6448 -0.0532 0.7625
vn -0.5152 -0.6644 0.5415
vn -0.4208 -0.0914 0.9026
vn -0.4259 -0.6796 0.5973
vn -0.1735 -0.1654 0.9709
vn -0.3273 -0.7091 0.6246
vn 0.0728 -0.2680 0.9607
vn -0.2291 -0.7500 0.6205
vn 0.2940 -0.3892 0.8730
vn -0.1410 -0.7983 0.5855
vn 0.4684 -0.5171 0.7164
vn -0.0715 -0.8492 0.5231
vn 0.5791 -0.6391 0.5062
vn -0.0274 -0.8979 0.4394
vn 0.6150 -0.7434 0.2630
vn -0.0130 -0.9394 0.3424
vn 0.5728 -0.8197 0.0106
vn -0.0299 -0.9699 0.2419
vn 0.4565 -0.8605 -0.2262
vn -0.0762 -0.9861 0.1474
vn 0.2775 -0.8619 -0.4244
vn -0.1475 -0.9867 0.0685
vn 0.0535 -0.8237 -0.5645
vn -0.2369 -0.9715 0.0126
vn -0.1938 -0.7497 -0.6328
vn -0.3354 -0.9420 -0.0146
vn 0.1505 0.8751 -0.4600
vn 0.1704 0.8886 -0.4258
vn 0.4281 0.6686 -0.6081
vn 0.5012 0.7183 -0.4826
vn 0.7897 -0.3172 -0.5252
vn 0.6727 0.3116 -0.6711
vn 0.7941 0.3943 -0.4626
vn 0.9384 -0.2159 -0.2697
vn 0.4281 0.6685 -0.6081
vn 0.5012 0.7182 -0.4826
vn 0.1202 0.8651 -0.4870
vn 0.3170 0.6319 -0.7073
vn 0.6726 0.3116 -0.6712
vn 0.4879 0.2506 -0.8362
vn 0.3170 0.6318 -0.7074
vn 0.5634 -0.3920 -0.7273
vn 0.0826 0.8596 -0.5043
vn 0.1787 0.6117 -0.7706
vn 0.2580 0.2171 -0.9415
vn 0.1787 0.6116 -0.7707
vn 0.2818 -0.4330 -0.8562
vn 0.0412 0.8591 -0.5101
vn 0.0267 0.6102 -0.7918
vn 0.0053 0.2145 -0.9767
vn 0.0267 0.6101 -0.7919
vn -0.0277 -0.4362 -0.8994
vn 0.0001 0.8638 -0.5038
vn -0.1240 0.6273 -0.7689
vn -0.2453 0.2430 -0.9385
vn -0.1240 0.6272 -0.7689
vn -0.3346 -0.4013 -0.8526
vn -0.0366 0.8731 -0.4861
vn -0.2588 0.6614 -0.7040
vn -0.4693 0.2998 -0.8306
vn -0.6091 -0.3317 -0.7204
vn -0.0653 0.8862 -0.4587
vn -0.3644 0.7093 -0.6034
vn -0.6449 0.3794 -0.6635
vn -0.3644 0.7093 -0.6035
vn -0.8241 -0.2342 -0.5158
vn -0.0834 0.9016 -0.4244
vn -0.4304 0.7662 -0.4772
vn -0.7548 0.4739 -0.4536
vn -0.4305 0.7661 -0.4772
vn -0.9587 -0.1184 -0.2586
vn -0.0888 0.9181 -0.3863
vn -0.4505 0.8265 -0.3376
vn -0.7882 0.5742 -0.2214
vn -0.4506 0.8265 -0.3375
vn -0.9997 0.0044 0.0257
vn -0.0813 0.9338 -0.3484
vn -0.4227 0.8843 -0.1982
vn -0.7420 0.6703 0.0103
vn -0.4228 0.8843 -0.1981
vn -0.9430 0.1222 0.3095
vn -0.0614 0.9474 -0.3142
vn -0.3497 0.9340 -0.0728
vn -0.6205 0.7530 0.2189
vn -0.3497 0.9340 -0.0727
vn -0.7943 0.2234 0.5650
vn -0.0311 0.9574 -0.2872
vn -0.2386 0.9708 0.0265
vn -0.4358 0.8141 0.3839
vn -0.2386 0.9708 0.0266
vn -0.5680 0.2982 0.7671
vn 0.0066 0.9629 -0.2699
vn -0.1003 0.9909 0.0898
vn -0.2059 0.8475 0.4892
vn -0.1003 0.9909 0.0899
vn -0.2864 0.3392 0.8961
vn 0.0480 0.9633 -0.2641
vn 0.0517 0.9925 0.1110
vn 0.0468 0.8502 0.5245
vn 0.0517 0.9925 0.1111
vn 0.0231 0.3425 0.9393
vn 0.0890 0.9586 -0.2704
vn 0.2024 0.9753 0.0881
vn 0.2974 0.8217 0.4862
vn 0.3300 0.3076 0.8925
vn 0.1257 0.9493 -0.2881
vn 0.3372 0.9412 0.0231
vn 0.5214 0.7649 0.3783
vn 0.3372 0.9411 0.0232
vn 0.6045 0.2380 0.7602
vn 0.1545 0.9363 -0.3154
vn 0.4427 0.8933 -0.0774
vn 0.6970 0.6853 0.2112
vn 0.4428 0.8933 -0.0773
vn 0.8195 0.1405 0.5556
vn 0.1725 0.9208 -0.3498
vn 0.5088 0.8364 -0.2036
vn 0.8069 0.5907 0.0013
vn 0.5089 0.8364 -0.2036
vn 0.9541 0.0247 0.2985
vn 0.1780 0.9044 -0.3879
vn 0.5290 0.7761 -0.3433
vn 0.8403 0.4905 -0.2309
vn 0.9951 -0.0981 0.0141
vn 0.7889 -0.3245 -0.5218
vn 0.5628 -0.3993 -0.7238
vn 0.2813 -0.4403 -0.8527
vn -0.0280 -0.4435 -0.8959
vn -0.3349 -0.4086 -0.8491
vn -0.6092 -0.3390 -0.7169
vn -0.8241 -0.2416 -0.5123
vn -0.9586 -0.1258 -0.2553
vn -0.9996 -0.0031 0.0289
vn -0.9429 0.1147 0.3126
vn -0.7943 0.2159 0.5679
vn -0.5681 0.2906 0.7699
vn -0.2866 0.3316 0.8988
vn 0.0227 0.3348 0.9420
vn 0.3295 0.2999 0.8952
vn 0.6038 0.2304 0.7631
vn 0.8188 0.1329 0.5585
vn 0.9533 0.0172 0.3015
vn 0.9943 -0.1056 0.0173
vn 0.9376 -0.2233 -0.2664
vn 0.7890 -0.3245 -0.5217
vn 0.2393 -0.9557 0.1715
vn 0.2922 -0.9197 0.2623
vn 0.6627 -0.6964 -0.2752
vn 0.7914 -0.6088 -0.0542
vn 0.6627 -0.6965 -0.2753
vn 0.4669 -0.7612 -0.4501
vn 0.1589 -0.9822 0.0997
vn 0.2232 -0.7967 -0.5617
vn 0.0589 -0.9968 0.0539
vn -0.0446 -0.7994 -0.5991
vn -0.0511 -0.9980 0.0386
vn -0.3102 -0.7692 -0.5586
vn -0.1601 -0.9856 0.0552
vn -0.5477 -0.7090 -0.4442
vn -0.2576 -0.9608 0.1022
vn -0.7338 -0.6247 -0.2671
vn -0.3340 -0.9262 0.1749
vn -0.8503 -0.5244 -0.0446
vn -0.3818 -0.8851 0.2662
vn -0.8857 -0.4182 0.2015
vn -0.3964 -0.8414 0.3673
vn -0.8367 -0.3162 0.4471
vn -0.3763 -0.7996 0.4681
vn -0.7080 -0.2286 0.6682
vn -0.3234 -0.7636 0.5588
vn -0.5122 -0.1639 0.8431
vn -0.2430 -0.7370 0.6306
vn -0.2685 -0.1284 0.9547
vn -0.1430 -0.7225 0.6765
vn -0.0007 -0.1256 0.9921
vn -0.0330 -0.7213 0.6918
vn 0.2650 -0.1558 0.9516
vn 0.0760 -0.7337 0.6752
vn 0.5025 -0.2161 0.8372
vn 0.1735 -0.7584 0.6282
vn 0.6885 -0.3004 0.6600
vn 0.2499 -0.7931 0.5555
vn 0.8050 -0.4006 0.4375
vn 0.2977 -0.8342 0.4642
vn 0.8405 -0.5069 0.1915
vn 0.3123 -0.8779 0.3631
vn -0.3597 0.9147 0.1843
vn -0.3085 0.9357 0.1710
vn -0.5094 0.8230 -0.2512
vn -0.3376 0.8936 -0.2957
vn -0.4627 0.1527 -0.8733
vn -0.5483 0.5781 -0.6043
vn -0.2986 0.6806 -0.6690
vn -0.1815 0.2683 -0.9461
vn -0.5094 0.8230 -0.2513
vn -0.3376 0.8936 -0.2958
vn -0.4024 0.8904 0.2129
vn -0.6529 0.7413 -0.1553
vn -0.5484 0.5780 -0.6043
vn -0.7570 0.4593 -0.4648
vn -0.6530 0.7413 -0.1553
vn -0.6977 0.0190 -0.7162
vn -0.4325 0.8651 0.2539
vn -0.7541 0.6565 -0.0172
vn -0.9040 0.3360 -0.2642
vn -0.7542 0.6564 -0.0173
vn -0.8633 -0.1199 -0.4903
vn -0.4471 0.8414 0.3035
vn -0.8031 0.5769 0.1494
vn -0.9752 0.2202 -0.0221
vn -0.8031 0.5768 0.1493
vn -0.9434 -0.2502 -0.2176
vn -0.4447 0.8216 0.3568
vn -0.7950 0.5102 0.3282
vn -0.9634 0.1233 0.2378
vn -0.7950 0.5101 0.3282
vn -0.9302 -0.3594 0.0751
vn -0.4255 0.8075 0.4084
vn -0.7307 0.4630 0.5017
vn -0.8699 0.0548 0.4901
vn -0.8249 -0.4365 0.3592
vn -0.3915 0.8007 0.4535
vn -0.6164 0.4400 0.6531
vn -0.7038 0.0213 0.7100
vn -0.6164 0.4399 0.6531
vn -0.6378 -0.4742 0.6069
vn -0.3460 0.8017 0.4875
vn -0.4633 0.4433 0.7673
vn -0.4814 0.0262 0.8761
vn -0.4633 0.4433 0.7674
vn -0.3873 -0.4688 0.7939
vn -0.2933 0.8104 0.5071
vn -0.2865 0.4727 0.8333
vn -0.2244 0.0689 0.9721
vn -0.2865 0.4727 0.8334
vn -0.0979 -0.4207 0.9019
vn -0.2388 0.8261 0.5105
vn -0.1032 0.5253 0.8446
vn 0.0420 0.1453 0.9885
vn -0.1032 0.5252 0.8447
vn 0.2021 -0.3346 0.9204
vn -0.1876 0.8471 0.4972
vn 0.0686 0.5959 0.8001
vn 0.2918 0.2479 0.9238
vn 0.0687 0.5958 0.8002
vn 0.4833 -0.2191 0.8476
vn -0.1449 0.8714 0.4687
vn 0.2121 0.6776 0.7042
vn 0.5004 0.3667 0.7843
vn 0.2122 0.6776 0.7042
vn 0.7183 -0.0853 0.6905
vn -0.1148 0.8967 0.4276
vn 0.3133 0.7624 0.5661
vn 0.6475 0.4899 0.5837
vn 0.3134 0.7624 0.5661
vn 0.8839 0.0535 0.4646
vn -0.1002 0.9204 0.3780
vn 0.3623 0.8421 0.3995
vn 0.7186 0.6057 0.3416
vn 0.3624 0.8421 0.3995
vn 0.9640 0.1839 0.1919
vn -0.1026 0.9402 0.3248
vn 0.3542 0.9088 0.2207
vn 0.7069 0.7026 0.0817
vn 0.3543 0.9087 0.2207
vn 0.9508 0.2930 -0.1008
vn -0.1218 0.9542 0.2731
vn 0.2899 0.9559 0.0471
vn 0.6134 0.7712 -0.1706
vn 0.8455 0.3702 -0.3849
vn -0.1558 0.9611 0.2281
vn 0.1756 0.9789 -0.1042
vn 0.4473 0.8046 -0.3905
vn 0.6584 0.4079 -0.6325
vn -0.2013 0.9601 0.1941
vn 0.0225 0.9756 -0.2184
vn 0.2248 0.7998 -0.5566
vn 0.0226 0.9756 -0.2185
vn 0.4079 0.4024 -0.8195
vn -0.2540 0.9514 0.1744
vn -0.1543 0.9462 -0.2844
vn -0.0322 0.7571 -0.6525
vn -0.1543 0.9462 -0.2845
vn 0.1185 0.3543 -0.9276
vn -0.4609 0.1473 -0.8751
vn -0.6958 0.0136 -0.7181
vn -0.8614 -0.1252 -0.4922
vn -0.9415 -0.2556 -0.2196
vn -0.9283 -0.3647 0.0730
vn -0.8230 -0.4418 0.3570
vn -0.6360 -0.4795 0.6046
vn -0.3856 -0.4741 0.7916
vn -0.0962 -0.4260 0.8996
vn 0.2037 -0.3399 0.9181
vn 0.4849 -0.2244 0.8453
vn 0.7198 -0.0907 0.6883
vn 0.8854 0.0481 0.4624
vn 0.9655 0.1784 0.1898
vn 0.9522 0.2875 -0.1028
vn 0.8470 0.3647 -0.3868
vn 0.6600 0.4024 -0.6345
vn 0.4095 0.3969 -0.8214
vn 0.1202 0.3488 -0.9295
vn -0.1798 0.2628 -0.9480
vn 0.0278 -0.7082 -0.7055
vn 0.1580 -0.6547 -0.7392
vn -0.3273 -0.1780 -0.9280
vn -0.0682 -0.0715 -0.9951
vn -0.3274 -0.1780 -0.9280
vn -0.5439 -0.3012 -0.7832
vn -0.0809 -0.7701 -0.6328
vn -0.6965 -0.4292 -0.5751
vn -0.1576 -0.8344 -0.5282
vn -0.7703 -0.5493 -0.3238
vn -0.1947 -0.8947 -0.4020
vn -0.7581 -0.6499 -0.0541
vn -0.1886 -0.9452 -0.2666
vn -0.6611 -0.7210 0.2077
vn -0.1398 -0.9809 -0.1351
vn -0.4887 -0.7557 0.4359
vn -0.0533 -0.9984 -0.0204
vn -0.2579 -0.7507 0.6082
vn 0.0627 -0.9958 0.0661
vn 0.0088 -0.7064 0.7078
vn 0.1966 -0.9736 0.1161
vn 0.2852 -0.6271 0.7249
vn 0.3355 -0.9338 0.1247
vn 0.5444 -0.5206 0.6577
vn 0.4657 -0.8803 0.0910
vn 0.7609 -0.3974 0.5130
vn 0.5744 -0.8184 0.0183
vn 0.9135 -0.2694 0.3048
vn 0.6511 -0.7541 -0.0863
vn 0.9873 -0.1493 0.0536
vn 0.6881 -0.6938 -0.2125
vn 0.9751 -0.0487 -0.2161
vn 0.6820 -0.6433 -0.3479
vn 0.8781 0.0224 -0.4779
vn 0.6333 -0.6076 -0.4794
vn 0.7058 0.0571 -0.7062
vn 0.5467 -0.5901 -0.5940
vn 0.4749 0.0521 -0.8785
vn 0.4308 -0.5926 -0.6806
vn 0.2082 0.0077 -0.9780
vn 0.2968 -0.6149 -0.7306
vn -0.5297 0.8140 -0.2383
vn -0.5122 0.8219 -0.2493
vn -0.6118 0.6864 -0.3931
vn -0.5416 0.7180 -0.4372
vn -0.4246 -0.5250 -0.7376
vn -0.6828 0.4135 -0.6024
vn -0.5348 0.4800 -0.6954
vn -0.1783 -0.4142 -0.8925
vn -0.6119 0.6864 -0.3931
vn -0.5416 0.7180 -0.4373
vn -0.5439 0.8092 -0.2221
vn -0.6689 0.6672 -0.3278
vn -0.6828 0.4135 -0.6023
vn -0.8030 0.3730 -0.4648
vn -0.6689 0.6671 -0.3278
vn -0.6247 -0.5924 -0.5087
vn -0.5534 0.8080 -0.2022
vn -0.7072 0.6622 -0.2478
vn -0.8836 0.3624 -0.2964
vn -0.7589 -0.6099 -0.2283
vn -0.5573 0.8104 -0.1806
vn -0.7229 0.6719 -0.1609
vn -0.9168 0.3830 -0.1134
vn -0.7230 0.6719 -0.1609
vn -0.8141 -0.5757 0.0762
vn -0.5552 0.8163 -0.1594
vn -0.7146 0.6955 -0.0757
vn -0.8992 0.4325 0.0661
vn -0.7146 0.6954 -0.0757
vn -0.7848 -0.4933 0.3751
vn -0.5474 0.8250 -0.1407
vn -0.6830 0.7304 -0.0004
vn -0.8327 0.5062 0.2246
vn -0.6740 -0.3706 0.6390
vn -0.5345 0.8357 -0.1263
vn -0.6312 0.7735 0.0575
vn -0.7236 0.5968 0.3466
vn -0.6312 0.7735 0.0576
vn -0.4925 -0.2197 0.8421
vn -0.5179 0.8473 -0.1175
vn -0.5643 0.8204 0.0924
vn -0.5828 0.6956 0.4202
vn -0.5643 0.8203 0.0925
vn -0.2581 -0.0554 0.9645
vn -0.4991 0.8588 -0.1155
vn -0.4889 0.8665 0.1009
vn -0.4239 0.7927 0.4381
vn -0.4889 0.8665 0.1010
vn 0.0063 0.1063 0.9943
vn -0.4801 0.8689 -0.1201
vn -0.4123 0.9073 0.0821
vn -0.2626 0.8787 0.3986
vn -0.4123 0.9073 0.0822
vn 0.2749 0.2496 0.9285
vn -0.4626 0.8768 -0.1311
vn -0.3421 0.9389 0.0380
vn -0.1146 0.9453 0.3055
vn -0.3420 0.9389 0.0380
vn 0.5213 0.3603 0.7736
vn -0.4484 0.8816 -0.1474
vn -0.2850 0.9581 -0.0273
vn 0.0056 0.9858 0.1680
vn -0.2849 0.9582 -0.0273
vn 0.7213 0.4277 0.5447
vn -0.4389 0.8828 -0.1672
vn -0.2467 0.9631 -0.1073
vn 0.0862 0.9963 -0.0005
vn 0.8555 0.4452 0.2643
vn -0.4350 0.8804 -0.1888
vn -0.2310 0.9534 -0.1942
vn 0.1193 0.9758 -0.1834
vn -0.2309 0.9534 -0.1942
vn 0.9107 0.4111 -0.0403
vn -0.4371 0.8746 -0.2100
vn -0.2393 0.9299 -0.2794
vn 0.1018 0.9262 -0.3630
vn 0.8815 0.3286 -0.3391
vn -0.4449 0.8659 -0.2287
vn -0.2709 0.8949 -0.3547
vn 0.0352 0.8525 -0.5215
vn 0.7707 0.2059 -0.6030
vn -0.4578 0.8552 -0.2431
vn -0.3227 0.8518 -0.4126
vn -0.0738 0.7619 -0.6435
vn -0.3226 0.8518 -0.4126
vn 0.5892 0.0550 -0.8061
vn -0.4744 0.8435 -0.2519
vn -0.3896 0.8050 -0.4475
vn -0.2146 0.6632 -0.7170
vn -0.3895 0.8049 -0.4476
vn 0.3547 -0.1093 -0.9286
vn -0.4932 0.8320 -0.2540
vn -0.4650 0.7589 -0.4560
vn -0.3735 0.5660 -0.7349
vn -0.4650 0.7588 -0.4561
vn 0.0903 -0.2710 -0.9583
vn -0.4164 -0.5370 -0.7336
vn -0.6162 -0.6043 -0.5051
vn -0.7502 -0.6217 -0.2251
vn -0.8052 -0.5877 0.0789
vn -0.7761 -0.5053 0.3773
vn -0.6654 -0.3829 0.6408
vn -0.4842 -0.2322 0.8436
vn -0.2501 -0.0681 0.9658
vn 0.0139 0.0934 0.9955
vn 0.2820 0.2363 0.9299
vn 0.5280 0.3469 0.7752
vn 0.7277 0.4142 0.5467
vn 0.8617 0.4317 0.2667
vn 0.9168 0.3976 -0.0374
vn 0.8876 0.3153 -0.3358
vn 0.7770 0.1928 -0.5993
vn 0.5958 0.0421 -0.8020
vn 0.3617 -0.1220 -0.9243
vn 0.0977 -0.2834 -0.9540
vn -0.1704 -0.4264 -0.8883
vn -0.4164 -0.5370 -0.7337
vn 0.3952 -0.9180 0.0335
vn 0.4435 -0.8963 0.0032
vn 0.0518 -0.9274 -0.3703
vn 0.2174 -0.8530 -0.4745
vn 0.0517 -0.9275 -0.3703
vn -0.0828 -0.9728 -0.2165
vn 0.3560 -0.9312 0.0784
vn -0.1730 -0.9845 -0.0279
vn 0.3297 -0.9346 0.1333
vn -0.2101 -0.9616 0.1768
vn 0.3189 -0.9279 0.1930
vn -0.1904 -0.9061 0.3777
vn 0.3246 -0.9118 0.2516
vn -0.1159 -0.8237 0.5551
vn 0.3463 -0.8877 0.3033
vn 0.0061 -0.7222 0.6916
vn 0.3819 -0.8582 0.3431
vn 0.1637 -0.6118 0.7739
vn 0.4278 -0.8260 0.3671
vn 0.3415 -0.5031 0.7939
vn 0.4796 -0.7943 0.3729
vn 0.5220 -0.4068 0.7497
vn 0.5323 -0.7662 0.3600
vn 0.6876 -0.3323 0.6456
vn 0.5805 -0.7445 0.3297
vn 0.8221 -0.2870 0.4917
vn 0.6197 -0.7313 0.2848
vn 0.9123 -0.2752 0.3032
vn 0.6460 -0.7279 0.2299
vn 0.9494 -0.2982 0.0984
vn 0.6569 -0.7346 0.1702
vn 0.9298 -0.3536 -0.1025
vn 0.6511 -0.7507 0.1116
vn 0.8553 -0.4361 -0.2799
vn 0.6294 -0.7748 0.0599
vn 0.7333 -0.5375 -0.4164
vn 0.5938 -0.8043 0.0201
vn 0.5757 -0.6480 -0.4987
vn 0.5479 -0.8365 -0.0039
vn 0.3979 -0.7567 -0.5187
vn 0.4961 -0.8682 -0.0097
vn -0.4788 0.8779 0.0056
vn -0.4385 0.8987 0.0023
vn -0.5198 0.7665 -0.3773
vn -0.3750 0.8413 -0.3894
vn -0.2486 -0.0170 -0.9685
vn -0.4688 0.5037 -0.7256
vn -0.2367 0.6236 -0.7450
vn 0.0283 0.1261 -0.9916
vn -0.5198 0.7665 -0.3774
vn -0.3750 0.8412 -0.3895
vn -0.5152 0.8568 0.0227
vn -0.6507 0.6904 -0.3160
vn -0.5198 0.7664 -0.3773
vn -0.6788 0.3818 -0.6273
vn -0.2486 -0.0170 -0.9684
vn -0.4991 -0.1624 -0.8512
vn -0.5442 0.8374 0.0517
vn -0.7550 0.6206 -0.2115
vn -0.8461 0.2698 -0.4597
vn -0.7551 0.6206 -0.2115
vn -0.6988 -0.2960 -0.6512
vn -0.5629 0.8216 0.0899
vn -0.8226 0.5638 -0.0740
vn -0.9544 0.1787 -0.2393
vn -0.8280 -0.4047 -0.3882
vn -0.5696 0.8110 0.1336
vn -0.8467 0.5256 0.0830
vn -0.9930 0.1175 0.0124
vn -0.8741 -0.4778 -0.0879
vn -0.5636 0.8066 0.1784
vn -0.8250 0.5097 0.2441
vn -0.9582 0.0920 0.2708
vn -0.8326 -0.5082 0.2204
vn -0.5454 0.8088 0.2199
vn -0.7596 0.5177 0.3936
vn -0.8534 0.1048 0.5106
vn -0.7597 0.5177 0.3936
vn -0.7076 -0.4928 0.5064
vn -0.5169 0.8174 0.2542
vn -0.6570 0.5488 0.5168
vn -0.6889 0.1547 0.7082
vn -0.5112 -0.4333 0.7422
vn -0.4808 0.8317 0.2778
vn -0.5272 0.6000 0.6017
vn -0.4807 0.2368 0.8443
vn -0.5272 0.6000 0.6018
vn -0.2629 -0.3355 0.9046
vn -0.4407 0.8501 0.2884
vn -0.3828 0.6662 0.6400
vn -0.2492 0.3429 0.9057
vn 0.0133 -0.2088 0.9779
vn -0.4005 0.8709 0.2850
vn -0.2381 0.7410 0.6279
vn -0.0172 0.4628 0.8863
vn 0.2902 -0.0657 0.9547
vn -0.3641 0.8920 0.2680
vn -0.1072 0.8170 0.5666
vn 0.1928 0.5847 0.7880
vn -0.1071 0.8170 0.5666
vn 0.5407 0.0797 0.8374
vn -0.3351 0.9114 0.2389
vn -0.0029 0.8869 0.4620
vn 0.3601 0.6967 0.6204
vn -0.0028 0.8868 0.4621
vn 0.7403 0.2133 0.6375
vn -0.3163 0.9272 0.2007
vn 0.0647 0.9436 0.3246
vn 0.4685 0.7878 0.4000
vn 0.8695 0.3220 0.3745
vn -0.3096 0.9378 0.1571
vn 0.0888 0.9818 0.1676
vn 0.5071 0.8491 0.1482
vn 0.9156 0.3951 0.0741
vn -0.3156 0.9422 0.1123
vn 0.0671 0.9977 0.0065
vn 0.4723 0.8745 -0.1102
vn 0.8742 0.4255 -0.2341
vn -0.3338 0.9400 0.0708
vn 0.0017 0.9897 -0.1430
vn 0.3675 0.8617 -0.3499
vn 0.0018 0.9897 -0.1430
vn 0.7491 0.4102 -0.5202
vn -0.3623 0.9313 0.0365
vn -0.1009 0.9586 -0.2662
vn 0.2029 0.8118 -0.5475
vn -0.1008 0.9586 -0.2663
vn 0.5528 0.3507 -0.7559
vn -0.3984 0.9171 0.0129
vn -0.2307 0.9075 -0.3511
vn -0.0052 0.7298 -0.6837
vn -0.2307 0.9074 -0.3512
vn 0.3044 0.2528 -0.9184
vn -0.2452 -0.0236 -0.9692
vn -0.4956 -0.1690 -0.8519
vn -0.6951 -0.3026 -0.6521
vn -0.8243 -0.4112 -0.3892
vn -0.8704 -0.4843 -0.0890
vn -0.8289 -0.5147 0.2192
vn -0.7039 -0.4994 0.5051
vn -0.5077 -0.4399 0.7408
vn -0.2594 -0.3420 0.9032
vn 0.0167 -0.2154 0.9764
vn 0.2935 -0.0724 0.9532
vn 0.5439 0.0730 0.8360
vn 0.7434 0.2066 0.6361
vn 0.8726 0.3152 0.3732
vn 0.9187 0.3883 0.0730
vn 0.8772 0.4186 -0.2352
vn 0.7522 0.4033 -0.5211
vn 0.5560 0.3438 -0.7568
vn 0.3077 0.2460 -0.9191
vn 0.0316 0.1194 -0.9923
vn 0.3077 -0.8075 -0.5034
vn 0.4135 -0.7528 -0.5122
vn -0.0283 -0.3951 -0.9182
vn 0.2161 -0.2688 -0.9386
vn -0.0284 -0.3952 -0.9182
vn -0.2495 -0.5236 -0.8146
vn 0.2119 -0.8631 -0.4585
vn -0.4258 -0.6415 -0.6381
vn 0.1356 -0.9141 -0.3821
vn -0.5398 -0.7374 -0.4059
vn 0.0862 -0.9557 -0.2815
vn -0.5805 -0.8020 -0.1408
vn 0.0686 -0.9836 -0.1667
vn -0.5439 -0.8288 0.1314
vn 0.0844 -0.9952 -0.0489
vn -0.4335 -0.8153 0.3839
vn 0.1322 -0.9894 0.0605
vn -0.2602 -0.7627 0.5920
vn 0.2073 -0.9666 0.1506
vn -0.0409 -0.6763 0.7355
vn 0.3022 -0.9292 0.2127
vn 0.2029 -0.5645 0.8001
vn 0.4078 -0.8808 0.2407
vn 0.4473 -0.4382 0.7797
vn 0.5136 -0.8261 0.2318
vn 0.6685 -0.3098 0.6761
vn 0.6094 -0.7705 0.1870
vn 0.8447 -0.1918 0.4996
vn 0.6857 -0.7194 0.1106
vn 0.9588 -0.0959 0.2674
vn 0.7351 -0.6779 0.0100
vn 0.9995 -0.0314 0.0022
vn 0.7527 -0.6499 -0.1048
vn 0.9629 -0.0045 -0.2699
vn 0.7369 -0.6383 -0.2226
vn 0.8525 -0.0181 -0.5224
vn 0.6891 -0.6442 -0.3320
vn 0.6792 -0.0706 -0.7306
vn 0.6140 -0.6669 -0.4221
vn 0.4599 -0.1570 -0.8740
vn 0.5191 -0.7043 -0.4842
vn -0.0575 0.9883 -0.1411
vn -0.0128 0.9865 -0.1634
vn -0.2947 0.8346 -0.4653
vn -0.1380 0.8282 -0.5431
vn -0.5802 -0.0550 -0.8126
vn -0.4801 0.5194 -0.7069
vn -0.2393 0.5094 -0.8266
vn -0.3008 -0.0664 -0.9514
vn -0.2947 0.8346 -0.4654
vn -0.1380 0.8282 -0.5432
vn -0.0932 0.9900 -0.1062
vn -0.4196 0.8404 -0.3429
vn -0.6723 0.5282 -0.5187
vn -0.4197 0.8404 -0.3429
vn -0.8030 -0.0446 -0.5942
vn -0.1163 0.9913 -0.0619
vn -0.5007 0.8450 -0.1877
vn -0.7966 0.5357 -0.2801
vn -0.9475 -0.0364 -0.3176
vn -0.1246 0.9921 -0.0127
vn -0.5298 0.8480 -0.0151
vn -0.8414 0.5402 -0.0148
vn -0.5299 0.8479 -0.0151
vn -0.9995 -0.0312 -0.0098
vn -0.1173 0.9924 0.0368
vn -0.5042 0.8490 0.1581
vn -0.8023 0.5414 0.2515
vn -0.5043 0.8490 0.1581
vn -0.9538 -0.0294 0.2990
vn -0.0951 0.9921 0.0815
vn -0.4264 0.8480 0.3148
vn -0.6826 0.5398 0.4926
vn -0.4264 0.8479 0.3149
vn -0.8150 -0.0312 0.5786
vn -0.0602 0.9913 0.1172
vn -0.3039 0.8450 0.4399
vn -0.4942 0.5357 0.6847
vn -0.3040 0.8450 0.4400
vn -0.5967 -0.0364 0.8016
vn -0.0159 0.9900 0.1404
vn -0.1488 0.8404 0.5211
vn -0.2560 0.5281 0.8097
vn -0.1489 0.8404 0.5211
vn -0.3202 -0.0446 0.9463
vn 0.0333 0.9883 0.1487
vn 0.0236 0.8346 0.5503
vn 0.0093 0.5197 0.8543
vn 0.0237 0.8346 0.5503
vn -0.0125 -0.0550 0.9984
vn 0.0827 0.9865 0.1414
vn 0.1967 0.8282 0.5247
vn 0.2753 0.5099 0.8150
vn 0.1967 0.8282 0.5248
vn 0.2961 -0.0664 0.9529
vn 0.1275 0.9847 0.1192
vn 0.3534 0.8218 0.4469
vn 0.5163 0.4995 0.6957
vn 0.3534 0.8218 0.4470
vn 0.5755 -0.0779 0.8141
vn 0.1631 0.9830 0.0843
vn 0.4784 0.8160 0.3244
vn 0.7083 0.4908 0.5073
vn 0.4784 0.8160 0.3245
vn 0.7983 -0.0882 0.5957
vn 0.1863 0.9817 0.0400
vn 0.5594 0.8114 0.1693
vn 0.8327 0.4841 0.2688
vn 0.5595 0.8114 0.1694
vn 0.9428 -0.0964 0.3191
vn 0.1946 0.9808 -0.0093
vn 0.5885 0.8085 -0.0033
vn 0.8775 0.4795 0.0035
vn 0.5886 0.8084 -0.0033
vn 0.9948 -0.1016 0.0113
vn 0.1873 0.9806 -0.0587
vn 0.5629 0.8075 -0.1764
vn 0.8383 0.4777 -0.2628
vn 0.5630 0.8074 -0.1765
vn 0.9491 -0.1034 -0.2975
vn 0.1650 0.9808 -0.1035
vn 0.4851 0.8085 -0.3333
vn 0.7185 0.4795 -0.5037
vn 0.4851 0.8084 -0.3333
vn 0.8103 -0.1016 -0.5771
vn 0.1301 0.9817 -0.1392
vn 0.3627 0.8114 -0.4583
vn 0.5304 0.4840 -0.6960
vn 0.3627 0.8114 -0.4584
vn 0.5920 -0.0964 -0.8002
vn 0.0858 0.9830 -0.1623
vn 0.2076 0.8160 -0.5395
vn 0.2921 0.4907 -0.8209
vn 0.3155 -0.0882 -0.9448
vn 0.0366 0.9847 -0.1706
vn 0.0351 0.8218 -0.5687
vn 0.0269 0.5000 -0.8656
vn 0.0078 -0.0779 -0.9969
vn -0.5802 -0.0619 -0.8121
vn -0.8029 -0.0516 -0.5939
vn -0.9473 -0.0434 -0.3174
vn -0.9992 -0.0382 -0.0098
vn -0.9536 -0.0363 0.2989
vn -0.8149 -0.0382 0.5784
vn -0.5966 -0.0434 0.8013
vn -0.3203 -0.0516 0.9459
vn -0.0128 -0.0619 0.9980
vn 0.2957 -0.0734 0.9525
vn 0.5750 -0.0848 0.8138
vn 0.7977 -0.0951 0.5955
vn 0.9421 -0.1033 0.3190
vn 0.9940 -0.1086 0.0114
vn 0.9484 -0.1104 -0.2973
vn 0.8097 -0.1086 -0.5767
vn 0.5914 -0.1033 -0.7997
vn 0.3151 -0.0951 -0.9443
vn 0.0076 -0.0848 -0.9964
vn -0.3009 -0.0734 -0.9508
vn -0.5801 -0.0619 -0.8122
vn -0.3516 -0.8240 -0.4442
vn -0.1958 -0.8304 -0.5216
vn -0.5610 -0.3023 -0.7707
vn -0.2951 -0.3132 -0.9027
vn -0.5611 -0.3023 -0.7706
vn -0.7731 -0.2924 -0.5628
vn -0.4758 -0.8183 -0.3225
vn -0.9106 -0.2846 -0.2995
vn -0.5564 -0.8137 -0.1683
vn -0.9601 -0.2796 -0.0066
vn -0.5853 -0.8108 0.0033
vn -0.9166 -0.2779 0.2873
vn -0.5599 -0.8098 0.1755
vn -0.7845 -0.2796 0.5534
vn -0.4825 -0.8108 0.3314
vn -0.5767 -0.2846 0.7657
vn -0.3608 -0.8137 0.4557
vn -0.3136 -0.2924 0.9034
vn -0.2066 -0.8183 0.5364
vn -0.0208 -0.3023 0.9530
vn -0.0351 -0.8240 0.5654
vn 0.2729 -0.3132 0.9096
vn 0.1369 -0.8304 0.5400
vn 0.5388 -0.3241 0.7776
vn 0.2927 -0.8368 0.4627
vn 0.7509 -0.3339 0.5697
vn 0.4169 -0.8426 0.3409
vn 0.8884 -0.3417 0.3065
vn 0.4975 -0.8471 0.1867
vn 0.9379 -0.3467 0.0136
vn 0.5265 -0.8501 0.0151
vn 0.8944 -0.3484 -0.2804
vn 0.5010 -0.8511 -0.1570
vn 0.7623 -0.3467 -0.5465
vn 0.4236 -0.8501 -0.3129
vn 0.5545 -0.3417 -0.7588
vn 0.3019 -0.8471 -0.4373
vn 0.2914 -0.3339 -0.8965
vn 0.1478 -0.8426 -0.5179
vn -0.0014 -0.3241 -0.9460
vn -0.0237 -0.8368 -0.5470
vn -0.3305 0.9429 -0.0412
vn -0.2913 0.9547 -0.0609
vn -0.5109 0.7804 -0.3606
vn -0.3699 0.8228 -0.4315
vn -0.5464 -0.1601 -0.8220
vn -0.6134 0.4594 -0.6424
vn -0.3874 0.5273 -0.7562
vn -0.2775 -0.0793 -0.9575
vn -0.5109 0.7803 -0.3606
vn -0.3699 0.8227 -0.4316
vn -0.3616 0.9323 -0.0098
vn -0.6228 0.7421 -0.2477
vn -0.6135 0.4594 -0.6424
vn -0.7928 0.3981 -0.4615
vn -0.6228 0.7421 -0.2478
vn -0.5465 -0.1601 -0.8220
vn -0.7600 -0.2330 -0.6068
vn -0.3816 0.9238 0.0301
vn -0.6946 0.7118 -0.1041
vn -0.9080 0.3494 -0.2313
vn -0.6947 0.7117 -0.1041
vn -0.8971 -0.2908 -0.3328
vn -0.3885 0.9184 0.0747
vn -0.7194 0.6923 0.0563
vn -0.9477 0.3182 0.0258
vn -0.7195 0.6922 0.0563
vn -0.9443 -0.3279 -0.0268
vn -0.3816 0.9166 0.1196
vn -0.6946 0.6856 0.2177
vn -0.9080 0.3074 0.2846
vn -0.6947 0.6855 0.2178
vn -0.8971 -0.3407 0.2812
vn -0.3616 0.9184 0.1604
vn -0.6228 0.6923 0.3644
vn -0.7929 0.3182 0.5197
vn -0.6229 0.6923 0.3645
vn -0.7601 -0.3279 0.5610
vn -0.3305 0.9238 0.1931
vn -0.5109 0.7118 0.4820
vn -0.6135 0.3494 0.7082
vn -0.5110 0.7117 0.4820
vn -0.5466 -0.2908 0.7853
vn -0.2913 0.9323 0.2145
vn -0.3699 0.7421 0.5589
vn -0.3875 0.3981 0.8315
vn -0.3700 0.7421 0.5590
vn -0.2776 -0.2330 0.9320
vn -0.2479 0.9429 0.2225
vn -0.2137 0.7804 0.5877
vn -0.1370 0.4594 0.8776
vn -0.2136 0.7803 0.5877
vn 0.0206 -0.1601 0.9869
vn -0.2044 0.9547 0.2163
vn -0.0573 0.8228 0.5655
vn 0.1136 0.5273 0.8420
vn -0.0573 0.8227 0.5655
vn 0.3187 -0.0793 0.9445
vn -0.1652 0.9665 0.1966
vn 0.0836 0.8651 0.4945
vn 0.3396 0.5953 0.7282
vn 0.0837 0.8651 0.4945
vn 0.5877 0.0015 0.8091
vn -0.1341 0.9771 0.1652
vn 0.1955 0.9034 0.3816
vn 0.5190 0.6566 0.5474
vn 0.1956 0.9034 0.3817
vn 0.8012 0.0743 0.5938
vn -0.1142 0.9855 0.1252
vn 0.2674 0.9337 0.2380
vn 0.6341 0.7052 0.3171
vn 0.2675 0.9337 0.2380
vn 0.9382 0.1322 0.3198
vn -0.1073 0.9910 0.0807
vn 0.2921 0.9532 0.0776
vn 0.6738 0.7364 0.0600
vn 0.2922 0.9532 0.0776
vn 0.9855 0.1692 0.0138
vn -0.1142 0.9928 0.0358
vn 0.2674 0.9599 -0.0838
vn 0.6342 0.7472 -0.1988
vn 0.2675 0.9599 -0.0838
vn 0.9383 0.1820 -0.2941
vn -0.1341 0.9910 -0.0050
vn 0.1956 0.9532 -0.2305
vn 0.5190 0.7364 -0.4339
vn 0.8013 0.1692 -0.5739
vn -0.1652 0.9855 -0.0377
vn 0.0837 0.9337 -0.3480
vn 0.3397 0.7052 -0.6223
vn 0.0837 0.9337 -0.3481
vn 0.5878 0.1322 -0.7981
vn -0.2044 0.9771 -0.0591
vn -0.0573 0.9034 -0.4250
vn 0.1137 0.6566 -0.7457
vn 0.3189 0.0743 -0.9449
vn -0.2479 0.9665 -0.0671
vn -0.2136 0.8652 -0.4537
vn -0.1369 0.5953 -0.7918
vn -0.2136 0.8651 -0.4538
vn 0.0207 0.0014 -0.9998
vn -0.5442 -0.1676 -0.8221
vn -0.7575 -0.2404 -0.6070
vn -0.8945 -0.2982 -0.3331
vn -0.9417 -0.3353 -0.0274
vn -0.8945 -0.3481 0.2804
vn -0.7576 -0.3353 0.5600
vn -0.5443 -0.2982 0.7841
vn -0.2755 -0.2404 0.9308
vn 0.0225 -0.1676 0.9856
vn 0.3204 -0.0869 0.9433
vn 0.5893 -0.0062 0.8079
vn 0.8026 0.0666 0.5928
vn 0.9396 0.1245 0.3190
vn 0.9868 0.1615 0.0132
vn 0.9396 0.1743 -0.2945
vn 0.8027 0.1615 -0.5741
vn 0.5894 0.1244 -0.7982
vn 0.3206 0.0666 -0.9449
vn 0.0227 -0.0062 -0.9997
vn -0.2753 -0.0869 -0.9574
vn -0.5441 -0.1676 -0.8221
vn -0.1301 -0.8297 -0.5429
vn 0.0279 -0.7821 -0.6225
vn -0.4708 -0.3597 -0.8056
vn -0.2128 -0.2821 -0.9355
vn -0.4709 -0.3597 -0.8055
vn -0.6757 -0.4297 -0.5990
vn -0.2556 -0.8725 -0.4164
vn -0.8072 -0.4853 -0.3361
vn -0.3361 -0.9065 -0.2554
vn -0.8525 -0.5209 -0.0425
vn -0.3639 -0.9284 -0.0756
vn -0.8073 -0.5332 0.2530
vn -0.3361 -0.9359 0.1054
vn -0.6758 -0.5209 0.5215
vn -0.2556 -0.9284 0.2698
vn -0.4710 -0.4853 0.7367
vn -0.1302 -0.9065 0.4016
vn -0.2129 -0.4297 0.8775
vn 0.0278 -0.8725 0.4878
vn 0.0732 -0.3597 0.9302
vn 0.2030 -0.8297 0.5200
vn 0.3593 -0.2821 0.8896
vn 0.3782 -0.7821 0.4952
vn 0.6174 -0.2045 0.7596
vn 0.5363 -0.7346 0.4156
vn 0.8222 -0.1345 0.5531
vn 0.6617 -0.6918 0.2891
vn 0.9537 -0.0790 0.2901
vn 0.7423 -0.6577 0.1281
vn 0.9991 -0.0433 -0.0035
vn 0.7700 -0.6359 -0.0517
vn 0.9538 -0.0310 -0.2989
vn 0.7423 -0.6284 -0.2327
vn 0.8223 -0.0433 -0.5674
vn 0.6618 -0.6359 -0.3971
vn 0.6175 -0.0790 -0.7826
vn 0.5364 -0.6577 -0.5289
vn 0.3594 -0.1345 -0.9234
vn 0.3783 -0.6918 -0.6151
vn 0.0733 -0.2045 -0.9761
vn 0.2031 -0.7346 -0.6474
vn -0.1604 0.9332 -0.3215
vn -0.1122 0.9321 -0.3445
vn -0.3820 0.6828 -0.6228
vn -0.2167 0.6788 -0.7016
vn -0.5588 -0.2297 -0.7968
vn -0.5231 0.3081 -0.7946
vn -0.2762 0.3022 -0.9123
vn -0.2767 -0.2366 -0.9314
vn -0.3821 0.6827 -0.6229
vn -0.2168 0.6787 -0.7017
vn -0.1992 0.9376 -0.2851
vn -0.5151 0.6977 -0.4978
vn -0.3821 0.6827 -0.6228
vn -0.5232 0.3081 -0.7946
vn -0.7220 0.3304 -0.6079
vn -0.5152 0.6977 -0.4978
vn -0.5589 -0.2297 -0.7968
vn -0.7860 -0.2042 -0.5835
vn -0.2248 0.9447 -0.2388
vn -0.6030 0.7221 -0.3389
vn -0.8532 0.3669 -0.3706
vn -0.6030 0.7221 -0.3390
vn -0.9359 -0.1625 -0.3124
vn -0.2347 0.9539 -0.1872
vn -0.6370 0.7537 -0.1618
vn -0.9041 0.4140 -0.1059
vn -0.6371 0.7536 -0.1617
vn -0.9940 -0.1087 -0.0100
vn -0.2279 0.9642 -0.1353
vn -0.6139 0.7892 0.0164
vn -0.8695 0.4672 0.1603
vn -0.6139 0.7892 0.0165
vn -0.9545 -0.0481 0.2942
vn -0.2052 0.9747 -0.0881
vn -0.5359 0.8253 0.1782
vn -0.7530 0.5210 0.4020
vn -0.8214 0.0135 0.5702
vn -0.1687 0.9844 -0.0504
vn -0.4106 0.8583 0.3077
vn -0.5658 0.5704 0.5954
vn -0.6076 0.0699 0.7912
vn -0.1220 0.9922 -0.0258
vn -0.2503 0.8852 0.3922
vn -0.3264 0.6105 0.7217
vn -0.3340 0.1157 0.9354
vn -0.0697 0.9974 -0.0167
vn -0.0707 0.9031 0.4235
vn -0.0581 0.6374 0.7684
vn -0.0275 0.1464 0.9888
vn -0.0168 0.9996 -0.0240
vn 0.1106 0.9105 0.3985
vn 0.2128 0.6483 0.7311
vn 0.2819 0.1589 0.9462
vn 0.0313 0.9984 -0.0470
vn 0.2759 0.9065 0.3196
vn 0.4597 0.6423 0.6133
vn 0.2759 0.9065 0.3197
vn 0.5640 0.1521 0.8116
vn 0.0701 0.9941 -0.0833
vn 0.4090 0.8915 0.1946
vn 0.6585 0.6200 0.4266
vn 0.4090 0.8915 0.1947
vn 0.7912 0.1266 0.5983
vn 0.0957 0.9869 -0.1296
vn 0.4968 0.8671 0.0358
vn 0.7898 0.5835 0.1893
vn 0.4969 0.8671 0.0358
vn 0.9411 0.0849 0.3272
vn 0.1056 0.9777 -0.1813
vn 0.5309 0.8356 -0.1414
vn 0.8406 0.5364 -0.0754
vn 0.5309 0.8355 -0.1414
vn 0.9992 0.0311 0.0248
vn 0.0989 0.9674 -0.2332
vn 0.5077 0.8000 -0.3196
vn 0.8060 0.4833 -0.3416
vn 0.5078 0.8000 -0.3196
vn 0.9597 -0.0296 -0.2793
vn 0.0762 0.9569 -0.2803
vn 0.4297 0.7640 -0.4814
vn 0.6895 0.4295 -0.5833
vn 0.4297 0.7639 -0.4814
vn 0.8266 -0.0911 -0.5554
vn 0.0397 0.9472 -0.3180
vn 0.3044 0.7309 -0.6108
vn 0.5023 0.3800 -0.7767
vn 0.3044 0.7309 -0.6109
vn 0.6127 -0.1476 -0.7764
vn -0.0070 0.9394 -0.3427
vn 0.1441 0.7041 -0.6954
vn 0.2629 0.3400 -0.9029
vn 0.1441 0.7040 -0.6954
vn 0.3392 -0.1934 -0.9206
vn -0.0594 0.9342 -0.3518
vn -0.0354 0.6861 -0.7266
vn -0.0054 0.3131 -0.9497
vn -0.0355 0.6861 -0.7267
vn 0.0327 -0.2240 -0.9740
vn -0.5583 -0.2359 -0.7954
vn -0.7854 -0.2105 -0.5822
vn -0.9353 -0.1688 -0.3111
vn -0.9933 -0.1150 -0.0088
vn -0.9539 -0.0543 0.2953
vn -0.8207 0.0072 0.5713
vn -0.6070 0.0636 0.7922
vn -0.3335 0.1094 0.9364
vn -0.0271 0.1401 0.9898
vn 0.2823 0.1526 0.9471
vn 0.5643 0.1458 0.8126
vn 0.7914 0.1203 0.5994
vn 0.9413 0.0786 0.3283
vn 0.9994 0.0248 0.0260
vn 0.9599 -0.0359 -0.2781
vn 0.8268 -0.0974 -0.5541
vn 0.6130 -0.1538 -0.7750
vn 0.3395 -0.1996 -0.9192
vn 0.0331 -0.2302 -0.9726
vn -0.2763 -0.2428 -0.9299
vn -0.1877 -0.9646 -0.1851
vn -0.0638 -0.9676 -0.2442
vn -0.4849 -0.5781 -0.6563
vn -0.2277 -0.5843 -0.7789
vn -0.4850 -0.5781 -0.6562
vn -0.6921 -0.5548 -0.4618
vn -0.2875 -0.9534 -0.0915
vn -0.8288 -0.5168 -0.2145
vn -0.3533 -0.9351 0.0276
vn -0.8817 -0.4677 0.0612
vn -0.3788 -0.9115 0.1604
vn -0.8458 -0.4124 0.3385
vn -0.3615 -0.8848 0.2939
vn -0.7243 -0.3563 0.5903
vn -0.3030 -0.8578 0.4152
vn -0.5294 -0.3048 0.7917
vn -0.2091 -0.8330 0.5122
vn -0.2799 -0.2631 0.9233
vn -0.0890 -0.8129 0.5755
vn -0.0005 -0.2351 0.9720
vn 0.0456 -0.7995 0.5990
vn 0.2817 -0.2237 0.9331
vn 0.1815 -0.7939 0.5803
vn 0.5389 -0.2299 0.8104
vn 0.3054 -0.7969 0.5212
vn 0.7460 -0.2532 0.6159
vn 0.4051 -0.8082 0.4275
vn 0.8828 -0.2912 0.3687
vn 0.4710 -0.8265 0.3085
vn 0.9357 -0.3403 0.0929
vn 0.4965 -0.8501 0.1756
vn 0.8997 -0.3956 -0.1844
vn 0.4791 -0.8767 0.0421
vn 0.7783 -0.4517 -0.4361
vn 0.4207 -0.9038 -0.0791
vn 0.5833 -0.5032 -0.6376
vn 0.3268 -0.9285 -0.1762
vn 0.3339 -0.5449 -0.7691
vn 0.2066 -0.9486 -0.2395
vn 0.0544 -0.5729 -0.8178
vn 0.0721 -0.9621 -0.2630
vn -0.0859 0.9536 -0.2885
vn -0.0282 0.9486 -0.3152
vn -0.3459 0.6927 -0.6328
vn -0.1603 0.6766 -0.7187
vn -0.5618 -0.1184 -0.8188
vn -0.4973 0.3377 -0.7992
vn -0.2403 0.3154 -0.9180
vn -0.2789 -0.1430 -0.9496
vn -0.3460 0.6926 -0.6329
vn -0.1604 0.6765 -0.7187
vn -0.1324 0.9603 -0.2454
vn -0.4955 0.7143 -0.4941
vn -0.3460 0.6927 -0.6329
vn -0.4973 0.3377 -0.7991
vn -0.7045 0.3677 -0.6071
vn -0.4956 0.7143 -0.4942
vn -0.5618 -0.1184 -0.8187
vn -0.7898 -0.0855 -0.6073
vn -0.1631 0.9681 -0.1901
vn -0.5944 0.7394 -0.3162
vn -0.8415 0.4023 -0.3607
vn -0.5945 0.7393 -0.3162
vn -0.9407 -0.0473 -0.3361
vn -0.1752 0.9762 -0.1280
vn -0.6330 0.7653 -0.1164
vn -0.8949 0.4383 -0.0840
vn -0.6331 0.7653 -0.1164
vn -0.9995 -0.0077 -0.0315
vn -0.1672 0.9838 -0.0652
vn -0.6075 0.7897 0.0856
vn -0.8595 0.4720 0.1958
vn -0.6076 0.7896 0.0856
vn -0.9606 0.0294 0.2765
vn -0.1401 0.9901 -0.0078
vn -0.5203 0.8101 0.2702
vn -0.7389 0.5003 0.4514
vn -0.5204 0.8100 0.2702
vn -0.8277 0.0605 0.5579
vn -0.0965 0.9946 0.0385
vn -0.3801 0.8245 0.4192
vn -0.5447 0.5202 0.6578
vn -0.6139 0.0825 0.7850
vn -0.0407 0.9968 0.0693
vn -0.2005 0.8315 0.5180
vn -0.2959 0.5300 0.7947
vn -0.2005 0.8315 0.5181
vn -0.3401 0.0932 0.9357
vn 0.0219 0.9964 0.0814
vn 0.0009 0.8305 0.5570
vn -0.0171 0.5285 0.8488
vn 0.0008 0.8304 0.5571
vn -0.0332 0.0916 0.9952
vn 0.0852 0.9936 0.0737
vn 0.2043 0.8215 0.5324
vn 0.2647 0.5160 0.8147
vn 0.2043 0.8214 0.5325
vn 0.2770 0.0779 0.9577
vn 0.1429 0.9886 0.0471
vn 0.3899 0.8053 0.4466
vn 0.5217 0.4937 0.6958
vn 0.5599 0.0532 0.8268
vn 0.1894 0.9819 0.0039
vn 0.5394 0.7837 0.3079
vn 0.7288 0.4637 0.5037
vn 0.5395 0.7837 0.3079
vn 0.7879 0.0203 0.6154
vn 0.2201 0.9741 -0.0514
vn 0.6384 0.7587 0.1300
vn 0.8658 0.4291 0.2573
vn 0.6384 0.7586 0.1300
vn 0.9387 -0.0179 0.3442
vn 0.2321 0.9660 -0.1135
vn 0.6769 0.7327 -0.0698
vn 0.9193 0.3931 -0.0194
vn 0.6770 0.7327 -0.0698
vn 0.9976 -0.0575 0.0396
vn 0.2242 0.9585 -0.1763
vn 0.6514 0.7084 -0.2718
vn 0.8839 0.3594 -0.2992
vn 0.6515 0.7083 -0.2719
vn 0.9586 -0.0946 -0.2684
vn 0.1971 0.9521 -0.2337
vn 0.5643 0.6880 -0.4564
vn 0.7632 0.3311 -0.5548
vn 0.5643 0.6879 -0.4565
vn 0.8258 -0.1257 -0.5498
vn 0.1535 0.9477 -0.2800
vn 0.4240 0.6735 -0.6054
vn 0.5690 0.3112 -0.7612
vn 0.4241 0.6735 -0.6055
vn 0.6120 -0.1477 -0.7769
vn 0.0976 0.9455 -0.3107
vn 0.2445 0.6665 -0.7043
vn 0.3203 0.3015 -0.8981
vn 0.3382 -0.1584 -0.9276
vn 0.0350 0.9458 -0.3229
vn 0.0431 0.6676 -0.7433
vn 0.0414 0.3029 -0.9521
vn 0.0431 0.6675 -0.7434
vn 0.0313 -0.1568 -0.9871
vn -0.5619 -0.1237 -0.8179
vn -0.7898 -0.0907 -0.6066
vn -0.9406 -0.0526 -0.3353
vn -0.9994 -0.0130 -0.0308
vn -0.9605 0.0241 0.2771
vn -0.8277 0.0552 0.5584
vn -0.6140 0.0772 0.7856
vn -0.3402 0.0879 0.9362
vn -0.0333 0.0863 0.9957
vn 0.2768 0.0725 0.9582
vn 0.5596 0.0480 0.8273
vn 0.7876 0.0150 0.6160
vn 0.9384 -0.0231 0.3448
vn 0.9972 -0.0627 0.0403
vn 0.9583 -0.0999 -0.2677
vn 0.8255 -0.1310 -0.5490
vn 0.6117 -0.1529 -0.7761
vn 0.3380 -0.1636 -0.9268
vn 0.0311 -0.1620 -0.9863
vn -0.2790 -0.1483 -0.9488
vn -0.5618 -0.1237 -0.8179
vn -0.3096 -0.8985 -0.3112
vn -0.1661 -0.9110 -0.3776
vn -0.5355 -0.4291 -0.7274
vn -0.2706 -0.4521 -0.8499
vn -0.5356 -0.4291 -0.7273
vn -0.7492 -0.3982 -0.5293
vn -0.4253 -0.8818 -0.2039
vn -0.8904 -0.3625 -0.2752
vn -0.5018 -0.8624 -0.0663
vn -0.9455 -0.3254 0.0100
vn -0.5317 -0.8423 0.0882
vn -0.9091 -0.2906 0.2986
vn -0.5119 -0.8235 0.2445
vn -0.7846 -0.2615 0.5621
vn -0.4445 -0.8077 0.3873
vn -0.5844 -0.2409 0.7749
vn -0.3361 -0.7966 0.5025
vn -0.3279 -0.2309 0.9161
vn -0.1972 -0.7911 0.5790
vn -0.0404 -0.2324 0.9718
vn -0.0414 -0.7919 0.6092
vn 0.2501 -0.2452 0.9366
vn 0.1159 -0.7989 0.5902
vn 0.5151 -0.2683 0.8141
vn 0.2595 -0.8114 0.5238
vn 0.7287 -0.2991 0.6160
vn 0.3752 -0.8281 0.4165
vn 0.8700 -0.3349 0.3619
vn 0.4517 -0.8475 0.2789
vn 0.9251 -0.3720 0.0767
vn 0.4815 -0.8676 0.1243
vn 0.8886 -0.4068 -0.2119
vn 0.4618 -0.8864 -0.0320
vn 0.7642 -0.4359 -0.4754
vn 0.3944 -0.9022 -0.1747
vn 0.5639 -0.4565 -0.6882
vn 0.2859 -0.9133 -0.2900
vn 0.3075 -0.4665 -0.8294
vn 0.1470 -0.9188 -0.3664
vn 0.0199 -0.4650 -0.8851
vn -0.0087 -0.9179 -0.3966
vn 0.0588 0.8862 0.4596
vn 0.0985 0.8892 0.4468
vn -0.1110 0.9841 0.1384
vn 0.0347 0.9952 0.0915
vn -0.4416 0.5069 -0.7403
vn -0.2872 0.9227 -0.2570
vn -0.0451 0.9411 -0.3350
vn -0.1450 0.5294 -0.8359
vn -0.1110 0.9842 0.1383
vn 0.0347 0.9952 0.0914
vn 0.0248 0.8760 0.4817
vn -0.2357 0.9467 0.2195
vn -0.1110 0.9841 0.1383
vn -0.2873 0.9227 -0.2570
vn -0.4946 0.8605 -0.1221
vn -0.4417 0.5069 -0.7403
vn -0.6956 0.4306 -0.5750
vn -0.0001 0.8596 0.5110
vn -0.3272 0.8866 0.3270
vn -0.6469 0.7605 0.0565
vn -0.3273 0.8866 0.3269
vn -0.8821 0.3081 -0.3563
vn -0.0136 0.8386 0.5445
vn -0.3767 0.8096 0.4502
vn -0.7291 0.6325 0.2613
vn -0.3768 0.8096 0.4501
vn -0.9828 0.1514 -0.1054
vn -0.0143 0.8151 0.5791
vn -0.3792 0.7234 0.5770
vn -0.7333 0.4891 0.4723
vn -0.3793 0.7233 0.5770
vn -0.9879 -0.0242 0.1530
vn -0.0021 0.7914 0.6113
vn -0.3345 0.6363 0.6952
vn -0.6590 0.3443 0.6687
vn -0.3346 0.6362 0.6952
vn -0.8969 -0.2016 0.3936
vn 0.0218 0.7698 0.6379
vn -0.2470 0.5568 0.7930
vn -0.5135 0.2123 0.8314
vn -0.2470 0.5568 0.7931
vn -0.7187 -0.3633 0.5929
vn 0.0549 0.7523 0.6565
vn -0.1252 0.4929 0.8610
vn -0.3110 0.1060 0.9445
vn -0.1252 0.4928 0.8611
vn -0.4707 -0.4936 0.7313
vn 0.0942 0.7408 0.6650
vn 0.0189 0.4506 0.8925
vn -0.0714 0.0357 0.9968
vn -0.1773 -0.5796 0.7954
vn 0.1357 0.7364 0.6628
vn 0.1712 0.4343 0.8844
vn 0.1819 0.0085 0.9833
vn 0.1712 0.4342 0.8844
vn 0.1330 -0.6130 0.7788
vn 0.1754 0.7394 0.6500
vn 0.3169 0.4454 0.8374
vn 0.4241 0.0269 0.9052
vn 0.3169 0.4453 0.8374
vn 0.4296 -0.5904 0.6832
vn 0.2093 0.7496 0.6279
vn 0.4416 0.4827 0.7563
vn 0.6314 0.0891 0.7703
vn 0.4417 0.4827 0.7563
vn 0.6836 -0.5142 0.5180
vn 0.2343 0.7660 0.5987
vn 0.5332 0.5429 0.6488
vn 0.7837 0.1891 0.5917
vn 0.5332 0.5428 0.6488
vn 0.8701 -0.3917 0.2992
vn 0.2478 0.7869 0.5651
vn 0.5826 0.6199 0.5256
vn 0.8659 0.3171 0.3869
vn 0.5827 0.6198 0.5256
vn 0.9708 -0.2350 0.0484
vn 0.2484 0.8104 0.5306
vn 0.5851 0.7061 0.3988
vn 0.8701 0.4605 0.1759
vn 0.5852 0.7061 0.3987
vn 0.9759 -0.0594 -0.2100
vn 0.2363 0.8342 0.4984
vn 0.5404 0.7932 0.2806
vn 0.7958 0.6053 -0.0205
vn 0.5405 0.7932 0.2806
vn 0.8849 0.1180 -0.4506
vn 0.2124 0.8558 0.4717
vn 0.4529 0.8726 0.1828
vn 0.6503 0.7373 -0.1832
vn 0.4530 0.8726 0.1827
vn 0.7067 0.2797 -0.6499
vn 0.1792 0.8732 0.4532
vn 0.3311 0.9366 0.1148
vn 0.4478 0.8436 -0.2962
vn 0.3312 0.9366 0.1147
vn 0.4587 0.4100 -0.7884
vn 0.1400 0.8847 0.4446
vn 0.1870 0.9788 0.0833
vn 0.2082 0.9139 -0.3486
vn 0.1870 0.9788 0.0832
vn 0.1652 0.4960 -0.8525
vn -0.4424 0.4999 -0.7445
vn -0.6963 0.4237 -0.5793
vn -0.8827 0.3013 -0.3607
vn -0.9834 0.1447 -0.1099
vn -0.9885 -0.0309 0.1483
vn -0.8975 -0.2082 0.3888
vn -0.7193 -0.3698 0.5880
vn -0.4715 -0.5000 0.7264
vn -0.1781 -0.5860 0.7905
vn 0.1320 -0.6194 0.7739
vn 0.4285 -0.5969 0.6784
vn 0.6823 -0.5207 0.5132
vn 0.8687 -0.3982 0.2945
vn 0.9694 -0.2416 0.0438
vn 0.9745 -0.0660 -0.2145
vn 0.8835 0.1113 -0.4550
vn 0.7054 0.2729 -0.6542
vn 0.4575 0.4031 -0.7926
vn 0.1642 0.4891 -0.8567
vn -0.1459 0.5224 -0.8401
vn -0.4424 0.4999 -0.7446
vn -0.2652 -0.5718 -0.7763
vn -0.1598 -0.5638 -0.8103
vn -0.4364 0.0622 -0.8976
vn -0.1797 0.0817 -0.9803
vn -0.4365 0.0622 -0.8976
vn -0.6562 -0.0038 -0.7546
vn -0.3555 -0.5989 -0.7176
vn -0.8176 -0.1097 -0.5652
vn -0.4217 -0.6424 -0.6399
vn -0.9047 -0.2454 -0.3482
vn -0.4575 -0.6981 -0.5507
vn -0.9092 -0.3974 -0.1246
vn -0.4593 -0.7605 -0.4589
vn -0.8304 -0.5509 0.0836
vn -0.4270 -0.8235 -0.3735
vn -0.6762 -0.6908 0.2561
vn -0.3637 -0.8810 -0.3027
vn -0.4616 -0.8035 0.3759
vn -0.2756 -0.9273 -0.2535
vn -0.2076 -0.8780 0.4314
vn -0.1713 -0.9578 -0.2307
vn 0.0609 -0.9068 0.4171
vn -0.0611 -0.9697 -0.2366
vn 0.3176 -0.8873 0.3343
vn 0.0443 -0.9617 -0.2705
vn 0.5373 -0.8214 0.1913
vn 0.1345 -0.9346 -0.3293
vn 0.6987 -0.7154 0.0020
vn 0.2008 -0.8911 -0.4070
vn 0.7859 -0.5798 -0.2151
vn 0.2366 -0.8354 -0.4961
vn 0.7903 -0.4278 -0.4387
vn 0.2384 -0.7730 -0.5879
vn 0.7115 -0.2743 -0.6469
vn 0.2061 -0.7100 -0.6734
vn 0.5573 -0.1343 -0.8194
vn 0.1427 -0.6525 -0.7442
vn 0.3427 -0.0216 -0.9392
vn 0.0546 -0.6063 -0.7934
vn 0.0887 0.0528 -0.9947
vn -0.0496 -0.5757 -0.8162
vn 0.2635 0.9631 -0.0552
vn 0.3150 0.9427 -0.1097
vn -0.2000 0.9091 -0.3655
vn -0.0485 0.8493 -0.5258
vn -0.7149 0.3723 -0.5918
vn -0.4924 0.6997 -0.5177
vn -0.2982 0.6230 -0.7232
vn -0.5078 0.2904 -0.8110
vn -0.0486 0.8492 -0.5258
vn 0.2288 0.9734 0.0136
vn -0.3018 0.9393 -0.1631
vn -0.6229 0.7384 -0.2583
vn -0.3019 0.9393 -0.1631
vn -0.7150 0.3723 -0.5918
vn -0.8542 0.4136 -0.3151
vn 0.2145 0.9726 0.0900
vn -0.3440 0.9370 0.0615
vn -0.6770 0.7354 0.0296
vn -0.3441 0.9369 0.0615
vn -0.9118 0.4105 -0.0079
vn 0.2218 0.9608 0.1665
vn -0.3224 0.9023 0.2864
vn -0.6493 0.6909 0.3179
vn -0.3224 0.9022 0.2864
vn -0.8823 0.3630 0.2996
vn 0.2502 0.9391 0.2356
vn -0.2391 0.8386 0.4895
vn -0.5426 0.6093 0.5782
vn -0.2392 0.8386 0.4895
vn -0.7685 0.2760 0.5773
vn 0.2967 0.9097 0.2905
vn -0.1024 0.7522 0.6509
vn -0.3673 0.4986 0.7852
vn -0.5815 0.1578 0.7981
vn 0.3568 0.8755 0.3258
vn 0.0745 0.6516 0.7549
vn -0.1406 0.3696 0.9185
vn 0.0744 0.6515 0.7550
vn -0.3396 0.0202 0.9404
vn 0.4247 0.8398 0.3382
vn 0.2741 0.5465 0.7913
vn 0.1153 0.2349 0.9652
vn 0.2741 0.5465 0.7914
vn -0.0666 -0.1235 0.9901
vn 0.4937 0.8060 0.3264
vn 0.4771 0.4473 0.7565
vn 0.3755 0.1078 0.9206
vn 0.4771 0.4473 0.7566
vn 0.2109 -0.2592 0.9425
vn 0.5571 0.7776 0.2915
vn 0.6634 0.3637 0.6539
vn 0.6143 0.0006 0.7891
vn 0.6634 0.3636 0.6540
vn 0.4657 -0.3736 0.8022
vn 0.6086 0.7573 0.2370
vn 0.8149 0.3039 0.4936
vn 0.8085 -0.0761 0.5836
vn 0.8149 0.3038 0.4936
vn 0.6728 -0.4555 0.5830
vn 0.6432 0.7470 0.1682
vn 0.9167 0.2736 0.2913
vn 0.9390 -0.1149 0.3242
vn 0.8120 -0.4968 0.3063
vn 0.6576 0.7478 0.0918
vn 0.9588 0.2760 0.0667
vn 0.9931 -0.1119 0.0363
vn 0.9589 0.2759 0.0667
vn 0.8696 -0.4937 -0.0009
vn 0.6502 0.7596 0.0153
vn 0.9373 0.3107 -0.1582
vn 0.9654 -0.0674 -0.2520
vn 0.9373 0.3106 -0.1582
vn 0.8401 -0.4462 -0.3084
vn 0.6219 0.7812 -0.0538
vn 0.8540 0.3744 -0.3613
vn 0.8587 0.0142 -0.5123
vn 0.8540 0.3743 -0.3613
vn 0.7263 -0.3592 -0.5861
vn 0.5754 0.8106 -0.1087
vn 0.7173 0.4607 -0.5227
vn 0.6834 0.1250 -0.7193
vn 0.7173 0.4607 -0.5228
vn 0.5393 -0.2410 -0.8069
vn 0.5153 0.8448 -0.1440
vn 0.5404 0.5614 -0.6267
vn 0.4567 0.2540 -0.8526
vn 0.5404 0.5613 -0.6268
vn 0.2975 -0.1034 -0.9491
vn 0.4474 0.8806 -0.1564
vn 0.3407 0.6665 -0.6631
vn 0.2007 0.3886 -0.8993
vn 0.3407 0.6664 -0.6632
vn 0.0244 0.0403 -0.9989
vn 0.3784 0.9143 -0.1446
vn 0.1378 0.7656 -0.6283
vn -0.0594 0.5158 -0.8547
vn 0.1378 0.7656 -0.6284
vn -0.2530 0.1760 -0.9513
vn -0.7169 0.3682 -0.5921
vn -0.8560 0.4095 -0.3154
vn -0.9137 0.4064 -0.0083
vn -0.8842 0.3589 0.2991
vn -0.7703 0.2719 0.5768
vn -0.5834 0.1538 0.7975
vn -0.3416 0.0162 0.9397
vn -0.0686 -0.1275 0.9895
vn 0.2088 -0.2632 0.9419
vn 0.4635 -0.3776 0.8016
vn 0.6706 -0.4594 0.5824
vn 0.8098 -0.5008 0.3058
vn 0.8674 -0.4976 -0.0013
vn 0.8379 -0.4502 -0.3087
vn 0.7241 -0.3631 -0.5864
vn 0.5371 -0.2450 -0.8071
vn 0.2953 -0.1074 -0.9493
vn 0.0224 0.0363 -0.9991
vn -0.2550 0.1719 -0.9515
vn -0.5098 0.2863 -0.8113
vn -0.7168 0.3682 -0.5921
vn -0.8243 -0.2239 -0.5201
vn -0.6613 -0.2883 -0.6925
vn -0.7615 0.2560 -0.5955
vn -0.5572 0.1753 -0.8117
vn -0.7616 0.2560 -0.5954
vn -0.8989 0.2967 -0.3225
vn -0.9338 -0.1914 -0.3024
vn -0.9557 0.2936 -0.0196
vn -0.9791 -0.1939 -0.0608
vn -0.9266 0.2468 0.2837
vn -0.9559 -0.2312 0.1810
vn -0.8144 0.1609 0.5576
vn -0.8664 -0.2997 0.3994
vn -0.6299 0.0444 0.7754
vn -0.7193 -0.3926 0.5731
vn -0.3914 -0.0914 0.9157
vn -0.5291 -0.5009 0.6850
vn -0.1221 -0.2331 0.9648
vn -0.3143 -0.6139 0.7241
vn 0.1516 -0.3668 0.9178
vn -0.0961 -0.7206 0.6867
vn 0.4029 -0.4796 0.7795
vn 0.1043 -0.8105 0.5764
vn 0.6072 -0.5603 0.5633
vn 0.2673 -0.8749 0.4040
vn 0.7446 -0.6011 0.2903
vn 0.3768 -0.9074 0.1863
vn 0.8014 -0.5979 -0.0126
vn 0.4221 -0.9048 -0.0553
vn 0.7723 -0.5511 -0.3159
vn 0.3989 -0.8675 -0.2971
vn 0.6601 -0.4653 -0.5898
vn 0.3094 -0.7990 -0.5156
vn 0.4756 -0.3488 -0.8076
vn 0.1623 -0.7061 -0.6892
vn 0.2371 -0.2130 -0.9478
vn -0.0279 -0.5979 -0.8011
vn -0.0322 -0.0713 -0.9969
vn -0.2427 -0.4849 -0.8402
vn -0.3059 0.0625 -0.9500
vn -0.4609 -0.3782 -0.8028
vn -0.4450 0.7608 -0.4725
vn -0.3984 0.7744 -0.4916
vn -0.5261 0.4176 -0.7408
vn -0.3650 0.4647 -0.8067
vn -0.3429 -0.5201 -0.7823
vn -0.5050 -0.0012 -0.8631
vn -0.2620 0.0699 -0.9625
vn -0.0636 -0.4384 -0.8965
vn -0.3650 0.4647 -0.8068
vn -0.4857 0.7551 -0.4405
vn -0.6669 0.3979 -0.6299
vn -0.5261 0.4175 -0.7408
vn -0.5051 -0.0012 -0.8631
vn -0.7176 -0.0309 -0.6958
vn -0.6670 0.3979 -0.6300
vn -0.3429 -0.5201 -0.7822
vn -0.5871 -0.5542 -0.5900
vn -0.5166 0.7578 -0.3985
vn -0.7738 0.4076 -0.4850
vn -0.8787 -0.0163 -0.4770
vn -0.7738 0.4075 -0.4850
vn -0.7722 -0.5375 -0.3387
vn -0.5346 0.7688 -0.3509
vn -0.8360 0.4456 -0.3201
vn -0.9727 0.0411 -0.2283
vn -0.8361 0.4456 -0.3201
vn -0.8803 -0.4716 -0.0529
vn -0.5380 0.7870 -0.3021
vn -0.8477 0.5083 -0.1514
vn -0.9904 0.1357 0.0263
vn -0.8478 0.5083 -0.1514
vn -0.9005 -0.3628 0.2395
vn -0.5264 0.8105 -0.2570
vn -0.8077 0.5896 0.0045
vn -0.9300 0.2584 0.2615
vn -0.8077 0.5895 0.0045
vn -0.8311 -0.2220 0.5098
vn -0.5010 0.8370 -0.2200
vn -0.7199 0.6814 0.1324
vn -0.7974 0.3968 0.4546
vn -0.6788 -0.0628 0.7316
vn -0.4642 0.8640 -0.1947
vn -0.5928 0.7748 0.2198
vn -0.6057 0.5378 0.5864
vn -0.4585 0.0992 0.8831
vn -0.4197 0.8889 -0.1836
vn -0.4389 0.8606 0.2581
vn -0.3735 0.6674 0.6443
vn -0.4389 0.8606 0.2582
vn -0.1918 0.2480 0.9496
vn -0.3719 0.9091 -0.1878
vn -0.2733 0.9306 0.2436
vn -0.1236 0.7729 0.6224
vn -0.2733 0.9305 0.2437
vn 0.0953 0.3692 0.9244
vn -0.3253 0.9227 -0.2069
vn -0.1122 0.9777 0.1777
vn 0.1194 0.8440 0.5229
vn -0.1122 0.9777 0.1778
vn 0.3746 0.4509 0.8102
vn -0.2845 0.9284 -0.2390
vn 0.0286 0.9974 0.0668
vn 0.3320 0.8737 0.3557
vn 0.0286 0.9973 0.0669
vn 0.6188 0.4850 0.6180
vn -0.2537 0.9256 -0.2809
vn 0.1354 0.9877 -0.0781
vn 0.4931 0.8591 0.1369
vn 0.8039 0.4683 0.3666
vn -0.2357 0.9146 -0.3286
vn 0.1977 0.9497 -0.2430
vn 0.5872 0.8017 -0.1119
vn 0.9119 0.4024 0.0808
vn -0.2323 0.8965 -0.3773
vn 0.2094 0.8870 -0.4117
vn 0.6047 0.7071 -0.3664
vn 0.2094 0.8869 -0.4117
vn 0.9322 0.2936 -0.2116
vn -0.2438 0.8730 -0.4224
vn 0.1693 0.8057 -0.5676
vn 0.5444 0.5845 -0.6017
vn 0.1694 0.8057 -0.5676
vn 0.8628 0.1528 -0.4819
vn -0.2692 0.8464 -0.4594
vn 0.0815 0.7139 -0.6955
vn 0.4118 0.4459 -0.7947
vn 0.7105 -0.0064 -0.7037
vn -0.3060 0.8194 -0.4847
vn -0.0456 0.6205 -0.7829
vn 0.2200 0.3050 -0.9266
vn -0.0456 0.6204 -0.7829
vn 0.4902 -0.1684 -0.8552
vn -0.3505 0.7946 -0.4958
vn -0.1995 0.5346 -0.8212
vn -0.0121 0.1754 -0.9844
vn -0.1994 0.5346 -0.8213
vn 0.2234 -0.3172 -0.9217
vn -0.3403 -0.5256 -0.7797
vn -0.5843 -0.5597 -0.5876
vn -0.7694 -0.5430 -0.3364
vn -0.8774 -0.4771 -0.0506
vn -0.8977 -0.3684 0.2417
vn -0.8283 -0.2276 0.5120
vn -0.6760 -0.0684 0.7337
vn -0.4558 0.0935 0.8852
vn -0.1891 0.2423 0.9516
vn 0.0979 0.3635 0.9265
vn 0.3771 0.4451 0.8122
vn 0.6212 0.4792 0.6201
vn 0.8063 0.4625 0.3688
vn 0.9142 0.3966 0.0831
vn 0.9345 0.2879 -0.2093
vn 0.8651 0.1471 -0.4795
vn 0.7129 -0.0120 -0.7012
vn 0.4926 -0.1739 -0.8527
vn 0.2259 -0.3228 -0.9191
vn -0.0610 -0.4439 -0.8940
vn -0.3402 -0.5256 -0.7798
vn 0.1981 -0.9797 -0.0319
vn 0.3183 -0.9445 -0.0811
vn -0.1615 -0.7998 -0.5782
vn 0.0921 -0.7256 -0.6819
vn -0.1616 -0.7998 -0.5782
vn -0.3833 -0.8308 -0.4036
vn 0.0929 -0.9944 0.0509
vn -0.5514 -0.8156 -0.1754
vn 0.0132 -0.9872 0.1591
vn -0.6495 -0.7557 0.0842
vn -0.0333 -0.9588 0.2822
vn -0.6679 -0.6570 0.3497
vn -0.0421 -0.9120 0.4081
vn -0.6049 -0.5291 0.5951
vn -0.0122 -0.8513 0.5245
vn -0.4666 -0.3845 0.7965
vn 0.0534 -0.7827 0.6201
vn -0.2665 -0.2375 0.9341
vn 0.1483 -0.7130 0.6853
vn -0.0243 -0.1023 0.9945
vn 0.2632 -0.6489 0.7139
vn 0.2364 0.0078 0.9716
vn 0.3868 -0.5967 0.7031
vn 0.4900 0.0819 0.8679
vn 0.5071 -0.5615 0.6539
vn 0.7117 0.1129 0.6933
vn 0.6122 -0.5468 0.5711
vn 0.8798 0.0977 0.4651
vn 0.6920 -0.5540 0.4629
vn 0.9779 0.0379 0.2055
vn 0.7385 -0.5824 0.3398
vn 0.9963 -0.0609 -0.0600
vn 0.7472 -0.6292 0.2139
vn 0.9333 -0.1888 -0.3054
vn 0.7173 -0.6899 0.0974
vn 0.7950 -0.3333 -0.5068
vn 0.6517 -0.7584 0.0019
vn 0.5949 -0.4804 -0.6444
vn 0.5568 -0.8282 -0.0633
vn 0.3527 -0.6156 -0.7048
vn 0.4420 -0.8923 -0.0919
vn 0.2263 0.9658 0.1267
vn 0.2621 0.9587 0.1108
vn 0.0337 0.9831 -0.1801
vn 0.1667 0.9566 -0.2391
vn -0.4802 0.2976 -0.8251
vn -0.2015 0.8337 -0.5142
vn 0.0242 0.7887 -0.6142
vn -0.1992 0.2417 -0.9497
vn 0.0336 0.9831 -0.1802
vn 0.1667 0.9566 -0.2392
vn 0.1962 0.9686 0.1527
vn -0.0779 0.9935 -0.0834
vn -0.2015 0.8337 -0.5141
vn -0.3907 0.8513 -0.3502
vn -0.0780 0.9935 -0.0835
vn -0.7157 0.3196 -0.6210
vn 0.1749 0.9668 0.1864
vn -0.1569 0.9867 0.0414
vn -0.5248 0.8399 -0.1384
vn -0.1570 0.9867 0.0414
vn -0.8827 0.3054 -0.3573
vn 0.1644 0.9605 0.2243
vn -0.1957 0.9636 0.1823
vn -0.5907 0.8006 0.1006
vn -0.1958 0.9636 0.1822
vn -0.9647 0.2564 -0.0598
vn 0.1658 0.9505 0.2629
vn -0.1906 0.9262 0.3253
vn -0.5820 0.7372 0.3433
vn -0.1907 0.9262 0.3253
vn -0.9538 0.1775 0.2423
vn 0.1789 0.9376 0.2983
vn -0.1419 0.8783 0.4565
vn -0.4994 0.6560 0.5659
vn -0.1420 0.8783 0.4565
vn -0.8511 0.0764 0.5194
vn 0.2025 0.9231 0.3270
vn -0.0546 0.8246 0.5631
vn -0.3512 0.5648 0.7468
vn -0.0547 0.8245 0.5632
vn -0.6665 -0.0371 0.7445
vn 0.2342 0.9084 0.3463
vn 0.0630 0.7703 0.6346
vn -0.1517 0.4726 0.8681
vn 0.0629 0.7702 0.6347
vn -0.4183 -0.1518 0.8955
vn 0.2709 0.8951 0.3542
vn 0.1992 0.7207 0.6640
vn 0.0794 0.3885 0.9180
vn 0.1992 0.7206 0.6641
vn -0.1305 -0.2565 0.9577
vn 0.3091 0.8843 0.3500
vn 0.3408 0.6807 0.6485
vn 0.3196 0.3207 0.8916
vn 0.3408 0.6806 0.6486
vn 0.1684 -0.3410 0.9248
vn 0.3449 0.8772 0.3341
vn 0.4738 0.6542 0.5895
vn 0.5453 0.2757 0.7916
vn 0.4739 0.6541 0.5896
vn 0.4494 -0.3969 0.8003
vn 0.3750 0.8743 0.3081
vn 0.5853 0.6438 0.4928
vn 0.7345 0.2581 0.6276
vn 0.5854 0.6437 0.4929
vn 0.6849 -0.4189 0.5961
vn 0.3963 0.8762 0.2744
vn 0.6644 0.6506 0.3680
vn 0.8686 0.2695 0.4157
vn 0.6644 0.6505 0.3680
vn 0.8519 -0.4047 0.3324
vn 0.4068 0.8824 0.2365
vn 0.7032 0.6737 0.2271
vn 0.9345 0.3088 0.1768
vn 0.7033 0.6737 0.2271
vn 0.9339 -0.3558 0.0350
vn 0.4054 0.8925 0.1979
vn 0.6981 0.7111 0.0841
vn 0.9258 0.3722 -0.0659
vn 0.6981 0.7110 0.0841
vn 0.9230 -0.2769 -0.2671
vn 0.3923 0.9054 0.1625
vn 0.6494 0.7590 -0.0471
vn 0.8433 0.4535 -0.2886
vn 0.6495 0.7589 -0.0472
vn 0.8203 -0.1757 -0.5443
vn 0.3687 0.9199 0.1338
vn 0.5620 0.8127 -0.1537
vn 0.6950 0.5446 -0.4694
vn 0.5621 0.8127 -0.1538
vn 0.6358 -0.0622 -0.7694
vn 0.3370 0.9345 0.1145
vn 0.4445 0.8670 -0.2252
vn 0.4956 0.6368 -0.5907
vn 0.4445 0.8670 -0.2253
vn 0.3875 0.0525 -0.9204
vn 0.3003 0.9479 0.1066
vn 0.3082 0.9166 -0.2547
vn 0.2644 0.7209 -0.6406
vn 0.0998 0.1572 -0.9825
vn -0.4825 0.2895 -0.8267
vn -0.7178 0.3114 -0.6227
vn -0.8847 0.2973 -0.3591
vn -0.9667 0.2483 -0.0618
vn -0.9558 0.1695 0.2401
vn -0.8531 0.0684 0.5172
vn -0.6687 -0.0451 0.7422
vn -0.4205 -0.1597 0.8931
vn -0.1330 -0.2644 0.9552
vn 0.1659 -0.3488 0.9224
vn 0.4467 -0.4047 0.7979
vn 0.6821 -0.4266 0.5939
vn 0.8490 -0.4125 0.3303
vn 0.9310 -0.3635 0.0330
vn 0.9201 -0.2847 -0.2690
vn 0.8174 -0.1836 -0.5460
vn 0.6330 -0.0701 -0.7710
vn 0.3848 0.0445 -0.9219
vn 0.0972 0.1492 -0.9840
vn -0.2016 0.2336 -0.9512
vn -0.4824 0.2895 -0.8267
vn -0.4291 -0.7553 -0.4953
vn -0.3334 -0.7744 -0.5377
vn -0.5473 -0.1874 -0.8157
vn -0.3072 -0.2352 -0.9221
vn -0.5474 -0.1874 -0.8156
vn -0.7486 -0.1686 -0.6412
vn -0.5093 -0.7479 -0.4258
vn -0.8913 -0.1808 -0.4158
vn -0.5662 -0.7527 -0.3359
vn -0.9614 -0.2226 -0.1616
vn -0.5942 -0.7694 -0.2346
vn -0.9521 -0.2900 0.0966
vn -0.5905 -0.7963 -0.1317
vn -0.8643 -0.3765 0.3335
vn -0.5555 -0.8307 -0.0373
vn -0.7066 -0.4735 0.5259
vn -0.4926 -0.8694 0.0394
vn -0.4944 -0.5715 0.6549
vn -0.4080 -0.9084 0.0909
vn -0.2485 -0.6610 0.7080
vn -0.3100 -0.9441 0.1120
vn 0.0070 -0.7332 0.6800
vn -0.2082 -0.9729 0.1008
vn 0.2472 -0.7810 0.5735
vn -0.1124 -0.9919 0.0584
vn 0.4485 -0.7998 0.3991
vn -0.0322 -0.9994 -0.0111
vn 0.5912 -0.7876 0.1737
vn 0.0246 -0.9946 -0.1010
vn 0.6613 -0.7458 -0.0805
vn 0.0526 -0.9779 -0.2023
vn 0.6520 -0.6784 -0.3387
vn 0.0489 -0.9510 -0.3052
vn 0.5642 -0.5919 -0.5756
vn 0.0139 -0.9166 -0.3996
vn 0.4065 -0.4949 -0.7680
vn -0.0490 -0.8779 -0.4763
vn 0.1943 -0.3969 -0.8971
vn -0.1335 -0.8388 -0.5277
vn -0.0517 -0.3074 -0.9502
vn -0.2315 -0.8032 -0.5489
vn -0.0226 0.9268 0.3749
vn -0.0470 0.9403 0.3371
vn -0.3272 0.7444 0.5820
vn -0.4144 0.7925 0.4475
vn -0.7617 -0.1921 0.6188
vn -0.5908 0.4113 0.6942
vn -0.7285 0.4872 0.4815
vn -0.9241 -0.1027 0.3681
vn -0.3273 0.7444 0.5821
vn -0.4145 0.7925 0.4475
vn 0.0130 0.9150 0.4031
vn -0.2004 0.7025 0.6829
vn -0.5907 0.4112 0.6942
vn -0.3903 0.3449 0.8536
vn -0.2004 0.7024 0.6830
vn -0.7617 -0.1922 0.6188
vn -0.5254 -0.2703 0.8068
vn 0.0562 0.9061 0.4192
vn -0.0463 0.6707 0.7403
vn -0.1469 0.2948 0.9442
vn -0.2383 -0.3293 0.9136
vn 0.1028 0.9010 0.4215
vn 0.1199 0.6523 0.7484
vn 0.1158 0.2657 0.9571
vn 0.1199 0.6522 0.7485
vn 0.0713 -0.3636 0.9288
vn 0.1483 0.9001 0.4098
vn 0.2820 0.6490 0.7066
vn 0.3719 0.2605 0.8910
vn 0.3732 -0.3697 0.8509
vn 0.1881 0.9035 0.3852
vn 0.4241 0.6612 0.6188
vn 0.5964 0.2797 0.7524
vn 0.4242 0.6611 0.6189
vn 0.6379 -0.3471 0.6875
vn 0.2185 0.9109 0.3501
vn 0.5323 0.6876 0.4938
vn 0.7674 0.3214 0.5548
vn 0.5324 0.6875 0.4938
vn 0.8394 -0.2979 0.4546
vn 0.2363 0.9216 0.3080
vn 0.5960 0.7257 0.3437
vn 0.8680 0.3817 0.3177
vn 0.5960 0.7256 0.3437
vn 0.9581 -0.2270 0.1750
vn 0.2400 0.9345 0.2630
vn 0.6089 0.7717 0.1833
vn 0.8885 0.4544 0.0642
vn 0.6090 0.7717 0.1833
vn 0.9822 -0.1413 -0.1239
vn 0.2290 0.9483 0.2195
vn 0.5699 0.8212 0.0282
vn 0.8269 0.5325 -0.1810
vn 0.5700 0.8212 0.0281
vn 0.9095 -0.0492 -0.4129
vn 0.2046 0.9618 0.1818
vn 0.4827 0.8693 -0.1064
vn 0.6890 0.6085 -0.3936
vn 0.4828 0.8693 -0.1065
vn 0.7470 0.0403 -0.6636
vn 0.1690 0.9736 0.1535
vn 0.3558 0.9113 -0.2073
vn 0.4886 0.6748 -0.5531
vn 0.3559 0.9112 -0.2074
vn 0.5107 0.1183 -0.8516
vn 0.1258 0.9825 0.1374
vn 0.2018 0.9430 -0.2646
vn 0.2451 0.7250 -0.6437
vn 0.2018 0.9430 -0.2647
vn 0.2237 0.1774 -0.9584
vn 0.0792 0.9877 0.1351
vn 0.0356 0.9614 -0.2728
vn -0.0175 0.7541 -0.6565
vn 0.0355 0.9614 -0.2729
vn -0.0859 0.2117 -0.9735
vn 0.0337 0.9886 0.1468
vn -0.1265 0.9647 -0.2310
vn -0.2736 0.7593 -0.5904
vn -0.1266 0.9647 -0.2310
vn -0.3878 0.2178 -0.8956
vn -0.0061 0.9852 0.1715
vn -0.2686 0.9525 -0.1432
vn -0.4981 0.7401 -0.4518
vn -0.2687 0.9525 -0.1433
vn -0.6525 0.1952 -0.7322
vn -0.0365 0.9778 0.2065
vn -0.3768 0.9261 -0.0182
vn -0.6691 0.6983 -0.2543
vn -0.3769 0.9261 -0.0183
vn -0.8540 0.1460 -0.4994
vn -0.0544 0.9671 0.2486
vn -0.4405 0.8880 0.1319
vn -0.7698 0.6381 -0.0171
vn -0.4406 0.8880 0.1318
vn -0.9727 0.0751 -0.2198
vn -0.0580 0.9542 0.2936
vn -0.4535 0.8420 0.2923
vn -0.7902 0.5654 0.2364
vn -0.4535 0.8419 0.2923
vn -0.9968 -0.0106 0.0791
vn -0.7618 -0.1993 0.6164
vn -0.5257 -0.2773 0.8042
vn -0.2389 -0.3364 0.9109
vn 0.0705 -0.3706 0.9261
vn 0.3723 -0.3767 0.8482
vn 0.6368 -0.3541 0.6849
vn 0.8382 -0.3050 0.4522
vn 0.9567 -0.2341 0.1728
vn 0.9809 -0.1485 -0.1260
vn 0.9082 -0.0564 -0.4148
vn 0.7458 0.0329 -0.6653
vn 0.5097 0.1110 -0.8532
vn 0.2229 0.1700 -0.9599
vn -0.0866 0.2043 -0.9751
vn -0.3883 0.2104 -0.8972
vn -0.6528 0.1878 -0.7339
vn -0.8542 0.1386 -0.5012
vn -0.9727 0.0678 -0.2218
vn -0.9969 -0.0179 0.0769
vn -0.9242 -0.1099 0.3657
vn -0.7619 -0.1993 0.6163
vn -0.5267 -0.8349 0.1595
vn -0.6243 -0.7812 0.0090
vn -0.7518 -0.3826 0.5370
vn -0.9081 -0.2965 0.2958
vn -0.7518 -0.3826 0.5371
vn -0.5245 -0.4578 0.7179
vn -0.3848 -0.8819 0.2724
vn -0.2484 -0.5147 0.8206
vn -0.2125 -0.9174 0.3365
vn 0.0495 -0.5477 0.8352
vn -0.0265 -0.9380 0.3456
vn 0.3399 -0.5536 0.7602
vn 0.1548 -0.9417 0.2988
vn 0.5946 -0.5318 0.6030
vn 0.3137 -0.9281 0.2007
vn 0.7885 -0.4845 0.3790
vn 0.4347 -0.8985 0.0609
vn 0.9026 -0.4162 0.1100
vn 0.5060 -0.8559 -0.1070
vn 0.9258 -0.3337 -0.1775
vn 0.5205 -0.8044 -0.2865
vn 0.8559 -0.2450 -0.4555
vn 0.4768 -0.7490 -0.4600
vn 0.6996 -0.1589 -0.6966
vn 0.3793 -0.6953 -0.6105
vn 0.4723 -0.0837 -0.8775
vn 0.2374 -0.6483 -0.7234
vn 0.1962 -0.0268 -0.9802
vn 0.0650 -0.6128 -0.7875
vn -0.1017 0.0062 -0.9948
vn -0.1209 -0.5922 -0.7967
vn -0.3921 0.0121 -0.9198
vn -0.3022 -0.5885 -0.7499
vn -0.6468 -0.0097 -0.7626
vn -0.4611 -0.6022 -0.6517
vn -0.8406 -0.0571 -0.5386
vn -0.5822 -0.6317 -0.5119
vn -0.9548 -0.1253 -0.2697
vn -0.6534 -0.6743 -0.3440
vn -0.9780 -0.2078 0.0179
vn -0.6679 -0.7258 -0.1645
s 1
usemtl ParlakVersiyon
f 1//1 2//2 3//3
f 2//2 4//4 3//3
f 4//4 5//5 3//3
f 5//5 6//6 3//3
f 6//6 7//7 3//3
f 7//7 8//8 3//3
f 8//8 9//9 3//3
f 9//9 10//10 3//3
f 10//10 11//11 3//3
f 11//11 12//12 3//3
f 12//12 13//13 3//3
f 13//13 14//14 3//3
f 14//14 15//15 3//3
f 15//15 16//16 3//3
f 16//16 17//17 3//3
f 17//17 18//18 3//3
f 18//18 19//19 3//3
f 19//19 20//20 3//3
f 20//20 21//21 3//3
f 21//21 1//1 3//3
f 22//22 23//23 24//24
f 25//25 22//22 24//24
f 26//26 25//25 24//24
f 27//27 26//26 24//24
f 28//28 27//27 24//24
f 29//29 28//28 24//24
f 30//30 29//29 24//24
f 31//31 30//30 24//24
f 32//32 31//31 24//24
f 33//33 32//32 24//24
f 34//34 33//33 24//24
f 35//35 34//34 24//24
f 36//36 35//35 24//24
f 37//37 36//36 24//24
f 38//38 37//37 24//24
f 39//39 38//38 24//24
f 40//40 39//39 24//24
f 41//41 40//40 24//24
f 42//42 41//41 24//24
f 23//23 42//42 24//24
f 43//43 44//44 45//45
f 44//44 46//46 45//45
f 46//46 47//47 45//45
f 47//47 48//48 45//45
f 48//48 49//49 45//45
f 49//49 50//50 45//45
f 50//50 51//51 45//45
f 51//51 52//52 45//45
f 52//52 53//53 45//45
f 53//53 54//54 45//45
f 54//54 55//55 45//45
f 55//55 56//56 45//45
f 56//56 57//57 45//45
f 57//57 58//58 45//45
f 58//58 59//59 45//45
f 59//59 60//60 45//45
f 60//60 61//61 45//45
f 61//61 62//62 45//45
f 62//62 63//63 45//45
f 63//63 43//43 45//45
f 64//64 65//65 66//66
f 67//67 64//64 66//66
f 68//68 67//67 66//66
f 69//69 68//68 66//66
f 70//70 69//69 66//66
f 71//71 70//70 66//66
f 72//72 71//71 66//66
f 73//73 72//72 66//66
f 74//74 73//73 66//66
f 75//75 74//74 66//66
f 76//76 75//75 66//66
f 77//77 76//76 66//66
f 78//78 77//77 66//66
f 79//79 78//78 66//66
f 80//80 79//79 66//66
f 81//81 80//80 66//66
f 82//82 81//81 66//66
f 83//83 82//82 66//66
f 84//84 83//83 66//66
f 65//65 84//84 66//66
f 85//85 86//86 87//87
f 86//86 88//88 87//87
f 88//88 89//89 87//87
f 89//89 90//90 87//87
f 90//90 91//91 87//87
f 91//91 92//92 87//87
f 92//92 93//93 87//87
f 93//93 94//94 87//87
f 94//94 95//95 87//87
f 95//95 96//96 87//87
f 96//96 97//97 87//87
f 97//97 98//98 87//87
f 98//98 99//99 87//87
f 99//99 100//100 87//87
f 100//100 101//101 87//87
f 101//101 102//102 87//87
f 102//102 103//103 87//87
f 103//103 104//104 87//87
f 104//104 105//105 87//87
f 105//105 85//85 87//87
f 106//106 107//107 108//108
f 109//109 106//106 108//108
f 110//110 109//109 108//108
f 111//111 110//110 108//108
f 112//112 111//111 108//108
f 113//113 112//112 108//108
f 114//114 113//113 108//108
f 115//115 114//114 108//108
f 116//116 115//115 108//108
f 117//117 116//116 108//108
f 118//118 117//117 108//108
f 119//119 118//118 108//108
f 120//120 119//119 108//108
f 121//121 120//120 108//108
f 122//122 121//121 108//108
f 123//123 122//122 108//108
f 124//124 123//123 108//108
f 125//125 124//124 108//108
f 126//126 125//125 108//108
f 107//107 126//126 108//108
f 127//127 128//128 129//129
f 128//128 130//130 129//129
f 130//130 131//131 129//129
f 131//131 132//132 129//129
f 132//132 133//133 129//129
f 133//133 134//134 129//129
f 134//134 135//135 129//129
f 135//135 136//136 129//129
f 136//136 137//137 129//129
f 137//137 138//138 129//129
f 138//138 139//139 129//129
f 139//139 140//140 129//129
f 140//140 141//141 129//129
f 141//141 142//142 129//129
f 142//142 143//143 129//129
f 143//143 144//144 129//129
f 144//144 145//145 129//129
f 145//145 146//146 129//129
f 146//146 147//147 129//129
f 147//147 127//127 129//129
f 148//148 149//149 150//150
f 151//151 148//148 150//150
f 152//152 151//151 150//150
f 153//153 152//152 150//150
f 154//154 153//153 150//150
f 155//155 154//154 150//150
f 156//156 155//155 150//150
f 157//157 156//156 150//150
f 158//158 157//157 150//150
f 159//159 158//158 150//150
f 160//160 159//159 150//150
f 161//161 160//160 150//150
f 162//162 161//161 150//150
f 163//163 162//162 150//150
f 164//164 163//163 150//150
f 165//165 164//164 150//150
f 166//166 165//165 150//150
f 167//167 166//166 150//150
f 168//168 167//167 150//150
f 149//149 168//168 150//150
f 169//169 170//170 171//171
f 170//170 172//172 171//171
f 172//172 173//173 171//171
f 173//173 174//174 171//171
f 174//174 175//175 171//171
f 175//175 176//176 171//171
f 176//176 177//177 171//171
f 177//177 178//178 171//171
f 178//178 179//179 171//171
f 179//179 180//180 171//171
f 180//180 181//181 171//171
f 181//181 182//182 171//171
f 182//182 183//183 171//171
f 183//183 184//184 171//171
f 184//184 185//185 171//171
f 185//185 186//186 171//171
f 186//186 187//187 171//171
f 187//187 188//188 171//171
f 188//188 189//189 171//171
f 189//189 169//169 171//171
f 190//190 191//191 192//192
f 193//193 190//190 192//192
f 194//194 193//193 192//192
f 195//195 194//194 192//192
f 196//196 195//195 192//192
f 197//197 196//196 192//192
f 198//198 197//197 192//192
f 199//199 198//198 192//192
f 200//200 199//199 192//192
f 201//201 200//200 192//192
f 202//202 201//201 192//192
f 203//203 202//202 192//192
f 204//204 203//203 192//192
f 205//205 204//204 192//192
f 206//206 205//205 192//192
f 207//207 206//206 192//192
f 208//208 207//207 192//192
f 209//209 208//208 192//192
f 210//210 209//209 192//192
f 191//191 210//210 192//192
f 211//211 212//212 213//213
f 212//212 214//214 213//213
f 214//214 215//215 213//213
f 215//215 216//216 213//213
f 216//216 217//217 213//213
f 217//217 218//218 213//213
f 218//218 219//219 213//213
f 219//219 220//220 213//213
f 220//220 221//221 213//213
f 221//221 222//222 213//213
f 222//222 223//223 213//213
f 223//223 224//224 213//213
f 224//224 225//225 213//213
f 225//225 226//226 213//213
f 226//226 227//227 213//213
f 227//227 228//228 213//213
f 228//228 229//229 213//213
f 229//229 230//230 213//213
f 230//230 231//231 213//213
f 231//231 211//211 213//213
f 232//232 233//233 234//234
f 235//235 232//232 234//234
f 236//236 235//235 234//234
f 237//237 236//236 234//234
f 238//238 237//237 234//234
f 239//239 238//238 234//234
f 240//240 239//239 234//234
f 241//241 240//240 234//234
f 242//242 241//241 234//234
f 243//243 242//242 234//234
f 244//244 243//243 234//234
f 245//245 244//244 234//234
f 246//246 245//245 234//234
f 247//247 246//246 234//234
f 248//248 247//247 234//234
f 249//249 248//248 234//234
f 250//250 249//249 234//234
f 251//251 250//250 234//234
f 252//252 251//251 234//234
f 233//233 252//252 234//234
f 253//253 254//254 255//255
f 254//254 256//256 255//255
f 256//256 257//257 255//255
f 257//257 258//258 255//255
f 258//258 259//259 255//255
f 259//259 260//260 255//255
f 260//260 261//261 255//255
f 261//261 262//262 255//255
f 262//262 263//263 255//255
f 263//263 264//264 255//255
f 264//264 265//265 255//255
f 265//265 266//266 255//255
f 266//266 267//267 255//255
f 267//267 268//268 255//255
f 268//268 269//269 255//255
f 269//269 270//270 255//255
f 270//270 271//271 255//255
f 271//271 272//272 255//255
f 272//272 273//273 255//255
f 273//273 253//253 255//255
f 274//274 275//275 276//276
f 277//277 274//274 276//276
f 278//278 277//277 276//276
f 279//279 278//278 276//276
f 280//280 279//279 276//276
f 281//281 280//280 276//276
f 282//282 281//281 276//276
f 283//283 282//282 276//276
f 284//284 283//283 276//276
f 285//285 284//284 276//276
f 286//286 285//285 276//276
f 287//287 286//286 276//276
f 288//288 287//287 276//276
f 289//289 288//288 276//276
f 290//290 289//289 276//276
f 291//291 290//290 276//276
f 292//292 291//291 276//276
f 293//293 292//292 276//276
f 294//294 293//293 276//276
f 275//275 294//294 276//276
f 295//295 296//296 297//297
f 296//296 298//298 297//297
f 298//298 299//299 297//297
f 299//299 300//300 297//297
f 300//300 301//301 297//297
f 301//301 302//302 297//297
f 302//302 303//303 297//297
f 303//303 304//304 297//297
f 304//304 305//305 297//297
f 305//305 306//306 297//297
f 306//306 307//307 297//297
f 307//307 308//308 297//297
f 308//308 309//309 297//297
f 309//309 310//310 297//297
f 310//310 311//311 297//297
f 311//311 312//312 297//297
f 312//312 313//313 297//297
f 313//313 314//314 297//297
f 314//314 315//315 297//297
f 315//315 295//295 297//297
f 316//316 317//317 318//318
f 319//319 316//316 318//318
f 320//320 319//319 318//318
f 321//321 320//320 318//318
f 322//322 321//321 318//318
f 323//323 322//322 318//318
f 324//324 323//323 318//318
f 325//325 324//324 318//318
f 326//326 325//325 318//318
f 327//327 326//326 318//318
f 328//328 327//327 318//318
f 329//329 328//328 318//318
f 330//330 329//329 318//318
f 331//331 330//330 318//318
f 332//332 331//331 318//318
f 333//333 332//332 318//318
f 334//334 333//333 318//318
f 335//335 334//334 318//318
f 336//336 335//335 318//318
f 317//317 336//336 318//318
f 337//337 338//338 339//339
f 338//338 340//340 339//339
f 340//340 341//341 339//339
f 341//341 342//342 339//339
f 342//342 343//343 339//339
f 343//343 344//344 339//339
f 344//344 345//345 339//339
f 345//345 346//346 339//339
f 346//346 347//347 339//339
f 347//347 348//348 339//339
f 348//348 349//349 339//339
f 349//349 350//350 339//339
f 350//350 351//351 339//339
f 351//351 352//352 339//339
f 352//352 353//353 339//339
f 353//353 354//354 339//339
f 354//354 355//355 339//339
f 355//355 356//356 339//339
f 356//356 357//357 339//339
f 357//357 337//337 339//339
f 358//358 359//359 360//360
f 361//361 358//358 360//360
f 362//362 361//361 360//360
f 363//363 362//362 360//360
f 364//364 363//363 360//360
f 365//365 364//364 360//360
f 366//366 365//365 360//360
f 367//367 366//366 360//360
f 368//368 367//367 360//360
f 369//369 368//368 360//360
f 370//370 369//369 360//360
f 371//371 370//370 360//360
f 372//372 371//371 360//360
f 373//373 372//372 360//360
f 374//374 373//373 360//360
f 375//375 374//374 360//360
f 376//376 375//375 360//360
f 377//377 376//376 360//360
f 378//378 377//377 360//360
f 359//359 378//378 360//360
f 379//379 380//380 381//381
f 380//380 382//382 381//381
f 382//382 383//383 381//381
f 383//383 384//384 381//381
f 384//384 385//385 381//381
f 385//385 386//386 381//381
f 386//386 387//387 381//381
f 387//387 388//388 381//381
f 388//388 389//389 381//381
f 389//389 390//390 381//381
f 390//390 391//391 381//381
f 391//391 392//392 381//381
f 392//392 393//393 381//381
f 393//393 394//394 381//381
f 394//394 395//395 381//381
f 395//395 396//396 381//381
f 396//396 397//397 381//381
f 397//397 398//398 381//381
f 398//398 399//399 381//381
f 399//399 379//379 381//381
f 400//400 401//401 402//402
f 403//403 400//400 402//402
f 404//404 403//403 402//402
f 405//405 404//404 402//402
f 406//406 405//405 402//402
f 407//407 406//406 402//402
f 408//408 407//407 402//402
f 409//409 408//408 402//402
f 410//410 409//409 402//402
f 411//411 410//410 402//402
f 412//412 411//411 402//402
f 413//413 412//412 402//402
f 414//414 413//413 402//402
f 415//415 414//414 402//402
f 416//416 415//415 402//402
f 417//417 416//416 402//402
f 418//418 417//417 402//402
f 419//419 418//418 402//402
f 420//420 419//419 402//402
f 401//401 420//420 402//402
f 421//421 422//422 423//423
f 422//422 424//424 423//423
f 424//424 425//425 423//423
f 425//425 426//426 423//423
f 426//426 427//427 423//423
f 427//427 428//428 423//423
f 428//428 429//429 423//423
f 429//429 430//430 423//423
f 430//430 431//431 423//423
f 431//431 432//432 423//423
f 432//432 433//433 423//423
f 433//433 434//434 423//423
f 434//434 435//435 423//423
f 435//435 436//436 423//423
f 436//436 437//437 423//423
f 437//437 438//438 423//423
f 438//438 439//439 423//423
f 439//439 440//440 423//423
f 440//440 441//441 423//423
f 441//441 421//421 423//423
f 442//442 443//443 444//444
f 445//445 442//442 444//444
f 446//446 445//445 444//444
f 447//447 446//446 444//444
f 448//448 447//447 444//444
f 449//449 448//448 444//444
f 450//450 449//449 444//444
f 451//451 450//450 444//444
f 452//452 451//451 444//444
f 453//453 452//452 444//444
f 454//454 453//453 444//444
f 455//455 454//454 444//444
f 456//456 455//455 444//444
f 457//457 456//456 444//444
f 458//458 457//457 444//444
f 459//459 458//458 444//444
f 460//460 459//459 444//444
f 461//461 460//460 444//444
f 462//462 461//461 444//444
f 443//443 462//462 444//444
f 463//463 464//464 465//465
f 464//464 466//466 465//465
f 466//466 467//467 465//465
f 467//467 468//468 465//465
f 468//468 469//469 465//465
f 469//469 470//470 465//465
f 470//470 471//471 465//465
f 471//471 472//472 465//465
f 472//472 473//473 465//465
f 473//473 474//474 465//465
f 474//474 475//475 465//465
f 475//475 476//476 465//465
f 476//476 477//477 465//465
f 477//477 478//478 465//465
f 478//478 479//479 465//465
f 479//479 480//480 465//465
f 480//480 481//481 465//465
f 481//481 482//482 465//465
f 482//482 483//483 465//465
f 483//483 463//463 465//465
f 484//484 485//485 486//486
f 487//487 484//484 486//486
f 488//488 487//487 486//486
f 489//489 488//488 486//486
f 490//490 489//489 486//486
f 491//491 490//490 486//486
f 492//492 491//491 486//486
f 493//493 492//492 486//486
f 494//494 493//493 486//486
f 495//495 494//494 486//486
f 496//496 495//495 486//486
f 497//497 496//496 486//486
f 498//498 497//497 486//486
f 499//499 498//498 486//486
f 500//500 499//499 486//486
f 501//501 500//500 486//486
f 502//502 501//501 486//486
f 503//503 502//502 486//486
f 504//504 503//503 486//486
f 485//485 504//504 486//486
f 505//505 506//506 507//507
f 506//506 508//508 507//507
f 508//508 509//509 507//507
f 509//509 510//510 507//507
f 510//510 511//511 507//507
f 511//511 512//512 507//507
f 512//512 513//513 507//507
f 513//513 514//514 507//507
f 514//514 515//515 507//507
f 515//515 516//516 507//507
f 516//516 517//517 507//507
f 517//517 518//518 507//507
f 518//518 519//519 507//507
f 519//519 520//520 507//507
f 520//520 521//521 507//507
f 521//521 522//522 507//507
f 522//522 523//523 507//507
f 523//523 524//524 507//507
f 524//524 525//525 507//507
f 525//525 505//505 507//507
f 526//526 527//527 528//528
f 529//529 526//526 528//528
f 530//530 529//529 528//528
f 531//531 530//530 528//528
f 532//532 531//531 528//528
f 533//533 532//532 528//528
f 534//534 533//533 528//528
f 535//535 534//534 528//528
f 536//536 535//535 528//528
f 537//537 536//536 528//528
f 538//538 537//537 528//528
f 539//539 538//538 528//528
f 540//540 539//539 528//528
f 541//541 540//540 528//528
f 542//542 541//541 528//528
f 543//543 542//542 528//528
f 544//544 543//543 528//528
f 545//545 544//544 528//528
f 546//546 545//545 528//528
f 527//527 546//546 528//528
f 547//547 548//548 549//549
f 548//548 550//550 549//549
f 550//550 551//551 549//549
f 551//551 552//552 549//549
f 552//552 553//553 549//549
f 553//553 554//554 549//549
f 554//554 555//555 549//549
f 555//555 556//556 549//549
f 556//556 557//557 549//549
f 557//557 558//558 549//549
f 558//558 559//559 549//549
f 559//559 560//560 549//549
f 560//560 561//561 549//549
f 561//561 562//562 549//549
f 562//562 563//563 549//549
f 563//563 564//564 549//549
f 564//564 565//565 549//549
f 565//565 566//566 549//549
f 566//566 567//567 549//549
f 567//567 547//547 549//549
f 568//568 569//569 570//570
f 571//571 568//568 570//570
f 572//572 571//571 570//570
f 573//573 572//572 570//570
f 574//574 573//573 570//570
f 575//575 574//574 570//570
f 576//576 575//575 570//570
f 577//577 576//576 570//570
f 578//578 577//577 570//570
f 579//579 578//578 570//570
f 580//580 579//579 570//570
f 581//581 580//580 570//570
f 582//582 581//581 570//570
f 583//583 582//582 570//570
f 584//584 583//583 570//570
f 585//585 584//584 570//570
f 586//586 585//585 570//570
f 587//587 586//586 570//570
f 588//588 587//587 570//570
f 569//569 588//588 570//570
f 589//589 590//590 591//591
f 590//590 592//592 591//591
f 592//592 593//593 591//591
f 593//593 594//594 591//591
f 594//594 595//595 591//591
f 595//595 596//596 591//591
f 596//596 597//597 591//591
f 597//597 598//598 591//591
f 598//598 599//599 591//591
f 599//599 600//600 591//591
f 600//600 601//601 591//591
f 601//601 602//602 591//591
f 602//602 603//603 591//591
f 603//603 604//604 591//591
f 604//604 605//605 591//591
f 605//605 606//606 591//591
f 606//606 607//607 591//591
f 607//607 608//608 591//591
f 608//608 609//609 591//591
f 609//609 589//589 591//591
f 610//610 611//611 612//612
f 613//613 610//610 612//612
f 614//614 613//613 612//612
f 615//615 614//614 612//612
f 616//616 615//615 612//612
f 617//617 616//616 612//612
f 618//618 617//617 612//612
f 619//619 618//618 612//612
f 620//620 619//619 612//612
f 621//621 620//620 612//612
f 622//622 621//621 612//612
f 623//623 622//622 612//612
f 624//624 623//623 612//612
f 625//625 624//624 612//612
f 626//626 625//625 612//612
f 627//627 626//626 612//612
f 628//628 627//627 612//612
f 629//629 628//628 612//612
f 630//630 629//629 612//612
f 611//611 630//630 612//612
f 631//631 632//632 633//633
f 632//632 634//634 633//633
f 634//634 635//635 633//633
f 635//635 636//636 633//633
f 636//636 637//637 633//633
f 637//637 638//638 633//633
f 638//638 639//639 633//633
f 639//639 640//640 633//633
f 640//640 641//641 633//633
f 641//641 642//642 633//633
f 642//642 643//643 633//633
f 643//643 644//644 633//633
f 644//644 645//645 633//633
f 645//645 646//646 633//633
f 646//646 647//647 633//633
f 647//647 648//648 633//633
f 648//648 649//649 633//633
f 649//649 650//650 633//633
f 650//650 651//651 633//633
f 651//651 631//631 633//633
f 652//652 653//653 654//654
f 655//655 652//652 654//654
f 656//656 655//655 654//654
f 657//657 656//656 654//654
f 658//658 657//657 654//654
f 659//659 658//658 654//654
f 660//660 659//659 654//654
f 661//661 660//660 654//654
f 662//662 661//661 654//654
f 663//663 662//662 654//654
f 664//664 663//663 654//654
f 665//665 664//664 654//654
f 666//666 665//665 654//654
f 667//667 666//666 654//654
f 668//668 667//667 654//654
f 669//669 668//668 654//654
f 670//670 669//669 654//654
f 671//671 670//670 654//654
f 672//672 671//671 654//654
f 653//653 672//672 654//654
f 673//673 1//1 21//21
f 673//673 21//21 674//674
f 675//675 673//673 674//674
f 675//675 674//674 676//676
f 677//677 678//678 679//679
f 677//677 679//679 680//680
f 678//678 681//681 682//676
f 678//678 682//676 679//679
f 1//1 673//673 683//682
f 1//1 683//682 2//2
f 673//673 675//675 684//683
f 673//673 684//683 683//682
f 685//681 686//678 687//684
f 685//681 687//684 688//685
f 686//678 689//686 690//687
f 686//678 690//687 687//684
f 2//2 683//682 691//688
f 2//2 691//688 4//4
f 683//682 684//683 692//689
f 683//682 692//689 691//688
f 688//685 687//684 693//690
f 688//685 693//690 694//691
f 687//684 690//687 695//692
f 687//684 695//692 693//690
f 4//4 691//688 696//693
f 4//4 696//693 5//5
f 691//688 692//689 697//694
f 691//688 697//694 696//693
f 694//691 693//690 698//695
f 694//691 698//695 699//696
f 693//690 695//692 700//697
f 693//690 700//697 698//695
f 5//5 696//693 701//698
f 5//5 701//698 6//6
f 696//693 697//694 702//699
f 696//693 702//699 701//698
f 699//696 698//695 703//700
f 699//696 703//700 704//701
f 698//695 700//697 705//702
f 698//695 705//702 703//700
f 6//6 701//698 706//703
f 6//6 706//703 7//7
f 701//698 702//699 707//704
f 701//698 707//704 706//703
f 704//701 703//700 708//705
f 704//701 708//705 709//706
f 703//700 705//702 710//707
f 703//700 710//707 708//705
f 7//7 706//703 711//708
f 7//7 711//708 8//8
f 706//703 707//704 712//709
f 706//703 712//709 711//708
f 709//706 708//705 713//710
f 709//706 713//710 714//711
f 708//705 710//707 715//712
f 708//705 715//712 713//710
f 8//8 711//708 716//713
f 8//8 716//713 9//9
f 711//708 712//709 717//714
f 711//708 717//714 716//713
f 714//711 713//710 718//715
f 714//711 718//715 719//716
f 713//710 715//712 720//717
f 713//710 720//717 718//715
f 9//9 716//713 721//718
f 9//9 721//718 10//10
f 716//713 717//714 722//719
f 716//713 722//719 721//718
f 719//716 718//715 723//720
f 719//716 723//720 724//721
f 718//715 720//717 725//722
f 718//715 725//722 723//720
f 10//10 721//718 726//723
f 10//10 726//723 11//11
f 721//718 722//719 727//724
f 721//718 727//724 726//723
f 724//721 723//720 728//725
f 724//721 728//725 729//724
f 723//720 725//722 730//726
f 723//720 730//726 728//725
f 11//11 726//723 731//727
f 11//11 731//727 12//12
f 726//723 727//724 732//728
f 726//723 732//728 731//727
f 729//724 728//725 733//729
f 729//724 733//729 734//728
f 728//725 730//726 735//730
f 728//725 735//730 733//729
f 12//12 731//727 736//731
f 12//12 736//731 13//13
f 731//727 732//728 737//732
f 731//727 737//732 736//731
f 734//728 733//729 738//733
f 734//728 738//733 739//734
f 733//729 735//730 740//735
f 733//729 740//735 738//733
f 13//13 736//731 741//736
f 13//13 741//736 14//14
f 736//731 737//732 742//737
f 736//731 742//737 741//736
f 739//734 738//733 743//738
f 739//734 743//738 744//739
f 738//733 740//735 745//740
f 738//733 745//740 743//738
f 14//14 741//736 746//741
f 14//14 746//741 15//15
f 741//736 742//737 747//742
f 741//736 747//742 746//741
f 744//739 743//738 748//743
f 744//739 748//743 749//744
f 743//738 745//740 750//745
f 743//738 750//745 748//743
f 15//15 746//741 751//746
f 15//15 751//746 16//16
f 746//741 747//742 752//747
f 746//741 752//747 751//746
f 749//744 748//743 753//748
f 749//744 753//748 754//747
f 748//743 750//745 755//749
f 748//743 755//749 753//748
f 16//16 751//746 756//750
f 16//16 756//750 17//17
f 751//746 752//747 757//751
f 751//746 757//751 756//750
f 754//747 753//748 758//752
f 754//747 758//752 759//751
f 753//748 755//749 760//753
f 753//748 760//753 758//752
f 17//17 756//750 761//754
f 17//17 761//754 18//18
f 756//750 757//751 762//755
f 756//750 762//755 761//754
f 759//751 758//752 763//756
f 759//751 763//756 764//757
f 758//752 760//753 765//758
f 758//752 765//758 763//756
f 18//18 761//754 766//759
f 18//18 766//759 19//19
f 761//754 762//755 767//760
f 761//754 767//760 766//759
f 764//757 763//756 768//761
f 764//757 768//761 769//762
f 763//756 765//758 770//763
f 763//756 770//763 768//761
f 19//19 766//759 771//764
f 19//19 771//764 20//20
f 766//759 767//760 772//765
f 766//759 772//765 771//764
f 769//762 768//761 773//766
f 769//762 773//766 774//767
f 768//761 770//763 775//768
f 768//761 775//768 773//766
f 20//20 771//764 674//674
f 20//20 674//674 21//21
f 771//764 772//765 676//676
f 771//764 676//676 674//674
f 774//767 773//766 679//679
f 774//767 679//679 682//676
f 773//766 775//768 680//680
f 773//766 680//680 679//679
f 776//769 777//770 690//687
f 776//769 690//687 689//686
f 777//770 778//771 695//692
f 777//770 695//692 690//687
f 778//771 779//772 700//697
f 778//771 700//697 695//692
f 779//772 780//773 705//702
f 779//772 705//702 700//697
f 780//773 781//774 710//707
f 780//773 710//707 705//702
f 781//774 782//775 715//712
f 781//774 715//712 710//707
f 782//775 783//776 720//717
f 782//775 720//717 715//712
f 783//776 784//777 725//722
f 783//776 725//722 720//717
f 784//777 785//778 730//726
f 784//777 730//726 725//722
f 785//778 786//779 735//730
f 785//778 735//730 730//726
f 786//779 787//780 740//735
f 786//779 740//735 735//730
f 787//780 788//781 745//740
f 787//780 745//740 740//735
f 788//781 789//782 750//745
f 788//781 750//745 745//740
f 789//782 790//783 755//749
f 789//782 755//749 750//745
f 790//783 791//784 760//753
f 790//783 760//753 755//749
f 791//784 792//785 765//758
f 791//784 765//758 760//753
f 792//785 793//786 770//763
f 792//785 770//763 765//758
f 793//786 794//787 775//768
f 793//786 775//768 770//763
f 794//787 795//788 680//680
f 794//787 680//680 775//768
f 795//788 796//769 677//677
f 795//788 677//677 680//680
f 23//23 797//789 798//790
f 23//23 798//790 42//42
f 799//791 796//769 795//788
f 799//791 795//788 800//792
f 776//769 801//793 802//794
f 776//769 802//794 777//770
f 797//789 23//23 22//22
f 797//789 22//22 803//795
f 777//770 802//794 804//796
f 777//770 804//796 778//771
f 803//795 22//22 25//25
f 803//795 25//25 805//797
f 778//771 804//796 806//798
f 778//771 806//798 779//772
f 805//797 25//25 26//26
f 805//797 26//26 807//799
f 779//772 806//798 808//800
f 779//772 808//800 780//773
f 807//799 26//26 27//27
f 807//799 27//27 809//801
f 780//773 808//800 810//802
f 780//773 810//802 781//774
f 809//801 27//27 28//28
f 809//801 28//28 811//803
f 781//774 810//802 812//804
f 781//774 812//804 782//775
f 811//803 28//28 29//29
f 811//803 29//29 813//805
f 782//775 812//804 814//806
f 782//775 814//806 783//776
f 813//805 29//29 30//30
f 813//805 30//30 815//807
f 783//776 814//806 816//808
f 783//776 816//808 784//777
f 815//807 30//30 31//31
f 815//807 31//31 817//809
f 784//777 816//808 818//810
f 784//777 818//810 785//778
f 817//809 31//31 32//32
f 817//809 32//32 819//811
f 785//778 818//810 820//812
f 785//778 820//812 786//779
f 819//811 32//32 33//33
f 819//811 33//33 821//813
f 786//779 820//812 822//814
f 786//779 822//814 787//780
f 821//813 33//33 34//34
f 821//813 34//34 823//815
f 787//780 822//814 824//816
f 787//780 824//816 788//781
f 823//815 34//34 35//35
f 823//815 35//35 825//817
f 788//781 824//816 826//818
f 788//781 826//818 789//782
f 825//817 35//35 36//36
f 825//817 36//36 827//819
f 789//782 826//818 828//820
f 789//782 828//820 790//783
f 827//819 36//36 37//37
f 827//819 37//37 829//821
f 790//783 828//820 830//822
f 790//783 830//822 791//784
f 829//821 37//37 38//38
f 829//821 38//38 831//823
f 791//784 830//822 832//824
f 791//784 832//824 792//785
f 831//823 38//38 39//39
f 831//823 39//39 833//825
f 792//785 832//824 834//826
f 792//785 834//826 793//786
f 833//825 39//39 40//40
f 833//825 40//40 835//827
f 793//786 834//826 836//828
f 793//786 836//828 794//787
f 835//827 40//40 41//41
f 835//827 41//41 837//829
f 794//787 836//828 800//792
f 794//787 800//792 795//788
f 837//829 41//41 42//42
f 837//829 42//42 798//790
f 838//830 43//43 63//63
f 838//830 63//63 839//831
f 840//832 838//830 839//831
f 840//832 839//831 841//833
f 842//834 843//835 844//836
f 842//834 844//836 845//837
f 843//835 846//838 847//839
f 843//835 847//839 844//836
f 43//43 838//830 848//840
f 43//43 848//840 44//44
f 838//830 840//832 849//841
f 838//830 849//841 848//840
f 850//838 851//842 852//843
f 850//838 852//843 853//844
f 851//842 854//845 855//846
f 851//842 855//846 852//843
f 44//44 848//840 856//847
f 44//44 856//847 46//46
f 848//840 849//841 857//848
f 848//840 857//848 856//847
f 853//844 852//843 858//849
f 853//844 858//849 859//850
f 852//843 855//846 860//851
f 852//843 860//851 858//849
f 46//46 856//847 861//852
f 46//46 861//852 47//47
f 856//847 857//848 862//853
f 856//847 862//853 861//852
f 859//850 858//849 863//854
f 859//850 863//854 864//853
f 858//849 860//851 865//855
f 858//849 865//855 863//854
f 47//47 861//852 866//856
f 47//47 866//856 48//48
f 861//852 862//853 867//857
f 861//852 867//857 866//856
f 864//853 863//854 868//858
f 864//853 868//858 869//859
f 863//854 865//855 870//860
f 863//854 870//860 868//858
f 48//48 866//856 871//861
f 48//48 871//861 49//49
f 866//856 867//857 872//862
f 866//856 872//862 871//861
f 869//859 868//858 873//863
f 869//859 873//863 874//864
f 868//858 870//860 875//865
f 868//858 875//865 873//863
f 49//49 871//861 876//866
f 49//49 876//866 50//50
f 871//861 872//862 877//867
f 871//861 877//867 876//866
f 874//864 873//863 878//868
f 874//864 878//868 879//869
f 873//863 875//865 880//870
f 873//863 880//870 878//868
f 50//50 876//866 881//871
f 50//50 881//871 51//51
f 876//866 877//867 882//872
f 876//866 882//872 881//871
f 879//869 878//868 883//873
f 879//869 883//873 884//874
f 878//868 880//870 885//875
f 878//868 885//875 883//873
f 51//51 881//871 886//876
f 51//51 886//876 52//52
f 881//871 882//872 887//877
f 881//871 887//877 886//876
f 884//874 883//873 888//878
f 884//874 888//878 889//879
f 883//873 885//875 890//880
f 883//873 890//880 888//878
f 52//52 886//876 891//881
f 52//52 891//881 53//53
f 886//876 887//877 892//882
f 886//876 892//882 891//881
f 889//879 888//878 893//883
f 889//879 893//883 894//884
f 888//878 890//880 895//885
f 888//878 895//885 893//883
f 53//53 891//881 896//886
f 53//53 896//886 54//54
f 891//881 892//882 897//887
f 891//881 897//887 896//886
f 894//884 893//883 898//888
f 894//884 898//888 899//889
f 893//883 895//885 900//890
f 893//883 900//890 898//888
f 54//54 896//886 901//891
f 54//54 901//891 55//55
f 896//886 897//887 902//892
f 896//886 902//892 901//891
f 899//889 898//888 903//893
f 899//889 903//893 904//894
f 898//888 900//890 905//895
f 898//888 905//895 903//893
f 55//55 901//891 906//896
f 55//55 906//896 56//56
f 901//891 902//892 907//897
f 901//891 907//897 906//896
f 904//894 903//893 908//898
f 904//894 908//898 909//899
f 903//893 905//895 910//900
f 903//893 910//900 908//898
f 56//56 906//896 911//901
f 56//56 911//901 57//57
f 906//896 907//897 912//902
f 906//896 912//902 911//901
f 909//899 908//898 913//903
f 909//899 913//903 914//904
f 908//898 910//900 915//905
f 908//898 915//905 913//903
f 57//57 911//901 916//906
f 57//57 916//906 58//58
f 911//901 912//902 917//907
f 911//901 917//907 916//906
f 914//904 913//903 918//908
f 914//904 918//908 919//909
f 913//903 915//905 920//910
f 913//903 920//910 918//908
f 58//58 916//906 921//911
f 58//58 921//911 59//59
f 916//906 917//907 922//912
f 916//906 922//912 921//911
f 919//909 918//908 923//913
f 919//909 923//913 924//914
f 918//908 920//910 925//915
f 918//908 925//915 923//913
f 59//59 921//911 926//916
f 59//59 926//916 60//60
f 921//911 922//912 927//917
f 921//911 927//917 926//916
f 924//914 923//913 928//918
f 924//914 928//918 929//919
f 923//913 925//915 930//920
f 923//913 930//920 928//918
f 60//60 926//916 931//921
f 60//60 931//921 61//61
f 926//916 927//917 932//922
f 926//916 932//922 931//921
f 929//919 928//918 933//923
f 929//919 933//923 934//924
f 928//918 930//920 935//925
f 928//918 935//925 933//923
f 61//61 931//921 936//926
f 61//61 936//926 62//62
f 931//921 932//922 937//927
f 931//921 937//927 936//926
f 934//924 933//923 938//928
f 934//924 938//928 939//927
f 933//923 935//925 940//929
f 933//923 940//929 938//928
f 62//62 936//926 839//831
f 62//62 839//831 63//63
f 936//926 937//927 841//833
f 936//926 841//833 839//831
f 939//927 938//928 844//836
f 939//927 844//836 847//839
f 938//928 940//929 845//837
f 938//928 845//837 844//836
f 941//930 942//931 855//846
f 941//930 855//846 854//845
f 942//931 943//932 860//851
f 942//931 860//851 855//846
f 943//932 944//933 865//855
f 943//932 865//855 860//851
f 944//933 945//934 870//860
f 944//933 870//860 865//855
f 945//934 946//935 875//865
f 945//934 875//865 870//860
f 946//935 947//936 880//870
f 946//935 880//870 875//865
f 947//936 948//937 885//875
f 947//936 885//875 880//870
f 948//937 949//938 890//880
f 948//937 890//880 885//875
f 949//938 950//939 895//885
f 949//938 895//885 890//880
f 950//939 951//940 900//890
f 950//939 900//890 895//885
f 951//940 952//941 905//895
f 951//940 905//895 900//890
f 952//941 953//942 910//900
f 952//941 910//900 905//895
f 953//942 954//943 915//905
f 953//942 915//905 910//900
f 954//943 955//944 920//910
f 954//943 920//910 915//905
f 955//944 956//945 925//915
f 955//944 925//915 920//910
f 956//945 957//946 930//920
f 956//945 930//920 925//915
f 957//946 958//947 935//925
f 957//946 935//925 930//920
f 958//947 959//948 940//929
f 958//947 940//929 935//925
f 959//948 960//949 845//837
f 959//948 845//837 940//929
f 960//949 961//950 842//834
f 960//949 842//834 845//837
f 65//65 962//951 963//952
f 65//65 963//952 84//84
f 964//953 961//950 960//949
f 964//953 960//949 965//954
f 941//930 966//955 967//956
f 941//930 967//956 942//931
f 962//951 65//65 64//64
f 962//951 64//64 968//957
f 942//931 967//956 969//958
f 942//931 969//958 943//932
f 968//957 64//64 67//67
f 968//957 67//67 970//959
f 943//932 969//958 971//960
f 943//932 971//960 944//933
f 970//959 67//67 68//68
f 970//959 68//68 972//961
f 944//933 971//960 973//962
f 944//933 973//962 945//934
f 972//961 68//68 69//69
f 972//961 69//69 974//963
f 945//934 973//962 975//964
f 945//934 975//964 946//935
f 974//963 69//69 70//70
f 974//963 70//70 976//965
f 946//935 975//964 977//966
f 946//935 977//966 947//936
f 976//965 70//70 71//71
f 976//965 71//71 978//967
f 947//936 977//966 979//968
f 947//936 979//968 948//937
f 978//967 71//71 72//72
f 978//967 72//72 980//969
f 948//937 979//968 981//970
f 948//937 981//970 949//938
f 980//969 72//72 73//73
f 980//969 73//73 982//971
f 949//938 981//970 983//972
f 949//938 983//972 950//939
f 982//971 73//73 74//74
f 982//971 74//74 984//973
f 950//939 983//972 985//974
f 950//939 985//974 951//940
f 984//973 74//74 75//75
f 984//973 75//75 986//975
f 951//940 985//974 987//976
f 951//940 987//976 952//941
f 986//975 75//75 76//76
f 986//975 76//76 988//977
f 952//941 987//976 989//978
f 952//941 989//978 953//942
f 988//977 76//76 77//77
f 988//977 77//77 990//979
f 953//942 989//978 991//980
f 953//942 991//980 954//943
f 990//979 77//77 78//78
f 990//979 78//78 992//981
f 954//943 991//980 993//982
f 954//943 993//982 955//944
f 992//981 78//78 79//79
f 992//981 79//79 994//983
f 955//944 993//982 995//984
f 955//944 995//984 956//945
f 994//983 79//79 80//80
f 994//983 80//80 996//985
f 956//945 995//984 997//986
f 956//945 997//986 957//946
f 996//985 80//80 81//81
f 996//985 81//81 998//987
f 957//946 997//986 999//988
f 957//946 999//988 958//947
f 998//987 81//81 82//82
f 998//987 82//82 1000//989
f 958//947 999//988 1001//990
f 958//947 1001//990 959//948
f 1000//989 82//82 83//83
f 1000//989 83//83 1002//991
f 959//948 1001//990 965//954
f 959//948 965//954 960//949
f 1002//991 83//83 84//84
f 1002//991 84//84 963//952
f 1003//992 85//85 105//105
f 1003//992 105//105 1004//993
f 1005//994 1003//992 1004//993
f 1005//994 1004//993 1006//995
f 1007//996 1008//997 1009//998
f 1007//996 1009//998 1010//999
f 1008//997 1011//1000 1012//1001
f 1008//997 1012//1001 1009//998
f 85//85 1003//992 1013//1002
f 85//85 1013//1002 86//86
f 1003//992 1005//994 1014//1003
f 1003//992 1014//1003 1013//1002
f 1015//1004 1016//997 1017//1005
f 1015//1004 1017//1005 1018//1006
f 1016//997 1019//1007 1020//1008
f 1016//997 1020//1008 1017//1005
f 86//86 1013//1002 1021//1009
f 86//86 1021//1009 88//88
f 1013//1002 1014//1003 1022//1010
f 1013//1002 1022//1010 1021//1009
f 1018//1006 1017//1005 1023//1011
f 1018//1006 1023//1011 1024//1012
f 1017//1005 1020//1008 1025//1013
f 1017//1005 1025//1013 1023//1011
f 88//88 1021//1009 1026//1014
f 88//88 1026//1014 89//89
f 1021//1009 1022//1010 1027//1015
f 1021//1009 1027//1015 1026//1014
f 1024//1012 1023//1011 1028//1016
f 1024//1012 1028//1016 1029//1017
f 1023//1011 1025//1013 1030//1018
f 1023//1011 1030//1018 1028//1016
f 89//89 1026//1014 1031//1019
f 89//89 1031//1019 90//90
f 1026//1014 1027//1015 1032//1020
f 1026//1014 1032//1020 1031//1019
f 1029//1017 1028//1016 1033//1021
f 1029//1017 1033//1021 1034//1022
f 1028//1016 1030//1018 1035//1023
f 1028//1016 1035//1023 1033//1021
f 90//90 1031//1019 1036//1024
f 90//90 1036//1024 91//91
f 1031//1019 1032//1020 1037//1025
f 1031//1019 1037//1025 1036//1024
f 1034//1022 1033//1021 1038//1026
f 1034//1022 1038//1026 1039//1027
f 1033//1021 1035//1023 1040//1028
f 1033//1021 1040//1028 1038//1026
f 91//91 1036//1024 1041//1029
f 91//91 1041//1029 92//92
f 1036//1024 1037//1025 1042//1030
f 1036//1024 1042//1030 1041//1029
f 1039//1027 1038//1026 1043//1031
f 1039//1027 1043//1031 1044//1032
f 1038//1026 1040//1028 1045//1033
f 1038//1026 1045//1033 1043//1031
f 92//92 1041//1029 1046//1034
f 92//92 1046//1034 93//93
f 1041//1029 1042//1030 1047//1035
f 1041//1029 1047//1035 1046//1034
f 1044//1032 1043//1031 1048//1036
f 1044//1032 1048//1036 1049//1037
f 1043//1031 1045//1033 1050//1038
f 1043//1031 1050//1038 1048//1036
f 93//93 1046//1034 1051//1039
f 93//93 1051//1039 94//94
f 1046//1034 1047//1035 1052//1040
f 1046//1034 1052//1040 1051//1039
f 1049//1037 1048//1036 1053//1041
f 1049//1037 1053//1041 1054//1040
f 1048//1036 1050//1038 1055//1042
f 1048//1036 1055//1042 1053//1041
f 94//94 1051//1039 1056//1043
f 94//94 1056//1043 95//95
f 1051//1039 1052//1040 1057//1044
f 1051//1039 1057//1044 1056//1043
f 1054//1040 1053//1041 1058//1045
f 1054//1040 1058//1045 1059//1046
f 1053//1041 1055//1042 1060//1047
f 1053//1041 1060//1047 1058//1045
f 95//95 1056//1043 1061//1048
f 95//95 1061//1048 96//96
f 1056//1043 1057//1044 1062//1049
f 1056//1043 1062//1049 1061//1048
f 1059//1046 1058//1045 1063//1050
f 1059//1046 1063//1050 1064//1051
f 1058//1045 1060//1047 1065//1052
f 1058//1045 1065//1052 1063//1050
f 96//96 1061//1048 1066//1053
f 96//96 1066//1053 97//97
f 1061//1048 1062//1049 1067//1054
f 1061//1048 1067//1054 1066//1053
f 1064//1051 1063//1050 1068//1055
f 1064//1051 1068//1055 1069//1056
f 1063//1050 1065//1052 1070//1057
f 1063//1050 1070//1057 1068//1055
f 97//97 1066//1053 1071//1058
f 97//97 1071//1058 98//98
f 1066//1053 1067//1054 1072//1059
f 1066//1053 1072//1059 1071//1058
f 1069//1056 1068//1055 1073//1060
f 1069//1056 1073//1060 1074//1061
f 1068//1055 1070//1057 1075//1062
f 1068//1055 1075//1062 1073//1060
f 98//98 1071//1058 1076//1063
f 98//98 1076//1063 99//99
f 1071//1058 1072//1059 1077//1064
f 1071//1058 1077//1064 1076//1063
f 1074//1061 1073//1060 1078//1065
f 1074//1061 1078//1065 1079//1066
f 1073//1060 1075//1062 1080//1067
f 1073//1060 1080//1067 1078//1065
f 99//99 1076//1063 1081//1068
f 99//99 1081//1068 100//100
f 1076//1063 1077//1064 1082//1069
f 1076//1063 1082//1069 1081//1068
f 1079//1066 1078//1065 1083//1070
f 1079//1066 1083//1070 1084//1071
f 1078//1065 1080//1067 1085//1072
f 1078//1065 1085//1072 1083//1070
f 100//100 1081//1068 1086//1073
f 100//100 1086//1073 101//101
f 1081//1068 1082//1069 1087//1074
f 1081//1068 1087//1074 1086//1073
f 1084//1071 1083//1070 1088//1075
f 1084//1071 1088//1075 1089//1076
f 1083//1070 1085//1072 1090//1077
f 1083//1070 1090//1077 1088//1075
f 101//101 1086//1073 1091//1078
f 101//101 1091//1078 102//102
f 1086//1073 1087//1074 1092//1079
f 1086//1073 1092//1079 1091//1078
f 1089//1076 1088//1075 1093//1080
f 1089//1076 1093//1080 1094//1081
f 1088//1075 1090//1077 1095//1082
f 1088//1075 1095//1082 1093//1080
f 102//102 1091//1078 1096//1083
f 102//102 1096//1083 103//103
f 1091//1078 1092//1079 1097//1084
f 1091//1078 1097//1084 1096//1083
f 1094//1081 1093//1080 1098//1085
f 1094//1081 1098//1085 1099//1086
f 1093//1080 1095//1082 1100//1087
f 1093//1080 1100//1087 1098//1085
f 103//103 1096//1083 1101//1088
f 103//103 1101//1088 104//104
f 1096//1083 1097//1084 1102//1089
f 1096//1083 1102//1089 1101//1088
f 1099//1086 1098//1085 1103//1090
f 1099//1086 1103//1090 1104//1091
f 1098//1085 1100//1087 1105//1092
f 1098//1085 1105//1092 1103//1090
f 104//104 1101//1088 1004//993
f 104//104 1004//993 105//105
f 1101//1088 1102//1089 1006//995
f 1101//1088 1006//995 1004//993
f 1104//1091 1103//1090 1009//998
f 1104//1091 1009//998 1012//1001
f 1103//1090 1105//1092 1010//999
f 1103//1090 1010//999 1009//998
f 1106//1093 1107//1094 1020//1008
f 1106//1093 1020//1008 1019//1007
f 1107//1094 1108//1095 1025//1013
f 1107//1094 1025//1013 1020//1008
f 1108//1095 1109//1096 1030//1018
f 1108//1095 1030//1018 1025//1013
f 1109//1096 1110//1097 1035//1023
f 1109//1096 1035//1023 1030//1018
f 1110//1097 1111//1098 1040//1028
f 1110//1097 1040//1028 1035//1023
f 1111//1098 1112//1099 1045//1033
f 1111//1098 1045//1033 1040//1028
f 1112//1099 1113//1100 1050//1038
f 1112//1099 1050//1038 1045//1033
f 1113//1100 1114//1101 1055//1042
f 1113//1100 1055//1042 1050//1038
f 1114//1101 1115//1102 1060//1047
f 1114//1101 1060//1047 1055//1042
f 1115//1102 1116//1103 1065//1052
f 1115//1102 1065//1052 1060//1047
f 1116//1103 1117//1104 1070//1057
f 1116//1103 1070//1057 1065//1052
f 1117//1104 1118//1105 1075//1062
f 1117//1104 1075//1062 1070//1057
f 1118//1105 1119//1106 1080//1067
f 1118//1105 1080//1067 1075//1062
f 1119//1106 1120//1107 1085//1072
f 1119//1106 1085//1072 1080//1067
f 1120//1107 1121//1108 1090//1077
f 1120//1107 1090//1077 1085//1072
f 1121//1108 1122//1109 1095//1082
f 1121//1108 1095//1082 1090//1077
f 1122//1109 1123//1110 1100//1087
f 1122//1109 1100//1087 1095//1082
f 1123//1110 1124//1111 1105//1092
f 1123//1110 1105//1092 1100//1087
f 1124//1111 1125//1112 1010//999
f 1124//1111 1010//999 1105//1092
f 1125//1112 1126//1113 1007//996
f 1125//1112 1007//996 1010//999
f 107//107 1127//1114 1128//1115
f 107//107 1128//1115 126//126
f 1129//1116 1126//1113 1125//1112
f 1129//1116 1125//1112 1130//1117
f 1106//1093 1131//1118 1132//1119
f 1106//1093 1132//1119 1107//1094
f 1127//1114 107//107 106//106
f 1127//1114 106//106 1133//1120
f 1107//1094 1132//1119 1134//1121
f 1107//1094 1134//1121 1108//1095
f 1133//1120 106//106 109//109
f 1133//1120 109//109 1135//1122
f 1108//1095 1134//1121 1136//1123
f 1108//1095 1136//1123 1109//1096
f 1135//1122 109//109 110//110
f 1135//1122 110//110 1137//1124
f 1109//1096 1136//1123 1138//1125
f 1109//1096 1138//1125 1110//1097
f 1137//1124 110//110 111//111
f 1137//1124 111//111 1139//1126
f 1110//1097 1138//1125 1140//1127
f 1110//1097 1140//1127 1111//1098
f 1139//1126 111//111 112//112
f 1139//1126 112//112 1141//1128
f 1111//1098 1140//1127 1142//1129
f 1111//1098 1142//1129 1112//1099
f 1141//1128 112//112 113//113
f 1141//1128 113//113 1143//1130
f 1112//1099 1142//1129 1144//1131
f 1112//1099 1144//1131 1113//1100
f 1143//1130 113//113 114//114
f 1143//1130 114//114 1145//1132
f 1113//1100 1144//1131 1146//1133
f 1113//1100 1146//1133 1114//1101
f 1145//1132 114//114 115//115
f 1145//1132 115//115 1147//1134
f 1114//1101 1146//1133 1148//1135
f 1114//1101 1148//1135 1115//1102
f 1147//1134 115//115 116//116
f 1147//1134 116//116 1149//1136
f 1115//1102 1148//1135 1150//1137
f 1115//1102 1150//1137 1116//1103
f 1149//1136 116//116 117//117
f 1149//1136 117//117 1151//1138
f 1116//1103 1150//1137 1152//1139
f 1116//1103 1152//1139 1117//1104
f 1151//1138 117//117 118//118
f 1151//1138 118//118 1153//1140
f 1117//1104 1152//1139 1154//1141
f 1117//1104 1154//1141 1118//1105
f 1153//1140 118//118 119//119
f 1153//1140 119//119 1155//1142
f 1118//1105 1154//1141 1156//1143
f 1118//1105 1156//1143 1119//1106
f 1155//1142 119//119 120//120
f 1155//1142 120//120 1157//1144
f 1119//1106 1156//1143 1158//1145
f 1119//1106 1158//1145 1120//1107
f 1157//1144 120//120 121//121
f 1157//1144 121//121 1159//1146
f 1120//1107 1158//1145 1160//1147
f 1120//1107 1160//1147 1121//1108
f 1159//1146 121//121 122//122
f 1159//1146 122//122 1161//1148
f 1121//1108 1160//1147 1162//1149
f 1121//1108 1162//1149 1122//1109
f 1161//1148 122//122 123//123
f 1161//1148 123//123 1163//1150
f 1122//1109 1162//1149 1164//1151
f 1122//1109 1164//1151 1123//1110
f 1163//1150 123//123 124//124
f 1163//1150 124//124 1165//1152
f 1123//1110 1164//1151 1166//1153
f 1123//1110 1166//1153 1124//1111
f 1165//1152 124//124 125//125
f 1165//1152 125//125 1167//1154
f 1124//1111 1166//1153 1130//1117
f 1124//1111 1130//1117 1125//1112
f 1167//1154 125//125 126//126
f 1167//1154 126//126 1128//1115
f 1168//1155 127//127 147//147
f 1168//1155 147//147 1169//1156
f 1170//1157 1168//1155 1169//1156
f 1170//1157 1169//1156 1171//1158
f 1172//1159 1173//1160 1174//1161
f 1172//1159 1174//1161 1175//1162
f 1173//1160 1176//1163 1177//1164
f 1173//1160 1177//1164 1174//1161
f 127//127 1168//1155 1178//1165
f 127//127 1178//1165 128//128
f 1168//1155 1170//1157 1179//1166
f 1168//1155 1179//1166 1178//1165
f 1180//1163 1181//1167 1182//1168
f 1180//1163 1182//1168 1183//1169
f 1181//1167 1184//1159 1185//1170
f 1181//1167 1185//1170 1182//1168
f 128//128 1178//1165 1186//1171
f 128//128 1186//1171 130//130
f 1178//1165 1179//1166 1187//1172
f 1178//1165 1187//1172 1186//1171
f 1183//1169 1182//1168 1188//1173
f 1183//1169 1188//1173 1189//1174
f 1182//1168 1185//1170 1190//1175
f 1182//1168 1190//1175 1188//1173
f 130//130 1186//1171 1191//1176
f 130//130 1191//1176 131//131
f 1186//1171 1187//1172 1192//1177
f 1186//1171 1192//1177 1191//1176
f 1189//1174 1188//1173 1193//1178
f 1189//1174 1193//1178 1194//1179
f 1188//1173 1190//1175 1195//1180
f 1188//1173 1195//1180 1193//1178
f 131//131 1191//1176 1196//1181
f 131//131 1196//1181 132//132
f 1191//1176 1192//1177 1197//1182
f 1191//1176 1197//1182 1196//1181
f 1194//1179 1193//1178 1198//1183
f 1194//1179 1198//1183 1199//1184
f 1193//1178 1195//1180 1200//1185
f 1193//1178 1200//1185 1198//1183
f 132//132 1196//1181 1201//1186
f 132//132 1201//1186 133//133
f 1196//1181 1197//1182 1202//1187
f 1196//1181 1202//1187 1201//1186
f 1199//1184 1198//1183 1203//1188
f 1199//1184 1203//1188 1204//1187
f 1198//1183 1200//1185 1205//1189
f 1198//1183 1205//1189 1203//1188
f 133//133 1201//1186 1206//1190
f 133//133 1206//1190 134//134
f 1201//1186 1202//1187 1207//1191
f 1201//1186 1207//1191 1206//1190
f 1204//1187 1203//1188 1208//1192
f 1204//1187 1208//1192 1209//1193
f 1203//1188 1205//1189 1210//1194
f 1203//1188 1210//1194 1208//1192
f 134//134 1206//1190 1211//1195
f 134//134 1211//1195 135//135
f 1206//1190 1207//1191 1212//1196
f 1206//1190 1212//1196 1211//1195
f 1209//1193 1208//1192 1213//1197
f 1209//1193 1213//1197 1214//1198
f 1208//1192 1210//1194 1215//1199
f 1208//1192 1215//1199 1213//1197
f 135//135 1211//1195 1216//1200
f 135//135 1216//1200 136//136
f 1211//1195 1212//1196 1217//1201
f 1211//1195 1217//1201 1216//1200
f 1214//1198 1213//1197 1218//1202
f 1214//1198 1218//1202 1219//1203
f 1213//1197 1215//1199 1220//1204
f 1213//1197 1220//1204 1218//1202
f 136//136 1216//1200 1221//1205
f 136//136 1221//1205 137//137
f 1216//1200 1217//1201 1222//1206
f 1216//1200 1222//1206 1221//1205
f 1219//1203 1218//1202 1223//1207
f 1219//1203 1223//1207 1224//1208
f 1218//1202 1220//1204 1225//1209
f 1218//1202 1225//1209 1223//1207
f 137//137 1221//1205 1226//1210
f 137//137 1226//1210 138//138
f 1221//1205 1222//1206 1227//1211
f 1221//1205 1227//1211 1226//1210
f 1224//1208 1223//1207 1228//1212
f 1224//1208 1228//1212 1229//1213
f 1223//1207 1225//1209 1230//1214
f 1223//1207 1230//1214 1228//1212
f 138//138 1226//1210 1231//1215
f 138//138 1231//1215 139//139
f 1226//1210 1227//1211 1232//1216
f 1226//1210 1232//1216 1231//1215
f 1229//1213 1228//1212 1233//1217
f 1229//1213 1233//1217 1234//1218
f 1228//1212 1230//1214 1235//1219
f 1228//1212 1235//1219 1233//1217
f 139//139 1231//1215 1236//1220
f 139//139 1236//1220 140//140
f 1231//1215 1232//1216 1237//1221
f 1231//1215 1237//1221 1236//1220
f 1234//1218 1233//1217 1238//1222
f 1234//1218 1238//1222 1239//1223
f 1233//1217 1235//1219 1240//1224
f 1233//1217 1240//1224 1238//1222
f 140//140 1236//1220 1241//1225
f 140//140 1241//1225 141//141
f 1236//1220 1237//1221 1242//1226
f 1236//1220 1242//1226 1241//1225
f 1239//1223 1238//1222 1243//1227
f 1239//1223 1243//1227 1244//1228
f 1238//1222 1240//1224 1245//1229
f 1238//1222 1245//1229 1243//1227
f 141//141 1241//1225 1246//1230
f 141//141 1246//1230 142//142
f 1241//1225 1242//1226 1247//1231
f 1241//1225 1247//1231 1246//1230
f 1244//1228 1243//1227 1248//1232
f 1244//1228 1248//1232 1249//1231
f 1243//1227 1245//1229 1250//1233
f 1243//1227 1250//1233 1248//1232
f 142//142 1246//1230 1251//1234
f 142//142 1251//1234 143//143
f 1246//1230 1247//1231 1252//1235
f 1246//1230 1252//1235 1251//1234
f 1249//1231 1248//1232 1253//1236
f 1249//1231 1253//1236 1254//1237
f 1248//1232 1250//1233 1255//1238
f 1248//1232 1255//1238 1253//1236
f 143//143 1251//1234 1256//1239
f 143//143 1256//1239 144//144
f 1251//1234 1252//1235 1257//1240
f 1251//1234 1257//1240 1256//1239
f 1254//1237 1253//1236 1258//1241
f 1254//1237 1258//1241 1259//1242
f 1253//1236 1255//1238 1260//1243
f 1253//1236 1260//1243 1258//1241
f 144//144 1256//1239 1261//1244
f 144//144 1261//1244 145//145
f 1256//1239 1257//1240 1262//1245
f 1256//1239 1262//1245 1261//1244
f 1259//1242 1258//1241 1263//1246
f 1259//1242 1263//1246 1264//1247
f 1258//1241 1260//1243 1265//1248
f 1258//1241 1265//1248 1263//1246
f 145//145 1261//1244 1266//1249
f 145//145 1266//1249 146//146
f 1261//1244 1262//1245 1267//1250
f 1261//1244 1267//1250 1266//1249
f 1264//1247 1263//1246 1268//1251
f 1264//1247 1268//1251 1269//1250
f 1263//1246 1265//1248 1270//1252
f 1263//1246 1270//1252 1268//1251
f 146//146 1266//1249 1169//1156
f 146//146 1169//1156 147//147
f 1266//1249 1267//1250 1171//1158
f 1266//1249 1171//1158 1169//1156
f 1269//1250 1268//1251 1174//1161
f 1269//1250 1174//1161 1177//1164
f 1268//1251 1270//1252 1175//1162
f 1268//1251 1175//1162 1174//1161
f 1271//1253 1272//1254 1185//1170
f 1271//1253 1185//1170 1184//1159
f 1272//1254 1273//1255 1190//1175
f 1272//1254 1190//1175 1185//1170
f 1273//1255 1274//1256 1195//1180
f 1273//1255 1195//1180 1190//1175
f 1274//1256 1275//1257 1200//1185
f 1274//1256 1200//1185 1195//1180
f 1275//1257 1276//1258 1205//1189
f 1275//1257 1205//1189 1200//1185
f 1276//1258 1277//1259 1210//1194
f 1276//1258 1210//1194 1205//1189
f 1277//1259 1278//1260 1215//1199
f 1277//1259 1215//1199 1210//1194
f 1278//1260 1279//1261 1220//1204
f 1278//1260 1220//1204 1215//1199
f 1279//1261 1280//1262 1225//1209
f 1279//1261 1225//1209 1220//1204
f 1280//1262 1281//1263 1230//1214
f 1280//1262 1230//1214 1225//1209
f 1281//1263 1282//1264 1235//1219
f 1281//1263 1235//1219 1230//1214
f 1282//1264 1283//1265 1240//1224
f 1282//1264 1240//1224 1235//1219
f 1283//1265 1284//1266 1245//1229
f 1283//1265 1245//1229 1240//1224
f 1284//1266 1285//1267 1250//1233
f 1284//1266 1250//1233 1245//1229
f 1285//1267 1286//1268 1255//1238
f 1285//1267 1255//1238 1250//1233
f 1286//1268 1287//1269 1260//1243
f 1286//1268 1260//1243 1255//1238
f 1287//1269 1288//1270 1265//1248
f 1287//1269 1265//1248 1260//1243
f 1288//1270 1289//1271 1270//1252
f 1288//1270 1270//1252 1265//1248
f 1289//1271 1290//1272 1175//1162
f 1289//1271 1175//1162 1270//1252
f 1290//1272 1291//1273 1172//1159
f 1290//1272 1172//1159 1175//1162
f 149//149 1292//1274 1293//1275
f 149//149 1293//1275 168//168
f 1294//1276 1291//1273 1290//1272
f 1294//1276 1290//1272 1295//1277
f 1271//1253 1296//1278 1297//1279
f 1271//1253 1297//1279 1272//1254
f 1292//1274 149//149 148//148
f 1292//1274 148//148 1298//1280
f 1272//1254 1297//1279 1299//1281
f 1272//1254 1299//1281 1273//1255
f 1298//1280 148//148 151//151
f 1298//1280 151//151 1300//1282
f 1273//1255 1299//1281 1301//1283
f 1273//1255 1301//1283 1274//1256
f 1300//1282 151//151 152//152
f 1300//1282 152//152 1302//1284
f 1274//1256 1301//1283 1303//1285
f 1274//1256 1303//1285 1275//1257
f 1302//1284 152//152 153//153
f 1302//1284 153//153 1304//1286
f 1275//1257 1303//1285 1305//1287
f 1275//1257 1305//1287 1276//1258
f 1304//1286 153//153 154//154
f 1304//1286 154//154 1306//1288
f 1276//1258 1305//1287 1307//1289
f 1276//1258 1307//1289 1277//1259
f 1306//1288 154//154 155//155
f 1306//1288 155//155 1308//1290
f 1277//1259 1307//1289 1309//1291
f 1277//1259 1309//1291 1278//1260
f 1308//1290 155//155 156//156
f 1308//1290 156//156 1310//1292
f 1278//1260 1309//1291 1311//1293
f 1278//1260 1311//1293 1279//1261
f 1310//1292 156//156 157//157
f 1310//1292 157//157 1312//1294
f 1279//1261 1311//1293 1313//1295
f 1279//1261 1313//1295 1280//1262
f 1312//1294 157//157 158//158
f 1312//1294 158//158 1314//1296
f 1280//1262 1313//1295 1315//1297
f 1280//1262 1315//1297 1281//1263
f 1314//1296 158//158 159//159
f 1314//1296 159//159 1316//1298
f 1281//1263 1315//1297 1317//1299
f 1281//1263 1317//1299 1282//1264
f 1316//1298 159//159 160//160
f 1316//1298 160//160 1318//1300
f 1282//1264 1317//1299 1319//1301
f 1282//1264 1319//1301 1283//1265
f 1318//1300 160//160 161//161
f 1318//1300 161//161 1320//1302
f 1283//1265 1319//1301 1321//1303
f 1283//1265 1321//1303 1284//1266
f 1320//1302 161//161 162//162
f 1320//1302 162//162 1322//1304
f 1284//1266 1321//1303 1323//1305
f 1284//1266 1323//1305 1285//1267
f 1322//1304 162//162 163//163
f 1322//1304 163//163 1324//1306
f 1285//1267 1323//1305 1325//1307
f 1285//1267 1325//1307 1286//1268
f 1324//1306 163//163 164//164
f 1324//1306 164//164 1326//1308
f 1286//1268 1325//1307 1327//1309
f 1286//1268 1327//1309 1287//1269
f 1326//1308 164//164 165//165
f 1326//1308 165//165 1328//1310
f 1287//1269 1327//1309 1329//1311
f 1287//1269 1329//1311 1288//1270
f 1328//1310 165//165 166//166
f 1328//1310 166//166 1330//1312
f 1288//1270 1329//1311 1331//1313
f 1288//1270 1331//1313 1289//1271
f 1330//1312 166//166 167//167
f 1330//1312 167//167 1332//1314
f 1289//1271 1331//1313 1295//1277
f 1289//1271 1295//1277 1290//1272
f 1332//1314 167//167 168//168
f 1332//1314 168//168 1293//1275
f 1333//1315 169//169 189//189
f 1333//1315 189//189 1334//1316
f 1335//1317 1333//1315 1334//1316
f 1335//1317 1334//1316 1336//1318
f 1337//1319 1338//1320 1339//1321
f 1337//1319 1339//1321 1340//1322
f 1338//1320 1341//1323 1342//1324
f 1338//1320 1342//1324 1339//1321
f 169//169 1333//1315 1343//1325
f 169//169 1343//1325 170//170
f 1333//1315 1335//1317 1344//1326
f 1333//1315 1344//1326 1343//1325
f 1345//1323 1346//1327 1347//1328
f 1345//1323 1347//1328 1348//1329
f 1346//1327 1349//1319 1350//1330
f 1346//1327 1350//1330 1347//1328
f 170//170 1343//1325 1351//1331
f 170//170 1351//1331 172//172
f 1343//1325 1344//1326 1352//1332
f 1343//1325 1352//1332 1351//1331
f 1348//1329 1347//1328 1353//1333
f 1348//1329 1353//1333 1354//1334
f 1347//1328 1350//1330 1355//1335
f 1347//1328 1355//1335 1353//1333
f 172//172 1351//1331 1356//1336
f 172//172 1356//1336 173//173
f 1351//1331 1352//1332 1357//1337
f 1351//1331 1357//1337 1356//1336
f 1354//1334 1353//1333 1358//1338
f 1354//1334 1358//1338 1359//1339
f 1353//1333 1355//1335 1360//1340
f 1353//1333 1360//1340 1358//1338
f 173//173 1356//1336 1361//1341
f 173//173 1361//1341 174//174
f 1356//1336 1357//1337 1362//1342
f 1356//1336 1362//1342 1361//1341
f 1359//1339 1358//1338 1363//1343
f 1359//1339 1363//1343 1364//1344
f 1358//1338 1360//1340 1365//1345
f 1358//1338 1365//1345 1363//1343
f 174//174 1361//1341 1366//1346
f 174//174 1366//1346 175//175
f 1361//1341 1362//1342 1367//1347
f 1361//1341 1367//1347 1366//1346
f 1364//1344 1363//1343 1368//1348
f 1364//1344 1368//1348 1369//1347
f 1363//1343 1365//1345 1370//1349
f 1363//1343 1370//1349 1368//1348
f 175//175 1366//1346 1371//1350
f 175//175 1371//1350 176//176
f 1366//1346 1367//1347 1372//1351
f 1366//1346 1372//1351 1371//1350
f 1369//1347 1368//1348 1373//1352
f 1369//1347 1373//1352 1374//1353
f 1368//1348 1370//1349 1375//1354
f 1368//1348 1375//1354 1373//1352
f 176//176 1371//1350 1376//1355
f 176//176 1376//1355 177//177
f 1371//1350 1372//1351 1377//1356
f 1371//1350 1377//1356 1376//1355
f 1374//1353 1373//1352 1378//1357
f 1374//1353 1378//1357 1379//1358
f 1373//1352 1375//1354 1380//1359
f 1373//1352 1380//1359 1378//1357
f 177//177 1376//1355 1381//1360
f 177//177 1381//1360 178//178
f 1376//1355 1377//1356 1382//1361
f 1376//1355 1382//1361 1381//1360
f 1379//1358 1378//1357 1383//1362
f 1379//1358 1383//1362 1384//1363
f 1378//1357 1380//1359 1385//1364
f 1378//1357 1385//1364 1383//1362
f 178//178 1381//1360 1386//1365
f 178//178 1386//1365 179//179
f 1381//1360 1382//1361 1387//1366
f 1381//1360 1387//1366 1386//1365
f 1384//1363 1383//1362 1388//1367
f 1384//1363 1388//1367 1389//1368
f 1383//1362 1385//1364 1390//1369
f 1383//1362 1390//1369 1388//1367
f 179//179 1386//1365 1391//1370
f 179//179 1391//1370 180//180
f 1386//1365 1387//1366 1392//1371
f 1386//1365 1392//1371 1391//1370
f 1389//1368 1388//1367 1393//1372
f 1389//1368 1393//1372 1394//1373
f 1388//1367 1390//1369 1395//1374
f 1388//1367 1395//1374 1393//1372
f 180//180 1391//1370 1396//1375
f 180//180 1396//1375 181//181
f 1391//1370 1392//1371 1397//1376
f 1391//1370 1397//1376 1396//1375
f 1394//1373 1393//1372 1398//1377
f 1394//1373 1398//1377 1399//1378
f 1393//1372 1395//1374 1400//1379
f 1393//1372 1400//1379 1398//1377
f 181//181 1396//1375 1401//1380
f 181//181 1401//1380 182//182
f 1396//1375 1397//1376 1402//1381
f 1396//1375 1402//1381 1401//1380
f 1399//1378 1398//1377 1403//1382
f 1399//1378 1403//1382 1404//1383
f 1398//1377 1400//1379 1405//1384
f 1398//1377 1405//1384 1403//1382
f 182//182 1401//1380 1406//1385
f 182//182 1406//1385 183//183
f 1401//1380 1402//1381 1407//1386
f 1401//1380 1407//1386 1406//1385
f 1404//1383 1403//1382 1408//1387
f 1404//1383 1408//1387 1409//1388
f 1403//1382 1405//1384 1410//1389
f 1403//1382 1410//1389 1408//1387
f 183//183 1406//1385 1411//1390
f 183//183 1411//1390 184//184
f 1406//1385 1407//1386 1412//1391
f 1406//1385 1412//1391 1411//1390
f 1409//1388 1408//1387 1413//1392
f 1409//1388 1413//1392 1414//1393
f 1408//1387 1410//1389 1415//1394
f 1408//1387 1415//1394 1413//1392
f 184//184 1411//1390 1416//1395
f 184//184 1416//1395 185//185
f 1411//1390 1412//1391 1417//1396
f 1411//1390 1417//1396 1416//1395
f 1414//1393 1413//1392 1418//1397
f 1414//1393 1418//1397 1419//1396
f 1413//1392 1415//1394 1420//1398
f 1413//1392 1420//1398 1418//1397
f 185//185 1416//1395 1421//1399
f 185//185 1421//1399 186//186
f 1416//1395 1417//1396 1422//1400
f 1416//1395 1422//1400 1421//1399
f 1419//1396 1418//1397 1423//1401
f 1419//1396 1423//1401 1424//1400
f 1418//1397 1420//1398 1425//1402
f 1418//1397 1425//1402 1423//1401
f 186//186 1421//1399 1426//1403
f 186//186 1426//1403 187//187
f 1421//1399 1422//1400 1427//1404
f 1421//1399 1427//1404 1426//1403
f 1424//1400 1423//1401 1428//1405
f 1424//1400 1428//1405 1429//1406
f 1423//1401 1425//1402 1430//1407
f 1423//1401 1430//1407 1428//1405
f 187//187 1426//1403 1431//1408
f 187//187 1431//1408 188//188
f 1426//1403 1427//1404 1432//1409
f 1426//1403 1432//1409 1431//1408
f 1429//1406 1428//1405 1433//1410
f 1429//1406 1433//1410 1434//1411
f 1428//1405 1430//1407 1435//1412
f 1428//1405 1435//1412 1433//1410
f 188//188 1431//1408 1334//1316
f 188//188 1334//1316 189//189
f 1431//1408 1432//1409 1336//1318
f 1431//1408 1336//1318 1334//1316
f 1434//1411 1433//1410 1339//1321
f 1434//1411 1339//1321 1342//1324
f 1433//1410 1435//1412 1340//1322
f 1433//1410 1340//1322 1339//1321
f 1436//1413 1437//1414 1350//1330
f 1436//1413 1350//1330 1349//1319
f 1437//1414 1438//1415 1355//1335
f 1437//1414 1355//1335 1350//1330
f 1438//1415 1439//1416 1360//1340
f 1438//1415 1360//1340 1355//1335
f 1439//1416 1440//1417 1365//1345
f 1439//1416 1365//1345 1360//1340
f 1440//1417 1441//1418 1370//1349
f 1440//1417 1370//1349 1365//1345
f 1441//1418 1442//1419 1375//1354
f 1441//1418 1375//1354 1370//1349
f 1442//1419 1443//1420 1380//1359
f 1442//1419 1380//1359 1375//1354
f 1443//1420 1444//1421 1385//1364
f 1443//1420 1385//1364 1380//1359
f 1444//1421 1445//1422 1390//1369
f 1444//1421 1390//1369 1385//1364
f 1445//1422 1446//1423 1395//1374
f 1445//1422 1395//1374 1390//1369
f 1446//1423 1447//1424 1400//1379
f 1446//1423 1400//1379 1395//1374
f 1447//1424 1448//1425 1405//1384
f 1447//1424 1405//1384 1400//1379
f 1448//1425 1449//1426 1410//1389
f 1448//1425 1410//1389 1405//1384
f 1449//1426 1450//1427 1415//1394
f 1449//1426 1415//1394 1410//1389
f 1450//1427 1451//1428 1420//1398
f 1450//1427 1420//1398 1415//1394
f 1451//1428 1452//1429 1425//1402
f 1451//1428 1425//1402 1420//1398
f 1452//1429 1453//1430 1430//1407
f 1452//1429 1430//1407 1425//1402
f 1453//1430 1454//1431 1435//1412
f 1453//1430 1435//1412 1430//1407
f 1454//1431 1455//1432 1340//1322
f 1454//1431 1340//1322 1435//1412
f 1455//1432 1456//1413 1337//1319
f 1455//1432 1337//1319 1340//1322
f 191//191 1457//1433 1458//1434
f 191//191 1458//1434 210//210
f 1459//1435 1456//1413 1455//1432
f 1459//1435 1455//1432 1460//1436
f 1436//1413 1461//1437 1462//1438
f 1436//1413 1462//1438 1437//1414
f 1457//1433 191//191 190//190
f 1457//1433 190//190 1463//1439
f 1437//1414 1462//1438 1464//1440
f 1437//1414 1464//1440 1438//1415
f 1463//1439 190//190 193//193
f 1463//1439 193//193 1465//1441
f 1438//1415 1464//1440 1466//1442
f 1438//1415 1466//1442 1439//1416
f 1465//1441 193//193 194//194
f 1465//1441 194//194 1467//1443
f 1439//1416 1466//1442 1468//1444
f 1439//1416 1468//1444 1440//1417
f 1467//1443 194//194 195//195
f 1467//1443 195//195 1469//1445
f 1440//1417 1468//1444 1470//1446
f 1440//1417 1470//1446 1441//1418
f 1469//1445 195//195 196//196
f 1469//1445 196//196 1471//1447
f 1441//1418 1470//1446 1472//1448
f 1441//1418 1472//1448 1442//1419
f 1471//1447 196//196 197//197
f 1471//1447 197//197 1473//1449
f 1442//1419 1472//1448 1474//1450
f 1442//1419 1474//1450 1443//1420
f 1473//1449 197//197 198//198
f 1473//1449 198//198 1475//1451
f 1443//1420 1474//1450 1476//1452
f 1443//1420 1476//1452 1444//1421
f 1475//1451 198//198 199//199
f 1475//1451 199//199 1477//1453
f 1444//1421 1476//1452 1478//1454
f 1444//1421 1478//1454 1445//1422
f 1477//1453 199//199 200//200
f 1477//1453 200//200 1479//1455
f 1445//1422 1478//1454 1480//1456
f 1445//1422 1480//1456 1446//1423
f 1479//1455 200//200 201//201
f 1479//1455 201//201 1481//1457
f 1446//1423 1480//1456 1482//1458
f 1446//1423 1482//1458 1447//1424
f 1481//1457 201//201 202//202
f 1481//1457 202//202 1483//1459
f 1447//1424 1482//1458 1484//1460
f 1447//1424 1484//1460 1448//1425
f 1483//1459 202//202 203//203
f 1483//1459 203//203 1485//1461
f 1448//1425 1484//1460 1486//1462
f 1448//1425 1486//1462 1449//1426
f 1485//1461 203//203 204//204
f 1485//1461 204//204 1487//1463
f 1449//1426 1486//1462 1488//1464
f 1449//1426 1488//1464 1450//1427
f 1487//1463 204//204 205//205
f 1487//1463 205//205 1489//1465
f 1450//1427 1488//1464 1490//1466
f 1450//1427 1490//1466 1451//1428
f 1489//1465 205//205 206//206
f 1489//1465 206//206 1491//1467
f 1451//1428 1490//1466 1492//1468
f 1451//1428 1492//1468 1452//1429
f 1491//1467 206//206 207//207
f 1491//1467 207//207 1493//1469
f 1452//1429 1492//1468 1494//1470
f 1452//1429 1494//1470 1453//1430
f 1493//1469 207//207 208//208
f 1493//1469 208//208 1495//1471
f 1453//1430 1494//1470 1496//1472
f 1453//1430 1496//1472 1454//1431
f 1495//1471 208//208 209//209
f 1495//1471 209//209 1497//1473
f 1454//1431 1496//1472 1460//1436
f 1454//1431 1460//1436 1455//1432
f 1497//1473 209//209 210//210
f 1497//1473 210//210 1458//1434
f 1498//1474 211//211 231//231
f 1498//1474 231//231 1499//1475
f 1500//1476 1498//1474 1499//1475
f 1500//1476 1499//1475 1501//1477
f 1502//1478 1503//1479 1504//1480
f 1502//1478 1504//1480 1505//1481
f 1503//1479 1506//1482 1507//1483
f 1503//1479 1507//1483 1504//1480
f 211//211 1498//1474 1508//1484
f 211//211 1508//1484 212//212
f 1498//1474 1500//1476 1509//1485
f 1498//1474 1509//1485 1508//1484
f 1510//1482 1511//1486 1512//1487
f 1510//1482 1512//1487 1513//1488
f 1511//1486 1514//1478 1515//1489
f 1511//1486 1515//1489 1512//1487
f 212//212 1508//1484 1516//1490
f 212//212 1516//1490 214//214
f 1508//1484 1509//1485 1517//1491
f 1508//1484 1517//1491 1516//1490
f 1513//1488 1512//1487 1518//1492
f 1513//1488 1518//1492 1519//1491
f 1512//1487 1515//1489 1520//1493
f 1512//1487 1520//1493 1518//1492
f 214//214 1516//1490 1521//1494
f 214//214 1521//1494 215//215
f 1516//1490 1517//1491 1522//1495
f 1516//1490 1522//1495 1521//1494
f 1519//1491 1518//1492 1523//1496
f 1519//1491 1523//1496 1524//1497
f 1518//1492 1520//1493 1525//1498
f 1518//1492 1525//1498 1523//1496
f 215//215 1521//1494 1526//1499
f 215//215 1526//1499 216//216
f 1521//1494 1522//1495 1527//1500
f 1521//1494 1527//1500 1526//1499
f 1524//1497 1523//1496 1528//1501
f 1524//1497 1528//1501 1529//1502
f 1523//1496 1525//1498 1530//1503
f 1523//1496 1530//1503 1528//1501
f 216//216 1526//1499 1531//1504
f 216//216 1531//1504 217//217
f 1526//1499 1527//1500 1532//1505
f 1526//1499 1532//1505 1531//1504
f 1529//1502 1528//1501 1533//1506
f 1529//1502 1533//1506 1534//1505
f 1528//1501 1530//1503 1535//1507
f 1528//1501 1535//1507 1533//1506
f 217//217 1531//1504 1536//1508
f 217//217 1536//1508 218//218
f 1531//1504 1532//1505 1537//1509
f 1531//1504 1537//1509 1536//1508
f 1534//1505 1533//1506 1538//1510
f 1534//1505 1538//1510 1539//1511
f 1533//1506 1535//1507 1540//1512
f 1533//1506 1540//1512 1538//1510
f 218//218 1536//1508 1541//1513
f 218//218 1541//1513 219//219
f 1536//1508 1537//1509 1542//1514
f 1536//1508 1542//1514 1541//1513
f 1539//1511 1538//1510 1543//1515
f 1539//1511 1543//1515 1544//1516
f 1538//1510 1540//1512 1545//1517
f 1538//1510 1545//1517 1543//1515
f 219//219 1541//1513 1546//1518
f 219//219 1546//1518 220//220
f 1541//1513 1542//1514 1547//1519
f 1541//1513 1547//1519 1546//1518
f 1544//1516 1543//1515 1548//1520
f 1544//1516 1548//1520 1549//1521
f 1543//1515 1545//1517 1550//1522
f 1543//1515 1550//1522 1548//1520
f 220//220 1546//1518 1551//1523
f 220//220 1551//1523 221//221
f 1546//1518 1547//1519 1552//1524
f 1546//1518 1552//1524 1551//1523
f 1549//1521 1548//1520 1553//1525
f 1549//1521 1553//1525 1554//1526
f 1548//1520 1550//1522 1555//1527
f 1548//1520 1555//1527 1553//1525
f 221//221 1551//1523 1556//1528
f 221//221 1556//1528 222//222
f 1551//1523 1552//1524 1557//1529
f 1551//1523 1557//1529 1556//1528
f 1554//1526 1553//1525 1558//1530
f 1554//1526 1558//1530 1559//1531
f 1553//1525 1555//1527 1560//1532
f 1553//1525 1560//1532 1558//1530
f 222//222 1556//1528 1561//1533
f 222//222 1561//1533 223//223
f 1556//1528 1557//1529 1562//1534
f 1556//1528 1562//1534 1561//1533
f 1559//1531 1558//1530 1563//1535
f 1559//1531 1563//1535 1564//1536
f 1558//1530 1560//1532 1565//1537
f 1558//1530 1565//1537 1563//1535
f 223//223 1561//1533 1566//1538
f 223//223 1566//1538 224//224
f 1561//1533 1562//1534 1567//1539
f 1561//1533 1567//1539 1566//1538
f 1564//1536 1563//1535 1568//1540
f 1564//1536 1568//1540 1569//1539
f 1563//1535 1565//1537 1570//1541
f 1563//1535 1570//1541 1568//1540
f 224//224 1566//1538 1571//1542
f 224//224 1571//1542 225//225
f 1566//1538 1567//1539 1572//1543
f 1566//1538 1572//1543 1571//1542
f 1569//1539 1568//1540 1573//1544
f 1569//1539 1573//1544 1574//1545
f 1568//1540 1570//1541 1575//1546
f 1568//1540 1575//1546 1573//1544
f 225//225 1571//1542 1576//1547
f 225//225 1576//1547 226//226
f 1571//1542 1572//1543 1577//1548
f 1571//1542 1577//1548 1576//1547
f 1574//1545 1573//1544 1578//1549
f 1574//1545 1578//1549 1579//1548
f 1573//1544 1575//1546 1580//1550
f 1573//1544 1580//1550 1578//1549
f 226//226 1576//1547 1581//1551
f 226//226 1581//1551 227//227
f 1576//1547 1577//1548 1582//1552
f 1576//1547 1582//1552 1581//1551
f 1579//1548 1578//1549 1583//1553
f 1579//1548 1583//1553 1584//1552
f 1578//1549 1580//1550 1585//1554
f 1578//1549 1585//1554 1583//1553
f 227//227 1581//1551 1586//1555
f 227//227 1586//1555 228//228
f 1581//1551 1582//1552 1587//1556
f 1581//1551 1587//1556 1586//1555
f 1584//1552 1583//1553 1588//1557
f 1584//1552 1588//1557 1589//1558
f 1583//1553 1585//1554 1590//1559
f 1583//1553 1590//1559 1588//1557
f 228//228 1586//1555 1591//1560
f 228//228 1591//1560 229//229
f 1586//1555 1587//1556 1592//1561
f 1586//1555 1592//1561 1591//1560
f 1589//1558 1588//1557 1593//1562
f 1589//1558 1593//1562 1594//1563
f 1588//1557 1590//1559 1595//1564
f 1588//1557 1595//1564 1593//1562
f 229//229 1591//1560 1596//1565
f 229//229 1596//1565 230//230
f 1591//1560 1592//1561 1597//1566
f 1591//1560 1597//1566 1596//1565
f 1594//1563 1593//1562 1598//1567
f 1594//1563 1598//1567 1599//1568
f 1593//1562 1595//1564 1600//1569
f 1593//1562 1600//1569 1598//1567
f 230//230 1596//1565 1499//1475
f 230//230 1499//1475 231//231
f 1596//1565 1597//1566 1501//1477
f 1596//1565 1501//1477 1499//1475
f 1599//1568 1598//1567 1504//1480
f 1599//1568 1504//1480 1507//1483
f 1598//1567 1600//1569 1505//1481
f 1598//1567 1505//1481 1504//1480
f 1601//1570 1602//1571 1515//1489
f 1601//1570 1515//1489 1514//1478
f 1602//1571 1603//1572 1520//1493
f 1602//1571 1520//1493 1515//1489
f 1603//1572 1604//1573 1525//1498
f 1603//1572 1525//1498 1520//1493
f 1604//1573 1605//1574 1530//1503
f 1604//1573 1530//1503 1525//1498
f 1605//1574 1606//1575 1535//1507
f 1605//1574 1535//1507 1530//1503
f 1606//1575 1607//1576 1540//1512
f 1606//1575 1540//1512 1535//1507
f 1607//1576 1608//1577 1545//1517
f 1607//1576 1545//1517 1540//1512
f 1608//1577 1609//1578 1550//1522
f 1608//1577 1550//1522 1545//1517
f 1609//1578 1610//1579 1555//1527
f 1609//1578 1555//1527 1550//1522
f 1610//1579 1611//1580 1560//1532
f 1610//1579 1560//1532 1555//1527
f 1611//1580 1612//1581 1565//1537
f 1611//1580 1565//1537 1560//1532
f 1612//1581 1613//1582 1570//1541
f 1612//1581 1570//1541 1565//1537
f 1613//1582 1614//1583 1575//1546
f 1613//1582 1575//1546 1570//1541
f 1614//1583 1615//1584 1580//1550
f 1614//1583 1580//1550 1575//1546
f 1615//1584 1616//1585 1585//1554
f 1615//1584 1585//1554 1580//1550
f 1616//1585 1617//1586 1590//1559
f 1616//1585 1590//1559 1585//1554
f 1617//1586 1618//1587 1595//1564
f 1617//1586 1595//1564 1590//1559
f 1618//1587 1619//1588 1600//1569
f 1618//1587 1600//1569 1595//1564
f 1619//1588 1620//1589 1505//1481
f 1619//1588 1505//1481 1600//1569
f 1620//1589 1621//1590 1502//1478
f 1620//1589 1502//1478 1505//1481
f 233//233 1622//1591 1623//1592
f 233//233 1623//1592 252//252
f 1624//1593 1621//1590 1620//1589
f 1624//1593 1620//1589 1625//1594
f 1601//1570 1626//1595 1627//1596
f 1601//1570 1627//1596 1602//1571
f 1622//1591 233//233 232//232
f 1622//1591 232//232 1628//1597
f 1602//1571 1627//1596 1629//1598
f 1602//1571 1629//1598 1603//1572
f 1628//1597 232//232 235//235
f 1628//1597 235//235 1630//1599
f 1603//1572 1629//1598 1631//1600
f 1603//1572 1631//1600 1604//1573
f 1630//1599 235//235 236//236
f 1630//1599 236//236 1632//1601
f 1604//1573 1631//1600 1633//1602
f 1604//1573 1633//1602 1605//1574
f 1632//1601 236//236 237//237
f 1632//1601 237//237 1634//1603
f 1605//1574 1633//1602 1635//1604
f 1605//1574 1635//1604 1606//1575
f 1634//1603 237//237 238//238
f 1634//1603 238//238 1636//1605
f 1606//1575 1635//1604 1637//1606
f 1606//1575 1637//1606 1607//1576
f 1636//1605 238//238 239//239
f 1636//1605 239//239 1638//1607
f 1607//1576 1637//1606 1639//1608
f 1607//1576 1639//1608 1608//1577
f 1638//1607 239//239 240//240
f 1638//1607 240//240 1640//1609
f 1608//1577 1639//1608 1641//1610
f 1608//1577 1641//1610 1609//1578
f 1640//1609 240//240 241//241
f 1640//1609 241//241 1642//1611
f 1609//1578 1641//1610 1643//1612
f 1609//1578 1643//1612 1610//1579
f 1642//1611 241//241 242//242
f 1642//1611 242//242 1644//1613
f 1610//1579 1643//1612 1645//1614
f 1610//1579 1645//1614 1611//1580
f 1644//1613 242//242 243//243
f 1644//1613 243//243 1646//1615
f 1611//1580 1645//1614 1647//1616
f 1611//1580 1647//1616 1612//1581
f 1646//1615 243//243 244//244
f 1646//1615 244//244 1648//1617
f 1612//1581 1647//1616 1649//1618
f 1612//1581 1649//1618 1613//1582
f 1648//1617 244//244 245//245
f 1648//1617 245//245 1650//1619
f 1613//1582 1649//1618 1651//1620
f 1613//1582 1651//1620 1614//1583
f 1650//1619 245//245 246//246
f 1650//1619 246//246 1652//1621
f 1614//1583 1651//1620 1653//1622
f 1614//1583 1653//1622 1615//1584
f 1652//1621 246//246 247//247
f 1652//1621 247//247 1654//1623
f 1615//1584 1653//1622 1655//1624
f 1615//1584 1655//1624 1616//1585
f 1654//1623 247//247 248//248
f 1654//1623 248//248 1656//1625
f 1616//1585 1655//1624 1657//1626
f 1616//1585 1657//1626 1617//1586
f 1656//1625 248//248 249//249
f 1656//1625 249//249 1658//1627
f 1617//1586 1657//1626 1659//1628
f 1617//1586 1659//1628 1618//1587
f 1658//1627 249//249 250//250
f 1658//1627 250//250 1660//1629
f 1618//1587 1659//1628 1661//1630
f 1618//1587 1661//1630 1619//1588
f 1660//1629 250//250 251//251
f 1660//1629 251//251 1662//1631
f 1619//1588 1661//1630 1625//1594
f 1619//1588 1625//1594 1620//1589
f 1662//1631 251//251 252//252
f 1662//1631 252//252 1623//1592
f 1663//1632 253//253 273//273
f 1663//1632 273//273 1664//1633
f 1665//1634 1663//1632 1664//1633
f 1665//1634 1664//1633 1666//1635
f 1667//1636 1668//1637 1669//1638
f 1667//1636 1669//1638 1670//1639
f 1668//1637 1671//1640 1672//1641
f 1668//1637 1672//1641 1669//1638
f 253//253 1663//1632 1673//1642
f 253//253 1673//1642 254//254
f 1663//1632 1665//1634 1674//1643
f 1663//1632 1674//1643 1673//1642
f 1675//1644 1676//1637 1677//1645
f 1675//1644 1677//1645 1678//1643
f 1676//1637 1679//1646 1680//1647
f 1676//1637 1680//1647 1677//1645
f 254//254 1673//1642 1681//1648
f 254//254 1681//1648 256//256
f 1673//1642 1674//1643 1682//1649
f 1673//1642 1682//1649 1681//1648
f 1678//1643 1677//1645 1683//1650
f 1678//1643 1683//1650 1684//1651
f 1677//1645 1680//1647 1685//1652
f 1677//1645 1685//1652 1683//1650
f 256//256 1681//1648 1686//1653
f 256//256 1686//1653 257//257
f 1681//1648 1682//1649 1687//1654
f 1681//1648 1687//1654 1686//1653
f 1684//1651 1683//1650 1688//1655
f 1684//1651 1688//1655 1689//1654
f 1683//1650 1685//1652 1690//1656
f 1683//1650 1690//1656 1688//1655
f 257//257 1686//1653 1691//1657
f 257//257 1691//1657 258//258
f 1686//1653 1687//1654 1692//1658
f 1686//1653 1692//1658 1691//1657
f 1689//1654 1688//1655 1693//1659
f 1689//1654 1693//1659 1694//1658
f 1688//1655 1690//1656 1695//1660
f 1688//1655 1695//1660 1693//1659
f 258//258 1691//1657 1696//1661
f 258//258 1696//1661 259//259
f 1691//1657 1692//1658 1697//1662
f 1691//1657 1697//1662 1696//1661
f 1694//1658 1693//1659 1698//1663
f 1694//1658 1698//1663 1699//1662
f 1693//1659 1695//1660 1700//1664
f 1693//1659 1700//1664 1698//1663
f 259//259 1696//1661 1701//1665
f 259//259 1701//1665 260//260
f 1696//1661 1697//1662 1702//1666
f 1696//1661 1702//1666 1701//1665
f 1699//1662 1698//1663 1703//1667
f 1699//1662 1703//1667 1704//1668
f 1698//1663 1700//1664 1705//1669
f 1698//1663 1705//1669 1703//1667
f 260//260 1701//1665 1706//1670
f 260//260 1706//1670 261//261
f 1701//1665 1702//1666 1707//1671
f 1701//1665 1707//1671 1706//1670
f 1704//1668 1703//1667 1708//1672
f 1704//1668 1708//1672 1709//1671
f 1703//1667 1705//1669 1710//1673
f 1703//1667 1710//1673 1708//1672
f 261//261 1706//1670 1711//1674
f 261//261 1711//1674 262//262
f 1706//1670 1707//1671 1712//1675
f 1706//1670 1712//1675 1711//1674
f 1709//1671 1708//1672 1713//1676
f 1709//1671 1713//1676 1714//1677
f 1708//1672 1710//1673 1715//1678
f 1708//1672 1715//1678 1713//1676
f 262//262 1711//1674 1716//1679
f 262//262 1716//1679 263//263
f 1711//1674 1712//1675 1717//1680
f 1711//1674 1717//1680 1716//1679
f 1714//1677 1713//1676 1718//1681
f 1714//1677 1718//1681 1719//1680
f 1713//1676 1715//1678 1720//1682
f 1713//1676 1720//1682 1718//1681
f 263//263 1716//1679 1721//1683
f 263//263 1721//1683 264//264
f 1716//1679 1717//1680 1722//1684
f 1716//1679 1722//1684 1721//1683
f 1719//1680 1718//1681 1723//1685
f 1719//1680 1723//1685 1724//1684
f 1718//1681 1720//1682 1725//1686
f 1718//1681 1725//1686 1723//1685
f 264//264 1721//1683 1726//1687
f 264//264 1726//1687 265//265
f 1721//1683 1722//1684 1727//1688
f 1721//1683 1727//1688 1726//1687
f 1724//1684 1723//1685 1728//1689
f 1724//1684 1728//1689 1729//1690
f 1723//1685 1725//1686 1730//1691
f 1723//1685 1730//1691 1728//1689
f 265//265 1726//1687 1731//1692
f 265//265 1731//1692 266//266
f 1726//1687 1727//1688 1732//1693
f 1726//1687 1732//1693 1731//1692
f 1729//1690 1728//1689 1733//1694
f 1729//1690 1733//1694 1734//1695
f 1728//1689 1730//1691 1735//1696
f 1728//1689 1735//1696 1733//1694
f 266//266 1731//1692 1736//1697
f 266//266 1736//1697 267//267
f 1731//1692 1732//1693 1737//1698
f 1731//1692 1737//1698 1736//1697
f 1734//1695 1733//1694 1738//1699
f 1734//1695 1738//1699 1739//1698
f 1733//1694 1735//1696 1740//1700
f 1733//1694 1740//1700 1738//1699
f 267//267 1736//1697 1741//1701
f 267//267 1741//1701 268//268
f 1736//1697 1737//1698 1742//1702
f 1736//1697 1742//1702 1741//1701
f 1739//1698 1738//1699 1743//1703
f 1739//1698 1743//1703 1744//1702
f 1738//1699 1740//1700 1745//1704
f 1738//1699 1745//1704 1743//1703
f 268//268 1741//1701 1746//1705
f 268//268 1746//1705 269//269
f 1741//1701 1742//1702 1747//1706
f 1741//1701 1747//1706 1746//1705
f 1744//1702 1743//1703 1748//1707
f 1744//1702 1748//1707 1749//1706
f 1743//1703 1745//1704 1750//1708
f 1743//1703 1750//1708 1748//1707
f 269//269 1746//1705 1751//1709
f 269//269 1751//1709 270//270
f 1746//1705 1747//1706 1752//1710
f 1746//1705 1752//1710 1751//1709
f 1749//1706 1748//1707 1753//1711
f 1749//1706 1753//1711 1754//1712
f 1748//1707 1750//1708 1755//1713
f 1748//1707 1755//1713 1753//1711
f 270//270 1751//1709 1756//1714
f 270//270 1756//1714 271//271
f 1751//1709 1752//1710 1757//1715
f 1751//1709 1757//1715 1756//1714
f 1754//1712 1753//1711 1758//1716
f 1754//1712 1758//1716 1759//1717
f 1753//1711 1755//1713 1760//1718
f 1753//1711 1760//1718 1758//1716
f 271//271 1756//1714 1761//1719
f 271//271 1761//1719 272//272
f 1756//1714 1757//1715 1762//1720
f 1756//1714 1762//1720 1761//1719
f 1759//1717 1758//1716 1763//1721
f 1759//1717 1763//1721 1764//1722
f 1758//1716 1760//1718 1765//1723
f 1758//1716 1765//1723 1763//1721
f 272//272 1761//1719 1664//1633
f 272//272 1664//1633 273//273
f 1761//1719 1762//1720 1666//1635
f 1761//1719 1666//1635 1664//1633
f 1764//1722 1763//1721 1669//1638
f 1764//1722 1669//1638 1672//1641
f 1763//1721 1765//1723 1670//1639
f 1763//1721 1670//1639 1669//1638
f 1766//1724 1767//1725 1680//1647
f 1766//1724 1680//1647 1679//1646
f 1767//1725 1768//1726 1685//1652
f 1767//1725 1685//1652 1680//1647
f 1768//1726 1769//1727 1690//1656
f 1768//1726 1690//1656 1685//1652
f 1769//1727 1770//1728 1695//1660
f 1769//1727 1695//1660 1690//1656
f 1770//1728 1771//1729 1700//1664
f 1770//1728 1700//1664 1695//1660
f 1771//1729 1772//1730 1705//1669
f 1771//1729 1705//1669 1700//1664
f 1772//1730 1773//1731 1710//1673
f 1772//1730 1710//1673 1705//1669
f 1773//1731 1774//1732 1715//1678
f 1773//1731 1715//1678 1710//1673
f 1774//1732 1775//1733 1720//1682
f 1774//1732 1720//1682 1715//1678
f 1775//1733 1776//1734 1725//1686
f 1775//1733 1725//1686 1720//1682
f 1776//1734 1777//1735 1730//1691
f 1776//1734 1730//1691 1725//1686
f 1777//1735 1778//1736 1735//1696
f 1777//1735 1735//1696 1730//1691
f 1778//1736 1779//1737 1740//1700
f 1778//1736 1740//1700 1735//1696
f 1779//1737 1780//1738 1745//1704
f 1779//1737 1745//1704 1740//1700
f 1780//1738 1781//1739 1750//1708
f 1780//1738 1750//1708 1745//1704
f 1781//1739 1782//1740 1755//1713
f 1781//1739 1755//1713 1750//1708
f 1782//1740 1783//1741 1760//1718
f 1782//1740 1760//1718 1755//1713
f 1783//1741 1784//1742 1765//1723
f 1783//1741 1765//1723 1760//1718
f 1784//1742 1785//1743 1670//1639
f 1784//1742 1670//1639 1765//1723
f 1785//1743 1786//1724 1667//1636
f 1785//1743 1667//1636 1670//1639
f 275//275 1787//1744 1788//1745
f 275//275 1788//1745 294//294
f 1789//1746 1786//1724 1785//1743
f 1789//1746 1785//1743 1790//1747
f 1766//1724 1791//1748 1792//1749
f 1766//1724 1792//1749 1767//1725
f 1787//1744 275//275 274//274
f 1787//1744 274//274 1793//1750
f 1767//1725 1792//1749 1794//1751
f 1767//1725 1794//1751 1768//1726
f 1793//1750 274//274 277//277
f 1793//1750 277//277 1795//1752
f 1768//1726 1794//1751 1796//1753
f 1768//1726 1796//1753 1769//1727
f 1795//1752 277//277 278//278
f 1795//1752 278//278 1797//1754
f 1769//1727 1796//1753 1798//1755
f 1769//1727 1798//1755 1770//1728
f 1797//1754 278//278 279//279
f 1797//1754 279//279 1799//1756
f 1770//1728 1798//1755 1800//1757
f 1770//1728 1800//1757 1771//1729
f 1799//1756 279//279 280//280
f 1799//1756 280//280 1801//1758
f 1771//1729 1800//1757 1802//1759
f 1771//1729 1802//1759 1772//1730
f 1801//1758 280//280 281//281
f 1801//1758 281//281 1803//1760
f 1772//1730 1802//1759 1804//1761
f 1772//1730 1804//1761 1773//1731
f 1803//1760 281//281 282//282
f 1803//1760 282//282 1805//1762
f 1773//1731 1804//1761 1806//1763
f 1773//1731 1806//1763 1774//1732
f 1805//1762 282//282 283//283
f 1805//1762 283//283 1807//1764
f 1774//1732 1806//1763 1808//1765
f 1774//1732 1808//1765 1775//1733
f 1807//1764 283//283 284//284
f 1807//1764 284//284 1809//1766
f 1775//1733 1808//1765 1810//1767
f 1775//1733 1810//1767 1776//1734
f 1809//1766 284//284 285//285
f 1809//1766 285//285 1811//1768
f 1776//1734 1810//1767 1812//1769
f 1776//1734 1812//1769 1777//1735
f 1811//1768 285//285 286//286
f 1811//1768 286//286 1813//1770
f 1777//1735 1812//1769 1814//1771
f 1777//1735 1814//1771 1778//1736
f 1813//1770 286//286 287//287
f 1813//1770 287//287 1815//1772
f 1778//1736 1814//1771 1816//1773
f 1778//1736 1816//1773 1779//1737
f 1815//1772 287//287 288//288
f 1815//1772 288//288 1817//1774
f 1779//1737 1816//1773 1818//1775
f 1779//1737 1818//1775 1780//1738
f 1817//1774 288//288 289//289
f 1817//1774 289//289 1819//1776
f 1780//1738 1818//1775 1820//1777
f 1780//1738 1820//1777 1781//1739
f 1819//1776 289//289 290//290
f 1819//1776 290//290 1821//1778
f 1781//1739 1820//1777 1822//1779
f 1781//1739 1822//1779 1782//1740
f 1821//1778 290//290 291//291
f 1821//1778 291//291 1823//1780
f 1782//1740 1822//1779 1824//1781
f 1782//1740 1824//1781 1783//1741
f 1823//1780 291//291 292//292
f 1823//1780 292//292 1825//1782
f 1783//1741 1824//1781 1826//1783
f 1783//1741 1826//1783 1784//1742
f 1825//1782 292//292 293//293
f 1825//1782 293//293 1827//1784
f 1784//1742 1826//1783 1790//1747
f 1784//1742 1790//1747 1785//1743
f 1827//1784 293//293 294//294
f 1827//1784 294//294 1788//1745
f 1828//1785 295//295 315//315
f 1828//1785 315//315 1829//1786
f 1830//1787 1828//1785 1829//1786
f 1830//1787 1829//1786 1831//1788
f 1832//1789 1833//1790 1834//1791
f 1832//1789 1834//1791 1835//1792
f 1833//1790 1836//1793 1837//1794
f 1833//1790 1837//1794 1834//1791
f 295//295 1828//1785 1838//1795
f 295//295 1838//1795 296//296
f 1828//1785 1830//1787 1839//1796
f 1828//1785 1839//1796 1838//1795
f 1840//1787 1841//1790 1842//1797
f 1840//1787 1842//1797 1843//1798
f 1841//1790 1844//1789 1845//1799
f 1841//1790 1845//1799 1842//1797
f 296//296 1838//1795 1846//1800
f 296//296 1846//1800 298//298
f 1838//1795 1839//1796 1847//1801
f 1838//1795 1847//1801 1846//1800
f 1843//1798 1842//1797 1848//1802
f 1843//1798 1848//1802 1849//1801
f 1842//1797 1845//1799 1850//1803
f 1842//1797 1850//1803 1848//1802
f 298//298 1846//1800 1851//1804
f 298//298 1851//1804 299//299
f 1846//1800 1847//1801 1852//1805
f 1846//1800 1852//1805 1851//1804
f 1849//1801 1848//1802 1853//1806
f 1849//1801 1853//1806 1854//1807
f 1848//1802 1850//1803 1855//1808
f 1848//1802 1855//1808 1853//1806
f 299//299 1851//1804 1856//1809
f 299//299 1856//1809 300//300
f 1851//1804 1852//1805 1857//1810
f 1851//1804 1857//1810 1856//1809
f 1854//1807 1853//1806 1858//1811
f 1854//1807 1858//1811 1859//1812
f 1853//1806 1855//1808 1860//1813
f 1853//1806 1860//1813 1858//1811
f 300//300 1856//1809 1861//1814
f 300//300 1861//1814 301//301
f 1856//1809 1857//1810 1862//1815
f 1856//1809 1862//1815 1861//1814
f 1859//1812 1858//1811 1863//1816
f 1859//1812 1863//1816 1864//1817
f 1858//1811 1860//1813 1865//1818
f 1858//1811 1865//1818 1863//1816
f 301//301 1861//1814 1866//1819
f 301//301 1866//1819 302//302
f 1861//1814 1862//1815 1867//1820
f 1861//1814 1867//1820 1866//1819
f 1864//1817 1863//1816 1868//1821
f 1864//1817 1868//1821 1869//1822
f 1863//1816 1865//1818 1870//1823
f 1863//1816 1870//1823 1868//1821
f 302//302 1866//1819 1871//1824
f 302//302 1871//1824 303//303
f 1866//1819 1867//1820 1872//1825
f 1866//1819 1872//1825 1871//1824
f 1869//1822 1868//1821 1873//1826
f 1869//1822 1873//1826 1874//1827
f 1868//1821 1870//1823 1875//1828
f 1868//1821 1875//1828 1873//1826
f 303//303 1871//1824 1876//1829
f 303//303 1876//1829 304//304
f 1871//1824 1872//1825 1877//1830
f 1871//1824 1877//1830 1876//1829
f 1874//1827 1873//1826 1878//1831
f 1874//1827 1878//1831 1879//1832
f 1873//1826 1875//1828 1880//1833
f 1873//1826 1880//1833 1878//1831
f 304//304 1876//1829 1881//1834
f 304//304 1881//1834 305//305
f 1876//1829 1877//1830 1882//1835
f 1876//1829 1882//1835 1881//1834
f 1879//1832 1878//1831 1883//1836
f 1879//1832 1883//1836 1884//1837
f 1878//1831 1880//1833 1885//1838
f 1878//1831 1885//1838 1883//1836
f 305//305 1881//1834 1886//1839
f 305//305 1886//1839 306//306
f 1881//1834 1882//1835 1887//1840
f 1881//1834 1887//1840 1886//1839
f 1884//1837 1883//1836 1888//1841
f 1884//1837 1888//1841 1889//1842
f 1883//1836 1885//1838 1890//1843
f 1883//1836 1890//1843 1888//1841
f 306//306 1886//1839 1891//1844
f 306//306 1891//1844 307//307
f 1886//1839 1887//1840 1892//1845
f 1886//1839 1892//1845 1891//1844
f 1889//1842 1888//1841 1893//1846
f 1889//1842 1893//1846 1894//1847
f 1888//1841 1890//1843 1895//1848
f 1888//1841 1895//1848 1893//1846
f 307//307 1891//1844 1896//1849
f 307//307 1896//1849 308//308
f 1891//1844 1892//1845 1897//1850
f 1891//1844 1897//1850 1896//1849
f 1894//1847 1893//1846 1898//1851
f 1894//1847 1898//1851 1899//1852
f 1893//1846 1895//1848 1900//1853
f 1893//1846 1900//1853 1898//1851
f 308//308 1896//1849 1901//1854
f 308//308 1901//1854 309//309
f 1896//1849 1897//1850 1902//1855
f 1896//1849 1902//1855 1901//1854
f 1899//1852 1898//1851 1903//1856
f 1899//1852 1903//1856 1904//1857
f 1898//1851 1900//1853 1905//1858
f 1898//1851 1905//1858 1903//1856
f 309//309 1901//1854 1906//1859
f 309//309 1906//1859 310//310
f 1901//1854 1902//1855 1907//1860
f 1901//1854 1907//1860 1906//1859
f 1904//1857 1903//1856 1908//1861
f 1904//1857 1908//1861 1909//1862
f 1903//1856 1905//1858 1910//1863
f 1903//1856 1910//1863 1908//1861
f 310//310 1906//1859 1911//1864
f 310//310 1911//1864 311//311
f 1906//1859 1907//1860 1912//1865
f 1906//1859 1912//1865 1911//1864
f 1909//1862 1908//1861 1913//1866
f 1909//1862 1913//1866 1914//1867
f 1908//1861 1910//1863 1915//1868
f 1908//1861 1915//1868 1913//1866
f 311//311 1911//1864 1916//1869
f 311//311 1916//1869 312//312
f 1911//1864 1912//1865 1917//1870
f 1911//1864 1917//1870 1916//1869
f 1914//1867 1913//1866 1918//1871
f 1914//1867 1918//1871 1919//1872
f 1913//1866 1915//1868 1920//1873
f 1913//1866 1920//1873 1918//1871
f 312//312 1916//1869 1921//1874
f 312//312 1921//1874 313//313
f 1916//1869 1917//1870 1922//1875
f 1916//1869 1922//1875 1921//1874
f 1919//1872 1918//1871 1923//1876
f 1919//1872 1923//1876 1924//1875
f 1918//1871 1920//1873 1925//1877
f 1918//1871 1925//1877 1923//1876
f 313//313 1921//1874 1926//1878
f 313//313 1926//1878 314//314
f 1921//1874 1922//1875 1927//1879
f 1921//1874 1927//1879 1926//1878
f 1924//1875 1923//1876 1928//1880
f 1924//1875 1928//1880 1929//1879
f 1923//1876 1925//1877 1930//1881
f 1923//1876 1930//1881 1928//1880
f 314//314 1926//1878 1829//1786
f 314//314 1829//1786 315//315
f 1926//1878 1927//1879 1831//1788
f 1926//1878 1831//1788 1829//1786
f 1929//1879 1928//1880 1834//1791
f 1929//1879 1834//1791 1837//1794
f 1928//1880 1930//1881 1835//1792
f 1928//1880 1835//1792 1834//1791
f 1931//1882 1932//1883 1845//1799
f 1931//1882 1845//1799 1844//1789
f 1932//1883 1933//1884 1850//1803
f 1932//1883 1850//1803 1845//1799
f 1933//1884 1934//1885 1855//1808
f 1933//1884 1855//1808 1850//1803
f 1934//1885 1935//1886 1860//1813
f 1934//1885 1860//1813 1855//1808
f 1935//1886 1936//1887 1865//1818
f 1935//1886 1865//1818 1860//1813
f 1936//1887 1937//1888 1870//1823
f 1936//1887 1870//1823 1865//1818
f 1937//1888 1938//1889 1875//1828
f 1937//1888 1875//1828 1870//1823
f 1938//1889 1939//1890 1880//1833
f 1938//1889 1880//1833 1875//1828
f 1939//1890 1940//1891 1885//1838
f 1939//1890 1885//1838 1880//1833
f 1940//1891 1941//1892 1890//1843
f 1940//1891 1890//1843 1885//1838
f 1941//1892 1942//1893 1895//1848
f 1941//1892 1895//1848 1890//1843
f 1942//1893 1943//1894 1900//1853
f 1942//1893 1900//1853 1895//1848
f 1943//1894 1944//1895 1905//1858
f 1943//1894 1905//1858 1900//1853
f 1944//1895 1945//1896 1910//1863
f 1944//1895 1910//1863 1905//1858
f 1945//1896 1946//1897 1915//1868
f 1945//1896 1915//1868 1910//1863
f 1946//1897 1947//1898 1920//1873
f 1946//1897 1920//1873 1915//1868
f 1947//1898 1948//1899 1925//1877
f 1947//1898 1925//1877 1920//1873
f 1948//1899 1949//1900 1930//1881
f 1948//1899 1930//1881 1925//1877
f 1949//1900 1950//1901 1835//1792
f 1949//1900 1835//1792 1930//1881
f 1950//1901 1951//1902 1832//1789
f 1950//1901 1832//1789 1835//1792
f 317//317 1952//1903 1953//1904
f 317//317 1953//1904 336//336
f 1954//1905 1951//1902 1950//1901
f 1954//1905 1950//1901 1955//1906
f 1931//1882 1956//1907 1957//1908
f 1931//1882 1957//1908 1932//1883
f 1952//1903 317//317 316//316
f 1952//1903 316//316 1958//1909
f 1932//1883 1957//1908 1959//1910
f 1932//1883 1959//1910 1933//1884
f 1958//1909 316//316 319//319
f 1958//1909 319//319 1960//1911
f 1933//1884 1959//1910 1961//1912
f 1933//1884 1961//1912 1934//1885
f 1960//1911 319//319 320//320
f 1960//1911 320//320 1962//1913
f 1934//1885 1961//1912 1963//1914
f 1934//1885 1963//1914 1935//1886
f 1962//1913 320//320 321//321
f 1962//1913 321//321 1964//1915
f 1935//1886 1963//1914 1965//1916
f 1935//1886 1965//1916 1936//1887
f 1964//1915 321//321 322//322
f 1964//1915 322//322 1966//1917
f 1936//1887 1965//1916 1967//1918
f 1936//1887 1967//1918 1937//1888
f 1966//1917 322//322 323//323
f 1966//1917 323//323 1968//1919
f 1937//1888 1967//1918 1969//1920
f 1937//1888 1969//1920 1938//1889
f 1968//1919 323//323 324//324
f 1968//1919 324//324 1970//1921
f 1938//1889 1969//1920 1971//1922
f 1938//1889 1971//1922 1939//1890
f 1970//1921 324//324 325//325
f 1970//1921 325//325 1972//1923
f 1939//1890 1971//1922 1973//1924
f 1939//1890 1973//1924 1940//1891
f 1972//1923 325//325 326//326
f 1972//1923 326//326 1974//1925
f 1940//1891 1973//1924 1975//1926
f 1940//1891 1975//1926 1941//1892
f 1974//1925 326//326 327//327
f 1974//1925 327//327 1976//1927
f 1941//1892 1975//1926 1977//1928
f 1941//1892 1977//1928 1942//1893
f 1976//1927 327//327 328//328
f 1976//1927 328//328 1978//1929
f 1942//1893 1977//1928 1979//1930
f 1942//1893 1979//1930 1943//1894
f 1978//1929 328//328 329//329
f 1978//1929 329//329 1980//1931
f 1943//1894 1979//1930 1981//1932
f 1943//1894 1981//1932 1944//1895
f 1980//1931 329//329 330//330
f 1980//1931 330//330 1982//1933
f 1944//1895 1981//1932 1983//1934
f 1944//1895 1983//1934 1945//1896
f 1982//1933 330//330 331//331
f 1982//1933 331//331 1984//1935
f 1945//1896 1983//1934 1985//1936
f 1945//1896 1985//1936 1946//1897
f 1984//1935 331//331 332//332
f 1984//1935 332//332 1986//1937
f 1946//1897 1985//1936 1987//1938
f 1946//1897 1987//1938 1947//1898
f 1986//1937 332//332 333//333
f 1986//1937 333//333 1988//1939
f 1947//1898 1987//1938 1989//1940
f 1947//1898 1989//1940 1948//1899
f 1988//1939 333//333 334//334
f 1988//1939 334//334 1990//1941
f 1948//1899 1989//1940 1991//1942
f 1948//1899 1991//1942 1949//1900
f 1990//1941 334//334 335//335
f 1990//1941 335//335 1992//1943
f 1949//1900 1991//1942 1955//1906
f 1949//1900 1955//1906 1950//1901
f 1992//1943 335//335 336//336
f 1992//1943 336//336 1953//1904
f 1993//1944 337//337 357//357
f 1993//1944 357//357 1994//1945
f 1995//1946 1993//1944 1994//1945
f 1995//1946 1994//1945 1996//1947
f 1997//1948 1998//1949 1999//1950
f 1997//1948 1999//1950 2000//1951
f 1998//1949 2001//1952 2002//1953
f 1998//1949 2002//1953 1999//1950
f 337//337 1993//1944 2003//1954
f 337//337 2003//1954 338//338
f 1993//1944 1995//1946 2004//1955
f 1993//1944 2004//1955 2003//1954
f 2005//1952 2006//1956 2007//1957
f 2005//1952 2007//1957 2008//1958
f 2006//1956 2009//1959 2010//1960
f 2006//1956 2010//1960 2007//1957
f 338//338 2003//1954 2011//1961
f 338//338 2011//1961 340//340
f 2003//1954 2004//1955 2012//1962
f 2003//1954 2012//1962 2011//1961
f 2008//1958 2007//1957 2013//1963
f 2008//1958 2013//1963 2014//1964
f 2007//1957 2010//1960 2015//1965
f 2007//1957 2015//1965 2013//1963
f 340//340 2011//1961 2016//1966
f 340//340 2016//1966 341//341
f 2011//1961 2012//1962 2017//1967
f 2011//1961 2017//1967 2016//1966
f 2014//1964 2013//1963 2018//1968
f 2014//1964 2018//1968 2019//1969
f 2013//1963 2015//1965 2020//1970
f 2013//1963 2020//1970 2018//1968
f 341//341 2016//1966 2021//1971
f 341//341 2021//1971 342//342
f 2016//1966 2017//1967 2022//1972
f 2016//1966 2022//1972 2021//1971
f 2019//1969 2018//1968 2023//1973
f 2019//1969 2023//1973 2024//1974
f 2018//1968 2020//1970 2025//1975
f 2018//1968 2025//1975 2023//1973
f 342//342 2021//1971 2026//1976
f 342//342 2026//1976 343//343
f 2021//1971 2022//1972 2027//1977
f 2021//1971 2027//1977 2026//1976
f 2024//1974 2023//1973 2028//1978
f 2024//1974 2028//1978 2029//1979
f 2023//1973 2025//1975 2030//1980
f 2023//1973 2030//1980 2028//1978
f 343//343 2026//1976 2031//1981
f 343//343 2031//1981 344//344
f 2026//1976 2027//1977 2032//1982
f 2026//1976 2032//1982 2031//1981
f 2029//1979 2028//1978 2033//1983
f 2029//1979 2033//1983 2034//1984
f 2028//1978 2030//1980 2035//1985
f 2028//1978 2035//1985 2033//1983
f 344//344 2031//1981 2036//1986
f 344//344 2036//1986 345//345
f 2031//1981 2032//1982 2037//1987
f 2031//1981 2037//1987 2036//1986
f 2034//1984 2033//1983 2038//1988
f 2034//1984 2038//1988 2039//1989
f 2033//1983 2035//1985 2040//1990
f 2033//1983 2040//1990 2038//1988
f 345//345 2036//1986 2041//1991
f 345//345 2041//1991 346//346
f 2036//1986 2037//1987 2042//1992
f 2036//1986 2042//1992 2041//1991
f 2039//1989 2038//1988 2043//1993
f 2039//1989 2043//1993 2044//1994
f 2038//1988 2040//1990 2045//1995
f 2038//1988 2045//1995 2043//1993
f 346//346 2041//1991 2046//1996
f 346//346 2046//1996 347//347
f 2041//1991 2042//1992 2047//1997
f 2041//1991 2047//1997 2046//1996
f 2044//1994 2043//1993 2048//1998
f 2044//1994 2048//1998 2049//1999
f 2043//1993 2045//1995 2050//2000
f 2043//1993 2050//2000 2048//1998
f 347//347 2046//1996 2051//2001
f 347//347 2051//2001 348//348
f 2046//1996 2047//1997 2052//2002
f 2046//1996 2052//2002 2051//2001
f 2049//1999 2048//1998 2053//2003
f 2049//1999 2053//2003 2054//2004
f 2048//1998 2050//2000 2055//2005
f 2048//1998 2055//2005 2053//2003
f 348//348 2051//2001 2056//2006
f 348//348 2056//2006 349//349
f 2051//2001 2052//2002 2057//2007
f 2051//2001 2057//2007 2056//2006
f 2054//2004 2053//2003 2058//2008
f 2054//2004 2058//2008 2059//2009
f 2053//2003 2055//2005 2060//2010
f 2053//2003 2060//2010 2058//2008
f 349//349 2056//2006 2061//2011
f 349//349 2061//2011 350//350
f 2056//2006 2057//2007 2062//2012
f 2056//2006 2062//2012 2061//2011
f 2059//2009 2058//2008 2063//2013
f 2059//2009 2063//2013 2064//2014
f 2058//2008 2060//2010 2065//2015
f 2058//2008 2065//2015 2063//2013
f 350//350 2061//2011 2066//2016
f 350//350 2066//2016 351//351
f 2061//2011 2062//2012 2067//2017
f 2061//2011 2067//2017 2066//2016
f 2064//2014 2063//2013 2068//2018
f 2064//2014 2068//2018 2069//2019
f 2063//2013 2065//2015 2070//2020
f 2063//2013 2070//2020 2068//2018
f 351//351 2066//2016 2071//2021
f 351//351 2071//2021 352//352
f 2066//2016 2067//2017 2072//2022
f 2066//2016 2072//2022 2071//2021
f 2069//2019 2068//2018 2073//2023
f 2069//2019 2073//2023 2074//2024
f 2068//2018 2070//2020 2075//2025
f 2068//2018 2075//2025 2073//2023
f 352//352 2071//2021 2076//2026
f 352//352 2076//2026 353//353
f 2071//2021 2072//2022 2077//2027
f 2071//2021 2077//2027 2076//2026
f 2074//2024 2073//2023 2078//2028
f 2074//2024 2078//2028 2079//2027
f 2073//2023 2075//2025 2080//2029
f 2073//2023 2080//2029 2078//2028
f 353//353 2076//2026 2081//2030
f 353//353 2081//2030 354//354
f 2076//2026 2077//2027 2082//2031
f 2076//2026 2082//2031 2081//2030
f 2079//2027 2078//2028 2083//2032
f 2079//2027 2083//2032 2084//2033
f 2078//2028 2080//2029 2085//2034
f 2078//2028 2085//2034 2083//2032
f 354//354 2081//2030 2086//2035
f 354//354 2086//2035 355//355
f 2081//2030 2082//2031 2087//2036
f 2081//2030 2087//2036 2086//2035
f 2084//2033 2083//2032 2088//2037
f 2084//2033 2088//2037 2089//2036
f 2083//2032 2085//2034 2090//2038
f 2083//2032 2090//2038 2088//2037
f 355//355 2086//2035 2091//2039
f 355//355 2091//2039 356//356
f 2086//2035 2087//2036 2092//2040
f 2086//2035 2092//2040 2091//2039
f 2089//2036 2088//2037 2093//2041
f 2089//2036 2093//2041 2094//2042
f 2088//2037 2090//2038 2095//2043
f 2088//2037 2095//2043 2093//2041
f 356//356 2091//2039 1994//1945
f 356//356 1994//1945 357//357
f 2091//2039 2092//2040 1996//1947
f 2091//2039 1996//1947 1994//1945
f 2094//2042 2093//2041 1999//1950
f 2094//2042 1999//1950 2002//1953
f 2093//2041 2095//2043 2000//1951
f 2093//2041 2000//1951 1999//1950
f 2096//2044 2097//2045 2010//1960
f 2096//2044 2010//1960 2009//1959
f 2097//2045 2098//2046 2015//1965
f 2097//2045 2015//1965 2010//1960
f 2098//2046 2099//2047 2020//1970
f 2098//2046 2020//1970 2015//1965
f 2099//2047 2100//2048 2025//1975
f 2099//2047 2025//1975 2020//1970
f 2100//2048 2101//2049 2030//1980
f 2100//2048 2030//1980 2025//1975
f 2101//2049 2102//2050 2035//1985
f 2101//2049 2035//1985 2030//1980
f 2102//2050 2103//2051 2040//1990
f 2102//2050 2040//1990 2035//1985
f 2103//2051 2104//2052 2045//1995
f 2103//2051 2045//1995 2040//1990
f 2104//2052 2105//2053 2050//2000
f 2104//2052 2050//2000 2045//1995
f 2105//2053 2106//2054 2055//2005
f 2105//2053 2055//2005 2050//2000
f 2106//2054 2107//2055 2060//2010
f 2106//2054 2060//2010 2055//2005
f 2107//2055 2108//2056 2065//2015
f 2107//2055 2065//2015 2060//2010
f 2108//2056 2109//2057 2070//2020
f 2108//2056 2070//2020 2065//2015
f 2109//2057 2110//2058 2075//2025
f 2109//2057 2075//2025 2070//2020
f 2110//2058 2111//2059 2080//2029
f 2110//2058 2080//2029 2075//2025
f 2111//2059 2112//2060 2085//2034
f 2111//2059 2085//2034 2080//2029
f 2112//2060 2113//2061 2090//2038
f 2112//2060 2090//2038 2085//2034
f 2113//2061 2114//2062 2095//2043
f 2113//2061 2095//2043 2090//2038
f 2114//2062 2115//2063 2000//1951
f 2114//2062 2000//1951 2095//2043
f 2115//2063 2116//2064 1997//1948
f 2115//2063 1997//1948 2000//1951
f 359//359 2117//2065 2118//2066
f 359//359 2118//2066 378//378
f 2119//2067 2116//2064 2115//2063
f 2119//2067 2115//2063 2120//2068
f 2096//2044 2121//2069 2122//2070
f 2096//2044 2122//2070 2097//2045
f 2117//2065 359//359 358//358
f 2117//2065 358//358 2123//2071
f 2097//2045 2122//2070 2124//2072
f 2097//2045 2124//2072 2098//2046
f 2123//2071 358//358 361//361
f 2123//2071 361//361 2125//2073
f 2098//2046 2124//2072 2126//2074
f 2098//2046 2126//2074 2099//2047
f 2125//2073 361//361 362//362
f 2125//2073 362//362 2127//2075
f 2099//2047 2126//2074 2128//2076
f 2099//2047 2128//2076 2100//2048
f 2127//2075 362//362 363//363
f 2127//2075 363//363 2129//2077
f 2100//2048 2128//2076 2130//2078
f 2100//2048 2130//2078 2101//2049
f 2129//2077 363//363 364//364
f 2129//2077 364//364 2131//2079
f 2101//2049 2130//2078 2132//2080
f 2101//2049 2132//2080 2102//2050
f 2131//2079 364//364 365//365
f 2131//2079 365//365 2133//2081
f 2102//2050 2132//2080 2134//2082
f 2102//2050 2134//2082 2103//2051
f 2133//2081 365//365 366//366
f 2133//2081 366//366 2135//2083
f 2103//2051 2134//2082 2136//2084
f 2103//2051 2136//2084 2104//2052
f 2135//2083 366//366 367//367
f 2135//2083 367//367 2137//2085
f 2104//2052 2136//2084 2138//2086
f 2104//2052 2138//2086 2105//2053
f 2137//2085 367//367 368//368
f 2137//2085 368//368 2139//2087
f 2105//2053 2138//2086 2140//2088
f 2105//2053 2140//2088 2106//2054
f 2139//2087 368//368 369//369
f 2139//2087 369//369 2141//2089
f 2106//2054 2140//2088 2142//2090
f 2106//2054 2142//2090 2107//2055
f 2141//2089 369//369 370//370
f 2141//2089 370//370 2143//2091
f 2107//2055 2142//2090 2144//2092
f 2107//2055 2144//2092 2108//2056
f 2143//2091 370//370 371//371
f 2143//2091 371//371 2145//2093
f 2108//2056 2144//2092 2146//2094
f 2108//2056 2146//2094 2109//2057
f 2145//2093 371//371 372//372
f 2145//2093 372//372 2147//2095
f 2109//2057 2146//2094 2148//2096
f 2109//2057 2148//2096 2110//2058
f 2147//2095 372//372 373//373
f 2147//2095 373//373 2149//2097
f 2110//2058 2148//2096 2150//2098
f 2110//2058 2150//2098 2111//2059
f 2149//2097 373//373 374//374
f 2149//2097 374//374 2151//2099
f 2111//2059 2150//2098 2152//2100
f 2111//2059 2152//2100 2112//2060
f 2151//2099 374//374 375//375
f 2151//2099 375//375 2153//2101
f 2112//2060 2152//2100 2154//2102
f 2112//2060 2154//2102 2113//2061
f 2153//2101 375//375 376//376
f 2153//2101 376//376 2155//2103
f 2113//2061 2154//2102 2156//2104
f 2113//2061 2156//2104 2114//2062
f 2155//2103 376//376 377//377
f 2155//2103 377//377 2157//2105
f 2114//2062 2156//2104 2120//2068
f 2114//2062 2120//2068 2115//2063
f 2157//2105 377//377 378//378
f 2157//2105 378//378 2118//2066
f 2158//2106 379//379 399//399
f 2158//2106 399//399 2159//2107
f 2160//2108 2158//2106 2159//2107
f 2160//2108 2159//2107 2161//2109
f 2162//2110 2163//2111 2164//2112
f 2162//2110 2164//2112 2165//2113
f 2163//2111 2166//2114 2167//2115
f 2163//2111 2167//2115 2164//2112
f 379//379 2158//2106 2168//2116
f 379//379 2168//2116 380//380
f 2158//2106 2160//2108 2169//2117
f 2158//2106 2169//2117 2168//2116
f 2170//2118 2171//2119 2172//2120
f 2170//2118 2172//2120 2173//2121
f 2171//2119 2174//2122 2175//2123
f 2171//2119 2175//2123 2172//2120
f 380//380 2168//2116 2176//2124
f 380//380 2176//2124 382//382
f 2168//2116 2169//2117 2177//2125
f 2168//2116 2177//2125 2176//2124
f 2173//2121 2172//2120 2178//2126
f 2173//2121 2178//2126 2179//2127
f 2172//2120 2175//2123 2180//2128
f 2172//2120 2180//2128 2178//2126
f 382//382 2176//2124 2181//2129
f 382//382 2181//2129 383//383
f 2176//2124 2177//2125 2182//2130
f 2176//2124 2182//2130 2181//2129
f 2179//2127 2178//2126 2183//2131
f 2179//2127 2183//2131 2184//2132
f 2178//2126 2180//2128 2185//2133
f 2178//2126 2185//2133 2183//2131
f 383//383 2181//2129 2186//2134
f 383//383 2186//2134 384//384
f 2181//2129 2182//2130 2187//2135
f 2181//2129 2187//2135 2186//2134
f 2184//2132 2183//2131 2188//2136
f 2184//2132 2188//2136 2189//2137
f 2183//2131 2185//2133 2190//2138
f 2183//2131 2190//2138 2188//2136
f 384//384 2186//2134 2191//2139
f 384//384 2191//2139 385//385
f 2186//2134 2187//2135 2192//2140
f 2186//2134 2192//2140 2191//2139
f 2189//2137 2188//2136 2193//2141
f 2189//2137 2193//2141 2194//2140
f 2188//2136 2190//2138 2195//2142
f 2188//2136 2195//2142 2193//2141
f 385//385 2191//2139 2196//2143
f 385//385 2196//2143 386//386
f 2191//2139 2192//2140 2197//2144
f 2191//2139 2197//2144 2196//2143
f 2194//2140 2193//2141 2198//2145
f 2194//2140 2198//2145 2199//2144
f 2193//2141 2195//2142 2200//2146
f 2193//2141 2200//2146 2198//2145
f 386//386 2196//2143 2201//2147
f 386//386 2201//2147 387//387
f 2196//2143 2197//2144 2202//2148
f 2196//2143 2202//2148 2201//2147
f 2199//2144 2198//2145 2203//2149
f 2199//2144 2203//2149 2204//2148
f 2198//2145 2200//2146 2205//2150
f 2198//2145 2205//2150 2203//2149
f 387//387 2201//2147 2206//2151
f 387//387 2206//2151 388//388
f 2201//2147 2202//2148 2207//2152
f 2201//2147 2207//2152 2206//2151
f 2204//2148 2203//2149 2208//2153
f 2204//2148 2208//2153 2209//2152
f 2203//2149 2205//2150 2210//2154
f 2203//2149 2210//2154 2208//2153
f 388//388 2206//2151 2211//2155
f 388//388 2211//2155 389//389
f 2206//2151 2207//2152 2212//2156
f 2206//2151 2212//2156 2211//2155
f 2209//2152 2208//2153 2213//2157
f 2209//2152 2213//2157 2214//2156
f 2208//2153 2210//2154 2215//2158
f 2208//2153 2215//2158 2213//2157
f 389//389 2211//2155 2216//2159
f 389//389 2216//2159 390//390
f 2211//2155 2212//2156 2217//2160
f 2211//2155 2217//2160 2216//2159
f 2214//2156 2213//2157 2218//2161
f 2214//2156 2218//2161 2219//2162
f 2213//2157 2215//2158 2220//2163
f 2213//2157 2220//2163 2218//2161
f 390//390 2216//2159 2221//2164
f 390//390 2221//2164 391//391
f 2216//2159 2217//2160 2222//2165
f 2216//2159 2222//2165 2221//2164
f 2219//2162 2218//2161 2223//2166
f 2219//2162 2223//2166 2224//2167
f 2218//2161 2220//2163 2225//2168
f 2218//2161 2225//2168 2223//2166
f 391//391 2221//2164 2226//2169
f 391//391 2226//2169 392//392
f 2221//2164 2222//2165 2227//2170
f 2221//2164 2227//2170 2226//2169
f 2224//2167 2223//2166 2228//2171
f 2224//2167 2228//2171 2229//2172
f 2223//2166 2225//2168 2230//2173
f 2223//2166 2230//2173 2228//2171
f 392//392 2226//2169 2231//2174
f 392//392 2231//2174 393//393
f 2226//2169 2227//2170 2232//2175
f 2226//2169 2232//2175 2231//2174
f 2229//2172 2228//2171 2233//2176
f 2229//2172 2233//2176 2234//2177
f 2228//2171 2230//2173 2235//2178
f 2228//2171 2235//2178 2233//2176
f 393//393 2231//2174 2236//2179
f 393//393 2236//2179 394//394
f 2231//2174 2232//2175 2237//2180
f 2231//2174 2237//2180 2236//2179
f 2234//2177 2233//2176 2238//2181
f 2234//2177 2238//2181 2239//2182
f 2233//2176 2235//2178 2240//2183
f 2233//2176 2240//2183 2238//2181
f 394//394 2236//2179 2241//2184
f 394//394 2241//2184 395//395
f 2236//2179 2237//2180 2242//2185
f 2236//2179 2242//2185 2241//2184
f 2239//2182 2238//2181 2243//2186
f 2239//2182 2243//2186 2244//2187
f 2238//2181 2240//2183 2245//2188
f 2238//2181 2245//2188 2243//2186
f 395//395 2241//2184 2246//2189
f 395//395 2246//2189 396//396
f 2241//2184 2242//2185 2247//2190
f 2241//2184 2247//2190 2246//2189
f 2244//2187 2243//2186 2248//2191
f 2244//2187 2248//2191 2249//2192
f 2243//2186 2245//2188 2250//2193
f 2243//2186 2250//2193 2248//2191
f 396//396 2246//2189 2251//2194
f 396//396 2251//2194 397//397
f 2246//2189 2247//2190 2252//2195
f 2246//2189 2252//2195 2251//2194
f 2249//2192 2248//2191 2253//2196
f 2249//2192 2253//2196 2254//2197
f 2248//2191 2250//2193 2255//2198
f 2248//2191 2255//2198 2253//2196
f 397//397 2251//2194 2256//2199
f 397//397 2256//2199 398//398
f 2251//2194 2252//2195 2257//2200
f 2251//2194 2257//2200 2256//2199
f 2254//2197 2253//2196 2258//2201
f 2254//2197 2258//2201 2259//2202
f 2253//2196 2255//2198 2260//2203
f 2253//2196 2260//2203 2258//2201
f 398//398 2256//2199 2159//2107
f 398//398 2159//2107 399//399
f 2256//2199 2257//2200 2161//2109
f 2256//2199 2161//2109 2159//2107
f 2259//2202 2258//2201 2164//2112
f 2259//2202 2164//2112 2167//2115
f 2258//2201 2260//2203 2165//2113
f 2258//2201 2165//2113 2164//2112
f 2261//2204 2262//2205 2175//2123
f 2261//2204 2175//2123 2174//2122
f 2262//2205 2263//2206 2180//2128
f 2262//2205 2180//2128 2175//2123
f 2263//2206 2264//2207 2185//2133
f 2263//2206 2185//2133 2180//2128
f 2264//2207 2265//2208 2190//2138
f 2264//2207 2190//2138 2185//2133
f 2265//2208 2266//2209 2195//2142
f 2265//2208 2195//2142 2190//2138
f 2266//2209 2267//2210 2200//2146
f 2266//2209 2200//2146 2195//2142
f 2267//2210 2268//2211 2205//2150
f 2267//2210 2205//2150 2200//2146
f 2268//2211 2269//2212 2210//2154
f 2268//2211 2210//2154 2205//2150
f 2269//2212 2270//2213 2215//2158
f 2269//2212 2215//2158 2210//2154
f 2270//2213 2271//2214 2220//2163
f 2270//2213 2220//2163 2215//2158
f 2271//2214 2272//2215 2225//2168
f 2271//2214 2225//2168 2220//2163
f 2272//2215 2273//2216 2230//2173
f 2272//2215 2230//2173 2225//2168
f 2273//2216 2274//2217 2235//2178
f 2273//2216 2235//2178 2230//2173
f 2274//2217 2275//2218 2240//2183
f 2274//2217 2240//2183 2235//2178
f 2275//2218 2276//2219 2245//2188
f 2275//2218 2245//2188 2240//2183
f 2276//2219 2277//2220 2250//2193
f 2276//2219 2250//2193 2245//2188
f 2277//2220 2278//2221 2255//2198
f 2277//2220 2255//2198 2250//2193
f 2278//2221 2279//2222 2260//2203
f 2278//2221 2260//2203 2255//2198
f 2279//2222 2280//2223 2165//2113
f 2279//2222 2165//2113 2260//2203
f 2280//2223 2281//2204 2162//2110
f 2280//2223 2162//2110 2165//2113
f 401//401 2282//2224 2283//2225
f 401//401 2283//2225 420//420
f 2284//2226 2281//2204 2280//2223
f 2284//2226 2280//2223 2285//2227
f 2261//2204 2286//2228 2287//2229
f 2261//2204 2287//2229 2262//2205
f 2282//2224 401//401 400//400
f 2282//2224 400//400 2288//2230
f 2262//2205 2287//2229 2289//2231
f 2262//2205 2289//2231 2263//2206
f 2288//2230 400//400 403//403
f 2288//2230 403//403 2290//2232
f 2263//2206 2289//2231 2291//2233
f 2263//2206 2291//2233 2264//2207
f 2290//2232 403//403 404//404
f 2290//2232 404//404 2292//2234
f 2264//2207 2291//2233 2293//2235
f 2264//2207 2293//2235 2265//2208
f 2292//2234 404//404 405//405
f 2292//2234 405//405 2294//2236
f 2265//2208 2293//2235 2295//2237
f 2265//2208 2295//2237 2266//2209
f 2294//2236 405//405 406//406
f 2294//2236 406//406 2296//2238
f 2266//2209 2295//2237 2297//2239
f 2266//2209 2297//2239 2267//2210
f 2296//2238 406//406 407//407
f 2296//2238 407//407 2298//2240
f 2267//2210 2297//2239 2299//2241
f 2267//2210 2299//2241 2268//2211
f 2298//2240 407//407 408//408
f 2298//2240 408//408 2300//2242
f 2268//2211 2299//2241 2301//2243
f 2268//2211 2301//2243 2269//2212
f 2300//2242 408//408 409//409
f 2300//2242 409//409 2302//2244
f 2269//2212 2301//2243 2303//2245
f 2269//2212 2303//2245 2270//2213
f 2302//2244 409//409 410//410
f 2302//2244 410//410 2304//2246
f 2270//2213 2303//2245 2305//2247
f 2270//2213 2305//2247 2271//2214
f 2304//2246 410//410 411//411
f 2304//2246 411//411 2306//2248
f 2271//2214 2305//2247 2307//2249
f 2271//2214 2307//2249 2272//2215
f 2306//2248 411//411 412//412
f 2306//2248 412//412 2308//2250
f 2272//2215 2307//2249 2309//2251
f 2272//2215 2309//2251 2273//2216
f 2308//2250 412//412 413//413
f 2308//2250 413//413 2310//2252
f 2273//2216 2309//2251 2311//2253
f 2273//2216 2311//2253 2274//2217
f 2310//2252 413//413 414//414
f 2310//2252 414//414 2312//2254
f 2274//2217 2311//2253 2313//2255
f 2274//2217 2313//2255 2275//2218
f 2312//2254 414//414 415//415
f 2312//2254 415//415 2314//2256
f 2275//2218 2313//2255 2315//2257
f 2275//2218 2315//2257 2276//2219
f 2314//2256 415//415 416//416
f 2314//2256 416//416 2316//2258
f 2276//2219 2315//2257 2317//2259
f 2276//2219 2317//2259 2277//2220
f 2316//2258 416//416 417//417
f 2316//2258 417//417 2318//2260
f 2277//2220 2317//2259 2319//2261
f 2277//2220 2319//2261 2278//2221
f 2318//2260 417//417 418//418
f 2318//2260 418//418 2320//2262
f 2278//2221 2319//2261 2321//2263
f 2278//2221 2321//2263 2279//2222
f 2320//2262 418//418 419//419
f 2320//2262 419//419 2322//2264
f 2279//2222 2321//2263 2285//2227
f 2279//2222 2285//2227 2280//2223
f 2322//2264 419//419 420//420
f 2322//2264 420//420 2283//2225
f 2323//2265 421//421 441//441
f 2323//2265 441//441 2324//2266
f 2325//2267 2323//2265 2324//2266
f 2325//2267 2324//2266 2326//2268
f 2327//2269 2328//2270 2329//2271
f 2327//2269 2329//2271 2330//2272
f 2328//2270 2331//2273 2332//2274
f 2328//2270 2332//2274 2329//2271
f 421//421 2323//2265 2333//2275
f 421//421 2333//2275 422//422
f 2323//2265 2325//2267 2334//2276
f 2323//2265 2334//2276 2333//2275
f 2335//2277 2336//2278 2337//2279
f 2335//2277 2337//2279 2338//2280
f 2336//2278 2339//2281 2340//2282
f 2336//2278 2340//2282 2337//2279
f 422//422 2333//2275 2341//2283
f 422//422 2341//2283 424//424
f 2333//2275 2334//2276 2342//2284
f 2333//2275 2342//2284 2341//2283
f 2338//2280 2337//2279 2343//2285
f 2338//2280 2343//2285 2344//2286
f 2337//2279 2340//2282 2345//2287
f 2337//2279 2345//2287 2343//2285
f 424//424 2341//2283 2346//2288
f 424//424 2346//2288 425//425
f 2341//2283 2342//2284 2347//2289
f 2341//2283 2347//2289 2346//2288
f 2344//2286 2343//2285 2348//2290
f 2344//2286 2348//2290 2349//2291
f 2343//2285 2345//2287 2350//2292
f 2343//2285 2350//2292 2348//2290
f 425//425 2346//2288 2351//2293
f 425//425 2351//2293 426//426
f 2346//2288 2347//2289 2352//2294
f 2346//2288 2352//2294 2351//2293
f 2349//2291 2348//2290 2353//2295
f 2349//2291 2353//2295 2354//2296
f 2348//2290 2350//2292 2355//2297
f 2348//2290 2355//2297 2353//2295
f 426//426 2351//2293 2356//2298
f 426//426 2356//2298 427//427
f 2351//2293 2352//2294 2357//2299
f 2351//2293 2357//2299 2356//2298
f 2354//2296 2353//2295 2358//2300
f 2354//2296 2358//2300 2359//2301
f 2353//2295 2355//2297 2360//2302
f 2353//2295 2360//2302 2358//2300
f 427//427 2356//2298 2361//2303
f 427//427 2361//2303 428//428
f 2356//2298 2357//2299 2362//2304
f 2356//2298 2362//2304 2361//2303
f 2359//2301 2358//2300 2363//2305
f 2359//2301 2363//2305 2364//2304
f 2358//2300 2360//2302 2365//2306
f 2358//2300 2365//2306 2363//2305
f 428//428 2361//2303 2366//2307
f 428//428 2366//2307 429//429
f 2361//2303 2362//2304 2367//2308
f 2361//2303 2367//2308 2366//2307
f 2364//2304 2363//2305 2368//2309
f 2364//2304 2368//2309 2369//2310
f 2363//2305 2365//2306 2370//2311
f 2363//2305 2370//2311 2368//2309
f 429//429 2366//2307 2371//2312
f 429//429 2371//2312 430//430
f 2366//2307 2367//2308 2372//2313
f 2366//2307 2372//2313 2371//2312
f 2369//2310 2368//2309 2373//2314
f 2369//2310 2373//2314 2374//2315
f 2368//2309 2370//2311 2375//2316
f 2368//2309 2375//2316 2373//2314
f 430//430 2371//2312 2376//2317
f 430//430 2376//2317 431//431
f 2371//2312 2372//2313 2377//2318
f 2371//2312 2377//2318 2376//2317
f 2374//2315 2373//2314 2378//2319
f 2374//2315 2378//2319 2379//2320
f 2373//2314 2375//2316 2380//2321
f 2373//2314 2380//2321 2378//2319
f 431//431 2376//2317 2381//2322
f 431//431 2381//2322 432//432
f 2376//2317 2377//2318 2382//2323
f 2376//2317 2382//2323 2381//2322
f 2379//2320 2378//2319 2383//2324
f 2379//2320 2383//2324 2384//2323
f 2378//2319 2380//2321 2385//2325
f 2378//2319 2385//2325 2383//2324
f 432//432 2381//2322 2386//2326
f 432//432 2386//2326 433//433
f 2381//2322 2382//2323 2387//2327
f 2381//2322 2387//2327 2386//2326
f 2384//2323 2383//2324 2388//2328
f 2384//2323 2388//2328 2389//2329
f 2383//2324 2385//2325 2390//2330
f 2383//2324 2390//2330 2388//2328
f 433//433 2386//2326 2391//2331
f 433//433 2391//2331 434//434
f 2386//2326 2387//2327 2392//2332
f 2386//2326 2392//2332 2391//2331
f 2389//2329 2388//2328 2393//2333
f 2389//2329 2393//2333 2394//2334
f 2388//2328 2390//2330 2395//2335
f 2388//2328 2395//2335 2393//2333
f 434//434 2391//2331 2396//2336
f 434//434 2396//2336 435//435
f 2391//2331 2392//2332 2397//2337
f 2391//2331 2397//2337 2396//2336
f 2394//2334 2393//2333 2398//2338
f 2394//2334 2398//2338 2399//2339
f 2393//2333 2395//2335 2400//2340
f 2393//2333 2400//2340 2398//2338
f 435//435 2396//2336 2401//2341
f 435//435 2401//2341 436//436
f 2396//2336 2397//2337 2402//2342
f 2396//2336 2402//2342 2401//2341
f 2399//2339 2398//2338 2403//2343
f 2399//2339 2403//2343 2404//2344
f 2398//2338 2400//2340 2405//2345
f 2398//2338 2405//2345 2403//2343
f 436//436 2401//2341 2406//2346
f 436//436 2406//2346 437//437
f 2401//2341 2402//2342 2407//2347
f 2401//2341 2407//2347 2406//2346
f 2404//2344 2403//2343 2408//2348
f 2404//2344 2408//2348 2409//2349
f 2403//2343 2405//2345 2410//2350
f 2403//2343 2410//2350 2408//2348
f 437//437 2406//2346 2411//2351
f 437//437 2411//2351 438//438
f 2406//2346 2407//2347 2412//2352
f 2406//2346 2412//2352 2411//2351
f 2409//2349 2408//2348 2413//2353
f 2409//2349 2413//2353 2414//2354
f 2408//2348 2410//2350 2415//2355
f 2408//2348 2415//2355 2413//2353
f 438//438 2411//2351 2416//2356
f 438//438 2416//2356 439//439
f 2411//2351 2412//2352 2417//2357
f 2411//2351 2417//2357 2416//2356
f 2414//2354 2413//2353 2418//2358
f 2414//2354 2418//2358 2419//2357
f 2413//2353 2415//2355 2420//2359
f 2413//2353 2420//2359 2418//2358
f 439//439 2416//2356 2421//2360
f 439//439 2421//2360 440//440
f 2416//2356 2417//2357 2422//2361
f 2416//2356 2422//2361 2421//2360
f 2419//2357 2418//2358 2423//2362
f 2419//2357 2423//2362 2424//2363
f 2418//2358 2420//2359 2425//2364
f 2418//2358 2425//2364 2423//2362
f 440//440 2421//2360 2324//2266
f 440//440 2324//2266 441//441
f 2421//2360 2422//2361 2326//2268
f 2421//2360 2326//2268 2324//2266
f 2424//2363 2423//2362 2329//2271
f 2424//2363 2329//2271 2332//2274
f 2423//2362 2425//2364 2330//2272
f 2423//2362 2330//2272 2329//2271
f 2426//2365 2427//2366 2340//2282
f 2426//2365 2340//2282 2339//2281
f 2427//2366 2428//2367 2345//2287
f 2427//2366 2345//2287 2340//2282
f 2428//2367 2429//2368 2350//2292
f 2428//2367 2350//2292 2345//2287
f 2429//2368 2430//2369 2355//2297
f 2429//2368 2355//2297 2350//2292
f 2430//2369 2431//2370 2360//2302
f 2430//2369 2360//2302 2355//2297
f 2431//2370 2432//2371 2365//2306
f 2431//2370 2365//2306 2360//2302
f 2432//2371 2433//2372 2370//2311
f 2432//2371 2370//2311 2365//2306
f 2433//2372 2434//2373 2375//2316
f 2433//2372 2375//2316 2370//2311
f 2434//2373 2435//2374 2380//2321
f 2434//2373 2380//2321 2375//2316
f 2435//2374 2436//2375 2385//2325
f 2435//2374 2385//2325 2380//2321
f 2436//2375 2437//2376 2390//2330
f 2436//2375 2390//2330 2385//2325
f 2437//2376 2438//2377 2395//2335
f 2437//2376 2395//2335 2390//2330
f 2438//2377 2439//2378 2400//2340
f 2438//2377 2400//2340 2395//2335
f 2439//2378 2440//2379 2405//2345
f 2439//2378 2405//2345 2400//2340
f 2440//2379 2441//2380 2410//2350
f 2440//2379 2410//2350 2405//2345
f 2441//2380 2442//2381 2415//2355
f 2441//2380 2415//2355 2410//2350
f 2442//2381 2443//2382 2420//2359
f 2442//2381 2420//2359 2415//2355
f 2443//2382 2444//2383 2425//2364
f 2443//2382 2425//2364 2420//2359
f 2444//2383 2445//2384 2330//2272
f 2444//2383 2330//2272 2425//2364
f 2445//2384 2446//2385 2327//2269
f 2445//2384 2327//2269 2330//2272
f 443//443 2447//2386 2448//2387
f 443//443 2448//2387 462//462
f 2449//2388 2446//2385 2445//2384
f 2449//2388 2445//2384 2450//2389
f 2426//2365 2451//2390 2452//2391
f 2426//2365 2452//2391 2427//2366
f 2447//2386 443//443 442//442
f 2447//2386 442//442 2453//2392
f 2427//2366 2452//2391 2454//2393
f 2427//2366 2454//2393 2428//2367
f 2453//2392 442//442 445//445
f 2453//2392 445//445 2455//2394
f 2428//2367 2454//2393 2456//2395
f 2428//2367 2456//2395 2429//2368
f 2455//2394 445//445 446//446
f 2455//2394 446//446 2457//2396
f 2429//2368 2456//2395 2458//2397
f 2429//2368 2458//2397 2430//2369
f 2457//2396 446//446 447//447
f 2457//2396 447//447 2459//2398
f 2430//2369 2458//2397 2460//2399
f 2430//2369 2460//2399 2431//2370
f 2459//2398 447//447 448//448
f 2459//2398 448//448 2461//2400
f 2431//2370 2460//2399 2462//2401
f 2431//2370 2462//2401 2432//2371
f 2461//2400 448//448 449//449
f 2461//2400 449//449 2463//2402
f 2432//2371 2462//2401 2464//2403
f 2432//2371 2464//2403 2433//2372
f 2463//2402 449//449 450//450
f 2463//2402 450//450 2465//2404
f 2433//2372 2464//2403 2466//2405
f 2433//2372 2466//2405 2434//2373
f 2465//2404 450//450 451//451
f 2465//2404 451//451 2467//2406
f 2434//2373 2466//2405 2468//2407
f 2434//2373 2468//2407 2435//2374
f 2467//2406 451//451 452//452
f 2467//2406 452//452 2469//2408
f 2435//2374 2468//2407 2470//2409
f 2435//2374 2470//2409 2436//2375
f 2469//2408 452//452 453//453
f 2469//2408 453//453 2471//2410
f 2436//2375 2470//2409 2472//2411
f 2436//2375 2472//2411 2437//2376
f 2471//2410 453//453 454//454
f 2471//2410 454//454 2473//2412
f 2437//2376 2472//2411 2474//2413
f 2437//2376 2474//2413 2438//2377
f 2473//2412 454//454 455//455
f 2473//2412 455//455 2475//2414
f 2438//2377 2474//2413 2476//2415
f 2438//2377 2476//2415 2439//2378
f 2475//2414 455//455 456//456
f 2475//2414 456//456 2477//2416
f 2439//2378 2476//2415 2478//2417
f 2439//2378 2478//2417 2440//2379
f 2477//2416 456//456 457//457
f 2477//2416 457//457 2479//2418
f 2440//2379 2478//2417 2480//2419
f 2440//2379 2480//2419 2441//2380
f 2479//2418 457//457 458//458
f 2479//2418 458//458 2481//2420
f 2441//2380 2480//2419 2482//2421
f 2441//2380 2482//2421 2442//2381
f 2481//2420 458//458 459//459
f 2481//2420 459//459 2483//2422
f 2442//2381 2482//2421 2484//2423
f 2442//2381 2484//2423 2443//2382
f 2483//2422 459//459 460//460
f 2483//2422 460//460 2485//2424
f 2443//2382 2484//2423 2486//2425
f 2443//2382 2486//2425 2444//2383
f 2485//2424 460//460 461//461
f 2485//2424 461//461 2487//2426
f 2444//2383 2486//2425 2450//2389
f 2444//2383 2450//2389 2445//2384
f 2487//2426 461//461 462//462
f 2487//2426 462//462 2448//2387
f 2488//2427 463//463 483//483
f 2488//2427 483//483 2489//2428
f 2490//2429 2488//2427 2489//2428
f 2490//2429 2489//2428 2491//2430
f 2492//2431 2493//2432 2494//2433
f 2492//2431 2494//2433 2495//2434
f 2493//2432 2496//2435 2497//2436
f 2493//2432 2497//2436 2494//2433
f 463//463 2488//2427 2498//2437
f 463//463 2498//2437 464//464
f 2488//2427 2490//2429 2499//2438
f 2488//2427 2499//2438 2498//2437
f 2500//2439 2501//2440 2502//2441
f 2500//2439 2502//2441 2503//2438
f 2501//2440 2504//2442 2505//2443
f 2501//2440 2505//2443 2502//2441
f 464//464 2498//2437 2506//2444
f 464//464 2506//2444 466//466
f 2498//2437 2499//2438 2507//2445
f 2498//2437 2507//2445 2506//2444
f 2503//2438 2502//2441 2508//2446
f 2503//2438 2508//2446 2509//2447
f 2502//2441 2505//2443 2510//2448
f 2502//2441 2510//2448 2508//2446
f 466//466 2506//2444 2511//2449
f 466//466 2511//2449 467//467
f 2506//2444 2507//2445 2512//2450
f 2506//2444 2512//2450 2511//2449
f 2509//2447 2508//2446 2513//2451
f 2509//2447 2513//2451 2514//2452
f 2508//2446 2510//2448 2515//2453
f 2508//2446 2515//2453 2513//2451
f 467//467 2511//2449 2516//2454
f 467//467 2516//2454 468//468
f 2511//2449 2512//2450 2517//2455
f 2511//2449 2517//2455 2516//2454
f 2514//2452 2513//2451 2518//2456
f 2514//2452 2518//2456 2519//2457
f 2513//2451 2515//2453 2520//2458
f 2513//2451 2520//2458 2518//2456
f 468//468 2516//2454 2521//2459
f 468//468 2521//2459 469//469
f 2516//2454 2517//2455 2522//2460
f 2516//2454 2522//2460 2521//2459
f 2519//2457 2518//2456 2523//2461
f 2519//2457 2523//2461 2524//2462
f 2518//2456 2520//2458 2525//2463
f 2518//2456 2525//2463 2523//2461
f 469//469 2521//2459 2526//2464
f 469//469 2526//2464 470//470
f 2521//2459 2522//2460 2527//2465
f 2521//2459 2527//2465 2526//2464
f 2524//2462 2523//2461 2528//2466
f 2524//2462 2528//2466 2529//2467
f 2523//2461 2525//2463 2530//2468
f 2523//2461 2530//2468 2528//2466
f 470//470 2526//2464 2531//2469
f 470//470 2531//2469 471//471
f 2526//2464 2527//2465 2532//2470
f 2526//2464 2532//2470 2531//2469
f 2529//2467 2528//2466 2533//2471
f 2529//2467 2533//2471 2534//2472
f 2528//2466 2530//2468 2535//2473
f 2528//2466 2535//2473 2533//2471
f 471//471 2531//2469 2536//2474
f 471//471 2536//2474 472//472
f 2531//2469 2532//2470 2537//2475
f 2531//2469 2537//2475 2536//2474
f 2534//2472 2533//2471 2538//2476
f 2534//2472 2538//2476 2539//2475
f 2533//2471 2535//2473 2540//2477
f 2533//2471 2540//2477 2538//2476
f 472//472 2536//2474 2541//2478
f 472//472 2541//2478 473//473
f 2536//2474 2537//2475 2542//2479
f 2536//2474 2542//2479 2541//2478
f 2539//2475 2538//2476 2543//2480
f 2539//2475 2543//2480 2544//2481
f 2538//2476 2540//2477 2545//2482
f 2538//2476 2545//2482 2543//2480
f 473//473 2541//2478 2546//2483
f 473//473 2546//2483 474//474
f 2541//2478 2542//2479 2547//2484
f 2541//2478 2547//2484 2546//2483
f 2544//2481 2543//2480 2548//2485
f 2544//2481 2548//2485 2549//2486
f 2543//2480 2545//2482 2550//2487
f 2543//2480 2550//2487 2548//2485
f 474//474 2546//2483 2551//2488
f 474//474 2551//2488 475//475
f 2546//2483 2547//2484 2552//2489
f 2546//2483 2552//2489 2551//2488
f 2549//2486 2548//2485 2553//2490
f 2549//2486 2553//2490 2554//2491
f 2548//2485 2550//2487 2555//2492
f 2548//2485 2555//2492 2553//2490
f 475//475 2551//2488 2556//2493
f 475//475 2556//2493 476//476
f 2551//2488 2552//2489 2557//2494
f 2551//2488 2557//2494 2556//2493
f 2554//2491 2553//2490 2558//2495
f 2554//2491 2558//2495 2559//2496
f 2553//2490 2555//2492 2560//2497
f 2553//2490 2560//2497 2558//2495
f 476//476 2556//2493 2561//2498
f 476//476 2561//2498 477//477
f 2556//2493 2557//2494 2562//2499
f 2556//2493 2562//2499 2561//2498
f 2559//2496 2558//2495 2563//2500
f 2559//2496 2563//2500 2564//2501
f 2558//2495 2560//2497 2565//2502
f 2558//2495 2565//2502 2563//2500
f 477//477 2561//2498 2566//2503
f 477//477 2566//2503 478//478
f 2561//2498 2562//2499 2567//2504
f 2561//2498 2567//2504 2566//2503
f 2564//2501 2563//2500 2568//2505
f 2564//2501 2568//2505 2569//2506
f 2563//2500 2565//2502 2570//2507
f 2563//2500 2570//2507 2568//2505
f 478//478 2566//2503 2571//2508
f 478//478 2571//2508 479//479
f 2566//2503 2567//2504 2572//2509
f 2566//2503 2572//2509 2571//2508
f 2569//2506 2568//2505 2573//2510
f 2569//2506 2573//2510 2574//2511
f 2568//2505 2570//2507 2575//2512
f 2568//2505 2575//2512 2573//2510
f 479//479 2571//2508 2576//2513
f 479//479 2576//2513 480//480
f 2571//2508 2572//2509 2577//2514
f 2571//2508 2577//2514 2576//2513
f 2574//2511 2573//2510 2578//2515
f 2574//2511 2578//2515 2579//2516
f 2573//2510 2575//2512 2580//2517
f 2573//2510 2580//2517 2578//2515
f 480//480 2576//2513 2581//2518
f 480//480 2581//2518 481//481
f 2576//2513 2577//2514 2582//2519
f 2576//2513 2582//2519 2581//2518
f 2579//2516 2578//2515 2583//2520
f 2579//2516 2583//2520 2584//2521
f 2578//2515 2580//2517 2585//2522
f 2578//2515 2585//2522 2583//2520
f 481//481 2581//2518 2586//2523
f 481//481 2586//2523 482//482
f 2581//2518 2582//2519 2587//2524
f 2581//2518 2587//2524 2586//2523
f 2584//2521 2583//2520 2588//2525
f 2584//2521 2588//2525 2589//2526
f 2583//2520 2585//2522 2590//2527
f 2583//2520 2590//2527 2588//2525
f 482//482 2586//2523 2489//2428
f 482//482 2489//2428 483//483
f 2586//2523 2587//2524 2491//2430
f 2586//2523 2491//2430 2489//2428
f 2589//2526 2588//2525 2494//2433
f 2589//2526 2494//2433 2497//2436
f 2588//2525 2590//2527 2495//2434
f 2588//2525 2495//2434 2494//2433
f 2591//2528 2592//2529 2505//2443
f 2591//2528 2505//2443 2504//2442
f 2592//2529 2593//2530 2510//2448
f 2592//2529 2510//2448 2505//2443
f 2593//2530 2594//2531 2515//2453
f 2593//2530 2515//2453 2510//2448
f 2594//2531 2595//2532 2520//2458
f 2594//2531 2520//2458 2515//2453
f 2595//2532 2596//2533 2525//2463
f 2595//2532 2525//2463 2520//2458
f 2596//2533 2597//2534 2530//2468
f 2596//2533 2530//2468 2525//2463
f 2597//2534 2598//2535 2535//2473
f 2597//2534 2535//2473 2530//2468
f 2598//2535 2599//2536 2540//2477
f 2598//2535 2540//2477 2535//2473
f 2599//2536 2600//2537 2545//2482
f 2599//2536 2545//2482 2540//2477
f 2600//2537 2601//2538 2550//2487
f 2600//2537 2550//2487 2545//2482
f 2601//2538 2602//2539 2555//2492
f 2601//2538 2555//2492 2550//2487
f 2602//2539 2603//2540 2560//2497
f 2602//2539 2560//2497 2555//2492
f 2603//2540 2604//2541 2565//2502
f 2603//2540 2565//2502 2560//2497
f 2604//2541 2605//2542 2570//2507
f 2604//2541 2570//2507 2565//2502
f 2605//2542 2606//2543 2575//2512
f 2605//2542 2575//2512 2570//2507
f 2606//2543 2607//2544 2580//2517
f 2606//2543 2580//2517 2575//2512
f 2607//2544 2608//2545 2585//2522
f 2607//2544 2585//2522 2580//2517
f 2608//2545 2609//2546 2590//2527
f 2608//2545 2590//2527 2585//2522
f 2609//2546 2610//2547 2495//2434
f 2609//2546 2495//2434 2590//2527
f 2610//2547 2611//2548 2492//2431
f 2610//2547 2492//2431 2495//2434
f 485//485 2612//2549 2613//2550
f 485//485 2613//2550 504//504
f 2614//2551 2611//2548 2610//2547
f 2614//2551 2610//2547 2615//2552
f 2591//2528 2616//2553 2617//2554
f 2591//2528 2617//2554 2592//2529
f 2612//2549 485//485 484//484
f 2612//2549 484//484 2618//2555
f 2592//2529 2617//2554 2619//2556
f 2592//2529 2619//2556 2593//2530
f 2618//2555 484//484 487//487
f 2618//2555 487//487 2620//2557
f 2593//2530 2619//2556 2621//2558
f 2593//2530 2621//2558 2594//2531
f 2620//2557 487//487 488//488
f 2620//2557 488//488 2622//2559
f 2594//2531 2621//2558 2623//2560
f 2594//2531 2623//2560 2595//2532
f 2622//2559 488//488 489//489
f 2622//2559 489//489 2624//2561
f 2595//2532 2623//2560 2625//2562
f 2595//2532 2625//2562 2596//2533
f 2624//2561 489//489 490//490
f 2624//2561 490//490 2626//2563
f 2596//2533 2625//2562 2627//2564
f 2596//2533 2627//2564 2597//2534
f 2626//2563 490//490 491//491
f 2626//2563 491//491 2628//2565
f 2597//2534 2627//2564 2629//2566
f 2597//2534 2629//2566 2598//2535
f 2628//2565 491//491 492//492
f 2628//2565 492//492 2630//2567
f 2598//2535 2629//2566 2631//2568
f 2598//2535 2631//2568 2599//2536
f 2630//2567 492//492 493//493
f 2630//2567 493//493 2632//2569
f 2599//2536 2631//2568 2633//2570
f 2599//2536 2633//2570 2600//2537
f 2632//2569 493//493 494//494
f 2632//2569 494//494 2634//2571
f 2600//2537 2633//2570 2635//2572
f 2600//2537 2635//2572 2601//2538
f 2634//2571 494//494 495//495
f 2634//2571 495//495 2636//2573
f 2601//2538 2635//2572 2637//2574
f 2601//2538 2637//2574 2602//2539
f 2636//2573 495//495 496//496
f 2636//2573 496//496 2638//2575
f 2602//2539 2637//2574 2639//2576
f 2602//2539 2639//2576 2603//2540
f 2638//2575 496//496 497//497
f 2638//2575 497//497 2640//2577
f 2603//2540 2639//2576 2641//2578
f 2603//2540 2641//2578 2604//2541
f 2640//2577 497//497 498//498
f 2640//2577 498//498 2642//2579
f 2604//2541 2641//2578 2643//2580
f 2604//2541 2643//2580 2605//2542
f 2642//2579 498//498 499//499
f 2642//2579 499//499 2644//2581
f 2605//2542 2643//2580 2645//2582
f 2605//2542 2645//2582 2606//2543
f 2644//2581 499//499 500//500
f 2644//2581 500//500 2646//2583
f 2606//2543 2645//2582 2647//2584
f 2606//2543 2647//2584 2607//2544
f 2646//2583 500//500 501//501
f 2646//2583 501//501 2648//2585
f 2607//2544 2647//2584 2649//2586
f 2607//2544 2649//2586 2608//2545
f 2648//2585 501//501 502//502
f 2648//2585 502//502 2650//2587
f 2608//2545 2649//2586 2651//2588
f 2608//2545 2651//2588 2609//2546
f 2650//2587 502//502 503//503
f 2650//2587 503//503 2652//2589
f 2609//2546 2651//2588 2615//2552
f 2609//2546 2615//2552 2610//2547
f 2652//2589 503//503 504//504
f 2652//2589 504//504 2613//2550
f 2653//2590 505//505 525//525
f 2653//2590 525//525 2654//2591
f 2655//2592 2653//2590 2654//2591
f 2655//2592 2654//2591 2656//2593
f 2657//2594 2658//2595 2659//2596
f 2657//2594 2659//2596 2660//2597
f 2658//2595 2661//2592 2662//2598
f 2658//2595 2662//2598 2659//2596
f 505//505 2653//2590 2663//2599
f 505//505 2663//2599 506//506
f 2653//2590 2655//2592 2664//2600
f 2653//2590 2664//2600 2663//2599
f 2665//2592 2666//2595 2667//2601
f 2665//2592 2667//2601 2668//2602
f 2666//2595 2669//2603 2670//2604
f 2666//2595 2670//2604 2667//2601
f 506//506 2663//2599 2671//2605
f 506//506 2671//2605 508//508
f 2663//2599 2664//2600 2672//2606
f 2663//2599 2672//2606 2671//2605
f 2668//2602 2667//2601 2673//2607
f 2668//2602 2673//2607 2674//2608
f 2667//2601 2670//2604 2675//2609
f 2667//2601 2675//2609 2673//2607
f 508//508 2671//2605 2676//2610
f 508//508 2676//2610 509//509
f 2671//2605 2672//2606 2677//2611
f 2671//2605 2677//2611 2676//2610
f 2674//2608 2673//2607 2678//2612
f 2674//2608 2678//2612 2679//2613
f 2673//2607 2675//2609 2680//2614
f 2673//2607 2680//2614 2678//2612
f 509//509 2676//2610 2681//2615
f 509//509 2681//2615 510//510
f 2676//2610 2677//2611 2682//2616
f 2676//2610 2682//2616 2681//2615
f 2679//2613 2678//2612 2683//2617
f 2679//2613 2683//2617 2684//2618
f 2678//2612 2680//2614 2685//2619
f 2678//2612 2685//2619 2683//2617
f 510//510 2681//2615 2686//2620
f 510//510 2686//2620 511//511
f 2681//2615 2682//2616 2687//2621
f 2681//2615 2687//2621 2686//2620
f 2684//2618 2683//2617 2688//2622
f 2684//2618 2688//2622 2689//2621
f 2683//2617 2685//2619 2690//2623
f 2683//2617 2690//2623 2688//2622
f 511//511 2686//2620 2691//2624
f 511//511 2691//2624 512//512
f 2686//2620 2687//2621 2692//2625
f 2686//2620 2692//2625 2691//2624
f 2689//2621 2688//2622 2693//2626
f 2689//2621 2693//2626 2694//2627
f 2688//2622 2690//2623 2695//2628
f 2688//2622 2695//2628 2693//2626
f 512//512 2691//2624 2696//2629
f 512//512 2696//2629 513//513
f 2691//2624 2692//2625 2697//2630
f 2691//2624 2697//2630 2696//2629
f 2694//2627 2693//2626 2698//2631
f 2694//2627 2698//2631 2699//2632
f 2693//2626 2695//2628 2700//2633
f 2693//2626 2700//2633 2698//2631
f 513//513 2696//2629 2701//2634
f 513//513 2701//2634 514//514
f 2696//2629 2697//2630 2702//2635
f 2696//2629 2702//2635 2701//2634
f 2699//2632 2698//2631 2703//2636
f 2699//2632 2703//2636 2704//2637
f 2698//2631 2700//2633 2705//2638
f 2698//2631 2705//2638 2703//2636
f 514//514 2701//2634 2706//2639
f 514//514 2706//2639 515//515
f 2701//2634 2702//2635 2707//2640
f 2701//2634 2707//2640 2706//2639
f 2704//2637 2703//2636 2708//2641
f 2704//2637 2708//2641 2709//2642
f 2703//2636 2705//2638 2710//2643
f 2703//2636 2710//2643 2708//2641
f 515//515 2706//2639 2711//2644
f 515//515 2711//2644 516//516
f 2706//2639 2707//2640 2712//2645
f 2706//2639 2712//2645 2711//2644
f 2709//2642 2708//2641 2713//2646
f 2709//2642 2713//2646 2714//2647
f 2708//2641 2710//2643 2715//2648
f 2708//2641 2715//2648 2713//2646
f 516//516 2711//2644 2716//2649
f 516//516 2716//2649 517//517
f 2711//2644 2712//2645 2717//2650
f 2711//2644 2717//2650 2716//2649
f 2714//2647 2713//2646 2718//2651
f 2714//2647 2718//2651 2719//2650
f 2713//2646 2715//2648 2720//2652
f 2713//2646 2720//2652 2718//2651
f 517//517 2716//2649 2721//2653
f 517//517 2721//2653 518//518
f 2716//2649 2717//2650 2722//2654
f 2716//2649 2722//2654 2721//2653
f 2719//2650 2718//2651 2723//2655
f 2719//2650 2723//2655 2724//2656
f 2718//2651 2720//2652 2725//2657
f 2718//2651 2725//2657 2723//2655
f 518//518 2721//2653 2726//2658
f 518//518 2726//2658 519//519
f 2721//2653 2722//2654 2727//2659
f 2721//2653 2727//2659 2726//2658
f 2724//2656 2723//2655 2728//2660
f 2724//2656 2728//2660 2729//2661
f 2723//2655 2725//2657 2730//2662
f 2723//2655 2730//2662 2728//2660
f 519//519 2726//2658 2731//2663
f 519//519 2731//2663 520//520
f 2726//2658 2727//2659 2732//2664
f 2726//2658 2732//2664 2731//2663
f 2729//2661 2728//2660 2733//2665
f 2729//2661 2733//2665 2734//2666
f 2728//2660 2730//2662 2735//2667
f 2728//2660 2735//2667 2733//2665
f 520//520 2731//2663 2736//2668
f 520//520 2736//2668 521//521
f 2731//2663 2732//2664 2737//2669
f 2731//2663 2737//2669 2736//2668
f 2734//2666 2733//2665 2738//2670
f 2734//2666 2738//2670 2739//2671
f 2733//2665 2735//2667 2740//2672
f 2733//2665 2740//2672 2738//2670
f 521//521 2736//2668 2741//2673
f 521//521 2741//2673 522//522
f 2736//2668 2737//2669 2742//2674
f 2736//2668 2742//2674 2741//2673
f 2739//2671 2738//2670 2743//2675
f 2739//2671 2743//2675 2744//2676
f 2738//2670 2740//2672 2745//2677
f 2738//2670 2745//2677 2743//2675
f 522//522 2741//2673 2746//2678
f 522//522 2746//2678 523//523
f 2741//2673 2742//2674 2747//2679
f 2741//2673 2747//2679 2746//2678
f 2744//2676 2743//2675 2748//2680
f 2744//2676 2748//2680 2749//2681
f 2743//2675 2745//2677 2750//2682
f 2743//2675 2750//2682 2748//2680
f 523//523 2746//2678 2751//2683
f 523//523 2751//2683 524//524
f 2746//2678 2747//2679 2752//2684
f 2746//2678 2752//2684 2751//2683
f 2749//2681 2748//2680 2753//2685
f 2749//2681 2753//2685 2754//2686
f 2748//2680 2750//2682 2755//2687
f 2748//2680 2755//2687 2753//2685
f 524//524 2751//2683 2654//2591
f 524//524 2654//2591 525//525
f 2751//2683 2752//2684 2656//2593
f 2751//2683 2656//2593 2654//2591
f 2754//2686 2753//2685 2659//2596
f 2754//2686 2659//2596 2662//2598
f 2753//2685 2755//2687 2660//2597
f 2753//2685 2660//2597 2659//2596
f 2756//2688 2757//2689 2670//2604
f 2756//2688 2670//2604 2669//2603
f 2757//2689 2758//2690 2675//2609
f 2757//2689 2675//2609 2670//2604
f 2758//2690 2759//2691 2680//2614
f 2758//2690 2680//2614 2675//2609
f 2759//2691 2760//2692 2685//2619
f 2759//2691 2685//2619 2680//2614
f 2760//2692 2761//2693 2690//2623
f 2760//2692 2690//2623 2685//2619
f 2761//2693 2762//2694 2695//2628
f 2761//2693 2695//2628 2690//2623
f 2762//2694 2763//2695 2700//2633
f 2762//2694 2700//2633 2695//2628
f 2763//2695 2764//2696 2705//2638
f 2763//2695 2705//2638 2700//2633
f 2764//2696 2765//2697 2710//2643
f 2764//2696 2710//2643 2705//2638
f 2765//2697 2766//2698 2715//2648
f 2765//2697 2715//2648 2710//2643
f 2766//2698 2767//2699 2720//2652
f 2766//2698 2720//2652 2715//2648
f 2767//2699 2768//2700 2725//2657
f 2767//2699 2725//2657 2720//2652
f 2768//2700 2769//2701 2730//2662
f 2768//2700 2730//2662 2725//2657
f 2769//2701 2770//2702 2735//2667
f 2769//2701 2735//2667 2730//2662
f 2770//2702 2771//2703 2740//2672
f 2770//2702 2740//2672 2735//2667
f 2771//2703 2772//2704 2745//2677
f 2771//2703 2745//2677 2740//2672
f 2772//2704 2773//2705 2750//2682
f 2772//2704 2750//2682 2745//2677
f 2773//2705 2774//2706 2755//2687
f 2773//2705 2755//2687 2750//2682
f 2774//2706 2775//2707 2660//2597
f 2774//2706 2660//2597 2755//2687
f 2775//2707 2776//2708 2657//2594
f 2775//2707 2657//2594 2660//2597
f 527//527 2777//2709 2778//2710
f 527//527 2778//2710 546//546
f 2779//2711 2776//2708 2775//2707
f 2779//2711 2775//2707 2780//2712
f 2756//2688 2781//2713 2782//2714
f 2756//2688 2782//2714 2757//2689
f 2777//2709 527//527 526//526
f 2777//2709 526//526 2783//2715
f 2757//2689 2782//2714 2784//2716
f 2757//2689 2784//2716 2758//2690
f 2783//2715 526//526 529//529
f 2783//2715 529//529 2785//2717
f 2758//2690 2784//2716 2786//2718
f 2758//2690 2786//2718 2759//2691
f 2785//2717 529//529 530//530
f 2785//2717 530//530 2787//2719
f 2759//2691 2786//2718 2788//2720
f 2759//2691 2788//2720 2760//2692
f 2787//2719 530//530 531//531
f 2787//2719 531//531 2789//2721
f 2760//2692 2788//2720 2790//2722
f 2760//2692 2790//2722 2761//2693
f 2789//2721 531//531 532//532
f 2789//2721 532//532 2791//2723
f 2761//2693 2790//2722 2792//2724
f 2761//2693 2792//2724 2762//2694
f 2791//2723 532//532 533//533
f 2791//2723 533//533 2793//2725
f 2762//2694 2792//2724 2794//2726
f 2762//2694 2794//2726 2763//2695
f 2793//2725 533//533 534//534
f 2793//2725 534//534 2795//2727
f 2763//2695 2794//2726 2796//2728
f 2763//2695 2796//2728 2764//2696
f 2795//2727 534//534 535//535
f 2795//2727 535//535 2797//2729
f 2764//2696 2796//2728 2798//2730
f 2764//2696 2798//2730 2765//2697
f 2797//2729 535//535 536//536
f 2797//2729 536//536 2799//2731
f 2765//2697 2798//2730 2800//2732
f 2765//2697 2800//2732 2766//2698
f 2799//2731 536//536 537//537
f 2799//2731 537//537 2801//2733
f 2766//2698 2800//2732 2802//2734
f 2766//2698 2802//2734 2767//2699
f 2801//2733 537//537 538//538
f 2801//2733 538//538 2803//2735
f 2767//2699 2802//2734 2804//2736
f 2767//2699 2804//2736 2768//2700
f 2803//2735 538//538 539//539
f 2803//2735 539//539 2805//2737
f 2768//2700 2804//2736 2806//2738
f 2768//2700 2806//2738 2769//2701
f 2805//2737 539//539 540//540
f 2805//2737 540//540 2807//2739
f 2769//2701 2806//2738 2808//2740
f 2769//2701 2808//2740 2770//2702
f 2807//2739 540//540 541//541
f 2807//2739 541//541 2809//2741
f 2770//2702 2808//2740 2810//2742
f 2770//2702 2810//2742 2771//2703
f 2809//2741 541//541 542//542
f 2809//2741 542//542 2811//2743
f 2771//2703 2810//2742 2812//2744
f 2771//2703 2812//2744 2772//2704
f 2811//2743 542//542 543//543
f 2811//2743 543//543 2813//2745
f 2772//2704 2812//2744 2814//2746
f 2772//2704 2814//2746 2773//2705
f 2813//2745 543//543 544//544
f 2813//2745 544//544 2815//2747
f 2773//2705 2814//2746 2816//2748
f 2773//2705 2816//2748 2774//2706
f 2815//2747 544//544 545//545
f 2815//2747 545//545 2817//2749
f 2774//2706 2816//2748 2780//2712
f 2774//2706 2780//2712 2775//2707
f 2817//2749 545//545 546//546
f 2817//2749 546//546 2778//2710
f 2818//2750 547//547 567//567
f 2818//2750 567//567 2819//2751
f 2820//2752 2818//2750 2819//2751
f 2820//2752 2819//2751 2821//2753
f 2822//2754 2823//2755 2824//2756
f 2822//2754 2824//2756 2825//2757
f 2823//2755 2826//2752 2827//2758
f 2823//2755 2827//2758 2824//2756
f 547//547 2818//2750 2828//2759
f 547//547 2828//2759 548//548
f 2818//2750 2820//2752 2829//2760
f 2818//2750 2829//2760 2828//2759
f 2830//2761 2831//2762 2832//2763
f 2830//2761 2832//2763 2833//2764
f 2831//2762 2834//2765 2835//2766
f 2831//2762 2835//2766 2832//2763
f 548//548 2828//2759 2836//2767
f 548//548 2836//2767 550//550
f 2828//2759 2829//2760 2837//2768
f 2828//2759 2837//2768 2836//2767
f 2833//2764 2832//2763 2838//2769
f 2833//2764 2838//2769 2839//2770
f 2832//2763 2835//2766 2840//2771
f 2832//2763 2840//2771 2838//2769
f 550//550 2836//2767 2841//2772
f 550//550 2841//2772 551//551
f 2836//2767 2837//2768 2842//2773
f 2836//2767 2842//2773 2841//2772
f 2839//2770 2838//2769 2843//2774
f 2839//2770 2843//2774 2844//2775
f 2838//2769 2840//2771 2845//2776
f 2838//2769 2845//2776 2843//2774
f 551//551 2841//2772 2846//2777
f 551//551 2846//2777 552//552
f 2841//2772 2842//2773 2847//2778
f 2841//2772 2847//2778 2846//2777
f 2844//2775 2843//2774 2848//2779
f 2844//2775 2848//2779 2849//2780
f 2843//2774 2845//2776 2850//2781
f 2843//2774 2850//2781 2848//2779
f 552//552 2846//2777 2851//2782
f 552//552 2851//2782 553//553
f 2846//2777 2847//2778 2852//2783
f 2846//2777 2852//2783 2851//2782
f 2849//2780 2848//2779 2853//2784
f 2849//2780 2853//2784 2854//2785
f 2848//2779 2850//2781 2855//2786
f 2848//2779 2855//2786 2853//2784
f 553//553 2851//2782 2856//2787
f 553//553 2856//2787 554//554
f 2851//2782 2852//2783 2857//2788
f 2851//2782 2857//2788 2856//2787
f 2854//2785 2853//2784 2858//2789
f 2854//2785 2858//2789 2859//2788
f 2853//2784 2855//2786 2860//2790
f 2853//2784 2860//2790 2858//2789
f 554//554 2856//2787 2861//2791
f 554//554 2861//2791 555//555
f 2856//2787 2857//2788 2862//2792
f 2856//2787 2862//2792 2861//2791
f 2859//2788 2858//2789 2863//2793
f 2859//2788 2863//2793 2864//2792
f 2858//2789 2860//2790 2865//2794
f 2858//2789 2865//2794 2863//2793
f 555//555 2861//2791 2866//2795
f 555//555 2866//2795 556//556
f 2861//2791 2862//2792 2867//2796
f 2861//2791 2867//2796 2866//2795
f 2864//2792 2863//2793 2868//2797
f 2864//2792 2868//2797 2869//2798
f 2863//2793 2865//2794 2870//2799
f 2863//2793 2870//2799 2868//2797
f 556//556 2866//2795 2871//2800
f 556//556 2871//2800 557//557
f 2866//2795 2867//2796 2872//2801
f 2866//2795 2872//2801 2871//2800
f 2869//2798 2868//2797 2873//2802
f 2869//2798 2873//2802 2874//2803
f 2868//2797 2870//2799 2875//2804
f 2868//2797 2875//2804 2873//2802
f 557//557 2871//2800 2876//2805
f 557//557 2876//2805 558//558
f 2871//2800 2872//2801 2877//2806
f 2871//2800 2877//2806 2876//2805
f 2874//2803 2873//2802 2878//2807
f 2874//2803 2878//2807 2879//2808
f 2873//2802 2875//2804 2880//2809
f 2873//2802 2880//2809 2878//2807
f 558//558 2876//2805 2881//2810
f 558//558 2881//2810 559//559
f 2876//2805 2877//2806 2882//2811
f 2876//2805 2882//2811 2881//2810
f 2879//2808 2878//2807 2883//2812
f 2879//2808 2883//2812 2884//2813
f 2878//2807 2880//2809 2885//2814
f 2878//2807 2885//2814 2883//2812
f 559//559 2881//2810 2886//2815
f 559//559 2886//2815 560//560
f 2881//2810 2882//2811 2887//2816
f 2881//2810 2887//2816 2886//2815
f 2884//2813 2883//2812 2888//2817
f 2884//2813 2888//2817 2889//2816
f 2883//2812 2885//2814 2890//2818
f 2883//2812 2890//2818 2888//2817
f 560//560 2886//2815 2891//2819
f 560//560 2891//2819 561//561
f 2886//2815 2887//2816 2892//2820
f 2886//2815 2892//2820 2891//2819
f 2889//2816 2888//2817 2893//2821
f 2889//2816 2893//2821 2894//2820
f 2888//2817 2890//2818 2895//2822
f 2888//2817 2895//2822 2893//2821
f 561//561 2891//2819 2896//2823
f 561//561 2896//2823 562//562
f 2891//2819 2892//2820 2897//2824
f 2891//2819 2897//2824 2896//2823
f 2894//2820 2893//2821 2898//2825
f 2894//2820 2898//2825 2899//2826
f 2893//2821 2895//2822 2900//2827
f 2893//2821 2900//2827 2898//2825
f 562//562 2896//2823 2901//2828
f 562//562 2901//2828 563//563
f 2896//2823 2897//2824 2902//2829
f 2896//2823 2902//2829 2901//2828
f 2899//2826 2898//2825 2903//2830
f 2899//2826 2903//2830 2904//2831
f 2898//2825 2900//2827 2905//2832
f 2898//2825 2905//2832 2903//2830
f 563//563 2901//2828 2906//2833
f 563//563 2906//2833 564//564
f 2901//2828 2902//2829 2907//2834
f 2901//2828 2907//2834 2906//2833
f 2904//2831 2903//2830 2908//2835
f 2904//2831 2908//2835 2909//2834
f 2903//2830 2905//2832 2910//2836
f 2903//2830 2910//2836 2908//2835
f 564//564 2906//2833 2911//2837
f 564//564 2911//2837 565//565
f 2906//2833 2907//2834 2912//2838
f 2906//2833 2912//2838 2911//2837
f 2909//2834 2908//2835 2913//2839
f 2909//2834 2913//2839 2914//2840
f 2908//2835 2910//2836 2915//2841
f 2908//2835 2915//2841 2913//2839
f 565//565 2911//2837 2916//2842
f 565//565 2916//2842 566//566
f 2911//2837 2912//2838 2917//2843
f 2911//2837 2917//2843 2916//2842
f 2914//2840 2913//2839 2918//2844
f 2914//2840 2918//2844 2919//2845
f 2913//2839 2915//2841 2920//2846
f 2913//2839 2920//2846 2918//2844
f 566//566 2916//2842 2819//2751
f 566//566 2819//2751 567//567
f 2916//2842 2917//2843 2821//2753
f 2916//2842 2821//2753 2819//2751
f 2919//2845 2918//2844 2824//2756
f 2919//2845 2824//2756 2827//2758
f 2918//2844 2920//2846 2825//2757
f 2918//2844 2825//2757 2824//2756
f 2921//2847 2922//2848 2835//2766
f 2921//2847 2835//2766 2834//2765
f 2922//2848 2923//2849 2840//2771
f 2922//2848 2840//2771 2835//2766
f 2923//2849 2924//2850 2845//2776
f 2923//2849 2845//2776 2840//2771
f 2924//2850 2925//2851 2850//2781
f 2924//2850 2850//2781 2845//2776
f 2925//2851 2926//2852 2855//2786
f 2925//2851 2855//2786 2850//2781
f 2926//2852 2927//2853 2860//2790
f 2926//2852 2860//2790 2855//2786
f 2927//2853 2928//2854 2865//2794
f 2927//2853 2865//2794 2860//2790
f 2928//2854 2929//2855 2870//2799
f 2928//2854 2870//2799 2865//2794
f 2929//2855 2930//2856 2875//2804
f 2929//2855 2875//2804 2870//2799
f 2930//2856 2931//2857 2880//2809
f 2930//2856 2880//2809 2875//2804
f 2931//2857 2932//2858 2885//2814
f 2931//2857 2885//2814 2880//2809
f 2932//2858 2933//2859 2890//2818
f 2932//2858 2890//2818 2885//2814
f 2933//2859 2934//2860 2895//2822
f 2933//2859 2895//2822 2890//2818
f 2934//2860 2935//2861 2900//2827
f 2934//2860 2900//2827 2895//2822
f 2935//2861 2936//2862 2905//2832
f 2935//2861 2905//2832 2900//2827
f 2936//2862 2937//2863 2910//2836
f 2936//2862 2910//2836 2905//2832
f 2937//2863 2938//2864 2915//2841
f 2937//2863 2915//2841 2910//2836
f 2938//2864 2939//2865 2920//2846
f 2938//2864 2920//2846 2915//2841
f 2939//2865 2940//2866 2825//2757
f 2939//2865 2825//2757 2920//2846
f 2940//2866 2941//2867 2822//2754
f 2940//2866 2822//2754 2825//2757
f 569//569 2942//2868 2943//2869
f 569//569 2943//2869 588//588
f 2944//2870 2941//2867 2940//2866
f 2944//2870 2940//2866 2945//2871
f 2921//2847 2946//2872 2947//2873
f 2921//2847 2947//2873 2922//2848
f 2942//2868 569//569 568//568
f 2942//2868 568//568 2948//2874
f 2922//2848 2947//2873 2949//2875
f 2922//2848 2949//2875 2923//2849
f 2948//2874 568//568 571//571
f 2948//2874 571//571 2950//2876
f 2923//2849 2949//2875 2951//2877
f 2923//2849 2951//2877 2924//2850
f 2950//2876 571//571 572//572
f 2950//2876 572//572 2952//2878
f 2924//2850 2951//2877 2953//2879
f 2924//2850 2953//2879 2925//2851
f 2952//2878 572//572 573//573
f 2952//2878 573//573 2954//2880
f 2925//2851 2953//2879 2955//2881
f 2925//2851 2955//2881 2926//2852
f 2954//2880 573//573 574//574
f 2954//2880 574//574 2956//2882
f 2926//2852 2955//2881 2957//2883
f 2926//2852 2957//2883 2927//2853
f 2956//2882 574//574 575//575
f 2956//2882 575//575 2958//2884
f 2927//2853 2957//2883 2959//2885
f 2927//2853 2959//2885 2928//2854
f 2958//2884 575//575 576//576
f 2958//2884 576//576 2960//2886
f 2928//2854 2959//2885 2961//2887
f 2928//2854 2961//2887 2929//2855
f 2960//2886 576//576 577//577
f 2960//2886 577//577 2962//2888
f 2929//2855 2961//2887 2963//2889
f 2929//2855 2963//2889 2930//2856
f 2962//2888 577//577 578//578
f 2962//2888 578//578 2964//2890
f 2930//2856 2963//2889 2965//2891
f 2930//2856 2965//2891 2931//2857
f 2964//2890 578//578 579//579
f 2964//2890 579//579 2966//2892
f 2931//2857 2965//2891 2967//2893
f 2931//2857 2967//2893 2932//2858
f 2966//2892 579//579 580//580
f 2966//2892 580//580 2968//2894
f 2932//2858 2967//2893 2969//2895
f 2932//2858 2969//2895 2933//2859
f 2968//2894 580//580 581//581
f 2968//2894 581//581 2970//2896
f 2933//2859 2969//2895 2971//2897
f 2933//2859 2971//2897 2934//2860
f 2970//2896 581//581 582//582
f 2970//2896 582//582 2972//2898
f 2934//2860 2971//2897 2973//2899
f 2934//2860 2973//2899 2935//2861
f 2972//2898 582//582 583//583
f 2972//2898 583//583 2974//2900
f 2935//2861 2973//2899 2975//2901
f 2935//2861 2975//2901 2936//2862
f 2974//2900 583//583 584//584
f 2974//2900 584//584 2976//2902
f 2936//2862 2975//2901 2977//2903
f 2936//2862 2977//2903 2937//2863
f 2976//2902 584//584 585//585
f 2976//2902 585//585 2978//2904
f 2937//2863 2977//2903 2979//2905
f 2937//2863 2979//2905 2938//2864
f 2978//2904 585//585 586//586
f 2978//2904 586//586 2980//2906
f 2938//2864 2979//2905 2981//2907
f 2938//2864 2981//2907 2939//2865
f 2980//2906 586//586 587//587
f 2980//2906 587//587 2982//2908
f 2939//2865 2981//2907 2945//2871
f 2939//2865 2945//2871 2940//2866
f 2982//2908 587//587 588//588
f 2982//2908 588//588 2943//2869
f 2983//2909 589//589 609//609
f 2983//2909 609//609 2984//2910
f 2985//2911 2983//2909 2984//2910
f 2985//2911 2984//2910 2986//2912
f 2987//2913 2988//2914 2989//2915
f 2987//2913 2989//2915 2990//2916
f 2988//2914 2991//2917 2992//2918
f 2988//2914 2992//2918 2989//2915
f 589//589 2983//2909 2993//2919
f 589//589 2993//2919 590//590
f 2983//2909 2985//2911 2994//2920
f 2983//2909 2994//2920 2993//2919
f 2995//2917 2996//2921 2997//2922
f 2995//2917 2997//2922 2998//2923
f 2996//2921 2999//2913 3000//2924
f 2996//2921 3000//2924 2997//2922
f 590//590 2993//2919 3001//2925
f 590//590 3001//2925 592//592
f 2993//2919 2994//2920 3002//2926
f 2993//2919 3002//2926 3001//2925
f 2998//2923 2997//2922 3003//2927
f 2998//2923 3003//2927 3004//2928
f 2997//2922 3000//2924 3005//2929
f 2997//2922 3005//2929 3003//2927
f 592//592 3001//2925 3006//2930
f 592//592 3006//2930 593//593
f 3001//2925 3002//2926 3007//2931
f 3001//2925 3007//2931 3006//2930
f 3004//2928 3003//2927 3008//2932
f 3004//2928 3008//2932 3009//2933
f 3003//2927 3005//2929 3010//2934
f 3003//2927 3010//2934 3008//2932
f 593//593 3006//2930 3011//2935
f 593//593 3011//2935 594//594
f 3006//2930 3007//2931 3012//2936
f 3006//2930 3012//2936 3011//2935
f 3009//2933 3008//2932 3013//2937
f 3009//2933 3013//2937 3014//2938
f 3008//2932 3010//2934 3015//2939
f 3008//2932 3015//2939 3013//2937
f 594//594 3011//2935 3016//2940
f 594//594 3016//2940 595//595
f 3011//2935 3012//2936 3017//2941
f 3011//2935 3017//2941 3016//2940
f 3014//2938 3013//2937 3018//2942
f 3014//2938 3018//2942 3019//2943
f 3013//2937 3015//2939 3020//2944
f 3013//2937 3020//2944 3018//2942
f 595//595 3016//2940 3021//2945
f 595//595 3021//2945 596//596
f 3016//2940 3017//2941 3022//2946
f 3016//2940 3022//2946 3021//2945
f 3019//2943 3018//2942 3023//2947
f 3019//2943 3023//2947 3024//2948
f 3018//2942 3020//2944 3025//2949
f 3018//2942 3025//2949 3023//2947
f 596//596 3021//2945 3026//2950
f 596//596 3026//2950 597//597
f 3021//2945 3022//2946 3027//2951
f 3021//2945 3027//2951 3026//2950
f 3024//2948 3023//2947 3028//2952
f 3024//2948 3028//2952 3029//2953
f 3023//2947 3025//2949 3030//2954
f 3023//2947 3030//2954 3028//2952
f 597//597 3026//2950 3031//2955
f 597//597 3031//2955 598//598
f 3026//2950 3027//2951 3032//2956
f 3026//2950 3032//2956 3031//2955
f 3029//2953 3028//2952 3033//2957
f 3029//2953 3033//2957 3034//2958
f 3028//2952 3030//2954 3035//2959
f 3028//2952 3035//2959 3033//2957
f 598//598 3031//2955 3036//2960
f 598//598 3036//2960 599//599
f 3031//2955 3032//2956 3037//2961
f 3031//2955 3037//2961 3036//2960
f 3034//2958 3033//2957 3038//2962
f 3034//2958 3038//2962 3039//2963
f 3033//2957 3035//2959 3040//2964
f 3033//2957 3040//2964 3038//2962
f 599//599 3036//2960 3041//2965
f 599//599 3041//2965 600//600
f 3036//2960 3037//2961 3042//2966
f 3036//2960 3042//2966 3041//2965
f 3039//2963 3038//2962 3043//2967
f 3039//2963 3043//2967 3044//2968
f 3038//2962 3040//2964 3045//2969
f 3038//2962 3045//2969 3043//2967
f 600//600 3041//2965 3046//2970
f 600//600 3046//2970 601//601
f 3041//2965 3042//2966 3047//2971
f 3041//2965 3047//2971 3046//2970
f 3044//2968 3043//2967 3048//2972
f 3044//2968 3048//2972 3049//2973
f 3043//2967 3045//2969 3050//2974
f 3043//2967 3050//2974 3048//2972
f 601//601 3046//2970 3051//2975
f 601//601 3051//2975 602//602
f 3046//2970 3047//2971 3052//2976
f 3046//2970 3052//2976 3051//2975
f 3049//2973 3048//2972 3053//2977
f 3049//2973 3053//2977 3054//2978
f 3048//2972 3050//2974 3055//2979
f 3048//2972 3055//2979 3053//2977
f 602//602 3051//2975 3056//2980
f 602//602 3056//2980 603//603
f 3051//2975 3052//2976 3057//2981
f 3051//2975 3057//2981 3056//2980
f 3054//2978 3053//2977 3058//2982
f 3054//2978 3058//2982 3059//2983
f 3053//2977 3055//2979 3060//2984
f 3053//2977 3060//2984 3058//2982
f 603//603 3056//2980 3061//2985
f 603//603 3061//2985 604//604
f 3056//2980 3057//2981 3062//2986
f 3056//2980 3062//2986 3061//2985
f 3059//2983 3058//2982 3063//2987
f 3059//2983 3063//2987 3064//2988
f 3058//2982 3060//2984 3065//2989
f 3058//2982 3065//2989 3063//2987
f 604//604 3061//2985 3066//2990
f 604//604 3066//2990 605//605
f 3061//2985 3062//2986 3067//2991
f 3061//2985 3067//2991 3066//2990
f 3064//2988 3063//2987 3068//2992
f 3064//2988 3068//2992 3069//2993
f 3063//2987 3065//2989 3070//2994
f 3063//2987 3070//2994 3068//2992
f 605//605 3066//2990 3071//2995
f 605//605 3071//2995 606//606
f 3066//2990 3067//2991 3072//2996
f 3066//2990 3072//2996 3071//2995
f 3069//2993 3068//2992 3073//2997
f 3069//2993 3073//2997 3074//2998
f 3068//2992 3070//2994 3075//2999
f 3068//2992 3075//2999 3073//2997
f 606//606 3071//2995 3076//3000
f 606//606 3076//3000 607//607
f 3071//2995 3072//2996 3077//3001
f 3071//2995 3077//3001 3076//3000
f 3074//2998 3073//2997 3078//3002
f 3074//2998 3078//3002 3079//3003
f 3073//2997 3075//2999 3080//3004
f 3073//2997 3080//3004 3078//3002
f 607//607 3076//3000 3081//3005
f 607//607 3081//3005 608//608
f 3076//3000 3077//3001 3082//3006
f 3076//3000 3082//3006 3081//3005
f 3079//3003 3078//3002 3083//3007
f 3079//3003 3083//3007 3084//3006
f 3078//3002 3080//3004 3085//3008
f 3078//3002 3085//3008 3083//3007
f 608//608 3081//3005 2984//2910
f 608//608 2984//2910 609//609
f 3081//3005 3082//3006 2986//2912
f 3081//3005 2986//2912 2984//2910
f 3084//3006 3083//3007 2989//2915
f 3084//3006 2989//2915 2992//2918
f 3083//3007 3085//3008 2990//2916
f 3083//3007 2990//2916 2989//2915
f 3086//3009 3087//3010 3000//2924
f 3086//3009 3000//2924 2999//2913
f 3087//3010 3088//3011 3005//2929
f 3087//3010 3005//2929 3000//2924
f 3088//3011 3089//3012 3010//2934
f 3088//3011 3010//2934 3005//2929
f 3089//3012 3090//3013 3015//2939
f 3089//3012 3015//2939 3010//2934
f 3090//3013 3091//3014 3020//2944
f 3090//3013 3020//2944 3015//2939
f 3091//3014 3092//3015 3025//2949
f 3091//3014 3025//2949 3020//2944
f 3092//3015 3093//3016 3030//2954
f 3092//3015 3030//2954 3025//2949
f 3093//3016 3094//3017 3035//2959
f 3093//3016 3035//2959 3030//2954
f 3094//3017 3095//3018 3040//2964
f 3094//3017 3040//2964 3035//2959
f 3095//3018 3096//3019 3045//2969
f 3095//3018 3045//2969 3040//2964
f 3096//3019 3097//3020 3050//2974
f 3096//3019 3050//2974 3045//2969
f 3097//3020 3098//3021 3055//2979
f 3097//3020 3055//2979 3050//2974
f 3098//3021 3099//3022 3060//2984
f 3098//3021 3060//2984 3055//2979
f 3099//3022 3100//3023 3065//2989
f 3099//3022 3065//2989 3060//2984
f 3100//3023 3101//3024 3070//2994
f 3100//3023 3070//2994 3065//2989
f 3101//3024 3102//3025 3075//2999
f 3101//3024 3075//2999 3070//2994
f 3102//3025 3103//3026 3080//3004
f 3102//3025 3080//3004 3075//2999
f 3103//3026 3104//3027 3085//3008
f 3103//3026 3085//3008 3080//3004
f 3104//3027 3105//3028 2990//2916
f 3104//3027 2990//2916 3085//3008
f 3105//3028 3106//3029 2987//2913
f 3105//3028 2987//2913 2990//2916
f 611//611 3107//3030 3108//3031
f 611//611 3108//3031 630//630
f 3109//3032 3106//3029 3105//3028
f 3109//3032 3105//3028 3110//3033
f 3086//3009 3111//3034 3112//3035
f 3086//3009 3112//3035 3087//3010
f 3107//3030 611//611 610//610
f 3107//3030 610//610 3113//3036
f 3087//3010 3112//3035 3114//3037
f 3087//3010 3114//3037 3088//3011
f 3113//3036 610//610 613//613
f 3113//3036 613//613 3115//3038
f 3088//3011 3114//3037 3116//3039
f 3088//3011 3116//3039 3089//3012
f 3115//3038 613//613 614//614
f 3115//3038 614//614 3117//3040
f 3089//3012 3116//3039 3118//3041
f 3089//3012 3118//3041 3090//3013
f 3117//3040 614//614 615//615
f 3117//3040 615//615 3119//3042
f 3090//3013 3118//3041 3120//3043
f 3090//3013 3120//3043 3091//3014
f 3119//3042 615//615 616//616
f 3119//3042 616//616 3121//3044
f 3091//3014 3120//3043 3122//3045
f 3091//3014 3122//3045 3092//3015
f 3121//3044 616//616 617//617
f 3121//3044 617//617 3123//3046
f 3092//3015 3122//3045 3124//3047
f 3092//3015 3124//3047 3093//3016
f 3123//3046 617//617 618//618
f 3123//3046 618//618 3125//3048
f 3093//3016 3124//3047 3126//3049
f 3093//3016 3126//3049 3094//3017
f 3125//3048 618//618 619//619
f 3125//3048 619//619 3127//3050
f 3094//3017 3126//3049 3128//3051
f 3094//3017 3128//3051 3095//3018
f 3127//3050 619//619 620//620
f 3127//3050 620//620 3129//3052
f 3095//3018 3128//3051 3130//3053
f 3095//3018 3130//3053 3096//3019
f 3129//3052 620//620 621//621
f 3129//3052 621//621 3131//3054
f 3096//3019 3130//3053 3132//3055
f 3096//3019 3132//3055 3097//3020
f 3131//3054 621//621 622//622
f 3131//3054 622//622 3133//3056
f 3097//3020 3132//3055 3134//3057
f 3097//3020 3134//3057 3098//3021
f 3133//3056 622//622 623//623
f 3133//3056 623//623 3135//3058
f 3098//3021 3134//3057 3136//3059
f 3098//3021 3136//3059 3099//3022
f 3135//3058 623//623 624//624
f 3135//3058 624//624 3137//3060
f 3099//3022 3136//3059 3138//3061
f 3099//3022 3138//3061 3100//3023
f 3137//3060 624//624 625//625
f 3137//3060 625//625 3139//3062
f 3100//3023 3138//3061 3140//3063
f 3100//3023 3140//3063 3101//3024
f 3139//3062 625//625 626//626
f 3139//3062 626//626 3141//3064
f 3101//3024 3140//3063 3142//3065
f 3101//3024 3142//3065 3102//3025
f 3141//3064 626//626 627//627
f 3141//3064 627//627 3143//3066
f 3102//3025 3142//3065 3144//3067
f 3102//3025 3144//3067 3103//3026
f 3143//3066 627//627 628//628
f 3143//3066 628//628 3145//3068
f 3103//3026 3144//3067 3146//3069
f 3103//3026 3146//3069 3104//3027
f 3145//3068 628//628 629//629
f 3145//3068 629//629 3147//3070
f 3104//3027 3146//3069 3110//3033
f 3104//3027 3110//3033 3105//3028
f 3147//3070 629//629 630//630
f 3147//3070 630//630 3108//3031
f 3148//3071 631//631 651//651
f 3148//3071 651//651 3149//3072
f 3150//3073 3148//3071 3149//3072
f 3150//3073 3149//3072 3151//3074
f 3152//3075 3153//3076 3154//3077
f 3152//3075 3154//3077 3155//3078
f 3153//3076 3156//3079 3157//3080
f 3153//3076 3157//3080 3154//3077
f 631//631 3148//3071 3158//3081
f 631//631 3158//3081 632//632
f 3148//3071 3150//3073 3159//3082
f 3148//3071 3159//3082 3158//3081
f 3160//3079 3161//3083 3162//3084
f 3160//3079 3162//3084 3163//3085
f 3161//3083 3164//3086 3165//3087
f 3161//3083 3165//3087 3162//3084
f 632//632 3158//3081 3166//3088
f 632//632 3166//3088 634//634
f 3158//3081 3159//3082 3167//3089
f 3158//3081 3167//3089 3166//3088
f 3163//3085 3162//3084 3168//3090
f 3163//3085 3168//3090 3169//3089
f 3162//3084 3165//3087 3170//3091
f 3162//3084 3170//3091 3168//3090
f 634//634 3166//3088 3171//3092
f 634//634 3171//3092 635//635
f 3166//3088 3167//3089 3172//3093
f 3166//3088 3172//3093 3171//3092
f 3169//3089 3168//3090 3173//3094
f 3169//3089 3173//3094 3174//3095
f 3168//3090 3170//3091 3175//3096
f 3168//3090 3175//3096 3173//3094
f 635//635 3171//3092 3176//3097
f 635//635 3176//3097 636//636
f 3171//3092 3172//3093 3177//3098
f 3171//3092 3177//3098 3176//3097
f 3174//3095 3173//3094 3178//3099
f 3174//3095 3178//3099 3179//3098
f 3173//3094 3175//3096 3180//3100
f 3173//3094 3180//3100 3178//3099
f 636//636 3176//3097 3181//3101
f 636//636 3181//3101 637//637
f 3176//3097 3177//3098 3182//3102
f 3176//3097 3182//3102 3181//3101
f 3179//3098 3178//3099 3183//3103
f 3179//3098 3183//3103 3184//3104
f 3178//3099 3180//3100 3185//3105
f 3178//3099 3185//3105 3183//3103
f 637//637 3181//3101 3186//3106
f 637//637 3186//3106 638//638
f 3181//3101 3182//3102 3187//3107
f 3181//3101 3187//3107 3186//3106
f 3184//3104 3183//3103 3188//3108
f 3184//3104 3188//3108 3189//3109
f 3183//3103 3185//3105 3190//3110
f 3183//3103 3190//3110 3188//3108
f 638//638 3186//3106 3191//3111
f 638//638 3191//3111 639//639
f 3186//3106 3187//3107 3192//3112
f 3186//3106 3192//3112 3191//3111
f 3189//3109 3188//3108 3193//3113
f 3189//3109 3193//3113 3194//3114
f 3188//3108 3190//3110 3195//3115
f 3188//3108 3195//3115 3193//3113
f 639//639 3191//3111 3196//3116
f 639//639 3196//3116 640//640
f 3191//3111 3192//3112 3197//3117
f 3191//3111 3197//3117 3196//3116
f 3194//3114 3193//3113 3198//3118
f 3194//3114 3198//3118 3199//3119
f 3193//3113 3195//3115 3200//3120
f 3193//3113 3200//3120 3198//3118
f 640//640 3196//3116 3201//3121
f 640//640 3201//3121 641//641
f 3196//3116 3197//3117 3202//3122
f 3196//3116 3202//3122 3201//3121
f 3199//3119 3198//3118 3203//3123
f 3199//3119 3203//3123 3204//3124
f 3198//3118 3200//3120 3205//3125
f 3198//3118 3205//3125 3203//3123
f 641//641 3201//3121 3206//3126
f 641//641 3206//3126 642//642
f 3201//3121 3202//3122 3207//3127
f 3201//3121 3207//3127 3206//3126
f 3204//3124 3203//3123 3208//3128
f 3204//3124 3208//3128 3209//3129
f 3203//3123 3205//3125 3210//3130
f 3203//3123 3210//3130 3208//3128
f 642//642 3206//3126 3211//3131
f 642//642 3211//3131 643//643
f 3206//3126 3207//3127 3212//3132
f 3206//3126 3212//3132 3211//3131
f 3209//3129 3208//3128 3213//3133
f 3209//3129 3213//3133 3214//3134
f 3208//3128 3210//3130 3215//3135
f 3208//3128 3215//3135 3213//3133
f 643//643 3211//3131 3216//3136
f 643//643 3216//3136 644//644
f 3211//3131 3212//3132 3217//3137
f 3211//3131 3217//3137 3216//3136
f 3214//3134 3213//3133 3218//3138
f 3214//3134 3218//3138 3219//3139
f 3213//3133 3215//3135 3220//3140
f 3213//3133 3220//3140 3218//3138
f 644//644 3216//3136 3221//3141
f 644//644 3221//3141 645//645
f 3216//3136 3217//3137 3222//3142
f 3216//3136 3222//3142 3221//3141
f 3219//3139 3218//3138 3223//3143
f 3219//3139 3223//3143 3224//3144
f 3218//3138 3220//3140 3225//3145
f 3218//3138 3225//3145 3223//3143
f 645//645 3221//3141 3226//3146
f 645//645 3226//3146 646//646
f 3221//3141 3222//3142 3227//3147
f 3221//3141 3227//3147 3226//3146
f 3224//3144 3223//3143 3228//3148
f 3224//3144 3228//3148 3229//3149
f 3223//3143 3225//3145 3230//3150
f 3223//3143 3230//3150 3228//3148
f 646//646 3226//3146 3231//3151
f 646//646 3231//3151 647//647
f 3226//3146 3227//3147 3232//3152
f 3226//3146 3232//3152 3231//3151
f 3229//3149 3228//3148 3233//3153
f 3229//3149 3233//3153 3234//3154
f 3228//3148 3230//3150 3235//3155
f 3228//3148 3235//3155 3233//3153
f 647//647 3231//3151 3236//3156
f 647//647 3236//3156 648//648
f 3231//3151 3232//3152 3237//3157
f 3231//3151 3237//3157 3236//3156
f 3234//3154 3233//3153 3238//3158
f 3234//3154 3238//3158 3239//3159
f 3233//3153 3235//3155 3240//3160
f 3233//3153 3240//3160 3238//3158
f 648//648 3236//3156 3241//3161
f 648//648 3241//3161 649//649
f 3236//3156 3237//3157 3242//3162
f 3236//3156 3242//3162 3241//3161
f 3239//3159 3238//3158 3243//3163
f 3239//3159 3243//3163 3244//3164
f 3238//3158 3240//3160 3245//3165
f 3238//3158 3245//3165 3243//3163
f 649//649 3241//3161 3246//3166
f 649//649 3246//3166 650//650
f 3241//3161 3242//3162 3247//3167
f 3241//3161 3247//3167 3246//3166
f 3244//3164 3243//3163 3248//3168
f 3244//3164 3248//3168 3249//3169
f 3243//3163 3245//3165 3250//3170
f 3243//3163 3250//3170 3248//3168
f 650//650 3246//3166 3149//3072
f 650//650 3149//3072 651//651
f 3246//3166 3247//3167 3151//3074
f 3246//3166 3151//3074 3149//3072
f 3249//3169 3248//3168 3154//3077
f 3249//3169 3154//3077 3157//3080
f 3248//3168 3250//3170 3155//3078
f 3248//3168 3155//3078 3154//3077
f 3251//3171 3252//3172 3165//3087
f 3251//3171 3165//3087 3164//3086
f 3252//3172 3253//3173 3170//3091
f 3252//3172 3170//3091 3165//3087
f 3253//3173 3254//3174 3175//3096
f 3253//3173 3175//3096 3170//3091
f 3254//3174 3255//3175 3180//3100
f 3254//3174 3180//3100 3175//3096
f 3255//3175 3256//3176 3185//3105
f 3255//3175 3185//3105 3180//3100
f 3256//3176 3257//3177 3190//3110
f 3256//3176 3190//3110 3185//3105
f 3257//3177 3258//3178 3195//3115
f 3257//3177 3195//3115 3190//3110
f 3258//3178 3259//3179 3200//3120
f 3258//3178 3200//3120 3195//3115
f 3259//3179 3260//3180 3205//3125
f 3259//3179 3205//3125 3200//3120
f 3260//3180 3261//3181 3210//3130
f 3260//3180 3210//3130 3205//3125
f 3261//3181 3262//3182 3215//3135
f 3261//3181 3215//3135 3210//3130
f 3262//3182 3263//3183 3220//3140
f 3262//3182 3220//3140 3215//3135
f 3263//3183 3264//3184 3225//3145
f 3263//3183 3225//3145 3220//3140
f 3264//3184 3265//3185 3230//3150
f 3264//3184 3230//3150 3225//3145
f 3265//3185 3266//3186 3235//3155
f 3265//3185 3235//3155 3230//3150
f 3266//3186 3267//3187 3240//3160
f 3266//3186 3240//3160 3235//3155
f 3267//3187 3268//3188 3245//3165
f 3267//3187 3245//3165 3240//3160
f 3268//3188 3269//3189 3250//3170
f 3268//3188 3250//3170 3245//3165
f 3269//3189 3270//3190 3155//3078
f 3269//3189 3155//3078 3250//3170
f 3270//3190 3271//3191 3152//3075
f 3270//3190 3152//3075 3155//3078
f 653//653 3272//3192 3273//3193
f 653//653 3273//3193 672//672
f 3274//3194 3271//3191 3270//3190
f 3274//3194 3270//3190 3275//3195
f 3251//3171 3276//3196 3277//3197
f 3251//3171 3277//3197 3252//3172
f 3272//3192 653//653 652//652
f 3272//3192 652//652 3278//3198
f 3252//3172 3277//3197 3279//3199
f 3252//3172 3279//3199 3253//3173
f 3278//3198 652//652 655//655
f 3278//3198 655//655 3280//3200
f 3253//3173 3279//3199 3281//3201
f 3253//3173 3281//3201 3254//3174
f 3280//3200 655//655 656//656
f 3280//3200 656//656 3282//3202
f 3254//3174 3281//3201 3283//3203
f 3254//3174 3283//3203 3255//3175
f 3282//3202 656//656 657//657
f 3282//3202 657//657 3284//3204
f 3255//3175 3283//3203 3285//3205
f 3255//3175 3285//3205 3256//3176
f 3284//3204 657//657 658//658
f 3284//3204 658//658 3286//3206
f 3256//3176 3285//3205 3287//3207
f 3256//3176 3287//3207 3257//3177
f 3286//3206 658//658 659//659
f 3286//3206 659//659 3288//3208
f 3257//3177 3287//3207 3289//3209
f 3257//3177 3289//3209 3258//3178
f 3288//3208 659//659 660//660
f 3288//3208 660//660 3290//3210
f 3258//3178 3289//3209 3291//3211
f 3258//3178 3291//3211 3259//3179
f 3290//3210 660//660 661//661
f 3290//3210 661//661 3292//3212
f 3259//3179 3291//3211 3293//3213
f 3259//3179 3293//3213 3260//3180
f 3292//3212 661//661 662//662
f 3292//3212 662//662 3294//3214
f 3260//3180 3293//3213 3295//3215
f 3260//3180 3295//3215 3261//3181
f 3294//3214 662//662 663//663
f 3294//3214 663//663 3296//3216
f 3261//3181 3295//3215 3297//3217
f 3261//3181 3297//3217 3262//3182
f 3296//3216 663//663 664//664
f 3296//3216 664//664 3298//3218
f 3262//3182 3297//3217 3299//3219
f 3262//3182 3299//3219 3263//3183
f 3298//3218 664//664 665//665
f 3298//3218 665//665 3300//3220
f 3263//3183 3299//3219 3301//3221
f 3263//3183 3301//3221 3264//3184
f 3300//3220 665//665 666//666
f 3300//3220 666//666 3302//3222
f 3264//3184 3301//3221 3303//3223
f 3264//3184 3303//3223 3265//3185
f 3302//3222 666//666 667//667
f 3302//3222 667//667 3304//3224
f 3265//3185 3303//3223 3305//3225
f 3265//3185 3305//3225 3266//3186
f 3304//3224 667//667 668//668
f 3304//3224 668//668 3306//3226
f 3266//3186 3305//3225 3307//3227
f 3266//3186 3307//3227 3267//3187
f 3306//3226 668//668 669//669
f 3306//3226 669//669 3308//3228
f 3267//3187 3307//3227 3309//3229
f 3267//3187 3309//3229 3268//3188
f 3308//3228 669//669 670//670
f 3308//3228 670//670 3310//3230
f 3268//3188 3309//3229 3311//3231
f 3268//3188 3311//3231 3269//3189
f 3310//3230 670//670 671//671
f 3310//3230 671//671 3312//3232
f 3269//3189 3311//3231 3275//3195
f 3269//3189 3275//3195 3270//3190
f 3312//3232 671//671 672//672
f 3312//3232 672//672 3273//3193
