g Env_MicroLevels_IconicBuilding_KrabsPearlsHouse
v -1.7394251 2.2218032 2.029888
v -1.5665656 -3.0517575E-07 1.8833778
v -0 -3.0517575E-07 1.8833777
v 1.5665656 -3.0517575E-07 1.8833778
v 1.7437114 2.3298712 2.029888
v -1.7394251 2.2218032 2.029888
v -1.670884 2.7626216 2.029888
v -1.4385755 3.255791 2.029888
v -1.0652397 3.6530352 2.029888
v -0.5874206 3.91547 2.029888
v -0.05189083 4.017406 2.029888
v 0.4889282 3.9488652 2.029888
v 0.98209715 3.7165563 2.029888
v 1.379342 3.3432202 2.029888
v 1.6417766 2.865401 2.029888
v 1.7437114 2.3298712 2.029888
v 0.6386436 14.231276 -1.8872638
v 0.6322365 15.655239 -1.8230839
v 0.026364975 15.633419 -1.8785667
v 0.027434615 14.236369 -1.9420037
v 0.835354 15.89356 -1.9727637
v 0.7999289 15.87565 -1.578879
v -0.1824224 15.853652 -1.6682304
v -0.14699753 15.871565 -2.062115
v 0.7999289 15.87565 -1.578879
v 0.808417 13.991316 -1.6638088
v -0.1792717 13.996234 -1.752416
v -0.1824224 15.853652 -1.6682304
v 0.808417 13.991316 -1.6638088
v 0.84384185 14.009226 -2.0576942
v -0.1438462 14.014145 -2.1462998
v -0.1792717 13.996234 -1.752416
v -0.1438462 14.014145 -2.1462998
v -0.14699753 15.871565 -2.062115
v -0.1824224 15.853652 -1.6682304
v -0.1792717 13.996234 -1.752416
v 0.808417 13.991316 -1.6638088
v 0.7999289 15.87565 -1.578879
v 0.835354 15.89356 -1.9727637
v 0.84384185 14.009226 -2.0576942
v 0.65456176 14.239324 -2.0642526
v 0.6386436 14.231276 -1.8872638
v 0.027434615 14.236369 -1.9420037
v 0.04335289 14.244417 -2.118992
v 0.04335289 14.244417 -2.118992
v 0.027434615 14.236369 -1.9420037
v 0.026364975 15.633419 -1.8785667
v 0.042282943 15.641466 -2.0555558
v 0.042282943 15.641466 -2.0555558
v 0.026364975 15.633419 -1.8785667
v 0.6322365 15.655239 -1.8230839
v 0.6481555 15.663286 -2.0000725
v 0.6481555 15.663286 -2.0000725
v 0.6322365 15.655239 -1.8230839
v 0.6386436 14.231276 -1.8872638
v 0.65456176 14.239324 -2.0642526
v -1.7263147 4.420875 -1.8103781
v -1.5838181 4.493216 -2.3298116
v -1.470017 4.4662337 -1.8713232
v -1.8401167 4.4478583 -2.2688646
v -1.9575609 4.296465 -1.7603016
v -2.071361 4.323447 -2.218789
v -2.1411173 4.1051784 -1.7259985
v -2.2549186 4.132162 -2.1844842
v -2.25902 3.8657455 -1.710826
v -2.3728213 3.8927274 -2.1693122
v -2.2997236 3.6015987 -1.7162671
v -2.4135253 3.6285808 -2.1747541
v -2.259248 3.3385947 -1.7417912
v -2.373048 3.365579 -2.2002778
v -2.1415524 3.1024828 -1.7849001
v -2.255353 3.1294653 -2.2433867
v -1.9581583 2.9163713 -1.8413732
v -2.0719607 2.9433544 -2.2998607
v -1.727019 2.7984786 -1.9056828
v -1.840819 2.8254616 -2.3641696
v -1.4707568 2.7603464 -1.9715338
v -1.5845587 2.7873287 -2.4300208
v -1.470017 4.4662337 -1.8713232
v -1.5838181 4.493216 -2.3298116
v -1.3275583 4.4550853 -2.3956606
v -1.2137566 4.4281015 -1.9371752
v -1.0964185 4.3371916 -2.4599707
v -0.9826163 4.3102093 -2.0014832
v -0.9130246 4.15108 -2.5164423
v -0.7992239 4.124098 -2.057957
v -0.7953295 3.914967 -2.5595503
v -0.6815286 3.887984 -2.1010654
v -0.7548532 3.6519659 -2.5850747
v -0.641052 3.624982 -2.1265898
v -0.7955579 3.3878176 -2.590516
v -0.68175733 3.360836 -2.132032
v -0.9134605 3.1483834 -2.5753436
v -0.7996597 3.121401 -2.1168575
v -1.0970172 2.9570987 -2.5410414
v -0.9832157 2.930117 -2.0825546
v -1.3282617 2.832689 -2.4909663
v -1.2144605 2.8057036 -2.032479
v -1.5845587 2.7873287 -2.4300208
v -1.4707568 2.7603464 -1.9715338
v -1.7104353 4.122086 -2.3202243
v -1.519077 4.081003 -2.1814933
v -1.5630146 4.1481757 -2.3552797
v -1.6549542 4.056957 -2.1491816
v -1.8434446 4.050525 -2.2914214
v -1.7775497 3.9909985 -2.1226342
v -1.949025 3.9405 -2.271691
v -1.8748637 3.889588 -2.1044493
v -2.0168414 3.8027806 -2.2629635
v -1.937369 3.7626517 -2.0964043
v -2.040254 3.6508462 -2.2660937
v -1.9589487 3.6226141 -2.0992901
v -2.0169713 3.499571 -2.2807748
v -1.9374902 3.4831822 -2.1128216
v -1.9492747 3.3637602 -2.3055704
v -1.8750924 3.3580053 -2.1356752
v -1.8437889 3.256712 -2.3380532
v -1.7778665 3.2593386 -2.1656165
v -1.7108394 3.1889007 -2.3750434
v -1.655328 3.1968367 -2.1997092
v -1.5634418 3.1669672 -2.4129188
v -1.5194691 3.1766205 -2.2346199
v -1.5630146 4.1481757 -2.3552797
v -1.519077 4.081003 -2.1814933
v -1.3832196 4.0607862 -2.2164047
v -1.4156176 4.1262417 -2.393157
v -1.2606809 3.9982855 -2.2504978
v -1.2826691 4.0584316 -2.4301465
v -1.1634543 3.899618 -2.2804368
v -1.1771828 3.9513814 -2.4626288
v -1.1010573 3.7744417 -2.303291
v -1.1094861 3.8155735 -2.4874246
v -1.079599 3.63501 -2.3168237
v -1.0862045 3.6642964 -2.5021052
v -1.101179 3.4949722 -2.3197086
v -1.1096176 3.512363 -2.5052366
v -1.1636844 3.3680353 -2.3116643
v -1.1774331 3.3746426 -2.496509
v -1.2609974 3.2666256 -2.2934775
v -1.2830129 3.2646184 -2.4767778
v -1.3835926 3.2006683 -2.2669303
v -1.4160217 3.1930585 -2.4479754
v -1.5194691 3.1766205 -2.2346199
v -1.5634418 3.1669672 -2.4129188
v 11.815617 8.7441435 -1.5431689
v 11.809262 9.550106 -1.5174578
v 11.263386 9.551621 -1.5274092
v 11.280483 8.757108 -1.5525556
v 11.964054 9.681825 -1.6385025
v 11.957787 9.670859 -1.2963231
v 11.115079 9.6815815 -1.3114147
v 11.121346 9.692546 -1.653594
v 11.957787 9.670859 -1.2963231
v 11.953456 8.600532 -1.3306996
v 11.12943 8.6224575 -1.3450903
v 11.115079 9.6815815 -1.3114147
v 11.953456 8.600532 -1.3306996
v 11.959723 8.611499 -1.6728789
v 11.135696 8.633422 -1.687269
v 11.12943 8.6224575 -1.3450903
v 11.135696 8.633422 -1.687269
v 11.121346 9.692546 -1.653594
v 11.115079 9.6815815 -1.3114147
v 11.12943 8.6224575 -1.3450903
v 11.953456 8.600532 -1.3306996
v 11.957787 9.670859 -1.2963231
v 11.964054 9.681825 -1.6385025
v 11.959723 8.611499 -1.6728789
v 11.81796 8.748242 -1.6710942
v 11.815617 8.7441435 -1.5431689
v 11.280483 8.757108 -1.5525556
v 11.282826 8.761207 -1.6804796
v 11.282826 8.761207 -1.6804796
v 11.280483 8.757108 -1.5525556
v 11.263386 9.551621 -1.5274092
v 11.26573 9.55572 -1.655332
v 11.26573 9.55572 -1.655332
v 11.263386 9.551621 -1.5274092
v 11.809262 9.550106 -1.5174578
v 11.811604 9.554206 -1.6453849
v 11.811604 9.554206 -1.6453849
v 11.809262 9.550106 -1.5174578
v 11.815617 8.7441435 -1.5431689
v 11.81796 8.748242 -1.6710942
v 1.1353767 9.325551 -1.639488
v 0.83293295 9.376254 -1.6871885
v 0.92202985 9.398159 -2.2288105
v 1.2244749 9.347456 -2.1811082
v 1.4081581 9.182792 -1.6003883
v 1.497254 9.204696 -2.1420095
v 1.6245725 8.961948 -1.5737195
v 1.7136697 8.983854 -2.1153388
v 1.76344 8.684644 -1.562092
v 1.8525372 8.706549 -2.103711
v 1.8111627 8.378018 -1.5666405
v 1.9002603 8.399921 -2.1082609
v 1.7630743 8.072084 -1.5869232
v 1.8521701 8.09399 -2.1285431
v 1.623878 7.7967963 -1.6209545
v 1.7129745 7.8187003 -2.1625748
v 1.4072009 7.579095 -1.6654027
v 1.4962994 7.6010003 -2.2070239
v 1.134254 7.440293 -1.7159164
v 1.2233498 7.462198 -2.2575371
v 0.8317516 7.3939776 -1.7675512
v 0.9208495 7.4158816 -2.3091722
v 0.83293295 9.376254 -1.6871885
v 0.61953044 9.351845 -2.2804437
v 0.92202985 9.398159 -2.2288105
v 0.5304325 9.329938 -1.7388247
v 0.346583 9.213041 -2.330958
v 0.25748464 9.191137 -1.7893367
v 0.129906 8.995341 -2.375404
v 0.0408094 8.973437 -1.8337855
v -0.009289246 8.720051 -2.4094346
v -0.09838625 8.698147 -1.8678163
v -0.05737869 8.414121 -2.4297175
v -0.14647602 8.392215 -1.8880993
v -0.009654541 8.107492 -2.4342666
v -0.09875122 8.08559 -1.8926495
v 0.12921286 7.8301873 -2.4226391
v 0.040116042 7.808282 -1.8810198
v 0.34562743 7.6093454 -2.3959713
v 0.25652993 7.587442 -1.854351
v 0.6184066 7.4665866 -2.3568733
v 0.52930945 7.4446793 -1.8152518
v 0.9208495 7.4158816 -2.3091722
v 0.8317516 7.3939776 -1.7675512
v 1.0710244 8.967886 -2.221701
v 0.897061 8.99705 -2.249138
v 0.86260307 8.922645 -2.0425756
v 1.0229449 8.895766 -2.0172856
v 1.2279241 8.885772 -2.1992118
v 1.1675605 8.82008 -1.9965575
v 1.3524044 8.758746 -2.1838725
v 1.282294 8.703 -1.9824202
v 1.4322795 8.599243 -2.177184
v 1.3559136 8.5559845 -1.9762543
v 1.4597293 8.422875 -2.179801
v 1.3812149 8.393427 -1.9786674
v 1.4320675 8.246907 -2.1914678
v 1.3557202 8.2312355 -1.9894198
v 1.3520042 8.088563 -2.2110417
v 1.2819238 8.085288 -2.007461
v 1.2273743 7.963344 -2.2366076
v 1.1670526 7.969875 -2.0310273
v 1.0703776 7.883506 -2.2656624
v 1.0223502 7.8962884 -2.0578058
v 0.89638335 7.856866 -2.295361
v 0.86197674 7.8717337 -2.0851798
v 0.897061 8.99705 -2.249138
v 0.7022315 8.89809 -2.0699508
v 0.86260307 8.922645 -2.0425756
v 0.7230674 8.970409 -2.2788386
v 0.55752856 8.824504 -2.09673
v 0.56607175 8.890571 -2.307893
v 0.4426568 8.709088 -2.1202934
v 0.44144148 8.765353 -2.3334587
v 0.36886123 8.563144 -2.1383352
v 0.36137792 8.607011 -2.353033
v 0.34336683 8.400952 -2.1490896
v 0.3337175 8.431042 -2.364699
v 0.36866805 8.238394 -2.1515012
v 0.3611679 8.254673 -2.3673167
v 0.44228798 8.091379 -2.1453364
v 0.4410421 8.09517 -2.3606286
v 0.5570209 7.974301 -2.1311967
v 0.5655213 7.9681463 -2.3452885
v 0.7016358 7.898615 -2.1104689
v 0.72242033 7.886031 -2.3227994
v 0.86197674 7.8717337 -2.0851798
v 0.89638335 7.856866 -2.295361
v -11.815617 8.7441435 -1.5431689
v -11.280483 8.757108 -1.5525556
v -11.263386 9.551621 -1.5274092
v -11.809262 9.550106 -1.5174578
v -11.964054 9.681825 -1.6385025
v -11.121346 9.692546 -1.653594
v -11.115079 9.6815815 -1.3114147
v -11.957787 9.670859 -1.2963231
v -11.957787 9.670859 -1.2963231
v -11.115079 9.6815815 -1.3114147
v -11.12943 8.6224575 -1.3450903
v -11.953456 8.600532 -1.3306996
v -11.953456 8.600532 -1.3306996
v -11.12943 8.6224575 -1.3450903
v -11.135696 8.633422 -1.687269
v -11.959723 8.611499 -1.6728789
v -11.135696 8.633422 -1.687269
v -11.12943 8.6224575 -1.3450903
v -11.115079 9.6815815 -1.3114147
v -11.121346 9.692546 -1.653594
v -11.953456 8.600532 -1.3306996
v -11.959723 8.611499 -1.6728789
v -11.964054 9.681825 -1.6385025
v -11.957787 9.670859 -1.2963231
v -11.81796 8.748242 -1.6710942
v -11.282826 8.761207 -1.6804796
v -11.280483 8.757108 -1.5525556
v -11.815617 8.7441435 -1.5431689
v -11.282826 8.761207 -1.6804796
v -11.26573 9.55572 -1.655332
v -11.263386 9.551621 -1.5274092
v -11.280483 8.757108 -1.5525556
v -11.26573 9.55572 -1.655332
v -11.811604 9.554206 -1.6453849
v -11.809262 9.550106 -1.5174578
v -11.263386 9.551621 -1.5274092
v -11.811604 9.554206 -1.6453849
v -11.81796 8.748242 -1.6710942
v -11.815617 8.7441435 -1.5431689
v -11.809262 9.550106 -1.5174578
v -11.765936 8.738379 1.5645267
v -11.777833 9.544065 1.5328391
v -11.232141 9.557178 1.5214285
v -11.231244 8.762706 1.5528913
v -11.930578 9.6734495 1.6588993
v -11.937406 9.659894 1.3168237
v -11.095172 9.688514 1.29888
v -11.088345 9.702069 1.6409554
v -11.937406 9.659894 1.3168237
v -11.908839 8.590204 1.3586396
v -11.085536 8.629624 1.3406459
v -11.095172 9.688514 1.29888
v -11.908839 8.590204 1.3586396
v -11.902013 8.603759 1.7007152
v -11.07871 8.643179 1.6827215
v -11.085536 8.629624 1.3406459
v -11.07871 8.643179 1.6827215
v -11.088345 9.702069 1.6409554
v -11.095172 9.688514 1.29888
v -11.085536 8.629624 1.3406459
v -11.908839 8.590204 1.3586396
v -11.937406 9.659894 1.3168237
v -11.930578 9.6734495 1.6588993
v -11.902013 8.603759 1.7007152
v -11.763384 8.743445 1.6924134
v -11.765936 8.738379 1.5645267
v -11.231244 8.762706 1.5528913
v -11.228691 8.767774 1.680778
v -11.228691 8.767774 1.680778
v -11.231244 8.762706 1.5528913
v -11.232141 9.557178 1.5214285
v -11.2295885 9.562244 1.6493151
v -11.2295885 9.562244 1.6493151
v -11.232141 9.557178 1.5214285
v -11.777833 9.544065 1.5328391
v -11.775281 9.549131 1.6607258
v -11.775281 9.549131 1.6607258
v -11.777833 9.544065 1.5328391
v -11.765936 8.738379 1.5645267
v -11.763384 8.743445 1.6924134
v -8.453731 17.939875 0.29154822
v -8.453731 19.912682 0.29154822
v -4.208231 19.97965 0.6064637
v -4.208231 18.006844 0.6064637
v -0 18.039412 0.75631267
v -0 20.012218 0.75631267
v 4.208231 18.006844 0.6064637
v 4.208231 19.97965 0.6064637
v 8.453731 17.939875 0.29154822
v 8.453731 19.912682 0.29154822
v 12.558702 10.02795 -0.09529057
v 12.431732 11.112922 -3.9271534E-08
v 12.53695 10.02795 -3.9271534E-08
v 12.453851 11.109074 -0.09529057
v 12.619642 10.02795 -0.17170769
v 12.675913 11.278898 -0.09789975
v 12.515832 11.0982895 -0.17170769
v 12.707704 10.02795 -0.2141159
v 12.698349 11.279724 -0.19319263
v 12.67121 11.772837 -0.035022628
v 12.691633 11.772837 -0.12177335
v 12.761219 11.282036 -0.2696074
v 12.748873 11.772837 -0.1913438
v 12.605397 11.082706 -0.2141159
v 12.805446 10.02795 -0.2141159
v 12.852069 11.285375 -0.31201684
v 12.831577 11.772837 -0.22995019
v 12.704807 11.06541 -0.2141159
v 12.893504 10.02795 -0.17170763
v 12.952899 11.289082 -0.31201798
v 12.923371 11.772837 -0.22994563
v 12.794369 11.049827 -0.17170763
v 12.954443 10.02795 -0.095290504
v 13.043747 11.29242 -0.2696062
v 13.006082 11.772837 -0.19134827
v 12.85635 11.039042 -0.095290504
v 12.976197 10.02795 4.5474734E-15
v 12.878472 11.035193 4.5474734E-15
v 13.10662 11.294732 -0.1931902
v 13.063313 11.772837 -0.12178231
v 13.129059 11.295556 -0.09789971
v 13.083742 11.772837 -0.035028182
v 12.954443 10.02795 0.09529057
v 12.878472 11.035193 4.5474734E-15
v 12.976197 10.02795 4.5474734E-15
v 12.85635 11.039042 0.09529057
v 12.893504 10.02795 0.17170769
v 13.129059 11.295556 -0.09789971
v 12.794369 11.049827 0.17170769
v 12.805446 10.02795 0.2141159
v 13.10662 11.294732 -0.0026091381
v 13.083742 11.772837 -0.035028182
v 13.063313 11.772837 0.051723227
v 13.043754 11.29242 0.073806815
v 13.006082 11.772837 0.12129058
v 12.704807 11.06541 0.2141159
v 12.707704 10.02795 0.2141159
v 12.952904 11.289082 0.11621861
v 12.923376 11.772837 0.15989073
v 12.605397 11.082706 0.2141159
v 12.619642 10.02795 0.17170765
v 12.852069 11.285375 0.11621736
v 12.831577 11.772837 0.15989383
v 12.515832 11.0982895 0.17170765
v 12.558702 10.02795 0.095290504
v 12.761218 11.282036 0.07380793
v 12.748872 11.772837 0.12128741
v 12.453851 11.109074 0.095290504
v 12.53695 10.02795 -3.9271534E-08
v 12.431732 11.112922 -3.9271534E-08
v 12.698348 11.279724 -0.0026068257
v 12.691633 11.772837 0.051722534
v 12.675913 11.278898 -0.09789975
v 12.67121 11.772837 -0.035022628
v 12.523586 11.749077 -0.20501213
v 12.877476 12.537508 -0.035028886
v 12.483841 11.749305 -0.03502269
v 12.633748 11.748575 -0.33984327
v 12.790822 11.748183 -0.41365463
v 12.964126 11.748186 -0.41365424
v 13.121196 11.748578 -0.33985022
v 13.231363 11.749078 -0.20502369
v 13.271108 11.749305 -0.03502662
v 12.483841 11.749305 -0.03502269
v 12.877476 12.537508 -0.035028886
v 12.523587 11.749078 0.13496421
v 12.633752 11.748575 0.26978996
v 12.790822 11.748183 0.34359848
v 12.964133 11.748183 0.3435977
v 13.1212 11.748576 0.26978955
v 13.231362 11.749081 0.13496484
v 13.271108 11.749305 -0.03502662
v -1.3655139 15.146018 1.5894439
v -1.3405039 16.568453 1.5006574
v -0.7553105 16.546938 1.6671529
v -0.77480733 15.15139 1.755683
v -1.5665454 16.809904 1.6058502
v -1.4593103 16.784286 1.2256327
v -0.51030934 16.76277 1.4947352
v -0.6175446 16.788387 1.8749528
v -1.4593103 16.784286 1.2256327
v -1.4924158 14.901974 1.3431222
v -0.5379015 14.907346 1.611968
v -0.51030934 16.76277 1.4947352
v -1.4924158 14.901974 1.3431222
v -1.5996507 14.92759 1.7233399
v -0.6451368 14.932963 1.9921855
v -0.5379015 14.907346 1.611968
v -0.6451368 14.932963 1.9921855
v -0.6175446 16.788387 1.8749528
v -0.51030934 16.76277 1.4947352
v -0.5379015 14.907346 1.611968
v -1.4924158 14.901974 1.3431222
v -1.4593103 16.784286 1.2256327
v -1.5665454 16.809904 1.6058502
v -1.5996507 14.92759 1.7233399
v -1.4136993 15.157528 1.760292
v -1.3655139 15.146018 1.5894439
v -0.77480733 15.15139 1.755683
v -0.82299286 15.162901 1.9265308
v -0.82299286 15.162901 1.9265308
v -0.77480733 15.15139 1.755683
v -0.7553105 16.546938 1.6671529
v -0.8034958 16.558449 1.8380004
v -0.8034958 16.558449 1.8380004
v -0.7553105 16.546938 1.6671529
v -1.3405039 16.568453 1.5006574
v -1.3886894 16.579964 1.671505
v -1.3886894 16.579964 1.671505
v -1.3405039 16.568453 1.5006574
v -1.3655139 15.146018 1.5894439
v -1.4136993 15.157528 1.760292
v -1.670884 2.7626216 2.029888
v -1.7394251 2.2218032 2.3313017
v -1.7394251 2.2218032 2.029888
v -1.670884 2.7626216 2.3313017
v -1.4385755 3.255791 2.029888
v -1.4385755 3.255791 2.3313017
v -1.0652397 3.6530352 2.029888
v -1.0652397 3.6530352 2.3313017
v -0.5874206 3.91547 2.029888
v -0.5874206 3.91547 2.3313017
v -0.05189083 4.017406 2.029888
v -0.05189083 4.017406 2.3313017
v 0.4889282 3.9488652 2.029888
v 0.4889282 3.9488652 2.3313017
v 0.98209715 3.7165563 2.029888
v 0.98209715 3.7165563 2.3313017
v 1.379342 3.3432202 2.029888
v 1.379342 3.3432202 2.3313017
v 1.6417766 2.865401 2.029888
v 1.6417766 2.865401 2.3313017
v 1.7437114 2.3298712 2.029888
v 1.7437114 2.3298712 2.3313017
v -1.7394251 2.2218032 2.3313017
v -1.5665656 -3.0517575E-07 2.2754018
v -1.5665656 -3.0517575E-07 1.8833778
v -1.7394251 2.2218032 2.029888
v 1.7437114 2.3298712 2.029888
v 1.5665656 -3.0517575E-07 1.8833778
v 1.5665656 -3.0517575E-07 2.2754018
v 1.7437114 2.3298712 2.3313017
v -0 -3.0517575E-07 2.2754018
v -1.5665656 -3.0517575E-07 2.2754018
v -1.7394251 2.2218032 2.3313017
v -1.670884 2.7626216 2.3313017
v -1.4385755 3.255791 2.3313017
v -1.0652397 3.6530352 2.3313017
v -0.5874206 3.91547 2.3313017
v -0.05189083 4.017406 2.3313017
v 0.4889282 3.9488652 2.3313017
v 0.98209715 3.7165563 2.3313017
v 1.379342 3.3432202 2.3313017
v 1.6417766 2.865401 2.3313017
v 1.7437114 2.3298712 2.3313017
v 1.5665656 -3.0517575E-07 2.2754018
v -1.5665656 -3.0517575E-07 1.8833778
v -1.5665656 -3.0517575E-07 2.2754018
v -0 -3.0517575E-07 2.2754018
v -0 -3.0517575E-07 1.8833777
v 1.5665656 -3.0517575E-07 2.2754018
v 1.5665656 -3.0517575E-07 1.8833778
v 1.4060779 7.344642 1.6542135
v 1.2981153 7.405344 2.2728803
v 1.1166444 7.394539 1.7544954
v 1.5875491 7.3554482 2.1725984
v 1.6674049 7.202552 1.5656925
v 1.848876 7.213357 2.0840776
v 1.875045 6.9821715 1.4975976
v 2.0565155 6.9929776 2.0159826
v 2.0086725 6.7050805 1.4565942
v 2.190143 6.7158847 1.9749794
v 2.0552065 6.398398 1.4466966
v 2.2366772 6.409202 1.9650816
v 2.010094 6.092142 1.4688728
v 2.191564 6.102949 1.9872572
v 1.877749 5.8162985 1.5209522
v 2.0592194 5.8271036 2.0393376
v 1.6711267 5.5978637 1.5978377
v 1.852598 5.6086693 2.1162224
v 1.4104536 5.45822 1.6920018
v 1.5919241 5.4690256 2.2103872
v 1.1212451 5.411038 1.7942284
v 1.3027161 5.421843 2.3126135
v 1.1166444 7.394539 1.7544954
v 1.2981153 7.405344 2.2728803
v 1.0089072 7.3581634 2.3751068
v 0.8274362 7.347357 1.8567218
v 0.7482338 7.218519 2.4692714
v 0.56676286 7.207714 1.9508864
v 0.5416116 7.000084 2.5461564
v 0.36014074 6.989279 2.0277712
v 0.40926674 6.7242393 2.5982351
v 0.22779602 6.7134337 2.0798512
v 0.3641539 6.4179873 2.6204116
v 0.18268295 6.407181 2.1020272
v 0.4106887 6.1113024 2.6105142
v 0.22921783 6.1004987 2.0921292
v 0.5443161 5.83421 2.5695107
v 0.3628452 5.823405 2.0511255
v 0.751956 5.6138315 2.5014162
v 0.5704851 5.6030273 1.9830312
v 1.0132825 5.471741 2.4128954
v 0.8318118 5.460933 1.8945103
v 1.3027161 5.421843 2.3126135
v 1.1212451 5.411038 1.7942284
v 1.4418716 6.9752197 2.2315211
v 1.2054403 6.9337616 2.0902636
v 1.275392 7.0039196 2.2892017
v 1.358885 6.9073095 2.037099
v 1.5921837 6.8934894 2.1806045
v 1.4974279 6.8319774 1.9901692
v 1.7116156 6.7667294 2.1414375
v 1.607509 6.715143 1.9540687
v 1.7884765 6.60735 2.117853
v 1.6783518 6.568242 1.9323307
v 1.8152425 6.4309487 2.11216
v 1.703022 6.405654 1.9270835
v 1.7892935 6.2547965 2.1249151
v 1.6791052 6.243293 1.9388398
v 1.7131705 6.0961328 2.1548705
v 1.6089418 6.097051 1.9664501
v 1.5943244 5.970492 2.1990945
v 1.4994006 5.981248 2.0072117
v 1.4443879 5.8901696 2.2532568
v 1.3612045 5.9072146 2.0571325
v 1.2780392 5.863031 2.3120558
v 1.2078803 5.8822007 2.1113281
v 1.275392 7.0039196 2.2892017
v 1.2054403 6.9337616 2.0902636
v 1.0521157 6.9087467 2.1444595
v 1.1090435 6.9767804 2.3480012
v 0.9139195 6.834715 2.194381
v 0.95910734 6.896459 2.4021637
v 0.8043783 6.71891 2.2351415
v 0.84026027 6.7708173 2.4463873
v 0.7342151 6.572671 2.2627518
v 0.76413727 6.6121554 2.4763427
v 0.7102981 6.4103093 2.274509
v 0.7381887 6.4360013 2.489098
v 0.73496914 6.2477207 2.2692616
v 0.7649551 6.259601 2.4834054
v 0.80581176 6.100819 2.2475235
v 0.841816 6.1002207 2.4598207
v 0.9158923 5.9839854 2.211423
v 0.96124786 5.9734626 2.4206533
v 1.0544357 5.9086547 2.1644933
v 1.1115601 5.891732 2.3697371
v 1.2078803 5.8822007 2.1113281
v 1.2780392 5.863031 2.3120558
v 11.251104 8.753533 1.5612286
v 11.281935 9.558847 1.5330389
v 11.826688 9.542362 1.5005784
v 11.785485 8.748845 1.5290109
v 11.141425 9.6956 1.6653961
v 11.120732 9.684434 1.3237922
v 11.961962 9.667361 1.2733914
v 11.982655 9.678526 1.6149951
v 11.120732 9.684434 1.3237922
v 11.092533 8.614546 1.3604704
v 11.91546 8.609286 1.3107919
v 11.961962 9.667361 1.2733914
v 11.092533 8.614546 1.3604704
v 11.113225 8.625711 1.702074
v 11.936153 8.620452 1.6523958
v 11.91546 8.609286 1.3107919
v 11.936153 8.620452 1.6523958
v 11.982655 9.678526 1.6149951
v 11.961962 9.667361 1.2733914
v 11.91546 8.609286 1.3107919
v 11.092533 8.614546 1.3604704
v 11.120732 9.684434 1.3237922
v 11.141425 9.6956 1.6653961
v 11.113225 8.625711 1.702074
v 11.25884 8.757708 1.688939
v 11.251104 8.753533 1.5612286
v 11.785485 8.748845 1.5290109
v 11.793221 8.753019 1.6567211
v 11.793221 8.753019 1.6567211
v 11.785485 8.748845 1.5290109
v 11.826688 9.542362 1.5005784
v 11.834424 9.546536 1.6282889
v 11.834424 9.546536 1.6282889
v 11.826688 9.542362 1.5005784
v 11.281935 9.558847 1.5330389
v 11.289671 9.563023 1.6607493
v 11.289671 9.563023 1.6607493
v 11.281935 9.558847 1.5330389
v 11.251104 8.753533 1.5612286
v 11.25884 8.757708 1.688939
v -13.385099 9.229714 1.4227325
v -13.385099 9.229714 -1.4227325
v -13.668976 9.551059 -1.4227325
v -13.668976 9.551059 1.4227325
v -10.001379 9.229714 -1.4227325
v -10.001379 9.229714 1.4227325
v -9.7175 9.551059 1.4227325
v -9.7175 9.551059 -1.4227325
v -12.976472 10.05475 1.4227325
v -13.385099 9.229714 1.4227325
v -13.668976 9.551059 1.4227325
v -12.691457 9.771162 1.4227325
v -12.083702 10.398206 1.4227325
v -12.337359 10.651018 1.4227325
v -11.693238 11.418572 1.4227325
v -11.693238 10.931985 1.4227325
v -12.976127 10.054999 -1.4227325
v -13.668976 9.551059 1.4227325
v -13.668976 9.551059 -1.4227325
v -12.976472 10.05475 1.4227325
v -12.337359 10.651018 1.4227325
v -12.337631 10.650692 -1.4227325
v -11.693238 11.418572 -1.4227325
v -11.693238 11.418572 1.4227325
v -12.691457 9.771162 -1.4227325
v -13.668976 9.551059 -1.4227325
v -13.385099 9.229714 -1.4227325
v -12.976127 10.054999 -1.4227325
v -12.337631 10.650692 -1.4227325
v -12.083702 10.398206 -1.4227325
v -11.693238 10.931985 -1.4227325
v -11.693238 11.418572 -1.4227325
v -12.691457 9.771162 1.4227325
v -13.385099 9.229714 -1.4227325
v -13.385099 9.229714 1.4227325
v -12.691457 9.771162 -1.4227325
v -12.083702 10.398206 -1.4227325
v -12.083702 10.398206 1.4227325
v -11.693238 10.931985 1.4227325
v -11.693238 10.931985 -1.4227325
v -11.302777 10.398206 1.4227325
v -11.693238 10.931985 -1.4227325
v -11.693238 10.931985 1.4227325
v -11.302777 10.398206 -1.4227325
v -10.695018 9.771162 -1.4227325
v -10.695018 9.771162 1.4227325
v -10.001379 9.229714 -1.4227325
v -10.001379 9.229714 1.4227325
v -11.302777 10.398206 -1.4227325
v -11.693238 11.418572 -1.4227325
v -11.693238 10.931985 -1.4227325
v -11.048847 10.650692 -1.4227325
v -10.410352 10.054999 -1.4227325
v -10.695018 9.771162 -1.4227325
v -9.7175 9.551059 -1.4227325
v -10.001379 9.229714 -1.4227325
v -11.048847 10.650692 -1.4227325
v -11.693238 11.418572 1.4227325
v -11.693238 11.418572 -1.4227325
v -11.049118 10.651018 1.4227325
v -10.410006 10.05475 1.4227325
v -10.410352 10.054999 -1.4227325
v -9.7175 9.551059 1.4227325
v -9.7175 9.551059 -1.4227325
v -11.049118 10.651018 1.4227325
v -11.693238 10.931985 1.4227325
v -11.693238 11.418572 1.4227325
v -11.302777 10.398206 1.4227325
v -10.695018 9.771162 1.4227325
v -10.410006 10.05475 1.4227325
v -10.001379 9.229714 1.4227325
v -9.7175 9.551059 1.4227325
v -7.3304977 3.056668 1.7150974
v -7.586465 3.1525133 2.1468318
v -7.5787253 3.0949953 1.7057441
v -7.3382373 3.114187 2.156185
v -7.106536 2.9441168 1.7337039
v -7.1142755 3.0016348 2.1747916
v -6.9287624 2.7683547 1.7597425
v -6.9365025 2.8258736 2.20083
v -6.8145795 2.5465922 1.7906638
v -6.8223186 2.60411 2.2317514
v -6.7751637 2.3005335 1.8234417
v -6.7829027 2.3580506 2.2645295
v -6.8143716 2.0542629 1.8548675
v -6.8221116 2.1117823 2.2959545
v -6.9283686 1.831892 1.8818645
v -6.936108 1.88941 2.322952
v -7.1059933 1.6551849 1.9017906
v -7.113733 1.7127033 2.342878
v -7.32986 1.5414395 1.9126949
v -7.3375993 1.5989575 2.3537827
v -7.578054 1.5017898 1.9135106
v -7.5857935 1.5593078 2.354598
v -7.5787253 3.0949953 1.7057441
v -7.586465 3.1525133 2.1468318
v -7.8346586 3.1128647 2.1476471
v -7.8269196 3.055346 1.7065595
v -8.058524 2.9991186 2.1585517
v -8.050786 2.9416008 1.717464
v -8.236151 2.8224115 2.1784775
v -8.228412 2.7648935 1.7373898
v -8.350146 2.60004 2.2054741
v -8.342407 2.5425215 1.7643871
v -8.389356 2.353772 2.2369
v -8.381617 2.296253 1.7958128
v -8.349939 2.107711 2.269678
v -8.342199 2.050194 1.8285905
v -8.235755 1.8859478 2.3005996
v -8.228016 1.8284298 1.8595119
v -8.057982 1.7101873 2.3266382
v -8.050243 1.6526699 1.8855505
v -7.8340206 1.5976361 2.3452446
v -7.8262815 1.5401156 1.9041574
v -7.5857935 1.5593078 2.354598
v -7.578054 1.5017898 1.9135106
v -7.4638443 2.8078887 2.1939225
v -7.60361 2.7547138 2.0250552
v -7.606622 2.8299344 2.1885421
v -7.472011 2.7343955 2.0300138
v -7.3350244 2.7431498 2.2046244
v -7.353277 2.674724 2.0398781
v -7.232771 2.6420538 2.2196019
v -7.25903 2.5815442 2.0536828
v -7.1670938 2.5144985 2.2373877
v -7.1984954 2.463976 2.0700758
v -7.1444225 2.3729677 2.256241
v -7.1775994 2.3335276 2.087453
v -7.1669755 2.2313173 2.2743158
v -7.1983852 2.2029672 2.104113
v -7.2325444 2.1034105 2.2898445
v -7.258822 2.0850751 2.1184258
v -7.3347125 2.0017715 2.3013065
v -7.35299 1.9913938 2.1289902
v -7.4634776 1.9363455 2.3075783
v -7.471673 1.9310905 2.1347709
v -7.606236 1.9135393 2.3080473
v -7.603254 1.91007 2.1352031
v -7.606622 2.8299344 2.1885421
v -7.60361 2.7547138 2.0250552
v -7.735191 2.733693 2.0254874
v -7.74938 2.8071277 2.1890113
v -7.8538737 2.6733909 2.0312686
v -7.8781457 2.7417028 2.1952837
v -7.9480424 2.5797086 2.0418322
v -7.980314 2.640062 2.2067447
v -8.008478 2.4618177 2.056145
v -8.045883 2.512158 2.222273
v -8.029265 2.3312573 2.0728054
v -8.068436 2.3705058 2.2403488
v -8.008368 2.2008088 2.090183
v -8.045764 2.2289758 2.2592025
v -7.9478335 2.0832398 2.106576
v -7.9800863 2.10142 2.2769883
v -7.853586 1.9900602 2.1203802
v -7.877834 2.000325 2.291965
v -7.7348523 1.9303898 2.1302445
v -7.7490134 1.9355859 2.3026674
v -7.603254 1.91007 2.1352031
v -7.606236 1.9135393 2.3080473
v 0.2414413 2.754353 2.2388756
v 0.025952926 2.7788107 2.6411204
v 0.018890034 2.7856324 2.2433639
v 0.24850456 2.7475324 2.6366324
v 0.44341353 2.65583 2.2335994
v 0.45047665 2.6490085 2.6313562
v 0.6050365 2.4997041 2.228052
v 0.61209923 2.4928832 2.6258087
v 0.71048874 2.3012626 2.222776
v 0.71755165 2.2944405 2.6205328
v 0.749448 2.079927 2.2182882
v 0.75651085 2.0731044 2.6160448
v 0.71810156 1.8573617 2.2150278
v 0.7251643 1.8505414 2.6127841
v 0.6195171 1.6553584 2.2133138
v 0.6265796 1.6485367 2.6110704
v 0.46334445 1.4936864 2.2133143
v 0.47040766 1.4868652 2.611071
v 0.26487193 1.3881729 2.2150285
v 0.27193466 1.3813512 2.6127856
v 0.043526273 1.3491455 2.21829
v 0.050589435 1.3423238 2.6160467
v 0.018890034 2.7856324 2.2433639
v 0.025952926 2.7788107 2.6411204
v -0.19539234 2.7397838 2.6443818
v -0.2024554 2.7466052 2.246625
v -0.3938652 2.63427 2.6460965
v -0.40092823 2.6410916 2.2483397
v -0.55003756 2.472598 2.6460967
v -0.55710053 2.47942 2.24834
v -0.64862204 2.270594 2.6443825
v -0.655685 2.2774153 2.2466264
v -0.67996854 2.0480313 2.6411223
v -0.6870317 2.0548522 2.2433658
v -0.6410089 1.8266939 2.6366348
v -0.6480719 1.8335165 2.238878
v -0.5355566 1.6282514 2.6313589
v -0.5426196 1.6350732 2.2336018
v -0.3739339 1.4721267 2.625811
v -0.3809969 1.478949 2.2280545
v -0.17196205 1.3736038 2.6205351
v -0.17902485 1.3804233 2.2227783
v 0.050589435 1.3423238 2.6160467
v 0.043526273 1.3491455 2.21829
v 0.14080355 2.469703 2.6337798
v 0.0108853495 2.442543 2.4818678
v 0.012794214 2.4876947 2.6363611
v 0.12887199 2.425961 2.4794884
v 0.2569756 2.413033 2.630745
v 0.23594795 2.373727 2.476691
v 0.349939 2.3232315 2.6275542
v 0.3216327 2.2909572 2.47375
v 0.41059393 2.20909 2.6245196
v 0.3775384 2.1857526 2.4709532
v 0.43300277 2.0817797 2.6219382
v 0.39819273 2.068411 2.4685738
v 0.4149723 1.9537644 2.6200626
v 0.3815744 1.9504182 2.4668453
v 0.35826796 1.8375732 2.6190765
v 0.32930923 1.8433242 2.4659364
v 0.2684393 1.7445818 2.6190777
v 0.24651393 1.7576139 2.4659371
v 0.15428023 1.6838909 2.6200633
v 0.14129359 1.7016749 2.4668458
v 0.026965328 1.6614425 2.621939
v 0.023946898 1.6809841 2.4685748
v 0.012794214 2.4876947 2.6363611
v 0.0108853495 2.442543 2.4818678
v -0.10646174 2.421852 2.4835963
v -0.114520766 2.465246 2.638237
v -0.21168226 2.365914 2.484506
v -0.22867996 2.4045558 2.6392236
v -0.2944774 2.2802029 2.484506
v -0.31850874 2.3115637 2.6392236
v -0.3467424 2.17311 2.4835973
v -0.37521324 2.1953743 2.638238
v -0.36336103 2.0551171 2.481869
v -0.39324352 2.0673575 2.6363623
v -0.3427062 1.9377755 2.4794898
v -0.3708343 1.9400477 2.6337814
v -0.2868006 1.8325702 2.4766927
v -0.3101794 1.8259057 2.6307466
v -0.2011161 1.7498007 2.4737518
v -0.21721607 1.7361053 2.6275558
v -0.0940398 1.6975676 2.4709544
v -0.10104399 1.6794351 2.6245208
v 0.023946898 1.6809841 2.4685748
v 0.026965328 1.6614425 2.621939
v 13.385099 9.229714 1.4227325
v 13.668976 9.551059 1.4227325
v 13.668976 9.551059 -1.4227325
v 13.385099 9.229714 -1.4227325
v 10.001379 9.229714 -1.4227325
v 9.717502 9.551059 -1.4227325
v 9.717502 9.551059 1.4227325
v 10.001379 9.229714 1.4227325
v 12.976473 10.05475 1.4227325
v 13.668976 9.551059 1.4227325
v 13.385099 9.229714 1.4227325
v 12.691457 9.771162 1.4227325
v 12.083702 10.398206 1.4227325
v 12.337358 10.651018 1.4227325
v 11.693238 11.418572 1.4227325
v 11.693238 10.931985 1.4227325
v 12.976127 10.054999 -1.4227325
v 13.668976 9.551059 -1.4227325
v 13.668976 9.551059 1.4227325
v 12.976473 10.05475 1.4227325
v 12.337358 10.651018 1.4227325
v 12.337631 10.650692 -1.4227325
v 11.693238 11.418572 -1.4227325
v 11.693238 11.418572 1.4227325
v 12.691457 9.771162 -1.4227325
v 13.385099 9.229714 -1.4227325
v 13.668976 9.551059 -1.4227325
v 12.976127 10.054999 -1.4227325
v 12.337631 10.650692 -1.4227325
v 12.083702 10.398206 -1.4227325
v 11.693238 10.931985 -1.4227325
v 11.693238 11.418572 -1.4227325
v 12.691457 9.771162 1.4227325
v 13.385099 9.229714 1.4227325
v 13.385099 9.229714 -1.4227325
v 12.691457 9.771162 -1.4227325
v 12.083702 10.398206 -1.4227325
v 12.083702 10.398206 1.4227325
v 11.693238 10.931985 1.4227325
v 11.693238 10.931985 -1.4227325
v 11.302777 10.398206 1.4227325
v 11.693238 10.931985 1.4227325
v 11.693238 10.931985 -1.4227325
v 11.302777 10.398206 -1.4227325
v 10.69502 9.771162 -1.4227325
v 10.69502 9.771162 1.4227325
v 10.001379 9.229714 -1.4227325
v 10.001379 9.229714 1.4227325
v 11.302777 10.398206 -1.4227325
v 11.693238 10.931985 -1.4227325
v 11.693238 11.418572 -1.4227325
v 11.048847 10.650692 -1.4227325
v 10.410352 10.054999 -1.4227325
v 10.69502 9.771162 -1.4227325
v 9.717502 9.551059 -1.4227325
v 10.001379 9.229714 -1.4227325
v 11.048847 10.650692 -1.4227325
v 11.693238 11.418572 -1.4227325
v 11.693238 11.418572 1.4227325
v 11.049118 10.651018 1.4227325
v 10.410006 10.05475 1.4227325
v 10.410352 10.054999 -1.4227325
v 9.717502 9.551059 1.4227325
v 9.717502 9.551059 -1.4227325
v 11.049118 10.651018 1.4227325
v 11.693238 11.418572 1.4227325
v 11.693238 10.931985 1.4227325
v 11.302777 10.398206 1.4227325
v 10.69502 9.771162 1.4227325
v 10.410006 10.05475 1.4227325
v 10.001379 9.229714 1.4227325
v 9.717502 9.551059 1.4227325
v 2.486845 1.9102333 2.3186674
v 2.4631867 2.7021704 2.2942157
v 3.3094509 2.7322736 2.2419677
v 3.2618053 1.8929572 2.2722876
v 2.3336844 2.8448184 2.434164
v 2.311628 2.8329175 2.0700629
v 3.4333887 2.8624756 2.0011442
v 3.4554443 2.8743768 2.365245
v 2.311628 2.8329175 2.0700629
v 2.3352866 1.765128 2.103531
v 3.3857434 1.7473065 2.0404801
v 3.4333887 2.8624756 2.0011442
v 2.3352866 1.765128 2.103531
v 2.3573425 1.7770288 2.4676318
v 3.4077988 1.7592074 2.4045815
v 3.3857434 1.7473065 2.0404801
v 3.4077988 1.7592074 2.4045815
v 3.4554443 2.8743768 2.365245
v 3.4333887 2.8624756 2.0011442
v 3.3857434 1.7473065 2.0404801
v 2.3352866 1.765128 2.103531
v 2.311628 2.8329175 2.0700629
v 2.3336844 2.8448184 2.434164
v 2.3573425 1.7770288 2.4676318
v 2.4950907 1.9146826 2.4547887
v 2.486845 1.9102333 2.3186674
v 3.2618053 1.8929572 2.2722876
v 3.2700512 1.8974066 2.4084086
v 3.2700512 1.8974066 2.4084086
v 3.2618053 1.8929572 2.2722876
v 3.3094509 2.7322736 2.2419677
v 3.3176968 2.7367227 2.378089
v 3.3176968 2.7367227 2.378089
v 3.3094509 2.7322736 2.2419677
v 2.4631867 2.7021704 2.2942157
v 2.4714324 2.7066195 2.430337
v 2.4714324 2.7066195 2.430337
v 2.4631867 2.7021704 2.2942157
v 2.486845 1.9102333 2.3186674
v 2.4950907 1.9146826 2.4547887
v -8.654649 17.022192 -0.33956948
v -8.654649 16.893595 0
v -6.996679 16.81523 0
v -6.9990225 16.957739 -0.3885748
v -8.63823 17.30446 -0.5793579
v -5.076357 16.881193 -0.4345733
v -5.075015 16.72387 0
v -7.004553 17.282618 -0.6557042
v -8.654649 17.5909 -0.61909187
v -3.1095953 16.77485 -0.48233524
v -3.1063669 16.61419 0
v -5.0804935 17.24049 -0.73391765
v -7.010124 17.592873 -0.68455786
v -8.654649 17.98729 -0.43692198
v -3.1181366 17.152348 -0.8227062
v -2.6400707 16.727507 -0.5122986
v -2.7327106 16.564234 0
v -2.4105525 16.419325 0
v -5.0849123 17.585264 -0.76713014
v -7.016993 17.958784 -0.5599783
v -8.641048 18.12863 -0.22862342
v -2.5195904 17.004814 -0.8594693
v -2.3594043 17.468634 -0.9870949
v -1.9502668 16.777643 -1.0253305
v -3.1260788 17.526909 -0.8747842
v -2.2595305 16.548632 -0.54261297
v -2.1118886 16.098345 -0.566662
v -2.2352927 16.079042 0
v -3.1366916 18.007736 -0.7224497
v -2.397636 5.3718367 -0.84229004
v -2.5765395 5.3857727 0
v -2.6710665 4.788008 0
v -2.5147913 4.7172194 -0.8546623
v -2.9534717 4.319019 0
v -2.1248405 5.2762747 -1.4765116
v -1.8763698 16.114412 -1.0145373
v -5.0920105 17.998877 -0.6303736
v -2.8691149 4.156647 -0.8602226
v -2.2835886 4.531864 -1.4895041
v -1.6762121 5.171851 -1.945515
v -1.4957343 16.121918 -1.3735703
v -0.89429533 5.1277966 -2.1650598
v -3.878442 3.768711 -0.81560254
v -3.8741076 3.9473393 0
v -1.8681251 4.356545 -1.9456387
v -2.3272767 3.3424208 -2.0181282
v -2.667417 3.8506477 -1.541121
v -3.8860693 3.3894517 -1.4750314
v -5.6576586 3.6262145 -0.78458005
v -5.628105 3.7950845 0
v -7.0284057 3.9468303 0
v -5.717495 3.2662683 -1.43042
v -7.076837 3.7838101 -0.7646517
v -7.963474 4.2052402 0
v -0.8774876 4.3183436 -2.1542833
v -5.8105693 2.7210424 -1.9022751
v -7.1786094 3.440072 -1.3914973
v -8.037215 4.054683 -0.7379633
v -3.8991182 2.819663 -1.9649764
v -8.673873 4.46059 -0.71532553
v -8.578958 4.5937366 0
v -9.127546 4.9679327 -0.7012445
v -9.010686 5.079702 0
v -9.474322 5.596372 -0.6827292
v -9.340747 5.684644 0
v -9.78806 6.4529514 -0.6493379
v -9.647265 6.5184383 0
v -10.008606 7.425232 -0.6095221
v -9.868796 7.4680448 0
v -10.151307 8.468838 -0.5792299
v -10.014382 8.490978 0
v -10.2697315 9.595516 -0.55621845
v -10.137051 9.577191 0
v -11.669274 10.998728 -0.95575154
v -11.669276 10.998728 0.033748448
v -13.055317 9.595516 0
v -10.550076 9.598429 -1.0073184
v -10.43804 8.422562 -1.0498462
v -10.301131 7.3357434 -1.105363
v -10.08239 6.31599 -1.1785781
v -10.963623 9.595516 -1.3296967
v -10.861323 8.354427 -1.3870538
v -12.864089 9.595516 -0.6323406
v -13.004814 8.0114 0
v -11.691455 9.595516 -1.4426843
v -10.732802 7.2038803 -1.4613452
v -9.754033 5.4114246 -1.240962
v -12.406751 9.595516 -1.1337636
v -11.607118 8.234835 -1.5066143
v -10.517118 6.113604 -1.5596615
v -9.372702 4.7334585 -1.2760442
v -12.341048 8.117408 -1.1841432
v -11.493174 6.972096 -1.5902125
v -10.16962 5.136479 -1.6447476
v -8.873156 4.1810317 -1.3020368
v -12.809492 8.042568 -0.66021115
v -11.280954 5.757791 -1.6998248
v -12.242123 6.744077 -1.2507561
v -12.719475 6.59886 -0.6973662
v -12.918188 6.5384483 0
v -9.738979 4.3832154 -1.693099
v -8.192016 3.7382336 -1.3428658
v -10.898156 4.654143 -1.7931554
v -12.03397 5.406918 -1.3371855
v -12.512362 5.1839666 -0.74518156
v -12.710639 5.0915465 0
v -9.171734 3.7621984 -1.7278478
v -7.331816 2.920425 -1.8456287
v -10.379957 3.7705266 -1.8450935
v -11.617645 4.1776614 -1.4090909
v -12.072486 3.8764005 -0.78415465
v -12.259453 3.7525456 0
v -8.4240675 3.2629786 -1.7812318
v -5.973054 1.8002403 -2.0682836
v -9.692724 3.0314476 -1.879945
v -11.013838 3.1648793 -1.4481108
v -11.41311 2.7835193 -0.8048699
v -11.576157 2.6278284 0
v -7.596212 2.0186648 -1.9954128
v -8.826914 2.435802 -1.9329313
v -10.20756 2.3094537 -1.473307
v -10.531241 1.8555975 -0.8181455
v -10.662964 1.6709216 0
v -9.223826 1.6195599 -1.5121477
v -9.473005 1.1066247 -0.83907896
v -9.574184 0.89816827 0
v -8.084908 0.3461813 0
v -8.019147 0.5716805 -0.86269885
v -6.165755 0.05442376 0
v -7.856315 1.1292638 -1.5569539
v -6.155686 0.28170106 -0.9042248
v -3.8659277 0.00018342661 0
v -6.1096544 0.84922683 -1.6281543
v -3.8897326 0.21422565 -0.9996061
v -3.9247339 1.8237324 -2.1971376
v -1.9452751 0.22573423 -1.0065529
v -1.9330578 -0.0077005574 0
v -3.9271972 0.76716375 -1.7842352
v -1.9646897 0.8082802 -1.8210703
v -1.5379702 2.03469 -2.210443
v -0 0.2553622 -0.9954634
v -0 0.00036683417 0
v 1.9330578 -0.0077005574 0
v -0 0.86700255 -1.8070347
v 1.9452751 0.22573423 -1.0065529
v 3.8659277 0.00018342661 0
v -0 2.0338259 -2.2381244
v -0 3.4119596 -2.1878974
v -0.8427515 3.4004838 -2.1598809
v 1.9646897 0.8082802 -1.8210703
v 3.8897326 0.21422565 -0.9996061
v -0 4.2928634 -2.2053933
v 1.5379702 2.03469 -2.210443
v 6.155686 0.28170106 -0.9042248
v 6.165755 0.05442376 0
v 8.019147 0.5716805 -0.86269885
v 8.084908 0.3461813 0
v 9.473005 1.1066247 -0.83907896
v 9.574184 0.89816827 0
v 10.662964 1.6709216 0
v 10.531241 1.8555975 -0.8181455
v 11.576157 2.6278284 0
v 9.223826 1.6195599 -1.5121477
v 7.856315 1.1292638 -1.5569539
v 6.1096544 0.84922683 -1.6281543
v 11.41311 2.7835193 -0.8048699
v 12.259453 3.7525456 0
v 10.20756 2.3094537 -1.473307
v 8.826914 2.435802 -1.9329313
v 12.072486 3.8764005 -0.78415465
v 12.710639 5.0915465 0
v 11.013838 3.1648793 -1.4481108
v 12.512362 5.1839666 -0.74518156
v 12.918188 6.5384483 0
v 3.9271972 0.76716375 -1.7842352
v 3.9247339 1.8237324 -2.1971376
v 9.692724 3.0314476 -1.879945
v 11.617645 4.1776614 -1.4090909
v 12.719475 6.59886 -0.6973662
v 13.004814 8.0114 0
v 10.379957 3.7705266 -1.8450935
v 12.03397 5.406918 -1.3371855
v 10.898156 4.654143 -1.7931554
v 8.4240675 3.2629786 -1.7812318
v 9.171734 3.7621984 -1.7278478
v 9.738979 4.3832154 -1.693099
v 7.596212 2.0186648 -1.9954128
v 5.973054 1.8002403 -2.0682836
v 7.331816 2.920425 -1.8456287
v 8.192016 3.7382336 -1.3428658
v 3.8991182 2.819663 -1.9649764
v 2.3272767 3.3424208 -2.0181282
v 5.8105693 2.7210424 -1.9022751
v 8.873156 4.1810317 -1.3020368
v 7.1786094 3.440072 -1.3914973
v 3.8860693 3.3894517 -1.4750314
v 0.8427515 3.4004838 -2.1598809
v 0.8774876 4.3183436 -2.1542833
v 0.89429533 5.1277966 -2.1650598
v 8.037215 4.054683 -0.7379633
v 5.717495 3.2662683 -1.43042
v 1.8681251 4.356545 -1.9456387
v -0 5.095745 -2.2264776
v -0 16.162212 -1.7203399
v 7.076837 3.7838101 -0.7646517
v -0.7608875 16.150965 -1.6477563
v -0.74242765 16.793842 -1.5478271
v -1.4671377 16.77801 -1.3020909
v -1.5564709 17.467701 -1.178991
v -0.76600385 17.507177 -1.3450592
v -1.6885698 18.060087 -0.89092094
v -0 16.80313 -1.606779
v -2.4172351 18.020851 -0.8171498
v -2.4392245 18.361649 -0.40417325
v -3.145038 18.331293 -0.35294622
v -5.097246 18.287426 -0.30733454
v -7.0219955 18.213037 -0.27269638
v -8.654649 18.182528 0
v -7.023199 18.269817 0
v -5.0985594 18.353508 0
v -3.1472871 18.399065 0
v -2.4461176 18.40927 0
v -1.7647719 18.388716 -0.4425558
v -1.7821279 18.411648 0
v -0.88674116 18.411837 0
v -0.8188186 18.09877 -0.96533704
v -0.8717858 18.399534 -0.44992384
v -0 18.41177 0
v -0 18.401249 -0.44637656
v -0 17.517954 -1.3797488
v 0.8717858 18.399534 -0.44992384
v 0.88674116 18.411837 0
v -0 18.106543 -0.97552013
v 0.8188186 18.09877 -0.96533704
v 1.7647719 18.388716 -0.4425558
v 1.7821279 18.411648 0
v 2.4461176 18.40927 0
v 0.76600385 17.507177 -1.3450592
v 1.6885698 18.060087 -0.89092094
v 2.4392245 18.361649 -0.40417325
v 0.74242765 16.793842 -1.5478271
v 3.145038 18.331293 -0.35294622
v 3.1472871 18.399065 0
v 1.5564709 17.467701 -1.178991
v 2.3594043 17.468634 -0.9870949
v 1.9502668 16.777643 -1.0253305
v 2.4172351 18.020851 -0.8171498
v 3.1366916 18.007736 -0.7224497
v 5.097246 18.287426 -0.30733454
v 5.0985594 18.353508 0
v 0.7608875 16.150965 -1.6477563
v 1.4671377 16.77801 -1.3020909
v 1.4957343 16.121918 -1.3735703
v 1.6762121 5.171851 -1.945515
v 5.0920105 17.998877 -0.6303736
v 7.0219955 18.213037 -0.27269638
v 7.023199 18.269817 0
v 8.654649 18.182528 0
v 8.641048 18.12863 -0.2286234
v 7.016993 17.958784 -0.5599783
v 8.654649 17.98729 -0.43692198
v 7.010124 17.592873 -0.68455786
v 8.654649 17.5909 -0.61909187
v 5.0849123 17.585264 -0.76713014
v 7.004553 17.282618 -0.6557042
v 8.63823 17.30446 -0.5793579
v 3.1260788 17.526909 -0.8747842
v 5.0804935 17.24049 -0.73391765
v 6.9990225 16.957739 -0.3885748
v 8.654649 17.022192 -0.33956948
v 3.1181366 17.152348 -0.8227062
v 5.076357 16.881193 -0.4345733
v 6.996679 16.81523 0
v 8.654649 16.893595 0
v 5.075015 16.72387 0
v 3.1095953 16.77485 -0.48233524
v 3.1063669 16.61419 0
v 2.5195904 17.004814 -0.8594693
v 2.6400707 16.727507 -0.5122986
v 2.7327106 16.564234 0
v 2.4105525 16.419325 0
v 2.2595305 16.548632 -0.54261297
v 2.1118886 16.098345 -0.566662
v 2.2352927 16.079042 0
v 1.8763698 16.114412 -1.0145373
v 2.397636 5.3718367 -0.84229004
v 2.5765395 5.3857727 0
v 2.6710665 4.788008 0
v 2.1248405 5.2762747 -1.4765116
v 2.5147913 4.7172194 -0.8546623
v 2.9534717 4.319019 0
v 2.2835886 4.531864 -1.4895041
v 2.8691149 4.156647 -0.8602226
v 2.667417 3.8506477 -1.541121
v 3.878442 3.768711 -0.81560254
v 3.8741076 3.9473393 0
v 5.6576586 3.6262145 -0.78458005
v 5.628105 3.7950845 0
v 7.0284057 3.9468303 0
v 7.963474 4.2052402 0
v 8.673873 4.46059 -0.71532553
v 8.578958 4.5937366 0
v 9.127546 4.9679327 -0.7012445
v 9.010686 5.079702 0
v 9.372702 4.7334585 -1.2760442
v 9.474322 5.596372 -0.6827292
v 9.340747 5.684644 0
v 10.16962 5.136479 -1.6447476
v 9.754033 5.4114246 -1.240962
v 9.78806 6.4529514 -0.6493379
v 9.647265 6.5184383 0
v 11.280954 5.757791 -1.6998248
v 10.08239 6.31599 -1.1785781
v 10.517118 6.113604 -1.5596615
v 10.008606 7.425232 -0.6095221
v 9.868796 7.4680448 0
v 12.242123 6.744077 -1.2507561
v 11.493174 6.972096 -1.5902125
v 10.301131 7.3357434 -1.105363
v 10.732802 7.2038803 -1.4613452
v 10.151307 8.468838 -0.5792299
v 10.014382 8.490978 0
v 12.809492 8.042568 -0.66021115
v 12.341048 8.117408 -1.1841432
v 12.864089 9.595516 -0.6323406
v 13.055317 9.595516 0
v 11.669274 10.998728 -0.95575154
v 11.669274 10.998728 0.03374903
v 10.137051 9.577191 0
v 10.2697315 9.595516 -0.55621845
v 10.43804 8.422562 -1.0498462
v 10.550076 9.598429 -1.0073184
v 12.406751 9.595516 -1.1337636
v 10.861323 8.354427 -1.3870538
v 10.963623 9.595516 -1.3296967
v 11.691455 9.595516 -1.4426843
v 11.607118 8.234835 -1.5066143
v -8.641048 18.12863 -0.22862342
v -8.654649 18.182528 0
v -8.982146 18.510374 0
v -8.982146 18.459467 -0.2855097
v -9.297251 18.727552 0
v -8.654649 17.98729 -0.43692198
v -9.297421 18.665651 -0.3497939
v -9.67638 18.812668 0
v -8.982146 18.317945 -0.5470452
v -9.676282 18.74629 -0.37476516
v -10.059327 18.760454 0
v -8.982146 18.11369 -0.7713343
v -8.654649 17.5909 -0.61909187
v -9.297702 18.493202 -0.6699813
v -10.058834 18.69683 -0.35946223
v -10.399001 18.58785 0
v -9.676121 18.56142 -0.7178366
v -9.297471 18.242651 -0.94414395
v -8.982146 17.797771 -0.921205
v -10.398431 18.533232 -0.3087396
v -10.65341 18.324202 0
v -10.058017 18.51959 -0.68850327
v -8.982146 17.43779 -0.946857
v -8.63823 17.30446 -0.5793579
v -9.676241 18.293015 -1.011641
v -9.297591 17.85605 -1.1279285
v -10.653112 18.283298 -0.23118934
v -10.8157625 17.96139 0
v -8.982146 17.109724 -0.8626902
v -8.654649 17.022192 -0.33956948
v -10.397484 18.381056 -0.59133565
v -9.297702 17.415253 -1.1596597
v -10.058652 18.262114 -0.97024864
v -9.676165 17.878761 -1.2085187
v -10.815356 17.90903 -0.18167679
v -10.877904 17.538061 0
v -10.652618 18.169338 -0.44280735
v -10.398214 18.159887 -0.83328205
v -10.058283 17.864815 -1.1590927
v -9.67609 17.406475 -1.2424715
v -10.653012 18.003736 -0.62399876
v -10.39778 17.818678 -0.9954823
v -10.815683 17.720331 -0.36896616
v -9.297443 17.014091 -1.0561404
v -10.057935 17.411842 -1.1916759
v -10.652798 17.748228 -0.7454729
v -10.39737 17.429646 -1.0234793
v -9.676221 16.976593 -1.131607
v -8.982146 16.842558 -0.66873264
v -10.652598 17.456896 -0.76645416
v -10.816068 17.423138 -0.39479777
v -10.058637 16.999596 -1.0852951
v -9.297401 16.686861 -0.8184332
v -8.982146 16.676968 -0.35589206
v -8.654649 16.893595 0
v -8.982146 16.565748 0
v -9.298175 16.482206 -0.43638667
v -9.297227 16.348589 0
v -9.676237 16.626001 -0.87694013
v -9.67581 16.406965 -0.46748087
v -9.676326 16.263496 0
v -10.398176 17.075628 -0.9320786
v -10.058737 16.663343 -0.8410207
v -10.056541 16.453104 -0.44840747
v -10.059213 16.31574 0
v -10.653039 17.191765 -0.69802886
v -10.398285 16.786837 -0.7222694
v -10.395737 16.60615 -0.38514826
v -10.398827 16.488348 0
v -10.653109 16.975485 -0.54092044
v -10.65177 16.840178 -0.28843686
v -10.653408 16.751917 0
v -10.816074 17.198164 -0.2236824
v -10.817073 17.114758 0
v 8.654649 17.022192 -0.33956948
v 8.654649 16.893595 0
v 8.982146 16.565748 0
v 8.982146 16.676968 -0.35589206
v 9.297227 16.348589 0
v 8.982146 16.842558 -0.66873264
v 8.63823 17.30446 -0.5793579
v 9.298175 16.482206 -0.43638667
v 9.676326 16.263496 0
v 8.982146 17.109724 -0.8626902
v 8.654649 17.5909 -0.61909187
v 9.297401 16.686861 -0.8184332
v 9.67581 16.406965 -0.46748087
v 10.059213 16.31574 0
v 10.056541 16.453104 -0.44840747
v 10.398827 16.488348 0
v 9.676237 16.626001 -0.87694013
v 9.297443 17.014091 -1.0561404
v 8.982146 17.43779 -0.946857
v 10.395737 16.60615 -0.38514826
v 10.653408 16.751917 0
v 10.058737 16.663343 -0.8410207
v 8.982146 17.797771 -0.921205
v 8.654649 17.98729 -0.43692198
v 9.297702 17.415255 -1.1596597
v 9.676221 16.976595 -1.1316073
v 10.65177 16.840178 -0.2884368
v 10.817073 17.114758 0
v 10.398285 16.786837 -0.7222694
v 10.058637 16.999598 -1.0852953
v 9.67609 17.406477 -1.2424715
v 9.297591 17.85605 -1.1279285
v 10.816074 17.198164 -0.22368236
v 10.877904 17.538061 0
v 10.653109 16.975485 -0.54092044
v 10.398176 17.075628 -0.93207884
v 10.057935 17.411844 -1.1916759
v 10.653039 17.191765 -0.6980288
v 8.982146 18.11369 -0.7713343
v 9.676165 17.878761 -1.2085187
v 10.39737 17.429646 -1.0234793
v 10.816068 17.423134 -0.3947977
v 8.982146 18.317945 -0.5470441
v 8.641048 18.12863 -0.2286234
v 9.297472 18.242653 -0.9441441
v 10.058283 17.864815 -1.1590927
v 10.652598 17.456896 -0.76645416
v 8.982146 18.459467 -0.285509
v 8.654649 18.182528 0
v 8.982146 18.510374 0
v 9.297702 18.4932 -0.6699789
v 9.676242 18.293018 -1.0116413
v 9.2974205 18.665651 -0.34979174
v 9.297251 18.727552 0
v 10.39778 17.818678 -0.9954823
v 10.652798 17.748228 -0.7454729
v 10.058653 18.262115 -0.9702485
v 9.676121 18.561417 -0.71783316
v 9.676282 18.74629 -0.374762
v 9.67638 18.812668 0
v 10.398215 18.15989 -0.833282
v 10.058017 18.519587 -0.6884995
v 10.058834 18.696827 -0.35945907
v 10.059327 18.760454 0
v 10.397484 18.381052 -0.5913323
v 10.39843 18.53323 -0.3087367
v 10.399001 18.58785 0
v 10.653012 18.003736 -0.62399864
v 10.652618 18.169336 -0.44280493
v 10.653112 18.283298 -0.23118713
v 10.65341 18.324202 0
v 10.815683 17.720331 -0.36896613
v 10.815356 17.90903 -0.1816758
v 10.8157625 17.961391 0
v -8.654649 17.022192 0.33956948
v -6.996679 16.81523 0
v -8.654649 16.893595 0
v -6.9990225 16.957739 0.3885748
v -8.63823 17.30446 0.5793579
v -5.076357 16.881193 0.4345733
v -5.075015 16.72387 0
v -7.004553 17.282618 0.6557042
v -8.654649 17.5909 0.61909187
v -3.1095953 16.77485 0.48233524
v -3.1063669 16.61419 0
v -5.0804935 17.24049 0.73391765
v -7.010124 17.592873 0.68455786
v -8.654649 17.98729 0.43692198
v -3.1181366 17.152348 0.8227062
v -2.6400707 16.727507 0.5122986
v -2.7327106 16.564234 0
v -2.4105525 16.419325 0
v -5.0849123 17.585264 0.76713014
v -7.016993 17.958784 0.5599783
v -8.641048 18.12863 0.22862342
v -2.5195904 17.004814 0.8594693
v -2.3594043 17.468634 0.9870949
v -1.9502668 16.777643 1.0253305
v -3.1260788 17.526909 0.8747842
v -2.2595305 16.548632 0.54261297
v -2.1118886 16.098345 0.566662
v -2.2352927 16.079042 0
v -3.1366916 18.007736 0.7224497
v -2.397636 5.3718367 0.84229004
v -2.5765395 5.3857727 0
v -2.6710665 4.788008 0
v -2.5147913 4.7172194 0.8546623
v -2.9534717 4.319019 0
v -2.1248405 5.2762747 1.4765116
v -1.8763698 16.114412 1.0145373
v -5.0920105 17.998877 0.6303736
v -2.8691149 4.156647 0.8602226
v -2.2835886 4.531864 1.4895041
v -1.6762121 5.171851 1.945515
v -1.4957343 16.121918 1.3735703
v -0.89429533 5.1277966 2.1650598
v -3.878442 3.768711 0.81560254
v -3.8741076 3.9473393 0
v -1.8681251 4.356545 1.9456387
v -2.3272767 3.3424208 2.0181282
v -2.667417 3.8506477 1.541121
v -3.8860693 3.3894517 1.4750314
v -5.6576586 3.6262145 0.78458005
v -5.628105 3.7950845 0
v -7.0284057 3.9468303 0
v -5.717495 3.2662683 1.43042
v -7.076837 3.7838101 0.7646517
v -7.963474 4.2052402 0
v -0.8774876 4.3183436 2.1542833
v -5.8105693 2.7210424 1.9022751
v -7.1786094 3.440072 1.3914973
v -8.037215 4.054683 0.7379633
v -3.8991182 2.819663 1.9649764
v -8.673873 4.46059 0.71532553
v -8.578958 4.5937366 0
v -9.127546 4.9679327 0.7012445
v -9.010686 5.079702 0
v -9.474322 5.596372 0.6827292
v -9.340747 5.684644 0
v -9.78806 6.4529514 0.6493379
v -9.647265 6.5184383 0
v -10.008606 7.425232 0.6095221
v -9.868796 7.4680448 0
v -10.151307 8.468838 0.5792299
v -10.014382 8.490978 0
v -10.2697315 9.595516 0.55621845
v -10.137051 9.577191 0
v -11.669274 10.998728 1.0445858
v -11.669276 10.998728 0.033748448
v -13.055317 9.595516 0
v -10.550076 9.598429 1.0073184
v -10.43804 8.422562 1.0498462
v -10.301131 7.3357434 1.105363
v -10.08239 6.31599 1.1785781
v -10.963623 9.595516 1.3296967
v -10.861323 8.354427 1.3870538
v -9.754033 5.4114246 1.240962
v -10.732802 7.2038803 1.4613452
v -11.691455 9.595516 1.4426843
v -11.607118 8.234835 1.5066143
v -10.517118 6.113604 1.5596615
v -9.372702 4.7334585 1.2760442
v -12.364914 9.595516 1.1760267
v -11.493174 6.972096 1.5902125
v -10.16962 5.136479 1.6447476
v -8.873156 4.1810317 1.3020368
v -12.298076 8.124277 1.227997
v -12.864089 9.595516 0.6323406
v -11.280954 5.757791 1.6998248
v -9.738979 4.3832154 1.693099
v -8.192016 3.7382336 1.3428658
v -12.198059 6.757484 1.296664
v -10.898156 4.654143 1.7931554
v -9.171734 3.7621984 1.7278478
v -7.331816 2.920425 1.8456287
v -12.809492 8.042568 0.66021115
v -11.989478 5.4276514 1.385746
v -10.379957 3.7705266 1.8450935
v -8.4240675 3.2629786 1.7812318
v -5.973054 1.8002403 2.0682836
v -12.719475 6.59886 0.6973662
v -12.964375 8.017845 0.34331954
v -11.575193 4.2057834 1.4598035
v -9.692724 3.0314476 1.879945
v -7.596212 2.0186648 1.9954128
v -12.512362 5.1839666 0.74518156
v -10.97655 3.200508 1.5000246
v -8.826914 2.435802 1.9329313
v -12.877201 6.550901 0.36259952
v -12.072486 3.8764005 0.78415465
v -10.177421 2.3517237 1.5263973
v -12.67007 5.11046 0.38729817
v -11.41311 2.7835193 0.8048699
v -12.221705 3.7775545 0.40719175
v -12.918188 6.5384483 0
v -12.710639 5.0915465 0
v -13.004814 8.0114 0
v -12.259453 3.7525456 0
v -11.543579 2.6589272 0.4176414
v -11.576157 2.6278284 0
v -13.01553 9.595516 0.3289203
v -10.531241 1.8555975 0.8181455
v -10.63676 1.707653 0.42434686
v -10.662964 1.6709216 0
v -9.200824 1.6668702 1.6703684
v -9.564627 0.91791683 0.5585535
v -9.574184 0.89816827 0
v -9.473005 1.1066247 1.066026
v -8.089438 0.3307869 0.7477905
v -8.084908 0.3461813 0
v -7.840512 1.1833135 1.8604037
v -8.019147 0.5716805 1.4010816
v -6.175662 -0.098834455 1.0230721
v -6.165755 0.05442376 0
v -6.086945 0.9192613 2.112781
v -6.155686 0.12970755 1.8389654
v -3.8698583 -0.205968 1.0785314
v -3.8659277 0.00018342661 0
v -3.9247339 1.8237324 2.1971376
v -3.8897326 -0.020568294 1.9343467
v -1.9632118 -0.20643139 1.0843524
v -1.9330578 -0.0077005574 0
v -1.5379702 2.03469 2.210443
v -3.9125893 0.8885983 2.2412333
v -1.7871842 0.95985043 2.255355
v -1.9452751 -0.009059715 1.9412936
v -0 -0.1921258 1.0766683
v -0 0.00036683417 0
v 1.9330578 -0.0077005574 0
v -0 0.020568276 1.9302042
v -0 1.0002506 2.247575
v 1.9632118 -0.20643139 1.0843524
v 3.8659277 0.00018342661 0
v 1.9452751 -0.009059715 1.9412936
v -0 2.0338259 2.2381244
v -0 3.4119596 2.1878974
v 1.7871842 0.95985043 2.255355
v 3.8897326 -0.020568294 1.9343467
v 3.8698583 -0.205968 1.0785314
v 6.175662 -0.098834455 1.0230721
v 6.165755 0.05442376 0
v -0.8427515 3.4004838 2.1598809
v 1.5379702 2.03469 2.210443
v 6.155686 0.12970755 1.8389654
v 8.089438 0.3307869 0.7477905
v 8.084908 0.3461813 0
v -0 4.2928634 2.2053933
v 8.019147 0.5716805 1.4010816
v 9.564627 0.91791683 0.5585535
v 9.574184 0.89816827 0
v 9.473005 1.1066247 1.066026
v 10.63676 1.707653 0.42434686
v 10.662964 1.6709216 0
v 11.543579 2.6589272 0.4176414
v 11.576157 2.6278284 0
v 10.531241 1.8555975 0.8181455
v 9.200824 1.6668702 1.6703684
v 7.840512 1.1833135 1.8604037
v 12.221705 3.7775545 0.40719175
v 12.259453 3.7525456 0
v 11.41311 2.7835193 0.8048699
v 10.177421 2.3517237 1.5263973
v 12.67007 5.11046 0.38729817
v 12.710639 5.0915465 0
v 12.072486 3.8764005 0.78415465
v 12.877201 6.550901 0.36259952
v 12.918188 6.5384483 0
v 6.086945 0.9192613 2.112781
v 8.826914 2.435802 1.9329313
v 10.97655 3.200508 1.5000246
v 12.512362 5.1839666 0.74518156
v 12.964375 8.017845 0.34331954
v 13.004814 8.0114 0
v 3.9125893 0.8885983 2.2412333
v 3.9247339 1.8237324 2.1971376
v 9.692724 3.0314476 1.879945
v 12.719475 6.59886 0.6973662
v 13.01553 9.595516 0.3289203
v 13.055317 9.595516 0
v 11.669274 10.998728 1.0445858
v 11.669274 10.998728 0.03374903
v 10.137051 9.577191 0
v 12.864089 9.595516 0.6323406
v 12.809492 8.042568 0.66021115
v 10.2697315 9.595516 0.55621845
v 10.014382 8.490978 0
v 10.151307 8.468838 0.5792299
v 9.868796 7.4680448 0
v 10.550076 9.598429 1.0073184
v 10.008606 7.425232 0.6095221
v 9.647265 6.5184383 0
v 10.43804 8.422562 1.0498462
v 9.78806 6.4529514 0.6493379
v 9.340747 5.684644 0
v 10.963623 9.595516 1.3296967
v 10.301131 7.3357434 1.105363
v 9.474322 5.596372 0.6827292
v 9.010686 5.079702 0
v 10.861323 8.354427 1.3870538
v 11.691455 9.595516 1.4426843
v 10.08239 6.31599 1.1785781
v 9.127546 4.9679327 0.7012445
v 8.578958 4.5937366 0
v 12.364914 9.595516 1.1760267
v 10.732802 7.2038803 1.4613452
v 11.607118 8.234835 1.5066143
v 12.298076 8.124277 1.227997
v 9.754033 5.4114246 1.240962
v 8.673873 4.46059 0.71532553
v 7.963474 4.2052402 0
v 10.517118 6.113604 1.5596615
v 11.493174 6.972096 1.5902125
v 12.198059 6.757484 1.296664
v 9.372702 4.7334585 1.2760442
v 10.16962 5.136479 1.6447476
v 11.280954 5.757791 1.6998248
v 11.989478 5.4276514 1.385746
v 10.898156 4.654143 1.7931554
v 11.575193 4.2057834 1.4598035
v 10.379957 3.7705266 1.8450935
v 9.738979 4.3832154 1.693099
v 9.171734 3.7621984 1.7278478
v 8.873156 4.1810317 1.3020368
v 8.4240675 3.2629786 1.7812318
v 8.037215 4.054683 0.7379633
v 8.192016 3.7382336 1.3428658
v 7.596212 2.0186648 1.9954128
v 7.076837 3.7838101 0.7646517
v 7.0284057 3.9468303 0
v 7.1786094 3.440072 1.3914973
v 7.331816 2.920425 1.8456287
v 5.973054 1.8002403 2.0682836
v 5.6576586 3.6262145 0.78458005
v 5.628105 3.7950845 0
v 3.8741076 3.9473393 0
v 5.717495 3.2662683 1.43042
v 5.8105693 2.7210424 1.9022751
v 3.8991182 2.819663 1.9649764
v 2.3272767 3.3424208 2.0181282
v 3.878442 3.768711 0.81560254
v 2.9534717 4.319019 0
v 3.8860693 3.3894517 1.4750314
v 2.8691149 4.156647 0.8602226
v 0.8427515 3.4004838 2.1598809
v 0.8774876 4.3183436 2.1542833
v 0.89429533 5.1277966 2.1650598
v 2.5147913 4.7172194 0.8546623
v 2.6710665 4.788008 0
v 2.667417 3.8506477 1.541121
v 2.2835886 4.531864 1.4895041
v 1.8681251 4.356545 1.9456387
v 2.397636 5.3718367 0.84229004
v 2.5765395 5.3857727 0
v 2.2352927 16.079042 0
v 1.6762121 5.171851 1.945515
v 2.1248405 5.2762747 1.4765116
v 2.1118886 16.098345 0.566662
v 2.4105525 16.419325 0
v 1.8763698 16.114412 1.0145373
v 1.9502668 16.777643 1.0253305
v 1.4957343 16.121918 1.3735703
v 2.2595305 16.548632 0.54261297
v 2.6400707 16.727507 0.5122986
v 2.7327106 16.564234 0
v 3.1063669 16.61419 0
v 2.5195904 17.004814 0.8594693
v 2.3594043 17.468634 0.9870949
v 3.1095953 16.77485 0.48233524
v 5.075015 16.72387 0
v 3.1181366 17.152348 0.8227062
v 5.076357 16.881193 0.4345733
v 6.996679 16.81523 0
v 5.0804935 17.24049 0.73391765
v 6.9990225 16.957739 0.3885748
v 8.654649 17.022192 0.33956948
v 8.654649 16.893595 0
v 8.63823 17.30446 0.5793579
v 7.004553 17.282618 0.6557042
v 8.654649 17.5909 0.61909187
v 3.1260788 17.526909 0.8747842
v 7.010124 17.592873 0.68455786
v 8.654649 17.98729 0.43692198
v 5.0849123 17.585264 0.76713014
v 7.016993 17.958784 0.5599783
v 8.641048 18.12863 0.2286234
v 3.1366916 18.007736 0.7224497
v 5.0920105 17.998877 0.6303736
v 7.0219955 18.213037 0.27269638
v 8.654649 18.182528 0
v 7.023199 18.269817 0
v 5.0985594 18.353508 0
v 5.097246 18.287426 0.30733454
v 3.1472871 18.399065 0
v 3.145038 18.331293 0.35294622
v 2.4461176 18.40927 0
v 2.4392245 18.361649 0.40417325
v 2.4172351 18.020851 0.8171498
v 1.7647719 18.388716 0.4425558
v 1.7821279 18.411648 0
v 0.88674116 18.411837 0
v 1.6885698 18.060087 0.89092094
v 0.8717858 18.399534 0.44992384
v -0 18.41177 0
v 0.8188186 18.09877 0.96533704
v 1.5564709 17.467701 1.178991
v -0 18.401249 0.44637656
v 0.76600385 17.507177 1.3450592
v 1.4671377 16.77801 1.3020909
v 0.74242765 16.793842 1.5478271
v -0.8717858 18.399534 0.44992384
v -0.88674116 18.411837 0
v -1.7647719 18.388716 0.4425558
v -1.7821279 18.411648 0
v -2.4461176 18.40927 0
v -0.8188186 18.09877 0.96533704
v -0 18.106543 0.97552013
v -0 17.517954 1.3797488
v -0 16.80313 1.606779
v -0 16.162212 1.7203399
v -0.76600385 17.507177 1.3450592
v -1.6885698 18.060087 0.89092094
v -2.4392245 18.361649 0.40417325
v -0.74242765 16.793842 1.5478271
v 0.7608875 16.150965 1.6477563
v -3.145038 18.331293 0.35294622
v -3.1472871 18.399065 0
v -1.5564709 17.467701 1.178991
v -0 5.095745 2.2264776
v -0.7608875 16.150965 1.6477563
v -1.4671377 16.77801 1.3020909
v -2.4172351 18.020851 0.8171498
v -5.097246 18.287426 0.30733454
v -5.0985594 18.353508 0
v -7.0219955 18.213037 0.27269638
v -7.023199 18.269817 0
v -8.654649 18.182528 0
v -8.641048 18.12863 0.22862342
v -8.982146 18.510374 0
v -8.654649 18.182528 0
v -8.982146 18.459467 0.2855097
v -9.297251 18.727552 0
v -8.654649 17.98729 0.43692198
v -9.297421 18.665651 0.3497939
v -9.67638 18.812668 0
v -8.982146 18.317945 0.5470452
v -9.676282 18.74629 0.37476516
v -10.059327 18.760454 0
v -8.982146 18.11369 0.7713343
v -8.654649 17.5909 0.61909187
v -9.297702 18.493202 0.6699813
v -10.058834 18.69683 0.35946223
v -10.399001 18.58785 0
v -9.676121 18.56142 0.7178366
v -9.297471 18.242651 0.94414395
v -8.982146 17.797771 0.921205
v -10.398431 18.533232 0.3087396
v -10.65341 18.324202 0
v -10.058017 18.51959 0.68850327
v -8.982146 17.43779 0.946857
v -8.63823 17.30446 0.5793579
v -9.676241 18.293015 1.011641
v -9.297591 17.85605 1.1279285
v -10.653112 18.283298 0.23118934
v -10.8157625 17.96139 0
v -8.982146 17.109724 0.8626902
v -8.654649 17.022192 0.33956948
v -10.397484 18.381056 0.59133565
v -9.297702 17.415253 1.1596597
v -10.058652 18.262114 0.97024864
v -9.676165 17.878761 1.2085187
v -10.815356 17.90903 0.18167679
v -10.877904 17.538061 0
v -10.652618 18.169338 0.44280735
v -10.398214 18.159887 0.83328205
v -10.058283 17.864815 1.1590927
v -9.67609 17.406475 1.2424715
v -10.653012 18.003736 0.62399876
v -10.39778 17.818678 0.9954823
v -10.815683 17.720331 0.36896616
v -9.297443 17.014091 1.0561404
v -10.057935 17.411842 1.1916759
v -10.652798 17.748228 0.7454729
v -10.39737 17.429646 1.0234793
v -9.676221 16.976593 1.131607
v -8.982146 16.842558 0.66873264
v -10.652598 17.456896 0.76645416
v -10.816068 17.423138 0.39479777
v -10.058637 16.999596 1.0852951
v -9.297401 16.686861 0.8184332
v -8.982146 16.676968 0.35589206
v -8.654649 16.893595 0
v -8.982146 16.565748 0
v -9.298175 16.482206 0.43638667
v -9.297227 16.348589 0
v -9.676237 16.626001 0.87694013
v -9.67581 16.406965 0.46748087
v -9.676326 16.263496 0
v -10.398176 17.075628 0.9320786
v -10.058737 16.663343 0.8410207
v -10.056541 16.453104 0.44840747
v -10.059213 16.31574 0
v -10.653039 17.191765 0.69802886
v -10.398285 16.786837 0.7222694
v -10.395737 16.60615 0.38514826
v -10.398827 16.488348 0
v -10.653109 16.975485 0.54092044
v -10.65177 16.840178 0.28843686
v -10.653408 16.751917 0
v -10.816074 17.198164 0.2236824
v -10.817073 17.114758 0
v 8.654649 17.022192 0.33956948
v 8.982146 16.565748 0
v 8.654649 16.893595 0
v 8.982146 16.676968 0.35589206
v 9.297227 16.348589 0
v 8.982146 16.842558 0.66873264
v 8.63823 17.30446 0.5793579
v 9.298175 16.482206 0.43638667
v 9.676326 16.263496 0
v 8.982146 17.109724 0.8626902
v 8.654649 17.5909 0.61909187
v 9.297401 16.686861 0.8184332
v 9.67581 16.406965 0.46748087
v 10.059213 16.31574 0
v 10.056541 16.453104 0.44840747
v 10.398827 16.488348 0
v 9.676237 16.626001 0.87694013
v 9.297443 17.014091 1.0561404
v 8.982146 17.43779 0.946857
v 10.395737 16.60615 0.38514826
v 10.653408 16.751917 0
v 10.058737 16.663343 0.8410207
v 8.982146 17.797771 0.921205
v 8.654649 17.98729 0.43692198
v 9.297702 17.415255 1.1596597
v 9.676221 16.976595 1.1316073
v 10.65177 16.840178 0.2884368
v 10.817073 17.114758 0
v 10.398285 16.786837 0.7222694
v 10.058637 16.999598 1.0852953
v 9.67609 17.406477 1.2424715
v 9.297591 17.85605 1.1279285
v 10.816074 17.198164 0.22368236
v 10.877904 17.538061 0
v 10.653109 16.975485 0.54092044
v 10.398176 17.075628 0.93207884
v 10.057935 17.411844 1.1916759
v 10.653039 17.191765 0.6980288
v 8.982146 18.11369 0.7713343
v 9.676165 17.878761 1.2085187
v 10.39737 17.429646 1.0234793
v 10.816068 17.423134 0.3947977
v 8.982146 18.317945 0.5470441
v 8.641048 18.12863 0.2286234
v 9.297472 18.242653 0.9441441
v 10.058283 17.864815 1.1590927
v 10.652598 17.456896 0.76645416
v 8.982146 18.459467 0.285509
v 8.654649 18.182528 0
v 8.982146 18.510374 0
v 9.297702 18.4932 0.6699789
v 9.676242 18.293018 1.0116413
v 9.2974205 18.665651 0.34979174
v 9.297251 18.727552 0
v 10.39778 17.818678 0.9954823
v 10.058653 18.262115 0.9702485
v 9.676121 18.561417 0.71783316
v 9.676282 18.74629 0.374762
v 9.67638 18.812668 0
v 10.652798 17.748228 0.7454729
v 10.398215 18.15989 0.833282
v 10.058017 18.519587 0.6884995
v 10.058834 18.696827 0.35945907
v 10.059327 18.760454 0
v 10.815683 17.720331 0.36896613
v 10.397484 18.381052 0.5913323
v 10.39843 18.53323 0.3087367
v 10.399001 18.58785 0
v 10.653012 18.003736 0.62399864
v 10.652618 18.169336 0.44280493
v 10.815356 17.90903 0.1816758
v 10.8157625 17.961391 0
v 10.65341 18.324202 0
v 10.653112 18.283298 0.23118713
v 0.749448 2.079927 2.2182882
v 0.031208267 2.0673885 2.230827
v 0.71810156 1.8573617 2.2150278
v 0.71048874 2.3012626 2.222776
v 0.6195171 1.6553584 2.2133138
v 0.6050365 2.4997041 2.228052
v 0.46334445 1.4936864 2.2133143
v 0.44341353 2.65583 2.2335994
v 0.26487193 1.3881729 2.2150285
v 0.2414413 2.754353 2.2388756
v 0.043526273 1.3491455 2.21829
v 0.018890034 2.7856324 2.2433639
v -0.17902485 1.3804233 2.2227783
v -0.2024554 2.7466052 2.246625
v -0.3809969 1.478949 2.2280545
v -0.40092823 2.6410916 2.2483397
v -0.5426196 1.6350732 2.2336018
v -0.55710053 2.47942 2.24834
v -0.6480719 1.8335165 2.238878
v -0.655685 2.2774153 2.2466264
v -0.6870317 2.0548522 2.2433658
v -6.7751637 2.3005335 1.8234417
v -7.5783896 2.2983923 1.8096273
v -6.8143716 2.0542629 1.8548675
v -6.8145795 2.5465922 1.7906638
v -6.9283686 1.831892 1.8818645
v -6.9287624 2.7683547 1.7597425
v -7.1059933 1.6551849 1.9017906
v -7.106536 2.9441168 1.7337039
v -7.32986 1.5414395 1.9126949
v -7.3304977 3.056668 1.7150974
v -7.578054 1.5017898 1.9135106
v -7.5787253 3.0949953 1.7057441
v -7.8262815 1.5401156 1.9041574
v -7.8269196 3.055346 1.7065595
v -8.050243 1.6526699 1.8855505
v -8.050786 2.9416008 1.717464
v -8.228016 1.8284298 1.8595119
v -8.228412 2.7648935 1.7373898
v -8.342199 2.050194 1.8285905
v -8.342407 2.5425215 1.7643871
v -8.381617 2.296253 1.7958128
v 2.0552065 6.398398 1.4466966
v 1.118945 6.402788 1.7743618
v 2.010094 6.092142 1.4688728
v 2.0086725 6.7050805 1.4565942
v 1.877749 5.8162985 1.5209522
v 1.875045 6.9821715 1.4975976
v 1.6711267 5.5978637 1.5978377
v 1.6674049 7.202552 1.5656925
v 1.4104536 5.45822 1.6920018
v 1.4060779 7.344642 1.6542135
v 1.1212451 5.411038 1.7942284
v 1.1166444 7.394539 1.7544954
v 0.8318118 5.460933 1.8945103
v 0.8274362 7.347357 1.8567218
v 0.5704851 5.6030273 1.9830312
v 0.56676286 7.207714 1.9508864
v 0.3628452 5.823405 2.0511255
v 0.36014074 6.989279 2.0277712
v 0.22921783 6.1004987 2.0921292
v 0.22779602 6.7134337 2.0798512
v 0.18268295 6.407181 2.1020272
v 12.976197 10.02795 4.5474734E-15
v 12.75657 10.02795 4.5474734E-15
v 12.954443 10.02795 0.09529057
v 12.954443 10.02795 -0.095290504
v 12.893504 10.02795 0.17170769
v 12.893504 10.02795 -0.17170763
v 12.805446 10.02795 0.2141159
v 12.805446 10.02795 -0.2141159
v 12.707704 10.02795 0.2141159
v 12.707704 10.02795 -0.2141159
v 12.619642 10.02795 0.17170765
v 12.619642 10.02795 -0.17170769
v 12.558702 10.02795 0.095290504
v 12.558702 10.02795 -0.09529057
v 12.53695 10.02795 -3.9271534E-08
v 1.8111627 8.378018 -1.5666405
v 1.7630743 8.072084 -1.5869232
v 0.8323425 8.385116 -1.7273697
v 1.76344 8.684644 -1.562092
v 1.623878 7.7967963 -1.6209545
v 1.6245725 8.961948 -1.5737195
v 1.4072009 7.579095 -1.6654027
v 1.4081581 9.182792 -1.6003883
v 1.134254 7.440293 -1.7159164
v 1.1353767 9.325551 -1.639488
v 0.8317516 7.3939776 -1.7675512
v 0.83293295 9.376254 -1.6871885
v 0.52930945 7.4446793 -1.8152518
v 0.5304325 9.329938 -1.7388247
v 0.25652993 7.587442 -1.854351
v 0.25748464 9.191137 -1.7893367
v 0.040116042 7.808282 -1.8810198
v 0.0408094 8.973437 -1.8337855
v -0.09875122 8.08559 -1.8926495
v -0.09838625 8.698147 -1.8678163
v -0.14647602 8.392215 -1.8880993
v -2.2997236 3.6015987 -1.7162671
v -1.4703871 3.6132894 -1.9214283
v -2.259248 3.3385947 -1.7417912
v -2.25902 3.8657455 -1.710826
v -2.1415524 3.1024828 -1.7849001
v -2.1411173 4.1051784 -1.7259985
v -1.9581583 2.9163713 -1.8413732
v -1.9575609 4.296465 -1.7603016
v -1.727019 2.7984786 -1.9056828
v -1.7263147 4.420875 -1.8103781
v -1.4707568 2.7603464 -1.9715338
v -1.470017 4.4662337 -1.8713232
v -1.2144605 2.8057036 -2.032479
v -1.2137566 4.4281015 -1.9371752
v -0.9832157 2.930117 -2.0825546
v -0.9826163 4.3102093 -2.0014832
v -0.7996597 3.121401 -2.1168575
v -0.7992239 4.124098 -2.057957
v -0.68175733 3.360836 -2.132032
v -0.6815286 3.887984 -2.1010654
v -0.641052 3.624982 -2.1265898
v 0.3815744 1.9504182 2.4668453
v 0.017416101 2.061764 2.4752214
v 0.39819273 2.068411 2.4685738
v 0.32930923 1.8433242 2.4659364
v 0.3775384 2.1857526 2.4709532
v 0.24651393 1.7576139 2.4659371
v 0.3216327 2.2909572 2.47375
v 0.14129359 1.7016749 2.4668458
v 0.23594795 2.373727 2.476691
v 0.023946898 1.6809841 2.4685748
v 0.12887199 2.425961 2.4794884
v -0.0940398 1.6975676 2.4709544
v 0.0108853495 2.442543 2.4818678
v -0.2011161 1.7498007 2.4737518
v -0.10646174 2.421852 2.4835963
v -0.2868006 1.8325702 2.4766927
v -0.21168226 2.365914 2.484506
v -0.3427062 1.9377755 2.4794898
v -0.2944774 2.2802029 2.484506
v -0.36336103 2.0551171 2.481869
v -0.3467424 2.17311 2.4835973
v -7.1983852 2.2029672 2.104113
v -7.6034317 2.3323922 2.0801294
v -7.1775994 2.3335276 2.087453
v -7.258822 2.0850751 2.1184258
v -7.1984954 2.463976 2.0700758
v -7.35299 1.9913938 2.1289902
v -7.25903 2.5815442 2.0536828
v -7.471673 1.9310905 2.1347709
v -7.353277 2.674724 2.0398781
v -7.603254 1.91007 2.1352031
v -7.472011 2.7343955 2.0300138
v -7.7348523 1.9303898 2.1302445
v -7.60361 2.7547138 2.0250552
v -7.853586 1.9900602 2.1203802
v -7.735191 2.733693 2.0254874
v -7.9478335 2.0832398 2.106576
v -7.8538737 2.6733909 2.0312686
v -8.008368 2.2008088 2.090183
v -7.9480424 2.5797086 2.0418322
v -8.029265 2.3312573 2.0728054
v -8.008478 2.4618177 2.056145
v 1.6791052 6.243293 1.9388398
v 1.2066604 6.4079814 2.1007962
v 1.703022 6.405654 1.9270835
v 1.6089418 6.097051 1.9664501
v 1.6783518 6.568242 1.9323307
v 1.4994006 5.981248 2.0072117
v 1.607509 6.715143 1.9540687
v 1.3612045 5.9072146 2.0571325
v 1.4974279 6.8319774 1.9901692
v 1.2078803 5.8822007 2.1113281
v 1.358885 6.9073095 2.037099
v 1.0544357 5.9086547 2.1644933
v 1.2054403 6.9337616 2.0902636
v 0.9158923 5.9839854 2.211423
v 1.0521157 6.9087467 2.1444595
v 0.80581176 6.100819 2.2475235
v 0.9139195 6.834715 2.194381
v 0.73496914 6.2477207 2.2692616
v 0.8043783 6.71891 2.2351415
v 0.7102981 6.4103093 2.274509
v 0.7342151 6.572671 2.2627518
v 1.3557202 8.2312355 -1.9894198
v 1.3812149 8.393427 -1.9786674
v 0.86229056 8.397189 -2.0638773
v 1.2819238 8.085288 -2.007461
v 1.3559136 8.5559845 -1.9762543
v 1.1670526 7.969875 -2.0310273
v 1.282294 8.703 -1.9824202
v 1.0223502 7.8962884 -2.0578058
v 1.1675605 8.82008 -1.9965575
v 0.86197674 7.8717337 -2.0851798
v 1.0229449 8.895766 -2.0172856
v 0.7016358 7.898615 -2.1104689
v 0.86260307 8.922645 -2.0425756
v 0.5570209 7.974301 -2.1311967
v 0.7022315 8.89809 -2.0699508
v 0.44228798 8.091379 -2.1453364
v 0.55752856 8.824504 -2.09673
v 0.36866805 8.238394 -2.1515012
v 0.4426568 8.709088 -2.1202934
v 0.34336683 8.400952 -2.1490896
v 0.36886123 8.563144 -2.1383352
v -1.9374902 3.4831822 -2.1128216
v -1.5192735 3.6288118 -2.2080562
v -1.9589487 3.6226141 -2.0992901
v -1.8750924 3.3580053 -2.1356752
v -1.937369 3.7626517 -2.0964043
v -1.7778665 3.2593386 -2.1656165
v -1.8748637 3.889588 -2.1044493
v -1.655328 3.1968367 -2.1997092
v -1.7775497 3.9909985 -2.1226342
v -1.5194691 3.1766205 -2.2346199
v -1.6549542 4.056957 -2.1491816
v -1.3835926 3.2006683 -2.2669303
v -1.519077 4.081003 -2.1814933
v -1.2609974 3.2666256 -2.2934775
v -1.3832196 4.0607862 -2.2164047
v -1.1636844 3.3680353 -2.3116643
v -1.2606809 3.9982855 -2.2504978
v -1.101179 3.4949722 -2.3197086
v -1.1634543 3.899618 -2.2804368
v -1.079599 3.63501 -2.3168237
v -1.1010573 3.7744417 -2.303291
v 3.4554443 2.8743768 2.365245
v 2.4714324 2.7066195 2.430337
v 2.3336844 2.8448184 2.434164
v 3.3176968 2.7367227 2.378089
v 2.4950907 1.9146826 2.4547887
v 3.4077988 1.7592074 2.4045815
v 2.3573425 1.7770288 2.4676318
v 3.2700512 1.8974066 2.4084086
v 0.7251643 1.8505414 2.6127841
v 0.43300277 2.0817797 2.6219382
v 0.75651085 2.0731044 2.6160448
v 0.4149723 1.9537644 2.6200626
v 0.41059393 2.20909 2.6245196
v 0.6265796 1.6485367 2.6110704
v 0.71755165 2.2944405 2.6205328
v 0.35826796 1.8375732 2.6190765
v 0.349939 2.3232315 2.6275542
v 0.47040766 1.4868652 2.611071
v 0.61209923 2.4928832 2.6258087
v 0.2684393 1.7445818 2.6190777
v 0.2569756 2.413033 2.630745
v 0.27193466 1.3813512 2.6127856
v 0.45047665 2.6490085 2.6313562
v 0.15428023 1.6838909 2.6200633
v 0.14080355 2.469703 2.6337798
v 0.050589435 1.3423238 2.6160467
v 0.24850456 2.7475324 2.6366324
v 0.026965328 1.6614425 2.621939
v 0.012794214 2.4876947 2.6363611
v -0.17196205 1.3736038 2.6205351
v 0.025952926 2.7788107 2.6411204
v -0.10104399 1.6794351 2.6245208
v -0.114520766 2.465246 2.638237
v -0.3739339 1.4721267 2.625811
v -0.19539234 2.7397838 2.6443818
v -0.21721607 1.7361053 2.6275558
v -0.22867996 2.4045558 2.6392236
v -0.5355566 1.6282514 2.6313589
v -0.3938652 2.63427 2.6460965
v -0.3101794 1.8259057 2.6307466
v -0.31850874 2.3115637 2.6392236
v -0.6410089 1.8266939 2.6366348
v -0.55003756 2.472598 2.6460967
v -0.3708343 1.9400477 2.6337814
v -0.37521324 2.1953743 2.638238
v -0.67996854 2.0480313 2.6411223
v -0.64862204 2.270594 2.6443825
v -0.39324352 2.0673575 2.6363623
v -6.8221116 2.1117823 2.2959545
v -7.1444225 2.3729677 2.256241
v -6.7829027 2.3580506 2.2645295
v -7.1669755 2.2313173 2.2743158
v -7.1670938 2.5144985 2.2373877
v -6.936108 1.88941 2.322952
v -6.8223186 2.60411 2.2317514
v -7.2325444 2.1034105 2.2898445
v -7.232771 2.6420538 2.2196019
v -7.113733 1.7127033 2.342878
v -6.9365025 2.8258736 2.20083
v -7.3347125 2.0017715 2.3013065
v -7.3350244 2.7431498 2.2046244
v -7.3375993 1.5989575 2.3537827
v -7.1142755 3.0016348 2.1747916
v -7.4634776 1.9363455 2.3075783
v -7.4638443 2.8078887 2.1939225
v -7.5857935 1.5593078 2.354598
v -7.3382373 3.114187 2.156185
v -7.606236 1.9135393 2.3080473
v -7.606622 2.8299344 2.1885421
v -7.8340206 1.5976361 2.3452446
v -7.586465 3.1525133 2.1468318
v -7.7490134 1.9355859 2.3026674
v -7.74938 2.8071277 2.1890113
v -8.057982 1.7101873 2.3266382
v -7.8346586 3.1128647 2.1476471
v -7.877834 2.000325 2.291965
v -7.8781457 2.7417028 2.1952837
v -8.235755 1.8859478 2.3005996
v -8.058524 2.9991186 2.1585517
v -7.9800863 2.10142 2.2769883
v -7.980314 2.640062 2.2067447
v -8.349939 2.107711 2.269678
v -8.236151 2.8224115 2.1784775
v -8.045764 2.2289758 2.2592025
v -8.045883 2.512158 2.222273
v -8.389356 2.353772 2.2369
v -8.350146 2.60004 2.2054741
v -8.068436 2.3705058 2.2403488
v 11.982655 9.678526 1.6149951
v 11.289671 9.563023 1.6607493
v 11.141425 9.6956 1.6653961
v 11.834424 9.546536 1.6282889
v 11.25884 8.757708 1.688939
v 11.936153 8.620452 1.6523958
v 11.113225 8.625711 1.702074
v 11.793221 8.753019 1.6567211
v 2.191564 6.102949 1.9872572
v 1.8152425 6.4309487 2.11216
v 2.2366772 6.409202 1.9650816
v 1.7892935 6.2547965 2.1249151
v 1.7884765 6.60735 2.117853
v 2.0592194 5.8271036 2.0393376
v 2.190143 6.7158847 1.9749794
v 1.7131705 6.0961328 2.1548705
v 1.7116156 6.7667294 2.1414375
v 1.852598 5.6086693 2.1162224
v 2.0565155 6.9929776 2.0159826
v 1.5943244 5.970492 2.1990945
v 1.5921837 6.8934894 2.1806045
v 1.5919241 5.4690256 2.2103872
v 1.848876 7.213357 2.0840776
v 1.4443879 5.8901696 2.2532568
v 1.4418716 6.9752197 2.2315211
v 1.3027161 5.421843 2.3126135
v 1.5875491 7.3554482 2.1725984
v 1.2780392 5.863031 2.3120558
v 1.275392 7.0039196 2.2892017
v 1.0132825 5.471741 2.4128954
v 1.2981153 7.405344 2.2728803
v 1.1115601 5.891732 2.3697371
v 1.1090435 6.9767804 2.3480012
v 0.751956 5.6138315 2.5014162
v 1.0089072 7.3581634 2.3751068
v 0.96124786 5.9734626 2.4206533
v 0.95910734 6.896459 2.4021637
v 0.5443161 5.83421 2.5695107
v 0.7482338 7.218519 2.4692714
v 0.841816 6.1002207 2.4598207
v 0.84026027 6.7708173 2.4463873
v 0.4106887 6.1113024 2.6105142
v 0.5416116 7.000084 2.5461564
v 0.7649551 6.259601 2.4834054
v 0.76413727 6.6121554 2.4763427
v 0.3641539 6.4179873 2.6204116
v 0.40926674 6.7242393 2.5982351
v 0.7381887 6.4360013 2.489098
v 3.4009721 20.724705 0.3038317
v 3.5030007 20.769577 4.585843E-13
v 3.3220842 19.788733 3.0460966E-13
v 3.2313945 19.794733 0.28698757
v 2.9391458 18.942226 1.7690737E-13
v 3.3206007 21.65208 0.3201745
v 3.4213228 21.732796 6.27125E-13
v 2.8621206 18.991278 0.27075255
v 2.3864863 18.296412 9.0372154E-14
v 2.9614425 22.445595 0.33593303
v 3.0501459 22.545235 8.246559E-13
v 2.319604 18.364965 0.25560838
v 1.6863563 17.863405 3.719247E-14
v 2.372848 23.073078 0.3510537
v 2.4421136 23.174675 1.0649615E-12
v 1.6342188 17.93522 0.24146183
v 0.87292224 17.620945 1.0211916E-14
v 1.6440198 23.551731 0.3638437
v 1.6920753 23.644022 1.3228884E-12
v 0.845934 17.697044 0.23101223
v -1.0051469E-07 17.543951 1.0211916E-14
v 0.84593403 23.87094 0.3715344
v 0.87292236 23.971663 1.5057822E-12
v -9.740705E-08 17.621058 0.22738166
v -0.87292236 17.620945 3.5282886E-14
v -0.016247934 23.956127 0.37426817
v -0.009292006 24.071615 1.5725731E-12
v -0.84593403 17.697044 0.23224051
v -1.6863564 17.863405 9.0372154E-14
v -0.9144174 23.760584 0.37119618
v -0.93665653 23.868954 1.4964029E-12
v -1.634219 17.935223 0.24371931
v -2.384868 18.293787 1.6370904E-13
v -1.7661376 23.323212 0.36284426
v -1.8175436 23.423319 1.2823875E-12
v -2.3111346 18.35121 0.25860733
v -2.9208543 18.912518 2.5963232E-13
v -2.4737403 22.710789 0.3506391
v -2.5474741 22.818502 1.0442137E-12
v -2.83055 18.939991 0.27404925
v -3.25779 19.684277 3.824141E-13
v -2.9609234 22.022848 0.33683667
v -3.0502942 22.1266 8.417089E-13
v -3.1584182 19.67181 0.29012677
v -3.3827052 20.54181 5.267253E-13
v -3.2230518 21.280071 0.3221599
v -3.3168695 21.371914 6.7721826E-13
v -3.2882729 20.477428 0.30643564
v -2.2722971 22.462597 0.6064852
v -2.7184784 21.817177 0.58077985
v -2.9618673 21.126764 0.55337316
v -3.017576 20.40252 0.52481043
v -2.8896062 19.689644 0.4961999
v -2.583833 19.040646 0.4687875
v -1.627588 23.043121 0.6283833
v -2.109691 18.508707 0.4434561
v -0.8521762 23.464691 0.64352256
v -1.4917768 18.127638 0.42067617
v -0.030003706 23.649073 0.6482514
v -0.7722005 17.904173 0.4029315
v 0.7687586 23.588022 0.6439383
v -8.891684E-08 17.831717 0.39449486
v 1.5132989 23.29695 0.62951875
v 0.7722004 17.904173 0.40000442
v 2.1842353 22.845734 0.60665375
v 1.495351 18.133442 0.4160251
v 2.7194915 22.254547 0.57955706
v 2.1297967 18.541367 0.4377555
v 3.0454242 21.52132 0.5507528
v 2.6321046 19.119062 0.4628276
v 3.1209981 20.68064 0.52090627
v 2.9707532 19.846432 0.49089277
v 1.925851 22.547548 0.6974764
v 2.3885908 22.015207 0.6657618
v 2.6695256 21.366943 0.6314089
v 2.737874 20.63944 0.5958382
v 2.6110723 19.922976 0.56087023
v 2.3130157 19.287872 0.52875024
v 1.3359545 22.950111 0.72413415
v 1.868841 18.774921 0.5009824
v 0.66445214 23.189589 0.7420291
v 1.3077706 18.402332 0.4780356
v -0.04772391 23.231358 0.74853635
v 0.6714786 18.18548 0.4619126
v -0.7664286 23.047787 0.7417311
v -7.731899E-08 18.11948 0.45675036
v -1.4384794 22.659462 0.72371435
v -0.6714787 18.18548 0.4661125
v -1.9971199 22.13713 0.69735456
v -1.2971972 18.385155 0.48400202
v -2.3872976 21.558485 0.66630375
v -1.8345137 18.719154 0.5078401
v -2.60209 20.946407 0.6330007
v -2.249461 19.176044 0.53555477
v -2.6455297 20.323946 0.59925544
v -2.525073 19.721518 0.5663576
v -2.0556715 21.31131 0.572265
v -2.2399516 20.780586 0.54277134
v -2.2726312 20.254543 0.5134253
v -2.161487 19.75505 0.48538393
v -1.918164 19.305056 0.4595373
v -1.5593368 18.924889 0.43671083
v -1.7219429 21.819118 0.5999996
v -1.1026177 18.63831 0.417935
v -1.2490312 22.277445 0.62344164
v -0.570757 18.465216 0.40433314
v -0.6799123 22.624956 0.6397302
v -6.5721146E-08 18.407244 0.39671314
v -0.06364238 22.811293 0.6475402
v 0.5722307 18.467613 0.40023124
v 0.5626635 22.788103 0.63986576
v 1.120507 18.66737 0.4125931
v 1.1559144 22.600054 0.62357944
v 1.6061178 19.000887 0.43089664
v 1.666245 22.254835 0.60049397
v 1.9916286 19.451508 0.45416793
v 2.057039 21.785618 0.5728614
v 2.2482786 19.997654 0.4814757
v 2.2936265 21.223295 0.54265535
v 2.3539255 20.604713 0.5115686
v 1.0226742 22.340467 0.35793576
v 1.4751953 22.039991 0.34449798
v 1.8138843 21.61895 0.3284474
v 2.0184495 21.120256 0.31094152
v 2.0724258 20.57978 0.2930659
v 1.9805454 20.048626 0.27596828
v 0.48969573 22.493055 0.36774853
v 1.7537596 19.56556 0.26058707
v -0.07247283 22.502058 0.37298572
v 1.4122474 19.161665 0.24765709
v -0.6158551 22.312935 0.36765656
v 0.9831278 18.858984 0.23772186
v -1.1100038 21.997349 0.35770544
v 0.5004251 18.67473 0.23118088
v -1.5204992 21.587389 0.34383124
v -5.723093E-08 18.617903 0.22953306
v -1.8125215 21.1331 0.32763472
v -0.49702343 18.669203 0.23366632
v -1.9728668 20.664503 0.31057957
v -0.9601755 18.821692 0.24082004
v -1.9976504 20.208162 0.29377565
v -1.3585788 19.072254 0.2508897
v -1.8947945 19.780268 0.27788064
v -1.6762856 19.396938 0.26341805
v -1.8738694 20.620361 1.0442137E-12
v -1.7234607 21.062902 1.1991119E-12
v -1.8960522 20.190609 8.9087846E-13
v -1.7971127 19.788784 7.3924867E-13
v -1.4467655 21.496557 1.3466205E-12
v -1.5882632 19.429665 5.8911095E-13
v -1.2855104 19.125624 4.4224178E-13
v -1.0590283 21.888794 1.468834E-12
v -0.9080381 18.88878 3.0460966E-13
v -0.5920961 22.193756 1.5461409E-12
v -0.47003505 18.743732 1.8463452E-13
v -0.07433106 22.38713 1.5725731E-12
v -5.412329E-08 18.695007 9.123369E-14
v 0.46335375 22.380196 1.547562E-12
v 0.47472388 18.75134 1.0469847E-13
v 0.9731763 22.238111 1.4776446E-12
v 0.9335037 18.930147 2.082956E-13
v 1.4050786 21.955029 1.3677948E-12
v 1.3414061 19.2208 3.455369E-13
v 1.7248421 21.55279 1.2251178E-12
v 1.6659883 19.606085 5.083223E-13
v 1.917728 21.078892 1.0579981E-12
v 1.8815874 20.064903 6.880185E-13
v 1.9692862 20.568394 8.751044E-13
v -0.6175446 16.788387 1.8749528
v -1.3886894 16.579964 1.671505
v -1.5665454 16.809904 1.6058502
v -0.8034958 16.558449 1.8380004
v -1.4136993 15.157528 1.760292
v -0.6451368 14.932963 1.9921855
v -1.5996507 14.92759 1.7233399
v -0.82299286 15.162901 1.9265308
v 13.063313 11.772837 0.051723227
v 13.271108 11.749305 -0.03502662
v 13.083742 11.772837 -0.035028182
v 13.231362 11.749081 0.13496484
v 13.231363 11.749078 -0.20502369
v 13.006082 11.772837 0.12129058
v 13.063313 11.772837 -0.12178231
v 13.1212 11.748576 0.26978955
v 13.121196 11.748578 -0.33985022
v 12.923376 11.772837 0.15989073
v 13.006082 11.772837 -0.19134827
v 12.964133 11.748183 0.3435977
v 12.964126 11.748186 -0.41365424
v 12.831577 11.772837 0.15989383
v 12.923371 11.772837 -0.22994563
v 12.790822 11.748183 0.34359848
v 12.790822 11.748183 -0.41365463
v 12.748872 11.772837 0.12128741
v 12.831577 11.772837 -0.22995019
v 12.633752 11.748575 0.26978996
v 12.633748 11.748575 -0.33984327
v 12.691633 11.772837 0.051722534
v 12.748873 11.772837 -0.1913438
v 12.523587 11.749078 0.13496421
v 12.523586 11.749077 -0.20501213
v 12.67121 11.772837 -0.035022628
v 12.691633 11.772837 -0.12177335
v 12.483841 11.749305 -0.03502269
v -11.088345 9.702069 1.6409554
v -11.775281 9.549131 1.6607258
v -11.930578 9.6734495 1.6588993
v -11.2295885 9.562244 1.6493151
v -11.763384 8.743445 1.6924134
v -11.07871 8.643179 1.6827215
v -11.902013 8.603759 1.7007152
v -11.228691 8.767774 1.680778
v -11.121346 9.692546 -1.653594
v -11.964054 9.681825 -1.6385025
v -11.811604 9.554206 -1.6453849
v -11.26573 9.55572 -1.655332
v -11.81796 8.748242 -1.6710942
v -11.135696 8.633422 -1.687269
v -11.959723 8.611499 -1.6728789
v -11.282826 8.761207 -1.6804796
v 1.8521701 8.09399 -2.1285431
v 1.9002603 8.399921 -2.1082609
v 1.4597293 8.422875 -2.179801
v 1.4320675 8.246907 -2.1914678
v 1.4322795 8.599243 -2.177184
v 1.7129745 7.8187003 -2.1625748
v 1.8525372 8.706549 -2.103711
v 1.3520042 8.088563 -2.2110417
v 1.3524044 8.758746 -2.1838725
v 1.4962994 7.6010003 -2.2070239
v 1.7136697 8.983854 -2.1153388
v 1.2273743 7.963344 -2.2366076
v 1.2279241 8.885772 -2.1992118
v 1.2233498 7.462198 -2.2575371
v 1.497254 9.204696 -2.1420095
v 1.0703776 7.883506 -2.2656624
v 1.0710244 8.967886 -2.221701
v 0.9208495 7.4158816 -2.3091722
v 1.2244749 9.347456 -2.1811082
v 0.89638335 7.856866 -2.295361
v 0.897061 8.99705 -2.249138
v 0.6184066 7.4665866 -2.3568733
v 0.92202985 9.398159 -2.2288105
v 0.72242033 7.886031 -2.3227994
v 0.7230674 8.970409 -2.2788386
v 0.34562743 7.6093454 -2.3959713
v 0.61953044 9.351845 -2.2804437
v 0.5655213 7.9681463 -2.3452885
v 0.56607175 8.890571 -2.307893
v 0.12921286 7.8301873 -2.4226391
v 0.346583 9.213041 -2.330958
v 0.4410421 8.09517 -2.3606286
v 0.44144148 8.765353 -2.3334587
v -0.009654541 8.107492 -2.4342666
v 0.129906 8.995341 -2.375404
v 0.3611679 8.254673 -2.3673167
v 0.36137792 8.607011 -2.353033
v -0.05737869 8.414121 -2.4297175
v -0.009289246 8.720051 -2.4094346
v 0.3337175 8.431042 -2.364699
v 11.121346 9.692546 -1.653594
v 11.811604 9.554206 -1.6453849
v 11.964054 9.681825 -1.6385025
v 11.26573 9.55572 -1.655332
v 11.81796 8.748242 -1.6710942
v 11.135696 8.633422 -1.687269
v 11.959723 8.611499 -1.6728789
v 11.282826 8.761207 -1.6804796
v -2.373048 3.365579 -2.2002778
v -2.040254 3.6508462 -2.2660937
v -2.4135253 3.6285808 -2.1747541
v -2.0169713 3.499571 -2.2807748
v -2.0168414 3.8027806 -2.2629635
v -2.255353 3.1294653 -2.2433867
v -2.3728213 3.8927274 -2.1693122
v -1.9492747 3.3637602 -2.3055704
v -1.949025 3.9405 -2.271691
v -2.0719607 2.9433544 -2.2998607
v -2.2549186 4.132162 -2.1844842
v -1.8437889 3.256712 -2.3380532
v -1.8434446 4.050525 -2.2914214
v -1.840819 2.8254616 -2.3641696
v -2.071361 4.323447 -2.218789
v -1.7108394 3.1889007 -2.3750434
v -1.7104353 4.122086 -2.3202243
v -1.5845587 2.7873287 -2.4300208
v -1.8401167 4.4478583 -2.2688646
v -1.5634418 3.1669672 -2.4129188
v -1.5630146 4.1481757 -2.3552797
v -1.3282617 2.832689 -2.4909663
v -1.5838181 4.493216 -2.3298116
v -1.4160217 3.1930585 -2.4479754
v -1.4156176 4.1262417 -2.393157
v -1.0970172 2.9570987 -2.5410414
v -1.3275583 4.4550853 -2.3956606
v -1.2830129 3.2646184 -2.4767778
v -1.2826691 4.0584316 -2.4301465
v -0.9134605 3.1483834 -2.5753436
v -1.0964185 4.3371916 -2.4599707
v -1.1774331 3.3746426 -2.496509
v -1.1771828 3.9513814 -2.4626288
v -0.7955579 3.3878176 -2.590516
v -0.9130246 4.15108 -2.5164423
v -1.1096176 3.512363 -2.5052366
v -1.1094861 3.8155735 -2.4874246
v -0.7548532 3.6519659 -2.5850747
v -0.7953295 3.914967 -2.5595503
v -1.0862045 3.6642964 -2.5021052
v -0.14699753 15.871565 -2.062115
v 0.6481555 15.663286 -2.0000725
v 0.835354 15.89356 -1.9727637
v 0.042282943 15.641466 -2.0555558
v 0.65456176 14.239324 -2.0642526
v -0.1438462 14.014145 -2.1462998
v 0.84384185 14.009226 -2.0576942
v 0.04335289 14.244417 -2.118992
v 3.4009721 20.724705 -0.3040051
v 3.3220842 19.788733 3.0460966E-13
v 3.5030007 20.769577 4.585843E-13
v 3.2313945 19.794733 -0.28715137
v 2.9391458 18.942226 1.7690737E-13
v 3.3206007 21.65208 -0.3203572
v 3.4213228 21.732796 6.27125E-13
v 2.8621206 18.991278 -0.27090704
v 2.3864863 18.296412 9.0372154E-14
v 2.9614425 22.445595 -0.33612475
v 3.0501459 22.545235 8.246559E-13
v 2.319604 18.364965 -0.25575426
v 1.6863563 17.863405 3.719247E-14
v 2.372848 23.073078 -0.35125408
v 2.4421136 23.174675 1.0649615E-12
v 1.6342188 17.93522 -0.2415996
v 0.87292224 17.620945 1.0211916E-14
v 1.6440198 23.551731 -0.3640514
v 1.6920753 23.644022 1.3228884E-12
v 0.845934 17.697044 -0.23114406
v -1.0051469E-07 17.543951 1.0211916E-14
v 0.84593403 23.87094 -0.37174645
v 0.87292236 23.971663 1.5057822E-12
v -9.740705E-08 17.621058 -0.22751142
v -0.87292236 17.620945 3.5282886E-14
v -0.016247934 23.956127 -0.37448177
v -0.009292006 24.071615 1.5725731E-12
v -0.84593403 17.697044 -0.23237306
v -1.6863564 17.863405 9.0372154E-14
v -0.9144174 23.760584 -0.371408
v -0.93665653 23.868954 1.4964029E-12
v -1.634219 17.935223 -0.24385843
v -2.384868 18.293787 1.6370904E-13
v -1.7661376 23.323212 -0.36305133
v -1.8175436 23.423319 1.2823875E-12
v -2.3111346 18.35121 -0.2587549
v -2.9208543 18.912518 2.5963232E-13
v -2.4737403 22.710789 -0.35083923
v -2.5474741 22.818502 1.0442137E-12
v -2.83055 18.939991 -0.27420565
v -3.25779 19.684277 3.824141E-13
v -2.9609234 22.022848 -0.3370289
v -3.0502942 22.1266 8.417089E-13
v -3.1584182 19.67181 -0.29029235
v -3.3827052 20.54181 5.267253E-13
v -3.2230518 21.280071 -0.32234374
v -3.3168695 21.371914 6.7721826E-13
v -3.2882729 20.477428 -0.30661052
v -2.2722971 22.462597 -0.6068313
v -2.7184784 21.817177 -0.58111125
v -2.9618673 21.126764 -0.553689
v -3.017576 20.40252 -0.52510995
v -2.8896062 19.689644 -0.49648306
v -2.583833 19.040646 -0.46905503
v -1.627588 23.043121 -0.6287419
v -2.109691 18.508707 -0.44370916
v -0.8521762 23.464691 -0.64388984
v -1.4917768 18.127638 -0.42091623
v -0.030003706 23.649073 -0.6486214
v -0.7722005 17.904173 -0.40316147
v 0.7687586 23.588022 -0.64430577
v -8.891684E-08 17.831717 -0.39472
v 1.5132989 23.29695 -0.6298779
v 0.7722004 17.904173 -0.40023267
v 2.1842353 22.845734 -0.607
v 1.495351 18.133442 -0.41626254
v 2.7194915 22.254547 -0.5798878
v 2.1297967 18.541367 -0.43800533
v 3.0454242 21.52132 -0.5510671
v 2.6321046 19.119062 -0.46309173
v 3.1209981 20.68064 -0.5212036
v 2.9707532 19.846432 -0.49117294
v 1.925851 22.547548 -0.6978745
v 2.3885908 22.015207 -0.6661418
v 2.6695256 21.366943 -0.63176924
v 2.737874 20.63944 -0.59617823
v 2.6110723 19.922976 -0.56119025
v 2.3130157 19.287872 -0.529052
v 1.3359545 22.950111 -0.7245473
v 1.868841 18.774921 -0.5012683
v 0.66445214 23.189589 -0.7424525
v 1.3077706 18.402332 -0.47830844
v -0.04772391 23.231358 -0.7489636
v 0.6714786 18.18548 -0.4621762
v -0.7664286 23.047787 -0.7421544
v -7.731899E-08 18.11948 -0.457011
v -1.4384794 22.659462 -0.72412735
v -0.6714787 18.18548 -0.46637854
v -1.9971199 22.13713 -0.6977526
v -1.2971972 18.385155 -0.48427826
v -2.3872976 21.558485 -0.66668403
v -1.8345137 18.719154 -0.5081299
v -2.60209 20.946407 -0.63336194
v -2.249461 19.176044 -0.5358604
v -2.6455297 20.323946 -0.5995974
v -2.525073 19.721518 -0.5666808
v -2.0556715 21.31131 -0.5725916
v -2.2399516 20.780586 -0.5430811
v -2.2726312 20.254543 -0.5137183
v -2.161487 19.75505 -0.4856609
v -1.918164 19.305056 -0.45979953
v -1.5593368 18.924889 -0.4369601
v -1.7219429 21.819118 -0.60034204
v -1.1026177 18.63831 -0.41817355
v -1.2490312 22.277445 -0.6237975
v -0.570757 18.465216 -0.4045639
v -0.6799123 22.624956 -0.6400953
v -6.5721146E-08 18.407244 -0.39693955
v -0.06364238 22.811293 -0.6479097
v 0.5722307 18.467613 -0.40045962
v 0.5626635 22.788103 -0.64023095
v 1.120507 18.66737 -0.4128286
v 1.1559144 22.600054 -0.62393534
v 1.6061178 19.000887 -0.43114257
v 1.666245 22.254835 -0.60083663
v 1.9916286 19.451508 -0.4544271
v 2.057039 21.785618 -0.57318825
v 2.2482786 19.997654 -0.4817505
v 2.2936265 21.223295 -0.54296505
v 2.3539255 20.604713 -0.51186055
v 1.0226742 22.340467 -0.35814
v 1.4751953 22.039991 -0.34469455
v 1.8138843 21.61895 -0.32863486
v 2.0184495 21.120256 -0.31111896
v 2.0724258 20.57978 -0.29323316
v 1.9805454 20.048626 -0.2761258
v 0.48969573 22.493055 -0.36795837
v 1.7537596 19.56556 -0.26073578
v -0.07247283 22.502058 -0.37319857
v 1.4122474 19.161665 -0.2477984
v -0.6158551 22.312935 -0.36786637
v 0.9831278 18.858984 -0.23785752
v -1.1100038 21.997349 -0.3579096
v 0.5004251 18.67473 -0.2313128
v -1.5204992 21.587389 -0.34402746
v -5.723093E-08 18.617903 -0.22966403
v -1.8125215 21.1331 -0.32782173
v -0.49702343 18.669203 -0.23379967
v -1.9728668 20.664503 -0.3107568
v -0.9601755 18.821692 -0.24095747
v -1.9976504 20.208162 -0.2939433
v -1.3585788 19.072254 -0.25103286
v -1.8947945 19.780268 -0.27803922
v -1.6762856 19.396938 -0.26356837
v -1.8738694 20.620361 1.0442137E-12
v -1.7234607 21.062902 1.1991119E-12
v -1.8960522 20.190609 8.9087846E-13
v -1.7971127 19.788784 7.3924867E-13
v -1.4467655 21.496557 1.3466205E-12
v -1.5882632 19.429665 5.8911095E-13
v -1.2855104 19.125624 4.4224178E-13
v -1.0590283 21.888794 1.468834E-12
v -0.9080381 18.88878 3.0460966E-13
v -0.5920961 22.193756 1.5461409E-12
v -0.47003505 18.743732 1.8463452E-13
v -0.07433106 22.38713 1.5725731E-12
v -5.412329E-08 18.695007 9.123369E-14
v 0.46335375 22.380196 1.547562E-12
v 0.47472388 18.75134 1.0469847E-13
v 0.9731763 22.238111 1.4776446E-12
v 0.9335037 18.930147 2.082956E-13
v 1.4050786 21.955029 1.3677948E-12
v 1.3414061 19.2208 3.455369E-13
v 1.7248421 21.55279 1.2251178E-12
v 1.6659883 19.606085 5.083223E-13
v 1.917728 21.078892 1.0579981E-12
v 1.8815874 20.064903 6.880185E-13
v 1.9692862 20.568394 8.751044E-13
vt 0.30200195 0.059631348
vt 0.2993164 0.019683838
vt 0.27148438 0.019683838
vt 0.24365234 0.019683838
vt 0.23999023 0.060760498
vt 0.30200195 0.059631348
vt 0.3005371 0.06921387
vt 0.29638672 0.077941895
vt 0.28955078 0.0848999
vt 0.28100586 0.089416504
vt 0.27148438 0.09112549
vt 0.2619629 0.089782715
vt 0.25317383 0.08557129
vt 0.24621582 0.07885742
vt 0.24169922 0.0703125
vt 0.23999023 0.060760498
vt 0.44262695 0.69970703
vt 0.4428711 0.82421875
vt 0.49609375 0.8222656
vt 0.4963379 0.69970703
vt 0.30371094 0.8666992
vt 0.30395508 0.90234375
vt 0.39257812 0.90185547
vt 0.39233398 0.86621094
vt 0.3642578 0.8354492
vt 0.3642578 0.77490234
vt 0.33251953 0.77490234
vt 0.33251953 0.83447266
vt 0.30786133 0.6611328
vt 0.30688477 0.69677734
vt 0.39624023 0.69921875
vt 0.3972168 0.6635742
vt 0.39624023 0.69921875
vt 0.39233398 0.86621094
vt 0.42797852 0.8671875
vt 0.43164062 0.7001953
vt 0.27124023 0.69628906
vt 0.2680664 0.86621094
vt 0.30371094 0.8666992
vt 0.30688477 0.69677734
vt 0.72998047 0.7011719
vt 0.72998047 0.6870117
vt 0.68066406 0.6870117
vt 0.68066406 0.7011719
vt 0.68066406 0.7011719
vt 0.68066406 0.6870117
vt 0.5654297 0.6870117
vt 0.5654297 0.7011719
vt 0.72998047 0.68066406
vt 0.72998047 0.6665039
vt 0.68066406 0.6665039
vt 0.68066406 0.68066406
vt 0.68066406 0.68066406
vt 0.68066406 0.6665039
vt 0.5654297 0.6665039
vt 0.5654297 0.68066406
vt 0.6557617 0.8544922
vt 0.6796875 0.8964844
vt 0.6796875 0.8544922
vt 0.6557617 0.8964844
vt 0.63183594 0.8544922
vt 0.63183594 0.8964844
vt 0.60839844 0.8544922
vt 0.60839844 0.8964844
vt 0.58447266 0.8544922
vt 0.58447266 0.8964844
vt 0.5605469 0.8544922
vt 0.5605469 0.8964844
vt 0.5366211 0.8544922
vt 0.5366211 0.8964844
vt 0.5131836 0.8544922
vt 0.5131836 0.8964844
vt 0.4892578 0.8544922
vt 0.4892578 0.8964844
vt 0.46557617 0.8544922
vt 0.46557617 0.8964844
vt 0.4416504 0.8544922
vt 0.4416504 0.8964844
vt 0.4416504 0.8544922
vt 0.4416504 0.8964844
vt 0.46557617 0.8964844
vt 0.46557617 0.8544922
vt 0.4892578 0.8964844
vt 0.4892578 0.8544922
vt 0.5131836 0.8964844
vt 0.5131836 0.8544922
vt 0.5366211 0.8964844
vt 0.5366211 0.8544922
vt 0.5605469 0.8964844
vt 0.5605469 0.8544922
vt 0.58447266 0.8964844
vt 0.58447266 0.8544922
vt 0.60839844 0.8964844
vt 0.60839844 0.8544922
vt 0.63183594 0.8964844
vt 0.63183594 0.8544922
vt 0.6557617 0.8964844
vt 0.6557617 0.8544922
vt 0.6796875 0.8964844
vt 0.6796875 0.8544922
vt 0.66308594 0.7363281
vt 0.65185547 0.7216797
vt 0.65185547 0.7363281
vt 0.66308594 0.7216797
vt 0.6743164 0.7363281
vt 0.6743164 0.7216797
vt 0.6855469 0.7363281
vt 0.6855469 0.7216797
vt 0.69677734 0.7363281
vt 0.69677734 0.7216797
vt 0.7084961 0.7363281
vt 0.7084961 0.7216797
vt 0.71972656 0.7363281
vt 0.71972656 0.7216797
vt 0.7314453 0.7363281
vt 0.7314453 0.7216797
vt 0.7426758 0.7363281
vt 0.7426758 0.7216797
vt 0.75439453 0.7363281
vt 0.75439453 0.7216797
vt 0.7661133 0.7363281
vt 0.7661133 0.7216797
vt 0.65185547 0.74316406
vt 0.65185547 0.7578125
vt 0.66308594 0.7578125
vt 0.66308594 0.74316406
vt 0.6743164 0.7578125
vt 0.6743164 0.74316406
vt 0.6855469 0.7578125
vt 0.6855469 0.74316406
vt 0.69677734 0.7578125
vt 0.69677734 0.74316406
vt 0.7084961 0.7578125
vt 0.7084961 0.74316406
vt 0.71972656 0.7578125
vt 0.71972656 0.74316406
vt 0.7314453 0.7578125
vt 0.7314453 0.74316406
vt 0.7426758 0.7578125
vt 0.7426758 0.74316406
vt 0.75439453 0.7578125
vt 0.75439453 0.74316406
vt 0.7661133 0.7578125
vt 0.7661133 0.74316406
vt 0.90185547 0.31982422
vt 0.9013672 0.3864746
vt 0.94677734 0.38720703
vt 0.94628906 0.3215332
vt 0.79248047 0.3828125
vt 0.79248047 0.41064453
vt 0.8613281 0.4099121
vt 0.86083984 0.38208008
vt 0.9902344 0.36157227
vt 0.9902344 0.3239746
vt 0.9609375 0.32495117
vt 0.9609375 0.36206055
vt 0.79052734 0.26782227
vt 0.79052734 0.2956543
vt 0.85791016 0.29589844
vt 0.85791016 0.2680664
vt 0.85791016 0.29589844
vt 0.86083984 0.38208008
vt 0.8886719 0.38110352
vt 0.8857422 0.29492188
vt 0.7626953 0.29614258
vt 0.76464844 0.38354492
vt 0.79248047 0.3828125
vt 0.79052734 0.2956543
vt 0.9868164 0.4350586
vt 0.97753906 0.4350586
vt 0.97753906 0.47436523
vt 0.9868164 0.47436523
vt 0.9716797 0.3779297
vt 0.9628906 0.3779297
vt 0.9628906 0.4350586
vt 0.9716797 0.4350586
vt 0.9716797 0.4350586
vt 0.9628906 0.4350586
vt 0.9628906 0.47436523
vt 0.9716797 0.47436523
vt 0.9868164 0.3779297
vt 0.97753906 0.3779297
vt 0.97753906 0.4350586
vt 0.9868164 0.4350586
vt 0.6557617 0.8544922
vt 0.6796875 0.8544922
vt 0.6796875 0.8964844
vt 0.6557617 0.8964844
vt 0.63183594 0.8544922
vt 0.63183594 0.8964844
vt 0.60839844 0.8544922
vt 0.60839844 0.8964844
vt 0.58447266 0.8544922
vt 0.58447266 0.8964844
vt 0.5605469 0.8544922
vt 0.5605469 0.8964844
vt 0.5366211 0.8544922
vt 0.5366211 0.8964844
vt 0.5131836 0.8544922
vt 0.5131836 0.8964844
vt 0.4892578 0.8544922
vt 0.4892578 0.8964844
vt 0.46557617 0.8544922
vt 0.46557617 0.8964844
vt 0.4416504 0.8544922
vt 0.4416504 0.8964844
vt 0.4416504 0.8544922
vt 0.46557617 0.8964844
vt 0.4416504 0.8964844
vt 0.46557617 0.8544922
vt 0.4892578 0.8964844
vt 0.4892578 0.8544922
vt 0.5131836 0.8964844
vt 0.5131836 0.8544922
vt 0.5366211 0.8964844
vt 0.5366211 0.8544922
vt 0.5605469 0.8964844
vt 0.5605469 0.8544922
vt 0.58447266 0.8964844
vt 0.58447266 0.8544922
vt 0.60839844 0.8964844
vt 0.60839844 0.8544922
vt 0.63183594 0.8964844
vt 0.63183594 0.8544922
vt 0.6557617 0.8964844
vt 0.6557617 0.8544922
vt 0.6796875 0.8964844
vt 0.6796875 0.8544922
vt 0.66308594 0.7363281
vt 0.65185547 0.7363281
vt 0.65185547 0.7216797
vt 0.66308594 0.7216797
vt 0.6743164 0.7363281
vt 0.6743164 0.7216797
vt 0.6855469 0.7363281
vt 0.6855469 0.7216797
vt 0.69677734 0.7363281
vt 0.69677734 0.7216797
vt 0.7084961 0.7363281
vt 0.7084961 0.7216797
vt 0.71972656 0.7363281
vt 0.71972656 0.7216797
vt 0.7314453 0.7363281
vt 0.7314453 0.7216797
vt 0.7426758 0.7363281
vt 0.7426758 0.7216797
vt 0.75439453 0.7363281
vt 0.75439453 0.7216797
vt 0.7661133 0.7363281
vt 0.7661133 0.7216797
vt 0.65185547 0.74316406
vt 0.66308594 0.7578125
vt 0.65185547 0.7578125
vt 0.66308594 0.74316406
vt 0.6743164 0.7578125
vt 0.6743164 0.74316406
vt 0.6855469 0.7578125
vt 0.6855469 0.74316406
vt 0.69677734 0.7578125
vt 0.69677734 0.74316406
vt 0.7084961 0.7578125
vt 0.7084961 0.74316406
vt 0.71972656 0.7578125
vt 0.71972656 0.74316406
vt 0.7314453 0.7578125
vt 0.7314453 0.74316406
vt 0.7426758 0.7578125
vt 0.7426758 0.74316406
vt 0.75439453 0.7578125
vt 0.75439453 0.74316406
vt 0.7661133 0.7578125
vt 0.7661133 0.74316406
vt 0.90185547 0.31982422
vt 0.94628906 0.3215332
vt 0.94677734 0.38720703
vt 0.9013672 0.3864746
vt 0.79248047 0.3828125
vt 0.86083984 0.38208008
vt 0.8613281 0.4099121
vt 0.79248047 0.41064453
vt 0.9902344 0.36157227
vt 0.9609375 0.36206055
vt 0.9609375 0.32495117
vt 0.9902344 0.3239746
vt 0.79052734 0.26782227
vt 0.85791016 0.2680664
vt 0.85791016 0.29589844
vt 0.79052734 0.2956543
vt 0.85791016 0.29589844
vt 0.8857422 0.29492188
vt 0.8886719 0.38110352
vt 0.86083984 0.38208008
vt 0.7626953 0.29614258
vt 0.79052734 0.2956543
vt 0.79248047 0.3828125
vt 0.76464844 0.38354492
vt 0.9868164 0.4350586
vt 0.9868164 0.47436523
vt 0.97753906 0.47436523
vt 0.97753906 0.4350586
vt 0.9716797 0.3779297
vt 0.9716797 0.4350586
vt 0.9628906 0.4350586
vt 0.9628906 0.3779297
vt 0.9716797 0.4350586
vt 0.9716797 0.47436523
vt 0.9628906 0.47436523
vt 0.9628906 0.4350586
vt 0.9868164 0.3779297
vt 0.9868164 0.4350586
vt 0.97753906 0.4350586
vt 0.97753906 0.3779297
vt 0.90185547 0.31982422
vt 0.9013672 0.3864746
vt 0.94677734 0.38720703
vt 0.94628906 0.3215332
vt 0.79248047 0.3828125
vt 0.79248047 0.41064453
vt 0.8613281 0.4099121
vt 0.86083984 0.38208008
vt 0.9902344 0.36157227
vt 0.9902344 0.3239746
vt 0.9609375 0.32495117
vt 0.9609375 0.36206055
vt 0.79052734 0.26782227
vt 0.79052734 0.2956543
vt 0.85791016 0.29589844
vt 0.85791016 0.2680664
vt 0.85791016 0.29589844
vt 0.86083984 0.38208008
vt 0.8886719 0.38110352
vt 0.8857422 0.29492188
vt 0.7626953 0.29614258
vt 0.76464844 0.38354492
vt 0.79248047 0.3828125
vt 0.79052734 0.2956543
vt 0.9868164 0.4350586
vt 0.97753906 0.4350586
vt 0.97753906 0.47436523
vt 0.9868164 0.47436523
vt 0.9716797 0.3779297
vt 0.9628906 0.3779297
vt 0.9628906 0.4350586
vt 0.9716797 0.4350586
vt 0.9716797 0.4350586
vt 0.9628906 0.4350586
vt 0.9628906 0.47436523
vt 0.9716797 0.47436523
vt 0.9868164 0.3779297
vt 0.97753906 0.3779297
vt 0.97753906 0.4350586
vt 0.9868164 0.4350586
vt 0.0077209473 0.9086914
vt 0.0077209473 0.9926758
vt 0.1887207 0.9926758
vt 0.1887207 0.9086914
vt 0.36791992 0.9086914
vt 0.36791992 0.9926758
vt 0.546875 0.9086914
vt 0.546875 0.9926758
vt 0.72802734 0.9086914
vt 0.72802734 0.9926758
vt 0.24230957 0.21398926
vt 0.21960449 0.2836914
vt 0.23583984 0.21398926
vt 0.22668457 0.2836914
vt 0.24890137 0.21398926
vt 0.22216797 0.31445312
vt 0.23425293 0.2836914
vt 0.25561523 0.21398926
vt 0.23352051 0.31445312
vt 0.20898438 0.37939453
vt 0.22070312 0.37939453
vt 0.24353027 0.31445312
vt 0.23205566 0.37939453
vt 0.24279785 0.2836914
vt 0.26245117 0.21398926
vt 0.25219727 0.31445312
vt 0.24316406 0.37939453
vt 0.25219727 0.2836914
vt 0.2692871 0.21398926
vt 0.2602539 0.31445312
vt 0.2536621 0.37939453
vt 0.26220703 0.2836914
vt 0.2758789 0.21398926
vt 0.26757812 0.31445312
vt 0.26391602 0.37939453
vt 0.27246094 0.2836914
vt 0.28271484 0.21398926
vt 0.28271484 0.2836914
vt 0.27514648 0.31445312
vt 0.2734375 0.37939453
vt 0.28271484 0.31445312
vt 0.28271484 0.37939453
vt 0.3310547 0.21398926
vt 0.3413086 0.2836914
vt 0.33813477 0.21398926
vt 0.33325195 0.2836914
vt 0.32421875 0.21398926
vt 0.37402344 0.31445312
vt 0.32495117 0.2836914
vt 0.3173828 0.21398926
vt 0.36206055 0.31445312
vt 0.37109375 0.37939453
vt 0.36035156 0.37939453
vt 0.3503418 0.31445312
vt 0.34936523 0.37939453
vt 0.31713867 0.2836914
vt 0.31030273 0.21398926
vt 0.3383789 0.31445312
vt 0.33813477 0.37939453
vt 0.3095703 0.2836914
vt 0.3034668 0.21398926
vt 0.32617188 0.31445312
vt 0.32641602 0.37939453
vt 0.30273438 0.2836914
vt 0.29663086 0.21398926
vt 0.31347656 0.31445312
vt 0.31445312 0.37939453
vt 0.29638672 0.2836914
vt 0.29003906 0.21398926
vt 0.29003906 0.2836914
vt 0.30126953 0.31445312
vt 0.30249023 0.37939453
vt 0.29003906 0.31445312
vt 0.29003906 0.37939453
vt 0.27319336 0.39379883
vt 0.23754883 0.4597168
vt 0.2854004 0.4020996
vt 0.25952148 0.3881836
vt 0.24487305 0.3852539
vt 0.23022461 0.3852539
vt 0.21569824 0.3881836
vt 0.20202637 0.39379883
vt 0.18969727 0.4020996
vt 0.29077148 0.4020996
vt 0.33862305 0.4597168
vt 0.30322266 0.39379883
vt 0.31689453 0.3881836
vt 0.33129883 0.3852539
vt 0.34594727 0.3852539
vt 0.36035156 0.3881836
vt 0.37426758 0.39379883
vt 0.3864746 0.4020996
vt 0.44262695 0.69970703
vt 0.4428711 0.82421875
vt 0.49609375 0.8222656
vt 0.4963379 0.69970703
vt 0.30371094 0.8666992
vt 0.30395508 0.90234375
vt 0.39257812 0.90185547
vt 0.39233398 0.86621094
vt 0.3642578 0.8354492
vt 0.3642578 0.77490234
vt 0.33251953 0.77490234
vt 0.33251953 0.83447266
vt 0.30786133 0.6611328
vt 0.30688477 0.69677734
vt 0.39624023 0.69921875
vt 0.3972168 0.6635742
vt 0.39624023 0.69921875
vt 0.39233398 0.86621094
vt 0.42797852 0.8671875
vt 0.43164062 0.7001953
vt 0.27124023 0.69628906
vt 0.2680664 0.86621094
vt 0.30371094 0.8666992
vt 0.30688477 0.69677734
vt 0.72998047 0.7011719
vt 0.72998047 0.6870117
vt 0.68066406 0.6870117
vt 0.68066406 0.7011719
vt 0.68066406 0.7011719
vt 0.68066406 0.6870117
vt 0.5654297 0.6870117
vt 0.5654297 0.7011719
vt 0.72998047 0.68066406
vt 0.72998047 0.6665039
vt 0.68066406 0.6665039
vt 0.68066406 0.68066406
vt 0.68066406 0.68066406
vt 0.68066406 0.6665039
vt 0.5654297 0.6665039
vt 0.5654297 0.68066406
vt 0.016906738 0.19140625
vt 0.028579712 0.15649414
vt 0.012039185 0.15686035
vt 0.032714844 0.18652344
vt 0.03250122 0.2232666
vt 0.046020508 0.21374512
vt 0.05734253 0.2487793
vt 0.06719971 0.23547363
vt 0.08947754 0.265625
vt 0.094177246 0.24951172
vt 0.12390137 0.2697754
vt 0.12390137 0.2536621
vt 0.15759277 0.265625
vt 0.1529541 0.24963379
vt 0.1887207 0.24951172
vt 0.17932129 0.2364502
vt 0.2133789 0.2253418
vt 0.20043945 0.21569824
vt 0.22937012 0.19482422
vt 0.21411133 0.1895752
vt 0.23535156 0.16113281
vt 0.21923828 0.16052246
vt 0.028579712 0.15649414
vt 0.037841797 0.034332275
vt 0.01638794 0.032165527
vt 0.012039185 0.15686035
vt 0.23535156 0.16113281
vt 0.23034668 0.031707764
vt 0.20910645 0.03390503
vt 0.21923828 0.16052246
vt 0.12371826 0.03414917
vt 0.037841797 0.034332275
vt 0.028579712 0.15649414
vt 0.032714844 0.18652344
vt 0.046020508 0.21374512
vt 0.06719971 0.23547363
vt 0.094177246 0.24951172
vt 0.12390137 0.2536621
vt 0.1529541 0.24963379
vt 0.17932129 0.2364502
vt 0.20043945 0.21569824
vt 0.21411133 0.1895752
vt 0.21923828 0.16052246
vt 0.20910645 0.03390503
vt 0.037841797 0.012802124
vt 0.037841797 0.034332275
vt 0.12371826 0.03414917
vt 0.12365723 0.01272583
vt 0.20910645 0.03390503
vt 0.20910645 0.012580872
vt 0.6557617 0.8544922
vt 0.6796875 0.8964844
vt 0.6796875 0.8544922
vt 0.6557617 0.8964844
vt 0.63183594 0.8544922
vt 0.63183594 0.8964844
vt 0.60839844 0.8544922
vt 0.60839844 0.8964844
vt 0.58447266 0.8544922
vt 0.58447266 0.8964844
vt 0.5605469 0.8544922
vt 0.5605469 0.8964844
vt 0.5366211 0.8544922
vt 0.5366211 0.8964844
vt 0.5131836 0.8544922
vt 0.5131836 0.8964844
vt 0.4892578 0.8544922
vt 0.4892578 0.8964844
vt 0.46557617 0.8544922
vt 0.46557617 0.8964844
vt 0.4416504 0.8544922
vt 0.4416504 0.8964844
vt 0.4416504 0.8544922
vt 0.4416504 0.8964844
vt 0.46557617 0.8964844
vt 0.46557617 0.8544922
vt 0.4892578 0.8964844
vt 0.4892578 0.8544922
vt 0.5131836 0.8964844
vt 0.5131836 0.8544922
vt 0.5366211 0.8964844
vt 0.5366211 0.8544922
vt 0.5605469 0.8964844
vt 0.5605469 0.8544922
vt 0.58447266 0.8964844
vt 0.58447266 0.8544922
vt 0.60839844 0.8964844
vt 0.60839844 0.8544922
vt 0.63183594 0.8964844
vt 0.63183594 0.8544922
vt 0.6557617 0.8964844
vt 0.6557617 0.8544922
vt 0.6796875 0.8964844
vt 0.6796875 0.8544922
vt 0.66308594 0.7363281
vt 0.65185547 0.7216797
vt 0.65185547 0.7363281
vt 0.66308594 0.7216797
vt 0.6743164 0.7363281
vt 0.6743164 0.7216797
vt 0.6855469 0.7363281
vt 0.6855469 0.7216797
vt 0.69677734 0.7363281
vt 0.69677734 0.7216797
vt 0.7084961 0.7363281
vt 0.7084961 0.7216797
vt 0.71972656 0.7363281
vt 0.71972656 0.7216797
vt 0.7314453 0.7363281
vt 0.7314453 0.7216797
vt 0.7426758 0.7363281
vt 0.7426758 0.7216797
vt 0.75439453 0.7363281
vt 0.75439453 0.7216797
vt 0.7661133 0.7363281
vt 0.7661133 0.7216797
vt 0.65185547 0.74316406
vt 0.65185547 0.7578125
vt 0.66308594 0.7578125
vt 0.66308594 0.74316406
vt 0.6743164 0.7578125
vt 0.6743164 0.74316406
vt 0.6855469 0.7578125
vt 0.6855469 0.74316406
vt 0.69677734 0.7578125
vt 0.69677734 0.74316406
vt 0.7084961 0.7578125
vt 0.7084961 0.74316406
vt 0.71972656 0.7578125
vt 0.71972656 0.74316406
vt 0.7314453 0.7578125
vt 0.7314453 0.74316406
vt 0.7426758 0.7578125
vt 0.7426758 0.74316406
vt 0.75439453 0.7578125
vt 0.75439453 0.74316406
vt 0.7661133 0.7578125
vt 0.7661133 0.74316406
vt 0.90185547 0.31982422
vt 0.9013672 0.3864746
vt 0.94677734 0.38720703
vt 0.94628906 0.3215332
vt 0.79248047 0.3828125
vt 0.79248047 0.41064453
vt 0.8613281 0.4099121
vt 0.86083984 0.38208008
vt 0.9902344 0.36157227
vt 0.9902344 0.3239746
vt 0.9609375 0.32495117
vt 0.9609375 0.36206055
vt 0.79052734 0.26782227
vt 0.79052734 0.2956543
vt 0.85791016 0.29589844
vt 0.85791016 0.2680664
vt 0.85791016 0.29589844
vt 0.86083984 0.38208008
vt 0.8886719 0.38110352
vt 0.8857422 0.29492188
vt 0.7626953 0.29614258
vt 0.76464844 0.38354492
vt 0.79248047 0.3828125
vt 0.79052734 0.2956543
vt 0.9868164 0.4350586
vt 0.97753906 0.4350586
vt 0.97753906 0.47436523
vt 0.9868164 0.47436523
vt 0.9716797 0.3779297
vt 0.9628906 0.3779297
vt 0.9628906 0.4350586
vt 0.9716797 0.4350586
vt 0.9716797 0.4350586
vt 0.9628906 0.4350586
vt 0.9628906 0.47436523
vt 0.9716797 0.47436523
vt 0.9868164 0.3779297
vt 0.97753906 0.3779297
vt 0.97753906 0.4350586
vt 0.9868164 0.4350586
vt 0.040222168 0.4741211
vt 0.2298584 0.47509766
vt 0.22973633 0.50390625
vt 0.040039062 0.5024414
vt 0.22949219 0.89746094
vt 0.039642334 0.89746094
vt 0.039642334 0.86865234
vt 0.22949219 0.86865234
vt 0.039276123 0.5600586
vt 0.012077332 0.50439453
vt 0.040039062 0.5024414
vt 0.012626648 0.5620117
vt 0.015426636 0.61865234
vt 0.03918457 0.61865234
vt 0.039520264 0.68603516
vt 0.018951416 0.6611328
vt 0.22998047 0.5605469
vt 0.040039062 0.5024414
vt 0.22973633 0.50390625
vt 0.039276123 0.5600586
vt 0.03918457 0.61865234
vt 0.2298584 0.6191406
vt 0.22961426 0.68603516
vt 0.039520264 0.68603516
vt 0.25634766 0.5629883
vt 0.22973633 0.50390625
vt 0.25756836 0.5058594
vt 0.22998047 0.5605469
vt 0.2298584 0.6191406
vt 0.25341797 0.6191406
vt 0.25024414 0.6611328
vt 0.22961426 0.68603516
vt 0.45654297 0.33984375
vt 0.4951172 0.21350098
vt 0.4951172 0.33984375
vt 0.45654297 0.2133789
vt 0.4177246 0.21313477
vt 0.4177246 0.3400879
vt 0.3876953 0.34033203
vt 0.3876953 0.2130127
vt 0.4177246 0.3400879
vt 0.3876953 0.2130127
vt 0.3876953 0.34033203
vt 0.4177246 0.21313477
vt 0.45654297 0.2133789
vt 0.45654297 0.33984375
vt 0.4951172 0.21350098
vt 0.4951172 0.33984375
vt 0.25341797 0.75341797
vt 0.22961426 0.68603516
vt 0.25 0.7109375
vt 0.2298584 0.7529297
vt 0.22998047 0.81152344
vt 0.2565918 0.8095703
vt 0.22949219 0.86865234
vt 0.25732422 0.8666992
vt 0.2298584 0.7529297
vt 0.039520264 0.68603516
vt 0.22961426 0.68603516
vt 0.039215088 0.7529297
vt 0.039154053 0.81152344
vt 0.22998047 0.81152344
vt 0.039642334 0.86865234
vt 0.22949219 0.86865234
vt 0.039215088 0.7529297
vt 0.019012451 0.7109375
vt 0.039520264 0.68603516
vt 0.015594482 0.75341797
vt 0.012641907 0.8095703
vt 0.039154053 0.81152344
vt 0.011741638 0.8666992
vt 0.039642334 0.86865234
vt 0.6557617 0.8544922
vt 0.6796875 0.8964844
vt 0.6796875 0.8544922
vt 0.6557617 0.8964844
vt 0.63183594 0.8544922
vt 0.63183594 0.8964844
vt 0.60839844 0.8544922
vt 0.60839844 0.8964844
vt 0.58447266 0.8544922
vt 0.58447266 0.8964844
vt 0.5605469 0.8544922
vt 0.5605469 0.8964844
vt 0.5366211 0.8544922
vt 0.5366211 0.8964844
vt 0.5131836 0.8544922
vt 0.5131836 0.8964844
vt 0.4892578 0.8544922
vt 0.4892578 0.8964844
vt 0.46557617 0.8544922
vt 0.46557617 0.8964844
vt 0.4416504 0.8544922
vt 0.4416504 0.8964844
vt 0.4416504 0.8544922
vt 0.4416504 0.8964844
vt 0.46557617 0.8964844
vt 0.46557617 0.8544922
vt 0.4892578 0.8964844
vt 0.4892578 0.8544922
vt 0.5131836 0.8964844
vt 0.5131836 0.8544922
vt 0.5366211 0.8964844
vt 0.5366211 0.8544922
vt 0.5605469 0.8964844
vt 0.5605469 0.8544922
vt 0.58447266 0.8964844
vt 0.58447266 0.8544922
vt 0.60839844 0.8964844
vt 0.60839844 0.8544922
vt 0.63183594 0.8964844
vt 0.63183594 0.8544922
vt 0.6557617 0.8964844
vt 0.6557617 0.8544922
vt 0.6796875 0.8964844
vt 0.6796875 0.8544922
vt 0.66308594 0.7363281
vt 0.65185547 0.7216797
vt 0.65185547 0.7363281
vt 0.66308594 0.7216797
vt 0.6743164 0.7363281
vt 0.6743164 0.7216797
vt 0.6855469 0.7363281
vt 0.6855469 0.7216797
vt 0.69677734 0.7363281
vt 0.69677734 0.7216797
vt 0.7084961 0.7363281
vt 0.7084961 0.7216797
vt 0.71972656 0.7363281
vt 0.71972656 0.7216797
vt 0.7314453 0.7363281
vt 0.7314453 0.7216797
vt 0.7426758 0.7363281
vt 0.7426758 0.7216797
vt 0.75439453 0.7363281
vt 0.75439453 0.7216797
vt 0.7661133 0.7363281
vt 0.7661133 0.7216797
vt 0.65185547 0.74316406
vt 0.65185547 0.7578125
vt 0.66308594 0.7578125
vt 0.66308594 0.74316406
vt 0.6743164 0.7578125
vt 0.6743164 0.74316406
vt 0.6855469 0.7578125
vt 0.6855469 0.74316406
vt 0.69677734 0.7578125
vt 0.69677734 0.74316406
vt 0.7084961 0.7578125
vt 0.7084961 0.74316406
vt 0.71972656 0.7578125
vt 0.71972656 0.74316406
vt 0.7314453 0.7578125
vt 0.7314453 0.74316406
vt 0.7426758 0.7578125
vt 0.7426758 0.74316406
vt 0.75439453 0.7578125
vt 0.75439453 0.74316406
vt 0.7661133 0.7578125
vt 0.7661133 0.74316406
vt 0.6557617 0.8544922
vt 0.6796875 0.8964844
vt 0.6796875 0.8544922
vt 0.6557617 0.8964844
vt 0.63183594 0.8544922
vt 0.63183594 0.8964844
vt 0.60839844 0.8544922
vt 0.60839844 0.8964844
vt 0.58447266 0.8544922
vt 0.58447266 0.8964844
vt 0.5605469 0.8544922
vt 0.5605469 0.8964844
vt 0.5366211 0.8544922
vt 0.5366211 0.8964844
vt 0.5131836 0.8544922
vt 0.5131836 0.8964844
vt 0.4892578 0.8544922
vt 0.4892578 0.8964844
vt 0.46557617 0.8544922
vt 0.46557617 0.8964844
vt 0.4416504 0.8544922
vt 0.4416504 0.8964844
vt 0.4416504 0.8544922
vt 0.4416504 0.8964844
vt 0.46557617 0.8964844
vt 0.46557617 0.8544922
vt 0.4892578 0.8964844
vt 0.4892578 0.8544922
vt 0.5131836 0.8964844
vt 0.5131836 0.8544922
vt 0.5366211 0.8964844
vt 0.5366211 0.8544922
vt 0.5605469 0.8964844
vt 0.5605469 0.8544922
vt 0.58447266 0.8964844
vt 0.58447266 0.8544922
vt 0.60839844 0.8964844
vt 0.60839844 0.8544922
vt 0.63183594 0.8964844
vt 0.63183594 0.8544922
vt 0.6557617 0.8964844
vt 0.6557617 0.8544922
vt 0.6796875 0.8964844
vt 0.6796875 0.8544922
vt 0.66308594 0.7363281
vt 0.65185547 0.7216797
vt 0.65185547 0.7363281
vt 0.66308594 0.7216797
vt 0.6743164 0.7363281
vt 0.6743164 0.7216797
vt 0.6855469 0.7363281
vt 0.6855469 0.7216797
vt 0.69677734 0.7363281
vt 0.69677734 0.7216797
vt 0.7084961 0.7363281
vt 0.7084961 0.7216797
vt 0.71972656 0.7363281
vt 0.71972656 0.7216797
vt 0.7314453 0.7363281
vt 0.7314453 0.7216797
vt 0.7426758 0.7363281
vt 0.7426758 0.7216797
vt 0.75439453 0.7363281
vt 0.75439453 0.7216797
vt 0.7661133 0.7363281
vt 0.7661133 0.7216797
vt 0.65185547 0.74316406
vt 0.65185547 0.7578125
vt 0.66308594 0.7578125
vt 0.66308594 0.74316406
vt 0.6743164 0.7578125
vt 0.6743164 0.74316406
vt 0.6855469 0.7578125
vt 0.6855469 0.74316406
vt 0.69677734 0.7578125
vt 0.69677734 0.74316406
vt 0.7084961 0.7578125
vt 0.7084961 0.74316406
vt 0.71972656 0.7578125
vt 0.71972656 0.74316406
vt 0.7314453 0.7578125
vt 0.7314453 0.74316406
vt 0.7426758 0.7578125
vt 0.7426758 0.74316406
vt 0.75439453 0.7578125
vt 0.75439453 0.74316406
vt 0.7661133 0.7578125
vt 0.7661133 0.74316406
vt 0.040222168 0.4741211
vt 0.040039062 0.5024414
vt 0.22973633 0.50390625
vt 0.2298584 0.47509766
vt 0.22949219 0.89746094
vt 0.22949219 0.86865234
vt 0.039642334 0.86865234
vt 0.039642334 0.89746094
vt 0.039276123 0.5600586
vt 0.040039062 0.5024414
vt 0.012077332 0.50439453
vt 0.012626648 0.5620117
vt 0.015426636 0.61865234
vt 0.03918457 0.61865234
vt 0.039520264 0.68603516
vt 0.018951416 0.6611328
vt 0.22998047 0.5605469
vt 0.22973633 0.50390625
vt 0.040039062 0.5024414
vt 0.039276123 0.5600586
vt 0.03918457 0.61865234
vt 0.2298584 0.6191406
vt 0.22961426 0.68603516
vt 0.039520264 0.68603516
vt 0.25634766 0.5629883
vt 0.25756836 0.5058594
vt 0.22973633 0.50390625
vt 0.22998047 0.5605469
vt 0.2298584 0.6191406
vt 0.25341797 0.6191406
vt 0.25024414 0.6611328
vt 0.22961426 0.68603516
vt 0.45654297 0.33984375
vt 0.4951172 0.33984375
vt 0.4951172 0.21350098
vt 0.45654297 0.2133789
vt 0.4177246 0.21313477
vt 0.4177246 0.3400879
vt 0.3876953 0.34033203
vt 0.3876953 0.2130127
vt 0.4177246 0.3400879
vt 0.3876953 0.34033203
vt 0.3876953 0.2130127
vt 0.4177246 0.21313477
vt 0.45654297 0.2133789
vt 0.45654297 0.33984375
vt 0.4951172 0.21350098
vt 0.4951172 0.33984375
vt 0.25341797 0.75341797
vt 0.25 0.7109375
vt 0.22961426 0.68603516
vt 0.2298584 0.7529297
vt 0.22998047 0.81152344
vt 0.2565918 0.8095703
vt 0.22949219 0.86865234
vt 0.25732422 0.8666992
vt 0.2298584 0.7529297
vt 0.22961426 0.68603516
vt 0.039520264 0.68603516
vt 0.039215088 0.7529297
vt 0.039154053 0.81152344
vt 0.22998047 0.81152344
vt 0.039642334 0.86865234
vt 0.22949219 0.86865234
vt 0.039215088 0.7529297
vt 0.039520264 0.68603516
vt 0.019012451 0.7109375
vt 0.015594482 0.75341797
vt 0.012641907 0.8095703
vt 0.039154053 0.81152344
vt 0.011741638 0.8666992
vt 0.039642334 0.86865234
vt 0.7861328 0.19946289
vt 0.7832031 0.25708008
vt 0.84472656 0.2602539
vt 0.84228516 0.19921875
vt 0.89501953 0.28759766
vt 0.89453125 0.31201172
vt 0.96972656 0.31347656
vt 0.97021484 0.2890625
vt 0.8852539 0.20605469
vt 0.88427734 0.17492676
vt 0.8535156 0.17480469
vt 0.85253906 0.20727539
vt 0.8955078 0.19177246
vt 0.8959961 0.21618652
vt 0.9663086 0.21447754
vt 0.9658203 0.19018555
vt 0.9663086 0.21447754
vt 0.97021484 0.2890625
vt 0.9946289 0.28759766
vt 0.99072266 0.21325684
vt 0.87158203 0.21582031
vt 0.87060547 0.28710938
vt 0.89501953 0.28759766
vt 0.8959961 0.21618652
vt 0.9423828 0.44750977
vt 0.9501953 0.44750977
vt 0.9501953 0.40454102
vt 0.9423828 0.40454102
vt 0.9423828 0.49121094
vt 0.9501953 0.49121094
vt 0.9501953 0.44750977
vt 0.9423828 0.44750977
vt 0.9423828 0.44750977
vt 0.9501953 0.44750977
vt 0.9501953 0.40454102
vt 0.9423828 0.40454102
vt 0.9423828 0.49121094
vt 0.9501953 0.49121094
vt 0.9501953 0.44750977
vt 0.9423828 0.44750977
vt 0.87060547 0.6611328
vt 0.8745117 0.65234375
vt 0.8364258 0.6328125
vt 0.83154297 0.6425781
vt 0.86621094 0.6694336
vt 0.7861328 0.62158203
vt 0.7915039 0.61035156
vt 0.82714844 0.65283203
vt 0.86376953 0.6767578
vt 0.73828125 0.59765625
vt 0.7451172 0.5864258
vt 0.7807617 0.6328125
vt 0.82421875 0.66015625
vt 0.859375 0.6870117
vt 0.7324219 0.61083984
vt 0.7270508 0.59033203
vt 0.73828125 0.5810547
vt 0.7338867 0.57470703
vt 0.77783203 0.6411133
vt 0.8208008 0.6699219
vt 0.8569336 0.6928711
vt 0.7167969 0.5996094
vt 0.70703125 0.6123047
vt 0.69970703 0.58740234
vt 0.7285156 0.62109375
vt 0.7182617 0.5800781
vt 0.71533203 0.5644531
vt 0.73339844 0.5649414
vt 0.7246094 0.6347656
vt 0.73046875 0.2322998
vt 0.75634766 0.23474121
vt 0.75634766 0.21984863
vt 0.734375 0.2130127
vt 0.7602539 0.20947266
vt 0.7089844 0.2277832
vt 0.69970703 0.5644531
vt 0.7739258 0.65234375
vt 0.74316406 0.19567871
vt 0.71533203 0.20336914
vt 0.68896484 0.22351074
vt 0.68310547 0.56347656
vt 0.6635742 0.22180176
vt 0.76660156 0.1776123
vt 0.77685547 0.19543457
vt 0.6958008 0.19604492
vt 0.7089844 0.16149902
vt 0.72558594 0.17980957
vt 0.7583008 0.15856934
vt 0.80908203 0.1595459
vt 0.8154297 0.17797852
vt 0.8466797 0.16833496
vt 0.8041992 0.14135742
vt 0.84277344 0.1505127
vt 0.8676758 0.16369629
vt 0.66308594 0.19567871
vt 0.80126953 0.123168945
vt 0.83984375 0.13342285
vt 0.86572266 0.14709473
vt 0.7524414 0.13830566
vt 0.8828125 0.14733887
vt 0.8828125 0.16235352
vt 0.8964844 0.14941406
vt 0.89501953 0.1628418
vt 0.90966797 0.15319824
vt 0.9067383 0.16491699
vt 0.9238281 0.15905762
vt 0.92041016 0.16894531
vt 0.9375 0.16601562
vt 0.93359375 0.17419434
vt 0.94970703 0.1730957
vt 0.94628906 0.17993164
vt 0.96533203 0.1776123
vt 0.9638672 0.18225098
vt 0.9785156 0.171875
vt 0.98291016 0.17651367
vt 0.9892578 0.15917969
vt 0.9667969 0.17333984
vt 0.953125 0.16674805
vt 0.94091797 0.1583252
vt 0.9272461 0.1496582
vt 0.96875 0.16918945
vt 0.95703125 0.16101074
vt 0.98339844 0.15979004
vt 0.9848633 0.1373291
vt 0.97265625 0.16455078
vt 0.9448242 0.15100098
vt 0.91259766 0.1418457
vt 0.97802734 0.16186523
vt 0.96240234 0.15368652
vt 0.93115234 0.14050293
vt 0.8989258 0.13635254
vt 0.9692383 0.14746094
vt 0.9511719 0.14147949
vt 0.9165039 0.13085938
vt 0.8833008 0.13256836
vt 0.9765625 0.14221191
vt 0.9375 0.12854004
vt 0.9584961 0.13293457
vt 0.9667969 0.12561035
vt 0.97558594 0.119384766
vt 0.9013672 0.12347412
vt 0.8652344 0.13098145
vt 0.9223633 0.11645508
vt 0.9453125 0.11773682
vt 0.95410156 0.10827637
vt 0.9638672 0.099975586
vt 0.8847656 0.11816406
vt 0.8383789 0.11645508
vt 0.9067383 0.106933594
vt 0.9301758 0.103515625
vt 0.93896484 0.091796875
vt 0.94921875 0.08093262
vt 0.8652344 0.115112305
vt 0.7993164 0.09967041
vt 0.8881836 0.099365234
vt 0.91308594 0.09173584
vt 0.9213867 0.07751465
vt 0.93066406 0.06390381
vt 0.83740234 0.09411621
vt 0.8666992 0.09436035
vt 0.8935547 0.081726074
vt 0.9003906 0.06506348
vt 0.9086914 0.048553467
vt 0.8696289 0.07550049
vt 0.8754883 0.05532837
vt 0.88183594 0.035186768
vt 0.8466797 0.024002075
vt 0.84228516 0.048919678
vt 0.80029297 0.015136719
vt 0.8378906 0.074035645
vt 0.79833984 0.046905518
vt 0.7416992 0.010818481
vt 0.7973633 0.07849121
vt 0.7421875 0.049560547
vt 0.7480469 0.11029053
vt 0.6879883 0.05105591
vt 0.6899414 0.009101868
vt 0.7441406 0.085754395
vt 0.68652344 0.09197998
vt 0.68115234 0.12359619
vt 0.6357422 0.05114746
vt 0.6357422 0.008483887
vt 0.58154297 0.008987427
vt 0.6357422 0.09338379
vt 0.5830078 0.050872803
vt 0.52978516 0.010261536
vt 0.6357422 0.12432861
vt 0.6357422 0.16699219
vt 0.6616211 0.16625977
vt 0.58447266 0.091796875
vt 0.5292969 0.04901123
vt 0.6357422 0.19519043
vt 0.58984375 0.12347412
vt 0.47265625 0.04574585
vt 0.47143555 0.013832092
vt 0.4284668 0.046966553
vt 0.42456055 0.021820068
vt 0.3947754 0.052612305
vt 0.38867188 0.03213501
vt 0.36157227 0.04473877
vt 0.3696289 0.061706543
vt 0.3383789 0.059417725
vt 0.40014648 0.07312012
vt 0.43237305 0.072387695
vt 0.47338867 0.07751465
vt 0.34765625 0.0736084
vt 0.31933594 0.075927734
vt 0.37597656 0.07885742
vt 0.4025879 0.09240723
vt 0.32910156 0.08746338
vt 0.30297852 0.09466553
vt 0.35546875 0.088378906
vt 0.31298828 0.10369873
vt 0.29003906 0.11407471
vt 0.52685547 0.08526611
vt 0.5229492 0.10992432
vt 0.38061523 0.09692383
vt 0.33789062 0.09979248
vt 0.2993164 0.120910645
vt 0.27978516 0.13220215
vt 0.36157227 0.10412598
vt 0.3215332 0.11376953
vt 0.3449707 0.113342285
vt 0.4038086 0.11352539
vt 0.38354492 0.11621094
vt 0.36621094 0.121276855
vt 0.43237305 0.0927124
vt 0.4711914 0.09881592
vt 0.43115234 0.11541748
vt 0.4038086 0.12976074
vt 0.5180664 0.13806152
vt 0.5620117 0.16149902
vt 0.46899414 0.12261963
vt 0.38476562 0.13110352
vt 0.42919922 0.13256836
vt 0.51220703 0.15856934
vt 0.609375 0.16625977
vt 0.60791016 0.19567871
vt 0.6074219 0.22180176
vt 0.4025879 0.1463623
vt 0.46557617 0.14111328
vt 0.5751953 0.19604492
vt 0.6357422 0.22094727
vt 0.6357422 0.56396484
vt 0.42626953 0.15014648
vt 0.6591797 0.56396484
vt 0.65771484 0.5834961
vt 0.6816406 0.58496094
vt 0.6821289 0.6069336
vt 0.6582031 0.60546875
vt 0.6845703 0.6269531
vt 0.6357422 0.5830078
vt 0.7050781 0.62939453
vt 0.70410156 0.64404297
vt 0.7216797 0.64746094
vt 0.7705078 0.66308594
vt 0.8173828 0.6791992
vt 0.85546875 0.69873047
vt 0.8154297 0.68603516
vt 0.7680664 0.67041016
vt 0.71972656 0.65625
vt 0.703125 0.6542969
vt 0.68603516 0.6425781
vt 0.68652344 0.6542969
vt 0.6616211 0.6557617
vt 0.6591797 0.62597656
vt 0.6611328 0.6430664
vt 0.6357422 0.6567383
vt 0.6357422 0.6435547
vt 0.6357422 0.60498047
vt 0.6098633 0.6425781
vt 0.6088867 0.6557617
vt 0.6357422 0.62597656
vt 0.6118164 0.6254883
vt 0.58496094 0.64208984
vt 0.5839844 0.6538086
vt 0.5673828 0.6533203
vt 0.61279297 0.60546875
vt 0.5864258 0.62646484
vt 0.5673828 0.6430664
vt 0.61328125 0.5834961
vt 0.5498047 0.6459961
vt 0.5517578 0.65478516
vt 0.5888672 0.6069336
vt 0.5644531 0.6118164
vt 0.57177734 0.58740234
vt 0.56591797 0.62890625
vt 0.546875 0.63378906
vt 0.5024414 0.66064453
vt 0.5048828 0.66845703
vt 0.6123047 0.56396484
vt 0.58984375 0.58496094
vt 0.5878906 0.56347656
vt 0.58203125 0.22351074
vt 0.49926758 0.6503906
vt 0.45751953 0.67626953
vt 0.4597168 0.68310547
vt 0.42138672 0.6953125
vt 0.41992188 0.6899414
vt 0.4543457 0.66748047
vt 0.41748047 0.68408203
vt 0.45092773 0.6582031
vt 0.41357422 0.6738281
vt 0.49560547 0.6401367
vt 0.4482422 0.6513672
vt 0.4111328 0.66748047
vt 0.54296875 0.62060547
vt 0.49243164 0.63183594
vt 0.4440918 0.64160156
vt 0.40673828 0.6591797
vt 0.5395508 0.61035156
vt 0.48779297 0.62109375
vt 0.43945312 0.6323242
vt 0.40283203 0.6508789
vt 0.48242188 0.61035156
vt 0.5336914 0.59814453
vt 0.52685547 0.58691406
vt 0.5546875 0.5996094
vt 0.5444336 0.59033203
vt 0.5332031 0.58154297
vt 0.53759766 0.57470703
vt 0.5527344 0.5800781
vt 0.55566406 0.5644531
vt 0.53808594 0.5649414
vt 0.57177734 0.5644531
vt 0.54052734 0.23242188
vt 0.51464844 0.23486328
vt 0.51416016 0.22009277
vt 0.5620117 0.22790527
vt 0.5366211 0.21313477
vt 0.5102539 0.20983887
vt 0.55566406 0.20349121
vt 0.52783203 0.19580078
vt 0.5449219 0.17980957
vt 0.50390625 0.17773438
vt 0.49365234 0.19580078
vt 0.4609375 0.15942383
vt 0.45458984 0.17834473
vt 0.42211914 0.16833496
vt 0.40039062 0.16357422
vt 0.3852539 0.1463623
vt 0.38500977 0.16210938
vt 0.3708496 0.14831543
vt 0.3720703 0.16247559
vt 0.36889648 0.13452148
vt 0.35717773 0.1517334
vt 0.35961914 0.16418457
vt 0.35083008 0.1282959
vt 0.35424805 0.13989258
vt 0.34204102 0.15734863
vt 0.3449707 0.16784668
vt 0.32885742 0.12512207
vt 0.33862305 0.14746094
vt 0.33496094 0.13781738
vt 0.32763672 0.16394043
vt 0.33081055 0.17260742
vt 0.30737305 0.12878418
vt 0.31445312 0.13793945
vt 0.32421875 0.15588379
vt 0.32055664 0.14819336
vt 0.31445312 0.1706543
vt 0.31762695 0.17797852
vt 0.28808594 0.13757324
vt 0.29541016 0.14331055
vt 0.28051758 0.15539551
vt 0.27416992 0.15441895
vt 0.2849121 0.16809082
vt 0.2800293 0.17272949
vt 0.2993164 0.17944336
vt 0.2980957 0.17456055
vt 0.31103516 0.1640625
vt 0.296875 0.17016602
vt 0.28588867 0.15771484
vt 0.3076172 0.15783691
vt 0.29516602 0.16577148
vt 0.29125977 0.1607666
vt 0.30200195 0.15002441
vt 0.75927734 0.56103516
vt 0.7529297 0.57470703
vt 0.77734375 0.59228516
vt 0.7841797 0.5751953
vt 0.8027344 0.60302734
vt 0.76220703 0.5449219
vt 0.8066406 0.5810547
vt 0.82958984 0.60595703
vt 0.78808594 0.55810547
vt 0.82910156 0.58251953
vt 0.8564453 0.6020508
vt 0.7910156 0.5419922
vt 0.7631836 0.51416016
vt 0.80859375 0.56152344
vt 0.8510742 0.5800781
vt 0.88134766 0.5913086
vt 0.828125 0.5620117
vt 0.8100586 0.5439453
vt 0.79248047 0.5234375
vt 0.8720703 0.5727539
vt 0.90283203 0.57373047
vt 0.84716797 0.5605469
vt 0.79296875 0.5048828
vt 0.76220703 0.4921875
vt 0.828125 0.5439453
vt 0.81103516 0.52441406
vt 0.89208984 0.56152344
vt 0.92041016 0.5473633
vt 0.7939453 0.48706055
vt 0.75927734 0.46484375
vt 0.86621094 0.55615234
vt 0.81152344 0.5048828
vt 0.84472656 0.54296875
vt 0.8276367 0.52490234
vt 0.9091797 0.5385742
vt 0.9291992 0.51220703
vt 0.8847656 0.54833984
vt 0.8618164 0.54052734
vt 0.84375 0.52441406
vt 0.828125 0.5053711
vt 0.87939453 0.5361328
vt 0.8598633 0.5234375
vt 0.89990234 0.5234375
vt 0.8125 0.4868164
vt 0.84375 0.5058594
vt 0.8769531 0.52197266
vt 0.8598633 0.50683594
vt 0.82910156 0.4873047
vt 0.79345703 0.46875
vt 0.8769531 0.5078125
vt 0.89941406 0.5048828
vt 0.84521484 0.4885254
vt 0.8125 0.46777344
vt 0.7895508 0.4482422
vt 0.7529297 0.43823242
vt 0.78466797 0.42382812
vt 0.81152344 0.4453125
vt 0.8095703 0.41723633
vt 0.8305664 0.46850586
vt 0.83251953 0.44580078
vt 0.8354492 0.4165039
vt 0.8613281 0.4909668
vt 0.84814453 0.47070312
vt 0.85302734 0.4494629
vt 0.86083984 0.421875
vt 0.87841797 0.49438477
vt 0.8652344 0.47485352
vt 0.8730469 0.45654297
vt 0.88427734 0.4333496
vt 0.8828125 0.48120117
vt 0.89208984 0.46728516
vt 0.9042969 0.45092773
vt 0.90722656 0.4885254
vt 0.92089844 0.47729492
vt 0.51171875 0.46484375
vt 0.5180664 0.43823242
vt 0.48608398 0.42407227
vt 0.4814453 0.4482422
vt 0.46166992 0.4177246
vt 0.47802734 0.46875
vt 0.50878906 0.49194336
vt 0.45996094 0.44555664
vt 0.43603516 0.4169922
vt 0.47753906 0.4868164
vt 0.5083008 0.51416016
vt 0.45874023 0.46801758
vt 0.43896484 0.44604492
vt 0.4111328 0.42236328
vt 0.41845703 0.44970703
vt 0.3876953 0.43359375
vt 0.44091797 0.46875
vt 0.45898438 0.48657227
vt 0.47827148 0.5048828
vt 0.39868164 0.45654297
vt 0.36743164 0.45092773
vt 0.42358398 0.47094727
vt 0.4790039 0.5234375
vt 0.50878906 0.5439453
vt 0.45996094 0.5048828
vt 0.4423828 0.4873047
vt 0.3798828 0.46728516
vt 0.35058594 0.47729492
vt 0.40625 0.47485352
vt 0.42626953 0.4885254
vt 0.44335938 0.5053711
vt 0.46069336 0.5239258
vt 0.3642578 0.4885254
vt 0.34228516 0.51220703
vt 0.38891602 0.48120117
vt 0.41015625 0.4909668
vt 0.42773438 0.5058594
vt 0.39331055 0.49438477
vt 0.48046875 0.5415039
vt 0.44384766 0.52441406
vt 0.4116211 0.50683594
vt 0.3725586 0.5048828
vt 0.48339844 0.5576172
vt 0.51171875 0.5600586
vt 0.46142578 0.54345703
vt 0.42797852 0.52441406
vt 0.39501953 0.5078125
vt 0.48754883 0.57421875
vt 0.5180664 0.57373047
vt 0.49438477 0.5913086
vt 0.46313477 0.56103516
vt 0.44384766 0.54345703
vt 0.4650879 0.5800781
vt 0.46923828 0.6020508
vt 0.41186523 0.5234375
vt 0.3947754 0.52197266
vt 0.42700195 0.54248047
vt 0.44360352 0.56152344
vt 0.44311523 0.58203125
vt 0.44262695 0.60546875
vt 0.40966797 0.54052734
vt 0.42456055 0.5600586
vt 0.42114258 0.57958984
vt 0.41577148 0.6020508
vt 0.40576172 0.55566406
vt 0.3996582 0.5727539
vt 0.390625 0.5913086
vt 0.39233398 0.5361328
vt 0.3869629 0.54833984
vt 0.37963867 0.56152344
vt 0.36889648 0.57373047
vt 0.37182617 0.5234375
vt 0.36279297 0.5385742
vt 0.35131836 0.5473633
vt 0.40673828 0.6591797
vt 0.43945312 0.6323242
vt 0.40283203 0.6508789
vt 0.4440918 0.64160156
vt 0.4111328 0.66748047
vt 0.48779297 0.62109375
vt 0.48242188 0.61035156
vt 0.4482422 0.6513672
vt 0.41357422 0.6738281
vt 0.5336914 0.59814453
vt 0.52685547 0.58691406
vt 0.49243164 0.63183594
vt 0.45092773 0.6582031
vt 0.41748047 0.68408203
vt 0.5395508 0.61035156
vt 0.5444336 0.59033203
vt 0.5332031 0.58154297
vt 0.53759766 0.57470703
vt 0.49560547 0.6401367
vt 0.4543457 0.66748047
vt 0.41992188 0.6899414
vt 0.5546875 0.5996094
vt 0.5644531 0.6118164
vt 0.57177734 0.58740234
vt 0.54296875 0.62060547
vt 0.5527344 0.5800781
vt 0.55566406 0.5644531
vt 0.53808594 0.5649414
vt 0.546875 0.63378906
vt 0.54052734 0.23242188
vt 0.51464844 0.23486328
vt 0.51416016 0.22009277
vt 0.5366211 0.21313477
vt 0.5102539 0.20983887
vt 0.5620117 0.22790527
vt 0.57177734 0.5644531
vt 0.49926758 0.6503906
vt 0.52783203 0.19580078
vt 0.55566406 0.20349121
vt 0.58203125 0.22351074
vt 0.5878906 0.56347656
vt 0.6074219 0.22180176
vt 0.50390625 0.17773438
vt 0.49365234 0.19580078
vt 0.5751953 0.19604492
vt 0.5620117 0.16149902
vt 0.5449219 0.17980957
vt 0.51220703 0.15856934
vt 0.4609375 0.15942383
vt 0.45458984 0.17834473
vt 0.42211914 0.16833496
vt 0.46557617 0.14111328
vt 0.42626953 0.15014648
vt 0.40039062 0.16357422
vt 0.60791016 0.19567871
vt 0.46899414 0.12261963
vt 0.42919922 0.13256836
vt 0.4025879 0.14648438
vt 0.5180664 0.13806152
vt 0.3852539 0.1463623
vt 0.38500977 0.16210938
vt 0.3708496 0.14831543
vt 0.3720703 0.16247559
vt 0.35717773 0.1517334
vt 0.35961914 0.16418457
vt 0.34204102 0.15734863
vt 0.3449707 0.16784668
vt 0.32763672 0.16394043
vt 0.33081055 0.17260742
vt 0.31445312 0.1706543
vt 0.31762695 0.17797852
vt 0.2980957 0.17456055
vt 0.2993164 0.17944336
vt 0.2849121 0.16809082
vt 0.2800293 0.17272949
vt 0.27416992 0.15441895
vt 0.296875 0.17016602
vt 0.31103516 0.1640625
vt 0.32421875 0.15588379
vt 0.33862305 0.14746094
vt 0.29516602 0.16577148
vt 0.3076172 0.15783691
vt 0.35424805 0.13989258
vt 0.32055664 0.14819336
vt 0.29125977 0.1607666
vt 0.30200195 0.15002441
vt 0.33496094 0.13781738
vt 0.36889648 0.13452148
vt 0.28588867 0.15771484
vt 0.31445312 0.13793945
vt 0.35083008 0.1282959
vt 0.38476562 0.13110352
vt 0.29541016 0.14331055
vt 0.27954102 0.15588379
vt 0.32885742 0.12512207
vt 0.36621094 0.121276855
vt 0.4038086 0.12976074
vt 0.30737305 0.12878418
vt 0.3449707 0.113342285
vt 0.38354492 0.11621094
vt 0.43115234 0.11541748
vt 0.28759766 0.13720703
vt 0.3215332 0.11376953
vt 0.36157227 0.10412598
vt 0.4038086 0.11352539
vt 0.4711914 0.09881592
vt 0.29882812 0.12054443
vt 0.2836914 0.13452148
vt 0.33789062 0.09979248
vt 0.38061523 0.09692383
vt 0.43237305 0.0927124
vt 0.3125 0.103271484
vt 0.35546875 0.088378906
vt 0.4025879 0.09240723
vt 0.29467773 0.117126465
vt 0.32885742 0.0869751
vt 0.37597656 0.07885742
vt 0.30810547 0.09875488
vt 0.3474121 0.07305908
vt 0.32421875 0.08129883
vt 0.29003906 0.11407471
vt 0.30297852 0.09466553
vt 0.27978516 0.13220215
vt 0.31933594 0.075927734
vt 0.34301758 0.06616211
vt 0.3383789 0.059417725
vt 0.27685547 0.1550293
vt 0.36938477 0.06097412
vt 0.36572266 0.052764893
vt 0.36157227 0.04473877
vt 0.40014648 0.07312012
vt 0.39282227 0.043884277
vt 0.38867188 0.03213501
vt 0.39624023 0.055145264
vt 0.42797852 0.038970947
vt 0.42456055 0.021820068
vt 0.43237305 0.072387695
vt 0.4309082 0.054626465
vt 0.47387695 0.03869629
vt 0.47143555 0.013832092
vt 0.47338867 0.07751465
vt 0.47485352 0.05819702
vt 0.53027344 0.03857422
vt 0.52978516 0.010261536
vt 0.5229492 0.10992432
vt 0.52978516 0.060821533
vt 0.5810547 0.0390625
vt 0.58154297 0.008987427
vt 0.58984375 0.12347412
vt 0.52685547 0.08526611
vt 0.58447266 0.091796875
vt 0.5810547 0.06317139
vt 0.6357422 0.038604736
vt 0.6357422 0.008483887
vt 0.6899414 0.009101868
vt 0.6357422 0.06347656
vt 0.6357422 0.09338379
vt 0.6904297 0.039245605
vt 0.7416992 0.010818481
vt 0.6899414 0.06335449
vt 0.6357422 0.12432861
vt 0.6357422 0.16699219
vt 0.68652344 0.09197998
vt 0.74121094 0.061340332
vt 0.74072266 0.039123535
vt 0.7973633 0.039916992
vt 0.80029297 0.015136719
vt 0.609375 0.16625977
vt 0.68115234 0.12359619
vt 0.79589844 0.059295654
vt 0.84277344 0.041015625
vt 0.8466797 0.024002075
vt 0.6357422 0.19519043
vt 0.83984375 0.056518555
vt 0.8774414 0.046722412
vt 0.88183594 0.035186768
vt 0.87402344 0.057800293
vt 0.9042969 0.056365967
vt 0.9086914 0.048553467
vt 0.92578125 0.070373535
vt 0.93066406 0.06390381
vt 0.9003906 0.064331055
vt 0.8696289 0.07550049
vt 0.8378906 0.074035645
vt 0.94384766 0.0859375
vt 0.94921875 0.08093262
vt 0.9213867 0.07696533
vt 0.8935547 0.081726074
vt 0.9589844 0.103759766
vt 0.9638672 0.099975586
vt 0.93896484 0.091308594
vt 0.9711914 0.12213135
vt 0.97558594 0.119384766
vt 0.7973633 0.07849121
vt 0.8666992 0.09436035
vt 0.91308594 0.09173584
vt 0.95458984 0.107910156
vt 0.98095703 0.13952637
vt 0.9848633 0.1373291
vt 0.7441406 0.085754395
vt 0.7480469 0.11029053
vt 0.8881836 0.099365234
vt 0.9667969 0.12524414
vt 0.9868164 0.15966797
vt 0.9892578 0.15917969
vt 0.9785156 0.171875
vt 0.98291016 0.17651367
vt 0.9638672 0.18225098
vt 0.9838867 0.16027832
vt 0.9770508 0.1418457
vt 0.96533203 0.1776123
vt 0.94628906 0.17993164
vt 0.94970703 0.1730957
vt 0.93359375 0.17419434
vt 0.9667969 0.17333984
vt 0.9375 0.16601562
vt 0.92041016 0.16894531
vt 0.953125 0.16674805
vt 0.9238281 0.15905762
vt 0.9067383 0.16491699
vt 0.96875 0.16918945
vt 0.94091797 0.1583252
vt 0.90966797 0.15319824
vt 0.89501953 0.1628418
vt 0.95703125 0.16101074
vt 0.97265625 0.16455078
vt 0.9272461 0.1496582
vt 0.8964844 0.14941406
vt 0.8828125 0.16235352
vt 0.97802734 0.16186523
vt 0.9448242 0.15100098
vt 0.96240234 0.15368652
vt 0.9692383 0.14746094
vt 0.91259766 0.1418457
vt 0.8828125 0.14733887
vt 0.8676758 0.16369629
vt 0.93115234 0.14050293
vt 0.9511719 0.14147949
vt 0.9584961 0.13293457
vt 0.8989258 0.13635254
vt 0.9165039 0.13085938
vt 0.9375 0.12854004
vt 0.9453125 0.11773682
vt 0.9223633 0.11645508
vt 0.9301758 0.103515625
vt 0.9067383 0.106933594
vt 0.9013672 0.12347412
vt 0.8847656 0.11816406
vt 0.8833008 0.13256836
vt 0.8652344 0.115112305
vt 0.86572266 0.14709473
vt 0.8652344 0.13098145
vt 0.83740234 0.09411621
vt 0.84277344 0.1505127
vt 0.8466797 0.16833496
vt 0.83984375 0.13342285
vt 0.8383789 0.11645508
vt 0.7993164 0.09967041
vt 0.80908203 0.1595459
vt 0.8154297 0.17797852
vt 0.77685547 0.19543457
vt 0.8041992 0.14135742
vt 0.80126953 0.123168945
vt 0.7524414 0.13830566
vt 0.7089844 0.16149902
vt 0.76660156 0.1776123
vt 0.7602539 0.20947266
vt 0.7583008 0.15856934
vt 0.74316406 0.19567871
vt 0.6616211 0.16625977
vt 0.66308594 0.19567871
vt 0.6635742 0.22180176
vt 0.734375 0.2130127
vt 0.75634766 0.21984863
vt 0.72558594 0.17980957
vt 0.71533203 0.20336914
vt 0.6958008 0.19604492
vt 0.73046875 0.2322998
vt 0.75634766 0.23474121
vt 0.73339844 0.5649414
vt 0.68896484 0.22351074
vt 0.7089844 0.2277832
vt 0.71533203 0.5644531
vt 0.7338867 0.57470703
vt 0.69970703 0.5644531
vt 0.69970703 0.58740234
vt 0.68310547 0.56347656
vt 0.7182617 0.5800781
vt 0.7270508 0.59033203
vt 0.73828125 0.5810547
vt 0.7451172 0.5864258
vt 0.7167969 0.5996094
vt 0.70703125 0.6123047
vt 0.73828125 0.59765625
vt 0.7915039 0.61035156
vt 0.7324219 0.61083984
vt 0.7861328 0.62158203
vt 0.8364258 0.6328125
vt 0.7807617 0.6328125
vt 0.83154297 0.6425781
vt 0.87060547 0.6611328
vt 0.8745117 0.65234375
vt 0.86621094 0.6694336
vt 0.82714844 0.65283203
vt 0.86376953 0.6767578
vt 0.7285156 0.62109375
vt 0.82421875 0.66015625
vt 0.859375 0.6870117
vt 0.77783203 0.6411133
vt 0.8208008 0.6699219
vt 0.8569336 0.6928711
vt 0.7246094 0.6347656
vt 0.7739258 0.65234375
vt 0.8173828 0.6791992
vt 0.85546875 0.69873047
vt 0.8154297 0.68603516
vt 0.7680664 0.67041016
vt 0.7705078 0.66308594
vt 0.71972656 0.65625
vt 0.7216797 0.64746094
vt 0.703125 0.6542969
vt 0.70410156 0.64404297
vt 0.7050781 0.62939453
vt 0.68603516 0.6425781
vt 0.68652344 0.6542969
vt 0.6616211 0.6557617
vt 0.6845703 0.6269531
vt 0.6611328 0.6430664
vt 0.6357422 0.6567383
vt 0.6591797 0.62597656
vt 0.6821289 0.6069336
vt 0.6357422 0.6435547
vt 0.6582031 0.60546875
vt 0.6816406 0.58496094
vt 0.65771484 0.5834961
vt 0.6098633 0.6425781
vt 0.6088867 0.6557617
vt 0.58496094 0.64208984
vt 0.5839844 0.6538086
vt 0.5673828 0.6533203
vt 0.6118164 0.6254883
vt 0.6357422 0.62597656
vt 0.6357422 0.60498047
vt 0.6357422 0.5830078
vt 0.6357422 0.56396484
vt 0.61279297 0.60546875
vt 0.5864258 0.62646484
vt 0.5673828 0.6430664
vt 0.61328125 0.5834961
vt 0.6591797 0.56396484
vt 0.5498047 0.6459961
vt 0.5517578 0.65478516
vt 0.5888672 0.6069336
vt 0.6357422 0.22094727
vt 0.6123047 0.56396484
vt 0.58984375 0.58496094
vt 0.56591797 0.62890625
vt 0.5024414 0.66064453
vt 0.5048828 0.66845703
vt 0.45751953 0.67626953
vt 0.4597168 0.68310547
vt 0.42138672 0.6953125
vt 0.51171875 0.5600586
vt 0.49438477 0.5913086
vt 0.5180664 0.57373047
vt 0.48754883 0.57421875
vt 0.46923828 0.6020508
vt 0.50878906 0.5439453
vt 0.4650879 0.5800781
vt 0.44262695 0.60546875
vt 0.48339844 0.5576172
vt 0.44311523 0.58203125
vt 0.41577148 0.6020508
vt 0.48046875 0.5415039
vt 0.5083008 0.51416016
vt 0.46313477 0.56103516
vt 0.42114258 0.57958984
vt 0.390625 0.5913086
vt 0.44360352 0.56152344
vt 0.46142578 0.54345703
vt 0.4790039 0.5234375
vt 0.3996582 0.5727539
vt 0.36889648 0.57373047
vt 0.42456055 0.5600586
vt 0.47827148 0.5048828
vt 0.50878906 0.49194336
vt 0.44384766 0.54345703
vt 0.46069336 0.5239258
vt 0.37963867 0.56152344
vt 0.35131836 0.5473633
vt 0.47753906 0.4868164
vt 0.51171875 0.46484375
vt 0.40576172 0.55566406
vt 0.45996094 0.5048828
vt 0.42700195 0.54248047
vt 0.44384766 0.52441406
vt 0.36279297 0.5385742
vt 0.34228516 0.51220703
vt 0.3869629 0.54833984
vt 0.40966797 0.54052734
vt 0.42797852 0.52441406
vt 0.44335938 0.5053711
vt 0.39233398 0.5361328
vt 0.41186523 0.5234375
vt 0.37182617 0.5234375
vt 0.45898438 0.48657227
vt 0.42773438 0.5058594
vt 0.3947754 0.52197266
vt 0.4116211 0.50683594
vt 0.4423828 0.4873047
vt 0.47802734 0.46875
vt 0.39501953 0.5078125
vt 0.3725586 0.5048828
vt 0.42626953 0.4885254
vt 0.45874023 0.46801758
vt 0.4814453 0.4482422
vt 0.5180664 0.43823242
vt 0.48608398 0.42407227
vt 0.45996094 0.44555664
vt 0.46166992 0.4177246
vt 0.44091797 0.46875
vt 0.43896484 0.44604492
vt 0.43603516 0.4169922
vt 0.41015625 0.4909668
vt 0.42358398 0.47094727
vt 0.41845703 0.44970703
vt 0.4111328 0.42236328
vt 0.39331055 0.49438477
vt 0.40625 0.47485352
vt 0.39868164 0.45654297
vt 0.3876953 0.43359375
vt 0.38891602 0.48120117
vt 0.3798828 0.46728516
vt 0.36743164 0.45092773
vt 0.3642578 0.4885254
vt 0.35058594 0.47729492
vt 0.75927734 0.46484375
vt 0.78466797 0.42382812
vt 0.7529297 0.43823242
vt 0.7895508 0.4482422
vt 0.8095703 0.41723633
vt 0.79345703 0.46875
vt 0.76220703 0.4921875
vt 0.81152344 0.4453125
vt 0.8354492 0.4165039
vt 0.7939453 0.48706055
vt 0.7631836 0.51416016
vt 0.8125 0.46777344
vt 0.83251953 0.44580078
vt 0.86083984 0.421875
vt 0.85302734 0.4494629
vt 0.88427734 0.4333496
vt 0.8305664 0.46850586
vt 0.8125 0.4868164
vt 0.79296875 0.5048828
vt 0.8730469 0.45654297
vt 0.9042969 0.45092773
vt 0.84814453 0.47070312
vt 0.79248047 0.5234375
vt 0.76220703 0.5449219
vt 0.81152344 0.5048828
vt 0.82910156 0.4873047
vt 0.89208984 0.46728516
vt 0.92089844 0.47729492
vt 0.8652344 0.47485352
vt 0.84521484 0.4885254
vt 0.828125 0.5053711
vt 0.81103516 0.52441406
vt 0.90722656 0.4885254
vt 0.9291992 0.51220703
vt 0.8828125 0.48120117
vt 0.8613281 0.4909668
vt 0.84375 0.5058594
vt 0.87841797 0.49438477
vt 0.7910156 0.5419922
vt 0.8276367 0.52490234
vt 0.8598633 0.50683594
vt 0.89941406 0.5048828
vt 0.78808594 0.55810547
vt 0.75927734 0.56103516
vt 0.8100586 0.5439453
vt 0.84375 0.52441406
vt 0.8769531 0.5078125
vt 0.7841797 0.5751953
vt 0.7529297 0.57470703
vt 0.77734375 0.59228516
vt 0.80859375 0.56152344
vt 0.828125 0.5439453
vt 0.8066406 0.5810547
vt 0.8027344 0.60302734
vt 0.8598633 0.5234375
vt 0.84472656 0.54296875
vt 0.828125 0.5620117
vt 0.82910156 0.58251953
vt 0.82958984 0.60595703
vt 0.8769531 0.52197266
vt 0.8618164 0.54052734
vt 0.84716797 0.5605469
vt 0.8510742 0.5800781
vt 0.8564453 0.6020508
vt 0.89990234 0.5234375
vt 0.86621094 0.55615234
vt 0.8720703 0.5727539
vt 0.88134766 0.5913086
vt 0.87939453 0.5361328
vt 0.8847656 0.54833984
vt 0.9091797 0.5385742
vt 0.92041016 0.5473633
vt 0.90283203 0.57373047
vt 0.89208984 0.56152344
vt 0.59472656 0.7807617
vt 0.57470703 0.7807617
vt 0.59375 0.7866211
vt 0.59375 0.77441406
vt 0.5913086 0.79248047
vt 0.5913086 0.7685547
vt 0.5864258 0.796875
vt 0.5864258 0.76416016
vt 0.5810547 0.7998047
vt 0.5810547 0.76123047
vt 0.57470703 0.80078125
vt 0.57470703 0.7602539
vt 0.5683594 0.7998047
vt 0.5683594 0.76123047
vt 0.5629883 0.796875
vt 0.5629883 0.76416016
vt 0.55859375 0.79248047
vt 0.55859375 0.7685547
vt 0.55566406 0.7866211
vt 0.55566406 0.77441406
vt 0.5546875 0.7807617
vt 0.59472656 0.7807617
vt 0.57470703 0.7807617
vt 0.59375 0.7866211
vt 0.59375 0.77441406
vt 0.5913086 0.79248047
vt 0.5913086 0.7685547
vt 0.5864258 0.796875
vt 0.5864258 0.76416016
vt 0.5810547 0.7998047
vt 0.5810547 0.76123047
vt 0.57470703 0.80078125
vt 0.57470703 0.7602539
vt 0.5683594 0.7998047
vt 0.5683594 0.76123047
vt 0.5629883 0.796875
vt 0.5629883 0.76416016
vt 0.55859375 0.79248047
vt 0.55859375 0.7685547
vt 0.55566406 0.7866211
vt 0.55566406 0.77441406
vt 0.5546875 0.7807617
vt 0.59472656 0.7807617
vt 0.57470703 0.7807617
vt 0.59375 0.7866211
vt 0.59375 0.77441406
vt 0.5913086 0.79248047
vt 0.5913086 0.7685547
vt 0.5864258 0.796875
vt 0.5864258 0.76416016
vt 0.5810547 0.7998047
vt 0.5810547 0.76123047
vt 0.57470703 0.80078125
vt 0.57470703 0.7602539
vt 0.5683594 0.7998047
vt 0.5683594 0.76123047
vt 0.5629883 0.796875
vt 0.5629883 0.76416016
vt 0.55859375 0.79248047
vt 0.55859375 0.7685547
vt 0.55566406 0.7866211
vt 0.55566406 0.77441406
vt 0.5546875 0.7807617
vt 0.29711914 0.45117188
vt 0.28759766 0.45117188
vt 0.29614258 0.45532227
vt 0.29614258 0.44702148
vt 0.29345703 0.4584961
vt 0.29345703 0.44384766
vt 0.28979492 0.46020508
vt 0.28979492 0.44189453
vt 0.2854004 0.46020508
vt 0.2854004 0.44189453
vt 0.28173828 0.4584961
vt 0.28173828 0.44384766
vt 0.27905273 0.45532227
vt 0.27905273 0.44702148
vt 0.27807617 0.45117188
vt 0.59472656 0.7807617
vt 0.59375 0.7866211
vt 0.57470703 0.7807617
vt 0.59375 0.77441406
vt 0.5913086 0.79248047
vt 0.5913086 0.7685547
vt 0.5864258 0.796875
vt 0.5864258 0.76416016
vt 0.5810547 0.7998047
vt 0.5810547 0.76123047
vt 0.57470703 0.80078125
vt 0.57470703 0.7602539
vt 0.5683594 0.7998047
vt 0.5683594 0.76123047
vt 0.5629883 0.796875
vt 0.5629883 0.76416016
vt 0.55859375 0.79248047
vt 0.55859375 0.7685547
vt 0.55566406 0.7866211
vt 0.55566406 0.77441406
vt 0.5546875 0.7807617
vt 0.59472656 0.7807617
vt 0.57470703 0.7807617
vt 0.59375 0.7866211
vt 0.59375 0.77441406
vt 0.5913086 0.79248047
vt 0.5913086 0.7685547
vt 0.5864258 0.796875
vt 0.5864258 0.76416016
vt 0.5810547 0.7998047
vt 0.5810547 0.76123047
vt 0.57470703 0.80078125
vt 0.57470703 0.7602539
vt 0.5683594 0.7998047
vt 0.5683594 0.76123047
vt 0.5629883 0.796875
vt 0.5629883 0.76416016
vt 0.55859375 0.79248047
vt 0.55859375 0.7685547
vt 0.55566406 0.7866211
vt 0.55566406 0.77441406
vt 0.5546875 0.7807617
vt 0.7260742 0.79345703
vt 0.68847656 0.80566406
vt 0.72802734 0.80566406
vt 0.72021484 0.78271484
vt 0.7260742 0.8173828
vt 0.71191406 0.7739258
vt 0.72021484 0.8286133
vt 0.7006836 0.7680664
vt 0.71191406 0.83740234
vt 0.68847656 0.7661133
vt 0.7006836 0.84277344
vt 0.6767578 0.7680664
vt 0.68847656 0.84472656
vt 0.66552734 0.7739258
vt 0.6767578 0.84277344
vt 0.6567383 0.78271484
vt 0.66552734 0.83740234
vt 0.6513672 0.79345703
vt 0.6567383 0.8286133
vt 0.64941406 0.80566406
vt 0.6513672 0.8173828
vt 0.7260742 0.79345703
vt 0.68847656 0.80566406
vt 0.72802734 0.80566406
vt 0.72021484 0.78271484
vt 0.7260742 0.8173828
vt 0.71191406 0.7739258
vt 0.72021484 0.8286133
vt 0.7006836 0.7680664
vt 0.71191406 0.83740234
vt 0.68847656 0.7661133
vt 0.7006836 0.84277344
vt 0.6767578 0.7680664
vt 0.68847656 0.84472656
vt 0.66552734 0.7739258
vt 0.6767578 0.84277344
vt 0.6567383 0.78271484
vt 0.66552734 0.83740234
vt 0.6513672 0.79345703
vt 0.6567383 0.8286133
vt 0.64941406 0.80566406
vt 0.6513672 0.8173828
vt 0.7260742 0.79345703
vt 0.68847656 0.80566406
vt 0.72802734 0.80566406
vt 0.72021484 0.78271484
vt 0.7260742 0.8173828
vt 0.71191406 0.7739258
vt 0.72021484 0.8286133
vt 0.7006836 0.7680664
vt 0.71191406 0.83740234
vt 0.68847656 0.7661133
vt 0.7006836 0.84277344
vt 0.6767578 0.7680664
vt 0.68847656 0.84472656
vt 0.66552734 0.7739258
vt 0.6767578 0.84277344
vt 0.6567383 0.78271484
vt 0.66552734 0.83740234
vt 0.6513672 0.79345703
vt 0.6567383 0.8286133
vt 0.64941406 0.80566406
vt 0.6513672 0.8173828
vt 0.7260742 0.79345703
vt 0.72802734 0.80566406
vt 0.68847656 0.80566406
vt 0.72021484 0.78271484
vt 0.7260742 0.8173828
vt 0.71191406 0.7739258
vt 0.72021484 0.8286133
vt 0.7006836 0.7680664
vt 0.71191406 0.83740234
vt 0.68847656 0.7661133
vt 0.7006836 0.84277344
vt 0.6767578 0.7680664
vt 0.68847656 0.84472656
vt 0.66552734 0.7739258
vt 0.6767578 0.84277344
vt 0.6567383 0.78271484
vt 0.66552734 0.83740234
vt 0.6513672 0.79345703
vt 0.6567383 0.8286133
vt 0.64941406 0.80566406
vt 0.6513672 0.8173828
vt 0.7260742 0.79345703
vt 0.68847656 0.80566406
vt 0.72802734 0.80566406
vt 0.72021484 0.78271484
vt 0.7260742 0.8173828
vt 0.71191406 0.7739258
vt 0.72021484 0.8286133
vt 0.7006836 0.7680664
vt 0.71191406 0.83740234
vt 0.68847656 0.7661133
vt 0.7006836 0.84277344
vt 0.6767578 0.7680664
vt 0.68847656 0.84472656
vt 0.66552734 0.7739258
vt 0.6767578 0.84277344
vt 0.6567383 0.78271484
vt 0.66552734 0.83740234
vt 0.6513672 0.79345703
vt 0.6567383 0.8286133
vt 0.64941406 0.80566406
vt 0.6513672 0.8173828
vt 0.97021484 0.2890625
vt 0.9038086 0.2783203
vt 0.89501953 0.28759766
vt 0.9609375 0.27978516
vt 0.90527344 0.2253418
vt 0.9663086 0.21447754
vt 0.8959961 0.21618652
vt 0.95703125 0.22387695
vt 0.6386719 0.75683594
vt 0.6113281 0.7783203
vt 0.64208984 0.7783203
vt 0.6098633 0.76708984
vt 0.609375 0.7910156
vt 0.6279297 0.73779297
vt 0.6386719 0.7988281
vt 0.6040039 0.75683594
vt 0.6035156 0.8022461
vt 0.6118164 0.7236328
vt 0.62890625 0.8178711
vt 0.59472656 0.74902344
vt 0.59472656 0.8105469
vt 0.59228516 0.71533203
vt 0.61376953 0.8334961
vt 0.5834961 0.7446289
vt 0.5839844 0.81591797
vt 0.57128906 0.71435547
vt 0.5942383 0.84375
vt 0.57128906 0.74316406
vt 0.57128906 0.8173828
vt 0.5517578 0.71777344
vt 0.57128906 0.84716797
vt 0.55908203 0.7451172
vt 0.55859375 0.8149414
vt 0.5341797 0.7270508
vt 0.5498047 0.8413086
vt 0.54833984 0.7504883
vt 0.54785156 0.80908203
vt 0.51953125 0.74072266
vt 0.5317383 0.8300781
vt 0.5395508 0.7583008
vt 0.54003906 0.80078125
vt 0.5102539 0.7583008
vt 0.5185547 0.8149414
vt 0.5341797 0.7680664
vt 0.53466797 0.79003906
vt 0.5073242 0.7783203
vt 0.5107422 0.796875
vt 0.53271484 0.7783203
vt 0.6386719 0.75683594
vt 0.6113281 0.7783203
vt 0.64208984 0.7783203
vt 0.6098633 0.76708984
vt 0.609375 0.7910156
vt 0.6279297 0.73779297
vt 0.6386719 0.7988281
vt 0.6040039 0.75683594
vt 0.6035156 0.8022461
vt 0.6118164 0.7236328
vt 0.62890625 0.8178711
vt 0.59472656 0.74902344
vt 0.59472656 0.8105469
vt 0.59228516 0.71533203
vt 0.61376953 0.8334961
vt 0.5834961 0.7446289
vt 0.5839844 0.81591797
vt 0.57128906 0.71435547
vt 0.5942383 0.84375
vt 0.57128906 0.74316406
vt 0.57128906 0.8173828
vt 0.5517578 0.71777344
vt 0.57128906 0.84716797
vt 0.55908203 0.7451172
vt 0.55859375 0.8149414
vt 0.5341797 0.7270508
vt 0.5498047 0.8413086
vt 0.54833984 0.7504883
vt 0.54785156 0.80908203
vt 0.51953125 0.74072266
vt 0.5317383 0.8300781
vt 0.5395508 0.7583008
vt 0.54003906 0.80078125
vt 0.5102539 0.7583008
vt 0.5185547 0.8149414
vt 0.5341797 0.7680664
vt 0.53466797 0.79003906
vt 0.5073242 0.7783203
vt 0.5107422 0.796875
vt 0.53271484 0.7783203
vt 0.86083984 0.38208008
vt 0.8046875 0.37231445
vt 0.79248047 0.3828125
vt 0.8491211 0.3713379
vt 0.8022461 0.30664062
vt 0.85791016 0.29589844
vt 0.79052734 0.2956543
vt 0.8461914 0.30664062
vt 0.6386719 0.75683594
vt 0.6113281 0.7783203
vt 0.64208984 0.7783203
vt 0.6098633 0.76708984
vt 0.609375 0.7910156
vt 0.6279297 0.73779297
vt 0.6386719 0.7988281
vt 0.6040039 0.75683594
vt 0.6035156 0.8022461
vt 0.6118164 0.7236328
vt 0.62890625 0.8178711
vt 0.59472656 0.74902344
vt 0.59472656 0.8105469
vt 0.59228516 0.71533203
vt 0.61376953 0.8334961
vt 0.5834961 0.7446289
vt 0.5839844 0.81591797
vt 0.57128906 0.71435547
vt 0.5942383 0.84375
vt 0.57128906 0.74316406
vt 0.57128906 0.8173828
vt 0.5517578 0.71777344
vt 0.57128906 0.84716797
vt 0.55908203 0.7451172
vt 0.55859375 0.8149414
vt 0.5341797 0.7270508
vt 0.5498047 0.8413086
vt 0.54833984 0.7504883
vt 0.54785156 0.80908203
vt 0.51953125 0.74072266
vt 0.5317383 0.8300781
vt 0.5395508 0.7583008
vt 0.54003906 0.80078125
vt 0.5102539 0.7583008
vt 0.5185547 0.8149414
vt 0.5341797 0.7680664
vt 0.53466797 0.79003906
vt 0.5073242 0.7783203
vt 0.5107422 0.796875
vt 0.53271484 0.7783203
vt 0.98046875 0.87158203
vt 0.9916992 0.8730469
vt 0.9868164 0.83691406
vt 0.9765625 0.8388672
vt 0.9741211 0.8051758
vt 0.9765625 0.90283203
vt 0.9873047 0.90771484
vt 0.96533203 0.8105469
vt 0.9550781 0.7807617
vt 0.96435547 0.9291992
vt 0.9741211 0.9370117
vt 0.9482422 0.78759766
vt 0.9301758 0.7636719
vt 0.9453125 0.9501953
vt 0.953125 0.95947266
vt 0.92578125 0.7714844
vt 0.9008789 0.75439453
vt 0.9223633 0.9658203
vt 0.92822266 0.9765625
vt 0.8989258 0.7626953
vt 0.8696289 0.7524414
vt 0.89746094 0.9760742
vt 0.9003906 0.98779297
vt 0.8701172 0.7607422
vt 0.8383789 0.7578125
vt 0.87109375 0.9790039
vt 0.87109375 0.99121094
vt 0.8413086 0.7661133
vt 0.8100586 0.7705078
vt 0.8442383 0.9736328
vt 0.8408203 0.98535156
vt 0.8154297 0.77783203
vt 0.7866211 0.7890625
vt 0.8178711 0.9614258
vt 0.8120117 0.9716797
vt 0.7944336 0.79541016
vt 0.76953125 0.81396484
vt 0.79589844 0.9428711
vt 0.78759766 0.95166016
vt 0.7792969 0.8178711
vt 0.75927734 0.84277344
vt 0.78027344 0.9213867
vt 0.7705078 0.92871094
vt 0.77001953 0.84375
vt 0.75634766 0.87353516
vt 0.7709961 0.89746094
vt 0.7602539 0.90283203
vt 0.7675781 0.87109375
vt 0.8041992 0.93310547
vt 0.79003906 0.9135742
vt 0.7817383 0.89208984
vt 0.7788086 0.86816406
vt 0.7817383 0.8442383
vt 0.7895508 0.82128906
vt 0.82373047 0.9501953
vt 0.80322266 0.80126953
vt 0.8466797 0.96191406
vt 0.8222656 0.78564453
vt 0.87060547 0.9667969
vt 0.84521484 0.77490234
vt 0.89404297 0.96435547
vt 0.87060547 0.77001953
vt 0.9165039 0.9550781
vt 0.8959961 0.7714844
vt 0.9370117 0.94091797
vt 0.9199219 0.77978516
vt 0.95410156 0.9213867
vt 0.9399414 0.7944336
vt 0.96484375 0.89746094
vt 0.9555664 0.8154297
vt 0.96875 0.8696289
vt 0.96533203 0.8408203
vt 0.92822266 0.93115234
vt 0.9428711 0.9135742
vt 0.95214844 0.89208984
vt 0.9555664 0.8676758
vt 0.9526367 0.84277344
vt 0.94433594 0.8203125
vt 0.91015625 0.94433594
vt 0.93066406 0.8017578
vt 0.890625 0.95214844
vt 0.91308594 0.7885742
vt 0.8701172 0.95410156
vt 0.8925781 0.7807617
vt 0.8491211 0.94970703
vt 0.87109375 0.7792969
vt 0.82910156 0.93847656
vt 0.8496094 0.7836914
vt 0.8125 0.92333984
vt 0.8300781 0.79345703
vt 0.80078125 0.90527344
vt 0.81396484 0.8071289
vt 0.79345703 0.8857422
vt 0.8017578 0.82470703
vt 0.7915039 0.8652344
vt 0.7944336 0.8442383
vt 0.81152344 0.89746094
vt 0.80566406 0.8798828
vt 0.8041992 0.8623047
vt 0.8071289 0.8442383
vt 0.81396484 0.8276367
vt 0.82421875 0.8129883
vt 0.82128906 0.9135742
vt 0.8378906 0.80078125
vt 0.83496094 0.9272461
vt 0.8540039 0.79248047
vt 0.8510742 0.9370117
vt 0.87158203 0.7885742
vt 0.8691406 0.94189453
vt 0.88964844 0.79003906
vt 0.88720703 0.9404297
vt 0.9067383 0.796875
vt 0.9042969 0.93359375
vt 0.9213867 0.80859375
vt 0.9194336 0.921875
vt 0.9326172 0.8251953
vt 0.9316406 0.90625
vt 0.9399414 0.8442383
vt 0.9394531 0.88720703
vt 0.94189453 0.86572266
vt 0.8984375 0.92333984
vt 0.9111328 0.91308594
vt 0.92089844 0.89941406
vt 0.9277344 0.8823242
vt 0.9296875 0.8642578
vt 0.92822266 0.8457031
vt 0.88378906 0.9291992
vt 0.9223633 0.8286133
vt 0.86865234 0.9301758
vt 0.91308594 0.8144531
vt 0.8540039 0.92578125
vt 0.9008789 0.80371094
vt 0.8408203 0.9169922
vt 0.88720703 0.79785156
vt 0.82958984 0.90478516
vt 0.8725586 0.796875
vt 0.82177734 0.890625
vt 0.85791016 0.80029297
vt 0.8173828 0.8754883
vt 0.84472656 0.8076172
vt 0.81640625 0.8598633
vt 0.8334961 0.8178711
vt 0.81884766 0.84472656
vt 0.82470703 0.8305664
vt 0.82714844 0.8730469
vt 0.8305664 0.88623047
vt 0.82666016 0.859375
vt 0.8286133 0.8466797
vt 0.83740234 0.8984375
vt 0.8334961 0.8339844
vt 0.84033203 0.8227539
vt 0.8466797 0.9091797
vt 0.8496094 0.8129883
vt 0.8574219 0.9169922
vt 0.86083984 0.8066406
vt 0.8691406 0.92041016
vt 0.8730469 0.80371094
vt 0.88134766 0.9194336
vt 0.8852539 0.8041992
vt 0.8930664 0.9145508
vt 0.89697266 0.8095703
vt 0.9038086 0.9057617
vt 0.9067383 0.81933594
vt 0.9121094 0.8935547
vt 0.9140625 0.83203125
vt 0.91748047 0.87890625
vt 0.91845703 0.8466797
vt 0.9199219 0.86328125
vt 0.39233398 0.86621094
vt 0.32104492 0.8461914
vt 0.30371094 0.8666992
vt 0.37573242 0.84521484
vt 0.32348633 0.7182617
vt 0.39624023 0.69921875
vt 0.30688477 0.69677734
vt 0.37890625 0.71972656
vt 0.30078125 0.45703125
vt 0.31518555 0.45117188
vt 0.30200195 0.45117188
vt 0.3125 0.46264648
vt 0.3125 0.43896484
vt 0.29711914 0.46191406
vt 0.3005371 0.44506836
vt 0.30517578 0.47192383
vt 0.30419922 0.42919922
vt 0.2915039 0.4645996
vt 0.29614258 0.44018555
vt 0.29492188 0.47729492
vt 0.2927246 0.4243164
vt 0.28515625 0.46484375
vt 0.2902832 0.4375
vt 0.28271484 0.4777832
vt 0.28051758 0.42504883
vt 0.27929688 0.4621582
vt 0.28393555 0.43774414
vt 0.27124023 0.4729004
vt 0.27026367 0.43041992
vt 0.27514648 0.4572754
vt 0.2783203 0.4404297
vt 0.26293945 0.4633789
vt 0.26293945 0.43969727
vt 0.2734375 0.45117188
vt 0.2746582 0.44506836
vt 0.2602539 0.45117188
vt 0.86083984 0.38208008
vt 0.8046875 0.37231445
vt 0.79248047 0.3828125
vt 0.8491211 0.3713379
vt 0.8022461 0.30664062
vt 0.85791016 0.29589844
vt 0.79052734 0.2956543
vt 0.8461914 0.30664062
vt 0.86083984 0.38208008
vt 0.79248047 0.3828125
vt 0.8046875 0.37231445
vt 0.8491211 0.3713379
vt 0.8022461 0.30664062
vt 0.85791016 0.29589844
vt 0.79052734 0.2956543
vt 0.8461914 0.30664062
vt 0.6386719 0.75683594
vt 0.64208984 0.7783203
vt 0.6113281 0.7783203
vt 0.6098633 0.76708984
vt 0.609375 0.7910156
vt 0.6279297 0.73779297
vt 0.6386719 0.7988281
vt 0.6040039 0.75683594
vt 0.6035156 0.8022461
vt 0.6118164 0.7236328
vt 0.62890625 0.8178711
vt 0.59472656 0.74902344
vt 0.59472656 0.8105469
vt 0.59228516 0.71533203
vt 0.61376953 0.8334961
vt 0.5834961 0.7446289
vt 0.5839844 0.81591797
vt 0.57128906 0.71435547
vt 0.5942383 0.84375
vt 0.57128906 0.74316406
vt 0.57128906 0.8173828
vt 0.5517578 0.71777344
vt 0.57128906 0.84716797
vt 0.55908203 0.7451172
vt 0.55859375 0.8149414
vt 0.5341797 0.7270508
vt 0.5498047 0.8413086
vt 0.54833984 0.7504883
vt 0.54785156 0.80908203
vt 0.51953125 0.74072266
vt 0.5317383 0.8300781
vt 0.5395508 0.7583008
vt 0.54003906 0.80078125
vt 0.5102539 0.7583008
vt 0.5185547 0.8149414
vt 0.5341797 0.7680664
vt 0.53466797 0.79003906
vt 0.5073242 0.7783203
vt 0.5107422 0.796875
vt 0.53271484 0.7783203
vt 0.86083984 0.38208008
vt 0.8046875 0.37231445
vt 0.79248047 0.3828125
vt 0.8491211 0.3713379
vt 0.8022461 0.30664062
vt 0.85791016 0.29589844
vt 0.79052734 0.2956543
vt 0.8461914 0.30664062
vt 0.6386719 0.75683594
vt 0.6113281 0.7783203
vt 0.64208984 0.7783203
vt 0.6098633 0.76708984
vt 0.609375 0.7910156
vt 0.6279297 0.73779297
vt 0.6386719 0.7988281
vt 0.6040039 0.75683594
vt 0.6035156 0.8022461
vt 0.6118164 0.7236328
vt 0.62890625 0.8178711
vt 0.59472656 0.74902344
vt 0.59472656 0.8105469
vt 0.59228516 0.71533203
vt 0.61376953 0.8334961
vt 0.5834961 0.7446289
vt 0.5839844 0.81591797
vt 0.57128906 0.71435547
vt 0.5942383 0.84375
vt 0.57128906 0.74316406
vt 0.57128906 0.8173828
vt 0.5517578 0.71777344
vt 0.57128906 0.84716797
vt 0.55908203 0.7451172
vt 0.55859375 0.8149414
vt 0.5341797 0.7270508
vt 0.5498047 0.8413086
vt 0.54833984 0.7504883
vt 0.54785156 0.80908203
vt 0.51953125 0.74072266
vt 0.5317383 0.8300781
vt 0.5395508 0.7583008
vt 0.54003906 0.80078125
vt 0.5102539 0.7583008
vt 0.5185547 0.8149414
vt 0.5341797 0.7680664
vt 0.53466797 0.79003906
vt 0.5073242 0.7783203
vt 0.5107422 0.796875
vt 0.53271484 0.7783203
vt 0.39233398 0.86621094
vt 0.32104492 0.8461914
vt 0.30371094 0.8666992
vt 0.37573242 0.84521484
vt 0.32348633 0.7182617
vt 0.39624023 0.69921875
vt 0.30688477 0.69677734
vt 0.37890625 0.71972656
vt 0.98046875 0.87158203
vt 0.9868164 0.83691406
vt 0.9916992 0.8730469
vt 0.9765625 0.8388672
vt 0.9741211 0.8051758
vt 0.9765625 0.90283203
vt 0.9873047 0.90771484
vt 0.96533203 0.8105469
vt 0.9550781 0.7807617
vt 0.96435547 0.9291992
vt 0.9741211 0.9370117
vt 0.9482422 0.78759766
vt 0.9301758 0.7636719
vt 0.9453125 0.9501953
vt 0.953125 0.95947266
vt 0.92578125 0.7714844
vt 0.9008789 0.75439453
vt 0.9223633 0.9658203
vt 0.92822266 0.9765625
vt 0.8989258 0.7626953
vt 0.8696289 0.7524414
vt 0.89746094 0.9760742
vt 0.9003906 0.98779297
vt 0.8701172 0.7607422
vt 0.8383789 0.7578125
vt 0.87109375 0.9790039
vt 0.87109375 0.99121094
vt 0.8413086 0.7661133
vt 0.8100586 0.7705078
vt 0.8442383 0.9736328
vt 0.8408203 0.98535156
vt 0.8154297 0.77783203
vt 0.7866211 0.7890625
vt 0.8178711 0.9614258
vt 0.8120117 0.9716797
vt 0.7944336 0.79541016
vt 0.76953125 0.81396484
vt 0.79589844 0.9428711
vt 0.78759766 0.95166016
vt 0.7792969 0.8178711
vt 0.75927734 0.84277344
vt 0.78027344 0.9213867
vt 0.7705078 0.92871094
vt 0.77001953 0.84375
vt 0.75634766 0.87353516
vt 0.7709961 0.89746094
vt 0.7602539 0.90283203
vt 0.7675781 0.87109375
vt 0.8041992 0.93310547
vt 0.79003906 0.9135742
vt 0.7817383 0.89208984
vt 0.7788086 0.86816406
vt 0.7817383 0.8442383
vt 0.7895508 0.82128906
vt 0.82373047 0.9501953
vt 0.80322266 0.80126953
vt 0.8466797 0.96191406
vt 0.8222656 0.78564453
vt 0.87060547 0.9667969
vt 0.84521484 0.77490234
vt 0.89404297 0.96435547
vt 0.87060547 0.77001953
vt 0.9165039 0.9550781
vt 0.8959961 0.7714844
vt 0.9370117 0.94091797
vt 0.9199219 0.77978516
vt 0.95410156 0.9213867
vt 0.9399414 0.7944336
vt 0.96484375 0.89746094
vt 0.9555664 0.8154297
vt 0.96875 0.8696289
vt 0.96533203 0.8408203
vt 0.92822266 0.93115234
vt 0.9428711 0.9135742
vt 0.95214844 0.89208984
vt 0.9555664 0.8676758
vt 0.9526367 0.84277344
vt 0.94433594 0.8203125
vt 0.91015625 0.94433594
vt 0.93066406 0.8017578
vt 0.890625 0.95214844
vt 0.91308594 0.7885742
vt 0.8701172 0.95410156
vt 0.8925781 0.7807617
vt 0.8491211 0.94970703
vt 0.87109375 0.7792969
vt 0.82910156 0.93847656
vt 0.8496094 0.7836914
vt 0.8125 0.92333984
vt 0.8300781 0.79345703
vt 0.80078125 0.90527344
vt 0.81396484 0.8071289
vt 0.79345703 0.8857422
vt 0.8017578 0.82470703
vt 0.7915039 0.8652344
vt 0.7944336 0.8442383
vt 0.81152344 0.89746094
vt 0.80566406 0.8798828
vt 0.8041992 0.8623047
vt 0.8071289 0.8442383
vt 0.81396484 0.8276367
vt 0.82421875 0.8129883
vt 0.82128906 0.9135742
vt 0.8378906 0.80078125
vt 0.83496094 0.9272461
vt 0.8540039 0.79248047
vt 0.8510742 0.9370117
vt 0.87158203 0.7885742
vt 0.8691406 0.94189453
vt 0.88964844 0.79003906
vt 0.88720703 0.9404297
vt 0.9067383 0.796875
vt 0.9042969 0.93359375
vt 0.9213867 0.80859375
vt 0.9194336 0.921875
vt 0.9326172 0.8251953
vt 0.9316406 0.90625
vt 0.9399414 0.8442383
vt 0.9394531 0.88720703
vt 0.94189453 0.86572266
vt 0.8984375 0.92333984
vt 0.9111328 0.91308594
vt 0.92089844 0.89941406
vt 0.9277344 0.8823242
vt 0.9296875 0.8642578
vt 0.92822266 0.8457031
vt 0.88378906 0.9291992
vt 0.9223633 0.8286133
vt 0.86865234 0.9301758
vt 0.91308594 0.8144531
vt 0.8540039 0.92578125
vt 0.9008789 0.80371094
vt 0.8408203 0.9169922
vt 0.88720703 0.79785156
vt 0.82958984 0.90478516
vt 0.8725586 0.796875
vt 0.82177734 0.890625
vt 0.85791016 0.80029297
vt 0.8173828 0.8754883
vt 0.84472656 0.8076172
vt 0.81640625 0.8598633
vt 0.8334961 0.8178711
vt 0.81884766 0.84472656
vt 0.82470703 0.8305664
vt 0.82714844 0.8730469
vt 0.8305664 0.88623047
vt 0.82666016 0.859375
vt 0.8286133 0.8466797
vt 0.83740234 0.8984375
vt 0.8334961 0.8339844
vt 0.84033203 0.8227539
vt 0.8466797 0.9091797
vt 0.8496094 0.8129883
vt 0.8574219 0.9169922
vt 0.86083984 0.8066406
vt 0.8691406 0.92041016
vt 0.8730469 0.80371094
vt 0.88134766 0.9194336
vt 0.8852539 0.8041992
vt 0.8930664 0.9145508
vt 0.89697266 0.8095703
vt 0.9038086 0.9057617
vt 0.9067383 0.81933594
vt 0.9121094 0.8935547
vt 0.9140625 0.83203125
vt 0.91748047 0.87890625
vt 0.91845703 0.8466797
vt 0.9199219 0.86328125
vn -2.3841858E-07 0.0657959 -0.9980469
vn -2.3841858E-07 0.0657959 -0.9980469
vn -0.0008029938 0.029769897 -0.9995117
vn 2.3841858E-07 0.06274414 -0.9980469
vn 2.3841858E-07 0.06274414 -0.9980469
vn -0.07232666 0.009162903 -0.9975586
vn -0.053588867 0.02053833 -0.99853516
vn -0.03692627 0.028640747 -0.99902344
vn -0.02357483 0.033203125 -0.99902344
vn -0.011924744 0.035614014 -0.9995117
vn -0.0010566711 0.03643799 -0.9995117
vn 0.009742737 0.035858154 -0.9995117
vn 0.02116394 0.03378296 -0.99902344
vn 0.034057617 0.029724121 -0.99902344
vn 0.049835205 0.022491455 -0.99853516
vn 0.066833496 0.012718201 -0.9975586
vn 0.08947754 0.04525757 -0.9951172
vn 0.08947754 0.04525757 -0.9951172
vn 0.08947754 0.04525757 -0.9951172
vn 0.08947754 0.04525757 -0.9951172
vn -0.026275635 0.99853516 0.043060303
vn -0.026275635 0.99853516 0.043060303
vn -0.026275635 0.99853516 0.043060303
vn -0.026275635 0.99853516 0.043060303
vn -0.08947754 -0.04525757 0.9951172
vn -0.08947754 -0.04525757 0.9951172
vn -0.08947754 -0.04525757 0.9951172
vn -0.08947754 -0.04525757 0.9951172
vn -0.00089263916 -0.99902344 -0.04550171
vn -0.00089263916 -0.99902344 -0.04550171
vn -0.00089263916 -0.99902344 -0.04550171
vn -0.00089263916 -0.99902344 -0.04550171
vn -0.99609375 0.0023651123 -0.08947754
vn -0.99609375 0.0023651123 -0.08947754
vn -0.99609375 0.0023651123 -0.08947754
vn -0.99609375 0.0023651123 -0.08947754
vn 0.99609375 0.00044822693 0.08959961
vn 0.99609375 0.00044822693 0.08959961
vn 0.99609375 0.00044822693 0.08959961
vn 0.99609375 0.00044822693 0.08959961
vn 0.00422287 0.99902344 0.045806885
vn 0.00422287 0.99902344 0.045806885
vn 0.00422287 0.99902344 0.045806885
vn 0.00422287 0.99902344 0.045806885
vn 0.99609375 -0.0032978058 0.089416504
vn 0.99609375 -0.0032978058 0.089416504
vn 0.99609375 -0.0032978058 0.089416504
vn 0.99609375 -0.0032978058 0.089416504
vn 0.039794922 -0.99853516 -0.041809082
vn 0.039794922 -0.99853516 -0.041809082
vn 0.039794922 -0.99853516 -0.041809082
vn 0.039794922 -0.99853516 -0.041809082
vn -0.99609375 -0.0004427433 -0.08959961
vn -0.99609375 -0.0004427433 -0.08959961
vn -0.99609375 -0.0004427433 -0.08959961
vn -0.99609375 -0.0004427433 -0.08959961
vn -0.29956055 0.9453125 0.13000488
vn 0.00043201447 0.9980469 0.058654785
vn 0.00043201447 0.9980469 0.058654785
vn -0.29956055 0.9453125 0.13000488
vn -0.5703125 0.7998047 0.18859863
vn -0.5703125 0.7998047 0.18859863
vn -0.78515625 0.5756836 0.22875977
vn -0.78515625 0.5756836 0.22875977
vn -0.92285156 0.29541016 0.24645996
vn -0.92285156 0.29541016 0.24645996
vn -0.9707031 -0.013687134 0.2401123
vn -0.9707031 -0.013687134 0.2401123
vn -0.92333984 -0.3215332 0.21020508
vn -0.92333984 -0.3215332 0.21020508
vn -0.78564453 -0.59765625 0.15979004
vn -0.78564453 -0.59765625 0.15979004
vn -0.5708008 -0.8154297 0.093688965
vn -0.5708008 -0.8154297 0.093688965
vn -0.30029297 -0.9536133 0.018432617
vn -0.30029297 -0.9536133 0.018432617
vn -0.00043296814 -0.9980469 -0.058654785
vn -0.00043320656 -0.9980469 -0.058654785
vn 0.00043201447 0.9980469 0.058654785
vn 0.00043201447 0.9980469 0.058654785
vn 0.30029297 0.9536133 -0.018432617
vn 0.30029297 0.9536133 -0.018432617
vn 0.5708008 0.8154297 -0.093688965
vn 0.5708008 0.8154297 -0.093688965
vn 0.78564453 0.59765625 -0.15979004
vn 0.78564453 0.59765625 -0.15979004
vn 0.92333984 0.3215332 -0.21020508
vn 0.92333984 0.3215332 -0.21020508
vn 0.9707031 0.013687134 -0.2401123
vn 0.9707031 0.013687134 -0.2401123
vn 0.92285156 -0.29541016 -0.24645996
vn 0.92285156 -0.29541016 -0.24645996
vn 0.78515625 -0.5756836 -0.22875977
vn 0.78515625 -0.5756836 -0.22875977
vn 0.5703125 -0.7998047 -0.18859863
vn 0.5703125 -0.7998047 -0.18859863
vn 0.29956055 -0.9453125 -0.13000488
vn 0.29956055 -0.9453125 -0.13000488
vn -0.00043320656 -0.9980469 -0.058654785
vn -0.00043296814 -0.9980469 -0.058654785
vn 0.21325684 -0.8881836 -0.40722656
vn -0.07183838 -0.93652344 -0.34375
vn -0.07183838 -0.93652344 -0.34375
vn 0.21862793 -0.88623047 -0.40844727
vn 0.47558594 -0.7548828 -0.4519043
vn 0.48413086 -0.74853516 -0.453125
vn 0.6904297 -0.5473633 -0.4729004
vn 0.69970703 -0.53515625 -0.47314453
vn 0.83740234 -0.2824707 -0.46777344
vn 0.84375 -0.265625 -0.46655273
vn 0.89990234 0.015449524 -0.43603516
vn 0.9008789 0.034423828 -0.43310547
vn 0.86865234 0.31762695 -0.38012695
vn 0.86376953 0.33496094 -0.3762207
vn 0.7451172 0.5932617 -0.30517578
vn 0.7363281 0.60595703 -0.3010254
vn 0.54003906 0.8129883 -0.21875
vn 0.5307617 0.81933594 -0.2154541
vn 0.27368164 0.953125 -0.12976074
vn 0.2680664 0.95458984 -0.12817383
vn -0.025878906 0.99853516 -0.047668457
vn -0.025878906 0.99853516 -0.047668457
vn -0.07183838 -0.93652344 -0.34375
vn -0.07183838 -0.93652344 -0.34375
vn -0.36010742 -0.89453125 -0.26513672
vn -0.35498047 -0.8959961 -0.2668457
vn -0.6196289 -0.76416016 -0.17993164
vn -0.61083984 -0.77001953 -0.18310547
vn -0.8251953 -0.5566406 -0.095947266
vn -0.81640625 -0.5683594 -0.099975586
vn -0.95654297 -0.29101562 -0.021209717
vn -0.9511719 -0.3076172 -0.02519226
vn -0.9995117 0.0076522827 0.036834717
vn -0.9995117 -0.0113220215 0.033843994
vn -0.9482422 0.3095703 0.072143555
vn -0.9536133 0.2919922 0.070739746
vn -0.8076172 0.5839844 0.08093262
vn -0.81689453 0.57128906 0.08117676
vn -0.5917969 0.80371094 0.062286377
vn -0.6010742 0.796875 0.06347656
vn -0.32226562 0.94628906 0.017929077
vn -0.32788086 0.94433594 0.01902771
vn -0.025878906 0.99853516 -0.047668457
vn -0.025878906 0.99853516 -0.047668457
vn 0.018310547 0.03201294 -0.9995117
vn 0.018310547 0.03201294 -0.9995117
vn 0.018310547 0.03201294 -0.9995117
vn 0.018310547 0.03201294 -0.9995117
vn 0.012138367 0.9995117 0.03225708
vn 0.012138367 0.9995117 0.03225708
vn 0.012138367 0.9995117 0.03225708
vn 0.012138367 0.9995117 0.03225708
vn -0.018310547 -0.03201294 0.9995117
vn -0.018310547 -0.03201294 0.9995117
vn -0.018310547 -0.03201294 0.9995117
vn -0.018310547 -0.03201294 0.9995117
vn -0.026016235 -0.99902344 -0.03250122
vn -0.026016235 -0.99902344 -0.03250122
vn -0.026016235 -0.99902344 -0.03250122
vn -0.026016235 -0.99902344 -0.03250122
vn -0.9995117 -0.0129470825 -0.018722534
vn -0.9995117 -0.0129470825 -0.018722534
vn -0.9995117 -0.0129470825 -0.018722534
vn -0.9995117 -0.0129470825 -0.018722534
vn 1 -0.0046310425 0.018157959
vn 1 -0.0046310425 0.018157959
vn 1 -0.0046310425 0.018157959
vn 1 -0.0046310425 0.018157959
vn 0.023635864 0.99902344 0.032440186
vn 0.023635864 0.99902344 0.032440186
vn 0.023635864 0.99902344 0.032440186
vn 0.023635864 0.99902344 0.032440186
vn 0.9995117 0.020904541 0.018981934
vn 0.9995117 0.020904541 0.018981934
vn 0.9995117 0.020904541 0.018981934
vn 0.9995117 0.020904541 0.018981934
vn -0.0021896362 -0.9995117 -0.032073975
vn -0.0021896362 -0.9995117 -0.032073975
vn -0.0021896362 -0.9995117 -0.032073975
vn -0.0021896362 -0.9995117 -0.032073975
vn -1 -0.007293701 -0.018539429
vn -1 -0.007293701 -0.018539429
vn -1 -0.007293701 -0.018539429
vn -1 -0.007293701 -0.018539429
vn 0.30541992 0.9482422 0.08862305
vn 0.0005955696 0.99902344 0.040496826
vn 0.0005955696 0.99902344 0.040496826
vn 0.30541992 0.9482422 0.08862305
vn 0.5805664 0.8041992 0.12805176
vn 0.5805664 0.8041992 0.12805176
vn 0.7988281 0.58154297 0.15490723
vn 0.7988281 0.58154297 0.15490723
vn 0.93847656 0.30200195 0.16662598
vn 0.93847656 0.30200195 0.16662598
vn 0.9868164 -0.007160187 0.1619873
vn 0.9868164 -0.007160187 0.1619873
vn 0.93847656 -0.31567383 0.14160156
vn 0.93847656 -0.31567383 0.14160156
vn 0.79785156 -0.5932617 0.107299805
vn 0.79785156 -0.5932617 0.107299805
vn 0.57958984 -0.8125 0.062469482
vn 0.57958984 -0.8125 0.062469482
vn 0.30444336 -0.9526367 0.011543274
vn 0.30444336 -0.9526367 0.011543274
vn -0.00059604645 -0.99902344 -0.040496826
vn -0.0005955696 -0.99902344 -0.040496826
vn 0.0005955696 0.99902344 0.040496826
vn -0.30444336 0.9526367 -0.011543274
vn 0.0005955696 0.99902344 0.040496826
vn -0.30444336 0.9526367 -0.011543274
vn -0.57958984 0.8125 -0.062469482
vn -0.57958984 0.8125 -0.062469482
vn -0.79785156 0.5932617 -0.107299805
vn -0.79785156 0.5932617 -0.107299805
vn -0.93847656 0.31567383 -0.14160156
vn -0.93847656 0.31567383 -0.14160156
vn -0.9868164 0.007156372 -0.1619873
vn -0.9868164 0.007156372 -0.1619873
vn -0.93847656 -0.30200195 -0.16662598
vn -0.93847656 -0.30200195 -0.16662598
vn -0.7988281 -0.58154297 -0.15490723
vn -0.7988281 -0.58154297 -0.15490723
vn -0.5805664 -0.8041992 -0.12805176
vn -0.5805664 -0.8041992 -0.12805176
vn -0.30541992 -0.9482422 -0.08862305
vn -0.30541992 -0.9482422 -0.08862305
vn -0.0005955696 -0.99902344 -0.040496826
vn -0.00059604645 -0.99902344 -0.040496826
vn -0.24194336 -0.8959961 -0.37304688
vn 0.047607422 -0.9423828 -0.33154297
vn 0.047607422 -0.9423828 -0.33154297
vn -0.24719238 -0.89404297 -0.37353516
vn -0.5073242 -0.76416016 -0.39868164
vn -0.5161133 -0.7578125 -0.39941406
vn -0.7241211 -0.5571289 -0.40625
vn -0.73339844 -0.54541016 -0.40600586
vn -0.87109375 -0.2927246 -0.39404297
vn -0.8774414 -0.2758789 -0.39282227
vn -0.9316406 0.005508423 -0.3630371
vn -0.9326172 0.024536133 -0.36035156
vn -0.89746094 0.3088379 -0.31518555
vn -0.8925781 0.32617188 -0.31201172
vn -0.76904297 0.5859375 -0.2553711
vn -0.7602539 0.5986328 -0.25219727
vn -0.55859375 0.8076172 -0.1895752
vn -0.5493164 0.8144531 -0.18713379
vn -0.2866211 0.94970703 -0.124694824
vn -0.28100586 0.95166016 -0.12347412
vn 0.018325806 0.9975586 -0.06756592
vn 0.018341064 0.9975586 -0.06756592
vn 0.047607422 -0.9423828 -0.33154297
vn 0.34106445 -0.8984375 -0.2770996
vn 0.047607422 -0.9423828 -0.33154297
vn 0.33569336 -0.89990234 -0.27807617
vn 0.60595703 -0.765625 -0.21508789
vn 0.59716797 -0.77197266 -0.21740723
vn 0.81689453 -0.5566406 -0.15148926
vn 0.80810547 -0.5683594 -0.15466309
vn 0.9526367 -0.2890625 -0.092285156
vn 0.9472656 -0.3059082 -0.09552002
vn 0.99902344 0.010528564 -0.04324341
vn 0.99902344 -0.0084991455 -0.045898438
vn 0.94970703 0.31274414 -0.009407043
vn 0.9555664 0.29541016 -0.010925293
vn 0.8095703 0.58740234 0.005657196
vn 0.8183594 0.57421875 0.0053749084
vn 0.5917969 0.80615234 0.00032901764
vn 0.6010742 0.7993164 0.000895977
vn 0.3190918 0.9472656 -0.024902344
vn 0.32495117 0.9453125 -0.024215698
vn 0.018341064 0.9975586 -0.06756592
vn 0.018325806 0.9975586 -0.06756592
vn -0.018310547 0.03201294 -0.9995117
vn -0.018310547 0.03201294 -0.9995117
vn -0.018310547 0.03201294 -0.9995117
vn -0.018310547 0.03201294 -0.9995117
vn -0.012138367 0.9995117 0.03225708
vn -0.012138367 0.9995117 0.03225708
vn -0.012138367 0.9995117 0.03225708
vn -0.012138367 0.9995117 0.03225708
vn 0.018310547 -0.03201294 0.9995117
vn 0.018310547 -0.03201294 0.9995117
vn 0.018310547 -0.03201294 0.9995117
vn 0.018310547 -0.03201294 0.9995117
vn 0.026016235 -0.99902344 -0.03250122
vn 0.026016235 -0.99902344 -0.03250122
vn 0.026016235 -0.99902344 -0.03250122
vn 0.026016235 -0.99902344 -0.03250122
vn 0.9995117 -0.0129470825 -0.018722534
vn 0.9995117 -0.0129470825 -0.018722534
vn 0.9995117 -0.0129470825 -0.018722534
vn 0.9995117 -0.0129470825 -0.018722534
vn -1 -0.0046310425 0.018157959
vn -1 -0.0046310425 0.018157959
vn -1 -0.0046310425 0.018157959
vn -1 -0.0046310425 0.018157959
vn -0.023635864 0.99902344 0.032440186
vn -0.023635864 0.99902344 0.032440186
vn -0.023635864 0.99902344 0.032440186
vn -0.023635864 0.99902344 0.032440186
vn -0.9995117 0.020904541 0.018981934
vn -0.9995117 0.020904541 0.018981934
vn -0.9995117 0.020904541 0.018981934
vn -0.9995117 0.020904541 0.018981934
vn 0.0021896362 -0.9995117 -0.032073975
vn 0.0021896362 -0.9995117 -0.032073975
vn 0.0021896362 -0.9995117 -0.032073975
vn 0.0021896362 -0.9995117 -0.032073975
vn 1 -0.0072898865 -0.018539429
vn 1 -0.0072898865 -0.018539429
vn 1 -0.0072898865 -0.018539429
vn 1 -0.0072898865 -0.018539429
vn 0.019943237 0.0395813 0.99902344
vn 0.019943237 0.0395813 0.99902344
vn 0.019943237 0.0395813 0.99902344
vn 0.019943237 0.0395813 0.99902344
vn -0.03475952 0.99853516 -0.038879395
vn -0.03475952 0.99853516 -0.038879395
vn -0.03475952 0.99853516 -0.038879395
vn -0.03475952 0.99853516 -0.038879395
vn -0.019943237 -0.0395813 -0.99902344
vn -0.019943237 -0.0395813 -0.99902344
vn -0.019943237 -0.0395813 -0.99902344
vn -0.019943237 -0.0395813 -0.99902344
vn 0.04864502 -0.9980469 0.03857422
vn 0.04864502 -0.9980469 0.03857422
vn 0.04864502 -0.9980469 0.03857422
vn 0.04864502 -0.9980469 0.03857422
vn 1 0.008300781 -0.02027893
vn 1 0.008300781 -0.02027893
vn 1 0.008300781 -0.02027893
vn 1 0.008300781 -0.02027893
vn -0.9995117 -0.025863647 0.020965576
vn -0.9995117 -0.025863647 0.020965576
vn -0.9995117 -0.025863647 0.020965576
vn -0.9995117 -0.025863647 0.020965576
vn -0.04626465 0.9980469 -0.038635254
vn -0.04626465 0.9980469 -0.038635254
vn -0.04626465 0.9980469 -0.038635254
vn -0.04626465 0.9980469 -0.038635254
vn -1 -0.00033569336 0.019973755
vn -1 -0.00033569336 0.019973755
vn -1 -0.00033569336 0.019973755
vn -1 -0.00033569336 0.019973755
vn 0.02482605 -0.99902344 0.039093018
vn 0.02482605 -0.99902344 0.039093018
vn 0.02482605 -0.99902344 0.039093018
vn 0.02482605 -0.99902344 0.039093018
vn 0.9995117 0.013954163 -0.020507812
vn 0.9995117 0.013954163 -0.020507812
vn 0.9995117 0.013954163 -0.020507812
vn 0.9995117 0.013954163 -0.020507812
vn -0.07397461 0 0.9970703
vn -0.07397461 0 0.9970703
vn -0.054748535 0 0.99853516
vn -0.055023193 0 0.99853516
vn -0 0 1
vn -0 0 1
vn 0.055023193 0 0.99853516
vn 0.054748535 0 0.99853516
vn 0.07397461 0 0.9970703
vn 0.07397461 0 0.9970703
vn -0.8955078 -0.08685303 -0.43676758
vn -0.9946289 0.10211182 0.007255554
vn -0.9951172 -0.09655762 0
vn -0.9082031 0.072631836 -0.4116211
vn -0.6152344 -0.059661865 -0.7861328
vn -0.9267578 0.375 -0.024536133
vn -0.65234375 0.027755737 -0.7573242
vn -0.21118164 -0.020492554 -0.9770508
vn -0.8359375 0.28833008 -0.46704102
vn -1 -0.011886597 0.018493652
vn -0.9033203 0.04953003 -0.42626953
vn -0.5644531 0.14050293 -0.81347656
vn -0.6225586 0.10809326 -0.7753906
vn -0.2692871 -0.033996582 -0.96240234
vn 0.23376465 0.02267456 -0.97216797
vn -0.17822266 -0.0048065186 -0.9838867
vn -0.22692871 0.15246582 -0.96191406
vn 0.17089844 -0.09698486 -0.98046875
vn 0.62939453 0.061065674 -0.77441406
vn 0.23327637 -0.115234375 -0.96533203
vn 0.20581055 0.17590332 -0.9628906
vn 0.5830078 -0.14001465 -0.80029297
vn 0.89990234 0.08728027 -0.42749023
vn 0.60009766 -0.19604492 -0.7758789
vn 0.6035156 0.1739502 -0.77783203
vn 0.88134766 -0.15026855 -0.44799805
vn 0.9951172 0.09655762 -4.7683716E-07
vn 0.9921875 -0.12365723 0.0079422
vn 0.8613281 -0.24597168 -0.44482422
vn 0.8911133 0.14477539 -0.42993164
vn 0.96533203 -0.25976562 -0.027389526
vn 0.99560547 0.09197998 0.018722534
vn 0.89990234 0.08728027 0.42749023
vn 0.9921875 -0.12365723 0.0079422
vn 0.9951172 0.09655762 -4.7683716E-07
vn 0.88378906 -0.066223145 0.46264648
vn 0.62939453 0.061065674 0.77441406
vn 0.96533203 -0.25976562 -0.027389526
vn 0.58691406 0.004673004 0.8095703
vn 0.23376465 0.02267456 0.97216797
vn 0.88720703 -0.23278809 0.39892578
vn 0.99560547 0.09197998 0.018722534
vn 0.8857422 0.02760315 0.4633789
vn 0.63916016 -0.16003418 0.7524414
vn 0.59765625 -0.032226562 0.80126953
vn 0.17749023 0.066833496 0.9819336
vn -0.21118164 -0.020492554 0.9770508
vn 0.26416016 -0.034729004 0.9638672
vn 0.20532227 -0.07550049 0.97558594
vn -0.25634766 0.10601807 0.9609375
vn -0.6152344 -0.059661865 0.7861328
vn -0.16833496 0.12878418 0.9770508
vn -0.21691895 -0.09613037 0.9716797
vn -0.63671875 0.12182617 0.76171875
vn -0.8955078 -0.08685303 0.43676758
vn -0.56152344 0.2800293 0.7788086
vn -0.6040039 -0.09185791 0.7915039
vn -0.8979492 0.11907959 0.42333984
vn -0.9951172 -0.09655762 0
vn -0.9946289 0.10211182 0.007255554
vn -0.82910156 0.37109375 0.41845703
vn -0.8876953 -0.062438965 0.45629883
vn -0.9267578 0.375 -0.024536133
vn -1 -0.011886597 0.018493652
vn -0.80322266 0.44580078 -0.3955078
vn 2.3245811E-06 1 -3.7550926E-06
vn -0.89453125 0.44677734 2.861023E-06
vn -0.55078125 0.44335938 -0.70703125
vn -0.1953125 0.44140625 -0.87597656
vn 0.1953125 0.44140625 -0.87597656
vn 0.55078125 0.44335938 -0.70703125
vn 0.80322266 0.44580078 -0.3955078
vn 0.89453125 0.44677734 -9.536743E-07
vn -0.89453125 0.44677734 2.861023E-06
vn 2.3245811E-06 1 -3.7550926E-06
vn -0.80322266 0.44580078 0.3955078
vn -0.55078125 0.44335938 0.70703125
vn -0.1953125 0.44140625 0.87597656
vn 0.1953125 0.44140625 0.87597656
vn 0.55078125 0.44335938 0.70703125
vn 0.80322266 0.44580078 0.3955078
vn 0.89453125 0.44677734 -9.536743E-07
vn -0.2709961 0.064697266 0.9604492
vn -0.2709961 0.064697266 0.9604492
vn -0.2709961 0.064697266 0.9604492
vn -0.2709961 0.064697266 0.9604492
vn 0.038604736 0.9975586 -0.05633545
vn 0.038604736 0.9975586 -0.05633545
vn 0.038604736 0.9975586 -0.05633545
vn 0.038604736 0.9975586 -0.05633545
vn 0.2709961 -0.064697266 -0.9604492
vn 0.2709961 -0.064697266 -0.9604492
vn 0.2709961 -0.064697266 -0.9604492
vn 0.2709961 -0.064697266 -0.9604492
vn -0.012336731 -0.9980469 0.0637207
vn -0.012336731 -0.9980469 0.0637207
vn -0.012336731 -0.9980469 0.0637207
vn -0.012336731 -0.9980469 0.0637207
vn 0.96240234 0.0028266907 0.27124023
vn 0.96240234 0.0028266907 0.27124023
vn 0.96240234 0.0028266907 0.27124023
vn 0.96240234 0.0028266907 0.27124023
vn -0.96240234 -1.5676022E-05 -0.27148438
vn -0.96240234 -1.5676022E-05 -0.27148438
vn -0.96240234 -1.5676022E-05 -0.27148438
vn -0.96240234 -1.5676022E-05 -0.27148438
vn 0.009117126 0.9980469 -0.064697266
vn 0.009117126 0.9980469 -0.064697266
vn 0.009117126 0.9980469 -0.064697266
vn 0.009117126 0.9980469 -0.064697266
vn -0.96240234 -0.0037574768 -0.27124023
vn -0.96240234 -0.0037574768 -0.27124023
vn -0.96240234 -0.0037574768 -0.27124023
vn -0.96240234 -0.0037574768 -0.27124023
vn -0.051635742 -0.9970703 0.052642822
vn -0.051635742 -0.9970703 0.052642822
vn -0.051635742 -0.9970703 0.052642822
vn -0.051635742 -0.9970703 0.052642822
vn 0.96240234 2.0980835E-05 0.27148438
vn 0.96240234 2.0980835E-05 0.27148438
vn 0.96240234 2.0980835E-05 0.27148438
vn 0.96240234 2.0980835E-05 0.27148438
vn -0.95996094 0.27929688 0
vn -0.9921875 0.12573242 0
vn -0.9921875 0.12573242 0
vn -0.95996094 0.27929688 0
vn -0.82666016 0.5625 0
vn -0.82666016 0.5625 0
vn -0.61279297 0.79052734 0
vn -0.61279297 0.79052734 0
vn -0.3383789 0.94091797 0
vn -0.3383789 0.94091797 0
vn -0.03100586 0.9995117 0
vn -0.03100586 0.9995117 0
vn 0.27929688 0.95996094 0
vn 0.27929688 0.95996094 0
vn 0.5625 0.82666016 0
vn 0.5625 0.82666016 0
vn 0.79052734 0.61279297 0
vn 0.79052734 0.61279297 0
vn 0.94091797 0.3383789 0
vn 0.94091797 0.3383789 0
vn 0.9824219 0.18701172 0
vn 0.9824219 0.18701172 0
vn -0.9970703 -0.07757568 0
vn -0.9970703 -0.07757568 0
vn -0.9970703 -0.07757568 0
vn -0.9970703 -0.07757568 0
vn 0.9970703 -0.075805664 0
vn 0.9970703 -0.075805664 0
vn 0.9970703 -0.075805664 0
vn 0.9970703 -0.075805664 0
vn 0.00030612946 -0.011367798 1
vn -0 -0.025146484 0.9995117
vn 0.027648926 -0.0035037994 0.9995117
vn 0.020462036 -0.007850647 1
vn 0.014099121 -0.010932922 1
vn 0.008995056 -0.012680054 1
vn 0.004550934 -0.013595581 1
vn 0.00040340424 -0.013908386 1
vn -0.0037193298 -0.013694763 1
vn -0.008079529 -0.012901306 1
vn -0.013008118 -0.011352539 1
vn -0.019042969 -0.008598328 1
vn -0.025543213 -0.004863739 0.9995117
vn -0 -0.023986816 0.9995117
vn -0 -1 0
vn -0 -1 0
vn -0 -1 0
vn -0 -1 0
vn -0 -1 0
vn -0 -1 0
vn 0.28955078 0.94970703 -0.12109375
vn -0.002319336 1 -0.02003479
vn -0.002319336 1 -0.02003479
vn 0.28955078 0.94970703 -0.12109375
vn 0.5527344 0.80615234 -0.21032715
vn 0.5527344 0.80615234 -0.21032715
vn 0.76220703 0.5839844 -0.27905273
vn 0.76220703 0.5839844 -0.27905273
vn 0.89697266 0.3046875 -0.3203125
vn 0.89697266 0.3046875 -0.3203125
vn 0.94384766 -0.0044288635 -0.33032227
vn 0.94384766 -0.0044288635 -0.33032227
vn 0.8984375 -0.31323242 -0.30786133
vn 0.8984375 -0.31323242 -0.30786133
vn 0.7651367 -0.5913086 -0.2553711
vn 0.7651367 -0.5913086 -0.2553711
vn 0.5566406 -0.81152344 -0.17797852
vn 0.5566406 -0.81152344 -0.17797852
vn 0.2939453 -0.95214844 -0.08300781
vn 0.2939453 -0.95214844 -0.08300781
vn 0.002319336 -1 0.02003479
vn 0.002319336 -1 0.02003479
vn -0.002319336 1 -0.02003479
vn -0.002319336 1 -0.02003479
vn -0.2939453 0.95214844 0.08300781
vn -0.2939453 0.95214844 0.08300781
vn -0.5566406 0.81152344 0.17797852
vn -0.5566406 0.81152344 0.17797852
vn -0.7651367 0.5913086 0.2553711
vn -0.7651367 0.5913086 0.2553711
vn -0.8984375 0.31323242 0.30786133
vn -0.8984375 0.31323242 0.30786133
vn -0.94384766 0.0044288635 0.33032227
vn -0.94384766 0.0044288635 0.33032227
vn -0.89697266 -0.3046875 0.3203125
vn -0.89697266 -0.3046875 0.3203125
vn -0.76220703 -0.5839844 0.27905273
vn -0.76220703 -0.5839844 0.27905273
vn -0.5527344 -0.80615234 0.21032715
vn -0.5527344 -0.80615234 0.21032715
vn -0.28955078 -0.94970703 0.121154785
vn -0.28955078 -0.94970703 0.121154785
vn 0.002319336 -1 0.02003479
vn 0.002319336 -1 0.02003479
vn -0.17749023 -0.90283203 0.39111328
vn 0.1003418 -0.94873047 0.2993164
vn 0.1003418 -0.94873047 0.2993164
vn -0.18261719 -0.9013672 0.39282227
vn -0.4338379 -0.7714844 0.4650879
vn -0.4423828 -0.765625 0.46728516
vn -0.6455078 -0.5649414 0.51416016
vn -0.6542969 -0.5527344 0.515625
vn -0.7910156 -0.30029297 0.53271484
vn -0.7973633 -0.28320312 0.5332031
vn -0.85498047 -0.0013494492 0.5185547
vn -0.85595703 0.017730713 0.51660156
vn -0.828125 0.30273438 0.4716797
vn -0.82373047 0.3203125 0.46801758
vn -0.7109375 0.5810547 0.39624023
vn -0.7026367 0.59375 0.39160156
vn -0.51416016 0.80371094 0.2993164
vn -0.5053711 0.8105469 0.29541016
vn -0.25708008 0.9472656 0.19128418
vn -0.25146484 0.94921875 0.18920898
vn 0.033813477 0.99609375 0.08331299
vn 0.033813477 0.99609375 0.08331299
vn 0.1003418 -0.94873047 0.2993164
vn 0.1003418 -0.94873047 0.2993164
vn 0.38012695 -0.9038086 0.19580078
vn 0.375 -0.9057617 0.1977539
vn 0.6308594 -0.7705078 0.09173584
vn 0.6225586 -0.77685547 0.095336914
vn 0.8286133 -0.5600586 -0.003156662
vn 0.8203125 -0.57177734 0.0011749268
vn 0.953125 -0.2915039 -0.07965088
vn 0.9482422 -0.3083496 -0.075805664
vn 0.9916992 0.009063721 -0.13000488
vn 0.9916992 -0.010009766 -0.12768555
vn 0.93847656 0.31201172 -0.14868164
vn 0.94384766 0.2944336 -0.14855957
vn 0.7988281 0.58691406 -0.13378906
vn 0.8076172 0.57373047 -0.13537598
vn 0.5864258 0.80566406 -0.08654785
vn 0.59521484 0.7988281 -0.08886719
vn 0.32250977 0.94628906 -0.011734009
vn 0.328125 0.94433594 -0.013435364
vn 0.033813477 0.99609375 0.08331299
vn 0.033813477 0.99609375 0.08331299
vn 0.060424805 0.03262329 0.9975586
vn 0.060424805 0.03262329 0.9975586
vn 0.060424805 0.03262329 0.9975586
vn 0.060424805 0.03262329 0.9975586
vn 0.018249512 0.99902344 -0.03375244
vn 0.018249512 0.99902344 -0.03375244
vn 0.018249512 0.99902344 -0.03375244
vn 0.018249512 0.99902344 -0.03375244
vn -0.060424805 -0.03262329 -0.9975586
vn -0.060424805 -0.03262329 -0.9975586
vn -0.060424805 -0.03262329 -0.9975586
vn -0.060424805 -0.03262329 -0.9975586
vn -0.004398346 -0.9995117 0.032928467
vn -0.004398346 -0.9995117 0.032928467
vn -0.004398346 -0.9995117 0.032928467
vn -0.004398346 -0.9995117 0.032928467
vn 0.9970703 -0.045898438 -0.058898926
vn 0.9970703 -0.045898438 -0.058898926
vn 0.9970703 -0.045898438 -0.058898926
vn 0.9970703 -0.045898438 -0.058898926
vn -0.9980469 0.028335571 0.059509277
vn -0.9980469 0.028335571 0.059509277
vn -0.9980469 0.028335571 0.059509277
vn -0.9980469 0.028335571 0.059509277
vn 0.0067749023 0.9995117 -0.033081055
vn 0.0067749023 0.9995117 -0.033081055
vn 0.0067749023 0.9995117 -0.033081055
vn 0.0067749023 0.9995117 -0.033081055
vn -0.9970703 0.053863525 0.058624268
vn -0.9970703 0.053863525 0.058624268
vn -0.9970703 0.053863525 0.058624268
vn -0.9970703 0.053863525 0.058624268
vn -0.028182983 -0.99902344 0.034362793
vn -0.028182983 -0.99902344 0.034362793
vn -0.028182983 -0.99902344 0.034362793
vn -0.028182983 -0.99902344 0.034362793
vn 0.9975586 -0.040252686 -0.05911255
vn 0.9975586 -0.040252686 -0.05911255
vn 0.9975586 -0.040252686 -0.05911255
vn 0.9975586 -0.040252686 -0.05911255
vn -0.7495117 -0.6621094 0
vn -0.7495117 -0.6621094 0
vn -0.7495117 -0.6621094 0
vn -0.7495117 -0.6621094 0
vn 0.7495117 -0.6621094 0
vn 0.7495117 -0.6621094 0
vn 0.7495117 -0.6621094 0
vn 0.7495117 -0.6621094 0
vn -0 0 1
vn -0 0 1
vn -0 0 1
vn -0 0 1
vn -0 0 1
vn -0 0 1
vn -0 0 1
vn -0 0 1
vn -0.63671875 0.7709961 -9.536743E-06
vn -0.5883789 0.80859375 -3.5762787E-07
vn -0.5883789 0.80859375 -3.5762787E-07
vn -0.63671875 0.7709961 -9.536743E-06
vn -0.7285156 0.6850586 -8.6426735E-06
vn -0.7285156 0.6850586 -8.6426735E-06
vn -0.7661133 0.6430664 0
vn -0.7661133 0.6430664 0
vn -1.7881393E-07 0 -1
vn -0 0 -1
vn -0 0 -1
vn -1.7881393E-07 0 -1
vn -1.7881393E-07 0 -1
vn -1.7881393E-07 0 -1
vn -0 0 -1
vn -0 0 -1
vn 0.66796875 -0.7441406 0
vn 0.6152344 -0.78808594 0
vn 0.6152344 -0.78808594 0
vn 0.66796875 -0.7441406 0
vn 0.7583008 -0.65185547 0
vn 0.7583008 -0.65185547 0
vn 0.8071289 -0.59033203 0
vn 0.8071289 -0.59033203 0
vn -0.7583008 -0.65185547 0
vn -0.8071289 -0.59033203 0
vn -0.8071289 -0.59033203 0
vn -0.7583008 -0.65185547 0
vn -0.66796875 -0.7441406 0
vn -0.66796875 -0.7441406 0
vn -0.6152344 -0.78808594 0
vn -0.6152344 -0.78808594 0
vn 1.7881393E-07 0 -1
vn -0 0 -1
vn -0 0 -1
vn 1.7881393E-07 0 -1
vn 1.1920929E-07 0 -1
vn 1.1920929E-07 0 -1
vn -0 0 -1
vn -0 0 -1
vn 0.7285156 0.6850586 -8.702278E-06
vn 0.7661133 0.6430664 -1.1920929E-07
vn 0.7661133 0.6430664 -1.1920929E-07
vn 0.7285156 0.6850586 -8.702278E-06
vn 0.63671875 0.7709961 -9.357929E-06
vn 0.63671875 0.7709961 -9.357929E-06
vn 0.5883789 0.80859375 0
vn 0.5883789 0.80859375 0
vn -0 0 1
vn -0 0 1
vn -0 0 1
vn -0 0 1
vn -0 0 1
vn -0 0 1
vn -0 0 1
vn -0 0 1
vn 0.30859375 0.94384766 -0.11767578
vn -0.0004172325 0.9916992 -0.12927246
vn -0.0004172325 0.9916992 -0.12927246
vn 0.30859375 0.94384766 -0.11767578
vn 0.58740234 0.80371094 -0.09448242
vn 0.58740234 0.80371094 -0.09448242
vn 0.80859375 0.58496094 -0.06210327
vn 0.80859375 0.58496094 -0.06210327
vn 0.9506836 0.3088379 -0.023605347
vn 0.9506836 0.3088379 -0.023605347
vn 1 0.002664566 0.017196655
vn 1 0.002664566 0.017196655
vn 0.9511719 -0.30395508 0.05630493
vn 0.9511719 -0.30395508 0.05630493
vn 0.80908203 -0.5805664 0.089904785
vn 0.80908203 -0.5805664 0.089904785
vn 0.5878906 -0.80078125 0.114746094
vn 0.5878906 -0.80078125 0.114746094
vn 0.30932617 -0.9423828 0.1282959
vn 0.30932617 -0.9423828 0.1282959
vn 0.00041794777 -0.9916992 0.12927246
vn 0.00041794777 -0.9916992 0.12927246
vn -0.0004172325 0.9916992 -0.12927246
vn -0.0004172325 0.9916992 -0.12927246
vn -0.30932617 0.9423828 -0.1282959
vn -0.30932617 0.9423828 -0.1282959
vn -0.5878906 0.80078125 -0.114746094
vn -0.5878906 0.80078125 -0.114746094
vn -0.80908203 0.5805664 -0.089904785
vn -0.80908203 0.5805664 -0.089904785
vn -0.9511719 0.30395508 -0.05630493
vn -0.9511719 0.30395508 -0.05630493
vn -1 -0.0026626587 -0.017196655
vn -1 -0.0026626587 -0.017196655
vn -0.9506836 -0.3088379 0.023605347
vn -0.9506836 -0.3088379 0.023605347
vn -0.80859375 -0.58496094 0.06210327
vn -0.80859375 -0.58496094 0.06210327
vn -0.58740234 -0.80371094 0.09448242
vn -0.58740234 -0.80371094 0.09448242
vn -0.30859375 -0.94384766 0.11767578
vn -0.30859375 -0.94384766 0.11767578
vn 0.00041794777 -0.9916992 0.12927246
vn 0.00041794777 -0.9916992 0.12927246
vn -0.29736328 -0.86572266 0.40283203
vn -0.004764557 -0.9086914 0.41796875
vn -0.004764557 -0.9086914 0.41796875
vn -0.30273438 -0.86376953 0.40234375
vn -0.56396484 -0.73828125 0.36914062
vn -0.5732422 -0.7324219 0.36767578
vn -0.7807617 -0.5371094 0.31958008
vn -0.7895508 -0.5253906 0.3166504
vn -0.92529297 -0.2783203 0.2578125
vn -0.93115234 -0.2619629 0.25390625
vn -0.9819336 0.014480591 0.1895752
vn -0.9819336 0.033203125 0.18530273
vn -0.94189453 0.31323242 0.12164307
vn -0.93652344 0.33032227 0.11779785
vn -0.8071289 0.58691406 0.060943604
vn -0.79785156 0.5996094 0.05819702
vn -0.59033203 0.8071289 0.01398468
vn -0.5810547 0.81396484 0.012588501
vn -0.31225586 0.94970703 -0.014076233
vn -0.30639648 0.95166016 -0.014404297
vn -0.0023155212 1 -0.020111084
vn -0.0023155212 1 -0.020111084
vn -0.004764557 -0.9086914 0.41796875
vn -0.004764557 -0.9086914 0.41796875
vn 0.29345703 -0.8623047 0.41259766
vn 0.2878418 -0.8642578 0.41308594
vn 0.56396484 -0.7294922 0.38720703
vn 0.5551758 -0.73535156 0.38842773
vn 0.78125 -0.5214844 0.34375
vn 0.77197266 -0.5332031 0.3461914
vn 0.92333984 -0.25683594 0.28564453
vn 0.91748047 -0.2734375 0.28930664
vn 0.97509766 0.03842163 0.21899414
vn 0.9746094 0.019683838 0.2232666
vn 0.9301758 0.33544922 0.14990234
vn 0.9355469 0.31811523 0.15393066
vn 0.79248047 0.6040039 0.08557129
vn 0.8017578 0.5913086 0.08862305
vn 0.5756836 0.81689453 0.032470703
vn 0.58496094 0.8105469 0.034179688
vn 0.3017578 0.9536133 -0.0039520264
vn 0.3076172 0.95166016 -0.003419876
vn -0.0023155212 1 -0.020111084
vn -0.0023155212 1 -0.020111084
vn 0.2927246 0.9560547 0.011199951
vn -0.017150879 0.9995117 0.017456055
vn -0.017150879 0.9995117 0.017456055
vn 0.2927246 0.9560547 0.011199951
vn 0.57373047 0.81884766 0.0038585663
vn 0.57373047 0.81884766 0.0038585663
vn 0.7988281 0.6015625 -0.003862381
vn 0.7988281 0.6015625 -0.003862381
vn 0.9453125 0.32543945 -0.011207581
vn 0.9453125 0.32543945 -0.011207581
vn 0.9995117 0.017456055 -0.017456055
vn 0.9995117 0.017456055 -0.017456055
vn 0.9560547 -0.29223633 -0.021987915
vn 0.9560547 -0.29223633 -0.021987915
vn 0.81884766 -0.57373047 -0.024368286
vn 0.81884766 -0.57373047 -0.024368286
vn 0.6015625 -0.79833984 -0.024368286
vn 0.6015625 -0.79833984 -0.024368286
vn 0.3251953 -0.9453125 -0.021987915
vn 0.3251953 -0.9453125 -0.021987915
vn 0.017150879 -0.9995117 -0.017456055
vn 0.017150879 -0.9995117 -0.017456055
vn -0.017150879 0.9995117 0.017456055
vn -0.017150879 0.9995117 0.017456055
vn -0.3251953 0.9453125 0.021987915
vn -0.3251953 0.9453125 0.021987915
vn -0.6015625 0.79833984 0.024368286
vn -0.6015625 0.79833984 0.024368286
vn -0.81884766 0.57373047 0.024383545
vn -0.81884766 0.57373047 0.024383545
vn -0.9560547 0.29223633 0.021987915
vn -0.9560547 0.29223633 0.021987915
vn -0.9995117 -0.017456055 0.017456055
vn -0.9995117 -0.017456055 0.017456055
vn -0.9453125 -0.32543945 0.011207581
vn -0.9453125 -0.32543945 0.011207581
vn -0.7988281 -0.6015625 0.003862381
vn -0.7988281 -0.6015625 0.003862381
vn -0.57373047 -0.81884766 -0.0038585663
vn -0.57373047 -0.81884766 -0.0038585663
vn -0.2927246 -0.9560547 -0.011199951
vn -0.2927246 -0.9560547 -0.011199951
vn 0.017150879 -0.9995117 -0.017456055
vn 0.017150879 -0.9995117 -0.017456055
vn -0.27172852 -0.9199219 0.28198242
vn 0.021652222 -0.95947266 0.28027344
vn 0.021652222 -0.95947266 0.28027344
vn -0.27734375 -0.91845703 0.28173828
vn -0.5410156 -0.7939453 0.27661133
vn -0.55029297 -0.78808594 0.27612305
vn -0.76171875 -0.5913086 0.2644043
vn -0.7709961 -0.57958984 0.26342773
vn -0.9116211 -0.32910156 0.24621582
vn -0.91796875 -0.31225586 0.24499512
vn -0.9741211 -0.03036499 0.22375488
vn -0.97509766 -0.011230469 0.22229004
vn -0.9404297 0.27563477 0.19897461
vn -0.9355469 0.29345703 0.19750977
vn -0.81152344 0.5576172 0.17443848
vn -0.8027344 0.5708008 0.17321777
vn -0.5986328 0.7861328 0.15258789
vn -0.58984375 0.79296875 0.15197754
vn -0.3239746 0.93603516 0.1361084
vn -0.31811523 0.9379883 0.13586426
vn -0.015098572 0.9916992 0.12670898
vn -0.015098572 0.9916992 0.12670898
vn 0.021652222 -0.95947266 0.28027344
vn 0.021652222 -0.95947266 0.28027344
vn 0.31884766 -0.9082031 0.27148438
vn 0.31347656 -0.91015625 0.27172852
vn 0.5864258 -0.7680664 0.25634766
vn 0.5776367 -0.77441406 0.25683594
vn 0.7993164 -0.5522461 0.23608398
vn 0.79052734 -0.5644531 0.23718262
vn 0.93603516 -0.27978516 0.21264648
vn 0.93066406 -0.296875 0.21411133
vn 0.9819336 0.022918701 0.18811035
vn 0.9819336 0.0037727356 0.1895752
vn 0.93066406 0.32592773 0.16491699
vn 0.93652344 0.3083496 0.16625977
vn 0.78759766 0.5986328 0.14538574
vn 0.796875 0.5859375 0.1463623
vn 0.56640625 0.81347656 0.13171387
vn 0.5761719 0.8066406 0.13208008
vn 0.28979492 0.94873047 0.12524414
vn 0.2956543 0.9472656 0.12536621
vn -0.015098572 0.9916992 0.12670898
vn -0.015098572 0.9916992 0.12670898
vn 0.7495117 -0.6621094 0
vn 0.7495117 -0.6621094 0
vn 0.7495117 -0.6621094 0
vn 0.7495117 -0.6621094 0
vn -0.7495117 -0.6621094 0
vn -0.7495117 -0.6621094 0
vn -0.7495117 -0.6621094 0
vn -0.7495117 -0.6621094 0
vn -0 0 1
vn -0 0 1
vn -0 0 1
vn -0 0 1
vn -0 0 1
vn -0 0 1
vn -0 0 1
vn -0 0 1
vn 0.63671875 0.7709961 -9.417534E-06
vn 0.5883789 0.80859375 -2.9802322E-07
vn 0.5883789 0.80859375 -2.9802322E-07
vn 0.63671875 0.7709961 -9.417534E-06
vn 0.7285156 0.6850586 -8.404255E-06
vn 0.7285156 0.6850586 -8.404255E-06
vn 0.7661133 0.6430664 2.9802322E-07
vn 0.7661133 0.6430664 2.9802322E-07
vn 1.1920929E-07 0 -1
vn -0 0 -1
vn -0 0 -1
vn -0 0 -1
vn 1.1920929E-07 0 -1
vn 1.1920929E-07 0 -1
vn -0 0 -1
vn -0 0 -1
vn -0.66796875 -0.7441406 0
vn -0.6152344 -0.78808594 0
vn -0.6152344 -0.78808594 0
vn -0.66796875 -0.7441406 0
vn -0.7583008 -0.65185547 0
vn -0.7583008 -0.65185547 0
vn -0.8071289 -0.59033203 0
vn -0.8071289 -0.59033203 0
vn 0.7583008 -0.65185547 0
vn 0.8071289 -0.59033203 0
vn 0.8071289 -0.59033203 0
vn 0.7583008 -0.65185547 0
vn 0.66796875 -0.7441406 0
vn 0.66796875 -0.7441406 0
vn 0.6152344 -0.78808594 0
vn 0.6152344 -0.78808594 0
vn -1.1920929E-07 0 -1
vn -0 0 -1
vn -0 0 -1
vn -1.1920929E-07 0 -1
vn -0 0 -1
vn -1.1920929E-07 0 -1
vn -0 0 -1
vn -0 0 -1
vn -0.7285156 0.6850586 -8.881092E-06
vn -0.7661133 0.6430664 -2.9802322E-07
vn -0.7661133 0.6430664 -2.9802322E-07
vn -0.7285156 0.6850586 -8.881092E-06
vn -0.63671875 0.7709961 -9.4771385E-06
vn -0.63671875 0.7709961 -9.4771385E-06
vn -0.5883789 0.80859375 0
vn -0.5883789 0.80859375 0
vn -0 0 1
vn -0 0 1
vn -0 0 1
vn -0 0 1
vn -0 0 1
vn -0 0 1
vn -0 0 1
vn -0 0 1
vn 0.060424805 0.03262329 0.9975586
vn 0.060424805 0.03262329 0.9975586
vn 0.060424805 0.03262329 0.9975586
vn 0.060424805 0.03262329 0.9975586
vn -0.02822876 0.99902344 -0.030944824
vn -0.02822876 0.99902344 -0.030944824
vn -0.02822876 0.99902344 -0.030944824
vn -0.02822876 0.99902344 -0.030944824
vn -0.060424805 -0.03262329 -0.9975586
vn -0.060424805 -0.03262329 -0.9975586
vn -0.060424805 -0.03262329 -0.9975586
vn -0.060424805 -0.03262329 -0.9975586
vn -0.0149383545 -0.9995117 0.033569336
vn -0.0149383545 -0.9995117 0.033569336
vn -0.0149383545 -0.9995117 0.033569336
vn -0.0149383545 -0.9995117 0.033569336
vn 0.9970703 -0.044677734 -0.05895996
vn 0.9970703 -0.044677734 -0.05895996
vn 0.9970703 -0.044677734 -0.05895996
vn 0.9970703 -0.044677734 -0.05895996
vn -0.9980469 -0.020202637 0.06109619
vn -0.9980469 -0.020202637 0.06109619
vn -0.9980469 -0.020202637 0.06109619
vn -0.9980469 -0.020202637 0.06109619
vn 0.020248413 0.99902344 -0.03387451
vn 0.020248413 0.99902344 -0.03387451
vn 0.020248413 0.99902344 -0.03387451
vn 0.020248413 0.99902344 -0.03387451
vn -0.99658203 0.058685303 0.058441162
vn -0.99658203 0.058685303 0.058441162
vn -0.99658203 0.058685303 0.058441162
vn -0.99658203 0.058685303 0.058441162
vn 0.03741455 -0.99902344 0.030380249
vn 0.03741455 -0.99902344 0.030380249
vn 0.03741455 -0.99902344 0.030380249
vn 0.03741455 -0.99902344 0.030380249
vn 0.9975586 0.027908325 -0.061340332
vn 0.9975586 0.027908325 -0.061340332
vn 0.9975586 0.027908325 -0.061340332
vn 0.9975586 0.027908325 -0.061340332
vn 0.123291016 -0.8129883 -0.56933594
vn 0.14331055 -0.9897461 0
vn -0.048217773 -0.99902344 -1.1920929E-07
vn -0.046813965 -0.8144531 -0.578125
vn 0.14196777 -0.4248047 -0.89404297
vn -0.053253174 -0.82128906 -0.5683594
vn -0.05392456 -0.99853516 0
vn -0.04623413 -0.42651367 -0.9033203
vn 0.14233398 0.17150879 -0.9746094
vn -0.078430176 -0.82958984 -0.5522461
vn -0.07220459 -0.9975586 0
vn -0.05291748 -0.43432617 -0.89941406
vn -0.04522705 0.15270996 -0.9873047
vn 0.13146973 0.57714844 -0.80615234
vn -0.084472656 -0.4416504 -0.8930664
vn -0.2878418 -0.796875 -0.53125
vn -0.27172852 -0.96240234 -7.1525574E-07
vn -0.7446289 -0.66748047 -2.3841858E-07
vn -0.046325684 0.13208008 -0.9902344
vn -0.045196533 0.5546875 -0.8305664
vn 0.12023926 0.890625 -0.4387207
vn -0.27026367 -0.46435547 -0.8432617
vn -0.20373535 0.1459961 -0.9682617
vn -0.52001953 -0.12243652 -0.84521484
vn -0.07525635 0.11273193 -0.99072266
vn -0.6982422 -0.50878906 -0.50341797
vn -0.9482422 0.023452759 -0.31689453
vn -1 0.019592285 0
vn -0.061828613 0.54052734 -0.8388672
vn -0.9477539 0.04345703 -0.3154297
vn -0.99902344 0.041168213 0
vn -0.9370117 0.3491211 0
vn -0.8876953 0.3388672 -0.31103516
vn -0.5834961 0.8120117 0
vn -0.80566406 0.053253174 -0.58984375
vn -0.81152344 0.037506104 -0.5830078
vn -0.041015625 0.54833984 -0.83496094
vn -0.5415039 0.7631836 -0.3527832
vn -0.74072266 0.30908203 -0.5961914
vn -0.46801758 0.05340576 -0.88183594
vn -0.48388672 0.05307007 -0.87353516
vn -0.18737793 0.045532227 -0.9814453
vn -0.19042969 0.9169922 -0.35009766
vn -0.20007324 0.97998047 0
vn -0.34326172 0.13378906 -0.9296875
vn -0.14660645 0.23583984 -0.9604492
vn -0.43847656 0.6044922 -0.66503906
vn -0.16418457 0.7475586 -0.6435547
vn -0.0025806427 0.9350586 -0.3544922
vn -0.003030777 1 0
vn 0.17077637 0.98535156 0
vn -0.006511688 0.7680664 -0.6401367
vn 0.15734863 0.9199219 -0.35864258
vn 0.38183594 0.9243164 0
vn -0.12371826 0.023910522 -0.9921875
vn -0.02722168 0.38452148 -0.92285156
vn 0.12005615 0.75439453 -0.6455078
vn 0.35058594 0.86083984 -0.36889648
vn -0.079833984 0.3408203 -0.93652344
vn 0.58740234 0.71875 -0.37182617
vn 0.63916016 0.76904297 1.1920929E-07
vn 0.7524414 0.54345703 -0.37231445
vn 0.8178711 0.5756836 2.3841858E-07
vn 0.8413086 0.38989258 -0.375
vn 0.91259766 0.4086914 0
vn 0.88378906 0.27563477 -0.3779297
vn 0.9580078 0.28686523 0
vn 0.9082031 0.17822266 -0.3791504
vn 0.98291016 0.18469238 0
vn 0.91748047 0.12054443 -0.37939453
vn 0.9921875 0.12597656 0
vn 0.8286133 0.51660156 -0.21606445
vn 0.8359375 0.5493164 -0.00042319298
vn -0.04220581 0.95410156 -0.29638672
vn 0.028274536 0.9995117 -0.024520874
vn -0.8911133 0.44580078 -0.08618164
vn 0.72265625 0.2775879 -0.6328125
vn 0.7363281 0.11022949 -0.66748047
vn 0.7265625 0.16418457 -0.66748047
vn 0.7026367 0.24816895 -0.6665039
vn 0.3540039 0.18969727 -0.9160156
vn 0.34155273 0.08392334 -0.93603516
vn -0.87060547 0.34838867 -0.34765625
vn -0.9873047 -0.04373169 -0.15209961
vn -0.15026855 0.13378906 -0.9794922
vn 0.328125 0.12207031 -0.93652344
vn 0.66552734 0.34057617 -0.6640625
vn -0.5854492 0.1282959 -0.80029297
vn -0.15808105 0.04232788 -0.9863281
vn 0.30615234 0.16601562 -0.9375
vn 0.59375 0.45874023 -0.6611328
vn -0.58447266 -0.00028038025 -0.81152344
vn -0.17565918 0.05154419 -0.98291016
vn 0.2836914 0.1986084 -0.9379883
vn 0.46142578 0.59228516 -0.66015625
vn -0.87402344 -0.031341553 -0.48486328
vn -0.19213867 0.033111572 -0.98095703
vn -0.5961914 -0.022567749 -0.8027344
vn -0.87597656 -0.07751465 -0.47558594
vn -0.9838867 -0.09954834 -0.14892578
vn 0.2512207 0.23693848 -0.93847656
vn 0.27124023 0.7026367 -0.65771484
vn -0.19116211 -0.019821167 -0.9814453
vn -0.5966797 -0.09802246 -0.7963867
vn -0.8618164 -0.19262695 -0.46899414
vn -0.96191406 -0.22998047 -0.14685059
vn 0.18774414 0.2902832 -0.93847656
vn 0.032348633 0.36450195 -0.93066406
vn -0.17248535 -0.079833984 -0.9819336
vn -0.56640625 -0.22033691 -0.7939453
vn -0.80859375 -0.36083984 -0.4645996
vn -0.8979492 -0.41503906 -0.14526367
vn 0.096191406 0.33398438 -0.9375
vn -0.064331055 -0.14892578 -0.9868164
vn -0.15344238 -0.11669922 -0.9814453
vn -0.5 -0.35131836 -0.7915039
vn -0.7089844 -0.5341797 -0.46020508
vn -0.78515625 -0.60253906 -0.14355469
vn -0.08227539 -0.16455078 -0.98291016
vn -0.124694824 -0.15124512 -0.98046875
vn -0.41674805 -0.45043945 -0.7895508
vn -0.5854492 -0.6694336 -0.45751953
vn -0.6464844 -0.7495117 -0.14367676
vn -0.29711914 -0.5385742 -0.7885742
vn -0.40966797 -0.7895508 -0.45654297
vn -0.4489746 -0.88134766 -0.14758301
vn -0.24108887 -0.95654297 -0.16394043
vn -0.22302246 -0.86621094 -0.44750977
vn -0.088134766 -0.9785156 -0.18652344
vn -0.17126465 -0.59277344 -0.7871094
vn -0.09112549 -0.9013672 -0.42333984
vn -0.017074585 -0.97998047 -0.19787598
vn -0.091430664 -0.61083984 -0.7866211
vn -0.02279663 -0.9121094 -0.40942383
vn -0.03845215 -0.11224365 -0.99316406
vn 0.009513855 -0.91064453 -0.41259766
vn 0.003528595 -0.9790039 -0.20349121
vn -0.029663086 -0.5854492 -0.8100586
vn 0.009727478 -0.5678711 -0.8232422
vn -0.019210815 -0.14038086 -0.9897461
vn -0 -0.9067383 -0.421875
vn -0 -0.9785156 -0.20666504
vn -0.003528595 -0.9790039 -0.20349121
vn -0 -0.57470703 -0.8183594
vn -0.009513855 -0.91064453 -0.41259766
vn 0.017074585 -0.97998047 -0.19787598
vn -0 -0.17114258 -0.98535156
vn -0 0.026367188 -0.9995117
vn -0.06726074 0.047821045 -0.99658203
vn -0.009727478 -0.5678711 -0.8232422
vn 0.02279663 -0.9121094 -0.40942383
vn -0 -0.013595581 -1
vn 0.019210815 -0.14038086 -0.9897461
vn 0.09112549 -0.9013672 -0.42333984
vn 0.088134766 -0.9785156 -0.18652344
vn 0.22302246 -0.86621094 -0.44750977
vn 0.24108887 -0.95654297 -0.16394043
vn 0.40966797 -0.7895508 -0.45654297
vn 0.4489746 -0.88134766 -0.14758301
vn 0.6464844 -0.7495117 -0.14367676
vn 0.5854492 -0.6694336 -0.45751953
vn 0.78515625 -0.60253906 -0.14355469
vn 0.29711914 -0.5385742 -0.7885742
vn 0.17126465 -0.59277344 -0.7871094
vn 0.091430664 -0.61083984 -0.7866211
vn 0.7089844 -0.5341797 -0.46020508
vn 0.8979492 -0.41503906 -0.14526367
vn 0.41674805 -0.45043945 -0.7895508
vn 0.124694824 -0.15124512 -0.98046875
vn 0.80859375 -0.36083984 -0.4645996
vn 0.96191406 -0.22998047 -0.14685059
vn 0.5 -0.35131836 -0.7915039
vn 0.8618164 -0.19262695 -0.46899414
vn 0.9838867 -0.09954834 -0.14892578
vn 0.029663086 -0.5854492 -0.8100586
vn 0.03845215 -0.11224365 -0.99316406
vn 0.15344238 -0.11669922 -0.9814453
vn 0.56640625 -0.22033691 -0.7939453
vn 0.87597656 -0.07751465 -0.47558594
vn 0.9873047 -0.04373169 -0.15209961
vn 0.17248535 -0.079833984 -0.9819336
vn 0.5966797 -0.09802246 -0.7963867
vn 0.19116211 -0.019821167 -0.9814453
vn -0.096191406 0.33398438 -0.9375
vn -0.18774414 0.2902832 -0.93847656
vn -0.2512207 0.23693848 -0.93847656
vn 0.08227539 -0.16455078 -0.98291016
vn 0.064331055 -0.14892578 -0.9868164
vn -0.032348633 0.36450195 -0.93066406
vn -0.27124023 0.7026367 -0.65771484
vn 0.079833984 0.3408203 -0.93652344
vn 0.14660645 0.23583984 -0.9604492
vn 0.02722168 0.38452148 -0.92285156
vn -0.46142578 0.59228516 -0.66015625
vn -0.12005615 0.75439453 -0.6455078
vn 0.16418457 0.7475586 -0.6435547
vn 0.06726074 0.047821045 -0.99658203
vn 0.12371826 0.023910522 -0.9921875
vn 0.18737793 0.045532227 -0.9814453
vn -0.35058594 0.86083984 -0.36889648
vn 0.006511688 0.7680664 -0.6401367
vn 0.34326172 0.13378906 -0.9296875
vn -0 0.04168701 -0.99902344
vn -0 0.052825928 -0.99853516
vn -0.15734863 0.9199219 -0.35864258
vn -0.19250488 0.054626465 -0.97998047
vn -0.18652344 0.20092773 -0.96191406
vn -0.36645508 0.10235596 -0.9248047
vn -0.23461914 0.2619629 -0.93603516
vn -0.12792969 0.38183594 -0.91552734
vn -0.118652344 0.6176758 -0.77734375
vn -0 0.23071289 -0.97314453
vn -0.124694824 0.5439453 -0.8300781
vn -0.06549072 0.9003906 -0.43066406
vn -0.04144287 0.87939453 -0.47460938
vn -0.03616333 0.87402344 -0.484375
vn -0.045776367 0.87939453 -0.4736328
vn 0.15100098 0.98876953 -7.748604E-07
vn -0.048309326 0.99902344 -1.1324883E-06
vn -0.033447266 0.9995117 -1.013279E-06
vn -0.027923584 0.9995117 -3.5762787E-07
vn -0.029281616 0.9995117 2.3841858E-07
vn -0.045410156 0.92822266 -0.36914062
vn -0.014045715 1 0
vn -0.0036754608 1 1.7881393E-07
vn -0.06341553 0.69091797 -0.72021484
vn -0.018493652 0.9472656 -0.32006836
vn -0 1 0
vn -0 0.95458984 -0.29833984
vn -0 0.42358398 -0.9057617
vn 0.018493652 0.9472656 -0.32006836
vn 0.0036754608 1 -1.7881393E-07
vn -0 0.7216797 -0.69189453
vn 0.06341553 0.69091797 -0.72021484
vn 0.045410156 0.92822266 -0.36914062
vn 0.014045715 1 0
vn 0.029281616 0.9995117 -2.3841858E-07
vn 0.12792969 0.38183594 -0.91552734
vn 0.118652344 0.6176758 -0.77734375
vn 0.06549072 0.9003906 -0.43066406
vn 0.18652344 0.20092773 -0.96191406
vn 0.04144287 0.87939453 -0.47460938
vn 0.027923584 0.9995117 3.5762787E-07
vn 0.23461914 0.2619629 -0.93603516
vn 0.20373535 0.1459961 -0.9682617
vn 0.52001953 -0.12243652 -0.84521484
vn 0.124694824 0.5439453 -0.8300781
vn 0.061828613 0.54052734 -0.8388672
vn 0.03616333 0.87402344 -0.484375
vn 0.033447266 0.9995117 1.013279E-06
vn 0.19250488 0.054626465 -0.97998047
vn 0.36645508 0.10235596 -0.9248047
vn 0.48388672 0.05307007 -0.87353516
vn 0.46801758 0.05340576 -0.88183594
vn 0.041015625 0.54833984 -0.83496094
vn 0.045776367 0.87939453 -0.4736328
vn 0.048309326 0.99902344 1.1324883E-06
vn -0.15100098 0.98876953 5.9604645E-07
vn -0.12023926 0.890625 -0.4387207
vn 0.045196533 0.5546875 -0.8305664
vn -0.13146973 0.57714844 -0.80615234
vn 0.04522705 0.15270996 -0.9873047
vn -0.14233398 0.17150879 -0.9746094
vn 0.046325684 0.13208008 -0.9902344
vn 0.04623413 -0.42651367 -0.9033203
vn -0.14196777 -0.4248047 -0.89404297
vn 0.07525635 0.11273193 -0.99072266
vn 0.05291748 -0.43432617 -0.89941406
vn 0.046813965 -0.8144531 -0.578125
vn -0.123291016 -0.8129883 -0.56933594
vn 0.084472656 -0.4416504 -0.8930664
vn 0.053253174 -0.82128906 -0.5683594
vn 0.048217773 -0.99902344 1.1920929E-07
vn -0.14331055 -0.9897461 0
vn 0.05392456 -0.99853516 0
vn 0.078430176 -0.82958984 -0.5522461
vn 0.07220459 -0.9975586 0
vn 0.27026367 -0.46435547 -0.8432617
vn 0.2878418 -0.796875 -0.53125
vn 0.27172852 -0.96240234 7.1525574E-07
vn 0.7446289 -0.66748047 2.3841858E-07
vn 0.6982422 -0.50878906 -0.50341797
vn 0.9482422 0.023452759 -0.31689453
vn 1 0.019592285 0
vn 0.81152344 0.037506104 -0.5830078
vn 0.9477539 0.04345703 -0.3154297
vn 0.99902344 0.041168213 0
vn 0.9370117 0.3491211 0
vn 0.80566406 0.053253174 -0.58984375
vn 0.8876953 0.3388672 -0.31103516
vn 0.5834961 0.8120117 0
vn 0.74072266 0.30908203 -0.5961914
vn 0.5415039 0.7631836 -0.3527832
vn 0.43847656 0.6044922 -0.66503906
vn 0.19042969 0.9169922 -0.35009766
vn 0.20007324 0.97998047 0
vn 0.0025806427 0.9350586 -0.3544922
vn 0.003030777 1 0
vn -0.17077637 0.98535156 0
vn -0.38183594 0.9243164 0
vn -0.58740234 0.71875 -0.37182617
vn -0.63916016 0.76904297 -1.1920929E-07
vn -0.7524414 0.54345703 -0.37231445
vn -0.8178711 0.5756836 -2.3841858E-07
vn -0.59375 0.45874023 -0.6611328
vn -0.8413086 0.38989258 -0.375
vn -0.91259766 0.4086914 0
vn -0.2836914 0.1986084 -0.9379883
vn -0.66552734 0.34057617 -0.6640625
vn -0.88378906 0.27563477 -0.3779297
vn -0.9580078 0.28686523 0
vn 0.19213867 0.033111572 -0.98095703
vn -0.7026367 0.24816895 -0.6665039
vn -0.30615234 0.16601562 -0.9375
vn -0.9082031 0.17822266 -0.3791504
vn -0.98291016 0.18469238 0
vn 0.5961914 -0.022567749 -0.8027344
vn 0.17565918 0.05154419 -0.98291016
vn -0.7265625 0.16418457 -0.66748047
vn -0.328125 0.12207031 -0.93652344
vn -0.91748047 0.12054443 -0.37939453
vn -0.9921875 0.12597656 0
vn 0.87402344 -0.031341553 -0.48486328
vn 0.58447266 -0.00028038025 -0.81152344
vn 0.87060547 0.34838867 -0.34765625
vn 0.8911133 0.44580078 -0.08618164
vn 0.04220581 0.95410156 -0.29638672
vn -0.028274536 0.9995117 -0.024520874
vn -0.8359375 0.5493164 -0.0004234314
vn -0.8286133 0.51660156 -0.21606445
vn -0.7363281 0.11022949 -0.66748047
vn -0.72265625 0.2775879 -0.6328125
vn 0.5854492 0.1282959 -0.80029297
vn -0.34155273 0.08392334 -0.93603516
vn -0.3540039 0.18969727 -0.9160156
vn 0.15026855 0.13378906 -0.9794922
vn 0.15808105 0.04232788 -0.9863281
vn 0.12023926 0.890625 -0.4387207
vn 0.15100098 0.98876953 -7.748604E-07
vn 0.6352539 0.77246094 -1.7881393E-07
vn 0.63378906 0.7270508 -0.26416016
vn 0.3798828 0.9248047 4.172325E-07
vn 0.13146973 0.57714844 -0.80615234
vn 0.37817383 0.87353516 -0.30566406
vn 0.04107666 0.99902344 1.7881393E-07
vn 0.62109375 0.6386719 -0.45361328
vn 0.040863037 0.9433594 -0.3293457
vn -0.28442383 0.9584961 -1.7881393E-07
vn 0.6479492 0.4189453 -0.63623047
vn 0.14233398 0.17150879 -0.9746094
vn 0.37646484 0.7548828 -0.5371094
vn -0.28271484 0.90527344 -0.3166504
vn -0.56884766 0.8227539 2.3841858E-07
vn 0.040649414 0.81396484 -0.57910156
vn 0.37646484 0.5410156 -0.7519531
vn 0.64501953 0.2199707 -0.7319336
vn -0.56640625 0.77783203 -0.27319336
vn -0.8144531 0.5805664 1.7881393E-07
vn -0.28076172 0.7817383 -0.5566406
vn 0.6225586 -0.07183838 -0.7792969
vn 0.14196777 -0.4248047 -0.89404297
vn 0.040618896 0.5830078 -0.81152344
vn 0.37524414 0.23364258 -0.89697266
vn -0.7998047 0.5673828 -0.19604492
vn -0.94140625 0.33789062 0
vn 0.6489258 -0.3310547 -0.6845703
vn 0.123291016 -0.8129883 -0.56933594
vn -0.56347656 0.67285156 -0.47924805
vn 0.37475586 -0.07885742 -0.9238281
vn -0.28125 0.5600586 -0.7792969
vn 0.04046631 0.25219727 -0.9667969
vn -0.9448242 0.28198242 -0.16674805
vn -1 -0.0038013458 1.1920929E-07
vn -0.8071289 0.47387695 -0.35180664
vn -0.56396484 0.48217773 -0.67041016
vn -0.2800293 0.24194336 -0.9291992
vn 0.040374756 -0.08514404 -0.99560547
vn -0.8041992 0.35620117 -0.4753418
vn -0.5620117 0.20800781 -0.80078125
vn -0.94677734 0.13024902 -0.2944336
vn 0.37695312 -0.39282227 -0.8388672
vn -0.27954102 -0.081726074 -0.95654297
vn -0.8046875 0.13708496 -0.5776367
vn -0.56103516 -0.070129395 -0.82470703
vn 0.040649414 -0.4243164 -0.90478516
vn 0.6381836 -0.57177734 -0.515625
vn -0.8046875 -0.037475586 -0.59228516
vn -0.94677734 -0.084106445 -0.3100586
vn -0.28173828 -0.40722656 -0.86865234
vn 0.37548828 -0.703125 -0.6035156
vn 0.62060547 -0.7270508 -0.29370117
vn 0.14331055 -0.9897461 0
vn 0.6411133 -0.7675781 0
vn 0.37109375 -0.85791016 -0.35473633
vn 0.37548828 -0.9267578 0
vn 0.04043579 -0.7573242 -0.65185547
vn 0.039978027 -0.92333984 -0.3815918
vn 0.040374756 -0.99902344 0
vn -0.5644531 -0.34960938 -0.7480469
vn -0.28076172 -0.72802734 -0.6254883
vn -0.2758789 -0.8881836 -0.3671875
vn -0.28125 -0.95947266 2.9802322E-07
vn -0.80810547 -0.2619629 -0.52734375
vn -0.5625 -0.62841797 -0.5371094
vn -0.55566406 -0.7680664 -0.3178711
vn -0.5629883 -0.82666016 5.364418E-07
vn -0.80615234 -0.4411621 -0.3942871
vn -0.7919922 -0.5654297 -0.23132324
vn -0.8051758 -0.59277344 3.5762787E-07
vn -0.94384766 -0.2668457 -0.19543457
vn -0.9379883 -0.3461914 0
vn -0.123291016 -0.8129883 -0.56933594
vn -0.14331055 -0.9897461 0
vn -0.6411133 -0.7675781 0
vn -0.62060547 -0.7270508 -0.29370117
vn -0.37548828 -0.9267578 0
vn -0.6381836 -0.57177734 -0.515625
vn -0.14196777 -0.4248047 -0.89404297
vn -0.37109375 -0.85791016 -0.35473633
vn -0.040374756 -0.99902344 0
vn -0.6489258 -0.3310547 -0.6845703
vn -0.14233398 0.17150879 -0.9746094
vn -0.37548828 -0.703125 -0.6035156
vn -0.039978027 -0.92333984 -0.3815918
vn 0.28125 -0.95947266 2.9802322E-07
vn 0.2758789 -0.8881836 -0.3671875
vn 0.5629883 -0.82666016 5.364418E-07
vn -0.04043579 -0.7573242 -0.65185547
vn -0.37695312 -0.39282227 -0.8388672
vn -0.6225586 -0.07183838 -0.7792969
vn 0.55566406 -0.7680664 -0.3178711
vn 0.8051758 -0.59277344 2.9802322E-07
vn 0.28076172 -0.72802734 -0.6254883
vn -0.64501953 0.2199707 -0.7319336
vn -0.13146973 0.57714844 -0.80615234
vn -0.37475586 -0.07885742 -0.9238281
vn -0.040649414 -0.4243164 -0.90478516
vn 0.7919922 -0.5654297 -0.23132324
vn 0.9379883 -0.3461914 -1.7881393E-07
vn 0.5625 -0.62841797 -0.5371094
vn 0.28173828 -0.40722656 -0.86865234
vn -0.040374756 -0.08514404 -0.99560547
vn -0.37524414 0.23364258 -0.89697266
vn 0.94384766 -0.2668457 -0.19543457
vn 1 -0.0038013458 -1.1920929E-07
vn 0.80615234 -0.4411621 -0.3942871
vn 0.5644531 -0.34960938 -0.7480469
vn 0.27954102 -0.081726074 -0.95654297
vn 0.80810547 -0.2619629 -0.52734375
vn -0.6479492 0.4189453 -0.63623047
vn -0.04046631 0.25219727 -0.9667969
vn 0.56103516 -0.070129395 -0.82470703
vn 0.94677734 -0.084106445 -0.3100586
vn -0.62109375 0.6386719 -0.45361328
vn -0.12023926 0.890625 -0.4387207
vn -0.37646484 0.5410156 -0.7519531
vn 0.2800293 0.24194336 -0.9291992
vn 0.8046875 -0.037475586 -0.59228516
vn -0.63378906 0.7270508 -0.26416016
vn -0.15100098 0.98876953 5.9604645E-07
vn -0.6352539 0.77246094 -1.1920929E-07
vn -0.37646484 0.7548828 -0.5371094
vn -0.040618896 0.5830078 -0.81152344
vn -0.37817383 0.87353516 -0.30566406
vn -0.3798828 0.9248047 -4.7683716E-07
vn 0.5620117 0.20800781 -0.80078125
vn 0.8046875 0.13708496 -0.5776367
vn 0.28125 0.5600586 -0.7792969
vn -0.040618896 0.81396484 -0.57910156
vn -0.04083252 0.9433594 -0.3293457
vn -0.04107666 0.99902344 -6.556511E-07
vn 0.56396484 0.48217773 -0.67041016
vn 0.28076172 0.7817383 -0.5566406
vn 0.28271484 0.90527344 -0.3166504
vn 0.28442383 0.9584961 -1.7881393E-07
vn 0.56347656 0.67285156 -0.47924805
vn 0.56591797 0.77783203 -0.27319336
vn 0.56884766 0.8227539 1.7881393E-07
vn 0.8041992 0.35620117 -0.4753418
vn 0.8071289 0.47387695 -0.35180664
vn 0.7998047 0.5673828 -0.19604492
vn 0.8144531 0.5805664 1.1920929E-07
vn 0.94677734 0.13024902 -0.2944336
vn 0.9448242 0.28198242 -0.16674805
vn 0.94140625 0.33789062 -2.9802322E-07
vn 0.123291016 -0.8129883 0.56933594
vn -0.048217773 -0.99902344 -1.1920929E-07
vn 0.14331055 -0.9897461 0
vn -0.046813965 -0.8144531 0.578125
vn 0.14196777 -0.4248047 0.89404297
vn -0.053253174 -0.82128906 0.5683594
vn -0.05392456 -0.99853516 0
vn -0.04623413 -0.42651367 0.9033203
vn 0.14233398 0.17150879 0.9746094
vn -0.078430176 -0.82958984 0.5522461
vn -0.07220459 -0.9975586 0
vn -0.05291748 -0.43432617 0.89941406
vn -0.04522705 0.15270996 0.9873047
vn 0.13146973 0.57714844 0.80615234
vn -0.084472656 -0.4416504 0.8930664
vn -0.2878418 -0.796875 0.53125
vn -0.27172852 -0.96240234 -7.1525574E-07
vn -0.7446289 -0.66748047 -2.3841858E-07
vn -0.046325684 0.13208008 0.9902344
vn -0.045196533 0.5546875 0.8305664
vn 0.12023926 0.890625 0.4387207
vn -0.27026367 -0.46435547 0.8432617
vn -0.20373535 0.1459961 0.9682617
vn -0.52001953 -0.12243652 0.84521484
vn -0.07525635 0.11273193 0.99072266
vn -0.6982422 -0.50878906 0.50341797
vn -0.9482422 0.023452759 0.31689453
vn -1 0.019592285 0
vn -0.061828613 0.54052734 0.8388672
vn -0.9477539 0.04345703 0.3154297
vn -0.99902344 0.041168213 0
vn -0.9370117 0.3491211 0
vn -0.8876953 0.3388672 0.31103516
vn -0.5834961 0.8120117 0
vn -0.80566406 0.053253174 0.58984375
vn -0.81152344 0.037506104 0.5830078
vn -0.041015625 0.54833984 0.83496094
vn -0.5415039 0.7631836 0.3527832
vn -0.74072266 0.30908203 0.5961914
vn -0.46801758 0.05340576 0.88183594
vn -0.48388672 0.05307007 0.87353516
vn -0.18737793 0.045532227 0.9814453
vn -0.19042969 0.9169922 0.35009766
vn -0.20007324 0.97998047 0
vn -0.34326172 0.13378906 0.9296875
vn -0.14660645 0.23583984 0.9604492
vn -0.43847656 0.6044922 0.66503906
vn -0.16418457 0.7475586 0.6435547
vn -0.0025806427 0.9350586 0.3544922
vn -0.003030777 1 0
vn 0.17077637 0.98535156 0
vn -0.006511688 0.7680664 0.6401367
vn 0.15734863 0.9199219 0.35864258
vn 0.38183594 0.9243164 0
vn -0.12371826 0.023910522 0.9921875
vn -0.02722168 0.38452148 0.92285156
vn 0.12005615 0.75439453 0.6455078
vn 0.35058594 0.86083984 0.36889648
vn -0.079833984 0.3408203 0.93652344
vn 0.58740234 0.71875 0.37182617
vn 0.63916016 0.76904297 1.1920929E-07
vn 0.7524414 0.54345703 0.37231445
vn 0.8178711 0.5756836 2.3841858E-07
vn 0.8413086 0.38989258 0.375
vn 0.91259766 0.4086914 0
vn 0.88378906 0.27563477 0.3779297
vn 0.9580078 0.28686523 0
vn 0.9082031 0.17822266 0.3791504
vn 0.98291016 0.18469238 0
vn 0.91748047 0.12054443 0.37939453
vn 0.9921875 0.12597656 0
vn 0.8286133 0.5180664 0.2121582
vn 0.8359375 0.5493164 -0.00042319298
vn 0.07574463 0.95458984 0.28808594
vn 0.028274536 0.9995117 -0.024520874
vn -0.8911133 0.44580078 -0.08618164
vn 0.7260742 0.26611328 0.63378906
vn 0.7363281 0.11022949 0.66748047
vn 0.7265625 0.16418457 0.66748047
vn 0.7026367 0.24816895 0.6665039
vn 0.35668945 0.17260742 0.91796875
vn 0.34155273 0.08392334 0.93603516
vn 0.66552734 0.34057617 0.6640625
vn 0.328125 0.12207031 0.93652344
vn -0.124816895 0.11651611 0.98535156
vn -0.1315918 0.04473877 0.9902344
vn 0.30615234 0.16601562 0.9375
vn 0.59375 0.45874023 0.6611328
vn -0.5878906 0.11669922 0.80029297
vn -0.14916992 0.055725098 0.9873047
vn 0.2836914 0.1986084 0.9379883
vn 0.46142578 0.59228516 0.66015625
vn -0.58496094 -0.00012862682 0.81103516
vn -0.79833984 0.1328125 0.58740234
vn -0.1661377 0.04071045 0.98535156
vn 0.2512207 0.23693848 0.93847656
vn 0.27124023 0.7026367 0.65771484
vn -0.59716797 -0.022384644 0.8017578
vn -0.16662598 -0.0076408386 0.98583984
vn 0.18774414 0.2902832 0.93847656
vn 0.032348633 0.36450195 0.93066406
vn -0.7998047 -0.024276733 0.5996094
vn -0.59765625 -0.09777832 0.79589844
vn -0.15063477 -0.062561035 0.9868164
vn 0.096191406 0.33398438 0.9375
vn -0.05819702 0.10083008 0.99316406
vn -0.8041992 -0.06488037 0.5908203
vn -0.9584961 -0.040496826 0.28295898
vn -0.5673828 -0.22045898 0.79345703
vn -0.1373291 -0.07525635 0.98779297
vn -0.072021484 0.028915405 0.9970703
vn -0.79296875 -0.17016602 0.58496094
vn -0.50097656 -0.3515625 0.79052734
vn -0.109802246 -0.044189453 0.99316406
vn -0.95654297 -0.093933105 0.27685547
vn -0.7446289 -0.32617188 0.58203125
vn -0.4375 -0.41479492 0.79785156
vn -0.93652344 -0.22058105 0.2722168
vn -0.6538086 -0.48779297 0.5786133
vn -0.8754883 -0.40185547 0.2685547
vn -0.9838867 -0.09954834 -0.14892578
vn -0.96191406 -0.22998047 -0.14685059
vn -0.9873047 -0.04373169 -0.15209961
vn -0.8979492 -0.41503906 -0.14526367
vn -0.765625 -0.5859375 0.26513672
vn -0.78515625 -0.60253906 -0.14355469
vn -0.8769531 0.45629883 0.1496582
vn -0.5732422 -0.58935547 0.56933594
vn -0.64453125 -0.72558594 0.24084473
vn -0.6464844 -0.7495117 -0.14367676
vn -0.33398438 -0.40771484 0.85009766
vn -0.46655273 -0.8618164 0.1977539
vn -0.4489746 -0.88134766 -0.14758301
vn -0.45336914 -0.67529297 0.58203125
vn -0.28320312 -0.9511719 0.12188721
vn -0.24108887 -0.95654297 -0.16394043
vn -0.21875 -0.3083496 0.92578125
vn -0.31982422 -0.7260742 0.60839844
vn -0.123046875 -0.99121094 0.052581787
vn -0.088134766 -0.9785156 -0.18652344
vn -0.11279297 -0.18688965 0.9760742
vn -0.15917969 -0.73046875 0.6640625
vn -0.02507019 -0.9995117 0.0060043335
vn -0.017074585 -0.97998047 -0.19787598
vn -0.041259766 0.11682129 0.9921875
vn -0.035064697 -0.72314453 0.6899414
vn 0.0041542053 -1 0.00027918816
vn 0.003528595 -0.9790039 -0.20349121
vn -0.027526855 0.072265625 0.9970703
vn -0.031707764 -0.13549805 0.9902344
vn -0.0009627342 -0.13391113 0.99121094
vn 0.007167816 -0.7104492 0.7036133
vn -0 -1 0.004711151
vn -0 -0.9785156 -0.20666504
vn -0.003528595 -0.9790039 -0.20349121
vn -0 -0.7128906 0.7011719
vn -0 -0.14831543 0.98876953
vn -0.0041542053 -1 0.00027918816
vn 0.017074585 -0.97998047 -0.19787598
vn -0.007167816 -0.7104492 0.7036133
vn -0 0.034301758 0.9995117
vn -0 0.026367188 0.9995117
vn 0.0009627342 -0.13391113 0.99121094
vn 0.035064697 -0.72314453 0.6899414
vn 0.02507019 -0.9995117 0.0060043335
vn 0.123046875 -0.99121094 0.052581787
vn 0.088134766 -0.9785156 -0.18652344
vn -0.06726074 0.047821045 0.99658203
vn 0.027526855 0.072265625 0.9970703
vn 0.15917969 -0.73046875 0.6640625
vn 0.28320312 -0.9511719 0.12188721
vn 0.24108887 -0.95654297 -0.16394043
vn -0 -0.013595581 1
vn 0.31982422 -0.7260742 0.60839844
vn 0.46655273 -0.8618164 0.1977539
vn 0.4489746 -0.88134766 -0.14758301
vn 0.45336914 -0.67529297 0.58203125
vn 0.64453125 -0.72558594 0.24084473
vn 0.6464844 -0.7495117 -0.14367676
vn 0.765625 -0.5859375 0.26513672
vn 0.78515625 -0.60253906 -0.14355469
vn 0.5732422 -0.58935547 0.56933594
vn 0.33398438 -0.40771484 0.85009766
vn 0.21875 -0.3083496 0.92578125
vn 0.8754883 -0.40185547 0.2685547
vn 0.8979492 -0.41503906 -0.14526367
vn 0.6538086 -0.48779297 0.5786133
vn 0.4375 -0.41479492 0.79785156
vn 0.93652344 -0.22058105 0.2722168
vn 0.96191406 -0.22998047 -0.14685059
vn 0.7446289 -0.32617188 0.58203125
vn 0.95654297 -0.093933105 0.27685547
vn 0.9838867 -0.09954834 -0.14892578
vn 0.11279297 -0.18688965 0.9760742
vn 0.109802246 -0.044189453 0.99316406
vn 0.50097656 -0.3515625 0.79052734
vn 0.79296875 -0.17016602 0.58496094
vn 0.9584961 -0.040496826 0.28295898
vn 0.9873047 -0.04373169 -0.15209961
vn 0.031707764 -0.13549805 0.9902344
vn 0.041259766 0.11682129 0.9921875
vn 0.1373291 -0.07525635 0.98779297
vn 0.8041992 -0.06488037 0.5908203
vn 0.8769531 0.45629883 0.1496582
vn 0.8911133 0.44580078 -0.08618164
vn -0.07574463 0.95458984 0.28808594
vn -0.028274536 0.9995117 -0.024520874
vn -0.8359375 0.5493164 -0.0004234314
vn 0.79833984 0.1328125 0.58740234
vn 0.7998047 -0.024276733 0.5996094
vn -0.8286133 0.5180664 0.2121582
vn -0.9921875 0.12597656 0
vn -0.91748047 0.12054443 0.37939453
vn -0.98291016 0.18469238 0
vn -0.7260742 0.26611328 0.63378906
vn -0.9082031 0.17822266 0.3791504
vn -0.9580078 0.28686523 0
vn -0.7363281 0.11022949 0.66748047
vn -0.88378906 0.27563477 0.3779297
vn -0.91259766 0.4086914 0
vn -0.35668945 0.17260742 0.91796875
vn -0.7265625 0.16418457 0.66748047
vn -0.8413086 0.38989258 0.375
vn -0.8178711 0.5756836 -2.3841858E-07
vn -0.34155273 0.08392334 0.93603516
vn 0.124816895 0.11651611 0.98535156
vn -0.7026367 0.24816895 0.6665039
vn -0.7524414 0.54345703 0.37231445
vn -0.63916016 0.76904297 -1.1920929E-07
vn 0.5878906 0.11669922 0.80029297
vn -0.328125 0.12207031 0.93652344
vn 0.1315918 0.04473877 0.9902344
vn 0.58496094 -0.00012862682 0.81103516
vn -0.66552734 0.34057617 0.6640625
vn -0.58740234 0.71875 0.37182617
vn -0.38183594 0.9243164 0
vn -0.30615234 0.16601562 0.9375
vn 0.14916992 0.055725098 0.9873047
vn 0.59716797 -0.022369385 0.8017578
vn -0.59375 0.45874023 0.6611328
vn -0.2836914 0.1986084 0.9379883
vn 0.1661377 0.04071045 0.98535156
vn 0.59765625 -0.09777832 0.79589844
vn 0.16662598 -0.0076408386 0.98583984
vn 0.5673828 -0.22045898 0.79345703
vn 0.15063477 -0.062561035 0.9868164
vn -0.2512207 0.23693848 0.93847656
vn -0.18774414 0.2902832 0.93847656
vn -0.46142578 0.59228516 0.66015625
vn -0.096191406 0.33398438 0.9375
vn -0.35058594 0.86083984 0.36889648
vn -0.27124023 0.7026367 0.65771484
vn 0.072021484 0.028915405 0.9970703
vn -0.15734863 0.9199219 0.35864258
vn -0.17077637 0.98535156 0
vn -0.12005615 0.75439453 0.6455078
vn -0.032348633 0.36450195 0.93066406
vn 0.05819702 0.10083008 0.99316406
vn 0.0025806427 0.9350586 0.3544922
vn 0.003030777 1 0
vn 0.20007324 0.97998047 0
vn 0.006511688 0.7680664 0.6401367
vn 0.02722168 0.38452148 0.92285156
vn 0.079833984 0.3408203 0.93652344
vn 0.14660645 0.23583984 0.9604492
vn 0.19042969 0.9169922 0.35009766
vn 0.5834961 0.8120117 0
vn 0.16418457 0.7475586 0.6435547
vn 0.5415039 0.7631836 0.3527832
vn 0.06726074 0.047821045 0.99658203
vn 0.12371826 0.023910522 0.9921875
vn 0.18737793 0.045532227 0.9814453
vn 0.8876953 0.3388672 0.31103516
vn 0.9370117 0.3491211 0
vn 0.43847656 0.6044922 0.66503906
vn 0.74072266 0.30908203 0.5961914
vn 0.34326172 0.13378906 0.9296875
vn 0.9477539 0.04345703 0.3154297
vn 0.99902344 0.041168213 0
vn 1 0.019592285 0
vn 0.46801758 0.05340576 0.88183594
vn 0.80566406 0.053253174 0.58984375
vn 0.9482422 0.023452759 0.31689453
vn 0.7446289 -0.66748047 2.3841858E-07
vn 0.81152344 0.037506104 0.5830078
vn 0.52001953 -0.12243652 0.84521484
vn 0.48388672 0.05307007 0.87353516
vn 0.6982422 -0.50878906 0.50341797
vn 0.2878418 -0.796875 0.53125
vn 0.27172852 -0.96240234 7.1525574E-07
vn 0.07220459 -0.9975586 0
vn 0.27026367 -0.46435547 0.8432617
vn 0.20373535 0.1459961 0.9682617
vn 0.078430176 -0.82958984 0.5522461
vn 0.05392456 -0.99853516 0
vn 0.084472656 -0.4416504 0.8930664
vn 0.053253174 -0.82128906 0.5683594
vn 0.048217773 -0.99902344 1.1920929E-07
vn 0.05291748 -0.43432617 0.89941406
vn 0.046813965 -0.8144531 0.578125
vn -0.123291016 -0.8129883 0.56933594
vn -0.14331055 -0.9897461 0
vn -0.14196777 -0.4248047 0.89404297
vn 0.04623413 -0.42651367 0.9033203
vn -0.14233398 0.17150879 0.9746094
vn 0.07525635 0.11273193 0.99072266
vn 0.04522705 0.15270996 0.9873047
vn -0.13146973 0.57714844 0.80615234
vn 0.046325684 0.13208008 0.9902344
vn 0.045196533 0.5546875 0.8305664
vn -0.12023926 0.890625 0.4387207
vn 0.061828613 0.54052734 0.8388672
vn 0.041015625 0.54833984 0.83496094
vn 0.045776367 0.87939453 0.4736328
vn -0.15100098 0.98876953 5.9604645E-07
vn 0.048309326 0.99902344 1.1324883E-06
vn 0.033447266 0.9995117 1.013279E-06
vn 0.03616333 0.87402344 0.484375
vn 0.027923584 0.9995117 3.5762787E-07
vn 0.04144287 0.87939453 0.47460938
vn 0.029281616 0.9995117 -2.3841858E-07
vn 0.06549072 0.9003906 0.43066406
vn 0.124694824 0.5439453 0.8300781
vn 0.045410156 0.92822266 0.36914062
vn 0.014045715 1 0
vn 0.0036754608 1 -1.7881393E-07
vn 0.118652344 0.6176758 0.77734375
vn 0.018493652 0.9472656 0.32006836
vn -0 1 0
vn 0.06341553 0.69091797 0.72021484
vn 0.23461914 0.2619629 0.93603516
vn -0 0.95458984 0.29833984
vn 0.12792969 0.38183594 0.91552734
vn 0.36645508 0.10235596 0.9248047
vn 0.18652344 0.20092773 0.96191406
vn -0.018493652 0.9472656 0.32006836
vn -0.0036754608 1 1.7881393E-07
vn -0.045410156 0.92822266 0.36914062
vn -0.014045715 1 0
vn -0.029281616 0.9995117 2.3841858E-07
vn -0.06341553 0.69091797 0.72021484
vn -0 0.7216797 0.69189453
vn -0 0.42358398 0.9057617
vn -0 0.23071289 0.97314453
vn -0 0.052825928 0.99853516
vn -0.12792969 0.38183594 0.91552734
vn -0.118652344 0.6176758 0.77734375
vn -0.06549072 0.9003906 0.43066406
vn -0.18652344 0.20092773 0.96191406
vn 0.19250488 0.054626465 0.97998047
vn -0.04144287 0.87939453 0.47460938
vn -0.027923584 0.9995117 -3.5762787E-07
vn -0.23461914 0.2619629 0.93603516
vn -0 0.04168701 0.99902344
vn -0.19250488 0.054626465 0.97998047
vn -0.36645508 0.10235596 0.9248047
vn -0.124694824 0.5439453 0.8300781
vn -0.03616333 0.87402344 0.484375
vn -0.033447266 0.9995117 -1.013279E-06
vn -0.045776367 0.87939453 0.4736328
vn -0.048309326 0.99902344 -1.1324883E-06
vn 0.15100098 0.98876953 -7.748604E-07
vn 0.12023926 0.890625 0.4387207
vn 0.6352539 0.77246094 -1.7881393E-07
vn 0.15100098 0.98876953 -7.748604E-07
vn 0.63378906 0.7270508 0.26416016
vn 0.3798828 0.9248047 4.172325E-07
vn 0.13146973 0.57714844 0.80615234
vn 0.37817383 0.87353516 0.30566406
vn 0.04107666 0.99902344 1.7881393E-07
vn 0.62109375 0.6386719 0.45361328
vn 0.040863037 0.9433594 0.3293457
vn -0.28442383 0.9584961 -1.7881393E-07
vn 0.6479492 0.4189453 0.63623047
vn 0.14233398 0.17150879 0.9746094
vn 0.37646484 0.7548828 0.5371094
vn -0.28271484 0.90527344 0.3166504
vn -0.56884766 0.8227539 2.3841858E-07
vn 0.040649414 0.81396484 0.57910156
vn 0.37646484 0.5410156 0.7519531
vn 0.64501953 0.2199707 0.7319336
vn -0.56640625 0.77783203 0.27319336
vn -0.8144531 0.5805664 1.7881393E-07
vn -0.28076172 0.7817383 0.5566406
vn 0.6225586 -0.07183838 0.7792969
vn 0.14196777 -0.4248047 0.89404297
vn 0.040618896 0.5830078 0.81152344
vn 0.37524414 0.23364258 0.89697266
vn -0.7998047 0.5673828 0.19604492
vn -0.94140625 0.33789062 0
vn 0.6489258 -0.3310547 0.6845703
vn 0.123291016 -0.8129883 0.56933594
vn -0.56347656 0.67285156 0.47924805
vn 0.37475586 -0.07885742 0.9238281
vn -0.28125 0.5600586 0.7792969
vn 0.04046631 0.25219727 0.9667969
vn -0.9448242 0.28198242 0.16674805
vn -1 -0.0038013458 1.1920929E-07
vn -0.8071289 0.47387695 0.35180664
vn -0.56396484 0.48217773 0.67041016
vn -0.2800293 0.24194336 0.9291992
vn 0.040374756 -0.08514404 0.99560547
vn -0.8041992 0.35620117 0.4753418
vn -0.5620117 0.20800781 0.80078125
vn -0.94677734 0.13024902 0.2944336
vn 0.37695312 -0.39282227 0.8388672
vn -0.27954102 -0.081726074 0.95654297
vn -0.8046875 0.13708496 0.5776367
vn -0.56103516 -0.070129395 0.82470703
vn 0.040649414 -0.4243164 0.90478516
vn 0.6381836 -0.57177734 0.515625
vn -0.8046875 -0.037475586 0.59228516
vn -0.94677734 -0.084106445 0.3100586
vn -0.28173828 -0.40722656 0.86865234
vn 0.37548828 -0.703125 0.6035156
vn 0.62060547 -0.7270508 0.29370117
vn 0.14331055 -0.9897461 0
vn 0.6411133 -0.7675781 0
vn 0.37109375 -0.85791016 0.35473633
vn 0.37548828 -0.9267578 0
vn 0.04043579 -0.7573242 0.65185547
vn 0.039978027 -0.92333984 0.3815918
vn 0.040374756 -0.99902344 0
vn -0.5644531 -0.34960938 0.7480469
vn -0.28076172 -0.72802734 0.6254883
vn -0.2758789 -0.8881836 0.3671875
vn -0.28125 -0.95947266 2.9802322E-07
vn -0.80810547 -0.2619629 0.52734375
vn -0.5625 -0.62841797 0.5371094
vn -0.55566406 -0.7680664 0.3178711
vn -0.5629883 -0.82666016 5.364418E-07
vn -0.80615234 -0.4411621 0.3942871
vn -0.7919922 -0.5654297 0.23132324
vn -0.8051758 -0.59277344 3.5762787E-07
vn -0.94384766 -0.2668457 0.19543457
vn -0.9379883 -0.3461914 0
vn -0.123291016 -0.8129883 0.56933594
vn -0.6411133 -0.7675781 0
vn -0.14331055 -0.9897461 0
vn -0.62060547 -0.7270508 0.29370117
vn -0.37548828 -0.9267578 0
vn -0.6381836 -0.57177734 0.515625
vn -0.14196777 -0.4248047 0.89404297
vn -0.37109375 -0.85791016 0.35473633
vn -0.040374756 -0.99902344 0
vn -0.6489258 -0.3310547 0.6845703
vn -0.14233398 0.17150879 0.9746094
vn -0.37548828 -0.703125 0.6035156
vn -0.039978027 -0.92333984 0.3815918
vn 0.28125 -0.95947266 2.9802322E-07
vn 0.2758789 -0.8881836 0.3671875
vn 0.5629883 -0.82666016 5.364418E-07
vn -0.04043579 -0.7573242 0.65185547
vn -0.37695312 -0.39282227 0.8388672
vn -0.6225586 -0.07183838 0.7792969
vn 0.55566406 -0.7680664 0.3178711
vn 0.8051758 -0.59277344 2.9802322E-07
vn 0.28076172 -0.72802734 0.6254883
vn -0.64501953 0.2199707 0.7319336
vn -0.13146973 0.57714844 0.80615234
vn -0.37475586 -0.07885742 0.9238281
vn -0.040649414 -0.4243164 0.90478516
vn 0.7919922 -0.5654297 0.23132324
vn 0.9379883 -0.3461914 -1.7881393E-07
vn 0.5625 -0.62841797 0.5371094
vn 0.28173828 -0.40722656 0.86865234
vn -0.040374756 -0.08514404 0.99560547
vn -0.37524414 0.23364258 0.89697266
vn 0.94384766 -0.2668457 0.19543457
vn 1 -0.0038013458 -1.1920929E-07
vn 0.80615234 -0.4411621 0.3942871
vn 0.5644531 -0.34960938 0.7480469
vn 0.27954102 -0.081726074 0.95654297
vn 0.80810547 -0.2619629 0.52734375
vn -0.6479492 0.4189453 0.63623047
vn -0.04046631 0.25219727 0.9667969
vn 0.56103516 -0.070129395 0.82470703
vn 0.94677734 -0.084106445 0.3100586
vn -0.62109375 0.6386719 0.45361328
vn -0.12023926 0.890625 0.4387207
vn -0.37646484 0.5410156 0.7519531
vn 0.2800293 0.24194336 0.9291992
vn 0.8046875 -0.037475586 0.59228516
vn -0.63378906 0.7270508 0.26416016
vn -0.15100098 0.98876953 5.9604645E-07
vn -0.6352539 0.77246094 -1.1920929E-07
vn -0.37646484 0.7548828 0.5371094
vn -0.040618896 0.5830078 0.81152344
vn -0.37817383 0.87353516 0.30566406
vn -0.3798828 0.9248047 -4.7683716E-07
vn 0.5620117 0.20800781 0.80078125
vn 0.28125 0.5600586 0.7792969
vn -0.040618896 0.81396484 0.57910156
vn -0.04083252 0.9433594 0.3293457
vn -0.04107666 0.99902344 -6.556511E-07
vn 0.8046875 0.13708496 0.5776367
vn 0.56396484 0.48217773 0.67041016
vn 0.28076172 0.7817383 0.5566406
vn 0.28271484 0.90527344 0.3166504
vn 0.28442383 0.9584961 -1.7881393E-07
vn 0.94677734 0.13024902 0.2944336
vn 0.56347656 0.67285156 0.47924805
vn 0.56591797 0.77783203 0.27319336
vn 0.56884766 0.8227539 1.7881393E-07
vn 0.8041992 0.35620117 0.4753418
vn 0.8071289 0.47387695 0.35180664
vn 0.9448242 0.28198242 0.16674805
vn 0.94140625 0.33789062 -2.9802322E-07
vn 0.8144531 0.5805664 1.1920929E-07
vn 0.7998047 0.5673828 0.19604492
vn -0.017745972 0.017150879 -0.9995117
vn -0.017745972 0.017150879 -0.9995117
vn -0.017745972 0.017150879 -0.9995117
vn -0.017745972 0.017150879 -0.9995117
vn -0.017745972 0.017150879 -0.9995117
vn -0.017745972 0.017150879 -0.9995117
vn -0.017745972 0.017150879 -0.9995117
vn -0.017745972 0.017150879 -0.9995117
vn -0.017745972 0.017150879 -0.9995117
vn -0.017745972 0.017150879 -0.9995117
vn -0.017745972 0.017150879 -0.9995117
vn -0.017745972 0.017150879 -0.9995117
vn -0.017745972 0.017150879 -0.9995117
vn -0.017745972 0.017150879 -0.9995117
vn -0.017745972 0.017150879 -0.9995117
vn -0.017745972 0.017150879 -0.9995117
vn -0.017745972 0.017150879 -0.9995117
vn -0.017745972 0.017150879 -0.9995117
vn -0.017745972 0.017150879 -0.9995117
vn -0.017745972 0.017150879 -0.9995117
vn -0.017745972 0.017150879 -0.9995117
vn 0.01739502 -0.12927246 -0.99121094
vn 0.01739502 -0.12927246 -0.99121094
vn 0.01739502 -0.12927246 -0.99121094
vn 0.01739502 -0.12927246 -0.99121094
vn 0.01739502 -0.12927246 -0.99121094
vn 0.01739502 -0.12927246 -0.99121094
vn 0.01739502 -0.12927246 -0.99121094
vn 0.01739502 -0.12927246 -0.99121094
vn 0.01739502 -0.12927246 -0.99121094
vn 0.01739502 -0.12927246 -0.99121094
vn 0.01739502 -0.12927246 -0.99121094
vn 0.01739502 -0.12927246 -0.99121094
vn 0.01739502 -0.12927246 -0.99121094
vn 0.01739502 -0.12927246 -0.99121094
vn 0.01739502 -0.12927246 -0.99121094
vn 0.01739502 -0.12927246 -0.99121094
vn 0.01739502 -0.12927246 -0.99121094
vn 0.01739502 -0.12927246 -0.99121094
vn 0.01739502 -0.12927246 -0.99121094
vn 0.01739502 -0.12927246 -0.99121094
vn 0.01739502 -0.12927246 -0.99121094
vn -0.33032227 -0.01966858 -0.94384766
vn -0.33032227 -0.01966858 -0.94384766
vn -0.33032227 -0.01966858 -0.94384766
vn -0.33032227 -0.01966858 -0.94384766
vn -0.33032227 -0.01966858 -0.94384766
vn -0.33032227 -0.01966858 -0.94384766
vn -0.33032227 -0.01966858 -0.94384766
vn -0.33032227 -0.01966858 -0.94384766
vn -0.33032227 -0.01966858 -0.94384766
vn -0.33032227 -0.01966858 -0.94384766
vn -0.33032227 -0.01966858 -0.94384766
vn -0.33032227 -0.01966858 -0.94384766
vn -0.33032227 -0.01966858 -0.94384766
vn -0.33032227 -0.01966858 -0.94384766
vn -0.33032227 -0.01966858 -0.94384766
vn -0.33032227 -0.01966858 -0.94384766
vn -0.33032227 -0.01966858 -0.94384766
vn -0.33032227 -0.01966858 -0.94384766
vn -0.33032227 -0.01966858 -0.94384766
vn -0.33032227 -0.01966858 -0.94384766
vn -0.33032227 -0.01966858 -0.94384766
vn -0 -1 0
vn -0 -1 1.3113022E-06
vn -0 -1 0
vn -0 -1 4.6491623E-06
vn -0 -1 4.6491623E-06
vn -0 -1 0
vn -0 -1 4.6491623E-06
vn -0 -1 -4.6491623E-06
vn -0 -1 0
vn -0 -1 0
vn -0 -1 -4.6491623E-06
vn -0 -1 9.357929E-06
vn -0 -1 -4.6491623E-06
vn -0 -1 9.357929E-06
vn -0 -1 0
vn -0.16223145 -0.039855957 0.98583984
vn -0.16223145 -0.039886475 0.98583984
vn -0.16223145 -0.039886475 0.98583984
vn -0.16223145 -0.039886475 0.98583984
vn -0.16223145 -0.039886475 0.98583984
vn -0.16223145 -0.039886475 0.98583984
vn -0.16223145 -0.039886475 0.98583984
vn -0.16223145 -0.039886475 0.98583984
vn -0.16223145 -0.039886475 0.98583984
vn -0.16223145 -0.039886475 0.98583984
vn -0.16223145 -0.039886475 0.98583984
vn -0.16223145 -0.039886475 0.98583984
vn -0.16223145 -0.039886475 0.98583984
vn -0.16223145 -0.039886475 0.98583984
vn -0.16223145 -0.039886475 0.98583984
vn -0.16223145 -0.039886475 0.98583984
vn -0.16223145 -0.039886475 0.98583984
vn -0.16223145 -0.039886475 0.98583984
vn -0.16223145 -0.039886475 0.98583984
vn -0.16223145 -0.039886475 0.98583984
vn -0.16223145 -0.039886475 0.98583984
vn 0.24047852 -0.057006836 0.96875
vn 0.24047852 -0.057037354 0.96875
vn 0.24047852 -0.057037354 0.96875
vn 0.24047852 -0.057037354 0.96875
vn 0.24047852 -0.057037354 0.96875
vn 0.24047852 -0.057037354 0.96875
vn 0.24047852 -0.057037354 0.96875
vn 0.24047852 -0.057037354 0.96875
vn 0.24047852 -0.057037354 0.96875
vn 0.24047852 -0.057037354 0.96875
vn 0.24047852 -0.057037354 0.96875
vn 0.24047852 -0.057037354 0.96875
vn 0.24047852 -0.057037354 0.96875
vn 0.24047852 -0.057037354 0.96875
vn 0.24047852 -0.057037354 0.96875
vn 0.24047852 -0.057037354 0.96875
vn 0.24047852 -0.057037354 0.96875
vn 0.24047852 -0.057037354 0.96875
vn 0.24047852 -0.057037354 0.96875
vn 0.24047852 -0.057037354 0.96875
vn 0.24047852 -0.057037354 0.96875
vn 0.017745972 -0.017150879 0.9995117
vn 0.017745972 -0.017150879 0.9995117
vn 0.017745972 -0.017150879 0.9995117
vn 0.01776123 -0.017150879 0.9995117
vn 0.017745972 -0.017150879 0.9995117
vn 0.017745972 -0.017150879 0.9995117
vn 0.017745972 -0.017150879 0.9995117
vn 0.017745972 -0.017150879 0.9995117
vn 0.017745972 -0.017150879 0.9995117
vn 0.01776123 -0.017150879 0.9995117
vn 0.01776123 -0.017150879 0.9995117
vn 0.017745972 -0.017150879 0.9995117
vn 0.017745972 -0.017150879 0.9995117
vn 0.017745972 -0.017150879 0.9995117
vn 0.017745972 -0.017150879 0.9995117
vn 0.017745972 -0.017150879 0.9995117
vn 0.01776123 -0.017150879 0.9995117
vn 0.017745972 -0.017150879 0.9995117
vn 0.017745972 -0.017150879 0.9995117
vn 0.017745972 -0.017150879 0.9995117
vn 0.017745972 -0.017150879 0.9995117
vn -0.01739502 0.12927246 0.99121094
vn -0.01739502 0.12927246 0.99121094
vn -0.01739502 0.12927246 0.99121094
vn -0.01739502 0.12927246 0.99121094
vn -0.01739502 0.12927246 0.99121094
vn -0.01739502 0.12927246 0.99121094
vn -0.01739502 0.12927246 0.99121094
vn -0.01739502 0.12927246 0.99121094
vn -0.01739502 0.12927246 0.99121094
vn -0.01739502 0.12927246 0.99121094
vn -0.01739502 0.12927246 0.99121094
vn -0.01739502 0.12927246 0.99121094
vn -0.01739502 0.12927246 0.99121094
vn -0.01739502 0.12927246 0.99121094
vn -0.01739502 0.12927246 0.99121094
vn -0.01739502 0.12927246 0.99121094
vn -0.01739502 0.12927246 0.99121094
vn -0.01739502 0.12927246 0.99121094
vn -0.01739502 0.12927246 0.99121094
vn -0.01739502 0.12927246 0.99121094
vn -0.01739502 0.12927246 0.99121094
vn 0.33032227 0.01966858 0.94384766
vn 0.33032227 0.01966858 0.94384766
vn 0.33032227 0.01966858 0.94384766
vn 0.33032227 0.01966858 0.94384766
vn 0.33032227 0.01966858 0.94384766
vn 0.33032227 0.01966858 0.94384766
vn 0.33032227 0.01966858 0.94384766
vn 0.33032227 0.01966858 0.94384766
vn 0.33032227 0.01966858 0.94384766
vn 0.33032227 0.01966858 0.94384766
vn 0.33032227 0.01966858 0.94384766
vn 0.33032227 0.01966858 0.94384766
vn 0.33032227 0.01966858 0.94384766
vn 0.33032227 0.01966858 0.94384766
vn 0.33032227 0.01966858 0.94384766
vn 0.33032227 0.01966858 0.94384766
vn 0.33032227 0.01966858 0.94384766
vn 0.33032227 0.01966858 0.94384766
vn 0.33032227 0.01966858 0.94384766
vn 0.33032227 0.01966858 0.94384766
vn 0.33032227 0.01966858 0.94384766
vn 0.16223145 0.039855957 -0.98583984
vn 0.16223145 0.039886475 -0.98583984
vn 0.16223145 0.039886475 -0.98583984
vn 0.16223145 0.039886475 -0.98583984
vn 0.16223145 0.039886475 -0.98583984
vn 0.16223145 0.039886475 -0.98583984
vn 0.16223145 0.039886475 -0.98583984
vn 0.16223145 0.039886475 -0.98583984
vn 0.16223145 0.039886475 -0.98583984
vn 0.16223145 0.039886475 -0.98583984
vn 0.16223145 0.039886475 -0.98583984
vn 0.16223145 0.039886475 -0.98583984
vn 0.16223145 0.039886475 -0.98583984
vn 0.16223145 0.039886475 -0.98583984
vn 0.16223145 0.039886475 -0.98583984
vn 0.16223145 0.039886475 -0.98583984
vn 0.16223145 0.039855957 -0.98583984
vn 0.16223145 0.039886475 -0.98583984
vn 0.16223145 0.039886475 -0.98583984
vn 0.16223145 0.039886475 -0.98583984
vn 0.16223145 0.039886475 -0.98583984
vn -0.24047852 0.057006836 -0.96875
vn -0.24047852 0.057037354 -0.96875
vn -0.24047852 0.057037354 -0.96875
vn -0.24047852 0.057037354 -0.96875
vn -0.24047852 0.057037354 -0.96875
vn -0.24047852 0.057037354 -0.96875
vn -0.24047852 0.057037354 -0.96875
vn -0.24047852 0.057037354 -0.96875
vn -0.24047852 0.057037354 -0.96875
vn -0.24047852 0.057037354 -0.96875
vn -0.24047852 0.057037354 -0.96875
vn -0.24047852 0.057037354 -0.96875
vn -0.24047852 0.057037354 -0.96875
vn -0.24047852 0.057037354 -0.96875
vn -0.24047852 0.057037354 -0.96875
vn -0.24047852 0.057037354 -0.96875
vn -0.24047852 0.057037354 -0.96875
vn -0.24047852 0.057037354 -0.96875
vn -0.24047852 0.057037354 -0.96875
vn -0.24047852 0.057037354 -0.96875
vn -0.24047852 0.057037354 -0.96875
vn 0.060424805 0.03262329 0.9975586
vn 0.060424805 0.03262329 0.9975586
vn 0.060424805 0.03262329 0.9975586
vn 0.060424805 0.03262329 0.9975586
vn 0.060424805 0.032592773 0.9975586
vn 0.060424805 0.032592773 0.9975586
vn 0.060424805 0.032592773 0.9975586
vn 0.060424805 0.032592773 0.9975586
vn 0.017745972 -0.017150879 0.9995117
vn 0.017745972 -0.017150879 0.9995117
vn 0.017745972 -0.017150879 0.9995117
vn 0.017745972 -0.017150879 0.9995117
vn 0.017745972 -0.017150879 0.9995117
vn 0.017745972 -0.017150879 0.9995117
vn 0.017745972 -0.017150879 0.9995117
vn 0.017745972 -0.017150879 0.9995117
vn 0.017745972 -0.017150879 0.9995117
vn 0.017745972 -0.017150879 0.9995117
vn 0.017745972 -0.017150879 0.9995117
vn 0.017745972 -0.017150879 0.9995117
vn 0.017745972 -0.017150879 0.9995117
vn 0.017745972 -0.017150879 0.9995117
vn 0.017745972 -0.017150879 0.9995117
vn 0.017745972 -0.017150879 0.9995117
vn 0.017745972 -0.017150879 0.9995117
vn 0.017745972 -0.017150879 0.9995117
vn 0.017745972 -0.017150879 0.9995117
vn 0.017745972 -0.017150879 0.9995117
vn 0.017745972 -0.017150879 0.9995117
vn 0.017745972 -0.017150879 0.9995117
vn 0.017745972 -0.017150879 0.9995117
vn 0.017745972 -0.017150879 0.9995117
vn 0.017745972 -0.017150879 0.9995117
vn 0.017745972 -0.017150879 0.9995117
vn 0.017745972 -0.017150879 0.9995117
vn 0.017745972 -0.017150879 0.9995117
vn 0.017745972 -0.017150879 0.9995117
vn 0.017745972 -0.017150879 0.9995117
vn 0.017745972 -0.017150879 0.9995117
vn 0.017745972 -0.017150879 0.9995117
vn 0.017745972 -0.017150879 0.9995117
vn 0.017745972 -0.017150879 0.9995117
vn 0.017745972 -0.017150879 0.9995117
vn 0.017745972 -0.017150879 0.9995117
vn 0.017745972 -0.017150879 0.9995117
vn 0.017745972 -0.017150879 0.9995117
vn 0.017745972 -0.017150879 0.9995117
vn 0.017745972 -0.017150879 0.9995117
vn -0.01739502 0.12927246 0.99121094
vn -0.01739502 0.12927246 0.99121094
vn -0.01739502 0.12927246 0.99121094
vn -0.01739502 0.12927246 0.99121094
vn -0.01739502 0.12927246 0.99121094
vn -0.01739502 0.12927246 0.99121094
vn -0.01739502 0.12927246 0.99121094
vn -0.01739502 0.12927246 0.99121094
vn -0.01739502 0.12927246 0.99121094
vn -0.01739502 0.12927246 0.99121094
vn -0.01739502 0.12927246 0.99121094
vn -0.01739502 0.12927246 0.99121094
vn -0.01739502 0.12927246 0.99121094
vn -0.01739502 0.12927246 0.99121094
vn -0.01739502 0.12927246 0.99121094
vn -0.01739502 0.12927246 0.99121094
vn -0.01739502 0.12927246 0.99121094
vn -0.01739502 0.12927246 0.99121094
vn -0.01739502 0.12927246 0.99121094
vn -0.01739502 0.12927246 0.99121094
vn -0.01739502 0.12927246 0.99121094
vn -0.01739502 0.12927246 0.99121094
vn -0.01739502 0.12927246 0.99121094
vn -0.01739502 0.12927246 0.99121094
vn -0.01739502 0.12927246 0.99121094
vn -0.01739502 0.12927246 0.99121094
vn -0.01739502 0.12927246 0.99121094
vn -0.01739502 0.12927246 0.99121094
vn -0.01739502 0.12927246 0.99121094
vn -0.01739502 0.12927246 0.99121094
vn -0.01739502 0.12927246 0.99121094
vn -0.01739502 0.12927246 0.99121094
vn -0.01739502 0.12927246 0.99121094
vn -0.01739502 0.12927246 0.99121094
vn -0.01739502 0.12927246 0.99121094
vn -0.01739502 0.12927246 0.99121094
vn -0.01739502 0.12927246 0.99121094
vn -0.01739502 0.12927246 0.99121094
vn -0.01739502 0.12927246 0.99121094
vn -0.01739502 0.12927246 0.99121094
vn 0.060424805 0.03262329 0.9975586
vn 0.060424805 0.03262329 0.9975586
vn 0.060424805 0.03262329 0.9975586
vn 0.060424805 0.03262329 0.9975586
vn 0.060424805 0.03262329 0.9975586
vn 0.060424805 0.03262329 0.9975586
vn 0.060424805 0.03262329 0.9975586
vn 0.060424805 0.03262329 0.9975586
vn 0.33032227 0.01966858 0.94384766
vn 0.33032227 0.01966858 0.94384766
vn 0.33032227 0.01966858 0.94384766
vn 0.33032227 0.01966858 0.94384766
vn 0.33032227 0.01966858 0.94384766
vn 0.33032227 0.01966858 0.94384766
vn 0.33032227 0.01966858 0.94384766
vn 0.33032227 0.01966858 0.94384766
vn 0.33032227 0.01966858 0.94384766
vn 0.33032227 0.01966858 0.94384766
vn 0.33032227 0.01966858 0.94384766
vn 0.33032227 0.01966858 0.94384766
vn 0.33032227 0.01966858 0.94384766
vn 0.33032227 0.01966858 0.94384766
vn 0.33032227 0.01966858 0.94384766
vn 0.33032227 0.01966858 0.94384766
vn 0.33032227 0.01966858 0.94384766
vn 0.33032227 0.01966858 0.94384766
vn 0.33032227 0.01966858 0.94384766
vn 0.33032227 0.01966858 0.94384766
vn 0.33032227 0.01966858 0.94384766
vn 0.33032227 0.01966858 0.94384766
vn 0.33032227 0.01966858 0.94384766
vn 0.33032227 0.01966858 0.94384766
vn 0.33032227 0.01966858 0.94384766
vn 0.33032227 0.01966858 0.94384766
vn 0.33032227 0.01966858 0.94384766
vn 0.33032227 0.01966858 0.94384766
vn 0.33032227 0.01966858 0.94384766
vn 0.33032227 0.01966858 0.94384766
vn 0.33032227 0.01966858 0.94384766
vn 0.33032227 0.01966858 0.94384766
vn 0.33032227 0.01966858 0.94384766
vn 0.33032227 0.01966858 0.94384766
vn 0.33032227 0.01966858 0.94384766
vn 0.33032227 0.01966858 0.94384766
vn 0.33032227 0.01966858 0.94384766
vn 0.33032227 0.01966858 0.94384766
vn 0.33032227 0.01966858 0.94384766
vn 0.33032227 0.01966858 0.94384766
vn 0.82373047 -0.049865723 0.5644531
vn 0.9995117 -0.035217285 -1.7285347E-06
vn 0.95703125 -0.28955078 -1.5497208E-06
vn 0.78564453 -0.25317383 0.5644531
vn 0.8457031 -0.5332031 -2.3841858E-06
vn 0.7939453 0.19177246 0.57714844
vn 0.96435547 0.26489258 -2.6226044E-06
vn 0.6816406 -0.4411621 0.5839844
vn 0.65478516 -0.7558594 -3.2186508E-06
vn 0.6845703 0.4440918 0.578125
vn 0.82373047 0.56689453 -3.6358833E-06
vn 0.51660156 -0.609375 0.6015625
vn 0.41625977 -0.9091797 -2.6226044E-06
vn 0.54052734 0.63378906 0.55371094
vn 0.6347656 0.7729492 -2.9206276E-06
vn 0.3269043 -0.73339844 0.5961914
vn 0.1907959 -0.9814453 -2.026558E-06
vn 0.39697266 0.75341797 0.5239258
vn 0.4584961 0.8886719 -1.7285347E-06
vn 0.15148926 -0.80029297 0.5805664
vn 1.7881393E-07 -1 -1.4305115E-06
vn 0.2052002 0.83154297 0.5161133
vn 0.24047852 0.9707031 -2.1457672E-06
vn 0.00042629242 -0.81933594 0.5732422
vn -0.1907959 -0.9814453 -2.1457672E-06
vn -0.053131104 0.8520508 0.5209961
vn -0.056121826 0.99853516 -2.7418137E-06
vn -0.1508789 -0.80322266 0.5761719
vn -0.41333008 -0.91064453 -2.2649765E-06
vn -0.2919922 0.7988281 0.5258789
vn -0.33544922 0.94189453 -1.7285347E-06
vn -0.32666016 -0.7441406 0.5830078
vn -0.6513672 -0.75878906 -2.5629997E-06
vn -0.47143555 0.69384766 0.5439453
vn -0.55029297 0.83496094 -1.3113022E-06
vn -0.5180664 -0.625 0.5839844
vn -0.8496094 -0.52734375 -3.2186508E-06
vn -0.60839844 0.55126953 0.5708008
vn -0.7265625 0.6870117 -1.9669533E-06
vn -0.6855469 -0.4489746 0.5732422
vn -0.9633789 -0.26757812 -2.7418137E-06
vn -0.72558594 0.3696289 0.5805664
vn -0.87841797 0.4777832 -2.3841858E-06
vn -0.7944336 -0.24609375 0.55566406
vn -1 -0.021820068 -1.3113022E-06
vn -0.8095703 0.15991211 0.5649414
vn -0.9746094 0.22290039 -1.3709068E-06
vn -0.83447266 -0.044647217 0.5493164
vn -0.3540039 0.2841797 0.8911133
vn -0.41064453 0.1776123 0.89453125
vn -0.44873047 0.05899048 0.89160156
vn -0.4519043 -0.056884766 0.8901367
vn -0.4140625 -0.16479492 0.89501953
vn -0.34301758 -0.26293945 0.90185547
vn -0.28344727 0.375 0.8828125
vn -0.25195312 -0.34692383 0.9033203
vn -0.18041992 0.44995117 0.8745117
vn -0.15612793 -0.40600586 0.9003906
vn -0.037506104 0.48754883 0.8720703
vn -0.0703125 -0.43603516 0.89697266
vn 0.11920166 0.47705078 0.87060547
vn 0.0015296936 -0.44262695 0.8964844
vn 0.24169922 0.42382812 0.8730469
vn 0.0725708 -0.42871094 0.9003906
vn 0.32543945 0.34179688 0.88183594
vn 0.15637207 -0.38916016 0.90771484
vn 0.39331055 0.22302246 0.89208984
vn 0.24780273 -0.32617188 0.9121094
vn 0.43676758 0.07928467 0.8959961
vn 0.33447266 -0.24768066 0.9091797
vn 0.43701172 -0.050750732 0.8979492
vn 0.40112305 -0.15600586 0.90283203
vn 0.044891357 -0.004421234 0.99902344
vn 0.046936035 -0.02027893 0.99853516
vn 0.041229248 -0.037506104 0.99853516
vn 0.025299072 -0.047698975 0.99853516
vn 0.009353638 -0.049438477 0.99853516
vn -0.0038547516 -0.046966553 0.99902344
vn 0.039489746 0.010772705 0.99902344
vn -0.01285553 -0.042816162 0.99902344
vn 0.022979736 0.025970459 0.9995117
vn -0.016235352 -0.03878784 0.99902344
vn -0.0037250519 0.03466797 0.9995117
vn -0.011253357 -0.035003662 0.9995117
vn -0.02720642 0.02607727 0.9995117
vn 0.0026454926 -0.033111572 0.9995117
vn -0.03930664 0.008087158 0.99902344
vn 0.014274597 -0.037872314 0.99902344
vn -0.044158936 -0.010269165 0.99902344
vn 0.016937256 -0.045410156 0.99902344
vn -0.045440674 -0.028625488 0.99853516
vn 0.011459351 -0.051483154 0.99853516
vn -0.040527344 -0.044647217 0.9980469
vn 0.00055503845 -0.054748535 0.99853516
vn -0.029159546 -0.05407715 0.9980469
vn -0.01423645 -0.05682373 0.9980469
vn 0.33911133 -0.21875 0.91503906
vn 0.37573242 -0.12768555 0.91796875
vn 0.39135742 -0.02130127 0.9199219
vn 0.37597656 0.087890625 0.9223633
vn 0.3310547 0.18566895 0.92529297
vn 0.26586914 0.26586914 0.9267578
vn 0.29248047 -0.29125977 0.91064453
vn 0.18591309 0.3305664 0.92529297
vn 0.23461914 -0.34765625 0.90771484
vn 0.0970459 0.3737793 0.9223633
vn 0.15905762 -0.39257812 0.9057617
vn 0.0019369125 0.38720703 0.921875
vn 0.05441284 -0.4206543 0.9057617
vn -0.09967041 0.36547852 0.92529297
vn -0.057617188 -0.43066406 0.9008789
vn -0.1928711 0.31591797 0.92871094
vn -0.16320801 -0.4038086 0.9003906
vn -0.2692871 0.24743652 0.93066406
vn -0.25732422 -0.33984375 0.90478516
vn -0.32983398 0.16455078 0.9296875
vn -0.32226562 -0.24584961 0.9140625
vn -0.3696289 0.070251465 0.9267578
vn -0.36328125 -0.13842773 0.9213867
vn -0.38183594 -0.031311035 0.9238281
vn -0.33081055 -0.7524414 0.5698242
vn -0.5332031 -0.6166992 0.57910156
vn -0.6772461 -0.42919922 0.59765625
vn -0.75927734 -0.21472168 0.6142578
vn -0.78271484 0.0035037994 0.6225586
vn -0.7470703 0.21008301 0.6308594
vn -0.11407471 -0.81640625 0.56591797
vn -0.6591797 0.39794922 0.6376953
vn 0.13049316 -0.80908203 0.5727539
vn -0.5317383 0.5566406 0.6381836
vn 0.35058594 -0.7416992 0.5722656
vn -0.37475586 0.6801758 0.6303711
vn 0.49804688 -0.64404297 0.5805664
vn -0.19165039 0.76220703 0.61816406
vn 0.6147461 -0.52490234 0.5888672
vn -0.0024909973 0.7949219 0.6069336
vn 0.7080078 -0.37304688 0.5996094
vn 0.17236328 0.7758789 0.6069336
vn 0.7739258 -0.18066406 0.6069336
vn 0.34472656 0.7089844 0.6147461
vn 0.79052734 0.04309082 0.61083984
vn 0.5048828 0.6015625 0.6191406
vn 0.74316406 0.26660156 0.61328125
vn 0.640625 0.45654297 0.6171875
vn 0.97998047 -0.19873047 2.1457672E-06
vn 0.89697266 -0.44213867 1.847744E-06
vn 0.99609375 0.08728027 2.2649765E-06
vn 0.92871094 0.37036133 2.3245811E-06
vn 0.7758789 -0.6308594 2.5629997E-06
vn 0.7949219 0.6064453 1.6093254E-06
vn 0.6245117 0.7807617 1.7285347E-06
vn 0.62890625 -0.77783203 3.0398369E-06
vn 0.42382812 0.9057617 2.0861626E-06
vn 0.44677734 -0.89453125 2.0861626E-06
vn 0.2084961 0.97802734 1.5497208E-06
vn 0.1730957 -0.9848633 2.682209E-06
vn -0.006214142 1 1.9073486E-06
vn -0.13793945 -0.9902344 2.0861626E-06
vn -0.24157715 0.97021484 2.4437904E-06
vn -0.4086914 -0.91259766 2.1457672E-06
vn -0.4753418 0.8798828 1.6093254E-06
vn -0.6689453 -0.74316406 2.6226044E-06
vn -0.6796875 0.7338867 1.4305115E-06
vn -0.8588867 -0.51171875 2.4437904E-06
vn -0.84472656 0.53515625 2.2649765E-06
vn -0.9692383 -0.2467041 2.2053719E-06
vn -0.9555664 0.29492188 2.4437904E-06
vn -0.9995117 0.029693604 2.4437904E-06
vn -0.2709961 0.064697266 0.9604492
vn -0.2709961 0.064697266 0.9604492
vn -0.2709961 0.064697266 0.9604492
vn -0.2709961 0.064697266 0.9604492
vn -0.2709961 0.064697266 0.9604492
vn -0.2709961 0.064697266 0.9604492
vn -0.2709961 0.064697266 0.9604492
vn -0.2709961 0.064697266 0.9604492
vn -0.11218262 -0.9921875 -0.05709839
vn -0.124938965 -0.9921875 1.2099743E-05
vn -0.124938965 -0.9921875 1.21593475E-05
vn -0.11218262 -0.9921875 -0.057159424
vn -0.11218262 -0.9921875 0.057159424
vn -0.0770874 -0.9916992 -0.10217285
vn -0.11218262 -0.9921875 0.05709839
vn -0.07702637 -0.9916992 -0.10223389
vn -0.07702637 -0.9916992 0.10223389
vn -0.027359009 -0.9916992 -0.12670898
vn -0.0770874 -0.9916992 0.10217285
vn -0.027328491 -0.9916992 -0.12670898
vn -0.027313232 -0.9916992 0.12670898
vn 0.027359009 -0.9916992 -0.12670898
vn -0.02734375 -0.9916992 0.12670898
vn 0.027328491 -0.9916992 -0.12670898
vn 0.027328491 -0.9916992 0.12670898
vn 0.0770874 -0.9916992 -0.10217285
vn 0.027359009 -0.9916992 0.12670898
vn 0.07702637 -0.9916992 -0.10223389
vn 0.07702637 -0.9916992 0.10223389
vn 0.11218262 -0.9921875 -0.057128906
vn 0.0770874 -0.9916992 0.10217285
vn 0.11218262 -0.9921875 -0.057159424
vn 0.11218262 -0.9921875 0.05718994
vn 0.124938965 -0.9921875 3.8146973E-06
vn 0.11218262 -0.9921875 0.057128906
vn 0.124938965 -0.9921875 4.1127205E-06
vn 0.019943237 0.0395813 0.99902344
vn 0.019943237 0.0395813 0.99902344
vn 0.019943237 0.0395813 0.99902344
vn 0.019943237 0.0395813 0.99902344
vn 0.019943237 0.0395813 0.99902344
vn 0.019943237 0.0395813 0.99902344
vn 0.019943237 0.0395813 0.99902344
vn 0.019943237 0.0395813 0.99902344
vn -0.018310547 0.03201294 -0.9995117
vn -0.018310547 0.03201294 -0.9995117
vn -0.018310547 0.03201294 -0.9995117
vn -0.018310547 0.03201294 -0.9995117
vn -0.018310547 0.03201294 -0.9995117
vn -0.018310547 0.03201294 -0.9995117
vn -0.018310547 0.03201294 -0.9995117
vn -0.018310547 0.03201294 -0.9995117
vn 0.16223145 0.039886475 -0.98583984
vn 0.16223145 0.039886475 -0.98583984
vn 0.16223145 0.039886475 -0.98583984
vn 0.16223145 0.039886475 -0.98583984
vn 0.16223145 0.039886475 -0.98583984
vn 0.16223145 0.039886475 -0.98583984
vn 0.16223145 0.039886475 -0.98583984
vn 0.16223145 0.039886475 -0.98583984
vn 0.16223145 0.039886475 -0.98583984
vn 0.16223145 0.039886475 -0.98583984
vn 0.16223145 0.039886475 -0.98583984
vn 0.16223145 0.039886475 -0.98583984
vn 0.16223145 0.039886475 -0.98583984
vn 0.16223145 0.039886475 -0.98583984
vn 0.16223145 0.039886475 -0.98583984
vn 0.16223145 0.039886475 -0.98583984
vn 0.16223145 0.039886475 -0.98583984
vn 0.16223145 0.039886475 -0.98583984
vn 0.16223145 0.039886475 -0.98583984
vn 0.16223145 0.039886475 -0.98583984
vn 0.16223145 0.039886475 -0.98583984
vn 0.16223145 0.039886475 -0.98583984
vn 0.16223145 0.039886475 -0.98583984
vn 0.16223145 0.039886475 -0.98583984
vn 0.16223145 0.039886475 -0.98583984
vn 0.16223145 0.039886475 -0.98583984
vn 0.16223145 0.039886475 -0.98583984
vn 0.16223145 0.039886475 -0.98583984
vn 0.16223145 0.039886475 -0.98583984
vn 0.16223145 0.039886475 -0.98583984
vn 0.16223145 0.039886475 -0.98583984
vn 0.16223145 0.039886475 -0.98583984
vn 0.16223145 0.039886475 -0.98583984
vn 0.16223145 0.039886475 -0.98583984
vn 0.16223145 0.039886475 -0.98583984
vn 0.16223145 0.039886475 -0.98583984
vn 0.16223145 0.039886475 -0.98583984
vn 0.16223145 0.039886475 -0.98583984
vn 0.16223145 0.039886475 -0.98583984
vn 0.16223145 0.039886475 -0.98583984
vn 0.018310547 0.03201294 -0.9995117
vn 0.018310547 0.03201294 -0.9995117
vn 0.018310547 0.03201294 -0.9995117
vn 0.018310547 0.03201294 -0.9995117
vn 0.018310547 0.03201294 -0.9995117
vn 0.018310547 0.03201294 -0.9995117
vn 0.018310547 0.03201294 -0.9995117
vn 0.018310547 0.03201294 -0.9995117
vn -0.24047852 0.057037354 -0.96875
vn -0.24047852 0.057037354 -0.96875
vn -0.24047852 0.057037354 -0.96875
vn -0.24047852 0.057037354 -0.96875
vn -0.24047852 0.057037354 -0.96875
vn -0.24047852 0.057037354 -0.96875
vn -0.24047852 0.057037354 -0.96875
vn -0.24047852 0.057037354 -0.96875
vn -0.24047852 0.057037354 -0.96875
vn -0.24047852 0.057037354 -0.96875
vn -0.24047852 0.057037354 -0.96875
vn -0.24047852 0.057037354 -0.96875
vn -0.24047852 0.057037354 -0.96875
vn -0.24047852 0.057037354 -0.96875
vn -0.24047852 0.057037354 -0.96875
vn -0.24047852 0.057037354 -0.96875
vn -0.24047852 0.057037354 -0.96875
vn -0.24047852 0.057037354 -0.96875
vn -0.24047852 0.057037354 -0.96875
vn -0.24047852 0.057037354 -0.96875
vn -0.24047852 0.057037354 -0.96875
vn -0.24047852 0.057037354 -0.96875
vn -0.24047852 0.057037354 -0.96875
vn -0.24047852 0.057037354 -0.96875
vn -0.24047852 0.057037354 -0.96875
vn -0.24047852 0.057037354 -0.96875
vn -0.24047852 0.057037354 -0.96875
vn -0.24047852 0.057037354 -0.96875
vn -0.24047852 0.057037354 -0.96875
vn -0.24047852 0.057037354 -0.96875
vn -0.24047852 0.057037354 -0.96875
vn -0.24047852 0.057037354 -0.96875
vn -0.24047852 0.057037354 -0.96875
vn -0.24047852 0.057037354 -0.96875
vn -0.24047852 0.057037354 -0.96875
vn -0.24047852 0.057037354 -0.96875
vn -0.24047852 0.057037354 -0.96875
vn -0.24047852 0.057037354 -0.96875
vn -0.24047852 0.057037354 -0.96875
vn -0.24047852 0.057037354 -0.96875
vn 0.08947754 0.04525757 -0.9951172
vn 0.08947754 0.04525757 -0.9951172
vn 0.08947754 0.04525757 -0.9951172
vn 0.08947754 0.04525757 -0.9951172
vn 0.08947754 0.04525757 -0.9951172
vn 0.08947754 0.04525757 -0.9951172
vn 0.08947754 0.04525757 -0.9951172
vn 0.08947754 0.04525757 -0.9951172
vn 0.82373047 -0.04989624 -0.5644531
vn 0.95703125 -0.28955078 -1.5497208E-06
vn 0.9995117 -0.035217285 -1.7285347E-06
vn 0.78564453 -0.25317383 -0.5644531
vn 0.8457031 -0.5332031 -2.3841858E-06
vn 0.7939453 0.19177246 -0.57714844
vn 0.96435547 0.26489258 -2.6226044E-06
vn 0.6816406 -0.44140625 -0.5834961
vn 0.65478516 -0.7558594 -3.2186508E-06
vn 0.6845703 0.44433594 -0.578125
vn 0.82373047 0.56689453 -3.6358833E-06
vn 0.51660156 -0.609375 -0.6010742
vn 0.41625977 -0.9091797 -2.6226044E-06
vn 0.54052734 0.63378906 -0.55322266
vn 0.6347656 0.7729492 -2.9206276E-06
vn 0.3269043 -0.73339844 -0.5957031
vn 0.1907959 -0.9814453 -2.026558E-06
vn 0.3972168 0.75341797 -0.5239258
vn 0.4584961 0.8886719 -1.7285347E-06
vn 0.15148926 -0.80029297 -0.5800781
vn 1.7881393E-07 -1 -1.4305115E-06
vn 0.2052002 0.83203125 -0.515625
vn 0.24047852 0.9707031 -2.1457672E-06
vn 0.00042629242 -0.81933594 -0.5732422
vn -0.1907959 -0.9814453 -2.1457672E-06
vn -0.053131104 0.8520508 -0.5205078
vn -0.056121826 0.99853516 -2.7418137E-06
vn -0.1508789 -0.80371094 -0.5756836
vn -0.41333008 -0.91064453 -2.2649765E-06
vn -0.2919922 0.7988281 -0.5258789
vn -0.33544922 0.94189453 -1.7285347E-06
vn -0.32666016 -0.7441406 -0.5830078
vn -0.6513672 -0.75878906 -2.5629997E-06
vn -0.47143555 0.69433594 -0.5439453
vn -0.55029297 0.83496094 -1.3113022E-06
vn -0.5180664 -0.625 -0.5839844
vn -0.8496094 -0.52734375 -3.2186508E-06
vn -0.60839844 0.55126953 -0.5708008
vn -0.7265625 0.6870117 -1.9669533E-06
vn -0.6855469 -0.4489746 -0.5732422
vn -0.9633789 -0.26757812 -2.7418137E-06
vn -0.72558594 0.36987305 -0.5805664
vn -0.87841797 0.4777832 -2.3841858E-06
vn -0.7944336 -0.24609375 -0.5551758
vn -1 -0.021820068 -1.3113022E-06
vn -0.8095703 0.15991211 -0.5649414
vn -0.9746094 0.22290039 -1.3709068E-06
vn -0.83447266 -0.044677734 -0.5488281
vn -0.3540039 0.2841797 -0.8911133
vn -0.41088867 0.17773438 -0.89404297
vn -0.4489746 0.059020996 -0.89160156
vn -0.45214844 -0.056884766 -0.8901367
vn -0.4140625 -0.16491699 -0.89501953
vn -0.34326172 -0.2631836 -0.90185547
vn -0.2836914 0.37524414 -0.8823242
vn -0.25195312 -0.34692383 -0.9033203
vn -0.18054199 0.4501953 -0.8745117
vn -0.15612793 -0.40600586 -0.9003906
vn -0.037506104 0.48779297 -0.8720703
vn -0.070373535 -0.4362793 -0.89697266
vn 0.119262695 0.47729492 -0.87060547
vn 0.0015306473 -0.4428711 -0.8964844
vn 0.24182129 0.42382812 -0.8730469
vn 0.0725708 -0.42895508 -0.9003906
vn 0.3256836 0.34204102 -0.88134766
vn 0.15649414 -0.38916016 -0.90771484
vn 0.39331055 0.22314453 -0.89208984
vn 0.2479248 -0.32641602 -0.9121094
vn 0.43676758 0.0793457 -0.8959961
vn 0.3347168 -0.24780273 -0.9091797
vn 0.43725586 -0.050750732 -0.8979492
vn 0.4013672 -0.15600586 -0.90234375
vn 0.044921875 -0.004425049 -0.99902344
vn 0.046966553 -0.02029419 -0.99853516
vn 0.041259766 -0.03753662 -0.99853516
vn 0.025314331 -0.047729492 -0.99853516
vn 0.009361267 -0.049468994 -0.99853516
vn -0.0038585663 -0.04699707 -0.99902344
vn 0.039520264 0.0107803345 -0.99902344
vn -0.012863159 -0.042816162 -0.99902344
vn 0.022994995 0.025985718 -0.9995117
vn -0.01625061 -0.03881836 -0.99902344
vn -0.0037269592 0.034698486 -0.9995117
vn -0.011260986 -0.035003662 -0.9995117
vn -0.02722168 0.02609253 -0.9995117
vn 0.0026474 -0.03314209 -0.9995117
vn -0.03933716 0.008094788 -0.99902344
vn 0.014282227 -0.037902832 -0.99902344
vn -0.044189453 -0.010276794 -0.99902344
vn 0.016952515 -0.045410156 -0.99902344
vn -0.04547119 -0.028640747 -0.99853516
vn 0.01146698 -0.051513672 -0.99853516
vn -0.040527344 -0.044677734 -0.9980469
vn 0.0005555153 -0.054779053 -0.99853516
vn -0.029190063 -0.054107666 -0.9980469
vn -0.01424408 -0.056854248 -0.9980469
vn 0.33935547 -0.21887207 -0.91503906
vn 0.37573242 -0.12780762 -0.91796875
vn 0.39135742 -0.021316528 -0.9199219
vn 0.37597656 0.08795166 -0.9223633
vn 0.3310547 0.18566895 -0.92529297
vn 0.26586914 0.26611328 -0.9267578
vn 0.2927246 -0.2915039 -0.91064453
vn 0.18603516 0.3305664 -0.92529297
vn 0.23474121 -0.34765625 -0.90771484
vn 0.0970459 0.37402344 -0.9223633
vn 0.15917969 -0.39282227 -0.9057617
vn 0.0019378662 0.38720703 -0.921875
vn 0.05444336 -0.4206543 -0.9057617
vn -0.099731445 0.36572266 -0.92529297
vn -0.057647705 -0.4309082 -0.9003906
vn -0.1928711 0.3161621 -0.92871094
vn -0.16320801 -0.4038086 -0.89990234
vn -0.2692871 0.2475586 -0.93066406
vn -0.25732422 -0.3400879 -0.9042969
vn -0.33007812 0.16467285 -0.9296875
vn -0.32250977 -0.24597168 -0.9140625
vn -0.36987305 0.070251465 -0.92626953
vn -0.3635254 -0.13842773 -0.9213867
vn -0.38183594 -0.031341553 -0.9238281
vn -0.3310547 -0.7524414 -0.56933594
vn -0.5332031 -0.6166992 -0.57910156
vn -0.6772461 -0.42919922 -0.59716797
vn -0.7597656 -0.21484375 -0.61376953
vn -0.78271484 0.0035057068 -0.6220703
vn -0.7470703 0.21020508 -0.6303711
vn -0.11413574 -0.81640625 -0.56591797
vn -0.65966797 0.39819336 -0.6376953
vn 0.13049316 -0.8095703 -0.5727539
vn -0.5317383 0.5571289 -0.6376953
vn 0.35058594 -0.7416992 -0.57177734
vn -0.37475586 0.6801758 -0.6298828
vn 0.49804688 -0.64404297 -0.5805664
vn -0.19177246 0.7626953 -0.6176758
vn 0.6147461 -0.52490234 -0.5888672
vn -0.0024909973 0.7949219 -0.6064453
vn 0.7084961 -0.37329102 -0.5991211
vn 0.17236328 0.7758789 -0.6064453
vn 0.7739258 -0.18078613 -0.6069336
vn 0.3449707 0.70947266 -0.6147461
vn 0.7910156 0.04309082 -0.61035156
vn 0.5053711 0.6015625 -0.61865234
vn 0.74365234 0.26660156 -0.61328125
vn 0.640625 0.4567871 -0.6171875
vn 0.97998047 -0.19873047 2.1457672E-06
vn 0.89697266 -0.44213867 1.847744E-06
vn 0.99609375 0.08728027 2.2649765E-06
vn 0.92871094 0.37036133 2.3245811E-06
vn 0.7758789 -0.6308594 2.5629997E-06
vn 0.7949219 0.6064453 1.6093254E-06
vn 0.6245117 0.7807617 1.7285347E-06
vn 0.62890625 -0.77783203 3.0398369E-06
vn 0.42382812 0.9057617 2.0861626E-06
vn 0.44677734 -0.89453125 2.0861626E-06
vn 0.2084961 0.97802734 1.5497208E-06
vn 0.1730957 -0.9848633 2.682209E-06
vn -0.006214142 1 1.9073486E-06
vn -0.13793945 -0.9902344 2.0861626E-06
vn -0.24157715 0.97021484 2.4437904E-06
vn -0.4086914 -0.91259766 2.1457672E-06
vn -0.4753418 0.8798828 1.6093254E-06
vn -0.6689453 -0.74316406 2.6226044E-06
vn -0.6796875 0.7338867 1.4305115E-06
vn -0.8588867 -0.51171875 2.4437904E-06
vn -0.84472656 0.53515625 2.2649765E-06
vn -0.9692383 -0.2467041 2.2053719E-06
vn -0.9555664 0.29492188 2.4437904E-06
vn -0.9995117 0.029693604 2.4437904E-06
g Env_MicroLevels_IconicBuilding_KrabsPearlsHouse_0
f 3/3/3 2/2/2 1/1/1
f 5/5/5 4/4/4 3/3/3
f 7/7/7 3/3/3 6/6/6
f 8/8/8 3/3/3 7/7/7
f 9/9/9 3/3/3 8/8/8
f 10/10/10 3/3/3 9/9/9
f 11/11/11 3/3/3 10/10/10
f 12/12/12 3/3/3 11/11/11
f 13/13/13 3/3/3 12/12/12
f 14/14/14 3/3/3 13/13/13
f 15/15/15 3/3/3 14/14/14
f 16/16/16 3/3/3 15/15/15
f 19/19/19 18/18/18 17/17/17
f 20/20/20 19/19/19 17/17/17
f 23/23/23 22/22/22 21/21/21
f 24/24/24 23/23/23 21/21/21
f 27/27/27 26/26/26 25/25/25
f 28/28/28 27/27/27 25/25/25
f 31/31/31 30/30/30 29/29/29
f 32/32/32 31/31/31 29/29/29
f 35/35/35 34/34/34 33/33/33
f 36/36/36 35/35/35 33/33/33
f 39/39/39 38/38/38 37/37/37
f 40/40/40 39/39/39 37/37/37
f 43/43/43 42/42/42 41/41/41
f 44/44/44 43/43/43 41/41/41
f 47/47/47 46/46/46 45/45/45
f 48/48/48 47/47/47 45/45/45
f 51/51/51 50/50/50 49/49/49
f 52/52/52 51/51/51 49/49/49
f 55/55/55 54/54/54 53/53/53
f 56/56/56 55/55/55 53/53/53
f 59/59/59 58/58/58 57/57/57
f 58/58/58 60/60/60 57/57/57
f 57/57/57 60/60/60 61/61/61
f 60/60/60 62/62/62 61/61/61
f 61/61/61 62/62/62 63/63/63
f 62/62/62 64/64/64 63/63/63
f 63/63/63 64/64/64 65/65/65
f 64/64/64 66/66/66 65/65/65
f 65/65/65 66/66/66 67/67/67
f 66/66/66 68/68/68 67/67/67
f 67/67/67 68/68/68 69/69/69
f 68/68/68 70/70/70 69/69/69
f 69/69/69 70/70/70 71/71/71
f 70/70/70 72/72/72 71/71/71
f 71/71/71 72/72/72 73/73/73
f 72/72/72 74/74/74 73/73/73
f 73/73/73 74/74/74 75/75/75
f 74/74/74 76/76/76 75/75/75
f 75/75/75 76/76/76 77/77/77
f 76/76/76 78/78/78 77/77/77
f 81/81/81 80/80/80 79/79/79
f 82/82/82 81/81/81 79/79/79
f 83/83/83 81/81/81 82/82/82
f 84/84/84 83/83/83 82/82/82
f 85/85/85 83/83/83 84/84/84
f 86/86/86 85/85/85 84/84/84
f 87/87/87 85/85/85 86/86/86
f 88/88/88 87/87/87 86/86/86
f 89/89/89 87/87/87 88/88/88
f 90/90/90 89/89/89 88/88/88
f 91/91/91 89/89/89 90/90/90
f 92/92/92 91/91/91 90/90/90
f 93/93/93 91/91/91 92/92/92
f 94/94/94 93/93/93 92/92/92
f 95/95/95 93/93/93 94/94/94
f 96/96/96 95/95/95 94/94/94
f 97/97/97 95/95/95 96/96/96
f 98/98/98 97/97/97 96/96/96
f 99/99/99 97/97/97 98/98/98
f 100/100/100 99/99/99 98/98/98
f 103/103/103 102/102/102 101/101/101
f 102/102/102 104/104/104 101/101/101
f 101/101/101 104/104/104 105/105/105
f 104/104/104 106/106/106 105/105/105
f 105/105/105 106/106/106 107/107/107
f 106/106/106 108/108/108 107/107/107
f 107/107/107 108/108/108 109/109/109
f 108/108/108 110/110/110 109/109/109
f 109/109/109 110/110/110 111/111/111
f 110/110/110 112/112/112 111/111/111
f 111/111/111 112/112/112 113/113/113
f 112/112/112 114/114/114 113/113/113
f 113/113/113 114/114/114 115/115/115
f 114/114/114 116/116/116 115/115/115
f 115/115/115 116/116/116 117/117/117
f 116/116/116 118/118/118 117/117/117
f 117/117/117 118/118/118 119/119/119
f 118/118/118 120/120/120 119/119/119
f 119/119/119 120/120/120 121/121/121
f 120/120/120 122/122/122 121/121/121
f 125/125/125 124/124/124 123/123/123
f 126/126/126 125/125/125 123/123/123
f 127/127/127 125/125/125 126/126/126
f 128/128/128 127/127/127 126/126/126
f 129/129/129 127/127/127 128/128/128
f 130/130/130 129/129/129 128/128/128
f 131/131/131 129/129/129 130/130/130
f 132/132/132 131/131/131 130/130/130
f 133/133/133 131/131/131 132/132/132
f 134/134/134 133/133/133 132/132/132
f 135/135/135 133/133/133 134/134/134
f 136/136/136 135/135/135 134/134/134
f 137/137/137 135/135/135 136/136/136
f 138/138/138 137/137/137 136/136/136
f 139/139/139 137/137/137 138/138/138
f 140/140/140 139/139/139 138/138/138
f 141/141/141 139/139/139 140/140/140
f 142/142/142 141/141/141 140/140/140
f 143/143/143 141/141/141 142/142/142
f 144/144/144 143/143/143 142/142/142
f 147/147/147 146/146/146 145/145/145
f 148/148/148 147/147/147 145/145/145
f 151/151/151 150/150/150 149/149/149
f 152/152/152 151/151/151 149/149/149
f 155/155/155 154/154/154 153/153/153
f 156/156/156 155/155/155 153/153/153
f 159/159/159 158/158/158 157/157/157
f 160/160/160 159/159/159 157/157/157
f 163/163/163 162/162/162 161/161/161
f 164/164/164 163/163/163 161/161/161
f 167/167/167 166/166/166 165/165/165
f 168/168/168 167/167/167 165/165/165
f 171/171/171 170/170/170 169/169/169
f 172/172/172 171/171/171 169/169/169
f 175/175/175 174/174/174 173/173/173
f 176/176/176 175/175/175 173/173/173
f 179/179/179 178/178/178 177/177/177
f 180/180/180 179/179/179 177/177/177
f 183/183/183 182/182/182 181/181/181
f 184/184/184 183/183/183 181/181/181
f 187/187/187 186/186/186 185/185/185
f 188/188/188 187/187/187 185/185/185
f 188/188/188 185/185/185 189/189/189
f 190/190/190 188/188/188 189/189/189
f 190/190/190 189/189/189 191/191/191
f 192/192/192 190/190/190 191/191/191
f 192/192/192 191/191/191 193/193/193
f 194/194/194 192/192/192 193/193/193
f 194/194/194 193/193/193 195/195/195
f 196/196/196 194/194/194 195/195/195
f 196/196/196 195/195/195 197/197/197
f 198/198/198 196/196/196 197/197/197
f 198/198/198 197/197/197 199/199/199
f 200/200/200 198/198/198 199/199/199
f 200/200/200 199/199/199 201/201/201
f 202/202/202 200/200/200 201/201/201
f 202/202/202 201/201/201 203/203/203
f 204/204/204 202/202/202 203/203/203
f 204/204/204 203/203/203 205/205/205
f 206/206/206 204/204/204 205/205/205
f 209/209/209 208/208/208 207/207/207
f 208/208/208 210/210/210 207/207/207
f 208/208/208 211/211/211 210/210/210
f 211/211/211 212/212/212 210/210/210
f 211/211/211 213/213/213 212/212/212
f 213/213/213 214/214/214 212/212/212
f 213/213/213 215/215/215 214/214/214
f 215/215/215 216/216/216 214/214/214
f 215/215/215 217/217/217 216/216/216
f 217/217/217 218/218/218 216/216/216
f 217/217/217 219/219/219 218/218/218
f 219/219/219 220/220/220 218/218/218
f 219/219/219 221/221/221 220/220/220
f 221/221/221 222/222/222 220/220/220
f 221/221/221 223/223/223 222/222/222
f 223/223/223 224/224/224 222/222/222
f 223/223/223 225/225/225 224/224/224
f 225/225/225 226/226/226 224/224/224
f 225/225/225 227/227/227 226/226/226
f 227/227/227 228/228/228 226/226/226
f 231/231/231 230/230/230 229/229/229
f 232/232/232 231/231/231 229/229/229
f 232/232/232 229/229/229 233/233/233
f 234/234/234 232/232/232 233/233/233
f 234/234/234 233/233/233 235/235/235
f 236/236/236 234/234/234 235/235/235
f 236/236/236 235/235/235 237/237/237
f 238/238/238 236/236/236 237/237/237
f 238/238/238 237/237/237 239/239/239
f 240/240/240 238/238/238 239/239/239
f 240/240/240 239/239/239 241/241/241
f 242/242/242 240/240/240 241/241/241
f 242/242/242 241/241/241 243/243/243
f 244/244/244 242/242/242 243/243/243
f 244/244/244 243/243/243 245/245/245
f 246/246/246 244/244/244 245/245/245
f 246/246/246 245/245/245 247/247/247
f 248/248/248 246/246/246 247/247/247
f 248/248/248 247/247/247 249/249/249
f 250/250/250 248/248/248 249/249/249
f 253/253/253 252/252/252 251/251/251
f 252/252/252 254/254/254 251/251/251
f 252/252/252 255/255/255 254/254/254
f 255/255/255 256/256/256 254/254/254
f 255/255/255 257/257/257 256/256/256
f 257/257/257 258/258/258 256/256/256
f 257/257/257 259/259/259 258/258/258
f 259/259/259 260/260/260 258/258/258
f 259/259/259 261/261/261 260/260/260
f 261/261/261 262/262/262 260/260/260
f 261/261/261 263/263/263 262/262/262
f 263/263/263 264/264/264 262/262/262
f 263/263/263 265/265/265 264/264/264
f 265/265/265 266/266/266 264/264/264
f 265/265/265 267/267/267 266/266/266
f 267/267/267 268/268/268 266/266/266
f 267/267/267 269/269/269 268/268/268
f 269/269/269 270/270/270 268/268/268
f 269/269/269 271/271/271 270/270/270
f 271/271/271 272/272/272 270/270/270
f 275/275/275 274/274/274 273/273/273
f 276/276/276 275/275/275 273/273/273
f 279/279/279 278/278/278 277/277/277
f 280/280/280 279/279/279 277/277/277
f 283/283/283 282/282/282 281/281/281
f 284/284/284 283/283/283 281/281/281
f 287/287/287 286/286/286 285/285/285
f 288/288/288 287/287/287 285/285/285
f 291/291/291 290/290/290 289/289/289
f 292/292/292 291/291/291 289/289/289
f 295/295/295 294/294/294 293/293/293
f 296/296/296 295/295/295 293/293/293
f 299/299/299 298/298/298 297/297/297
f 300/300/300 299/299/299 297/297/297
f 303/303/303 302/302/302 301/301/301
f 304/304/304 303/303/303 301/301/301
f 307/307/307 306/306/306 305/305/305
f 308/308/308 307/307/307 305/305/305
f 311/311/311 310/310/310 309/309/309
f 312/312/312 311/311/311 309/309/309
f 315/315/315 314/314/314 313/313/313
f 316/316/316 315/315/315 313/313/313
f 319/319/319 318/318/318 317/317/317
f 320/320/320 319/319/319 317/317/317
f 323/323/323 322/322/322 321/321/321
f 324/324/324 323/323/323 321/321/321
f 327/327/327 326/326/326 325/325/325
f 328/328/328 327/327/327 325/325/325
f 331/331/331 330/330/330 329/329/329
f 332/332/332 331/331/331 329/329/329
f 335/335/335 334/334/334 333/333/333
f 336/336/336 335/335/335 333/333/333
f 339/339/339 338/338/338 337/337/337
f 340/340/340 339/339/339 337/337/337
f 343/343/343 342/342/342 341/341/341
f 344/344/344 343/343/343 341/341/341
f 347/347/347 346/346/346 345/345/345
f 348/348/348 347/347/347 345/345/345
f 351/351/351 350/350/350 349/349/349
f 352/352/352 351/351/351 349/349/349
f 355/355/355 354/354/354 353/353/353
f 356/356/356 355/355/355 353/353/353
f 356/356/356 357/357/357 355/355/355
f 357/357/357 358/358/358 355/355/355
f 357/357/357 359/359/359 358/358/358
f 359/359/359 360/360/360 358/358/358
f 359/359/359 361/361/361 360/360/360
f 361/361/361 362/362/362 360/360/360
f 365/365/365 364/364/364 363/363/363
f 364/364/364 366/366/366 363/363/363
f 363/363/363 366/366/366 367/367/367
f 364/364/364 368/368/368 366/366/366
f 366/366/366 369/369/369 367/367/367
f 367/367/367 369/369/369 370/370/370
f 368/368/368 371/371/371 366/366/366
f 366/366/366 371/371/371 369/369/369
f 368/368/368 372/372/372 371/371/371
f 372/372/372 373/373/373 371/371/371
f 371/371/371 373/373/373 374/374/374
f 371/371/371 374/374/374 369/369/369
f 373/373/373 375/375/375 374/374/374
f 369/369/369 376/376/376 370/370/370
f 369/369/369 374/374/374 376/376/376
f 370/370/370 376/376/376 377/377/377
f 374/374/374 375/375/375 378/378/378
f 374/374/374 378/378/378 376/376/376
f 375/375/375 379/379/379 378/378/378
f 376/376/376 380/380/380 377/377/377
f 376/376/376 378/378/378 380/380/380
f 377/377/377 380/380/380 381/381/381
f 378/378/378 379/379/379 382/382/382
f 378/378/378 382/382/382 380/380/380
f 379/379/379 383/383/383 382/382/382
f 380/380/380 384/384/384 381/381/381
f 380/380/380 382/382/382 384/384/384
f 381/381/381 384/384/384 385/385/385
f 382/382/382 383/383/383 386/386/386
f 382/382/382 386/386/386 384/384/384
f 383/383/383 387/387/387 386/386/386
f 384/384/384 388/388/388 385/385/385
f 384/384/384 386/386/386 388/388/388
f 385/385/385 388/388/388 389/389/389
f 388/388/388 390/390/390 389/389/389
f 386/386/386 387/387/387 391/391/391
f 386/386/386 391/391/391 388/388/388
f 388/388/388 391/391/391 390/390/390
f 387/387/387 392/392/392 391/391/391
f 391/391/391 393/393/393 390/390/390
f 391/391/391 392/392/392 393/393/393
f 392/392/392 394/394/394 393/393/393
f 397/397/397 396/396/396 395/395/395
f 396/396/396 398/398/398 395/395/395
f 395/395/395 398/398/398 399/399/399
f 396/396/396 400/400/400 398/398/398
f 398/398/398 401/401/401 399/399/399
f 399/399/399 401/401/401 402/402/402
f 400/400/400 403/403/403 398/398/398
f 398/398/398 403/403/403 401/401/401
f 400/400/400 404/404/404 403/403/403
f 404/404/404 405/405/405 403/403/403
f 403/403/403 405/405/405 406/406/406
f 403/403/403 406/406/406 401/401/401
f 405/405/405 407/407/407 406/406/406
f 401/401/401 408/408/408 402/402/402
f 401/401/401 406/406/406 408/408/408
f 402/402/402 408/408/408 409/409/409
f 406/406/406 407/407/407 410/410/410
f 406/406/406 410/410/410 408/408/408
f 407/407/407 411/411/411 410/410/410
f 408/408/408 412/412/412 409/409/409
f 408/408/408 410/410/410 412/412/412
f 409/409/409 412/412/412 413/413/413
f 410/410/410 411/411/411 414/414/414
f 410/410/410 414/414/414 412/412/412
f 411/411/411 415/415/415 414/414/414
f 412/412/412 416/416/416 413/413/413
f 412/412/412 414/414/414 416/416/416
f 413/413/413 416/416/416 417/417/417
f 414/414/414 415/415/415 418/418/418
f 414/414/414 418/418/418 416/416/416
f 415/415/415 419/419/419 418/418/418
f 416/416/416 420/420/420 417/417/417
f 416/416/416 418/418/418 420/420/420
f 417/417/417 420/420/420 421/421/421
f 420/420/420 422/422/422 421/421/421
f 418/418/418 419/419/419 423/423/423
f 418/418/418 423/423/423 420/420/420
f 420/420/420 423/423/423 422/422/422
f 419/419/419 424/424/424 423/423/423
f 423/423/423 425/425/425 422/422/422
f 423/423/423 424/424/424 425/425/425
f 424/424/424 426/426/426 425/425/425
f 429/429/429 428/428/428 427/427/427
f 427/427/427 428/428/428 430/430/430
f 430/430/430 428/428/428 431/431/431
f 431/431/431 428/428/428 432/432/432
f 432/432/432 428/428/428 433/433/433
f 433/433/433 428/428/428 434/434/434
f 434/434/434 428/428/428 435/435/435
f 438/438/438 437/437/437 436/436/436
f 439/439/439 437/437/437 438/438/438
f 440/440/440 437/437/437 439/439/439
f 441/441/441 437/437/437 440/440/440
f 442/442/442 437/437/437 441/441/441
f 443/443/443 437/437/437 442/442/442
f 444/444/444 437/437/437 443/443/443
f 447/447/447 446/446/446 445/445/445
f 448/448/448 447/447/447 445/445/445
f 451/451/451 450/450/450 449/449/449
f 452/452/452 451/451/451 449/449/449
f 455/455/455 454/454/454 453/453/453
f 456/456/456 455/455/455 453/453/453
f 459/459/459 458/458/458 457/457/457
f 460/460/460 459/459/459 457/457/457
f 463/463/463 462/462/462 461/461/461
f 464/464/464 463/463/463 461/461/461
f 467/467/467 466/466/466 465/465/465
f 468/468/468 467/467/467 465/465/465
f 471/471/471 470/470/470 469/469/469
f 472/472/472 471/471/471 469/469/469
f 475/475/475 474/474/474 473/473/473
f 476/476/476 475/475/475 473/473/473
f 479/479/479 478/478/478 477/477/477
f 480/480/480 479/479/479 477/477/477
f 483/483/483 482/482/482 481/481/481
f 484/484/484 483/483/483 481/481/481
f 487/487/487 486/486/486 485/485/485
f 486/486/486 488/488/488 485/485/485
f 485/485/485 488/488/488 489/489/489
f 488/488/488 490/490/490 489/489/489
f 489/489/489 490/490/490 491/491/491
f 490/490/490 492/492/492 491/491/491
f 491/491/491 492/492/492 493/493/493
f 492/492/492 494/494/494 493/493/493
f 493/493/493 494/494/494 495/495/495
f 494/494/494 496/496/496 495/495/495
f 495/495/495 496/496/496 497/497/497
f 496/496/496 498/498/498 497/497/497
f 497/497/497 498/498/498 499/499/499
f 498/498/498 500/500/500 499/499/499
f 499/499/499 500/500/500 501/501/501
f 500/500/500 502/502/502 501/501/501
f 501/501/501 502/502/502 503/503/503
f 502/502/502 504/504/504 503/503/503
f 503/503/503 504/504/504 505/505/505
f 504/504/504 506/506/506 505/505/505
f 509/509/509 508/508/508 507/507/507
f 510/510/510 509/509/509 507/507/507
f 513/513/513 512/512/512 511/511/511
f 514/514/514 513/513/513 511/511/511
f 517/517/517 516/516/516 515/515/515
f 517/517/517 515/515/515 518/518/518
f 518/518/518 515/515/515 519/519/519
f 519/519/519 515/515/515 520/520/520
f 520/520/520 515/515/515 521/521/521
f 521/521/521 515/515/515 522/522/522
f 522/522/522 515/515/515 523/523/523
f 523/523/523 515/515/515 524/524/524
f 524/524/524 515/515/515 525/525/525
f 525/525/525 515/515/515 526/526/526
f 526/526/526 515/515/515 527/527/527
f 515/515/515 528/528/528 527/527/527
f 531/531/531 530/530/530 529/529/529
f 532/532/532 531/531/531 529/529/529
f 533/533/533 531/531/531 532/532/532
f 534/534/534 533/533/533 532/532/532
f 537/537/537 536/536/536 535/535/535
f 536/536/536 538/538/538 535/535/535
f 535/535/535 538/538/538 539/539/539
f 538/538/538 540/540/540 539/539/539
f 539/539/539 540/540/540 541/541/541
f 540/540/540 542/542/542 541/541/541
f 541/541/541 542/542/542 543/543/543
f 542/542/542 544/544/544 543/543/543
f 543/543/543 544/544/544 545/545/545
f 544/544/544 546/546/546 545/545/545
f 545/545/545 546/546/546 547/547/547
f 546/546/546 548/548/548 547/547/547
f 547/547/547 548/548/548 549/549/549
f 548/548/548 550/550/550 549/549/549
f 549/549/549 550/550/550 551/551/551
f 550/550/550 552/552/552 551/551/551
f 551/551/551 552/552/552 553/553/553
f 552/552/552 554/554/554 553/553/553
f 553/553/553 554/554/554 555/555/555
f 554/554/554 556/556/556 555/555/555
f 559/559/559 558/558/558 557/557/557
f 560/560/560 559/559/559 557/557/557
f 561/561/561 559/559/559 560/560/560
f 562/562/562 561/561/561 560/560/560
f 563/563/563 561/561/561 562/562/562
f 564/564/564 563/563/563 562/562/562
f 565/565/565 563/563/563 564/564/564
f 566/566/566 565/565/565 564/564/564
f 567/567/567 565/565/565 566/566/566
f 568/568/568 567/567/567 566/566/566
f 569/569/569 567/567/567 568/568/568
f 570/570/570 569/569/569 568/568/568
f 571/571/571 569/569/569 570/570/570
f 572/572/572 571/571/571 570/570/570
f 573/573/573 571/571/571 572/572/572
f 574/574/574 573/573/573 572/572/572
f 575/575/575 573/573/573 574/574/574
f 576/576/576 575/575/575 574/574/574
f 577/577/577 575/575/575 576/576/576
f 578/578/578 577/577/577 576/576/576
f 581/581/581 580/580/580 579/579/579
f 580/580/580 582/582/582 579/579/579
f 579/579/579 582/582/582 583/583/583
f 582/582/582 584/584/584 583/583/583
f 583/583/583 584/584/584 585/585/585
f 584/584/584 586/586/586 585/585/585
f 585/585/585 586/586/586 587/587/587
f 586/586/586 588/588/588 587/587/587
f 587/587/587 588/588/588 589/589/589
f 588/588/588 590/590/590 589/589/589
f 589/589/589 590/590/590 591/591/591
f 590/590/590 592/592/592 591/591/591
f 591/591/591 592/592/592 593/593/593
f 592/592/592 594/594/594 593/593/593
f 593/593/593 594/594/594 595/595/595
f 594/594/594 596/596/596 595/595/595
f 595/595/595 596/596/596 597/597/597
f 596/596/596 598/598/598 597/597/597
f 597/597/597 598/598/598 599/599/599
f 598/598/598 600/600/600 599/599/599
f 603/603/603 602/602/602 601/601/601
f 604/604/604 603/603/603 601/601/601
f 605/605/605 603/603/603 604/604/604
f 606/606/606 605/605/605 604/604/604
f 607/607/607 605/605/605 606/606/606
f 608/608/608 607/607/607 606/606/606
f 609/609/609 607/607/607 608/608/608
f 610/610/610 609/609/609 608/608/608
f 611/611/611 609/609/609 610/610/610
f 612/612/612 611/611/611 610/610/610
f 613/613/613 611/611/611 612/612/612
f 614/614/614 613/613/613 612/612/612
f 615/615/615 613/613/613 614/614/614
f 616/616/616 615/615/615 614/614/614
f 617/617/617 615/615/615 616/616/616
f 618/618/618 617/617/617 616/616/616
f 619/619/619 617/617/617 618/618/618
f 620/620/620 619/619/619 618/618/618
f 621/621/621 619/619/619 620/620/620
f 622/622/622 621/621/621 620/620/620
f 625/625/625 624/624/624 623/623/623
f 626/626/626 625/625/625 623/623/623
f 629/629/629 628/628/628 627/627/627
f 630/630/630 629/629/629 627/627/627
f 633/633/633 632/632/632 631/631/631
f 634/634/634 633/633/633 631/631/631
f 637/637/637 636/636/636 635/635/635
f 638/638/638 637/637/637 635/635/635
f 641/641/641 640/640/640 639/639/639
f 642/642/642 641/641/641 639/639/639
f 645/645/645 644/644/644 643/643/643
f 646/646/646 645/645/645 643/643/643
f 649/649/649 648/648/648 647/647/647
f 650/650/650 649/649/649 647/647/647
f 653/653/653 652/652/652 651/651/651
f 654/654/654 653/653/653 651/651/651
f 657/657/657 656/656/656 655/655/655
f 658/658/658 657/657/657 655/655/655
f 661/661/661 660/660/660 659/659/659
f 662/662/662 661/661/661 659/659/659
f 665/665/665 664/664/664 663/663/663
f 666/666/666 665/665/665 663/663/663
f 669/669/669 668/668/668 667/667/667
f 670/670/670 669/669/669 667/667/667
f 673/673/673 672/672/672 671/671/671
f 672/672/672 674/674/674 671/671/671
f 671/671/671 674/674/674 675/675/675
f 676/676/676 671/671/671 675/675/675
f 676/676/676 675/675/675 677/677/677
f 675/675/675 678/678/678 677/677/677
f 681/681/681 680/680/680 679/679/679
f 680/680/680 682/682/682 679/679/679
f 682/682/682 683/683/683 679/679/679
f 683/683/683 684/684/684 679/679/679
f 684/684/684 683/683/683 685/685/685
f 683/683/683 686/686/686 685/685/685
f 689/689/689 688/688/688 687/687/687
f 688/688/688 690/690/690 687/687/687
f 690/690/690 691/691/691 687/687/687
f 691/691/691 692/692/692 687/687/687
f 692/692/692 691/691/691 693/693/693
f 691/691/691 694/694/694 693/693/693
f 697/697/697 696/696/696 695/695/695
f 696/696/696 698/698/698 695/695/695
f 698/698/698 699/699/699 695/695/695
f 699/699/699 700/700/700 695/695/695
f 700/700/700 699/699/699 701/701/701
f 699/699/699 702/702/702 701/701/701
f 705/705/705 704/704/704 703/703/703
f 704/704/704 706/706/706 703/703/703
f 706/706/706 707/707/707 703/703/703
f 707/707/707 708/708/708 703/703/703
f 708/708/708 707/707/707 709/709/709
f 710/710/710 708/708/708 709/709/709
f 713/713/713 712/712/712 711/711/711
f 712/712/712 714/714/714 711/711/711
f 714/714/714 715/715/715 711/711/711
f 715/715/715 716/716/716 711/711/711
f 716/716/716 715/715/715 717/717/717
f 718/718/718 716/716/716 717/717/717
f 721/721/721 720/720/720 719/719/719
f 720/720/720 722/722/722 719/719/719
f 722/722/722 723/723/723 719/719/719
f 723/723/723 724/724/724 719/719/719
f 724/724/724 723/723/723 725/725/725
f 726/726/726 724/724/724 725/725/725
f 729/729/729 728/728/728 727/727/727
f 728/728/728 730/730/730 727/727/727
f 727/727/727 730/730/730 731/731/731
f 732/732/732 727/727/727 731/731/731
f 732/732/732 731/731/731 733/733/733
f 734/734/734 732/732/732 733/733/733
f 737/737/737 736/736/736 735/735/735
f 736/736/736 738/738/738 735/735/735
f 735/735/735 738/738/738 739/739/739
f 738/738/738 740/740/740 739/739/739
f 739/739/739 740/740/740 741/741/741
f 740/740/740 742/742/742 741/741/741
f 741/741/741 742/742/742 743/743/743
f 742/742/742 744/744/744 743/743/743
f 743/743/743 744/744/744 745/745/745
f 744/744/744 746/746/746 745/745/745
f 745/745/745 746/746/746 747/747/747
f 746/746/746 748/748/748 747/747/747
f 747/747/747 748/748/748 749/749/749
f 748/748/748 750/750/750 749/749/749
f 749/749/749 750/750/750 751/751/751
f 750/750/750 752/752/752 751/751/751
f 751/751/751 752/752/752 753/753/753
f 752/752/752 754/754/754 753/753/753
f 753/753/753 754/754/754 755/755/755
f 754/754/754 756/756/756 755/755/755
f 759/759/759 758/758/758 757/757/757
f 760/760/760 759/759/759 757/757/757
f 761/761/761 759/759/759 760/760/760
f 762/762/762 761/761/761 760/760/760
f 763/763/763 761/761/761 762/762/762
f 764/764/764 763/763/763 762/762/762
f 765/765/765 763/763/763 764/764/764
f 766/766/766 765/765/765 764/764/764
f 767/767/767 765/765/765 766/766/766
f 768/768/768 767/767/767 766/766/766
f 769/769/769 767/767/767 768/768/768
f 770/770/770 769/769/769 768/768/768
f 771/771/771 769/769/769 770/770/770
f 772/772/772 771/771/771 770/770/770
f 773/773/773 771/771/771 772/772/772
f 774/774/774 773/773/773 772/772/772
f 775/775/775 773/773/773 774/774/774
f 776/776/776 775/775/775 774/774/774
f 777/777/777 775/775/775 776/776/776
f 778/778/778 777/777/777 776/776/776
f 781/781/781 780/780/780 779/779/779
f 780/780/780 782/782/782 779/779/779
f 779/779/779 782/782/782 783/783/783
f 782/782/782 784/784/784 783/783/783
f 783/783/783 784/784/784 785/785/785
f 784/784/784 786/786/786 785/785/785
f 785/785/785 786/786/786 787/787/787
f 786/786/786 788/788/788 787/787/787
f 787/787/787 788/788/788 789/789/789
f 788/788/788 790/790/790 789/789/789
f 789/789/789 790/790/790 791/791/791
f 790/790/790 792/792/792 791/791/791
f 791/791/791 792/792/792 793/793/793
f 792/792/792 794/794/794 793/793/793
f 793/793/793 794/794/794 795/795/795
f 794/794/794 796/796/796 795/795/795
f 795/795/795 796/796/796 797/797/797
f 796/796/796 798/798/798 797/797/797
f 797/797/797 798/798/798 799/799/799
f 798/798/798 800/800/800 799/799/799
f 803/803/803 802/802/802 801/801/801
f 804/804/804 803/803/803 801/801/801
f 805/805/805 803/803/803 804/804/804
f 806/806/806 805/805/805 804/804/804
f 807/807/807 805/805/805 806/806/806
f 808/808/808 807/807/807 806/806/806
f 809/809/809 807/807/807 808/808/808
f 810/810/810 809/809/809 808/808/808
f 811/811/811 809/809/809 810/810/810
f 812/812/812 811/811/811 810/810/810
f 813/813/813 811/811/811 812/812/812
f 814/814/814 813/813/813 812/812/812
f 815/815/815 813/813/813 814/814/814
f 816/816/816 815/815/815 814/814/814
f 817/817/817 815/815/815 816/816/816
f 818/818/818 817/817/817 816/816/816
f 819/819/819 817/817/817 818/818/818
f 820/820/820 819/819/819 818/818/818
f 821/821/821 819/819/819 820/820/820
f 822/822/822 821/821/821 820/820/820
f 825/825/825 824/824/824 823/823/823
f 824/824/824 826/826/826 823/823/823
f 823/823/823 826/826/826 827/827/827
f 826/826/826 828/828/828 827/827/827
f 827/827/827 828/828/828 829/829/829
f 828/828/828 830/830/830 829/829/829
f 829/829/829 830/830/830 831/831/831
f 830/830/830 832/832/832 831/831/831
f 831/831/831 832/832/832 833/833/833
f 832/832/832 834/834/834 833/833/833
f 833/833/833 834/834/834 835/835/835
f 834/834/834 836/836/836 835/835/835
f 835/835/835 836/836/836 837/837/837
f 836/836/836 838/838/838 837/837/837
f 837/837/837 838/838/838 839/839/839
f 838/838/838 840/840/840 839/839/839
f 839/839/839 840/840/840 841/841/841
f 840/840/840 842/842/842 841/841/841
f 841/841/841 842/842/842 843/843/843
f 842/842/842 844/844/844 843/843/843
f 847/847/847 846/846/846 845/845/845
f 848/848/848 847/847/847 845/845/845
f 849/849/849 847/847/847 848/848/848
f 850/850/850 849/849/849 848/848/848
f 851/851/851 849/849/849 850/850/850
f 852/852/852 851/851/851 850/850/850
f 853/853/853 851/851/851 852/852/852
f 854/854/854 853/853/853 852/852/852
f 855/855/855 853/853/853 854/854/854
f 856/856/856 855/855/855 854/854/854
f 857/857/857 855/855/855 856/856/856
f 858/858/858 857/857/857 856/856/856
f 859/859/859 857/857/857 858/858/858
f 860/860/860 859/859/859 858/858/858
f 861/861/861 859/859/859 860/860/860
f 862/862/862 861/861/861 860/860/860
f 863/863/863 861/861/861 862/862/862
f 864/864/864 863/863/863 862/862/862
f 865/865/865 863/863/863 864/864/864
f 866/866/866 865/865/865 864/864/864
f 869/869/869 868/868/868 867/867/867
f 868/868/868 870/870/870 867/867/867
f 867/867/867 870/870/870 871/871/871
f 870/870/870 872/872/872 871/871/871
f 871/871/871 872/872/872 873/873/873
f 872/872/872 874/874/874 873/873/873
f 873/873/873 874/874/874 875/875/875
f 874/874/874 876/876/876 875/875/875
f 875/875/875 876/876/876 877/877/877
f 876/876/876 878/878/878 877/877/877
f 877/877/877 878/878/878 879/879/879
f 878/878/878 880/880/880 879/879/879
f 879/879/879 880/880/880 881/881/881
f 880/880/880 882/882/882 881/881/881
f 881/881/881 882/882/882 883/883/883
f 882/882/882 884/884/884 883/883/883
f 883/883/883 884/884/884 885/885/885
f 884/884/884 886/886/886 885/885/885
f 885/885/885 886/886/886 887/887/887
f 886/886/886 888/888/888 887/887/887
f 891/891/891 890/890/890 889/889/889
f 892/892/892 891/891/891 889/889/889
f 893/893/893 891/891/891 892/892/892
f 894/894/894 893/893/893 892/892/892
f 895/895/895 893/893/893 894/894/894
f 896/896/896 895/895/895 894/894/894
f 897/897/897 895/895/895 896/896/896
f 898/898/898 897/897/897 896/896/896
f 899/899/899 897/897/897 898/898/898
f 900/900/900 899/899/899 898/898/898
f 901/901/901 899/899/899 900/900/900
f 902/902/902 901/901/901 900/900/900
f 903/903/903 901/901/901 902/902/902
f 904/904/904 903/903/903 902/902/902
f 905/905/905 903/903/903 904/904/904
f 906/906/906 905/905/905 904/904/904
f 907/907/907 905/905/905 906/906/906
f 908/908/908 907/907/907 906/906/906
f 909/909/909 907/907/907 908/908/908
f 910/910/910 909/909/909 908/908/908
f 913/913/913 912/912/912 911/911/911
f 914/914/914 913/913/913 911/911/911
f 917/917/917 916/916/916 915/915/915
f 918/918/918 917/917/917 915/915/915
f 921/921/921 920/920/920 919/919/919
f 922/922/922 921/921/921 919/919/919
f 922/922/922 919/919/919 923/923/923
f 919/919/919 924/924/924 923/923/923
f 923/923/923 924/924/924 925/925/925
f 926/926/926 923/923/923 925/925/925
f 929/929/929 928/928/928 927/927/927
f 930/930/930 929/929/929 927/927/927
f 931/931/931 930/930/930 927/927/927
f 932/932/932 931/931/931 927/927/927
f 931/931/931 932/932/932 933/933/933
f 934/934/934 931/931/931 933/933/933
f 937/937/937 936/936/936 935/935/935
f 938/938/938 937/937/937 935/935/935
f 939/939/939 938/938/938 935/935/935
f 940/940/940 939/939/939 935/935/935
f 939/939/939 940/940/940 941/941/941
f 942/942/942 939/939/939 941/941/941
f 945/945/945 944/944/944 943/943/943
f 946/946/946 945/945/945 943/943/943
f 947/947/947 946/946/946 943/943/943
f 948/948/948 947/947/947 943/943/943
f 947/947/947 948/948/948 949/949/949
f 950/950/950 947/947/947 949/949/949
f 953/953/953 952/952/952 951/951/951
f 954/954/954 953/953/953 951/951/951
f 955/955/955 954/954/954 951/951/951
f 956/956/956 955/955/955 951/951/951
f 955/955/955 956/956/956 957/957/957
f 956/956/956 958/958/958 957/957/957
f 961/961/961 960/960/960 959/959/959
f 962/962/962 961/961/961 959/959/959
f 963/963/963 962/962/962 959/959/959
f 964/964/964 963/963/963 959/959/959
f 963/963/963 964/964/964 965/965/965
f 964/964/964 966/966/966 965/965/965
f 969/969/969 968/968/968 967/967/967
f 970/970/970 969/969/969 967/967/967
f 971/971/971 970/970/970 967/967/967
f 972/972/972 971/971/971 967/967/967
f 971/971/971 972/972/972 973/973/973
f 972/972/972 974/974/974 973/973/973
f 977/977/977 976/976/976 975/975/975
f 978/978/978 977/977/977 975/975/975
f 978/978/978 975/975/975 979/979/979
f 975/975/975 980/980/980 979/979/979
f 979/979/979 980/980/980 981/981/981
f 980/980/980 982/982/982 981/981/981
f 985/985/985 984/984/984 983/983/983
f 986/986/986 985/985/985 983/983/983
f 989/989/989 988/988/988 987/987/987
f 990/990/990 989/989/989 987/987/987
f 993/993/993 992/992/992 991/991/991
f 994/994/994 993/993/993 991/991/991
f 997/997/997 996/996/996 995/995/995
f 998/998/998 997/997/997 995/995/995
f 1001/1001/1001 1000/1000/1000 999/999/999
f 1002/1002/1002 1001/1001/1001 999/999/999
f 1005/1005/1005 1004/1004/1004 1003/1003/1003
f 1006/1006/1006 1005/1005/1005 1003/1003/1003
f 1009/1009/1009 1008/1008/1008 1007/1007/1007
f 1010/1010/1010 1009/1009/1009 1007/1007/1007
f 1013/1013/1013 1012/1012/1012 1011/1011/1011
f 1014/1014/1014 1013/1013/1013 1011/1011/1011
f 1017/1017/1017 1016/1016/1016 1015/1015/1015
f 1018/1018/1018 1017/1017/1017 1015/1015/1015
f 1021/1021/1021 1020/1020/1020 1019/1019/1019
f 1022/1022/1022 1021/1021/1021 1019/1019/1019
f 1025/1025/1025 1024/1024/1024 1023/1023/1023
f 1026/1026/1026 1025/1025/1025 1023/1023/1023
f 1026/1026/1026 1023/1023/1023 1027/1027/1027
f 1025/1025/1025 1026/1026/1026 1028/1028/1028
f 1029/1029/1029 1025/1025/1025 1028/1028/1028
f 1030/1030/1030 1026/1026/1026 1027/1027/1027
f 1030/1030/1030 1027/1027/1027 1031/1031/1031
f 1029/1029/1029 1028/1028/1028 1032/1032/1032
f 1033/1033/1033 1029/1029/1029 1032/1032/1032
f 1028/1028/1028 1026/1026/1026 1034/1034/1034
f 1026/1026/1026 1030/1030/1030 1034/1034/1034
f 1035/1035/1035 1030/1030/1030 1031/1031/1031
f 1035/1035/1035 1031/1031/1031 1036/1036/1036
f 1032/1032/1032 1028/1028/1028 1037/1037/1037
f 1028/1028/1028 1034/1034/1034 1037/1037/1037
f 1033/1033/1033 1032/1032/1032 1038/1038/1038
f 1039/1039/1039 1033/1033/1033 1038/1038/1038
f 1039/1039/1039 1038/1038/1038 1040/1040/1040
f 1034/1034/1034 1030/1030/1030 1041/1041/1041
f 1030/1030/1030 1035/1035/1035 1041/1041/1041
f 1042/1042/1042 1035/1035/1035 1036/1036/1036
f 1042/1042/1042 1036/1036/1036 1043/1043/1043
f 1038/1038/1038 1032/1032/1032 1044/1044/1044
f 1032/1032/1032 1037/1037/1037 1044/1044/1044
f 1045/1045/1045 1044/1044/1044 1037/1037/1037
f 1045/1045/1045 1046/1046/1046 1044/1044/1044
f 1037/1037/1037 1034/1034/1034 1047/1047/1047
f 1034/1034/1034 1041/1041/1041 1047/1047/1047
f 1047/1047/1047 1045/1045/1045 1037/1037/1037
f 1038/1038/1038 1044/1044/1044 1048/1048/1048
f 1044/1044/1044 1046/1046/1046 1048/1048/1048
f 1038/1038/1038 1048/1048/1048 1040/1040/1040
f 1040/1040/1040 1048/1048/1048 1049/1049/1049
f 1049/1049/1049 1048/1048/1048 1046/1046/1046
f 1050/1050/1050 1040/1040/1040 1049/1049/1049
f 1047/1047/1047 1041/1041/1041 1051/1051/1051
f 1045/1045/1045 1047/1047/1047 1051/1051/1051
f 1050/1050/1050 1049/1049/1049 1052/1052/1052
f 1053/1053/1053 1050/1050/1050 1052/1052/1052
f 1054/1054/1054 1053/1053/1053 1052/1052/1052
f 1055/1055/1055 1054/1054/1054 1052/1052/1052
f 1054/1054/1054 1055/1055/1055 1056/1056/1056
f 1052/1052/1052 1049/1049/1049 1057/1057/1057
f 1055/1055/1055 1052/1052/1052 1057/1057/1057
f 1058/1058/1058 1049/1049/1049 1046/1046/1046
f 1049/1049/1049 1058/1058/1058 1057/1057/1057
f 1041/1041/1041 1059/1059/1059 1051/1051/1051
f 1041/1041/1041 1035/1035/1035 1059/1059/1059
f 1035/1035/1035 1042/1042/1042 1059/1059/1059
f 1055/1055/1055 1060/1060/1060 1056/1056/1056
f 1061/1061/1061 1055/1055/1055 1057/1057/1057
f 1060/1060/1060 1055/1055/1055 1061/1061/1061
f 1057/1057/1057 1058/1058/1058 1062/1062/1062
f 1061/1061/1061 1057/1057/1057 1062/1062/1062
f 1063/1063/1063 1058/1058/1058 1046/1046/1046
f 1058/1058/1058 1063/1063/1063 1062/1062/1062
f 1062/1062/1062 1063/1063/1063 1064/1064/1064
f 1056/1056/1056 1060/1060/1060 1065/1065/1065
f 1066/1066/1066 1056/1056/1056 1065/1065/1065
f 1067/1067/1067 1061/1061/1061 1062/1062/1062
f 1062/1062/1062 1064/1064/1064 1067/1067/1067
f 1067/1067/1067 1068/1068/1068 1061/1061/1061
f 1069/1069/1069 1060/1060/1060 1061/1061/1061
f 1068/1068/1068 1069/1069/1069 1061/1061/1061
f 1069/1069/1069 1070/1070/1070 1060/1060/1060
f 1070/1070/1070 1065/1065/1065 1060/1060/1060
f 1069/1069/1069 1068/1068/1068 1070/1070/1070
f 1066/1066/1066 1065/1065/1065 1071/1071/1071
f 1072/1072/1072 1066/1066/1066 1071/1071/1071
f 1072/1072/1072 1071/1071/1071 1073/1073/1073
f 1071/1071/1071 1065/1065/1065 1074/1074/1074
f 1065/1065/1065 1070/1070/1070 1074/1074/1074
f 1071/1071/1071 1075/1075/1075 1073/1073/1073
f 1071/1071/1071 1074/1074/1074 1075/1075/1075
f 1073/1073/1073 1075/1075/1075 1076/1076/1076
f 1064/1064/1064 1077/1077/1077 1067/1067/1067
f 1067/1067/1067 1077/1077/1077 1068/1068/1068
f 1074/1074/1074 1070/1070/1070 1078/1078/1078
f 1074/1074/1074 1079/1079/1079 1075/1075/1075
f 1074/1074/1074 1078/1078/1078 1079/1079/1079
f 1075/1075/1075 1080/1080/1080 1076/1076/1076
f 1075/1075/1075 1079/1079/1079 1080/1080/1080
f 1068/1068/1068 1081/1081/1081 1070/1070/1070
f 1070/1070/1070 1081/1081/1081 1078/1078/1078
f 1080/1080/1080 1082/1082/1082 1076/1076/1076
f 1082/1082/1082 1083/1083/1083 1076/1076/1076
f 1082/1082/1082 1084/1084/1084 1083/1083/1083
f 1084/1084/1084 1085/1085/1085 1083/1083/1083
f 1084/1084/1084 1086/1086/1086 1085/1085/1085
f 1086/1086/1086 1087/1087/1087 1085/1085/1085
f 1086/1086/1086 1088/1088/1088 1087/1087/1087
f 1088/1088/1088 1089/1089/1089 1087/1087/1087
f 1088/1088/1088 1090/1090/1090 1089/1089/1089
f 1090/1090/1090 1091/1091/1091 1089/1089/1089
f 1090/1090/1090 1092/1092/1092 1091/1091/1091
f 1092/1092/1092 1093/1093/1093 1091/1091/1091
f 1092/1092/1092 1094/1094/1094 1093/1093/1093
f 1094/1094/1094 1095/1095/1095 1093/1093/1093
f 1095/1095/1095 1094/1094/1094 1096/1096/1096
f 1097/1097/1097 1095/1095/1095 1096/1096/1096
f 1098/1098/1098 1097/1097/1097 1096/1096/1096
f 1099/1099/1099 1094/1094/1094 1092/1092/1092
f 1099/1099/1099 1096/1096/1096 1094/1094/1094
f 1100/1100/1100 1092/1092/1092 1090/1090/1090
f 1100/1100/1100 1099/1099/1099 1092/1092/1092
f 1101/1101/1101 1090/1090/1090 1088/1088/1088
f 1101/1101/1101 1100/1100/1100 1090/1090/1090
f 1102/1102/1102 1088/1088/1088 1086/1086/1086
f 1102/1102/1102 1101/1101/1101 1088/1088/1088
f 1103/1103/1103 1099/1099/1099 1100/1100/1100
f 1103/1103/1103 1096/1096/1096 1099/1099/1099
f 1104/1104/1104 1100/1100/1100 1101/1101/1101
f 1104/1104/1104 1103/1103/1103 1100/1100/1100
f 1105/1105/1105 1098/1098/1098 1096/1096/1096
f 1106/1106/1106 1098/1098/1098 1105/1105/1105
f 1107/1107/1107 1096/1096/1096 1103/1103/1103
f 1107/1107/1107 1103/1103/1103 1104/1104/1104
f 1108/1108/1108 1104/1104/1104 1101/1101/1101
f 1108/1108/1108 1101/1101/1101 1102/1102/1102
f 1109/1109/1109 1102/1102/1102 1086/1086/1086
f 1109/1109/1109 1086/1086/1086 1084/1084/1084
f 1110/1110/1110 1096/1096/1096 1107/1107/1107
f 1105/1105/1105 1096/1096/1096 1110/1110/1110
f 1111/1111/1111 1107/1107/1107 1104/1104/1104
f 1110/1110/1110 1107/1107/1107 1111/1111/1111
f 1111/1111/1111 1104/1104/1104 1108/1108/1108
f 1112/1112/1112 1108/1108/1108 1102/1102/1102
f 1112/1112/1112 1102/1102/1102 1109/1109/1109
f 1113/1113/1113 1109/1109/1109 1084/1084/1084
f 1113/1113/1113 1084/1084/1084 1082/1082/1082
f 1105/1105/1105 1110/1110/1110 1114/1114/1114
f 1114/1114/1114 1110/1110/1110 1111/1111/1111
f 1115/1115/1115 1111/1111/1111 1108/1108/1108
f 1115/1115/1115 1108/1108/1108 1112/1112/1112
f 1114/1114/1114 1111/1111/1111 1115/1115/1115
f 1116/1116/1116 1112/1112/1112 1109/1109/1109
f 1116/1116/1116 1109/1109/1109 1113/1113/1113
f 1117/1117/1117 1113/1113/1113 1082/1082/1082
f 1117/1117/1117 1082/1082/1082 1080/1080/1080
f 1118/1118/1118 1105/1105/1105 1114/1114/1114
f 1118/1118/1118 1106/1106/1106 1105/1105/1105
f 1119/1119/1119 1115/1115/1115 1112/1112/1112
f 1119/1119/1119 1112/1112/1112 1116/1116/1116
f 1120/1120/1120 1114/1114/1114 1115/1115/1115
f 1118/1118/1118 1114/1114/1114 1120/1120/1120
f 1120/1120/1120 1115/1115/1115 1119/1119/1119
f 1106/1106/1106 1118/1118/1118 1121/1121/1121
f 1121/1121/1121 1118/1118/1118 1120/1120/1120
f 1122/1122/1122 1106/1106/1106 1121/1121/1121
f 1123/1123/1123 1116/1116/1116 1113/1113/1113
f 1123/1123/1123 1113/1113/1113 1117/1117/1117
f 1124/1124/1124 1117/1117/1117 1080/1080/1080
f 1079/1079/1079 1124/1124/1124 1080/1080/1080
f 1125/1125/1125 1119/1119/1119 1116/1116/1116
f 1125/1125/1125 1116/1116/1116 1123/1123/1123
f 1126/1126/1126 1120/1120/1120 1119/1119/1119
f 1121/1121/1121 1120/1120/1120 1126/1126/1126
f 1126/1126/1126 1119/1119/1119 1125/1125/1125
f 1122/1122/1122 1121/1121/1121 1127/1127/1127
f 1127/1127/1127 1121/1121/1121 1126/1126/1126
f 1128/1128/1128 1122/1122/1122 1127/1127/1127
f 1129/1129/1129 1123/1123/1123 1117/1117/1117
f 1129/1129/1129 1117/1117/1117 1124/1124/1124
f 1079/1079/1079 1130/1130/1130 1124/1124/1124
f 1078/1078/1078 1130/1130/1130 1079/1079/1079
f 1131/1131/1131 1125/1125/1125 1123/1123/1123
f 1131/1131/1131 1123/1123/1123 1129/1129/1129
f 1132/1132/1132 1126/1126/1126 1125/1125/1125
f 1127/1127/1127 1126/1126/1126 1132/1132/1132
f 1132/1132/1132 1125/1125/1125 1131/1131/1131
f 1128/1128/1128 1127/1127/1127 1133/1133/1133
f 1133/1133/1133 1127/1127/1127 1132/1132/1132
f 1134/1134/1134 1128/1128/1128 1133/1133/1133
f 1135/1135/1135 1129/1129/1129 1124/1124/1124
f 1130/1130/1130 1135/1135/1135 1124/1124/1124
f 1078/1078/1078 1136/1136/1136 1130/1130/1130
f 1078/1078/1078 1081/1081/1081 1136/1136/1136
f 1137/1137/1137 1131/1131/1131 1129/1129/1129
f 1137/1137/1137 1129/1129/1129 1135/1135/1135
f 1138/1138/1138 1132/1132/1132 1131/1131/1131
f 1133/1133/1133 1132/1132/1132 1138/1138/1138
f 1138/1138/1138 1131/1131/1131 1137/1137/1137
f 1134/1134/1134 1133/1133/1133 1139/1139/1139
f 1139/1139/1139 1133/1133/1133 1138/1138/1138
f 1140/1140/1140 1134/1134/1134 1139/1139/1139
f 1130/1130/1130 1141/1141/1141 1135/1135/1135
f 1136/1136/1136 1141/1141/1141 1130/1130/1130
f 1142/1142/1142 1137/1137/1137 1135/1135/1135
f 1141/1141/1141 1142/1142/1142 1135/1135/1135
f 1143/1143/1143 1138/1138/1138 1137/1137/1137
f 1139/1139/1139 1138/1138/1138 1143/1143/1143
f 1143/1143/1143 1137/1137/1137 1142/1142/1142
f 1140/1140/1140 1139/1139/1139 1144/1144/1144
f 1144/1144/1144 1139/1139/1139 1143/1143/1143
f 1145/1145/1145 1140/1140/1140 1144/1144/1144
f 1146/1146/1146 1143/1143/1143 1142/1142/1142
f 1144/1144/1144 1143/1143/1143 1146/1146/1146
f 1145/1145/1145 1144/1144/1144 1147/1147/1147
f 1147/1147/1147 1144/1144/1144 1146/1146/1146
f 1148/1148/1148 1145/1145/1145 1147/1147/1147
f 1149/1149/1149 1148/1148/1148 1147/1147/1147
f 1150/1150/1150 1149/1149/1149 1147/1147/1147
f 1150/1150/1150 1147/1147/1147 1146/1146/1146
f 1151/1151/1151 1149/1149/1149 1150/1150/1150
f 1152/1152/1152 1146/1146/1146 1142/1142/1142
f 1141/1141/1141 1152/1152/1152 1142/1142/1142
f 1152/1152/1152 1150/1150/1150 1146/1146/1146
f 1153/1153/1153 1151/1151/1151 1150/1150/1150
f 1153/1153/1153 1150/1150/1150 1152/1152/1152
f 1154/1154/1154 1151/1151/1151 1153/1153/1153
f 1155/1155/1155 1152/1152/1152 1141/1141/1141
f 1155/1155/1155 1153/1153/1153 1152/1152/1152
f 1136/1136/1136 1155/1155/1155 1141/1141/1141
f 1156/1156/1156 1154/1154/1154 1153/1153/1153
f 1153/1153/1153 1155/1155/1155 1156/1156/1156
f 1136/1136/1136 1157/1157/1157 1155/1155/1155
f 1081/1081/1081 1157/1157/1157 1136/1136/1136
f 1156/1156/1156 1158/1158/1158 1154/1154/1154
f 1158/1158/1158 1159/1159/1159 1154/1154/1154
f 1155/1155/1155 1160/1160/1160 1156/1156/1156
f 1157/1157/1157 1160/1160/1160 1155/1155/1155
f 1160/1160/1160 1161/1161/1161 1156/1156/1156
f 1161/1161/1161 1160/1160/1160 1157/1157/1157
f 1161/1161/1161 1158/1158/1158 1156/1156/1156
f 1162/1162/1162 1157/1157/1157 1081/1081/1081
f 1162/1162/1162 1161/1161/1161 1157/1157/1157
f 1068/1068/1068 1162/1162/1162 1081/1081/1081
f 1158/1158/1158 1163/1163/1163 1159/1159/1159
f 1163/1163/1163 1164/1164/1164 1159/1159/1159
f 1164/1164/1164 1163/1163/1163 1165/1165/1165
f 1161/1161/1161 1166/1166/1166 1158/1158/1158
f 1166/1166/1166 1163/1163/1163 1158/1158/1158
f 1163/1163/1163 1167/1167/1167 1165/1165/1165
f 1163/1163/1163 1166/1166/1166 1167/1167/1167
f 1165/1165/1165 1167/1167/1167 1168/1168/1168
f 1169/1169/1169 1166/1166/1166 1161/1161/1161
f 1162/1162/1162 1169/1169/1169 1161/1161/1161
f 1170/1170/1170 1169/1169/1169 1162/1162/1162
f 1068/1068/1068 1171/1171/1171 1162/1162/1162
f 1171/1171/1171 1170/1170/1170 1162/1162/1162
f 1077/1077/1077 1171/1171/1171 1068/1068/1068
f 1170/1170/1170 1171/1171/1171 1077/1077/1077
f 1166/1166/1166 1172/1172/1172 1167/1167/1167
f 1166/1166/1166 1169/1169/1169 1172/1172/1172
f 1167/1167/1167 1173/1173/1173 1168/1168/1168
f 1167/1167/1167 1172/1172/1172 1173/1173/1173
f 1174/1174/1174 1170/1170/1170 1077/1077/1077
f 1174/1174/1174 1077/1077/1077 1064/1064/1064
f 1169/1169/1169 1175/1175/1175 1172/1172/1172
f 1169/1169/1169 1170/1170/1170 1175/1175/1175
f 1168/1168/1168 1173/1173/1173 1176/1176/1176
f 1177/1177/1177 1168/1168/1168 1176/1176/1176
f 1177/1177/1177 1176/1176/1176 1178/1178/1178
f 1179/1179/1179 1177/1177/1177 1178/1178/1178
f 1179/1179/1179 1178/1178/1178 1180/1180/1180
f 1181/1181/1181 1179/1179/1179 1180/1180/1180
f 1182/1182/1182 1181/1181/1181 1180/1180/1180
f 1183/1183/1183 1182/1182/1182 1180/1180/1180
f 1184/1184/1184 1182/1182/1182 1183/1183/1183
f 1180/1180/1180 1178/1178/1178 1185/1185/1185
f 1183/1183/1183 1180/1180/1180 1185/1185/1185
f 1178/1178/1178 1176/1176/1176 1186/1186/1186
f 1178/1178/1178 1186/1186/1186 1185/1185/1185
f 1187/1187/1187 1176/1176/1176 1173/1173/1173
f 1176/1176/1176 1187/1187/1187 1186/1186/1186
f 1188/1188/1188 1184/1184/1184 1183/1183/1183
f 1189/1189/1189 1184/1184/1184 1188/1188/1188
f 1190/1190/1190 1183/1183/1183 1185/1185/1185
f 1188/1188/1188 1183/1183/1183 1190/1190/1190
f 1185/1185/1185 1186/1186/1186 1191/1191/1191
f 1190/1190/1190 1185/1185/1185 1191/1191/1191
f 1192/1192/1192 1189/1189/1189 1188/1188/1188
f 1193/1193/1193 1189/1189/1189 1192/1192/1192
f 1194/1194/1194 1188/1188/1188 1190/1190/1190
f 1192/1192/1192 1188/1188/1188 1194/1194/1194
f 1195/1195/1195 1193/1193/1193 1192/1192/1192
f 1196/1196/1196 1193/1193/1193 1195/1195/1195
f 1197/1197/1197 1187/1187/1187 1173/1173/1173
f 1172/1172/1172 1197/1197/1197 1173/1173/1173
f 1197/1197/1197 1172/1172/1172 1198/1198/1198
f 1197/1197/1197 1198/1198/1198 1187/1187/1187
f 1172/1172/1172 1175/1175/1175 1198/1198/1198
f 1199/1199/1199 1190/1190/1190 1191/1191/1191
f 1194/1194/1194 1190/1190/1190 1199/1199/1199
f 1200/1200/1200 1192/1192/1192 1194/1194/1194
f 1195/1195/1195 1192/1192/1192 1200/1200/1200
f 1201/1201/1201 1196/1196/1196 1195/1195/1195
f 1202/1202/1202 1196/1196/1196 1201/1201/1201
f 1203/1203/1203 1194/1194/1194 1199/1199/1199
f 1200/1200/1200 1194/1194/1194 1203/1203/1203
f 1204/1204/1204 1195/1195/1195 1200/1200/1200
f 1201/1201/1201 1195/1195/1195 1204/1204/1204
f 1205/1205/1205 1200/1200/1200 1203/1203/1203
f 1204/1204/1204 1200/1200/1200 1205/1205/1205
f 1199/1199/1199 1191/1191/1191 1206/1206/1206
f 1203/1203/1203 1199/1199/1199 1207/1207/1207
f 1207/1207/1207 1199/1199/1199 1206/1206/1206
f 1205/1205/1205 1203/1203/1203 1208/1208/1208
f 1208/1208/1208 1203/1203/1203 1207/1207/1207
f 1191/1191/1191 1209/1209/1209 1206/1206/1206
f 1186/1186/1186 1209/1209/1209 1191/1191/1191
f 1186/1186/1186 1187/1187/1187 1209/1209/1209
f 1187/1187/1187 1210/1210/1210 1209/1209/1209
f 1198/1198/1198 1210/1210/1210 1187/1187/1187
f 1209/1209/1209 1211/1211/1211 1206/1206/1206
f 1209/1209/1209 1210/1210/1210 1211/1211/1211
f 1207/1207/1207 1206/1206/1206 1212/1212/1212
f 1206/1206/1206 1211/1211/1211 1212/1212/1212
f 1198/1198/1198 1213/1213/1213 1210/1210/1210
f 1198/1198/1198 1175/1175/1175 1213/1213/1213
f 1175/1175/1175 1214/1214/1214 1213/1213/1213
f 1210/1210/1210 1215/1215/1215 1211/1211/1211
f 1213/1213/1213 1215/1215/1215 1210/1210/1210
f 1208/1208/1208 1207/1207/1207 1216/1216/1216
f 1216/1216/1216 1207/1207/1207 1212/1212/1212
f 1211/1211/1211 1217/1217/1217 1212/1212/1212
f 1211/1211/1211 1215/1215/1215 1217/1217/1217
f 1213/1213/1213 1218/1218/1218 1215/1215/1215
f 1213/1213/1213 1214/1214/1214 1218/1218/1218
f 1219/1219/1219 1214/1214/1214 1175/1175/1175
f 1170/1170/1170 1219/1219/1219 1175/1175/1175
f 1219/1219/1219 1170/1170/1170 1220/1220/1220
f 1219/1219/1219 1220/1220/1220 1214/1214/1214
f 1170/1170/1170 1174/1174/1174 1220/1220/1220
f 1220/1220/1220 1174/1174/1174 1221/1221/1221
f 1216/1216/1216 1212/1212/1212 1222/1222/1222
f 1212/1212/1212 1217/1217/1217 1222/1222/1222
f 1215/1215/1215 1223/1223/1223 1217/1217/1217
f 1218/1218/1218 1223/1223/1223 1215/1215/1215
f 1220/1220/1220 1224/1224/1224 1214/1214/1214
f 1220/1220/1220 1221/1221/1221 1224/1224/1224
f 1174/1174/1174 1225/1225/1225 1221/1221/1221
f 1221/1221/1221 1225/1225/1225 1226/1226/1226
f 1225/1225/1225 1174/1174/1174 1064/1064/1064
f 1225/1225/1225 1064/1064/1064 1226/1226/1226
f 1217/1217/1217 1227/1227/1227 1222/1222/1222
f 1217/1217/1217 1223/1223/1223 1227/1227/1227
f 1064/1064/1064 1228/1228/1228 1226/1226/1226
f 1063/1063/1063 1228/1228/1228 1064/1064/1064
f 1229/1229/1229 1228/1228/1228 1063/1063/1063
f 1226/1226/1226 1228/1228/1228 1229/1229/1229
f 1230/1230/1230 1229/1229/1229 1063/1063/1063
f 1230/1230/1230 1063/1063/1063 1046/1046/1046
f 1231/1231/1231 1230/1230/1230 1046/1046/1046
f 1230/1230/1230 1231/1231/1231 1229/1229/1229
f 1045/1045/1045 1231/1231/1231 1046/1046/1046
f 1231/1231/1231 1232/1232/1232 1229/1229/1229
f 1233/1233/1233 1231/1231/1231 1045/1045/1045
f 1231/1231/1231 1233/1233/1233 1232/1232/1232
f 1234/1234/1234 1226/1226/1226 1229/1229/1229
f 1234/1234/1234 1229/1229/1229 1232/1232/1232
f 1235/1235/1235 1233/1233/1233 1045/1045/1045
f 1235/1235/1235 1045/1045/1045 1051/1051/1051
f 1235/1235/1235 1051/1051/1051 1236/1236/1236
f 1235/1235/1235 1236/1236/1236 1233/1233/1233
f 1051/1051/1051 1237/1237/1237 1236/1236/1236
f 1051/1051/1051 1059/1059/1059 1237/1237/1237
f 1059/1059/1059 1238/1238/1238 1237/1237/1237
f 1059/1059/1059 1042/1042/1042 1238/1238/1238
f 1042/1042/1042 1239/1239/1239 1238/1238/1238
f 1239/1239/1239 1042/1042/1042 1043/1043/1043
f 1239/1239/1239 1043/1043/1043 1240/1240/1240
f 1241/1241/1241 1239/1239/1239 1240/1240/1240
f 1239/1239/1239 1241/1241/1241 1242/1242/1242
f 1238/1238/1238 1239/1239/1239 1242/1242/1242
f 1238/1238/1238 1242/1242/1242 1243/1243/1243
f 1237/1237/1237 1238/1238/1238 1243/1243/1243
f 1237/1237/1237 1243/1243/1243 1244/1244/1244
f 1236/1236/1236 1237/1237/1237 1244/1244/1244
f 1236/1236/1236 1244/1244/1244 1245/1245/1245
f 1236/1236/1236 1245/1245/1245 1233/1233/1233
f 1244/1244/1244 1246/1246/1246 1245/1245/1245
f 1246/1246/1246 1247/1247/1247 1245/1245/1245
f 1248/1248/1248 1233/1233/1233 1245/1245/1245
f 1233/1233/1233 1248/1248/1248 1232/1232/1232
f 1247/1247/1247 1249/1249/1249 1245/1245/1245
f 1249/1249/1249 1248/1248/1248 1245/1245/1245
f 1247/1247/1247 1250/1250/1250 1249/1249/1249
f 1250/1250/1250 1251/1251/1251 1249/1249/1249
f 1249/1249/1249 1251/1251/1251 1248/1248/1248
f 1232/1232/1232 1248/1248/1248 1252/1252/1252
f 1252/1252/1252 1234/1234/1234 1232/1232/1232
f 1251/1251/1251 1250/1250/1250 1253/1253/1253
f 1250/1250/1250 1254/1254/1254 1253/1253/1253
f 1251/1251/1251 1255/1255/1255 1248/1248/1248
f 1248/1248/1248 1255/1255/1255 1252/1252/1252
f 1255/1255/1255 1251/1251/1251 1256/1256/1256
f 1251/1251/1251 1253/1253/1253 1256/1256/1256
f 1255/1255/1255 1256/1256/1256 1252/1252/1252
f 1253/1253/1253 1254/1254/1254 1257/1257/1257
f 1256/1256/1256 1253/1253/1253 1257/1257/1257
f 1254/1254/1254 1258/1258/1258 1257/1257/1257
f 1258/1258/1258 1259/1259/1259 1257/1257/1257
f 1234/1234/1234 1252/1252/1252 1260/1260/1260
f 1256/1256/1256 1260/1260/1260 1252/1252/1252
f 1261/1261/1261 1256/1256/1256 1257/1257/1257
f 1256/1256/1256 1261/1261/1261 1260/1260/1260
f 1259/1259/1259 1262/1262/1262 1257/1257/1257
f 1257/1257/1257 1262/1262/1262 1261/1261/1261
f 1263/1263/1263 1234/1234/1234 1260/1260/1260
f 1226/1226/1226 1234/1234/1234 1263/1263/1263
f 1264/1264/1264 1262/1262/1262 1259/1259/1259
f 1265/1265/1265 1264/1264/1264 1259/1259/1259
f 1261/1261/1261 1266/1266/1266 1260/1260/1260
f 1260/1260/1260 1266/1266/1266 1263/1263/1263
f 1266/1266/1266 1261/1261/1261 1267/1267/1267
f 1266/1266/1266 1267/1267/1267 1268/1268/1268
f 1262/1262/1262 1269/1269/1269 1261/1261/1261
f 1261/1261/1261 1269/1269/1269 1267/1267/1267
f 1270/1270/1270 1269/1269/1269 1262/1262/1262
f 1264/1264/1264 1270/1270/1270 1262/1262/1262
f 1267/1267/1267 1269/1269/1269 1270/1270/1270
f 1271/1271/1271 1264/1264/1264 1265/1265/1265
f 1272/1272/1272 1271/1271/1271 1265/1265/1265
f 1273/1273/1273 1226/1226/1226 1263/1263/1263
f 1273/1273/1273 1221/1221/1221 1226/1226/1226
f 1266/1266/1266 1274/1274/1274 1263/1263/1263
f 1274/1274/1274 1266/1266/1266 1268/1268/1268
f 1273/1273/1273 1263/1263/1263 1275/1275/1275
f 1263/1263/1263 1274/1274/1274 1275/1275/1275
f 1273/1273/1273 1275/1275/1275 1221/1221/1221
f 1275/1275/1275 1274/1274/1274 1268/1268/1268
f 1275/1275/1275 1276/1276/1276 1221/1221/1221
f 1221/1221/1221 1276/1276/1276 1224/1224/1224
f 1271/1271/1271 1277/1277/1277 1264/1264/1264
f 1277/1277/1277 1270/1270/1270 1264/1264/1264
f 1278/1278/1278 1271/1271/1271 1272/1272/1272
f 1279/1279/1279 1278/1278/1278 1272/1272/1272
f 1278/1278/1278 1279/1279/1279 1280/1280/1280
f 1281/1281/1281 1278/1278/1278 1280/1280/1280
f 1278/1278/1278 1282/1282/1282 1271/1271/1271
f 1282/1282/1282 1278/1278/1278 1281/1281/1281
f 1282/1282/1282 1277/1277/1277 1271/1271/1271
f 1283/1283/1283 1282/1282/1282 1281/1281/1281
f 1284/1284/1284 1282/1282/1282 1283/1283/1283
f 1282/1282/1282 1284/1284/1284 1277/1277/1277
f 1285/1285/1285 1284/1284/1284 1283/1283/1283
f 1277/1277/1277 1286/1286/1286 1270/1270/1270
f 1284/1284/1284 1286/1286/1286 1277/1277/1277
f 1287/1287/1287 1284/1284/1284 1285/1285/1285
f 1284/1284/1284 1287/1287/1287 1286/1286/1286
f 1288/1288/1288 1287/1287/1287 1285/1285/1285
f 1286/1286/1286 1289/1289/1289 1270/1270/1270
f 1289/1289/1289 1267/1267/1267 1270/1270/1270
f 1287/1287/1287 1290/1290/1290 1286/1286/1286
f 1286/1286/1286 1290/1290/1290 1289/1289/1289
f 1291/1291/1291 1287/1287/1287 1288/1288/1288
f 1287/1287/1287 1291/1291/1291 1290/1290/1290
f 1292/1292/1292 1291/1291/1291 1288/1288/1288
f 1267/1267/1267 1289/1289/1289 1293/1293/1293
f 1290/1290/1290 1293/1293/1293 1289/1289/1289
f 1291/1291/1291 1294/1294/1294 1290/1290/1290
f 1290/1290/1290 1294/1294/1294 1293/1293/1293
f 1295/1295/1295 1291/1291/1291 1292/1292/1292
f 1291/1291/1291 1295/1295/1295 1294/1294/1294
f 1296/1296/1296 1295/1295/1295 1292/1292/1292
f 1295/1295/1295 1297/1297/1297 1294/1294/1294
f 1294/1294/1294 1297/1297/1297 1298/1298/1298
f 1294/1294/1294 1298/1298/1298 1293/1293/1293
f 1297/1297/1297 1299/1299/1299 1298/1298/1298
f 1300/1300/1300 1267/1267/1267 1293/1293/1293
f 1293/1293/1293 1298/1298/1298 1300/1300/1300
f 1268/1268/1268 1267/1267/1267 1300/1300/1300
f 1298/1298/1298 1299/1299/1299 1301/1301/1301
f 1298/1298/1298 1301/1301/1301 1300/1300/1300
f 1299/1299/1299 1302/1302/1302 1301/1301/1301
f 1301/1301/1301 1302/1302/1302 1303/1303/1303
f 1300/1300/1300 1301/1301/1301 1304/1304/1304
f 1304/1304/1304 1301/1301/1301 1303/1303/1303
f 1268/1268/1268 1300/1300/1300 1304/1304/1304
f 1304/1304/1304 1303/1303/1303 1305/1305/1305
f 1304/1304/1304 1305/1305/1305 1268/1268/1268
f 1303/1303/1303 1306/1306/1306 1305/1305/1305
f 1305/1305/1305 1307/1307/1307 1268/1268/1268
f 1307/1307/1307 1275/1275/1275 1268/1268/1268
f 1275/1275/1275 1307/1307/1307 1276/1276/1276
f 1305/1305/1305 1306/1306/1306 1308/1308/1308
f 1306/1306/1306 1309/1309/1309 1308/1308/1308
f 1309/1309/1309 1310/1310/1310 1308/1308/1308
f 1307/1307/1307 1305/1305/1305 1311/1311/1311
f 1307/1307/1307 1311/1311/1311 1276/1276/1276
f 1305/1305/1305 1308/1308/1308 1311/1311/1311
f 1310/1310/1310 1312/1312/1312 1308/1308/1308
f 1308/1308/1308 1312/1312/1312 1311/1311/1311
f 1312/1312/1312 1310/1310/1310 1313/1313/1313
f 1311/1311/1311 1314/1314/1314 1276/1276/1276
f 1312/1312/1312 1314/1314/1314 1311/1311/1311
f 1314/1314/1314 1224/1224/1224 1276/1276/1276
f 1214/1214/1214 1224/1224/1224 1314/1314/1314
f 1315/1315/1315 1312/1312/1312 1313/1313/1313
f 1312/1312/1312 1315/1315/1315 1314/1314/1314
f 1316/1316/1316 1214/1214/1214 1314/1314/1314
f 1315/1315/1315 1316/1316/1316 1314/1314/1314
f 1214/1214/1214 1316/1316/1316 1218/1218/1218
f 1218/1218/1218 1316/1316/1316 1315/1315/1315
f 1315/1315/1315 1313/1313/1313 1317/1317/1317
f 1317/1317/1317 1218/1218/1218 1315/1315/1315
f 1313/1313/1313 1318/1318/1318 1317/1317/1317
f 1218/1218/1218 1317/1317/1317 1223/1223/1223
f 1317/1317/1317 1318/1318/1318 1319/1319/1319
f 1317/1317/1317 1319/1319/1319 1223/1223/1223
f 1318/1318/1318 1320/1320/1320 1319/1319/1319
f 1319/1319/1319 1320/1320/1320 1321/1321/1321
f 1223/1223/1223 1319/1319/1319 1227/1227/1227
f 1227/1227/1227 1319/1319/1319 1321/1321/1321
f 1227/1227/1227 1321/1321/1321 1322/1322/1322
f 1222/1222/1222 1227/1227/1227 1322/1322/1322
f 1323/1323/1323 1222/1222/1222 1322/1322/1322
f 1324/1324/1324 1323/1323/1323 1322/1322/1322
f 1323/1323/1323 1216/1216/1216 1222/1222/1222
f 1325/1325/1325 1323/1323/1323 1324/1324/1324
f 1326/1326/1326 1325/1325/1325 1324/1324/1324
f 1327/1327/1327 1216/1216/1216 1323/1323/1323
f 1325/1325/1325 1327/1327/1327 1323/1323/1323
f 1327/1327/1327 1208/1208/1208 1216/1216/1216
f 1328/1328/1328 1325/1325/1325 1326/1326/1326
f 1329/1329/1329 1328/1328/1328 1326/1326/1326
f 1330/1330/1330 1208/1208/1208 1327/1327/1327
f 1330/1330/1330 1205/1205/1205 1208/1208/1208
f 1331/1331/1331 1327/1327/1327 1325/1325/1325
f 1328/1328/1328 1331/1331/1331 1325/1325/1325
f 1331/1331/1331 1330/1330/1330 1327/1327/1327
f 1332/1332/1332 1328/1328/1328 1329/1329/1329
f 1333/1333/1333 1332/1332/1332 1329/1329/1329
f 1334/1334/1334 1205/1205/1205 1330/1330/1330
f 1334/1334/1334 1204/1204/1204 1205/1205/1205
f 1335/1335/1335 1331/1331/1331 1328/1328/1328
f 1332/1332/1332 1335/1335/1335 1328/1328/1328
f 1336/1336/1336 1330/1330/1330 1331/1331/1331
f 1336/1336/1336 1334/1334/1334 1330/1330/1330
f 1335/1335/1335 1336/1336/1336 1331/1331/1331
f 1337/1337/1337 1332/1332/1332 1333/1333/1333
f 1338/1338/1338 1337/1337/1337 1333/1333/1333
f 1339/1339/1339 1204/1204/1204 1334/1334/1334
f 1339/1339/1339 1201/1201/1201 1204/1204/1204
f 1340/1340/1340 1334/1334/1334 1336/1336/1336
f 1340/1340/1340 1339/1339/1339 1334/1334/1334
f 1341/1341/1341 1335/1335/1335 1332/1332/1332
f 1337/1337/1337 1341/1341/1341 1332/1332/1332
f 1342/1342/1342 1336/1336/1336 1335/1335/1335
f 1342/1342/1342 1340/1340/1340 1336/1336/1336
f 1341/1341/1341 1342/1342/1342 1335/1335/1335
f 1343/1343/1343 1337/1337/1337 1338/1338/1338
f 1344/1344/1344 1343/1343/1343 1338/1338/1338
f 1345/1345/1345 1201/1201/1201 1339/1339/1339
f 1345/1345/1345 1202/1202/1202 1201/1201/1201
f 1346/1346/1346 1339/1339/1339 1340/1340/1340
f 1346/1346/1346 1345/1345/1345 1339/1339/1339
f 1202/1202/1202 1345/1345/1345 1347/1347/1347
f 1347/1347/1347 1345/1345/1345 1346/1346/1346
f 1348/1348/1348 1202/1202/1202 1347/1347/1347
f 1348/1348/1348 1347/1347/1347 1349/1349/1349
f 1350/1350/1350 1348/1348/1348 1349/1349/1349
f 1351/1351/1351 1350/1350/1350 1349/1349/1349
f 1351/1351/1351 1352/1352/1352 1344/1344/1344
f 1352/1352/1352 1343/1343/1343 1344/1344/1344
f 1352/1352/1352 1351/1351/1351 1349/1349/1349
f 1343/1343/1343 1353/1353/1353 1337/1337/1337
f 1353/1353/1353 1341/1341/1341 1337/1337/1337
f 1352/1352/1352 1354/1354/1354 1343/1343/1343
f 1352/1352/1352 1349/1349/1349 1354/1354/1354
f 1354/1354/1354 1353/1353/1353 1343/1343/1343
f 1355/1355/1355 1347/1347/1347 1346/1346/1346
f 1355/1355/1355 1349/1349/1349 1347/1347/1347
f 1353/1353/1353 1356/1356/1356 1341/1341/1341
f 1356/1356/1356 1342/1342/1342 1341/1341/1341
f 1354/1354/1354 1357/1357/1357 1353/1353/1353
f 1354/1354/1354 1349/1349/1349 1357/1357/1357
f 1357/1357/1357 1356/1356/1356 1353/1353/1353
f 1357/1357/1357 1349/1349/1349 1358/1358/1358
f 1358/1358/1358 1349/1349/1349 1355/1355/1355
f 1357/1357/1357 1358/1358/1358 1356/1356/1356
f 1355/1355/1355 1346/1346/1346 1359/1359/1359
f 1358/1358/1358 1355/1355/1355 1359/1359/1359
f 1358/1358/1358 1359/1359/1359 1356/1356/1356
f 1356/1356/1356 1359/1359/1359 1342/1342/1342
f 1359/1359/1359 1346/1346/1346 1340/1340/1340
f 1359/1359/1359 1340/1340/1340 1342/1342/1342
f 1362/1362/1362 1361/1361/1361 1360/1360/1360
f 1363/1363/1363 1362/1362/1362 1360/1360/1360
f 1364/1364/1364 1362/1362/1362 1363/1363/1363
f 1363/1363/1363 1360/1360/1360 1365/1365/1365
f 1366/1366/1366 1364/1364/1364 1363/1363/1363
f 1367/1367/1367 1364/1364/1364 1366/1366/1366
f 1368/1368/1368 1363/1363/1363 1365/1365/1365
f 1366/1366/1366 1363/1363/1363 1368/1368/1368
f 1369/1369/1369 1367/1367/1367 1366/1366/1366
f 1370/1370/1370 1367/1367/1367 1369/1369/1369
f 1371/1371/1371 1368/1368/1368 1365/1365/1365
f 1371/1371/1371 1365/1365/1365 1372/1372/1372
f 1373/1373/1373 1366/1366/1366 1368/1368/1368
f 1369/1369/1369 1366/1366/1366 1373/1373/1373
f 1373/1373/1373 1368/1368/1368 1371/1371/1371
f 1374/1374/1374 1370/1370/1370 1369/1369/1369
f 1375/1375/1375 1370/1370/1370 1374/1374/1374
f 1376/1376/1376 1369/1369/1369 1373/1373/1373
f 1374/1374/1374 1369/1369/1369 1376/1376/1376
f 1377/1377/1377 1373/1373/1373 1371/1371/1371
f 1376/1376/1376 1373/1373/1373 1377/1377/1377
f 1378/1378/1378 1371/1371/1371 1372/1372/1372
f 1377/1377/1377 1371/1371/1371 1378/1378/1378
f 1379/1379/1379 1375/1375/1375 1374/1374/1374
f 1380/1380/1380 1375/1375/1375 1379/1379/1379
f 1381/1381/1381 1374/1374/1374 1376/1376/1376
f 1379/1379/1379 1374/1374/1374 1381/1381/1381
f 1382/1382/1382 1378/1378/1378 1372/1372/1372
f 1382/1382/1382 1372/1372/1372 1383/1383/1383
f 1384/1384/1384 1376/1376/1376 1377/1377/1377
f 1381/1381/1381 1376/1376/1376 1384/1384/1384
f 1385/1385/1385 1377/1377/1377 1378/1378/1378
f 1385/1385/1385 1378/1378/1378 1382/1382/1382
f 1384/1384/1384 1377/1377/1377 1385/1385/1385
f 1386/1386/1386 1380/1380/1380 1379/1379/1379
f 1387/1387/1387 1380/1380/1380 1386/1386/1386
f 1388/1388/1388 1382/1382/1382 1383/1383/1383
f 1388/1388/1388 1383/1383/1383 1389/1389/1389
f 1390/1390/1390 1379/1379/1379 1381/1381/1381
f 1386/1386/1386 1379/1379/1379 1390/1390/1390
f 1391/1391/1391 1385/1385/1385 1382/1382/1382
f 1391/1391/1391 1382/1382/1382 1388/1388/1388
f 1392/1392/1392 1381/1381/1381 1384/1384/1384
f 1390/1390/1390 1381/1381/1381 1392/1392/1392
f 1393/1393/1393 1384/1384/1384 1385/1385/1385
f 1393/1393/1393 1385/1385/1385 1391/1391/1391
f 1392/1392/1392 1384/1384/1384 1393/1393/1393
f 1394/1394/1394 1387/1387/1387 1386/1386/1386
f 1394/1394/1394 1395/1395/1395 1387/1387/1387
f 1396/1396/1396 1386/1386/1386 1390/1390/1390
f 1394/1394/1394 1386/1386/1386 1396/1396/1396
f 1397/1397/1397 1390/1390/1390 1392/1392/1392
f 1396/1396/1396 1390/1390/1390 1397/1397/1397
f 1398/1398/1398 1392/1392/1392 1393/1393/1393
f 1397/1397/1397 1392/1392/1392 1398/1398/1398
f 1399/1399/1399 1393/1393/1393 1391/1391/1391
f 1398/1398/1398 1393/1393/1393 1399/1399/1399
f 1394/1394/1394 1396/1396/1396 1400/1400/1400
f 1400/1400/1400 1396/1396/1396 1397/1397/1397
f 1401/1401/1401 1397/1397/1397 1398/1398/1398
f 1400/1400/1400 1397/1397/1397 1401/1401/1401
f 1402/1402/1402 1394/1394/1394 1400/1400/1400
f 1402/1402/1402 1395/1395/1395 1394/1394/1394
f 1399/1399/1399 1391/1391/1391 1403/1403/1403
f 1403/1403/1403 1391/1391/1391 1388/1388/1388
f 1404/1404/1404 1398/1398/1398 1399/1399/1399
f 1401/1401/1401 1398/1398/1398 1404/1404/1404
f 1405/1405/1405 1400/1400/1400 1401/1401/1401
f 1402/1402/1402 1400/1400/1400 1405/1405/1405
f 1405/1405/1405 1401/1401/1401 1406/1406/1406
f 1406/1406/1406 1401/1401/1401 1404/1404/1404
f 1404/1404/1404 1399/1399/1399 1407/1407/1407
f 1407/1407/1407 1399/1399/1399 1403/1403/1403
f 1403/1403/1403 1388/1388/1388 1408/1408/1408
f 1408/1408/1408 1388/1388/1388 1389/1389/1389
f 1402/1402/1402 1405/1405/1405 1409/1409/1409
f 1409/1409/1409 1405/1405/1405 1406/1406/1406
f 1410/1410/1410 1395/1395/1395 1402/1402/1402
f 1410/1410/1410 1402/1402/1402 1409/1409/1409
f 1406/1406/1406 1404/1404/1404 1411/1411/1411
f 1411/1411/1411 1404/1404/1404 1407/1407/1407
f 1407/1407/1407 1403/1403/1403 1412/1412/1412
f 1412/1412/1412 1403/1403/1403 1408/1408/1408
f 1413/1413/1413 1408/1408/1408 1389/1389/1389
f 1412/1412/1412 1408/1408/1408 1413/1413/1413
f 1413/1413/1413 1389/1389/1389 1414/1414/1414
f 1415/1415/1415 1413/1413/1413 1414/1414/1414
f 1416/1416/1416 1413/1413/1413 1415/1415/1415
f 1416/1416/1416 1412/1412/1412 1413/1413/1413
f 1417/1417/1417 1416/1416/1416 1415/1415/1415
f 1418/1418/1418 1407/1407/1407 1412/1412/1412
f 1418/1418/1418 1412/1412/1412 1416/1416/1416
f 1411/1411/1411 1407/1407/1407 1418/1418/1418
f 1419/1419/1419 1416/1416/1416 1417/1417/1417
f 1419/1419/1419 1418/1418/1418 1416/1416/1416
f 1420/1420/1420 1419/1419/1419 1417/1417/1417
f 1421/1421/1421 1406/1406/1406 1411/1411/1411
f 1409/1409/1409 1406/1406/1406 1421/1421/1421
f 1422/1422/1422 1411/1411/1411 1418/1418/1418
f 1422/1422/1422 1418/1418/1418 1419/1419/1419
f 1421/1421/1421 1411/1411/1411 1422/1422/1422
f 1423/1423/1423 1419/1419/1419 1420/1420/1420
f 1423/1423/1423 1422/1422/1422 1419/1419/1419
f 1424/1424/1424 1423/1423/1423 1420/1420/1420
f 1425/1425/1425 1409/1409/1409 1421/1421/1421
f 1410/1410/1410 1409/1409/1409 1425/1425/1425
f 1426/1426/1426 1421/1421/1421 1422/1422/1422
f 1426/1426/1426 1422/1422/1422 1423/1423/1423
f 1425/1425/1425 1421/1421/1421 1426/1426/1426
f 1427/1427/1427 1423/1423/1423 1424/1424/1424
f 1427/1427/1427 1426/1426/1426 1423/1423/1423
f 1428/1428/1428 1427/1427/1427 1424/1424/1424
f 1429/1429/1429 1425/1425/1425 1426/1426/1426
f 1410/1410/1410 1425/1425/1425 1429/1429/1429
f 1429/1429/1429 1426/1426/1426 1427/1427/1427
f 1430/1430/1430 1427/1427/1427 1428/1428/1428
f 1430/1430/1430 1429/1429/1429 1427/1427/1427
f 1431/1431/1431 1430/1430/1430 1428/1428/1428
f 1432/1432/1432 1410/1410/1410 1429/1429/1429
f 1432/1432/1432 1429/1429/1429 1430/1430/1430
f 1432/1432/1432 1430/1430/1430 1431/1431/1431
f 1432/1432/1432 1395/1395/1395 1410/1410/1410
f 1433/1433/1433 1432/1432/1432 1431/1431/1431
f 1433/1433/1433 1395/1395/1395 1432/1432/1432
f 1436/1436/1436 1435/1435/1435 1434/1434/1434
f 1437/1437/1437 1436/1436/1436 1434/1434/1434
f 1438/1438/1438 1436/1436/1436 1437/1437/1437
f 1439/1439/1439 1437/1437/1437 1434/1434/1434
f 1439/1439/1439 1434/1434/1434 1440/1440/1440
f 1441/1441/1441 1438/1438/1438 1437/1437/1437
f 1441/1441/1441 1437/1437/1437 1439/1439/1439
f 1442/1442/1442 1438/1438/1438 1441/1441/1441
f 1443/1443/1443 1439/1439/1439 1440/1440/1440
f 1443/1443/1443 1440/1440/1440 1444/1444/1444
f 1445/1445/1445 1441/1441/1441 1439/1439/1439
f 1445/1445/1445 1439/1439/1439 1443/1443/1443
f 1446/1446/1446 1442/1442/1442 1441/1441/1441
f 1446/1446/1446 1441/1441/1441 1445/1445/1445
f 1447/1447/1447 1442/1442/1442 1446/1446/1446
f 1448/1448/1448 1447/1447/1447 1446/1446/1446
f 1449/1449/1449 1447/1447/1447 1448/1448/1448
f 1450/1450/1450 1446/1446/1446 1445/1445/1445
f 1448/1448/1448 1446/1446/1446 1450/1450/1450
f 1451/1451/1451 1445/1445/1445 1443/1443/1443
f 1450/1450/1450 1445/1445/1445 1451/1451/1451
f 1452/1452/1452 1443/1443/1443 1444/1444/1444
f 1451/1451/1451 1443/1443/1443 1452/1452/1452
f 1453/1453/1453 1449/1449/1449 1448/1448/1448
f 1454/1454/1454 1449/1449/1449 1453/1453/1453
f 1455/1455/1455 1448/1448/1448 1450/1450/1450
f 1453/1453/1453 1448/1448/1448 1455/1455/1455
f 1456/1456/1456 1452/1452/1452 1444/1444/1444
f 1456/1456/1456 1444/1444/1444 1457/1457/1457
f 1458/1458/1458 1451/1451/1451 1452/1452/1452
f 1458/1458/1458 1452/1452/1452 1456/1456/1456
f 1459/1459/1459 1450/1450/1450 1451/1451/1451
f 1455/1455/1455 1450/1450/1450 1459/1459/1459
f 1459/1459/1459 1451/1451/1451 1458/1458/1458
f 1460/1460/1460 1454/1454/1454 1453/1453/1453
f 1461/1461/1461 1454/1454/1454 1460/1460/1460
f 1462/1462/1462 1453/1453/1453 1455/1455/1455
f 1460/1460/1460 1453/1453/1453 1462/1462/1462
f 1463/1463/1463 1455/1455/1455 1459/1459/1459
f 1462/1462/1462 1455/1455/1455 1463/1463/1463
f 1464/1464/1464 1459/1459/1459 1458/1458/1458
f 1463/1463/1463 1459/1459/1459 1464/1464/1464
f 1465/1465/1465 1458/1458/1458 1456/1456/1456
f 1464/1464/1464 1458/1458/1458 1465/1465/1465
f 1466/1466/1466 1461/1461/1461 1460/1460/1460
f 1467/1467/1467 1461/1461/1461 1466/1466/1466
f 1468/1468/1468 1460/1460/1460 1462/1462/1462
f 1466/1466/1466 1460/1460/1460 1468/1468/1468
f 1469/1469/1469 1462/1462/1462 1463/1463/1463
f 1468/1468/1468 1462/1462/1462 1469/1469/1469
f 1470/1470/1470 1463/1463/1463 1464/1464/1464
f 1469/1469/1469 1463/1463/1463 1470/1470/1470
f 1466/1466/1466 1468/1468/1468 1471/1471/1471
f 1471/1471/1471 1468/1468/1468 1469/1469/1469
f 1465/1465/1465 1456/1456/1456 1472/1472/1472
f 1472/1472/1472 1456/1456/1456 1457/1457/1457
f 1473/1473/1473 1464/1464/1464 1465/1465/1465
f 1470/1470/1470 1464/1464/1464 1473/1473/1473
f 1474/1474/1474 1469/1469/1469 1470/1470/1470
f 1471/1471/1471 1469/1469/1469 1474/1474/1474
f 1475/1475/1475 1466/1466/1466 1471/1471/1471
f 1467/1467/1467 1466/1466/1466 1475/1475/1475
f 1476/1476/1476 1472/1472/1472 1457/1457/1457
f 1476/1476/1476 1457/1457/1457 1477/1477/1477
f 1478/1478/1478 1465/1465/1465 1472/1472/1472
f 1473/1473/1473 1465/1465/1465 1478/1478/1478
f 1478/1478/1478 1472/1472/1472 1476/1476/1476
f 1479/1479/1479 1470/1470/1470 1473/1473/1473
f 1474/1474/1474 1470/1470/1470 1479/1479/1479
f 1480/1480/1480 1471/1471/1471 1474/1474/1474
f 1475/1475/1475 1471/1471/1471 1480/1480/1480
f 1481/1481/1481 1476/1476/1476 1477/1477/1477
f 1481/1481/1481 1477/1477/1477 1482/1482/1482
f 1483/1483/1483 1481/1481/1481 1482/1482/1482
f 1484/1484/1484 1478/1478/1478 1476/1476/1476
f 1484/1484/1484 1476/1476/1476 1481/1481/1481
f 1485/1485/1485 1473/1473/1473 1478/1478/1478
f 1479/1479/1479 1473/1473/1473 1485/1485/1485
f 1485/1485/1485 1478/1478/1478 1484/1484/1484
f 1486/1486/1486 1481/1481/1481 1483/1483/1483
f 1486/1486/1486 1484/1484/1484 1481/1481/1481
f 1487/1487/1487 1486/1486/1486 1483/1483/1483
f 1488/1488/1488 1474/1474/1474 1479/1479/1479
f 1480/1480/1480 1474/1474/1474 1488/1488/1488
f 1475/1475/1475 1480/1480/1480 1489/1489/1489
f 1489/1489/1489 1480/1480/1480 1488/1488/1488
f 1490/1490/1490 1479/1479/1479 1485/1485/1485
f 1488/1488/1488 1479/1479/1479 1490/1490/1490
f 1491/1491/1491 1485/1485/1485 1484/1484/1484
f 1491/1491/1491 1484/1484/1484 1486/1486/1486
f 1490/1490/1490 1485/1485/1485 1491/1491/1491
f 1492/1492/1492 1486/1486/1486 1487/1487/1487
f 1492/1492/1492 1491/1491/1491 1486/1486/1486
f 1493/1493/1493 1492/1492/1492 1487/1487/1487
f 1494/1494/1494 1488/1488/1488 1490/1490/1490
f 1489/1489/1489 1488/1488/1488 1494/1494/1494
f 1495/1495/1495 1490/1490/1490 1491/1491/1491
f 1495/1495/1495 1491/1491/1491 1492/1492/1492
f 1494/1494/1494 1490/1490/1490 1495/1495/1495
f 1496/1496/1496 1492/1492/1492 1493/1493/1493
f 1496/1496/1496 1495/1495/1495 1492/1492/1492
f 1497/1497/1497 1496/1496/1496 1493/1493/1493
f 1498/1498/1498 1494/1494/1494 1495/1495/1495
f 1498/1498/1498 1495/1495/1495 1496/1496/1496
f 1499/1499/1499 1496/1496/1496 1497/1497/1497
f 1499/1499/1499 1498/1498/1498 1496/1496/1496
f 1500/1500/1500 1499/1499/1499 1497/1497/1497
f 1501/1501/1501 1489/1489/1489 1494/1494/1494
f 1501/1501/1501 1494/1494/1494 1498/1498/1498
f 1502/1502/1502 1498/1498/1498 1499/1499/1499
f 1502/1502/1502 1501/1501/1501 1498/1498/1498
f 1503/1503/1503 1499/1499/1499 1500/1500/1500
f 1503/1503/1503 1502/1502/1502 1499/1499/1499
f 1504/1504/1504 1503/1503/1503 1500/1500/1500
f 1505/1505/1505 1489/1489/1489 1501/1501/1501
f 1505/1505/1505 1501/1501/1501 1502/1502/1502
f 1505/1505/1505 1475/1475/1475 1489/1489/1489
f 1467/1467/1467 1475/1475/1475 1505/1505/1505
f 1506/1506/1506 1503/1503/1503 1504/1504/1504
f 1506/1506/1506 1502/1502/1502 1503/1503/1503
f 1506/1506/1506 1505/1505/1505 1502/1502/1502
f 1467/1467/1467 1505/1505/1505 1506/1506/1506
f 1507/1507/1507 1506/1506/1506 1504/1504/1504
f 1467/1467/1467 1506/1506/1506 1507/1507/1507
f 1510/1510/1510 1509/1509/1509 1508/1508/1508
f 1509/1509/1509 1511/1511/1511 1508/1508/1508
f 1508/1508/1508 1511/1511/1511 1512/1512/1512
f 1511/1511/1511 1509/1509/1509 1513/1513/1513
f 1509/1509/1509 1514/1514/1514 1513/1513/1513
f 1511/1511/1511 1515/1515/1515 1512/1512/1512
f 1512/1512/1512 1515/1515/1515 1516/1516/1516
f 1513/1513/1513 1514/1514/1514 1517/1517/1517
f 1514/1514/1514 1518/1518/1518 1517/1517/1517
f 1511/1511/1511 1513/1513/1513 1519/1519/1519
f 1515/1515/1515 1511/1511/1511 1519/1519/1519
f 1515/1515/1515 1520/1520/1520 1516/1516/1516
f 1516/1516/1516 1520/1520/1520 1521/1521/1521
f 1513/1513/1513 1517/1517/1517 1522/1522/1522
f 1519/1519/1519 1513/1513/1513 1522/1522/1522
f 1517/1517/1517 1518/1518/1518 1523/1523/1523
f 1518/1518/1518 1524/1524/1524 1523/1523/1523
f 1523/1523/1523 1524/1524/1524 1525/1525/1525
f 1515/1515/1515 1519/1519/1519 1526/1526/1526
f 1520/1520/1520 1515/1515/1515 1526/1526/1526
f 1520/1520/1520 1527/1527/1527 1521/1521/1521
f 1521/1521/1521 1527/1527/1527 1528/1528/1528
f 1517/1517/1517 1523/1523/1523 1529/1529/1529
f 1522/1522/1522 1517/1517/1517 1529/1529/1529
f 1529/1529/1529 1530/1530/1530 1522/1522/1522
f 1531/1531/1531 1530/1530/1530 1529/1529/1529
f 1519/1519/1519 1522/1522/1522 1532/1532/1532
f 1526/1526/1526 1519/1519/1519 1532/1532/1532
f 1530/1530/1530 1532/1532/1532 1522/1522/1522
f 1529/1529/1529 1523/1523/1523 1533/1533/1533
f 1531/1531/1531 1529/1529/1529 1533/1533/1533
f 1533/1533/1533 1523/1523/1523 1525/1525/1525
f 1533/1533/1533 1525/1525/1525 1534/1534/1534
f 1533/1533/1533 1534/1534/1534 1531/1531/1531
f 1525/1525/1525 1535/1535/1535 1534/1534/1534
f 1526/1526/1526 1532/1532/1532 1536/1536/1536
f 1532/1532/1532 1530/1530/1530 1536/1536/1536
f 1534/1534/1534 1535/1535/1535 1537/1537/1537
f 1535/1535/1535 1538/1538/1538 1537/1537/1537
f 1538/1538/1538 1539/1539/1539 1537/1537/1537
f 1539/1539/1539 1540/1540/1540 1537/1537/1537
f 1540/1540/1540 1539/1539/1539 1541/1541/1541
f 1534/1534/1534 1537/1537/1537 1542/1542/1542
f 1537/1537/1537 1540/1540/1540 1542/1542/1542
f 1534/1534/1534 1543/1543/1543 1531/1531/1531
f 1543/1543/1543 1534/1534/1534 1542/1542/1542
f 1544/1544/1544 1526/1526/1526 1536/1536/1536
f 1520/1520/1520 1526/1526/1526 1544/1544/1544
f 1527/1527/1527 1520/1520/1520 1544/1544/1544
f 1545/1545/1545 1540/1540/1540 1541/1541/1541
f 1540/1540/1540 1546/1546/1546 1542/1542/1542
f 1540/1540/1540 1545/1545/1545 1546/1546/1546
f 1543/1543/1543 1542/1542/1542 1547/1547/1547
f 1542/1542/1542 1546/1546/1546 1547/1547/1547
f 1543/1543/1543 1548/1548/1548 1531/1531/1531
f 1548/1548/1548 1543/1543/1543 1547/1547/1547
f 1548/1548/1548 1547/1547/1547 1549/1549/1549
f 1545/1545/1545 1541/1541/1541 1550/1550/1550
f 1541/1541/1541 1551/1551/1551 1550/1550/1550
f 1546/1546/1546 1552/1552/1552 1547/1547/1547
f 1549/1549/1549 1547/1547/1547 1552/1552/1552
f 1553/1553/1553 1552/1552/1552 1546/1546/1546
f 1545/1545/1545 1554/1554/1554 1546/1546/1546
f 1554/1554/1554 1553/1553/1553 1546/1546/1546
f 1555/1555/1555 1554/1554/1554 1545/1545/1545
f 1550/1550/1550 1555/1555/1555 1545/1545/1545
f 1553/1553/1553 1554/1554/1554 1555/1555/1555
f 1550/1550/1550 1551/1551/1551 1556/1556/1556
f 1551/1551/1551 1557/1557/1557 1556/1556/1556
f 1556/1556/1556 1557/1557/1557 1558/1558/1558
f 1550/1550/1550 1556/1556/1556 1559/1559/1559
f 1555/1555/1555 1550/1550/1550 1559/1559/1559
f 1560/1560/1560 1556/1556/1556 1558/1558/1558
f 1559/1559/1559 1556/1556/1556 1560/1560/1560
f 1560/1560/1560 1558/1558/1558 1561/1561/1561
f 1562/1562/1562 1549/1549/1549 1552/1552/1552
f 1562/1562/1562 1552/1552/1552 1553/1553/1553
f 1555/1555/1555 1559/1559/1559 1563/1563/1563
f 1564/1564/1564 1559/1559/1559 1560/1560/1560
f 1563/1563/1563 1559/1559/1559 1564/1564/1564
f 1565/1565/1565 1560/1560/1560 1561/1561/1561
f 1564/1564/1564 1560/1560/1560 1565/1565/1565
f 1566/1566/1566 1553/1553/1553 1555/1555/1555
f 1566/1566/1566 1555/1555/1555 1563/1563/1563
f 1567/1567/1567 1565/1565/1565 1561/1561/1561
f 1568/1568/1568 1567/1567/1567 1561/1561/1561
f 1569/1569/1569 1567/1567/1567 1568/1568/1568
f 1570/1570/1570 1569/1569/1569 1568/1568/1568
f 1571/1571/1571 1569/1569/1569 1570/1570/1570
f 1572/1572/1572 1571/1571/1571 1570/1570/1570
f 1573/1573/1573 1571/1571/1571 1572/1572/1572
f 1574/1574/1574 1573/1573/1573 1572/1572/1572
f 1575/1575/1575 1573/1573/1573 1574/1574/1574
f 1576/1576/1576 1575/1575/1575 1574/1574/1574
f 1577/1577/1577 1575/1575/1575 1576/1576/1576
f 1578/1578/1578 1577/1577/1577 1576/1576/1576
f 1579/1579/1579 1577/1577/1577 1578/1578/1578
f 1580/1580/1580 1579/1579/1579 1578/1578/1578
f 1579/1579/1579 1580/1580/1580 1581/1581/1581
f 1580/1580/1580 1582/1582/1582 1581/1581/1581
f 1582/1582/1582 1583/1583/1583 1581/1581/1581
f 1579/1579/1579 1584/1584/1584 1577/1577/1577
f 1579/1579/1579 1581/1581/1581 1584/1584/1584
f 1577/1577/1577 1585/1585/1585 1575/1575/1575
f 1584/1584/1584 1585/1585/1585 1577/1577/1577
f 1575/1575/1575 1586/1586/1586 1573/1573/1573
f 1585/1585/1585 1586/1586/1586 1575/1575/1575
f 1573/1573/1573 1587/1587/1587 1571/1571/1571
f 1586/1586/1586 1587/1587/1587 1573/1573/1573
f 1584/1584/1584 1588/1588/1588 1585/1585/1585
f 1584/1584/1584 1581/1581/1581 1588/1588/1588
f 1585/1585/1585 1589/1589/1589 1586/1586/1586
f 1588/1588/1588 1589/1589/1589 1585/1585/1585
f 1587/1587/1587 1590/1590/1590 1571/1571/1571
f 1571/1571/1571 1590/1590/1590 1569/1569/1569
f 1586/1586/1586 1591/1591/1591 1587/1587/1587
f 1589/1589/1589 1591/1591/1591 1586/1586/1586
f 1588/1588/1588 1592/1592/1592 1589/1589/1589
f 1588/1588/1588 1581/1581/1581 1592/1592/1592
f 1592/1592/1592 1593/1593/1593 1589/1589/1589
f 1589/1589/1589 1593/1593/1593 1591/1591/1591
f 1591/1591/1591 1594/1594/1594 1587/1587/1587
f 1587/1587/1587 1594/1594/1594 1590/1590/1590
f 1590/1590/1590 1595/1595/1595 1569/1569/1569
f 1569/1569/1569 1595/1595/1595 1567/1567/1567
f 1592/1592/1592 1581/1581/1581 1596/1596/1596
f 1592/1592/1592 1596/1596/1596 1593/1593/1593
f 1593/1593/1593 1597/1597/1597 1591/1591/1591
f 1591/1591/1591 1597/1597/1597 1594/1594/1594
f 1594/1594/1594 1598/1598/1598 1590/1590/1590
f 1590/1590/1590 1598/1598/1598 1595/1595/1595
f 1595/1595/1595 1599/1599/1599 1567/1567/1567
f 1567/1567/1567 1599/1599/1599 1565/1565/1565
f 1596/1596/1596 1600/1600/1600 1593/1593/1593
f 1593/1593/1593 1600/1600/1600 1597/1597/1597
f 1596/1596/1596 1581/1581/1581 1601/1601/1601
f 1596/1596/1596 1601/1601/1601 1600/1600/1600
f 1597/1597/1597 1602/1602/1602 1594/1594/1594
f 1594/1594/1594 1602/1602/1602 1598/1598/1598
f 1598/1598/1598 1603/1603/1603 1595/1595/1595
f 1595/1595/1595 1603/1603/1603 1599/1599/1599
f 1599/1599/1599 1604/1604/1604 1565/1565/1565
f 1604/1604/1604 1564/1564/1564 1565/1565/1565
f 1600/1600/1600 1605/1605/1605 1597/1597/1597
f 1597/1597/1597 1605/1605/1605 1602/1602/1602
f 1602/1602/1602 1606/1606/1606 1598/1598/1598
f 1598/1598/1598 1606/1606/1606 1603/1603/1603
f 1603/1603/1603 1607/1607/1607 1599/1599/1599
f 1599/1599/1599 1607/1607/1607 1604/1604/1604
f 1608/1608/1608 1564/1564/1564 1604/1604/1604
f 1608/1608/1608 1563/1563/1563 1564/1564/1564
f 1600/1600/1600 1609/1609/1609 1605/1605/1605
f 1601/1601/1601 1609/1609/1609 1600/1600/1600
f 1605/1605/1605 1610/1610/1610 1602/1602/1602
f 1602/1602/1602 1610/1610/1610 1606/1606/1606
f 1606/1606/1606 1611/1611/1611 1603/1603/1603
f 1603/1603/1603 1611/1611/1611 1607/1607/1607
f 1607/1607/1607 1612/1612/1612 1604/1604/1604
f 1612/1612/1612 1608/1608/1608 1604/1604/1604
f 1613/1613/1613 1563/1563/1563 1608/1608/1608
f 1566/1566/1566 1563/1563/1563 1613/1613/1613
f 1609/1609/1609 1614/1614/1614 1605/1605/1605
f 1605/1605/1605 1614/1614/1614 1610/1610/1610
f 1615/1615/1615 1609/1609/1609 1601/1601/1601
f 1609/1609/1609 1615/1615/1615 1614/1614/1614
f 1610/1610/1610 1616/1616/1616 1606/1606/1606
f 1606/1606/1606 1616/1616/1616 1611/1611/1611
f 1611/1611/1611 1617/1617/1617 1607/1607/1607
f 1607/1607/1607 1617/1617/1617 1612/1612/1612
f 1618/1618/1618 1608/1608/1608 1612/1612/1612
f 1618/1618/1618 1613/1613/1613 1608/1608/1608
f 1614/1614/1614 1619/1619/1619 1610/1610/1610
f 1610/1610/1610 1619/1619/1619 1616/1616/1616
f 1616/1616/1616 1620/1620/1620 1611/1611/1611
f 1611/1611/1611 1620/1620/1620 1617/1617/1617
f 1617/1617/1617 1621/1621/1621 1612/1612/1612
f 1621/1621/1621 1618/1618/1618 1612/1612/1612
f 1615/1615/1615 1622/1622/1622 1614/1614/1614
f 1614/1614/1614 1622/1622/1622 1619/1619/1619
f 1619/1619/1619 1623/1623/1623 1616/1616/1616
f 1616/1616/1616 1623/1623/1623 1620/1620/1620
f 1620/1620/1620 1624/1624/1624 1617/1617/1617
f 1617/1617/1617 1624/1624/1624 1621/1621/1621
f 1622/1622/1622 1625/1625/1625 1619/1619/1619
f 1619/1619/1619 1625/1625/1625 1623/1623/1623
f 1623/1623/1623 1626/1626/1626 1620/1620/1620
f 1620/1620/1620 1626/1626/1626 1624/1624/1624
f 1625/1625/1625 1627/1627/1627 1623/1623/1623
f 1623/1623/1623 1627/1627/1627 1626/1626/1626
f 1622/1622/1622 1628/1628/1628 1625/1625/1625
f 1628/1628/1628 1629/1629/1629 1625/1625/1625
f 1625/1625/1625 1629/1629/1629 1627/1627/1627
f 1630/1630/1630 1628/1628/1628 1622/1622/1622
f 1615/1615/1615 1630/1630/1630 1622/1622/1622
f 1629/1629/1629 1631/1631/1631 1627/1627/1627
f 1583/1583/1583 1630/1630/1630 1615/1615/1615
f 1627/1627/1627 1631/1631/1631 1632/1632/1632
f 1627/1627/1627 1632/1632/1632 1626/1626/1626
f 1631/1631/1631 1633/1633/1633 1632/1632/1632
f 1634/1634/1634 1583/1583/1583 1615/1615/1615
f 1634/1634/1634 1615/1615/1615 1601/1601/1601
f 1583/1583/1583 1634/1634/1634 1581/1581/1581
f 1634/1634/1634 1601/1601/1601 1581/1581/1581
f 1626/1626/1626 1632/1632/1632 1635/1635/1635
f 1626/1626/1626 1635/1635/1635 1624/1624/1624
f 1632/1632/1632 1633/1633/1633 1636/1636/1636
f 1632/1632/1632 1636/1636/1636 1635/1635/1635
f 1633/1633/1633 1637/1637/1637 1636/1636/1636
f 1624/1624/1624 1635/1635/1635 1638/1638/1638
f 1624/1624/1624 1638/1638/1638 1621/1621/1621
f 1636/1636/1636 1637/1637/1637 1639/1639/1639
f 1637/1637/1637 1640/1640/1640 1639/1639/1639
f 1635/1635/1635 1636/1636/1636 1641/1641/1641
f 1636/1636/1636 1639/1639/1639 1641/1641/1641
f 1635/1635/1635 1641/1641/1641 1638/1638/1638
f 1639/1639/1639 1640/1640/1640 1642/1642/1642
f 1639/1639/1639 1642/1642/1642 1641/1641/1641
f 1640/1640/1640 1643/1643/1643 1642/1642/1642
f 1638/1638/1638 1644/1644/1644 1621/1621/1621
f 1644/1644/1644 1618/1618/1618 1621/1621/1621
f 1641/1641/1641 1645/1645/1645 1638/1638/1638
f 1642/1642/1642 1645/1645/1645 1641/1641/1641
f 1645/1645/1645 1644/1644/1644 1638/1638/1638
f 1642/1642/1642 1643/1643/1643 1646/1646/1646
f 1642/1642/1642 1646/1646/1646 1645/1645/1645
f 1643/1643/1643 1647/1647/1647 1646/1646/1646
f 1644/1644/1644 1648/1648/1648 1618/1618/1618
f 1648/1648/1648 1613/1613/1613 1618/1618/1618
f 1645/1645/1645 1649/1649/1649 1644/1644/1644
f 1646/1646/1646 1649/1649/1649 1645/1645/1645
f 1649/1649/1649 1648/1648/1648 1644/1644/1644
f 1646/1646/1646 1647/1647/1647 1650/1650/1650
f 1646/1646/1646 1650/1650/1650 1649/1649/1649
f 1647/1647/1647 1651/1651/1651 1650/1650/1650
f 1652/1652/1652 1613/1613/1613 1648/1648/1648
f 1652/1652/1652 1566/1566/1566 1613/1613/1613
f 1648/1648/1648 1649/1649/1649 1653/1653/1653
f 1650/1650/1650 1653/1653/1653 1649/1649/1649
f 1654/1654/1654 1650/1650/1650 1651/1651/1651
f 1655/1655/1655 1654/1654/1654 1651/1651/1651
f 1652/1652/1652 1656/1656/1656 1566/1566/1566
f 1656/1656/1656 1553/1553/1553 1566/1566/1566
f 1657/1657/1657 1652/1652/1652 1648/1648/1648
f 1657/1657/1657 1648/1648/1648 1653/1653/1653
f 1657/1657/1657 1658/1658/1658 1652/1652/1652
f 1658/1658/1658 1657/1657/1657 1653/1653/1653
f 1658/1658/1658 1656/1656/1656 1652/1652/1652
f 1659/1659/1659 1653/1653/1653 1650/1650/1650
f 1654/1654/1654 1659/1659/1659 1650/1650/1650
f 1659/1659/1659 1658/1658/1658 1653/1653/1653
f 1660/1660/1660 1654/1654/1654 1655/1655/1655
f 1661/1661/1661 1660/1660/1660 1655/1655/1655
f 1660/1660/1660 1661/1661/1661 1662/1662/1662
f 1663/1663/1663 1659/1659/1659 1654/1654/1654
f 1660/1660/1660 1663/1663/1663 1654/1654/1654
f 1664/1664/1664 1658/1658/1658 1659/1659/1659
f 1663/1663/1663 1664/1664/1664 1659/1659/1659
f 1665/1665/1665 1660/1660/1660 1662/1662/1662
f 1665/1665/1665 1662/1662/1662 1666/1666/1666
f 1667/1667/1667 1663/1663/1663 1660/1660/1660
f 1664/1664/1664 1663/1663/1663 1667/1667/1667
f 1665/1665/1665 1667/1667/1667 1660/1660/1660
f 1664/1664/1664 1668/1668/1668 1658/1658/1658
f 1668/1668/1668 1656/1656/1656 1658/1658/1658
f 1668/1668/1668 1669/1669/1669 1656/1656/1656
f 1670/1670/1670 1664/1664/1664 1667/1667/1667
f 1668/1668/1668 1664/1664/1664 1670/1670/1670
f 1671/1671/1671 1667/1667/1667 1665/1665/1665
f 1670/1670/1670 1667/1667/1667 1671/1671/1671
f 1672/1672/1672 1665/1665/1665 1666/1666/1666
f 1672/1672/1672 1671/1671/1671 1665/1665/1665
f 1672/1672/1672 1666/1666/1666 1673/1673/1673
f 1666/1666/1666 1674/1674/1674 1673/1673/1673
f 1669/1669/1669 1675/1675/1675 1656/1656/1656
f 1675/1675/1675 1553/1553/1553 1656/1656/1656
f 1675/1675/1675 1562/1562/1562 1553/1553/1553
f 1675/1675/1675 1669/1669/1669 1562/1562/1562
f 1676/1676/1676 1668/1668/1668 1670/1670/1670
f 1669/1669/1669 1668/1668/1668 1676/1676/1676
f 1671/1671/1671 1672/1672/1672 1677/1677/1677
f 1672/1672/1672 1673/1673/1673 1677/1677/1677
f 1673/1673/1673 1674/1674/1674 1678/1678/1678
f 1674/1674/1674 1679/1679/1679 1678/1678/1678
f 1669/1669/1669 1680/1680/1680 1562/1562/1562
f 1562/1562/1562 1680/1680/1680 1549/1549/1549
f 1677/1677/1677 1673/1673/1673 1681/1681/1681
f 1673/1673/1673 1678/1678/1678 1681/1681/1681
f 1678/1678/1678 1679/1679/1679 1682/1682/1682
f 1679/1679/1679 1683/1683/1683 1682/1682/1682
f 1678/1678/1678 1682/1682/1682 1684/1684/1684
f 1681/1681/1681 1678/1678/1678 1684/1684/1684
f 1682/1682/1682 1683/1683/1683 1685/1685/1685
f 1682/1682/1682 1685/1685/1685 1684/1684/1684
f 1683/1683/1683 1686/1686/1686 1685/1685/1685
f 1685/1685/1685 1686/1686/1686 1687/1687/1687
f 1686/1686/1686 1688/1688/1688 1687/1687/1687
f 1685/1685/1685 1689/1689/1689 1684/1684/1684
f 1685/1685/1685 1687/1687/1687 1689/1689/1689
f 1681/1681/1681 1684/1684/1684 1690/1690/1690
f 1684/1684/1684 1689/1689/1689 1690/1690/1690
f 1677/1677/1677 1681/1681/1681 1691/1691/1691
f 1691/1691/1691 1681/1681/1681 1690/1690/1690
f 1687/1687/1687 1688/1688/1688 1692/1692/1692
f 1688/1688/1688 1693/1693/1693 1692/1692/1692
f 1687/1687/1687 1694/1694/1694 1689/1689/1689
f 1687/1687/1687 1692/1692/1692 1694/1694/1694
f 1689/1689/1689 1695/1695/1695 1690/1690/1690
f 1689/1689/1689 1694/1694/1694 1695/1695/1695
f 1692/1692/1692 1693/1693/1693 1696/1696/1696
f 1693/1693/1693 1697/1697/1697 1696/1696/1696
f 1692/1692/1692 1698/1698/1698 1694/1694/1694
f 1692/1692/1692 1696/1696/1696 1698/1698/1698
f 1696/1696/1696 1697/1697/1697 1699/1699/1699
f 1697/1697/1697 1700/1700/1700 1699/1699/1699
f 1701/1701/1701 1677/1677/1677 1691/1691/1691
f 1677/1677/1677 1701/1701/1701 1671/1671/1671
f 1691/1691/1691 1690/1690/1690 1702/1702/1702
f 1690/1690/1690 1695/1695/1695 1702/1702/1702
f 1694/1694/1694 1703/1703/1703 1695/1695/1695
f 1694/1694/1694 1698/1698/1698 1703/1703/1703
f 1696/1696/1696 1704/1704/1704 1698/1698/1698
f 1696/1696/1696 1699/1699/1699 1704/1704/1704
f 1699/1699/1699 1700/1700/1700 1705/1705/1705
f 1700/1700/1700 1706/1706/1706 1705/1705/1705
f 1701/1701/1701 1707/1707/1707 1671/1671/1671
f 1707/1707/1707 1670/1670/1670 1671/1671/1671
f 1670/1670/1670 1707/1707/1707 1708/1708/1708
f 1708/1708/1708 1707/1707/1707 1701/1701/1701
f 1676/1676/1676 1670/1670/1670 1708/1708/1708
f 1695/1695/1695 1703/1703/1703 1709/1709/1709
f 1695/1695/1695 1709/1709/1709 1702/1702/1702
f 1699/1699/1699 1710/1710/1710 1704/1704/1704
f 1699/1699/1699 1705/1705/1705 1710/1710/1710
f 1705/1705/1705 1706/1706/1706 1711/1711/1711
f 1706/1706/1706 1712/1712/1712 1711/1711/1711
f 1711/1711/1711 1712/1712/1712 1713/1713/1713
f 1712/1712/1712 1714/1714/1714 1713/1713/1713
f 1714/1714/1714 1715/1715/1715 1713/1713/1713
f 1705/1705/1705 1711/1711/1711 1716/1716/1716
f 1716/1716/1716 1711/1711/1711 1713/1713/1713
f 1705/1705/1705 1717/1717/1717 1710/1710/1710
f 1717/1717/1717 1705/1705/1705 1716/1716/1716
f 1715/1715/1715 1718/1718/1718 1713/1713/1713
f 1718/1718/1718 1715/1715/1715 1719/1719/1719
f 1720/1720/1720 1718/1718/1718 1719/1719/1719
f 1720/1720/1720 1719/1719/1719 1721/1721/1721
f 1722/1722/1722 1713/1713/1713 1718/1718/1718
f 1722/1722/1722 1718/1718/1718 1720/1720/1720
f 1723/1723/1723 1720/1720/1720 1721/1721/1721
f 1723/1723/1723 1721/1721/1721 1724/1724/1724
f 1725/1725/1725 1722/1722/1722 1720/1720/1720
f 1725/1725/1725 1720/1720/1720 1723/1723/1723
f 1726/1726/1726 1723/1723/1723 1724/1724/1724
f 1726/1726/1726 1724/1724/1724 1727/1727/1727
f 1728/1728/1728 1713/1713/1713 1722/1722/1722
f 1728/1728/1728 1722/1722/1722 1725/1725/1725
f 1729/1729/1729 1725/1725/1725 1723/1723/1723
f 1729/1729/1729 1723/1723/1723 1726/1726/1726
f 1730/1730/1730 1726/1726/1726 1727/1727/1727
f 1730/1730/1730 1727/1727/1727 1731/1731/1731
f 1732/1732/1732 1728/1728/1728 1725/1725/1725
f 1732/1732/1732 1725/1725/1725 1729/1729/1729
f 1733/1733/1733 1713/1713/1713 1728/1728/1728
f 1733/1733/1733 1728/1728/1728 1732/1732/1732
f 1734/1734/1734 1729/1729/1729 1726/1726/1726
f 1734/1734/1734 1726/1726/1726 1730/1730/1730
f 1735/1735/1735 1730/1730/1730 1731/1731/1731
f 1735/1735/1735 1731/1731/1731 1736/1736/1736
f 1737/1737/1737 1713/1713/1713 1733/1733/1733
f 1716/1716/1716 1713/1713/1713 1737/1737/1737
f 1738/1738/1738 1732/1732/1732 1729/1729/1729
f 1738/1738/1738 1729/1729/1729 1734/1734/1734
f 1739/1739/1739 1733/1733/1733 1732/1732/1732
f 1737/1737/1737 1733/1733/1733 1739/1739/1739
f 1739/1739/1739 1732/1732/1732 1738/1738/1738
f 1716/1716/1716 1737/1737/1737 1740/1740/1740
f 1740/1740/1740 1737/1737/1737 1739/1739/1739
f 1717/1717/1717 1716/1716/1716 1740/1740/1740
f 1741/1741/1741 1734/1734/1734 1730/1730/1730
f 1741/1741/1741 1730/1730/1730 1735/1735/1735
f 1742/1742/1742 1735/1735/1735 1736/1736/1736
f 1742/1742/1742 1736/1736/1736 1743/1743/1743
f 1744/1744/1744 1738/1738/1738 1734/1734/1734
f 1744/1744/1744 1734/1734/1734 1741/1741/1741
f 1745/1745/1745 1739/1739/1739 1738/1738/1738
f 1740/1740/1740 1739/1739/1739 1745/1745/1745
f 1745/1745/1745 1738/1738/1738 1744/1744/1744
f 1717/1717/1717 1740/1740/1740 1746/1746/1746
f 1746/1746/1746 1740/1740/1740 1745/1745/1745
f 1710/1710/1710 1717/1717/1717 1746/1746/1746
f 1747/1747/1747 1741/1741/1741 1735/1735/1735
f 1747/1747/1747 1735/1735/1735 1742/1742/1742
f 1748/1748/1748 1744/1744/1744 1741/1741/1741
f 1748/1748/1748 1741/1741/1741 1747/1747/1747
f 1749/1749/1749 1745/1745/1745 1744/1744/1744
f 1746/1746/1746 1745/1745/1745 1749/1749/1749
f 1749/1749/1749 1744/1744/1744 1748/1748/1748
f 1710/1710/1710 1746/1746/1746 1750/1750/1750
f 1750/1750/1750 1746/1746/1746 1749/1749/1749
f 1704/1704/1704 1710/1710/1710 1750/1750/1750
f 1751/1751/1751 1749/1749/1749 1748/1748/1748
f 1750/1750/1750 1749/1749/1749 1751/1751/1751
f 1704/1704/1704 1750/1750/1750 1752/1752/1752
f 1752/1752/1752 1750/1750/1750 1751/1751/1751
f 1698/1698/1698 1704/1704/1704 1752/1752/1752
f 1698/1698/1698 1752/1752/1752 1703/1703/1703
f 1703/1703/1703 1752/1752/1752 1753/1753/1753
f 1752/1752/1752 1751/1751/1751 1753/1753/1753
f 1703/1703/1703 1753/1753/1753 1709/1709/1709
f 1751/1751/1751 1748/1748/1748 1754/1754/1754
f 1753/1753/1753 1751/1751/1751 1754/1754/1754
f 1754/1754/1754 1748/1748/1748 1747/1747/1747
f 1709/1709/1709 1753/1753/1753 1755/1755/1755
f 1753/1753/1753 1754/1754/1754 1755/1755/1755
f 1754/1754/1754 1747/1747/1747 1756/1756/1756
f 1755/1755/1755 1754/1754/1754 1756/1756/1756
f 1756/1756/1756 1747/1747/1747 1742/1742/1742
f 1709/1709/1709 1755/1755/1755 1757/1757/1757
f 1702/1702/1702 1709/1709/1709 1757/1757/1757
f 1756/1756/1756 1742/1742/1742 1758/1758/1758
f 1758/1758/1758 1742/1742/1742 1743/1743/1743
f 1755/1755/1755 1756/1756/1756 1759/1759/1759
f 1757/1757/1757 1755/1755/1755 1759/1759/1759
f 1759/1759/1759 1756/1756/1756 1758/1758/1758
f 1760/1760/1760 1702/1702/1702 1757/1757/1757
f 1760/1760/1760 1691/1691/1691 1702/1702/1702
f 1701/1701/1701 1691/1691/1691 1760/1760/1760
f 1761/1761/1761 1758/1758/1758 1743/1743/1743
f 1762/1762/1762 1761/1761/1761 1743/1743/1743
f 1763/1763/1763 1759/1759/1759 1758/1758/1758
f 1761/1761/1761 1763/1763/1763 1758/1758/1758
f 1764/1764/1764 1757/1757/1757 1759/1759/1759
f 1764/1764/1764 1760/1760/1760 1757/1757/1757
f 1763/1763/1763 1764/1764/1764 1759/1759/1759
f 1765/1765/1765 1701/1701/1701 1760/1760/1760
f 1765/1765/1765 1760/1760/1760 1764/1764/1764
f 1765/1765/1765 1708/1708/1708 1701/1701/1701
f 1766/1766/1766 1761/1761/1761 1762/1762/1762
f 1767/1767/1767 1766/1766/1766 1762/1762/1762
f 1767/1767/1767 1768/1768/1768 1766/1766/1766
f 1769/1769/1769 1763/1763/1763 1761/1761/1761
f 1766/1766/1766 1769/1769/1769 1761/1761/1761
f 1770/1770/1770 1764/1764/1764 1763/1763/1763
f 1770/1770/1770 1765/1765/1765 1764/1764/1764
f 1769/1769/1769 1770/1770/1770 1763/1763/1763
f 1771/1771/1771 1708/1708/1708 1765/1765/1765
f 1770/1770/1770 1771/1771/1771 1765/1765/1765
f 1676/1676/1676 1708/1708/1708 1771/1771/1771
f 1772/1772/1772 1676/1676/1676 1771/1771/1771
f 1768/1768/1768 1773/1773/1773 1766/1766/1766
f 1766/1766/1766 1773/1773/1773 1769/1769/1769
f 1768/1768/1768 1774/1774/1774 1773/1773/1773
f 1775/1775/1775 1771/1771/1771 1770/1770/1770
f 1769/1769/1769 1775/1775/1775 1770/1770/1770
f 1773/1773/1773 1775/1775/1775 1769/1769/1769
f 1772/1772/1772 1771/1771/1771 1775/1775/1775
f 1774/1774/1774 1776/1776/1776 1773/1773/1773
f 1775/1775/1775 1773/1773/1773 1776/1776/1776
f 1772/1772/1772 1777/1777/1777 1676/1676/1676
f 1777/1777/1777 1669/1669/1669 1676/1676/1676
f 1669/1669/1669 1777/1777/1777 1778/1778/1778
f 1778/1778/1778 1777/1777/1777 1772/1772/1772
f 1680/1680/1680 1669/1669/1669 1778/1778/1778
f 1680/1680/1680 1778/1778/1778 1779/1779/1779
f 1780/1780/1780 1776/1776/1776 1774/1774/1774
f 1781/1781/1781 1780/1780/1780 1774/1774/1774
f 1782/1782/1782 1775/1775/1775 1776/1776/1776
f 1782/1782/1782 1772/1772/1772 1775/1775/1775
f 1782/1782/1782 1776/1776/1776 1783/1783/1783
f 1772/1772/1772 1782/1782/1782 1783/1783/1783
f 1776/1776/1776 1780/1780/1780 1783/1783/1783
f 1784/1784/1784 1778/1778/1778 1772/1772/1772
f 1779/1779/1779 1778/1778/1778 1784/1784/1784
f 1784/1784/1784 1772/1772/1772 1783/1783/1783
f 1780/1780/1780 1781/1781/1781 1785/1785/1785
f 1781/1781/1781 1786/1786/1786 1785/1785/1785
f 1786/1786/1786 1787/1787/1787 1785/1785/1785
f 1784/1784/1784 1783/1783/1783 1788/1788/1788
f 1788/1788/1788 1779/1779/1779 1784/1784/1784
f 1783/1783/1783 1780/1780/1780 1789/1789/1789
f 1780/1780/1780 1785/1785/1785 1789/1789/1789
f 1783/1783/1783 1789/1789/1789 1788/1788/1788
f 1787/1787/1787 1790/1790/1790 1785/1785/1785
f 1785/1785/1785 1790/1790/1790 1789/1789/1789
f 1787/1787/1787 1791/1791/1791 1790/1790/1790
f 1789/1789/1789 1792/1792/1792 1788/1788/1788
f 1790/1790/1790 1792/1792/1792 1789/1789/1789
f 1792/1792/1792 1790/1790/1790 1793/1793/1793
f 1792/1792/1792 1794/1794/1794 1788/1788/1788
f 1788/1788/1788 1794/1794/1794 1779/1779/1779
f 1794/1794/1794 1792/1792/1792 1793/1793/1793
f 1791/1791/1791 1795/1795/1795 1790/1790/1790
f 1790/1790/1790 1795/1795/1795 1793/1793/1793
f 1796/1796/1796 1795/1795/1795 1791/1791/1791
f 1797/1797/1797 1796/1796/1796 1791/1791/1791
f 1797/1797/1797 1798/1798/1798 1796/1796/1796
f 1796/1796/1796 1799/1799/1799 1795/1795/1795
f 1799/1799/1799 1793/1793/1793 1795/1795/1795
f 1800/1800/1800 1793/1793/1793 1799/1799/1799
f 1798/1798/1798 1801/1801/1801 1796/1796/1796
f 1796/1796/1796 1801/1801/1801 1799/1799/1799
f 1798/1798/1798 1802/1802/1802 1801/1801/1801
f 1801/1801/1801 1803/1803/1803 1799/1799/1799
f 1800/1800/1800 1799/1799/1799 1803/1803/1803
f 1802/1802/1802 1804/1804/1804 1801/1801/1801
f 1801/1801/1801 1804/1804/1804 1803/1803/1803
f 1802/1802/1802 1805/1805/1805 1804/1804/1804
f 1804/1804/1804 1806/1806/1806 1803/1803/1803
f 1805/1805/1805 1807/1807/1807 1804/1804/1804
f 1804/1804/1804 1807/1807/1807 1806/1806/1806
f 1807/1807/1807 1805/1805/1805 1808/1808/1808
f 1805/1805/1805 1809/1809/1809 1808/1808/1808
f 1807/1807/1807 1808/1808/1808 1810/1810/1810
f 1811/1811/1811 1807/1807/1807 1810/1810/1810
f 1807/1807/1807 1811/1811/1811 1806/1806/1806
f 1811/1811/1811 1810/1810/1810 1812/1812/1812
f 1803/1803/1803 1806/1806/1806 1813/1813/1813
f 1813/1813/1813 1800/1800/1800 1803/1803/1803
f 1814/1814/1814 1811/1811/1811 1812/1812/1812
f 1814/1814/1814 1812/1812/1812 1815/1815/1815
f 1806/1806/1806 1811/1811/1811 1816/1816/1816
f 1806/1806/1806 1816/1816/1816 1813/1813/1813
f 1811/1811/1811 1814/1814/1814 1816/1816/1816
f 1817/1817/1817 1814/1814/1814 1815/1815/1815
f 1817/1817/1817 1815/1815/1815 1818/1818/1818
f 1813/1813/1813 1816/1816/1816 1819/1819/1819
f 1800/1800/1800 1813/1813/1813 1819/1819/1819
f 1816/1816/1816 1814/1814/1814 1820/1820/1820
f 1814/1814/1814 1817/1817/1817 1820/1820/1820
f 1816/1816/1816 1820/1820/1820 1819/1819/1819
f 1821/1821/1821 1817/1817/1817 1818/1818/1818
f 1821/1821/1821 1818/1818/1818 1822/1822/1822
f 1823/1823/1823 1821/1821/1821 1822/1822/1822
f 1821/1821/1821 1823/1823/1823 1824/1824/1824
f 1817/1817/1817 1821/1821/1821 1825/1825/1825
f 1825/1825/1825 1821/1821/1821 1824/1824/1824
f 1820/1820/1820 1817/1817/1817 1825/1825/1825
f 1825/1825/1825 1824/1824/1824 1826/1826/1826
f 1820/1820/1820 1825/1825/1825 1827/1827/1827
f 1827/1827/1827 1825/1825/1825 1826/1826/1826
f 1819/1819/1819 1820/1820/1820 1827/1827/1827
f 1827/1827/1827 1826/1826/1826 1828/1828/1828
f 1819/1819/1819 1827/1827/1827 1829/1829/1829
f 1829/1829/1829 1827/1827/1827 1828/1828/1828
f 1830/1830/1830 1800/1800/1800 1819/1819/1819
f 1830/1830/1830 1819/1819/1819 1829/1829/1829
f 1829/1829/1829 1828/1828/1828 1831/1831/1831
f 1828/1828/1828 1832/1832/1832 1831/1831/1831
f 1832/1832/1832 1833/1833/1833 1831/1831/1831
f 1830/1830/1830 1829/1829/1829 1834/1834/1834
f 1830/1830/1830 1834/1834/1834 1800/1800/1800
f 1829/1829/1829 1831/1831/1831 1834/1834/1834
f 1833/1833/1833 1835/1835/1835 1831/1831/1831
f 1833/1833/1833 1836/1836/1836 1835/1835/1835
f 1835/1835/1835 1837/1837/1837 1831/1831/1831
f 1837/1837/1837 1834/1834/1834 1831/1831/1831
f 1834/1834/1834 1838/1838/1838 1800/1800/1800
f 1800/1800/1800 1838/1838/1838 1793/1793/1793
f 1836/1836/1836 1839/1839/1839 1835/1835/1835
f 1835/1835/1835 1839/1839/1839 1837/1837/1837
f 1834/1834/1834 1837/1837/1837 1840/1840/1840
f 1838/1838/1838 1834/1834/1834 1840/1840/1840
f 1838/1838/1838 1841/1841/1841 1793/1793/1793
f 1841/1841/1841 1794/1794/1794 1793/1793/1793
f 1841/1841/1841 1838/1838/1838 1842/1842/1842
f 1841/1841/1841 1842/1842/1842 1794/1794/1794
f 1838/1838/1838 1840/1840/1840 1842/1842/1842
f 1839/1839/1839 1836/1836/1836 1843/1843/1843
f 1836/1836/1836 1844/1844/1844 1843/1843/1843
f 1843/1843/1843 1844/1844/1844 1845/1845/1845
f 1844/1844/1844 1846/1846/1846 1845/1845/1845
f 1846/1846/1846 1847/1847/1847 1845/1845/1845
f 1839/1839/1839 1843/1843/1843 1848/1848/1848
f 1848/1848/1848 1843/1843/1843 1845/1845/1845
f 1839/1839/1839 1849/1849/1849 1837/1837/1837
f 1849/1849/1849 1839/1839/1839 1848/1848/1848
f 1837/1837/1837 1849/1849/1849 1850/1850/1850
f 1840/1840/1840 1837/1837/1837 1850/1850/1850
f 1849/1849/1849 1848/1848/1848 1850/1850/1850
f 1850/1850/1850 1851/1851/1851 1840/1840/1840
f 1851/1851/1851 1842/1842/1842 1840/1840/1840
f 1851/1851/1851 1852/1852/1852 1842/1842/1842
f 1848/1848/1848 1853/1853/1853 1850/1850/1850
f 1851/1851/1851 1850/1850/1850 1853/1853/1853
f 1854/1854/1854 1848/1848/1848 1845/1845/1845
f 1848/1848/1848 1854/1854/1854 1853/1853/1853
f 1847/1847/1847 1855/1855/1855 1845/1845/1845
f 1845/1845/1845 1855/1855/1855 1854/1854/1854
f 1856/1856/1856 1851/1851/1851 1853/1853/1853
f 1852/1852/1852 1851/1851/1851 1856/1856/1856
f 1852/1852/1852 1857/1857/1857 1842/1842/1842
f 1842/1842/1842 1857/1857/1857 1794/1794/1794
f 1794/1794/1794 1857/1857/1857 1779/1779/1779
f 1779/1779/1779 1857/1857/1857 1852/1852/1852
f 1858/1858/1858 1855/1855/1855 1847/1847/1847
f 1859/1859/1859 1858/1858/1858 1847/1847/1847
f 1854/1854/1854 1860/1860/1860 1853/1853/1853
f 1853/1853/1853 1860/1860/1860 1856/1856/1856
f 1861/1861/1861 1779/1779/1779 1852/1852/1852
f 1861/1861/1861 1680/1680/1680 1779/1779/1779
f 1680/1680/1680 1861/1861/1861 1549/1549/1549
f 1549/1549/1549 1861/1861/1861 1852/1852/1852
f 1862/1862/1862 1549/1549/1549 1852/1852/1852
f 1862/1862/1862 1852/1852/1852 1856/1856/1856
f 1862/1862/1862 1548/1548/1548 1549/1549/1549
f 1862/1862/1862 1856/1856/1856 1548/1548/1548
f 1856/1856/1856 1863/1863/1863 1548/1548/1548
f 1860/1860/1860 1863/1863/1863 1856/1856/1856
f 1548/1548/1548 1863/1863/1863 1531/1531/1531
f 1863/1863/1863 1860/1860/1860 1531/1531/1531
f 1860/1860/1860 1530/1530/1530 1531/1531/1531
f 1860/1860/1860 1854/1854/1854 1530/1530/1530
f 1854/1854/1854 1864/1864/1864 1530/1530/1530
f 1855/1855/1855 1864/1864/1864 1854/1854/1854
f 1530/1530/1530 1864/1864/1864 1536/1536/1536
f 1536/1536/1536 1864/1864/1864 1855/1855/1855
f 1858/1858/1858 1536/1536/1536 1855/1855/1855
f 1544/1544/1544 1536/1536/1536 1858/1858/1858
f 1865/1865/1865 1544/1544/1544 1858/1858/1858
f 1865/1865/1865 1858/1858/1858 1859/1859/1859
f 1527/1527/1527 1544/1544/1544 1865/1865/1865
f 1866/1866/1866 1865/1865/1865 1859/1859/1859
f 1867/1867/1867 1527/1527/1527 1865/1865/1865
f 1867/1867/1867 1865/1865/1865 1866/1866/1866
f 1527/1527/1527 1867/1867/1867 1528/1528/1528
f 1868/1868/1868 1867/1867/1867 1866/1866/1866
f 1528/1528/1528 1867/1867/1867 1869/1869/1869
f 1867/1867/1867 1868/1868/1868 1869/1869/1869
f 1872/1872/1872 1871/1871/1871 1870/1870/1870
f 1871/1871/1871 1873/1873/1873 1870/1870/1870
f 1871/1871/1871 1874/1874/1874 1873/1873/1873
f 1870/1870/1870 1873/1873/1873 1875/1875/1875
f 1874/1874/1874 1876/1876/1876 1873/1873/1873
f 1874/1874/1874 1877/1877/1877 1876/1876/1876
f 1873/1873/1873 1878/1878/1878 1875/1875/1875
f 1873/1873/1873 1876/1876/1876 1878/1878/1878
f 1877/1877/1877 1879/1879/1879 1876/1876/1876
f 1877/1877/1877 1880/1880/1880 1879/1879/1879
f 1878/1878/1878 1881/1881/1881 1875/1875/1875
f 1875/1875/1875 1881/1881/1881 1882/1882/1882
f 1876/1876/1876 1883/1883/1883 1878/1878/1878
f 1876/1876/1876 1879/1879/1879 1883/1883/1883
f 1878/1878/1878 1883/1883/1883 1881/1881/1881
f 1880/1880/1880 1884/1884/1884 1879/1879/1879
f 1880/1880/1880 1885/1885/1885 1884/1884/1884
f 1879/1879/1879 1886/1886/1886 1883/1883/1883
f 1879/1879/1879 1884/1884/1884 1886/1886/1886
f 1883/1883/1883 1887/1887/1887 1881/1881/1881
f 1883/1883/1883 1886/1886/1886 1887/1887/1887
f 1881/1881/1881 1888/1888/1888 1882/1882/1882
f 1881/1881/1881 1887/1887/1887 1888/1888/1888
f 1885/1885/1885 1889/1889/1889 1884/1884/1884
f 1885/1885/1885 1890/1890/1890 1889/1889/1889
f 1884/1884/1884 1891/1891/1891 1886/1886/1886
f 1884/1884/1884 1889/1889/1889 1891/1891/1891
f 1888/1888/1888 1892/1892/1892 1882/1882/1882
f 1882/1882/1882 1892/1892/1892 1893/1893/1893
f 1886/1886/1886 1894/1894/1894 1887/1887/1887
f 1886/1886/1886 1891/1891/1891 1894/1894/1894
f 1887/1887/1887 1895/1895/1895 1888/1888/1888
f 1888/1888/1888 1895/1895/1895 1892/1892/1892
f 1887/1887/1887 1894/1894/1894 1895/1895/1895
f 1890/1890/1890 1896/1896/1896 1889/1889/1889
f 1890/1890/1890 1897/1897/1897 1896/1896/1896
f 1892/1892/1892 1898/1898/1898 1893/1893/1893
f 1893/1893/1893 1898/1898/1898 1899/1899/1899
f 1889/1889/1889 1900/1900/1900 1891/1891/1891
f 1889/1889/1889 1896/1896/1896 1900/1900/1900
f 1895/1895/1895 1901/1901/1901 1892/1892/1892
f 1892/1892/1892 1901/1901/1901 1898/1898/1898
f 1891/1891/1891 1902/1902/1902 1894/1894/1894
f 1891/1891/1891 1900/1900/1900 1902/1902/1902
f 1894/1894/1894 1903/1903/1903 1895/1895/1895
f 1895/1895/1895 1903/1903/1903 1901/1901/1901
f 1894/1894/1894 1902/1902/1902 1903/1903/1903
f 1897/1897/1897 1904/1904/1904 1896/1896/1896
f 1905/1905/1905 1904/1904/1904 1897/1897/1897
f 1896/1896/1896 1906/1906/1906 1900/1900/1900
f 1896/1896/1896 1904/1904/1904 1906/1906/1906
f 1900/1900/1900 1907/1907/1907 1902/1902/1902
f 1900/1900/1900 1906/1906/1906 1907/1907/1907
f 1902/1902/1902 1908/1908/1908 1903/1903/1903
f 1902/1902/1902 1907/1907/1907 1908/1908/1908
f 1903/1903/1903 1909/1909/1909 1901/1901/1901
f 1903/1903/1903 1908/1908/1908 1909/1909/1909
f 1906/1906/1906 1904/1904/1904 1910/1910/1910
f 1906/1906/1906 1910/1910/1910 1907/1907/1907
f 1907/1907/1907 1911/1911/1911 1908/1908/1908
f 1907/1907/1907 1910/1910/1910 1911/1911/1911
f 1904/1904/1904 1912/1912/1912 1910/1910/1910
f 1905/1905/1905 1912/1912/1912 1904/1904/1904
f 1901/1901/1901 1909/1909/1909 1913/1913/1913
f 1901/1901/1901 1913/1913/1913 1898/1898/1898
f 1908/1908/1908 1914/1914/1914 1909/1909/1909
f 1908/1908/1908 1911/1911/1911 1914/1914/1914
f 1910/1910/1910 1915/1915/1915 1911/1911/1911
f 1910/1910/1910 1912/1912/1912 1915/1915/1915
f 1911/1911/1911 1915/1915/1915 1916/1916/1916
f 1911/1911/1911 1916/1916/1916 1914/1914/1914
f 1909/1909/1909 1914/1914/1914 1917/1917/1917
f 1909/1909/1909 1917/1917/1917 1913/1913/1913
f 1898/1898/1898 1913/1913/1913 1918/1918/1918
f 1898/1898/1898 1918/1918/1918 1899/1899/1899
f 1915/1915/1915 1912/1912/1912 1919/1919/1919
f 1915/1915/1915 1919/1919/1919 1916/1916/1916
f 1905/1905/1905 1920/1920/1920 1912/1912/1912
f 1912/1912/1912 1920/1920/1920 1919/1919/1919
f 1914/1914/1914 1916/1916/1916 1921/1921/1921
f 1914/1914/1914 1921/1921/1921 1917/1917/1917
f 1913/1913/1913 1917/1917/1917 1922/1922/1922
f 1913/1913/1913 1922/1922/1922 1918/1918/1918
f 1918/1918/1918 1923/1923/1923 1899/1899/1899
f 1918/1918/1918 1922/1922/1922 1923/1923/1923
f 1899/1899/1899 1923/1923/1923 1924/1924/1924
f 1923/1923/1923 1925/1925/1925 1924/1924/1924
f 1923/1923/1923 1926/1926/1926 1925/1925/1925
f 1922/1922/1922 1926/1926/1926 1923/1923/1923
f 1926/1926/1926 1927/1927/1927 1925/1925/1925
f 1917/1917/1917 1928/1928/1928 1922/1922/1922
f 1922/1922/1922 1928/1928/1928 1926/1926/1926
f 1917/1917/1917 1921/1921/1921 1928/1928/1928
f 1926/1926/1926 1929/1929/1929 1927/1927/1927
f 1928/1928/1928 1929/1929/1929 1926/1926/1926
f 1929/1929/1929 1930/1930/1930 1927/1927/1927
f 1916/1916/1916 1931/1931/1931 1921/1921/1921
f 1916/1916/1916 1919/1919/1919 1931/1931/1931
f 1921/1921/1921 1932/1932/1932 1928/1928/1928
f 1928/1928/1928 1932/1932/1932 1929/1929/1929
f 1921/1921/1921 1931/1931/1931 1932/1932/1932
f 1929/1929/1929 1933/1933/1933 1930/1930/1930
f 1932/1932/1932 1933/1933/1933 1929/1929/1929
f 1933/1933/1933 1934/1934/1934 1930/1930/1930
f 1919/1919/1919 1935/1935/1935 1931/1931/1931
f 1919/1919/1919 1920/1920/1920 1935/1935/1935
f 1931/1931/1931 1936/1936/1936 1932/1932/1932
f 1932/1932/1932 1936/1936/1936 1933/1933/1933
f 1931/1931/1931 1935/1935/1935 1936/1936/1936
f 1933/1933/1933 1937/1937/1937 1934/1934/1934
f 1936/1936/1936 1937/1937/1937 1933/1933/1933
f 1937/1937/1937 1938/1938/1938 1934/1934/1934
f 1935/1935/1935 1939/1939/1939 1936/1936/1936
f 1935/1935/1935 1920/1920/1920 1939/1939/1939
f 1936/1936/1936 1939/1939/1939 1937/1937/1937
f 1937/1937/1937 1940/1940/1940 1938/1938/1938
f 1939/1939/1939 1940/1940/1940 1937/1937/1937
f 1940/1940/1940 1941/1941/1941 1938/1938/1938
f 1920/1920/1920 1942/1942/1942 1939/1939/1939
f 1939/1939/1939 1942/1942/1942 1940/1940/1940
f 1940/1940/1940 1942/1942/1942 1941/1941/1941
f 1905/1905/1905 1942/1942/1942 1920/1920/1920
f 1942/1942/1942 1943/1943/1943 1941/1941/1941
f 1905/1905/1905 1943/1943/1943 1942/1942/1942
f 1946/1946/1946 1945/1945/1945 1944/1944/1944
f 1945/1945/1945 1947/1947/1947 1944/1944/1944
f 1945/1945/1945 1948/1948/1948 1947/1947/1947
f 1947/1947/1947 1949/1949/1949 1944/1944/1944
f 1944/1944/1944 1949/1949/1949 1950/1950/1950
f 1948/1948/1948 1951/1951/1951 1947/1947/1947
f 1947/1947/1947 1951/1951/1951 1949/1949/1949
f 1948/1948/1948 1952/1952/1952 1951/1951/1951
f 1949/1949/1949 1953/1953/1953 1950/1950/1950
f 1950/1950/1950 1953/1953/1953 1954/1954/1954
f 1951/1951/1951 1955/1955/1955 1949/1949/1949
f 1949/1949/1949 1955/1955/1955 1953/1953/1953
f 1952/1952/1952 1956/1956/1956 1951/1951/1951
f 1951/1951/1951 1956/1956/1956 1955/1955/1955
f 1952/1952/1952 1957/1957/1957 1956/1956/1956
f 1957/1957/1957 1958/1958/1958 1956/1956/1956
f 1957/1957/1957 1959/1959/1959 1958/1958/1958
f 1956/1956/1956 1960/1960/1960 1955/1955/1955
f 1956/1956/1956 1958/1958/1958 1960/1960/1960
f 1955/1955/1955 1961/1961/1961 1953/1953/1953
f 1955/1955/1955 1960/1960/1960 1961/1961/1961
f 1953/1953/1953 1962/1962/1962 1954/1954/1954
f 1953/1953/1953 1961/1961/1961 1962/1962/1962
f 1959/1959/1959 1963/1963/1963 1958/1958/1958
f 1959/1959/1959 1964/1964/1964 1963/1963/1963
f 1958/1958/1958 1965/1965/1965 1960/1960/1960
f 1958/1958/1958 1963/1963/1963 1965/1965/1965
f 1962/1962/1962 1966/1966/1966 1954/1954/1954
f 1954/1954/1954 1966/1966/1966 1967/1967/1967
f 1961/1961/1961 1968/1968/1968 1962/1962/1962
f 1962/1962/1962 1968/1968/1968 1966/1966/1966
f 1960/1960/1960 1969/1969/1969 1961/1961/1961
f 1960/1960/1960 1965/1965/1965 1969/1969/1969
f 1961/1961/1961 1969/1969/1969 1968/1968/1968
f 1964/1964/1964 1970/1970/1970 1963/1963/1963
f 1964/1964/1964 1971/1971/1971 1970/1970/1970
f 1963/1963/1963 1972/1972/1972 1965/1965/1965
f 1963/1963/1963 1970/1970/1970 1972/1972/1972
f 1965/1965/1965 1973/1973/1973 1969/1969/1969
f 1965/1965/1965 1972/1972/1972 1973/1973/1973
f 1969/1969/1969 1974/1974/1974 1968/1968/1968
f 1969/1969/1969 1973/1973/1973 1974/1974/1974
f 1968/1968/1968 1975/1975/1975 1966/1966/1966
f 1968/1968/1968 1974/1974/1974 1975/1975/1975
f 1971/1971/1971 1976/1976/1976 1970/1970/1970
f 1971/1971/1971 1977/1977/1977 1976/1976/1976
f 1970/1970/1970 1978/1978/1978 1972/1972/1972
f 1970/1970/1970 1976/1976/1976 1978/1978/1978
f 1972/1972/1972 1979/1979/1979 1973/1973/1973
f 1972/1972/1972 1978/1978/1978 1979/1979/1979
f 1973/1973/1973 1980/1980/1980 1974/1974/1974
f 1973/1973/1973 1979/1979/1979 1980/1980/1980
f 1978/1978/1978 1976/1976/1976 1981/1981/1981
f 1978/1978/1978 1981/1981/1981 1979/1979/1979
f 1966/1966/1966 1975/1975/1975 1982/1982/1982
f 1966/1966/1966 1982/1982/1982 1967/1967/1967
f 1974/1974/1974 1983/1983/1983 1975/1975/1975
f 1974/1974/1974 1980/1980/1980 1983/1983/1983
f 1979/1979/1979 1984/1984/1984 1980/1980/1980
f 1979/1979/1979 1981/1981/1981 1984/1984/1984
f 1976/1976/1976 1985/1985/1985 1981/1981/1981
f 1976/1976/1976 1977/1977/1977 1985/1985/1985
f 1982/1982/1982 1986/1986/1986 1967/1967/1967
f 1967/1967/1967 1986/1986/1986 1987/1987/1987
f 1975/1975/1975 1988/1988/1988 1982/1982/1982
f 1975/1975/1975 1983/1983/1983 1988/1988/1988
f 1982/1982/1982 1988/1988/1988 1986/1986/1986
f 1980/1980/1980 1989/1989/1989 1983/1983/1983
f 1980/1980/1980 1984/1984/1984 1989/1989/1989
f 1981/1981/1981 1990/1990/1990 1984/1984/1984
f 1981/1981/1981 1985/1985/1985 1990/1990/1990
f 1986/1986/1986 1991/1991/1991 1987/1987/1987
f 1987/1987/1987 1991/1991/1991 1992/1992/1992
f 1991/1991/1991 1993/1993/1993 1992/1992/1992
f 1988/1988/1988 1994/1994/1994 1986/1986/1986
f 1986/1986/1986 1994/1994/1994 1991/1991/1991
f 1983/1983/1983 1995/1995/1995 1988/1988/1988
f 1983/1983/1983 1989/1989/1989 1995/1995/1995
f 1988/1988/1988 1995/1995/1995 1994/1994/1994
f 1991/1991/1991 1996/1996/1996 1993/1993/1993
f 1994/1994/1994 1996/1996/1996 1991/1991/1991
f 1996/1996/1996 1997/1997/1997 1993/1993/1993
f 1984/1984/1984 1998/1998/1998 1989/1989/1989
f 1984/1984/1984 1990/1990/1990 1998/1998/1998
f 1989/1989/1989 1999/1999/1999 1995/1995/1995
f 1989/1989/1989 1998/1998/1998 1999/1999/1999
f 1995/1995/1995 2000/2000/2000 1994/1994/1994
f 1994/1994/1994 2000/2000/2000 1996/1996/1996
f 1995/1995/1995 1999/1999/1999 2000/2000/2000
f 1996/1996/1996 2001/2001/2001 1997/1997/1997
f 2000/2000/2000 2001/2001/2001 1996/1996/1996
f 2001/2001/2001 2002/2002/2002 1997/1997/1997
f 1990/1990/1990 2003/2003/2003 1998/1998/1998
f 1990/1990/1990 1985/1985/1985 2003/2003/2003
f 1998/1998/1998 2004/2004/2004 1999/1999/1999
f 1998/1998/1998 2003/2003/2003 2004/2004/2004
f 1999/1999/1999 2005/2005/2005 2000/2000/2000
f 2000/2000/2000 2005/2005/2005 2001/2001/2001
f 1999/1999/1999 2004/2004/2004 2005/2005/2005
f 2001/2001/2001 2006/2006/2006 2002/2002/2002
f 2005/2005/2005 2006/2006/2006 2001/2001/2001
f 2006/2006/2006 2007/2007/2007 2002/2002/2002
f 1985/1985/1985 2008/2008/2008 2003/2003/2003
f 1985/1985/1985 1977/1977/1977 2008/2008/2008
f 2004/2004/2004 2009/2009/2009 2005/2005/2005
f 2005/2005/2005 2009/2009/2009 2006/2006/2006
f 2006/2006/2006 2010/2010/2010 2007/2007/2007
f 2009/2009/2009 2010/2010/2010 2006/2006/2006
f 2010/2010/2010 2011/2011/2011 2007/2007/2007
f 2003/2003/2003 2012/2012/2012 2004/2004/2004
f 2004/2004/2004 2012/2012/2012 2009/2009/2009
f 2003/2003/2003 2008/2008/2008 2012/2012/2012
f 2012/2012/2012 2013/2013/2013 2009/2009/2009
f 2009/2009/2009 2013/2013/2013 2010/2010/2010
f 2012/2012/2012 2008/2008/2008 2013/2013/2013
f 2008/2008/2008 1977/1977/1977 2014/2014/2014
f 2008/2008/2008 2014/2014/2014 2013/2013/2013
f 2014/2014/2014 1977/1977/1977 2015/2015/2015
f 2014/2014/2014 2015/2015/2015 2016/2016/2016
f 2017/2017/2017 2016/2016/2016 2011/2011/2011
f 2010/2010/2010 2017/2017/2017 2011/2011/2011
f 2013/2013/2013 2017/2017/2017 2010/2010/2010
f 2017/2017/2017 2014/2014/2014 2016/2016/2016
f 2013/2013/2013 2014/2014/2014 2017/2017/2017
f 2020/2020/2020 2019/2019/2019 2018/2018/2018
f 2018/2018/2018 2019/2019/2019 2021/2021/2021
f 2022/2022/2022 2019/2019/2019 2020/2020/2020
f 2021/2021/2021 2019/2019/2019 2023/2023/2023
f 2024/2024/2024 2019/2019/2019 2022/2022/2022
f 2023/2023/2023 2019/2019/2019 2025/2025/2025
f 2026/2026/2026 2019/2019/2019 2024/2024/2024
f 2025/2025/2025 2019/2019/2019 2027/2027/2027
f 2028/2028/2028 2019/2019/2019 2026/2026/2026
f 2027/2027/2027 2019/2019/2019 2029/2029/2029
f 2030/2030/2030 2019/2019/2019 2028/2028/2028
f 2029/2029/2029 2019/2019/2019 2031/2031/2031
f 2032/2032/2032 2019/2019/2019 2030/2030/2030
f 2031/2031/2031 2019/2019/2019 2033/2033/2033
f 2034/2034/2034 2019/2019/2019 2032/2032/2032
f 2033/2033/2033 2019/2019/2019 2035/2035/2035
f 2036/2036/2036 2019/2019/2019 2034/2034/2034
f 2035/2035/2035 2019/2019/2019 2037/2037/2037
f 2038/2038/2038 2019/2019/2019 2036/2036/2036
f 2037/2037/2037 2019/2019/2019 2038/2038/2038
f 2041/2041/2041 2040/2040/2040 2039/2039/2039
f 2039/2039/2039 2040/2040/2040 2042/2042/2042
f 2043/2043/2043 2040/2040/2040 2041/2041/2041
f 2042/2042/2042 2040/2040/2040 2044/2044/2044
f 2045/2045/2045 2040/2040/2040 2043/2043/2043
f 2044/2044/2044 2040/2040/2040 2046/2046/2046
f 2047/2047/2047 2040/2040/2040 2045/2045/2045
f 2046/2046/2046 2040/2040/2040 2048/2048/2048
f 2049/2049/2049 2040/2040/2040 2047/2047/2047
f 2048/2048/2048 2040/2040/2040 2050/2050/2050
f 2051/2051/2051 2040/2040/2040 2049/2049/2049
f 2050/2050/2050 2040/2040/2040 2052/2052/2052
f 2053/2053/2053 2040/2040/2040 2051/2051/2051
f 2052/2052/2052 2040/2040/2040 2054/2054/2054
f 2055/2055/2055 2040/2040/2040 2053/2053/2053
f 2054/2054/2054 2040/2040/2040 2056/2056/2056
f 2057/2057/2057 2040/2040/2040 2055/2055/2055
f 2056/2056/2056 2040/2040/2040 2058/2058/2058
f 2059/2059/2059 2040/2040/2040 2057/2057/2057
f 2058/2058/2058 2040/2040/2040 2059/2059/2059
f 2062/2062/2062 2061/2061/2061 2060/2060/2060
f 2060/2060/2060 2061/2061/2061 2063/2063/2063
f 2064/2064/2064 2061/2061/2061 2062/2062/2062
f 2063/2063/2063 2061/2061/2061 2065/2065/2065
f 2066/2066/2066 2061/2061/2061 2064/2064/2064
f 2065/2065/2065 2061/2061/2061 2067/2067/2067
f 2068/2068/2068 2061/2061/2061 2066/2066/2066
f 2067/2067/2067 2061/2061/2061 2069/2069/2069
f 2070/2070/2070 2061/2061/2061 2068/2068/2068
f 2069/2069/2069 2061/2061/2061 2071/2071/2071
f 2072/2072/2072 2061/2061/2061 2070/2070/2070
f 2071/2071/2071 2061/2061/2061 2073/2073/2073
f 2074/2074/2074 2061/2061/2061 2072/2072/2072
f 2073/2073/2073 2061/2061/2061 2075/2075/2075
f 2076/2076/2076 2061/2061/2061 2074/2074/2074
f 2075/2075/2075 2061/2061/2061 2077/2077/2077
f 2078/2078/2078 2061/2061/2061 2076/2076/2076
f 2077/2077/2077 2061/2061/2061 2079/2079/2079
f 2080/2080/2080 2061/2061/2061 2078/2078/2078
f 2079/2079/2079 2061/2061/2061 2080/2080/2080
f 2083/2083/2083 2082/2082/2082 2081/2081/2081
f 2081/2081/2081 2082/2082/2082 2084/2084/2084
f 2085/2085/2085 2082/2082/2082 2083/2083/2083
f 2084/2084/2084 2082/2082/2082 2086/2086/2086
f 2087/2087/2087 2082/2082/2082 2085/2085/2085
f 2086/2086/2086 2082/2082/2082 2088/2088/2088
f 2089/2089/2089 2082/2082/2082 2087/2087/2087
f 2088/2088/2088 2082/2082/2082 2090/2090/2090
f 2091/2091/2091 2082/2082/2082 2089/2089/2089
f 2090/2090/2090 2082/2082/2082 2092/2092/2092
f 2093/2093/2093 2082/2082/2082 2091/2091/2091
f 2092/2092/2092 2082/2082/2082 2094/2094/2094
f 2095/2095/2095 2082/2082/2082 2093/2093/2093
f 2094/2094/2094 2082/2082/2082 2095/2095/2095
f 2098/2098/2098 2097/2097/2097 2096/2096/2096
f 2098/2098/2098 2096/2096/2096 2099/2099/2099
f 2098/2098/2098 2100/2100/2100 2097/2097/2097
f 2098/2098/2098 2099/2099/2099 2101/2101/2101
f 2098/2098/2098 2102/2102/2102 2100/2100/2100
f 2098/2098/2098 2101/2101/2101 2103/2103/2103
f 2098/2098/2098 2104/2104/2104 2102/2102/2102
f 2098/2098/2098 2103/2103/2103 2105/2105/2105
f 2098/2098/2098 2106/2106/2106 2104/2104/2104
f 2098/2098/2098 2105/2105/2105 2107/2107/2107
f 2098/2098/2098 2108/2108/2108 2106/2106/2106
f 2098/2098/2098 2107/2107/2107 2109/2109/2109
f 2098/2098/2098 2110/2110/2110 2108/2108/2108
f 2098/2098/2098 2109/2109/2109 2111/2111/2111
f 2098/2098/2098 2112/2112/2112 2110/2110/2110
f 2098/2098/2098 2111/2111/2111 2113/2113/2113
f 2098/2098/2098 2114/2114/2114 2112/2112/2112
f 2098/2098/2098 2113/2113/2113 2115/2115/2115
f 2098/2098/2098 2116/2116/2116 2114/2114/2114
f 2098/2098/2098 2115/2115/2115 2116/2116/2116
f 2119/2119/2119 2118/2118/2118 2117/2117/2117
f 2117/2117/2117 2118/2118/2118 2120/2120/2120
f 2121/2121/2121 2118/2118/2118 2119/2119/2119
f 2120/2120/2120 2118/2118/2118 2122/2122/2122
f 2123/2123/2123 2118/2118/2118 2121/2121/2121
f 2122/2122/2122 2118/2118/2118 2124/2124/2124
f 2125/2125/2125 2118/2118/2118 2123/2123/2123
f 2124/2124/2124 2118/2118/2118 2126/2126/2126
f 2127/2127/2127 2118/2118/2118 2125/2125/2125
f 2126/2126/2126 2118/2118/2118 2128/2128/2128
f 2129/2129/2129 2118/2118/2118 2127/2127/2127
f 2128/2128/2128 2118/2118/2118 2130/2130/2130
f 2131/2131/2131 2118/2118/2118 2129/2129/2129
f 2130/2130/2130 2118/2118/2118 2132/2132/2132
f 2133/2133/2133 2118/2118/2118 2131/2131/2131
f 2132/2132/2132 2118/2118/2118 2134/2134/2134
f 2135/2135/2135 2118/2118/2118 2133/2133/2133
f 2134/2134/2134 2118/2118/2118 2136/2136/2136
f 2137/2137/2137 2118/2118/2118 2135/2135/2135
f 2136/2136/2136 2118/2118/2118 2137/2137/2137
f 2140/2140/2140 2139/2139/2139 2138/2138/2138
f 2138/2138/2138 2139/2139/2139 2141/2141/2141
f 2142/2142/2142 2139/2139/2139 2140/2140/2140
f 2141/2141/2141 2139/2139/2139 2143/2143/2143
f 2144/2144/2144 2139/2139/2139 2142/2142/2142
f 2143/2143/2143 2139/2139/2139 2145/2145/2145
f 2146/2146/2146 2139/2139/2139 2144/2144/2144
f 2145/2145/2145 2139/2139/2139 2147/2147/2147
f 2148/2148/2148 2139/2139/2139 2146/2146/2146
f 2147/2147/2147 2139/2139/2139 2149/2149/2149
f 2150/2150/2150 2139/2139/2139 2148/2148/2148
f 2149/2149/2149 2139/2139/2139 2151/2151/2151
f 2152/2152/2152 2139/2139/2139 2150/2150/2150
f 2151/2151/2151 2139/2139/2139 2153/2153/2153
f 2154/2154/2154 2139/2139/2139 2152/2152/2152
f 2153/2153/2153 2139/2139/2139 2155/2155/2155
f 2156/2156/2156 2139/2139/2139 2154/2154/2154
f 2155/2155/2155 2139/2139/2139 2157/2157/2157
f 2158/2158/2158 2139/2139/2139 2156/2156/2156
f 2157/2157/2157 2139/2139/2139 2158/2158/2158
f 2161/2161/2161 2160/2160/2160 2159/2159/2159
f 2159/2159/2159 2160/2160/2160 2162/2162/2162
f 2163/2163/2163 2160/2160/2160 2161/2161/2161
f 2162/2162/2162 2160/2160/2160 2164/2164/2164
f 2165/2165/2165 2160/2160/2160 2163/2163/2163
f 2164/2164/2164 2160/2160/2160 2166/2166/2166
f 2167/2167/2167 2160/2160/2160 2165/2165/2165
f 2166/2166/2166 2160/2160/2160 2168/2168/2168
f 2169/2169/2169 2160/2160/2160 2167/2167/2167
f 2168/2168/2168 2160/2160/2160 2170/2170/2170
f 2171/2171/2171 2160/2160/2160 2169/2169/2169
f 2170/2170/2170 2160/2160/2160 2172/2172/2172
f 2173/2173/2173 2160/2160/2160 2171/2171/2171
f 2172/2172/2172 2160/2160/2160 2174/2174/2174
f 2175/2175/2175 2160/2160/2160 2173/2173/2173
f 2174/2174/2174 2160/2160/2160 2176/2176/2176
f 2177/2177/2177 2160/2160/2160 2175/2175/2175
f 2176/2176/2176 2160/2160/2160 2178/2178/2178
f 2179/2179/2179 2160/2160/2160 2177/2177/2177
f 2178/2178/2178 2160/2160/2160 2179/2179/2179
f 2182/2182/2182 2181/2181/2181 2180/2180/2180
f 2180/2180/2180 2181/2181/2181 2183/2183/2183
f 2184/2184/2184 2181/2181/2181 2182/2182/2182
f 2183/2183/2183 2181/2181/2181 2185/2185/2185
f 2186/2186/2186 2181/2181/2181 2184/2184/2184
f 2185/2185/2185 2181/2181/2181 2187/2187/2187
f 2188/2188/2188 2181/2181/2181 2186/2186/2186
f 2187/2187/2187 2181/2181/2181 2189/2189/2189
f 2190/2190/2190 2181/2181/2181 2188/2188/2188
f 2189/2189/2189 2181/2181/2181 2191/2191/2191
f 2192/2192/2192 2181/2181/2181 2190/2190/2190
f 2191/2191/2191 2181/2181/2181 2193/2193/2193
f 2194/2194/2194 2181/2181/2181 2192/2192/2192
f 2193/2193/2193 2181/2181/2181 2195/2195/2195
f 2196/2196/2196 2181/2181/2181 2194/2194/2194
f 2195/2195/2195 2181/2181/2181 2197/2197/2197
f 2198/2198/2198 2181/2181/2181 2196/2196/2196
f 2197/2197/2197 2181/2181/2181 2199/2199/2199
f 2200/2200/2200 2181/2181/2181 2198/2198/2198
f 2199/2199/2199 2181/2181/2181 2200/2200/2200
f 2203/2203/2203 2202/2202/2202 2201/2201/2201
f 2203/2203/2203 2201/2201/2201 2204/2204/2204
f 2203/2203/2203 2205/2205/2205 2202/2202/2202
f 2203/2203/2203 2204/2204/2204 2206/2206/2206
f 2203/2203/2203 2207/2207/2207 2205/2205/2205
f 2203/2203/2203 2206/2206/2206 2208/2208/2208
f 2203/2203/2203 2209/2209/2209 2207/2207/2207
f 2203/2203/2203 2208/2208/2208 2210/2210/2210
f 2203/2203/2203 2211/2211/2211 2209/2209/2209
f 2203/2203/2203 2210/2210/2210 2212/2212/2212
f 2203/2203/2203 2213/2213/2213 2211/2211/2211
f 2203/2203/2203 2212/2212/2212 2214/2214/2214
f 2203/2203/2203 2215/2215/2215 2213/2213/2213
f 2203/2203/2203 2214/2214/2214 2216/2216/2216
f 2203/2203/2203 2217/2217/2217 2215/2215/2215
f 2203/2203/2203 2216/2216/2216 2218/2218/2218
f 2203/2203/2203 2219/2219/2219 2217/2217/2217
f 2203/2203/2203 2218/2218/2218 2220/2220/2220
f 2203/2203/2203 2221/2221/2221 2219/2219/2219
f 2203/2203/2203 2220/2220/2220 2221/2221/2221
f 2224/2224/2224 2223/2223/2223 2222/2222/2222
f 2222/2222/2222 2223/2223/2223 2225/2225/2225
f 2226/2226/2226 2223/2223/2223 2224/2224/2224
f 2225/2225/2225 2223/2223/2223 2227/2227/2227
f 2228/2228/2228 2223/2223/2223 2226/2226/2226
f 2227/2227/2227 2223/2223/2223 2229/2229/2229
f 2230/2230/2230 2223/2223/2223 2228/2228/2228
f 2229/2229/2229 2223/2223/2223 2231/2231/2231
f 2232/2232/2232 2223/2223/2223 2230/2230/2230
f 2231/2231/2231 2223/2223/2223 2233/2233/2233
f 2234/2234/2234 2223/2223/2223 2232/2232/2232
f 2233/2233/2233 2223/2223/2223 2235/2235/2235
f 2236/2236/2236 2223/2223/2223 2234/2234/2234
f 2235/2235/2235 2223/2223/2223 2237/2237/2237
f 2238/2238/2238 2223/2223/2223 2236/2236/2236
f 2237/2237/2237 2223/2223/2223 2239/2239/2239
f 2240/2240/2240 2223/2223/2223 2238/2238/2238
f 2239/2239/2239 2223/2223/2223 2241/2241/2241
f 2242/2242/2242 2223/2223/2223 2240/2240/2240
f 2241/2241/2241 2223/2223/2223 2242/2242/2242
f 2245/2245/2245 2244/2244/2244 2243/2243/2243
f 2244/2244/2244 2246/2246/2246 2243/2243/2243
f 2247/2247/2247 2244/2244/2244 2245/2245/2245
f 2243/2243/2243 2246/2246/2246 2248/2248/2248
f 2249/2249/2249 2247/2247/2247 2245/2245/2245
f 2246/2246/2246 2250/2250/2250 2248/2248/2248
f 2250/2250/2250 2247/2247/2247 2249/2249/2249
f 2248/2248/2248 2250/2250/2250 2249/2249/2249
f 2253/2253/2253 2252/2252/2252 2251/2251/2251
f 2252/2252/2252 2254/2254/2254 2251/2251/2251
f 2255/2255/2255 2252/2252/2252 2253/2253/2253
f 2251/2251/2251 2254/2254/2254 2256/2256/2256
f 2257/2257/2257 2255/2255/2255 2253/2253/2253
f 2254/2254/2254 2258/2258/2258 2256/2256/2256
f 2259/2259/2259 2255/2255/2255 2257/2257/2257
f 2256/2256/2256 2258/2258/2258 2260/2260/2260
f 2261/2261/2261 2259/2259/2259 2257/2257/2257
f 2258/2258/2258 2262/2262/2262 2260/2260/2260
f 2263/2263/2263 2259/2259/2259 2261/2261/2261
f 2260/2260/2260 2262/2262/2262 2264/2264/2264
f 2265/2265/2265 2263/2263/2263 2261/2261/2261
f 2262/2262/2262 2266/2266/2266 2264/2264/2264
f 2267/2267/2267 2263/2263/2263 2265/2265/2265
f 2264/2264/2264 2266/2266/2266 2268/2268/2268
f 2269/2269/2269 2267/2267/2267 2265/2265/2265
f 2266/2266/2266 2270/2270/2270 2268/2268/2268
f 2271/2271/2271 2267/2267/2267 2269/2269/2269
f 2268/2268/2268 2270/2270/2270 2272/2272/2272
f 2273/2273/2273 2271/2271/2271 2269/2269/2269
f 2270/2270/2270 2274/2274/2274 2272/2272/2272
f 2275/2275/2275 2271/2271/2271 2273/2273/2273
f 2272/2272/2272 2274/2274/2274 2276/2276/2276
f 2277/2277/2277 2275/2275/2275 2273/2273/2273
f 2274/2274/2274 2278/2278/2278 2276/2276/2276
f 2279/2279/2279 2275/2275/2275 2277/2277/2277
f 2276/2276/2276 2278/2278/2278 2280/2280/2280
f 2281/2281/2281 2279/2279/2279 2277/2277/2277
f 2278/2278/2278 2282/2282/2282 2280/2280/2280
f 2283/2283/2283 2279/2279/2279 2281/2281/2281
f 2280/2280/2280 2282/2282/2282 2284/2284/2284
f 2285/2285/2285 2283/2283/2283 2281/2281/2281
f 2282/2282/2282 2286/2286/2286 2284/2284/2284
f 2287/2287/2287 2283/2283/2283 2285/2285/2285
f 2284/2284/2284 2286/2286/2286 2288/2288/2288
f 2289/2289/2289 2287/2287/2287 2285/2285/2285
f 2286/2286/2286 2290/2290/2290 2288/2288/2288
f 2290/2290/2290 2287/2287/2287 2289/2289/2289
f 2288/2288/2288 2290/2290/2290 2289/2289/2289
f 2293/2293/2293 2292/2292/2292 2291/2291/2291
f 2292/2292/2292 2294/2294/2294 2291/2291/2291
f 2295/2295/2295 2292/2292/2292 2293/2293/2293
f 2291/2291/2291 2294/2294/2294 2296/2296/2296
f 2297/2297/2297 2295/2295/2295 2293/2293/2293
f 2294/2294/2294 2298/2298/2298 2296/2296/2296
f 2299/2299/2299 2295/2295/2295 2297/2297/2297
f 2296/2296/2296 2298/2298/2298 2300/2300/2300
f 2301/2301/2301 2299/2299/2299 2297/2297/2297
f 2298/2298/2298 2302/2302/2302 2300/2300/2300
f 2303/2303/2303 2299/2299/2299 2301/2301/2301
f 2300/2300/2300 2302/2302/2302 2304/2304/2304
f 2305/2305/2305 2303/2303/2303 2301/2301/2301
f 2302/2302/2302 2306/2306/2306 2304/2304/2304
f 2307/2307/2307 2303/2303/2303 2305/2305/2305
f 2304/2304/2304 2306/2306/2306 2308/2308/2308
f 2309/2309/2309 2307/2307/2307 2305/2305/2305
f 2306/2306/2306 2310/2310/2310 2308/2308/2308
f 2311/2311/2311 2307/2307/2307 2309/2309/2309
f 2308/2308/2308 2310/2310/2310 2312/2312/2312
f 2313/2313/2313 2311/2311/2311 2309/2309/2309
f 2310/2310/2310 2314/2314/2314 2312/2312/2312
f 2315/2315/2315 2311/2311/2311 2313/2313/2313
f 2312/2312/2312 2314/2314/2314 2316/2316/2316
f 2317/2317/2317 2315/2315/2315 2313/2313/2313
f 2314/2314/2314 2318/2318/2318 2316/2316/2316
f 2319/2319/2319 2315/2315/2315 2317/2317/2317
f 2316/2316/2316 2318/2318/2318 2320/2320/2320
f 2321/2321/2321 2319/2319/2319 2317/2317/2317
f 2318/2318/2318 2322/2322/2322 2320/2320/2320
f 2323/2323/2323 2319/2319/2319 2321/2321/2321
f 2320/2320/2320 2322/2322/2322 2324/2324/2324
f 2325/2325/2325 2323/2323/2323 2321/2321/2321
f 2322/2322/2322 2326/2326/2326 2324/2324/2324
f 2327/2327/2327 2323/2323/2323 2325/2325/2325
f 2324/2324/2324 2326/2326/2326 2328/2328/2328
f 2329/2329/2329 2327/2327/2327 2325/2325/2325
f 2326/2326/2326 2330/2330/2330 2328/2328/2328
f 2330/2330/2330 2327/2327/2327 2329/2329/2329
f 2328/2328/2328 2330/2330/2330 2329/2329/2329
f 2333/2333/2333 2332/2332/2332 2331/2331/2331
f 2332/2332/2332 2334/2334/2334 2331/2331/2331
f 2335/2335/2335 2332/2332/2332 2333/2333/2333
f 2331/2331/2331 2334/2334/2334 2336/2336/2336
f 2337/2337/2337 2335/2335/2335 2333/2333/2333
f 2334/2334/2334 2338/2338/2338 2336/2336/2336
f 2338/2338/2338 2335/2335/2335 2337/2337/2337
f 2336/2336/2336 2338/2338/2338 2337/2337/2337
f 2341/2341/2341 2340/2340/2340 2339/2339/2339
f 2340/2340/2340 2342/2342/2342 2339/2339/2339
f 2343/2343/2343 2340/2340/2340 2341/2341/2341
f 2339/2339/2339 2342/2342/2342 2344/2344/2344
f 2345/2345/2345 2343/2343/2343 2341/2341/2341
f 2342/2342/2342 2346/2346/2346 2344/2344/2344
f 2347/2347/2347 2343/2343/2343 2345/2345/2345
f 2344/2344/2344 2346/2346/2346 2348/2348/2348
f 2349/2349/2349 2347/2347/2347 2345/2345/2345
f 2346/2346/2346 2350/2350/2350 2348/2348/2348
f 2351/2351/2351 2347/2347/2347 2349/2349/2349
f 2348/2348/2348 2350/2350/2350 2352/2352/2352
f 2353/2353/2353 2351/2351/2351 2349/2349/2349
f 2350/2350/2350 2354/2354/2354 2352/2352/2352
f 2355/2355/2355 2351/2351/2351 2353/2353/2353
f 2352/2352/2352 2354/2354/2354 2356/2356/2356
f 2357/2357/2357 2355/2355/2355 2353/2353/2353
f 2354/2354/2354 2358/2358/2358 2356/2356/2356
f 2359/2359/2359 2355/2355/2355 2357/2357/2357
f 2356/2356/2356 2358/2358/2358 2360/2360/2360
f 2361/2361/2361 2359/2359/2359 2357/2357/2357
f 2358/2358/2358 2362/2362/2362 2360/2360/2360
f 2363/2363/2363 2359/2359/2359 2361/2361/2361
f 2360/2360/2360 2362/2362/2362 2364/2364/2364
f 2365/2365/2365 2363/2363/2363 2361/2361/2361
f 2362/2362/2362 2366/2366/2366 2364/2364/2364
f 2367/2367/2367 2363/2363/2363 2365/2365/2365
f 2364/2364/2364 2366/2366/2366 2368/2368/2368
f 2369/2369/2369 2367/2367/2367 2365/2365/2365
f 2366/2366/2366 2370/2370/2370 2368/2368/2368
f 2371/2371/2371 2367/2367/2367 2369/2369/2369
f 2368/2368/2368 2370/2370/2370 2372/2372/2372
f 2373/2373/2373 2371/2371/2371 2369/2369/2369
f 2370/2370/2370 2374/2374/2374 2372/2372/2372
f 2375/2375/2375 2371/2371/2371 2373/2373/2373
f 2372/2372/2372 2374/2374/2374 2376/2376/2376
f 2377/2377/2377 2375/2375/2375 2373/2373/2373
f 2374/2374/2374 2378/2378/2378 2376/2376/2376
f 2378/2378/2378 2375/2375/2375 2377/2377/2377
f 2376/2376/2376 2378/2378/2378 2377/2377/2377
f 2381/2381/2381 2380/2380/2380 2379/2379/2379
f 2382/2382/2382 2381/2381/2381 2379/2379/2379
f 2383/2383/2383 2381/2381/2381 2382/2382/2382
f 2379/2379/2379 2380/2380/2380 2384/2384/2384
f 2380/2380/2380 2385/2385/2385 2384/2384/2384
f 2386/2386/2386 2383/2383/2383 2382/2382/2382
f 2387/2387/2387 2383/2383/2383 2386/2386/2386
f 2384/2384/2384 2385/2385/2385 2388/2388/2388
f 2385/2385/2385 2389/2389/2389 2388/2388/2388
f 2390/2390/2390 2387/2387/2387 2386/2386/2386
f 2391/2391/2391 2387/2387/2387 2390/2390/2390
f 2388/2388/2388 2389/2389/2389 2392/2392/2392
f 2389/2389/2389 2393/2393/2393 2392/2392/2392
f 2394/2394/2394 2391/2391/2391 2390/2390/2390
f 2395/2395/2395 2391/2391/2391 2394/2394/2394
f 2392/2392/2392 2393/2393/2393 2396/2396/2396
f 2393/2393/2393 2397/2397/2397 2396/2396/2396
f 2398/2398/2398 2395/2395/2395 2394/2394/2394
f 2399/2399/2399 2395/2395/2395 2398/2398/2398
f 2396/2396/2396 2397/2397/2397 2400/2400/2400
f 2397/2397/2397 2401/2401/2401 2400/2400/2400
f 2402/2402/2402 2399/2399/2399 2398/2398/2398
f 2403/2403/2403 2399/2399/2399 2402/2402/2402
f 2400/2400/2400 2401/2401/2401 2404/2404/2404
f 2401/2401/2401 2405/2405/2405 2404/2404/2404
f 2406/2406/2406 2403/2403/2403 2402/2402/2402
f 2407/2407/2407 2403/2403/2403 2406/2406/2406
f 2404/2404/2404 2405/2405/2405 2408/2408/2408
f 2405/2405/2405 2409/2409/2409 2408/2408/2408
f 2410/2410/2410 2407/2407/2407 2406/2406/2406
f 2411/2411/2411 2407/2407/2407 2410/2410/2410
f 2408/2408/2408 2409/2409/2409 2412/2412/2412
f 2409/2409/2409 2413/2413/2413 2412/2412/2412
f 2414/2414/2414 2411/2411/2411 2410/2410/2410
f 2415/2415/2415 2411/2411/2411 2414/2414/2414
f 2412/2412/2412 2413/2413/2413 2416/2416/2416
f 2413/2413/2413 2417/2417/2417 2416/2416/2416
f 2418/2418/2418 2415/2415/2415 2414/2414/2414
f 2419/2419/2419 2415/2415/2415 2418/2418/2418
f 2416/2416/2416 2417/2417/2417 2420/2420/2420
f 2417/2417/2417 2421/2421/2421 2420/2420/2420
f 2422/2422/2422 2419/2419/2419 2418/2418/2418
f 2423/2423/2423 2419/2419/2419 2422/2422/2422
f 2420/2420/2420 2421/2421/2421 2424/2424/2424
f 2421/2421/2421 2425/2425/2425 2424/2424/2424
f 2425/2425/2425 2423/2423/2423 2426/2426/2426
f 2426/2426/2426 2423/2423/2423 2422/2422/2422
f 2424/2424/2424 2425/2425/2425 2426/2426/2426
f 2412/2412/2412 2416/2416/2416 2427/2427/2427
f 2416/2416/2416 2420/2420/2420 2428/2428/2428
f 2427/2427/2427 2416/2416/2416 2428/2428/2428
f 2420/2420/2420 2424/2424/2424 2429/2429/2429
f 2428/2428/2428 2420/2420/2420 2429/2429/2429
f 2424/2424/2424 2426/2426/2426 2430/2430/2430
f 2429/2429/2429 2424/2424/2424 2430/2430/2430
f 2426/2426/2426 2422/2422/2422 2431/2431/2431
f 2430/2430/2430 2426/2426/2426 2431/2431/2431
f 2422/2422/2422 2418/2418/2418 2432/2432/2432
f 2431/2431/2431 2422/2422/2422 2432/2432/2432
f 2433/2433/2433 2412/2412/2412 2427/2427/2427
f 2408/2408/2408 2412/2412/2412 2433/2433/2433
f 2432/2432/2432 2418/2418/2418 2434/2434/2434
f 2418/2418/2418 2414/2414/2414 2434/2434/2434
f 2435/2435/2435 2408/2408/2408 2433/2433/2433
f 2404/2404/2404 2408/2408/2408 2435/2435/2435
f 2434/2434/2434 2414/2414/2414 2436/2436/2436
f 2414/2414/2414 2410/2410/2410 2436/2436/2436
f 2437/2437/2437 2404/2404/2404 2435/2435/2435
f 2400/2400/2400 2404/2404/2404 2437/2437/2437
f 2436/2436/2436 2410/2410/2410 2438/2438/2438
f 2410/2410/2410 2406/2406/2406 2438/2438/2438
f 2439/2439/2439 2400/2400/2400 2437/2437/2437
f 2396/2396/2396 2400/2400/2400 2439/2439/2439
f 2438/2438/2438 2406/2406/2406 2440/2440/2440
f 2406/2406/2406 2402/2402/2402 2440/2440/2440
f 2441/2441/2441 2396/2396/2396 2439/2439/2439
f 2392/2392/2392 2396/2396/2396 2441/2441/2441
f 2440/2440/2440 2402/2402/2402 2442/2442/2442
f 2402/2402/2402 2398/2398/2398 2442/2442/2442
f 2443/2443/2443 2392/2392/2392 2441/2441/2441
f 2388/2388/2388 2392/2392/2392 2443/2443/2443
f 2442/2442/2442 2398/2398/2398 2444/2444/2444
f 2398/2398/2398 2394/2394/2394 2444/2444/2444
f 2445/2445/2445 2388/2388/2388 2443/2443/2443
f 2384/2384/2384 2388/2388/2388 2445/2445/2445
f 2444/2444/2444 2394/2394/2394 2446/2446/2446
f 2394/2394/2394 2390/2390/2390 2446/2446/2446
f 2447/2447/2447 2384/2384/2384 2445/2445/2445
f 2379/2379/2379 2384/2384/2384 2447/2447/2447
f 2446/2446/2446 2390/2390/2390 2448/2448/2448
f 2390/2390/2390 2386/2386/2386 2448/2448/2448
f 2449/2449/2449 2379/2379/2379 2447/2447/2447
f 2382/2382/2382 2379/2379/2379 2449/2449/2449
f 2386/2386/2386 2382/2382/2382 2450/2450/2450
f 2448/2448/2448 2386/2386/2386 2450/2450/2450
f 2450/2450/2450 2382/2382/2382 2449/2449/2449
f 2445/2445/2445 2443/2443/2443 2451/2451/2451
f 2447/2447/2447 2445/2445/2445 2452/2452/2452
f 2452/2452/2452 2445/2445/2445 2451/2451/2451
f 2449/2449/2449 2447/2447/2447 2453/2453/2453
f 2453/2453/2453 2447/2447/2447 2452/2452/2452
f 2450/2450/2450 2449/2449/2449 2454/2454/2454
f 2454/2454/2454 2449/2449/2449 2453/2453/2453
f 2448/2448/2448 2450/2450/2450 2455/2455/2455
f 2455/2455/2455 2450/2450/2450 2454/2454/2454
f 2446/2446/2446 2448/2448/2448 2456/2456/2456
f 2456/2456/2456 2448/2448/2448 2455/2455/2455
f 2451/2451/2451 2443/2443/2443 2457/2457/2457
f 2443/2443/2443 2441/2441/2441 2457/2457/2457
f 2458/2458/2458 2446/2446/2446 2456/2456/2456
f 2444/2444/2444 2446/2446/2446 2458/2458/2458
f 2457/2457/2457 2441/2441/2441 2459/2459/2459
f 2441/2441/2441 2439/2439/2439 2459/2459/2459
f 2460/2460/2460 2444/2444/2444 2458/2458/2458
f 2442/2442/2442 2444/2444/2444 2460/2460/2460
f 2459/2459/2459 2439/2439/2439 2461/2461/2461
f 2439/2439/2439 2437/2437/2437 2461/2461/2461
f 2462/2462/2462 2442/2442/2442 2460/2460/2460
f 2440/2440/2440 2442/2442/2442 2462/2462/2462
f 2461/2461/2461 2437/2437/2437 2463/2463/2463
f 2437/2437/2437 2435/2435/2435 2463/2463/2463
f 2464/2464/2464 2440/2440/2440 2462/2462/2462
f 2438/2438/2438 2440/2440/2440 2464/2464/2464
f 2463/2463/2463 2435/2435/2435 2465/2465/2465
f 2435/2435/2435 2433/2433/2433 2465/2465/2465
f 2466/2466/2466 2438/2438/2438 2464/2464/2464
f 2436/2436/2436 2438/2438/2438 2466/2466/2466
f 2465/2465/2465 2433/2433/2433 2467/2467/2467
f 2433/2433/2433 2427/2427/2427 2467/2467/2467
f 2468/2468/2468 2436/2436/2436 2466/2466/2466
f 2434/2434/2434 2436/2436/2436 2468/2468/2468
f 2467/2467/2467 2427/2427/2427 2469/2469/2469
f 2427/2427/2427 2428/2428/2428 2469/2469/2469
f 2470/2470/2470 2434/2434/2434 2468/2468/2468
f 2432/2432/2432 2434/2434/2434 2470/2470/2470
f 2469/2469/2469 2428/2428/2428 2471/2471/2471
f 2428/2428/2428 2429/2429/2429 2471/2471/2471
f 2472/2472/2472 2432/2432/2432 2470/2470/2470
f 2431/2431/2431 2432/2432/2432 2472/2472/2472
f 2471/2471/2471 2429/2429/2429 2473/2473/2473
f 2429/2429/2429 2430/2430/2430 2473/2473/2473
f 2430/2430/2430 2431/2431/2431 2474/2474/2474
f 2474/2474/2474 2431/2431/2431 2472/2472/2472
f 2473/2473/2473 2430/2430/2430 2474/2474/2474
f 2467/2467/2467 2469/2469/2469 2475/2475/2475
f 2469/2469/2469 2471/2471/2471 2476/2476/2476
f 2475/2475/2475 2469/2469/2469 2476/2476/2476
f 2471/2471/2471 2473/2473/2473 2477/2477/2477
f 2476/2476/2476 2471/2471/2471 2477/2477/2477
f 2473/2473/2473 2474/2474/2474 2478/2478/2478
f 2477/2477/2477 2473/2473/2473 2478/2478/2478
f 2474/2474/2474 2472/2472/2472 2479/2479/2479
f 2478/2478/2478 2474/2474/2474 2479/2479/2479
f 2472/2472/2472 2470/2470/2470 2480/2480/2480
f 2479/2479/2479 2472/2472/2472 2480/2480/2480
f 2481/2481/2481 2467/2467/2467 2475/2475/2475
f 2465/2465/2465 2467/2467/2467 2481/2481/2481
f 2480/2480/2480 2470/2470/2470 2482/2482/2482
f 2470/2470/2470 2468/2468/2468 2482/2482/2482
f 2483/2483/2483 2465/2465/2465 2481/2481/2481
f 2463/2463/2463 2465/2465/2465 2483/2483/2483
f 2482/2482/2482 2468/2468/2468 2484/2484/2484
f 2468/2468/2468 2466/2466/2466 2484/2484/2484
f 2485/2485/2485 2463/2463/2463 2483/2483/2483
f 2461/2461/2461 2463/2463/2463 2485/2485/2485
f 2484/2484/2484 2466/2466/2466 2486/2486/2486
f 2466/2466/2466 2464/2464/2464 2486/2486/2486
f 2487/2487/2487 2461/2461/2461 2485/2485/2485
f 2459/2459/2459 2461/2461/2461 2487/2487/2487
f 2486/2486/2486 2464/2464/2464 2488/2488/2488
f 2464/2464/2464 2462/2462/2462 2488/2488/2488
f 2489/2489/2489 2459/2459/2459 2487/2487/2487
f 2457/2457/2457 2459/2459/2459 2489/2489/2489
f 2488/2488/2488 2462/2462/2462 2490/2490/2490
f 2462/2462/2462 2460/2460/2460 2490/2490/2490
f 2491/2491/2491 2457/2457/2457 2489/2489/2489
f 2451/2451/2451 2457/2457/2457 2491/2491/2491
f 2490/2490/2490 2460/2460/2460 2492/2492/2492
f 2460/2460/2460 2458/2458/2458 2492/2492/2492
f 2493/2493/2493 2451/2451/2451 2491/2491/2491
f 2452/2452/2452 2451/2451/2451 2493/2493/2493
f 2492/2492/2492 2458/2458/2458 2494/2494/2494
f 2458/2458/2458 2456/2456/2456 2494/2494/2494
f 2495/2495/2495 2452/2452/2452 2493/2493/2493
f 2453/2453/2453 2452/2452/2452 2495/2495/2495
f 2494/2494/2494 2456/2456/2456 2496/2496/2496
f 2456/2456/2456 2455/2455/2455 2496/2496/2496
f 2497/2497/2497 2453/2453/2453 2495/2495/2495
f 2454/2454/2454 2453/2453/2453 2497/2497/2497
f 2455/2455/2455 2454/2454/2454 2498/2498/2498
f 2496/2496/2496 2455/2455/2455 2498/2498/2498
f 2498/2498/2498 2454/2454/2454 2497/2497/2497
f 2493/2493/2493 2491/2491/2491 2499/2499/2499
f 2495/2495/2495 2493/2493/2493 2500/2500/2500
f 2500/2500/2500 2493/2493/2493 2499/2499/2499
f 2497/2497/2497 2495/2495/2495 2501/2501/2501
f 2501/2501/2501 2495/2495/2495 2500/2500/2500
f 2498/2498/2498 2497/2497/2497 2502/2502/2502
f 2502/2502/2502 2497/2497/2497 2501/2501/2501
f 2496/2496/2496 2498/2498/2498 2503/2503/2503
f 2503/2503/2503 2498/2498/2498 2502/2502/2502
f 2494/2494/2494 2496/2496/2496 2504/2504/2504
f 2504/2504/2504 2496/2496/2496 2503/2503/2503
f 2499/2499/2499 2491/2491/2491 2505/2505/2505
f 2491/2491/2491 2489/2489/2489 2505/2505/2505
f 2506/2506/2506 2494/2494/2494 2504/2504/2504
f 2492/2492/2492 2494/2494/2494 2506/2506/2506
f 2505/2505/2505 2489/2489/2489 2507/2507/2507
f 2489/2489/2489 2487/2487/2487 2507/2507/2507
f 2508/2508/2508 2492/2492/2492 2506/2506/2506
f 2490/2490/2490 2492/2492/2492 2508/2508/2508
f 2507/2507/2507 2487/2487/2487 2509/2509/2509
f 2487/2487/2487 2485/2485/2485 2509/2509/2509
f 2510/2510/2510 2490/2490/2490 2508/2508/2508
f 2488/2488/2488 2490/2490/2490 2510/2510/2510
f 2509/2509/2509 2485/2485/2485 2511/2511/2511
f 2485/2485/2485 2483/2483/2483 2511/2511/2511
f 2512/2512/2512 2488/2488/2488 2510/2510/2510
f 2486/2486/2486 2488/2488/2488 2512/2512/2512
f 2511/2511/2511 2483/2483/2483 2513/2513/2513
f 2483/2483/2483 2481/2481/2481 2513/2513/2513
f 2514/2514/2514 2486/2486/2486 2512/2512/2512
f 2484/2484/2484 2486/2486/2486 2514/2514/2514
f 2513/2513/2513 2481/2481/2481 2515/2515/2515
f 2481/2481/2481 2475/2475/2475 2515/2515/2515
f 2516/2516/2516 2484/2484/2484 2514/2514/2514
f 2482/2482/2482 2484/2484/2484 2516/2516/2516
f 2515/2515/2515 2475/2475/2475 2517/2517/2517
f 2475/2475/2475 2476/2476/2476 2517/2517/2517
f 2518/2518/2518 2482/2482/2482 2516/2516/2516
f 2480/2480/2480 2482/2482/2482 2518/2518/2518
f 2517/2517/2517 2476/2476/2476 2519/2519/2519
f 2476/2476/2476 2477/2477/2477 2519/2519/2519
f 2520/2520/2520 2480/2480/2480 2518/2518/2518
f 2479/2479/2479 2480/2480/2480 2520/2520/2520
f 2519/2519/2519 2477/2477/2477 2521/2521/2521
f 2477/2477/2477 2478/2478/2478 2521/2521/2521
f 2478/2478/2478 2479/2479/2479 2522/2522/2522
f 2522/2522/2522 2479/2479/2479 2520/2520/2520
f 2521/2521/2521 2478/2478/2478 2522/2522/2522
f 2515/2515/2515 2517/2517/2517 2523/2523/2523
f 2524/2524/2524 2515/2515/2515 2523/2523/2523
f 2523/2523/2523 2517/2517/2517 2525/2525/2525
f 2517/2517/2517 2519/2519/2519 2525/2525/2525
f 2513/2513/2513 2515/2515/2515 2524/2524/2524
f 2525/2525/2525 2519/2519/2519 2526/2526/2526
f 2519/2519/2519 2521/2521/2521 2526/2526/2526
f 2527/2527/2527 2513/2513/2513 2524/2524/2524
f 2526/2526/2526 2521/2521/2521 2528/2528/2528
f 2521/2521/2521 2522/2522/2522 2528/2528/2528
f 2511/2511/2511 2513/2513/2513 2527/2527/2527
f 2528/2528/2528 2522/2522/2522 2529/2529/2529
f 2530/2530/2530 2511/2511/2511 2527/2527/2527
f 2522/2522/2522 2520/2520/2520 2529/2529/2529
f 2509/2509/2509 2511/2511/2511 2530/2530/2530
f 2529/2529/2529 2520/2520/2520 2531/2531/2531
f 2532/2532/2532 2509/2509/2509 2530/2530/2530
f 2520/2520/2520 2518/2518/2518 2531/2531/2531
f 2507/2507/2507 2509/2509/2509 2532/2532/2532
f 2531/2531/2531 2518/2518/2518 2533/2533/2533
f 2534/2534/2534 2507/2507/2507 2532/2532/2532
f 2518/2518/2518 2516/2516/2516 2533/2533/2533
f 2505/2505/2505 2507/2507/2507 2534/2534/2534
f 2533/2533/2533 2516/2516/2516 2535/2535/2535
f 2536/2536/2536 2505/2505/2505 2534/2534/2534
f 2516/2516/2516 2514/2514/2514 2535/2535/2535
f 2499/2499/2499 2505/2505/2505 2536/2536/2536
f 2535/2535/2535 2514/2514/2514 2537/2537/2537
f 2538/2538/2538 2499/2499/2499 2536/2536/2536
f 2514/2514/2514 2512/2512/2512 2537/2537/2537
f 2500/2500/2500 2499/2499/2499 2538/2538/2538
f 2537/2537/2537 2512/2512/2512 2539/2539/2539
f 2540/2540/2540 2500/2500/2500 2538/2538/2538
f 2512/2512/2512 2510/2510/2510 2539/2539/2539
f 2501/2501/2501 2500/2500/2500 2540/2540/2540
f 2539/2539/2539 2510/2510/2510 2541/2541/2541
f 2542/2542/2542 2501/2501/2501 2540/2540/2540
f 2510/2510/2510 2508/2508/2508 2541/2541/2541
f 2502/2502/2502 2501/2501/2501 2542/2542/2542
f 2541/2541/2541 2508/2508/2508 2543/2543/2543
f 2544/2544/2544 2502/2502/2502 2542/2542/2542
f 2508/2508/2508 2506/2506/2506 2543/2543/2543
f 2503/2503/2503 2502/2502/2502 2544/2544/2544
f 2543/2543/2543 2506/2506/2506 2545/2545/2545
f 2546/2546/2546 2503/2503/2503 2544/2544/2544
f 2506/2506/2506 2504/2504/2504 2545/2545/2545
f 2504/2504/2504 2503/2503/2503 2546/2546/2546
f 2545/2545/2545 2504/2504/2504 2546/2546/2546
f 2549/2549/2549 2548/2548/2548 2547/2547/2547
f 2548/2548/2548 2550/2550/2550 2547/2547/2547
f 2551/2551/2551 2548/2548/2548 2549/2549/2549
f 2547/2547/2547 2550/2550/2550 2552/2552/2552
f 2553/2553/2553 2551/2551/2551 2549/2549/2549
f 2550/2550/2550 2554/2554/2554 2552/2552/2552
f 2554/2554/2554 2551/2551/2551 2553/2553/2553
f 2552/2552/2552 2554/2554/2554 2553/2553/2553
f 2557/2557/2557 2556/2556/2556 2555/2555/2555
f 2556/2556/2556 2558/2558/2558 2555/2555/2555
f 2559/2559/2559 2556/2556/2556 2557/2557/2557
f 2555/2555/2555 2558/2558/2558 2560/2560/2560
f 2561/2561/2561 2559/2559/2559 2557/2557/2557
f 2558/2558/2558 2562/2562/2562 2560/2560/2560
f 2563/2563/2563 2559/2559/2559 2561/2561/2561
f 2560/2560/2560 2562/2562/2562 2564/2564/2564
f 2565/2565/2565 2563/2563/2563 2561/2561/2561
f 2562/2562/2562 2566/2566/2566 2564/2564/2564
f 2567/2567/2567 2563/2563/2563 2565/2565/2565
f 2564/2564/2564 2566/2566/2566 2568/2568/2568
f 2569/2569/2569 2567/2567/2567 2565/2565/2565
f 2566/2566/2566 2570/2570/2570 2568/2568/2568
f 2571/2571/2571 2567/2567/2567 2569/2569/2569
f 2568/2568/2568 2570/2570/2570 2572/2572/2572
f 2573/2573/2573 2571/2571/2571 2569/2569/2569
f 2570/2570/2570 2574/2574/2574 2572/2572/2572
f 2575/2575/2575 2571/2571/2571 2573/2573/2573
f 2572/2572/2572 2574/2574/2574 2576/2576/2576
f 2577/2577/2577 2575/2575/2575 2573/2573/2573
f 2574/2574/2574 2578/2578/2578 2576/2576/2576
f 2579/2579/2579 2575/2575/2575 2577/2577/2577
f 2576/2576/2576 2578/2578/2578 2580/2580/2580
f 2581/2581/2581 2579/2579/2579 2577/2577/2577
f 2578/2578/2578 2582/2582/2582 2580/2580/2580
f 2582/2582/2582 2579/2579/2579 2581/2581/2581
f 2580/2580/2580 2582/2582/2582 2581/2581/2581
f 2585/2585/2585 2584/2584/2584 2583/2583/2583
f 2584/2584/2584 2586/2586/2586 2583/2583/2583
f 2587/2587/2587 2584/2584/2584 2585/2585/2585
f 2583/2583/2583 2586/2586/2586 2588/2588/2588
f 2589/2589/2589 2587/2587/2587 2585/2585/2585
f 2586/2586/2586 2590/2590/2590 2588/2588/2588
f 2590/2590/2590 2587/2587/2587 2589/2589/2589
f 2588/2588/2588 2590/2590/2590 2589/2589/2589
f 2593/2593/2593 2592/2592/2592 2591/2591/2591
f 2594/2594/2594 2593/2593/2593 2591/2591/2591
f 2593/2593/2593 2595/2595/2595 2592/2592/2592
f 2594/2594/2594 2591/2591/2591 2596/2596/2596
f 2595/2595/2595 2597/2597/2597 2592/2592/2592
f 2598/2598/2598 2594/2594/2594 2596/2596/2596
f 2598/2598/2598 2596/2596/2596 2597/2597/2597
f 2595/2595/2595 2598/2598/2598 2597/2597/2597
f 2601/2601/2601 2600/2600/2600 2599/2599/2599
f 2602/2602/2602 2601/2601/2601 2599/2599/2599
f 2601/2601/2601 2603/2603/2603 2600/2600/2600
f 2602/2602/2602 2599/2599/2599 2604/2604/2604
f 2603/2603/2603 2605/2605/2605 2600/2600/2600
f 2606/2606/2606 2602/2602/2602 2604/2604/2604
f 2603/2603/2603 2607/2607/2607 2605/2605/2605
f 2606/2606/2606 2604/2604/2604 2608/2608/2608
f 2607/2607/2607 2609/2609/2609 2605/2605/2605
f 2610/2610/2610 2606/2606/2606 2608/2608/2608
f 2607/2607/2607 2611/2611/2611 2609/2609/2609
f 2610/2610/2610 2608/2608/2608 2612/2612/2612
f 2611/2611/2611 2613/2613/2613 2609/2609/2609
f 2614/2614/2614 2610/2610/2610 2612/2612/2612
f 2611/2611/2611 2615/2615/2615 2613/2613/2613
f 2614/2614/2614 2612/2612/2612 2616/2616/2616
f 2615/2615/2615 2617/2617/2617 2613/2613/2613
f 2618/2618/2618 2614/2614/2614 2616/2616/2616
f 2615/2615/2615 2619/2619/2619 2617/2617/2617
f 2618/2618/2618 2616/2616/2616 2620/2620/2620
f 2619/2619/2619 2621/2621/2621 2617/2617/2617
f 2622/2622/2622 2618/2618/2618 2620/2620/2620
f 2619/2619/2619 2623/2623/2623 2621/2621/2621
f 2622/2622/2622 2620/2620/2620 2624/2624/2624
f 2623/2623/2623 2625/2625/2625 2621/2621/2621
f 2626/2626/2626 2622/2622/2622 2624/2624/2624
f 2623/2623/2623 2627/2627/2627 2625/2625/2625
f 2626/2626/2626 2624/2624/2624 2628/2628/2628
f 2627/2627/2627 2629/2629/2629 2625/2625/2625
f 2630/2630/2630 2626/2626/2626 2628/2628/2628
f 2627/2627/2627 2631/2631/2631 2629/2629/2629
f 2630/2630/2630 2628/2628/2628 2632/2632/2632
f 2631/2631/2631 2633/2633/2633 2629/2629/2629
f 2634/2634/2634 2630/2630/2630 2632/2632/2632
f 2631/2631/2631 2635/2635/2635 2633/2633/2633
f 2634/2634/2634 2632/2632/2632 2636/2636/2636
f 2635/2635/2635 2637/2637/2637 2633/2633/2633
f 2638/2638/2638 2634/2634/2634 2636/2636/2636
f 2638/2638/2638 2636/2636/2636 2637/2637/2637
f 2635/2635/2635 2638/2638/2638 2637/2637/2637
f 2641/2641/2641 2640/2640/2640 2639/2639/2639
f 2640/2640/2640 2642/2642/2642 2639/2639/2639
f 2643/2643/2643 2640/2640/2640 2641/2641/2641
f 2639/2639/2639 2642/2642/2642 2644/2644/2644
f 2645/2645/2645 2643/2643/2643 2641/2641/2641
f 2642/2642/2642 2646/2646/2646 2644/2644/2644
f 2646/2646/2646 2643/2643/2643 2645/2645/2645
f 2644/2644/2644 2646/2646/2646 2645/2645/2645
f 2649/2649/2649 2648/2648/2648 2647/2647/2647
f 2648/2648/2648 2650/2650/2650 2647/2647/2647
f 2651/2651/2651 2648/2648/2648 2649/2649/2649
f 2647/2647/2647 2650/2650/2650 2652/2652/2652
f 2653/2653/2653 2651/2651/2651 2649/2649/2649
f 2650/2650/2650 2654/2654/2654 2652/2652/2652
f 2655/2655/2655 2651/2651/2651 2653/2653/2653
f 2652/2652/2652 2654/2654/2654 2656/2656/2656
f 2657/2657/2657 2655/2655/2655 2653/2653/2653
f 2654/2654/2654 2658/2658/2658 2656/2656/2656
f 2659/2659/2659 2655/2655/2655 2657/2657/2657
f 2656/2656/2656 2658/2658/2658 2660/2660/2660
f 2661/2661/2661 2659/2659/2659 2657/2657/2657
f 2658/2658/2658 2662/2662/2662 2660/2660/2660
f 2663/2663/2663 2659/2659/2659 2661/2661/2661
f 2660/2660/2660 2662/2662/2662 2664/2664/2664
f 2665/2665/2665 2663/2663/2663 2661/2661/2661
f 2662/2662/2662 2666/2666/2666 2664/2664/2664
f 2667/2667/2667 2663/2663/2663 2665/2665/2665
f 2664/2664/2664 2666/2666/2666 2668/2668/2668
f 2669/2669/2669 2667/2667/2667 2665/2665/2665
f 2666/2666/2666 2670/2670/2670 2668/2668/2668
f 2671/2671/2671 2667/2667/2667 2669/2669/2669
f 2668/2668/2668 2670/2670/2670 2672/2672/2672
f 2673/2673/2673 2671/2671/2671 2669/2669/2669
f 2670/2670/2670 2674/2674/2674 2672/2672/2672
f 2675/2675/2675 2671/2671/2671 2673/2673/2673
f 2672/2672/2672 2674/2674/2674 2676/2676/2676
f 2677/2677/2677 2675/2675/2675 2673/2673/2673
f 2674/2674/2674 2678/2678/2678 2676/2676/2676
f 2679/2679/2679 2675/2675/2675 2677/2677/2677
f 2676/2676/2676 2678/2678/2678 2680/2680/2680
f 2681/2681/2681 2679/2679/2679 2677/2677/2677
f 2678/2678/2678 2682/2682/2682 2680/2680/2680
f 2683/2683/2683 2679/2679/2679 2681/2681/2681
f 2680/2680/2680 2682/2682/2682 2684/2684/2684
f 2685/2685/2685 2683/2683/2683 2681/2681/2681
f 2682/2682/2682 2686/2686/2686 2684/2684/2684
f 2686/2686/2686 2683/2683/2683 2685/2685/2685
f 2684/2684/2684 2686/2686/2686 2685/2685/2685
f 2689/2689/2689 2688/2688/2688 2687/2687/2687
f 2688/2688/2688 2690/2690/2690 2687/2687/2687
f 2691/2691/2691 2688/2688/2688 2689/2689/2689
f 2687/2687/2687 2690/2690/2690 2692/2692/2692
f 2693/2693/2693 2691/2691/2691 2689/2689/2689
f 2690/2690/2690 2694/2694/2694 2692/2692/2692
f 2694/2694/2694 2691/2691/2691 2693/2693/2693
f 2692/2692/2692 2694/2694/2694 2693/2693/2693
f 2697/2697/2697 2696/2696/2696 2695/2695/2695
f 2696/2696/2696 2698/2698/2698 2695/2695/2695
f 2696/2696/2696 2699/2699/2699 2698/2698/2698
f 2697/2697/2697 2695/2695/2695 2700/2700/2700
f 2701/2701/2701 2697/2697/2697 2700/2700/2700
f 2699/2699/2699 2702/2702/2702 2698/2698/2698
f 2699/2699/2699 2703/2703/2703 2702/2702/2702
f 2701/2701/2701 2700/2700/2700 2704/2704/2704
f 2705/2705/2705 2701/2701/2701 2704/2704/2704
f 2703/2703/2703 2706/2706/2706 2702/2702/2702
f 2703/2703/2703 2707/2707/2707 2706/2706/2706
f 2705/2705/2705 2704/2704/2704 2708/2708/2708
f 2709/2709/2709 2705/2705/2705 2708/2708/2708
f 2707/2707/2707 2710/2710/2710 2706/2706/2706
f 2707/2707/2707 2711/2711/2711 2710/2710/2710
f 2709/2709/2709 2708/2708/2708 2712/2712/2712
f 2713/2713/2713 2709/2709/2709 2712/2712/2712
f 2711/2711/2711 2714/2714/2714 2710/2710/2710
f 2711/2711/2711 2715/2715/2715 2714/2714/2714
f 2713/2713/2713 2712/2712/2712 2716/2716/2716
f 2717/2717/2717 2713/2713/2713 2716/2716/2716
f 2715/2715/2715 2718/2718/2718 2714/2714/2714
f 2715/2715/2715 2719/2719/2719 2718/2718/2718
f 2717/2717/2717 2716/2716/2716 2720/2720/2720
f 2721/2721/2721 2717/2717/2717 2720/2720/2720
f 2719/2719/2719 2722/2722/2722 2718/2718/2718
f 2719/2719/2719 2723/2723/2723 2722/2722/2722
f 2721/2721/2721 2720/2720/2720 2724/2724/2724
f 2725/2725/2725 2721/2721/2721 2724/2724/2724
f 2723/2723/2723 2726/2726/2726 2722/2722/2722
f 2723/2723/2723 2727/2727/2727 2726/2726/2726
f 2725/2725/2725 2724/2724/2724 2728/2728/2728
f 2729/2729/2729 2725/2725/2725 2728/2728/2728
f 2727/2727/2727 2730/2730/2730 2726/2726/2726
f 2727/2727/2727 2731/2731/2731 2730/2730/2730
f 2729/2729/2729 2728/2728/2728 2732/2732/2732
f 2733/2733/2733 2729/2729/2729 2732/2732/2732
f 2731/2731/2731 2734/2734/2734 2730/2730/2730
f 2731/2731/2731 2735/2735/2735 2734/2734/2734
f 2733/2733/2733 2732/2732/2732 2736/2736/2736
f 2737/2737/2737 2733/2733/2733 2736/2736/2736
f 2735/2735/2735 2738/2738/2738 2734/2734/2734
f 2735/2735/2735 2739/2739/2739 2738/2738/2738
f 2737/2737/2737 2736/2736/2736 2740/2740/2740
f 2741/2741/2741 2737/2737/2737 2740/2740/2740
f 2739/2739/2739 2741/2741/2741 2742/2742/2742
f 2739/2739/2739 2742/2742/2742 2738/2738/2738
f 2741/2741/2741 2740/2740/2740 2742/2742/2742
f 2732/2732/2732 2728/2728/2728 2743/2743/2743
f 2736/2736/2736 2732/2732/2732 2744/2744/2744
f 2732/2732/2732 2743/2743/2743 2744/2744/2744
f 2740/2740/2740 2736/2736/2736 2745/2745/2745
f 2736/2736/2736 2744/2744/2744 2745/2745/2745
f 2742/2742/2742 2740/2740/2740 2746/2746/2746
f 2740/2740/2740 2745/2745/2745 2746/2746/2746
f 2738/2738/2738 2742/2742/2742 2747/2747/2747
f 2742/2742/2742 2746/2746/2746 2747/2747/2747
f 2734/2734/2734 2738/2738/2738 2748/2748/2748
f 2738/2738/2738 2747/2747/2747 2748/2748/2748
f 2728/2728/2728 2749/2749/2749 2743/2743/2743
f 2728/2728/2728 2724/2724/2724 2749/2749/2749
f 2734/2734/2734 2748/2748/2748 2750/2750/2750
f 2730/2730/2730 2734/2734/2734 2750/2750/2750
f 2724/2724/2724 2751/2751/2751 2749/2749/2749
f 2724/2724/2724 2720/2720/2720 2751/2751/2751
f 2730/2730/2730 2750/2750/2750 2752/2752/2752
f 2726/2726/2726 2730/2730/2730 2752/2752/2752
f 2720/2720/2720 2753/2753/2753 2751/2751/2751
f 2720/2720/2720 2716/2716/2716 2753/2753/2753
f 2726/2726/2726 2752/2752/2752 2754/2754/2754
f 2722/2722/2722 2726/2726/2726 2754/2754/2754
f 2716/2716/2716 2755/2755/2755 2753/2753/2753
f 2716/2716/2716 2712/2712/2712 2755/2755/2755
f 2722/2722/2722 2754/2754/2754 2756/2756/2756
f 2718/2718/2718 2722/2722/2722 2756/2756/2756
f 2712/2712/2712 2757/2757/2757 2755/2755/2755
f 2712/2712/2712 2708/2708/2708 2757/2757/2757
f 2718/2718/2718 2756/2756/2756 2758/2758/2758
f 2714/2714/2714 2718/2718/2718 2758/2758/2758
f 2708/2708/2708 2759/2759/2759 2757/2757/2757
f 2708/2708/2708 2704/2704/2704 2759/2759/2759
f 2714/2714/2714 2758/2758/2758 2760/2760/2760
f 2710/2710/2710 2714/2714/2714 2760/2760/2760
f 2704/2704/2704 2761/2761/2761 2759/2759/2759
f 2704/2704/2704 2700/2700/2700 2761/2761/2761
f 2710/2710/2710 2760/2760/2760 2762/2762/2762
f 2706/2706/2706 2710/2710/2710 2762/2762/2762
f 2700/2700/2700 2763/2763/2763 2761/2761/2761
f 2700/2700/2700 2695/2695/2695 2763/2763/2763
f 2706/2706/2706 2762/2762/2762 2764/2764/2764
f 2702/2702/2702 2706/2706/2706 2764/2764/2764
f 2695/2695/2695 2765/2765/2765 2763/2763/2763
f 2695/2695/2695 2698/2698/2698 2765/2765/2765
f 2698/2698/2698 2702/2702/2702 2766/2766/2766
f 2702/2702/2702 2764/2764/2764 2766/2766/2766
f 2698/2698/2698 2766/2766/2766 2765/2765/2765
f 2759/2759/2759 2761/2761/2761 2767/2767/2767
f 2761/2761/2761 2763/2763/2763 2768/2768/2768
f 2761/2761/2761 2768/2768/2768 2767/2767/2767
f 2763/2763/2763 2765/2765/2765 2769/2769/2769
f 2763/2763/2763 2769/2769/2769 2768/2768/2768
f 2765/2765/2765 2766/2766/2766 2770/2770/2770
f 2765/2765/2765 2770/2770/2770 2769/2769/2769
f 2766/2766/2766 2764/2764/2764 2771/2771/2771
f 2766/2766/2766 2771/2771/2771 2770/2770/2770
f 2764/2764/2764 2762/2762/2762 2772/2772/2772
f 2764/2764/2764 2772/2772/2772 2771/2771/2771
f 2759/2759/2759 2767/2767/2767 2773/2773/2773
f 2757/2757/2757 2759/2759/2759 2773/2773/2773
f 2762/2762/2762 2774/2774/2774 2772/2772/2772
f 2762/2762/2762 2760/2760/2760 2774/2774/2774
f 2757/2757/2757 2773/2773/2773 2775/2775/2775
f 2755/2755/2755 2757/2757/2757 2775/2775/2775
f 2760/2760/2760 2776/2776/2776 2774/2774/2774
f 2760/2760/2760 2758/2758/2758 2776/2776/2776
f 2755/2755/2755 2775/2775/2775 2777/2777/2777
f 2753/2753/2753 2755/2755/2755 2777/2777/2777
f 2758/2758/2758 2778/2778/2778 2776/2776/2776
f 2758/2758/2758 2756/2756/2756 2778/2778/2778
f 2753/2753/2753 2777/2777/2777 2779/2779/2779
f 2751/2751/2751 2753/2753/2753 2779/2779/2779
f 2756/2756/2756 2780/2780/2780 2778/2778/2778
f 2756/2756/2756 2754/2754/2754 2780/2780/2780
f 2751/2751/2751 2779/2779/2779 2781/2781/2781
f 2749/2749/2749 2751/2751/2751 2781/2781/2781
f 2754/2754/2754 2782/2782/2782 2780/2780/2780
f 2754/2754/2754 2752/2752/2752 2782/2782/2782
f 2749/2749/2749 2781/2781/2781 2783/2783/2783
f 2743/2743/2743 2749/2749/2749 2783/2783/2783
f 2752/2752/2752 2784/2784/2784 2782/2782/2782
f 2752/2752/2752 2750/2750/2750 2784/2784/2784
f 2743/2743/2743 2783/2783/2783 2785/2785/2785
f 2744/2744/2744 2743/2743/2743 2785/2785/2785
f 2750/2750/2750 2786/2786/2786 2784/2784/2784
f 2750/2750/2750 2748/2748/2748 2786/2786/2786
f 2744/2744/2744 2785/2785/2785 2787/2787/2787
f 2745/2745/2745 2744/2744/2744 2787/2787/2787
f 2748/2748/2748 2788/2788/2788 2786/2786/2786
f 2748/2748/2748 2747/2747/2747 2788/2788/2788
f 2745/2745/2745 2787/2787/2787 2789/2789/2789
f 2746/2746/2746 2745/2745/2745 2789/2789/2789
f 2747/2747/2747 2746/2746/2746 2790/2790/2790
f 2747/2747/2747 2790/2790/2790 2788/2788/2788
f 2746/2746/2746 2789/2789/2789 2790/2790/2790
f 2785/2785/2785 2783/2783/2783 2791/2791/2791
f 2787/2787/2787 2785/2785/2785 2792/2792/2792
f 2785/2785/2785 2791/2791/2791 2792/2792/2792
f 2789/2789/2789 2787/2787/2787 2793/2793/2793
f 2787/2787/2787 2792/2792/2792 2793/2793/2793
f 2790/2790/2790 2789/2789/2789 2794/2794/2794
f 2789/2789/2789 2793/2793/2793 2794/2794/2794
f 2788/2788/2788 2790/2790/2790 2795/2795/2795
f 2790/2790/2790 2794/2794/2794 2795/2795/2795
f 2786/2786/2786 2788/2788/2788 2796/2796/2796
f 2788/2788/2788 2795/2795/2795 2796/2796/2796
f 2783/2783/2783 2797/2797/2797 2791/2791/2791
f 2783/2783/2783 2781/2781/2781 2797/2797/2797
f 2786/2786/2786 2796/2796/2796 2798/2798/2798
f 2784/2784/2784 2786/2786/2786 2798/2798/2798
f 2781/2781/2781 2799/2799/2799 2797/2797/2797
f 2781/2781/2781 2779/2779/2779 2799/2799/2799
f 2784/2784/2784 2798/2798/2798 2800/2800/2800
f 2782/2782/2782 2784/2784/2784 2800/2800/2800
f 2779/2779/2779 2801/2801/2801 2799/2799/2799
f 2779/2779/2779 2777/2777/2777 2801/2801/2801
f 2782/2782/2782 2800/2800/2800 2802/2802/2802
f 2780/2780/2780 2782/2782/2782 2802/2802/2802
f 2777/2777/2777 2803/2803/2803 2801/2801/2801
f 2777/2777/2777 2775/2775/2775 2803/2803/2803
f 2780/2780/2780 2802/2802/2802 2804/2804/2804
f 2778/2778/2778 2780/2780/2780 2804/2804/2804
f 2775/2775/2775 2805/2805/2805 2803/2803/2803
f 2775/2775/2775 2773/2773/2773 2805/2805/2805
f 2778/2778/2778 2804/2804/2804 2806/2806/2806
f 2776/2776/2776 2778/2778/2778 2806/2806/2806
f 2773/2773/2773 2807/2807/2807 2805/2805/2805
f 2773/2773/2773 2767/2767/2767 2807/2807/2807
f 2776/2776/2776 2806/2806/2806 2808/2808/2808
f 2774/2774/2774 2776/2776/2776 2808/2808/2808
f 2767/2767/2767 2809/2809/2809 2807/2807/2807
f 2767/2767/2767 2768/2768/2768 2809/2809/2809
f 2774/2774/2774 2808/2808/2808 2810/2810/2810
f 2772/2772/2772 2774/2774/2774 2810/2810/2810
f 2768/2768/2768 2811/2811/2811 2809/2809/2809
f 2768/2768/2768 2769/2769/2769 2811/2811/2811
f 2772/2772/2772 2810/2810/2810 2812/2812/2812
f 2771/2771/2771 2772/2772/2772 2812/2812/2812
f 2769/2769/2769 2813/2813/2813 2811/2811/2811
f 2769/2769/2769 2770/2770/2770 2813/2813/2813
f 2770/2770/2770 2771/2771/2771 2814/2814/2814
f 2771/2771/2771 2812/2812/2812 2814/2814/2814
f 2770/2770/2770 2814/2814/2814 2813/2813/2813
f 2807/2807/2807 2809/2809/2809 2815/2815/2815
f 2809/2809/2809 2811/2811/2811 2816/2816/2816
f 2809/2809/2809 2816/2816/2816 2815/2815/2815
f 2811/2811/2811 2813/2813/2813 2817/2817/2817
f 2811/2811/2811 2817/2817/2817 2816/2816/2816
f 2813/2813/2813 2814/2814/2814 2818/2818/2818
f 2813/2813/2813 2818/2818/2818 2817/2817/2817
f 2814/2814/2814 2812/2812/2812 2819/2819/2819
f 2814/2814/2814 2819/2819/2819 2818/2818/2818
f 2812/2812/2812 2810/2810/2810 2820/2820/2820
f 2812/2812/2812 2820/2820/2820 2819/2819/2819
f 2807/2807/2807 2815/2815/2815 2821/2821/2821
f 2805/2805/2805 2807/2807/2807 2821/2821/2821
f 2810/2810/2810 2822/2822/2822 2820/2820/2820
f 2810/2810/2810 2808/2808/2808 2822/2822/2822
f 2805/2805/2805 2821/2821/2821 2823/2823/2823
f 2803/2803/2803 2805/2805/2805 2823/2823/2823
f 2808/2808/2808 2824/2824/2824 2822/2822/2822
f 2808/2808/2808 2806/2806/2806 2824/2824/2824
f 2803/2803/2803 2823/2823/2823 2825/2825/2825
f 2801/2801/2801 2803/2803/2803 2825/2825/2825
f 2806/2806/2806 2826/2826/2826 2824/2824/2824
f 2806/2806/2806 2804/2804/2804 2826/2826/2826
f 2801/2801/2801 2825/2825/2825 2827/2827/2827
f 2799/2799/2799 2801/2801/2801 2827/2827/2827
f 2804/2804/2804 2828/2828/2828 2826/2826/2826
f 2804/2804/2804 2802/2802/2802 2828/2828/2828
f 2799/2799/2799 2827/2827/2827 2829/2829/2829
f 2797/2797/2797 2799/2799/2799 2829/2829/2829
f 2802/2802/2802 2830/2830/2830 2828/2828/2828
f 2802/2802/2802 2800/2800/2800 2830/2830/2830
f 2797/2797/2797 2829/2829/2829 2831/2831/2831
f 2791/2791/2791 2797/2797/2797 2831/2831/2831
f 2800/2800/2800 2832/2832/2832 2830/2830/2830
f 2800/2800/2800 2798/2798/2798 2832/2832/2832
f 2791/2791/2791 2831/2831/2831 2833/2833/2833
f 2792/2792/2792 2791/2791/2791 2833/2833/2833
f 2798/2798/2798 2834/2834/2834 2832/2832/2832
f 2798/2798/2798 2796/2796/2796 2834/2834/2834
f 2792/2792/2792 2833/2833/2833 2835/2835/2835
f 2793/2793/2793 2792/2792/2792 2835/2835/2835
f 2796/2796/2796 2836/2836/2836 2834/2834/2834
f 2796/2796/2796 2795/2795/2795 2836/2836/2836
f 2793/2793/2793 2835/2835/2835 2837/2837/2837
f 2794/2794/2794 2793/2793/2793 2837/2837/2837
f 2795/2795/2795 2794/2794/2794 2838/2838/2838
f 2795/2795/2795 2838/2838/2838 2836/2836/2836
f 2794/2794/2794 2837/2837/2837 2838/2838/2838
f 2833/2833/2833 2831/2831/2831 2839/2839/2839
f 2831/2831/2831 2840/2840/2840 2839/2839/2839
f 2833/2833/2833 2839/2839/2839 2841/2841/2841
f 2835/2835/2835 2833/2833/2833 2841/2841/2841
f 2831/2831/2831 2829/2829/2829 2840/2840/2840
f 2835/2835/2835 2841/2841/2841 2842/2842/2842
f 2837/2837/2837 2835/2835/2835 2842/2842/2842
f 2829/2829/2829 2843/2843/2843 2840/2840/2840
f 2837/2837/2837 2842/2842/2842 2844/2844/2844
f 2838/2838/2838 2837/2837/2837 2844/2844/2844
f 2829/2829/2829 2827/2827/2827 2843/2843/2843
f 2838/2838/2838 2844/2844/2844 2845/2845/2845
f 2827/2827/2827 2846/2846/2846 2843/2843/2843
f 2836/2836/2836 2838/2838/2838 2845/2845/2845
f 2827/2827/2827 2825/2825/2825 2846/2846/2846
f 2836/2836/2836 2845/2845/2845 2847/2847/2847
f 2825/2825/2825 2848/2848/2848 2846/2846/2846
f 2834/2834/2834 2836/2836/2836 2847/2847/2847
f 2825/2825/2825 2823/2823/2823 2848/2848/2848
f 2834/2834/2834 2847/2847/2847 2849/2849/2849
f 2823/2823/2823 2850/2850/2850 2848/2848/2848
f 2832/2832/2832 2834/2834/2834 2849/2849/2849
f 2823/2823/2823 2821/2821/2821 2850/2850/2850
f 2832/2832/2832 2849/2849/2849 2851/2851/2851
f 2821/2821/2821 2852/2852/2852 2850/2850/2850
f 2830/2830/2830 2832/2832/2832 2851/2851/2851
f 2821/2821/2821 2815/2815/2815 2852/2852/2852
f 2830/2830/2830 2851/2851/2851 2853/2853/2853
f 2815/2815/2815 2854/2854/2854 2852/2852/2852
f 2828/2828/2828 2830/2830/2830 2853/2853/2853
f 2815/2815/2815 2816/2816/2816 2854/2854/2854
f 2828/2828/2828 2853/2853/2853 2855/2855/2855
f 2816/2816/2816 2856/2856/2856 2854/2854/2854
f 2826/2826/2826 2828/2828/2828 2855/2855/2855
f 2816/2816/2816 2817/2817/2817 2856/2856/2856
f 2826/2826/2826 2855/2855/2855 2857/2857/2857
f 2817/2817/2817 2858/2858/2858 2856/2856/2856
f 2824/2824/2824 2826/2826/2826 2857/2857/2857
f 2817/2817/2817 2818/2818/2818 2858/2858/2858
f 2824/2824/2824 2857/2857/2857 2859/2859/2859
f 2818/2818/2818 2860/2860/2860 2858/2858/2858
f 2822/2822/2822 2824/2824/2824 2859/2859/2859
f 2818/2818/2818 2819/2819/2819 2860/2860/2860
f 2822/2822/2822 2859/2859/2859 2861/2861/2861
f 2819/2819/2819 2862/2862/2862 2860/2860/2860
f 2820/2820/2820 2822/2822/2822 2861/2861/2861
f 2820/2820/2820 2861/2861/2861 2862/2862/2862
f 2819/2819/2819 2820/2820/2820 2862/2862/2862
